case,node,point_index,segment_name,branch_id,arc_s_mm,x_mm,y_mm,z_mm,section_ok,section_area_mm2,r_eq3D_mm,r_maxinscribed_mm,centroid_offset_over_req,r_centreline_MIS_mm,r_target_mm,r_ref_mm
69,0,0,LM,0,0.0,37.39062500000001,-178.046875,-180.04998779296875,1,14.135071203919399,2.1211631021963777,1.7767509485013566,0.043308756821477355,1.8120134349406891,1.8120134349406891,1.7999506957440146
69,1,1,LM,0,0.5302640038696338,37.781368255615234,-177.9285125732422,-179.7116241455078,1,14.384754434698172,2.139815306724053,1.8249369688924912,0.01533147433470653,1.822708157697586,1.822708157697586,1.7999506957440146
69,2,2,LM,0,0.8948574797944653,38.092594146728516,-177.81347656250003,-179.56051635742188,1,14.774930945532784,2.1686416457418476,1.8625601100907228,0.04564584100631783,1.846088373114275,1.846088373114275,1.7999506957440146
69,3,3,LM,0,1.2889472226552556,38.45287322998047,-177.70312500000003,-179.44506835937503,1,15.890760509360563,2.249041166610437,1.8976284843275564,0.07606580360996192,1.879329091784243,1.879329091784243,1.7999506957440146
69,4,4,LM,0,1.6919509768113379,38.83698654174805,-177.5927734375,-179.3931884765625,1,17.92745665146979,2.3888253779408384,2.05464686421006,0.142339906771446,1.915616155220476,1.915616155220476,1.7999506957440146
69,5,5,LM,0,2.36921566361407,39.453125,-177.359375,-179.54998779296875,1,23.36335426716143,2.72704723788418,2.0675411729067017,0.11527416035664222,1.9480881875495175,1.9480881875495175,1.7999506957440146
69,6,6,LAD,1,3.2697157562009966,39.84314727783203,-177.81968688964844,-178.88148498535156,1,25.089075423379946,2.825968991774788,1.9826536271585955,0.31659503640111875,1.8307652821756584,1.8307652821756584,1.5765582076293239
69,7,7,LAD,1,3.7264222539327116,40.14866638183594,-178.0159149169922,-178.60447692871097,0,27.449546142218065,2.9559198074924398,1.7593193589362337,0.6781786843630562,1.7423468345891846,1.7423468345891846,1.5654074722676665
69,8,8,LAD,1,4.16170703580746,40.48518371582031,-178.1890411376953,-178.389404296875,0,23.912114619302628,2.7588879069081393,1.7751552493727922,0.7067871329709766,1.6457753185313726,1.6457753185313726,1.5547797596475297
69,9,9,LAD,1,4.620592356237847,40.82816696166992,-178.3970489501953,-178.16653442382812,1,10.955864159299292,1.8674474219082122,1.6187270229535824,0.02459539089892175,1.5532586592166318,1.5532586592166318,1.543575827155038
69,10,10,LAD,1,5.098116891941643,41.17187500000001,-178.6232147216797,-177.92416381835938,1,8.483112336180987,1.6432463364371395,1.5081351588252037,0.06322394018339157,1.476598800412597,1.476598800412597,1.531916808172875
69,11,11,LAD,1,5.573550810853654,41.515625,-178.8383026123047,-177.6759490966797,1,7.574385426024053,1.552740082199812,1.303797401379514,0.024838156438959695,1.4229980449533253,1.4229980449533253,1.5203088327267764
69,12,12,LAD,1,6.0388902775517055,41.85937500000001,-179.03990173339847,-177.4356689453125,1,7.331184377210081,1.527608740712793,1.2729090543135753,0.0120747883389555,1.3923875742005805,1.3923875742005805,1.5089473187736016
69,13,13,LAD,1,6.467028241430912,42.203125,-179.193115234375,-177.23155212402344,1,7.3575316671708055,1.5303512889434159,1.346072084946845,0.035438864049809886,1.3783815039137106,1.3783815039137106,1.4984940995678167
69,14,14,LAD,1,6.8501606706966935,42.546875,-179.3060760498047,-177.1055908203125,1,7.157346380262903,1.509388654945919,1.418417077588296,0.03768500438685528,1.3714117516794617,1.3714117516794617,1.4891397147529957
69,15,15,LAD,1,7.228044445969882,42.890625,-179.45286560058594,-177.050048828125,1,7.120284446872586,1.505475649713481,1.386962083327987,0.07290337022193522,1.362289413634146,1.362289413634146,1.4799134786550576
69,16,16,LAD,1,7.615654874865813,43.234375,-179.6234588623047,-176.9954986572266,1,7.065014508314115,1.4996212735315193,1.3971995217723199,0.12300811782479179,1.3465719038090005,1.3465719038090005,1.4704497610650884
69,17,17,LAD,1,8.00314225853222,43.578125,-179.7591552734375,-176.87901306152347,1,7.15596823208112,1.5092433314374998,1.4499881769971263,0.14105839804983894,1.3278442923286757,1.3278442923286757,1.4609890476907337
69,18,18,LAD,1,8.399113668869415,43.921875,-179.87606811523438,-176.7210235595703,1,7.195076998039426,1.513361866947076,1.4283591672485396,0.14814435551194688,1.315527128023696,1.315527128023696,1.451321192231305
69,19,19,LAD,1,8.781991634108369,44.265625,-179.9989776611328,-176.6055908203125,1,7.010764394312276,1.4938526086648953,1.4190890913919236,0.13532923755128887,1.3174157831486453,1.3174157831486453,1.4419730202928855
69,20,20,LAD,1,9.148081541782007,44.609375,-180.11656188964844,-176.56051635742188,1,7.18863316821869,1.5126840402386459,1.4023841623045783,0.0733334134504545,1.3333187023685755,1.3333187023685755,1.4330347378306987
69,21,21,LAD,1,9.519917075264622,44.953125,-180.25801086425784,-176.55104064941406,1,7.339348704574061,1.5284591099588243,1.362548747064776,0.08587814383396486,1.3551549541105765,1.3551549541105765,1.4239561728168046
69,22,22,LAD,1,9.915209230285823,45.296875,-180.4531707763672,-176.54893493652344,1,7.350675435283659,1.5296380817628488,1.3602831105063034,0.14262825580364955,1.3727990850644505,1.3727990850644505,1.4143049017421156
69,23,23,LAD,1,10.310963800858703,45.64062500000001,-180.6490478515625,-176.53945922851562,1,7.390715219904724,1.5337984614885627,1.3878244740713628,0.1635072720639536,1.380603344845795,1.380603344845795,1.404642340542435
69,24,24,LAD,1,10.68815709868386,45.984375,-180.79763793945312,-176.494384765625,1,7.585521726214022,1.5538811271509338,1.4059958411776918,0.13484135698788552,1.3799211131099864,1.3799211131099864,1.3954329628236406
69,25,25,LAD,1,11.082251546530586,46.328125,-180.9519805908203,-176.3789520263672,1,7.891074013436455,1.5848680926451977,1.4306476823034722,0.06279264974183212,1.3765071781050984,1.3765071781050984,1.385810934415324
69,26,26,LAD,1,11.523357435676504,46.671875,-181.1788482666016,-176.2210235595703,1,7.837099172169499,1.5794385538869036,1.4495737866578817,0.035261536086365716,1.3757459572378514,1.3757459572378514,1.3750410963228872
69,27,27,LAD,1,11.97860808827955,47.015625,-181.4541015625,-176.1055908203125,1,7.829442716433485,1.5786668489426299,1.4403515971377312,0.08951231328956584,1.3798572486859935,1.3798572486859935,1.3639259062049212
69,28,28,LAD,1,12.409853366917963,47.359375,-181.7105712890625,-176.06051635742188,1,7.933019462831271,1.5890747377979484,1.4314204963268329,0.09827211326631596,1.3880347243619202,1.3880347243619202,1.3533968202340754
69,29,29,LAD,1,12.822423821109696,47.703125,-181.93852233886722,-176.0511016845703,1,7.946583147058163,1.5904326383377931,1.4503382939976401,0.11356487127251219,1.3971052751963244,1.3971052751963244,1.3433236901700643
69,30,30,LAD,1,13.237897810024101,48.046875,-182.171875,-176.050048828125,1,7.925124979477776,1.5882838632341156,1.46952732108636,0.13389384973237647,1.401888813119022,1.401888813119022,1.3331796687404454
69,31,31,LAD,1,13.65337046939299,48.390625,-182.4052276611328,-176.04998779296878,1,7.890505220214992,1.5848109725072075,1.449679642234164,0.15764775153112837,1.3973507523543935,1.3973507523543935,1.3230356797723972
69,32,32,LAD,1,14.065885331792492,48.73441696166992,-182.63320922851565,-176.050048828125,1,7.83529837662075,1.5792570830862815,1.4315755604301688,0.17552504453561307,1.3820826019605326,1.3820826019605326,1.312963907011964
69,33,33,LAD,1,14.495724668456562,49.0788459777832,-182.89036560058594,-176.0511016845703,1,7.637183419360485,1.5591635529928762,1.4074444010657923,0.196747890799812,1.3596047827217537,1.3596047827217537,1.3024691478723929
69,34,34,LAD,1,14.94421909469335,49.42830276489258,-183.17132568359375,-176.06051635742188,1,7.579710752050825,1.5532858290705391,1.376809469943478,0.21398436888092495,1.336569582281189,1.336569582281189,1.2915189146635748
69,35,35,LAD,1,15.391366036190833,49.795814514160156,-183.42201232910156,-176.1055908203125,1,7.8420472299394355,1.5799370750792365,1.3679451238024392,0.1803943996244393,1.3197441885931758,1.3197441885931758,1.280601581021123
69,36,36,LAD,1,15.838538062539538,50.18069458007813,-183.6182403564453,-176.2210235595703,1,8.551168044319715,1.649824635203959,1.3576681893865912,0.08504649611922246,1.3130145353902527,1.3130145353902527,1.269683634918505
69,37,37,LAD,1,16.588264126375485,50.796875,-183.890625,-176.54998779296878,1,9.779236260811487,1.7643207137998758,1.3549646164557052,0.09976942836303182,1.3154836773978853,1.3154836773978853,1.2513786688777493
69,38,38,LCX,2,2.8940494317605916,39.84314727783203,-177.0083465576172,-179.56057739257812,0,25.886097976451133,2.8705053388953337,1.979488236175657,0.5792128433013457,1.9055277373034145,1.9055277373034145,1.580303587978986
69,39,39,LCX,2,3.2731659050196678,40.14866638183594,-176.78866577148438,-179.60670471191406,0,26.51329124516254,2.9050718956000696,1.8931686081655184,0.6775803045670317,1.8489985334183001,1.8489985334183001,1.5785405112049617
69,40,40,LCX,2,3.682563243514433,40.48518371582031,-176.5917510986328,-179.73155212402344,0,26.515813057039793,2.9052100502815636,1.861573817486155,0.7848238735981714,1.7869675550932813,1.7869675550932813,1.5766366136173882
69,41,41,LCX,2,4.121382499445971,40.82816696166992,-176.408203125,-179.9346160888672,1,12.165210028972089,1.9678177303104105,1.8356839225609536,0.03902569475814152,1.7258601189492404,1.7258601189492404,1.5745958897430692
69,42,42,LCX,2,4.580707735286325,41.17187500000001,-176.2105712890625,-180.16653442382812,1,10.627782296019225,1.8392738167635576,1.7434783054737892,0.0958642639773581,1.667745738265296,1.667745738265296,1.5724598030463568
69,43,43,LCX,2,5.043823266404098,41.515625,-175.984375,-180.37901306152344,1,9.70767866022794,1.7578538305120734,1.6750337223683809,0.10484919834507953,1.6111383912317438,1.6111383912317438,1.5703060896252954
69,44,44,LCX,2,5.489409820828627,41.85937500000001,-175.75820922851562,-180.54998779296875,1,9.06808992621651,1.6989592909538345,1.632255603697857,0.0944674956464277,1.5543908742127364,1.5543908742127364,1.5682338945076053
69,45,45,LCX,2,5.920900063274708,42.203125,-175.56126403808594,-180.72096252441406,1,8.636193265281312,1.658006542608597,1.5739031667986814,0.09429416803433405,1.4986131262285731,1.4986131262285731,1.5662272541257332
69,46,46,LCX,2,6.362429657875657,42.546875,-175.3834686279297,-180.93350219726562,1,8.296384161541098,1.6250603367866532,1.5304540477620705,0.10278836940346986,1.4478767041553502,1.4478767041553502,1.56417392585278
69,47,47,LCX,2,6.812062600856273,42.890625,-175.21104431152344,-181.16647338867188,1,7.8779307940753736,1.5835476798713424,1.4721073821597401,0.11337259371053936,1.406393355505485,1.406393355505485,1.5620829130519103
69,48,48,LCX,2,7.251325243495058,43.234375,-175.0389556884766,-181.37901306152344,1,7.619233017141195,1.5573301494846856,1.4292831818683385,0.13282121429469407,1.3755097497599857,1.3755097497599857,1.5600401272128377
69,49,49,LCX,2,7.672232868584296,43.578125,-174.86648559570315,-181.550048828125,1,7.495172996304477,1.5445995155319387,1.4175992874743308,0.13620150516365878,1.354150431306267,1.354150431306267,1.5580827011705844
69,50,50,LCX,2,8.096078707879348,43.921875,-174.68797302246094,-181.72213745117188,1,7.433739474255946,1.538256404495155,1.4117777203977553,0.14773145880837982,1.3420098433911518,1.3420098433911518,1.5561116109971507
69,51,51,LCX,2,8.553563711406625,44.265625,-174.48451232910156,-181.9451446533203,1,7.408952677462873,1.5356897093828228,1.4040261377492769,0.1507092610682965,1.3405909844586017,1.3405909844586017,1.5539840822795261
69,52,52,LCX,2,9.07061228390647,44.609375,-174.22662353515625,-182.23266601562503,1,7.500800629038859,1.5451792758501082,1.4210186025275429,0.13228077469086932,1.349849393554164,1.349849393554164,1.5515795538733077
69,53,53,LCX,2,9.666805995255459,44.953125,-173.91464233398438,-182.6067657470703,1,7.596204263437598,1.5549748919270843,1.4530644900963123,0.08398811890589178,1.3647942390183065,1.3647942390183065,1.5488069619142653
69,54,54,LCX,2,10.328067507805336,45.296875,-173.5781707763672,-183.06051635742188,1,7.316176072445574,1.5260442893051052,1.4465628159037973,0.01771515102211336,1.377440190464829,1.377440190464829,1.5457317728983135
69,55,55,LCX,2,11.01402585130082,45.64062500000001,-173.24232482910156,-183.54998779296875,1,6.695077537171732,1.4598319659634762,1.4087013404944102,0.041790949405444366,1.382909579708193,1.382909579708193,1.542541731555693
69,56,56,LCX,2,11.686021633069018,45.984375,-172.93612670898438,-184.03953552246094,1,6.489720254533969,1.4372689781614814,1.3147180415839295,0.06011416048563215,1.3829557550507883,1.3829557550507883,1.5394166229448942
69,57,57,LCX,2,12.301801927763265,46.328125,-172.70346069335938,-184.494384765625,1,6.792565805986468,1.4704219967748922,1.4205552870595584,0.06826464578969024,1.3832543277426501,1.3832543277426501,1.5365529438065435
69,58,58,LCX,2,12.838795752040129,46.671875,-172.55410766601562,-184.8789520263672,1,7.276611833562953,1.5219124431270834,1.4498656573943867,0.06987633618320657,1.388330175601021,1.388330175601021,1.5340556602376232
69,59,59,LCX,2,13.339551434472552,47.015625,-172.42929077148438,-185.2210235595703,1,7.413891883468858,1.536201510741967,1.433049601925298,0.07963199692350553,1.39474168345444,1.39474168345444,1.5317269017282196
69,60,60,LCX,2,13.877866940862289,47.359375,-172.27525329589844,-185.6055908203125,1,7.3467554576544645,1.5292301636922205,1.3858648358460748,0.07544963580286915,1.3938594969493512,1.3938594969493512,1.52922347169192
69,61,61,LCX,2,14.481369919514533,47.703125,-172.0775299072266,-186.06051635742188,1,7.484230690501293,1.5434716127181283,1.3669893428933722,0.05505297314724797,1.3777616521466056,1.3777616521466056,1.526416888069823
69,62,62,LCX,2,15.133219245072858,48.046875,-171.82037353515625,-186.5510406494141,1,7.289697018988139,1.5232802199294893,1.360861225801938,0.050797102934682536,1.3383762895255151,1.3383762895255151,1.523385470320614
69,63,63,LCX,2,15.813622129430126,48.390625,-171.5091094970703,-187.04893493652344,1,6.51036997042453,1.4395537934722,1.2915809140436159,0.07981571180991723,1.2722047506464038,1.2722047506464038,1.5202212645764612
69,64,64,LCX,2,16.49781771712065,48.734375,-171.17834472656253,-187.53939819335938,1,5.570310580510751,1.3315723513541207,1.2048445376666463,0.11047740058643453,1.1854223894835731,1.1854223894835731,1.5170394209093236
69,65,65,LCX,2,17.147045304780093,49.07808303833008,-170.86631774902344,-187.99327087402347,1,4.7683581919362625,1.2319965719752541,1.1577435483523961,0.1397693794100036,1.0934350814216718,1.0934350814216718,1.5140201955218904
69,66,66,LCX,2,17.7200145898636,49.421112060546875,-170.60195922851562,-188.36842346191406,1,4.21098795945188,1.157756061566702,1.0927270734740897,0.1342036831024291,1.0115136609817705,1.0115136609817705,1.5113556084885813
69,67,67,LCX,2,18.2272319454487,49.758392333984375,-170.36679077148438,-188.66542053222656,1,3.696398745282816,1.0847120649743323,1.0178483827748308,0.09400215229729701,0.9413262310791598,0.9413262310791598,1.5089968000429173
69,68,68,LCX,2,18.717231576122234,50.071144104003906,-170.10243225097656,-188.9344940185547,1,3.1544667776851703,1.0020468856173923,0.9384434774337029,0.08641766351817388,0.8747506347247784,0.8747506347247784,1.5067180624278136
69,69,69,LCX,2,19.22205369914542,50.335533142089844,-169.7904052734375,-189.23043823242188,1,2.6845218861669045,0.9243970229526285,0.86041002977642,0.052460236849211035,0.8067836992095643,0.8067836992095643,1.504370392983475
69,70,70,LCX,2,19.768366798709277,50.570674896240234,-169.4595947265625,-189.59613037109375,1,2.199621282247989,0.8367563564143395,0.7788358721001261,0.062165262292811954,0.7362228601707026,0.7362228601707026,1.5018297702326195
69,71,71,LCX,2,20.345526286676023,50.83434295654297,-169.14756774902347,-190.00384521484375,1,1.8143292924541836,0.7599466761431414,0.7036537861476758,0.1328216688872823,0.668829522926279,0.668829522926279,1.4991456967092662
69,72,72,LCX,2,20.890893005311952,51.140625,-168.88320922851562,-190.36953735351562,1,1.5744935530809363,0.7079384603751269,0.6563179476394405,0.11837037047795179,0.6146405391831968,0.6146405391831968,1.4966094750919703
69,73,73,LCX,2,21.377369879141288,51.44690704345703,-168.64804077148438,-190.66542053222656,1,1.3984497717044346,0.6671884199122363,0.6220813953580211,0.093862814089011,0.5755917526378308,0.5755917526378308,1.4943471200168261
69,74,74,LCX,2,21.83699741043876,51.710575103759766,-168.38365173339844,-190.9334411621094,1,1.235268513109683,0.627055164889313,0.584950052546048,0.116617324334661,0.547698963184333,0.547698963184333,1.492209627498587
69,75,75,LCX,2,22.32254749861477,51.945674896240234,-168.07089233398438,-191.22096252441406,1,1.1025199917486708,0.5924044337181089,0.5492082770928302,0.09226497722496373,0.528595624387261,0.528595624387261,1.4899515824294043
69,76,76,LCX,2,22.862488658577007,52.20934295654297,-167.73361206054688,-191.54998779296875,1,1.0324763591087114,0.5732777968449052,0.5308123647722021,0.09042910073631971,0.5206042073084889,0.5206042073084889,1.4874405923099683
69,77,77,LCX,2,23.42790680844571,52.515625,-167.3905792236328,-191.8789520263672,1,1.021916551960152,0.5703386198950302,0.5308596379498216,0.11864657014721022,0.5274880256561594,0.5274880256561594,1.4848111217436395
69,78,78,LCX,2,23.970097294125612,52.82190704345703,-167.046875,-192.1653594970703,1,1.1151432138591528,0.5957861272991621,0.5600138734884036,0.12695164561147332,0.548511258317422,0.548511258317422,1.482289671160969
69,79,79,LCX,2,24.474107556216932,53.085575103759766,-166.70317077636722,-192.42298889160156,1,1.3124146755175294,0.6463393582243938,0.6135534068131525,0.08110942883112646,0.580134186650612,0.580134186650612,1.4799457772665041
69,80,80,LCX,2,24.955466759039044,53.320716857910156,-166.36013793945312,-192.6653594970703,1,1.5873675739561972,0.7108268367175208,0.6679849627227548,0.023181468894141997,0.6205613858136477,0.6205613858136477,1.4777072218611882
69,81,81,LCX,2,25.434266016629103,53.5851058959961,-166.02285766601562,-192.87887573242188,1,1.8995994036297312,0.7775996849048848,0.7208997078805703,0.07864557713520874,0.6705721308478231,0.6705721308478231,1.4754805714515657
69,82,82,LCX,2,25.9081135543635,53.897857666015625,-165.71009826660156,-193.0488739013672,1,2.2338851284111363,0.8432483151315581,0.7848784558109084,0.10187989756855238,0.7304167961202689,0.7304167961202689,1.4732769489578603
69,83,83,LCX,2,26.36613741484701,54.23513793945313,-165.44570922851562,-193.21051025390625,1,2.649530573725494,0.9183527510510522,0.866561722805858,0.06556658213806792,0.7984595305996705,0.7984595305996705,1.471146914292193
69,84,84,LCX,2,26.81483708206669,54.57816696166992,-165.2105712890625,-193.3789520263672,1,3.154292855985446,1.0020192612814742,0.9455098123754159,0.022366768087411986,0.8722076520091365,0.8722076520091365,1.4690602416794556
69,85,85,LCX,2,27.265943569016503,54.921875,-164.94691467285156,-193.5048370361328,1,3.629791823023214,1.0748947027766829,0.9865145945234824,0.04422117128338426,0.9469112633177813,0.9469112633177813,1.4669623761794004
69,86,86,LCX,2,27.735113868756635,55.265625,-164.640625,-193.59507751464844,1,4.1851101326507525,1.1541931943962804,1.0678937639796846,0.07571819707108476,1.0185249997161656,1.0185249997161656,1.4647805051268903
69,87,87,LCX,2,28.21215087204456,55.609375,-164.33433532714844,-193.7199249267578,1,4.7084300341303456,1.2242303003391035,1.0886887694389435,0.0814059197302445,1.082631492457736,1.082631492457736,1.4625620500605174
69,88,88,LCX,2,28.67363596625885,55.953125,-164.0706787109375,-193.8789520263672,1,5.31391413533852,1.3005658013380332,1.1767889292869889,0.10755526020722954,1.1374587797303395,1.1374587797303395,1.460415918967418
69,89,89,LCX,2,29.106113746306487,56.296875,-163.83554077148438,-193.99549865722656,1,5.761576347306327,1.3542402709084889,1.2381334103699424,0.1547767252874112,1.1845054482734716,1.1845054482734716,1.4584046860533515
69,90,90,LCX,2,29.543188902170943,56.640625,-163.57115173339844,-194.04998779296875,1,6.019745179521252,1.384248678145958,1.2868338122973904,0.16824170015492565,1.2296882404664584,1.2296882404664584,1.4563720730962222
69,91,91,LCX,2,30.011080917974844,56.98437500000001,-163.25843811035156,-194.10447692871094,1,6.421517334886718,1.429696629357092,1.341567452819083,0.1314896955517269,1.2748826635320838,1.2748826635320838,1.4541961466883728
69,92,92,LCX,2,30.50606342651007,57.328125,-162.921875,-194.22096252441406,1,6.822300391622461,1.4736368823997912,1.372989823294718,0.08787902341126995,1.3187118630097119,1.3187118630097119,1.4518942362574054
69,93,93,LCX,2,31.012392036504956,57.67187500000001,-162.58535766601562,-194.3789520263672,1,7.170156692809871,1.5107388129019044,1.386522683190154,0.10022536274408382,1.3606171828559273,1.3606171828559273,1.4495395609128292
69,94,94,LCX,2,31.490744469003424,58.015625,-162.27337646484375,-194.494384765625,1,7.631893347822233,1.558623464122148,1.3856833547678675,0.11136160949240631,1.3977769202159915,1.3977769202159915,1.4473149884581271
69,95,95,LCX,2,31.922801818044217,58.35933303833008,-162.01548767089844,-194.53945922851562,1,8.20618434824879,1.61620221689437,1.5043282951313262,0.08718649856500812,1.426446975679302,1.426446975679302,1.4453057107535952
69,96,96,LCX,2,32.32167995915172,58.702316284179695,-161.81207275390625,-194.5488739013672,1,8.617308632764052,1.6561927816850677,1.5106955436907394,0.08616253085725716,1.44290906164123,1.44290906164123,1.4434507325718058
69,97,97,LCX,2,32.702279791588985,59.03883361816406,-161.63427734375,-194.5499267578125,1,8.86483339988811,1.6798107365285682,1.487739298857951,0.09050637456746942,1.4460939571440627,1.4460939571440627,1.44168075745308
69,98,98,LCX,2,33.04996190577786,59.34435272216797,-161.46832275390625,-194.54998779296875,1,9.088127085951117,1.7008352943048086,1.4722002293454797,0.09799833594987412,1.4404873689763893,1.4404873689763893,1.4400638658023417
69,99,99,LCX,2,33.52160501861023,59.734375,-161.203125,-194.54998779296875,0,19.482735363015063,2.4902906007031063,1.3700358691518821,0.7166506391618056,1.4355155441657514,1.4355155441657514,1.4378704949611467
69,100,100,LAD,5,17.333775473060268,51.186134338378906,-184.50680541992188,-176.3931884765625,0,13.69895212651843,2.0881838741426195,1.3628732574918945,0.7075567455050454,1.303483491569819,1.303483491569819,1.303912588725639
69,101,101,LAD,5,17.823899404419954,51.485137939453125,-184.8916778564453,-176.445068359375,0,12.382174551529463,1.9852880325547657,1.3316139747151539,0.719711245544883,1.2983525344682292,1.2983525344682292,1.3000843046993322
69,102,102,LAD,5,18.315125865085253,51.78993606567383,-185.2592010498047,-176.56051635742188,0,11.362088836368935,1.9017531922714668,1.3555185624829942,0.7176480612759425,1.3002426815390002,1.3002426815390002,1.2962474089830844
69,103,103,LAD,5,18.77458365299792,52.04709243774414,-185.60865783691406,-176.71168518066406,1,7.256122723496485,1.5197682712347247,1.3459962679759054,0.04487539571072874,1.3103289522359605,1.3103289522359605,1.292658653573103
69,104,104,LAD,5,19.20849857456334,52.25119400024414,-185.95307922363284,-176.87901306152347,1,7.3936252026731655,1.5341003867897633,1.4079634192286494,0.057826129459806745,1.3276346662547929,1.3276346662547929,1.2892694096355612
69,105,105,LAD,5,19.618372109877395,52.43550109863281,-186.296875,-177.0048370361328,1,7.575828726982325,1.5528880126505051,1.4073047614645204,0.04238122445071925,1.3484944546401856,1.3484944546401856,1.2860679493361307
69,106,106,LAD,5,20.02507832735882,52.633216857910156,-186.640625,-177.0951385498047,1,7.663135312306998,1.5618104011279434,1.4246046952778502,0.03657458882612774,1.367391651452932,1.367391651452932,1.2828912284780722
69,107,107,LAD,5,20.455758293479906,52.8600959777832,-186.984375,-177.2210235595703,1,7.775294982899382,1.5731984175723357,1.443846727504799,0.050875407515886234,1.3795732532892255,1.3795732532892255,1.2795272522890746
69,108,108,LAD,5,20.903325501158772,53.092044830322266,-187.328125,-177.389404296875,1,7.82591543377015,1.5783112022054926,1.4860667591153998,0.07113235153145805,1.3832233530916327,1.3832233530916327,1.2760313724059957
69,109,109,LAD,5,21.3430128722518,53.314247131347656,-187.67187500000003,-177.54998779296878,1,7.719992582366799,1.567593684674981,1.4623338735808746,0.07377072403124026,1.3793809118359877,1.3793809118359877,1.2725970407367488
69,110,110,LAD,5,21.78805988885948,53.546875,-188.015625,-177.7105712890625,1,7.642092469242318,1.559664574224383,1.445939032353855,0.057313636007512325,1.3699517934422816,1.3699517934422816,1.269120845685615
69,111,111,LAD,5,22.235979368754027,53.779502868652344,-188.359375,-177.8789520263672,1,7.709810205780996,1.5665595453415668,1.4613691739957475,0.03490572872435584,1.3553135796942546,1.3553135796942546,1.2656222142574474
69,112,112,LAD,5,22.664214071650314,54.001705169677734,-188.703125,-178.0048370361328,1,7.727360918116466,1.5683416000179058,1.457971412216749,0.03989226792052868,1.3335266737584601,1.3335266737584601,1.2622773376502996
69,113,113,LAD,5,23.0886180019639,54.2336540222168,-189.046875,-178.0951385498047,1,7.359208897834535,1.5305257092490967,1.4469934100781623,0.06901761982781084,1.3027671456650738,1.3027671456650738,1.258962382629405
69,114,114,LAD,5,23.519275864454954,54.46049118041992,-189.390625,-178.2210235595703,1,6.936773588445439,1.485948724357874,1.3994411090343162,0.08801427177028852,1.2653664213266549,1.2653664213266549,1.2555985790885245
69,115,115,LAD,5,23.949772213390105,54.65744400024415,-189.734375,-178.38946533203125,1,6.495684397790818,1.4379292615934278,1.3264066541103552,0.10230799463298565,1.229140775657305,1.229140775657305,1.2522360371056427
69,116,116,LAD,5,24.368914581477952,54.83456039428711,-190.07812500000003,-178.55116271972656,1,6.274860885343549,1.41327642527314,1.2983949016372618,0.14083185708096377,1.204571130731309,1.204571130731309,1.2489621793528742
69,117,117,LAD,5,24.787439586617456,55.00119400024414,-190.421875,-178.72213745117188,1,6.265997436076682,1.4122779226149125,1.307008929723703,0.18090624569396452,1.2000636050160198,1.2000636050160198,1.2456931437288827
69,118,118,LAD,5,25.222137685697074,55.148033142089844,-190.765625,-178.94403076171875,1,6.57131393221879,1.4462759729189036,1.3620779898619588,0.16367238072962578,1.2173964042700276,1.2173964042700276,1.2422977825100254
69,119,119,LAD,5,25.679643056028805,55.26566696166992,-191.109375,-179.22207641601562,1,7.061841995272363,1.4992845366250727,1.4211968003425168,0.11379383821727067,1.2494533179428888,1.2494533179428888,1.2387242771389821
69,120,120,LAD,5,26.16925306945491,55.38393783569336,-191.453125,-179.550048828125,1,7.2771245503155635,1.52196605985686,1.44476341908761,0.06638912872257115,1.2834081256028254,1.2834081256028254,1.2349000072480603
69,121,121,LAD,5,26.66887736898339,55.53652572631836,-191.796875,-179.8789520263672,1,7.318275991074198,1.526263279313368,1.4206149533088317,0.05971806560864649,1.3089489370873975,1.3089489370873975,1.230997517280403
69,122,122,LAD,5,27.155449356009683,55.72772979736328,-192.140625,-180.1653594970703,1,7.294222235924447,1.5237529490427197,1.3938278244798412,0.06832240670327674,1.3245347973348858,1.3245347973348858,1.2271969769549924
69,123,123,LAD,5,27.640922808074848,55.953887939453125,-192.484375,-180.42298889160156,1,7.391384093973982,1.5338678657868607,1.4023604913547003,0.06380864090974296,1.335523376494688,1.335523376494688,1.2234050171203006
69,124,124,LAD,5,28.121223108853343,56.185794830322266,-192.82812500000003,-180.66535949707034,1,7.573909070219937,1.5526912552430017,1.39679650304463,0.04276012941292768,1.3469152271781633,1.3469152271781633,1.219653463989239
69,125,125,LAD,5,28.582880024581517,56.407997131347656,-193.171875,-180.87887573242188,1,7.614504666850681,1.556846849838218,1.4112609817810922,0.04235559876724008,1.3585438107293009,1.3585438107293009,1.2160475315239268
69,126,126,LAD,5,29.031433165996656,56.640625,-193.515625,-181.04893493652344,1,7.631117523930609,1.5585442407892958,1.426018127330756,0.06807488950236129,1.366014702386371,1.366014702386371,1.2125439506612954
69,127,127,LAD,5,29.477222029357332,56.873252868652344,-193.859375,-181.21156311035156,1,7.6088916927790535,1.5562729351605686,1.422844644388072,0.07301745513850069,1.3644081606745635,1.3644081606745635,1.2090619611571818
69,128,128,LAD,5,29.9231039514542,57.095497131347656,-194.203125,-181.3883514404297,1,7.412672312206067,1.536075154416622,1.4054596320160726,0.08378443749760237,1.3507922430112216,1.3507922430112216,1.2055792447853302
69,129,129,LAD,5,30.368531718470972,57.32816696166992,-194.546875,-181.5499267578125,1,7.148799027664156,1.5084871245213103,1.3876267314382906,0.08820899098361544,1.325258780028072,1.325258780028072,1.2021000757502387
69,130,130,LAD,5,30.813934035704204,57.56147384643555,-194.890625,-181.71051025390625,1,6.887441894129536,1.4806555458369932,1.370976298095566,0.07402546970375111,1.291677386706906,1.291677386706906,1.198621105499564
69,131,131,LAD,5,31.2590671567974,57.789466857910156,-195.23437500000003,-181.87783813476562,1,6.822878267832894,1.4736992925558958,1.3576872142643481,0.08163885416358417,1.256496891133818,1.256496891133818,1.1951442378992945
69,132,132,LAD,5,31.703884373418628,58.04662322998047,-195.578125,-181.99432373046875,1,6.68377929275535,1.458599679814353,1.3041274918322021,0.08001241335397577,1.2243424912186478,1.2243424912186478,1.1916698377811583
69,133,133,LAD,5,32.150128043841754,58.327571868896484,-195.921875,-182.03945922851562,1,6.276452263364086,1.4134556256173796,1.249783975111932,0.08901035894993169,1.194532097255187,1.194532097255187,1.188184295847749
69,134,134,LAD,5,32.575708454574595,58.57830047607422,-196.265625,-182.04893493652344,1,5.649571206905304,1.3410124413506568,1.1964166027296734,0.10989193342058232,1.1630050564392727,1.1630050564392727,1.184860151515931
69,135,135,LAD,5,32.97188885510381,58.77525329589844,-196.609375,-182.05104064941406,1,5.368379334968327,1.3072139132923817,1.1662624305014,0.10200843557639624,1.127764655091583,1.127764655091583,1.1817656462248418
69,136,136,LAD,5,33.34837869061517,58.92852020263672,-196.953125,-182.06051635742188,1,5.233228183819693,1.2906542013899203,1.1474471447371135,0.09807270245631906,1.092202854542527,1.092202854542527,1.17882494096412
69,137,137,LAD,5,33.714703269089895,59.046833038330085,-197.296875,-182.1055908203125,1,4.991255336643613,1.2604625810079675,1.1422942140384704,0.11857837265170228,1.0629307018542735,1.0629307018542735,1.1759636349913063
69,138,138,LAD,5,34.09590744645332,59.164424896240234,-197.640625,-182.2210235595703,1,4.965230608158162,1.2571722196099857,1.1655034119300909,0.10019056324556663,1.0440725254501395,1.0440725254501395,1.1729861067181744
69,139,139,LAD,5,34.50142405527504,59.31050109863281,-197.98437500000003,-182.3789520263672,1,4.926372661817683,1.2522432356703408,1.1701733501695692,0.07537690533492457,1.033877731587515,1.033877731587515,1.1698186777137436
69,140,140,LAD,5,34.897578439378286,59.46998596191406,-198.328125,-182.49444580078125,1,4.649561241262643,1.2165530442651795,1.155667663732428,0.08983565015492681,1.02722851166597,1.02722851166597,1.1667243756330294
69,141,141,LAD,5,35.27172224371922,59.610313415527344,-198.671875,-182.5405731201172,1,4.417323626275787,1.1857815063142176,1.1210644911486267,0.14333533980786664,1.0208096078006572,1.0208096078006572,1.1638019948675635
69,142,142,LAD,5,35.628135247098264,59.702571868896484,-199.015625,-182.5594024658203,1,4.492444682719122,1.1958217072972457,1.1305567228507845,0.1877966232925684,1.0152230210900839,1.0152230210900839,1.161018106711319
69,143,143,LAD,5,35.98047843072483,59.76460647583008,-199.359375,-182.6055908203125,1,4.6585969899996265,1.2177345678196587,1.1468416010353142,0.1952440140378776,1.0130202106746145,1.0130202106746145,1.1582660073026783
69,144,144,LAD,5,36.35219654555474,59.84477615356445,-199.703125,-182.72213745117188,1,4.967928957435034,1.2575137776622185,1.154118344125723,0.15864896102901502,1.015851230746074,1.015851230746074,1.155362573231739
69,145,145,LAD,5,36.743975244823595,59.930259704589844,-200.046875,-182.8895263671875,1,5.166579690598662,1.2824092144373982,1.1354664919497797,0.15152163242753652,1.0228743378133565,1.0228743378133565,1.152302448964602
69,146,146,LAD,5,37.12565227254245,59.96776580810547,-200.39062500000003,-183.0511016845703,1,5.237183973987105,1.2911419111327027,1.1431985671487472,0.1646736605274722,1.030285569711013,1.030285569711013,1.1493212273287376
69,147,147,LAD,5,37.51051006253432,60.0005989074707,-200.734375,-183.2210235595703,1,5.37539801657686,1.3080681675085417,1.1632444673462725,0.1834515683943463,1.0321437246289276,1.0321437246289276,1.1463151612390075
69,148,148,LAD,5,37.93086074617214,60.116397857666016,-201.078125,-183.43344116210938,1,5.204022582553651,1.2870477209297755,1.1836288399452393,0.1727555272803422,1.0233765166795232,1.0233765166795232,1.143031865515916
69,149,149,LAD,5,38.37709374589012,60.28124237060547,-201.421875,-183.66535949707034,1,4.618220121644979,1.2124459251003756,1.1271214750886256,0.0940764340354108,1.0034524888321052,1.0034524888321052,1.1395464069297736
69,150,150,LAD,5,38.80066963639234,60.422637939453125,-201.765625,-183.86848449707034,1,3.9846445220254867,1.1262112343112183,1.0827492214264351,0.08215035795536087,0.9767685350582765,0.9767685350582765,1.1362379196028236
69,151,151,LAD,5,39.195216861662836,60.56978607177735,-202.109375,-183.994384765625,1,3.511953015562223,1.0573028727221125,0.9979161519758702,0.18923564992221803,0.9489938592693753,0.9489938592693753,1.133156170797095
69,152,152,LAD,5,39.594706800536194,60.76558303833008,-202.453125,-184.04998779296875,1,3.2990608846195713,1.0247554316502312,0.961587588563969,0.167857843021702,0.9242095400838368,0.9242095400838368,1.1300358152016914
69,153,153,LAD,5,39.993905411100855,60.960784912109375,-202.79687500000003,-184.1055908203125,1,3.1011994569022456,0.9935504245682689,0.9199533861036453,0.06652503167753838,0.9061783322952511,0.9061783322952511,1.126917735127721
69,154,154,LAD,5,40.38660521658357,61.1029052734375,-203.140625,-184.2314910888672,1,3.0737780251885867,0.9891480846425453,0.9206790067780165,0.10530573733423423,0.8999362648915857,0.8999362648915857,1.1238504162390213
69,155,155,LAD,5,40.804471153908686,61.22624588012695,-203.484375,-184.43455505371097,1,3.313458673593936,1.0269891203252253,0.9755909312460423,0.11793637195790196,0.909112236217754,0.909112236217754,1.1205865284942185
69,156,156,LAD,5,41.24406226583946,61.373722076416016,-203.828125,-184.66548156738284,1,3.814016529328508,1.1018344555121036,1.0339153171077886,0.09358525641050157,0.9312851916588936,0.9312851916588936,1.1171529486907539
69,157,157,LAD,5,41.67691060125118,61.53971862792969,-204.171875,-184.86953735351562,1,4.14674761571694,1.148891100841052,1.0799092595777842,0.0782576884333125,0.9571326885671863,0.9571326885671863,1.1137720356966194
69,158,158,LAD,5,42.08377515204921,61.71104431152344,-204.515625,-185.0037841796875,1,4.305603774051062,1.1706905002051966,1.1003997770944924,0.05827902791379325,0.9750973956691595,0.9750973956691595,1.110594078120931
69,159,159,LAD,5,42.478704805939564,61.882747650146484,-204.859375,-185.0950164794922,1,4.234636175271029,1.1610023940458882,1.0806375178933363,0.031141387439889544,0.97803485786224,0.97803485786224,1.1075093422229934
69,160,160,LAD,5,42.882891706714574,62.054752349853516,-205.203125,-185.2199859619141,1,4.0592590799959805,1.1367067765013277,1.0611641578185103,0.017531207289676977,0.9663940489195154,0.9663940489195154,1.104352299367349
69,161,161,LAD,5,43.29912153611502,62.22645568847656,-205.54687500000003,-185.37998962402344,1,3.8856964924781274,1.1121401028042588,1.0423130347865086,0.07385424158416826,0.9454100393256651,0.9454100393256651,1.101101191014517
69,162,162,LAD,5,43.70300106339655,62.39778137207031,-205.890625,-185.50489807128906,1,3.5008299767688325,1.0556272028770808,0.9737550959943977,0.09434417536290886,0.9200372282992769,0.9200372282992769,1.0979465490068212
69,163,163,LAD,5,44.095222073026086,62.563735961914055,-206.234375,-185.59507751464844,1,3.1276970537211453,0.9977859956861266,0.9101300729655567,0.046574555640983936,0.8933600409219008,0.8933600409219008,1.0948829699202394
69,164,164,LAD,5,44.48930744049996,62.71049118041992,-206.578125,-185.71998596191406,1,2.9773069667025305,0.9735020501803217,0.8900380820777858,0.042908527077808366,0.8683880362995626,0.8683880362995626,1.0918048286160262
69,165,165,LAD,5,44.88607442124565,62.82736206054687,-206.921875,-185.87998962402344,1,2.801374085319588,0.9443013641080367,0.8739146137427877,0.05770571578707873,0.8484655712589844,0.8484655712589844,1.088705741635431
69,166,166,LAD,5,45.268323437952766,62.93848419189453,-207.265625,-186.00489807128906,1,2.6372567350656473,0.9162231666882155,0.8528019698874041,0.07339641045011072,0.8355811144510973,0.8355811144510973,1.0857200522799413
69,167,167,LAD,5,45.64210881937689,63.05432510375977,-207.609375,-186.09507751464844,1,2.7232423131399326,0.9310397149136307,0.866592912938144,0.07592425033170232,0.8304028087946759,0.8304028087946759,1.0828004711017618
69,168,168,LAD,5,46.018108081814134,63.14164352416993,-207.95312500000003,-186.2199249267578,1,3.134567722750082,0.9988813218115367,0.9241946146427233,0.14811902956034315,0.8347232300353836,0.8347232300353836,1.0798635976332527
69,169,169,LAD,5,46.403135125840734,63.21086883544921,-208.296875,-186.3789520263672,1,3.397637675008066,1.0399527208607016,0.9424571532800108,0.25378172694235257,0.8517194984582057,0.8517194984582057,1.0768562095258118
69,170,170,LAD,5,46.786488859255705,63.33420944213867,-208.640625,-186.49549865722656,1,3.5261730972366916,1.0594412476611224,0.9821903233524988,0.2730108355779244,0.8817703176672169,0.8817703176672169,1.073861891394913
69,171,171,LAD,5,47.1984598343311,63.55461883544922,-208.984375,-186.550048828125,1,3.913110119759387,1.116056287489681,1.0811795285056287,0.1934440986325451,0.9192735788461249,0.9192735788461249,1.0706440483101893
69,172,172,LAD,5,47.64189621184527,63.82918548583985,-209.328125,-186.6055908203125,1,4.137969260960116,1.1476743982890962,1.063989806747183,0.11236354433107551,0.9562450232584877,0.9562450232584877,1.0671804337178319
69,173,173,LAD,5,48.08924484383709,64.08629608154297,-209.671875,-186.7314910888672,1,4.038873627358398,1.1338489337804951,1.053532015470472,0.08721571843884114,0.9890196280855177,0.9890196280855177,1.0636862610964428
69,174,174,LAD,5,48.55186007186451,64.31999206542969,-210.015625,-186.93455505371097,1,4.0977878153607055,1.1420886012533311,1.0867350292410756,0.10200638093278179,1.0196078973461946,1.0196078973461946,1.0600728433984525
69,175,175,LAD,5,49.039706166700505,64.57787322998047,-210.35937500000003,-187.16548156738284,1,4.36540351051255,1.1787922185769508,1.1293457454705773,0.11426824541959167,1.0506046196009642,1.0506046196009642,1.056262351209312
69,176,176,LAD,5,49.528773650128024,64.85958099365234,-210.703125,-187.36959838867188,1,4.925835646802085,1.2521749814197818,1.2088746065931408,0.10215956739789546,1.0802005956142455,1.0802005956142455,1.0524423189382948
69,177,177,LAD,5,49.978910309129695,65.11678314208986,-211.046875,-187.50489807128906,1,5.389271394114625,1.3097550778959344,1.2489317221536167,0.09606709042594273,1.102534771909005,1.102534771909005,1.048926369458883
69,178,178,LAD,5,50.40350678350633,65.34477233886719,-211.390625,-187.6055908203125,1,5.4671556868375815,1.3191852426503015,1.2552483333365985,0.11345828837271645,1.1126184260609877,1.1126184260609877,1.045609910505383
69,179,179,LAD,5,50.852836132895355,65.578125,-211.734375,-187.77670288085938,1,5.081553897697997,1.2718132106614743,1.2024007983377094,0.13164100317981944,1.1110592349912232,1.1110592349912232,1.0421002667994639
69,180,180,LAD,5,51.35657977944719,65.81147766113281,-212.078125,-188.06155395507812,1,4.75259605606672,1.2299586617785698,1.1541417074593308,0.09189359014794654,1.1040029801522808,1.1040029801522808,1.0381656012341685
69,181,181,LAD,5,51.88356084120559,66.03946685791016,-212.421875,-188.3895263671875,1,4.485735534600048,1.194928436128761,1.119082163699534,0.044073420972379124,1.0980587484252369,1.0980587484252369,1.0340494317272046
69,182,182,LAD,5,52.420291465725,66.29662322998047,-212.765625,-188.71168518066406,1,4.402487912856238,1.1837885902756387,1.1108176455913834,0.06768885590811931,1.0951437843114096,1.0951437843114096,1.0298571098575557
69,183,183,LAD,5,52.97845158096748,66.57756805419922,-213.10937500000003,-189.04998779296875,1,4.386268145386908,1.1816059047456107,1.138641702551175,0.07543932514216012,1.0923826981004083,1.0923826981004083,1.0254974054714086
69,184,184,LAD,5,53.522048687894134,66.82825469970703,-213.453125,-189.38835144042972,1,4.575619972156625,1.2068409474978279,1.1233031152083466,0.05774480485955315,1.0862032405756035,1.0862032405756035,1.0212514505444152
69,185,185,LAD,5,54.03308024474442,67.02452850341797,-213.796875,-189.71156311035156,1,5.003129826426588,1.261961047581333,1.1295242200725832,0.10264167147324071,1.075064857767325,1.075064857767325,1.0172598602121468
69,186,186,LAD,5,54.53675857533595,67.17200469970703,-214.140625,-190.0488739013672,1,5.040941801605275,1.2667208102530279,1.1551408432071464,0.16621919238789654,1.0589384467167344,1.0589384467167344,1.0133257048199555
69,187,187,LAD,5,55.02157020608006,67.26506805419922,-214.484375,-190.37783813476562,1,4.723144735600164,1.2261417794115241,1.1522416269414197,0.20606103326243433,1.038919870730493,1.038919870730493,1.009538914371677
69,188,188,LAD,5,55.46816413285626,67.32782745361328,-214.828125,-190.65594482421875,1,4.4481163930589345,1.189907316897767,1.1119228211763315,0.22814409683718517,1.0180397028870587,1.0180397028870587,1.0060506366387778
69,189,189,LAD,5,55.88625809513096,67.41370391845703,-215.171875,-190.87789916992188,1,4.442482620186,1.1891535381122464,1.1245224393827935,0.19538428009916295,1.0002465831998781,1.0002465831998781,1.0027849678255218
69,190,190,LAD,5,56.28588345136071,67.52298736572266,-215.51562500000003,-191.04992675781253,1,4.353407642242268,1.1771714790606256,1.1046084254984905,0.1448052337149169,0.9872896816995993,0.9872896816995993,0.9996635545055939
69,191,191,LAD,5,56.67798497922842,67.6023941040039,-215.859375,-191.2210235595703,1,4.185545518207619,1.1542532293728887,1.0633884805800473,0.11685399084146282,0.9773208015903092,0.9773208015903092,0.9966009086730137
69,192,192,LAD,5,57.08384289987535,67.63339233398439,-216.203125,-191.43455505371094,1,4.1943573402383425,1.1554676142520888,1.0615426908164354,0.14075547578784392,0.9669732938570168,0.9669732938570168,0.9934308137334491
69,193,193,LAD,5,57.50393515033799,67.63990020751953,-216.546875,-191.67594909667972,1,4.263360291258304,1.1649333582102126,1.0691500819130804,0.1780638233446812,0.9543883146654643,0.9543883146654643,0.9901495365928696
69,194,194,LAD,5,57.92850841834678,67.64134979248047,-216.890625,-191.92514038085938,1,4.20821248069115,1.1573744578856089,1.0716421886532814,0.22234083578379904,0.9404746120467093,0.9404746120467093,0.9868332589008052
69,195,195,LAD,5,58.35342408814661,67.64781188964844,-217.234375,-192.17483520507812,1,4.201905290868653,1.1565068071098712,1.087067702803519,0.24391911410062397,0.9282696661789477,0.9282696661789477,0.9835143067600484
69,196,196,LAD,5,58.77907607432857,67.67813110351562,-217.578125,-192.4240264892578,1,4.1465138715803365,1.1488587200009608,1.0900624699045942,0.251488901910952,0.9208900234052143,0.9208900234052143,0.980189603363204
69,197,197,LAD,5,59.205554604627736,67.75174713134766,-217.92187500000003,-192.6654815673828,1,4.054036136599218,1.1359752555517535,1.060481251876161,0.21092385975633002,0.9188538276817216,0.9188538276817216,0.9768584439550565
69,198,198,LAD,5,59.619358552579435,67.83574676513672,-218.265625,-192.87998962402344,1,3.917940798918012,1.1167449528779712,1.0340223056727744,0.1572335657482882,0.9191905876322612,0.9191905876322612,0.9736262837959481
69,199,199,LAD,5,60.00829236612577,67.86602020263673,-218.609375,-193.0594024658203,1,3.837459202008331,1.1052154549345625,1.0287121646629733,0.13373733092047727,0.9180099081569953,0.9180099081569953,0.9705883805016535
69,200,200,LAD,5,60.40943485496252,67.86134338378906,-218.953125,-193.26611328125,1,3.848877735366441,1.1068585428499063,1.0502117763034953,0.16279039873997111,0.9139513591550704,0.9139513591550704,0.9674551170879969
69,201,201,LAD,5,60.855271425308665,67.86597442626953,-219.296875,-193.54998779296875,1,3.844378474583409,1.106211405967259,1.0395395145613697,0.16378670475363835,0.9085290724897529,0.9085290724897529,0.9639727549518231
69,202,202,LAD,5,61.302118386094094,67.83502197265625,-219.640625,-193.83380126953125,1,3.716171029562526,1.087609294489316,1.0185749420107322,0.12489751184047888,0.9035775618717086,0.9035775618717086,0.9604825008084821
69,203,203,LAD,5,61.71266038490896,67.74527740478516,-219.984375,-194.03953552246094,1,3.5068973164017287,1.0565415683455504,1.0100901464175043,0.11420633725781293,0.8992467234710453,0.8992467234710453,0.9572758192415749
69,204,204,LAD,5,62.10893839287277,67.6470947265625,-220.328125,-194.21051025390625,1,3.428395158492532,1.0446492582167552,0.9904769748097975,0.13688058348759224,0.8939238091322492,0.8939238091322492,0.9541805515535514
69,205,205,LAD,5,62.50400202674032,67.56768798828125,-220.67187500000003,-194.38829040527344,1,3.413127095977511,1.0423205348890585,0.9854332639166042,0.13858774040412933,0.8849690162127414,0.8849690162127414,0.9510947691582414
69,206,206,LAD,5,62.886209344051544,67.52558898925781,-221.015625,-194.54998779296875,1,3.410697400145041,1.0419494715424156,0.9464841972246772,0.08672925162974832,0.8700627607989587,0.8700627607989587,0.9481094055104369
69,207,207,LAD,5,63.266073668932,67.52303314208984,-221.359375,-194.71162414550784,1,3.311513697790945,1.026687658560236,0.9090463643502089,0.05766279268243712,0.8491386246938367,0.8491386246938367,0.9451423426227515
69,208,208,LAD,5,63.65389498236666,67.49127197265625,-221.703125,-194.8883514404297,1,3.2194372715938133,1.0123135440647233,0.8963192838073071,0.10487034036889681,0.8249765628078514,0.8249765628078514,0.9421131288988581
69,209,209,LAD,5,64.04439500816618,67.40071868896484,-222.046875,-195.04998779296875,1,3.1069834543337205,0.9944765204487672,0.8754525287520176,0.10357080516896615,0.8012864577277367,0.8012864577277367,0.9390629921571291
69,210,210,LAD,5,64.43860918335014,67.29538726806642,-222.390625,-195.21168518066406,1,2.932397643039958,0.9661320613672155,0.8812569501958721,0.115000422740942,0.7802569227426318,0.7802569227426318,0.9359838447553406
69,211,211,LAD,5,64.84266443270919,67.17923736572266,-222.734375,-195.38946533203125,1,2.7476437976697,0.9352016811949392,0.8652763231148461,0.12587475124726571,0.76210676390036,0.76210676390036,0.9328278302090286
69,212,212,LAD,5,65.25343827256765,67.03324890136719,-223.07812500000003,-195.56051635742188,1,2.478858590847973,0.8882821600812042,0.8518174463634123,0.10122829943050476,0.7471751155717531,0.7471751155717531,0.9296193377667347
69,213,213,LAD,5,65.68507961228336,66.87380981445312,-223.421875,-195.76722717285156,1,2.1936920274551155,0.8356278236042207,0.7951274763819823,0.08276343598603443,0.7379950288579297,0.7379950288579297,0.9262478524337427
69,214,214,LAD,5,66.1573311316483,66.73419952392578,-223.765625,-196.0594024658203,1,2.0496624040053866,0.8077300332005425,0.7658436489134901,0.08451645485285326,0.737593183140556,0.737593183140556,0.9225591671190538
69,215,215,LAD,5,66.6344504995533,66.64836883544922,-224.109375,-196.3789520263672,1,2.2409371330938956,0.8445782638572628,0.8114188558152357,0.023982794105977284,0.7448448597076059,0.7448448597076059,0.9188324597743925
69,216,216,LAD,5,67.07708890168496,66.61665344238281,-224.453125,-196.656005859375,1,2.3905075124953545,0.8723085315551448,0.8421439883073732,0.019041639201078514,0.752990815769484,0.752990815769484,0.9153750780472653
69,217,217,LAD,5,67.48628708782937,66.61013793945312,-224.796875,-196.87789916992188,1,2.4109499956284512,0.876030375445568,0.8457371303486997,0.018668609541927585,0.7541652533764839,0.7541652533764839,0.912178892798231
69,218,218,LAD,5,67.87070752303678,66.6094207763672,-225.140625,-197.04998779296875,1,2.351123438669926,0.8650929627312124,0.8293864921717017,0.03409527737892683,0.7454528883152888,0.7454528883152888,0.9091762428206877
69,219,219,LAD,5,68.25512729201031,66.609375,-225.48437500000003,-197.22207641601562,1,2.1817957437670596,0.8333589591975188,0.7916514663838649,0.07395557421887435,0.7307506473227704,0.7307506473227704,0.9061735980469968
69,220,220,LAD,5,68.66430670751957,66.609375,-225.82812500000003,-197.44403076171875,1,2.1201154520697902,0.8214948011063923,0.7768461414553222,0.08561756739737335,0.717368186579712,0.717368186579712,0.9029775594125595
69,221,221,LAD,5,69.10646888728913,66.609375,-226.171875,-197.72213745117188,1,2.082605690067831,0.8141952960876193,0.7480115018354558,0.11024703140462382,0.7112151924018124,0.7112151924018124,0.8995238973864004
69,222,222,LAD,5,69.58226456755054,66.609375,-226.515625,-198.0511016845703,1,2.0407795621271414,0.8059778595885227,0.7412146600727026,0.12072222793915238,0.714628147741401,0.714628147741401,0.8958075291660655
69,223,223,LAD,5,70.06386879535133,66.609375,-226.859375,-198.38841247558594,1,2.0306962176313545,0.8039842547637924,0.7438700697323005,0.09375372066562872,0.7272136429776763,0.7272136429776763,0.8920457912579064
69,224,224,LAD,5,70.53570547066299,66.6094207763672,-227.203125,-198.7116241455078,1,2.0617700879390783,0.8101122157016472,0.7629498373664746,0.08945426377341482,0.7471642222744512,0.7471642222744512,0.8883603462274824
69,225,225,LAD,5,71.01804817195114,66.61009979248048,-227.546875,-199.04998779296875,1,2.236709191140936,0.8437811612369109,0.7998342257558219,0.019421353980523727,0.7711792835688762,0.7711792835688762,0.884592840214412
69,226,226,LAD,5,71.50042460658563,66.6158447265625,-227.890625,-199.3883514404297,1,2.3435832899135325,0.8637046545403181,0.8165657955440931,0.024556087119245115,0.7938819080140959,0.7938819080140959,0.8808250707152667
69,227,227,LAD,5,71.97294254230395,66.64041900634766,-228.23437500000003,-199.7116241455078,1,2.5401178812453127,0.899191099640453,0.8501154784384681,0.014168654232512158,0.8087252220018349,0.8087252220018349,0.8771343044626668
69,228,228,LAD,5,72.45781795351765,66.68949890136719,-228.578125,-200.050048828125,1,2.8263487515292405,0.9485013175610097,0.9070129023109631,0.025496424481774756,0.8112513991779935,0.8112513991779935,0.8733470158347701
69,229,229,LAD,5,72.94221820431916,66.7252197265625,-228.921875,-200.38946533203125,1,2.9461529974559943,0.9683953868644002,0.9157626057712728,0.07331364023818038,0.8030205575234101,0.8030205575234101,0.8695634386131108
69,230,230,LAD,5,73.42059159593803,66.72772979736328,-229.265625,-200.72213745117188,1,2.751826013673006,0.9359131504631447,0.8609275377802139,0.14138363940109855,0.79215582155046,0.79215582155046,0.8658269362785598
69,231,231,LAD,5,73.93692907915303,66.76519775390625,-229.609375,-201.1055908203125,1,2.5859619082199155,0.907269111499504,0.8326715327022718,0.2037190781752615,0.7878093854745623,0.7878093854745623,0.8617939021565736
69,232,232,LAD,5,74.51774088676888,66.88023376464844,-229.953125,-201.5594024658203,1,2.525699402029898,0.8966354271355806,0.8312557605736112,0.13836767429961302,0.7927586105831033,0.7927586105831033,0.8572572688213722
69,233,233,LAD,5,75.12856237715829,67.03324890136719,-230.296875,-202.0405731201172,1,2.638679748205282,0.9164703215744069,0.8496443606262731,0.059120818858774404,0.8016735080892868,0.8016735080892868,0.8524862343850497
69,234,234,LAD,5,75.71478375682157,67.17285919189453,-230.64062500000003,-202.49444580078125,1,3.0335482284475708,0.982653749461216,0.8851633496611823,0.062368345434497964,0.8066497959612176,0.8066497959612176,0.8479073476993522
69,235,235,LAD,5,76.23873033651344,67.2651138305664,-230.984375,-202.8789520263672,1,3.1477158868518638,1.0009740684367034,0.8696357540075559,0.06317717083515191,0.8038411490758804,0.8038411490758804,0.8438148800736475
69,236,236,LAD,5,76.72767149716103,67.32778930664062,-231.328125,-203.22096252441406,1,3.1074247681802345,0.9945471453300454,0.8439365776220402,0.014666835349449759,0.7950433369779112,0.7950433369779112,0.8399958344907914
69,237,237,LAD,5,77.24969129192141,67.41297912597656,-231.671875,-203.60447692871094,1,2.808845194860789,0.9455597253923336,0.8006936958204741,0.03029004294438198,0.7845763098597422,0.7845763098597422,0.8359184166912702
69,238,238,LAD,5,77.82184880203904,67.51651763916016,-232.015625,-204.04998779296875,1,2.512467918769871,0.8942837230231035,0.7833197834201467,0.07192114534866695,0.7760461266023845,0.7760461266023845,0.8314493807671551
69,239,239,LAD,5,78.38722974736126,67.57139587402344,-232.359375,-204.49549865722656,1,2.4800170411498828,0.8884896972403677,0.8195804049652461,0.06503193214026028,0.7719146128771642,0.7719146128771642,0.8270332755674947
69,240,240,LAD,5,78.90254410455623,67.55403137207031,-232.703125,-204.87901306152344,1,2.5476122060985826,0.9005166024919672,0.8462420354366338,0.07493523215812055,0.7744441401807383,0.7744441401807383,0.8230082329283739
69,241,241,LAD,5,79.38794341294532,67.53125,-233.04687500000003,-205.22096252441406,1,2.565483483382288,0.9036696053325081,0.8574216348948805,0.09308013051410742,0.7849562504195623,0.7849562504195623,0.8192168522187413
69,242,242,LAD,5,79.9037925300831,67.56045532226562,-233.39062500000003,-205.60447692871094,1,2.6810087943478624,0.9237919701895065,0.8850419223948218,0.07162547882054546,0.801348955430444,0.801348955430444,0.8151876326504481
69,243,243,LAD,5,80.46806790238907,67.6024398803711,-233.734375,-206.04998779296875,1,2.938719548246226,0.9671729343443896,0.897544996575499,0.074955440835178,0.8174760114297108,0.8174760114297108,0.8107801629146926
69,244,244,LAD,5,81.03080859281256,67.59668731689453,-234.078125,-206.4954986572266,1,3.175343969835108,1.0053573382795786,0.9236344843815897,0.09830219257559891,0.8269057987568852,0.8269057987568852,0.8063846803474064
69,245,245,LAD,5,81.5501879936982,67.52954864501953,-234.421875,-206.87901306152347,1,3.273515097601094,1.0207802006986249,0.921450078431034,0.07635006345365498,0.8281775050668999,0.8281775050668999,0.80232788626578
69,246,246,LAD,5,82.04115473467344,67.45265197753906,-234.765625,-207.2210235595703,1,3.062173131483633,0.9872790795705221,0.8683946089132429,0.04673083133333498,0.8259617464338839,0.8259617464338839,0.7984930191808176
69,247,247,LAD,5,82.55696094114077,67.45269775390625,-235.109375,-207.6055908203125,1,2.8732645981054086,0.956341219021144,0.82991446026932,0.038474690855021344,0.8264046649295639,0.8264046649295639,0.7944641347812925
69,248,248,LAD,5,83.1324069506382,67.53026580810547,-235.453125,-208.06051635742188,1,2.7546410810194404,0.9363917390582279,0.8208905045550025,0.11962741492632682,0.831577859831547,0.831577859831547,0.7899694128850371
69,249,249,LAD,5,83.73585633368904,67.60315704345703,-235.79687500000003,-208.5511016845703,1,2.6374189916995845,0.9162513514679598,0.7814230316220551,0.18533139516741923,0.8388356882375456,0.8388356882375456,0.785255960866056
69,250,250,LAD,5,84.34251048357481,67.63343811035156,-236.140625,-209.050048828125,1,2.534397205704099,0.8981779813000254,0.7578376717218964,0.19523710884795684,0.8445432229492199,0.8445432229492199,0.7805174768971997
69,251,251,LAD,5,84.94925944171581,67.63986206054688,-236.484375,-209.54998779296878,1,2.406545697276593,0.8752298480948895,0.738475184330063,0.16783060259862007,0.8470663189594287,0.8470663189594287,0.7757782523953768
69,252,252,LAD,5,85.55599917806569,67.64057922363281,-236.8280792236328,-210.04998779296878,1,2.1645303404724046,0.8300550622200511,0.7211431171527583,0.09795773457290986,0.8465448154532694,0.8465448154532694,0.7710390999235719
69,253,253,LAD,5,86.1623584243737,67.64067077636719,-237.1711120605469,-210.54998779296878,1,2.0291715435204924,0.8036823769782406,0.7229903111331138,0.06567397881698614,0.8432636147916783,0.8432636147916783,0.7663029194020354
69,254,254,LAD,5,86.7654823728063,67.64138793945312,-237.50839233398438,-211.04998779296875,1,2.157240411892919,0.8286561108087653,0.7634229129036577,0.04077454146517095,0.8365392232461802,0.8365392232461802,0.7615920093037213
69,255,255,LAD,5,87.3552792016242,67.64785766601562,-237.82115173339844,-211.54998779296875,1,2.6033625390622044,0.9103164469040613,0.8439392059839734,0.05327871578025168,0.8243990135098633,0.8243990135098633,0.7569851953245176
69,256,256,LAD,5,87.92172642222108,67.6788558959961,-238.08554077148438,-212.04998779296875,1,3.0811301389216057,0.9903303407639208,0.9181187534165516,0.09950285012091922,0.8043329129591594,0.8043329129591594,0.7525607616096789
69,257,257,LAD,5,88.47993997047874,67.75821685791016,-238.32070922851565,-212.54998779296875,1,3.0131368768673776,0.9793422569928439,0.9160571165053975,0.09263346782058769,0.775436882695445,0.775436882695445,0.748200639866318
69,258,258,LAD,5,89.05585837360657,67.86682891845703,-238.58506774902344,-213.04998779296875,1,2.358676931949917,0.8664814976404924,0.8301354364814078,0.1278957449048832,0.7402646803126924,0.7402646803126924,0.74370222817474
69,259,259,LAD,5,89.65062284462695,67.94690704345703,-238.8970489501953,-213.54998779296875,1,1.760684862257037,0.7486276765592897,0.696807481510939,0.15729739403500356,0.7040747265829024,0.7040747265829024,0.7390566126923339
69,260,260,LAD,5,90.25093020105211,67.98442077636719,-239.22714233398438,-214.04998779296875,1,1.5584361384898182,0.704319266999988,0.6676359718437387,0.19857407440324087,0.6727011344219911,0.6727011344219911,0.7343677025689257
69,261,261,LAD,5,90.83814680247396,68.0226058959961,-239.53269958496094,-214.54998779296875,1,1.5115874030980327,0.6936520844320923,0.6481913100991895,0.23517709150811214,0.6519133804786195,0.6519133804786195,0.7297810423563358
69,262,262,LAD,5,91.39666626951862,68.1091537475586,-239.76605224609375,-215.04998779296875,1,1.5017004719557234,0.6913798567432893,0.6308044547562689,0.24862660787035615,0.6472862748329413,0.6472862748329413,0.7254185311275186
69,263,263,LAD,5,91.93868522458881,68.24880981445312,-239.921875,-215.54998779296875,1,1.640404897689061,0.7226043843478517,0.6647091272282336,0.1979722483019251,0.6617618721847702,0.6617618721847702,0.7211849029063983
69,264,264,LAD,5,92.48613527077651,68.40824890136719,-240.07769775390625,-216.04998779296875,1,1.9510202202084252,0.7880539475421833,0.7239951147604666,0.14743226332849949,0.6925433893848983,0.6925433893848983,0.7169088532525743
69,265,265,LAD,5,93.0569179227998,68.55432891845703,-240.31105041503906,-216.54998779296875,1,2.245093430028369,0.8453611264922858,0.7487015901615605,0.10534075183645644,0.7310864529495588,0.7310864529495588,0.7124505561374507
69,266,266,LAD,5,93.65455084204434,68.67192077636719,-240.61656188964844,-217.04998779296875,1,2.3445521793312314,0.8638831734412256,0.8040849640663585,0.14661202330412193,0.7664838912013793,0.7664838912013793,0.7077825356390592
69,267,267,LAD,5,94.26485805140274,68.7901840209961,-240.94593811035156,-217.54998779296875,1,2.5869517269182487,0.9074427308421774,0.8379074675446563,0.12545179820415356,0.789766711082302,0.789766711082302,0.7030155181742211
69,268,268,LAD,5,94.87032868283966,68.94277954101562,-241.25140380859375,-218.04998779296875,1,2.753575609298383,0.9362106273666361,0.8451098046617084,0.07134890662731844,0.796835863747513,0.796835863747513,0.698286278489275
69,269,269,LAD,5,95.45398895231853,69.13393402099611,-241.48403930664065,-218.54998779296875,1,2.631563343929578,0.9152336469403098,0.8552507949901167,0.08683157194300728,0.7888296224733308,0.7888296224733308,0.6937273962485379
69,270,270,LAD,5,96.02244029767884,69.35942077636719,-241.6333465576172,-219.04998779296875,1,2.601635803958939,0.9100145035381824,0.84450146965237,0.08942055546679768,0.7706862899887545,0.7706862899887545,0.6892873086177654
69,271,271,LAD,5,96.58504810537217,69.58553314208984,-241.7574462890625,-219.54998779296875,1,2.405671526033137,0.8750708712139799,0.8061838255766973,0.11036574425793895,0.7493781104101794,0.7493781104101794,0.6848928639774212
69,272,272,LAD,5,97.1423170030462,69.78244018554688,-241.90501403808597,-220.04998779296875,1,2.204955761090385,0.8377703846239576,0.7639748085572122,0.14754611887303345,0.731782889985883,0.731782889985883,0.6805401207571404
69,273,273,LAD,5,97.69832931429788,69.95955657958984,-242.07168579101562,-220.54998779296875,1,1.9122311273176187,0.7801807947479693,0.737777572324542,0.11383892082802874,0.7220651658049505,0.7220651658049505,0.6761971925436783
69,274,274,LAD,5,98.25434634296757,70.12623596191406,-242.24880981445312,-221.04998779296875,1,1.9081488016368555,0.7793475655128231,0.7549929540905473,0.12846731788587687,0.7199070868557965,0.7199070868557965,0.6718542274831765
69,275,275,LAD,5,98.8116004247602,70.27375793457031,-242.44570922851562,-221.54998779296875,1,2.134075963163673,0.8241950478753146,0.7956942751935306,0.1393290043507351,0.7206713929491333,0.7206713929491333,0.6675015999875082
69,276,276,LAD,5,99.37406190828601,70.3970947265625,-242.671875,-222.04998779296875,1,2.2531377585872145,0.8468742666372013,0.8121093810235273,0.08664251594716309,0.7179162420304445,0.7179162420304445,0.6631082982631437
69,277,277,LAD,5,99.94093927498668,70.53916931152345,-242.89807128906253,-222.54998779296875,1,2.1265734180226743,0.8227450046352589,0.7456126604507033,0.023022559115718454,0.7078709422371315,0.7078709422371315,0.6586805047420342
69,278,278,LAD,5,100.5126081422454,70.73361206054688,-243.095703125,-223.04992675781253,1,1.7895155615820248,0.7547320681747243,0.685582166099304,0.10361178688068666,0.6926404806941343,0.6926404806941343,0.654215285533512
69,279,279,LAD,5,101.07666835258856,70.92225646972656,-243.2792510986328,-223.54881286621094,1,1.5023407071799089,0.6915272225384279,0.6273510628470896,0.13729953158375952,0.6785181711066776,0.6785181711066776,0.6498094963953613
69,280,280,LAD,5,101.61569240735552,71.03266143798828,-243.47616577148438,-224.0382843017578,1,1.4769602541800626,0.6856610317103038,0.6381994035701539,0.06293846026342967,0.6709165823850021,0.6709165823850021,0.6455992608883234
69,281,281,LAD,5,102.11283641553572,71.07012939453125,-243.6958465576172,-224.48268127441406,1,1.7245069944536453,0.7408965009552217,0.6911472409950424,0.14469817616696007,0.6708294993287027,0.6708294993287027,0.6417161441019001
69,282,282,LAD,5,102.78001074287691,71.078125,-244.046875,-225.04998779296875,1,2.1476160695598816,0.826805555537749,0.6857540563454925,0.3598529266345338,0.6753485537134206,0.6753485537134206,0.6365049461646013
69,283,283,D1,6,17.230823887130335,51.18689727783203,-183.88262939453125,-177.06057739257812,0,15.499384470187744,2.2211725071736943,1.3933440926251808,0.5980966398705096,1.14635599118446,1.14635599118446,0.870373627049873
69,284,284,D1,6,17.67445864544549,51.49241638183594,-183.84512329101562,-177.3800506591797,0,16.032052251413266,2.2590176465534615,1.5094471160297662,0.7380362513441859,1.0429509294059829,1.0429509294059829,0.8671106188317538
69,285,285,D1,6,18.1294526367238,51.82893371582031,-183.73403930664062,-177.66542053222656,0,13.335289124749384,2.0602801662703345,1.3759942151187359,0.783453743257262,0.9357424563580604,0.9357424563580604,0.8637640615458134
69,286,286,D1,6,18.600376356303286,52.17191696166992,-183.53964233398438,-177.92298889160156,1,3.678130226739744,1.0820282869882323,0.9206269338146462,0.37179449506287804,0.8438804303672895,0.8438804303672895,0.8603003384305846
69,287,287,D1,6,19.074497004291974,52.515625,-183.3207550048828,-178.1653594970703,1,2.5923716625647377,0.9083928273919086,0.8421558503945821,0.3537438413644429,0.7810785188769765,0.7810785188769765,0.8568131013695334
69,288,288,D1,6,19.52112043836396,52.859375,-183.1317596435547,-178.37887573242188,1,2.2954310399714637,0.8547855831002631,0.7722172918761927,0.2343387194873033,0.7495479565521188,0.7495479565521188,0.8535281109388554
69,289,289,D1,6,19.92923845987874,53.20312500000001,-182.9922027587891,-178.54893493652344,1,2.47424063345615,0.8874543675179797,0.8069822261279581,0.14950587845840388,0.7400574794174194,0.7400574794174194,0.8505263342899227
69,290,290,D1,6,20.313554207095468,53.546875,-182.9366455078125,-178.7115631103516,1,2.6250826785233943,0.914105994195324,0.8389462724912472,0.1503013456961737,0.73909045889068,0.73909045889068,0.8476996273693844
69,291,291,D1,6,20.70301946888271,53.89062500000001,-182.98423767089844,-178.8883514404297,1,2.5242416747218126,0.8963766396895233,0.8617842542853491,0.19247275729572277,0.7381573442527041,0.7381573442527041,0.8448350449035964
69,292,292,D1,6,21.0963235779594,54.234375,-183.0863037109375,-179.0499267578125,1,2.388843277527152,0.8720048347231689,0.8362083186073844,0.24694770536728788,0.7376868040253421,0.7376868040253421,0.8419422270707213
69,293,293,D1,6,21.48379431108174,54.578125,-183.16493225097656,-179.21051025390625,1,2.3296874122642692,0.8611402528285677,0.8164841795461331,0.24183174791579262,0.7422440409222452,0.7422440409222452,0.8390923146985246
69,294,294,D1,6,21.86738476774711,54.921875,-183.19589233398438,-179.3778991699219,1,2.3516869034013554,0.8651966195967229,0.8213090024025672,0.12931632018032843,0.7518982010243392,0.7518982010243392,0.8362709424119058
69,295,295,D1,6,22.230727059311377,55.265625,-183.20236206054688,-179.49542236328125,1,2.3609981696322353,0.8669077567168119,0.8235212320573971,0.0849308017686195,0.759469992780268,0.759469992780268,0.8335984987831264
69,296,296,D1,6,22.57878159949132,55.609375,-183.2030792236328,-179.54998779296875,1,2.429288947922159,0.879355837258526,0.8241444122723847,0.13258190879985732,0.757920974608673,0.757920974608673,0.8310384991355017
69,297,297,D1,6,22.926835403826882,55.953125,-183.203125,-179.60455322265625,1,2.431497095643008,0.8797553999665721,0.8104995803744197,0.19946073368619416,0.7490116420314975,0.7490116420314975,0.8284785049001362
69,298,298,D1,6,23.2901200903709,56.296875,-183.203125,-179.72207641601562,1,2.3334041949038333,0.8618269105224198,0.7909656852779996,0.21579298493574056,0.7413444924521805,0.7413444924521805,0.8258064849659634
69,299,299,D1,6,23.672459094136354,56.640625,-183.2031707763672,-179.88946533203125,1,2.350637635237349,0.8650035827276875,0.7857504072462664,0.1636257921657827,0.7401303422874166,0.7401303422874166,0.8229943173257807
69,300,300,D1,6,24.051868599127758,56.98437500000001,-183.20384216308594,-180.050048828125,1,2.5358186542178025,0.8984298231953355,0.7847486315104478,0.1367512530531444,0.7422826030345935,0.7422826030345935,0.8202036966415015
69,301,301,D1,6,24.431742613022227,57.328125,-183.20964050292972,-180.2116241455078,1,2.5647648540147285,0.9035430309451867,0.7789441304129581,0.114930436896041,0.7418690282742215,0.7418690282742215,0.8174096594161607
69,302,302,D1,6,24.819087253483826,57.67187500000001,-183.23492431640625,-180.3883514404297,1,2.37346808852366,0.8691940848388382,0.7846145106442964,0.10866320226869233,0.7373530550614406,0.7373530550614406,0.8145606744766787
69,303,303,D1,6,25.202977728457398,58.015625,-183.29043579101562,-180.54998779296875,1,2.305965954099775,0.8567448630678771,0.7932816677610317,0.11232584533764649,0.7325256581499272,0.7325256581499272,0.811737095504973
69,304,304,D1,6,25.588523595600115,58.359375,-183.35643005371094,-180.7116241455078,1,2.3881602964193784,0.8718801707470473,0.7950800108913956,0.12068686102810092,0.7319699237970438,0.7319699237970438,0.8089013408456077
69,305,305,D1,6,25.982329520937355,58.703125,-183.43183898925784,-180.8883514404297,1,2.3791056295517654,0.8702257420703194,0.7705123757914286,0.0992989577315902,0.7363007576078232,0.7363007576078232,0.8060048320697858
69,306,306,D1,6,26.37919716821391,59.046875,-183.546875,-181.0499267578125,1,2.3509992667628894,0.8650701179797339,0.7839697944191338,0.0892018011585624,0.742080383193736,0.742080383193736,0.8030858038144545
69,307,307,D1,6,26.775700063089623,59.390625,-183.66195678710938,-181.2105712890625,1,2.388161987185526,0.8718804793832009,0.8145386475574776,0.16093631905616443,0.7465280502947089,0.7465280502947089,0.8001694583743427
69,308,308,D1,6,27.16597088968101,59.734375,-183.7380828857422,-181.3789520263672,1,2.2902637940066346,0.8538229369143865,0.8110912741507424,0.19306496412514546,0.7503015918885783,0.7503015918885783,0.7972989508440126
69,309,309,D1,6,27.539149302672502,60.078125,-183.810546875,-181.5048370361328,1,2.2989358663408046,0.8554379077167295,0.8120453070328058,0.1986602120562696,0.7542439712363144,0.7542439712363144,0.794554160888779
69,310,310,D1,6,27.90492247757168,60.421875,-183.8970489501953,-181.59507751464844,1,2.4854783178355326,0.8894674364261504,0.8443486674985357,0.14331114208484108,0.7556882274622986,0.7556882274622986,0.7918638377044632
69,311,311,D1,6,28.285355769307028,60.76562500000001,-184.0017547607422,-181.71998596191406,1,2.7017152721505995,0.9273525116045497,0.8853306779684085,0.11070267060443016,0.7498870464162287,0.7498870464162287,0.7890656868965937
69,312,312,D1,6,28.681595015631892,61.109375,-184.1168212890625,-181.87998962402344,1,2.7708345798464933,0.9391400533174212,0.8619219785025579,0.12105614204542453,0.7340858383206896,0.7340858383206896,0.7861512806358902
69,313,313,D1,6,29.05743987028877,61.45312500000001,-184.20338439941406,-182.00489807128906,1,2.7971024940193745,0.9435811446376534,0.8253443641650292,0.1187758823308788,0.7101437252235121,0.7101437252235121,0.7833868785540047
69,314,314,D1,6,29.41832822557111,61.796875,-184.26609802246094,-182.0951385498047,1,2.745230476003619,0.9347908859017536,0.8002836049946758,0.12534398520661422,0.6846167282491116,0.6846167282491116,0.7807324840390617
69,315,315,D1,6,29.79569301056226,62.140625,-184.3577117919922,-182.2210235595703,1,2.5876465590562043,0.9075645881682791,0.7884825789492332,0.15880017244157407,0.6655428267065593,0.6655428267065593,0.777956902614082
69,316,316,D1,6,30.201437498828767,62.484375,-184.49229431152344,-182.389404296875,1,2.311782236437297,0.857824656070263,0.7663595297239141,0.15097083282952603,0.6577948580905004,0.6577948580905004,0.7749725837011584
69,317,317,D1,6,30.604136393927917,62.828125,-184.62725830078125,-182.54998779296875,1,2.0536627998177037,0.8085178860543891,0.7525520757226354,0.194941291024817,0.6618769835734091,0.6618769835734091,0.7720106656379156
69,318,318,D1,6,30.995923080370865,63.171875,-184.72496032714844,-182.7105712890625,1,1.9489666736343634,0.7876391052128857,0.7489313687020147,0.250283097254315,0.6760407398440599,0.6760407398440599,0.7691290087035757
69,319,319,D1,6,31.38877122356137,63.51562500000001,-184.8133544921875,-182.8789520263672,1,2.032557242098121,0.8043525746799671,0.7516366790569429,0.209531558284424,0.69697052370968,0.69697052370968,0.7662395445764371
69,320,320,D1,6,31.7834360518088,63.85937499999999,-184.96083068847656,-183.0048370361328,1,2.0345052724116583,0.8047379335545685,0.7460591258995478,0.0900183682022521,0.7200814972721276,0.7200814972721276,0.7633367184253376
69,321,321,D1,6,32.19170739903325,64.203125,-185.16177368164062,-183.09507751464844,1,2.081682366738072,0.8140147893172456,0.781327416446709,0.08169300741885016,0.7430714674380938,0.7430714674380938,0.7603338140400379
69,322,322,D1,6,32.61632065877973,64.546875,-185.3775177001953,-183.2199249267578,1,2.4118370795345574,0.876191523743805,0.8364879870806511,0.10961263075969892,0.7681548094104683,0.7681548094104683,0.7572107121412212
69,323,323,D1,6,33.0604295616945,64.89062500000001,-185.6094207763672,-183.3789520263672,1,2.6302571331942235,0.9150064746771779,0.8685922227242244,0.11969545230571269,0.7971388232751364,0.7971388232751364,0.7539442165098726
69,324,324,D1,6,33.49151894970298,65.234375,-185.8419952392578,-183.49549865722656,1,2.6727425990144096,0.9223667342715941,0.8888286902338081,0.1206753320426223,0.8251735140076847,0.8251735140076847,0.7507734815991145
69,325,325,D1,6,33.904450029827665,65.578125,-186.064208984375,-183.54998779296875,1,2.889765416836455,0.9590833649537804,0.8811220006450105,0.09457129901603853,0.8432011130519639,0.8432011130519639,0.7477363040950774
69,326,326,D1,6,34.32268499411803,65.921875,-186.29611206054688,-183.60455322265625,1,3.125406555336263,0.99742057573882,0.883374391976289,0.07160213302715873,0.8471816508835375,0.8471816508835375,0.7446601156314702
69,327,327,D1,6,34.75059388122974,66.265625,-186.52223205566406,-183.72207641601562,1,3.3100491173441595,1.0264605972976149,0.8965792633239051,0.04295544629905967,0.842468682286227,0.842468682286227,0.7415127738394194
69,328,328,D1,6,35.17777236229515,66.609375,-186.71275329589847,-183.88946533203128,1,3.2687875845412244,1.0200428441954312,0.8678875841823752,0.01361957362671022,0.8384850982312718,0.8384850982312718,0.7383708043066131
69,329,329,D1,6,35.58458717758121,66.953125,-186.8595428466797,-184.050048828125,1,3.291688619109764,1.0236098034413836,0.848983863404741,0.017135028910554427,0.8414612327817815,0.8414612327817815,0.7353786129585489
69,330,330,D1,6,35.97564440412438,67.296875,-186.95257568359375,-184.2116241455078,1,3.331718824495264,1.0298150512696347,0.8689064495087543,0.02014613286726043,0.8528322971116368,0.8528322971116368,0.7325023213243871
69,331,331,D1,6,36.36722497244362,67.640625,-187.01533508300784,-184.3883514404297,1,3.3394259098482184,1.0310054710247605,0.8803269646411507,0.05449898946482399,0.8707286016531325,0.8707286016531325,0.7296221804234937
69,332,332,D1,6,36.7566737914057,67.984375,-187.1012420654297,-184.54998779296875,1,3.335893578974851,1.0304600455353536,0.9111375189728218,0.053837540482196314,0.8898790459969104,0.8898790459969104,0.7267577188974487
69,333,333,D1,6,37.15214043276109,68.328125,-187.21125793457034,-184.7116241455078,1,3.4667526845054666,1.0504768690610402,0.9650863671720302,0.05250115944680101,0.901754859928581,0.901754859928581,0.7238489952761631
69,334,334,D1,6,37.54808407330159,68.67187500000001,-187.29713439941406,-184.8883514404297,1,3.6680677649249467,1.080547191365417,0.9927123520624569,0.06001142617757278,0.8978920358559768,0.8978920358559768,0.720936763245692
69,335,335,D1,6,37.932945076301344,69.015625,-187.35916137695312,-185.0499267578125,1,3.7038230163902592,1.0858008485869255,0.9674172331245041,0.05882349044431,0.8742936656703774,0.8742936656703774,0.7181060458772172
69,336,336,D1,6,38.32212531543307,69.359375,-187.44570922851562,-185.21057128906253,1,3.5934475980384404,1.069499834473588,0.9259970580804856,0.0553527219595921,0.8328928777659667,0.8328928777659667,0.7152435598009701
69,337,337,D1,6,38.722023383927905,69.703125,-187.5614776611328,-185.3789520263672,1,3.225724958193856,1.013301605793112,0.8800956412451214,0.08269473019630405,0.7792984416783076,0.7792984416783076,0.7123022422881938
69,338,338,D1,6,39.10440283049954,70.046875,-187.67187500000003,-185.50489807128906,1,2.739772609935755,0.9338611822097102,0.8020562501698922,0.141893141658524,0.7202523229719877,0.7202523229719877,0.7094897771843737
69,339,339,D1,6,39.47680866817833,70.390625,-187.7822723388672,-185.59619140625,1,2.335725795505662,0.8622555376012097,0.7277471462687605,0.19745989594849683,0.6638152169156096,0.6638152169156096,0.7067506696504273
69,340,340,D1,6,39.86358466239663,70.734375,-187.8980712890625,-185.73043823242188,1,2.1655986874468787,0.8302598820375355,0.6727774192890835,0.21536071461111317,0.6193070706229227,0.6193070706229227,0.7039058671996486
69,341,341,D1,6,40.27279558381449,71.078125,-187.9853973388672,-185.93455505371097,1,2.1186982874572715,0.8212201962557402,0.6785703346420668,0.199844857339595,0.5930100993961112,0.5930100993961112,0.7008960520882231
69,342,342,D1,6,40.69324223784479,71.421875,-188.05465698242188,-186.16653442382812,1,2.045452626811318,0.806900113294481,0.6986323017462348,0.16492576871587994,0.5831889077914804,0.5831889077914804,0.697803596274815
69,343,343,D1,6,41.115976674348936,71.765625,-188.17872619628906,-186.37901306152344,1,2.122879460428332,0.8220301207564412,0.7268428193718418,0.16745818254901226,0.5814826052639013,0.5814826052639013,0.6946943134367577
69,344,344,D1,6,41.56192766637837,72.109375,-188.40560913085938,-186.54998779296875,1,2.015947639296757,0.8010593383870087,0.6709917487303243,0.1939952788694103,0.5808083295682777,0.5808083295682777,0.6914142689303335
69,345,345,D1,6,42.052595127165176,72.453125,-188.71112060546875,-186.7210235595703,1,1.786847814929038,0.7541692943880818,0.6278436852560025,0.21874386540507187,0.5815135463416038,0.5815135463416038,0.687805327279793
69,346,346,D1,6,42.57847304631263,72.796875,-189.0469207763672,-186.9346160888672,1,1.5859063775964406,0.7104995978541233,0.6292602794852852,0.20265816453411328,0.5891643627821974,0.5891643627821974,0.6839374067894725
69,347,347,D1,6,43.117101565777226,73.140625,-189.38339233398438,-187.17698669433594,1,1.7017417965633843,0.7359899711125759,0.6344966962350711,0.18784507242276482,0.6071310916741955,0.6071310916741955,0.6799757034905669
69,348,348,D1,6,43.64796760466628,73.484375,-189.69534301757812,-187.43455505371097,1,2.006585706222899,0.7991971394880191,0.6941367850773775,0.15552218587303737,0.6327718522693215,0.6327718522693215,0.6760710945410923
69,349,349,D1,6,44.16349089759689,73.82812500000001,-189.95249938964844,-187.71998596191406,1,2.136450624788735,0.8246534758392708,0.690754918311188,0.11794240515697185,0.6599891217584549,0.6599891217584549,0.6722793340671093
69,350,350,D1,6,44.67310496633422,74.171875,-190.1494903564453,-188.04051208496094,1,2.4009526911193855,0.8742122041260221,0.7418247180436073,0.06496384139217673,0.6826518927563431,0.6826518927563431,0.668531036930351
69,351,351,D1,6,45.14780262943185,74.515625,-190.2970428466797,-188.33274841308594,1,2.592123674162847,0.9083493775508877,0.7936360228765929,0.06799211280808401,0.6950287279653985,0.6950287279653985,0.6650395558261829
69,352,352,D1,6,45.55973839066159,74.859375,-190.39083862304688,-188.53945922851562,1,2.46624188011749,0.886018719983893,0.8081815998161759,0.10297751846040656,0.6923737288079532,0.6923737288079532,0.6620096990599218
69,353,353,D1,6,45.949891455512436,75.203125,-190.46009826660156,-188.71051025390625,1,2.214161565179223,0.839517430316204,0.7821797228809939,0.09826430109030568,0.6737115826080381,0.6737115826080381,0.6591400576869879
69,354,354,D1,6,46.35434019593278,75.54682922363281,-190.57774353027344,-188.88829040527344,1,2.038149458416733,0.8054583304766205,0.7345089837508334,0.13961343361540288,0.6431812793270292,0.6431812793270292,0.6561652692172757
69,355,355,D1,6,46.78117201407181,75.88986206054688,-190.77362060546875,-189.04998779296875,1,1.8030934929885143,0.7575899184465879,0.6897867604544324,0.15943961048148328,0.6077849797905381,0.6077849797905381,0.6530258494485635
69,356,356,D1,6,47.21827149667686,76.22714233398438,-190.9998321533203,-189.2116241455078,1,1.5850503505650653,0.7103078182618741,0.6497423362894594,0.26705806839166885,0.574249763277095,0.574249763277095,0.6498109092818087
69,357,357,D1,6,47.643722547871704,76.53989410400392,-191.2277374267578,-189.38841247558594,1,1.3915343699545542,0.6655367359665935,0.6114370050885986,0.2933693718478532,0.5472511921277794,0.5472511921277794,0.6466816452860648
69,358,358,D1,6,48.05049345595378,76.80428314208984,-191.49063110351562,-189.55104064941406,1,1.312378614008291,0.6463304783584168,0.5741476067748759,0.30031573186412197,0.528858846311106,0.528858846311106,0.6436897768828664
69,359,359,D1,6,48.47241387169665,77.03946685791016,-191.796875,-189.72109985351562,1,1.221456960135935,0.6235397549148477,0.5557060343324836,0.24574718186115324,0.5187978669329134,0.5187978669329134,0.6405864813043374
69,360,360,D1,6,48.9298830505994,77.30385589599611,-192.10316467285156,-189.93455505371094,1,1.34167361790908,0.6535043814791405,0.6082686447123087,0.22737109874085346,0.5153303938373472,0.5153303938373472,0.6372217185973642
69,361,361,D1,6,49.404856276058446,77.61660766601562,-192.36682128906253,-190.17594909667972,1,1.4461189977212956,0.6784644232182577,0.5894427626623582,0.16774763389388697,0.5162096110705222,0.5162096110705222,0.6337282106857085
69,362,362,D1,6,49.885662424224904,77.95388793945312,-192.60195922851565,-190.42520141601562,1,1.5159401154944117,0.6946500742276421,0.5832804678829304,0.13563514736562138,0.5196178739253665,0.5196178739253665,0.6301918006470819
69,363,363,D1,6,50.38610971417633,78.29692077636719,-192.86634826660156,-190.67594909667972,1,1.3345598619999473,0.6517695894859308,0.5338000877908329,0.14399338439182308,0.5247457820075797,0.5247457820075797,0.626510926709141
69,364,364,D1,6,50.917868945416814,78.640625,-193.17906188964844,-190.9344940185547,1,1.3110295754323318,0.6459982004150236,0.5397837282072284,0.154524271243386,0.531455774700477,0.531455774700477,0.6225997481797845
69,365,365,D1,6,51.477283317302835,78.984375,-193.515625,-191.21998596191406,1,1.2553252809599889,0.6321253414521594,0.5201864789033395,0.11361148125985811,0.5393120051613775,0.5393120051613775,0.6184851614424187
69,366,366,D1,6,52.05536990647154,79.328125,-193.85214233398438,-191.5405731201172,1,1.0641224096190955,0.5819971504152536,0.47893515502921913,0.19863695827672295,0.5475715412886225,0.5475715412886225,0.6142332374083195
69,367,367,D1,6,52.60447361085767,79.671875,-194.16412353515625,-191.8338623046875,1,1.1560537405912292,0.6066162993111376,0.4068823909713555,0.2070675111753464,0.55667657976819,0.55667657976819,0.6101944873635389
69,368,368,D1,6,53.08549431646957,80.015625,-194.42201232910156,-192.04998779296875,1,1.4121708440758929,0.6704535335501374,0.5824829858844369,0.24816828108140498,0.5689658772703895,0.5689658772703895,0.6066564992188359
69,369,369,D1,6,53.539673030051496,80.359375,-194.62542724609375,-192.26617431640625,1,1.0781535269808176,0.5858215824480322,0.5309008090935292,0.2865877800420028,0.5862002088871585,0.5862002088871585,0.6033159384373927
69,394,370,OM1,3,34.16740573118104,60.12439727783203,-161.32070922851562,-194.0488739013672,1,8.77615820699486,1.671388021974393,1.1807416591429931,0.17187514531477804,1.1763204368176108,1.1763204368176108,0.9896024291234939
69,395,371,OM1,3,34.59766912876349,60.42991638183594,-161.4293212890625,-193.76605224609375,1,5.609636400847043,1.3362644664459469,1.0443228515816174,0.1130244764894599,1.081951937390058,1.081951937390058,0.9856404175910863
69,396,372,OM1,3,35.00061205013797,60.76643371582031,-161.50941467285156,-193.5594024658203,1,4.278622856457205,1.167016689881622,0.9521169857636268,0.21164164267818497,1.001861083624009,1.001861083624009,0.9819299822848115
69,397,373,OM1,3,35.38949915783902,61.10941696166992,-161.54692077636722,-193.37998962402344,1,3.497463183941951,1.0551194757052687,0.8335168081625506,0.160138111188127,0.9413408909142114,0.9413408909142114,0.9783489776858298
69,398,374,OM1,3,35.79644687283082,61.45312500000001,-161.58509826660156,-193.1654815673828,1,3.1388851482550226,0.9995689942595494,0.8652017673451561,0.14010908496826915,0.8981679154007428,0.8981679154007428,0.9746016648794332
69,399,375,OM1,3,36.22531552236647,61.796875,-161.67166137695312,-192.92408752441406,1,3.0346084567889866,0.9828254537265868,0.8780321796403417,0.11598250503833518,0.8677517936884831,0.8677517936884831,0.9706524966608592
69,400,376,OM1,3,36.67166252281997,62.140625,-161.81126403808594,-192.67594909667972,1,3.0681130085023414,0.9882361572698035,0.8196448958719038,0.13500962174270045,0.8462378541681029,0.8462378541681029,0.9665423818493536
69,401,377,OM1,3,37.120094527414594,62.484375,-161.96998596191406,-192.4356689453125,1,3.124894220137607,0.9973388208369246,0.9447163103059534,0.1891666413631242,0.8314439583117286,0.8314439583117286,0.9624130676114068
69,402,378,OM1,3,37.5435230684338,62.828125,-162.1095886230469,-192.2316131591797,1,3.0526175994959126,0.985737470454573,0.9102026601347224,0.21912632630443435,0.82245235026844,0.82245235026844,0.9585139937601455
69,403,379,OM1,3,37.91936792309067,63.171875,-162.19615173339844,-192.10670471191406,1,2.7536471616564078,0.9362227911224813,0.850444384378131,0.223418091540983,0.8178700395557231,0.8178700395557231,0.95505308665786
69,404,380,OM1,3,38.26829887643075,63.51562500000001,-162.234375,-192.06057739257812,1,2.491255680435135,0.8905005963468132,0.7832698302874984,0.1564220616192475,0.8142859566250553,0.8142859566250553,0.9518400119019892
69,405,381,OM1,3,38.61429724297593,63.85937499999999,-162.27259826660156,-192.0511016845703,1,2.367344247078101,0.8680720464600171,0.7533143292204173,0.11208694782924489,0.8066145391310516,0.8066145391310516,0.9486539414015731
69,406,382,OM1,3,38.968780448615405,64.203125,-162.35916137695312,-192.050048828125,1,2.3505139361411183,0.8649808226119775,0.7487056328692243,0.09401685031568144,0.7894141118217113,0.7894141118217113,0.9453897396203392
69,407,383,OM1,3,39.339796579289875,64.546875,-162.49876403808594,-192.04998779296875,1,2.2640043882848997,0.8489139998578,0.7583989677883345,0.05410574694146192,0.7584457382095005,0.7584457382095005,0.9419732970488797
69,408,384,OM1,3,39.71842134779954,64.89062500000001,-162.65748596191406,-192.050048828125,1,1.9945515512515473,0.7967970113313573,0.7487736737256758,0.07406892206349576,0.713806438116934,0.713806438116934,0.9384867915554558
69,409,385,OM1,3,40.089421745497674,65.234375,-162.7970428466797,-192.0511016845703,1,1.7501591799412517,0.7463866085150618,0.7157468239675402,0.19894286390386867,0.6634971122048391,0.6634971122048391,0.935070493858587
69,410,386,OM1,3,40.443851934147865,65.578125,-162.88287353515625,-192.06057739257812,1,1.6629890412896395,0.7275615798389826,0.6638161080274975,0.30592257438317305,0.6223394211688329,0.6223394211688329,0.9318067802758011
69,411,387,OM1,3,40.792130762449524,65.921875,-162.9145965576172,-192.10670471191406,1,1.713207054940722,0.7384651262364719,0.6681842505204627,0.348915812451471,0.6045869254196924,0.6045869254196924,0.9285997105088215
69,412,388,OM1,3,41.15792938803023,66.265625,-162.92111206054688,-192.2316131591797,1,1.8350506120663557,0.7642740028735356,0.6926233151041417,0.3219016575664894,0.6166334397583011,0.6166334397583011,0.9252313124967367
69,413,389,OM1,3,41.55768348829335,66.609375,-162.9218292236328,-192.4356689453125,1,1.9671950701598466,0.7913138687549301,0.7336138991582165,0.24205157408133232,0.6561058162283906,0.6561058162283906,0.9215502409385496
69,414,390,OM1,3,41.97712114818451,66.953125,-162.921875,-192.67601013183594,1,2.1471532823312804,0.82671646706596,0.7836583177396079,0.19485468207928275,0.7154648170149844,0.7154648170149844,0.9176879164764824
69,415,391,OM1,3,42.40165612139459,67.296875,-162.921875,-192.92514038085938,1,2.5726241662203506,0.9049263536571742,0.8522441718193363,0.10791745553101838,0.7847984726502844,0.7847984726502844,0.9137786542217344
69,416,392,OM1,3,42.82655852406153,67.640625,-162.921875,-193.17489624023438,1,3.0683690995264206,0.9882773997416492,0.9150709594805927,0.030663202433729594,0.8532620531923014,0.8532620531923014,0.9098660085517261
69,417,393,OM1,3,43.251712200703274,67.984375,-162.921875,-193.42507934570312,1,3.557361804991517,1.0641162677364793,0.9904578734841258,0.036882167443734085,0.9114673913845905,0.9114673913845905,0.9059510490655955
69,418,394,OM1,3,43.67665048244927,68.328125,-162.921875,-193.67489624023438,1,3.90871861557827,1.1154298622724708,1.0369328031007792,0.06954150405784754,0.9541270612728718,0.9541270612728718,0.9020380730088385
69,419,395,OM1,3,44.101840078296995,68.67187500000001,-162.921875,-193.92514038085938,1,4.037552040127859,1.1336634114031514,1.0308656499968103,0.05991811612297215,0.980634636818178,0.980634636818178,0.8981227827664572
69,420,396,OM1,3,44.52739817592296,69.015625,-162.921875,-194.17601013183594,1,3.9551348871610097,1.1220332150938137,1.0202900507868324,0.043716672177992195,0.9934441707981129,0.9934441707981129,0.8942040992345157
69,421,397,OM1,3,44.95815921061489,69.359375,-162.921875,-194.43560791015628,1,3.9118052443483435,1.115870190524721,1.0136321677118336,0.04328602914469032,0.9955087368786061,0.9955087368786061,0.8902375052905487
69,422,398,OM1,3,45.4110664608081,69.703125,-162.9218292236328,-194.73049926757812,1,3.8293334413109443,1.1040446964971438,0.9905590640050819,0.04999225934959608,0.9880751461965684,0.9880751461965684,0.8860669814708163
69,423,399,OM1,3,45.91295819924309,70.046875,-162.92111206054688,-195.09619140625,1,3.7632968453460247,1.0944837095717375,0.9722506110198171,0.07555710761420864,0.970822621692389,0.970822621692389,0.8814453918425271
69,424,400,OM1,3,46.447043452652274,70.390625,-162.91464233398438,-195.50489807128906,1,3.6159839767724113,1.0728482875452785,0.9584563736775622,0.10256101954950603,0.9451211226515565,0.9451211226515565,0.8765273533916952
69,425,401,OM1,3,46.95600400233591,70.734375,-162.88365173339844,-195.8789520263672,1,3.3021637799889234,1.0252372296051828,0.9254734025831937,0.1853090564223979,0.9166626455285708,0.9166626455285708,0.8718406717480385
69,426,402,OM1,3,47.44014559631929,71.078125,-162.80429077148438,-196.21051025390625,1,3.038131086083587,0.9833957292070691,0.8995449890381331,0.22498530612997134,0.8924983243402076,0.8924983243402076,0.8673825314798721
69,427,403,OM1,3,47.934565053985864,71.421875,-162.6956787109375,-196.5488739013672,1,3.0358962995743246,0.9830339798721581,0.8964427608827052,0.2033641432951791,0.8745026759082664,0.8745026759082664,0.8628297491513539
69,428,404,OM1,3,48.41781507336537,71.765625,-162.61558532714847,-196.8789520263672,1,3.149913578309766,1.0013234405528306,0.8856176630129705,0.17821048389411367,0.8573639286755087,0.8573639286755087,0.8583798188050223
69,429,405,OM1,3,48.86751769164962,72.109375,-162.5781707763672,-197.16647338867188,1,2.9272816657095238,0.9652889172884436,0.8630605312878066,0.15971106588802653,0.8340848339450534,0.8340848339450534,0.8542388043245733
69,430,406,OM1,3,49.304349321979814,72.453125,-162.5413818359375,-197.43350219726562,1,2.691919802995945,0.9256698580528219,0.835814707597088,0.13487986325852946,0.8026866441099384,0.8026866441099384,0.8502163102736892
69,431,407,OM1,3,49.758609544579585,72.796875,-162.46708679199222,-197.72102355957034,1,2.355865947684269,0.8659650233535116,0.7921271918356237,0.1046248458032323,0.7674772525157443,0.7674772525157443,0.8460333278244107
69,432,408,OM1,3,50.24241148209867,73.140625,-162.38372802734375,-198.0511016845703,1,2.2508519303670593,0.8464445769048936,0.7614590608722215,0.12072458629891707,0.7355424052823527,0.7355424052823527,0.8415783152283544
69,433,409,OM1,3,50.725376588173575,73.484375,-162.3592071533203,-198.38946533203125,1,2.2717152128110936,0.850358401400189,0.7228711260388407,0.12741088420772365,0.7134461199603586,0.7134461199603586,0.8371310084605215
69,434,410,OM1,3,51.20386156348366,73.82812500000001,-162.38841247558594,-198.7210235595703,1,2.2778680323999323,0.851509197915629,0.6973870704224934,0.13003363890607322,0.7056739418078659,0.7056739418078659,0.8327249562587442
69,435,411,OM1,3,51.713797390250335,74.171875,-162.43209838867188,-199.0951385498047,1,2.4228651837990896,0.8781924281692237,0.7064914359505151,0.16332158827269194,0.7127257265544067,0.7127257265544067,0.8280292939323893
69,436,412,OM1,3,52.25194667326608,74.515625,-162.4915771484375,-199.50489807128906,1,2.665680693336326,0.9211473921681667,0.7623333436731369,0.16511220951724612,0.7298852123662176,0.7298852123662176,0.8230738325163233
69,437,413,OM1,3,52.76371741157285,74.859375,-162.54640197753906,-199.8800506591797,1,2.9125904806100493,0.9628636167095406,0.8045504034665487,0.12883681057629978,0.7501941852592251,0.7501941852592251,0.818361273701158
69,438,414,OM1,3,53.24864326177786,75.203125,-162.57237243652344,-200.22109985351562,1,3.0477445562383556,0.9849503656598634,0.809762218229608,0.1479775872560835,0.769373612102168,0.769373612102168,0.8138959117352784
69,439,415,OM1,3,53.76449298824339,75.546875,-162.5846405029297,-200.60552978515625,1,2.995155099052568,0.9764156280407555,0.8451607961990579,0.24185545746105166,0.7865558604327756,0.7865558604327756,0.8091457922114487
69,440,416,OM1,3,54.33467937883737,75.890625,-162.61631774902344,-201.05934143066406,1,3.006296975582251,0.9782300588983455,0.8895266049598622,0.3043160703919491,0.8015560704870152,0.8015560704870152,0.8038953222252762
69,441,417,OM1,3,54.93048760296012,76.234375,-162.6957550048828,-201.53945922851562,1,3.1470884587934296,1.0008743023621187,0.9260385793377437,0.32191866691321247,0.8139098850005708,0.8139098850005708,0.7984089176918175
69,442,418,OM1,3,55.502856025347484,76.578125,-162.80508422851565,-201.98385620117188,1,3.051417706448991,0.9855437193950262,0.9120828282137229,0.3134758487268432,0.8233468817277881,0.8233468817277881,0.7931383548156201
69,443,419,OM1,3,55.99286742969456,76.921875,-162.8916778564453,-202.32215881347656,1,3.0490634746270557,0.9851634623633234,0.8969928145494183,0.2621175436463177,0.8286831520623364,0.8286831520623364,0.7886261633395549
69,444,420,OM1,3,56.404773925234856,77.265625,-162.96090698242188,-202.5382843017578,1,3.141087243307178,0.9999195582197924,0.9258507275212303,0.22315536079818496,0.827425702961671,0.827425702961671,0.7848331883972893
69,445,421,OM1,3,56.80830405991408,77.60937500000001,-163.08497619628906,-202.7093963623047,1,3.1419839352477594,1.0000622724710762,0.9119711047070741,0.23053738687908182,0.8180890156137435,0.8180890156137435,0.7811173458314187
69,446,422,OM1,3,57.25368388140866,77.953125,-163.31185913085938,-202.87887573242188,1,2.733441866154653,0.9327816300215693,0.8295080465351535,0.2243954603568016,0.8010328901944447,0.8010328901944447,0.7770161371323331
69,447,423,OM1,3,57.730543972165805,78.296875,-163.61741638183594,-203.0048370361328,1,2.4209483641238645,0.8778449739225609,0.7667684488856035,0.25445791546446617,0.7762379582216591,0.7762379582216591,0.772625047419519
69,448,424,OM1,3,58.21999503401304,78.640625,-163.9539337158203,-203.0951385498047,1,2.3314548061988924,0.8614668385978773,0.7484333384446148,0.29646253272592793,0.7436988478985198,0.7436988478985198,0.7681180157675498
69,449,425,OM1,3,58.72164353833282,78.984375,-164.2969207763672,-203.2210235595703,1,1.9887866524159328,0.795644677588154,0.6886900105759871,0.3406243783056679,0.7077875310838236,0.7077875310838236,0.7634986659216242
69,450,426,OM1,3,59.2360837472379,79.328125,-164.640625,-203.389404296875,1,1.8125405274834865,0.7595719643370051,0.6899786223180744,0.31292150312933764,0.6786183501750438,0.6786183501750438,0.7587615257143269
69,451,427,OM1,3,59.74802487184182,79.671875,-164.9843292236328,-203.54998779296875,1,2.082021868701707,0.8140811655225808,0.7577302635943273,0.30415783284672526,0.6667815389888148,0.6667815389888148,0.7540473979242543
69,452,428,OM1,3,60.2595154865348,80.015625,-165.32736206054688,-203.7105712890625,1,2.259824578655204,0.8481300044374509,0.7758129030718535,0.3569645480652972,0.6753780445047745,0.6753780445047745,0.7493374185824873
69,453,429,OM1,3,60.76965531921637,80.35932922363281,-165.66464233398438,-203.8789520263672,1,2.254602635618329,0.8471495194671037,0.7749160206513713,0.291907800795608,0.6957536827961269,0.6957536827961269,0.744639877700364
69,454,430,OM1,3,61.25063037554138,80.70236206054688,-165.97740173339844,-204.0048370361328,1,2.3652276056261363,0.8676838882597827,0.7914574908318632,0.21237628984648615,0.7122483409315344,0.7122483409315344,0.7402108959866801
69,455,431,OM1,3,61.68856839197477,81.03964233398438,-166.2417449951172,-204.0951385498047,1,2.4383096372319777,0.8809869823715619,0.8058682805539155,0.20709139234921414,0.7139714252203996,0.7139714252203996,0.7361782139567005
69,456,432,OM1,3,62.099217901989704,81.3523941040039,-166.47616577148438,-204.22109985351562,1,2.356258471061734,0.8660371618719679,0.7617521915032356,0.20078624476050838,0.7021000722585378,0.7021000722585378,0.7323968137641707
69,457,433,OM1,3,62.50513651028744,81.61678314208986,-166.7333526611328,-204.3905792236328,1,2.206500627044422,0.838063818249525,0.7311974155854187,0.1851053484329589,0.6854038870744966,0.6854038870744966,0.7286589773218173
69,458,434,OM1,3,62.905611598953335,81.85196685791016,-167.00865173339844,-204.5616912841797,1,2.2795520234887197,0.8518238932706244,0.7264762098535466,0.16257574660230575,0.6718990519372502,0.6718990519372502,0.724971266657486
69,459,435,OM1,3,63.31561343420623,82.1163558959961,-167.23556518554688,-204.77781677246094,1,2.326654122004225,0.8605794610401832,0.7302564675112052,0.1717503276454343,0.6664246293876593,0.6664246293876593,0.7211958304741909
69,460,436,OM1,3,63.8017394903351,82.42906188964844,-167.39062500000003,-205.11618041992188,1,2.157675890254303,0.8287397462704178,0.7125987277613113,0.11661662650255997,0.6718554189037427,0.6718554189037427,0.716719416604435
69,461,437,OM1,3,64.3811495659143,82.765625,-167.54563903808594,-205.56161499023438,1,2.080370909308385,0.8137583347419681,0.6866085949385355,0.04847030975241413,0.6882336692917018,0.6882336692917018,0.711384011793483
69,462,438,OM1,3,65.01680824704142,83.10218811035156,-167.77175903320312,-206.05116271972656,1,1.9586293434602011,0.7895891864717052,0.6497661013673407,0.11694134784240588,0.7117501750956513,0.7117501750956513,0.7055306507140803
69,463,439,OM1,3,65.66344558498353,83.4148941040039,-168.03909301757812,-206.550048828125,1,2.276566701139936,0.8512659323206004,0.6971878356038128,0.2063218113956738,0.7367209889650519,0.7367209889650519,0.6995761944330972
69,464,440,OM1,3,66.26759307365843,83.67928314208984,-168.2515869140625,-207.04998779296878,1,2.8022966870126984,0.9444568489328805,0.7891700607220224,0.1552383021971627,0.758082054646982,0.758082054646982,0.6940129991186588
69,465,441,OM1,3,66.82677653854371,83.91446685791016,-168.33746337890625,-207.54998779296878,1,2.877101843371353,0.956979602866597,0.825011780344395,0.14027123502585823,0.7716774734692382,0.7716774734692382,0.6888638478102848
69,466,442,OM1,3,67.39381961529389,84.1788558959961,-168.29701232910156,-208.04998779296878,1,2.5839410674923697,0.9069145423352295,0.776418395074526,0.10918931720807969,0.7738458364396468,0.7738458364396468,0.6836423225258209
69,467,443,OM1,3,67.99110179906303,84.49160766601562,-168.20217895507812,-208.5499267578125,1,2.3081742257449926,0.857154988954301,0.7267006398456313,0.07259758510741932,0.7621456147669187,0.7621456147669187,0.6781423452712101
69,468,444,OM1,3,68.59512026582466,84.82888793945312,-168.1553497314453,-209.04881286621094,1,2.1292591654008532,0.8232643819542655,0.7247319269921956,0.06809394565885829,0.7365365227103237,0.7365365227103237,0.6725803380343799
69,469,445,OM1,3,69.1953862062822,85.17187500000001,-168.21099853515625,-209.5382843017578,1,1.9385629974757643,0.7855340648798234,0.6985631005943087,0.061497564536798874,0.7000995732036379,0.7000995732036379,0.667052885334552
69,470,446,OM1,3,69.77402119146493,85.51486206054688,-168.351318359375,-209.9826812744141,1,1.7733425209963305,0.7513138199336004,0.6460234043842737,0.05506556975233399,0.6592555844422722,0.6592555844422722,0.6617246178192815
69,471,447,OM1,3,70.28432488392991,85.85209655761719,-168.54754638671875,-210.31158447265625,1,1.5074003002142429,0.6926907087543528,0.5700267290791028,0.1024181384326896,0.6226143965862692,0.6226143965862692,0.6570255680606064
69,472,448,OM1,3,70.72294362234001,86.16413116455078,-168.8046569824219,-210.48162841796875,1,1.4170009715932372,0.6715991497836817,0.538678484722328,0.08886648864180144,0.5976124349986809,0.5976124349986809,0.6529866177114128
69,473,449,OM1,3,71.13049403175691,86.42205047607422,-169.1166534423828,-210.5288848876953,1,1.3473217344162003,0.6548784833348613,0.5532188517867797,0.08619113374743342,0.5867861829891482,0.5867861829891482,0.6492337550900048
69,474,450,OM1,3,71.52548864232192,86.62615203857422,-169.45388793945312,-210.50366210937503,1,1.4309608806161414,0.6748992480677252,0.5856786616074032,0.03889105568497198,0.5867758463580669,0.5867758463580669,0.6455965105298337
69,475,451,OM1,3,71.92085549466721,86.80973815917969,-169.7969207763672,-210.43338012695312,1,1.6210498971953837,0.7183287605786839,0.6267304730717127,0.18139856611882266,0.5907160609325132,0.5907160609325132,0.6419558382408934
69,476,452,OM1,3,72.31757717202163,87.00098419189453,-170.140625,-210.38160705566406,1,1.8066225617882667,0.758330944917779,0.6915328461110686,0.2402315151859039,0.5919807130706495,0.5919807130706495,0.6383026902630131
69,477,453,OM1,3,72.71322536938561,87.19686889648439,-170.484375,-210.37998962402344,1,1.8462579031005761,0.7666042936234236,0.6854174922060579,0.21217189963520905,0.5869635671027341,0.5869635671027341,0.6346594272535632
69,478,454,OM1,3,73.09110162886526,87.34945678710939,-170.828125,-210.3433380126953,1,1.7858869872983048,0.7539665003592907,0.669762723969302,0.26559902016901654,0.5759294977538609,0.5759294977538609,0.6311798142855681
69,479,455,OM1,3,73.46311097442918,87.46308898925781,-171.171875,-210.2578125,1,1.6390197846189012,0.7222992462234912,0.6309044183317083,0.38383823048011106,0.56232534002641,0.56232534002641,0.6277542258539952
69,480,456,OM1,3,73.84048548808478,87.61640167236328,-171.515625,-210.23056030273438,1,1.5378267296313086,0.6996466617367175,0.6186308011595186,0.43080597533060383,0.5512131934135783,0.5512131934135783,0.6242792331319993
69,481,457,OM1,3,74.24182064913747,87.81871032714844,-171.859375,-210.2750244140625,1,1.4080121296375323,0.6694655933879795,0.5734712579871186,0.3969372638099143,0.5469368183512819,0.5469368183512819,0.6205836026289498
69,482,458,OM1,3,74.6570579697095,88.04022979736328,-172.203125,-210.3470458984375,1,1.4096377174849264,0.6698519399188192,0.5672261741092787,0.3052881491998255,0.5504384135995463,0.5504384135995463,0.6167599563182568
69,483,459,OM1,3,75.10330239333678,88.29670715332031,-172.54687500000003,-210.4702911376953,1,1.4448221634784777,0.6781601421586589,0.592516856836918,0.16351443942596652,0.5583455945955551,0.5583455945955551,0.6126507860690144
69,484,460,OM1,3,75.57542709964535,88.57833099365236,-172.890625,-210.62974548339844,1,1.3814155076224996,0.6631125191125872,0.613992598906515,0.12454480254772476,0.5659225313595376,0.5659225313595376,0.6083033013848896
69,485,461,OM1,3,76.02239712222959,88.83553314208984,-173.234375,-210.7541046142578,1,1.188647977471463,0.6151084476915711,0.567974092637487,0.17234569586077064,0.5714295127455604,0.5714295127455604,0.6041874495739533
69,486,462,OM1,3,76.4430365259822,89.06352233886719,-173.578125,-210.83653259277344,1,0.8134628671992995,0.5088548640555076,0.43589042051584515,0.1192675655311602,0.576701373545594,0.576701373545594,0.600314059046158
69,517,463,LCX,4,34.26197221411483,60.00676345825195,-160.8131103515625,-195.11729431152344,1,8.313028722051403,1.626689652748417,1.3542142778141633,0.12239335554697171,1.3479860479920907,1.3479860479920907,0.9888552397968489
69,518,464,LCX,4,34.835780912825335,60.20294952392578,-160.50758361816406,-195.56161499023438,1,6.695791854623801,1.4599098407626598,1.3398729762835513,0.042985563033292346,1.3106086289856713,1.3106086289856713,0.9856731985759808
69,519,465,LCX,4,35.479437937264244,60.45291519165039,-160.1710662841797,-196.05004882812503,1,5.688452289684887,1.345619040030097,1.2891747281100578,0.04029235854151247,1.2662154133829802,1.2662154133829802,0.9821038152806971
69,520,466,LCX,4,36.13707991788886,60.72743606567383,-159.82812500000003,-196.53945922851562,1,5.253075678185134,1.2930993470101009,1.242330329239554,0.05729972451956309,1.2112756493209578,1.2112756493209578,0.9784568787744653
69,521,467,LCX,4,36.749502157279586,60.95431900024415,-159.48513793945312,-196.99327087402344,1,5.017671745693506,1.2637937024211359,1.1876242505128065,0.052082212907149816,1.1458221493504905,1.1458221493504905,0.9750607071676269
69,522,468,LCX,4,37.277227482465946,61.109375,-159.14785766601562,-197.3683624267578,1,4.643634484029403,1.215777431971216,1.1535564184495204,0.033827543239674907,1.0754814473989245,1.0754814473989245,0.9721342200965655
69,523,469,LCX,4,37.73487776674818,61.26443099975587,-158.83509826660156,-197.664306640625,1,4.15889717874575,1.150572938851183,1.1043708216899917,0.04265839855845386,1.0080220677568867,1.0080220677568867,0.9695963323430327
69,524,470,LCX,4,38.16944752152582,61.491355895996094,-158.57070922851562,-197.9240264892578,1,3.853184781867097,1.1074776789449212,1.0430035477322213,0.04065272700893647,0.9493060101638541,0.9493060101638541,0.967186437065822
69,525,471,LCX,4,38.61046513087098,61.766597747802734,-158.33554077148438,-198.17588806152344,1,3.510516237813533,1.0570865736091697,0.9993934088470952,0.11162273052949039,0.9024637948773662,0.9024637948773662,0.9647407853787378
69,526,472,LCX,4,39.060542110676124,62.023033142089844,-158.07115173339844,-198.43455505371094,1,3.28691926667478,1.0228679766570845,0.9579429812590289,0.1358572948885294,0.8691021675197904,0.8691021675197904,0.9622448951882926
69,527,473,LCX,4,39.54171904067704,62.25026321411133,-157.75843811035156,-198.72109985351562,1,2.8922540437946216,0.9594962509019378,0.8963921053709433,0.12175841828311774,0.8501992432737102,0.8501992432737102,0.9595765410325706
69,528,474,LCX,4,40.06480532381374,62.477142333984375,-157.4219207763672,-199.0511016845703,1,2.6475256981683812,0.9180052307327221,0.8695685922379109,0.1469173555129811,0.8460259479988074,0.8460259479988074,0.9566757796485901
69,529,475,LCX,4,40.58275275172417,62.67949295043945,-157.08607482910156,-199.3895263671875,1,2.94349468465482,0.967958396861698,0.8892756045508289,0.1802775500834084,0.8550824381136279,0.8550824381136279,0.9538035156526673
69,530,476,LCX,4,41.05865075351566,62.828125,-156.77987670898438,-199.72213745117188,1,3.4866043878579482,1.053480254141941,0.966860886995411,0.21180577303360804,0.8732868204777874,0.8732868204777874,0.9511644356560897
69,531,477,LCX,4,41.531205786592814,62.97675704956055,-156.5472106933594,-200.10565185546875,1,3.7844674184873264,1.0975579225011158,1.015493131250451,0.2105373778331122,0.8955097986048671,0.8955097986048671,0.948543894005607
69,532,478,LCX,4,42.05095586337109,63.17910766601563,-156.39790344238284,-200.5605163574219,1,3.866078112469775,1.1093290242114366,1.0201904752190687,0.20133002061498073,0.9182142261464886,0.9182142261464886,0.9456616334672527
69,533,479,LCX,4,42.60553862687587,63.40603256225585,-156.27383422851562,-201.05110168457034,1,4.240618927870415,1.1618222446997906,1.051249812931776,0.17721001369170736,0.9390268330888427,0.9390268330888427,0.942586209170234
69,534,480,LCX,4,43.17342037393366,63.634025573730476,-156.1269989013672,-201.550048828125,1,4.800505242893114,1.2361424988608707,1.0989838945850925,0.11990023606830244,0.9537037408923574,0.9537037408923574,0.9394370357056677
69,535,481,LCX,4,43.76087281150507,63.89764785766602,-155.966796875,-202.04998779296875,1,4.755208384925344,1.230296647067606,1.1132073998244087,0.07754732101196289,0.9563720854791445,0.9563720854791445,0.9361793334856554
69,536,482,LCX,4,44.36844004408681,64.21035766601562,-155.8206787109375,-202.54998779296875,1,4.06073976138074,1.1369140738275239,1.0303283794061935,0.10183988476138896,0.9446066928731249,0.9446066928731249,0.9328100851928562
69,537,483,LCX,4,44.9829128732707,64.54763793945312,-155.703125,-203.04998779296875,1,3.0948404600731476,0.9925312663099707,0.9055704156936116,0.13656131966560647,0.9228412591253093,0.9228412591253093,0.9294025420936308
69,538,484,LCX,4,45.60051836755161,64.89067077636719,-155.58554077148438,-203.5499267578125,1,2.782562266716193,0.9411254318196602,0.876848059223374,0.17257337878271586,0.8991141756753707,0.8991141756753707,0.9259776268815527
69,539,485,LCX,4,46.22392232769093,65.234375,-155.43873596191406,-204.0488739013672,1,2.994757371296152,0.9763507965917508,0.9230639904023301,0.2003359961129053,0.8791788961202627,0.8791788961202627,0.922520556427805
69,540,486,LCX,4,46.84551620765078,65.578125,-155.2727813720703,-204.53945922851562,1,2.895250199780703,0.9599931049574225,0.9102108281392177,0.22202255566514353,0.8650502775326842,0.8650502775326842,0.919073523726634
69,541,487,LCX,4,47.44089322826303,65.921875,-155.10145568847656,-204.994384765625,1,2.767490455176706,0.938573157405444,0.8839321564591067,0.2076779901591549,0.8576487980488305,0.8576487980488305,0.9157718759373913
69,542,488,LCX,4,47.98451411534537,66.265625,-154.92979431152344,-205.3789520263672,1,3.0095560288212884,0.9787601529475162,0.9073922251284264,0.13637755725120976,0.8578061231064892,0.8578061231064892,0.9127572404410873
69,543,489,LCX,4,48.49882316926867,66.609375,-154.75851440429688,-205.7210235595703,1,3.3036272625314673,1.0254643913515766,0.9447381157432431,0.15014466233782367,0.8642788526871449,0.8642788526871449,0.90990515295352
69,544,490,LCX,4,49.04042047100641,66.953125,-154.59323120117188,-206.10552978515625,1,3.5706130153099487,1.0660963476673537,0.9701797496360238,0.2307646108339369,0.8731421470957293,0.8731421470957293,0.9069017391971353
69,545,491,LCX,4,49.626975922142925,67.296875,-154.4522247314453,-206.55940246582034,1,3.6241102616552108,1.0740531294610047,0.9857422171397878,0.25911112887380094,0.8808331117494419,0.8808331117494419,0.9036490111920781
69,546,492,LCX,4,50.22548595729222,67.640625,-154.35989379882815,-207.0405731201172,1,3.4788039274982574,1.0523011366608392,0.9929560126560634,0.2629303778062151,0.8876463529106643,0.8876463529106643,0.9003299893521721
69,547,493,LCX,4,50.79823719885779,67.984375,-154.2971649169922,-207.494384765625,1,3.4211039579040845,1.0435378342270898,0.9913114241771959,0.2508223257911341,0.8972047418941714,0.8972047418941714,0.8971538122324098
69,548,494,LCX,4,51.320317131329496,68.328125,-154.21133422851562,-207.87783813476562,1,3.5668458885469234,1.0655338140192891,0.9998523151091663,0.20723750792661202,0.91145867010536,0.91145867010536,0.894258631539879
69,549,495,LCX,4,51.810848923789585,68.67187500000001,-154.10276794433594,-208.21051025390625,1,3.8127826037599735,1.10165620619428,1.0253992880108758,0.14104230325482034,0.9259355230319214,0.9259355230319214,0.8915384002375968
69,550,496,LCX,4,52.2994455304891,69.015625,-154.02984619140625,-208.54998779296878,1,4.049525604988839,1.135343135101606,1.0280980519071476,0.10297097094891265,0.9309299047517574,0.9309299047517574,0.8888289004576388
69,551,497,LCX,4,52.78256980231563,69.359375,-154.02984619140625,-208.88946533203125,1,3.9144409358043375,1.1162460520642616,1.011597984683237,0.041375672232737463,0.9190764495468039,0.9190764495468039,0.8861497473684498
69,552,498,LCX,4,53.26645815053719,69.703125,-154.1027374267578,-209.22213745117188,1,3.456924464168393,1.0489867648046864,0.9917356675284402,0.07077987803296258,0.8923587181757672,0.8923587181757672,0.8834663571134764
69,553,499,LCX,4,53.792627237510374,70.04682922363281,-154.2106170654297,-209.60565185546875,1,3.069702927150364,0.988492179715794,0.9072162690381746,0.19797276696358201,0.8609904644125209,0.8609904644125209,0.8805485001209672
69,554,500,LCX,4,54.36793659932569,70.38986206054688,-154.29066467285156,-210.06051635742188,1,2.905503878297692,0.9616915351647329,0.8715329537430393,0.2777230336144463,0.8350585049214831,0.8350585049214831,0.8773581370118657
69,555,501,LCX,4,54.96445585481832,70.72714233398438,-154.328125,-210.5511016845703,1,2.764551828226404,0.9380747186615451,0.8642279045561112,0.29239341919785666,0.8179427434680053,0.8179427434680053,0.8740501549887897
69,556,502,LCX,4,55.554511104622776,71.0398941040039,-154.36558532714844,-211.050048828125,1,2.585494793934746,0.9071871656864158,0.8707583863358231,0.1999180670646312,0.8077718874004213,0.8077718874004213,0.8707780189412068
69,557,503,LCX,4,56.12569888649125,71.30428314208984,-154.4456787109375,-211.54998779296875,1,2.523839181113249,0.8963051726317046,0.8309495871273095,0.17055615812262195,0.8028169789416909,0.8028169789416909,0.867610511946548
69,558,504,LCX,4,56.68882817002097,71.53946685791016,-154.5543212890625,-212.04998779296875,1,2.54319208627012,0.899735062962514,0.7966404203313926,0.1836287627594411,0.8030138437734904,0.8030138437734904,0.8644876931449227
69,559,505,LCX,4,57.26001595188945,71.8038558959961,-154.6344146728516,-212.5499267578125,1,2.528178493296217,0.8970753638649466,0.7997001065274091,0.18702824091135956,0.8071782611201007,0.8071782611201007,0.8613201861502637
69,560,506,LCX,4,57.85007120169393,72.11660766601562,-154.671875,-213.04887390136722,1,2.4536004418113526,0.8837450296174062,0.8119077204452388,0.14397951867922718,0.811975328469499,0.811975328469499,0.8580480501026808
69,561,507,LCX,4,58.44659333360884,72.45388793945312,-154.70938110351562,-213.53945922851562,1,2.4463054990438713,0.8824302946813624,0.8164506717004941,0.14168238975647293,0.814779507523827,0.814779507523827,0.8547400521284798
69,562,508,LCX,4,59.022064024890184,72.79692077636719,-154.7902374267578,-213.99438476562503,1,2.6395920473683168,0.9166287384592783,0.829391754400603,0.17023541812556028,0.8156402168481361,0.8156402168481361,0.8515487943710187
69,563,509,LCX,4,59.550623665572054,73.140625,-154.90603637695312,-214.37887573242188,1,2.894226660139596,0.9598233997872356,0.8449468692532929,0.18087997679000414,0.8147236084103107,0.8147236084103107,0.8486176806250674
69,564,510,LCX,4,60.048756706475125,73.484375,-155.0229034423828,-214.7199249267578,1,3.0502550985978507,0.9853559525705465,0.8760238591477013,0.1772350144809205,0.8086368369888658,0.8086368369888658,0.845855296797161
69,565,511,LCX,4,60.577045182965826,73.82812500000001,-155.16497802734375,-215.09507751464844,1,3.0139627419891997,0.9794764608528209,0.8567417666104614,0.19271211966806007,0.7917668599940921,0.7917668599940921,0.8429256867851821
69,566,512,LCX,4,61.148431894389276,74.171875,-155.36589050292972,-215.50489807128906,1,2.6972717478521413,0.9265895871773917,0.782045343201458,0.29576220009241794,0.7628068634525408,0.7628068634525408,0.839757076631848
69,567,513,LCX,4,61.70294565342986,74.515625,-155.5863037109375,-215.8800506591797,1,2.176991799834866,0.832440996124339,0.7205399779240499,0.3881388076868014,0.729298618986,0.729298618986,0.8366820349972913
69,568,514,LCX,4,62.225694181395816,74.859375,-155.7832489013672,-216.22109985351562,1,1.862751597487945,0.7700209406146447,0.7001973685252731,0.3300436958869764,0.7038387001290918,0.7038387001290918,0.8337831466258293
69,569,515,LCX,4,62.77308827477457,75.203125,-155.966796875,-216.60552978515628,1,1.9388182966703082,0.7855857886597598,0.7371608100783389,0.25080638887546103,0.6948844403133069,0.6948844403133069,0.8307475869121039
69,570,516,LCX,4,63.37576797024239,75.546875,-156.1644287109375,-217.0594024658203,1,1.9579771685279148,0.7894577187313969,0.7221433994989116,0.2951829135470986,0.701305265066847,0.701305265066847,0.827405442329304
69,571,517,LCX,4,64.00889830614656,75.890625,-156.390625,-217.5405731201172,1,2.1295671939376044,0.8233239284285458,0.7650032485459077,0.3089417119474528,0.7151373688889944,0.7151373688889944,0.8238944345116178
69,572,518,LCX,4,64.62153950125087,76.234375,-156.6168212890625,-217.99444580078125,1,2.4258796332287194,0.8787385674639583,0.7971885361788618,0.3016172566174074,0.7286473280800682,0.7286473280800682,0.820497048691562
69,573,519,LCX,4,65.17388498952864,76.578125,-156.8144989013672,-218.3789520263672,1,2.5091548350024726,0.8936939017063646,0.812655974969182,0.22724665564110363,0.739464846738151,0.739464846738151,0.81743403114615
69,574,520,LCX,4,65.69267927343172,76.921875,-156.99880981445312,-218.7210235595703,1,2.390568442185955,0.8723196482636243,0.810528325061321,0.15987604866858296,0.7504852571497088,0.7504852571497088,0.8145570709323365
69,575,521,LCX,4,66.24741540575168,77.265625,-157.2029571533203,-219.1055908203125,1,2.029174282933717,0.8036829194699279,0.7532227105978376,0.16265507112945027,0.7651040952532525,0.7651040952532525,0.8114807961325405
69,576,522,LCX,4,66.87322981759515,77.60937500000001,-157.46087646484375,-219.56051635742188,1,2.0801461690746126,0.8137143788355887,0.7626243325952776,0.21783742643550263,0.7821034398295764,0.7821034398295764,0.808010358581534
69,577,523,LCX,4,67.54865476562823,77.953125,-157.7729034423828,-220.0511016845703,1,2.2542917425038596,0.8470911096106857,0.7853240495349064,0.24352926352318474,0.7955298091244897,0.7955298091244897,0.8042648070918585
69,578,524,LCX,4,68.24208062365174,78.296875,-158.11013793945312,-220.550048828125,1,2.3163592668636914,0.8586734272097573,0.7992358377723042,0.24166204648505452,0.7996549989686892,0.7996549989686892,0.8004194320238175
69,579,525,LCX,4,68.9390559160907,78.640625,-158.4531707763672,-221.04998779296875,1,2.2402944145195693,0.8444571392935856,0.7819041545376059,0.2567060986480171,0.7929244411521443,0.7929244411521443,0.7965543736595034
69,580,526,LCX,4,69.63640565319757,78.984375,-158.796875,-221.54998779296875,1,1.9924036444176154,0.7963678655538161,0.7419772048754204,0.17984251864322995,0.7772144372982707,0.7772144372982707,0.7926872388220182
69,581,527,LCX,4,70.33373419382177,79.328125,-159.140625,-222.04992675781253,1,2.0320544286439515,0.8042530782663652,0.745609624642776,0.14460101708039347,0.7556992188851084,0.7556992188851084,0.7888202215290766
69,582,528,LCX,4,71.03028570304126,79.67182922363283,-159.484375,-222.54881286621094,1,1.9829689479722283,0.7944800942346077,0.7156586557955156,0.2613338224565339,0.7322318721578461,0.7322318721578461,0.7849575132435885
69,583,529,LCX,4,71.71984539527412,80.01486206054688,-159.82812500000003,-223.03836059570312,1,1.971916014080695,0.7922628111971558,0.7151692685810086,0.3597596101190721,0.709825972949601,0.709825972949601,0.7811335778974273
69,584,530,LCX,4,72.37584387223848,80.35214233398439,-160.171875,-223.48379516601562,1,2.340098796613741,0.8630623277660459,0.783987013536533,0.2961358583153551,0.687816638137714,0.687816638137714,0.7774957553980159
69,585,531,LCX,4,72.95070706472292,80.6648941040039,-160.515625,-223.82215881347656,1,2.19666421843342,0.8361937199916939,0.720882313036423,0.33332330540499744,0.6628147018803909,0.6628147018803909,0.7743078665093391
69,586,532,LCX,4,73.43524380496541,80.92928314208984,-160.859375,-224.0382843017578,1,1.9299857414776393,0.7837943235990461,0.6650993893288466,0.3734449994747898,0.6340340464064061,0.6340340464064061,0.7716208806132705
69,587,533,LCX,4,73.8855268048129,81.16446685791017,-161.203125,-224.2093963623047,1,1.4240863359178928,0.6732761391152341,0.6266717963387233,0.3354308706444218,0.6060568153019702,0.6060568153019702,0.7691238479440367
69,588,534,LCX,4,74.35113273567646,81.4288558959961,-161.546875,-224.37887573242188,1,1.396984262077502,0.6668387372239531,0.6292319855318296,0.34310272299724526,0.5859606528012864,0.5859606528012864,0.7665418423592173
69,589,535,LCX,4,74.83263453440925,81.74160766601562,-161.890625,-224.5048370361328,1,1.3807085469820377,0.6629428183809214,0.610754848598131,0.3866323422805734,0.5792275444424809,0.5792275444424809,0.7638716866523888
69,590,536,LCX,4,75.32257295740266,82.07884979248047,-162.234375,-224.59507751464844,1,1.4037939265725647,0.6684620295819425,0.5910572057593979,0.3776167113164207,0.5874761539448949,0.5874761539448949,0.7611547458650575
69,591,537,LCX,4,75.8234926245613,82.42115020751953,-162.578125,-224.7199249267578,1,1.7508331605551237,0.746530310210582,0.7091683700710473,0.36431977596954623,0.6069903455607923,0.6069903455607923,0.7583769088736975
69,592,538,LCX,4,76.33060372972838,82.75839233398438,-162.921875,-224.87887573242188,1,2.0723163277694394,0.8121814910653292,0.7766558440937813,0.2875369598138888,0.6290994368562035,0.6290994368562035,0.7555647374238261
69,593,539,LCX,4,76.80947748021161,83.0711441040039,-163.265625,-224.994384765625,1,1.9165482320388723,0.7810609768808314,0.7398499173867754,0.22799442959600616,0.6448525612537989,0.6448525612537989,0.7529091554902416
69,594,540,LCX,4,77.24545125203852,83.33548736572266,-163.609375,-225.03945922851562,1,1.7058663690626377,0.736881353937718,0.6865535275450861,0.15909427900046838,0.6507413071439173,0.6507413071439173,0.7504914742729856
69,595,541,LCX,4,77.66165704598671,83.56995391845703,-163.953125,-225.0488739013672,1,1.7438247578045205,0.745034670455834,0.6879443657841021,0.16485580225427582,0.649042255688354,0.649042255688354,0.7481834158631299
69,596,542,LCX,4,78.09138245964138,83.82782745361328,-164.296875,-225.04992675781253,1,1.880996102805998,0.7737826926187553,0.7173610379486377,0.180624809682995,0.6428283527111451,0.6428283527111451,0.7458003847536736
69,597,543,LCX,4,78.53539318312912,84.1088638305664,-164.640625,-225.05004882812503,1,1.8940376200635436,0.7764604943396956,0.7153362228450657,0.15623621432514262,0.6326201558202635,0.6326201558202635,0.7433381348299266
69,598,544,LCX,4,78.96126763174297,84.36026763916016,-164.98437500000003,-225.0511016845703,1,1.8050746338583545,0.7580060034437066,0.7027347323592695,0.15397429157555645,0.6193425123945169,0.6193425123945169,0.7409764591469873
69,599,545,LCX,4,79.36046387124507,84.5630111694336,-165.328125,-225.06051635742188,1,1.7461468812787873,0.7455305594273328,0.6800353837227996,0.21300954685788126,0.6094419043886858,0.6094419043886858,0.7387627267790994
69,600,546,LCX,4,79.75037894314842,84.74153137207031,-165.67182922363284,-225.1055908203125,1,1.8391257787700304,0.765122158428289,0.6977258509448356,0.27690808771211517,0.6138186537080523,0.6138186537080523,0.7366004628848392
69,601,547,LCX,4,80.15163657802272,84.91471862792969,-166.01486206054688,-225.22109985351562,1,2.101933139051123,0.8179646069710479,0.7104371306354951,0.28945645376113915,0.6388503600411528,0.6388503600411528,0.7343752991025067
69,602,548,LCX,4,80.5650284069463,85.0932388305664,-166.35214233398438,-225.3800506591797,1,2.4921565598941444,0.8906615917014119,0.7834114391809578,0.22224034973471007,0.678204663784937,0.678204663784937,0.7320828454625377
69,603,549,LCX,4,80.95810633471633,85.29598236083984,-166.66490173339844,-225.50489807128906,1,2.600664836189651,0.9098446724632256,0.811739875391285,0.19968737166447542,0.7153907862528441,0.7153907862528441,0.7299030420332964
69,604,550,LCX,4,81.33390650473699,85.5473403930664,-166.92929077148438,-225.59513854980472,1,2.5398170444690975,0.8991378505838858,0.8335757156454775,0.17524706542409701,0.735790248877743,0.735790248877743,0.7278190519604687
69,605,551,LCX,4,81.72085624375909,85.82765960693361,-167.16445922851562,-225.72102355957034,1,2.4444134283569854,0.8820889751983308,0.8450882314691038,0.10378217465493846,0.7363772845711629,0.7363772845711629,0.725673232242609
69,606,552,LCX,4,82.12267094549931,86.07901763916016,-167.42884826660156,-225.88946533203125,1,2.290725310643942,0.8539089605510658,0.8024434584044884,0.0849078272999757,0.7244636148883559,0.7244636148883559,0.723444979260454
69,607,553,LCX,4,82.52893402707541,86.2817611694336,-167.74160766601562,-226.0511016845703,1,2.184623465552685,0.8338988228043696,0.8050624923148539,0.1647777146142163,0.7093931408677893,0.7093931408677893,0.7211920579035679
69,608,554,LCX,4,82.94667854364872,86.46023559570312,-168.07888793945312,-226.22109985351562,1,2.1675005640761635,0.8306243783169295,0.774467836761547,0.26463902155489116,0.6965058667283934,0.6965058667283934,0.7188754665473981
69,609,555,LCX,4,83.38597409631572,86.63270568847656,-168.4219207763672,-226.43455505371094,1,2.273029271155778,0.850604307885882,0.7780762312542838,0.2918064998710944,0.6866201102471691,0.6866201102471691,0.7164393644808528
69,610,556,LCX,4,83.83986634289634,86.80479431152344,-168.765625,-226.6759490966797,1,2.3737248170148817,0.8692410921807864,0.7687978064579963,0.3166915705993675,0.6779177973139645,0.6779177973139645,0.713922316827693
69,611,557,LCX,4,84.29813077694332,86.97726440429688,-169.109375,-226.92514038085938,1,2.471602396098382,0.8869811031773227,0.7775745288508026,0.3034816466892112,0.6675587946775913,0.6675587946775913,0.7113810233226066
69,612,558,LCX,4,84.75899428452922,87.1557388305664,-169.453125,-227.17489624023438,1,2.2385716706541916,0.8441323910976251,0.7476133497456715,0.2884486074784854,0.6529954436482905,0.6529954436482905,0.7088253167227804
69,613,559,LCX,4,85.23001507794467,87.35848236083984,-169.796875,-227.42507934570312,1,2.1350350236631255,0.8243802250058018,0.7488490342218598,0.3032893939914149,0.633473976773538,0.633473976773538,0.7062132831584546
69,614,560,LCX,4,85.72372139425792,87.6098861694336,-170.140625,-227.67483520507815,1,1.8568463420069052,0.7687994197350868,0.7168227168003766,0.3611876213114255,0.6110844168693292,0.6110844168693292,0.7034754476166758
69,615,561,LCX,4,86.2328241943839,87.89087677001953,-170.484375,-227.92396545410156,1,1.8524873042007266,0.7678964923458438,0.7119040397789594,0.41369229544037295,0.5897884533050858,0.5897884533050858,0.7006522312741896
69,616,562,LCX,4,86.72481743431293,88.14803314208984,-170.828125,-228.164306640625,1,1.9759705202449476,0.7930768887073276,0.722097700262991,0.4105803357764324,0.5723698286068349,0.5723698286068349,0.6979238955529629
69,617,563,LCX,4,87.18501510944988,88.37602233886719,-171.171875,-228.3683624267578,1,1.9705079123853084,0.7919798919894536,0.7244505157984711,0.3704611075028587,0.5586312529580396,0.5586312529580396,0.6953718813096721
69,618,564,LCX,4,87.6188333722943,88.60932922363283,-171.515625,-228.49327087402344,1,1.7549990724741316,0.7474179252679849,0.6659278100504497,0.3682348766016547,0.5478646536646565,0.5478646536646565,0.6929661534114397
69,619,565,LCX,4,88.03647339686665,88.84200286865234,-171.859375,-228.53933715820312,1,1.5811376642384058,0.7094305814839332,0.5838022493461533,0.4311604778892232,0.5428112590869009,0.5428112590869009,0.6906501415129447
69,620,566,LCX,4,88.44589679535461,89.06424713134766,-172.203125,-228.54776000976562,1,1.6143072335030286,0.7168332803114117,0.5749600269164448,0.4164721623210946,0.5489650879492628,0.5489650879492628,0.6883796947007854
69,621,567,LCX,4,88.86107267081019,89.29692077636719,-172.54687500000003,-228.53939819335938,1,1.9338275119709207,0.7845740342597038,0.6585870722345353,0.303899941417947,0.5689893650557918,0.5689893650557918,0.6860773476771548
69,622,568,LCX,4,89.27897238965828,89.53026580810547,-172.890625,-228.494384765625,1,2.288426011672312,0.8534803004846917,0.7475793049984415,0.21545770116651167,0.5993992026326102,0.5993992026326102,0.683759895650805
69,623,569,LCX,4,89.7076656732296,89.7589340209961,-173.234375,-228.3789520263672,1,2.3672482261403873,0.8680544415136224,0.7635265578417235,0.28714886335988127,0.6340975226786971,0.6340975226786971,0.6813825881918929
69,624,570,LCX,4,90.1683679972202,90.02188110351562,-173.578125,-228.22102355957034,1,2.393122574825714,0.8727855260123377,0.7614915559933771,0.31372667936236964,0.6688785601553835,0.6688785601553835,0.6788277754315041
69,625,571,LCX,4,90.64301333698701,90.328125,-173.921875,-228.10552978515625,1,2.2498373095150797,0.846253778676226,0.7550057253094578,0.20949171692188268,0.6996285882372268,0.6996285882372268,0.6761956420396178
69,626,572,LCX,4,91.1056980203547,90.63436889648438,-174.265625,-228.0594024658203,1,2.0669431839923917,0.8111278873549966,0.7551684128573583,0.13328297496714936,0.7185870826202311,0.7185870826202311,0.6736298361568404
69,627,573,LCX,4,91.53886474201899,90.89727020263672,-174.609375,-228.04063415527347,1,2.0549630545647406,0.808773797801584,0.7733972068097732,0.15231821925290837,0.7180233699100218,0.7180233699100218,0.6712277213632837
69,628,574,LCX,4,91.95378334947345,91.1252212524414,-174.95312500000003,-227.9955596923828,1,2.021159255327157,0.8020941169978137,0.7526515341550566,0.16782259691463025,0.6985525717838521,0.6985525717838521,0.6689268010126649
69,629,575,LCX,4,92.37912233551519,91.35214233398438,-175.296875,-227.88946533203125,1,1.8356503114895666,0.7643988760611071,0.6950850987174885,0.25850444347675156,0.6709759882279216,0.6709759882279216,0.6665680947234982
69,630,576,LCX,4,92.79365884461207,91.55449676513672,-175.640625,-227.77664184570312,1,1.8461768144848734,0.7665874586071919,0.7071326338594438,0.3764814305014798,0.6489799966450105,0.6489799966450105,0.6642692932893874
69,631,577,LCX,4,93.16814624519857,91.70307922363281,-175.984375,-227.77670288085938,1,1.906405045810734,0.7789913819499026,0.7463152446199647,0.36837268885575913,0.6400352829087915,0.6400352829087915,0.6621925831453276
69,632,578,LCX,4,93.55931062125777,91.85099029541016,-176.328125,-227.8905792236328,1,1.9310687998038745,0.7840142153549517,0.7412246629838085,0.2753155562017647,0.6416815653974045,0.6416815653974045,0.6600233912673504
69,633,579,LCX,4,93.97144623029416,92.04682922363281,-176.671875,-228.00607299804688,1,1.9243784506082189,0.7826548955878585,0.7297414568363252,0.17965215080877364,0.6454096148206764,0.6454096148206764,0.6577379039621067
69,634,580,LCX,4,94.37692454941411,92.24203491210938,-177.015625,-228.0963134765625,1,1.924515306354716,0.7826827250711061,0.724705667039366,0.21033463850081552,0.6447540228149253,0.6447540228149253,0.6554893344850189
69,635,581,LCX,4,94.77273796975298,92.3841552734375,-177.359375,-228.2316131591797,1,1.7645976823184886,0.7494590632042413,0.7104247369956871,0.34342229935879653,0.6403023440790998,0.6403023440790998,0.6532943614528544
69,636,582,LCX,4,95.19628222142296,92.50749206542969,-177.70312500000003,-228.4461212158203,1,1.8312571287269535,0.7634836266864744,0.7190358292621256,0.33614118482866484,0.6373009970653029,0.6373009970653029,0.6509456078164872
69,637,583,LCX,4,95.66683396214334,92.65496826171875,-178.046875,-228.7316131591797,1,1.96209325446199,0.7902870873991169,0.7471551772217064,0.32101292302329787,0.6393640738264467,0.6393640738264467,0.6483361753716875
69,638,584,LCX,4,96.19468080226562,92.8209228515625,-178.390625,-229.09619140625,1,2.0444909451876105,0.8067104065688374,0.7569832669955112,0.2547918321345573,0.6448043050887082,0.6448043050887082,0.6454090144427082
69,639,585,LCX,4,96.75456344997218,92.9915771484375,-178.734375,-229.50384521484378,1,1.9456703613467436,0.78697275128905,0.7295893215075567,0.16214804035600192,0.6479646861641379,0.6479646861641379,0.6423041997756344
69,640,586,LCX,4,97.28312366484579,93.15748596191406,-179.078125,-229.86947631835938,1,1.9919799177840107,0.7962831788442005,0.7335984324017292,0.17883201213740538,0.643255235790329,0.643255235790329,0.6393730828455175
69,641,587,LCX,4,97.75917508638241,93.30423736572266,-179.421875,-230.164306640625,1,1.9064787449832743,0.7790064392079452,0.7229248327602796,0.30811422099517555,0.6287042542030903,0.6287042542030903,0.6367331520637317
69,642,588,LCX,4,98.20490836055473,93.42115020751953,-179.765625,-230.4228515625,1,1.8130575021100463,0.7596802795527318,0.6986372559416051,0.3652123081047836,0.6071874795232483,0.6071874795232483,0.634261349779946
69,643,589,LCX,4,98.63957448881227,93.53295135498047,-180.10937500000003,-230.66424560546875,1,1.5674861141802938,0.7063613286409454,0.6652390253636813,0.3743621859462043,0.5847747581320877,0.5847747581320877,0.6318509200661081
69,644,590,LCX,4,99.05744245860414,93.65454864501953,-180.453125,-230.8683624267578,1,1.6506498699904102,0.7248573461350422,0.6610077921211964,0.33706400139872505,0.567084114312935,0.567084114312935,0.6295336441033244
69,645,591,LCX,4,99.43990057458251,93.76638793945314,-180.796875,-230.99327087402344,1,1.5314620242693342,0.6981973235697552,0.6422575667071101,0.26601655582500355,0.5566645572585198,0.5566645572585198,0.6274127325642809
69,646,592,LCX,4,99.8061387553986,93.88402557373047,-181.140625,-231.0393981933594,1,1.3930637325105257,0.6659023638208472,0.6072458996580276,0.22909989188472601,0.5537343626718864,0.5537343626718864,0.6253817682539953
69,647,593,LCX,4,100.18260995792869,94.03724670410156,-181.484375,-231.0488739013672,1,1.3038852512289947,0.6442356447104,0.5747703732155237,0.23358738865705989,0.5582273038663684,0.5582273038663684,0.6232940569878319
69,648,594,LCX,4,100.57878616145864,94.23419952392578,-181.828125,-231.0499267578125,1,1.3875905364209,0.6645929473879796,0.6013426019381475,0.2116622070370256,0.5694429096893129,0.5694429096893129,0.6210970721509128
69,649,595,LCX,4,101.0042363470988,94.4848861694336,-182.171875,-231.04998779296875,1,1.5341794426230932,0.6988164879042769,0.6212779401930071,0.15328951268340713,0.5839185127414597,0.5839185127414597,0.6187377492072642
69,650,596,LCX,4,101.44776454912589,94.76515960693361,-182.51562500000003,-231.0499267578125,1,1.5551600948559468,0.7035785903445112,0.623130627712122,0.13676534191945738,0.5951580295291312,0.5951580295291312,0.6162781750937327
69,651,597,LCX,4,101.87361197646517,95.01651763916017,-182.859375,-231.0488739013672,1,1.5981585953290625,0.7132388664275389,0.6463727226999572,0.03859493152658583,0.596521171613021,0.596521171613021,0.613916649256569
69,652,598,LCX,4,102.27280821596729,95.2192611694336,-183.203125,-231.03945922851562,1,1.4500600346618546,0.6793882870589384,0.6119852615668446,0.07923029074063889,0.5854984074806845,0.5854984074806845,0.6117029168886808
69,653,599,LCX,4,102.66273563486551,95.39773559570312,-183.546875,-230.99444580078128,1,1.1161013073554438,0.5960420120376511,0.5401630734091212,0.1874433680674914,0.5664327496448014,0.5664327496448014,0.6095405845244817
69,654,600,LCX,4,103.06393758690166,95.57015991210938,-183.890625,-230.88012695312503,1,1.0017747471448593,0.5646900085405052,0.5265126581540773,0.22865360373414237,0.5489453533218692,0.5489453533218692,0.6073157295298804
69,655,601,LCX,4,103.47537040994514,95.74153137207031,-184.234375,-230.732666015625,1,1.0326223776308385,0.5733183334714734,0.46046119737914276,0.3014575666722984,0.5417608062325989,0.5417608062325989,0.6050341395060893
69,656,602,LCX,4,103.86191809290247,95.90748596191406,-184.578125,-230.67172241210938,1,1.1231504361812785,0.5979213054475794,0.5565330431083307,0.315645356469087,0.5462256313865586,0.5462256313865586,0.6028905493796843
69,657,603,LCX,4,104.25311989370125,96.05423736572266,-184.921875,-230.78721618652347,1,1.0317880524819192,0.5730866754264269,0.5371047319966695,0.19439220551634798,0.5552500373023166,0.5552500373023166,0.6007211499637869
