iteration,measurementP_area_m2,measurementP_p_kin,measurementP_p_Pa,measurementP_p_over_Paorta,measurementFlux_area_m2,measurementFlux_Q_m3s,measurementFlux_Q_mls,throatP_area_m2,throatP_p_kin,throatP_p_Pa,throatP_p_over_Paorta,throatFlux_area_m2,throatFlux_Q_m3s,throatFlux_Q_mls
1,3.43919626e-06,8.27156447,8767.8583382,0.7307169724593258,3.43919626e-06,4.63118823e-09,0.0046311882300000004,1.03251484e-06,9.82003141,10409.2332946,0.8675098462202622,1.03251484e-06,8.22537049e-09,0.00822537049
2,3.43919626e-06,6.20945328,6582.0204768,0.5485483330083057,3.43919626e-06,2.13896534e-08,0.0213896534,1.03251484e-06,8.84319514,9373.786848400001,0.7812153073344569,1.03251484e-06,3.73553862e-08,0.0373553862
3,3.43919626e-06,6.64148131,7039.970188599999,0.586714053077845,3.43919626e-06,4.34787652e-08,0.0434787652,1.03251484e-06,9.06082943,9604.4791958,0.8004413038274921,1.03251484e-06,7.49164766e-08,0.0749164766
4,3.43919626e-06,7.91727701,8392.3136306,0.6994189198248518,3.43919626e-06,6.14479526e-08,0.0614479526,1.03251484e-06,9.67553417,10256.0662202,0.8547448383279246,1.03251484e-06,1.06071992e-07,0.10607199199999999
5,3.43919626e-06,8.29118903,8788.6603718,0.7324506226195894,3.43919626e-06,7.42780626e-08,0.0742780626,1.03251484e-06,9.8441583,10434.807798,0.8696412360050605,1.03251484e-06,1.29097824e-07,0.129097824
6,3.43919626e-06,7.67207293,8132.397305799999,0.6777573848610465,3.43919626e-06,8.58477811e-08,0.08584778109999999,1.03251484e-06,9.53205511,10103.978416599999,0.842069777314405,1.03251484e-06,1.50794812e-07,0.150794812
7,3.43919626e-06,6.88375771,7296.7831726,0.608116954324451,3.43919626e-06,9.92894827e-08,0.0992894827,1.03251484e-06,9.14680222,9695.6103532,0.8080362125113968,1.03251484e-06,1.75974989e-07,0.175974989
8,3.43919626e-06,6.6076529,7004.112074,0.5837256228446085,3.43919626e-06,1.14629577e-07,0.114629577,1.03251484e-06,9.01870875,9559.831275,0.7967203274778357,1.03251484e-06,2.04172446e-07,0.20417244599999998
9,3.43919626e-06,6.80989777,7218.4916362,0.6015921050122595,3.43919626e-06,1.30070197e-07,0.130070197,1.03251484e-06,9.1197985,9666.98641,0.8056506811412303,1.03251484e-06,2.32261823e-07,0.232261823
10,3.43919626e-06,7.0229587,7444.336222,0.620414087030731,3.43919626e-06,1.44249059e-07,0.144249059,1.03251484e-06,9.21718995,9770.221347,0.8142543238675288,1.03251484e-06,2.58343368e-07,0.258343368
11,3.43919626e-06,6.94883532,7365.7654391999995,0.6138659652070426,3.43919626e-06,1.57239643e-07,0.157239643,1.03251484e-06,9.16940667,9719.571070200001,0.8100331086642366,1.03251484e-06,2.82969151e-07,0.282969151
12,3.43919626e-06,6.67913722,7079.8854532000005,0.5900406078850036,3.43919626e-06,1.69878878e-07,0.16987887799999998,1.03251484e-06,9.02858535,9570.300471,0.7975928346409445,1.03251484e-06,3.07593926e-07,0.307593926
13,3.43919626e-06,6.46452379,6852.395217400001,0.5710814767088537,3.43919626e-06,1.82703506e-07,0.182703506,1.03251484e-06,8.91872184,9453.8451504,0.7878873996289685,1.03251484e-06,3.32829861e-07,0.332829861
14,3.43919626e-06,6.42429395,6809.751587,0.5675275387574611,3.43919626e-06,1.9557363e-07,0.19557363,1.03251484e-06,8.89598546,9429.7445876,0.7858788486688035,1.03251484e-06,3.58191767e-07,0.358191767
15,3.43919626e-06,6.47285531,6861.2266285999995,0.571817490203334,3.43919626e-06,2.08076517e-07,0.20807651700000002,1.03251484e-06,8.91406294,9448.9067164,0.7874758284787541,1.03251484e-06,3.82968396e-07,0.382968396
16,3.43919626e-06,6.49144499,6880.931689399999,0.573459718192713,3.43919626e-06,2.19996547e-07,0.21999654700000001,1.03251484e-06,8.91497351,9449.871920599999,0.7875562689995316,1.03251484e-06,4.06950882e-07,0.406950882
17,3.43919626e-06,6.43311145,6819.098137,0.5683064841344848,3.43919626e-06,2.31446152e-07,0.231446152,1.03251484e-06,8.87643432,9409.0203792,0.7841516844931818,1.03251484e-06,4.30382804e-07,0.43038280399999995
18,3.43919626e-06,6.34845685,6729.364261,0.5608280254654979,3.43919626e-06,2.4259846e-07,0.24259846,1.03251484e-06,8.82490819,9354.4026814,0.7795998227682688,1.03251484e-06,4.53555063e-07,0.453555063
19,3.43919626e-06,6.29659054,6674.3859724,0.5562461119528493,3.43919626e-06,2.53507078e-07,0.253507078,1.03251484e-06,8.79084809,9318.298975400001,0.7765909248452786,1.03251484e-06,4.76510784e-07,0.476510784
20,3.43919626e-06,6.2935032,6671.113392,0.5559733737367677,3.43919626e-06,2.64119023e-07,0.264119023,1.03251484e-06,8.78110831,9307.9748086,0.7757305044762138,1.03251484e-06,4.99107008e-07,0.499107008
21,3.43919626e-06,6.31437527,6693.2377862,0.5578172299812151,3.43919626e-06,2.7440974e-07,0.27440974,1.03251484e-06,8.78252718,9309.478810800001,0.7758558486471351,1.03251484e-06,5.21195671e-07,0.521195671
22,3.43919626e-06,6.31992906,6699.1248036,0.5583078564677998,3.43919626e-06,2.84397289e-07,0.284397289,1.03251484e-06,8.77492863,9301.424347799999,0.7751845863398388,1.03251484e-06,5.42753265e-07,0.542753265
23,3.43919626e-06,6.30572314,6684.0665284,0.5570528935292833,3.43919626e-06,2.94066778e-07,0.294066778,1.03251484e-06,8.75689373,9282.307353799999,0.7735913680829537,1.03251484e-06,5.63871313e-07,0.563871313
24,3.43919626e-06,6.29299225,6670.571785,0.5559282359833919,3.43919626e-06,3.03415683e-07,0.303415683,1.03251484e-06,8.73950189,9263.8720034,0.7720549582881212,1.03251484e-06,5.846175e-07,0.5846175
25,3.43919626e-06,6.29709826,6674.924155600001,0.5562909643653045,3.43919626e-06,3.12467684e-07,0.312467684,1.03251484e-06,8.73084809,9254.6989754,0.7712904743069828,1.03251484e-06,6.04978874e-07,0.604978874
26,3.43919626e-06,6.31715367,6696.1828902,0.5580626761774751,3.43919626e-06,3.2125254e-07,0.32125254,1.03251484e-06,8.72988209,9253.6750154,0.7712051370533163,1.03251484e-06,6.24908683e-07,0.624908683
27,3.43919626e-06,6.34075572,6721.2010632,0.5601477011545982,3.43919626e-06,3.29786213e-07,0.329786213,1.03251484e-06,8.73047214,9254.3004684,0.7712572625673183,1.03251484e-06,6.44382692e-07,0.644382692
28,3.43919626e-06,6.36105195,6742.715067,0.5619406872084127,3.43919626e-06,3.38069483e-07,0.338069483,1.03251484e-06,8.72892527,9252.6607862,0.7711206107685821,1.03251484e-06,6.63417105e-07,0.663417105
29,3.43919626e-06,6.37931648,6762.0754688,0.5635541911729164,3.43919626e-06,3.46098292e-07,0.34609829200000003,1.03251484e-06,8.72602686,9249.5884716,0.770864562787837,1.03251484e-06,6.82037518e-07,0.682037518
30,3.43919626e-06,6.40160379,6785.7000174,0.5655230709110275,3.43919626e-06,3.53874953e-07,0.353874953,1.03251484e-06,8.72476066,9248.2462996,0.7707527056133104,1.03251484e-06,7.00255593e-07,0.7002555930000001
31,3.43919626e-06,6.43121238,6817.0851228,0.5681387186910888,3.43919626e-06,3.61415225e-07,0.361415225,1.03251484e-06,8.72740986,9251.054451599999,0.7709867381727447,1.03251484e-06,7.18065244e-07,0.7180652439999999
32,3.43919626e-06,6.46524815,6853.163039,0.5711454672813856,3.43919626e-06,3.68739048e-07,0.368739048,1.03251484e-06,8.73221523,9256.1481438,0.7714112486061315,1.03251484e-06,7.35460062e-07,0.7354600619999999
33,3.43919626e-06,6.5016855,6891.78663,0.5743643734717451,3.43919626e-06,3.75857637e-07,0.37585763699999997,1.03251484e-06,8.73814449,9262.4331594,0.7719350444287765,1.03251484e-06,7.52443017e-07,0.7524430169999999
34,3.43919626e-06,6.536832,6929.041920000001,0.5774692448858154,3.43919626e-06,3.82774727e-07,0.382774727,1.03251484e-06,8.74318376,9267.7747856,0.7723802177851785,1.03251484e-06,7.69024804e-07,0.7690248040000001
35,3.43919626e-06,6.57363266,6968.050619600001,0.5807202461875927,3.43919626e-06,3.89487995e-07,0.38948799500000003,1.03251484e-06,8.74870506,9273.6273636,0.7728679740777967,1.03251484e-06,7.85218701e-07,0.785218701
36,3.43919626e-06,6.61355306,7010.3662436,0.5842468479487424,3.43919626e-06,3.96007683e-07,0.396007683,1.03251484e-06,8.75575285,9281.098021,0.7734905817827848,1.03251484e-06,8.01026138e-07,0.801026138
37,3.43919626e-06,6.65567486,7055.0153516,0.5879679232401421,3.43919626e-06,4.02345556e-07,0.40234555600000005,1.03251484e-06,8.76402593,9289.867485800001,0.7742214326384411,1.03251484e-06,8.164488e-07,0.8164488
38,3.43919626e-06,6.6998913,7101.884778,0.5918740407934674,3.43919626e-06,4.08510056e-07,0.408510056,1.03251484e-06,8.77332111,9299.7203766,0.7750425766690169,1.03251484e-06,8.31492282e-07,0.8314922819999999
39,3.43919626e-06,6.74531807,7150.037154199999,0.5958870799184597,3.43919626e-06,4.14509189e-07,0.414509189,1.03251484e-06,8.78327601,9310.2725706,0.7759220009200782,1.03251484e-06,8.46162643e-07,0.846162643
40,3.43919626e-06,6.79123578,7198.7099268,0.5999434890965732,3.43919626e-06,4.2034802e-07,0.42034802,1.03251484e-06,8.79332431,9320.9237686,0.7768096762058109,1.03251484e-06,8.60467422e-07,0.860467422
41,3.43919626e-06,6.83819452,7248.4861912,0.6040918637417514,3.43919626e-06,4.26030637e-07,0.426030637,1.03251484e-06,8.80378501,9332.0121106,0.77773378325491,1.03251484e-06,8.7441311e-07,0.87441311
42,3.43919626e-06,6.88610943,7299.275995800001,0.6083247072501163,3.43919626e-06,4.3156287e-07,0.43156287000000004,1.03251484e-06,8.8147259,9343.609454,0.7787003106930755,1.03251484e-06,8.88004811e-07,0.888004811
43,3.43919626e-06,6.9350798,7351.184587999999,0.6126507909839003,3.43919626e-06,4.36950655e-07,0.436950655,1.03251484e-06,8.82626717,9355.843200199999,0.7797198762061441,1.03251484e-06,9.01249096e-07,0.9012490959999999
44,3.43919626e-06,6.98512913,7404.2368778,0.6170721909528977,3.43919626e-06,4.4220054e-07,0.44220054,1.03251484e-06,8.83844656,9368.7533536,0.7807958137775044,1.03251484e-06,9.14151915e-07,0.914151915
45,3.43919626e-06,7.0358382,7457.9884919999995,0.6215518729091972,3.43919626e-06,4.47318735e-07,0.44731873499999997,1.03251484e-06,8.85094399,9382.0006294,0.7818998472703513,1.03251484e-06,9.26718396e-07,0.9267183959999999
46,3.43919626e-06,7.08680327,7512.0114662,0.626054170121127,3.43919626e-06,4.52309864e-07,0.452309864,1.03251484e-06,8.86363312,9395.451107199999,0.783020815702668,1.03251484e-06,9.38954479e-07,0.938954479
47,3.43919626e-06,7.13832632,7566.6258992,0.630605759756246,3.43919626e-06,4.57178193e-07,0.45717819299999995,1.03251484e-06,8.87660425,9409.200504999999,0.7841666962525148,1.03251484e-06,9.50866673e-07,0.9508666729999999
48,3.43919626e-06,7.1903367,7621.756901999999,0.6352004005340454,3.43919626e-06,4.61928861e-07,0.461928861,1.03251484e-06,8.88985575,9423.247095,0.7853373449243186,1.03251484e-06,9.62460482e-07,0.9624604819999999
49,3.43919626e-06,7.24265022,7677.2092332,0.6398218209547812,3.43919626e-06,4.66566243e-07,0.466566243,1.03251484e-06,8.90333945,9437.539817,0.7865285063397056,1.03251484e-06,9.73741694e-07,0.9737416939999999
50,3.43919626e-06,7.29512194,7732.829256399999,0.6444572168967695,3.43919626e-06,4.71094143e-07,0.471094143,1.03251484e-06,8.91699457,9452.0142442,0.7877348111422804,1.03251484e-06,9.8471637e-07,0.98471637
51,3.43919626e-06,7.34773086,7788.594711600001,0.6491047332023223,3.43919626e-06,4.75516509e-07,0.475516509,1.03251484e-06,8.93082189,9466.671203400001,0.7889563282379003,1.03251484e-06,9.95390441e-07,0.995390441
52,3.43919626e-06,7.40004743,7844.0502758,0.6537264230626271,3.43919626e-06,4.79836803e-07,0.47983680300000003,1.03251484e-06,8.94458134,9481.256220399999,0.7901718496405526,1.03251484e-06,1.00577011e-06,1.00577011
53,3.43919626e-06,7.45233169,7899.4715914,0.6583452586303169,3.43919626e-06,4.84057344e-07,0.484057344,1.03251484e-06,8.958421,9495.92626,0.7913944568621667,1.03251484e-06,1.01586215e-06,1.01586215
54,3.43919626e-06,7.50493197,7955.2278882,0.6629920116709921,3.43919626e-06,4.88181925e-07,0.488181925,1.03251484e-06,8.97248796,9510.8372376,0.7926371439572365,1.03251484e-06,1.02567187e-06,1.02567187
55,3.43919626e-06,7.55785684,8011.328250400001,0.667667439265671,3.43919626e-06,4.92214987e-07,0.492214987,1.03251484e-06,8.98685851,9526.0700206,0.7939066504486215,1.03251484e-06,1.03520338e-06,1.03520338
56,3.43919626e-06,7.61029382,8066.9114492,0.6722997662467977,3.43919626e-06,4.9615986e-07,0.49615986,1.03251484e-06,9.00114369,9541.212311399999,0.7951686152822989,1.03251484e-06,1.04446166e-06,1.0444616599999998
57,3.43919626e-06,7.66188949,8121.6028594,0.6768577711938848,3.43919626e-06,5.0001799e-07,0.50001799,1.03251484e-06,9.01509481,9556.0004986,0.7964010689741962,1.03251484e-06,1.05345395e-06,1.05345395
58,3.43919626e-06,7.71242877,8175.1744962,0.6813224537585695,3.43919626e-06,5.03789802e-07,0.503789802,1.03251484e-06,9.02859521,9570.310922600002,0.7975937056816498,1.03251484e-06,1.06218835e-06,1.06218835
59,3.43919626e-06,7.76505722,8230.9606532,0.6859716953607723,3.43919626e-06,5.07478716e-07,0.5074787159999999,1.03251484e-06,9.04325116,9585.8462296,0.7988884246494286,1.03251484e-06,1.07066907e-06,1.0706690700000001
60,3.43919626e-06,7.81655686,8285.550271600001,0.690521216936773,3.43919626e-06,5.11091189e-07,0.511091189,1.03251484e-06,9.05754979,9601.0027774,0.800151577667435,1.03251484e-06,1.07889599e-06,1.07889599
61,3.43919626e-06,7.86613616,8338.1043296,0.6949010940596618,3.43919626e-06,5.14626141e-07,0.5146261409999999,1.03251484e-06,9.07129608,9615.5738448,0.8013659365046029,1.03251484e-06,1.08687901e-06,1.08687901
62,3.43919626e-06,7.91656546,8391.5593876,0.6993560608985098,3.43919626e-06,5.18083892e-07,0.5180838919999999,1.03251484e-06,9.08525335,9630.368551,0.8025989334926802,1.03251484e-06,1.09462606e-06,1.09462606
63,3.43919626e-06,7.96758117,8445.6360402,0.7038628316906936,3.43919626e-06,5.21469454e-07,0.521469454,1.03251484e-06,9.0995501,9645.523106,0.8038619204299032,1.03251484e-06,1.10213707e-06,1.10213707
64,3.43919626e-06,8.01777618,8498.8427508,0.7082971011535981,3.43919626e-06,5.24785637e-07,0.524785637,1.03251484e-06,9.11372568,9660.5492208,0.8051142031072641,1.03251484e-06,1.10941495e-06,1.10941495
65,3.43919626e-06,8.06598603,8549.9451918,0.7125559999099923,3.43919626e-06,5.28032533e-07,0.5280325330000001,1.03251484e-06,9.12730438,9674.9426428,0.8063137569026702,1.03251484e-06,1.11646762e-06,1.11646762
66,3.43919626e-06,8.1133359,8600.136053999999,0.7167389273088212,3.43919626e-06,5.31209418e-07,0.531209418,1.03251484e-06,9.14063462,9689.0726972,0.8074913615323969,1.03251484e-06,1.12330471e-06,1.12330471
67,3.43919626e-06,8.16077293,8650.4193058,0.7209295544954655,3.43919626e-06,5.34317653e-07,0.534317653,1.03251484e-06,9.15404784,9703.2907104,0.8086762966852183,1.03251484e-06,1.12993116e-06,1.12993116
68,3.43919626e-06,8.20802743,8700.509075799999,0.7251040568281637,3.43919626e-06,5.37359617e-07,0.537359617,1.03251484e-06,9.16743247,9717.4784182,0.8098587061733581,1.03251484e-06,1.13634952e-06,1.13634952
69,3.43919626e-06,8.25524664,8750.5614384,0.7292754416125371,3.43919626e-06,5.40337249e-07,0.5403372489999999,1.03251484e-06,9.18098345,9731.842456999999,0.8110558111606152,1.03251484e-06,1.14256286e-06,1.14256286
70,3.43919626e-06,8.30194661,8800.0634066,0.733400956297952,3.43919626e-06,5.43253065e-07,0.543253065,1.03251484e-06,9.19451686,9746.187871600001,0.8122513639992733,1.03251484e-06,1.14857455e-06,1.14857455
71,3.43919626e-06,8.34722496,8848.0584576,0.7374008838751295,3.43919626e-06,5.46108625e-07,0.546108625,1.03251484e-06,9.20758565,9760.040789,0.8134058719157796,1.03251484e-06,1.15438994e-06,1.15438994
72,3.43919626e-06,8.39140835,8894.892851,0.7413040817636166,3.43919626e-06,5.48902886e-07,0.548902886,1.03251484e-06,9.22031855,9773.537663,0.8145307070267639,1.03251484e-06,1.16001638e-06,1.16001638
73,3.43919626e-06,8.43512338,8941.230782800001,0.7451659043352019,3.43919626e-06,5.51635902e-07,0.551635902,1.03251484e-06,9.23296209,9786.9398154,0.8156476480000799,1.03251484e-06,1.16545939e-06,1.1654593899999999
74,3.43919626e-06,8.47861196,8987.3286776,0.7490077221230472,3.43919626e-06,5.54309098e-07,0.5543090980000001,1.03251484e-06,9.24564047,9800.3788982,0.816767666768342,1.03251484e-06,1.17072243e-06,1.1707224299999999
75,3.43919626e-06,8.52199369,9033.313311400001,0.7528401006918922,3.43919626e-06,5.56924513e-07,0.556924513,1.03251484e-06,9.25847289,9813.9812634,0.8179012935599527,1.03251484e-06,1.17580817e-06,1.17580817
76,3.43919626e-06,8.56405031,9077.893328600001,0.7565554179271906,3.43919626e-06,5.59483652e-07,0.5594836519999999,1.03251484e-06,9.27086235,9827.114091,0.8189957888920558,1.03251484e-06,1.18072035e-06,1.18072035
77,3.43919626e-06,8.6052892,9121.606552,0.7601984962055107,3.43919626e-06,5.61986991e-07,0.561986991,1.03251484e-06,9.28305766,9840.0411196,0.8200731328496256,1.03251484e-06,1.18546494e-06,1.18546494
78,3.43919626e-06,8.64604528,9164.807996799998,0.7637989226417577,3.43919626e-06,5.64434775e-07,0.5644347749999999,1.03251484e-06,9.29523785,9852.952121,0.8211491410936597,1.03251484e-06,1.19004634e-06,1.19004634
79,3.43919626e-06,8.68593379,9207.0898174,0.7673227072134464,3.43919626e-06,5.66827409e-07,0.5668274090000001,1.03251484e-06,9.30710981,9865.5363986,0.82219792003987,1.03251484e-06,1.19446851e-06,1.19446851
80,3.43919626e-06,8.72537646,9248.8990476,0.7708071059040018,3.43919626e-06,5.69165728e-07,0.569165728,1.03251484e-06,9.31899708,9878.136904800002,0.8232480514843763,1.03251484e-06,1.19873563e-06,1.1987356299999998
81,3.43919626e-06,8.76397947,9289.818238200001,0.7742173283229076,3.43919626e-06,5.71450718e-07,0.571450718,1.03251484e-06,9.33062778,9890.4654468,0.8242755173189722,1.03251484e-06,1.20285127e-06,1.20285127
82,3.43919626e-06,8.80199849,9330.1183994,0.7775759605733155,3.43919626e-06,5.73683367e-07,0.573683367,1.03251484e-06,9.3422346,9902.768676,0.8253008735742539,1.03251484e-06,1.20681949e-06,1.20681949
83,3.43919626e-06,8.83922543,9369.578955800001,0.7808646198093506,3.43919626e-06,5.75864162e-07,0.575864162,1.03251484e-06,9.35363224,9914.8501744,0.8263077506921422,1.03251484e-06,1.21064414e-06,1.2106441399999999
84,3.43919626e-06,8.87561623,9408.1532038,0.7840794137335008,3.43919626e-06,5.77993785e-07,0.577993785,1.03251484e-06,9.36476106,9926.646723599999,0.827290880024802,1.03251484e-06,1.21432927e-06,1.2143292700000001
85,3.43919626e-06,8.91141667,9446.1016702,0.7872420547579878,3.43919626e-06,5.80072775e-07,0.580072775,1.03251484e-06,9.3758468,9938.397608,0.8282702036339755,1.03251484e-06,1.21787879e-06,1.2178787899999999
86,3.43919626e-06,8.94655257,9483.3457242,0.7903459897591296,3.43919626e-06,5.82101425e-07,0.582101425,1.03251484e-06,9.38679383,9950.0014598,0.8292372734849129,1.03251484e-06,1.22129632e-06,1.22129632
87,3.43919626e-06,8.98096891,9519.827044599999,0.7933863582237822,3.43919626e-06,5.84080558e-07,0.584080558,1.03251484e-06,9.39756527,9961.419186199999,0.8301888315673498,1.03251484e-06,1.22458533e-06,1.22458533
88,3.43919626e-06,9.01465337,9555.5325722,0.7963620717927691,3.43919626e-06,5.86010995e-07,0.586010995,1.03251484e-06,9.40817508,9972.6655848,0.8311261111194451,1.03251484e-06,1.22774936e-06,1.22774936
89,3.43919626e-06,9.04762113,9590.4783978,0.7992744714800758,3.43919626e-06,5.87893377e-07,0.587893377,1.03251484e-06,9.41860696,9983.7233776,0.832047672185469,1.03251484e-06,1.23079196e-06,1.23079196
90,3.43919626e-06,9.0798943,9624.687957999999,0.8021255105017259,3.43919626e-06,5.89728109e-07,0.5897281090000001,1.03251484e-06,9.42889363,9994.6272478,0.8329564052777819,1.03251484e-06,1.23371659e-06,1.23371659
91,3.43919626e-06,9.11150483,9658.195119799999,0.8049180113476312,3.43919626e-06,5.91515763e-07,0.591515763,1.03251484e-06,9.43906252,10005.4062712,0.8338547335856881,1.03251484e-06,1.23652668e-06,1.2365266799999999
92,3.43919626e-06,9.14242613,9690.9716978,0.8076496250347946,3.43919626e-06,5.93256987e-07,0.5932569870000001,1.03251484e-06,9.44907083,10016.0150798,0.834738876121137,1.03251484e-06,1.2392255e-06,1.2392255
93,3.43919626e-06,9.17264833,9723.0072298,0.8103194796391027,3.43919626e-06,5.94952283e-07,0.594952283,1.03251484e-06,9.45890645,10026.440837,0.8356077630765282,1.03251484e-06,1.24181627e-06,1.2418162700000002
94,3.43919626e-06,9.20218578,9754.3169268,0.8129288428516425,3.43919626e-06,5.96602312e-07,0.5966023119999999,1.03251484e-06,9.46855698,10036.6703988,0.8364602990254173,1.03251484e-06,1.24430203e-06,1.24430203
95,3.43919626e-06,9.23104545,9784.908177,0.8154783304080847,3.43919626e-06,5.98207759e-07,0.598207759,1.03251484e-06,9.47808424,10046.7692944,0.8373019451986752,1.03251484e-06,1.24668584e-06,1.24668584
96,3.43919626e-06,9.25923415,9814.788198999999,0.8179685439095655,3.43919626e-06,5.9976881e-07,0.59976881,1.03251484e-06,9.48747674,10056.7253444,0.8381316865600242,1.03251484e-06,1.24897103e-06,1.2489710299999999
97,3.43919626e-06,9.28676379,9843.9696174,0.8204005354955172,3.43919626e-06,6.01286005e-07,0.6012860050000001,1.03251484e-06,9.49671709,10066.5201154,0.8389479868622167,1.03251484e-06,1.25116071e-06,1.25116071
98,3.43919626e-06,9.31364171,9872.4602126,0.8227749535877217,3.43919626e-06,6.02760278e-07,0.602760278,1.03251484e-06,9.50578732,10076.1345592,0.839749258620316,1.03251484e-06,1.25325759e-06,1.25325759
99,3.43919626e-06,9.33986459,9900.2564654,0.8250915048945827,3.43919626e-06,6.0419249e-07,0.6041924900000001,1.03251484e-06,9.51468498,10085.5660788,0.840535285399259,1.03251484e-06,1.25526434e-06,1.25526434
100,3.43919626e-06,9.36543895,9927.365287,0.8273507653983923,3.43919626e-06,6.05583211e-07,0.6055832109999999,1.03251484e-06,9.5234193,10094.824458000001,0.8413068825850198,1.03251484e-06,1.25718368e-06,1.25718368
101,3.43919626e-06,9.39040989,9953.834483400002,0.8295567192711383,3.43919626e-06,6.06932538e-07,0.606932538,1.03251484e-06,9.53204901,10103.9719506,0.842069238435267,1.03251484e-06,1.25901839e-06,1.25901839
102,3.43919626e-06,9.41474917,9979.6341202,0.8317068717674336,3.43919626e-06,6.08240469e-07,0.6082404690000001,1.03251484e-06,9.54053441,10112.9664746,0.8428188458185613,1.03251484e-06,1.26077125e-06,1.26077125
103,3.43919626e-06,9.43845411,10004.7613566,0.8338009861338214,3.43919626e-06,6.09507971e-07,0.609507971,1.03251484e-06,9.54885194,10121.7830564,0.8435536234246578,1.03251484e-06,1.26244486e-06,1.26244486
104,3.43919626e-06,9.46150356,10029.1937736,0.8358371939614867,3.43919626e-06,6.10736397e-07,0.610736397,1.03251484e-06,9.55698493,10130.4040258,0.8442720986117154,1.03251484e-06,1.26404166e-06,1.26404166
105,3.43919626e-06,9.48395417,10052.9914202,0.8378204997591462,3.43919626e-06,6.11926488e-07,0.6119264879999999,1.03251484e-06,9.56496258,10138.8603348,0.8449768509323292,1.03251484e-06,1.26556411e-06,1.2655641100000001
106,3.43919626e-06,9.50582865,10076.178369,0.8397529097473285,3.43919626e-06,6.13078494e-07,0.613078494,1.03251484e-06,9.57280338,10147.1715828,0.8456695138086737,1.03251484e-06,1.2670146e-06,1.2670146
107,3.43919626e-06,9.52712441,10098.7518746,0.8416341951232522,3.43919626e-06,6.14192608e-07,0.614192608,1.03251484e-06,9.58050924,10155.339794399999,0.8463502559717575,1.03251484e-06,1.26839544e-06,1.26839544
108,3.43919626e-06,9.54783242,10120.7023652,0.8434635581691111,3.43919626e-06,6.15269191e-07,0.615269191,1.03251484e-06,9.58806646,10163.3504476,0.8470178671520413,1.03251484e-06,1.26970895e-06,1.26970895
109,3.43919626e-06,9.5679555,10142.03283,0.8452412480060806,3.43919626e-06,6.16309006e-07,0.6163090059999999,1.03251484e-06,9.59546161,10171.1893066,0.8476711609320126,1.03251484e-06,1.27095732e-06,1.27095732
110,3.43919626e-06,9.58750702,10162.7574412,0.8469684457512222,3.43919626e-06,6.17313083e-07,0.617313083,1.03251484e-06,9.6026968,10178.858608,0.8483103237108488,1.03251484e-06,1.27214271e-06,1.27214271
111,3.43919626e-06,9.60650613,10182.8964978,0.8486468431316663,3.43919626e-06,6.18282321e-07,0.618282321,1.03251484e-06,9.60978414,10186.3711884,0.8489364252961502,1.03251484e-06,1.27326718e-06,1.27326718
112,3.43919626e-06,9.62496683,10202.4648398,0.8502776769192049,3.43919626e-06,6.19217313e-07,0.6192173129999999,1.03251484e-06,9.61673082,10193.734669200001,0.8495501008585731,1.03251484e-06,1.27433274e-06,1.27433274
113,3.43919626e-06,9.64289832,10221.4722192,0.8518617598495873,3.43919626e-06,6.201185e-07,0.6201185,1.03251484e-06,9.62353913,10200.9514778,0.8501515526986461,1.03251484e-06,1.27534137e-06,1.27534137
114,3.43919626e-06,9.66031279,10239.931557400001,0.8534001687976812,3.43919626e-06,6.20986508e-07,0.620986508,1.03251484e-06,9.63020601,10208.0183706,0.850740510493392,1.03251484e-06,1.27629499e-06,1.27629499
115,3.43919626e-06,9.6771929,10257.824474,0.8548913719332809,3.43919626e-06,6.21821939e-07,0.6218219389999999,1.03251484e-06,9.63671835,10214.921451,0.851315816094368,1.03251484e-06,1.27719549e-06,1.27719549
116,3.43919626e-06,9.69352584,10275.1373904,0.8563342376101969,3.43919626e-06,6.22625124e-07,0.6226251239999999,1.03251484e-06,9.64306727,10221.6513062,0.8518766850348947,1.03251484e-06,1.27804474e-06,1.27804474
117,3.43919626e-06,9.70930246,10291.8606076,0.8577279575097216,3.43919626e-06,6.23396408e-07,0.6233964080000001,1.03251484e-06,9.6492422,10228.196732,0.8524221835522686,1.03251484e-06,1.27884458e-06,1.2788445800000001
118,3.43919626e-06,9.72463352,10308.1115312,0.8590823162635491,3.43919626e-06,6.24136442e-07,0.6241364420000001,1.03251484e-06,9.65529984,10234.6178304,0.8529573205722487,1.03251484e-06,1.27959672e-06,1.27959672
119,3.43919626e-06,9.73954943,10323.9223958,0.8604000003166936,3.43919626e-06,6.24846476e-07,0.624846476,1.03251484e-06,9.6612584,10240.933904,0.8534837047815731,1.03251484e-06,1.28030274e-06,1.28030274
120,3.43919626e-06,9.75399861,10339.2385266,0.8616764530485092,3.43919626e-06,6.25527721e-07,0.625527721,1.03251484e-06,9.66708929,10247.1146474,0.8539988105155605,1.03251484e-06,1.28096408e-06,1.28096408
121,3.43919626e-06,9.76795965,10354.037229,0.862909783081562,3.43919626e-06,6.26180748e-07,0.626180748,1.03251484e-06,9.67276862,10253.1347372,0.8545005273114882,1.03251484e-06,1.2815823e-06,1.2815823000000002
122,3.43919626e-06,9.78137837,10368.2610722,0.8640952041090161,3.43919626e-06,6.26805525e-07,0.626805525,1.03251484e-06,9.67826295,10258.958727000001,0.8549859010515896,1.03251484e-06,1.28215906e-06,1.28215906
123,3.43919626e-06,9.79433646,10381.9966476,0.8652399326942791,3.43919626e-06,6.27401893e-07,0.627401893,1.03251484e-06,9.68361427,10264.6311262,0.8554586411678327,1.03251484e-06,1.28269607e-06,1.2826960699999999
124,3.43919626e-06,9.80690552,10395.319851200002,0.8663502940416604,3.43919626e-06,6.27970686e-07,0.6279706860000001,1.03251484e-06,9.68886246,10270.1942076,0.8559222706930089,1.03251484e-06,1.28319474e-06,1.2831947400000001
125,3.43919626e-06,9.81911203,10408.2587518,0.8674286274166638,3.43919626e-06,6.28513389e-07,0.628513389,1.03251484e-06,9.69402209,10275.6634154,0.8563780767531908,1.03251484e-06,1.28365622e-06,1.2836562200000001
126,3.43919626e-06,9.83087972,10420.7325032,0.8684681950632471,3.43919626e-06,6.2903116e-07,0.62903116,1.03251484e-06,9.69904666,10280.989459600001,0.8568219514992109,1.03251484e-06,1.28408168e-06,1.28408168
127,3.43919626e-06,9.84214613,10432.6748978,0.8694634792123997,3.43919626e-06,6.29523988e-07,0.629523988,1.03251484e-06,9.70389253,10286.1260818,0.8572500397367109,1.03251484e-06,1.28447268e-06,1.28447268
128,3.43919626e-06,9.8530813,10444.266178,0.8704295013409473,3.43919626e-06,6.29991963e-07,0.6299919629999999,1.03251484e-06,9.70866456,10291.184433600001,0.8576716048864155,1.03251484e-06,1.28483066e-06,1.28483066
129,3.43919626e-06,9.86356116,10455.3748296,0.871355301000585,3.43919626e-06,6.30435976e-07,0.630435976,1.03251484e-06,9.713281,10296.07786,0.8580794250844654,1.03251484e-06,1.28515655e-06,1.28515655
130,3.43919626e-06,9.87366807,10466.0881542,0.8722481539430853,3.43919626e-06,6.3085638e-07,0.63085638,1.03251484e-06,9.71777602,10300.8425812,0.858476518937443,1.03251484e-06,1.2854517e-06,1.2854516999999999
131,3.43919626e-06,9.88342891,10476.4346446,0.8731104347702888,3.43919626e-06,6.31254046e-07,0.6312540459999999,1.03251484e-06,9.72216663,10305.496627800001,0.8588643891230756,1.03251484e-06,1.2857173e-06,1.2857173
132,3.43919626e-06,9.89285084,10486.421890399999,0.8739427760026268,3.43919626e-06,6.31629877e-07,0.631629877,1.03251484e-06,9.72646537,10310.0532922,0.8592441434355254,1.03251484e-06,1.28595443e-06,1.2859544299999999
133,3.43919626e-06,9.90190155,10496.015643,0.8747423233474846,3.43919626e-06,6.31984625e-07,0.631984625,1.03251484e-06,9.73065766,10314.4971196,0.859614493865312,1.03251484e-06,1.28616411e-06,1.2861641099999999
134,3.43919626e-06,9.91056687,10505.2008822,0.8755078250151264,3.43919626e-06,6.32318702e-07,0.6323187020000001,1.03251484e-06,9.7347258,10318.809347999999,0.8599738767795262,1.03251484e-06,1.28634738e-06,1.28634738
135,3.43919626e-06,9.91886979,10514.001977400001,0.8762413119615169,3.43919626e-06,6.32632427e-07,0.632632427,1.03251484e-06,9.73867099,10322.9912494,0.8603223981871793,1.03251484e-06,1.2865053e-06,1.2865053
136,3.43919626e-06,9.92683556,10522.4456936,0.8769450147929242,3.43919626e-06,6.32926257e-07,0.6329262569999999,1.03251484e-06,9.74250516,10327.0554696,0.8606611119945196,1.03251484e-06,1.28663893e-06,1.28663893
137,3.43919626e-06,9.93448367,10530.5526902,0.8776206552723649,3.43919626e-06,6.33200809e-07,0.633200809,1.03251484e-06,9.74623951,10331.013880600001,0.8609910076189811,1.03251484e-06,1.28674927e-06,1.2867492699999998
138,3.43919626e-06,9.94187907,10538.3918142,0.8782739711375468,3.43919626e-06,6.3345695e-07,0.6334569499999999,1.03251484e-06,9.74991408,10334.9089248,0.8613156222278894,1.03251484e-06,1.28683717e-06,1.28683717
139,3.43919626e-06,9.94898515,10545.924259000001,0.878901728230233,3.43919626e-06,6.33695682e-07,0.6336956819999999,1.03251484e-06,9.75349865,10338.708568999999,0.8616322861609903,1.03251484e-06,1.28690338e-06,1.28690338
140,3.43919626e-06,9.95571388,10553.056712799998,0.8794961499060753,3.43919626e-06,6.33917287e-07,0.633917287,1.03251484e-06,9.7569485,10342.36541,0.8619370488158161,1.03251484e-06,1.28694885e-06,1.2869488500000001
141,3.43919626e-06,9.96207302,10559.7974012,0.8800579216900103,3.43919626e-06,6.34121549e-07,0.6341215490000001,1.03251484e-06,9.76027345,10345.889857,0.8622307776994378,1.03251484e-06,1.28697459e-06,1.28697459
142,3.43919626e-06,9.96827122,10566.3674932,0.8806054758987847,3.43919626e-06,6.34309184e-07,0.634309184,1.03251484e-06,9.7635771,10349.391726,0.8625226249231185,1.03251484e-06,1.2869814e-06,1.2869814
143,3.43919626e-06,9.97406102,10572.5046812,0.8811169517075619,3.43919626e-06,6.34481247e-07,0.634481247,1.03251484e-06,9.7667151,10352.718006000001,0.8627998384862714,1.03251484e-06,1.28696996e-06,1.28696996
144,3.43919626e-06,9.97963266,10578.4106196,0.8816091550781816,3.43919626e-06,6.34637561e-07,0.634637561,1.03251484e-06,9.76979304,10355.9806224,0.8630717462984354,1.03251484e-06,1.28694141e-06,1.28694141
145,3.43919626e-06,9.98498825,10584.087545,0.8820822724098215,3.43919626e-06,6.34779095e-07,0.6347790950000001,1.03251484e-06,9.77281424,10359.183094400001,0.8633386416512071,1.03251484e-06,1.28689627e-06,1.28689627
146,3.43919626e-06,9.99010685,10589.513261,0.8825344538452435,3.43919626e-06,6.34906697e-07,0.634906697,1.03251484e-06,9.77576852,10362.314631199999,0.8635996252348116,1.03251484e-06,1.28683504e-06,1.28683504
147,3.43919626e-06,9.99495217,10594.649300199999,0.8829624934952803,3.43919626e-06,6.35020908e-07,0.635020908,1.03251484e-06,9.77863397,10365.3520082,0.8638527615013942,1.03251484e-06,1.28675837e-06,1.28675837
148,3.43919626e-06,9.99947089,10599.439143399999,0.8833616810262205,3.43919626e-06,6.35121836e-07,0.6351218359999999,1.03251484e-06,9.78136939,10368.2515534,0.864094410808252,1.03251484e-06,1.2866671e-06,1.2866671
149,3.43919626e-06,10.0037606,10603.986235999999,0.8837406376208644,3.43919626e-06,6.35209558e-07,0.635209558,1.03251484e-06,9.78403446,10371.0765276,0.8643298453368536,1.03251484e-06,1.28656211e-06,1.28656211
150,3.43919626e-06,10.0078655,10608.33743,0.8841032679444419,3.43919626e-06,6.35284816e-07,0.635284816,1.03251484e-06,9.78665076,10373.8498056,0.8645609714825762,1.03251484e-06,1.28644398e-06,1.28644398
151,3.43919626e-06,10.0117761,10612.482666,0.8844487336423597,3.43919626e-06,6.35348448e-07,0.635348448,1.03251484e-06,9.78921233,10376.565069799999,0.864787262733999,1.03251484e-06,1.28631311e-06,1.28631311
152,3.43919626e-06,10.0154611,10616.388766,0.8847742696462533,3.43919626e-06,6.35401008e-07,0.635401008,1.03251484e-06,9.79170086,10379.202911600001,0.8650071015703003,1.03251484e-06,1.28617001e-06,1.28617001
153,3.43919626e-06,10.0189026,10620.036756000001,0.8850782946550458,3.43919626e-06,6.35442744e-07,0.635442744,1.03251484e-06,9.79410364,10381.749858399999,0.8652193651793735,1.03251484e-06,1.28601535e-06,1.28601535
154,3.43919626e-06,10.0221252,10623.452712,0.8853629818534576,3.43919626e-06,6.35473866e-07,0.635473866,1.03251484e-06,9.79642939,10384.2151534,0.8654248238933643,1.03251484e-06,1.28584976e-06,1.2858497599999998
155,3.43919626e-06,10.025166,10626.67596,0.8856316086867384,3.43919626e-06,6.35494823e-07,0.6354948229999999,1.03251484e-06,9.79869708,10386.6189048,0.8656251535380507,1.03251484e-06,1.28567377e-06,1.28567377
156,3.43919626e-06,10.0280259,10629.707454,0.8858842546616462,3.43919626e-06,6.35506212e-07,0.635506212,1.03251484e-06,9.80090955,10388.964123,0.8658206050014251,1.03251484e-06,1.28548782e-06,1.2854878200000002
157,3.43919626e-06,10.0306921,10632.533626,0.8861197890153997,3.43919626e-06,6.35508495e-07,0.635508495,1.03251484e-06,9.80306023,10391.243843799999,0.8660105978841535,1.03251484e-06,1.28529238e-06,1.28529238
158,3.43919626e-06,10.0331669,10635.156914,0.8863384149319359,3.43919626e-06,6.35501983e-07,0.6355019829999999,1.03251484e-06,9.80514723,10393.456063799998,0.8661949652220438,1.03251484e-06,1.28508795e-06,1.2850879499999999
159,3.43919626e-06,10.0354669,10637.594914,0.8865415988692372,3.43919626e-06,6.35486989e-07,0.635486989,1.03251484e-06,9.80717503,10395.6055318,0.8663741027820698,1.03251484e-06,1.28487504e-06,1.28487504
160,3.43919626e-06,10.0376051,10639.861406,0.8867304892582536,3.43919626e-06,6.35463918e-07,0.635463918,1.03251484e-06,9.80914891,10397.6978446,0.8665484770038786,1.03251484e-06,1.28465405e-06,1.2846540499999999
161,3.43919626e-06,10.0395748,10641.949288,0.8869044942153417,3.43919626e-06,6.3543319e-07,0.63543319,1.03251484e-06,9.81106612,10399.7300872,0.8667178449501541,1.03251484e-06,1.28442538e-06,1.28442538
162,3.43919626e-06,10.0413788,10643.861528000001,0.8870638610948599,3.43919626e-06,6.35395142e-07,0.635395142,1.03251484e-06,9.81292797,10401.7036482,0.8668823223473996,1.03251484e-06,1.28418946e-06,1.2841894600000001
163,3.43919626e-06,10.0430513,10645.634378,0.8872116111536148,3.43919626e-06,6.35350155e-07,0.635350155,1.03251484e-06,9.81474547,10403.6301982,0.8670428818282888,1.03251484e-06,1.28394666e-06,1.28394666
164,3.43919626e-06,10.0444225,10647.08785,0.8873327441165832,3.43919626e-06,6.35298299e-07,0.6352982989999999,1.03251484e-06,9.81644035,10405.426771,0.8671926089550945,1.03251484e-06,1.28369749e-06,1.28369749
165,3.43919626e-06,10.0458975,10648.65135,0.887463046858983,3.43919626e-06,6.35239839e-07,0.6352398389999999,1.03251484e-06,9.81821686,10407.3098716,0.8673495473448577,1.03251484e-06,1.28344242e-06,1.28344242
166,3.43919626e-06,10.047154,10649.983240000001,0.8875740471273393,3.43919626e-06,6.35175991e-07,0.635175991,1.03251484e-06,9.81990669,10409.1010914,0.8674988283504098,1.03251484e-06,1.28318122e-06,1.28318122
167,3.43919626e-06,10.0481044,10650.990663999999,0.8876580062638657,3.43919626e-06,6.3510628e-07,0.63510628,1.03251484e-06,9.82145185,10410.738961000001,0.8676353290863058,1.03251484e-06,1.28291468e-06,1.28291468
168,3.43919626e-06,10.0491026,10652.048756,0.8877461880926546,3.43919626e-06,6.35030711e-07,0.635030711,1.03251484e-06,9.82305036,10412.4333816,0.8677765428061386,1.03251484e-06,1.28264332e-06,1.28264332
169,3.43919626e-06,10.0499533,10652.950498,0.8878213396472034,3.43919626e-06,6.3495029e-07,0.63495029,1.03251484e-06,9.82459358,10414.0691948,0.8679128721608004,1.03251484e-06,1.28236701e-06,1.28236701
170,3.43919626e-06,10.0506301,10653.667905999999,0.8878811287292753,3.43919626e-06,6.34865099e-07,0.634865099,1.03251484e-06,9.8260668,10415.630808,0.8680430176565008,1.03251484e-06,1.28208617e-06,1.28208617
171,3.43919626e-06,10.051185,10654.2561,0.8879301490626704,3.43919626e-06,6.34775187e-07,0.634775187,1.03251484e-06,9.82749481,10417.144498599999,0.8681691692627206,1.03251484e-06,1.28180124e-06,1.28180124
172,3.43919626e-06,10.0516548,10654.754088,0.8879716515903852,3.43919626e-06,6.34680873e-07,0.634680873,1.03251484e-06,9.82889695,10418.630767,0.8682930354913502,1.03251484e-06,1.28151245e-06,1.28151245
173,3.43919626e-06,10.0520282,10655.149892000001,0.888004638060902,3.43919626e-06,6.34582547e-07,0.634582547,1.03251484e-06,9.83026838,10420.084482799999,0.8684141887727123,1.03251484e-06,1.28121998e-06,1.28121998
174,3.43919626e-06,10.0522836,10655.420616000001,0.8880272003120266,3.43919626e-06,6.34480457e-07,0.634480457,1.03251484e-06,9.83159723,10421.4930638,0.8685315805010093,1.03251484e-06,1.28092408e-06,1.28092408
175,3.43919626e-06,10.0524263,10655.571878,0.8880398065502235,3.43919626e-06,6.34374747e-07,0.634374747,1.03251484e-06,9.83288366,10422.8566796,0.8686452248107756,1.03251484e-06,1.28062503e-06,1.28062503
176,3.43919626e-06,10.0524774,10655.626044,0.8880443207672652,3.43919626e-06,6.34265621e-07,0.6342656210000001,1.03251484e-06,9.83413588,10424.1840328,0.8687558469803267,1.03251484e-06,1.28032309e-06,1.28032309
177,3.43919626e-06,10.0524458,10655.592547999999,0.8880415291966484,3.43919626e-06,6.34153364e-07,0.634153364,1.03251484e-06,9.83535887,10425.4804022,0.8688638869470573,1.03251484e-06,1.28001845e-06,1.28001845
178,3.43919626e-06,10.0523199,10655.459094,0.8880304070846022,3.43919626e-06,6.34038227e-07,0.6340382269999999,1.03251484e-06,9.83654876,10426.7416856,0.8689690028319074,1.03251484e-06,1.27971129e-06,1.27971129
179,3.43919626e-06,10.0520823,10655.207238,0.8880094173004707,3.43919626e-06,6.33920334e-07,0.633920334,1.03251484e-06,9.83769709,10427.9589154,0.8690704472713515,1.03251484e-06,1.27940188e-06,1.27940188
180,3.43919626e-06,10.0517434,10654.848004,0.8879794785890134,3.43919626e-06,6.33799733e-07,0.6337997329999999,1.03251484e-06,9.83879905,10429.126993,0.8691677953459378,1.03251484e-06,1.27909051e-06,1.27909051
181,3.43919626e-06,10.051304,10654.38224,0.8879406616229047,3.43919626e-06,6.33676505e-07,0.633676505,1.03251484e-06,9.83985711,10430.2485366,0.8692612652575469,1.03251484e-06,1.27877742e-06,1.27877742
182,3.43919626e-06,10.0507841,10653.831145999999,0.8878947332189902,3.43919626e-06,6.33550756e-07,0.633550756,1.03251484e-06,9.84089083,10431.3442798,0.8693525849530543,1.03251484e-06,1.27846283e-06,1.27846283
183,3.43919626e-06,10.0502825,10653.29945,0.8878504214524902,3.43919626e-06,6.33422849e-07,0.633422849,1.03251484e-06,9.84194711,10432.4639366,0.8694458976179642,1.03251484e-06,1.27814682e-06,1.2781468200000001
184,3.43919626e-06,10.0497581,10652.743586,0.8878040955147855,3.43919626e-06,6.3329338e-07,0.6332933799999999,1.03251484e-06,9.84299549,10433.5752194,0.8695385123902198,1.03251484e-06,1.27782926e-06,1.2778292599999999
185,3.43919626e-06,10.0490994,10652.045364,0.8877459054019592,3.43919626e-06,6.33162523e-07,0.6331625230000001,1.03251484e-06,9.84398441,10434.6234746,0.8696258744159919,1.03251484e-06,1.27751027e-06,1.27751027
186,3.43919626e-06,10.0481652,10651.055112,0.8876633773870779,3.43919626e-06,6.33029783e-07,0.6330297829999999,1.03251484e-06,9.84483335,10435.523351,0.8697008704906584,1.03251484e-06,1.27719044e-06,1.27719044
187,3.43919626e-06,10.047417,10650.26202,0.8875972807688653,3.43919626e-06,6.32895079e-07,0.6328950790000001,1.03251484e-06,9.84578824,10436.5355344,0.8697852262775669,1.03251484e-06,1.27687015e-06,1.27687015
188,3.43919626e-06,10.0466039,10649.400134,0.8875254508299872,3.43919626e-06,6.32759414e-07,0.6327594139999999,1.03251484e-06,9.8467175,10437.520550000001,0.8698673178886873,1.03251484e-06,1.27654887e-06,1.27654887
189,3.43919626e-06,10.0456692,10648.409352,0.8874428786446849,3.43919626e-06,6.32622767e-07,0.632622767,1.03251484e-06,9.84759233,10438.4478698,0.8699446011077608,1.03251484e-06,1.27622684e-06,1.2762268399999999
190,3.43919626e-06,10.0446017,10647.277801999999,0.8873485747955242,3.43919626e-06,6.32484868e-07,0.632484868,1.03251484e-06,9.84840048,10439.3045088,0.8700159937594696,1.03251484e-06,1.27590445e-06,1.27590445
191,3.43919626e-06,10.0435296,10646.141376,0.8872538645784892,3.43919626e-06,6.3234567e-07,0.6323456700000001,1.03251484e-06,9.84921387,10440.1667022,0.870087849317192,1.03251484e-06,1.27558197e-06,1.27558197
192,3.43919626e-06,10.042351,10644.89206,0.8871497460617487,3.43919626e-06,6.32205388e-07,0.632205388,1.03251484e-06,9.84997748,10440.976128799999,0.8701553072677843,1.03251484e-06,1.27525946e-06,1.27525946
193,3.43919626e-06,10.0413484,10643.829304,0.8870611755332538,3.43919626e-06,6.32064372e-07,0.632064372,1.03251484e-06,9.85083418,10441.8842308,0.8702309888673871,1.03251484e-06,1.27493692e-06,1.27493692
194,3.43919626e-06,10.0402112,10642.623872,0.8869607143273845,3.43919626e-06,6.31923222e-07,0.631923222,1.03251484e-06,9.85162907,10442.7268142,0.8703012101195268,1.03251484e-06,1.27461394e-06,1.27461394
195,3.43919626e-06,10.0388788,10641.211528000002,0.8868430089890976,3.43919626e-06,6.31781496e-07,0.631781496,1.03251484e-06,9.85232389,10443.4633234,0.8703625911035772,1.03251484e-06,1.27429105e-06,1.27429105
196,3.43919626e-06,10.0374873,10639.736538000001,0.8867200827070302,3.43919626e-06,6.31638798e-07,0.631638798,1.03251484e-06,9.85298984,10444.169230399999,0.87042142168751,1.03251484e-06,1.27396876e-06,1.27396876
197,3.43919626e-06,10.0363057,10638.484042,0.8866156991677626,3.43919626e-06,6.31495551e-07,0.631495551,1.03251484e-06,9.85376394,10444.9897764,0.8704898063335383,1.03251484e-06,1.27364691e-06,1.27364691
198,3.43919626e-06,10.0349683,10637.066397999999,0.8864975521252639,3.43919626e-06,6.31352412e-07,0.6313524119999999,1.03251484e-06,9.85446823,10445.7363238,0.8705520239053653,1.03251484e-06,1.27332509e-06,1.27332509
199,3.43919626e-06,10.0334635,10635.471309999999,0.8863646168257635,3.43919626e-06,6.31208901e-07,0.6312089009999999,1.03251484e-06,9.85509673,10446.4025338,0.8706075461247539,1.03251484e-06,1.27300383e-06,1.27300383
200,3.43919626e-06,10.0320238,10633.945227999999,0.886237432515097,3.43919626e-06,6.31064872e-07,0.631064872,1.03251484e-06,9.85574723,10447.0920638,0.8706650118426734,1.03251484e-06,1.27268344e-06,1.27268344
201,3.43919626e-06,10.0305966,10632.432396,0.8861113524649595,3.43919626e-06,6.3092078e-07,0.63092078,1.03251484e-06,9.85639761,10447.7814666,0.8707224669596916,1.03251484e-06,1.27236365e-06,1.27236365
202,3.43919626e-06,10.0291263,10630.873878,0.8859814649245187,3.43919626e-06,6.30776794e-07,0.630776794,1.03251484e-06,9.85703013,10448.4519378,0.8707783443092664,1.03251484e-06,1.27204445e-06,1.2720444499999999
203,3.43919626e-06,10.0275852,10629.240312,0.8858453228524424,3.43919626e-06,6.30632848e-07,0.630632848,1.03251484e-06,9.85763507,10449.093174200001,0.8708317852184103,1.03251484e-06,1.271726e-06,1.271726
204,3.43919626e-06,10.0259988,10627.558728,0.88570517894021,3.43919626e-06,6.30488836e-07,0.6304888359999999,1.03251484e-06,9.85822109,10449.714355400001,0.870883554718818,1.03251484e-06,1.27140848e-06,1.27140848
205,3.43919626e-06,10.0244048,10625.869088,0.8855643636375758,3.43919626e-06,6.30344803e-07,0.6303448030000001,1.03251484e-06,9.85880007,10450.328074199999,0.8709347022996954,1.03251484e-06,1.27109197e-06,1.27109197
206,3.43919626e-06,10.0228028,10624.170967999999,0.8854228416082033,3.43919626e-06,6.30200896e-07,0.630200896,1.03251484e-06,9.85936989,10450.9320834,0.8709850406784576,1.03251484e-06,1.27077645e-06,1.27077645
207,3.43919626e-06,10.0211752,10622.445712,0.8852790580532679,3.43919626e-06,6.30057215e-07,0.630057215,1.03251484e-06,9.8599253,10451.520818,0.8710341060656823,1.03251484e-06,1.27046193e-06,1.27046193
208,3.43919626e-06,10.0195146,10620.685476,0.8851323592505363,3.43919626e-06,6.29913771e-07,0.629913771,1.03251484e-06,9.86046548,10452.0934088,0.8710818260218786,1.03251484e-06,1.27014849e-06,1.27014849
209,3.43919626e-06,10.0178238,10618.893228,0.8849829925543672,3.43919626e-06,6.29770553e-07,0.629770553,1.03251484e-06,9.86099234,10452.651880399999,0.8711283692780553,1.03251484e-06,1.26983623e-06,1.2698362300000001
210,3.43919626e-06,10.016107,10617.07342,0.8848313289962981,3.43919626e-06,6.29627561e-07,0.629627561,1.03251484e-06,9.86150633,10453.196709799999,0.8711737755875916,1.03251484e-06,1.26952519e-06,1.26952519
211,3.43919626e-06,10.0143857,10615.248842,0.8846792679044386,3.43919626e-06,6.29484838e-07,0.629484838,1.03251484e-06,9.86201489,10453.7357834,0.8712187022063542,1.03251484e-06,1.26921542e-06,1.26921542
212,3.43919626e-06,10.0126597,10613.419282,0.8845267916106203,3.43919626e-06,6.29342485e-07,0.629342485,1.03251484e-06,9.86251703,10454.2680518,0.8712630616769093,1.03251484e-06,1.2689069e-06,1.2689069000000002
213,3.43919626e-06,10.0109141,10611.568946000001,0.8843725838362929,3.43919626e-06,6.29200563e-07,0.6292005629999999,1.03251484e-06,9.8630069,10454.787314000001,0.8713063372053292,1.03251484e-06,1.26859965e-06,1.26859965
214,3.43919626e-06,10.0091394,10609.687764,0.8842158053434542,3.43919626e-06,6.29059068e-07,0.629059068,1.03251484e-06,9.86348193,10455.2908458,0.8713483017556493,1.03251484e-06,1.26829374e-06,1.2682937399999998
215,3.43919626e-06,10.0073418,10607.782308000002,0.884057003845327,3.43919626e-06,6.28917967e-07,0.628917967,1.03251484e-06,9.8639453,10455.782018,0.8713892362517481,1.03251484e-06,1.26798924e-06,1.26798924
216,3.43919626e-06,10.0055392,10605.871551999999,0.8838977606429879,3.43919626e-06,6.28777275e-07,0.6287772749999999,1.03251484e-06,9.86440351,10456.2677206,0.8714297149091007,1.03251484e-06,1.26768619e-06,1.26768619
217,3.43919626e-06,10.0037372,10603.961432,0.8837385704451546,3.43919626e-06,6.28637058e-07,0.6286370579999999,1.03251484e-06,9.864857,10456.74842,0.8714697765976774,1.03251484e-06,1.26738457e-06,1.2673845700000002
218,3.43919626e-06,10.0019241,10602.039546,0.8835783996639714,3.43919626e-06,6.28497375e-07,0.628497375,1.03251484e-06,9.86530046,10457.218487600001,0.8715089522276062,1.03251484e-06,1.26708438e-06,1.26708438
219,3.43919626e-06,10.0000909,10600.096354,0.883416453231858,3.43919626e-06,6.28358231e-07,0.628358231,1.03251484e-06,9.86573286,10457.6768316,0.8715471508078186,1.03251484e-06,1.26678569e-06,1.26678569
220,3.43919626e-06,9.99821384,10598.1066704,0.8832506321704012,3.43919626e-06,6.28219565e-07,0.628219565,1.03251484e-06,9.86614177,10458.110276200001,0.8715832742616457,1.03251484e-06,1.26648856e-06,1.26648856
221,3.43919626e-06,9.99637008,10596.1522848,0.8830877528589931,3.43919626e-06,6.28081372e-07,0.628081372,1.03251484e-06,9.86656136,10458.5550416,0.8716203411956683,1.03251484e-06,1.26619305e-06,1.26619305
222,3.43919626e-06,9.99453085,10594.202701,0.8829252737316006,3.43919626e-06,6.27943804e-07,0.627943804,1.03251484e-06,9.86697592,10458.9944752,0.8716569637752541,1.03251484e-06,1.26589906e-06,1.26589906
223,3.43919626e-06,9.99268547,10592.2465982,0.8827622513080279,3.43919626e-06,6.27806889e-07,0.627806889,1.03251484e-06,9.86738714,10459.4303684,0.8716932912964269,1.03251484e-06,1.26560658e-06,1.26560658
224,3.43919626e-06,9.99075663,10590.2020278,0.8825918559577565,3.43919626e-06,6.27670501e-07,0.627670501,1.03251484e-06,9.86775557,10459.8209042,0.8717258387129573,1.03251484e-06,1.26531577e-06,1.26531577
225,3.43919626e-06,9.98892425,10588.259705,0.8824299819651338,3.43919626e-06,6.27534606e-07,0.627534606,1.03251484e-06,9.86815555,10460.244883000001,0.8717611732830626,1.03251484e-06,1.2650267e-06,1.2650267
226,3.43919626e-06,9.9870846,10586.309675999999,0.8822674657345874,3.43919626e-06,6.27399517e-07,0.627399517,1.03251484e-06,9.86854518,10460.6578908,0.8717955935254497,1.03251484e-06,1.26473913e-06,1.26473913
227,3.43919626e-06,9.98519932,10584.3112792,0.8821009185114068,3.43919626e-06,6.27265191e-07,0.627265191,1.03251484e-06,9.86891307,10461.0478542,0.8718280932379253,1.03251484e-06,1.26445313e-06,1.26445313
228,3.43919626e-06,9.98325071,10582.2457526,0.881928776662683,3.43919626e-06,6.27131407e-07,0.627131407,1.03251484e-06,9.86925073,10461.4057738,0.8718579224067379,1.03251484e-06,1.26416892e-06,1.26416892
229,3.43919626e-06,9.9813017,10580.179801999999,0.8817565994776222,3.43919626e-06,6.2699801e-07,0.62699801,1.03251484e-06,9.86957684,10461.751450400001,0.8718867312388221,1.03251484e-06,1.2638867e-06,1.2638866999999998
230,3.43919626e-06,9.97949554,10578.2652724,0.8815970417818848,3.43919626e-06,6.26865249e-07,0.6268652490000001,1.03251484e-06,9.86995221,10462.1493426,0.871919891740798,1.03251484e-06,1.26360631e-06,1.2636063100000001
231,3.43919626e-06,9.97770603,10576.3683918,0.8814389549611718,3.43919626e-06,6.26733548e-07,0.626733548,1.03251484e-06,9.87033006,10462.549863600001,0.871953271328063,1.03251484e-06,1.26332736e-06,1.26332736
232,3.43919626e-06,9.9757532,10574.298392,0.8812664403140934,3.43919626e-06,6.26602673e-07,0.626602673,1.03251484e-06,9.87062715,10462.864779000001,0.8719795165089034,1.03251484e-06,1.26305008e-06,1.26305008
233,3.43919626e-06,9.9738038,10572.232028,0.8810942286761042,3.43919626e-06,6.26472198e-07,0.626472198,1.03251484e-06,9.8709108,10463.165448000002,0.8720045743888232,1.03251484e-06,1.26277492e-06,1.26277492
234,3.43919626e-06,9.9719291,10570.244846000001,0.8809286160990353,3.43919626e-06,6.26342311e-07,0.626342311,1.03251484e-06,9.87122084,10463.4940904,0.8720319635835713,1.03251484e-06,1.26250179e-06,1.26250179
235,3.43919626e-06,9.97013423,10568.342283799999,0.8807700557714072,3.43919626e-06,6.26213329e-07,0.626213329,1.03251484e-06,9.87156132,10463.854999199999,0.8720620418735592,1.03251484e-06,1.26223045e-06,1.2622304500000001
236,3.43919626e-06,9.96829613,10566.3938978,0.8806076764691666,3.43919626e-06,6.26085367e-07,0.626085367,1.03251484e-06,9.87186291,10464.1746846,0.8720886845881901,1.03251484e-06,1.26196081e-06,1.2619608100000002
237,3.43919626e-06,9.96647775,10564.466414999999,0.880447039248336,3.43919626e-06,6.25958329e-07,0.6259583289999999,1.03251484e-06,9.87215549,10464.4848194,0.8721145313518317,1.03251484e-06,1.26169306e-06,1.26169306
238,3.43919626e-06,9.96456327,10562.4370662,0.8802779124725603,3.43919626e-06,6.25832121e-07,0.625832121,1.03251484e-06,9.87239091,10464.7343646,0.8721353285529271,1.03251484e-06,1.26142733e-06,1.2614273299999998
239,3.43919626e-06,9.96261126,10560.3679356,0.8801054702649725,3.43919626e-06,6.25706465e-07,0.625706465,1.03251484e-06,9.87259997,10464.9559682,0.8721537970894193,1.03251484e-06,1.26116396e-06,1.26116396
240,3.43919626e-06,9.96068606,10558.327223600001,0.8799353964753672,3.43919626e-06,6.25581325e-07,0.625581325,1.03251484e-06,9.87280119,10465.1692614,0.872171573033708,1.03251484e-06,1.26090308e-06,1.26090308
241,3.43919626e-06,9.95895552,10556.4928512,0.8797825191141248,3.43919626e-06,6.25457027e-07,0.6254570269999999,1.03251484e-06,9.87307298,10465.4573588,0.872195583191238,1.03251484e-06,1.26064447e-06,1.26064447
242,3.43919626e-06,9.95728131,10554.718188600002,0.8796346179925295,3.43919626e-06,6.25334093e-07,0.625334093,1.03251484e-06,9.87335561,10465.7569466,0.8722205509634986,1.03251484e-06,1.26038762e-06,1.26038762
243,3.43919626e-06,9.95547998,10552.8087788,0.8794754869830602,3.43919626e-06,6.25212432e-07,0.625212432,1.03251484e-06,9.87356923,10465.9833838,0.8722394223342317,1.03251484e-06,1.2601327e-06,1.2601327
244,3.43919626e-06,9.95359083,10550.8062798,0.8793085978808198,3.43919626e-06,6.25091606e-07,0.625091606,1.03251484e-06,9.87371766,10466.1407196,0.8722525347654551,1.03251484e-06,1.25988027e-06,1.25988027
245,3.43919626e-06,9.95170207,10548.8041942,0.8791417432315081,3.43919626e-06,6.24971432e-07,0.6249714319999999,1.03251484e-06,9.87384281,10466.273378599999,0.8722635906218694,1.03251484e-06,1.25963063e-06,1.25963063
246,3.43919626e-06,9.9498656,10546.857536000001,0.8789795079248405,3.43919626e-06,6.24851976e-07,0.624851976,1.03251484e-06,9.87396623,10466.4042038,0.8722744936486269,1.03251484e-06,1.25938381e-06,1.25938381
247,3.43919626e-06,9.94826804,10545.1641224,0.8788383781288076,3.43919626e-06,6.24733627e-07,0.624733627,1.03251484e-06,9.87418203,10466.6329518,0.8722935576023962,1.03251484e-06,1.25913945e-06,1.25913945
248,3.43919626e-06,9.9465977,10543.393562,0.878690818886272,3.43919626e-06,6.24616839e-07,0.624616839,1.03251484e-06,9.87434816,10466.8090496,0.8723082336665284,1.03251484e-06,1.25889717e-06,1.25889717
249,3.43919626e-06,9.94485579,10541.5471374,0.8785369370896527,3.43919626e-06,6.24501329e-07,0.624501329,1.03251484e-06,9.87446391,10466.931744599999,0.8723184591190251,1.03251484e-06,1.25865743e-06,1.25865743
250,3.43919626e-06,9.94299454,10539.5742124,0.8783725126969126,3.43919626e-06,6.24386756e-07,0.624386756,1.03251484e-06,9.87449002,10466.9594212,0.8723207656984177,1.03251484e-06,1.25842071e-06,1.25842071
251,3.43919626e-06,9.94130398,10537.782218800001,0.8782231672025457,3.43919626e-06,6.24273035e-07,0.624273035,1.03251484e-06,9.87456763,10467.0416878,0.872327621831189,1.03251484e-06,1.25818721e-06,1.25818721
252,3.43919626e-06,9.93967232,10536.052659199999,0.8780790249837902,3.43919626e-06,6.24160594e-07,0.624160594,1.03251484e-06,9.87465269,10467.1318514,0.8723351361032354,1.03251484e-06,1.2579565e-06,1.2579565
253,3.43919626e-06,9.93805391,10534.3371446,0.8779360532811956,3.43919626e-06,6.24049554e-07,0.624049554,1.03251484e-06,9.87472504,10467.2085424,0.8723415275631762,1.03251484e-06,1.25772854e-06,1.25772854
254,3.43919626e-06,9.93641051,10532.5951406,0.8777908739409517,3.43919626e-06,6.23939881e-07,0.623939881,1.03251484e-06,9.87476168,10467.247380800001,0.8723447643716384,1.03251484e-06,1.25750348e-06,1.25750348
255,3.43919626e-06,9.9347535,10530.83871,0.8776444922818439,3.43919626e-06,6.23831473e-07,0.623831473,1.03251484e-06,9.87476995,10467.256147,0.8723454949504041,1.03251484e-06,1.25728156e-06,1.25728156
256,3.43919626e-06,9.93310539,10529.0917134,0.8774988968562327,3.43919626e-06,6.23724284e-07,0.6237242839999999,1.03251484e-06,9.87475879,10467.2443174,0.872344509066604,1.03251484e-06,1.25706291e-06,1.25706291
257,3.43919626e-06,9.93151877,10527.4098962,0.877358733509015,3.43919626e-06,6.23618369e-07,0.623618369,1.03251484e-06,9.87474553,10467.2302618,0.872343337667035,1.03251484e-06,1.25684753e-06,1.25684753
258,3.43919626e-06,9.9300038,10525.804028,0.8772248997831483,3.43919626e-06,6.23513904e-07,0.623513904,1.03251484e-06,9.87475267,10467.2378302,0.8723439684206491,1.03251484e-06,1.25663528e-06,1.25663528
259,3.43919626e-06,9.92845632,10524.1636992,0.8770881940964983,3.43919626e-06,6.2341096e-07,0.62341096,1.03251484e-06,9.87472598,10467.2095388,0.872341610603568,1.03251484e-06,1.2564261e-06,1.2564260999999999
260,3.43919626e-06,9.9269084,10522.522904,0.8769514495398776,3.43919626e-06,6.23309419e-07,0.623309419,1.03251484e-06,9.8746825,10467.16345,0.8723377695437445,1.03251484e-06,1.25622019e-06,1.2562201899999998
261,3.43919626e-06,9.92539823,10520.922123800001,0.876818039850054,3.43919626e-06,6.23209277e-07,0.623209277,1.03251484e-06,9.87464537,10467.1240922,0.8723344894482697,1.03251484e-06,1.2560176e-06,1.2560176
262,3.43919626e-06,9.92388969,10519.3230714,0.8766847741558033,3.43919626e-06,6.23110573e-07,0.6231105730000001,1.03251484e-06,9.87458259,10467.057545399999,0.8723289434101898,1.03251484e-06,1.25581832e-06,1.2558183200000002
263,3.43919626e-06,9.92240687,10517.751282199999,0.8765537805880166,3.43919626e-06,6.23013283e-07,0.623013283,1.03251484e-06,9.87450646,10466.976847599999,0.8723222180218652,1.03251484e-06,1.25562236e-06,1.2556223599999998
264,3.43919626e-06,9.92095536,10516.2126816,0.8764255529720026,3.43919626e-06,6.22917451e-07,0.622917451,1.03251484e-06,9.87443659,10466.9027854,0.8723160456472133,1.03251484e-06,1.25542972e-06,1.25542972
265,3.43919626e-06,9.91950713,10514.6775578,0.8762976151139513,3.43919626e-06,6.22823096e-07,0.6228230960000001,1.03251484e-06,9.87435476,10466.816045599999,0.8723088167160875,1.03251484e-06,1.25524034e-06,1.25524034
266,3.43919626e-06,9.91807305,10513.157433,0.8761709272788187,3.43919626e-06,6.22730193e-07,0.622730193,1.03251484e-06,9.87426624,10466.7222144,0.8723009967847268,1.03251484e-06,1.25505428e-06,1.25505428
267,3.43919626e-06,9.91665438,10511.6536428,0.876045600776066,3.43919626e-06,6.22638728e-07,0.622638728,1.03251484e-06,9.87417607,10466.6266342,0.8722930310909761,1.03251484e-06,1.25487154e-06,1.25487154
268,3.43919626e-06,9.91530237,10510.2205122,0.8759261630738613,3.43919626e-06,6.22548736e-07,0.622548736,1.03251484e-06,9.87410752,10466.5539712,0.8722869753262361,1.03251484e-06,1.25469201e-06,1.25469201
269,3.43919626e-06,9.91394974,10508.786724399999,0.8758066706003343,3.43919626e-06,6.22460284e-07,0.622460284,1.03251484e-06,9.87402479,10466.4662774,0.8722796668883522,1.03251484e-06,1.25451552e-06,1.25451552
270,3.43919626e-06,9.91258183,10507.336739800001,0.8756858282787371,3.43919626e-06,6.22373309e-07,0.622373309,1.03251484e-06,9.87393305,10466.369032999999,0.8722715624994791,1.03251484e-06,1.25434213e-06,1.25434213
271,3.43919626e-06,9.9112175,10505.89055,0.8755653022173552,3.43919626e-06,6.22287725e-07,0.622287725,1.03251484e-06,9.87383724,10466.2674744,0.8722630985633779,1.03251484e-06,1.25417186e-06,1.25417186
272,3.43919626e-06,9.9098737,10504.466122,0.8754465897934658,3.43919626e-06,6.22203488e-07,0.622203488,1.03251484e-06,9.87374602,10466.1707812,0.8722550401117429,1.03251484e-06,1.25400468e-06,1.25400468
273,3.43919626e-06,9.90854359,10503.0562054,0.8753290867557076,3.43919626e-06,6.22120571e-07,0.6221205710000001,1.03251484e-06,9.8736581,10466.077586,0.8722472731848874,1.03251484e-06,1.25384047e-06,1.25384047
274,3.43919626e-06,9.90725415,10501.689399,0.875215176540006,3.43919626e-06,6.22038979e-07,0.6220389789999999,1.03251484e-06,9.87358794,10466.0032164,0.8722410751913914,1.03251484e-06,1.25367913e-06,1.25367913
275,3.43919626e-06,9.90600289,10500.3630634,0.8751046391776635,3.43919626e-06,6.21958777e-07,0.621958777,1.03251484e-06,9.87353724,10465.949474399999,0.8722365963106863,1.03251484e-06,1.25352051e-06,1.25352051
276,3.43919626e-06,9.90474601,10499.0307706,0.8749936053397873,3.43919626e-06,6.21879974e-07,0.6218799740000001,1.03251484e-06,9.87348865,10465.897969000001,0.872232303829159,1.03251484e-06,1.25336443e-06,1.25336443
277,3.43919626e-06,9.90348571,10497.6948526,0.8748822693762304,3.43919626e-06,6.21802479e-07,0.621802479,1.03251484e-06,9.8734374,10465.843644,0.8722277763609908,1.03251484e-06,1.25321087e-06,1.25321087
278,3.43919626e-06,9.90222101,10496.3542706,0.8747705447129673,3.43919626e-06,6.21726203e-07,0.621726203,1.03251484e-06,9.87339162,10465.7951172,0.8722237321172299,1.03251484e-06,1.25305975e-06,1.25305975
279,3.43919626e-06,9.90097042,10495.0286452,0.8746600665389892,3.43919626e-06,6.21651071e-07,0.6216510709999999,1.03251484e-06,9.87335979,10465.7613774,0.8722209202282194,1.03251484e-06,1.252911e-06,1.2529109999999999
280,3.43919626e-06,9.89975784,10493.7433104,0.874552946200427,3.43919626e-06,6.2157708e-07,0.62157708,1.03251484e-06,9.87334827,10465.7491662,0.872219902541716,1.03251484e-06,1.25276446e-06,1.2527644599999999
281,3.43919626e-06,9.89855899,10492.4725294,0.8744470387816298,3.43919626e-06,6.21504257e-07,0.621504257,1.03251484e-06,9.87334506,10465.7457636,0.8722196189676122,1.03251484e-06,1.25262e-06,1.25262
282,3.43919626e-06,9.89736115,10491.202819,0.8743412205870833,3.43919626e-06,6.21432565e-07,0.621432565,1.03251484e-06,9.873338,10465.73828,0.8722189952812656,1.03251484e-06,1.25247754e-06,1.25247754
283,3.43919626e-06,9.89617829,10489.9489874,0.8742367257383544,3.43919626e-06,6.21361959e-07,0.6213619589999999,1.03251484e-06,9.8733323,10465.732237999999,0.8722184917384643,1.03251484e-06,1.25233705e-06,1.25233705
284,3.43919626e-06,9.89501583,10488.716779800001,0.8741340330428088,3.43919626e-06,6.21292426e-07,0.621292426,1.03251484e-06,9.87334123,10465.741703799999,0.8722192806221861,1.03251484e-06,1.25219848e-06,1.2521984800000001
285,3.43919626e-06,9.89385923,10487.4907838,0.8740318580245988,3.43919626e-06,6.21223948e-07,0.621223948,1.03251484e-06,9.87334403,10465.744671800001,0.8722195279765448,1.03251484e-06,1.25206173e-06,1.2520617299999999
286,3.43919626e-06,9.89266895,10486.229087,0.87392670768682,3.43919626e-06,6.21156447e-07,0.621156447,1.03251484e-06,9.87333127,10465.7311462,0.8722184007473969,1.03251484e-06,1.25192684e-06,1.25192684
287,3.43919626e-06,9.89154055,10485.032983000001,0.8738270238803633,3.43919626e-06,6.21089859e-07,0.621089859,1.03251484e-06,9.87337329,10465.7756874,0.8722221128295906,1.03251484e-06,1.25179376e-06,1.25179376
288,3.43919626e-06,9.89043633,10483.8625098,0.8737294761554731,3.43919626e-06,6.21024242e-07,0.6210242420000001,1.03251484e-06,9.87344156,10465.8480536,0.8722281438588948,1.03251484e-06,1.2516621e-06,1.2516620999999999
289,3.43919626e-06,9.88934534,10482.7060604,0.873633097179927,3.43919626e-06,6.20959588e-07,0.6209595880000001,1.03251484e-06,9.87351901,10465.930150600001,0.8722349858571313,1.03251484e-06,1.25153167e-06,1.2515316699999999
290,3.43919626e-06,9.88824539,10481.5401134,0.8735359266704337,3.43919626e-06,6.20895852e-07,0.6208958520000001,1.03251484e-06,9.87358601,10466.0011706,0.8722409046935657,1.03251484e-06,1.25140246e-06,1.25140246
291,3.43919626e-06,9.88712817,10480.355860200001,0.8734372305145939,3.43919626e-06,6.20832948e-07,0.620832948,1.03251484e-06,9.87363504,10466.0531424,0.8722452360450639,1.03251484e-06,1.25127454e-06,1.25127454
292,3.43919626e-06,9.88601531,10479.1762286,0.8733389195248262,3.43919626e-06,6.20770787e-07,0.620770787,1.03251484e-06,9.87368841,10466.1097146,0.8722499507958176,1.03251484e-06,1.25114798e-06,1.25114798
293,3.43919626e-06,9.88493778,10478.0340468,0.8732437296170175,3.43919626e-06,6.20709351e-07,0.620709351,1.03251484e-06,9.87376949,10466.1956594,0.8722571134713117,1.03251484e-06,1.25102268e-06,1.2510226800000002
294,3.43919626e-06,9.88388441,10476.9174746,0.8731506740239589,3.43919626e-06,6.20648681e-07,0.620648681,1.03251484e-06,9.87385865,10466.290169,0.8722649899408117,1.03251484e-06,1.25089842e-06,1.25089842
295,3.43919626e-06,9.88285487,10475.826162199999,0.8730597235931721,3.43919626e-06,6.20588799e-07,0.620588799,1.03251484e-06,9.87396368,10466.401500799999,0.8722742683794789,1.03251484e-06,1.25077512e-06,1.25077512
296,3.43919626e-06,9.88182803,10474.737711799999,0.8729690116826596,3.43919626e-06,6.20529707e-07,0.620529707,1.03251484e-06,9.87407952,10466.524291200001,0.8722845017826517,1.03251484e-06,1.2506527e-06,1.2506527
297,3.43919626e-06,9.88079739,10473.6452334,0.8728779640769466,3.43919626e-06,6.20471347e-07,0.620471347,1.03251484e-06,9.87419785,10466.649721,0.8722949551545215,1.03251484e-06,1.25053112e-06,1.25053112
298,3.43919626e-06,9.87975954,10472.545112400001,0.8727862795337605,3.43919626e-06,6.20413638e-07,0.620413638,1.03251484e-06,9.8743088,10466.767328,0.8723047565709752,1.03251484e-06,1.25041034e-06,1.25041034
299,3.43919626e-06,9.87872099,10471.4442494,0.8726945331519845,3.43919626e-06,6.20356504e-07,0.620356504,1.03251484e-06,9.87441142,10466.876105199999,0.8723138221082125,1.03251484e-06,1.25029038e-06,1.25029038
300,3.43919626e-06,9.87772475,10470.388235,0.8726065244712468,3.43919626e-06,6.20299948e-07,0.620299948,1.03251484e-06,9.87452339,10466.994793400001,0.8723237136323255,1.03251484e-06,1.25017124e-06,1.25017124
301,3.43919626e-06,9.87674797,10469.3528482,0.8725202349033001,3.43919626e-06,6.20244043e-07,0.620244043,1.03251484e-06,9.87464132,10467.1197992,0.8723341316678584,1.03251484e-06,1.25005286e-06,1.25005286
302,3.43919626e-06,9.8757772,10468.323832,0.8724344762638158,3.43919626e-06,6.20188793e-07,0.620188793,1.03251484e-06,9.87476948,10467.2556488,0.8723454534302082,1.03251484e-06,1.2499352e-06,1.2499352000000001
303,3.43919626e-06,9.87483024,10467.3200544,0.8723508210197867,3.43919626e-06,6.2013419e-07,0.62013419,1.03251484e-06,9.87491357,10467.4083842,0.872358182462176,1.03251484e-06,1.24981817e-06,1.24981817
304,3.43919626e-06,9.87386707,10466.2990942,0.8722657337707038,3.43919626e-06,6.2008022e-07,0.6200802200000001,1.03251484e-06,9.87505021,10467.5532226,0.8723702533548685,1.03251484e-06,1.24970166e-06,1.24970166
305,3.43919626e-06,9.87288967,10465.2630502,0.872179389431435,3.43919626e-06,6.20026767e-07,0.620026767,1.03251484e-06,9.87517491,10467.6854046,0.8723812694579041,1.03251484e-06,1.24958575e-06,1.24958575
306,3.43919626e-06,9.87192703,10464.2426518,0.8720943490029985,3.43919626e-06,6.19973751e-07,0.619973751,1.03251484e-06,9.87530252,10467.8206712,0.8723925426327904,1.03251484e-06,1.24947052e-06,1.24947052
307,3.43919626e-06,9.87101061,10463.271246600001,0.8720133916882936,3.43919626e-06,6.19921219e-07,0.619921219,1.03251484e-06,9.87545188,10467.9789928,0.8724057372209971,1.03251484e-06,1.24935588e-06,1.2493558800000002
308,3.43919626e-06,9.87009601,10462.3017706,0.8719325951539214,3.43919626e-06,6.19869248e-07,0.619869248,1.03251484e-06,9.87560463,10468.1409078,0.8724192312846593,1.03251484e-06,1.24924168e-06,1.2492416800000001
309,3.43919626e-06,9.86917728,10461.3279168,0.8718514337718707,3.43919626e-06,6.19817797e-07,0.619817797,1.03251484e-06,9.87575592,10468.3012752,0.8724325963706915,1.03251484e-06,1.24912789e-06,1.24912789
310,3.43919626e-06,9.86825676,10460.3521656,0.8717701142597121,3.43919626e-06,6.197668e-07,0.6197668000000001,1.03251484e-06,9.87590663,10468.4610278,0.8724459102190353,1.03251484e-06,1.24901454e-06,1.2490145400000001
311,3.43919626e-06,9.86734674,10459.3875444,0.8716897223263979,3.43919626e-06,6.19716208e-07,0.619716208,1.03251484e-06,9.87606233,10468.6260698,0.8724596648881823,1.03251484e-06,1.24890159e-06,1.24890159
312,3.43919626e-06,9.86644567,10458.4324102,0.871610121043622,3.43919626e-06,6.19666013e-07,0.619666013,1.03251484e-06,9.87622185,10468.795161,0.8724737570193467,1.03251484e-06,1.24878902e-06,1.24878902
313,3.43919626e-06,9.86555313,10457.4863178,0.8715312733082312,3.43919626e-06,6.19616208e-07,0.619616208,1.03251484e-06,9.8763814,10468.964284,0.8724878518007364,1.03251484e-06,1.24867683e-06,1.24867683
314,3.43919626e-06,9.86467129,10456.5515674,0.8714533708198531,3.43919626e-06,6.19566789e-07,0.619566789,1.03251484e-06,9.87654319,10469.1357814,0.8725021444656129,1.03251484e-06,1.24856499e-06,1.24856499
315,3.43919626e-06,9.86379405,10455.621693,0.8713758746993494,3.43919626e-06,6.1951775e-07,0.61951775,1.03251484e-06,9.87670508,10469.3073848,0.8725164459645737,1.03251484e-06,1.24845349e-06,1.24845349
316,3.43919626e-06,9.86291766,10454.692719600002,0.871298453668562,3.43919626e-06,6.1946906e-07,0.6194690599999999,1.03251484e-06,9.87686056,10469.4721936,0.8725301811987353,1.03251484e-06,1.24834233e-06,1.24834233
317,3.43919626e-06,9.8620619,10453.785614,0.871222855109351,3.43919626e-06,6.19420708e-07,0.619420708,1.03251484e-06,9.87702077,10469.6420162,0.8725443342850809,1.03251484e-06,1.24823149e-06,1.24823149
318,3.43919626e-06,9.8612121,10452.884826,0.8711477830615603,3.43919626e-06,6.1937272e-07,0.61937272,1.03251484e-06,9.87717532,10469.805839199998,0.872557987362259,1.03251484e-06,1.248121e-06,1.2481209999999998
319,3.43919626e-06,9.86038646,10452.009647600002,0.8710748453285198,3.43919626e-06,6.19325112e-07,0.619325112,1.03251484e-06,9.87733422,10469.9742732,0.8725720247221014,1.03251484e-06,1.2480109e-06,1.2480109000000001
320,3.43919626e-06,9.8595772,10451.151832,0.8710033546184759,3.43919626e-06,6.19277943e-07,0.6192779429999999,1.03251484e-06,9.87749565,10470.145389,0.8725862855842746,1.03251484e-06,1.24790114e-06,1.24790114
321,3.43919626e-06,9.85875536,10450.2806816,0.870930752580636,3.43919626e-06,6.19231207e-07,0.619231207,1.03251484e-06,9.87763628,10470.2944568,0.872598708956928,1.03251484e-06,1.24779176e-06,1.24779176
322,3.43919626e-06,9.85792644,10449.4020264,0.8708575250896325,3.43919626e-06,6.19184815e-07,0.619184815,1.03251484e-06,9.87775751,10470.4229606,0.8726094185172407,1.03251484e-06,1.24768288e-06,1.2476828800000002
323,3.43919626e-06,9.85711248,10448.5392288,0.8707856191776302,3.43919626e-06,6.19138723e-07,0.619138723,1.03251484e-06,9.87787513,10470.5476378,0.8726198091671126,1.03251484e-06,1.24757457e-06,1.24757457
324,3.43919626e-06,9.85631911,10447.698256599999,0.8707155322035706,3.43919626e-06,6.19092973e-07,0.619092973,1.03251484e-06,9.87799081,10470.6702586,0.8726300284357503,1.03251484e-06,1.24746686e-06,1.24746686
325,3.43919626e-06,9.85555397,10446.887208200002,0.8706479390914896,3.43919626e-06,6.19047642e-07,0.6190476420000001,1.03251484e-06,9.8781029,10470.789074,0.8726399305607644,1.03251484e-06,1.24735978e-06,1.2473597799999998
326,3.43919626e-06,9.85479816,10446.0860496,0.870581170199467,3.43919626e-06,6.19002799e-07,0.619002799,1.03251484e-06,9.87820134,10470.8934204,0.8726486268332808,1.03251484e-06,1.24725337e-06,1.24725337
327,3.43919626e-06,9.85404315,10445.285739,0.8705144719801184,3.43919626e-06,6.1895843e-07,0.61895843,1.03251484e-06,9.8782795,10470.97627,0.8726555315535154,1.03251484e-06,1.24714777e-06,1.24714777
328,3.43919626e-06,9.85329638,10444.4941628,0.8704485016893103,3.43919626e-06,6.18914498e-07,0.618914498,1.03251484e-06,9.87834025,10471.040665,0.8726608982596855,1.03251484e-06,1.24704309e-06,1.2470430899999998
329,3.43919626e-06,9.85256625,10443.720225000001,0.8703840013901183,3.43919626e-06,6.18871017e-07,0.618871017,1.03251484e-06,9.87838844,10471.0917464,0.8726651554048761,1.03251484e-06,1.24693941e-06,1.2469394100000002
330,3.43919626e-06,9.85185339,10442.9645934,0.8703210267372727,3.43919626e-06,6.18828037e-07,0.618828037,1.03251484e-06,9.87842427,10471.1297262,0.872668320657256,1.03251484e-06,1.24683681e-06,1.24683681
331,3.43919626e-06,9.85115406,10442.223303600002,0.8702592473360238,3.43919626e-06,6.18785593e-07,0.618785593,1.03251484e-06,9.8784457,10471.152442,0.8726702138015066,1.03251484e-06,1.24673536e-06,1.24673536
332,3.43919626e-06,9.85047725,10441.505885,0.8701994573705433,3.43919626e-06,6.18743726e-07,0.618743726,1.03251484e-06,9.8784658,10471.173748000001,0.872671989452437,1.03251484e-06,1.24663511e-06,1.24663511
333,3.43919626e-06,9.84982057,10440.8098042,0.8701414457062184,3.43919626e-06,6.18702541e-07,0.618702541,1.03251484e-06,9.87847937,10471.1881322,0.8726731882376669,1.03251484e-06,1.24653608e-06,1.24653608
334,3.43919626e-06,9.84916814,10440.1182284,0.8700838094904735,3.43919626e-06,6.18662084e-07,0.618662084,1.03251484e-06,9.87846838,10471.1764828,0.8726722173718099,1.03251484e-06,1.24643833e-06,1.24643833
335,3.43919626e-06,9.84851634,10439.4273204,0.870026228929459,3.43919626e-06,6.18622238e-07,0.6186222379999999,1.03251484e-06,9.87842713,10471.1327578,0.8726685733120649,1.03251484e-06,1.24634206e-06,1.24634206
336,3.43919626e-06,9.84787417,10438.746620200001,0.8699694990907562,3.43919626e-06,6.1858291e-07,0.6185829100000001,1.03251484e-06,9.87836958,10471.0717548,0.8726634892965902,1.03251484e-06,1.24624744e-06,1.2462474399999999
337,3.43919626e-06,9.84725125,10438.086325,0.8699144698132675,3.43919626e-06,6.18544167e-07,0.618544167,1.03251484e-06,9.87830676,10471.0051656,0.8726579397248766,1.03251484e-06,1.2461545e-06,1.2461544999999998
338,3.43919626e-06,9.8466484,10437.447304,0.8698612135364839,3.43919626e-06,6.18506134e-07,0.618506134,1.03251484e-06,9.87824094,10470.9353964,0.8726521251306362,1.03251484e-06,1.24606323e-06,1.24606323
339,3.43919626e-06,9.84606127,10436.8249462,0.8698093459777415,3.43919626e-06,6.18468873e-07,0.6184688730000001,1.03251484e-06,9.87816936,10470.8595216,0.8726458016931439,1.03251484e-06,1.24597366e-06,1.24597366
340,3.43919626e-06,9.84548104,10436.2099024,0.8697580879708109,3.43919626e-06,6.18432374e-07,0.618432374,1.03251484e-06,9.87807999,10470.7647894,0.8726379066720672,1.03251484e-06,1.24588585e-06,1.2458858499999999
341,3.43919626e-06,9.84490422,10435.5984732,0.8697071312061525,3.43919626e-06,6.18396578e-07,0.6183965779999999,1.03251484e-06,9.87797191,10470.6502246,0.8726283587938308,1.03251484e-06,1.24579989e-06,1.24579989
342,3.43919626e-06,9.84433369,10434.993711399999,0.8696567301053922,3.43919626e-06,6.1836143e-07,0.61836143,1.03251484e-06,9.87785011,10470.5211166,0.8726175988792382,1.03251484e-06,1.24571586e-06,1.24571586
343,3.43919626e-06,9.84377675,10434.403355,0.8696075295566791,3.43919626e-06,6.18326928e-07,0.618326928,1.03251484e-06,9.87771968,10470.3828608,0.8726060765831763,1.03251484e-06,1.2456338e-06,1.2456338
344,3.43919626e-06,9.84323716,10433.8313896,0.8695598617215797,3.43919626e-06,6.18293117e-07,0.618293117,1.03251484e-06,9.87758655,10470.241743,0.8725943157668402,1.03251484e-06,1.24555376e-06,1.24555376
345,3.43919626e-06,9.84271282,10433.275589199999,0.8695135410843254,3.43919626e-06,6.1826005e-07,0.61826005,1.03251484e-06,9.87744769,10470.0945514,0.8725820487574777,1.03251484e-06,1.24547572e-06,1.24547572
346,3.43919626e-06,9.84219949,10432.7314594,0.8694681930797451,3.43919626e-06,6.18227742e-07,0.618227742,1.03251484e-06,9.87730126,10469.9393356,0.872569113007939,1.03251484e-06,1.24539971e-06,1.24539971
347,3.43919626e-06,9.84169265,10432.194209000001,0.8694234184072314,3.43919626e-06,6.18196175e-07,0.6181961749999999,1.03251484e-06,9.87714537,10469.7740922,0.872555341554032,1.03251484e-06,1.24532573e-06,1.24532573
348,3.43919626e-06,9.84119045,10431.661876999999,0.8693790536362257,3.43919626e-06,6.18165315e-07,0.618165315,1.03251484e-06,9.87698032,10469.5991392,0.8725407608980097,1.03251484e-06,1.24525384e-06,1.24525384
349,3.43919626e-06,9.84069532,10431.1370392,0.8693353134349754,3.43919626e-06,6.18135142e-07,0.618135142,1.03251484e-06,9.87680875,10469.417275,0.8725256042596954,1.03251484e-06,1.24518405e-06,1.24518405
350,3.43919626e-06,9.8402112,10430.623872,0.8692925458663987,3.43919626e-06,6.18105654e-07,0.6181056540000001,1.03251484e-06,9.87663451,10469.2325806,0.8725102117513323,1.03251484e-06,1.24511636e-06,1.24511636
351,3.43919626e-06,9.83973883,10430.1231598,0.869250816302719,3.43919626e-06,6.18076871e-07,0.618076871,1.03251484e-06,9.87645552,10469.0428512,0.872494399623968,1.03251484e-06,1.24505075e-06,1.24505075
352,3.43919626e-06,9.83927961,10429.636386600001,0.8692102484211159,3.43919626e-06,6.18048809e-07,0.6180488089999999,1.03251484e-06,9.87627662,10468.853217200001,0.8724785954472798,1.03251484e-06,1.24498724e-06,1.24498724
353,3.43919626e-06,9.83883095,10429.160807,0.8691706134188073,3.43919626e-06,6.18021464e-07,0.618021464,1.03251484e-06,9.87609804,10468.663922400001,0.872462819539661,1.03251484e-06,1.24492579e-06,1.2449257900000001
354,3.43919626e-06,9.83838995,10428.693347,0.8691316551073508,3.43919626e-06,6.17994807e-07,0.617994807,1.03251484e-06,9.87591156,10468.4662536,0.8724463457393878,1.03251484e-06,1.24486638e-06,1.24486638
355,3.43919626e-06,9.83795656,10428.2339536,0.8690933690697042,3.43919626e-06,6.17968794e-07,0.617968794,1.03251484e-06,9.87572171,10468.2650126,0.8724295742304764,1.03251484e-06,1.24480902e-06,1.24480902
356,3.43919626e-06,9.83752914,10427.780888399999,0.8690556104268862,3.43919626e-06,6.179434e-07,0.6179434,1.03251484e-06,9.87553476,10468.0668456,0.8724130589100074,1.03251484e-06,1.24475367e-06,1.24475367
357,3.43919626e-06,9.83710522,10427.3315332,0.8690181609770165,3.43919626e-06,6.17918626e-07,0.6179186259999999,1.03251484e-06,9.87535083,10467.8718798,0.8723968103788823,1.03251484e-06,1.24470029e-06,1.24470029
358,3.43919626e-06,9.83668297,10426.8839482,0.8689808590563531,3.43919626e-06,6.17894449e-07,0.617894449,1.03251484e-06,9.87516995,10467.680147000001,0.8723808312873262,1.03251484e-06,1.24464884e-06,1.24464884
359,3.43919626e-06,9.83625896,10426.434497600001,0.8689434016558075,3.43919626e-06,6.17870828e-07,0.617870828,1.03251484e-06,9.87498892,10467.4882552,0.8723648389446437,1.03251484e-06,1.24459928e-06,1.24459928
360,3.43919626e-06,9.83583344,10425.9834464,0.8689058108605898,3.43919626e-06,6.17847701e-07,0.617847701,1.03251484e-06,9.87480842,10467.2969252,0.8723488934226077,1.03251484e-06,1.24455157e-06,1.24455157
361,3.43919626e-06,9.83541493,10425.5398258,0.8688688393346768,3.43919626e-06,6.17824968e-07,0.617824968,1.03251484e-06,9.87464099,10467.1194494,0.8723341025153805,1.03251484e-06,1.24450564e-06,1.24450564
362,3.43919626e-06,9.83497575,10425.074295,0.8688300418035534,3.43919626e-06,6.1780255e-07,0.61780255,1.03251484e-06,9.87444873,10466.915653799999,0.8723171181050389,1.03251484e-06,1.24446145e-06,1.24446145
363,3.43919626e-06,9.83454307,10424.6156542,0.8687918184879049,3.43919626e-06,6.17780444e-07,0.617780444,1.03251484e-06,9.87427665,10466.733249,0.8723019164128952,1.03251484e-06,1.24441904e-06,1.24441904
364,3.43919626e-06,9.83410543,10424.1517558,0.8687531570016784,3.43919626e-06,6.17758573e-07,0.617758573,1.03251484e-06,9.87410604,10466.552402399999,0.8722868445817894,1.03251484e-06,1.24437832e-06,1.24437832
365,3.43919626e-06,9.83366095,10423.680607,0.8687138912640908,3.43919626e-06,6.17736891e-07,0.6177368910000001,1.03251484e-06,9.87393479,10466.3708774,0.8722717162125448,1.03251484e-06,1.24433924e-06,1.24433924
366,3.43919626e-06,9.83320771,10423.2001726,0.8686738516607245,3.43919626e-06,6.17715321e-07,0.617715321,1.03251484e-06,9.87376387,10466.1897022,0.872256616995778,1.03251484e-06,1.24430177e-06,1.2443017699999999
367,3.43919626e-06,9.83274315,10422.707739000001,0.8686328120390234,3.43919626e-06,6.17693766e-07,0.6176937659999999,1.03251484e-06,9.87359531,10466.0110286,0.8722417262633991,1.03251484e-06,1.24426586e-06,1.2442658599999998
368,3.43919626e-06,9.83226797,10422.2040482,0.8685908342375769,3.43919626e-06,6.17672144e-07,0.617672144,1.03251484e-06,9.87343055,10465.836383,0.872227171226221,1.03251484e-06,1.24423151e-06,1.24423151
369,3.43919626e-06,9.83177949,10421.686259400001,0.8685476815029279,3.43919626e-06,6.17650364e-07,0.617650364,1.03251484e-06,9.87326318,10465.658970800001,0.8722123856194445,1.03251484e-06,1.24419869e-06,1.24419869
370,3.43919626e-06,9.8312815,10421.158389999999,0.8685036886468682,3.43919626e-06,6.17628342e-07,0.617628342,1.03251484e-06,9.87309717,10465.4830002,0.8721977201562133,1.03251484e-06,1.24416735e-06,1.2441673500000001
371,3.43919626e-06,9.83076728,10420.6133168,0.8684582620189383,3.43919626e-06,6.17606007e-07,0.617606007,1.03251484e-06,9.87293644,10465.3126264,0.8721835211326296,1.03251484e-06,1.24413745e-06,1.24413745
372,3.43919626e-06,9.83022971,10420.0434926,0.8684107726323405,3.43919626e-06,6.17583227e-07,0.6175832269999999,1.03251484e-06,9.87278189,10465.148803400001,0.8721698680554515,1.03251484e-06,1.24410895e-06,1.24410895
373,3.43919626e-06,9.82966806,10419.448143599999,0.8683611559982598,3.43919626e-06,6.17559853e-07,0.6175598529999999,1.03251484e-06,9.87263276,10464.9907256,0.8721566937856385,1.03251484e-06,1.2440818e-06,1.2440818
374,3.43919626e-06,9.82907958,10418.824354800001,0.8683091691793804,3.43919626e-06,6.17535774e-07,0.6175357739999999,1.03251484e-06,9.87249168,10464.8411808,0.8721442306596061,1.03251484e-06,1.24405592e-06,1.24405592
375,3.43919626e-06,9.82846297,10418.1707482,0.8682546973326066,3.43919626e-06,6.17510872e-07,0.617510872,1.03251484e-06,9.87236317,10464.7049602,0.8721328779779616,1.03251484e-06,1.24403121e-06,1.24403121
376,3.43919626e-06,9.82781675,10417.485755,0.8681976097134924,3.43919626e-06,6.17485009e-07,0.6174850089999999,1.03251484e-06,9.87225182,10464.5869292,0.8721230412251709,1.03251484e-06,1.24400755e-06,1.2440075499999999
377,3.43919626e-06,9.82713977,10416.7681562,0.8681378047300687,3.43919626e-06,6.17458033e-07,0.617458033,1.03251484e-06,9.87215667,10464.4860702,0.8721146355940256,1.03251484e-06,1.24398481e-06,1.24398481
378,3.43919626e-06,9.82643029,10416.016107399999,0.8680751286692702,3.43919626e-06,6.17429794e-07,0.617429794,1.03251484e-06,9.872074,10464.398439999999,0.8721073324565921,1.03251484e-06,1.24396287e-06,1.24396287
379,3.43919626e-06,9.82570141,10415.243494600001,0.8680107387961311,3.43919626e-06,6.17400184e-07,0.6174001840000001,1.03251484e-06,9.87200104,10464.321102400001,0.8721008871087377,1.03251484e-06,1.24394164e-06,1.2439416399999998
380,3.43919626e-06,9.82495623,10414.4536038,0.8679449089672623,3.43919626e-06,6.17369165e-07,0.6173691649999999,1.03251484e-06,9.87193656,10464.2527536,0.8720951908912258,1.03251484e-06,1.24392104e-06,1.24392104
381,3.43919626e-06,9.82419867,10413.650590199999,0.8678779854787656,3.43919626e-06,6.17336697e-07,0.617336697,1.03251484e-06,9.87187706,10464.1896836,0.8720899346111086,1.03251484e-06,1.243901e-06,1.2439010000000001
382,3.43919626e-06,9.8234335,10412.83951,0.8678103897164593,3.43919626e-06,6.17302764e-07,0.617302764,1.03251484e-06,9.87181809,10464.127175399999,0.8720847251516378,1.03251484e-06,1.2438815e-06,1.2438815
383,3.43919626e-06,9.8226672,10412.027232,0.8677426941290011,3.43919626e-06,6.17267393e-07,0.617267393,1.03251484e-06,9.87175611,10464.0614766,0.8720792497862319,1.03251484e-06,1.24386254e-06,1.2438625399999998
384,3.43919626e-06,9.82190722,10411.2216532,0.8676755568556661,3.43919626e-06,6.17230658e-07,0.617230658,1.03251484e-06,9.8716873,10463.988538,0.8720731710528729,1.03251484e-06,1.24384416e-06,1.2438441599999999
385,3.43919626e-06,9.82115797,10410.4274482,0.8676093674795692,3.43919626e-06,6.17192666e-07,0.617192666,1.03251484e-06,9.87161071,10463.907352600001,0.8720664050277608,1.03251484e-06,1.2438264e-06,1.2438263999999999
386,3.43919626e-06,9.82041975,10409.644934999998,0.8675441525029627,3.43919626e-06,6.17153538e-07,0.6171535380000001,1.03251484e-06,9.8715279,10463.819574000001,0.8720590895226096,1.03251484e-06,1.24380931e-06,1.24380931
387,3.43919626e-06,9.81969084,10408.8722904,0.8674797599795984,3.43919626e-06,6.17113379e-07,0.6171133790000001,1.03251484e-06,9.87144224,10463.7287744,0.8720515222460576,1.03251484e-06,1.24379292e-06,1.24379292
388,3.43919626e-06,9.81897546,10408.113987600002,0.8674165627078303,3.43919626e-06,6.17072295e-07,0.6170722949999999,1.03251484e-06,9.8713536,10463.634816000002,0.8720436917137958,1.03251484e-06,1.24377725e-06,1.24377725
389,3.43919626e-06,9.818269,10407.365140000002,0.8673541534363756,3.43919626e-06,6.17030401e-07,0.6170304010000001,1.03251484e-06,9.87126333,10463.5391298,0.8720357171859608,1.03251484e-06,1.2437623e-06,1.2437623000000002
390,3.43919626e-06,9.81757185,10406.626161,0.8672925666181626,3.43919626e-06,6.16987791e-07,0.6169877909999999,1.03251484e-06,9.87117153,10463.4418218,0.8720276074966372,1.03251484e-06,1.2437481e-06,1.2437481000000001
391,3.43919626e-06,9.81688919,10405.902541399999,0.8672322598587546,3.43919626e-06,6.16944568e-07,0.616944568,1.03251484e-06,9.87107265,10463.337009,0.8720188723541502,1.03251484e-06,1.24373467e-06,1.24373467
392,3.43919626e-06,9.81622002,10405.1932212,0.8671731448173094,3.43919626e-06,6.16900858e-07,0.616900858,1.03251484e-06,9.87096914,10463.2272884,0.8720097281935631,1.03251484e-06,1.24372202e-06,1.24372202
393,3.43919626e-06,9.81557652,10404.511111200001,0.8671162974852864,3.43919626e-06,6.1685682e-07,0.6168568200000001,1.03251484e-06,9.8708688,10463.120928,0.8720008640734463,1.03251484e-06,1.24371014e-06,1.24371014
394,3.43919626e-06,9.81492978,10403.8255668,0.867059163928934,3.43919626e-06,6.16812582e-07,0.616812582,1.03251484e-06,9.87076376,10463.0095856,0.8719915847513706,1.03251484e-06,1.24369902e-06,1.24369902
395,3.43919626e-06,9.81428495,10403.142047,0.8670021991035904,3.43919626e-06,6.1676813e-07,0.61676813,1.03251484e-06,9.87065661,10462.8960066,0.8719821190301176,1.03251484e-06,1.24368869e-06,1.24368869
396,3.43919626e-06,9.81365018,10402.4691908,0.8669461229871206,3.43919626e-06,6.16723512e-07,0.616723512,1.03251484e-06,9.87054563,10462.778367800001,0.8719723149634387,1.03251484e-06,1.24367919e-06,1.24367919
397,3.43919626e-06,9.81303184,10401.8137504,0.8668914983106898,3.43919626e-06,6.16678834e-07,0.616678834,1.03251484e-06,9.87043202,10462.657941200001,0.8719622785603444,1.03251484e-06,1.24367052e-06,1.24367052
398,3.43919626e-06,9.81243048,10401.176308799999,0.8668383736617612,3.43919626e-06,6.16634225e-07,0.616634225,1.03251484e-06,9.87032138,10462.5406628,0.8719525045295518,1.03251484e-06,1.24366265e-06,1.24366265
399,3.43919626e-06,9.81184002,10400.5504212,0.8667862119280139,3.43919626e-06,6.16589785e-07,0.616589785,1.03251484e-06,9.87021562,10462.428557199999,0.8719431616020694,1.03251484e-06,1.24365555e-06,1.24365555
400,3.43919626e-06,9.81124858,10399.923494800001,0.8667339636202411,3.43919626e-06,6.16545552e-07,0.616545552,1.03251484e-06,9.87011365,10462.320469,0.8719341534863797,1.03251484e-06,1.24364918e-06,1.24364918
401,3.43919626e-06,9.81065234,10399.291480400001,0.8666812912764252,3.43919626e-06,6.16501511e-07,0.6165015110000001,1.03251484e-06,9.87000621,10462.2065826,0.8719246621462825,1.03251484e-06,1.24364355e-06,1.24364355
402,3.43919626e-06,9.81008153,10398.6864218,0.866630865440229,3.43919626e-06,6.16457712e-07,0.616457712,1.03251484e-06,9.86990792,10462.1023952,0.8719159791248923,1.03251484e-06,1.24363864e-06,1.2436386400000001
403,3.43919626e-06,9.80953628,10398.108456799999,0.8665826975959623,3.43919626e-06,6.16414325e-07,0.616414325,1.03251484e-06,9.86982622,10462.0157932,0.8719087616780761,1.03251484e-06,1.24363435e-06,1.24363435
404,3.43919626e-06,9.80899464,10397.5343184,0.8665348486621363,3.43919626e-06,6.1637146e-07,0.61637146,1.03251484e-06,9.86974368,10461.928300799998,0.871901470024952,1.03251484e-06,1.2436306e-06,1.2436306000000001
405,3.43919626e-06,9.80845919,10396.966741400001,0.8664875465581242,3.43919626e-06,6.16329144e-07,0.6163291439999999,1.03251484e-06,9.86967071,10461.8509526,0.8718950237936891,1.03251484e-06,1.24362736e-06,1.24362736
406,3.43919626e-06,9.80793685,10396.413061000001,0.8664414026025546,3.43919626e-06,6.16287388e-07,0.616287388,1.03251484e-06,9.86960803,10461.7845118,0.8718894865896936,1.03251484e-06,1.24362455e-06,1.24362455
407,3.43919626e-06,9.80743161,10395.8775066,0.8663967692753884,3.43919626e-06,6.16246252e-07,0.6162462519999999,1.03251484e-06,9.86956311,10461.7368966,0.8718855183190571,1.03251484e-06,1.24362207e-06,1.24362207
408,3.43919626e-06,9.80694124,10395.357714400001,0.8663534495765475,3.43919626e-06,6.16205799e-07,0.6162057989999999,1.03251484e-06,9.86953706,10461.709283600001,0.8718832170401152,1.03251484e-06,1.24361974e-06,1.24361974
409,3.43919626e-06,9.8064491,10394.836046,0.8663099735144154,3.43919626e-06,6.16166066e-07,0.616166066,1.03251484e-06,9.86952146,10461.6927476,0.8718818389229751,1.03251484e-06,1.24361748e-06,1.24361748
410,3.43919626e-06,9.80597425,10394.332705,0.866268024865447,3.43919626e-06,6.16127085e-07,0.616127085,1.03251484e-06,9.8695265,10461.69809,0.8718822841608204,1.03251484e-06,1.24361521e-06,1.24361521
411,3.43919626e-06,9.80548603,10393.8151918,0.8662248950994168,3.43919626e-06,6.16088868e-07,0.616088868,1.03251484e-06,9.86953748,10461.7097288,0.871883254143269,1.03251484e-06,1.24361283e-06,1.24361283
412,3.43919626e-06,9.80501589,10393.3168434,0.8661833625358155,3.43919626e-06,6.16051337e-07,0.616051337,1.03251484e-06,9.86957096,10461.7452176,0.8718862117946693,1.03251484e-06,1.24361017e-06,1.2436101700000002
413,3.43919626e-06,9.80453896,10392.811297600001,0.8661412301378952,3.43919626e-06,6.16014531e-07,0.616014531,1.03251484e-06,9.86961053,10461.787161799999,0.8718897074417992,1.03251484e-06,1.24360716e-06,1.24360716
414,3.43919626e-06,9.80405799,10392.301469400001,0.8660987408429718,3.43919626e-06,6.15978427e-07,0.615978427,1.03251484e-06,9.86965235,10461.831491,0.8718934018558245,1.03251484e-06,1.24360382e-06,1.24360382
415,3.43919626e-06,9.8035816,10391.796495999999,0.866056656149106,3.43919626e-06,6.15943003e-07,0.615943003,1.03251484e-06,9.86969647,10461.878258199999,0.8718972994537868,1.03251484e-06,1.24360014e-06,1.2436001399999999
416,3.43919626e-06,9.80311974,10391.3069244,0.8660158550476791,3.43919626e-06,6.15908263e-07,0.615908263,1.03251484e-06,9.86974447,10461.929138200001,0.8719015398142177,1.03251484e-06,1.24359608e-06,1.24359608
417,3.43919626e-06,9.80267977,10390.840556199999,0.86597698772729,3.43919626e-06,6.15874245e-07,0.615874245,1.03251484e-06,9.86979995,10461.987947000001,0.8719064409641488,1.03251484e-06,1.24359158e-06,1.24359158
418,3.43919626e-06,9.80225952,10390.3950912,0.8659398624883116,3.43919626e-06,6.15841027e-07,0.615841027,1.03251484e-06,9.86985581,10462.0471586,0.8719113756835998,1.03251484e-06,1.24358664e-06,1.24358664
419,3.43919626e-06,9.80183131,10389.941188600002,0.8659020340562282,3.43919626e-06,6.15808632e-07,0.615808632,1.03251484e-06,9.86990526,10462.0995756,0.8719157441382517,1.03251484e-06,1.24358128e-06,1.24358128
420,3.43919626e-06,9.80138794,10389.4712164,0.8658628663769754,3.43919626e-06,6.15776927e-07,0.6157769270000001,1.03251484e-06,9.8699437,10462.140322000001,0.8719191399602301,1.03251484e-06,1.2435756e-06,1.2435756
421,3.43919626e-06,9.80093302,10388.9890012,0.865822678360994,3.43919626e-06,6.15745786e-07,0.615745786,1.03251484e-06,9.86996636,10462.164341599999,0.8719211417637165,1.03251484e-06,1.24356972e-06,1.24356972
422,3.43919626e-06,9.80048587,10388.5150222,0.8657831767533574,3.43919626e-06,6.15715187e-07,0.615715187,1.03251484e-06,9.86997826,10462.1769556,0.87192219301974,1.03251484e-06,1.24356375e-06,1.24356375
423,3.43919626e-06,9.80006167,10388.0653702,0.8657457025680516,3.43919626e-06,6.15685231e-07,0.6156852309999999,1.03251484e-06,9.86997846,10462.1771676,0.8719222106879085,1.03251484e-06,1.24355775e-06,1.2435577500000001
424,3.43919626e-06,9.79966597,10387.6459282,0.8657107460967516,3.43919626e-06,6.15656054e-07,0.615656054,1.03251484e-06,9.86996912,10462.1672672,0.8719213855844414,1.03251484e-06,1.24355178e-06,1.24355178
425,3.43919626e-06,9.79926538,10387.221302799999,0.8656753576387326,3.43919626e-06,6.15627634e-07,0.615627634,1.03251484e-06,9.86993371,10462.1297326,0.8719182574352153,1.03251484e-06,1.24354593e-06,1.24354593
426,3.43919626e-06,9.79890836,10386.8428616,0.8656438181912129,3.43919626e-06,6.15599904e-07,0.615599904,1.03251484e-06,9.86990643,10462.1008158,0.8719158474970373,1.03251484e-06,1.24354032e-06,1.24354032
427,3.43919626e-06,9.7985918,10386.507308,0.8656158530141729,3.43919626e-06,6.15573124e-07,0.615573124,1.03251484e-06,9.86987465,10462.067129,0.8719130400250688,1.03251484e-06,1.243535e-06,1.2435349999999998
428,3.43919626e-06,9.79833962,10386.2399972,0.8655935752205605,3.43919626e-06,6.15547602e-07,0.6155476019999999,1.03251484e-06,9.86984849,10462.0393994,0.8719107290286342,1.03251484e-06,1.24352996e-06,1.24352996
429,3.43919626e-06,9.7980898,10385.975188,0.8655715059113358,3.43919626e-06,6.15523531e-07,0.615523531,1.03251484e-06,9.86978412,10461.9711672,0.8719050425286149,1.03251484e-06,1.24352524e-06,1.2435252399999999
430,3.43919626e-06,9.79783686,10385.7070716,0.8655491609786832,3.43919626e-06,6.15500784e-07,0.615500784,1.03251484e-06,9.86968808,10461.869364799999,0.8718965582741199,1.03251484e-06,1.24352103e-06,1.2435210300000001
431,3.43919626e-06,9.79762818,10385.485870800001,0.8655307260117111,3.43919626e-06,6.15479339e-07,0.615479339,1.03251484e-06,9.86959118,10461.7666508,0.8718879980465006,1.03251484e-06,1.24351752e-06,1.2435175200000002
432,3.43919626e-06,9.79747643,10385.3250158,0.8655173202888912,3.43919626e-06,6.15459401e-07,0.615459401,1.03251484e-06,9.86950913,10461.6796778,0.8718807496803896,1.03251484e-06,1.24351471e-06,1.2435147100000001
433,3.43919626e-06,9.79740702,10385.2514412,0.8655111885510268,3.43919626e-06,6.15441194e-07,0.615441194,1.03251484e-06,9.86940031,10461.5643286,0.8718711364299299,1.03251484e-06,1.24351257e-06,1.2435125699999998
434,3.43919626e-06,9.79748153,10385.330421800001,0.8655177708271871,3.43919626e-06,6.1542483e-07,0.61542483,1.03251484e-06,9.8693008,10461.458848,0.8718623456327121,1.03251484e-06,1.24351115e-06,1.24351115
435,3.43919626e-06,9.79763217,10385.4901002,0.8655310784916719,3.43919626e-06,6.15410725e-07,0.615410725,1.03251484e-06,9.86923915,10461.393499,0.8718568994197841,1.03251484e-06,1.24351026e-06,1.24351026
436,3.43919626e-06,9.79775826,10385.6237556,0.865542217388478,3.43919626e-06,6.15399341e-07,0.615399341,1.03251484e-06,9.86919752,10461.3493712,0.8718532217905189,1.03251484e-06,1.2435097e-06,1.2435097000000002
437,3.43919626e-06,9.79783657,10385.7067642,0.865549135359839,3.43919626e-06,6.15390838e-07,0.6153908379999999,1.03251484e-06,9.86914126,10461.2897356,0.8718482517347308,1.03251484e-06,1.24350947e-06,1.24350947
438,3.43919626e-06,9.79790721,10385.7816426,0.8655553757569394,3.43919626e-06,6.15385032e-07,0.6153850319999999,1.03251484e-06,9.86905595,10461.199307,0.8718407153774739,1.03251484e-06,1.24350974e-06,1.24350974
439,3.43919626e-06,9.79802024,10385.9014544,0.8655653609223452,3.43919626e-06,6.15381614e-07,0.615381614,1.03251484e-06,9.8689548,10461.092088,0.8718317797012746,1.03251484e-06,1.24351063e-06,1.24351063
440,3.43919626e-06,9.79818669,10386.0778914,0.8655800652555468,3.43919626e-06,6.15380355e-07,0.615380355,1.03251484e-06,9.86887208,10461.0044048,0.8718244721467991,1.03251484e-06,1.24351208e-06,1.2435120800000001
441,3.43919626e-06,9.79838657,10386.2897642,0.8655977228231068,3.43919626e-06,6.15381186e-07,0.615381186,1.03251484e-06,9.86881824,10460.9473344,0.8718197158758495,1.03251484e-06,1.24351393e-06,1.24351393
442,3.43919626e-06,9.79859222,10386.5077532,0.8656158901173266,3.43919626e-06,6.15384184e-07,0.615384184,1.03251484e-06,9.86879035,10460.917770999999,0.8718172520497575,1.03251484e-06,1.24351599e-06,1.2435159900000001
443,3.43919626e-06,9.79879113,10386.7185978,0.8656334619942695,3.43919626e-06,6.15389453e-07,0.615389453,1.03251484e-06,9.86876192,10460.8876352,0.8718147405196109,1.03251484e-06,1.24351819e-06,1.2435181899999999
444,3.43919626e-06,9.79898944,10386.9288064,0.865650980866707,3.43919626e-06,6.15396978e-07,0.615396978,1.03251484e-06,9.86872137,10460.8446522,0.8718111582984553,1.03251484e-06,1.24352056e-06,1.24352056
445,3.43919626e-06,9.7992047,10387.156982,0.8656699971164217,3.43919626e-06,6.15406638e-07,0.6154066380000001,1.03251484e-06,9.8686762,10460.796772,0.8718071679426085,1.03251484e-06,1.24352313e-06,1.24352313
446,3.43919626e-06,9.79944375,10387.410375,0.8656911149947746,3.43919626e-06,6.1541828e-07,0.61541828,1.03251484e-06,9.86864117,10460.7596402,0.8718040733629026,1.03251484e-06,1.24352589e-06,1.24352589
447,3.43919626e-06,9.7997218,10387.705108,0.8657156781659775,3.43919626e-06,6.15431798e-07,0.615431798,1.03251484e-06,9.86862473,10460.7422138,0.871802621039455,1.03251484e-06,1.24352873e-06,1.24352873
448,3.43919626e-06,9.80002486,10388.026351600001,0.8657424507416465,3.43919626e-06,6.15447173e-07,0.615447173,1.03251484e-06,9.86862596,10460.7435176,0.8718027296986911,1.03251484e-06,1.24353149e-06,1.2435314899999999
449,3.43919626e-06,9.80031948,10388.338648800001,0.8657684777206064,3.43919626e-06,6.15464398e-07,0.615464398,1.03251484e-06,9.86864411,10460.7627566,0.8718043330849788,1.03251484e-06,1.24353407e-06,1.24353407
450,3.43919626e-06,9.80061046,10388.6470876,0.8657941831389002,3.43919626e-06,6.15483426e-07,0.615483426,1.03251484e-06,9.86866731,10460.787348599999,0.8718063825925203,1.03251484e-06,1.24353643e-06,1.24353643
451,3.43919626e-06,9.80090523,10388.9595438,0.8658202233689863,3.43919626e-06,6.15504179e-07,0.615504179,1.03251484e-06,9.86869185,10460.813360999999,0.8718085504767904,1.03251484e-06,1.24353855e-06,1.2435385499999998
452,3.43919626e-06,9.80120403,10389.2762718,0.8658466196126671,3.43919626e-06,6.15526527e-07,0.615526527,1.03251484e-06,9.86872086,10460.8441116,0.8718111132446258,1.03251484e-06,1.24354039e-06,1.24354039
453,3.43919626e-06,9.80150763,10389.5980878,0.8658734398923909,3.43919626e-06,6.15550293e-07,0.615550293,1.03251484e-06,9.86875876,10460.884285600001,0.8718144613625493,1.03251484e-06,1.24354188e-06,1.24354188
454,3.43919626e-06,9.80180899,10389.9175294,0.8659000622886279,3.43919626e-06,6.15575294e-07,0.615575294,1.03251484e-06,9.8688078,10460.936268000001,0.871818793597456,1.03251484e-06,1.24354294e-06,1.24354294
455,3.43919626e-06,9.80208807,10390.2133542,0.8659247164508983,3.43919626e-06,6.15601346e-07,0.6156013459999999,1.03251484e-06,9.86886807,10461.000154199999,0.8718241179000215,1.03251484e-06,1.24354352e-06,1.24354352
456,3.43919626e-06,9.80229531,10390.4330286,0.8659430242070577,3.43919626e-06,6.15628198e-07,0.615628198,1.03251484e-06,9.86893022,10461.066033199999,0.8718296082833706,1.03251484e-06,1.24354359e-06,1.24354359
457,3.43919626e-06,9.80258535,10390.740471,0.8659686465849596,3.43919626e-06,6.1565571e-07,0.6156557100000001,1.03251484e-06,9.86899494,10461.1346364,0.8718353257026847,1.03251484e-06,1.24354317e-06,1.24354317
458,3.43919626e-06,9.80278513,10390.9522378,0.8659862953184354,3.43919626e-06,6.15683871e-07,0.615683871,1.03251484e-06,9.86904917,10461.1921202,0.8718401164265629,1.03251484e-06,1.24354227e-06,1.24354227
459,3.43919626e-06,9.80299242,10391.171965200001,0.8660046074916369,3.43919626e-06,6.15712311e-07,0.615712311,1.03251484e-06,9.86911213,10461.2588578,0.8718456783659945,1.03251484e-06,1.2435409e-06,1.2435409
460,3.43919626e-06,9.8032045,10391.39677,0.8660233428174728,3.43919626e-06,6.15740929e-07,0.615740929,1.03251484e-06,9.86918233,10461.3332698,0.8718518798931242,1.03251484e-06,1.24353902e-06,1.2435390199999998
461,3.43919626e-06,9.803415,10391.6199,0.866041938564778,3.43919626e-06,6.15769625e-07,0.615769625,1.03251484e-06,9.86925888,10461.4144128,0.8718586423846028,1.03251484e-06,1.24353657e-06,1.2435365699999998
462,3.43919626e-06,9.80360755,10391.824003000002,0.8660589485939639,3.43919626e-06,6.15798272e-07,0.6157982719999999,1.03251484e-06,9.86932959,10461.489365399999,0.871864888965562,1.03251484e-06,1.24353358e-06,1.24353358
463,3.43919626e-06,9.80377706,10392.0036836,0.866073923250143,3.43919626e-06,6.15826727e-07,0.615826727,1.03251484e-06,9.8693864,10461.549584,0.8718699076088134,1.03251484e-06,1.24353013e-06,1.2435301300000001
464,3.43919626e-06,9.80393989,10392.1762834,0.8660883077894955,3.43919626e-06,6.15854893e-07,0.615854893,1.03251484e-06,9.86943505,10461.601153,0.8718742053907915,1.03251484e-06,1.24352629e-06,1.24352629
465,3.43919626e-06,9.8041012,10392.347271999999,0.8661025580507676,3.43919626e-06,6.15882743e-07,0.615882743,1.03251484e-06,9.86947719,10461.6458214,0.8718779280738863,1.03251484e-06,1.24352214e-06,1.24352214
466,3.43919626e-06,9.80426354,10392.5193524,0.8661168993031075,3.43919626e-06,6.15910252e-07,0.615910252,1.03251484e-06,9.86951755,10461.688602999999,0.8718814935102817,1.03251484e-06,1.2435177e-06,1.2435177000000002
467,3.43919626e-06,9.80442594,10392.691496399999,0.8661312458558977,3.43919626e-06,6.15937363e-07,0.615937363,1.03251484e-06,9.86955681,10461.730218600002,0.8718849617717508,1.03251484e-06,1.24351299e-06,1.24351299
468,3.43919626e-06,9.80459344,10392.8690464,0.8661460429469838,3.43919626e-06,6.15964006e-07,0.615964006,1.03251484e-06,9.86959721,10461.7730426,0.8718885307417797,1.03251484e-06,1.24350804e-06,1.24350804
469,3.43919626e-06,9.80474997,10393.0349682,0.8661598709390298,3.43919626e-06,6.15990114e-07,0.615990114,1.03251484e-06,9.86962891,10461.8066446,0.8718913311464808,1.03251484e-06,1.24350287e-06,1.2435028700000001
470,3.43919626e-06,9.80489354,10393.1871524,0.8661725540337596,3.43919626e-06,6.16015603e-07,0.6160156029999999,1.03251484e-06,9.86964928,10461.8282368,0.8718931306494385,1.03251484e-06,1.24349756e-06,1.24349756
471,3.43919626e-06,9.80502239,10393.323733399999,0.8661839367512905,3.43919626e-06,6.16040412e-07,0.6160404119999999,1.03251484e-06,9.86965819,10461.8376814,0.8718939177663435,1.03251484e-06,1.24349217e-06,1.2434921700000001
472,3.43919626e-06,9.80512914,10393.4368884,0.8661933671362065,3.43919626e-06,6.16064486e-07,0.6160644860000001,1.03251484e-06,9.86965472,10461.8340032,0.8718936112236206,1.03251484e-06,1.24348679e-06,1.24348679
473,3.43919626e-06,9.80521328,10393.5260768,0.8662008001346783,3.43919626e-06,6.1608775e-07,0.61608775,1.03251484e-06,9.86964077,10461.8192162,0.8718923788688705,1.03251484e-06,1.24348151e-06,1.24348151
474,3.43919626e-06,9.80528984,10393.6072304,0.8662075635095651,3.43919626e-06,6.16110099e-07,0.616110099,1.03251484e-06,9.86962503,10461.8025318,0.8718909883840127,1.03251484e-06,1.24347639e-06,1.2434763899999999
475,3.43919626e-06,9.80536101,10393.682670600001,0.8662138507273119,3.43919626e-06,6.16131458e-07,0.616131458,1.03251484e-06,9.86960597,10461.7823282,0.8718893046075584,1.03251484e-06,1.24347145e-06,1.24347145
476,3.43919626e-06,9.8054342,10393.760252,0.8662203163935601,3.43919626e-06,6.16151783e-07,0.6161517830000001,1.03251484e-06,9.86958589,10461.7610434,0.8718875307234448,1.03251484e-06,1.2434667e-06,1.2434667
477,3.43919626e-06,9.80552639,10393.857973400001,0.8662284605358124,3.43919626e-06,6.1617112e-07,0.61617112,1.03251484e-06,9.86955974,10461.7333244,0.8718852206104186,1.03251484e-06,1.24346214e-06,1.2434621399999999
478,3.43919626e-06,9.80560284,10393.939010400001,0.8662352141932066,3.43919626e-06,6.16189521e-07,0.616189521,1.03251484e-06,9.86953924,10461.7115944,0.8718834096231514,1.03251484e-06,1.24345779e-06,1.2434577900000001
479,3.43919626e-06,9.80568188,10394.0227928,0.8662421966533823,3.43919626e-06,6.16206934e-07,0.6162069339999999,1.03251484e-06,9.86952912,10461.7008672,0.8718825156138271,1.03251484e-06,1.24345359e-06,1.24345359
480,3.43919626e-06,9.80577063,10394.1168678,0.8662500369031367,3.43919626e-06,6.16223407e-07,0.616223407,1.03251484e-06,9.86952354,10461.6949524,0.871882022671927,1.03251484e-06,1.24344948e-06,1.24344948
481,3.43919626e-06,9.80587879,10394.2315174,0.8662595918486404,3.43919626e-06,6.16239065e-07,0.6162390649999999,1.03251484e-06,9.86952241,10461.6937546,0.8718819228467755,1.03251484e-06,1.24344544e-06,1.24344544
482,3.43919626e-06,9.80599308,10394.3526648,0.8662696883235076,3.43919626e-06,6.16254035e-07,0.616254035,1.03251484e-06,9.86951981,10461.6909986,0.8718816931605853,1.03251484e-06,1.24344143e-06,1.24344143
483,3.43919626e-06,9.80611295,10394.479727,0.8662802777402746,3.43919626e-06,6.16268385e-07,0.616268385,1.03251484e-06,9.86952144,10461.6927264,0.8718818371561583,1.03251484e-06,1.24343745e-06,1.2434374499999998
484,3.43919626e-06,9.80623964,10394.6140184,0.8662914696415862,3.43919626e-06,6.16282154e-07,0.616282154,1.03251484e-06,9.8695318,10461.703708000001,0.8718827523672846,1.03251484e-06,1.24343344e-06,1.24343344
485,3.43919626e-06,9.80639671,10394.7805126,0.8663053453376871,3.43919626e-06,6.16295415e-07,0.6162954150000001,1.03251484e-06,9.86956531,10461.739228600001,0.8718857126689104,1.03251484e-06,1.2434293e-06,1.2434293
486,3.43919626e-06,9.80662002,10395.0172212,0.8663250727311822,3.43919626e-06,6.16308384e-07,0.616308384,1.03251484e-06,9.86963521,10461.8133226,0.8718918876937874,1.03251484e-06,1.24342484e-06,1.2434248399999999
487,3.43919626e-06,9.80684606,10395.2568236,0.8663450412951769,3.43919626e-06,6.16321312e-07,0.6163213120000001,1.03251484e-06,9.86972105,10461.904313000001,0.8718994708716908,1.03251484e-06,1.24341986e-06,1.2434198600000002
488,3.43919626e-06,9.80705698,10395.4803988,0.8663636741456358,3.43919626e-06,6.16334246e-07,0.616334246,1.03251484e-06,9.86980078,10461.9888268,0.8719065142870477,1.03251484e-06,1.24341433e-06,1.24341433
489,3.43919626e-06,9.80733406,10395.7741036,0.8663881516262216,3.43919626e-06,6.16347305e-07,0.616347305,1.03251484e-06,9.86989338,10462.086982800001,0.8719146946490454,1.03251484e-06,1.24340822e-06,1.24340822
490,3.43919626e-06,9.80763683,10396.0950398,0.8664148985830463,3.43919626e-06,6.16360751e-07,0.616360751,1.03251484e-06,9.87000499,10462.2052894,0.8719245543704549,1.03251484e-06,1.24340137e-06,1.24340137
491,3.43919626e-06,9.80796302,10396.4408012,0.8664437144823978,3.43919626e-06,6.1637465e-07,0.61637465,1.03251484e-06,9.87013318,10462.3411708,0.8719358787830299,1.03251484e-06,1.24339373e-06,1.24339373
492,3.43919626e-06,9.8083264,10396.825984000001,0.8664758157776745,3.43919626e-06,6.16389108e-07,0.616389108,1.03251484e-06,9.87027428,10462.4907368,0.8719483436758791,1.03251484e-06,1.24338522e-06,1.24338522
493,3.43919626e-06,9.80870187,10397.223982200001,0.8665089851137348,3.43919626e-06,6.16404278e-07,0.616404278,1.03251484e-06,9.87041434,10462.6392004,0.8719607166942525,1.03251484e-06,1.24337575e-06,1.24337575
494,3.43919626e-06,9.80907021,10397.6144226,0.8665415245795892,3.43919626e-06,6.16420194e-07,0.616420194,1.03251484e-06,9.8705458,10462.778548,0.8719723299813819,1.03251484e-06,1.24336536e-06,1.2433653599999999
495,3.43919626e-06,9.80944,10398.0064,0.8665741921396652,3.43919626e-06,6.16436828e-07,0.616436828,1.03251484e-06,9.87067066,10462.9108996,0.871983360218952,1.03251484e-06,1.24335415e-06,1.24335415
496,3.43919626e-06,9.80980228,10398.390416799999,0.8666061962600153,3.43919626e-06,6.16454143e-07,0.616454143,1.03251484e-06,9.87078739,10463.0346334,0.8719936722454743,1.03251484e-06,1.24334224e-06,1.24334224
497,3.43919626e-06,9.81013989,10398.7482834,0.866636021011786,3.43919626e-06,6.16472013e-07,0.616472013,1.03251484e-06,9.87088168,10463.1345808,0.8720020019034952,1.03251484e-06,1.24332973e-06,1.2433297300000001
498,3.43919626e-06,9.81045129,10399.0783674,0.8666635303500797,3.43919626e-06,6.16490258e-07,0.616490258,1.03251484e-06,9.87095295,10463.210127,0.8720082979553263,1.03251484e-06,1.24331674e-06,1.24331674
499,3.43919626e-06,9.81072546,10399.3689876,0.8666877507588145,3.43919626e-06,6.165087e-07,0.6165086999999999,1.03251484e-06,9.87100023,10463.2602438,0.8720124747103504,1.03251484e-06,1.24330342e-06,1.24330342
500,3.43919626e-06,9.81100431,10399.6645686,0.8667123846026912,3.43919626e-06,6.16527219e-07,0.616527219,1.03251484e-06,9.8710418,10463.304308,0.8720161470391651,1.03251484e-06,1.24328994e-06,1.24328994
501,3.43919626e-06,9.81124593,10399.9206858,0.866733729517009,3.43919626e-06,6.16545766e-07,0.616545766,1.03251484e-06,9.87106647,10463.3304582,0.8720183264077447,1.03251484e-06,1.24327641e-06,1.24327641
502,3.43919626e-06,9.81142595,10400.111507,0.8667496326354407,3.43919626e-06,6.16564066e-07,0.616564066,1.03251484e-06,9.87107139,10463.335673399999,0.8720187610446888,1.03251484e-06,1.24326296e-06,1.2432629599999998
503,3.43919626e-06,9.81152988,10400.2216728,0.8667588138991815,3.43919626e-06,6.16581719e-07,0.616581719,1.03251484e-06,9.87105475,10463.318035,0.8720172910530729,1.03251484e-06,1.24324973e-06,1.24324973
504,3.43919626e-06,9.81164359,10400.342205399998,0.8667688591363598,3.43919626e-06,6.16598487e-07,0.616598487,1.03251484e-06,9.87103744,10463.2996864,0.8720157618730926,1.03251484e-06,1.24323681e-06,1.24323681
505,3.43919626e-06,9.81176827,10400.4743662,0.8667798734725786,3.43919626e-06,6.16614523e-07,0.616614523,1.03251484e-06,9.87102308,10463.284464800001,0.8720144932985971,1.03251484e-06,1.24322419e-06,1.24322419
506,3.43919626e-06,9.81188311,10400.5960966,0.8667900185349089,3.43919626e-06,6.16629905e-07,0.616629905,1.03251484e-06,9.8710132,10463.273992,0.8720136204910751,1.03251484e-06,1.24321186e-06,1.24321186
507,3.43919626e-06,9.81197386,10400.6922916,0.866798035466348,3.43919626e-06,6.1664454e-07,0.61664454,1.03251484e-06,9.87100897,10463.269508200001,0.8720132468093122,1.03251484e-06,1.24319975e-06,1.24319975
508,3.43919626e-06,9.81204554,10400.7682724,0.8668043677379245,3.43919626e-06,6.16658284e-07,0.616658284,1.03251484e-06,9.87101174,10463.2724444,0.8720134915134453,1.03251484e-06,1.24318782e-06,1.2431878200000002
509,3.43919626e-06,9.81211758,10400.844634800002,0.8668107318122042,3.43919626e-06,6.16671097e-07,0.616671097,1.03251484e-06,9.87102522,10463.2867332,0.8720146823479996,1.03251484e-06,1.24317599e-06,1.24317599
510,3.43919626e-06,9.81220671,10400.9391126,0.8668186056314786,3.43919626e-06,6.16683082e-07,0.616683082,1.03251484e-06,9.87105296,10463.3161376,0.8720171329229652,1.03251484e-06,1.24316418e-06,1.2431641800000002
511,3.43919626e-06,9.81231803,10401.0571118,0.8668284397340441,3.43919626e-06,6.16694417e-07,0.616694417,1.03251484e-06,9.87109747,10463.363318200001,0.8720210649738562,1.03251484e-06,1.24315227e-06,1.2431522700000002
512,3.43919626e-06,9.81245619,10401.203561400001,0.866840644904817,3.43919626e-06,6.16705255e-07,0.616705255,1.03251484e-06,9.87116626,10463.4362356,0.8720271419403983,1.03251484e-06,1.24314012e-06,1.24314012
513,3.43919626e-06,9.81260475,10401.361035,0.8668537688203497,3.43919626e-06,6.16715685e-07,0.616715685,1.03251484e-06,9.87125058,10463.5256148,0.8720345908402215,1.03251484e-06,1.24312759e-06,1.2431275899999998
514,3.43919626e-06,9.81274202,10401.5065412,0.866865895367773,3.43919626e-06,6.16725704e-07,0.616725704,1.03251484e-06,9.87133885,10463.619181,0.8720423886863717,1.03251484e-06,1.24311459e-06,1.24311459
515,3.43919626e-06,9.81290021,10401.6742226,0.8668798700056172,3.43919626e-06,6.16735334e-07,0.616735334,1.03251484e-06,9.87144188,10463.728392800002,0.8720514904433545,1.03251484e-06,1.24310102e-06,1.24310102
516,3.43919626e-06,9.81307791,10401.862584600001,0.8668955681732948,3.43919626e-06,6.16744756e-07,0.616744756,1.03251484e-06,9.87155538,10463.8487028,0.872061517128956,1.03251484e-06,1.24308683e-06,1.2430868300000002
517,3.43919626e-06,9.8132793,10402.076057999999,0.8669133591355265,3.43919626e-06,6.16754131e-07,0.616754131,1.03251484e-06,9.87168134,10463.982220400001,0.8720726445414528,1.03251484e-06,1.24307197e-06,1.24307197
518,3.43919626e-06,9.81350192,10402.3120352,0.8669330255738406,3.43919626e-06,6.16763593e-07,0.616763593,1.03251484e-06,9.87181834,10464.127440400001,0.8720847472368486,1.03251484e-06,1.24305637e-06,1.24305637
519,3.43919626e-06,9.81371032,10402.5329392,0.8669514358053768,3.43919626e-06,6.16773177e-07,0.616773177,1.03251484e-06,9.87194458,10464.2612548,0.872095899384781,1.03251484e-06,1.24304e-06,1.2430400000000001
520,3.43919626e-06,9.81394,10402.7764,0.8669717259300375,3.43919626e-06,6.16782859e-07,0.6167828590000001,1.03251484e-06,9.87208417,10464.409220200001,0.8721082308829585,1.03251484e-06,1.24302287e-06,1.24302287
521,3.43919626e-06,9.81415018,10402.999190800001,0.8669902934082732,3.43919626e-06,6.16792677e-07,0.616792677,1.03251484e-06,9.8722021,10464.534226000002,0.8721186489184916,1.03251484e-06,1.24300501e-06,1.2430050099999999
522,3.43919626e-06,9.81438639,10403.249573399999,0.8670111603986338,3.43919626e-06,6.16802631e-07,0.616802631,1.03251484e-06,9.87232808,10464.6677648,0.872129778097805,1.03251484e-06,1.24298652e-06,1.24298652
523,3.43919626e-06,9.81460359,10403.4798054,0.8670303480295826,3.43919626e-06,6.16812797e-07,0.616812797,1.03251484e-06,9.87243552,10464.781651199999,0.8721392694379022,1.03251484e-06,1.24296744e-06,1.2429674400000001
524,3.43919626e-06,9.81481645,10403.705437,0.8670491522612757,3.43919626e-06,6.16823099e-07,0.616823099,1.03251484e-06,9.8725285,10464.88021,0.8721474833694197,1.03251484e-06,1.24294789e-06,1.2429478900000002
525,3.43919626e-06,9.81500837,10403.9088722,0.8670661066357307,3.43919626e-06,6.16833474e-07,0.616833474,1.03251484e-06,9.87260347,10464.959678199999,0.8721541062823672,1.03251484e-06,1.24292795e-06,1.24292795
526,3.43919626e-06,9.81519656,10404.1083536,0.8670827314988442,3.43919626e-06,6.16843832e-07,0.616843832,1.03251484e-06,9.87266757,10465.0276242,0.8721597689303591,1.03251484e-06,1.24290777e-06,1.24290777
527,3.43919626e-06,9.81538641,10404.309594600001,0.8670995030077558,3.43919626e-06,6.16854174e-07,0.616854174,1.03251484e-06,9.87272125,10465.084525,0.8721645110667741,1.03251484e-06,1.24288746e-06,1.24288746
528,3.43919626e-06,9.81557416,10404.508609600001,0.8671160890008985,3.43919626e-06,6.16864517e-07,0.616864517,1.03251484e-06,9.87276165,10465.127348999999,0.872168080036803,1.03251484e-06,1.24286711e-06,1.24286711
529,3.43919626e-06,9.81574914,10404.6940884,0.867131546881485,3.43919626e-06,6.1687484e-07,0.6168748399999999,1.03251484e-06,9.87278503,10465.1521318,0.8721701454456963,1.03251484e-06,1.24284682e-06,1.24284682
530,3.43919626e-06,9.8159119,10404.866614,0.8671459252369785,3.43919626e-06,6.16885077e-07,0.6168850770000001,1.03251484e-06,9.87279192,10465.1594352,0.8721707541140997,1.03251484e-06,1.2428267e-06,1.2428267000000002
531,3.43919626e-06,9.81605798,10405.0214588,0.8671588300672224,3.43919626e-06,6.16895158e-07,0.6168951579999999,1.03251484e-06,9.87277946,10465.1462276,0.8721696533872046,1.03251484e-06,1.24280688e-06,1.24280688
532,3.43919626e-06,9.81618692,10405.1581352,0.8671702207354292,3.43919626e-06,6.16904991e-07,0.616904991,1.03251484e-06,9.87275251,10465.117660599999,0.8721672726015044,1.03251484e-06,1.24278747e-06,1.2427874700000001
533,3.43919626e-06,9.8163182,10405.297292,0.867181818121207,3.43919626e-06,6.16914528e-07,0.616914528,1.03251484e-06,9.872718,10465.08108,0.8721642239590366,1.03251484e-06,1.24276855e-06,1.24276855
534,3.43919626e-06,9.81645301,10405.4401906,0.8671937273501582,3.43919626e-06,6.16923815e-07,0.6169238149999999,1.03251484e-06,9.87267623,10465.0368038,0.8721605339620534,1.03251484e-06,1.24275019e-06,1.24275019
535,3.43919626e-06,9.81659596,10405.5917176,0.8672063556735656,3.43919626e-06,6.16932906e-07,0.6169329060000001,1.03251484e-06,9.8726323,10464.990237999998,0.8721566531488509,1.03251484e-06,1.2427324e-06,1.2427324
536,3.43919626e-06,9.81673835,10405.742651,0.8672189345261014,3.43919626e-06,6.16941843e-07,0.616941843,1.03251484e-06,9.87258432,10464.9393792,0.8721524145552372,1.03251484e-06,1.24271521e-06,1.24271521
537,3.43919626e-06,9.81687363,10405.8860478,0.8672308852752485,3.43919626e-06,6.16950609e-07,0.616950609,1.03251484e-06,9.87253053,10464.8823618,0.8721476627013297,1.03251484e-06,1.24269864e-06,1.24269864
538,3.43919626e-06,9.81700153,10406.0216218,0.8672421840689792,3.43919626e-06,6.16959163e-07,0.616959163,1.03251484e-06,9.87247159,10464.8198854,0.8721424558920842,1.03251484e-06,1.24268271e-06,1.24268271
539,3.43919626e-06,9.81712546,10406.1529876,0.8672531321495661,3.43919626e-06,6.16967486e-07,0.616967486,1.03251484e-06,9.87240979,10464.7543774,0.8721369964280298,1.03251484e-06,1.24266743e-06,1.24266743
540,3.43919626e-06,9.8172488,10406.283728,0.867264028109056,3.43919626e-06,6.16975587e-07,0.616975587,1.03251484e-06,9.87234839,10464.6892934,0.8721315723003122,1.03251484e-06,1.24265281e-06,1.2426528099999998
541,3.43919626e-06,9.81737275,10406.415115,0.8672749779564597,3.43919626e-06,6.16983494e-07,0.6169834940000001,1.03251484e-06,9.87229006,10464.6274636,0.8721264193789806,1.03251484e-06,1.24263882e-06,1.24263882
542,3.43919626e-06,9.81749649,10406.5462794,0.8672859092522864,3.43919626e-06,6.16991223e-07,0.616991223,1.03251484e-06,9.87223637,10464.570552199999,0.8721216763591572,1.03251484e-06,1.24262543e-06,1.2426254300000001
543,3.43919626e-06,9.81761842,10406.6755252,0.8672966806511887,3.43919626e-06,6.16998778e-07,0.616998778,1.03251484e-06,9.87218859,10464.5199054,0.8721174554337119,1.03251484e-06,1.24261258e-06,1.24261258
544,3.43919626e-06,9.81773672,10406.800923199999,0.8673071313728332,3.43919626e-06,6.17006151e-07,0.617006151,1.03251484e-06,9.87214591,10464.4746646,0.8721136850465624,1.03251484e-06,1.24260023e-06,1.2426002299999999
545,3.43919626e-06,9.81785029,10406.921307400002,0.8673171642422941,3.43919626e-06,6.17013327e-07,0.617013327,1.03251484e-06,9.8721092,10464.435752000001,0.8721104420542414,1.03251484e-06,1.24258833e-06,1.24258833
546,3.43919626e-06,9.81795733,10407.0347698,0.8673266202460543,3.43919626e-06,6.17020292e-07,0.617020292,1.03251484e-06,9.87207861,10464.4033266,0.8721077397078753,1.03251484e-06,1.24257682e-06,1.24257682
547,3.43919626e-06,9.818058,10407.14148,0.8673355135186491,3.43919626e-06,6.1702704e-07,0.61702704,1.03251484e-06,9.87205558,10464.3789148,0.8721057052182769,1.03251484e-06,1.24256565e-06,1.2425656500000002
548,3.43919626e-06,9.81815263,10407.2417878,0.8673438732125563,3.43919626e-06,6.17033559e-07,0.6170335589999999,1.03251484e-06,9.87204117,10464.3636402,0.8721044322267393,1.03251484e-06,1.24255475e-06,1.24255475
549,3.43919626e-06,9.81824092,10407.335375199998,0.8673516728255234,3.43919626e-06,6.17039831e-07,0.617039831,1.03251484e-06,9.87203593,10464.358085799999,0.8721039693207255,1.03251484e-06,1.24254406e-06,1.24254406
550,3.43919626e-06,9.81832204,10407.4213624,0.8673588390346514,3.43919626e-06,6.17045831e-07,0.617045831,1.03251484e-06,9.8720401,10464.362506,0.872104337702038,1.03251484e-06,1.24253349e-06,1.2425334899999998
551,3.43919626e-06,9.81839539,10407.4991134,0.8673653188354343,3.43919626e-06,6.1705153e-07,0.61705153,1.03251484e-06,9.87205372,10464.3769432,0.8721055409043103,1.03251484e-06,1.24252299e-06,1.2425229899999999
552,3.43919626e-06,9.81846096,10407.5686176,0.8673711113444643,3.43919626e-06,6.17056905e-07,0.617056905,1.03251484e-06,9.8720771,10464.401726,0.8721076063132033,1.03251484e-06,1.24251248e-06,1.2425124799999998
553,3.43919626e-06,9.81851771,10407.628772600001,0.8673761246872652,3.43919626e-06,6.17061937e-07,0.617061937,1.03251484e-06,9.87210879,10464.4353174,0.8721104058344961,1.03251484e-06,1.24250189e-06,1.24250189
554,3.43919626e-06,9.81856716,10407.6811896,0.8673804931419171,3.43919626e-06,6.17066605e-07,0.617066605,1.03251484e-06,9.87214994,10464.4789364,0.8721140410601569,1.03251484e-06,1.24249116e-06,1.2424911600000001
555,3.43919626e-06,9.81860885,10407.725381,0.8673841760716328,3.43919626e-06,6.17070893e-07,0.617070893,1.03251484e-06,9.87220007,10464.5320742,0.8721184695865816,1.03251484e-06,1.24248022e-06,1.24248022
556,3.43919626e-06,9.81864354,10407.7621524,0.8673872406154524,3.43919626e-06,6.17074784e-07,0.617074784,1.03251484e-06,9.87225891,10464.5944446,0.8721236675617428,1.03251484e-06,1.24246902e-06,1.24246902
557,3.43919626e-06,9.8186719,10407.792214,0.86738974596174,3.43919626e-06,6.17078263e-07,0.617078263,1.03251484e-06,9.87232576,10464.665305600001,0.872129573147051,1.03251484e-06,1.24245749e-06,1.2424574899999998
558,3.43919626e-06,9.8186944,10407.816064,0.867391733630692,3.43919626e-06,6.17081322e-07,0.617081322,1.03251484e-06,9.87239997,10464.7439682,0.8721361289209584,1.03251484e-06,1.24244559e-06,1.24244559
559,3.43919626e-06,9.81871075,10407.833395,0.8673931780034636,3.43919626e-06,6.17083956e-07,0.617083956,1.03251484e-06,9.87248014,10464.8289484,0.8721432112062859,1.03251484e-06,1.24243328e-06,1.24243328
560,3.43919626e-06,9.81872014,10407.8433484,0.8673940075239729,3.43919626e-06,6.17086156e-07,0.6170861559999999,1.03251484e-06,9.87256444,10464.918306399999,0.8721506583392922,1.03251484e-06,1.24242052e-06,1.24242052
561,3.43919626e-06,9.81872463,10407.8481078,0.8673944041743549,3.43919626e-06,6.17087919e-07,0.617087919,1.03251484e-06,9.87265308,10465.0122648,0.8721584888715541,1.03251484e-06,1.24240729e-06,1.2424072899999998
562,3.43919626e-06,9.81872693,10407.8505458,0.8673946073582921,3.43919626e-06,6.1708925e-07,0.6170892499999999,1.03251484e-06,9.87274632,10465.1110992,0.8721667257716906,1.03251484e-06,1.24239358e-06,1.2423935799999999
563,3.43919626e-06,9.81872459,10407.8480654,0.8673944006407212,3.43919626e-06,6.17090161e-07,0.617090161,1.03251484e-06,9.87284138,10465.2118628,0.8721751234521602,1.03251484e-06,1.24237936e-06,1.2423793600000002
564,3.43919626e-06,9.81871824,10407.8413344,0.8673938396763725,3.43919626e-06,6.17090653e-07,0.617090653,1.03251484e-06,9.87293721,10465.3134426,0.8721835891550782,1.03251484e-06,1.24236463e-06,1.24236463
565,3.43919626e-06,9.81870714,10407.8295684,0.867392859093023,3.43919626e-06,6.17090736e-07,0.6170907360000001,1.03251484e-06,9.87303151,10465.4134006,0.8721919196965076,1.03251484e-06,1.24234941e-06,1.24234941
566,3.43919626e-06,9.81869671,10407.818512599999,0.8673919376980376,3.43919626e-06,6.17090422e-07,0.617090422,1.03251484e-06,9.87312618,10465.5137508,0.8722002829240486,1.03251484e-06,1.2423337e-06,1.2423337
567,3.43919626e-06,9.81868822,10407.8095132,0.8673911876842865,3.43919626e-06,6.17089743e-07,0.6170897430000001,1.03251484e-06,9.87322097,10465.6142282,0.8722086567524907,1.03251484e-06,1.24231752e-06,1.24231752
568,3.43919626e-06,9.81867662,10407.797217199999,0.8673901629305157,3.43919626e-06,6.17088728e-07,0.6170887279999999,1.03251484e-06,9.87331071,10465.7093526,0.8722165844596792,1.03251484e-06,1.2423009e-06,1.2423009
569,3.43919626e-06,9.81865966,10407.7792396,0.8673886646698303,3.43919626e-06,6.17087392e-07,0.617087392,1.03251484e-06,9.87339459,10465.7982654,0.8722239944895317,1.03251484e-06,1.24228386e-06,1.2422838600000001
570,3.43919626e-06,9.81866525,10407.785165000001,0.8673891584951389,3.43919626e-06,6.17085785e-07,0.617085785,1.03251484e-06,9.87348359,10465.892605399999,0.8722318568244967,1.03251484e-06,1.24226644e-06,1.2422664399999999
571,3.43919626e-06,9.81867135,10407.791631,0.8673896973742768,3.43919626e-06,6.17083987e-07,0.617083987,1.03251484e-06,9.87356686,10465.9808716,0.8722392129664356,1.03251484e-06,1.24224865e-06,1.24224865
572,3.43919626e-06,9.81867967,10407.8004502,0.8673904323700848,3.43919626e-06,6.17082032e-07,0.617082032,1.03251484e-06,9.8736443,10466.062958,0.8722460540812637,1.03251484e-06,1.24223053e-06,1.2422305299999998
573,3.43919626e-06,9.81868842,10407.8097252,0.8673912053524551,3.43919626e-06,6.1707996e-07,0.61707996,1.03251484e-06,9.87371399,10466.1368294,0.8722522105545638,1.03251484e-06,1.24221215e-06,1.24221215
574,3.43919626e-06,9.81870455,10407.826823,0.8673926302902413,3.43919626e-06,6.17077816e-07,0.617077816,1.03251484e-06,9.87377634,10466.2029204,0.8722577186060815,1.03251484e-06,1.24219356e-06,1.24219356
575,3.43919626e-06,9.81873348,10407.8574888,0.8673951859908092,3.43919626e-06,6.17075671e-07,0.617075671,1.03251484e-06,9.87383345,10466.263457,0.8722627637515855,1.03251484e-06,1.24217479e-06,1.24217479
576,3.43919626e-06,9.81878034,10407.9071604,0.8673993256426796,3.43919626e-06,6.17073611e-07,0.617073611,1.03251484e-06,9.87388684,10466.320050400001,0.8722674802691563,1.03251484e-06,1.24215588e-06,1.2421558799999999
577,3.43919626e-06,9.81885088,10407.9819328,0.8674055572056958,3.43919626e-06,6.17071738e-07,0.6170717379999999,1.03251484e-06,9.87393816,10466.3744496,0.8722720139211834,1.03251484e-06,1.24213687e-06,1.24213687
578,3.43919626e-06,9.81893585,10408.072001,0.8674130635270665,3.43919626e-06,6.17070149e-07,0.617070149,1.03251484e-06,9.87398496,10466.4240576,0.8722761482726031,1.03251484e-06,1.24211778e-06,1.24211778
579,3.43919626e-06,9.81904733,10408.1901698,0.8674229117641666,3.43919626e-06,6.17068931e-07,0.617068931,1.03251484e-06,9.87402765,10466.469309,0.8722799195431612,1.03251484e-06,1.24209865e-06,1.24209865
580,3.43919626e-06,9.81914246,10408.2910076,0.8674313156284952,3.43919626e-06,6.17068147e-07,0.6170681469999999,1.03251484e-06,9.87405892,10466.5024552,0.8722826819613,1.03251484e-06,1.24207952e-06,1.2420795199999999
581,3.43919626e-06,9.81923458,10408.3886548,0.8674394535868882,3.43919626e-06,6.1706781e-07,0.61706781,1.03251484e-06,9.87408009,10466.5248954,0.8722845521369317,1.03251484e-06,1.24206048e-06,1.24206048
582,3.43919626e-06,9.81937729,10408.539927400001,0.8674520607084937,3.43919626e-06,6.17068012e-07,0.6170680119999999,1.03251484e-06,9.87409855,10466.544463,0.8722861829088806,1.03251484e-06,1.24204159e-06,1.24204159
583,3.43919626e-06,9.81955189,10408.725003399999,0.86746748501956,3.43919626e-06,6.17068914e-07,0.617068914,1.03251484e-06,9.87411501,10466.561910600001,0.872287636999145,1.03251484e-06,1.24202285e-06,1.2420228500000001
584,3.43919626e-06,9.81974114,10408.925608399999,0.8674842035239662,3.43919626e-06,6.17070604e-07,0.617070604,1.03251484e-06,9.87412902,10466.5767612,0.8722888746543457,1.03251484e-06,1.24200426e-06,1.2420042599999999
585,3.43919626e-06,9.81993552,10409.1316512,0.8675013752168934,3.43919626e-06,6.1707313e-07,0.6170731300000001,1.03251484e-06,9.87413812,10466.5864072,0.8722896785560107,1.03251484e-06,1.24198586e-06,1.24198586
586,3.43919626e-06,9.82014663,10409.3554278,0.8675200248521124,3.43919626e-06,6.17076545e-07,0.617076545,1.03251484e-06,9.87414319,10466.5917814,0.8722901264440811,1.03251484e-06,1.24196769e-06,1.24196769
587,3.43919626e-06,9.82037739,10409.6000334,0.8675404103848827,3.43919626e-06,6.17080929e-07,0.617080929,1.03251484e-06,9.87414304,10466.5916224,0.8722901131929547,1.03251484e-06,1.24194977e-06,1.24194977
588,3.43919626e-06,9.82063191,10409.869824599999,0.8675628948960661,3.43919626e-06,6.17086356e-07,0.6170863560000001,1.03251484e-06,9.8741396,10466.587975999999,0.8722898093004572,1.03251484e-06,1.24193213e-06,1.24193213
589,3.43919626e-06,9.82090855,10410.163063,0.8675873335066814,3.43919626e-06,6.17092886e-07,0.617092886,1.03251484e-06,9.87413511,10466.5832166,0.8722894126500753,1.03251484e-06,1.24191478e-06,1.2419147799999999
590,3.43919626e-06,9.82120016,10410.4721696,0.8676130945797059,3.43919626e-06,6.17100561e-07,0.617100561,1.03251484e-06,9.87413069,10466.578531399999,0.8722890221835522,1.03251484e-06,1.24189771e-06,1.2418977100000002
591,3.43919626e-06,9.8214998,10410.789788,0.8676395650296942,3.43919626e-06,6.17109404e-07,0.617109404,1.03251484e-06,9.87412595,10466.573507,0.8722886034479597,1.03251484e-06,1.24188093e-06,1.24188093
592,3.43919626e-06,9.82181595,10411.124907,0.8676674939869888,3.43919626e-06,6.17119435e-07,0.617119435,1.03251484e-06,9.87412197,10466.569288199998,0.8722882518514072,1.03251484e-06,1.24186442e-06,1.24186442
593,3.43919626e-06,9.82213756,10411.4658136,0.8676959052852826,3.43919626e-06,6.17130675e-07,0.617130675,1.03251484e-06,9.87411588,10466.5628328,0.8722877138556778,1.03251484e-06,1.2418482e-06,1.2418482
594,3.43919626e-06,9.82246441,10411.8122746,0.86772477948959,3.43919626e-06,6.17143114e-07,0.617143114,1.03251484e-06,9.87410843,10466.554935799999,0.8722870557164025,1.03251484e-06,1.24183225e-06,1.24183225
595,3.43919626e-06,9.82280296,10412.1711376,0.8677546872817523,3.43919626e-06,6.17156735e-07,0.617156735,1.03251484e-06,9.87410299,10466.549169400001,0.8722865751422205,1.03251484e-06,1.24181656e-06,1.24181656
596,3.43919626e-06,9.82316018,10412.5497908,0.8677862443974405,3.43919626e-06,6.17171529e-07,0.6171715289999999,1.03251484e-06,9.87410269,10466.5488514,0.8722865486399678,1.03251484e-06,1.24180113e-06,1.24180113
597,3.43919626e-06,9.8235152,10412.926112,0.8678176071632755,3.43919626e-06,6.17187474e-07,0.617187474,1.03251484e-06,9.8741046,10466.550876000001,0.8722867173709766,1.03251484e-06,1.24178592e-06,1.24178592
598,3.43919626e-06,9.8238692,10413.301352,0.8678488798214515,3.43919626e-06,6.17204508e-07,0.617204508,1.03251484e-06,9.87410801,10466.554490600001,0.872287018613249,1.03251484e-06,1.24177091e-06,1.24177091
599,3.43919626e-06,9.82421918,10413.6723308,0.8678797973494414,3.43919626e-06,6.17222575e-07,0.617222575,1.03251484e-06,9.87411164,10466.5583384,0.8722873392905064,1.03251484e-06,1.24175608e-06,1.24175608
600,3.43919626e-06,9.82456832,10414.0424192,0.8679106406711237,3.43919626e-06,6.17241615e-07,0.617241615,1.03251484e-06,9.87411602,10466.5629812,0.8722877262233958,1.03251484e-06,1.24174143e-06,1.24174143
601,3.43919626e-06,9.82491899,10414.4141294,0.8679416191542948,3.43919626e-06,6.17261567e-07,0.617261567,1.03251484e-06,9.8741226,10466.569956,0.872288307506138,1.03251484e-06,1.24172694e-06,1.24172694
602,3.43919626e-06,9.82526838,10414.784482800002,0.8679724845611879,3.43919626e-06,6.17282358e-07,0.617282358,1.03251484e-06,9.87413204,10466.5799624,0.8722891414436893,1.03251484e-06,1.2417126e-06,1.2417126
603,3.43919626e-06,9.82561412,10415.1509672,0.8680030275240062,3.43919626e-06,6.17303904e-07,0.617303904,1.03251484e-06,9.87414391,10466.5925446,0.8722901900494876,1.03251484e-06,1.24169838e-06,1.2416983799999999
604,3.43919626e-06,9.82594495,10415.501647000001,0.8680322533248661,3.43919626e-06,6.17326109e-07,0.617326109,1.03251484e-06,9.87415683,10466.606239800001,0.8722913314131703,1.03251484e-06,1.24168428e-06,1.24168428
605,3.43919626e-06,9.82625981,10415.8353986,0.8680600683224742,3.43919626e-06,6.17348863e-07,0.617348863,1.03251484e-06,9.87416212,10466.6118472,0.872291798736226,1.03251484e-06,1.24167029e-06,1.2416702899999998
606,3.43919626e-06,9.82657803,10416.1727118,0.8680881801453124,3.43919626e-06,6.17372073e-07,0.6173720730000001,1.03251484e-06,9.87417673,10466.627333800001,0.8722930893959321,1.03251484e-06,1.2416564e-06,1.2416563999999999
607,3.43919626e-06,9.82690437,10416.518632199999,0.86811700929579,3.43919626e-06,6.17395685e-07,0.617395685,1.03251484e-06,9.8741937,10466.645321999998,0.8722945885400258,1.03251484e-06,1.24164264e-06,1.24164264
608,3.43919626e-06,9.82718041,10416.8112346,0.8681413949019,3.43919626e-06,6.17419584e-07,0.617419584,1.03251484e-06,9.87419581,10466.6475586,0.8722947749392032,1.03251484e-06,1.24162896e-06,1.24162896
609,3.43919626e-06,9.82746381,10417.1116386,0.8681664306966091,3.43919626e-06,6.17443604e-07,0.617443604,1.03251484e-06,9.87420681,10466.6592186,0.8722957466884685,1.03251484e-06,1.24161542e-06,1.24161542
610,3.43919626e-06,9.82773887,10417.4032022,0.8681907297286936,3.43919626e-06,6.17467689e-07,0.617467689,1.03251484e-06,9.8742154,10466.668324,0.872296505536304,1.03251484e-06,1.24160201e-06,1.24160201
611,3.43919626e-06,9.8279817,10417.660602,0.8682121815354306,3.43919626e-06,6.17491737e-07,0.617491737,1.03251484e-06,9.87421103,10466.6636918,0.8722961194868231,1.03251484e-06,1.24158875e-06,1.24158875
612,3.43919626e-06,9.8282274,10417.921043999999,0.8682338868803847,3.43919626e-06,6.17515643e-07,0.6175156430000001,1.03251484e-06,9.87421277,10466.6655362,0.8722962731998887,1.03251484e-06,1.24157568e-06,1.24157568
613,3.43919626e-06,9.82846941,10418.1775746,0.868255266247631,3.43919626e-06,6.1753935e-07,0.61753935,1.03251484e-06,9.87421279,10466.6655574,0.8722962749667055,1.03251484e-06,1.2415628e-06,1.2415628
614,3.43919626e-06,9.82869541,10418.4171346,0.868275231277992,3.43919626e-06,6.17562782e-07,0.617562782,1.03251484e-06,9.87420453,10466.6568018,0.8722955452713481,1.03251484e-06,1.24155012e-06,1.24155012
615,3.43919626e-06,9.82889495,10418.628647000001,0.8682928588096657,3.43919626e-06,6.17585836e-07,0.6175858359999999,1.03251484e-06,9.87419304,10466.6446224,0.87229453023507,1.03251484e-06,1.24153767e-06,1.24153767
616,3.43919626e-06,9.82908351,10418.8285206,0.8683095163588905,3.43919626e-06,6.17608425e-07,0.617608425,1.03251484e-06,9.87417568,10466.6262208,0.8722929966380477,1.03251484e-06,1.24152551e-06,1.24152551
617,3.43919626e-06,9.82924554,10419.0002724,0.8683238302255692,3.43919626e-06,6.17630486e-07,0.6176304859999999,1.03251484e-06,9.87414874,10466.5976644,0.8722906167357559,1.03251484e-06,1.24151367e-06,1.24151367
618,3.43919626e-06,9.82943447,10419.2005382,0.8683405204609059,3.43919626e-06,6.17651985e-07,0.6176519850000001,1.03251484e-06,9.87412376,10466.5711856,0.8722884099815151,1.03251484e-06,1.24150219e-06,1.24150219
619,3.43919626e-06,9.82965651,10419.4359006,0.8683601356615313,3.43919626e-06,6.17672949e-07,0.6176729489999999,1.03251484e-06,9.87410476,10466.5510456,0.8722867315055113,1.03251484e-06,1.24149102e-06,1.24149102
620,3.43919626e-06,9.8298328,10419.622768,0.8683757092686212,3.43919626e-06,6.17693347e-07,0.617693347,1.03251484e-06,9.87407387,10466.5183022,0.8722840026568925,1.03251484e-06,1.24148017e-06,1.24148017
621,3.43919626e-06,9.82998055,10419.779383000001,0.8683887616280719,3.43919626e-06,6.17713092e-07,0.617713092,1.03251484e-06,9.87403783,10466.480099800001,0.872280818852936,1.03251484e-06,1.24146969e-06,1.24146969
622,3.43919626e-06,9.83010953,10419.9161018,0.8684001558299121,3.43919626e-06,6.17732156e-07,0.617732156,1.03251484e-06,9.87399237,10466.4319122,0.8722768028782446,1.03251484e-06,1.24145968e-06,1.24145968
623,3.43919626e-06,9.8302733,10420.089698,0.8684146234096565,3.43919626e-06,6.17750576e-07,0.617750576,1.03251484e-06,9.87394339,10466.379993400002,0.8722724759437888,1.03251484e-06,1.24145016e-06,1.2414501599999999
624,3.43919626e-06,9.83045254,10420.2796924,0.8684304576222313,3.43919626e-06,6.17768427e-07,0.617768427,1.03251484e-06,9.87389355,10466.327163,0.8722680730362081,1.03251484e-06,1.24144111e-06,1.24144111
625,3.43919626e-06,9.83062782,10420.4654892,0.8684459420050704,3.43919626e-06,6.17785715e-07,0.617785715,1.03251484e-06,9.87384466,10466.275339599999,0.8722637540524277,1.03251484e-06,1.24143252e-06,1.2414325199999998
626,3.43919626e-06,9.83080331,10420.6515086,0.8684614449394865,3.43919626e-06,6.17802439e-07,0.617802439,1.03251484e-06,9.87379259,10466.2201454,0.8722591541447691,1.03251484e-06,1.24142441e-06,1.2414244099999998
627,3.43919626e-06,9.83097253,10420.8308818,0.8684763939768214,3.43919626e-06,6.17818639e-07,0.617818639,1.03251484e-06,9.87373523,10466.1593438,0.8722540869140544,1.03251484e-06,1.24141679e-06,1.24141679
628,3.43919626e-06,9.83115481,10421.024098599999,0.8684924967455566,3.43919626e-06,6.17834381e-07,0.617834381,1.03251484e-06,9.87367709,10466.0977154,0.8722489507774828,1.03251484e-06,1.24140971e-06,1.2414097099999999
629,3.43919626e-06,9.83134558,10421.2263148,0.8685093495280433,3.43919626e-06,6.17849747e-07,0.617849747,1.03251484e-06,9.87361365,10466.030469,0.8722433464344469,1.03251484e-06,1.24140317e-06,1.24140317
630,3.43919626e-06,9.83155744,10421.4508864,0.8685280654188939,3.43919626e-06,6.17864802e-07,0.6178648019999999,1.03251484e-06,9.87354979,10465.9627774,0.8722377049882574,1.03251484e-06,1.24139717e-06,1.24139717
631,3.43919626e-06,9.83176551,10421.671440600001,0.8685464464979524,3.43919626e-06,6.17879587e-07,0.617879587,1.03251484e-06,9.87348069,10465.889531399998,0.872231600636054,1.03251484e-06,1.24139171e-06,1.24139171
632,3.43919626e-06,9.8319746,10421.893076,0.8685649176846699,3.43919626e-06,6.17894114e-07,0.6178941139999999,1.03251484e-06,9.87341101,10465.815670599999,0.8722254450461622,1.03251484e-06,1.2413868e-06,1.2413868000000001
633,3.43919626e-06,9.8322007,10422.132742,0.868584891549115,3.43919626e-06,6.17908445e-07,0.617908445,1.03251484e-06,9.87334299,10465.7435694,0.8722194361020686,1.03251484e-06,1.24138245e-06,1.24138245
634,3.43919626e-06,9.83243759,10422.3838454,0.8686058186112486,3.43919626e-06,6.17922675e-07,0.6179226750000001,1.03251484e-06,9.87327402,10465.6704612,0.8722133432341749,1.03251484e-06,1.24137866e-06,1.24137866
635,3.43919626e-06,9.83268511,10422.6462166,0.868627684736536,3.43919626e-06,6.17936874e-07,0.617936874,1.03251484e-06,9.87320537,10465.5976922,0.8722072786353507,1.03251484e-06,1.24137542e-06,1.24137542
636,3.43919626e-06,9.83292148,10422.8967688,0.8686485658614316,3.43919626e-06,6.17951057e-07,0.617951057,1.03251484e-06,9.87313228,10465.5202168,0.8722008218031866,1.03251484e-06,1.2413727e-06,1.2413726999999999
637,3.43919626e-06,9.83313448,10423.1225488,0.8686673824608425,3.43919626e-06,6.17965145e-07,0.617965145,1.03251484e-06,9.87305145,10465.434537000001,0.8721936812129032,1.03251484e-06,1.24137053e-06,1.24137053
638,3.43919626e-06,9.83335713,10423.3585578,0.8686870515493818,3.43919626e-06,6.17979092e-07,0.617979092,1.03251484e-06,9.87297379,10465.352217399999,0.8721868206630896,1.03251484e-06,1.24136895e-06,1.2413689499999998
639,3.43919626e-06,9.83359279,10423.6083574,0.8687078699522793,3.43919626e-06,6.17992961e-07,0.617992961,1.03251484e-06,9.87290002,10465.274021199999,0.8721803037591528,1.03251484e-06,1.24136794e-06,1.24136794
640,3.43919626e-06,9.83383303,10423.863011799998,0.8687290929562345,3.43919626e-06,6.18006809e-07,0.6180068089999999,1.03251484e-06,9.87282716,10465.1967896,0.8721738672453826,1.03251484e-06,1.24136746e-06,1.24136746
641,3.43919626e-06,9.83406807,10424.1121542,0.86874985658781,3.43919626e-06,6.18020643e-07,0.6180206429999999,1.03251484e-06,9.87275238,10465.1175228,0.8721672611171949,1.03251484e-06,1.2413675e-06,1.2413675
642,3.43919626e-06,9.83429572,10424.353463200001,0.8687699673805608,3.43919626e-06,6.18034436e-07,0.6180344360000001,1.03251484e-06,9.87267553,10465.036061800001,0.8721604721234639,1.03251484e-06,1.24136805e-06,1.24136805
643,3.43919626e-06,9.83451907,10424.590214200001,0.8687896983076896,3.43919626e-06,6.18048163e-07,0.618048163,1.03251484e-06,9.8725969,10464.952714,0.8721535258830333,1.03251484e-06,1.24136913e-06,1.2413691299999998
644,3.43919626e-06,9.83474507,10424.8297742,0.8688096633380504,3.43919626e-06,6.18061826e-07,0.6180618259999999,1.03251484e-06,9.87251747,10464.8685182,0.8721465089699292,1.03251484e-06,1.24137074e-06,1.24137074
645,3.43919626e-06,9.83496312,10425.060907199999,0.868828926058715,3.43919626e-06,6.18075433e-07,0.618075433,1.03251484e-06,9.87243299,10464.7789694,0.8721390459355712,1.03251484e-06,1.2413729e-06,1.2413729
646,3.43919626e-06,9.83520025,10425.312265,0.8688498743226508,3.43919626e-06,6.18088999e-07,0.6180889989999999,1.03251484e-06,9.87235095,10464.692007,0.8721317984528685,1.03251484e-06,1.24137561e-06,1.24137561
647,3.43919626e-06,9.83543629,10425.562467400001,0.8688707262950686,3.43919626e-06,6.18102568e-07,0.618102568,1.03251484e-06,9.87226663,10464.6026278,0.8721243495530454,1.03251484e-06,1.24137886e-06,1.24137886
648,3.43919626e-06,9.83564147,10425.7799582,0.8688888520690926,3.43919626e-06,6.18116088e-07,0.618116088,1.03251484e-06,9.87217455,10464.505023,0.872116215128286,1.03251484e-06,1.24138265e-06,1.24138265
649,3.43919626e-06,9.8358827,10426.035662,0.8689101625304818,3.43919626e-06,6.1812954e-07,0.61812954,1.03251484e-06,9.87208843,10464.413735799999,0.8721086072149465,1.03251484e-06,1.24138701e-06,1.24138701
650,3.43919626e-06,9.83611954,10426.2867124,0.8689310851755733,3.43919626e-06,6.18143025e-07,0.618143025,1.03251484e-06,9.87199922,10464.3191732,0.8721007263284046,1.03251484e-06,1.24139192e-06,1.24139192
651,3.43919626e-06,9.8363577,10426.539162000001,0.8689521244305767,3.43919626e-06,6.18156559e-07,0.618156559,1.03251484e-06,9.87190722,10464.2216532,0.8720925989709126,1.03251484e-06,1.24139741e-06,1.24139741
652,3.43919626e-06,9.83658945,10426.784817,0.8689725974207808,3.43919626e-06,6.1817014e-07,0.6181701399999999,1.03251484e-06,9.87181194,10464.1206564,0.8720841818554578,1.03251484e-06,1.24140347e-06,1.24140347
653,3.43919626e-06,9.83682661,10427.0362066,0.8689935483349418,3.43919626e-06,6.18183745e-07,0.618183745,1.03251484e-06,9.87171551,10464.018440599999,0.8720756631480342,1.03251484e-06,1.2414101e-06,1.2414101000000002
654,3.43919626e-06,9.83703599,10427.2581494,0.8690120451405037,3.43919626e-06,6.18197333e-07,0.618197333,1.03251484e-06,9.87161883,10463.915959799999,0.8720671223554002,1.03251484e-06,1.24141728e-06,1.24141728
655,3.43919626e-06,9.8372967,10427.534502,0.869035076481501,3.43919626e-06,6.18210926e-07,0.618210926,1.03251484e-06,9.87152508,10463.816584799999,0.8720588404014341,1.03251484e-06,1.24142502e-06,1.24142502
656,3.43919626e-06,9.83753973,10427.7921138,0.8690565459564064,3.43919626e-06,6.18224582e-07,0.618224582,1.03251484e-06,9.87143285,10463.718821,0.8720506927255484,1.03251484e-06,1.24143333e-06,1.24143333
657,3.43919626e-06,9.83776471,10428.0305926,0.8690764208791081,3.43919626e-06,6.18238258e-07,0.6182382580000001,1.03251484e-06,9.8713372,10463.617432,0.8720422429239818,1.03251484e-06,1.24144217e-06,1.24144217
658,3.43919626e-06,9.83796495,10428.242847,0.8690941102493712,3.43919626e-06,6.18251895e-07,0.618251895,1.03251484e-06,9.87124222,10463.5167532,0.8720338523107798,1.03251484e-06,1.24145154e-06,1.2414515400000001
659,3.43919626e-06,9.83817414,10428.4645884,0.869112590270173,3.43919626e-06,6.18265468e-07,0.6182654679999999,1.03251484e-06,9.87114741,10463.4162546,0.8720254767155209,1.03251484e-06,1.24146143e-06,1.24146143
660,3.43919626e-06,9.83838041,10428.6832346,0.8691308123357152,3.43919626e-06,6.18278975e-07,0.6182789750000001,1.03251484e-06,9.87105315,10463.316338999999,0.8720171497077251,1.03251484e-06,1.24147182e-06,1.24147182
661,3.43919626e-06,9.83859729,10428.9131274,0.8691499716975942,3.43919626e-06,6.18292407e-07,0.618292407,1.03251484e-06,9.8709649,10463.222794000001,0.8720093536283918,1.03251484e-06,1.24148269e-06,1.24148269
662,3.43919626e-06,9.83879595,10429.123706999999,0.8691675214893265,3.43919626e-06,6.18305727e-07,0.618305727,1.03251484e-06,9.87087972,10463.1325032,0.8720018287554443,1.03251484e-06,1.24149402e-06,1.24149402
663,3.43919626e-06,9.83899495,10429.334647,0.8691851013169453,3.43919626e-06,6.18318885e-07,0.618318885,1.03251484e-06,9.87079495,10463.042647,0.8719943401022421,1.03251484e-06,1.24150578e-06,1.24150578
664,3.43919626e-06,9.8391857,10429.536842,0.8692019523326149,3.43919626e-06,6.18331824e-07,0.618331824,1.03251484e-06,9.87071488,10462.9577728,0.8719872666509987,1.03251484e-06,1.24151792e-06,1.2415179200000002
665,3.43919626e-06,9.83934573,10429.706473799999,0.869216089517609,3.43919626e-06,6.18344501e-07,0.618344501,1.03251484e-06,9.87063691,10462.8751246,0.8719803787155241,1.03251484e-06,1.24153043e-06,1.2415304299999999
666,3.43919626e-06,9.83948524,10429.8543544,0.869228413948519,3.43919626e-06,6.18356895e-07,0.618356895,1.03251484e-06,9.87056283,10462.7965998,0.8719738344259262,1.03251484e-06,1.24154328e-06,1.24154328
667,3.43919626e-06,9.83962668,10430.0042808,0.8692409088772546,3.43919626e-06,6.18368979e-07,0.618368979,1.03251484e-06,9.87049068,10462.720120799999,0.8719674606341539,1.03251484e-06,1.24155646e-06,1.24155646
668,3.43919626e-06,9.83976433,10430.150189799999,0.8692530689941977,3.43919626e-06,6.18380699e-07,0.6183806989999999,1.03251484e-06,9.87042198,10462.6472988,0.8719613916182877,1.03251484e-06,1.24156992e-06,1.24156992
669,3.43919626e-06,9.83989523,10430.2889438,0.8692646328104556,3.43919626e-06,6.18391989e-07,0.618391989,1.03251484e-06,9.87036074,10462.5823844,0.8719559816251049,1.03251484e-06,1.24158363e-06,1.24158363
670,3.43919626e-06,9.84000432,10430.4045792,0.8692742699129427,3.43919626e-06,6.18402786e-07,0.618402786,1.03251484e-06,9.87030506,10462.5233636,0.8719510628070053,1.03251484e-06,1.24159753e-06,1.24159753
671,3.43919626e-06,9.84010138,10430.5074628,0.8692828442750967,3.43919626e-06,6.1841305e-07,0.61841305,1.03251484e-06,9.87025247,10462.4676182,0.8719464169621085,1.03251484e-06,1.24161161e-06,1.24161161
672,3.43919626e-06,9.84018259,10430.5935454,0.8692900184349003,3.43919626e-06,6.18422748e-07,0.618422748,1.03251484e-06,9.87020246,10462.4146076,0.8719419990365848,1.03251484e-06,1.24162583e-06,1.24162583
673,3.43919626e-06,9.84025136,10430.6664416,0.8692960936346257,3.43919626e-06,6.18431847e-07,0.618431847,1.03251484e-06,9.87015657,10462.3659642,0.8719379450753314,1.03251484e-06,1.24164015e-06,1.24164015
674,3.43919626e-06,9.84030897,10430.727508200001,0.8693011829505509,3.43919626e-06,6.18440313e-07,0.618440313,1.03251484e-06,9.8701148,10462.321688,0.8719342550783483,1.03251484e-06,1.24165456e-06,1.24165456
675,3.43919626e-06,9.84035671,10430.7781126,0.8693054003423626,3.43919626e-06,6.18448114e-07,0.618448114,1.03251484e-06,9.87007728,10462.2819168,0.8719309405299451,1.03251484e-06,1.24166901e-06,1.2416690099999999
676,3.43919626e-06,9.84039636,10430.8201416,0.8693089030567598,3.43919626e-06,6.18455225e-07,0.6184552249999999,1.03251484e-06,9.87004385,10462.246481,0.8719279872955868,1.03251484e-06,1.24168349e-06,1.24168349
677,3.43919626e-06,9.84042781,10430.8534786,0.8693116813762504,3.43919626e-06,6.18461623e-07,0.618461623,1.03251484e-06,9.87001348,10462.214288800002,0.8719253043842061,1.03251484e-06,1.24169798e-06,1.24169798
678,3.43919626e-06,9.84045132,10430.878399199999,0.8693137582694529,3.43919626e-06,6.18467287e-07,0.618467287,1.03251484e-06,9.86998591,10462.1850646,0.8719228688271837,1.03251484e-06,1.24171244e-06,1.24171244
679,3.43919626e-06,9.84046716,10430.8951896,0.8693151575883951,3.43919626e-06,6.1847221e-07,0.61847221,1.03251484e-06,9.86996064,10462.1582784,0.8719206364540987,1.03251484e-06,1.24172686e-06,1.24172686
680,3.43919626e-06,9.84047653,10430.9051218,0.8693159853420874,3.43919626e-06,6.18476409e-07,0.618476409,1.03251484e-06,9.86993812,10462.134407200001,0.87191864701833,1.03251484e-06,1.24174122e-06,1.24174122
681,3.43919626e-06,9.84048027,10430.909086200001,0.8693163157368378,3.43919626e-06,6.18479915e-07,0.618479915,1.03251484e-06,9.86991681,10462.111818599999,0.8719167644749802,1.03251484e-06,1.2417555e-06,1.2417555
682,3.43919626e-06,9.84048239,10430.9113334,0.8693165030194233,3.43919626e-06,6.18482765e-07,0.618482765,1.03251484e-06,9.86989669,10462.090491399998,0.8719149870572331,1.03251484e-06,1.24176971e-06,1.24176971
683,3.43919626e-06,9.84048817,10430.9174602,0.8693170136294919,3.43919626e-06,6.18484998e-07,0.618484998,1.03251484e-06,9.86987901,10462.0717506,0.8719134251911412,1.03251484e-06,1.24178384e-06,1.2417838399999999
684,3.43919626e-06,9.84049318,10430.9227708,0.8693174562171118,3.43919626e-06,6.18486645e-07,0.6184866450000001,1.03251484e-06,9.86986032,10462.0519392,0.8719117741007987,1.03251484e-06,1.24179787e-06,1.24179787
685,3.43919626e-06,9.84049812,10430.9280072,0.8693178926208728,3.43919626e-06,6.18487724e-07,0.6184877240000001,1.03251484e-06,9.86984133,10462.0318098,0.8719100965082033,1.03251484e-06,1.24181182e-06,1.2418118200000001
686,3.43919626e-06,9.84050776,10430.938225599999,0.8693187442265925,3.43919626e-06,6.18488278e-07,0.6184882780000001,1.03251484e-06,9.86982409,10462.0135354,0.8719085735120818,1.03251484e-06,1.24182568e-06,1.24182568
687,3.43919626e-06,9.84052143,10430.9527158,0.8693199518459069,3.43919626e-06,6.1848838e-07,0.61848838,1.03251484e-06,9.86980742,10461.9958652,0.8719071008702407,1.03251484e-06,1.24183945e-06,1.24183945
688,3.43919626e-06,9.8405393,10430.971658,0.869321530496759,3.43919626e-06,6.184881e-07,0.6184881,1.03251484e-06,9.86979117,10461.978640199999,0.8719056653315531,1.03251484e-06,1.24185313e-06,1.24185313
689,3.43919626e-06,9.84056291,10430.996684599999,0.8693236162240456,3.43919626e-06,6.18487501e-07,0.6184875009999999,1.03251484e-06,9.8697744,10461.960864,0.8719041838556278,1.03251484e-06,1.24186673e-06,1.24186673
690,3.43919626e-06,9.84059501,10431.0307106,0.8693264519650837,3.43919626e-06,6.18486658e-07,0.618486658,1.03251484e-06,9.86975831,10461.9438086,0.871902762451475,1.03251484e-06,1.24188023e-06,1.24188023
691,3.43919626e-06,9.84062899,10431.066729400001,0.8693294537869054,3.43919626e-06,6.18485633e-07,0.6184856329999999,1.03251484e-06,9.86973985,10461.924241,0.8719011316795262,1.03251484e-06,1.24189365e-06,1.24189365
692,3.43919626e-06,9.84067019,10431.110401400001,0.8693330934296083,3.43919626e-06,6.18484447e-07,0.618484447,1.03251484e-06,9.86972187,10461.9051822,0.8718995433111815,1.03251484e-06,1.241907e-06,1.2419069999999999
693,3.43919626e-06,9.84072041,10431.1636346,0.8693375299067088,3.43919626e-06,6.18483153e-07,0.618483153,1.03251484e-06,9.8697046,10461.886876,0.8718980176648349,1.03251484e-06,1.24192027e-06,1.24192027
694,3.43919626e-06,9.84078007,10431.2268742,0.8693428003213607,3.43919626e-06,6.18481829e-07,0.618481829,1.03251484e-06,9.86968741,10461.868654599999,0.8718964990857556,1.03251484e-06,1.24193348e-06,1.24193348
695,3.43919626e-06,9.84084846,10431.2993676,0.8693488419515659,3.43919626e-06,6.18480555e-07,0.618480555,1.03251484e-06,9.86966942,10461.8495852,0.8718949098340025,1.03251484e-06,1.24194661e-06,1.24194661
696,3.43919626e-06,9.84092598,10431.3815388,0.8693556901336614,3.43919626e-06,6.18479337e-07,0.618479337,1.03251484e-06,9.86964438,10461.8230428,0.8718926977793113,1.03251484e-06,1.2419597e-06,1.2419597
697,3.43919626e-06,9.84100951,10431.4700806,0.8693630692442191,3.43919626e-06,6.18478227e-07,0.618478227,1.03251484e-06,9.86963078,10461.808626799999,0.8718914963438559,1.03251484e-06,1.24197273e-06,1.24197273
698,3.43919626e-06,9.84110747,10431.573918200002,0.8693717231131315,3.43919626e-06,6.18477425e-07,0.618477425,1.03251484e-06,9.8696095,10461.78607,0.8718896164507317,1.03251484e-06,1.2419857e-06,1.2419856999999999
699,3.43919626e-06,9.84120965,10431.682229,0.869380749780398,3.43919626e-06,6.18476927e-07,0.618476927,1.03251484e-06,9.86959435,10461.770011,0.8718882780869708,1.03251484e-06,1.24199862e-06,1.24199862
700,3.43919626e-06,9.84132487,10431.804362199999,0.8693909284122483,3.43919626e-06,6.18476846e-07,0.618476846,1.03251484e-06,9.8695759,10461.750453999999,0.8718866481984302,1.03251484e-06,1.24201146e-06,1.24201146
701,3.43919626e-06,9.84145102,10431.9380812,0.8694020726095052,3.43919626e-06,6.1847715e-07,0.61847715,1.03251484e-06,9.86955539,10461.7287134,0.8718848363277546,1.03251484e-06,1.24202426e-06,1.24202426
702,3.43919626e-06,9.84158512,10432.0802272,0.8694139191164583,3.43919626e-06,6.18477838e-07,0.618477838,1.03251484e-06,9.86953507,10461.707174199999,0.8718830412418388,1.03251484e-06,1.24203701e-06,1.24203701
703,3.43919626e-06,9.84172577,10432.2293162,0.8694263442559285,3.43919626e-06,6.18478962e-07,0.618478962,1.03251484e-06,9.86951662,10461.687617200001,0.8718814113532984,1.03251484e-06,1.24204973e-06,1.24204973
704,3.43919626e-06,9.84187381,10432.386238599998,0.8694394222342231,3.43919626e-06,6.184806e-07,0.6184806,1.03251484e-06,9.86950037,10461.670392200002,0.8718799758146111,1.03251484e-06,1.24206238e-06,1.2420623800000001
705,3.43919626e-06,9.84203101,10432.552870599999,0.8694533094146335,3.43919626e-06,6.1848282e-07,0.61848282,1.03251484e-06,9.86948572,10461.6548632,0.8718786816212711,1.03251484e-06,1.24207497e-06,1.24207497
706,3.43919626e-06,9.84219705,10432.728873,0.8694679775280899,3.43919626e-06,6.18485657e-07,0.618485657,1.03251484e-06,9.86947237,10461.6407122,0.8718775022710264,1.03251484e-06,1.24208747e-06,1.24208747
707,3.43919626e-06,9.84236928,10432.9114368,0.8694831924713601,3.43919626e-06,6.18489113e-07,0.618489113,1.03251484e-06,9.86946035,10461.627971,0.8718764404141018,1.03251484e-06,1.24209989e-06,1.24209989
708,3.43919626e-06,9.84254546,10433.0981876,0.8694987563609574,3.43919626e-06,6.18493178e-07,0.618493178,1.03251484e-06,9.86945005,10461.617053,0.8718755305034261,1.03251484e-06,1.24211221e-06,1.24211221
709,3.43919626e-06,9.8427247,10433.288182,0.8695145905735321,3.43919626e-06,6.18497845e-07,0.618497845,1.03251484e-06,9.86944174,10461.608244399999,0.8718747963910265,1.03251484e-06,1.24212442e-06,1.24212442
710,3.43919626e-06,9.84290646,10433.4808476,0.8695306474050295,3.43919626e-06,6.18503118e-07,0.618503118,1.03251484e-06,9.86943597,10461.6021282,0.8718742866643665,1.03251484e-06,1.2421365e-06,1.2421365
711,3.43919626e-06,9.84309069,10433.6761314,0.8695469224384073,3.43919626e-06,6.18509003e-07,0.618509003,1.03251484e-06,9.86943311,10461.599096599999,0.8718740340095574,1.03251484e-06,1.24214844e-06,1.24214844
712,3.43919626e-06,9.84327697,10433.8735882,0.8695633785705119,3.43919626e-06,6.18515495e-07,0.618515495,1.03251484e-06,9.8694331,10461.599086,0.8718740331261491,1.03251484e-06,1.24216023e-06,1.24216023
713,3.43919626e-06,9.84346315,10434.070939,0.8695798258685321,3.43919626e-06,6.18522572e-07,0.618522572,1.03251484e-06,9.86943617,10461.602340200001,0.8718743043325351,1.03251484e-06,1.24217183e-06,1.24217183
714,3.43919626e-06,9.84364736,10434.2662016,0.8695960991350932,3.43919626e-06,6.18530195e-07,0.6185301950000001,1.03251484e-06,9.86944238,10461.6089228,0.8718748529291657,1.03251484e-06,1.24218324e-06,1.24218324
715,3.43919626e-06,9.84382799,10434.457669399999,0.8696120561414387,3.43919626e-06,6.18538322e-07,0.618538322,1.03251484e-06,9.86945162,10461.618717199999,0.8718756691985485,1.03251484e-06,1.24219442e-06,1.2421944200000001
716,3.43919626e-06,9.84400368,10434.6439008,0.8696275767440232,3.43919626e-06,6.18546906e-07,0.618546906,1.03251484e-06,9.86946399,10461.6318294,0.8718767619747678,1.03251484e-06,1.24220537e-06,1.24220537
717,3.43919626e-06,9.84417372,10434.824143200001,0.8696425982208489,3.43919626e-06,6.18555904e-07,0.618555904,1.03251484e-06,9.86947953,10461.6483018,0.8718781347914573,1.03251484e-06,1.24221606e-06,1.24221606
718,3.43919626e-06,9.84433817,10434.9984602,0.8696571258723659,3.43919626e-06,6.18565265e-07,0.618565265,1.03251484e-06,9.86949831,10461.6682086,0.8718797938324758,1.03251484e-06,1.24222648e-06,1.24222648
719,3.43919626e-06,9.84449572,10435.165463199999,0.869671043972071,3.43919626e-06,6.18574936e-07,0.618574936,1.03251484e-06,9.8695203,10461.691518,0.871881736447598,1.03251484e-06,1.24223661e-06,1.24223661
720,3.43919626e-06,9.84464571,10435.3244526,0.8696842942150083,3.43919626e-06,6.18584856e-07,0.618584856,1.03251484e-06,9.86954495,10461.717647,0.8718839140493608,1.03251484e-06,1.24224642e-06,1.24224642
721,3.43919626e-06,9.84478769,10435.4749514,0.8696968368477987,3.43919626e-06,6.18594961e-07,0.618594961,1.03251484e-06,9.8695725,10461.74685,0.8718863478395663,1.03251484e-06,1.24225591e-06,1.2422559100000001
722,3.43919626e-06,9.84492093,10435.616185800001,0.8697086073816276,3.43919626e-06,6.1860519e-07,0.61860519,1.03251484e-06,9.86960322,10461.7794132,0.871889061670242,1.03251484e-06,1.24226505e-06,1.24226505
723,3.43919626e-06,9.84504497,10435.7476682,0.8697195651797069,3.43919626e-06,6.1861548e-07,0.61861548,1.03251484e-06,9.86963666,10461.8148596,0.8718920157880086,1.03251484e-06,1.24227384e-06,1.24227384
724,3.43919626e-06,9.84515943,10435.868995800001,0.8697296766725173,3.43919626e-06,6.18625774e-07,0.618625774,1.03251484e-06,9.86967248,10461.8528288,0.87189518015698,1.03251484e-06,1.24228226e-06,1.2422822599999999
725,3.43919626e-06,9.84526423,10435.9800838,0.8697389347927906,3.43919626e-06,6.18636009e-07,0.6186360089999999,1.03251484e-06,9.86971083,10461.893479800001,0.8718985680282825,1.03251484e-06,1.24229029e-06,1.2422902900000001
726,3.43919626e-06,9.84535876,10436.0802856,0.8697472856526137,3.43919626e-06,6.18646125e-07,0.618646125,1.03251484e-06,9.86975174,10461.9368444,0.8719021820521411,1.03251484e-06,1.24229793e-06,1.24229793
727,3.43919626e-06,9.84544194,10436.1684564,0.8697546338438769,3.43919626e-06,6.18656061e-07,0.6186560609999999,1.03251484e-06,9.86979424,10461.9818944,0.8719059365379391,1.03251484e-06,1.24230517e-06,1.24230517
728,3.43919626e-06,9.84551387,10436.2447022,0.8697609882006637,3.43919626e-06,6.18665755e-07,0.618665755,1.03251484e-06,9.86983831,10462.0286086,0.8719098297188594,1.03251484e-06,1.24231199e-06,1.24231199
729,3.43919626e-06,9.84557546,10436.3099876,0.8697664291131413,3.43919626e-06,6.18675151e-07,0.6186751509999999,1.03251484e-06,9.86988436,10462.0774216,0.8719138978146477,1.03251484e-06,1.2423184e-06,1.2423184
730,3.43919626e-06,9.84562643,10436.3640158,0.8697709318458736,3.43919626e-06,6.18684203e-07,0.6186842029999999,1.03251484e-06,9.86993194,10462.1278564,0.8719181010719245,1.03251484e-06,1.24232439e-06,1.2423243899999998
731,3.43919626e-06,9.8456679,10436.407974,0.869774595340604,3.43919626e-06,6.18692859e-07,0.618692859,1.03251484e-06,9.86998082,10462.1796692,0.8719224191722964,1.03251484e-06,1.24232995e-06,1.24232995
732,3.43919626e-06,9.8457005,10436.44253,0.8697774752520632,3.43919626e-06,6.18701076e-07,0.618701076,1.03251484e-06,9.87003057,10462.2324042,0.871926814129201,1.03251484e-06,1.24233509e-06,1.2423350899999999
733,3.43919626e-06,9.84572466,10436.4681396,0.8697796095668132,3.43919626e-06,6.18708815e-07,0.618708815,1.03251484e-06,9.87008172,10462.2866232,0.8719313327632849,1.03251484e-06,1.24233981e-06,1.24233981
734,3.43919626e-06,9.84574067,10436.4851102,0.8697810239036985,3.43919626e-06,6.1871604e-07,0.6187160399999999,1.03251484e-06,9.87013291,10462.3408846,0.8719358549310026,1.03251484e-06,1.2423441e-06,1.2423441
735,3.43919626e-06,9.84574888,10436.493812800001,0.8697817491820139,3.43919626e-06,6.18722724e-07,0.618722724,1.03251484e-06,9.870184,10462.39504,0.8719403682646358,1.03251484e-06,1.24234797e-06,1.2423479700000002
736,3.43919626e-06,9.84574976,10436.4947456,0.8697818269219552,3.43919626e-06,6.1872884e-07,0.6187288400000001,1.03251484e-06,9.87023506,10462.4491636,0.871944878948044,1.03251484e-06,1.24235143e-06,1.24235143
737,3.43919626e-06,9.84574415,10436.488799,0.8697813313298298,3.43919626e-06,6.18734372e-07,0.6187343719999999,1.03251484e-06,9.87028607,10462.503234200001,0.87194938521441,1.03251484e-06,1.24235448e-06,1.24235448
738,3.43919626e-06,9.84573319,10436.477181400001,0.8697803631141982,3.43919626e-06,6.18739305e-07,0.618739305,1.03251484e-06,9.8703371,10462.557326,0.8719538932475928,1.03251484e-06,1.24235713e-06,1.24235713
739,3.43919626e-06,9.84571672,10436.4597232,0.8697789081405253,3.43919626e-06,6.18743634e-07,0.618743634,1.03251484e-06,9.87038816,10462.6114496,0.8719584039310008,1.03251484e-06,1.2423594e-06,1.2423594
740,3.43919626e-06,9.84569543,10436.437155799998,0.8697770273639925,3.43919626e-06,6.18747354e-07,0.618747354,1.03251484e-06,9.87043883,10462.665159799999,0.8719628801614804,1.03251484e-06,1.24236128e-06,1.2423612800000001
741,3.43919626e-06,9.84566704,10436.4070624,0.8697745193674795,3.43919626e-06,6.18750462e-07,0.618750462,1.03251484e-06,9.87048863,10462.7179478,0.8719672795354272,1.03251484e-06,1.24236279e-06,1.24236279
742,3.43919626e-06,9.84563681,10436.3750186,0.8697718488238168,3.43919626e-06,6.18752959e-07,0.618752959,1.03251484e-06,9.87053737,10462.7696122,0.8719715852680812,1.03251484e-06,1.24236394e-06,1.24236394
743,3.43919626e-06,9.84560577,10436.342116200001,0.8697691067240717,3.43919626e-06,6.18754862e-07,0.618754862,1.03251484e-06,9.87058524,10462.8203544,0.8719758141442023,1.03251484e-06,1.24236474e-06,1.24236474
744,3.43919626e-06,9.84557337,10436.3077722,0.8697662444807809,3.43919626e-06,6.1875619e-07,0.61875619,1.03251484e-06,9.87063237,10462.870312199999,0.8719799776481,1.03251484e-06,1.2423652e-06,1.2423651999999998
745,3.43919626e-06,9.84553897,10436.2713082,0.8697632055558056,3.43919626e-06,6.1875696e-07,0.6187569599999999,1.03251484e-06,9.87067876,10462.919485600001,0.8719840757797748,1.03251484e-06,1.24236534e-06,1.24236534
746,3.43919626e-06,9.84550301,10436.2331906,0.8697600288191163,3.43919626e-06,6.18757193e-07,0.6187571930000001,1.03251484e-06,9.87072394,10462.9673764,0.87198806701903,1.03251484e-06,1.24236516e-06,1.24236516
747,3.43919626e-06,9.84546694,10436.194956399999,0.8697568423649343,3.43919626e-06,6.18756915e-07,0.618756915,1.03251484e-06,9.87076742,10463.0134652,0.8719919080788534,1.03251484e-06,1.24236468e-06,1.2423646799999999
748,3.43919626e-06,9.84543275,10436.158715000001,0.8697538219915361,3.43919626e-06,6.18756163e-07,0.618756163,1.03251484e-06,9.87080902,10463.0575612,0.8719955830578933,1.03251484e-06,1.24236392e-06,1.2423639199999998
749,3.43919626e-06,9.84540136,10436.125441600001,0.8697510489724961,3.43919626e-06,6.18754978e-07,0.618754978,1.03251484e-06,9.87084881,10463.0997386,0.8719990981400086,1.03251484e-06,1.2423629e-06,1.2423629
750,3.43919626e-06,9.84537325,10436.095645,0.8697485657114188,3.43919626e-06,6.187534e-07,0.6187533999999999,1.03251484e-06,9.87088687,10463.1400822,0.8720024603924666,1.03251484e-06,1.24236163e-06,1.24236163
751,3.43919626e-06,9.84535562,10436.076957199999,0.869747008262369,3.43919626e-06,6.18751498e-07,0.6187514980000001,1.03251484e-06,9.87092553,10463.1810618,0.8720058756494302,1.03251484e-06,1.24236013e-06,1.24236013
752,3.43919626e-06,9.84533002,10436.0498212,0.869744746736806,3.43919626e-06,6.1874932e-07,0.6187493199999999,1.03251484e-06,9.87095932,10463.216879200001,0.8720088606864919,1.03251484e-06,1.24235839e-06,1.24235839
753,3.43919626e-06,9.84529901,10436.0169506,0.8697420072872861,3.43919626e-06,6.18746812e-07,0.618746812,1.03251484e-06,9.87098497,10463.2440682,0.8720111266290969,1.03251484e-06,1.24235649e-06,1.2423564900000001
754,3.43919626e-06,9.84529708,10436.0149048,0.8697418367894605,3.43919626e-06,6.1874406e-07,0.6187440599999999,1.03251484e-06,9.87101903,10463.2801718,0.8720141355181856,1.03251484e-06,1.24235443e-06,1.24235443
755,3.43919626e-06,9.84529751,10436.0153606,0.8697418747760227,3.43919626e-06,6.18741269e-07,0.618741269,1.03251484e-06,9.87105042,10463.3134452,0.8720169085372257,1.03251484e-06,1.24235217e-06,1.2423521700000002
756,3.43919626e-06,9.84528782,10436.0050892,0.8697410187532607,3.43919626e-06,6.18738364e-07,0.618738364,1.03251484e-06,9.87107148,10463.3357688,0.8720187689953646,1.03251484e-06,1.24234977e-06,1.2423497700000001
757,3.43919626e-06,9.84529055,10436.007983,0.8697412599237602,3.43919626e-06,6.18735294e-07,0.618735294,1.03251484e-06,9.87109445,10463.360116999998,0.8720207981845123,1.03251484e-06,1.24234727e-06,1.24234727
758,3.43919626e-06,9.84530389,10436.0221234,0.8697424383905966,3.43919626e-06,6.18732244e-07,0.6187322439999999,1.03251484e-06,9.87111974,10463.3869244,0.8720230323244142,1.03251484e-06,1.24234465e-06,1.24234465
759,3.43919626e-06,9.8453118,10436.030508,0.8697431371666592,3.43919626e-06,6.18729261e-07,0.6187292609999999,1.03251484e-06,9.87113429,10463.4023474,0.8720243176836698,1.03251484e-06,1.24234194e-06,1.24234194
760,3.43919626e-06,9.84533642,10436.056605200001,0.8697453121181968,3.43919626e-06,6.18726332e-07,0.618726332,1.03251484e-06,9.87115686,10463.4262716,0.8720263115364806,1.03251484e-06,1.24233917e-06,1.24233917
761,3.43919626e-06,9.84536356,10436.085373599999,0.8697477096886568,3.43919626e-06,6.18723617e-07,0.618723617,1.03251484e-06,9.87117612,10463.4466872,0.8720280129811033,1.03251484e-06,1.24233629e-06,1.2423362900000001
762,3.43919626e-06,9.84538913,10436.1124778,0.8697499685639946,3.43919626e-06,6.18721017e-07,0.618721017,1.03251484e-06,9.87118648,10463.4576688,0.8720289281922297,1.03251484e-06,1.24233336e-06,1.24233336
763,3.43919626e-06,9.84542432,10436.1497792,0.8697530772782353,3.43919626e-06,6.18718513e-07,0.618718513,1.03251484e-06,9.87120245,10463.474597,0.8720303389954813,1.03251484e-06,1.2423304e-06,1.2423304
764,3.43919626e-06,9.84546369,10436.1915114,0.869756555257197,3.43919626e-06,6.18716278e-07,0.618716278,1.03251484e-06,9.87121739,10463.4904334,0.8720316588076654,1.03251484e-06,1.24232739e-06,1.24232739
765,3.43919626e-06,9.84550714,10436.2375684,0.869760393666795,3.43919626e-06,6.18714336e-07,0.618714336,1.03251484e-06,9.87123068,10463.5045208,0.8720328328574595,1.03251484e-06,1.24232434e-06,1.24232434
766,3.43919626e-06,9.84555461,10436.287886600001,0.8697645872065793,3.43919626e-06,6.18712671e-07,0.618712671,1.03251484e-06,9.87124312,10463.5177072,0.8720339318175379,1.03251484e-06,1.24232125e-06,1.24232125
767,3.43919626e-06,9.84560562,10436.3419572,0.8697690934729453,3.43919626e-06,6.18711272e-07,0.618711272,1.03251484e-06,9.87125563,10463.5309678,0.872035036961475,1.03251484e-06,1.24231813e-06,1.2423181300000001
768,3.43919626e-06,9.84566025,10436.399865,0.8697739195331603,3.43919626e-06,6.18710149e-07,0.618710149,1.03251484e-06,9.87126911,10463.5452566,0.8720362277960294,1.03251484e-06,1.24231498e-06,1.2423149800000002
769,3.43919626e-06,9.84571819,10436.4612814,0.8697790380015634,3.43919626e-06,6.18709331e-07,0.6187093309999999,1.03251484e-06,9.87128343,10463.5604358,0.8720374928368911,1.03251484e-06,1.24231179e-06,1.24231179
770,3.43919626e-06,9.84577929,10436.526047399999,0.8697844356270282,3.43919626e-06,6.18708854e-07,0.6187088540000001,1.03251484e-06,9.87129888,10463.5768128,0.8720388577029048,1.03251484e-06,1.24230855e-06,1.24230855
771,3.43919626e-06,9.84584477,10436.595456199999,0.8697902201853823,3.43919626e-06,6.18708744e-07,0.618708744,1.03251484e-06,9.87131652,10463.595511200001,0.8720404160353631,1.03251484e-06,1.24230525e-06,1.24230525
772,3.43919626e-06,9.84591317,10436.667960199999,0.869796262698996,3.43919626e-06,6.18709019e-07,0.618709019,1.03251484e-06,9.87133661,10463.616806600001,0.872042190802885,1.03251484e-06,1.24230188e-06,1.24230188
773,3.43919626e-06,9.8459813,10436.740178,0.8698022813605824,3.43919626e-06,6.18709682e-07,0.618709682,1.03251484e-06,9.87135744,10463.6388864,0.8720440309426302,1.03251484e-06,1.24229842e-06,1.24229842
774,3.43919626e-06,9.84604799,10436.8108694,0.8698081728113557,3.43919626e-06,6.18710713e-07,0.618710713,1.03251484e-06,9.87137832,10463.661019199999,0.8720458754994174,1.03251484e-06,1.24229486e-06,1.24229486
775,3.43919626e-06,9.84611399,10436.8808294,0.8698140033069477,3.43919626e-06,6.18712084e-07,0.618712084,1.03251484e-06,9.87139982,10463.6838092,0.872047774827527,1.03251484e-06,1.24229122e-06,1.24229122
776,3.43919626e-06,9.8461785,10436.94921,0.869819702174685,3.43919626e-06,6.18713772e-07,0.618713772,1.03251484e-06,9.87142137,10463.7066522,0.8720496785726788,1.03251484e-06,1.24228748e-06,1.24228748
777,3.43919626e-06,9.84624571,10437.0204526,0.8698256395626962,3.43919626e-06,6.18715766e-07,0.618715766,1.03251484e-06,9.87144685,10463.733661,0.8720519294973407,1.03251484e-06,1.24228364e-06,1.2422836400000001
778,3.43919626e-06,9.84631503,10437.0939318,0.8698317633498848,3.43919626e-06,6.18718064e-07,0.618718064,1.03251484e-06,9.87147607,10463.7646342,0.8720545108167529,1.03251484e-06,1.24227966e-06,1.2422796600000001
779,3.43919626e-06,9.84638257,10437.1655242,0.869837729890374,3.43919626e-06,6.18720662e-07,0.618720662,1.03251484e-06,9.87150656,10463.7969536,0.8720572043290347,1.03251484e-06,1.24227554e-06,1.2422755399999998
780,3.43919626e-06,9.84644551,10437.2322406,0.8698432900629888,3.43919626e-06,6.18723532e-07,0.6187235320000001,1.03251484e-06,9.87153653,10463.8287218,0.8720598519040785,1.03251484e-06,1.24227127e-06,1.2422712699999998
781,3.43919626e-06,9.84650625,10437.296624999999,0.8698486558857502,3.43919626e-06,6.1872664e-07,0.61872664,1.03251484e-06,9.8715678,10463.861868,0.8720626143222174,1.03251484e-06,1.24226685e-06,1.24226685
782,3.43919626e-06,9.84656749,10437.3615394,0.8698540658789331,3.43919626e-06,6.18729962e-07,0.618729962,1.03251484e-06,9.87160303,10463.899211799999,0.8720657265700917,1.03251484e-06,1.24226226e-06,1.24226226
783,3.43919626e-06,9.8466209,10437.418153999999,0.8698587841633205,3.43919626e-06,6.18733469e-07,0.6187334689999999,1.03251484e-06,9.87163483,10463.9329198,0.8720685358088771,1.03251484e-06,1.2422575e-06,1.2422575
784,3.43919626e-06,9.8466754,10437.475924,0.8698635987392263,3.43919626e-06,6.18737122e-07,0.618737122,1.03251484e-06,9.8716709,10463.971153999999,0.872071722263059,1.03251484e-06,1.24225257e-06,1.24225257
785,3.43919626e-06,9.8467252,10437.528712,0.869867998113173,3.43919626e-06,6.18740903e-07,0.6187409030000001,1.03251484e-06,9.87170835,10464.010851000001,0.8720750306276035,1.03251484e-06,1.24224745e-06,1.2422474499999998
786,3.43919626e-06,9.84677214,10437.578468400001,0.8698721448323109,3.43919626e-06,6.18744778e-07,0.618744778,1.03251484e-06,9.87174555,10464.050283,0.8720783169069372,1.03251484e-06,1.24224215e-06,1.24224215
787,3.43919626e-06,9.84681721,10437.6262426,0.8698761263540734,3.43919626e-06,6.18748728e-07,0.618748728,1.03251484e-06,9.87178526,10464.0923756,0.872081824921785,1.03251484e-06,1.24223666e-06,1.2422366599999999
788,3.43919626e-06,9.84685499,10437.6662894,0.8698794638710957,3.43919626e-06,6.18752725e-07,0.618752725,1.03251484e-06,9.87182454,10464.1340124,0.8720852949500708,1.03251484e-06,1.24223096e-06,1.24223096
789,3.43919626e-06,9.84688808,10437.7013648,0.8698823870695676,3.43919626e-06,6.18756718e-07,0.618756718,1.03251484e-06,9.8718622,10464.173932000002,0.8720886218661921,1.03251484e-06,1.24222508e-06,1.24222508
790,3.43919626e-06,9.84691785,10437.732921,0.869885016976443,3.43919626e-06,6.18760681e-07,0.618760681,1.03251484e-06,9.8719018,10464.215908,0.8720921201635473,1.03251484e-06,1.242219e-06,1.242219
791,3.43919626e-06,9.84693877,10437.755096199999,0.869886865066864,3.43919626e-06,6.18764571e-07,0.618764571,1.03251484e-06,9.87193787,10464.2541422,0.8720953066177292,1.03251484e-06,1.24221275e-06,1.24221275
792,3.43919626e-06,9.84695657,10437.7739642,0.869888437533857,3.43919626e-06,6.18768328e-07,0.618768328,1.03251484e-06,9.8719737,10464.292122,0.872098471870109,1.03251484e-06,1.24220635e-06,1.24220635
793,3.43919626e-06,9.8469744,10437.792864000001,0.8698900126510755,3.43919626e-06,6.1877196e-07,0.61877196,1.03251484e-06,9.87201408,10464.3349248,0.8721020390733212,1.03251484e-06,1.24219976e-06,1.2421997599999999
794,3.43919626e-06,9.84698659,10437.8057854,0.8698910895259431,3.43919626e-06,6.18775476e-07,0.6187754759999999,1.03251484e-06,9.87205364,10464.3768584,0.8721055338370429,1.03251484e-06,1.24219299e-06,1.24219299
795,3.43919626e-06,9.84699433,10437.813989799999,0.8698917732840624,3.43919626e-06,6.18778831e-07,0.618778831,1.03251484e-06,9.8720916,10464.417096,0.8721088872554167,1.03251484e-06,1.24218605e-06,1.24218605
796,3.43919626e-06,9.84699642,10437.8162052,0.8698919579164229,3.43919626e-06,6.18781999e-07,0.6187819990000001,1.03251484e-06,9.87212581,10464.4533586,0.872111909395632,1.03251484e-06,1.24217896e-06,1.2421789600000002
797,3.43919626e-06,9.84699403,10437.813671799999,0.8698917467818097,3.43919626e-06,6.18784948e-07,0.6187849480000001,1.03251484e-06,9.87216088,10464.490532799999,0.8721150075089715,1.03251484e-06,1.24217172e-06,1.24217172
798,3.43919626e-06,9.84698677,10437.805976200001,0.8698911054272948,3.43919626e-06,6.18787654e-07,0.618787654,1.03251484e-06,9.87219382,10464.5254492,0.8721179174563172,1.03251484e-06,1.24216435e-06,1.24216435
799,3.43919626e-06,9.8469753,10437.793818,0.8698900921578334,3.43919626e-06,6.18790091e-07,0.6187900909999999,1.03251484e-06,9.87222455,10464.558023,0.8721206321704011,1.03251484e-06,1.24215686e-06,1.24215686
800,3.43919626e-06,9.84696026,10437.777875599999,0.8698887635115651,3.43919626e-06,6.18792242e-07,0.618792242,1.03251484e-06,9.87225383,10464.5890598,0.8721232187902639,1.03251484e-06,1.24214928e-06,1.24214928
801,3.43919626e-06,9.84694272,10437.7592832,0.8698872140131911,3.43919626e-06,6.18794101e-07,0.618794101,1.03251484e-06,9.8722827,10464.619662,0.8721257691903811,1.03251484e-06,1.2421416e-06,1.2421416
802,3.43919626e-06,9.84692254,10437.7378924,0.8698854312949935,3.43919626e-06,6.18795664e-07,0.618795664,1.03251484e-06,9.87231068,10464.6493208,0.8721282409671488,1.03251484e-06,1.24213384e-06,1.2421338400000002
803,3.43919626e-06,9.84689975,10437.713735000001,0.8698834180071974,3.43919626e-06,6.1879693e-07,0.61879693,1.03251484e-06,9.87233753,10464.6777818,0.8721306129187647,1.03251484e-06,1.242126e-06,1.242126
804,3.43919626e-06,9.84687368,10437.6861008,0.8698811149614384,3.43919626e-06,6.18797894e-07,0.618797894,1.03251484e-06,9.87236212,10464.7038472,0.8721327852200771,1.03251484e-06,1.2421181e-06,1.2421181
805,3.43919626e-06,9.84684437,10437.6550322,0.8698785256913505,3.43919626e-06,6.18798543e-07,0.618798543,1.03251484e-06,9.8723845,10464.727570000001,0.8721347622881279,1.03251484e-06,1.24211015e-06,1.2421101499999998
806,3.43919626e-06,9.84681233,10437.621069800001,0.8698756952507631,3.43919626e-06,6.18798866e-07,0.618798866,1.03251484e-06,9.87240522,10464.7495332,0.8721365927103804,1.03251484e-06,1.24210217e-06,1.24210217
807,3.43919626e-06,9.84677811,10437.5847966,0.8698726722271394,3.43919626e-06,6.18798862e-07,0.618798862,1.03251484e-06,9.87242468,10464.7701608,0.8721383118231717,1.03251484e-06,1.24209416e-06,1.24209416
808,3.43919626e-06,9.84674216,10437.5466896,0.8698694963738585,3.43919626e-06,6.18798538e-07,0.618798538,1.03251484e-06,9.87244293,10464.7895058,0.8721399240435437,1.03251484e-06,1.24208615e-06,1.24208615
809,3.43919626e-06,9.84670464,10437.5069184,0.8698661818254553,3.43919626e-06,6.187979e-07,0.6187979,1.03251484e-06,9.87245974,10464.8073244,0.8721414090531029,1.03251484e-06,1.24207813e-06,1.2420781300000001
810,3.43919626e-06,9.84666547,10437.4653982,0.8698627215146622,3.43919626e-06,6.18796956e-07,0.618796956,1.03251484e-06,9.87247491,10464.8234046,0.8721427491836806,1.03251484e-06,1.24207012e-06,1.24207012
811,3.43919626e-06,9.84662452,10437.4219912,0.8698591039571698,3.43919626e-06,6.18795706e-07,0.618795706,1.03251484e-06,9.87248849,10464.8377994,0.8721439488523192,1.03251484e-06,1.24206213e-06,1.24206213
812,3.43919626e-06,9.84658174,10437.3766444,0.8698553247359359,3.43919626e-06,6.18794153e-07,0.618794153,1.03251484e-06,9.87250061,10464.8506466,0.8721450195433279,1.03251484e-06,1.24205416e-06,1.2420541600000001
813,3.43919626e-06,9.84653728,10437.3295168,0.869851397102087,3.43919626e-06,6.18792306e-07,0.618792306,1.03251484e-06,9.87251131,10464.8619886,0.8721459647903406,1.03251484e-06,1.24204624e-06,1.2420462399999999
814,3.43919626e-06,9.8464915,10437.280990000001,0.8698473528583264,3.43919626e-06,6.18790173e-07,0.618790173,1.03251484e-06,9.87252064,10464.8718784,0.8721467890103992,1.03251484e-06,1.24203837e-06,1.24203837
815,3.43919626e-06,9.84644477,10437.2314562,0.8698432246907654,3.43919626e-06,6.18787767e-07,0.618787767,1.03251484e-06,9.87252858,10464.880294800001,0.8721474904366873,1.03251484e-06,1.24203055e-06,1.24203055
816,3.43919626e-06,9.84639737,10437.1812122,0.8698390373348401,3.43919626e-06,6.18785098e-07,0.6187850979999999,1.03251484e-06,9.87253528,10464.887396799999,0.8721480823203305,1.03251484e-06,1.2420228e-06,1.2420228
817,3.43919626e-06,9.8463492,10437.130152,0.8698347819564664,3.43919626e-06,6.18782175e-07,0.618782175,1.03251484e-06,9.87254075,10464.893195,0.8721485655447381,1.03251484e-06,1.24201512e-06,1.24201512
818,3.43919626e-06,9.8463001,10437.078106,0.8698304444211092,3.43919626e-06,6.18779009e-07,0.618779009,1.03251484e-06,9.872545,10464.897700000001,0.8721489409933179,1.03251484e-06,1.24200753e-06,1.24200753
819,3.43919626e-06,9.84625004,10437.025042399999,0.8698260220785433,3.43919626e-06,6.18775612e-07,0.618775612,1.03251484e-06,9.87254794,10464.9008164,0.8721492007153943,1.03251484e-06,1.24200002e-06,1.24200002
820,3.43919626e-06,9.8461993,10436.971258,0.8698215396642048,3.43919626e-06,6.18771998e-07,0.6187719979999999,1.03251484e-06,9.87254967,10464.9026502,0.8721493535450513,1.03251484e-06,1.24199261e-06,1.24199261
821,3.43919626e-06,9.84614797,10436.9168482,0.8698170051287694,3.43919626e-06,6.18768181e-07,0.618768181,1.03251484e-06,9.87255013,10464.9031378,0.8721493941818388,1.03251484e-06,1.2419853e-06,1.2419853
822,3.43919626e-06,9.84609645,10436.862237,0.8698124538085737,3.43919626e-06,6.18764177e-07,0.618764177,1.03251484e-06,9.8725495,10464.902469999999,0.8721493385271081,1.03251484e-06,1.2419781e-06,1.2419781
823,3.43919626e-06,9.84604486,10436.807551599999,0.8698078963045192,3.43919626e-06,6.18759998e-07,0.6187599979999999,1.03251484e-06,9.87254784,10464.9007104,0.8721491918813099,1.03251484e-06,1.24197102e-06,1.24197102
824,3.43919626e-06,9.84599461,10436.7542866,0.8698034571771934,3.43919626e-06,6.18755632e-07,0.618755632,1.03251484e-06,9.87254341,10464.8960146,0.8721488005313786,1.03251484e-06,1.24196405e-06,1.24196405
825,3.43919626e-06,9.84594132,10436.6977992,0.869798749493707,3.43919626e-06,6.18751094e-07,0.618751094,1.03251484e-06,9.87254162,10464.8941172,0.8721486424012708,1.03251484e-06,1.24195722e-06,1.24195722
826,3.43919626e-06,9.84588868,10436.6420008,0.8697940992317681,3.43919626e-06,6.18746496e-07,0.618746496,1.03251484e-06,9.87253804,10464.8903224,0.8721483261410554,1.03251484e-06,1.24195051e-06,1.24195051
827,3.43919626e-06,9.84583857,10436.5888842,0.8697896724721602,3.43919626e-06,6.18741794e-07,0.618741794,1.03251484e-06,9.87253082,10464.8826692,0.872147688320174,1.03251484e-06,1.24194394e-06,1.24194394
828,3.43919626e-06,9.84578781,10436.5350786,0.8697851882910047,3.43919626e-06,6.18736921e-07,0.618736921,1.03251484e-06,9.87252307,10464.8744542,0.8721470036786461,1.03251484e-06,1.24193751e-06,1.24193751
829,3.43919626e-06,9.84573559,10436.4797254,0.8697805751322196,3.43919626e-06,6.18731968e-07,0.6187319680000001,1.03251484e-06,9.87251694,10464.867956400001,0.8721464621492828,1.03251484e-06,1.24193123e-06,1.2419312299999998
830,3.43919626e-06,9.84568558,10436.4267148,0.8697761572066959,3.43919626e-06,6.18727012e-07,0.618727012,1.03251484e-06,9.87250806,10464.8585436,0.872145677682603,1.03251484e-06,1.24192509e-06,1.24192509
831,3.43919626e-06,9.84563604,10436.3742024,0.8697717808013682,3.43919626e-06,6.1872197e-07,0.61872197,1.03251484e-06,9.87249856,10464.848473600001,0.8721448384446012,1.03251484e-06,1.2419191e-06,1.2419191
832,3.43919626e-06,9.84558681,10436.3220186,0.8697674317817015,3.43919626e-06,6.18716875e-07,0.618716875,1.03251484e-06,9.87248852,10464.837831199999,0.8721439515025443,1.03251484e-06,1.24191328e-06,1.2419132800000001
833,3.43919626e-06,9.84553698,10436.2691988,0.8697630297575295,3.43919626e-06,6.18711807e-07,0.618711807,1.03251484e-06,9.87247824,10464.8269344,0.8721430433586855,1.03251484e-06,1.24190761e-06,1.24190761
834,3.43919626e-06,9.8454888,10436.218128,0.8697587734957473,3.43919626e-06,6.18706797e-07,0.618706797,1.03251484e-06,9.87246577,10464.8137162,0.872141941748382,1.03251484e-06,1.2419021e-06,1.2419021
835,3.43919626e-06,9.8454417,10436.168202,0.8697546126420747,3.43919626e-06,6.18701717e-07,0.618701717,1.03251484e-06,9.87245264,10464.799798400001,0.8721407818331226,1.03251484e-06,1.24189676e-06,1.24189676
836,3.43919626e-06,9.84539519,10436.1189014,0.8697505039094989,3.43919626e-06,6.18696604e-07,0.6186966039999999,1.03251484e-06,9.87243914,10464.785488399999,0.8721395892317513,1.03251484e-06,1.24189159e-06,1.2418915899999998
837,3.43919626e-06,9.84534843,10436.069335799999,0.8697463730917128,3.43919626e-06,6.18691568e-07,0.618691568,1.03251484e-06,9.87242558,10464.7711148,0.8721383913299298,1.03251484e-06,1.24188659e-06,1.24188659
838,3.43919626e-06,9.8453025,10436.02065,0.8697423155968258,3.43919626e-06,6.18686663e-07,0.618686663,1.03251484e-06,9.87241117,10464.7558402,0.8721371183383921,1.03251484e-06,1.24188176e-06,1.24188176
839,3.43919626e-06,9.84525673,10435.9721338,0.8697382722364735,3.43919626e-06,6.18681797e-07,0.618681797,1.03251484e-06,9.87239587,10464.7396222,0.8721357667235049,1.03251484e-06,1.24187711e-06,1.2418771100000001
840,3.43919626e-06,9.84521203,10435.924751800001,0.8697343234008226,3.43919626e-06,6.1867699e-07,0.61867699,1.03251484e-06,9.87237992,10464.7227152,0.87213435768707,1.03251484e-06,1.24187263e-06,1.24187263
841,3.43919626e-06,9.84516758,10435.8776348,0.8697303966503819,3.43919626e-06,6.18672202e-07,0.618672202,1.03251484e-06,9.87236317,10464.7049602,0.8721328779779616,1.03251484e-06,1.24186833e-06,1.24186833
842,3.43919626e-06,9.84512165,10435.828948999999,0.8697263391554948,3.43919626e-06,6.18667546e-07,0.618667546,1.03251484e-06,9.87234531,10464.6860286,0.8721313002105179,1.03251484e-06,1.24186421e-06,1.24186421
843,3.43919626e-06,9.84507792,10435.7825952,0.8697224760104609,3.43919626e-06,6.18663e-07,0.6186630000000001,1.03251484e-06,9.87232845,10464.668157,0.8721298107839167,1.03251484e-06,1.24186027e-06,1.24186027
844,3.43919626e-06,9.84503296,10435.734937599998,0.8697185042061908,3.43919626e-06,6.18658536e-07,0.6186585360000001,1.03251484e-06,9.87231068,10464.6493208,0.8721282409671488,1.03251484e-06,1.24185651e-06,1.2418565099999999
845,3.43919626e-06,9.84498868,10435.6880008,0.8697145924736936,3.43919626e-06,6.18654144e-07,0.618654144,1.03251484e-06,9.87229279,10464.6303574,0.8721266605494801,1.03251484e-06,1.24185292e-06,1.24185292
846,3.43919626e-06,9.84494467,10435.6413502,0.8697107045932237,3.43919626e-06,6.1864984e-07,0.61864984,1.03251484e-06,9.87227469,10464.6111714,0.8721250615802344,1.03251484e-06,1.24184952e-06,1.24184952
847,3.43919626e-06,9.8449003,10435.594318000001,0.8697067849100508,3.43919626e-06,6.18645645e-07,0.618645645,1.03251484e-06,9.87225615,10464.591519,0.872123423741018,1.03251484e-06,1.24184629e-06,1.2418462899999998
848,3.43919626e-06,9.84485471,10435.5459926,0.8697027574510501,3.43919626e-06,6.18641568e-07,0.618641568,1.03251484e-06,9.87223709,10464.5713154,0.8721217399645638,1.03251484e-06,1.24184323e-06,1.24184323
849,3.43919626e-06,9.84480828,10435.4967768,0.8696986557857419,3.43919626e-06,6.18637602e-07,0.6186376020000001,1.03251484e-06,9.87221803,10464.551111800001,0.8721200561881095,1.03251484e-06,1.24184035e-06,1.24184035
850,3.43919626e-06,9.84476119,10435.4468614,0.8696944958154776,3.43919626e-06,6.18633728e-07,0.618633728,1.03251484e-06,9.87219897,10464.530908199999,0.8721183724116549,1.03251484e-06,1.24183764e-06,1.2418376400000002
851,3.43919626e-06,9.8447128,10435.395568,0.8696902210021186,3.43919626e-06,6.18629926e-07,0.618629926,1.03251484e-06,9.87217937,10464.5101322,0.8721166409311458,1.03251484e-06,1.2418351e-06,1.2418350999999999
852,3.43919626e-06,9.84466374,10435.3435644,0.8696858870003951,3.43919626e-06,6.18626184e-07,0.618626184,1.03251484e-06,9.87215983,10464.489419799998,0.872114914751087,1.03251484e-06,1.24183274e-06,1.24183274
853,3.43919626e-06,9.84461419,10435.2910414,0.8696815097116588,3.43919626e-06,6.18622517e-07,0.618622517,1.03251484e-06,9.87214059,10464.469025400002,0.8721132150732814,1.03251484e-06,1.24183054e-06,1.24183054
854,3.43919626e-06,9.84456382,10435.237649199998,0.8696770599834318,3.43919626e-06,6.18618933e-07,0.6186189329999999,1.03251484e-06,9.87212163,10464.4489278,0.8721115401309112,1.03251484e-06,1.2418285e-06,1.2418285
855,3.43919626e-06,9.84451229,10435.1830274,0.869672507779828,3.43919626e-06,6.18615427e-07,0.618615427,1.03251484e-06,9.87210284,10464.429010400001,0.8721098802064844,1.03251484e-06,1.24182663e-06,1.24182663
856,3.43919626e-06,9.84445899,10435.1265294,0.8696677992129331,3.43919626e-06,6.18611982e-07,0.618611982,1.03251484e-06,9.87208391,10464.4089446,0.8721082079143394,1.03251484e-06,1.2418249e-06,1.2418249000000001
857,3.43919626e-06,9.84440468,10435.068960800001,0.8696630014217877,3.43919626e-06,6.18608575e-07,0.618608575,1.03251484e-06,9.87206526,10464.3891756,0.8721065603576303,1.03251484e-06,1.24182334e-06,1.24182334
858,3.43919626e-06,9.84435026,10435.0112756,0.8696581939131494,3.43919626e-06,6.18605173e-07,0.6186051730000001,1.03251484e-06,9.87204731,10464.370148599999,0.872104974639511,1.03251484e-06,1.24182192e-06,1.24182192
859,3.43919626e-06,9.84429539,10434.953113399999,0.8696533466511319,3.43919626e-06,6.18601746e-07,0.618601746,1.03251484e-06,9.87202945,10464.351217,0.8721033968720674,1.03251484e-06,1.24182064e-06,1.24182064
860,3.43919626e-06,9.84423847,10434.892778200001,0.8696483182903881,3.43919626e-06,6.18598305e-07,0.618598305,1.03251484e-06,9.87201126,10464.331935600001,0.872101789952146,1.03251484e-06,1.2418195e-06,1.2418194999999999
861,3.43919626e-06,9.84417888,10434.8296128,0.8696430540595951,3.43919626e-06,6.18594888e-07,0.618594888,1.03251484e-06,9.87199307,10464.3126542,0.8721001830322245,1.03251484e-06,1.2418185e-06,1.2418185000000002
862,3.43919626e-06,9.84411878,10434.765906800001,0.8696377447749727,3.43919626e-06,6.1859151e-07,0.61859151,1.03251484e-06,9.87197574,10464.294284399999,0.8720986520854273,1.03251484e-06,1.24181763e-06,1.24181763
863,3.43919626e-06,9.84405879,10434.7023174,0.8696324452078428,3.43919626e-06,6.1858813e-07,0.61858813,1.03251484e-06,9.87195919,10464.2767414,0.8720971900444873,1.03251484e-06,1.24181689e-06,1.24181689
864,3.43919626e-06,9.84399883,10434.6387598,0.8696271482909381,3.43919626e-06,6.18584705e-07,0.618584705,1.03251484e-06,9.8719431,10464.259686,0.8720957686403344,1.03251484e-06,1.24181627e-06,1.2418162700000002
865,3.43919626e-06,9.84393658,10434.572774799999,0.8696216490735045,3.43919626e-06,6.18581227e-07,0.618581227,1.03251484e-06,9.87192665,10464.242249,0.8720943154334786,1.03251484e-06,1.24181577e-06,1.2418157699999999
866,3.43919626e-06,9.84387512,10434.5076272,0.8696162196453366,3.43919626e-06,6.18577713e-07,0.6185777130000001,1.03251484e-06,9.87191084,10464.2254904,0.8720929187647617,1.03251484e-06,1.24181538e-06,1.24181538
867,3.43919626e-06,9.84381539,10434.4443134,0.8696109430468256,3.43919626e-06,6.18574144e-07,0.618574144,1.03251484e-06,9.87189578,10464.2095268,0.8720915883516765,1.03251484e-06,1.2418151e-06,1.2418151
868,3.43919626e-06,9.84375375,10434.378975,0.869605497717306,3.43919626e-06,6.18570515e-07,0.6185705149999999,1.03251484e-06,9.87188193,10464.1948458,0.8720903648310108,1.03251484e-06,1.24181492e-06,1.24181492
869,3.43919626e-06,9.84369389,10434.3155234,0.8696002096344857,3.43919626e-06,6.18566836e-07,0.618566836,1.03251484e-06,9.87186857,10464.1806842,0.8720891845973575,1.03251484e-06,1.24181483e-06,1.2418148299999998
870,3.43919626e-06,9.84362892,10434.2466552,0.8695944701299612,3.43919626e-06,6.18563108e-07,0.618563108,1.03251484e-06,9.87185339,10464.1645934,0.8720878435833713,1.03251484e-06,1.24181485e-06,1.24181485
871,3.43919626e-06,9.84356753,10434.1815818,0.869589046885652,3.43919626e-06,6.1855936e-07,0.61855936,1.03251484e-06,9.87183898,10464.1493188,0.8720865705918337,1.03251484e-06,1.24181495e-06,1.24181495
872,3.43919626e-06,9.8435101,10434.120706,0.8695839734710784,3.43919626e-06,6.18555556e-07,0.618555556,1.03251484e-06,9.87182717,10464.1368002,0.872085527286486,1.03251484e-06,1.24181514e-06,1.24181514
873,3.43919626e-06,9.84345177,10434.058876199999,0.8695788205497467,3.43919626e-06,6.18551683e-07,0.618551683,1.03251484e-06,9.87181539,10464.1243134,0.8720844866313636,1.03251484e-06,1.24181541e-06,1.2418154099999998
874,3.43919626e-06,9.84339192,10433.9954352,0.8695735333503348,3.43919626e-06,6.1854778e-07,0.61854778,1.03251484e-06,9.87180292,10464.1110952,0.8720833850210602,1.03251484e-06,1.24181575e-06,1.24181575
875,3.43919626e-06,9.84333362,10433.9336372,0.8695683830792285,3.43919626e-06,6.18543871e-07,0.618543871,1.03251484e-06,9.87178979,10464.097177399999,0.8720822251058006,1.03251484e-06,1.24181617e-06,1.2418161699999999
876,3.43919626e-06,9.84327759,10433.8742454,0.8695634333418341,3.43919626e-06,6.18539952e-07,0.618539952,1.03251484e-06,9.87177868,10464.0854008,0.8720812436390427,1.03251484e-06,1.24181666e-06,1.24181666
877,3.43919626e-06,9.84322369,10433.8171114,0.8695586717704338,3.43919626e-06,6.18536027e-07,0.618536027,1.03251484e-06,9.87176795,10464.074027,0.8720802957418048,1.03251484e-06,1.24181722e-06,1.24181722
878,3.43919626e-06,9.84317135,10433.761631000001,0.8695540480107478,3.43919626e-06,6.18532099e-07,0.618532099,1.03251484e-06,9.87175639,10464.0617734,0.8720792745216678,1.03251484e-06,1.24181785e-06,1.2418178500000001
879,3.43919626e-06,9.84312157,10433.7088642,0.8695496504036176,3.43919626e-06,6.18528178e-07,0.618528178,1.03251484e-06,9.87174692,10464.051735199999,0.872078437933891,1.03251484e-06,1.24181853e-06,1.24181853
880,3.43919626e-06,9.84307398,10433.6584188,0.8695454462629324,3.43919626e-06,6.1852429e-07,0.61852429,1.03251484e-06,9.87173669,10464.0408914,0.8720775342070743,1.03251484e-06,1.24181927e-06,1.24181927
881,3.43919626e-06,9.84302845,10433.610157000001,0.8695414241043823,3.43919626e-06,6.18520454e-07,0.618520454,1.03251484e-06,9.87172801,10464.0316906,0.8720767674085631,1.03251484e-06,1.24182005e-06,1.24182005
882,3.43919626e-06,9.84298547,10433.5645982,0.8695376272149801,3.43919626e-06,6.18516687e-07,0.618516687,1.03251484e-06,9.87171832,10464.021419199998,0.872075911385801,1.03251484e-06,1.24182089e-06,1.24182089
883,3.43919626e-06,9.84294512,10433.5218272,0.869534062661993,3.43919626e-06,6.18512996e-07,0.618512996,1.03251484e-06,9.87171011,10464.0127166,0.8720751861074858,1.03251484e-06,1.24182177e-06,1.2418217699999998
884,3.43919626e-06,9.84290549,10433.4798194,0.8695305617144123,3.43919626e-06,6.18509399e-07,0.618509399,1.03251484e-06,9.8717012,10464.003272,0.8720743989905809,1.03251484e-06,1.24182269e-06,1.24182269
885,3.43919626e-06,9.84287156,10433.443853600002,0.8695275643096332,3.43919626e-06,6.18505913e-07,0.618505913,1.03251484e-06,9.87169335,10463.994950999999,0.8720737055149687,1.03251484e-06,1.24182366e-06,1.2418236599999999
886,3.43919626e-06,9.84284043,10433.4108558,0.8695248142592121,3.43919626e-06,6.1850254e-07,0.6185025399999999,1.03251484e-06,9.87168653,10463.9877218,0.8720731030304243,1.03251484e-06,1.24182465e-06,1.2418246499999999
887,3.43919626e-06,9.84281225,10433.380985,0.8695223248142759,3.43919626e-06,6.18499309e-07,0.618499309,1.03251484e-06,9.87168033,10463.9811498,0.872072555317202,1.03251484e-06,1.24182567e-06,1.24182567
888,3.43919626e-06,9.84278393,10433.3509658,0.8695198230016219,3.43919626e-06,6.18496247e-07,0.618496247,1.03251484e-06,9.87167231,10463.9726486,0.8720718468236467,1.03251484e-06,1.24182672e-06,1.2418267200000002
889,3.43919626e-06,9.84276152,10433.3272112,0.8695178432833457,3.43919626e-06,6.18493372e-07,0.618493372,1.03251484e-06,9.87166723,10463.9672638,0.8720713980521677,1.03251484e-06,1.2418278e-06,1.2418278
890,3.43919626e-06,9.84274157,10433.3060642,0.8695160808835418,3.43919626e-06,6.18490678e-07,0.618490678,1.03251484e-06,9.87166202,10463.9617412,0.8720709377963795,1.03251484e-06,1.2418289e-06,1.2418289
891,3.43919626e-06,9.84272571,10433.2892526,0.8695146797977829,3.43919626e-06,6.18488179e-07,0.618488179,1.03251484e-06,9.87165753,10463.9569818,0.8720705411459975,1.03251484e-06,1.24183001e-06,1.24183001
892,3.43919626e-06,9.84271186,10433.274571599999,0.8695134562771168,3.43919626e-06,6.18485887e-07,0.6184858870000001,1.03251484e-06,9.87165269,10463.9518514,0.8720701135763206,1.03251484e-06,1.24183112e-06,1.2418311199999998
893,3.43919626e-06,9.84270094,10433.2629964,0.869512491595119,3.43919626e-06,6.18483835e-07,0.618483835,1.03251484e-06,9.87164948,10463.9484488,0.8720698300022168,1.03251484e-06,1.24183225e-06,1.24183225
894,3.43919626e-06,9.84269257,10433.2541242,0.869511752182269,3.43919626e-06,6.18482025e-07,0.618482025,1.03251484e-06,9.87164641,10463.9451946,0.872069558795831,1.03251484e-06,1.24183338e-06,1.24183338
895,3.43919626e-06,9.84268702,10433.248241199999,0.869511261890594,3.43919626e-06,6.18480464e-07,0.618480464,1.03251484e-06,9.87164314,10463.9417284,0.8720692699212766,1.03251484e-06,1.24183451e-06,1.24183451
896,3.43919626e-06,9.84268468,10433.2457608,0.8695110551730231,3.43919626e-06,6.18479152e-07,0.6184791519999999,1.03251484e-06,9.87164118,10463.939650799999,0.8720690967732256,1.03251484e-06,1.24183564e-06,1.2418356400000001
897,3.43919626e-06,9.84268506,10433.2461636,0.8695110887425432,3.43919626e-06,6.18478074e-07,0.618478074,1.03251484e-06,9.87164137,10463.939852200001,0.8720691135579859,1.03251484e-06,1.24183675e-06,1.24183675
898,3.43919626e-06,9.84268926,10433.2506156,0.8695114597740808,3.43919626e-06,6.18477231e-07,0.618477231,1.03251484e-06,9.87164109,10463.9395554,0.87206908882255,1.03251484e-06,1.24183785e-06,1.24183785
899,3.43919626e-06,9.84269565,10433.257389,0.8695120242720632,3.43919626e-06,6.18476675e-07,0.6184766749999999,1.03251484e-06,9.87164051,10463.938940600001,0.8720690375848615,1.03251484e-06,1.24183893e-06,1.2418389300000001
900,3.43919626e-06,9.84270323,10433.2654238,0.8695126938956478,3.43919626e-06,6.18476404e-07,0.618476404,1.03251484e-06,9.87164102,10463.939481200001,0.8720690826386911,1.03251484e-06,1.24183998e-06,1.2418399800000002
901,3.43919626e-06,9.84271163,10433.2743278,0.8695134359587232,3.43919626e-06,6.18476363e-07,0.618476363,1.03251484e-06,9.8716434,10463.942004,0.8720692928898958,1.03251484e-06,1.24184101e-06,1.24184101
902,3.43919626e-06,9.84272334,10433.286740399999,0.8695144704299865,3.43919626e-06,6.18476516e-07,0.618476516,1.03251484e-06,9.87164589,10463.9446434,0.872069512858593,1.03251484e-06,1.241842e-06,1.2418420000000001
903,3.43919626e-06,9.84273941,10433.3037746,0.8695158900673225,3.43919626e-06,6.18476925e-07,0.6184769250000001,1.03251484e-06,9.871648,10463.946880000001,0.8720696992577703,1.03251484e-06,1.24184296e-06,1.24184296
904,3.43919626e-06,9.84275697,10433.3223882,0.8695174413325133,3.43919626e-06,6.18477641e-07,0.618477641,1.03251484e-06,9.87165167,10463.950770200001,0.8720700234686616,1.03251484e-06,1.24184388e-06,1.24184388
905,3.43919626e-06,9.84277456,10433.3410336,0.8695189952479294,3.43919626e-06,6.18478604e-07,0.618478604,1.03251484e-06,9.87165641,10463.9557946,0.8720704422042541,1.03251484e-06,1.24184475e-06,1.24184475
906,3.43919626e-06,9.84279239,10433.3599334,0.8695205703651476,3.43919626e-06,6.1847974e-07,0.61847974,1.03251484e-06,9.87166179,10463.9614974,0.8720709174779856,1.03251484e-06,1.24184557e-06,1.24184557
907,3.43919626e-06,9.84281181,10433.3805186,0.8695222859443054,3.43919626e-06,6.18481023e-07,0.618481023,1.03251484e-06,9.87166751,10463.9675606,0.8720714227876036,1.03251484e-06,1.24184634e-06,1.2418463400000002
908,3.43919626e-06,9.84283319,10433.4031814,0.8695241746715139,3.43919626e-06,6.18482473e-07,0.618482473,1.03251484e-06,9.87167336,10463.9737616,0.8720719395815312,1.03251484e-06,1.24184705e-06,1.2418470499999998
909,3.43919626e-06,9.8428558,10433.427148,0.8695261720579583,3.43919626e-06,6.18484103e-07,0.618484103,1.03251484e-06,9.87167981,10463.9805986,0.872072509379964,1.03251484e-06,1.2418477e-06,1.2418476999999999
910,3.43919626e-06,9.84288152,10433.4544112,0.8695284441844224,3.43919626e-06,6.18485921e-07,0.618485921,1.03251484e-06,9.8716875,10463.98875,0.8720731887210413,1.03251484e-06,1.24184829e-06,1.2418482899999999
911,3.43919626e-06,9.84290518,10433.4794908,0.8695305343287514,3.43919626e-06,6.18487916e-07,0.618487916,1.03251484e-06,9.87169534,10463.997060400001,0.872073881313245,1.03251484e-06,1.24184882e-06,1.24184882
912,3.43919626e-06,9.84292994,10433.505736399999,0.8695327216480067,3.43919626e-06,6.18490019e-07,0.618490019,1.03251484e-06,9.87170396,10464.0061976,0.8720746428113056,1.03251484e-06,1.24184928e-06,1.24184928
913,3.43919626e-06,9.84295337,10433.5305722,0.869534791473942,3.43919626e-06,6.18492211e-07,0.618492211,1.03251484e-06,9.87171232,10464.0150592,0.8720753813407474,1.03251484e-06,1.24184966e-06,1.24184966
914,3.43919626e-06,9.8429772,10433.555832,0.8695368966362141,3.43919626e-06,6.18494461e-07,0.618494461,1.03251484e-06,9.87172088,10464.0241328,0.8720761375383574,1.03251484e-06,1.24184998e-06,1.24184998
915,3.43919626e-06,9.84300419,10433.5844414,0.8695392809555479,3.43919626e-06,6.18496792e-07,0.618496792,1.03251484e-06,9.87173029,10464.0341074,0.8720769688256836,1.03251484e-06,1.24185023e-06,1.24185023
916,3.43919626e-06,9.84302971,10433.6114926,0.8695415354138435,3.43919626e-06,6.18499227e-07,0.618499227,1.03251484e-06,9.87173941,10464.0437746,0.8720777744941655,1.03251484e-06,1.24185041e-06,1.24185041
917,3.43919626e-06,9.84305618,10433.639550799999,0.8695438737959392,3.43919626e-06,6.18501732e-07,0.618501732,1.03251484e-06,9.8717499,10464.054893999999,0.8720787011896011,1.03251484e-06,1.24185051e-06,1.24185051
918,3.43919626e-06,9.84308653,10433.671721800001,0.8695465549405034,3.43919626e-06,6.18504311e-07,0.6185043109999999,1.03251484e-06,9.87176219,10464.0679214,0.872079786898553,1.03251484e-06,1.24185053e-06,1.24185053
919,3.43919626e-06,9.84310895,10433.695486999999,0.8695485355421877,3.43919626e-06,6.18506939e-07,0.618506939,1.03251484e-06,9.87177154,10464.077832399998,0.8720806128854285,1.03251484e-06,1.24185047e-06,1.24185047
920,3.43919626e-06,9.84312866,10433.7163796,0.8695502767401897,3.43919626e-06,6.18509503e-07,0.6185095030000001,1.03251484e-06,9.87177987,10464.0866622,0.8720813487646449,1.03251484e-06,1.24185035e-06,1.24185035
921,3.43919626e-06,9.84315147,10433.740558200001,0.8695522917948026,3.43919626e-06,6.18512018e-07,0.618512018,1.03251484e-06,9.87178894,10464.0962764,0.8720821500160847,1.03251484e-06,1.24185016e-06,1.24185016
922,3.43919626e-06,9.84317961,10433.7703866,0.869554777706105,3.43919626e-06,6.18514565e-07,0.618514565,1.03251484e-06,9.87180082,10464.108869200001,0.8720831995052915,1.03251484e-06,1.24184991e-06,1.24184991
923,3.43919626e-06,9.84320518,10433.7974908,0.8695570365814428,3.43919626e-06,6.18517167e-07,0.618517167,1.03251484e-06,9.87181189,10464.1206034,0.8720841774384157,1.03251484e-06,1.24184957e-06,1.2418495699999998
924,3.43919626e-06,9.84322749,10433.8211394,0.8695590074656346,3.43919626e-06,6.18519755e-07,0.618519755,1.03251484e-06,9.87182196,10464.1312776,0.8720850670306975,1.03251484e-06,1.24184917e-06,1.24184917
925,3.43919626e-06,9.84324876,10433.843685599999,0.8695608864753503,3.43919626e-06,6.1852229e-07,0.6185222899999999,1.03251484e-06,9.8718317,10464.141602,0.8720859274705016,1.03251484e-06,1.24184869e-06,1.2418486899999999
926,3.43919626e-06,9.84326785,10433.863921,0.8695625729020301,3.43919626e-06,6.18524764e-07,0.618524764,1.03251484e-06,9.87184056,10464.1509936,0.8720867101703645,1.03251484e-06,1.24184816e-06,1.24184816
927,3.43919626e-06,9.84328769,10433.884951400001,0.8695643255843415,3.43919626e-06,6.18527175e-07,0.618527175,1.03251484e-06,9.87184898,10464.1599188,0.8720874540002567,1.03251484e-06,1.24184758e-06,1.24184758
928,3.43919626e-06,9.84330892,10433.9074552,0.8695662010604235,3.43919626e-06,6.1852955e-07,0.61852955,1.03251484e-06,9.87185835,10464.169851,0.8720882817539491,1.03251484e-06,1.24184694e-06,1.2418469399999998
929,3.43919626e-06,9.8433272,10433.926832,0.8695678159310207,3.43919626e-06,6.1853189e-07,0.6185318900000001,1.03251484e-06,9.87186629,10464.1782674,0.8720889831802371,1.03251484e-06,1.24184625e-06,1.24184625
930,3.43919626e-06,9.84334612,10433.9468872,0.8695694873397573,3.43919626e-06,6.18534169e-07,0.6185341689999999,1.03251484e-06,9.87187474,10464.1872244,0.8720897296603546,1.03251484e-06,1.24184551e-06,1.24184551
931,3.43919626e-06,9.84336591,10433.9678646,0.8695712356050264,3.43919626e-06,6.18536407e-07,0.618536407,1.03251484e-06,9.87188356,10464.1965736,0.8720905088265837,1.03251484e-06,1.24184473e-06,1.24184473
932,3.43919626e-06,9.8433844,10433.987464,0.8695728690272007,3.43919626e-06,6.18538619e-07,0.618538619,1.03251484e-06,9.87189176,10464.2052656,0.8720912332214905,1.03251484e-06,1.24184389e-06,1.2418438900000002
933,3.43919626e-06,9.84339967,10434.0036502,0.8695742179918627,3.43919626e-06,6.18540787e-07,0.618540787,1.03251484e-06,9.87189752,10464.2113712,0.8720917420647422,1.03251484e-06,1.24184302e-06,1.24184302
934,3.43919626e-06,9.84341399,10434.0188294,0.8695754830327245,3.43919626e-06,6.18542888e-07,0.618542888,1.03251484e-06,9.87190259,10464.2167454,0.8720921899528126,1.03251484e-06,1.24184212e-06,1.24184212
935,3.43919626e-06,9.84342991,10434.035704599999,0.8695768894189339,3.43919626e-06,6.18544934e-07,0.618544934,1.03251484e-06,9.87190861,10464.2231266,0.8720927217646833,1.03251484e-06,1.2418412e-06,1.2418412
936,3.43919626e-06,9.84344517,10434.0518802,0.8695782375001876,3.43919626e-06,6.18546951e-07,0.618546951,1.03251484e-06,9.87191367,10464.2284902,0.8720931687693454,1.03251484e-06,1.24184025e-06,1.24184025
937,3.43919626e-06,9.84346105,10434.068713,0.8695796403527634,3.43919626e-06,6.18548941e-07,0.6185489409999999,1.03251484e-06,9.87191885,10464.233981,0.8720936263749085,1.03251484e-06,1.24183928e-06,1.24183928
938,3.43919626e-06,9.8434754,10434.083924,0.8695809080438505,3.43919626e-06,6.18550909e-07,0.618550909,1.03251484e-06,9.87192293,10464.2383058,0.8720939868055452,1.03251484e-06,1.2418383e-06,1.2418383
939,3.43919626e-06,9.84348867,10434.0979902,0.8695820803268278,3.43919626e-06,6.18552844e-07,0.618552844,1.03251484e-06,9.87192575,10464.241295000002,0.8720942359267206,1.03251484e-06,1.2418373e-06,1.2418372999999998
940,3.43919626e-06,9.84350138,10434.1114628,0.8695832031389334,3.43919626e-06,6.18554747e-07,0.6185547469999999,1.03251484e-06,9.87192772,10464.2433832,0.8720944099581799,1.03251484e-06,1.24183631e-06,1.2418363099999998
941,3.43919626e-06,9.84351416,10434.1250096,0.8695843321348982,3.43919626e-06,6.18556624e-07,0.618556624,1.03251484e-06,9.87192929,10464.245047400002,0.8720945486533024,1.03251484e-06,1.24183532e-06,1.2418353199999999
942,3.43919626e-06,9.84352714,10434.1387684,0.8695854787990313,3.43919626e-06,6.18558484e-07,0.6185584839999999,1.03251484e-06,9.8719305,10464.24633,0.8720946555457214,1.03251484e-06,1.24183433e-06,1.2418343299999999
943,3.43919626e-06,9.84354024,10434.152654399999,0.8695866360640654,3.43919626e-06,6.18560332e-07,0.6185603319999999,1.03251484e-06,9.87193121,10464.247082599999,0.8720947182677193,1.03251484e-06,1.24183335e-06,1.24183335
944,3.43919626e-06,9.84355292,10434.1660952,0.869587756225946,3.43919626e-06,6.1856217e-07,0.61856217,1.03251484e-06,9.87193109,10464.2469554,0.8720947076668184,1.03251484e-06,1.24183239e-06,1.2418323900000001
945,3.43919626e-06,9.84356542,10434.179345199998,0.8695888604864745,3.43919626e-06,6.18563997e-07,0.6185639970000001,1.03251484e-06,9.87193017,10464.245980200001,0.8720946263932435,1.03251484e-06,1.24183145e-06,1.24183145
946,3.43919626e-06,9.84357759,10434.192245400001,0.8695899355945257,3.43919626e-06,6.18565815e-07,0.618565815,1.03251484e-06,9.87192846,10464.2441676,0.8720944753304031,1.03251484e-06,1.24183053e-06,1.2418305299999999
947,3.43919626e-06,9.84358957,10434.2049442,0.8695909939178165,3.43919626e-06,6.18567623e-07,0.618567623,1.03251484e-06,9.87192608,10464.2416448,0.8720942650791984,1.03251484e-06,1.24182964e-06,1.24182964
948,3.43919626e-06,9.84360146,10434.217547600001,0.8695920442904315,3.43919626e-06,6.18569419e-07,0.6185694190000001,1.03251484e-06,9.87192304,10464.2384224,0.8720939965230378,1.03251484e-06,1.24182878e-06,1.2418287799999999
949,3.43919626e-06,9.84361334,10434.230140399999,0.8695930937796379,3.43919626e-06,6.18571201e-07,0.6185712010000001,1.03251484e-06,9.87191927,10464.234426199999,0.8720936634780623,1.03251484e-06,1.24182797e-06,1.24182797
950,3.43919626e-06,9.84362496,10434.2424576,0.8695941203002255,3.43919626e-06,6.18572966e-07,0.618572966,1.03251484e-06,9.87191479,10464.2296774,0.8720932677110889,1.03251484e-06,1.24182719e-06,1.24182719
951,3.43919626e-06,9.84363637,10434.2545522,0.8695951282692362,3.43919626e-06,6.18574709e-07,0.618574709,1.03251484e-06,9.87190963,10464.2242078,0.8720928118723426,1.03251484e-06,1.24182647e-06,1.24182647
952,3.43919626e-06,9.84364769,10434.2665514,0.8695961282875712,3.43919626e-06,6.18576425e-07,0.618576425,1.03251484e-06,9.87190393,10464.2181658,0.8720923083295414,1.03251484e-06,1.24182579e-06,1.24182579
953,3.43919626e-06,9.84365899,10434.2785294,0.8695971265390893,3.43919626e-06,6.18578114e-07,0.618578114,1.03251484e-06,9.87189765,10464.211508999999,0.8720917535490516,1.03251484e-06,1.24182517e-06,1.24182517
954,3.43919626e-06,9.84367019,10434.2904014,0.8695981159565229,3.43919626e-06,6.18579773e-07,0.618579773,1.03251484e-06,9.8718908,10464.204248,0.8720911484142819,1.03251484e-06,1.24182461e-06,1.24182461
955,3.43919626e-06,9.84368125,10434.302125,0.8695990930062389,3.43919626e-06,6.18581397e-07,0.6185813969999999,1.03251484e-06,9.87188325,10464.196245,0.8720904814409225,1.03251484e-06,1.2418241e-06,1.2418241
956,3.43919626e-06,9.84369015,10434.311559,0.8695998792397354,3.43919626e-06,6.18582967e-07,0.618582967,1.03251484e-06,9.87187515,10464.187659,0.8720897658800998,1.03251484e-06,1.24182366e-06,1.2418236599999999
957,3.43919626e-06,9.84370276,10434.3249256,0.8696009932177569,3.43919626e-06,6.18584481e-07,0.6185844810000001,1.03251484e-06,9.87186631,10464.1782886,0.8720889849470539,1.03251484e-06,1.24182329e-06,1.24182329
958,3.43919626e-06,9.84371432,10434.3371792,0.8696020144378939,3.43919626e-06,6.18585982e-07,0.6185859819999999,1.03251484e-06,9.8718572,10464.168632,0.8720881801619805,1.03251484e-06,1.24182299e-06,1.2418229900000002
959,3.43919626e-06,9.84372246,10434.3458076,0.8696027335323503,3.43919626e-06,6.18587428e-07,0.618587428,1.03251484e-06,9.87184798,10464.1588588,0.8720873656594144,1.03251484e-06,1.24182276e-06,1.24182276
960,3.43919626e-06,9.84373234,10434.356280400001,0.8696036063398723,3.43919626e-06,6.18588788e-07,0.618588788,1.03251484e-06,9.87183761,10464.1478666,0.8720864495648797,1.03251484e-06,1.2418226e-06,1.2418225999999999
961,3.43919626e-06,9.8437415,10434.36599,0.8696044155419878,3.43919626e-06,6.18590089e-07,0.618590089,1.03251484e-06,9.87182674,10464.1363444,0.8720854892999238,1.03251484e-06,1.24182253e-06,1.2418225299999999
962,3.43919626e-06,9.84374977,10434.3747562,0.8696051461207537,3.43919626e-06,6.18591319e-07,0.618591319,1.03251484e-06,9.87181564,10464.1245784,0.8720845087165743,1.03251484e-06,1.24182253e-06,1.2418225299999999
963,3.43919626e-06,9.8437573,10434.382738,0.8696058113272962,3.43919626e-06,6.18592464e-07,0.618592464,1.03251484e-06,9.87180404,10464.112282400001,0.8720834839628037,1.03251484e-06,1.24182261e-06,1.24182261
964,3.43919626e-06,9.84376433,10434.3901898,0.8696064323634176,3.43919626e-06,6.1859352e-07,0.61859352,1.03251484e-06,9.87179214,10464.0996684,0.8720824327067801,1.03251484e-06,1.24182278e-06,1.24182278
965,3.43919626e-06,9.84377088,10434.397132799999,0.8696070109959346,3.43919626e-06,6.18594486e-07,0.618594486,1.03251484e-06,9.87178008,10464.086884800001,0.872081367316222,1.03251484e-06,1.24182302e-06,1.24182302
966,3.43919626e-06,9.84377704,10434.4036624,0.8696075551755232,3.43919626e-06,6.18595361e-07,0.618595361,1.03251484e-06,9.87176745,10464.073497,0.8720802515713836,1.03251484e-06,1.24182336e-06,1.24182336
967,3.43919626e-06,9.84378243,10434.4093758,0.8696080313326633,3.43919626e-06,6.18596144e-07,0.618596144,1.03251484e-06,9.87175471,10464.0599926,0.8720791261090526,1.03251484e-06,1.24182377e-06,1.2418237699999999
968,3.43919626e-06,9.84378701,10434.4142306,0.8696084359337211,3.43919626e-06,6.1859683e-07,0.61859683,1.03251484e-06,9.8717417,10464.046202,0.8720779767946942,1.03251484e-06,1.24182428e-06,1.2418242800000001
969,3.43919626e-06,9.8437906,10434.418036000001,0.869608753077345,3.43919626e-06,6.18597415e-07,0.6185974150000001,1.03251484e-06,9.87172846,10464.0321676,0.8720768071619421,1.03251484e-06,1.24182487e-06,1.2418248699999999
970,3.43919626e-06,9.84379329,10434.420887400001,0.8696089907142108,3.43919626e-06,6.18597896e-07,0.618597896,1.03251484e-06,9.871715,10464.0179,0.8720756180942048,1.03251484e-06,1.24182555e-06,1.24182555
971,3.43919626e-06,9.84379533,10434.423049800002,0.8696091709295292,3.43919626e-06,6.18598273e-07,0.6185982729999999,1.03251484e-06,9.87170156,10464.0036536,0.8720744307932842,1.03251484e-06,1.24182631e-06,1.24182631
972,3.43919626e-06,9.84379682,10434.424629199999,0.869609302557384,3.43919626e-06,6.18598549e-07,0.618598549,1.03251484e-06,9.87168825,10463.989545,0.8720732549766731,1.03251484e-06,1.24182715e-06,1.24182715
973,3.43919626e-06,9.8437976,10434.425456,0.8696093714632411,3.43919626e-06,6.18598726e-07,0.618598726,1.03251484e-06,9.87167446,10463.9749276,0.8720720367564577,1.03251484e-06,1.24182808e-06,1.24182808
974,3.43919626e-06,9.84379722,10434.4250532,0.8696093378937211,3.43919626e-06,6.18598801e-07,0.618598801,1.03251484e-06,9.87166017,10463.9597802,0.8720707743658211,1.03251484e-06,1.2418291e-06,1.2418291
975,3.43919626e-06,9.84379557,10434.4233042,0.8696091921313311,3.43919626e-06,6.1859877e-07,0.61859877,1.03251484e-06,9.87164575,10463.944495000002,0.8720695004908752,1.03251484e-06,1.2418302e-06,1.2418301999999999
976,3.43919626e-06,9.84379321,10434.4208026,0.8696089836469433,3.43919626e-06,6.18598635e-07,0.618598635,1.03251484e-06,9.87163209,10463.930015400001,0.8720682937549693,1.03251484e-06,1.24183138e-06,1.24183138
977,3.43919626e-06,9.84378949,10434.4168594,0.86960865501901,3.43919626e-06,6.18598397e-07,0.618598397,1.03251484e-06,9.87161765,10463.914708999999,0.8720670181132062,1.03251484e-06,1.24183265e-06,1.2418326499999999
978,3.43919626e-06,9.84378503,10434.4121318,0.8696082610188532,3.43919626e-06,6.18598054e-07,0.618598054,1.03251484e-06,9.87160306,10463.8992436,0.8720657292203171,1.03251484e-06,1.24183399e-06,1.24183399
979,3.43919626e-06,9.84378093,10434.4077858,0.8696078988213999,3.43919626e-06,6.18597616e-07,0.6185976160000001,1.03251484e-06,9.87158952,10463.884891200001,0.8720645330853124,1.03251484e-06,1.24183542e-06,1.2418354200000001
980,3.43919626e-06,9.84377653,10434.4031218,0.8696075101216937,3.43919626e-06,6.18597101e-07,0.618597101,1.03251484e-06,9.87157657,10463.8711642,0.8720633890714045,1.03251484e-06,1.24183692e-06,1.24183692
981,3.43919626e-06,9.84376968,10434.3958608,0.8696069049869238,3.43919626e-06,6.18596503e-07,0.618596503,1.03251484e-06,9.87156209,10463.8558154,0.8720621098960079,1.03251484e-06,1.2418385e-06,1.2418385
982,3.43919626e-06,9.84376235,10434.388091,0.8696062574485499,3.43919626e-06,6.18595806e-07,0.6185958060000001,1.03251484e-06,9.87154804,10463.8409224,0.8720608687071735,1.03251484e-06,1.24184015e-06,1.24184015
983,3.43919626e-06,9.84375454,10434.3798124,0.8696055675065715,3.43919626e-06,6.18595024e-07,0.618595024,1.03251484e-06,9.87153428,10463.8263368,0.8720596531371834,1.03251484e-06,1.24184187e-06,1.24184187
984,3.43919626e-06,9.84374635,10434.371131,0.869604843995073,3.43919626e-06,6.18594171e-07,0.618594171,1.03251484e-06,9.87152076,10463.812005599999,0.8720584587689953,1.03251484e-06,1.24184367e-06,1.24184367
985,3.43919626e-06,9.84373765,10434.361909,0.8696040754297448,3.43919626e-06,6.18593254e-07,0.618593254,1.03251484e-06,9.87150737,10463.7978122,0.872057275885117,1.03251484e-06,1.24184553e-06,1.24184553
986,3.43919626e-06,9.84372846,10434.3521676,0.8696032635774041,3.43919626e-06,6.18592276e-07,0.618592276,1.03251484e-06,9.87149408,10463.7837248,0.8720561018353227,1.03251484e-06,1.24184746e-06,1.24184746
987,3.43919626e-06,9.84371876,10434.341885599999,0.8696024066712337,3.43919626e-06,6.18591238e-07,0.6185912379999999,1.03251484e-06,9.87148092,10463.7697752,0.872054939269838,1.03251484e-06,1.24184945e-06,1.24184945
988,3.43919626e-06,9.84370878,10434.3313068,0.8696015250296276,3.43919626e-06,6.18590144e-07,0.618590144,1.03251484e-06,9.87146802,10463.7561012,0.8720537996729723,1.03251484e-06,1.24185151e-06,1.24185151
989,3.43919626e-06,9.84369857,10434.320484200001,0.8696006230696277,3.43919626e-06,6.18589006e-07,0.618589006,1.03251484e-06,9.87145539,10463.742713399999,0.8720526839281338,1.03251484e-06,1.24185362e-06,1.24185362
990,3.43919626e-06,9.843688,10434.30928,0.8695996893069244,3.43919626e-06,6.1858783e-07,0.61858783,1.03251484e-06,9.87144282,10463.7293892,0.8720515734837462,1.03251484e-06,1.24185579e-06,1.24185579
991,3.43919626e-06,9.84367717,10434.2978002,0.8695987325756023,3.43919626e-06,6.18586624e-07,0.618586624,1.03251484e-06,9.87143037,10463.716192200001,0.8720504736402596,1.03251484e-06,1.24185802e-06,1.24185802
992,3.43919626e-06,9.84366613,10434.2860978,0.8695977572927033,3.43919626e-06,6.1858539e-07,0.61858539,1.03251484e-06,9.87141803,10463.7031118,0.8720493835142654,1.03251484e-06,1.2418603e-06,1.2418603
993,3.43919626e-06,9.84365499,10434.274289399998,0.8695967731757198,3.43919626e-06,6.18584133e-07,0.618584133,1.03251484e-06,9.87140596,10463.690317600001,0.872048317240299,1.03251484e-06,1.24186263e-06,1.2418626300000002
994,3.43919626e-06,9.84364433,10434.2629898,0.869595831462341,3.43919626e-06,6.18582856e-07,0.618582856,1.03251484e-06,9.87139438,10463.6780428,0.8720472942533449,1.03251484e-06,1.24186501e-06,1.24186501
995,3.43919626e-06,9.84363465,10434.252729,0.8695949763229874,3.43919626e-06,6.18581579e-07,0.618581579,1.03251484e-06,9.87138332,10463.6663192,0.872046317203629,1.03251484e-06,1.24186743e-06,1.2418674299999999
996,3.43919626e-06,9.8436251,10434.242606,0.8695941326679435,3.43919626e-06,6.18580323e-07,0.618580323,1.03251484e-06,9.87137259,10463.6549454,0.8720453693063911,1.03251484e-06,1.2418699e-06,1.2418699
997,3.43919626e-06,9.84361577,10434.2327162,0.8695933084478847,3.43919626e-06,6.18579091e-07,0.618579091,1.03251484e-06,9.87136238,10463.6441228,0.8720444673463912,1.03251484e-06,1.2418724e-06,1.2418723999999999
998,3.43919626e-06,9.84360456,10434.220833599999,0.8695923181470424,3.43919626e-06,6.1857787e-07,0.61857787,1.03251484e-06,9.87135083,10463.631879800001,0.8720434470096626,1.03251484e-06,1.24187494e-06,1.24187494
999,3.43919626e-06,9.84359465,10434.210329,0.8695914426892952,3.43919626e-06,6.18576649e-07,0.618576649,1.03251484e-06,9.87134007,10463.6204742,0.8720424964621994,1.03251484e-06,1.24187752e-06,1.2418775199999998
1000,3.43919626e-06,9.843586,10434.20116,0.8695906785410094,3.43919626e-06,6.18575453e-07,0.6185754529999999,1.03251484e-06,9.87133014,10463.609948399999,0.8720416192376351,1.03251484e-06,1.24188013e-06,1.24188013
1001,3.43919626e-06,9.84357805,10434.192733,0.8695899762313131,3.43919626e-06,6.18574299e-07,0.618574299,1.03251484e-06,9.87132072,10463.5999632,0.8720407870669007,1.03251484e-06,1.24188277e-06,1.2418827700000001
1002,3.43919626e-06,9.84357081,10434.1850586,0.8695893366436147,3.43919626e-06,6.18573192e-07,0.618573192,1.03251484e-06,9.8713116,10463.590296,0.8720399813984189,1.03251484e-06,1.24188544e-06,1.2418854400000001
1003,3.43919626e-06,9.84356357,10434.1773842,0.8695886970559165,3.43919626e-06,6.18572131e-07,0.618572131,1.03251484e-06,9.87130244,10463.5805864,0.8720391721963033,1.03251484e-06,1.24188814e-06,1.2418881400000001
1004,3.43919626e-06,9.84355649,10434.169879399999,0.8695880716027529,3.43919626e-06,6.18571113e-07,0.618571113,1.03251484e-06,9.87129333,10463.5709298,0.87203836741123,1.03251484e-06,1.24189085e-06,1.2418908499999999
1005,3.43919626e-06,9.84355028,10434.163296800001,0.8695875230061223,3.43919626e-06,6.18570142e-07,0.618570142,1.03251484e-06,9.87128478,10463.5618668,0.8720376120970283,1.03251484e-06,1.24189359e-06,1.2418935899999999
1006,3.43919626e-06,9.84354502,10434.157721200001,0.8695870583332918,3.43919626e-06,6.18569227e-07,0.6185692269999999,1.03251484e-06,9.8712765,10463.553090000001,0.8720368806348541,1.03251484e-06,1.24189635e-06,1.24189635
1007,3.43919626e-06,9.84354044,10434.1528664,0.8695866537322339,3.43919626e-06,6.18568373e-07,0.618568373,1.03251484e-06,9.8712686,10463.544716,0.8720361827421999,1.03251484e-06,1.24189912e-06,1.2418991199999998
1008,3.43919626e-06,9.84353641,10434.148594600001,0.8695862977186396,3.43919626e-06,6.18567582e-07,0.6185675820000001,1.03251484e-06,9.87126101,10463.5366706,0.8720355122352067,1.03251484e-06,1.24190191e-06,1.2419019100000002
1009,3.43919626e-06,9.84353272,10434.1446832,0.8695859717409313,3.43919626e-06,6.18566848e-07,0.6185668480000001,1.03251484e-06,9.87125379,10463.5290174,0.8720348744143253,1.03251484e-06,1.2419047e-06,1.2419047
1010,3.43919626e-06,9.84353029,10434.1421074,0.8695857570726846,3.43919626e-06,6.18566172e-07,0.618566172,1.03251484e-06,9.87124697,10463.5217882,0.8720342719297807,1.03251484e-06,1.24190751e-06,1.24190751
1011,3.43919626e-06,9.84352978,10434.1415668,0.869585712018855,3.43919626e-06,6.18565566e-07,0.618565566,1.03251484e-06,9.8712409,10463.515354,0.8720337357008678,1.03251484e-06,1.24191032e-06,1.2419103200000001
1012,3.43919626e-06,9.84352908,10434.140824799999,0.8695856501802652,3.43919626e-06,6.1856504e-07,0.61856504,1.03251484e-06,9.87123485,10463.508941,0.872033201238772,1.03251484e-06,1.24191313e-06,1.24191313
1013,3.43919626e-06,9.84352808,10434.1397648,0.869585561839423,3.43919626e-06,6.18564578e-07,0.6185645780000001,1.03251484e-06,9.87122885,10463.502580999999,0.8720326711937181,1.03251484e-06,1.24191594e-06,1.24191594
1014,3.43919626e-06,9.84352718,10434.138810800001,0.8695854823326651,3.43919626e-06,6.18564166e-07,0.618564166,1.03251484e-06,9.87122289,10463.4962634,0.8720321446822981,1.03251484e-06,1.24191875e-06,1.24191875
1015,3.43919626e-06,9.84352679,10434.1383974,0.8695854478797365,3.43919626e-06,6.18563804e-07,0.618563804,1.03251484e-06,9.87121688,10463.4898928,0.8720316137538358,1.03251484e-06,1.24192156e-06,1.24192156
1016,3.43919626e-06,9.84352994,10434.141736399999,0.8695857261533897,3.43919626e-06,6.18563504e-07,0.6185635039999999,1.03251484e-06,9.87121281,10463.485578599999,0.8720312542066075,1.03251484e-06,1.24192436e-06,1.24192436
1017,3.43919626e-06,9.84353281,10434.144778599999,0.8695859796916071,3.43919626e-06,6.18563279e-07,0.618563279,1.03251484e-06,9.8712089,10463.481434,0.8720309087939141,1.03251484e-06,1.24192715e-06,1.24192715
1018,3.43919626e-06,9.84353565,10434.147789,0.8695862305795994,3.43919626e-06,6.18563116e-07,0.618563116,1.03251484e-06,9.87120499,10463.477289400002,0.8720305633812209,1.03251484e-06,1.24192993e-06,1.24192993
1019,3.43919626e-06,9.84353667,10434.1488702,0.8695863206872585,3.43919626e-06,6.18562998e-07,0.618562998,1.03251484e-06,9.8712003,10463.472318,0.8720301490626704,1.03251484e-06,1.24193269e-06,1.2419326899999998
1020,3.43919626e-06,9.84354134,10434.153820399999,0.8695867332389919,3.43919626e-06,6.18562921e-07,0.618562921,1.03251484e-06,9.87119722,10463.4690532,0.872029876972876,1.03251484e-06,1.24193545e-06,1.24193545
1021,3.43919626e-06,9.84354616,10434.1589296,0.8695871590418519,3.43919626e-06,6.18562902e-07,0.618562902,1.03251484e-06,9.8711944,10463.466064,0.8720296278517008,1.03251484e-06,1.24193818e-06,1.24193818
1022,3.43919626e-06,9.84354992,10434.162915199999,0.8695874912034188,3.43919626e-06,6.18562931e-07,0.618562931,1.03251484e-06,9.87119162,10463.463117199999,0.872029382264159,1.03251484e-06,1.24194089e-06,1.24194089
1023,3.43919626e-06,9.8435544,10434.167664,0.8695878869703926,3.43919626e-06,6.18563002e-07,0.618563002,1.03251484e-06,9.87118891,10463.4602446,0.8720291428604766,1.03251484e-06,1.24194359e-06,1.24194359
1024,3.43919626e-06,9.84356015,10434.173759,0.8695883949302358,3.43919626e-06,6.18563112e-07,0.618563112,1.03251484e-06,9.8711871,10463.458326,0.8720289829635519,1.03251484e-06,1.24194625e-06,1.24194625
1025,3.43919626e-06,9.84356509,10434.1789954,0.8695888313339967,3.43919626e-06,6.1856326e-07,0.6185632600000001,1.03251484e-06,9.87118517,10463.4562802,0.8720288124657263,1.03251484e-06,1.24194889e-06,1.24194889
1026,3.43919626e-06,9.84357092,10434.1851752,0.8695893463611074,3.43919626e-06,6.1856344e-07,0.6185634400000001,1.03251484e-06,9.87118389,10463.454923399999,0.872028699389448,1.03251484e-06,1.24195151e-06,1.24195151
1027,3.43919626e-06,9.84357752,10434.1921712,0.8695899294106666,3.43919626e-06,6.18563656e-07,0.618563656,1.03251484e-06,9.87118316,10463.454149599998,0.8720286349006331,1.03251484e-06,1.24195409e-06,1.2419540900000001
1028,3.43919626e-06,9.84358463,10434.1997078,0.8695905575140555,3.43919626e-06,6.18563905e-07,0.618563905,1.03251484e-06,9.87118294,10463.4539164,0.8720286154656479,1.03251484e-06,1.24195665e-06,1.24195665
1029,3.43919626e-06,9.84359015,10434.205559,0.8695910451555049,3.43919626e-06,6.18564183e-07,0.6185641829999999,1.03251484e-06,9.87118203,10463.4529518,0.8720285350754814,1.03251484e-06,1.24195916e-06,1.24195916
1030,3.43919626e-06,9.84359556,10434.211293600001,0.8695915230794619,3.43919626e-06,6.1856448e-07,0.61856448,1.03251484e-06,9.87118153,10463.452421799999,0.8720284909050602,1.03251484e-06,1.24196164e-06,1.24196164
1031,3.43919626e-06,9.84360228,10434.2184168,0.8695921167299221,3.43919626e-06,6.18564797e-07,0.618564797,1.03251484e-06,9.8711819,10463.452814,0.872028523591172,1.03251484e-06,1.24196409e-06,1.2419640900000002
1032,3.43919626e-06,9.84360923,10434.2257838,0.8695927306987762,3.43919626e-06,6.18565136e-07,0.6185651360000001,1.03251484e-06,9.87118262,10463.453577200002,0.8720285871965786,1.03251484e-06,1.2419665e-06,1.2419665
1033,3.43919626e-06,9.84361647,10434.2334582,0.8695933702864744,3.43919626e-06,6.18565495e-07,0.618565495,1.03251484e-06,9.87118368,10463.454700799999,0.8720286808378712,1.03251484e-06,1.24196887e-06,1.24196887
1034,3.43919626e-06,9.84362325,10434.240645,0.8695939692373852,3.43919626e-06,6.18565872e-07,0.618565872,1.03251484e-06,9.87118486,10463.455951599999,0.8720287850800651,1.03251484e-06,1.2419712e-06,1.2419712
1035,3.43919626e-06,9.84362932,10434.2470792,0.869594505466298,3.43919626e-06,6.18566263e-07,0.6185662630000001,1.03251484e-06,9.87118617,10463.457340199999,0.8720289008065685,1.03251484e-06,1.24197348e-06,1.24197348
1036,3.43919626e-06,9.84363583,10434.2539798,0.8695950805651814,3.43919626e-06,6.18566665e-07,0.618566665,1.03251484e-06,9.87118759,10463.4588454,0.8720290262505647,1.03251484e-06,1.24197572e-06,1.24197572
1037,3.43919626e-06,9.84364168,10434.2601808,0.8695955973591089,3.43919626e-06,6.18567076e-07,0.618567076,1.03251484e-06,9.87118933,10463.4606898,0.8720291799636303,1.03251484e-06,1.24197792e-06,1.24197792
1038,3.43919626e-06,9.84364861,10434.2675266,0.8695962095611461,3.43919626e-06,6.18567497e-07,0.618567497,1.03251484e-06,9.87119159,10463.4630854,0.8720293796139339,1.03251484e-06,1.24198008e-06,1.24198008
1039,3.43919626e-06,9.84365509,10434.2743954,0.8695967820098042,3.43919626e-06,6.18567928e-07,0.618567928,1.03251484e-06,9.87119387,10463.4655022,0.8720295810310544,1.03251484e-06,1.24198218e-06,1.2419821800000002
1040,3.43919626e-06,9.84366108,10434.2807448,0.8695973111714497,3.43919626e-06,6.18568366e-07,0.618568366,1.03251484e-06,9.87119648,10463.4682688,0.8720298116006527,1.03251484e-06,1.24198424e-06,1.2419842399999999
1041,3.43919626e-06,9.84366729,10434.287327400001,0.8695978597680805,3.43919626e-06,6.18568808e-07,0.618568808,1.03251484e-06,9.87119934,10463.4713004,0.8720300642554618,1.03251484e-06,1.24198625e-06,1.24198625
1042,3.43919626e-06,9.843674,10434.29444,0.8695984525351321,3.43919626e-06,6.18569256e-07,0.618569256,1.03251484e-06,9.87120243,10463.4745758,0.8720303372286645,1.03251484e-06,1.24198821e-06,1.24198821
1043,3.43919626e-06,9.84367979,10434.3005774,0.869598964028609,3.43919626e-06,6.1856971e-07,0.61856971,1.03251484e-06,9.87120547,10463.4777982,0.872030605784825,1.03251484e-06,1.24199012e-06,1.24199012
1044,3.43919626e-06,9.84368508,10434.3061848,0.869599431351665,3.43919626e-06,6.18570165e-07,0.618570165,1.03251484e-06,9.87120857,10463.4810842,0.8720308796414362,1.03251484e-06,1.24199199e-06,1.24199199
1045,3.43919626e-06,9.84369063,10434.3120678,0.8695999216433397,3.43919626e-06,6.18570619e-07,0.618570619,1.03251484e-06,9.87121179,10463.4844974,0.8720311640989485,1.03251484e-06,1.2419938e-06,1.2419938000000001
1046,3.43919626e-06,9.84369561,10434.317346599999,0.8696003615807343,3.43919626e-06,6.18571073e-07,0.618571073,1.03251484e-06,9.87121536,10463.4882816,0.8720314794757555,1.03251484e-06,1.24199556e-06,1.2419955599999999
1047,3.43919626e-06,9.84370122,10434.3232932,0.8696008571728596,3.43919626e-06,6.18571526e-07,0.6185715260000001,1.03251484e-06,9.87121912,10463.4922672,0.8720318116373225,1.03251484e-06,1.24199728e-06,1.24199728
1048,3.43919626e-06,9.84370701,10434.329430599999,0.8696013686663365,3.43919626e-06,6.18571979e-07,0.6185719789999999,1.03251484e-06,9.87122289,10463.4962634,0.8720321446822981,1.03251484e-06,1.24199894e-06,1.24199894
1049,3.43919626e-06,9.84371272,10434.335483199999,0.8696018730925461,3.43919626e-06,6.18572433e-07,0.6185724330000001,1.03251484e-06,9.87122673,10463.5003338,0.8720324839111325,1.03251484e-06,1.24200056e-06,1.2420005600000001
1050,3.43919626e-06,9.84371761,10434.340666600001,0.8696023050792652,3.43919626e-06,6.18572886e-07,0.618572886,1.03251484e-06,9.87123054,10463.5043724,0.8720328204897417,1.03251484e-06,1.24200212e-06,1.24200212
1051,3.43919626e-06,9.84372235,10434.345691,0.8696027238148577,3.43919626e-06,6.18573333e-07,0.6185733330000001,1.03251484e-06,9.87123434,10463.508400400002,0.8720331561849426,1.03251484e-06,1.24200364e-06,1.24200364
1052,3.43919626e-06,9.84372697,10434.3505882,0.8696031319495492,3.43919626e-06,6.18573776e-07,0.6185737760000001,1.03251484e-06,9.87123833,10463.512629800001,0.8720335086649034,1.03251484e-06,1.24200511e-06,1.24200511
1053,3.43919626e-06,9.84373197,10434.3558882,0.8696035736537606,3.43919626e-06,6.18574214e-07,0.618574214,1.03251484e-06,9.87124238,10463.5169228,0.8720338664453146,1.03251484e-06,1.24200653e-06,1.2420065299999998
1054,3.43919626e-06,9.84373712,10434.3613472,0.8696040286090985,3.43919626e-06,6.1857465e-07,0.61857465,1.03251484e-06,9.87124636,10463.5211416,0.872034218041867,1.03251484e-06,1.2420079e-06,1.2420079
1055,3.43919626e-06,9.8437422,10434.366731999999,0.8696044773805772,3.43919626e-06,6.18575082e-07,0.618575082,1.03251484e-06,9.87125029,10463.525307400001,0.8720345652213772,1.03251484e-06,1.24200923e-06,1.2420092299999999
1056,3.43919626e-06,9.84374698,10434.3717988,0.8696048996498037,3.43919626e-06,6.1857551e-07,0.61857551,1.03251484e-06,9.87125423,10463.529483799999,0.8720349132842958,1.03251484e-06,1.24201051e-06,1.2420105099999998
1057,3.43919626e-06,9.84375166,10434.3767596,0.8696053130849456,3.43919626e-06,6.18575932e-07,0.618575932,1.03251484e-06,9.87125805,10463.533533,0.8720352507463135,1.03251484e-06,1.24201175e-06,1.24201175
1058,3.43919626e-06,9.84375608,10434.381444800001,0.8696057035514687,3.43919626e-06,6.18576347e-07,0.618576347,1.03251484e-06,9.87126196,10463.5376776,0.8720355961590068,1.03251484e-06,1.24201294e-06,1.2420129400000002
1059,3.43919626e-06,9.84376072,10434.386363200001,0.869606113452977,3.43919626e-06,6.18576758e-07,0.618576758,1.03251484e-06,9.87126583,10463.5417798,0.8720359380380666,1.03251484e-06,1.24201409e-06,1.24201409
1060,3.43919626e-06,9.84376566,10434.391599600001,0.869606549856738,3.43919626e-06,6.18577163e-07,0.618577163,1.03251484e-06,9.8712695,10463.54567,0.8720362622489578,1.03251484e-06,1.2420152e-06,1.2420152
1061,3.43919626e-06,9.84377083,10434.397079800001,0.8696070065788927,3.43919626e-06,6.18577565e-07,0.618577565,1.03251484e-06,9.87127302,10463.5494012,0.8720365732087227,1.03251484e-06,1.24201627e-06,1.2420162700000001
1062,3.43919626e-06,9.84377548,10434.4020088,0.8696074173638093,3.43919626e-06,6.18577962e-07,0.618577962,1.03251484e-06,9.87127655,10463.553143,0.872036885051896,1.03251484e-06,1.2420173e-06,1.2420173
1063,3.43919626e-06,9.84377987,10434.406662200001,0.869607805180107,3.43919626e-06,6.18578352e-07,0.618578352,1.03251484e-06,9.87128008,10463.5568848,0.8720371968950694,1.03251484e-06,1.2420183e-06,1.2420183
1064,3.43919626e-06,9.84378456,10434.411633599999,0.8696082194986573,3.43919626e-06,6.18578737e-07,0.6185787370000001,1.03251484e-06,9.87128346,10463.5604676,0.8720374954871165,1.03251484e-06,1.24201925e-06,1.24201925
1065,3.43919626e-06,9.8437895,10434.41687,0.8696086559024183,3.43919626e-06,6.18579118e-07,0.618579118,1.03251484e-06,9.87128666,10463.5638596,0.8720377781778119,1.03251484e-06,1.24202017e-06,1.24202017
1066,3.43919626e-06,9.84379469,10434.4223714,0.86960911439139,3.43919626e-06,6.18579496e-07,0.6185794960000001,1.03251484e-06,9.87128961,10463.566986599999,0.8720380387832966,1.03251484e-06,1.24202106e-06,1.2420210600000001
1067,3.43919626e-06,9.8437994,10434.427364,0.8696095304767572,3.43919626e-06,6.18579869e-07,0.6185798690000001,1.03251484e-06,9.87129254,10463.570092400001,0.8720382976219646,1.03251484e-06,1.24202192e-06,1.24202192
1068,3.43919626e-06,9.84380399,10434.4322294,0.8696099359612234,3.43919626e-06,6.18580238e-07,0.618580238,1.03251484e-06,9.87129536,10463.5730816,0.8720385467431399,1.03251484e-06,1.24202275e-06,1.24202275
1069,3.43919626e-06,9.84380874,10434.4372644,0.8696103555802243,3.43919626e-06,6.18580602e-07,0.6185806020000001,1.03251484e-06,9.87129806,10463.5759436,0.8720387852634142,1.03251484e-06,1.24202354e-06,1.24202354
1070,3.43919626e-06,9.84381367,10434.4424902,0.8696107911005768,3.43919626e-06,6.18580963e-07,0.618580963,1.03251484e-06,9.87130059,10463.578625400001,0.8720390087657452,1.03251484e-06,1.24202431e-06,1.24202431
1071,3.43919626e-06,9.84381862,10434.4477372,0.8696112283877463,3.43919626e-06,6.18581322e-07,0.618581322,1.03251484e-06,9.87130291,10463.5810846,0.8720392137164993,1.03251484e-06,1.24202506e-06,1.24202506
1072,3.43919626e-06,9.8438234,10434.452804,0.8696116506569725,3.43919626e-06,6.18581677e-07,0.618581677,1.03251484e-06,9.87130512,10463.583427200001,0.8720394089497608,1.03251484e-06,1.24202578e-06,1.24202578
1073,3.43919626e-06,9.84382805,10434.457733000001,0.8696120614418894,3.43919626e-06,6.18582028e-07,0.6185820280000001,1.03251484e-06,9.87130718,10463.5856108,0.872039590931896,1.03251484e-06,1.24202647e-06,1.24202647
1074,3.43919626e-06,9.84383268,10434.4626408,0.8696124704599891,3.43919626e-06,6.18582375e-07,0.618582375,1.03251484e-06,9.87130908,10463.5876248,0.8720397587794964,1.03251484e-06,1.24202715e-06,1.24202715
1075,3.43919626e-06,9.84383731,10434.4675486,0.869612879478089,3.43919626e-06,6.18582719e-07,0.618582719,1.03251484e-06,9.87131085,10463.589501,0.8720399151427872,1.03251484e-06,1.2420278e-06,1.2420278
1076,3.43919626e-06,9.84384192,10434.4724352,0.869613286729372,3.43919626e-06,6.18583059e-07,0.618583059,1.03251484e-06,9.87131249,10463.591239399999,0.8720400600217685,1.03251484e-06,1.24202843e-06,1.24202843
1077,3.43919626e-06,9.84384642,10434.4772052,0.8696136842631624,3.43919626e-06,6.18583396e-07,0.618583396,1.03251484e-06,9.871314,10463.59284,0.8720401934164403,1.03251484e-06,1.24202905e-06,1.24202905
1078,3.43919626e-06,9.84385073,10434.4817738,0.8696140650121927,3.43919626e-06,6.18583729e-07,0.618583729,1.03251484e-06,9.87131532,10463.594239200002,0.8720403100263524,1.03251484e-06,1.24202965e-06,1.2420296499999999
1079,3.43919626e-06,9.84385512,10434.486427200001,0.8696144528284906,3.43919626e-06,6.18584057e-07,0.618584057,1.03251484e-06,9.87131645,10463.595437,0.8720404098515041,1.03251484e-06,1.24203024e-06,1.2420302399999998
1080,3.43919626e-06,9.84385909,10434.490635400001,0.8696148035416346,3.43919626e-06,6.18584379e-07,0.618584379,1.03251484e-06,9.87131752,10463.5965712,0.8720405043762053,1.03251484e-06,1.24203081e-06,1.2420308100000002
1081,3.43919626e-06,9.84386291,10434.4946846,0.869615141003652,3.43919626e-06,6.18584696e-07,0.618584696,1.03251484e-06,9.87131844,10463.5975464,0.8720405856497803,1.03251484e-06,1.24203136e-06,1.24203136
1082,3.43919626e-06,9.84386671,10434.4987126,0.8696154766988528,3.43919626e-06,6.18585008e-07,0.618585008,1.03251484e-06,9.87131923,10463.5983838,0.8720406554390456,1.03251484e-06,1.24203191e-06,1.2420319100000001
1083,3.43919626e-06,9.84387043,10434.5026558,0.8696158053267862,3.43919626e-06,6.18585312e-07,0.618585312,1.03251484e-06,9.87131989,10463.5990834,0.8720407137440016,1.03251484e-06,1.24203244e-06,1.24203244
1084,3.43919626e-06,9.84387391,10434.506344599999,0.8696161127529173,3.43919626e-06,6.18585607e-07,0.618585607,1.03251484e-06,9.87132043,10463.5996558,0.8720407614480565,1.03251484e-06,1.24203297e-06,1.2420329700000001
1085,3.43919626e-06,9.84387704,10434.5096624,0.8696163892597537,3.43919626e-06,6.18585892e-07,0.6185858919999999,1.03251484e-06,9.87132085,10463.600101,0.8720407985512102,1.03251484e-06,1.24203348e-06,1.2420334800000001
1086,3.43919626e-06,9.84387994,10434.5127364,0.8696166454481965,3.43919626e-06,6.18586168e-07,0.618586168,1.03251484e-06,9.87132118,10463.6004508,0.8720408277036882,1.03251484e-06,1.24203399e-06,1.24203399
1087,3.43919626e-06,9.84388269,10434.5156514,0.8696168883855128,3.43919626e-06,6.18586433e-07,0.618586433,1.03251484e-06,9.87132142,10463.600705199999,0.8720408489054902,1.03251484e-06,1.24203449e-06,1.24203449
1088,3.43919626e-06,9.84388527,10434.5183862,0.8696171163048859,3.43919626e-06,6.18586686e-07,0.618586686,1.03251484e-06,9.87132158,10463.6008748,0.8720408630400251,1.03251484e-06,1.24203499e-06,1.24203499
1089,3.43919626e-06,9.84388759,10434.5208454,0.8696173212556402,3.43919626e-06,6.18586924e-07,0.618586924,1.03251484e-06,9.87132163,10463.6009278,0.8720408674570672,1.03251484e-06,1.24203547e-06,1.24203547
1090,3.43919626e-06,9.84388925,10434.522605,0.8696174679014383,3.43919626e-06,6.18587149e-07,0.618587149,1.03251484e-06,9.87132153,10463.600821799999,0.8720408586229829,1.03251484e-06,1.24203596e-06,1.24203596
1091,3.43919626e-06,9.84389081,10434.5242586,0.8696176057131524,3.43919626e-06,6.1858736e-07,0.61858736,1.03251484e-06,9.87132134,10463.6006204,0.872040841838223,1.03251484e-06,1.24203644e-06,1.24203644
1092,3.43919626e-06,9.84389232,10434.525859200001,0.8696177391078243,3.43919626e-06,6.18587554e-07,0.618587554,1.03251484e-06,9.87132122,10463.6004932,0.8720408312373218,1.03251484e-06,1.24203691e-06,1.24203691
1093,3.43919626e-06,9.84389356,10434.5271736,0.8696178486504687,3.43919626e-06,6.1858773e-07,0.61858773,1.03251484e-06,9.87132098,10463.6002388,0.8720408100355197,1.03251484e-06,1.24203738e-06,1.24203738
1094,3.43919626e-06,9.84389445,10434.528117,0.8696179272738183,3.43919626e-06,6.18587885e-07,0.618587885,1.03251484e-06,9.87132071,10463.599952600001,0.8720407861834925,1.03251484e-06,1.24203785e-06,1.24203785
1095,3.43919626e-06,9.8438953,10434.529018,0.8696180023635343,3.43919626e-06,6.18588018e-07,0.6185880180000001,1.03251484e-06,9.87132042,10463.5996452,0.8720407605646481,1.03251484e-06,1.24203831e-06,1.24203831
1096,3.43919626e-06,9.84389555,10434.529283,0.8696180244487448,3.43919626e-06,6.1858813e-07,0.61858813,1.03251484e-06,9.87131998,10463.599178800001,0.8720407216946775,1.03251484e-06,1.24203878e-06,1.24203878
1097,3.43919626e-06,9.84389523,10434.5289438,0.8696179961796753,3.43919626e-06,6.1858822e-07,0.61858822,1.03251484e-06,9.87131945,10463.598617,0.8720406748740309,1.03251484e-06,1.24203924e-06,1.24203924
1098,3.43919626e-06,9.84389456,10434.5282336,0.869617936991311,3.43919626e-06,6.18588291e-07,0.618588291,1.03251484e-06,9.87131888,10463.598012800001,0.872040624519751,1.03251484e-06,1.2420397e-06,1.2420396999999999
1099,3.43919626e-06,9.84389383,10434.527459800001,0.8696178725024962,3.43919626e-06,6.18588339e-07,0.6185883390000001,1.03251484e-06,9.87131831,10463.597408599999,0.8720405741654706,1.03251484e-06,1.24204015e-06,1.24204015
1100,3.43919626e-06,9.84389296,10434.5265376,0.8696177956459633,3.43919626e-06,6.18588364e-07,0.6185883640000001,1.03251484e-06,9.87131773,10463.5967938,0.8720405229277822,1.03251484e-06,1.24204061e-06,1.24204061
1101,3.43919626e-06,9.84389195,10434.525467,0.8696177064217125,3.43919626e-06,6.18588363e-07,0.618588363,1.03251484e-06,9.87131714,10463.596168400001,0.8720404708066853,1.03251484e-06,1.24204107e-06,1.24204107
1102,3.43919626e-06,9.8438905,10434.523930000001,0.8696175783274913,3.43919626e-06,6.18588336e-07,0.6185883360000001,1.03251484e-06,9.87131651,10463.5955006,0.8720404151519546,1.03251484e-06,1.24204152e-06,1.24204152
1103,3.43919626e-06,9.8438888,10434.522128,0.8696174281480593,3.43919626e-06,6.18588285e-07,0.618588285,1.03251484e-06,9.87131587,10463.5948222,0.8720403586138156,1.03251484e-06,1.24204198e-06,1.24204198
1104,3.43919626e-06,9.84388676,10434.5199656,0.869617247932741,3.43919626e-06,6.18588208e-07,0.618588208,1.03251484e-06,9.87131518,10463.5940908,0.8720402976586343,1.03251484e-06,1.24204243e-06,1.2420424300000001
1105,3.43919626e-06,9.84388437,10434.5174322,0.8696170367981279,3.43919626e-06,6.18588108e-07,0.618588108,1.03251484e-06,9.87131443,10463.5932958,0.8720402314030026,1.03251484e-06,1.24204289e-06,1.24204289
1106,3.43919626e-06,9.8438819,10434.514814,0.8696168185962474,3.43919626e-06,6.18587984e-07,0.618587984,1.03251484e-06,9.87131367,10463.592490199999,0.8720401642639624,1.03251484e-06,1.24204334e-06,1.24204334
1107,3.43919626e-06,9.84387933,10434.5120898,0.8696165915602827,3.43919626e-06,6.18587835e-07,0.618587835,1.03251484e-06,9.87131292,10463.591695199999,0.8720400980083306,1.03251484e-06,1.24204379e-06,1.2420437899999999
1108,3.43919626e-06,9.84387657,10434.5091642,0.869616347739558,3.43919626e-06,6.18587662e-07,0.618587662,1.03251484e-06,9.87131218,10463.5909108,0.8720400326361074,1.03251484e-06,1.24204425e-06,1.24204425
1109,3.43919626e-06,9.84387358,10434.5059948,0.8696160836004394,3.43919626e-06,6.18587465e-07,0.6185874650000001,1.03251484e-06,9.87131143,10463.5901158,0.8720399663804757,1.03251484e-06,1.2420447e-06,1.2420447000000001
1110,3.43919626e-06,9.84387037,10434.502592199999,0.8696158000263355,3.43919626e-06,6.18587246e-07,0.618587246,1.03251484e-06,9.87131066,10463.5892996,0.8720398983580272,1.03251484e-06,1.24204515e-06,1.24204515
1111,3.43919626e-06,9.843867,10434.49902,0.869615502317697,3.43919626e-06,6.18587006e-07,0.6185870059999999,1.03251484e-06,9.87130986,10463.5884516,0.8720398276853534,1.03251484e-06,1.24204561e-06,1.24204561
1112,3.43919626e-06,9.84386353,10434.4953418,0.8696151957749743,3.43919626e-06,6.18586746e-07,0.618586746,1.03251484e-06,9.87130904,10463.5875824,0.8720397552458625,1.03251484e-06,1.24204606e-06,1.2420460599999998
1113,3.43919626e-06,9.84385998,10434.4915788,0.8696148821649841,3.43919626e-06,6.18586466e-07,0.618586466,1.03251484e-06,9.87130821,10463.5867026,0.8720396819229634,1.03251484e-06,1.24204651e-06,1.24204651
1114,3.43919626e-06,9.84385634,10434.4877204,0.8696145606043181,3.43919626e-06,6.18586168e-07,0.618586168,1.03251484e-06,9.87130738,10463.5858228,0.8720396086000644,1.03251484e-06,1.24204697e-06,1.24204697
1115,3.43919626e-06,9.8438526,10434.483756,0.8696142302095679,3.43919626e-06,6.18585853e-07,0.618585853,1.03251484e-06,9.87130655,10463.584943,0.8720395352771653,1.03251484e-06,1.24204742e-06,1.24204742
1116,3.43919626e-06,9.84384881,10434.479738600001,0.8696138953977756,3.43919626e-06,6.18585523e-07,0.618585523,1.03251484e-06,9.87130571,10463.5840526,0.8720394610708576,1.03251484e-06,1.24204788e-06,1.2420478799999999
1117,3.43919626e-06,9.84384499,10434.475689399998,0.8696135579357578,3.43919626e-06,6.18585179e-07,0.618585179,1.03251484e-06,9.87130488,10463.583172800001,0.8720393877479587,1.03251484e-06,1.24204833e-06,1.2420483299999998
1118,3.43919626e-06,9.84384116,10434.4716296,0.8696132195903319,3.43919626e-06,6.18584822e-07,0.618584822,1.03251484e-06,9.87130403,10463.5822718,0.8720393126582426,1.03251484e-06,1.24204879e-06,1.2420487900000001
1119,3.43919626e-06,9.84383732,10434.4675592,0.8696128803614974,3.43919626e-06,6.18584455e-07,0.618584455,1.03251484e-06,9.87130319,10463.581381400001,0.8720392384519352,1.03251484e-06,1.24204924e-06,1.24204924
1120,3.43919626e-06,9.84383349,10434.463499399999,0.8696125420160713,3.43919626e-06,6.18584078e-07,0.618584078,1.03251484e-06,9.87130234,10463.5804804,0.8720391633622191,1.03251484e-06,1.2420497e-06,1.2420497
1121,3.43919626e-06,9.84382965,10434.459429,0.8696122027872369,3.43919626e-06,6.18583694e-07,0.618583694,1.03251484e-06,9.87130149,10463.5795794,0.8720390882725032,1.03251484e-06,1.24205015e-06,1.2420501499999999
1122,3.43919626e-06,9.8438257,10434.455242,0.8696118538409099,3.43919626e-06,6.18583303e-07,0.618583303,1.03251484e-06,9.87130052,10463.5785512,0.8720390025818862,1.03251484e-06,1.24205061e-06,1.24205061
1123,3.43919626e-06,9.84382208,10434.4514048,0.8696115340470607,3.43919626e-06,6.18582908e-07,0.618582908,1.03251484e-06,9.87129972,10463.5777032,0.8720389319092123,1.03251484e-06,1.24205107e-06,1.24205107
1124,3.43919626e-06,9.8438185,10434.44761,0.8696112177868451,3.43919626e-06,6.18582511e-07,0.618582511,1.03251484e-06,9.87129893,10463.5768658,0.8720388621199469,1.03251484e-06,1.24205152e-06,1.24205152
1125,3.43919626e-06,9.84381497,10434.4438682,0.869610905943672,3.43919626e-06,6.18582113e-07,0.618582113,1.03251484e-06,9.87129815,10463.576039,0.8720387932140898,1.03251484e-06,1.24205198e-06,1.24205198
1126,3.43919626e-06,9.84381127,10434.4399462,0.8696105790825553,3.43919626e-06,6.18581715e-07,0.618581715,1.03251484e-06,9.87129722,10463.5750532,0.8720387110571066,1.03251484e-06,1.24205244e-06,1.24205244
1127,3.43919626e-06,9.84380791,10434.436384600001,0.8696102822573254,3.43919626e-06,6.18581318e-07,0.6185813179999999,1.03251484e-06,9.87129644,10463.5742264,0.8720386421512496,1.03251484e-06,1.24205289e-06,1.2420528899999999
1128,3.43919626e-06,9.84380463,10434.4329078,0.8696099924993624,3.43919626e-06,6.18580925e-07,0.6185809250000001,1.03251484e-06,9.87129564,10463.5733784,0.8720385714785758,1.03251484e-06,1.24205335e-06,1.24205335
1129,3.43919626e-06,9.84380124,10434.4293144,0.8696096930239071,3.43919626e-06,6.18580537e-07,0.618580537,1.03251484e-06,9.87129471,10463.572392600001,0.8720384893215924,1.03251484e-06,1.2420538e-06,1.2420538
1130,3.43919626e-06,9.84379822,10434.4261132,0.8696094262345633,3.43919626e-06,6.18580155e-07,0.618580155,1.03251484e-06,9.87129399,10463.5716294,0.8720384257161858,1.03251484e-06,1.24205426e-06,1.24205426
1131,3.43919626e-06,9.84379529,10434.423007399999,0.8696091673958952,3.43919626e-06,6.18579782e-07,0.6185797820000001,1.03251484e-06,9.8712933,10463.570898,0.8720383647610047,1.03251484e-06,1.24205472e-06,1.24205472
1132,3.43919626e-06,9.84379224,10434.419774400001,0.8696088979563265,3.43919626e-06,6.18579416e-07,0.618579416,1.03251484e-06,9.87129246,10463.5700076,0.8720382905546972,1.03251484e-06,1.24205517e-06,1.24205517
1133,3.43919626e-06,9.84378957,10434.4169442,0.8696086620862774,3.43919626e-06,6.18579059e-07,0.6185790590000001,1.03251484e-06,9.87129181,10463.5693186,0.8720382331331498,1.03251484e-06,1.24205562e-06,1.2420556200000001
1134,3.43919626e-06,9.84378698,10434.414198800001,0.8696084332834959,3.43919626e-06,6.18578714e-07,0.618578714,1.03251484e-06,9.87129115,10463.568619,0.8720381748281937,1.03251484e-06,1.24205608e-06,1.24205608
1135,3.43919626e-06,9.84378427,10434.411326200001,0.8696081938798133,3.43919626e-06,6.18578381e-07,0.6185783810000001,1.03251484e-06,9.87129035,10463.567771,0.87203810415552,1.03251484e-06,1.24205653e-06,1.24205653
1136,3.43919626e-06,9.84378194,10434.4088564,0.8696079880456505,3.43919626e-06,6.18578059e-07,0.6185780590000001,1.03251484e-06,9.87128977,10463.5671562,0.8720380529178314,1.03251484e-06,1.24205698e-06,1.2420569799999999
1137,3.43919626e-06,9.84377968,10434.4064608,0.869607788395347,3.43919626e-06,6.18577751e-07,0.618577751,1.03251484e-06,9.87128921,10463.5665626,0.8720380034469598,1.03251484e-06,1.24205743e-06,1.24205743
1138,3.43919626e-06,9.84377751,10434.404160600001,0.8696075966957193,3.43919626e-06,6.18577457e-07,0.618577457,1.03251484e-06,9.87128869,10463.5660114,0.8720379575097217,1.03251484e-06,1.24205788e-06,1.24205788
1139,3.43919626e-06,9.84377543,10434.401955800002,0.8696074129467674,3.43919626e-06,6.18577177e-07,0.618577177,1.03251484e-06,9.8712882,10463.565492,0.8720379142227089,1.03251484e-06,1.24205832e-06,1.24205832
1140,3.43919626e-06,9.84377331,10434.3997086,0.8696072256641815,3.43919626e-06,6.1857691e-07,0.61857691,1.03251484e-06,9.8712876,10463.564856,0.8720378612182037,1.03251484e-06,1.24205876e-06,1.2420587600000002
1141,3.43919626e-06,9.84377147,10434.3977582,0.8696070631170317,3.43919626e-06,6.18576658e-07,0.6185766580000001,1.03251484e-06,9.87128717,10463.5644002,0.8720378232316415,1.03251484e-06,1.2420592e-06,1.2420592
1142,3.43919626e-06,9.84376968,10434.3958608,0.8696069049869238,3.43919626e-06,6.1857642e-07,0.61857642,1.03251484e-06,9.8712868,10463.564008,0.8720377905455297,1.03251484e-06,1.24205964e-06,1.2420596400000001
1143,3.43919626e-06,9.84376794,10434.3940164,0.8696067512738582,3.43919626e-06,6.18576198e-07,0.6185761980000001,1.03251484e-06,9.87128648,10463.5636688,0.8720377622764601,1.03251484e-06,1.24206007e-06,1.24206007
1144,3.43919626e-06,9.84376652,10434.392511200002,0.8696066258298624,3.43919626e-06,6.1857599e-07,0.6185759900000001,1.03251484e-06,9.87128632,10463.5634992,0.8720377481419254,1.03251484e-06,1.2420605e-06,1.2420605
1145,3.43919626e-06,9.84376519,10434.391101399999,0.8696065083365419,3.43919626e-06,6.18575799e-07,0.6185757989999999,1.03251484e-06,9.87128621,10463.5633826,0.8720377384244328,1.03251484e-06,1.24206093e-06,1.24206093
1146,3.43919626e-06,9.84376375,10434.389575000001,0.8696063811257292,3.43919626e-06,6.18575622e-07,0.6185756219999999,1.03251484e-06,9.87128605,10463.563213,0.872037724289898,1.03251484e-06,1.24206135e-06,1.24206135
1147,3.43919626e-06,9.8437622,10434.387932,0.8696062441974235,3.43919626e-06,6.18575459e-07,0.618575459,1.03251484e-06,9.87128586,10463.563011600001,0.8720377075051381,1.03251484e-06,1.24206176e-06,1.24206176
1148,3.43919626e-06,9.8437606,10434.386236,0.8696061028520758,3.43919626e-06,6.18575309e-07,0.618575309,1.03251484e-06,9.87128572,10463.562863199999,0.8720376951374199,1.03251484e-06,1.24206217e-06,1.2420621699999999
1149,3.43919626e-06,9.84375933,10434.3848898,0.8696059906592061,3.43919626e-06,6.1857517e-07,0.6185751700000001,1.03251484e-06,9.87128576,10463.5629056,0.8720376986710537,1.03251484e-06,1.24206258e-06,1.24206258
1150,3.43919626e-06,9.84375841,10434.3839146,0.8696059093856311,3.43919626e-06,6.18575046e-07,0.618575046,1.03251484e-06,9.871286,10463.56316,0.8720377198728558,1.03251484e-06,1.24206298e-06,1.2420629799999998
1151,3.43919626e-06,9.84375761,10434.383066600001,0.8696058387129574,3.43919626e-06,6.18574935e-07,0.618574935,1.03251484e-06,9.87128631,10463.5634886,0.872037747258517,1.03251484e-06,1.24206337e-06,1.24206337
1152,3.43919626e-06,9.84375652,10434.3819112,0.8696057424214392,3.43919626e-06,6.18574838e-07,0.618574838,1.03251484e-06,9.87128658,10463.563774799999,0.8720377711105444,1.03251484e-06,1.24206375e-06,1.24206375
1153,3.43919626e-06,9.84375522,10434.380533200001,0.8696056275783443,3.43919626e-06,6.18574752e-07,0.618574752,1.03251484e-06,9.87128683,10463.564039800001,0.8720377931957551,1.03251484e-06,1.24206413e-06,1.2420641300000002
1154,3.43919626e-06,9.84375397,10434.3792082,0.8696055171522913,3.43919626e-06,6.18574674e-07,0.618574674,1.03251484e-06,9.87128714,10463.5643684,0.8720378205814162,1.03251484e-06,1.2420645e-06,1.2420645
1155,3.43919626e-06,9.84375302,10434.3782012,0.869605433228491,3.43919626e-06,6.18574606e-07,0.618574606,1.03251484e-06,9.87128759,10463.5648454,0.8720378603347951,1.03251484e-06,1.24206486e-06,1.24206486
1156,3.43919626e-06,9.84375229,10434.377427399999,0.8696053687396761,3.43919626e-06,6.18574548e-07,0.618574548,1.03251484e-06,9.87128818,10463.5654708,0.8720379124558921,1.03251484e-06,1.24206522e-06,1.24206522
1157,3.43919626e-06,9.84375132,10434.3763992,0.8696052830490593,3.43919626e-06,6.18574499e-07,0.618574499,1.03251484e-06,9.87128879,10463.5661174,0.8720379663438059,1.03251484e-06,1.24206556e-06,1.24206556
1158,3.43919626e-06,9.84375025,10434.375264999999,0.8696051885243579,3.43919626e-06,6.18574459e-07,0.618574459,1.03251484e-06,9.87128944,10463.5668064,0.8720380237653534,1.03251484e-06,1.2420659e-06,1.2420658999999998
1159,3.43919626e-06,9.84374926,10434.374215599999,0.869605101066924,3.43919626e-06,6.18574424e-07,0.618574424,1.03251484e-06,9.87129015,10463.567559000001,0.8720380864873516,1.03251484e-06,1.24206623e-06,1.24206623
1160,3.43919626e-06,9.8437485,10434.37341,0.8696050339278839,3.43919626e-06,6.18574397e-07,0.6185743969999999,1.03251484e-06,9.87129098,10463.568438799999,0.8720381598102505,1.03251484e-06,1.24206654e-06,1.2420665400000002
1161,3.43919626e-06,9.84374764,10434.3724984,0.8696049579547596,3.43919626e-06,6.18574376e-07,0.618574376,1.03251484e-06,9.87129183,10463.5693398,0.8720382348999666,1.03251484e-06,1.24206685e-06,1.24206685
1162,3.43919626e-06,9.84374678,10434.3715868,0.8696048819816351,3.43919626e-06,6.18574361e-07,0.618574361,1.03251484e-06,9.87129276,10463.5703256,0.8720383170569499,1.03251484e-06,1.24206715e-06,1.24206715
1163,3.43919626e-06,9.84374586,10434.370611600001,0.8696048007080603,3.43919626e-06,6.18574351e-07,0.618574351,1.03251484e-06,9.87129373,10463.5713538,0.8720384027475669,1.03251484e-06,1.24206743e-06,1.2420674299999999
1164,3.43919626e-06,9.84374493,10434.3696258,0.8696047185510769,3.43919626e-06,6.18574344e-07,0.618574344,1.03251484e-06,9.87129475,10463.572435,0.872038492855226,1.03251484e-06,1.24206771e-06,1.24206771
1165,3.43919626e-06,9.84374405,10434.368693,0.8696046408111356,3.43919626e-06,6.18574342e-07,0.6185743419999999,1.03251484e-06,9.87129581,10463.5735586,0.8720385864965189,1.03251484e-06,1.24206797e-06,1.24206797
1166,3.43919626e-06,9.84374322,10434.3678132,0.8696045674882366,3.43919626e-06,6.18574343e-07,0.618574343,1.03251484e-06,9.87129694,10463.574756400001,0.8720386863216708,1.03251484e-06,1.24206823e-06,1.24206823
1167,3.43919626e-06,9.84374239,10434.366933399999,0.8696044941653374,3.43919626e-06,6.18574346e-07,0.618574346,1.03251484e-06,9.87129812,10463.576007200001,0.8720387905638647,1.03251484e-06,1.24206847e-06,1.24206847
1168,3.43919626e-06,9.84374156,10434.3660536,0.8696044208424384,3.43919626e-06,6.18574353e-07,0.6185743530000001,1.03251484e-06,9.87129935,10463.577311,0.8720388992231006,1.03251484e-06,1.2420687e-06,1.2420687000000001
1169,3.43919626e-06,9.8437407,10434.365142,0.8696043448693139,3.43919626e-06,6.18574362e-07,0.6185743619999999,1.03251484e-06,9.8713006,10463.578636,0.8720390096491536,1.03251484e-06,1.24206891e-06,1.24206891
1170,3.43919626e-06,9.84373985,10434.364241000001,0.869604269779598,3.43919626e-06,6.18574372e-07,0.618574372,1.03251484e-06,9.87130189,10463.5800034,0.8720391236088402,1.03251484e-06,1.24206912e-06,1.24206912
1171,3.43919626e-06,9.84373901,10434.3633506,0.8696041955732905,3.43919626e-06,6.18574384e-07,0.6185743840000001,1.03251484e-06,9.87130319,10463.581381400001,0.8720392384519352,1.03251484e-06,1.24206932e-06,1.24206932
1172,3.43919626e-06,9.8437382,10434.362492,0.8696041240172082,3.43919626e-06,6.18574398e-07,0.618574398,1.03251484e-06,9.87130453,10463.5828018,0.8720393568286637,1.03251484e-06,1.2420695e-06,1.2420695
1173,3.43919626e-06,9.84373741,10434.3616546,0.8696040542279427,3.43919626e-06,6.18574412e-07,0.6185744120000001,1.03251484e-06,9.8713059,10463.584254,0.8720394778556178,1.03251484e-06,1.24206967e-06,1.24206967
1174,3.43919626e-06,9.84373662,10434.3608172,0.8696039844386774,3.43919626e-06,6.18574428e-07,0.618574428,1.03251484e-06,9.87130729,10463.5857274,0.8720396006493887,1.03251484e-06,1.24206983e-06,1.24206983
1175,3.43919626e-06,9.84373585,10434.360001,0.8696039164162287,3.43919626e-06,6.18574444e-07,0.6185744440000001,1.03251484e-06,9.8713087,10463.587222,0.8720397252099762,1.03251484e-06,1.24206997e-06,1.24206997
1176,3.43919626e-06,9.84373509,10434.359195399998,0.8696038492771885,3.43919626e-06,6.18574461e-07,0.618574461,1.03251484e-06,9.87131011,10463.5887166,0.8720398497705638,1.03251484e-06,1.24207011e-06,1.24207011
1177,3.43919626e-06,9.84373435,10434.358411,0.8696037839049652,3.43919626e-06,6.18574479e-07,0.618574479,1.03251484e-06,9.87131154,10463.5902324,0.8720399760979684,1.03251484e-06,1.24207023e-06,1.24207023
1178,3.43919626e-06,9.84373363,10434.3576478,0.8696037202995588,3.43919626e-06,6.18574498e-07,0.618574498,1.03251484e-06,9.87131296,10463.5917376,0.8720401015419644,1.03251484e-06,1.24207035e-06,1.2420703499999999
1179,3.43919626e-06,9.84373293,10434.3569058,0.8696036584609692,3.43919626e-06,6.18574517e-07,0.618574517,1.03251484e-06,9.87131439,10463.5932534,0.872040227869369,1.03251484e-06,1.24207045e-06,1.2420704500000002
1180,3.43919626e-06,9.84373224,10434.3561744,0.869603597505788,3.43919626e-06,6.18574537e-07,0.618574537,1.03251484e-06,9.87131581,10463.5947586,0.872040353313365,1.03251484e-06,1.24207054e-06,1.24207054
1181,3.43919626e-06,9.84373158,10434.3554748,0.8696035392008321,3.43919626e-06,6.18574557e-07,0.6185745570000001,1.03251484e-06,9.87131723,10463.5962638,0.8720404787573611,1.03251484e-06,1.24207062e-06,1.24207062
1182,3.43919626e-06,9.84373094,10434.3547964,0.869603482662693,3.43919626e-06,6.18574578e-07,0.618574578,1.03251484e-06,9.87131863,10463.597747799999,0.8720406024345402,1.03251484e-06,1.24207069e-06,1.2420706899999998
1183,3.43919626e-06,9.84373035,10434.354170999999,0.869603430541596,3.43919626e-06,6.18574599e-07,0.618574599,1.03251484e-06,9.87132005,10463.599253,0.8720407278785364,1.03251484e-06,1.24207074e-06,1.2420707400000002
1184,3.43919626e-06,9.84372976,10434.3535456,0.8696033784204992,3.43919626e-06,6.18574622e-07,0.618574622,1.03251484e-06,9.87132143,10463.6007158,0.8720408497888987,1.03251484e-06,1.24207079e-06,1.24207079
1185,3.43919626e-06,9.84372914,10434.3528884,0.8696033236491769,3.43919626e-06,6.18574645e-07,0.618574645,1.03251484e-06,9.87132277,10463.602136200001,0.8720409681656275,1.03251484e-06,1.24207083e-06,1.24207083
1186,3.43919626e-06,9.84372857,10434.3522842,0.8696032732948967,3.43919626e-06,6.18574668e-07,0.618574668,1.03251484e-06,9.87132409,10463.6035354,0.8720410847755392,1.03251484e-06,1.24207086e-06,1.2420708599999999
1187,3.43919626e-06,9.84372801,10434.351690599999,0.869603223824025,3.43919626e-06,6.18574693e-07,0.618574693,1.03251484e-06,9.8713254,10463.604924,0.8720412005020427,1.03251484e-06,1.24207088e-06,1.24207088
1188,3.43919626e-06,9.84372748,10434.3511288,0.8696031770033787,3.43919626e-06,6.18574718e-07,0.618574718,1.03251484e-06,9.87132668,10463.606280799999,0.8720413135783207,1.03251484e-06,1.24207089e-06,1.24207089
1189,3.43919626e-06,9.84372696,10434.3505776,0.8696031310661406,3.43919626e-06,6.18574743e-07,0.6185747429999999,1.03251484e-06,9.87132793,10463.6076058,0.8720414240043737,1.03251484e-06,1.24207089e-06,1.24207089
1190,3.43919626e-06,9.84372645,10434.350037,0.8696030860123111,3.43919626e-06,6.18574769e-07,0.618574769,1.03251484e-06,9.87132915,10463.608898999999,0.8720415317802013,1.03251484e-06,1.24207088e-06,1.24207088
1191,3.43919626e-06,9.84372595,10434.349506999999,0.8696030418418899,3.43919626e-06,6.18574796e-07,0.6185747960000001,1.03251484e-06,9.87133033,10463.610149799999,0.8720416360223952,1.03251484e-06,1.24207087e-06,1.2420708699999998
1192,3.43919626e-06,9.84372545,10434.348977000001,0.8696029976714689,3.43919626e-06,6.18574823e-07,0.618574823,1.03251484e-06,9.87133147,10463.6113582,0.8720417367309555,1.03251484e-06,1.24207085e-06,1.2420708500000002
1193,3.43919626e-06,9.84372496,10434.3484576,0.869602954384456,3.43919626e-06,6.18574851e-07,0.618574851,1.03251484e-06,9.87133258,10463.6125348,0.8720418347892905,1.03251484e-06,1.24207082e-06,1.24207082
1194,3.43919626e-06,9.84372446,10434.3479276,0.8696029102140349,3.43919626e-06,6.18574878e-07,0.618574878,1.03251484e-06,9.87133364,10463.6136584,0.8720419284305833,1.03251484e-06,1.24207078e-06,1.24207078
1195,3.43919626e-06,9.843724,10434.34744,0.8696028695772474,3.43919626e-06,6.18574906e-07,0.618574906,1.03251484e-06,9.87133468,10463.614760800001,0.8720420203050594,1.03251484e-06,1.24207074e-06,1.2420707400000002
1196,3.43919626e-06,9.8437235,10434.34691,0.8696028254068263,3.43919626e-06,6.18574934e-07,0.618574934,1.03251484e-06,9.87133567,10463.6158102,0.8720421077624932,1.03251484e-06,1.24207069e-06,1.2420706899999998
1197,3.43919626e-06,9.84372297,10434.3463482,0.86960277858618,3.43919626e-06,6.18574962e-07,0.6185749620000001,1.03251484e-06,9.8713366,10463.616795999998,0.8720421899194764,1.03251484e-06,1.24207064e-06,1.24207064
1198,3.43919626e-06,9.84372255,10434.345903000001,0.8696027414830262,3.43919626e-06,6.18574989e-07,0.618574989,1.03251484e-06,9.87133744,10463.617686399999,0.872042264125784,1.03251484e-06,1.24207058e-06,1.24207058
1199,3.43919626e-06,9.84372181,10434.3451186,0.8696026761108028,3.43919626e-06,6.18575016e-07,0.618575016,1.03251484e-06,9.87133831,10463.6186086,0.8720423409823168,1.03251484e-06,1.24207052e-06,1.24207052
1200,3.43919626e-06,9.84372126,10434.344535600001,0.8696026275233396,3.43919626e-06,6.18575041e-07,0.6185750409999999,1.03251484e-06,9.87133908,10463.619424800001,0.8720424090047655,1.03251484e-06,1.24207045e-06,1.2420704500000002
1201,3.43919626e-06,9.84372066,10434.3438996,0.8696025745188342,3.43919626e-06,6.18575064e-07,0.618575064,1.03251484e-06,9.87133982,10463.620209199998,0.8720424743769886,1.03251484e-06,1.24207038e-06,1.2420703800000001
1202,3.43919626e-06,9.84372001,10434.3432106,0.8696025170972866,3.43919626e-06,6.18575086e-07,0.618575086,1.03251484e-06,9.87134052,10463.6209512,0.8720425362155784,1.03251484e-06,1.24207031e-06,1.2420703100000001
1203,3.43919626e-06,9.84371933,10434.342489800001,0.869602457025514,3.43919626e-06,6.18575107e-07,0.618575107,1.03251484e-06,9.87134119,10463.6216614,0.8720425954039427,1.03251484e-06,1.24207023e-06,1.24207023
1204,3.43919626e-06,9.84371863,10434.3417478,0.8696023951869242,3.43919626e-06,6.18575124e-07,0.6185751239999999,1.03251484e-06,9.87134179,10463.622297400001,0.8720426484084481,1.03251484e-06,1.24207015e-06,1.24207015
1205,3.43919626e-06,9.84371791,10434.340984600001,0.8696023315815179,3.43919626e-06,6.18575139e-07,0.618575139,1.03251484e-06,9.87134234,10463.6228804,0.8720426969959114,1.03251484e-06,1.24207006e-06,1.2420700599999999
1206,3.43919626e-06,9.84371714,10434.3401684,0.8696022635590692,3.43919626e-06,6.18575151e-07,0.6185751509999999,1.03251484e-06,9.87134284,10463.623410400001,0.8720427411663326,1.03251484e-06,1.24206998e-06,1.2420699800000001
1207,3.43919626e-06,9.84371632,10434.3392992,0.8696021911195786,3.43919626e-06,6.18575159e-07,0.618575159,1.03251484e-06,9.87134328,10463.6238768,0.8720427800363031,1.03251484e-06,1.24206989e-06,1.24206989
1208,3.43919626e-06,9.84371543,10434.338355799999,0.8696021124962288,3.43919626e-06,6.18575164e-07,0.618575164,1.03251484e-06,9.87134368,10463.6243008,0.8720428153726401,1.03251484e-06,1.2420698e-06,1.2420698000000001
1209,3.43919626e-06,9.84371449,10434.3373594,0.8696020294558372,3.43919626e-06,6.18575165e-07,0.618575165,1.03251484e-06,9.87134403,10463.6246718,0.8720428462919348,1.03251484e-06,1.24206971e-06,1.24206971
1210,3.43919626e-06,9.8437135,10434.33631,0.8696019419984032,3.43919626e-06,6.18575162e-07,0.618575162,1.03251484e-06,9.87134433,10463.624989799999,0.8720428727941875,1.03251484e-06,1.24206962e-06,1.24206962
1211,3.43919626e-06,9.84371245,10434.335197,0.8696018492405189,3.43919626e-06,6.18575154e-07,0.618575154,1.03251484e-06,9.87134456,10463.625233600002,0.8720428931125814,1.03251484e-06,1.24206954e-06,1.24206954
1212,3.43919626e-06,9.84371135,10434.334031,0.8696017520655923,3.43919626e-06,6.1857514e-07,0.61857514,1.03251484e-06,9.87134474,10463.6254244,0.8720429090139328,1.03251484e-06,1.24206945e-06,1.24206945
1213,3.43919626e-06,9.8437102,10434.332812,0.8696016504736237,3.43919626e-06,6.18575121e-07,0.618575121,1.03251484e-06,9.87134488,10463.625572800001,0.872042921381651,1.03251484e-06,1.24206936e-06,1.24206936
1214,3.43919626e-06,9.84370901,10434.3315506,0.8696015453480213,3.43919626e-06,6.18575097e-07,0.618575097,1.03251484e-06,9.87134498,10463.6256788,0.872042930215735,1.03251484e-06,1.24206927e-06,1.24206927
1215,3.43919626e-06,9.84370777,10434.3302362,0.8696014358053767,3.43919626e-06,6.18575066e-07,0.618575066,1.03251484e-06,9.87134504,10463.6257424,0.8720429355161855,1.03251484e-06,1.24206918e-06,1.2420691799999999
1216,3.43919626e-06,9.84370615,10434.328518999999,0.8696012926932122,3.43919626e-06,6.18575028e-07,0.6185750280000001,1.03251484e-06,9.871345,10463.6257,0.8720429319825519,1.03251484e-06,1.2420691e-06,1.2420691000000001
1217,3.43919626e-06,9.84370492,10434.3272152,0.8696011840339763,3.43919626e-06,6.18574982e-07,0.6185749819999999,1.03251484e-06,9.87134488,10463.625572800001,0.872042921381651,1.03251484e-06,1.24206901e-06,1.24206901
1218,3.43919626e-06,9.84370347,10434.325678199999,0.8696010559397548,3.43919626e-06,6.18574931e-07,0.618574931,1.03251484e-06,9.87134481,10463.6254986,0.8720429151977919,1.03251484e-06,1.24206893e-06,1.24206893
1219,3.43919626e-06,9.84370206,10434.3241836,0.8696009313791673,3.43919626e-06,6.18574873e-07,0.618574873,1.03251484e-06,9.87134472,10463.6254032,0.872042907247116,1.03251484e-06,1.24206886e-06,1.24206886
1220,3.43919626e-06,9.8437006,10434.322636,0.8696008024015376,3.43919626e-06,6.18574809e-07,0.618574809,1.03251484e-06,9.87134456,10463.625233600002,0.8720428931125814,1.03251484e-06,1.24206878e-06,1.2420687799999999
1221,3.43919626e-06,9.84369907,10434.321014199999,0.8696006672400487,3.43919626e-06,6.18574739e-07,0.618574739,1.03251484e-06,9.87134432,10463.6249792,0.8720428719107791,1.03251484e-06,1.24206871e-06,1.2420687099999999
1222,3.43919626e-06,9.84369742,10434.3192652,0.869600521477659,3.43919626e-06,6.18574661e-07,0.618574661,1.03251484e-06,9.87134403,10463.6246718,0.8720428462919348,1.03251484e-06,1.24206864e-06,1.24206864
1223,3.43919626e-06,9.84369566,10434.3173996,0.8696003659977766,3.43919626e-06,6.18574576e-07,0.618574576,1.03251484e-06,9.87134366,10463.6242796,0.8720428136058233,1.03251484e-06,1.24206857e-06,1.24206857
1224,3.43919626e-06,9.84369384,10434.3154704,0.8696002052174436,3.43919626e-06,6.18574484e-07,0.6185744839999999,1.03251484e-06,9.87134325,10463.623845,0.8720427773860778,1.03251484e-06,1.24206851e-06,1.24206851
1225,3.43919626e-06,9.84369199,10434.3135094,0.8696000417868853,3.43919626e-06,6.18574383e-07,0.618574383,1.03251484e-06,9.87134279,10463.6233574,0.8720427367492903,1.03251484e-06,1.24206845e-06,1.24206845
1226,3.43919626e-06,9.84369017,10434.311580200001,0.8695998810065524,3.43919626e-06,6.18574276e-07,0.6185742759999999,1.03251484e-06,9.87134232,10463.6228592,0.8720426952290946,1.03251484e-06,1.2420684e-06,1.2420684000000002
1227,3.43919626e-06,9.84368833,10434.3096298,0.8695997184594024,3.43919626e-06,6.18574163e-07,0.618574163,1.03251484e-06,9.87134183,10463.6223398,0.8720426519420817,1.03251484e-06,1.24206835e-06,1.2420683499999998
1228,3.43919626e-06,9.84368646,10434.3076476,0.8695995532620273,3.43919626e-06,6.18574043e-07,0.618574043,1.03251484e-06,9.87134131,10463.6217886,0.8720426060048437,1.03251484e-06,1.2420683e-06,1.2420683
1229,3.43919626e-06,9.84368453,10434.3056018,0.8695993827642017,3.43919626e-06,6.18573917e-07,0.6185739170000001,1.03251484e-06,9.87134073,10463.6211738,0.8720425547671553,1.03251484e-06,1.24206826e-06,1.24206826
1230,3.43919626e-06,9.84368254,10434.3034924,0.8695992069659255,3.43919626e-06,6.18573784e-07,0.618573784,1.03251484e-06,9.8713401,10463.620506,0.8720424991124245,1.03251484e-06,1.24206823e-06,1.24206823
1231,3.43919626e-06,9.8436805,10434.30133,0.8695990267506072,3.43919626e-06,6.18573645e-07,0.618573645,1.03251484e-06,9.87133942,10463.6197852,0.8720424390406518,1.03251484e-06,1.2420682e-06,1.2420682
1232,3.43919626e-06,9.84367842,10434.2991252,0.8695988430016551,3.43919626e-06,6.185735e-07,0.6185735,1.03251484e-06,9.87133868,10463.6190008,0.8720423736684285,1.03251484e-06,1.24206818e-06,1.24206818
1233,3.43919626e-06,9.84367637,10434.2969522,0.8695986619029284,3.43919626e-06,6.18573349e-07,0.6185733489999999,1.03251484e-06,9.87133795,10463.618226999999,0.8720423091796136,1.03251484e-06,1.24206816e-06,1.24206816
1234,3.43919626e-06,9.84367432,10434.2947792,0.8695984808042017,3.43919626e-06,6.18573194e-07,0.618573194,1.03251484e-06,9.87133721,10463.6174426,0.8720422438073903,1.03251484e-06,1.24206815e-06,1.24206815
1235,3.43919626e-06,9.84367227,10434.2926062,0.8695982997054751,3.43919626e-06,6.18573034e-07,0.618573034,1.03251484e-06,9.87133645,10463.616637,0.8720421766683502,1.03251484e-06,1.24206814e-06,1.24206814
1236,3.43919626e-06,9.84367017,10434.2903802,0.8695981141897061,3.43919626e-06,6.18572869e-07,0.6185728690000001,1.03251484e-06,9.87133563,10463.6157678,0.8720421042288595,1.03251484e-06,1.24206814e-06,1.24206814
1237,3.43919626e-06,9.84366804,10434.288122400001,0.8695979260237121,3.43919626e-06,6.185727e-07,0.6185727,1.03251484e-06,9.87133478,10463.6148668,0.8720420291391435,1.03251484e-06,1.24206815e-06,1.24206815
1238,3.43919626e-06,9.84366589,10434.2858434,0.8695977360909012,3.43919626e-06,6.18572528e-07,0.618572528,1.03251484e-06,9.87133389,10463.6139234,0.8720419505157939,1.03251484e-06,1.24206816e-06,1.24206816
1239,3.43919626e-06,9.84366373,10434.2835538,0.8695975452746817,3.43919626e-06,6.18572352e-07,0.6185723519999999,1.03251484e-06,9.87133298,10463.6129588,0.8720418701256274,1.03251484e-06,1.24206818e-06,1.24206818
1240,3.43919626e-06,9.84366159,10434.2812854,0.8695973562252792,3.43919626e-06,6.18572173e-07,0.618572173,1.03251484e-06,9.87133207,10463.611994199999,0.8720417897354608,1.03251484e-06,1.2420682e-06,1.2420682
1241,3.43919626e-06,9.84365947,10434.2790382,0.8695971689426936,3.43919626e-06,6.18571991e-07,0.618571991,1.03251484e-06,9.87133116,10463.6110296,0.8720417093452945,1.03251484e-06,1.24206823e-06,1.24206823
1242,3.43919626e-06,9.84365736,10434.276801599999,0.8695969825435161,3.43919626e-06,6.18571807e-07,0.618571807,1.03251484e-06,9.87133023,10463.6100438,0.872041627188311,1.03251484e-06,1.24206827e-06,1.24206827
1243,3.43919626e-06,9.84365522,10434.274533200001,0.8695967934941138,3.43919626e-06,6.18571622e-07,0.6185716219999999,1.03251484e-06,9.87132927,10463.6090262,0.8720415423811024,1.03251484e-06,1.24206831e-06,1.24206831
1244,3.43919626e-06,9.84365306,10434.272243599999,0.8695966026778942,3.43919626e-06,6.18571435e-07,0.618571435,1.03251484e-06,9.87132828,10463.6079768,0.8720414549236686,1.03251484e-06,1.24206836e-06,1.24206836
1245,3.43919626e-06,9.8436509,10434.269954,0.8695964118616749,3.43919626e-06,6.18571247e-07,0.618571247,1.03251484e-06,9.87132728,10463.6069168,0.8720413665828262,1.03251484e-06,1.24206842e-06,1.2420684199999998
1246,3.43919626e-06,9.84364876,10434.2676856,0.8695962228122724,3.43919626e-06,6.18571058e-07,0.618571058,1.03251484e-06,9.87132628,10463.6058568,0.872041278241984,1.03251484e-06,1.24206848e-06,1.24206848
1247,3.43919626e-06,9.84364665,10434.265449,0.8695960364130951,3.43919626e-06,6.18570868e-07,0.6185708679999999,1.03251484e-06,9.8713253,10463.604818,0.8720411916679585,1.03251484e-06,1.24206855e-06,1.24206855
1248,3.43919626e-06,9.84364458,10434.2632548,0.8695958535475515,3.43919626e-06,6.18570679e-07,0.6185706790000001,1.03251484e-06,9.87132431,10463.6037686,0.8720411042105246,1.03251484e-06,1.24206862e-06,1.24206862
1249,3.43919626e-06,9.8436425,10434.26105,0.8695956697985995,3.43919626e-06,6.1857049e-07,0.61857049,1.03251484e-06,9.87132331,10463.6027086,0.8720410158696822,1.03251484e-06,1.2420687e-06,1.2420687000000001
1250,3.43919626e-06,9.84364042,10434.2588452,0.8695954860496475,3.43919626e-06,6.18570302e-07,0.6185703020000001,1.03251484e-06,9.87132231,10463.6016486,0.87204092752884,1.03251484e-06,1.24206879e-06,1.24206879
1251,3.43919626e-06,9.84363835,10434.256651000002,0.8695953031841042,3.43919626e-06,6.18570114e-07,0.618570114,1.03251484e-06,9.87132131,10463.6005886,0.8720408391879977,1.03251484e-06,1.24206888e-06,1.24206888
1252,3.43919626e-06,9.84363629,10434.254467399998,0.8695951212019687,3.43919626e-06,6.18569928e-07,0.618569928,1.03251484e-06,9.87132032,10463.5995392,0.8720407517305638,1.03251484e-06,1.24206898e-06,1.24206898
1253,3.43919626e-06,9.84363427,10434.252326200001,0.8695949427534675,3.43919626e-06,6.18569743e-07,0.618569743,1.03251484e-06,9.87131934,10463.5985004,0.8720406651565383,1.03251484e-06,1.24206908e-06,1.24206908
1254,3.43919626e-06,9.84363227,10434.2502062,0.8695947660717829,3.43919626e-06,6.1856956e-07,0.61856956,1.03251484e-06,9.87131837,10463.5974722,0.8720405794659213,1.03251484e-06,1.24206919e-06,1.24206919
1255,3.43919626e-06,9.8436303,10434.248118,0.8695945920403234,3.43919626e-06,6.18569379e-07,0.618569379,1.03251484e-06,9.87131742,10463.5964652,0.8720404955421212,1.03251484e-06,1.24206931e-06,1.24206931
1256,3.43919626e-06,9.84362834,10434.246040400001,0.8695944188922726,3.43919626e-06,6.185692e-07,0.6185691999999999,1.03251484e-06,9.87131647,10463.5954582,0.8720404116183209,1.03251484e-06,1.24206943e-06,1.24206943
1257,3.43919626e-06,9.84362645,10434.244037,0.8695942519280806,3.43919626e-06,6.18569023e-07,0.6185690229999999,1.03251484e-06,9.87131558,10463.5945148,0.8720403329949712,1.03251484e-06,1.24206955e-06,1.24206955
1258,3.43919626e-06,9.84362453,10434.2420018,0.8695940823136633,3.43919626e-06,6.18568849e-07,0.618568849,1.03251484e-06,9.87131467,10463.593550200001,0.8720402526048049,1.03251484e-06,1.24206968e-06,1.24206968
1259,3.43919626e-06,9.84362262,10434.239977199999,0.8695939135826545,3.43919626e-06,6.18568678e-07,0.6185686779999999,1.03251484e-06,9.87131375,10463.592575,0.8720401713312299,1.03251484e-06,1.24206981e-06,1.2420698099999998
1260,3.43919626e-06,9.84362074,10434.2379844,0.8695937475018711,3.43919626e-06,6.18568509e-07,0.618568509,1.03251484e-06,9.87131287,10463.591642200001,0.8720400935912888,1.03251484e-06,1.24206995e-06,1.24206995
1261,3.43919626e-06,9.84361891,10434.2360446,0.8695935858381296,3.43919626e-06,6.18568343e-07,0.6185683430000001,1.03251484e-06,9.87131203,10463.5907518,0.8720400193849811,1.03251484e-06,1.24207009e-06,1.2420700900000001
1262,3.43919626e-06,9.84361712,10434.234147199999,0.8695934277080218,3.43919626e-06,6.1856818e-07,0.61856818,1.03251484e-06,9.87131121,10463.5898826,0.8720399469454904,1.03251484e-06,1.24207024e-06,1.2420702399999999
1263,3.43919626e-06,9.84361537,10434.2322922,0.8695932731115479,3.43919626e-06,6.1856802e-07,0.61856802,1.03251484e-06,9.87131042,10463.5890452,0.872039877156225,1.03251484e-06,1.24207039e-06,1.24207039
1264,3.43919626e-06,9.84361364,10434.2304584,0.8695931202818906,3.43919626e-06,6.18567863e-07,0.618567863,1.03251484e-06,9.87130963,10463.588207800001,0.8720398073669596,1.03251484e-06,1.24207054e-06,1.24207054
1265,3.43919626e-06,9.84361195,10434.228667,0.8695929709858671,3.43919626e-06,6.1856771e-07,0.61856771,1.03251484e-06,9.8713089,10463.587434000001,0.8720397428781448,1.03251484e-06,1.24207069e-06,1.2420706899999998
1266,3.43919626e-06,9.84361029,10434.226907400001,0.869592824340069,3.43919626e-06,6.1856756e-07,0.6185675599999999,1.03251484e-06,9.87130819,10463.5866814,0.8720396801561466,1.03251484e-06,1.24207085e-06,1.2420708500000002
1267,3.43919626e-06,9.84360868,10434.225200800001,0.8695926821113129,3.43919626e-06,6.18567414e-07,0.6185674139999999,1.03251484e-06,9.8713075,10463.58595,0.8720396192009655,1.03251484e-06,1.24207101e-06,1.24207101
1268,3.43919626e-06,9.8436071,10434.223526,0.869592542532782,3.43919626e-06,6.18567271e-07,0.618567271,1.03251484e-06,9.87130685,10463.585261,0.872039561779418,1.03251484e-06,1.24207118e-06,1.24207118
1269,3.43919626e-06,9.84360558,10434.2219148,0.8695924082547017,3.43919626e-06,6.18567132e-07,0.618567132,1.03251484e-06,9.87130623,10463.5846038,0.8720395070080957,1.03251484e-06,1.24207134e-06,1.2420713399999999
1270,3.43919626e-06,9.8436041,10434.220346,0.869592277510255,3.43919626e-06,6.18566996e-07,0.618566996,1.03251484e-06,9.87130564,10463.5839784,0.8720394548869987,1.03251484e-06,1.24207151e-06,1.24207151
1271,3.43919626e-06,9.84360266,10434.2188196,0.8695921502994423,3.43919626e-06,6.18566864e-07,0.6185668639999999,1.03251484e-06,9.87130508,10463.5833848,0.8720394054161271,1.03251484e-06,1.24207168e-06,1.24207168
1272,3.43919626e-06,9.84360126,10434.2173356,0.869592026622263,3.43919626e-06,6.18566736e-07,0.618566736,1.03251484e-06,9.87130455,10463.582822999999,0.8720393585954805,1.03251484e-06,1.24207185e-06,1.24207185
1273,3.43919626e-06,9.84359992,10434.2159152,0.8695919082455342,3.43919626e-06,6.18566611e-07,0.618566611,1.03251484e-06,9.87130405,10463.582293000001,0.8720393144250596,1.03251484e-06,1.24207202e-06,1.2420720200000002
1274,3.43919626e-06,9.84359864,10434.214558399999,0.869591795169256,3.43919626e-06,6.1856649e-07,0.61856649,1.03251484e-06,9.87130359,10463.581805400001,0.8720392737882722,1.03251484e-06,1.24207219e-06,1.24207219
1275,3.43919626e-06,9.84359741,10434.2132546,0.86959168651002,3.43919626e-06,6.18566374e-07,0.618566374,1.03251484e-06,9.87130317,10463.5813602,0.8720392366851183,1.03251484e-06,1.24207236e-06,1.24207236
1276,3.43919626e-06,9.84359624,10434.2120144,0.8695915831512345,3.43919626e-06,6.18566261e-07,0.618566261,1.03251484e-06,9.87130277,10463.5809362,0.8720392013487813,1.03251484e-06,1.24207253e-06,1.24207253
1277,3.43919626e-06,9.84359513,10434.210837800001,0.8695914850928997,3.43919626e-06,6.18566152e-07,0.618566152,1.03251484e-06,9.87130241,10463.580554600001,0.8720391695460782,1.03251484e-06,1.24207271e-06,1.24207271
1278,3.43919626e-06,9.84359408,10434.209724800001,0.8695913923350153,3.43919626e-06,6.18566047e-07,0.618566047,1.03251484e-06,9.87130208,10463.580204799999,0.8720391403936001,1.03251484e-06,1.24207288e-06,1.24207288
1279,3.43919626e-06,9.84359309,10434.208675400001,0.8695913048775814,3.43919626e-06,6.18565946e-07,0.618565946,1.03251484e-06,9.87130178,10463.5798868,0.8720391138913475,1.03251484e-06,1.24207305e-06,1.24207305
1280,3.43919626e-06,9.84359216,10434.2076896,0.869591222720598,3.43919626e-06,6.1856585e-07,0.61856585,1.03251484e-06,9.87130152,10463.579611199999,0.8720390909227284,1.03251484e-06,1.24207322e-06,1.24207322
1281,3.43919626e-06,9.8435913,10434.206778,0.8695911467474735,3.43919626e-06,6.18565758e-07,0.618565758,1.03251484e-06,9.87130128,10463.5793568,0.8720390697209264,1.03251484e-06,1.24207339e-06,1.24207339
1282,3.43919626e-06,9.84359051,10434.2059406,0.8695910769582083,3.43919626e-06,6.1856567e-07,0.61856567,1.03251484e-06,9.87130108,10463.5791448,0.8720390520527579,1.03251484e-06,1.24207356e-06,1.24207356
1283,3.43919626e-06,9.84358979,10434.2051774,0.8695910133528016,3.43919626e-06,6.18565587e-07,0.618565587,1.03251484e-06,9.87130091,10463.578964600001,0.8720390370348148,1.03251484e-06,1.24207373e-06,1.24207373
1284,3.43919626e-06,9.84358913,10434.2044778,0.8695909550478458,3.43919626e-06,6.18565508e-07,0.618565508,1.03251484e-06,9.87130077,10463.578816199999,0.8720390246670966,1.03251484e-06,1.2420739e-06,1.2420738999999998
1285,3.43919626e-06,9.84358855,10434.203863,0.8695909038101572,3.43919626e-06,6.18565434e-07,0.618565434,1.03251484e-06,9.87130066,10463.578699599999,0.872039014949604,1.03251484e-06,1.24207406e-06,1.24207406
1286,3.43919626e-06,9.84358804,10434.2033224,0.8695908587563277,3.43919626e-06,6.18565364e-07,0.6185653640000001,1.03251484e-06,9.87130058,10463.5786148,0.8720390078823368,1.03251484e-06,1.24207422e-06,1.2420742200000001
1287,3.43919626e-06,9.8435876,10434.202856,0.869590819886357,3.43919626e-06,6.18565299e-07,0.618565299,1.03251484e-06,9.87130053,10463.578561799999,0.8720390034652945,1.03251484e-06,1.24207439e-06,1.24207439
1288,3.43919626e-06,9.84358724,10434.2024744,0.8695907880836538,3.43919626e-06,6.1856524e-07,0.61856524,1.03251484e-06,9.87130051,10463.5785406,0.8720390016984777,1.03251484e-06,1.24207455e-06,1.2420745499999999
1289,3.43919626e-06,9.84358694,10434.2021564,0.8695907615814011,3.43919626e-06,6.18565185e-07,0.618565185,1.03251484e-06,9.87130052,10463.5785512,0.8720390025818862,1.03251484e-06,1.2420747e-06,1.2420747
1290,3.43919626e-06,9.84358673,10434.201933800001,0.8695907430298243,3.43919626e-06,6.18565135e-07,0.6185651350000001,1.03251484e-06,9.87130055,10463.578583,0.8720390052321114,1.03251484e-06,1.24207486e-06,1.24207486
1291,3.43919626e-06,9.84358672,10434.201923199998,0.8695907421464156,3.43919626e-06,6.18565093e-07,0.618565093,1.03251484e-06,9.87130079,10463.578837399999,0.8720390264339135,1.03251484e-06,1.24207501e-06,1.24207501
1292,3.43919626e-06,9.84358654,10434.2017324,0.8695907262450643,3.43919626e-06,6.18565058e-07,0.618565058,1.03251484e-06,9.8713007,10463.578742000002,0.872039018483238,1.03251484e-06,1.24207516e-06,1.24207516
1293,3.43919626e-06,9.84358643,10434.2016158,0.8695907165275716,3.43919626e-06,6.18565022e-07,0.618565022,1.03251484e-06,9.87130069,10463.5787314,0.8720390175998294,1.03251484e-06,1.2420753e-06,1.2420753
1294,3.43919626e-06,9.84358656,10434.2017536,0.8695907280118811,3.43919626e-06,6.18564991e-07,0.618564991,1.03251484e-06,9.87130099,10463.5790494,0.872039044102082,1.03251484e-06,1.24207545e-06,1.24207545
1295,3.43919626e-06,9.84358668,10434.2018808,0.869590738612782,3.43919626e-06,6.18564969e-07,0.618564969,1.03251484e-06,9.8713011,10463.579166,0.8720390538195747,1.03251484e-06,1.24207559e-06,1.24207559
1296,3.43919626e-06,9.84358699,10434.2022094,0.8695907659984433,3.43919626e-06,6.18564953e-07,0.618564953,1.03251484e-06,9.87130143,10463.5795158,0.8720390829720527,1.03251484e-06,1.24207572e-06,1.2420757199999999
1297,3.43919626e-06,9.84358726,10434.2024956,0.8695907898504707,3.43919626e-06,6.18564944e-07,0.618564944,1.03251484e-06,9.87130151,10463.5796006,0.87203909003932,1.03251484e-06,1.24207586e-06,1.2420758600000001
1298,3.43919626e-06,9.84358763,10434.2028878,0.8695908225365823,3.43919626e-06,6.18564937e-07,0.6185649369999999,1.03251484e-06,9.87130184,10463.579950399999,0.8720391191917979,1.03251484e-06,1.24207599e-06,1.24207599
1299,3.43919626e-06,9.84358798,10434.2032588,0.8695908534558772,3.43919626e-06,6.18564936e-07,0.618564936,1.03251484e-06,9.87130198,10463.580098800001,0.872039131559516,1.03251484e-06,1.24207611e-06,1.2420761100000002
1300,3.43919626e-06,9.84358844,10434.203746399999,0.8695908940926644,3.43919626e-06,6.1856494e-07,0.61856494,1.03251484e-06,9.87130237,10463.5805122,0.8720391660124445,1.03251484e-06,1.24207624e-06,1.2420762399999998
1301,3.43919626e-06,9.84358901,10434.2043506,0.8695909444469447,3.43919626e-06,6.18564954e-07,0.618564954,1.03251484e-06,9.87130276,10463.580925600001,0.872039200465373,1.03251484e-06,1.24207635e-06,1.2420763499999998
1302,3.43919626e-06,9.84358966,10434.2050396,0.8695910018684921,3.43919626e-06,6.18564973e-07,0.618564973,1.03251484e-06,9.87130294,10463.581116399999,0.8720392163667244,1.03251484e-06,1.24207647e-06,1.24207647
1303,3.43919626e-06,9.84359031,10434.2057286,0.8695910592900397,3.43919626e-06,6.18564993e-07,0.618564993,1.03251484e-06,9.87130338,10463.581582800001,0.8720392552366952,1.03251484e-06,1.24207658e-06,1.2420765800000002
1304,3.43919626e-06,9.843591,10434.20646,0.8695911202452208,3.43919626e-06,6.18565022e-07,0.618565022,1.03251484e-06,9.87130381,10463.582038600001,0.8720392932232575,1.03251484e-06,1.24207668e-06,1.24207668
1305,3.43919626e-06,9.84359178,10434.207286800001,0.869591189151078,3.43919626e-06,6.18565058e-07,0.618565058,1.03251484e-06,9.87130423,10463.582483799999,0.872039330326411,1.03251484e-06,1.24207678e-06,1.2420767799999999
1306,3.43919626e-06,9.84359265,10434.208209,0.8695912660076107,3.43919626e-06,6.18565097e-07,0.6185650970000001,1.03251484e-06,9.87130452,10463.5827912,0.8720393559452554,1.03251484e-06,1.24207688e-06,1.24207688
1307,3.43919626e-06,9.84359347,10434.2090782,0.8695913384471013,3.43919626e-06,6.18565138e-07,0.6185651379999999,1.03251484e-06,9.87130505,10463.583353,0.8720394027659017,1.03251484e-06,1.24207697e-06,1.24207697
1308,3.43919626e-06,9.84359435,10434.210011,0.8695914161870425,3.43919626e-06,6.18565189e-07,0.618565189,1.03251484e-06,9.8713056,10463.583935999999,0.872039451353365,1.03251484e-06,1.24207706e-06,1.24207706
1309,3.43919626e-06,9.84359534,10434.2110604,0.8695915036444766,3.43919626e-06,6.18565247e-07,0.618565247,1.03251484e-06,9.87130614,10463.5845084,0.8720394990574198,1.03251484e-06,1.24207714e-06,1.24207714
1310,3.43919626e-06,9.84359639,10434.2121734,0.8695915964023608,3.43919626e-06,6.18565311e-07,0.618565311,1.03251484e-06,9.87130665,10463.585049,0.8720395441112494,1.03251484e-06,1.24207722e-06,1.24207722
1311,3.43919626e-06,9.84359749,10434.213339400001,0.8695916935772875,3.43919626e-06,6.18565375e-07,0.618565375,1.03251484e-06,9.87130707,10463.5854942,0.8720395812144033,1.03251484e-06,1.2420773e-06,1.2420773
1312,3.43919626e-06,9.84359843,10434.2143358,0.8695917766176792,3.43919626e-06,6.18565441e-07,0.618565441,1.03251484e-06,9.87130766,10463.586119599999,0.8720396333355002,1.03251484e-06,1.24207736e-06,1.24207736
1313,3.43919626e-06,9.84359942,10434.215385200001,0.8695918640751131,3.43919626e-06,6.18565516e-07,0.6185655160000001,1.03251484e-06,9.8713083,10463.586798,0.8720396898736393,1.03251484e-06,1.24207743e-06,1.24207743
1314,3.43919626e-06,9.84360057,10434.216604199999,0.8695919656670816,3.43919626e-06,6.18565598e-07,0.618565598,1.03251484e-06,9.87130897,10463.5875082,0.8720397490620037,1.03251484e-06,1.24207749e-06,1.24207749
1315,3.43919626e-06,9.84360184,10434.2179504,0.8695920778599514,3.43919626e-06,6.18565684e-07,0.618565684,1.03251484e-06,9.87130964,10463.5882184,0.872039808250368,1.03251484e-06,1.24207754e-06,1.24207754
1316,3.43919626e-06,9.8436031,10434.219286,0.8695921891694127,3.43919626e-06,6.18565773e-07,0.618565773,1.03251484e-06,9.87131027,10463.588886200001,0.8720398639050987,1.03251484e-06,1.24207759e-06,1.24207759
1317,3.43919626e-06,9.84360428,10434.2205368,0.8695922934116066,3.43919626e-06,6.18565864e-07,0.618565864,1.03251484e-06,9.87131091,10463.5895646,0.8720399204432377,1.03251484e-06,1.24207763e-06,1.24207763
1318,3.43919626e-06,9.8436054,10434.221723999999,0.86959239235335,3.43919626e-06,6.18565958e-07,0.6185659579999999,1.03251484e-06,9.87131158,10463.5902748,0.8720399796316021,1.03251484e-06,1.24207767e-06,1.24207767
1319,3.43919626e-06,9.84360656,10434.2229536,0.8695924948287271,3.43919626e-06,6.18566056e-07,0.618566056,1.03251484e-06,9.87131231,10463.591048600001,0.872040044120417,1.03251484e-06,1.2420777e-06,1.2420776999999998
1320,3.43919626e-06,9.84360779,10434.2242574,0.8695926034879631,3.43919626e-06,6.18566157e-07,0.6185661570000001,1.03251484e-06,9.87131309,10463.5918754,0.8720401130262739,1.03251484e-06,1.24207772e-06,1.24207772
1321,3.43919626e-06,9.84360909,10434.2256354,0.8695927183310582,3.43919626e-06,6.18566262e-07,0.618566262,1.03251484e-06,9.87131389,10463.5927234,0.8720401836989478,1.03251484e-06,1.24207774e-06,1.24207774
1322,3.43919626e-06,9.84361042,10434.2270452,0.8695928358243784,3.43919626e-06,6.18566369e-07,0.618566369,1.03251484e-06,9.87131468,10463.5935608,0.8720402534882132,1.03251484e-06,1.24207776e-06,1.24207776
1323,3.43919626e-06,9.8436117,10434.228402,0.8695929489006566,3.43919626e-06,6.18566479e-07,0.6185664790000001,1.03251484e-06,9.87131548,10463.5944088,0.8720403241608871,1.03251484e-06,1.24207777e-06,1.24207777
1324,3.43919626e-06,9.84361298,10434.2297588,0.8695930619769348,3.43919626e-06,6.1856659e-07,0.61856659,1.03251484e-06,9.8713163,10463.595278,0.8720403966003778,1.03251484e-06,1.24207777e-06,1.24207777
1325,3.43919626e-06,9.84361422,10434.231073199999,0.869593171519579,3.43919626e-06,6.18566703e-07,0.618566703,1.03251484e-06,9.87131714,10463.596168400001,0.8720404708066853,1.03251484e-06,1.24207776e-06,1.24207776
1326,3.43919626e-06,9.84361546,10434.232387600001,0.8695932810622238,3.43919626e-06,6.18566818e-07,0.618566818,1.03251484e-06,9.87131799,10463.597069399999,0.8720405458964011,1.03251484e-06,1.24207776e-06,1.24207776
1327,3.43919626e-06,9.84361689,10434.2339034,0.8695934073896281,3.43919626e-06,6.18566933e-07,0.618566933,1.03251484e-06,9.87131887,10463.5980022,0.8720406236363425,1.03251484e-06,1.24207774e-06,1.24207774
1328,3.43919626e-06,9.84361795,10434.235027,0.869593501030921,3.43919626e-06,6.18567047e-07,0.618567047,1.03251484e-06,9.87131974,10463.598924400001,0.8720407004928753,1.03251484e-06,1.24207772e-06,1.24207772
1329,3.43919626e-06,9.84361922,10434.236373200001,0.8695936132237908,3.43919626e-06,6.18567165e-07,0.618567165,1.03251484e-06,9.87132069,10463.5999314,0.8720407844166754,1.03251484e-06,1.24207769e-06,1.24207769
1330,3.43919626e-06,9.84362055,10434.237783,0.869593730717111,3.43919626e-06,6.18567283e-07,0.618567283,1.03251484e-06,9.87132163,10463.6009278,0.8720408674570672,1.03251484e-06,1.24207766e-06,1.24207766
1331,3.43919626e-06,9.84362187,10434.239182199999,0.8695938473270227,3.43919626e-06,6.18567401e-07,0.618567401,1.03251484e-06,9.87132257,10463.6019242,0.872040950497459,1.03251484e-06,1.24207762e-06,1.24207762
1332,3.43919626e-06,9.84362306,10434.2404436,0.8695939524526252,3.43919626e-06,6.18567519e-07,0.6185675190000001,1.03251484e-06,9.87132349,10463.6028994,0.872041031771034,1.03251484e-06,1.24207758e-06,1.24207758
1333,3.43919626e-06,9.84362419,10434.2416414,0.869594052277777,3.43919626e-06,6.18567636e-07,0.618567636,1.03251484e-06,9.87132442,10463.6038852,0.8720411139280173,1.03251484e-06,1.24207753e-06,1.24207753
1334,3.43919626e-06,9.84362539,10434.2429134,0.8695941582867877,3.43919626e-06,6.18567753e-07,0.618567753,1.03251484e-06,9.87132539,10463.6049134,0.8720411996186344,1.03251484e-06,1.24207747e-06,1.24207747
1335,3.43919626e-06,9.84362668,10434.2442808,0.8695942722464742,3.43919626e-06,6.18567869e-07,0.618567869,1.03251484e-06,9.87132639,10463.605973400001,0.8720412879594767,1.03251484e-06,1.24207741e-06,1.24207741
1336,3.43919626e-06,9.84362789,10434.2455634,0.8695943791388935,3.43919626e-06,6.18567984e-07,0.618567984,1.03251484e-06,9.87132739,10463.6070334,0.8720413763003189,1.03251484e-06,1.24207734e-06,1.2420773399999998
1337,3.43919626e-06,9.8436291,10434.246846,0.8695944860313127,3.43919626e-06,6.18568097e-07,0.618568097,1.03251484e-06,9.8713284,10463.608103999999,0.8720414655245695,1.03251484e-06,1.24207726e-06,1.24207726
1338,3.43919626e-06,9.84363027,10434.248086200001,0.8695945893900983,3.43919626e-06,6.1856821e-07,0.61856821,1.03251484e-06,9.87132942,10463.6091852,0.8720415556322288,1.03251484e-06,1.24207718e-06,1.24207718
1339,3.43919626e-06,9.84363145,10434.249337,0.869594693632292,3.43919626e-06,6.18568321e-07,0.6185683209999999,1.03251484e-06,9.87133044,10463.6102664,0.8720416457398878,1.03251484e-06,1.2420771e-06,1.2420771000000002
1340,3.43919626e-06,9.84363259,10434.2505454,0.8695947943408524,3.43919626e-06,6.1856843e-07,0.6185684300000001,1.03251484e-06,9.87133146,10463.611347600001,0.8720417358475472,1.03251484e-06,1.242077e-06,1.2420769999999999
1341,3.43919626e-06,9.84363363,10434.2516478,0.8695948862153283,3.43919626e-06,6.18568537e-07,0.618568537,1.03251484e-06,9.87133243,10463.612375800001,0.8720418215381642,1.03251484e-06,1.2420769e-06,1.2420769
1342,3.43919626e-06,9.84363468,10434.2527608,0.8695949789732128,3.43919626e-06,6.18568642e-07,0.618568642,1.03251484e-06,9.87133341,10463.6134146,0.8720419081121896,1.03251484e-06,1.2420768e-06,1.2420768
1343,3.43919626e-06,9.84363578,10434.2539268,0.8695950761481392,3.43919626e-06,6.18568744e-07,0.6185687440000001,1.03251484e-06,9.87133444,10463.6145064,0.8720419991032571,1.03251484e-06,1.24207669e-06,1.24207669
1344,3.43919626e-06,9.84363694,10434.2551564,0.8695951786235164,3.43919626e-06,6.18568844e-07,0.6185688439999999,1.03251484e-06,9.87133551,10463.6156406,0.8720420936279584,1.03251484e-06,1.24207658e-06,1.2420765800000002
1345,3.43919626e-06,9.84363809,10434.2563754,0.869595280215485,3.43919626e-06,6.18568941e-07,0.6185689409999999,1.03251484e-06,9.87133658,10463.616774799999,0.8720421881526595,1.03251484e-06,1.24207646e-06,1.24207646
1346,3.43919626e-06,9.84363916,10434.2575096,0.8695953747401863,3.43919626e-06,6.18569037e-07,0.618569037,1.03251484e-06,9.87133762,10463.6178772,0.8720422800271357,1.03251484e-06,1.24207633e-06,1.24207633
1347,3.43919626e-06,9.84364025,10434.258665,0.8695954710317043,3.43919626e-06,6.18569129e-07,0.618569129,1.03251484e-06,9.87133867,10463.6189902,0.8720423727850202,1.03251484e-06,1.2420762e-06,1.2420762
1348,3.43919626e-06,9.8436412,10434.259672,0.8695955549555046,3.43919626e-06,6.18569219e-07,0.6185692190000001,1.03251484e-06,9.87133967,10463.6200502,0.8720424611258624,1.03251484e-06,1.24207606e-06,1.2420760599999998
1349,3.43919626e-06,9.84364211,10434.2606366,0.8695956353456711,3.43919626e-06,6.18569307e-07,0.618569307,1.03251484e-06,9.87134065,10463.621089,0.8720425476998879,1.03251484e-06,1.24207592e-06,1.24207592
1350,3.43919626e-06,9.84364306,10434.261643599999,0.8695957192694712,3.43919626e-06,6.18569391e-07,0.6185693910000001,1.03251484e-06,9.87134166,10463.622159600001,0.8720426369241387,1.03251484e-06,1.24207578e-06,1.24207578
1351,3.43919626e-06,9.84364405,10434.262693,0.8695958067269052,3.43919626e-06,6.18569473e-07,0.618569473,1.03251484e-06,9.87134269,10463.6232514,0.8720427279152062,1.03251484e-06,1.24207562e-06,1.24207562
1352,3.43919626e-06,9.84364503,10434.2637318,0.8695958933009306,3.43919626e-06,6.18569551e-07,0.618569551,1.03251484e-06,9.87134371,10463.6243326,0.8720428180228653,1.03251484e-06,1.24207547e-06,1.24207547
1353,3.43919626e-06,9.84364596,10434.2647176,0.8695959754579139,3.43919626e-06,6.18569627e-07,0.6185696270000001,1.03251484e-06,9.87134473,10463.6254138,0.8720429081305245,1.03251484e-06,1.24207531e-06,1.24207531
1354,3.43919626e-06,9.84364686,10434.2656716,0.8695960549646721,3.43919626e-06,6.18569701e-07,0.618569701,1.03251484e-06,9.87134573,10463.626473799999,0.8720429964713667,1.03251484e-06,1.24207514e-06,1.2420751399999999
1355,3.43919626e-06,9.84364772,10434.2665832,0.8695961309377964,3.43919626e-06,6.18569771e-07,0.618569771,1.03251484e-06,9.87134671,10463.6275126,0.8720430830453922,1.03251484e-06,1.24207497e-06,1.24207497
1356,3.43919626e-06,9.84364856,10434.2674736,0.869596205144104,3.43919626e-06,6.18569839e-07,0.618569839,1.03251484e-06,9.87134769,10463.628551400001,0.8720431696194177,1.03251484e-06,1.2420748e-06,1.2420748
1357,3.43919626e-06,9.84364943,10434.2683958,0.8695962820006368,3.43919626e-06,6.18569903e-07,0.618569903,1.03251484e-06,9.87134868,10463.6296008,0.8720432570768516,1.03251484e-06,1.24207462e-06,1.24207462
1358,3.43919626e-06,9.84365027,10434.2692862,0.8695963562069443,3.43919626e-06,6.18569965e-07,0.6185699649999999,1.03251484e-06,9.87134966,10463.6306396,0.872043343650877,1.03251484e-06,1.24207443e-06,1.24207443
1359,3.43919626e-06,9.84365106,10434.2701236,0.8695964259962097,3.43919626e-06,6.18570024e-07,0.6185700239999999,1.03251484e-06,9.87135061,10463.6316466,0.8720434275746772,1.03251484e-06,1.24207425e-06,1.24207425
1360,3.43919626e-06,9.84365178,10434.2708868,0.8695964896016163,3.43919626e-06,6.18570081e-07,0.618570081,1.03251484e-06,9.87135155,10463.632643,0.872043510615069,1.03251484e-06,1.24207406e-06,1.24207406
1361,3.43919626e-06,9.84365247,10434.2716182,0.8695965505567974,3.43919626e-06,6.18570134e-07,0.6185701339999999,1.03251484e-06,9.87135246,10463.6336076,0.8720435910052355,1.03251484e-06,1.24207386e-06,1.24207386
1362,3.43919626e-06,9.84365317,10434.272360199999,0.8695966123953869,3.43919626e-06,6.18570185e-07,0.618570185,1.03251484e-06,9.87135339,10463.6345934,0.8720436731622189,1.03251484e-06,1.24207366e-06,1.2420736600000002
1363,3.43919626e-06,9.84365388,10434.2731128,0.8695966751173849,3.43919626e-06,6.18570234e-07,0.618570234,1.03251484e-06,9.87135431,10463.635568599999,0.8720437544357936,1.03251484e-06,1.24207346e-06,1.24207346
1364,3.43919626e-06,9.84365455,10434.273823,0.8695967343057494,3.43919626e-06,6.18570279e-07,0.618570279,1.03251484e-06,9.87135523,10463.636543800001,0.8720438357093687,1.03251484e-06,1.24207326e-06,1.24207326
1365,3.43919626e-06,9.84365519,10434.2745014,0.8695967908438884,3.43919626e-06,6.18570322e-07,0.6185703220000001,1.03251484e-06,9.87135613,10463.6374978,0.8720439152161268,1.03251484e-06,1.24207305e-06,1.24207305
1366,3.43919626e-06,9.84365579,10434.2751374,0.8695968438483938,3.43919626e-06,6.18570363e-07,0.6185703629999999,1.03251484e-06,9.87135701,10463.6384306,0.8720439929560679,1.03251484e-06,1.24207283e-06,1.2420728300000001
1367,3.43919626e-06,9.84365635,10434.275731,0.8695968933192655,3.43919626e-06,6.18570401e-07,0.6185704009999999,1.03251484e-06,9.87135788,10463.639352799999,0.8720440698126006,1.03251484e-06,1.24207262e-06,1.2420726199999998
1368,3.43919626e-06,9.84365686,10434.2762716,0.869596938373095,3.43919626e-06,6.18570436e-07,0.6185704360000001,1.03251484e-06,9.87135873,10463.6402538,0.8720441449023167,1.03251484e-06,1.2420724e-06,1.2420724
1369,3.43919626e-06,9.84365735,10434.276791,0.8695969816601078,3.43919626e-06,6.18570469e-07,0.618570469,1.03251484e-06,9.87135957,10463.641144199999,0.8720442191086242,1.03251484e-06,1.24207218e-06,1.24207218
1370,3.43919626e-06,9.84365786,10434.2773316,0.8695970267139373,3.43919626e-06,6.18570499e-07,0.618570499,1.03251484e-06,9.87136042,10463.6420452,0.8720442941983403,1.03251484e-06,1.24207196e-06,1.24207196
1371,3.43919626e-06,9.8436583,10434.277798,0.8695970655839079,3.43919626e-06,6.18570527e-07,0.618570527,1.03251484e-06,9.87136124,10463.642914400001,0.872044366637831,1.03251484e-06,1.24207173e-06,1.2420717300000002
1372,3.43919626e-06,9.84365874,10434.2782644,0.8695971044538786,3.43919626e-06,6.18570552e-07,0.618570552,1.03251484e-06,9.87136207,10463.6437942,0.87204443996073,1.03251484e-06,1.24207151e-06,1.24207151
1373,3.43919626e-06,9.84365908,10434.2786248,0.869597134489765,3.43919626e-06,6.18570575e-07,0.618570575,1.03251484e-06,9.87136286,10463.6446316,0.8720445097499955,1.03251484e-06,1.24207127e-06,1.2420712699999998
1374,3.43919626e-06,9.84365944,10434.2790064,0.8695971662924682,3.43919626e-06,6.18570596e-07,0.618570596,1.03251484e-06,9.87136365,10463.645469,0.8720445795392608,1.03251484e-06,1.24207104e-06,1.24207104
1375,3.43919626e-06,9.84365971,10434.2792926,0.8695971901444957,3.43919626e-06,6.18570614e-07,0.618570614,1.03251484e-06,9.87136442,10463.6462852,0.8720446475617095,1.03251484e-06,1.24207081e-06,1.24207081
1376,3.43919626e-06,9.84366,10434.2796,0.8695972157633399,3.43919626e-06,6.1857063e-07,0.61857063,1.03251484e-06,9.87136518,10463.6470908,0.8720447147007495,1.03251484e-06,1.24207057e-06,1.2420705699999999
1377,3.43919626e-06,9.84366022,10434.2798332,0.8695972351983252,3.43919626e-06,6.18570643e-07,0.618570643,1.03251484e-06,9.87136593,10463.6478858,0.8720447809563813,1.03251484e-06,1.24207033e-06,1.24207033
1378,3.43919626e-06,9.84366042,10434.280045200001,0.8695972528664938,3.43919626e-06,6.18570655e-07,0.618570655,1.03251484e-06,9.87136667,10463.6486702,0.8720448463286047,1.03251484e-06,1.24207009e-06,1.2420700900000001
1379,3.43919626e-06,9.84366061,10434.280246600001,0.8695972696512538,3.43919626e-06,6.18570663e-07,0.618570663,1.03251484e-06,9.8713674,10463.649444,0.8720449108174195,1.03251484e-06,1.24206985e-06,1.24206985
1380,3.43919626e-06,9.84366077,10434.2804162,0.8695972837857884,3.43919626e-06,6.1857067e-07,0.61857067,1.03251484e-06,9.87136813,10463.650217800001,0.8720449753062345,1.03251484e-06,1.24206961e-06,1.24206961
1381,3.43919626e-06,9.8436609,10434.280553999999,0.8695972952700979,3.43919626e-06,6.18570673e-07,0.618570673,1.03251484e-06,9.87136885,10463.650980999999,0.8720450389116408,1.03251484e-06,1.24206936e-06,1.24206936
1382,3.43919626e-06,9.84366106,10434.2807236,0.8695973094046329,3.43919626e-06,6.18570675e-07,0.6185706750000001,1.03251484e-06,9.87136956,10463.6517336,0.8720451016336389,1.03251484e-06,1.24206912e-06,1.24206912
1383,3.43919626e-06,9.84366093,10434.280585800001,0.8695972979203234,3.43919626e-06,6.18570674e-07,0.618570674,1.03251484e-06,9.87137021,10463.6524226,0.8720451590551864,1.03251484e-06,1.24206887e-06,1.24206887
1384,3.43919626e-06,9.84366091,10434.2805646,0.8695972961535063,3.43919626e-06,6.18570671e-07,0.618570671,1.03251484e-06,9.87137086,10463.6531116,0.8720452164767339,1.03251484e-06,1.24206862e-06,1.24206862
1385,3.43919626e-06,9.84366098,10434.280638799999,0.8695973023373653,3.43919626e-06,6.18570666e-07,0.618570666,1.03251484e-06,9.87137159,10463.653885400001,0.8720452809655489,1.03251484e-06,1.24206837e-06,1.24206837
1386,3.43919626e-06,9.84366096,10434.2806176,0.8695973005705485,3.43919626e-06,6.18570657e-07,0.6185706569999999,1.03251484e-06,9.87137224,10463.6545744,0.8720453383870962,1.03251484e-06,1.24206812e-06,1.2420681199999999
1387,3.43919626e-06,9.84366081,10434.2804586,0.8695972873194222,3.43919626e-06,6.18570647e-07,0.6185706470000001,1.03251484e-06,9.87137286,10463.6552316,0.8720453931584184,1.03251484e-06,1.24206787e-06,1.24206787
1388,3.43919626e-06,9.8436607,10434.280341999998,0.8695972776019294,3.43919626e-06,6.18570634e-07,0.618570634,1.03251484e-06,9.87137354,10463.6559524,0.8720454532301913,1.03251484e-06,1.24206761e-06,1.2420676099999999
1389,3.43919626e-06,9.84366054,10434.2801724,0.8695972634673947,3.43919626e-06,6.18570619e-07,0.618570619,1.03251484e-06,9.87137414,10463.656588400001,0.8720455062346968,1.03251484e-06,1.24206736e-06,1.2420673599999998
1390,3.43919626e-06,9.84366033,10434.2799498,0.8695972449158179,3.43919626e-06,6.18570602e-07,0.618570602,1.03251484e-06,9.87137474,10463.6572244,0.872045559239202,1.03251484e-06,1.24206711e-06,1.24206711
1391,3.43919626e-06,9.84366019,10434.2798014,0.8695972325481,3.43919626e-06,6.18570583e-07,0.618570583,1.03251484e-06,9.87137541,10463.6579346,0.8720456184275663,1.03251484e-06,1.24206685e-06,1.24206685
1392,3.43919626e-06,9.84365996,10434.2795576,0.8695972122297063,3.43919626e-06,6.18570561e-07,0.6185705610000001,1.03251484e-06,9.87137599,10463.658549400001,0.872045669665255,1.03251484e-06,1.24206659e-06,1.24206659
1393,3.43919626e-06,9.8436597,10434.279282,0.8695971892610872,3.43919626e-06,6.18570537e-07,0.618570537,1.03251484e-06,9.87137658,10463.6591748,0.8720457217863518,1.03251484e-06,1.24206634e-06,1.24206634
1394,3.43919626e-06,9.84365939,10434.278953399998,0.869597161875426,3.43919626e-06,6.1857051e-07,0.61857051,1.03251484e-06,9.87137719,10463.6598214,0.8720457756742657,1.03251484e-06,1.24206608e-06,1.2420660799999999
1395,3.43919626e-06,9.84365903,10434.2785718,0.8695971300727229,3.43919626e-06,6.18570482e-07,0.618570482,1.03251484e-06,9.87137773,10463.6603938,0.8720458233783206,1.03251484e-06,1.24206582e-06,1.24206582
1396,3.43919626e-06,9.84365865,10434.278169,0.8695970965032027,3.43919626e-06,6.18570452e-07,0.6185704519999999,1.03251484e-06,9.8713783,10463.660998,0.8720458737326006,1.03251484e-06,1.24206557e-06,1.24206557
1397,3.43919626e-06,9.84365835,10434.277851,0.8695970700009502,3.43919626e-06,6.1857042e-07,0.61857042,1.03251484e-06,9.87137885,10463.661580999998,0.8720459223200637,1.03251484e-06,1.24206531e-06,1.24206531
1398,3.43919626e-06,9.84365799,10434.2774694,0.8695970381982469,3.43919626e-06,6.18570386e-07,0.618570386,1.03251484e-06,9.87137944,10463.6622064,0.8720459744411609,1.03251484e-06,1.24206505e-06,1.24206505
1399,3.43919626e-06,9.84365765,10434.277109,0.8695970081623605,3.43919626e-06,6.18570349e-07,0.618570349,1.03251484e-06,9.87138,10463.6628,0.8720460239120326,1.03251484e-06,1.24206479e-06,1.24206479
1400,3.43919626e-06,9.84365721,10434.2766426,0.8695969692923898,3.43919626e-06,6.18570311e-07,0.6185703109999999,1.03251484e-06,9.87138056,10463.6633936,0.8720460733829042,1.03251484e-06,1.24206454e-06,1.24206454
1401,3.43919626e-06,9.84365678,10434.2761868,0.8695969313058277,3.43919626e-06,6.18570271e-07,0.6185702710000001,1.03251484e-06,9.87138108,10463.6639448,0.8720461193201423,1.03251484e-06,1.24206428e-06,1.24206428
1402,3.43919626e-06,9.84365632,10434.2756992,0.8695968906690402,3.43919626e-06,6.18570229e-07,0.618570229,1.03251484e-06,9.87138163,10463.6645278,0.8720461679076055,1.03251484e-06,1.24206402e-06,1.2420640200000002
1403,3.43919626e-06,9.84365585,10434.275200999999,0.8695968491488443,3.43919626e-06,6.18570186e-07,0.618570186,1.03251484e-06,9.87138213,10463.6650578,0.8720462120780267,1.03251484e-06,1.24206376e-06,1.24206376
1404,3.43919626e-06,9.84365537,10434.2746922,0.8695968067452401,3.43919626e-06,6.18570141e-07,0.618570141,1.03251484e-06,9.87138268,10463.6656408,0.87204626066549,1.03251484e-06,1.2420635e-06,1.2420635
1405,3.43919626e-06,9.8436549,10434.274194000001,0.8695967652250443,3.43919626e-06,6.18570094e-07,0.6185700940000001,1.03251484e-06,9.87138319,10463.6661814,0.8720463057193195,1.03251484e-06,1.24206324e-06,1.24206324
1406,3.43919626e-06,9.84365442,10434.2736852,0.8695967228214398,3.43919626e-06,6.18570046e-07,0.618570046,1.03251484e-06,9.87138373,10463.6667538,0.8720463534233743,1.03251484e-06,1.24206298e-06,1.2420629799999998
1407,3.43919626e-06,9.84365393,10434.273165800001,0.8695966795344272,3.43919626e-06,6.18569997e-07,0.618569997,1.03251484e-06,9.87138423,10463.6672838,0.8720463975937954,1.03251484e-06,1.24206273e-06,1.24206273
1408,3.43919626e-06,9.84365342,10434.272625200001,0.8695966344805977,3.43919626e-06,6.18569947e-07,0.618569947,1.03251484e-06,9.87138476,10463.667845599999,0.8720464444144419,1.03251484e-06,1.24206247e-06,1.24206247
1409,3.43919626e-06,9.84365288,10434.2720528,0.8695965867765427,3.43919626e-06,6.18569895e-07,0.6185698949999999,1.03251484e-06,9.87138524,10463.6683544,0.8720464868180463,1.03251484e-06,1.24206221e-06,1.24206221
1410,3.43919626e-06,9.84365236,10434.2715016,0.8695965408393047,3.43919626e-06,6.18569843e-07,0.618569843,1.03251484e-06,9.87138576,10463.668905600001,0.8720465327552843,1.03251484e-06,1.24206195e-06,1.24206195
1411,3.43919626e-06,9.84365185,10434.270961,0.8695964957854752,3.43919626e-06,6.1856979e-07,0.61856979,1.03251484e-06,9.87138625,10463.669425,0.872046576042297,1.03251484e-06,1.24206169e-06,1.24206169
1412,3.43919626e-06,9.84365129,10434.2703674,0.8695964463146034,3.43919626e-06,6.18569735e-07,0.618569735,1.03251484e-06,9.87138676,10463.6699656,0.8720466210961265,1.03251484e-06,1.24206143e-06,1.24206143
1413,3.43919626e-06,9.84365074,10434.2697844,0.8695963977271401,3.43919626e-06,6.18569681e-07,0.618569681,1.03251484e-06,9.87138724,10463.6704744,0.8720466634997308,1.03251484e-06,1.24206117e-06,1.24206117
1414,3.43919626e-06,9.8436503,10434.269318,0.8695963588571696,3.43919626e-06,6.18569626e-07,0.618569626,1.03251484e-06,9.87138776,10463.671025599999,0.8720467094369687,1.03251484e-06,1.24206092e-06,1.2420609200000001
1415,3.43919626e-06,9.84364979,10434.2687774,0.86959631380334,3.43919626e-06,6.1856957e-07,0.61856957,1.03251484e-06,9.87138829,10463.6715874,0.8720467562576153,1.03251484e-06,1.24206066e-06,1.24206066
1416,3.43919626e-06,9.84364919,10434.2681414,0.8695962607988346,3.43919626e-06,6.18569514e-07,0.618569514,1.03251484e-06,9.87138875,10463.672074999999,0.8720467968944026,1.03251484e-06,1.2420604e-06,1.2420604000000002
1417,3.43919626e-06,9.84364863,10434.2675478,0.8695962113279629,3.43919626e-06,6.18569458e-07,0.618569458,1.03251484e-06,9.87138923,10463.6725838,0.8720468392980071,1.03251484e-06,1.24206014e-06,1.24206014
1418,3.43919626e-06,9.84364802,10434.2669012,0.8695961574400491,3.43919626e-06,6.18569402e-07,0.618569402,1.03251484e-06,9.8713897,10463.673082,0.8720468808182028,1.03251484e-06,1.24205989e-06,1.24205989
1419,3.43919626e-06,9.84364748,10434.2663288,0.8695961097359943,3.43919626e-06,6.18569347e-07,0.618569347,1.03251484e-06,9.87139019,10463.6736014,0.8720469241052157,1.03251484e-06,1.24205963e-06,1.24205963
1420,3.43919626e-06,9.84364704,10434.2658624,0.8695960708660236,3.43919626e-06,6.18569291e-07,0.618569291,1.03251484e-06,9.87139071,10463.6741526,0.8720469700424537,1.03251484e-06,1.24205937e-06,1.24205937
1421,3.43919626e-06,9.84364663,10434.2654278,0.8695960346462783,3.43919626e-06,6.18569235e-07,0.6185692349999999,1.03251484e-06,9.87139124,10463.6747144,0.8720470168631,1.03251484e-06,1.24205911e-06,1.24205911
1422,3.43919626e-06,9.84364615,10434.264919,0.8695959922426739,3.43919626e-06,6.1856918e-07,0.61856918,1.03251484e-06,9.87139175,10463.675255,0.8720470619169296,1.03251484e-06,1.24205886e-06,1.24205886
1423,3.43919626e-06,9.84364563,10434.264367799999,0.8695959463054359,3.43919626e-06,6.18569124e-07,0.618569124,1.03251484e-06,9.87139225,10463.675785,0.8720471060873507,1.03251484e-06,1.2420586e-06,1.2420586
1424,3.43919626e-06,9.8436451,10434.263805999999,0.8695958994847894,3.43919626e-06,6.1856907e-07,0.61856907,1.03251484e-06,9.87139274,10463.6763044,0.8720471493743636,1.03251484e-06,1.24205834e-06,1.24205834
1425,3.43919626e-06,9.8436446,10434.263276,0.8695958553143683,3.43919626e-06,6.18569017e-07,0.618569017,1.03251484e-06,9.87139324,10463.6768344,0.8720471935447847,1.03251484e-06,1.24205809e-06,1.24205809
1426,3.43919626e-06,9.84364413,10434.262777799999,0.8695958137941724,3.43919626e-06,6.18568964e-07,0.6185689639999999,1.03251484e-06,9.87139373,10463.6773538,0.8720472368317974,1.03251484e-06,1.24205783e-06,1.24205783
1427,3.43919626e-06,9.84364368,10434.2623008,0.8695957740407935,3.43919626e-06,6.18568912e-07,0.618568912,1.03251484e-06,9.87139424,10463.677894400002,0.8720472818856271,1.03251484e-06,1.24205757e-06,1.24205757
1428,3.43919626e-06,9.84364324,10434.2618344,0.8695957351708229,3.43919626e-06,6.1856886e-07,0.61856886,1.03251484e-06,9.87139476,10463.678445599999,0.8720473278228649,1.03251484e-06,1.24205732e-06,1.2420573199999998
1429,3.43919626e-06,9.84364281,10434.2613786,0.8695956971842607,3.43919626e-06,6.1856881e-07,0.6185688100000001,1.03251484e-06,9.87139529,10463.6790074,0.8720473746435115,1.03251484e-06,1.24205706e-06,1.24205706
1430,3.43919626e-06,9.84364238,10434.2609228,0.8695956591976985,3.43919626e-06,6.18568761e-07,0.6185687609999999,1.03251484e-06,9.87139581,10463.679558599999,0.8720474205807494,1.03251484e-06,1.2420568e-06,1.2420567999999998
1431,3.43919626e-06,9.84364194,10434.2604564,0.8695956203277279,3.43919626e-06,6.18568713e-07,0.618568713,1.03251484e-06,9.87139633,10463.6801098,0.8720474665179874,1.03251484e-06,1.24205654e-06,1.24205654
1432,3.43919626e-06,9.84364153,10434.260021799999,0.8695955841079824,3.43919626e-06,6.18568666e-07,0.618568666,1.03251484e-06,9.87139685,10463.680661,0.8720475124552254,1.03251484e-06,1.24205629e-06,1.24205629
1433,3.43919626e-06,9.84364109,10434.2595554,0.869595545238012,3.43919626e-06,6.18568621e-07,0.618568621,1.03251484e-06,9.87139738,10463.6812228,0.8720475592758719,1.03251484e-06,1.24205603e-06,1.24205603
1434,3.43919626e-06,9.84364072,10434.2591632,0.8695955125519003,3.43919626e-06,6.18568577e-07,0.618568577,1.03251484e-06,9.87139791,10463.681784600001,0.8720476060965183,1.03251484e-06,1.24205577e-06,1.24205577
1435,3.43919626e-06,9.84364031,10434.2587286,0.869595476332155,3.43919626e-06,6.18568534e-07,0.618568534,1.03251484e-06,9.87139842,10463.6823252,0.8720476511503478,1.03251484e-06,1.24205551e-06,1.24205551
1436,3.43919626e-06,9.84363996,10434.258357600002,0.8695954454128603,3.43919626e-06,6.18568492e-07,0.6185684920000001,1.03251484e-06,9.87139896,10463.6828976,0.8720476988544026,1.03251484e-06,1.24205526e-06,1.24205526
1437,3.43919626e-06,9.84363968,10434.2580608,0.8695954206774243,3.43919626e-06,6.18568452e-07,0.618568452,1.03251484e-06,9.87139955,10463.683523,0.8720477509754996,1.03251484e-06,1.242055e-06,1.242055
1438,3.43919626e-06,9.84363934,10434.2577004,0.8695953906415379,3.43919626e-06,6.18568413e-07,0.618568413,1.03251484e-06,9.87140011,10463.6841166,0.8720478004463713,1.03251484e-06,1.24205474e-06,1.2420547400000002
1439,3.43919626e-06,9.84363903,10434.2573718,0.8695953632558768,3.43919626e-06,6.18568375e-07,0.6185683750000001,1.03251484e-06,9.87140065,10463.684689,0.8720478481504261,1.03251484e-06,1.24205448e-06,1.24205448
1440,3.43919626e-06,9.84363865,10434.256969,0.8695953296863567,3.43919626e-06,6.18568339e-07,0.6185683390000001,1.03251484e-06,9.87140119,10463.6852614,0.872047895854481,1.03251484e-06,1.24205422e-06,1.24205422
1441,3.43919626e-06,9.84363828,10434.2565768,0.8695952970002451,3.43919626e-06,6.18568305e-07,0.618568305,1.03251484e-06,9.87140174,10463.685844399999,0.8720479444419442,1.03251484e-06,1.24205396e-06,1.24205396
1442,3.43919626e-06,9.84363798,10434.2562588,0.8695952704979923,3.43919626e-06,6.18568272e-07,0.618568272,1.03251484e-06,9.87140229,10463.6864274,0.8720479930294075,1.03251484e-06,1.2420537e-06,1.2420536999999998
1443,3.43919626e-06,9.84363773,10434.2559938,0.8695952484127818,3.43919626e-06,6.18568241e-07,0.618568241,1.03251484e-06,9.87140286,10463.6870316,0.8720480433836877,1.03251484e-06,1.24205344e-06,1.24205344
1444,3.43919626e-06,9.8436375,10434.25575,0.869595228094388,3.43919626e-06,6.1856821e-07,0.61856821,1.03251484e-06,9.87140344,10463.6876464,0.8720480946213761,1.03251484e-06,1.24205318e-06,1.2420531799999999
1445,3.43919626e-06,9.84363726,10434.2554956,0.869595206892586,3.43919626e-06,6.18568181e-07,0.618568181,1.03251484e-06,9.87140404,10463.6882824,0.8720481476258816,1.03251484e-06,1.24205292e-06,1.2420529200000001
1446,3.43919626e-06,9.843637,10434.25522,0.8695951839239668,3.43919626e-06,6.18568154e-07,0.618568154,1.03251484e-06,9.87140462,10463.6888972,0.8720481988635701,1.03251484e-06,1.24205266e-06,1.24205266
1447,3.43919626e-06,9.84363673,10434.2549338,0.8695951600719396,3.43919626e-06,6.18568128e-07,0.618568128,1.03251484e-06,9.87140519,10463.6895014,0.8720482492178502,1.03251484e-06,1.2420524e-06,1.2420524000000002
1448,3.43919626e-06,9.84363648,10434.2546688,0.8695951379867289,3.43919626e-06,6.18568103e-07,0.618568103,1.03251484e-06,9.87140576,10463.6901056,0.8720482995721304,1.03251484e-06,1.24205213e-06,1.24205213
1449,3.43919626e-06,9.84363625,10434.254425,0.8695951176683351,3.43919626e-06,6.1856808e-07,0.6185680800000001,1.03251484e-06,9.87140633,10463.6907098,0.8720483499264103,1.03251484e-06,1.24205187e-06,1.24205187
1450,3.43919626e-06,9.84363604,10434.2542024,0.8695950991167583,3.43919626e-06,6.18568058e-07,0.6185680579999999,1.03251484e-06,9.87140692,10463.6913352,0.8720484020475073,1.03251484e-06,1.24205161e-06,1.2420516099999999
1451,3.43919626e-06,9.84363584,10434.253990399999,0.8695950814485898,3.43919626e-06,6.18568037e-07,0.618568037,1.03251484e-06,9.87140752,10463.6919712,0.8720484550520128,1.03251484e-06,1.24205134e-06,1.24205134
1452,3.43919626e-06,9.84363566,10434.253799600001,0.8695950655472383,3.43919626e-06,6.18568018e-07,0.618568018,1.03251484e-06,9.87140812,10463.6926072,0.8720485080565182,1.03251484e-06,1.24205108e-06,1.24205108
1453,3.43919626e-06,9.84363547,10434.2535982,0.8695950487624783,3.43919626e-06,6.18568e-07,0.618568,1.03251484e-06,9.87140872,10463.6932432,0.8720485610610235,1.03251484e-06,1.24205081e-06,1.24205081
1454,3.43919626e-06,9.84363529,10434.2534074,0.8695950328611265,3.43919626e-06,6.18567983e-07,0.618567983,1.03251484e-06,9.87140931,10463.693868600001,0.8720486131821206,1.03251484e-06,1.24205055e-06,1.2420505499999999
1455,3.43919626e-06,9.84363511,10434.2532166,0.8695950169597749,3.43919626e-06,6.18567967e-07,0.618567967,1.03251484e-06,9.87140989,10463.6944834,0.8720486644198091,1.03251484e-06,1.24205028e-06,1.24205028
1456,3.43919626e-06,9.84363494,10434.2530364,0.8695950019418317,3.43919626e-06,6.18567952e-07,0.618567952,1.03251484e-06,9.87141048,10463.6951088,0.8720487165409061,1.03251484e-06,1.24205001e-06,1.24205001
1457,3.43919626e-06,9.84363478,10434.2528668,0.8695949878072969,3.43919626e-06,6.18567938e-07,0.6185679380000001,1.03251484e-06,9.87141107,10463.6957342,0.872048768662003,1.03251484e-06,1.24204975e-06,1.24204975
1458,3.43919626e-06,9.84363463,10434.2527078,0.8695949745561706,3.43919626e-06,6.18567925e-07,0.618567925,1.03251484e-06,9.87141167,10463.696370200001,0.8720488216665084,1.03251484e-06,1.24204948e-06,1.2420494800000002
1459,3.43919626e-06,9.84363449,10434.2525594,0.8695949621884527,3.43919626e-06,6.18567914e-07,0.618567914,1.03251484e-06,9.87141226,10463.6969956,0.8720488737876052,1.03251484e-06,1.24204921e-06,1.24204921
1460,3.43919626e-06,9.84363435,10434.252411,0.8695949498207347,3.43919626e-06,6.18567903e-07,0.618567903,1.03251484e-06,9.87141286,10463.6976316,0.8720489267921107,1.03251484e-06,1.24204894e-06,1.24204894
1461,3.43919626e-06,9.84363421,10434.252262599999,0.8695949374530167,3.43919626e-06,6.18567893e-07,0.618567893,1.03251484e-06,9.87141344,10463.6982464,0.8720489780297992,1.03251484e-06,1.24204867e-06,1.2420486700000002
1462,3.43919626e-06,9.84363408,10434.2521248,0.8695949259687074,3.43919626e-06,6.18567883e-07,0.618567883,1.03251484e-06,9.87141403,10463.698871800001,0.8720490301508963,1.03251484e-06,1.2420484e-06,1.2420484
1463,3.43919626e-06,9.84363395,10434.251987,0.8695949144843979,3.43919626e-06,6.18567875e-07,0.618567875,1.03251484e-06,9.87141461,10463.6994866,0.8720490813885847,1.03251484e-06,1.24204813e-06,1.24204813
1464,3.43919626e-06,9.84363383,10434.2518598,0.8695949038834968,3.43919626e-06,6.18567867e-07,0.618567867,1.03251484e-06,9.87141519,10463.7001014,0.8720491326262733,1.03251484e-06,1.24204786e-06,1.24204786
1465,3.43919626e-06,9.84363371,10434.251732600002,0.8695948932825959,3.43919626e-06,6.18567859e-07,0.618567859,1.03251484e-06,9.87141578,10463.7007268,0.8720491847473703,1.03251484e-06,1.24204759e-06,1.2420475899999999
1466,3.43919626e-06,9.8436336,10434.251616,0.8695948835651031,3.43919626e-06,6.18567853e-07,0.618567853,1.03251484e-06,9.87141635,10463.701331,0.8720492351016503,1.03251484e-06,1.24204732e-06,1.24204732
1467,3.43919626e-06,9.84363348,10434.251488799999,0.8695948729642019,3.43919626e-06,6.18567847e-07,0.618567847,1.03251484e-06,9.87141692,10463.701935199999,0.8720492854559303,1.03251484e-06,1.24204705e-06,1.2420470499999998
1468,3.43919626e-06,9.84363336,10434.2513616,0.8695948623633009,3.43919626e-06,6.18567841e-07,0.6185678410000001,1.03251484e-06,9.87141748,10463.7025288,0.8720493349268021,1.03251484e-06,1.24204678e-06,1.24204678
1469,3.43919626e-06,9.84363324,10434.2512344,0.8695948517623999,3.43919626e-06,6.18567836e-07,0.618567836,1.03251484e-06,9.87141804,10463.7031224,0.8720493843976739,1.03251484e-06,1.24204651e-06,1.24204651
1470,3.43919626e-06,9.84363312,10434.2511072,0.8695948411614988,3.43919626e-06,6.18567831e-07,0.618567831,1.03251484e-06,9.87141859,10463.7037054,0.872049432985137,1.03251484e-06,1.24204624e-06,1.2420462399999999
1471,3.43919626e-06,9.843633,10434.25098,0.8695948305605977,3.43919626e-06,6.18567826e-07,0.6185678259999999,1.03251484e-06,9.87141914,10463.7042884,0.8720494815726004,1.03251484e-06,1.24204597e-06,1.24204597
1472,3.43919626e-06,9.84363289,10434.2508634,0.869594820843105,3.43919626e-06,6.18567822e-07,0.6185678219999999,1.03251484e-06,9.87141968,10463.7048608,0.8720495292766552,1.03251484e-06,1.24204569e-06,1.24204569
1473,3.43919626e-06,9.84363277,10434.2507362,0.869594810242204,3.43919626e-06,6.18567818e-07,0.618567818,1.03251484e-06,9.87142021,10463.7054226,0.8720495760973016,1.03251484e-06,1.24204542e-06,1.24204542
1474,3.43919626e-06,9.84363266,10434.250619600001,0.8695948005247114,3.43919626e-06,6.18567814e-07,0.618567814,1.03251484e-06,9.87142074,10463.7059844,0.8720496229179481,1.03251484e-06,1.24204515e-06,1.24204515
1475,3.43919626e-06,9.84363254,10434.2504924,0.8695947899238102,3.43919626e-06,6.18567811e-07,0.618567811,1.03251484e-06,9.87142126,10463.7065356,0.8720496688551861,1.03251484e-06,1.24204488e-06,1.2420448800000001
1476,3.43919626e-06,9.84363242,10434.250365200001,0.8695947793229093,3.43919626e-06,6.18567807e-07,0.618567807,1.03251484e-06,9.87142177,10463.7070762,0.8720497139090156,1.03251484e-06,1.24204461e-06,1.24204461
1477,3.43919626e-06,9.84363229,10434.2502274,0.8695947678385997,3.43919626e-06,6.18567804e-07,0.618567804,1.03251484e-06,9.87142227,10463.7076062,0.8720497580794367,1.03251484e-06,1.24204433e-06,1.24204433
1478,3.43919626e-06,9.84363217,10434.250100199999,0.8695947572376985,3.43919626e-06,6.185678e-07,0.6185678,1.03251484e-06,9.87142276,10463.7081256,0.8720498013664495,1.03251484e-06,1.24204406e-06,1.24204406
1479,3.43919626e-06,9.84363204,10434.2499624,0.869594745753389,3.43919626e-06,6.18567797e-07,0.618567797,1.03251484e-06,9.87142324,10463.7086344,0.8720498437700538,1.03251484e-06,1.24204379e-06,1.2420437899999999
1480,3.43919626e-06,9.8436319,10434.249814,0.8695947333856712,3.43919626e-06,6.18567793e-07,0.618567793,1.03251484e-06,9.87142372,10463.7091432,0.8720498861736581,1.03251484e-06,1.24204352e-06,1.24204352
1481,3.43919626e-06,9.84363176,10434.249665599998,0.8695947210179531,3.43919626e-06,6.18567789e-07,0.6185677890000001,1.03251484e-06,9.87142418,10463.7096308,0.8720499268104456,1.03251484e-06,1.24204325e-06,1.2420432499999998
1482,3.43919626e-06,9.84363162,10434.2495172,0.8695947086502352,3.43919626e-06,6.18567785e-07,0.618567785,1.03251484e-06,9.87142463,10463.7101078,0.8720499665638246,1.03251484e-06,1.24204298e-06,1.24204298
1483,3.43919626e-06,9.84363147,10434.2493582,0.869594695399109,3.43919626e-06,6.18567781e-07,0.618567781,1.03251484e-06,9.87142507,10463.7105742,0.8720500054337953,1.03251484e-06,1.24204271e-06,1.24204271
1484,3.43919626e-06,9.84363131,10434.249188599999,0.8695946812645741,3.43919626e-06,6.18567777e-07,0.618567777,1.03251484e-06,9.8714255,10463.71103,0.8720500434203574,1.03251484e-06,1.24204245e-06,1.24204245
1485,3.43919626e-06,9.84363115,10434.249019,0.8695946671300395,3.43919626e-06,6.18567772e-07,0.618567772,1.03251484e-06,9.87142592,10463.7114752,0.8720500805235112,1.03251484e-06,1.24204218e-06,1.24204218
1486,3.43919626e-06,9.843631,10434.24886,0.869594653878913,3.43919626e-06,6.18567767e-07,0.6185677669999999,1.03251484e-06,9.87142634,10463.7119204,0.8720501176266648,1.03251484e-06,1.24204191e-06,1.24204191
1487,3.43919626e-06,9.8436308,10434.248647999999,0.8695946362107445,3.43919626e-06,6.18567761e-07,0.618567761,1.03251484e-06,9.87142672,10463.712323200001,0.8720501511961851,1.03251484e-06,1.24204165e-06,1.24204165
1488,3.43919626e-06,9.84363062,10434.248457200001,0.869594620309393,3.43919626e-06,6.18567755e-07,0.618567755,1.03251484e-06,9.8714271,10463.712726,0.8720501847657051,1.03251484e-06,1.24204138e-06,1.24204138
1489,3.43919626e-06,9.84363045,10434.248276999999,0.8695946052914497,3.43919626e-06,6.18567749e-07,0.618567749,1.03251484e-06,9.87142748,10463.7131288,0.8720502183352252,1.03251484e-06,1.24204112e-06,1.24204112
1490,3.43919626e-06,9.84363026,10434.248075599999,0.8695945885066897,3.43919626e-06,6.18567742e-07,0.618567742,1.03251484e-06,9.87142784,10463.7135104,0.8720502501379285,1.03251484e-06,1.24204085e-06,1.2420408500000002
1491,3.43919626e-06,9.84363005,10434.247852999999,0.8695945699551128,3.43919626e-06,6.18567735e-07,0.618567735,1.03251484e-06,9.87142819,10463.713881399999,0.8720502810572232,1.03251484e-06,1.24204059e-06,1.24204059
1492,3.43919626e-06,9.84362983,10434.247619799999,0.8695945505201275,3.43919626e-06,6.18567727e-07,0.6185677270000001,1.03251484e-06,9.87142851,10463.714220599999,0.8720503093262927,1.03251484e-06,1.24204033e-06,1.2420403299999998
1493,3.43919626e-06,9.84362963,10434.247407800001,0.8695945328519592,3.43919626e-06,6.18567718e-07,0.618567718,1.03251484e-06,9.87142884,10463.7145704,0.8720503384787707,1.03251484e-06,1.24204007e-06,1.24204007
1494,3.43919626e-06,9.84362941,10434.247174600001,0.8695945134169739,3.43919626e-06,6.18567709e-07,0.6185677089999999,1.03251484e-06,9.87142915,10463.714899,0.8720503658644319,1.03251484e-06,1.24203981e-06,1.2420398099999999
1495,3.43919626e-06,9.84362917,10434.2469202,0.8695944922151716,3.43919626e-06,6.185677e-07,0.6185677,1.03251484e-06,9.87142944,10463.7152064,0.8720503914832761,1.03251484e-06,1.24203956e-06,1.24203956
1496,3.43919626e-06,9.84362893,10434.2466658,0.8695944710133694,3.43919626e-06,6.18567689e-07,0.618567689,1.03251484e-06,9.87142972,10463.715503200001,0.872050416218712,1.03251484e-06,1.2420393e-06,1.2420393
1497,3.43919626e-06,9.84362869,10434.2464114,0.8695944498115673,3.43919626e-06,6.18567678e-07,0.6185676779999999,1.03251484e-06,9.87142999,10463.7157894,0.8720504400707393,1.03251484e-06,1.24203905e-06,1.2420390499999998
1498,3.43919626e-06,9.84362844,10434.246146399999,0.8695944277263566,3.43919626e-06,6.18567666e-07,0.618567666,1.03251484e-06,9.87143025,10463.716064999999,0.8720504630393583,1.03251484e-06,1.2420388e-06,1.2420388
1499,3.43919626e-06,9.84362817,10434.2458602,0.8695944038743294,3.43919626e-06,6.18567654e-07,0.618567654,1.03251484e-06,9.87143049,10463.7163194,0.8720504842411606,1.03251484e-06,1.24203855e-06,1.24203855
1500,3.43919626e-06,9.8436279,10434.245573999999,0.8695943800223018,3.43919626e-06,6.1856764e-07,0.61856764,1.03251484e-06,9.87143072,10463.7165632,0.8720505045595542,1.03251484e-06,1.2420383e-06,1.2420383
1501,3.43919626e-06,9.84362763,10434.2452878,0.8695943561702746,3.43919626e-06,6.18567626e-07,0.6185676259999999,1.03251484e-06,9.87143093,10463.716785800001,0.8720505231111313,1.03251484e-06,1.24203805e-06,1.2420380500000001
1502,3.43919626e-06,9.84362735,10434.244991,0.8695943314348387,3.43919626e-06,6.18567612e-07,0.618567612,1.03251484e-06,9.87143113,10463.7169978,0.8720505407792997,1.03251484e-06,1.24203781e-06,1.24203781
1503,3.43919626e-06,9.84362706,10434.2446836,0.8695943058159944,3.43919626e-06,6.18567596e-07,0.618567596,1.03251484e-06,9.87143132,10463.717199199999,0.8720505575640595,1.03251484e-06,1.24203757e-06,1.2420375700000001
1504,3.43919626e-06,9.84362676,10434.2443656,0.8695942793137417,3.43919626e-06,6.1856758e-07,0.61856758,1.03251484e-06,9.8714315,10463.71739,0.8720505734654113,1.03251484e-06,1.24203733e-06,1.24203733
1505,3.43919626e-06,9.84362646,10434.2440476,0.8695942528114889,3.43919626e-06,6.18567563e-07,0.6185675629999999,1.03251484e-06,9.87143166,10463.717559600002,0.8720505875999461,1.03251484e-06,1.24203709e-06,1.24203709
1506,3.43919626e-06,9.84362614,10434.2437084,0.8695942245424194,3.43919626e-06,6.18567545e-07,0.618567545,1.03251484e-06,9.87143181,10463.7177186,0.8720506008510724,1.03251484e-06,1.24203685e-06,1.24203685
1507,3.43919626e-06,9.84362582,10434.2433692,0.8695941962733499,3.43919626e-06,6.18567526e-07,0.6185675260000001,1.03251484e-06,9.87143194,10463.7178564,0.872050612335382,1.03251484e-06,1.24203662e-06,1.24203662
1508,3.43919626e-06,9.8436255,10434.24303,0.8695941680042804,3.43919626e-06,6.18567506e-07,0.618567506,1.03251484e-06,9.87143207,10463.717994199998,0.8720506238196912,1.03251484e-06,1.24203639e-06,1.24203639
1509,3.43919626e-06,9.84362516,10434.2426696,0.869594137968394,3.43919626e-06,6.18567486e-07,0.618567486,1.03251484e-06,9.87143218,10463.718110799999,0.8720506335371839,1.03251484e-06,1.24203616e-06,1.24203616
1510,3.43919626e-06,9.84362482,10434.2423092,0.8695941079325077,3.43919626e-06,6.18567465e-07,0.618567465,1.03251484e-06,9.87143227,10463.7182062,0.8720506414878598,1.03251484e-06,1.24203593e-06,1.2420359300000001
1511,3.43919626e-06,9.8436245,10434.241970000001,0.8695940796634382,3.43919626e-06,6.18567443e-07,0.618567443,1.03251484e-06,9.87143237,10463.7183122,0.8720506503219441,1.03251484e-06,1.24203571e-06,1.2420357100000001
1512,3.43919626e-06,9.84362415,10434.241599,0.8695940487441434,3.43919626e-06,6.18567421e-07,0.618567421,1.03251484e-06,9.87143244,10463.7183864,0.872050656505803,1.03251484e-06,1.24203549e-06,1.24203549
1513,3.43919626e-06,9.8436238,10434.241227999999,0.8695940178248484,3.43919626e-06,6.18567397e-07,0.618567397,1.03251484e-06,9.87143251,10463.7184606,0.8720506626896619,1.03251484e-06,1.24203527e-06,1.24203527
1514,3.43919626e-06,9.84362345,10434.240857,0.8695939869055537,3.43919626e-06,6.18567374e-07,0.6185673740000001,1.03251484e-06,9.87143256,10463.7185136,0.8720506671067042,1.03251484e-06,1.24203505e-06,1.24203505
1515,3.43919626e-06,9.84362311,10434.2404966,0.8695939568696672,3.43919626e-06,6.18567349e-07,0.618567349,1.03251484e-06,9.8714326,10463.718556,0.8720506706403378,1.03251484e-06,1.24203484e-06,1.24203484
1516,3.43919626e-06,9.8436227,10434.240061999999,0.8695939206499218,3.43919626e-06,6.18567324e-07,0.618567324,1.03251484e-06,9.87143261,10463.718566599999,0.8720506715237462,1.03251484e-06,1.24203463e-06,1.24203463
1517,3.43919626e-06,9.84362233,10434.239669800001,0.8695938879638104,3.43919626e-06,6.18567298e-07,0.618567298,1.03251484e-06,9.87143264,10463.7185984,0.8720506741739715,1.03251484e-06,1.24203442e-06,1.24203442
1518,3.43919626e-06,9.84362192,10434.2392352,0.869593851744065,3.43919626e-06,6.18567271e-07,0.618567271,1.03251484e-06,9.87143267,10463.718630200001,0.8720506768241968,1.03251484e-06,1.24203421e-06,1.24203421
1519,3.43919626e-06,9.84362156,10434.238853600002,0.8695938199413619,3.43919626e-06,6.18567244e-07,0.618567244,1.03251484e-06,9.87143267,10463.718630200001,0.8720506768241968,1.03251484e-06,1.24203401e-06,1.24203401
1520,3.43919626e-06,9.84362123,10434.2385038,0.8695937907888837,3.43919626e-06,6.18567216e-07,0.618567216,1.03251484e-06,9.87143263,10463.7185878,0.8720506732905631,1.03251484e-06,1.24203381e-06,1.24203381
1521,3.43919626e-06,9.84362086,10434.2381116,0.8695937581027721,3.43919626e-06,6.18567188e-07,0.618567188,1.03251484e-06,9.8714326,10463.718556,0.8720506706403378,1.03251484e-06,1.24203361e-06,1.24203361
1522,3.43919626e-06,9.84362052,10434.2377512,0.8695937280668857,3.43919626e-06,6.1856716e-07,0.61856716,1.03251484e-06,9.87143262,10463.7185772,0.8720506724071546,1.03251484e-06,1.24203342e-06,1.24203342
1523,3.43919626e-06,9.84362013,10434.2373378,0.8695936936139571,3.43919626e-06,6.18567131e-07,0.6185671309999999,1.03251484e-06,9.8714326,10463.718556,0.8720506706403378,1.03251484e-06,1.24203323e-06,1.2420332299999999
1524,3.43919626e-06,9.84361973,10434.2369138,0.8695936582776203,3.43919626e-06,6.18567102e-07,0.618567102,1.03251484e-06,9.87143253,10463.7184818,0.8720506644564788,1.03251484e-06,1.24203304e-06,1.24203304
1525,3.43919626e-06,9.8436193,10434.236458,0.869593620291058,3.43919626e-06,6.18567072e-07,0.6185670719999999,1.03251484e-06,9.87143243,10463.718375800001,0.8720506556223947,1.03251484e-06,1.24203285e-06,1.2420328500000002
1526,3.43919626e-06,9.84361891,10434.2360446,0.8695935858381296,3.43919626e-06,6.18567042e-07,0.618567042,1.03251484e-06,9.87143236,10463.7183016,0.8720506494385356,1.03251484e-06,1.24203267e-06,1.2420326700000002
1527,3.43919626e-06,9.84361855,10434.235663000001,0.8695935540354265,3.43919626e-06,6.18567012e-07,0.618567012,1.03251484e-06,9.87143232,10463.7182592,0.872050645904902,1.03251484e-06,1.24203249e-06,1.24203249
1528,3.43919626e-06,9.84361819,10434.2352814,0.8695935222327232,3.43919626e-06,6.18566981e-07,0.618566981,1.03251484e-06,9.87143225,10463.718185,0.8720506397210429,1.03251484e-06,1.24203231e-06,1.24203231
1529,3.43919626e-06,9.84361783,10434.2348998,0.8695934904300199,3.43919626e-06,6.18566951e-07,0.6185669509999999,1.03251484e-06,9.87143216,10463.718089599999,0.8720506317703671,1.03251484e-06,1.24203214e-06,1.24203214
1530,3.43919626e-06,9.84361747,10434.234518199999,0.8695934586273166,3.43919626e-06,6.1856692e-07,0.6185669199999999,1.03251484e-06,9.87143207,10463.717994199998,0.8720506238196912,1.03251484e-06,1.24203197e-06,1.24203197
1531,3.43919626e-06,9.84361713,10434.2341578,0.8695934285914303,3.43919626e-06,6.18566889e-07,0.6185668889999999,1.03251484e-06,9.87143199,10463.7179094,0.872050616752424,1.03251484e-06,1.2420318e-06,1.2420318000000001
1532,3.43919626e-06,9.84361675,10434.233755000001,0.8695933950219104,3.43919626e-06,6.18566859e-07,0.618566859,1.03251484e-06,9.87143188,10463.7177928,0.8720506070349313,1.03251484e-06,1.24203163e-06,1.24203163
1533,3.43919626e-06,9.84361636,10434.2333416,0.8695933605689817,3.43919626e-06,6.18566828e-07,0.6185668280000001,1.03251484e-06,9.87143177,10463.7176762,0.8720505973174387,1.03251484e-06,1.24203147e-06,1.24203147
1534,3.43919626e-06,9.84361599,10434.2329494,0.8695933278828701,3.43919626e-06,6.18566798e-07,0.618566798,1.03251484e-06,9.87143165,10463.717548999999,0.8720505867165376,1.03251484e-06,1.24203131e-06,1.24203131
1535,3.43919626e-06,9.84361564,10434.232578399999,0.8695932969635751,3.43919626e-06,6.18566767e-07,0.618566767,1.03251484e-06,9.87143153,10463.7174218,0.8720505761156365,1.03251484e-06,1.24203116e-06,1.24203116
1536,3.43919626e-06,9.8436153,10434.232218,0.8695932669276888,3.43919626e-06,6.18566737e-07,0.6185667370000001,1.03251484e-06,9.87143141,10463.7172946,0.8720505655147354,1.03251484e-06,1.242031e-06,1.2420309999999999
1537,3.43919626e-06,9.84361497,10434.2318682,0.8695932377752109,3.43919626e-06,6.18566707e-07,0.618566707,1.03251484e-06,9.87143128,10463.7171568,0.8720505540304259,1.03251484e-06,1.24203085e-06,1.2420308500000001
1538,3.43919626e-06,9.84361464,10434.2315184,0.8695932086227329,3.43919626e-06,6.18566677e-07,0.618566677,1.03251484e-06,9.87143116,10463.7170296,0.8720505434295249,1.03251484e-06,1.2420307e-06,1.2420307
1539,3.43919626e-06,9.84361432,10434.2311792,0.8695931803536634,3.43919626e-06,6.18566648e-07,0.618566648,1.03251484e-06,9.87143102,10463.7168812,0.872050531061807,1.03251484e-06,1.24203056e-06,1.2420305600000001
1540,3.43919626e-06,9.843614,10434.23084,0.8695931520845939,3.43919626e-06,6.18566619e-07,0.618566619,1.03251484e-06,9.87143089,10463.716743399998,0.8720505195774974,1.03251484e-06,1.24203042e-06,1.2420304199999999
1541,3.43919626e-06,9.84361368,10434.2305008,0.8695931238155243,3.43919626e-06,6.1856659e-07,0.61856659,1.03251484e-06,9.87143075,10463.716595,0.8720505072097795,1.03251484e-06,1.24203028e-06,1.24203028
1542,3.43919626e-06,9.84361337,10434.2301722,0.8695930964298632,3.43919626e-06,6.18566562e-07,0.618566562,1.03251484e-06,9.8714306,10463.716436,0.8720504939586532,1.03251484e-06,1.24203014e-06,1.24203014
1543,3.43919626e-06,9.84361307,10434.2298542,0.8695930699276107,3.43919626e-06,6.18566534e-07,0.6185665340000001,1.03251484e-06,9.87143045,10463.716277,0.8720504807075268,1.03251484e-06,1.24203001e-06,1.24203001
1544,3.43919626e-06,9.84361277,10434.2295362,0.8695930434253579,3.43919626e-06,6.18566507e-07,0.618566507,1.03251484e-06,9.8714303,10463.716118,0.8720504674564005,1.03251484e-06,1.24202988e-06,1.24202988
1545,3.43919626e-06,9.8436125,10434.22925,0.8695930195733305,3.43919626e-06,6.1856648e-07,0.6185664799999999,1.03251484e-06,9.87143015,10463.715959000001,0.8720504542052743,1.03251484e-06,1.24202975e-06,1.2420297500000002
1546,3.43919626e-06,9.84361223,10434.2289638,0.869592995721303,3.43919626e-06,6.18566454e-07,0.618566454,1.03251484e-06,9.87143,10463.7158,0.8720504409541477,1.03251484e-06,1.24202962e-06,1.24202962
1547,3.43919626e-06,9.84361196,10434.2286776,0.8695929718692756,3.43919626e-06,6.18566429e-07,0.618566429,1.03251484e-06,9.87142985,10463.715641,0.8720504277030215,1.03251484e-06,1.2420295e-06,1.2420295
1548,3.43919626e-06,9.84361171,10434.2284126,0.869592949784065,3.43919626e-06,6.18566404e-07,0.618566404,1.03251484e-06,9.8714297,10463.715482,0.8720504144518951,1.03251484e-06,1.24202938e-06,1.24202938
1549,3.43919626e-06,9.84361146,10434.2281476,0.8695929276988545,3.43919626e-06,6.1856638e-07,0.61856638,1.03251484e-06,9.87142954,10463.7153124,0.8720504003173604,1.03251484e-06,1.24202926e-06,1.24202926
1550,3.43919626e-06,9.84361123,10434.2279038,0.8695929073804607,3.43919626e-06,6.18566357e-07,0.6185663570000001,1.03251484e-06,9.87142938,10463.7151428,0.8720503861828256,1.03251484e-06,1.24202915e-06,1.24202915
1551,3.43919626e-06,9.843611,10434.227659999999,0.8695928870620668,3.43919626e-06,6.18566334e-07,0.6185663339999999,1.03251484e-06,9.87142922,10463.7149732,0.8720503720482908,1.03251484e-06,1.24202904e-06,1.24202904
1552,3.43919626e-06,9.84361078,10434.2274268,0.8695928676270817,3.43919626e-06,6.18566313e-07,0.618566313,1.03251484e-06,9.87142907,10463.714814199999,0.8720503587971643,1.03251484e-06,1.24202893e-06,1.24202893
1553,3.43919626e-06,9.84361058,10434.2272148,0.8695928499589132,3.43919626e-06,6.18566292e-07,0.618566292,1.03251484e-06,9.87142891,10463.7146446,0.8720503446626298,1.03251484e-06,1.24202882e-06,1.24202882
1554,3.43919626e-06,9.84361038,10434.2270028,0.8695928322907448,3.43919626e-06,6.18566272e-07,0.618566272,1.03251484e-06,9.87142875,10463.714474999999,0.8720503305280948,1.03251484e-06,1.24202872e-06,1.24202872
1555,3.43919626e-06,9.8436102,10434.226812,0.8695928163893932,3.43919626e-06,6.18566252e-07,0.6185662519999999,1.03251484e-06,9.87142859,10463.7143054,0.8720503163935602,1.03251484e-06,1.24202861e-06,1.24202861
1556,3.43919626e-06,9.84361003,10434.2266318,0.86959280137145,3.43919626e-06,6.18566234e-07,0.618566234,1.03251484e-06,9.87142843,10463.7141358,0.8720503022590255,1.03251484e-06,1.24202851e-06,1.24202851
1557,3.43919626e-06,9.84360987,10434.2264622,0.8695927872369152,3.43919626e-06,6.18566216e-07,0.6185662160000001,1.03251484e-06,9.87142828,10463.7139768,0.872050289007899,1.03251484e-06,1.24202842e-06,1.24202842
1558,3.43919626e-06,9.84360971,10434.2262926,0.8695927731023805,3.43919626e-06,6.185662e-07,0.6185662,1.03251484e-06,9.87142812,10463.7138072,0.8720502748733643,1.03251484e-06,1.24202832e-06,1.24202832
1559,3.43919626e-06,9.84360957,10434.2261442,0.8695927607346625,3.43919626e-06,6.18566184e-07,0.6185661840000001,1.03251484e-06,9.87142796,10463.7136376,0.8720502607388295,1.03251484e-06,1.24202823e-06,1.24202823
1560,3.43919626e-06,9.84360944,10434.2260064,0.869592749250353,3.43919626e-06,6.18566169e-07,0.6185661689999999,1.03251484e-06,9.8714278,10463.713468,0.8720502466042948,1.03251484e-06,1.24202814e-06,1.24202814
1561,3.43919626e-06,9.84360932,10434.225879200001,0.869592738649452,3.43919626e-06,6.18566155e-07,0.618566155,1.03251484e-06,9.87142765,10463.713308999999,0.8720502333531683,1.03251484e-06,1.24202805e-06,1.24202805
1562,3.43919626e-06,9.84360921,10434.225762600001,0.8695927289319594,3.43919626e-06,6.18566142e-07,0.618566142,1.03251484e-06,9.87142749,10463.7131394,0.8720502192186337,1.03251484e-06,1.24202796e-06,1.24202796
1563,3.43919626e-06,9.84360911,10434.2256566,0.869592720097875,3.43919626e-06,6.1856613e-07,0.6185661299999999,1.03251484e-06,9.87142734,10463.7129804,0.8720502059675073,1.03251484e-06,1.24202788e-06,1.24202788
1564,3.43919626e-06,9.84360902,10434.2255612,0.8695927121471992,3.43919626e-06,6.18566119e-07,0.618566119,1.03251484e-06,9.87142719,10463.7128214,0.872050192716381,1.03251484e-06,1.2420278e-06,1.2420278
1565,3.43919626e-06,9.84360894,10434.225476399999,0.8695927050799317,3.43919626e-06,6.18566109e-07,0.618566109,1.03251484e-06,9.87142703,10463.712651799999,0.8720501785818461,1.03251484e-06,1.24202772e-06,1.24202772
1566,3.43919626e-06,9.84360887,10434.225402200002,0.869592698896073,3.43919626e-06,6.185661e-07,0.6185660999999999,1.03251484e-06,9.87142688,10463.7124928,0.8720501653307198,1.03251484e-06,1.24202764e-06,1.24202764
1567,3.43919626e-06,9.84360882,10434.2253492,0.8695926944790308,3.43919626e-06,6.18566091e-07,0.618566091,1.03251484e-06,9.87142673,10463.7123338,0.8720501520795935,1.03251484e-06,1.24202756e-06,1.24202756
1568,3.43919626e-06,9.84360877,10434.2252962,0.8695926900619887,3.43919626e-06,6.18566084e-07,0.618566084,1.03251484e-06,9.87142658,10463.712174799999,0.872050138828467,1.03251484e-06,1.24202749e-06,1.24202749
1569,3.43919626e-06,9.84360873,10434.2252538,0.8695926865283549,3.43919626e-06,6.18566078e-07,0.618566078,1.03251484e-06,9.87142643,10463.7120158,0.8720501255773407,1.03251484e-06,1.24202742e-06,1.24202742
1570,3.43919626e-06,9.8436087,10434.225222000001,0.8695926838781297,3.43919626e-06,6.18566072e-07,0.6185660719999999,1.03251484e-06,9.87142628,10463.7118568,0.8720501123262144,1.03251484e-06,1.24202735e-06,1.24202735
1571,3.43919626e-06,9.84360868,10434.225200800001,0.8695926821113129,3.43919626e-06,6.18566067e-07,0.618566067,1.03251484e-06,9.87142613,10463.7116978,0.872050099075088,1.03251484e-06,1.24202728e-06,1.24202728
1572,3.43919626e-06,9.84360867,10434.2251902,0.8695926812279045,3.43919626e-06,6.18566064e-07,0.618566064,1.03251484e-06,9.87142598,10463.7115388,0.8720500858239617,1.03251484e-06,1.24202721e-06,1.24202721
1573,3.43919626e-06,9.84360866,10434.2251796,0.869592680344496,3.43919626e-06,6.18566061e-07,0.618566061,1.03251484e-06,9.87142584,10463.7113904,0.8720500734562437,1.03251484e-06,1.24202715e-06,1.24202715
1574,3.43919626e-06,9.84360867,10434.2251902,0.8695926812279045,3.43919626e-06,6.18566059e-07,0.6185660590000001,1.03251484e-06,9.87142569,10463.7112314,0.8720500602051175,1.03251484e-06,1.24202709e-06,1.24202709
1575,3.43919626e-06,9.84360869,10434.2252114,0.8695926829947213,3.43919626e-06,6.18566058e-07,0.618566058,1.03251484e-06,9.87142555,10463.711083,0.8720500478373996,1.03251484e-06,1.24202703e-06,1.24202703
1576,3.43919626e-06,9.84360871,10434.2252326,0.8695926847615381,3.43919626e-06,6.18566058e-07,0.618566058,1.03251484e-06,9.8714254,10463.710923999999,0.8720500345862732,1.03251484e-06,1.24202697e-06,1.24202697
1577,3.43919626e-06,9.84360874,10434.2252644,0.8695926874117633,3.43919626e-06,6.18566059e-07,0.6185660590000001,1.03251484e-06,9.87142526,10463.7107756,0.8720500222185553,1.03251484e-06,1.24202691e-06,1.2420269099999999
1578,3.43919626e-06,9.84360878,10434.2253068,0.8695926909453972,3.43919626e-06,6.1856606e-07,0.61856606,1.03251484e-06,9.87142511,10463.710616600001,0.872050008967429,1.03251484e-06,1.24202686e-06,1.24202686
1579,3.43919626e-06,9.84360884,10434.2253704,0.8695926962458476,3.43919626e-06,6.18566062e-07,0.618566062,1.03251484e-06,9.87142497,10463.710468199999,0.8720499965997109,1.03251484e-06,1.2420268e-06,1.2420267999999999
1580,3.43919626e-06,9.84360889,10434.225423400001,0.8695927006628899,3.43919626e-06,6.18566066e-07,0.6185660660000001,1.03251484e-06,9.87142483,10463.7103198,0.8720499842319931,1.03251484e-06,1.24202675e-06,1.24202675
1581,3.43919626e-06,9.84360895,10434.225487,0.8695927059633403,3.43919626e-06,6.18566069e-07,0.618566069,1.03251484e-06,9.87142469,10463.7101714,0.8720499718642751,1.03251484e-06,1.2420267e-06,1.2420267
1582,3.43919626e-06,9.84360902,10434.2255612,0.8695927121471992,3.43919626e-06,6.18566074e-07,0.618566074,1.03251484e-06,9.87142455,10463.710023,0.8720499594965572,1.03251484e-06,1.24202665e-06,1.2420266500000001
1583,3.43919626e-06,9.84360909,10434.2256354,0.8695927183310582,3.43919626e-06,6.18566079e-07,0.6185660789999999,1.03251484e-06,9.8714244,10463.709864,0.872049946245431,1.03251484e-06,1.2420266e-06,1.2420266
1584,3.43919626e-06,9.84360917,10434.2257202,0.8695927253983256,3.43919626e-06,6.18566085e-07,0.618566085,1.03251484e-06,9.87142426,10463.7097156,0.872049933877713,1.03251484e-06,1.24202656e-06,1.24202656
1585,3.43919626e-06,9.84360926,10434.225815599999,0.8695927333490012,3.43919626e-06,6.18566092e-07,0.618566092,1.03251484e-06,9.87142412,10463.7095672,0.872049921509995,1.03251484e-06,1.24202651e-06,1.2420265099999999
1586,3.43919626e-06,9.84360936,10434.2259216,0.8695927421830856,3.43919626e-06,6.185661e-07,0.6185660999999999,1.03251484e-06,9.87142398,10463.7094188,0.8720499091422771,1.03251484e-06,1.24202647e-06,1.24202647
1587,3.43919626e-06,9.84360944,10434.2260064,0.869592749250353,3.43919626e-06,6.18566108e-07,0.618566108,1.03251484e-06,9.87142382,10463.709249200001,0.8720498950077424,1.03251484e-06,1.24202643e-06,1.2420264300000001
1588,3.43919626e-06,9.84360955,10434.226123,0.8695927589678457,3.43919626e-06,6.18566116e-07,0.618566116,1.03251484e-06,9.87142369,10463.7091114,0.8720498835234328,1.03251484e-06,1.24202639e-06,1.24202639
1589,3.43919626e-06,9.84360966,10434.2262396,0.8695927686853383,3.43919626e-06,6.18566126e-07,0.618566126,1.03251484e-06,9.87142354,10463.7089524,0.8720498702723065,1.03251484e-06,1.24202635e-06,1.24202635
1590,3.43919626e-06,9.84360977,10434.2263562,0.869592778402831,3.43919626e-06,6.18566135e-07,0.618566135,1.03251484e-06,9.87142339,10463.708793400001,0.8720498570211802,1.03251484e-06,1.24202631e-06,1.24202631
1591,3.43919626e-06,9.84360989,10434.2264834,0.869592789003732,3.43919626e-06,6.18566146e-07,0.618566146,1.03251484e-06,9.87142325,10463.708644999999,0.8720498446534621,1.03251484e-06,1.24202627e-06,1.24202627
1592,3.43919626e-06,9.84361002,10434.2266212,0.8695928004880414,3.43919626e-06,6.18566156e-07,0.6185661560000001,1.03251484e-06,9.8714231,10463.708486,0.8720498314023358,1.03251484e-06,1.24202624e-06,1.24202624
1593,3.43919626e-06,9.84361015,10434.226759,0.8695928119723509,3.43919626e-06,6.18566168e-07,0.618566168,1.03251484e-06,9.87142296,10463.708337600001,0.8720498190346181,1.03251484e-06,1.24202621e-06,1.24202621
1594,3.43919626e-06,9.84361028,10434.2268968,0.8695928234566606,3.43919626e-06,6.1856618e-07,0.6185661800000001,1.03251484e-06,9.87142281,10463.7081786,0.8720498057834917,1.03251484e-06,1.24202618e-06,1.24202618
1595,3.43919626e-06,9.84361041,10434.2270346,0.8695928349409701,3.43919626e-06,6.18566192e-07,0.618566192,1.03251484e-06,9.87142266,10463.7080196,0.8720497925323654,1.03251484e-06,1.24202615e-06,1.2420261499999998
1596,3.43919626e-06,9.84361054,10434.2271724,0.8695928464252796,3.43919626e-06,6.18566205e-07,0.618566205,1.03251484e-06,9.8714225,10463.707849999999,0.8720497783978304,1.03251484e-06,1.24202612e-06,1.24202612
1597,3.43919626e-06,9.84361067,10434.2273102,0.869592857909589,3.43919626e-06,6.18566218e-07,0.618566218,1.03251484e-06,9.87142235,10463.707691,0.8720497651467042,1.03251484e-06,1.24202609e-06,1.24202609
1598,3.43919626e-06,9.84361081,10434.2274586,0.8695928702773069,3.43919626e-06,6.18566231e-07,0.618566231,1.03251484e-06,9.87142219,10463.7075214,0.8720497510121694,1.03251484e-06,1.24202606e-06,1.24202606
1599,3.43919626e-06,9.84361096,10434.2276176,0.8695928835284332,3.43919626e-06,6.18566245e-07,0.618566245,1.03251484e-06,9.87142204,10463.7073624,0.8720497377610431,1.03251484e-06,1.24202604e-06,1.2420260399999998
1600,3.43919626e-06,9.84361111,10434.227776599999,0.8695928967795595,3.43919626e-06,6.18566259e-07,0.618566259,1.03251484e-06,9.87142189,10463.707203400001,0.8720497245099168,1.03251484e-06,1.24202602e-06,1.2420260200000002
1601,3.43919626e-06,9.84361126,10434.2279356,0.869592910030686,3.43919626e-06,6.18566273e-07,0.618566273,1.03251484e-06,9.87142172,10463.7070232,0.8720497094919736,1.03251484e-06,1.24202599e-06,1.24202599
1602,3.43919626e-06,9.84361141,10434.2280946,0.8695929232818123,3.43919626e-06,6.18566288e-07,0.618566288,1.03251484e-06,9.87142156,10463.7068536,0.8720496953574388,1.03251484e-06,1.24202597e-06,1.2420259699999998
1603,3.43919626e-06,9.84361156,10434.228253599998,0.8695929365329386,3.43919626e-06,6.18566302e-07,0.6185663020000001,1.03251484e-06,9.8714214,10463.706683999999,0.8720496812229039,1.03251484e-06,1.24202595e-06,1.24202595
1604,3.43919626e-06,9.84361171,10434.2284126,0.869592949784065,3.43919626e-06,6.18566317e-07,0.618566317,1.03251484e-06,9.87142123,10463.7065038,0.8720496662049608,1.03251484e-06,1.24202594e-06,1.24202594
1605,3.43919626e-06,9.84361185,10434.228561,0.8695929621517829,3.43919626e-06,6.18566332e-07,0.618566332,1.03251484e-06,9.87142106,10463.7063236,0.8720496511870175,1.03251484e-06,1.24202592e-06,1.24202592
1606,3.43919626e-06,9.843612,10434.228720000001,0.8695929754029094,3.43919626e-06,6.18566347e-07,0.618566347,1.03251484e-06,9.87142088,10463.7061328,0.8720496352856659,1.03251484e-06,1.2420259e-06,1.2420259
1607,3.43919626e-06,9.84361216,10434.2288896,0.869592989537444,3.43919626e-06,6.18566363e-07,0.6185663629999999,1.03251484e-06,9.87142071,10463.705952600001,0.8720496202677229,1.03251484e-06,1.24202589e-06,1.24202589
1608,3.43919626e-06,9.84361232,10434.2290592,0.8695930036719789,3.43919626e-06,6.18566378e-07,0.618566378,1.03251484e-06,9.87142053,10463.7057618,0.8720496043663711,1.03251484e-06,1.24202588e-06,1.24202588
1609,3.43919626e-06,9.84361248,10434.2292288,0.8695930178065137,3.43919626e-06,6.18566394e-07,0.6185663939999999,1.03251484e-06,9.87142036,10463.7055816,0.8720495893484279,1.03251484e-06,1.24202587e-06,1.24202587
1610,3.43919626e-06,9.84361264,10434.2293984,0.8695930319410484,3.43919626e-06,6.18566409e-07,0.618566409,1.03251484e-06,9.87142018,10463.7053908,0.8720495734470763,1.03251484e-06,1.24202586e-06,1.2420258599999998
1611,3.43919626e-06,9.8436128,10434.229568,0.8695930460755832,3.43919626e-06,6.18566425e-07,0.6185664249999999,1.03251484e-06,9.87141999,10463.7051894,0.8720495566623163,1.03251484e-06,1.24202585e-06,1.24202585
1612,3.43919626e-06,9.84361296,10434.2297376,0.869593060210118,3.43919626e-06,6.1856644e-07,0.61856644,1.03251484e-06,9.87141981,10463.7049986,0.8720495407609647,1.03251484e-06,1.24202584e-06,1.2420258400000002
1613,3.43919626e-06,9.84361311,10434.2298966,0.8695930734612443,3.43919626e-06,6.18566456e-07,0.6185664559999999,1.03251484e-06,9.87141961,10463.7047866,0.8720495230927962,1.03251484e-06,1.24202583e-06,1.24202583
1614,3.43919626e-06,9.84361324,10434.2300344,0.8695930849455537,3.43919626e-06,6.18566471e-07,0.6185664710000001,1.03251484e-06,9.87141941,10463.7045746,0.8720495054246278,1.03251484e-06,1.24202583e-06,1.24202583
1615,3.43919626e-06,9.84361339,10434.2301934,0.8695930981966802,3.43919626e-06,6.18566487e-07,0.6185664869999999,1.03251484e-06,9.87141921,10463.704362600001,0.8720494877564594,1.03251484e-06,1.24202583e-06,1.24202583
1616,3.43919626e-06,9.84361355,10434.230363,0.869593112331215,3.43919626e-06,6.18566502e-07,0.6185665020000001,1.03251484e-06,9.87141901,10463.7041506,0.8720494700882909,1.03251484e-06,1.24202582e-06,1.24202582
1617,3.43919626e-06,9.84361372,10434.230543200001,0.8695931273491582,3.43919626e-06,6.18566517e-07,0.618566517,1.03251484e-06,9.87141882,10463.7039492,0.8720494533035309,1.03251484e-06,1.24202582e-06,1.24202582
1618,3.43919626e-06,9.8436139,10434.230733999999,0.8695931432505095,3.43919626e-06,6.18566532e-07,0.618566532,1.03251484e-06,9.87141862,10463.7037372,0.8720494356353623,1.03251484e-06,1.24202582e-06,1.24202582
1619,3.43919626e-06,9.84361407,10434.2309142,0.8695931582684528,3.43919626e-06,6.18566548e-07,0.618566548,1.03251484e-06,9.87141843,10463.703535800001,0.8720494188506024,1.03251484e-06,1.24202583e-06,1.24202583
1620,3.43919626e-06,9.84361423,10434.2310838,0.8695931724029876,3.43919626e-06,6.18566563e-07,0.618566563,1.03251484e-06,9.87141822,10463.703313200002,0.8720494002990256,1.03251484e-06,1.24202583e-06,1.24202583
1621,3.43919626e-06,9.84361438,10434.2312428,0.869593185654114,3.43919626e-06,6.18566577e-07,0.618566577,1.03251484e-06,9.871418,10463.703080000001,0.8720493808640403,1.03251484e-06,1.24202583e-06,1.24202583
1622,3.43919626e-06,9.84361452,10434.231391199999,0.8695931980218318,3.43919626e-06,6.18566592e-07,0.6185665920000001,1.03251484e-06,9.87141778,10463.702846799999,0.8720493614290548,1.03251484e-06,1.24202584e-06,1.2420258400000002
1623,3.43919626e-06,9.84361465,10434.231528999999,0.8695932095061413,3.43919626e-06,6.18566607e-07,0.618566607,1.03251484e-06,9.87141755,10463.702603,0.8720493411106611,1.03251484e-06,1.24202585e-06,1.24202585
1624,3.43919626e-06,9.84361479,10434.231677400001,0.8695932218738593,3.43919626e-06,6.18566621e-07,0.618566621,1.03251484e-06,9.87141732,10463.7023592,0.8720493207922674,1.03251484e-06,1.24202586e-06,1.2420258599999998
1625,3.43919626e-06,9.84361494,10434.2318364,0.8695932351249857,3.43919626e-06,6.18566635e-07,0.618566635,1.03251484e-06,9.8714171,10463.702126,0.8720493013572821,1.03251484e-06,1.24202587e-06,1.24202587
1626,3.43919626e-06,9.8436151,10434.232005999998,0.8695932492595203,3.43919626e-06,6.18566648e-07,0.618566648,1.03251484e-06,9.87141688,10463.7018928,0.8720492819222967,1.03251484e-06,1.24202588e-06,1.24202588
1627,3.43919626e-06,9.84361526,10434.2321756,0.8695932633940552,3.43919626e-06,6.18566662e-07,0.618566662,1.03251484e-06,9.87141666,10463.7016596,0.8720492624873114,1.03251484e-06,1.24202589e-06,1.24202589
1628,3.43919626e-06,9.84361542,10434.2323452,0.86959327752859,3.43919626e-06,6.18566675e-07,0.6185666750000001,1.03251484e-06,9.87141643,10463.7014158,0.8720492421689178,1.03251484e-06,1.24202591e-06,1.2420259100000002
1629,3.43919626e-06,9.84361557,10434.232504200001,0.8695932907797164,3.43919626e-06,6.18566689e-07,0.618566689,1.03251484e-06,9.8714162,10463.701172000001,0.872049221850524,1.03251484e-06,1.24202592e-06,1.24202592
1630,3.43919626e-06,9.8436157,10434.232642,0.8695933022640259,3.43919626e-06,6.18566702e-07,0.618566702,1.03251484e-06,9.87141595,10463.700906999999,0.8720491997653133,1.03251484e-06,1.24202594e-06,1.24202594
1631,3.43919626e-06,9.84361583,10434.232779799999,0.8695933137483352,3.43919626e-06,6.18566714e-07,0.618566714,1.03251484e-06,9.87141571,10463.7006526,0.8720491785635113,1.03251484e-06,1.24202596e-06,1.24202596
1632,3.43919626e-06,9.84361597,10434.232928200001,0.8695933261160533,3.43919626e-06,6.18566727e-07,0.618566727,1.03251484e-06,9.87141546,10463.7003876,0.8720491564783007,1.03251484e-06,1.24202598e-06,1.24202598
1633,3.43919626e-06,9.84361612,10434.2330872,0.8695933393671796,3.43919626e-06,6.18566739e-07,0.618566739,1.03251484e-06,9.87141522,10463.7001332,0.8720491352764985,1.03251484e-06,1.242026e-06,1.242026
1634,3.43919626e-06,9.84361627,10434.2332462,0.8695933526183058,3.43919626e-06,6.18566751e-07,0.618566751,1.03251484e-06,9.87141497,10463.6998682,0.8720491131912879,1.03251484e-06,1.24202602e-06,1.2420260200000002
1635,3.43919626e-06,9.84361642,10434.2334052,0.8695933658694324,3.43919626e-06,6.18566762e-07,0.618566762,1.03251484e-06,9.87141473,10463.6996138,0.8720490919894858,1.03251484e-06,1.24202605e-06,1.24202605
1636,3.43919626e-06,9.84361655,10434.233543,0.8695933773537418,3.43919626e-06,6.18566774e-07,0.6185667739999999,1.03251484e-06,9.87141447,10463.6993382,0.8720490690208668,1.03251484e-06,1.24202607e-06,1.24202607
1637,3.43919626e-06,9.84361669,10434.233691399999,0.8695933897214596,3.43919626e-06,6.18566785e-07,0.618566785,1.03251484e-06,9.87141422,10463.6990732,0.8720490469356562,1.03251484e-06,1.2420261e-06,1.2420261
1638,3.43919626e-06,9.84361683,10434.233839800001,0.8695934020891777,3.43919626e-06,6.18566796e-07,0.6185667960000001,1.03251484e-06,9.87141396,10463.6987976,0.8720490239670372,1.03251484e-06,1.24202613e-06,1.24202613
1639,3.43919626e-06,9.84361697,10434.2339882,0.8695934144568955,3.43919626e-06,6.18566807e-07,0.618566807,1.03251484e-06,9.87141371,10463.698532600001,0.8720490018818268,1.03251484e-06,1.24202616e-06,1.24202616
1640,3.43919626e-06,9.84361711,10434.2341366,0.8695934268246135,3.43919626e-06,6.18566818e-07,0.618566818,1.03251484e-06,9.87141345,10463.698257,0.8720489789132077,1.03251484e-06,1.24202619e-06,1.24202619
1641,3.43919626e-06,9.84361725,10434.234284999999,0.8695934391923312,3.43919626e-06,6.18566828e-07,0.6185668280000001,1.03251484e-06,9.87141319,10463.6979814,0.8720489559445888,1.03251484e-06,1.24202622e-06,1.2420262199999998
1642,3.43919626e-06,9.84361739,10434.2344334,0.8695934515600494,3.43919626e-06,6.18566838e-07,0.618566838,1.03251484e-06,9.87141293,10463.6977058,0.8720489329759696,1.03251484e-06,1.24202625e-06,1.24202625
1643,3.43919626e-06,9.84361754,10434.2345924,0.8695934648111756,3.43919626e-06,6.18566848e-07,0.6185668480000001,1.03251484e-06,9.87141267,10463.6974302,0.8720489100073506,1.03251484e-06,1.24202629e-06,1.24202629
1644,3.43919626e-06,9.84361768,10434.234740799999,0.8695934771788935,3.43919626e-06,6.18566858e-07,0.618566858,1.03251484e-06,9.8714124,10463.697144,0.8720488861553232,1.03251484e-06,1.24202632e-06,1.24202632
1645,3.43919626e-06,9.8436178,10434.234868000001,0.8695934877797947,3.43919626e-06,6.18566868e-07,0.6185668679999999,1.03251484e-06,9.87141213,10463.6968578,0.8720488623032958,1.03251484e-06,1.24202636e-06,1.24202636
1646,3.43919626e-06,9.84361792,10434.2349952,0.8695934983806958,3.43919626e-06,6.18566877e-07,0.618566877,1.03251484e-06,9.87141185,10463.696560999999,0.8720488375678599,1.03251484e-06,1.2420264e-06,1.2420264
1647,3.43919626e-06,9.84361803,10434.2351118,0.8695935080981885,3.43919626e-06,6.18566886e-07,0.6185668860000001,1.03251484e-06,9.87141157,10463.6962642,0.8720488128324241,1.03251484e-06,1.24202644e-06,1.2420264399999998
1648,3.43919626e-06,9.84361817,10434.2352602,0.8695935204659062,3.43919626e-06,6.18566895e-07,0.618566895,1.03251484e-06,9.8714113,10463.695978,0.8720487889803967,1.03251484e-06,1.24202648e-06,1.24202648
1649,3.43919626e-06,9.84361835,10434.235451,0.869593536367258,3.43919626e-06,6.18566904e-07,0.618566904,1.03251484e-06,9.87141105,10463.695713000001,0.8720487668951862,1.03251484e-06,1.24202653e-06,1.24202653
1650,3.43919626e-06,9.84361852,10434.2356312,0.869593551385201,3.43919626e-06,6.18566913e-07,0.618566913,1.03251484e-06,9.87141079,10463.6954374,0.8720487439265671,1.03251484e-06,1.24202657e-06,1.24202657
1651,3.43919626e-06,9.84361866,10434.235779600001,0.8695935637529192,3.43919626e-06,6.18566922e-07,0.618566922,1.03251484e-06,9.87141051,10463.6951406,0.8720487191911314,1.03251484e-06,1.24202661e-06,1.2420266100000001
1652,3.43919626e-06,9.84361879,10434.235917400001,0.8695935752372286,3.43919626e-06,6.1856693e-07,0.61856693,1.03251484e-06,9.87141024,10463.694854399999,0.8720486953391038,1.03251484e-06,1.24202666e-06,1.24202666
1653,3.43919626e-06,9.84361891,10434.2360446,0.8695935858381296,3.43919626e-06,6.18566939e-07,0.618566939,1.03251484e-06,9.87140995,10463.694547000001,0.8720486697202596,1.03251484e-06,1.24202671e-06,1.24202671
1654,3.43919626e-06,9.84361904,10434.2361824,0.8695935973224391,3.43919626e-06,6.18566947e-07,0.6185669469999999,1.03251484e-06,9.87140967,10463.6942502,0.8720486449848237,1.03251484e-06,1.24202676e-06,1.2420267600000001
1655,3.43919626e-06,9.8436192,10434.236352,0.8695936114569739,3.43919626e-06,6.18566956e-07,0.618566956,1.03251484e-06,9.8714094,10463.693964,0.8720486211327964,1.03251484e-06,1.24202681e-06,1.24202681
1656,3.43919626e-06,9.84361935,10434.236511000001,0.8695936247081003,3.43919626e-06,6.18566964e-07,0.618566964,1.03251484e-06,9.87140912,10463.6936672,0.8720485963973604,1.03251484e-06,1.24202686e-06,1.24202686
1657,3.43919626e-06,9.84361951,10434.236680599999,0.869593638842635,3.43919626e-06,6.18566972e-07,0.618566972,1.03251484e-06,9.87140886,10463.693391600002,0.8720485734287416,1.03251484e-06,1.24202691e-06,1.2420269099999999
1658,3.43919626e-06,9.84361966,10434.2368396,0.8695936520937614,3.43919626e-06,6.18566981e-07,0.618566981,1.03251484e-06,9.87140858,10463.6930948,0.8720485486933057,1.03251484e-06,1.24202696e-06,1.24202696
1659,3.43919626e-06,9.84361981,10434.2369986,0.8695936653448876,3.43919626e-06,6.18566989e-07,0.618566989,1.03251484e-06,9.8714083,10463.692798,0.8720485239578698,1.03251484e-06,1.24202702e-06,1.2420270199999999
1660,3.43919626e-06,9.84361996,10434.2371576,0.8695936785960141,3.43919626e-06,6.18566997e-07,0.6185669970000001,1.03251484e-06,9.87140802,10463.692501200001,0.872048499222434,1.03251484e-06,1.24202707e-06,1.24202707
1661,3.43919626e-06,9.8436201,10434.237306,0.8695936909637321,3.43919626e-06,6.18567006e-07,0.6185670059999999,1.03251484e-06,9.87140774,10463.6922044,0.8720484744869981,1.03251484e-06,1.24202713e-06,1.24202713
1662,3.43919626e-06,9.84362026,10434.237475599999,0.8695937050982666,3.43919626e-06,6.18567014e-07,0.618567014,1.03251484e-06,9.87140747,10463.6919182,0.8720484506349707,1.03251484e-06,1.24202719e-06,1.2420271900000002
1663,3.43919626e-06,9.84362042,10434.2376452,0.8695937192328016,3.43919626e-06,6.18567022e-07,0.618567022,1.03251484e-06,9.87140719,10463.6916214,0.8720484258995348,1.03251484e-06,1.24202725e-06,1.24202725
1664,3.43919626e-06,9.8436206,10434.237836,0.8695937351341532,3.43919626e-06,6.18567031e-07,0.618567031,1.03251484e-06,9.87140692,10463.6913352,0.8720484020475073,1.03251484e-06,1.24202731e-06,1.24202731
1665,3.43919626e-06,9.84362077,10434.238016199999,0.8695937501520962,3.43919626e-06,6.18567039e-07,0.618567039,1.03251484e-06,9.87140665,10463.691049000001,0.8720483781954801,1.03251484e-06,1.24202737e-06,1.24202737
1666,3.43919626e-06,9.84362094,10434.2381964,0.8695937651700395,3.43919626e-06,6.18567048e-07,0.618567048,1.03251484e-06,9.87140637,10463.6907522,0.8720483534600442,1.03251484e-06,1.24202743e-06,1.2420274299999998
1667,3.43919626e-06,9.84362109,10434.238355399999,0.8695937784211657,3.43919626e-06,6.18567057e-07,0.618567057,1.03251484e-06,9.87140609,10463.690455400001,0.8720483287246084,1.03251484e-06,1.24202749e-06,1.24202749
1668,3.43919626e-06,9.84362126,10434.238535600001,0.8695937934391091,3.43919626e-06,6.18567066e-07,0.618567066,1.03251484e-06,9.87140581,10463.6901586,0.8720483039891724,1.03251484e-06,1.24202756e-06,1.24202756
1669,3.43919626e-06,9.84362144,10434.238726399999,0.8695938093404606,3.43919626e-06,6.18567075e-07,0.618567075,1.03251484e-06,9.87140555,10463.689883000001,0.8720482810205535,1.03251484e-06,1.24202762e-06,1.24202762
1670,3.43919626e-06,9.84362162,10434.2389172,0.8695938252418123,3.43919626e-06,6.18567084e-07,0.618567084,1.03251484e-06,9.87140528,10463.689596799999,0.872048257168526,1.03251484e-06,1.24202769e-06,1.24202769
1671,3.43919626e-06,9.84362181,10434.2391186,0.8695938420265723,3.43919626e-06,6.18567093e-07,0.6185670929999999,1.03251484e-06,9.871405,10463.6893,0.8720482324330902,1.03251484e-06,1.24202776e-06,1.24202776
1672,3.43919626e-06,9.843622,10434.23932,0.8695938588113323,3.43919626e-06,6.18567103e-07,0.618567103,1.03251484e-06,9.87140474,10463.689024399999,0.872048209464471,1.03251484e-06,1.24202782e-06,1.2420278200000001
1673,3.43919626e-06,9.84362219,10434.239521399999,0.8695938755960922,3.43919626e-06,6.18567113e-07,0.618567113,1.03251484e-06,9.87140448,10463.688748800001,0.8720481864958523,1.03251484e-06,1.24202789e-06,1.2420278900000001
1674,3.43919626e-06,9.84362237,10434.2397122,0.869593891497444,3.43919626e-06,6.18567123e-07,0.6185671229999999,1.03251484e-06,9.8714042,10463.688452,0.8720481617604163,1.03251484e-06,1.24202796e-06,1.24202796
1675,3.43919626e-06,9.84362256,10434.2399136,0.8695939082822041,3.43919626e-06,6.18567133e-07,0.618567133,1.03251484e-06,9.87140393,10463.6881658,0.872048137908389,1.03251484e-06,1.24202803e-06,1.24202803
1676,3.43919626e-06,9.84362276,10434.240125600001,0.8695939259503725,3.43919626e-06,6.18567143e-07,0.618567143,1.03251484e-06,9.87140366,10463.6878796,0.8720481140563615,1.03251484e-06,1.2420281e-06,1.2420281
1677,3.43919626e-06,9.84362297,10434.2403482,0.8695939445019495,3.43919626e-06,6.18567153e-07,0.618567153,1.03251484e-06,9.87140341,10463.6876146,0.8720480919711509,1.03251484e-06,1.24202818e-06,1.2420281800000001
1678,3.43919626e-06,9.84362317,10434.2405602,0.8695939621701179,3.43919626e-06,6.18567164e-07,0.618567164,1.03251484e-06,9.87140314,10463.6873284,0.8720480681191234,1.03251484e-06,1.24202825e-06,1.24202825
1679,3.43919626e-06,9.84362338,10434.2407828,0.8695939807216947,3.43919626e-06,6.18567175e-07,0.618567175,1.03251484e-06,9.87140287,10463.687042200001,0.8720480442670961,1.03251484e-06,1.24202832e-06,1.24202832
1680,3.43919626e-06,9.84362359,10434.2410054,0.8695939992732715,3.43919626e-06,6.18567187e-07,0.618567187,1.03251484e-06,9.87140261,10463.6867666,0.872048021298477,1.03251484e-06,1.2420284e-06,1.2420284
1681,3.43919626e-06,9.8436238,10434.241227999999,0.8695940178248484,3.43919626e-06,6.18567198e-07,0.618567198,1.03251484e-06,9.87140237,10463.6865122,0.8720480000966749,1.03251484e-06,1.24202847e-06,1.2420284700000002
1682,3.43919626e-06,9.84362402,10434.2414612,0.8695940372598338,3.43919626e-06,6.1856721e-07,0.6185672099999999,1.03251484e-06,9.8714021,10463.686226,0.8720479762446475,1.03251484e-06,1.24202855e-06,1.24202855
1683,3.43919626e-06,9.84362424,10434.2416944,0.869594056694819,3.43919626e-06,6.18567222e-07,0.618567222,1.03251484e-06,9.87140184,10463.6859504,0.8720479532760286,1.03251484e-06,1.24202863e-06,1.24202863
1684,3.43919626e-06,9.84362446,10434.241927599998,0.8695940761298042,3.43919626e-06,6.18567234e-07,0.618567234,1.03251484e-06,9.87140158,10463.685674800001,0.8720479303074096,1.03251484e-06,1.2420287e-06,1.2420287
1685,3.43919626e-06,9.84362469,10434.242171400001,0.8695940964481982,3.43919626e-06,6.18567247e-07,0.618567247,1.03251484e-06,9.87140134,10463.685420400001,0.8720479091056075,1.03251484e-06,1.24202878e-06,1.2420287799999998
1686,3.43919626e-06,9.84362492,10434.2424152,0.8695941167665919,3.43919626e-06,6.18567259e-07,0.618567259,1.03251484e-06,9.87140109,10463.6851554,0.8720478870203968,1.03251484e-06,1.24202886e-06,1.24202886
1687,3.43919626e-06,9.84362515,10434.242659,0.8695941370849856,3.43919626e-06,6.18567273e-07,0.6185672729999999,1.03251484e-06,9.87140083,10463.684879800001,0.8720478640517778,1.03251484e-06,1.24202894e-06,1.2420289400000002
1688,3.43919626e-06,9.84362539,10434.2429134,0.8695941582867877,3.43919626e-06,6.18567286e-07,0.618567286,1.03251484e-06,9.87140058,10463.6846148,0.8720478419665673,1.03251484e-06,1.24202902e-06,1.24202902
1689,3.43919626e-06,9.84362563,10434.2431678,0.8695941794885899,3.43919626e-06,6.185673e-07,0.6185672999999999,1.03251484e-06,9.87140034,10463.684360399999,0.872047820764765,1.03251484e-06,1.2420291e-06,1.2420291
1690,3.43919626e-06,9.84362587,10434.243422200001,0.8695942006903922,3.43919626e-06,6.18567314e-07,0.618567314,1.03251484e-06,9.87140009,10463.6840954,0.8720477986795545,1.03251484e-06,1.24202918e-06,1.2420291799999998
1691,3.43919626e-06,9.84362612,10434.2436872,0.8695942227756026,3.43919626e-06,6.18567328e-07,0.6185673279999999,1.03251484e-06,9.87139985,10463.683841,0.8720477774777523,1.03251484e-06,1.24202926e-06,1.24202926
1692,3.43919626e-06,9.84362637,10434.2439522,0.8695942448608133,3.43919626e-06,6.18567342e-07,0.618567342,1.03251484e-06,9.8713996,10463.683576,0.8720477553925416,1.03251484e-06,1.24202934e-06,1.24202934
1693,3.43919626e-06,9.84362662,10434.244217200001,0.8695942669460238,3.43919626e-06,6.18567357e-07,0.618567357,1.03251484e-06,9.87139936,10463.6833216,0.8720477341907396,1.03251484e-06,1.24202943e-06,1.2420294299999999
1694,3.43919626e-06,9.84362687,10434.2444822,0.8695942890312344,3.43919626e-06,6.18567372e-07,0.618567372,1.03251484e-06,9.87139913,10463.6830778,0.8720477138723459,1.03251484e-06,1.24202951e-06,1.24202951
1695,3.43919626e-06,9.84362713,10434.2447578,0.8695943119998533,3.43919626e-06,6.18567387e-07,0.6185673869999999,1.03251484e-06,9.87139889,10463.6828234,0.8720476926705437,1.03251484e-06,1.24202959e-06,1.2420295899999998
1696,3.43919626e-06,9.84362739,10434.2450334,0.8695943349684724,3.43919626e-06,6.18567403e-07,0.618567403,1.03251484e-06,9.87139865,10463.682569,0.8720476714687416,1.03251484e-06,1.24202968e-06,1.24202968
1697,3.43919626e-06,9.84362766,10434.245319599999,0.8695943588204996,3.43919626e-06,6.18567419e-07,0.618567419,1.03251484e-06,9.87139842,10463.6823252,0.8720476511503478,1.03251484e-06,1.24202976e-06,1.24202976
1698,3.43919626e-06,9.84362792,10434.2455952,0.8695943817891187,3.43919626e-06,6.18567435e-07,0.618567435,1.03251484e-06,9.87139819,10463.6820814,0.8720476308319541,1.03251484e-06,1.24202985e-06,1.24202985
1699,3.43919626e-06,9.84362819,10434.2458814,0.8695944056411462,3.43919626e-06,6.18567451e-07,0.618567451,1.03251484e-06,9.87139796,10463.6818376,0.8720476105135603,1.03251484e-06,1.24202993e-06,1.2420299300000002
1700,3.43919626e-06,9.84362846,10434.2461676,0.8695944294931737,3.43919626e-06,6.18567468e-07,0.6185674680000001,1.03251484e-06,9.87139773,10463.6815938,0.8720475901951666,1.03251484e-06,1.24203002e-06,1.24203002
1701,3.43919626e-06,9.84362874,10434.2464644,0.8695944542286094,3.43919626e-06,6.18567484e-07,0.618567484,1.03251484e-06,9.8713975,10463.68135,0.8720475698767729,1.03251484e-06,1.2420301e-06,1.2420301
1702,3.43919626e-06,9.84362901,10434.246750600001,0.869594478080637,3.43919626e-06,6.18567501e-07,0.6185675009999999,1.03251484e-06,9.87139728,10463.6811168,0.8720475504417876,1.03251484e-06,1.24203019e-06,1.24203019
1703,3.43919626e-06,9.84362929,10434.2470474,0.8695945028160728,3.43919626e-06,6.18567519e-07,0.6185675190000001,1.03251484e-06,9.87139705,10463.680873000001,0.872047530123394,1.03251484e-06,1.24203028e-06,1.24203028
1704,3.43919626e-06,9.84362957,10434.2473442,0.8695945275515085,3.43919626e-06,6.18567536e-07,0.6185675359999999,1.03251484e-06,9.87139683,10463.6806398,0.8720475106884086,1.03251484e-06,1.24203037e-06,1.24203037
1705,3.43919626e-06,9.84362985,10434.247641,0.8695945522869444,3.43919626e-06,6.18567554e-07,0.6185675540000001,1.03251484e-06,9.87139661,10463.6804066,0.8720474912534233,1.03251484e-06,1.24203045e-06,1.2420304500000001
1706,3.43919626e-06,9.84363014,10434.2479484,0.8695945779057886,3.43919626e-06,6.18567572e-07,0.618567572,1.03251484e-06,9.87139639,10463.6801734,0.8720474718184379,1.03251484e-06,1.24203054e-06,1.24203054
1707,3.43919626e-06,9.84363043,10434.2482558,0.8695946035246329,3.43919626e-06,6.1856759e-07,0.61856759,1.03251484e-06,9.87139617,10463.679940200002,0.8720474523834527,1.03251484e-06,1.24203063e-06,1.2420306300000001
1708,3.43919626e-06,9.84363072,10434.2485632,0.8695946291434773,3.43919626e-06,6.18567609e-07,0.6185676090000001,1.03251484e-06,9.87139596,10463.6797176,0.8720474338318758,1.03251484e-06,1.24203072e-06,1.24203072
1709,3.43919626e-06,9.84363101,10434.248870599999,0.8695946547623213,3.43919626e-06,6.18567627e-07,0.618567627,1.03251484e-06,9.87139574,10463.679484400001,0.8720474143968906,1.03251484e-06,1.24203081e-06,1.2420308100000002
1710,3.43919626e-06,9.8436313,10434.249178,0.8695946803811657,3.43919626e-06,6.18567646e-07,0.618567646,1.03251484e-06,9.87139553,10463.6792618,0.8720473958453135,1.03251484e-06,1.24203089e-06,1.2420308899999999
1711,3.43919626e-06,9.8436316,10434.249496,0.8695947068834184,3.43919626e-06,6.18567665e-07,0.618567665,1.03251484e-06,9.87139532,10463.6790392,0.8720473772937367,1.03251484e-06,1.24203098e-06,1.24203098
1712,3.43919626e-06,9.8436319,10434.249814,0.8695947333856712,3.43919626e-06,6.18567684e-07,0.618567684,1.03251484e-06,9.87139511,10463.6788166,0.8720473587421599,1.03251484e-06,1.24203107e-06,1.24203107
1713,3.43919626e-06,9.8436322,10434.250132,0.8695947598879238,3.43919626e-06,6.18567704e-07,0.618567704,1.03251484e-06,9.8713949,10463.678594,0.8720473401905829,1.03251484e-06,1.24203116e-06,1.24203116
1714,3.43919626e-06,9.8436325,10434.25045,0.8695947863901765,3.43919626e-06,6.18567723e-07,0.618567723,1.03251484e-06,9.8713947,10463.678382,0.8720473225224145,1.03251484e-06,1.24203125e-06,1.24203125
1715,3.43919626e-06,9.8436328,10434.250768,0.8695948128924292,3.43919626e-06,6.18567743e-07,0.618567743,1.03251484e-06,9.87139449,10463.6781594,0.8720473039708376,1.03251484e-06,1.24203134e-06,1.2420313399999998
1716,3.43919626e-06,9.8436331,10434.251086,0.869594839394682,3.43919626e-06,6.18567763e-07,0.618567763,1.03251484e-06,9.87139429,10463.6779474,0.872047286302669,1.03251484e-06,1.24203143e-06,1.24203143
1717,3.43919626e-06,9.84363341,10434.251414600001,0.8695948667803431,3.43919626e-06,6.18567783e-07,0.618567783,1.03251484e-06,9.87139408,10463.6777248,0.8720472677510922,1.03251484e-06,1.24203152e-06,1.2420315199999998
1718,3.43919626e-06,9.84363371,10434.251732600002,0.8695948932825959,3.43919626e-06,6.18567803e-07,0.618567803,1.03251484e-06,9.87139388,10463.677512799999,0.8720472500829237,1.03251484e-06,1.24203161e-06,1.24203161
1719,3.43919626e-06,9.84363402,10434.252061199999,0.8695949206682567,3.43919626e-06,6.18567823e-07,0.6185678229999999,1.03251484e-06,9.87139368,10463.6773008,0.8720472324147552,1.03251484e-06,1.2420317e-06,1.2420316999999998
1720,3.43919626e-06,9.84363433,10434.2523898,0.8695949480539179,3.43919626e-06,6.18567844e-07,0.618567844,1.03251484e-06,9.87139348,10463.6770888,0.8720472147465868,1.03251484e-06,1.24203179e-06,1.24203179
1721,3.43919626e-06,9.84363464,10434.2527184,0.869594975439579,3.43919626e-06,6.18567864e-07,0.618567864,1.03251484e-06,9.87139328,10463.6768768,0.8720471970784184,1.03251484e-06,1.24203188e-06,1.2420318799999999
1722,3.43919626e-06,9.84363495,10434.253047,0.8695950028252402,3.43919626e-06,6.18567885e-07,0.6185678849999999,1.03251484e-06,9.87139309,10463.6766754,0.8720471802936584,1.03251484e-06,1.24203197e-06,1.24203197
1723,3.43919626e-06,9.84363527,10434.2533862,0.8695950310943097,3.43919626e-06,6.18567905e-07,0.618567905,1.03251484e-06,9.87139289,10463.6764634,0.8720471626254898,1.03251484e-06,1.24203207e-06,1.24203207
1724,3.43919626e-06,9.84363558,10434.253714800001,0.8695950584799709,3.43919626e-06,6.18567926e-07,0.618567926,1.03251484e-06,9.87139269,10463.6762514,0.8720471449573214,1.03251484e-06,1.24203216e-06,1.24203216
1725,3.43919626e-06,9.8436359,10434.254054,0.8695950867490404,3.43919626e-06,6.18567947e-07,0.618567947,1.03251484e-06,9.8713925,10463.67605,0.8720471281725614,1.03251484e-06,1.24203225e-06,1.24203225
1726,3.43919626e-06,9.84363621,10434.2543826,0.8695951141347015,3.43919626e-06,6.18567968e-07,0.6185679679999999,1.03251484e-06,9.87139231,10463.6758486,0.8720471113878013,1.03251484e-06,1.24203234e-06,1.24203234
1727,3.43919626e-06,9.84363653,10434.2547218,0.869595142403771,3.43919626e-06,6.18567989e-07,0.618567989,1.03251484e-06,9.87139211,10463.6756366,0.872047093719633,1.03251484e-06,1.24203243e-06,1.24203243
1728,3.43919626e-06,9.84363684,10434.255050400001,0.8695951697894322,3.43919626e-06,6.1856801e-07,0.61856801,1.03251484e-06,9.87139192,10463.6754352,0.8720470769348729,1.03251484e-06,1.24203252e-06,1.24203252
1729,3.43919626e-06,9.84363716,10434.2553896,0.8695951980585017,3.43919626e-06,6.18568031e-07,0.618568031,1.03251484e-06,9.87139173,10463.675233799999,0.8720470601501127,1.03251484e-06,1.24203261e-06,1.24203261
1730,3.43919626e-06,9.84363748,10434.2557288,0.8695952263275712,3.43919626e-06,6.18568052e-07,0.6185680520000001,1.03251484e-06,9.87139154,10463.675032399999,0.8720470433653527,1.03251484e-06,1.2420327e-06,1.2420327
1731,3.43919626e-06,9.8436378,10434.256068,0.8695952545966408,3.43919626e-06,6.18568074e-07,0.618568074,1.03251484e-06,9.87139136,10463.674841600001,0.8720470274640012,1.03251484e-06,1.2420328e-06,1.2420327999999998
1732,3.43919626e-06,9.84363812,10434.2564072,0.8695952828657103,3.43919626e-06,6.18568095e-07,0.618568095,1.03251484e-06,9.87139117,10463.6746402,0.8720470106792412,1.03251484e-06,1.24203289e-06,1.24203289
1733,3.43919626e-06,9.84363844,10434.256746399999,0.8695953111347797,3.43919626e-06,6.18568116e-07,0.618568116,1.03251484e-06,9.87139098,10463.674438799999,0.8720469938944809,1.03251484e-06,1.24203298e-06,1.2420329799999998
1734,3.43919626e-06,9.84363876,10434.257085599998,0.8695953394038493,3.43919626e-06,6.18568138e-07,0.618568138,1.03251484e-06,9.87139079,10463.674237399999,0.8720469771097209,1.03251484e-06,1.24203307e-06,1.24203307
1735,3.43919626e-06,9.84363908,10434.2574248,0.8695953676729189,3.43919626e-06,6.18568159e-07,0.618568159,1.03251484e-06,9.87139061,10463.674046600001,0.8720469612083694,1.03251484e-06,1.24203316e-06,1.2420331599999999
1736,3.43919626e-06,9.8436394,10434.257764,0.8695953959419884,3.43919626e-06,6.1856818e-07,0.61856818,1.03251484e-06,9.87139042,10463.6738452,0.8720469444236094,1.03251484e-06,1.24203325e-06,1.24203325
1737,3.43919626e-06,9.84363972,10434.2581032,0.869595424211058,3.43919626e-06,6.18568202e-07,0.618568202,1.03251484e-06,9.87139024,10463.6736544,0.8720469285222577,1.03251484e-06,1.24203334e-06,1.2420333399999999
1738,3.43919626e-06,9.84364004,10434.2584424,0.8695954524801275,3.43919626e-06,6.18568223e-07,0.618568223,1.03251484e-06,9.87139005,10463.673453000001,0.8720469117374978,1.03251484e-06,1.24203344e-06,1.2420334400000002
1739,3.43919626e-06,9.84364036,10434.2587816,0.869595480749197,3.43919626e-06,6.18568244e-07,0.618568244,1.03251484e-06,9.87138987,10463.6732622,0.8720468958361461,1.03251484e-06,1.24203353e-06,1.24203353
1740,3.43919626e-06,9.84364068,10434.2591208,0.8695955090182665,3.43919626e-06,6.18568266e-07,0.6185682659999999,1.03251484e-06,9.87138969,10463.6730714,0.8720468799347946,1.03251484e-06,1.24203362e-06,1.24203362
1741,3.43919626e-06,9.843641,10434.25946,0.8695955372873361,3.43919626e-06,6.18568287e-07,0.618568287,1.03251484e-06,9.87138951,10463.672880600001,0.872046864033443,1.03251484e-06,1.24203371e-06,1.24203371
1742,3.43919626e-06,9.84364132,10434.2597992,0.8695955655564056,3.43919626e-06,6.18568308e-07,0.6185683080000001,1.03251484e-06,9.87138932,10463.6726792,0.8720468472486829,1.03251484e-06,1.2420338e-06,1.2420338
1743,3.43919626e-06,9.84364164,10434.260138399999,0.8695955938254751,3.43919626e-06,6.18568329e-07,0.618568329,1.03251484e-06,9.87138914,10463.6724884,0.8720468313473312,1.03251484e-06,1.2420339e-06,1.2420339
1744,3.43919626e-06,9.84364196,10434.260477599999,0.8695956220945447,3.43919626e-06,6.18568351e-07,0.618568351,1.03251484e-06,9.87138896,10463.6722976,0.8720468154459796,1.03251484e-06,1.24203399e-06,1.24203399
1745,3.43919626e-06,9.84364228,10434.260816799999,0.8695956503636142,3.43919626e-06,6.18568372e-07,0.618568372,1.03251484e-06,9.87138878,10463.6721068,0.872046799544628,1.03251484e-06,1.24203408e-06,1.24203408
1746,3.43919626e-06,9.8436426,10434.261156,0.8695956786326838,3.43919626e-06,6.18568393e-07,0.618568393,1.03251484e-06,9.8713886,10463.671916,0.8720467836432764,1.03251484e-06,1.24203417e-06,1.24203417
1747,3.43919626e-06,9.84364292,10434.2614952,0.8695957069017534,3.43919626e-06,6.18568414e-07,0.618568414,1.03251484e-06,9.87138842,10463.6717252,0.8720467677419248,1.03251484e-06,1.24203426e-06,1.2420342599999998
1748,3.43919626e-06,9.84364324,10434.2618344,0.8695957351708229,3.43919626e-06,6.18568435e-07,0.6185684349999999,1.03251484e-06,9.87138824,10463.6715344,0.8720467518405732,1.03251484e-06,1.24203435e-06,1.24203435
1749,3.43919626e-06,9.84364356,10434.2621736,0.8695957634398924,3.43919626e-06,6.18568456e-07,0.618568456,1.03251484e-06,9.87138807,10463.6713542,0.8720467368226299,1.03251484e-06,1.24203445e-06,1.24203445
1750,3.43919626e-06,9.84364388,10434.2625128,0.869595791708962,3.43919626e-06,6.18568477e-07,0.618568477,1.03251484e-06,9.87138789,10463.671163399998,0.8720467209212782,1.03251484e-06,1.24203454e-06,1.2420345400000001
1751,3.43919626e-06,9.84364419,10434.2628414,0.869595819094623,3.43919626e-06,6.18568498e-07,0.6185684979999999,1.03251484e-06,9.87138771,10463.6709726,0.8720467050199268,1.03251484e-06,1.24203463e-06,1.24203463
1752,3.43919626e-06,9.84364451,10434.2631806,0.8695958473636927,3.43919626e-06,6.18568519e-07,0.6185685190000001,1.03251484e-06,9.87138753,10463.6707818,0.8720466891185751,1.03251484e-06,1.24203472e-06,1.2420347200000001
1753,3.43919626e-06,9.84364482,10434.2635092,0.8695958747493537,3.43919626e-06,6.18568539e-07,0.618568539,1.03251484e-06,9.87138736,10463.6706016,0.872046674100632,1.03251484e-06,1.24203481e-06,1.24203481
1754,3.43919626e-06,9.84364514,10434.2638484,0.8695959030184233,3.43919626e-06,6.1856856e-07,0.6185685599999999,1.03251484e-06,9.87138718,10463.6704108,0.8720466581992803,1.03251484e-06,1.2420349e-06,1.2420349000000002
1755,3.43919626e-06,9.84364545,10434.264177000001,0.8695959304040844,3.43919626e-06,6.1856858e-07,0.61856858,1.03251484e-06,9.87138701,10463.670230599999,0.8720466431813371,1.03251484e-06,1.24203499e-06,1.24203499
1756,3.43919626e-06,9.84364577,10434.2645162,0.869595958673154,3.43919626e-06,6.18568601e-07,0.618568601,1.03251484e-06,9.87138683,10463.670039800001,0.8720466272799856,1.03251484e-06,1.24203509e-06,1.24203509
1757,3.43919626e-06,9.84364608,10434.2648448,0.869595986058815,3.43919626e-06,6.18568621e-07,0.618568621,1.03251484e-06,9.87138666,10463.6698596,0.8720466122620424,1.03251484e-06,1.24203518e-06,1.24203518
1758,3.43919626e-06,9.84364639,10434.2651734,0.8695960134444761,3.43919626e-06,6.18568642e-07,0.618568642,1.03251484e-06,9.87138648,10463.6696688,0.8720465963606906,1.03251484e-06,1.24203527e-06,1.24203527
1759,3.43919626e-06,9.8436467,10434.265502,0.8695960408301373,3.43919626e-06,6.18568662e-07,0.618568662,1.03251484e-06,9.87138631,10463.6694886,0.8720465813427475,1.03251484e-06,1.24203536e-06,1.24203536
1760,3.43919626e-06,9.84364701,10434.2658306,0.8695960682157984,3.43919626e-06,6.18568682e-07,0.618568682,1.03251484e-06,9.87138614,10463.6693084,0.8720465663248043,1.03251484e-06,1.24203545e-06,1.24203545
1761,3.43919626e-06,9.84364732,10434.2661592,0.8695960956014596,3.43919626e-06,6.18568702e-07,0.6185687019999999,1.03251484e-06,9.87138596,10463.6691176,0.8720465504234527,1.03251484e-06,1.24203554e-06,1.24203554
1762,3.43919626e-06,9.84364763,10434.2664878,0.8695961229871205,3.43919626e-06,6.18568722e-07,0.618568722,1.03251484e-06,9.87138579,10463.6689374,0.8720465354055095,1.03251484e-06,1.24203563e-06,1.24203563
1763,3.43919626e-06,9.84364794,10434.2668164,0.8695961503727818,3.43919626e-06,6.18568742e-07,0.618568742,1.03251484e-06,9.87138562,10463.6687572,0.8720465203875662,1.03251484e-06,1.24203573e-06,1.24203573
1764,3.43919626e-06,9.84364825,10434.267145,0.8695961777584428,3.43919626e-06,6.18568761e-07,0.6185687609999999,1.03251484e-06,9.87138545,10463.668577,0.8720465053696231,1.03251484e-06,1.24203582e-06,1.2420358200000001
1765,3.43919626e-06,9.84364855,10434.267463,0.8695962042606955,3.43919626e-06,6.18568781e-07,0.618568781,1.03251484e-06,9.87138527,10463.668386199999,0.8720464894682715,1.03251484e-06,1.24203591e-06,1.24203591
1766,3.43919626e-06,9.84364886,10434.2677916,0.8695962316463566,3.43919626e-06,6.18568801e-07,0.618568801,1.03251484e-06,9.8713851,10463.668206,0.8720464744503283,1.03251484e-06,1.242036e-06,1.2420360000000001
1767,3.43919626e-06,9.84364916,10434.2681096,0.8695962581486093,3.43919626e-06,6.1856882e-07,0.61856882,1.03251484e-06,9.87138493,10463.6680258,0.8720464594323851,1.03251484e-06,1.24203609e-06,1.24203609
1768,3.43919626e-06,9.84364947,10434.2684382,0.8695962855342705,3.43919626e-06,6.18568839e-07,0.618568839,1.03251484e-06,9.87138476,10463.667845599999,0.8720464444144419,1.03251484e-06,1.24203618e-06,1.2420361800000002
1769,3.43919626e-06,9.84364977,10434.268756200001,0.8695963120365232,3.43919626e-06,6.18568859e-07,0.618568859,1.03251484e-06,9.87138459,10463.6676654,0.8720464293964988,1.03251484e-06,1.24203627e-06,1.24203627
1770,3.43919626e-06,9.84365007,10434.269074200001,0.8695963385387759,3.43919626e-06,6.18568878e-07,0.6185688779999999,1.03251484e-06,9.87138442,10463.6674852,0.8720464143785556,1.03251484e-06,1.24203636e-06,1.24203636
1771,3.43919626e-06,9.84365037,10434.2693922,0.8695963650410286,3.43919626e-06,6.18568897e-07,0.6185688970000001,1.03251484e-06,9.87138426,10463.6673156,0.8720464002440208,1.03251484e-06,1.24203645e-06,1.24203645
1772,3.43919626e-06,9.84365067,10434.2697102,0.8695963915432813,3.43919626e-06,6.18568916e-07,0.618568916,1.03251484e-06,9.87138409,10463.6671354,0.8720463852260775,1.03251484e-06,1.24203654e-06,1.24203654
1773,3.43919626e-06,9.84365097,10434.2700282,0.8695964180455339,3.43919626e-06,6.18568935e-07,0.618568935,1.03251484e-06,9.87138392,10463.6669552,0.8720463702081345,1.03251484e-06,1.24203663e-06,1.24203663
1774,3.43919626e-06,9.84365127,10434.2703462,0.8695964445477866,3.43919626e-06,6.18568953e-07,0.618568953,1.03251484e-06,9.87138375,10463.666775,0.8720463551901911,1.03251484e-06,1.24203672e-06,1.24203672
1775,3.43919626e-06,9.84365156,10434.2706536,0.8695964701666309,3.43919626e-06,6.18568972e-07,0.6185689719999999,1.03251484e-06,9.87138359,10463.666605400002,0.8720463410556566,1.03251484e-06,1.24203681e-06,1.24203681
1776,3.43919626e-06,9.84365186,10434.270971599999,0.8695964966688835,3.43919626e-06,6.18568991e-07,0.618568991,1.03251484e-06,9.87138342,10463.666425200001,0.8720463260377134,1.03251484e-06,1.2420369e-06,1.2420369
1777,3.43919626e-06,9.84365215,10434.271279,0.8695965222877279,3.43919626e-06,6.18569009e-07,0.618569009,1.03251484e-06,9.87138325,10463.666244999999,0.8720463110197699,1.03251484e-06,1.242037e-06,1.242037
1778,3.43919626e-06,9.84365245,10434.271597,0.8695965487899806,3.43919626e-06,6.18569028e-07,0.618569028,1.03251484e-06,9.87138309,10463.6660754,0.8720462968852353,1.03251484e-06,1.24203709e-06,1.24203709
1779,3.43919626e-06,9.84365274,10434.271904399999,0.8695965744088247,3.43919626e-06,6.18569046e-07,0.6185690460000001,1.03251484e-06,9.87138292,10463.6658952,0.872046281867292,1.03251484e-06,1.24203718e-06,1.2420371799999999
1780,3.43919626e-06,9.84365304,10434.272222399999,0.8695966009110774,3.43919626e-06,6.18569064e-07,0.618569064,1.03251484e-06,9.87138276,10463.6657256,0.8720462677327573,1.03251484e-06,1.24203727e-06,1.24203727
1781,3.43919626e-06,9.84365333,10434.2725298,0.8695966265299218,3.43919626e-06,6.18569082e-07,0.6185690819999999,1.03251484e-06,9.8713826,10463.665556,0.8720462535982225,1.03251484e-06,1.24203736e-06,1.2420373599999999
1782,3.43919626e-06,9.84365362,10434.2728372,0.869596652148766,3.43919626e-06,6.185691e-07,0.6185691,1.03251484e-06,9.87138244,10463.6653864,0.8720462394636878,1.03251484e-06,1.24203745e-06,1.24203745
1783,3.43919626e-06,9.84365391,10434.2731446,0.8695966777676103,3.43919626e-06,6.18569118e-07,0.618569118,1.03251484e-06,9.87138227,10463.6652062,0.8720462244457445,1.03251484e-06,1.24203754e-06,1.2420375399999999
1784,3.43919626e-06,9.8436542,10434.273452,0.8695967033864545,3.43919626e-06,6.18569136e-07,0.618569136,1.03251484e-06,9.87138211,10463.665036600001,0.8720462103112099,1.03251484e-06,1.24203762e-06,1.24203762
1785,3.43919626e-06,9.84365449,10434.273759400001,0.8695967290052989,3.43919626e-06,6.18569154e-07,0.618569154,1.03251484e-06,9.87138195,10463.664867,0.872046196176675,1.03251484e-06,1.24203771e-06,1.24203771
1786,3.43919626e-06,9.84365478,10434.274066799999,0.869596754624143,3.43919626e-06,6.18569172e-07,0.618569172,1.03251484e-06,9.87138179,10463.6646974,0.8720461820421402,1.03251484e-06,1.2420378e-06,1.2420378
1787,3.43919626e-06,9.84365506,10434.2743636,0.8695967793595789,3.43919626e-06,6.18569189e-07,0.618569189,1.03251484e-06,9.87138163,10463.6645278,0.8720461679076055,1.03251484e-06,1.24203789e-06,1.24203789
1788,3.43919626e-06,9.84365535,10434.274671000001,0.8695968049784233,3.43919626e-06,6.18569207e-07,0.618569207,1.03251484e-06,9.87138147,10463.6643582,0.8720461537730707,1.03251484e-06,1.24203798e-06,1.24203798
1789,3.43919626e-06,9.84365563,10434.2749678,0.8695968297138591,3.43919626e-06,6.18569224e-07,0.6185692239999999,1.03251484e-06,9.87138132,10463.664199199999,0.8720461405219443,1.03251484e-06,1.24203807e-06,1.24203807
1790,3.43919626e-06,9.84365592,10434.2752752,0.8695968553327033,3.43919626e-06,6.18569242e-07,0.618569242,1.03251484e-06,9.87138116,10463.6640296,0.8720461263874096,1.03251484e-06,1.24203816e-06,1.2420381600000001
1791,3.43919626e-06,9.8436562,10434.275572,0.8695968800681392,3.43919626e-06,6.18569259e-07,0.6185692589999999,1.03251484e-06,9.871381,10463.663859999999,0.8720461122528748,1.03251484e-06,1.24203825e-06,1.24203825
1792,3.43919626e-06,9.84365648,10434.2758688,0.869596904803575,3.43919626e-06,6.18569277e-07,0.6185692770000001,1.03251484e-06,9.87138085,10463.663701,0.8720460990017485,1.03251484e-06,1.24203834e-06,1.2420383400000001
1793,3.43919626e-06,9.84365677,10434.276176200001,0.8695969304224194,3.43919626e-06,6.18569294e-07,0.618569294,1.03251484e-06,9.87138069,10463.663531400001,0.8720460848672139,1.03251484e-06,1.24203843e-06,1.24203843
1794,3.43919626e-06,9.84365705,10434.276473,0.8695969551578551,3.43919626e-06,6.18569311e-07,0.6185693109999999,1.03251484e-06,9.87138054,10463.6633724,0.8720460716160874,1.03251484e-06,1.24203852e-06,1.24203852
1795,3.43919626e-06,9.84365733,10434.276769799999,0.8695969798932909,3.43919626e-06,6.18569328e-07,0.618569328,1.03251484e-06,9.87138038,10463.6632028,0.8720460574815526,1.03251484e-06,1.2420386e-06,1.2420385999999999
1796,3.43919626e-06,9.84365761,10434.2770666,0.8695970046287268,3.43919626e-06,6.18569345e-07,0.6185693449999999,1.03251484e-06,9.87138023,10463.6630438,0.8720460442304262,1.03251484e-06,1.24203869e-06,1.24203869
1797,3.43919626e-06,9.84365789,10434.277363399999,0.8695970293641625,3.43919626e-06,6.18569363e-07,0.618569363,1.03251484e-06,9.87138008,10463.6628848,0.8720460309792999,1.03251484e-06,1.24203878e-06,1.24203878
1798,3.43919626e-06,9.84365817,10434.2776602,0.8695970540995984,3.43919626e-06,6.1856938e-07,0.61856938,1.03251484e-06,9.87137993,10463.662725799999,0.8720460177281735,1.03251484e-06,1.24203887e-06,1.2420388699999998
1799,3.43919626e-06,9.84365845,10434.277957,0.8695970788350343,3.43919626e-06,6.18569396e-07,0.618569396,1.03251484e-06,9.87137978,10463.6625668,0.8720460044770473,1.03251484e-06,1.24203896e-06,1.24203896
1800,3.43919626e-06,9.84365872,10434.2782432,0.8695971026870618,3.43919626e-06,6.18569413e-07,0.618569413,1.03251484e-06,9.87137963,10463.6624078,0.872045991225921,1.03251484e-06,1.24203904e-06,1.24203904
1801,3.43919626e-06,9.843659,10434.278540000001,0.8695971274224977,3.43919626e-06,6.1856943e-07,0.61856943,1.03251484e-06,9.87137948,10463.6622488,0.8720459779747946,1.03251484e-06,1.24203913e-06,1.24203913
1802,3.43919626e-06,9.84365928,10434.2788368,0.8695971521579334,3.43919626e-06,6.18569447e-07,0.618569447,1.03251484e-06,9.87137933,10463.6620898,0.8720459647236682,1.03251484e-06,1.24203922e-06,1.24203922
1803,3.43919626e-06,9.84365955,10434.279123,0.8695971760099609,3.43919626e-06,6.18569464e-07,0.618569464,1.03251484e-06,9.87137918,10463.661930799999,0.8720459514725418,1.03251484e-06,1.24203931e-06,1.24203931
1804,3.43919626e-06,9.84365983,10434.2794198,0.8695972007453967,3.43919626e-06,6.18569481e-07,0.6185694810000001,1.03251484e-06,9.87137904,10463.6617824,0.872045939104824,1.03251484e-06,1.24203939e-06,1.2420393900000002
1805,3.43919626e-06,9.8436601,10434.279706,0.8695972245974241,3.43919626e-06,6.18569497e-07,0.618569497,1.03251484e-06,9.87137889,10463.661623400001,0.8720459258536977,1.03251484e-06,1.24203948e-06,1.24203948
1806,3.43919626e-06,9.84366038,10434.2800028,0.86959724933286,3.43919626e-06,6.18569514e-07,0.618569514,1.03251484e-06,9.87137875,10463.661474999999,0.8720459134859796,1.03251484e-06,1.24203957e-06,1.2420395700000002
1807,3.43919626e-06,9.84366065,10434.280289,0.8695972731848874,3.43919626e-06,6.18569531e-07,0.618569531,1.03251484e-06,9.8713786,10463.661316,0.8720459002348533,1.03251484e-06,1.24203965e-06,1.24203965
1808,3.43919626e-06,9.84366092,10434.2805752,0.8695972970369149,3.43919626e-06,6.18569547e-07,0.618569547,1.03251484e-06,9.87137846,10463.661167600001,0.8720458878671355,1.03251484e-06,1.24203974e-06,1.24203974
1809,3.43919626e-06,9.84366119,10434.2808614,0.8695973208889423,3.43919626e-06,6.18569564e-07,0.6185695640000001,1.03251484e-06,9.87137832,10463.661019199999,0.8720458754994174,1.03251484e-06,1.24203983e-06,1.24203983
1810,3.43919626e-06,9.84366146,10434.2811476,0.8695973447409697,3.43919626e-06,6.1856958e-07,0.61856958,1.03251484e-06,9.87137818,10463.6608708,0.8720458631316996,1.03251484e-06,1.24203991e-06,1.2420399100000001
1811,3.43919626e-06,9.84366173,10434.2814338,0.8695973685929972,3.43919626e-06,6.18569597e-07,0.618569597,1.03251484e-06,9.87137804,10463.6607224,0.8720458507639817,1.03251484e-06,1.24204e-06,1.24204
1812,3.43919626e-06,9.843662,10434.28172,0.8695973924450245,3.43919626e-06,6.18569613e-07,0.618569613,1.03251484e-06,9.8713779,10463.660574000001,0.8720458383962638,1.03251484e-06,1.24204008e-06,1.24204008
1813,3.43919626e-06,9.84366227,10434.2820062,0.8695974162970519,3.43919626e-06,6.1856963e-07,0.6185696300000001,1.03251484e-06,9.87137776,10463.6604256,0.8720458260285457,1.03251484e-06,1.24204017e-06,1.2420401699999999
1814,3.43919626e-06,9.84366253,10434.2822818,0.869597439265671,3.43919626e-06,6.18569646e-07,0.618569646,1.03251484e-06,9.87137762,10463.6602772,0.8720458136608279,1.03251484e-06,1.24204025e-06,1.24204025
1815,3.43919626e-06,9.8436628,10434.282568,0.8695974631176984,3.43919626e-06,6.18569663e-07,0.6185696629999999,1.03251484e-06,9.87137749,10463.6601394,0.8720458021765184,1.03251484e-06,1.24204034e-06,1.24204034
1816,3.43919626e-06,9.84366307,10434.2828542,0.8695974869697258,3.43919626e-06,6.18569679e-07,0.618569679,1.03251484e-06,9.87137735,10463.659990999999,0.8720457898088003,1.03251484e-06,1.24204042e-06,1.24204042
1817,3.43919626e-06,9.84366333,10434.2831298,0.8695975099383448,3.43919626e-06,6.18569695e-07,0.6185696949999999,1.03251484e-06,9.87137721,10463.6598426,0.8720457774410826,1.03251484e-06,1.24204051e-06,1.2420405099999998
1818,3.43919626e-06,9.8436636,10434.283415999998,0.8695975337903721,3.43919626e-06,6.18569711e-07,0.618569711,1.03251484e-06,9.87137708,10463.6597048,0.8720457659567731,1.03251484e-06,1.24204059e-06,1.24204059
1819,3.43919626e-06,9.84366386,10434.2836916,0.8695975567589912,3.43919626e-06,6.18569728e-07,0.618569728,1.03251484e-06,9.87137695,10463.659567,0.8720457544724636,1.03251484e-06,1.24204068e-06,1.24204068
1820,3.43919626e-06,9.84366412,10434.2839672,0.8695975797276101,3.43919626e-06,6.18569744e-07,0.6185697440000001,1.03251484e-06,9.87137681,10463.659418599998,0.8720457421047455,1.03251484e-06,1.24204076e-06,1.24204076
1821,3.43919626e-06,9.84366439,10434.284253400001,0.8695976035796377,3.43919626e-06,6.1856976e-07,0.61856976,1.03251484e-06,9.87137668,10463.659280799999,0.872045730620436,1.03251484e-06,1.24204084e-06,1.24204084
1822,3.43919626e-06,9.84366465,10434.284528999999,0.8695976265482566,3.43919626e-06,6.18569776e-07,0.6185697760000001,1.03251484e-06,9.87137655,10463.659143,0.8720457191361267,1.03251484e-06,1.24204093e-06,1.24204093
1823,3.43919626e-06,9.84366491,10434.2848046,0.8695976495168756,3.43919626e-06,6.18569792e-07,0.618569792,1.03251484e-06,9.87137642,10463.659005200001,0.8720457076518172,1.03251484e-06,1.24204101e-06,1.2420410100000001
1824,3.43919626e-06,9.84366517,10434.2850802,0.8695976724854946,3.43919626e-06,6.18569808e-07,0.6185698079999999,1.03251484e-06,9.87137629,10463.658867400001,0.8720456961675077,1.03251484e-06,1.24204109e-06,1.2420410899999998
1825,3.43919626e-06,9.84366543,10434.285355799999,0.8695976954541136,3.43919626e-06,6.18569824e-07,0.618569824,1.03251484e-06,9.87137617,10463.658740199999,0.8720456855666064,1.03251484e-06,1.24204118e-06,1.24204118
1826,3.43919626e-06,9.84366569,10434.2856314,0.8695977184227326,3.43919626e-06,6.18569841e-07,0.618569841,1.03251484e-06,9.87137604,10463.658602399999,0.8720456740822969,1.03251484e-06,1.24204126e-06,1.2420412600000001
1827,3.43919626e-06,9.84366595,10434.285907,0.8695977413913516,3.43919626e-06,6.18569857e-07,0.618569857,1.03251484e-06,9.87137591,10463.6584646,0.8720456625979874,1.03251484e-06,1.24204134e-06,1.2420413399999999
1828,3.43919626e-06,9.84366627,10434.2862462,0.8695977696604211,3.43919626e-06,6.18569872e-07,0.618569872,1.03251484e-06,9.87137582,10463.6583692,0.8720456546473118,1.03251484e-06,1.24204142e-06,1.24204142
1829,3.43919626e-06,9.84366647,10434.2864582,0.8695977873285896,3.43919626e-06,6.18569888e-07,0.618569888,1.03251484e-06,9.87137567,10463.658210200001,0.8720456413961855,1.03251484e-06,1.24204151e-06,1.24204151
1830,3.43919626e-06,9.84366668,10434.2866808,0.8695978058801666,3.43919626e-06,6.18569904e-07,0.618569904,1.03251484e-06,9.87137552,10463.6580512,0.872045628145059,1.03251484e-06,1.24204159e-06,1.24204159
1831,3.43919626e-06,9.84366693,10434.286945799999,0.869597827965377,3.43919626e-06,6.1856992e-07,0.61856992,1.03251484e-06,9.8713754,10463.657924,0.8720456175441579,1.03251484e-06,1.24204167e-06,1.24204167
1832,3.43919626e-06,9.84366726,10434.287295600001,0.8695978571178551,3.43919626e-06,6.18569936e-07,0.618569936,1.03251484e-06,9.87137531,10463.657828599999,0.872045609593482,1.03251484e-06,1.24204175e-06,1.24204175
1833,3.43919626e-06,9.84366749,10434.2875394,0.8695978774362488,3.43919626e-06,6.18569952e-07,0.6185699520000001,1.03251484e-06,9.87137517,10463.6576802,0.8720455972257642,1.03251484e-06,1.24204183e-06,1.24204183
1834,3.43919626e-06,9.84366772,10434.2877832,0.8695978977546425,3.43919626e-06,6.18569968e-07,0.618569968,1.03251484e-06,9.87137504,10463.6575424,0.8720455857414547,1.03251484e-06,1.24204191e-06,1.24204191
1835,3.43919626e-06,9.84366803,10434.2881118,0.8695979251403037,3.43919626e-06,6.18569983e-07,0.618569983,1.03251484e-06,9.87137495,10463.657447,0.8720455777907788,1.03251484e-06,1.24204199e-06,1.24204199
1836,3.43919626e-06,9.84366823,10434.288323800001,0.8695979428084722,3.43919626e-06,6.18569999e-07,0.618569999,1.03251484e-06,9.87137482,10463.6573092,0.8720455663064695,1.03251484e-06,1.24204207e-06,1.24204207
1837,3.43919626e-06,9.84366851,10434.2886206,0.869597967543908,3.43919626e-06,6.18570015e-07,0.618570015,1.03251484e-06,9.87137471,10463.6571926,0.8720455565889768,1.03251484e-06,1.24204215e-06,1.2420421499999998
1838,3.43919626e-06,9.84366878,10434.2889068,0.8695979913959354,3.43919626e-06,6.1857003e-07,0.61857003,1.03251484e-06,9.87137459,10463.6570654,0.8720455459880757,1.03251484e-06,1.24204223e-06,1.24204223
1839,3.43919626e-06,9.84366896,10434.2890976,0.869598007297287,3.43919626e-06,6.18570046e-07,0.618570046,1.03251484e-06,9.87137443,10463.656895799999,0.8720455318535408,1.03251484e-06,1.24204231e-06,1.24204231
1840,3.43919626e-06,9.8436692,10434.289352000002,0.8695980284990893,3.43919626e-06,6.18570062e-07,0.618570062,1.03251484e-06,9.87137433,10463.6567898,0.8720455230194566,1.03251484e-06,1.24204239e-06,1.24204239
1841,3.43919626e-06,9.8436695,10434.28967,0.8695980550013418,3.43919626e-06,6.18570077e-07,0.618570077,1.03251484e-06,9.87137424,10463.6566944,0.8720455150687809,1.03251484e-06,1.24204247e-06,1.2420424700000001
1842,3.43919626e-06,9.84366978,10434.289966800001,0.8695980797367777,3.43919626e-06,6.18570093e-07,0.618570093,1.03251484e-06,9.87137413,10463.6565778,0.8720455053512882,1.03251484e-06,1.24204255e-06,1.2420425499999999
1843,3.43919626e-06,9.84366996,10434.2901576,0.8695980956381293,3.43919626e-06,6.18570108e-07,0.618570108,1.03251484e-06,9.87137399,10463.6564294,0.8720454929835703,1.03251484e-06,1.24204263e-06,1.24204263
1844,3.43919626e-06,9.84367023,10434.2904438,0.8695981194901568,3.43919626e-06,6.18570123e-07,0.618570123,1.03251484e-06,9.87137389,10463.656323399999,0.8720454841494859,1.03251484e-06,1.2420427e-06,1.2420427
1845,3.43919626e-06,9.8436705,10434.29073,0.8695981433421842,3.43919626e-06,6.18570139e-07,0.618570139,1.03251484e-06,9.87137378,10463.6562068,0.8720454744319934,1.03251484e-06,1.24204278e-06,1.24204278
1846,3.43919626e-06,9.84367074,10434.2909844,0.8695981645439863,3.43919626e-06,6.18570154e-07,0.618570154,1.03251484e-06,9.87137367,10463.6560902,0.8720454647145007,1.03251484e-06,1.24204286e-06,1.24204286
1847,3.43919626e-06,9.84367096,10434.2912176,0.8695981839789717,3.43919626e-06,6.18570169e-07,0.618570169,1.03251484e-06,9.87137355,10463.655963,0.8720454541135996,1.03251484e-06,1.24204294e-06,1.2420429400000002
1848,3.43919626e-06,9.84367119,10434.2914614,0.8695982042973653,3.43919626e-06,6.18570185e-07,0.618570185,1.03251484e-06,9.87137344,10463.655846399999,0.872045444396107,1.03251484e-06,1.24204301e-06,1.2420430100000002
1849,3.43919626e-06,9.84367143,10434.2917158,0.8695982254991674,3.43919626e-06,6.185702e-07,0.6185702,1.03251484e-06,9.87137332,10463.6557192,0.8720454337952059,1.03251484e-06,1.24204309e-06,1.24204309
1850,3.43919626e-06,9.84367167,10434.291970200002,0.8695982467009697,3.43919626e-06,6.18570215e-07,0.6185702150000001,1.03251484e-06,9.87137321,10463.6556026,0.8720454240777132,1.03251484e-06,1.24204317e-06,1.24204317
1851,3.43919626e-06,9.84367192,10434.2922352,0.8695982687861802,3.43919626e-06,6.1857023e-07,0.61857023,1.03251484e-06,9.87137311,10463.6554966,0.8720454152436291,1.03251484e-06,1.24204324e-06,1.24204324
1852,3.43919626e-06,9.84367217,10434.2925002,0.8695982908713907,3.43919626e-06,6.18570245e-07,0.6185702449999999,1.03251484e-06,9.87137301,10463.655390599999,0.8720454064095448,1.03251484e-06,1.24204332e-06,1.2420433199999998
1853,3.43919626e-06,9.84367241,10434.2927546,0.8695983120731928,3.43919626e-06,6.1857026e-07,0.61857026,1.03251484e-06,9.8713729,10463.655274,0.8720453966920523,1.03251484e-06,1.24204339e-06,1.24204339
1854,3.43919626e-06,9.84367264,10434.2929984,0.8695983323915867,3.43919626e-06,6.18570275e-07,0.618570275,1.03251484e-06,9.87137279,10463.6551574,0.8720453869745596,1.03251484e-06,1.24204347e-06,1.24204347
1855,3.43919626e-06,9.84367287,10434.293242200001,0.8695983527099805,3.43919626e-06,6.1857029e-07,0.61857029,1.03251484e-06,9.87137268,10463.6550408,0.8720453772570669,1.03251484e-06,1.24204354e-06,1.2420435399999998
1856,3.43919626e-06,9.84367311,10434.2934966,0.8695983739117825,3.43919626e-06,6.18570305e-07,0.618570305,1.03251484e-06,9.87137258,10463.654934799999,0.8720453684229825,1.03251484e-06,1.24204362e-06,1.24204362
1857,3.43919626e-06,9.84367334,10434.2937404,0.8695983942301763,3.43919626e-06,6.1857032e-07,0.61857032,1.03251484e-06,9.87137247,10463.6548182,0.87204535870549,1.03251484e-06,1.24204369e-06,1.24204369
1858,3.43919626e-06,9.84367357,10434.2939842,0.86959841454857,3.43919626e-06,6.18570334e-07,0.6185703339999999,1.03251484e-06,9.87137237,10463.6547122,0.8720453498714057,1.03251484e-06,1.24204377e-06,1.24204377
1859,3.43919626e-06,9.84367381,10434.2942386,0.8695984357503721,3.43919626e-06,6.18570349e-07,0.618570349,1.03251484e-06,9.87137226,10463.654595599999,0.872045340153913,1.03251484e-06,1.24204384e-06,1.24204384
1860,3.43919626e-06,9.84367404,10434.2944824,0.869598456068766,3.43919626e-06,6.18570364e-07,0.618570364,1.03251484e-06,9.87137216,10463.6544896,0.8720453313198289,1.03251484e-06,1.24204391e-06,1.24204391
1861,3.43919626e-06,9.84367427,10434.2947262,0.8695984763871596,3.43919626e-06,6.18570378e-07,0.618570378,1.03251484e-06,9.87137206,10463.6543836,0.8720453224857446,1.03251484e-06,1.24204399e-06,1.24204399
1862,3.43919626e-06,9.8436745,10434.29497,0.8695984967055534,3.43919626e-06,6.18570393e-07,0.6185703929999999,1.03251484e-06,9.87137196,10463.654277599999,0.8720453136516603,1.03251484e-06,1.24204406e-06,1.24204406
1863,3.43919626e-06,9.84367473,10434.2952138,0.8695985170239471,3.43919626e-06,6.18570407e-07,0.618570407,1.03251484e-06,9.87137186,10463.6541716,0.8720453048175761,1.03251484e-06,1.24204413e-06,1.24204413
1864,3.43919626e-06,9.84367496,10434.2954576,0.8695985373423407,3.43919626e-06,6.18570422e-07,0.618570422,1.03251484e-06,9.87137176,10463.6540656,0.8720452959834919,1.03251484e-06,1.24204421e-06,1.24204421
1865,3.43919626e-06,9.84367518,10434.2956908,0.8695985567773261,3.43919626e-06,6.18570436e-07,0.6185704360000001,1.03251484e-06,9.87137166,10463.6539596,0.8720452871494078,1.03251484e-06,1.24204428e-06,1.24204428
1866,3.43919626e-06,9.84367541,10434.295934599999,0.8695985770957197,3.43919626e-06,6.1857045e-07,0.61857045,1.03251484e-06,9.87137156,10463.6538536,0.8720452783153235,1.03251484e-06,1.24204435e-06,1.24204435
1867,3.43919626e-06,9.84367563,10434.2961678,0.869598596530705,3.43919626e-06,6.18570465e-07,0.618570465,1.03251484e-06,9.87137146,10463.653747600001,0.8720452694812394,1.03251484e-06,1.24204442e-06,1.2420444199999998
1868,3.43919626e-06,9.84367586,10434.296411599998,0.8695986168490988,3.43919626e-06,6.18570479e-07,0.618570479,1.03251484e-06,9.87137136,10463.6536416,0.872045260647155,1.03251484e-06,1.24204449e-06,1.24204449
1869,3.43919626e-06,9.84367608,10434.2966448,0.8695986362840842,3.43919626e-06,6.18570493e-07,0.618570493,1.03251484e-06,9.87137126,10463.6535356,0.8720452518130708,1.03251484e-06,1.24204457e-06,1.24204457
1870,3.43919626e-06,9.8436763,10434.296878000001,0.8695986557190696,3.43919626e-06,6.18570507e-07,0.618570507,1.03251484e-06,9.87137117,10463.6534402,0.872045243862395,1.03251484e-06,1.24204464e-06,1.24204464
1871,3.43919626e-06,9.84367652,10434.297111200001,0.8695986751540549,3.43919626e-06,6.18570521e-07,0.618570521,1.03251484e-06,9.87137107,10463.6533342,0.8720452350283108,1.03251484e-06,1.24204471e-06,1.2420447099999998
1872,3.43919626e-06,9.84367674,10434.2973444,0.86959869458904,3.43919626e-06,6.18570535e-07,0.618570535,1.03251484e-06,9.87137097,10463.653228199999,0.8720452261942264,1.03251484e-06,1.24204478e-06,1.2420447799999998
1873,3.43919626e-06,9.84367696,10434.2975776,0.8695987140240254,3.43919626e-06,6.18570549e-07,0.618570549,1.03251484e-06,9.87137088,10463.6531328,0.8720452182435507,1.03251484e-06,1.24204485e-06,1.24204485
1874,3.43919626e-06,9.84367718,10434.2978108,0.8695987334590107,3.43919626e-06,6.18570562e-07,0.618570562,1.03251484e-06,9.87137078,10463.653026799999,0.8720452094094664,1.03251484e-06,1.24204492e-06,1.24204492
1875,3.43919626e-06,9.84367739,10434.2980334,0.8695987520105877,3.43919626e-06,6.18570576e-07,0.618570576,1.03251484e-06,9.87137069,10463.6529314,0.8720452014587907,1.03251484e-06,1.24204499e-06,1.2420449900000001
1876,3.43919626e-06,9.84367761,10434.2982666,0.869598771445573,3.43919626e-06,6.1857059e-07,0.61857059,1.03251484e-06,9.87137059,10463.6528254,0.8720451926247065,1.03251484e-06,1.24204506e-06,1.24204506
1877,3.43919626e-06,9.84367782,10434.2984892,0.8695987899971498,3.43919626e-06,6.18570603e-07,0.618570603,1.03251484e-06,9.8713705,10463.65273,0.8720451846740307,1.03251484e-06,1.24204512e-06,1.24204512
1878,3.43919626e-06,9.84367804,10434.2987224,0.8695988094321352,3.43919626e-06,6.18570617e-07,0.618570617,1.03251484e-06,9.87137041,10463.652634600001,0.8720451767233549,1.03251484e-06,1.24204519e-06,1.24204519
1879,3.43919626e-06,9.84367825,10434.298945,0.869598827983712,3.43919626e-06,6.1857063e-07,0.61857063,1.03251484e-06,9.87137032,10463.6525392,0.8720451687726791,1.03251484e-06,1.24204526e-06,1.24204526
1880,3.43919626e-06,9.84367846,10434.2991676,0.8695988465352888,3.43919626e-06,6.18570644e-07,0.6185706440000001,1.03251484e-06,9.87137022,10463.652433199999,0.8720451599385948,1.03251484e-06,1.24204533e-06,1.24204533
1881,3.43919626e-06,9.84367867,10434.2993902,0.8695988650868657,3.43919626e-06,6.18570657e-07,0.6185706569999999,1.03251484e-06,9.87137013,10463.6523378,0.872045151987919,1.03251484e-06,1.2420454e-06,1.2420454
1882,3.43919626e-06,9.84367888,10434.299612800001,0.8695988836384427,3.43919626e-06,6.1857067e-07,0.61857067,1.03251484e-06,9.87137004,10463.6522424,0.8720451440372432,1.03251484e-06,1.24204546e-06,1.2420454600000002
1883,3.43919626e-06,9.84367908,10434.299824799999,0.869598901306611,3.43919626e-06,6.18570683e-07,0.618570683,1.03251484e-06,9.87136995,10463.652147,0.8720451360865674,1.03251484e-06,1.24204553e-06,1.24204553
1884,3.43919626e-06,9.84367929,10434.3000474,0.8695989198581879,3.43919626e-06,6.18570696e-07,0.618570696,1.03251484e-06,9.87136986,10463.6520516,0.8720451281358916,1.03251484e-06,1.2420456e-06,1.2420456
1885,3.43919626e-06,9.8436795,10434.30027,0.8695989384097649,3.43919626e-06,6.18570709e-07,0.618570709,1.03251484e-06,9.87136977,10463.6519562,0.8720451201852157,1.03251484e-06,1.24204567e-06,1.24204567
1886,3.43919626e-06,9.8436797,10434.300481999999,0.8695989560779332,3.43919626e-06,6.18570722e-07,0.618570722,1.03251484e-06,9.87136968,10463.6518608,0.8720451122345401,1.03251484e-06,1.24204573e-06,1.24204573
1887,3.43919626e-06,9.8436799,10434.300694,0.8695989737461017,3.43919626e-06,6.18570735e-07,0.618570735,1.03251484e-06,9.8713696,10463.651775999999,0.8720451051672725,1.03251484e-06,1.2420458e-06,1.2420458
1888,3.43919626e-06,9.84368011,10434.3009166,0.8695989922976786,3.43919626e-06,6.18570748e-07,0.618570748,1.03251484e-06,9.87136951,10463.6516806,0.8720450972165967,1.03251484e-06,1.24204586e-06,1.24204586
1889,3.43919626e-06,9.84368031,10434.3011286,0.8695990099658472,3.43919626e-06,6.18570761e-07,0.618570761,1.03251484e-06,9.87136942,10463.651585200001,0.8720450892659211,1.03251484e-06,1.24204593e-06,1.2420459300000002
1890,3.43919626e-06,9.84368051,10434.301340600001,0.8695990276340156,3.43919626e-06,6.18570773e-07,0.618570773,1.03251484e-06,9.87136933,10463.6514898,0.8720450813152452,1.03251484e-06,1.24204599e-06,1.24204599
1891,3.43919626e-06,9.84368071,10434.3015526,0.869599045302184,3.43919626e-06,6.18570786e-07,0.618570786,1.03251484e-06,9.87136925,10463.651405,0.8720450742479778,1.03251484e-06,1.24204606e-06,1.2420460599999998
1892,3.43919626e-06,9.8436809,10434.301754,0.869599062086944,3.43919626e-06,6.18570798e-07,0.618570798,1.03251484e-06,9.87136916,10463.6513096,0.8720450662973019,1.03251484e-06,1.24204612e-06,1.24204612
1893,3.43919626e-06,9.8436811,10434.301965999999,0.8695990797551125,3.43919626e-06,6.18570811e-07,0.618570811,1.03251484e-06,9.87136908,10463.6512248,0.8720450592300346,1.03251484e-06,1.24204619e-06,1.24204619
1894,3.43919626e-06,9.8436813,10434.302178,0.869599097423281,3.43919626e-06,6.18570823e-07,0.618570823,1.03251484e-06,9.87136899,10463.651129400001,0.8720450512793588,1.03251484e-06,1.24204625e-06,1.24204625
1895,3.43919626e-06,9.84368149,10434.3023794,0.869599114208041,3.43919626e-06,6.18570835e-07,0.618570835,1.03251484e-06,9.87136891,10463.6510446,0.8720450442120913,1.03251484e-06,1.24204632e-06,1.24204632
1896,3.43919626e-06,9.84368169,10434.3025914,0.8695991318762096,3.43919626e-06,6.18570847e-07,0.618570847,1.03251484e-06,9.87136882,10463.6509492,0.8720450362614156,1.03251484e-06,1.24204638e-06,1.2420463800000001
1897,3.43919626e-06,9.84368188,10434.3027928,0.8695991486609694,3.43919626e-06,6.18570859e-07,0.618570859,1.03251484e-06,9.87136874,10463.650864399999,0.8720450291941481,1.03251484e-06,1.24204644e-06,1.24204644
1898,3.43919626e-06,9.84368207,10434.3029942,0.8695991654457296,3.43919626e-06,6.18570871e-07,0.618570871,1.03251484e-06,9.87136865,10463.650769000002,0.8720450212434725,1.03251484e-06,1.24204651e-06,1.24204651
1899,3.43919626e-06,9.84368226,10434.3031956,0.8695991822304896,3.43919626e-06,6.18570883e-07,0.6185708830000001,1.03251484e-06,9.87136857,10463.6506842,0.872045014176205,1.03251484e-06,1.24204657e-06,1.24204657
1900,3.43919626e-06,9.84368245,10434.303397,0.8695991990152496,3.43919626e-06,6.18570895e-07,0.618570895,1.03251484e-06,9.87136849,10463.6505994,0.8720450071089376,1.03251484e-06,1.24204663e-06,1.2420466300000002
1901,3.43919626e-06,9.84368264,10434.303598400002,0.8695992158000099,3.43919626e-06,6.18570907e-07,0.6185709070000001,1.03251484e-06,9.87136841,10463.6505146,0.8720450000416702,1.03251484e-06,1.2420467e-06,1.2420467
1902,3.43919626e-06,9.84368282,10434.3037892,0.8695992317013612,3.43919626e-06,6.18570919e-07,0.6185709189999999,1.03251484e-06,9.87136832,10463.6504192,0.8720449920909944,1.03251484e-06,1.24204676e-06,1.24204676
1903,3.43919626e-06,9.84368301,10434.3039906,0.8695992484861214,3.43919626e-06,6.1857093e-07,0.61857093,1.03251484e-06,9.87136824,10463.650334400001,0.8720449850237272,1.03251484e-06,1.24204682e-06,1.2420468199999999
1904,3.43919626e-06,9.8436832,10434.304192,0.8695992652708814,3.43919626e-06,6.18570942e-07,0.6185709420000001,1.03251484e-06,9.87136816,10463.6502496,0.8720449779564596,1.03251484e-06,1.24204688e-06,1.24204688
1905,3.43919626e-06,9.84368338,10434.304382799999,0.869599281172233,3.43919626e-06,6.18570954e-07,0.618570954,1.03251484e-06,9.87136808,10463.6501648,0.8720449708891922,1.03251484e-06,1.24204694e-06,1.24204694
1906,3.43919626e-06,9.84368356,10434.3045736,0.8695992970735846,3.43919626e-06,6.18570965e-07,0.618570965,1.03251484e-06,9.871368,10463.650080000001,0.872044963821925,1.03251484e-06,1.242047e-06,1.242047
1907,3.43919626e-06,9.84368374,10434.3047644,0.8695993129749362,3.43919626e-06,6.18570976e-07,0.618570976,1.03251484e-06,9.87136792,10463.649995200001,0.8720449567546577,1.03251484e-06,1.24204706e-06,1.24204706
1908,3.43919626e-06,9.84368393,10434.3049658,0.8695993297596962,3.43919626e-06,6.18570988e-07,0.618570988,1.03251484e-06,9.87136784,10463.6499104,0.8720449496873901,1.03251484e-06,1.24204712e-06,1.24204712
1909,3.43919626e-06,9.84368411,10434.3051566,0.8695993456610478,3.43919626e-06,6.18570999e-07,0.618570999,1.03251484e-06,9.87136776,10463.6498256,0.8720449426201227,1.03251484e-06,1.24204718e-06,1.24204718
1910,3.43919626e-06,9.84368428,10434.3053368,0.8695993606789911,3.43919626e-06,6.1857101e-07,0.6185710099999999,1.03251484e-06,9.87136768,10463.649740800001,0.8720449355528554,1.03251484e-06,1.24204724e-06,1.24204724
1911,3.43919626e-06,9.84368446,10434.3055276,0.8695993765803427,3.43919626e-06,6.18571021e-07,0.618571021,1.03251484e-06,9.8713676,10463.649656,0.8720449284855879,1.03251484e-06,1.2420473e-06,1.2420473
1912,3.43919626e-06,9.84368464,10434.305718399999,0.8695993924816943,3.43919626e-06,6.18571032e-07,0.6185710320000001,1.03251484e-06,9.87136752,10463.6495712,0.8720449214183206,1.03251484e-06,1.24204736e-06,1.24204736
1913,3.43919626e-06,9.84368481,10434.3058986,0.8695994074996375,3.43919626e-06,6.18571043e-07,0.618571043,1.03251484e-06,9.87136745,10463.649496999999,0.8720449152344615,1.03251484e-06,1.24204742e-06,1.24204742
1914,3.43919626e-06,9.84368499,10434.3060894,0.8695994234009891,3.43919626e-06,6.18571054e-07,0.618571054,1.03251484e-06,9.87136737,10463.6494122,0.8720449081671943,1.03251484e-06,1.24204748e-06,1.24204748
1915,3.43919626e-06,9.84368516,10434.3062696,0.8695994384189323,3.43919626e-06,6.18571065e-07,0.6185710649999999,1.03251484e-06,9.87136729,10463.6493274,0.8720449010999269,1.03251484e-06,1.24204754e-06,1.24204754
1916,3.43919626e-06,9.84368533,10434.3064498,0.8695994534368755,3.43919626e-06,6.18571076e-07,0.618571076,1.03251484e-06,9.87136722,10463.6492532,0.8720448949160678,1.03251484e-06,1.2420476e-06,1.2420476
1917,3.43919626e-06,9.84368551,10434.3066406,0.8695994693382271,3.43919626e-06,6.18571086e-07,0.618571086,1.03251484e-06,9.87136714,10463.649168400001,0.8720448878488006,1.03251484e-06,1.24204766e-06,1.24204766
1918,3.43919626e-06,9.84368568,10434.3068208,0.8695994843561703,3.43919626e-06,6.18571097e-07,0.618571097,1.03251484e-06,9.87136706,10463.649083600001,0.8720448807815332,1.03251484e-06,1.24204772e-06,1.24204772
1919,3.43919626e-06,9.84368596,10434.3071176,0.8695995090916061,3.43919626e-06,6.18571107e-07,0.618571107,1.03251484e-06,9.87136707,10463.6490942,0.8720448816649415,1.03251484e-06,1.24204777e-06,1.2420477699999999
1920,3.43919626e-06,9.84368601,10434.307170600001,0.8695995135086484,3.43919626e-06,6.18571118e-07,0.6185711180000001,1.03251484e-06,9.87136691,10463.6489246,0.8720448675304068,1.03251484e-06,1.24204783e-06,1.24204783
1921,3.43919626e-06,9.8436861,10434.307266,0.8695995214593241,3.43919626e-06,6.18571128e-07,0.618571128,1.03251484e-06,9.87136678,10463.6487868,0.8720448560460973,1.03251484e-06,1.24204789e-06,1.24204789
1922,3.43919626e-06,9.84368639,10434.3075734,0.8695995470781683,3.43919626e-06,6.18571139e-07,0.618571139,1.03251484e-06,9.8713668,10463.648808,0.8720448578129141,1.03251484e-06,1.24204795e-06,1.24204795
1923,3.43919626e-06,9.84368663,10434.307827800001,0.8695995682799706,3.43919626e-06,6.18571149e-07,0.6185711490000001,1.03251484e-06,9.87136676,10463.6487656,0.8720448542792805,1.03251484e-06,1.242048e-06,1.242048
1924,3.43919626e-06,9.84368662,10434.3078172,0.8695995673965621,3.43919626e-06,6.18571159e-07,0.618571159,1.03251484e-06,9.87136657,10463.648564199999,0.8720448374945203,1.03251484e-06,1.24204806e-06,1.24204806
1925,3.43919626e-06,9.84368671,10434.3079126,0.8695995753472379,3.43919626e-06,6.1857117e-07,0.6185711700000001,1.03251484e-06,9.87136645,10463.648437,0.8720448268936193,1.03251484e-06,1.24204811e-06,1.24204811
1926,3.43919626e-06,9.84368702,10434.3082412,0.869599602732899,3.43919626e-06,6.1857118e-07,0.61857118,1.03251484e-06,9.8713665,10463.648490000001,0.8720448313106616,1.03251484e-06,1.24204817e-06,1.24204817
1927,3.43919626e-06,9.84368728,10434.3085168,0.8695996257015179,3.43919626e-06,6.1857119e-07,0.6185711899999999,1.03251484e-06,9.87136648,10463.6484688,0.8720448295438445,1.03251484e-06,1.24204823e-06,1.24204823
1928,3.43919626e-06,9.84368731,10434.3085486,0.8695996283517433,3.43919626e-06,6.185712e-07,0.6185712,1.03251484e-06,9.8713663,10463.648278,0.872044813642493,1.03251484e-06,1.24204828e-06,1.24204828
1929,3.43919626e-06,9.84368752,10434.3087712,0.8695996469033201,3.43919626e-06,6.1857121e-07,0.6185712099999999,1.03251484e-06,9.87136624,10463.6482144,0.8720448083420425,1.03251484e-06,1.24204834e-06,1.24204834
1930,3.43919626e-06,9.84368756,10434.308813599999,0.8695996504369538,3.43919626e-06,6.18571219e-07,0.618571219,1.03251484e-06,9.87136611,10463.6480766,0.872044796857733,1.03251484e-06,1.24204839e-06,1.24204839
1931,3.43919626e-06,9.84368782,10434.3090892,0.8695996734055729,3.43919626e-06,6.18571229e-07,0.6185712290000001,1.03251484e-06,9.87136613,10463.6480978,0.8720447986245498,1.03251484e-06,1.24204845e-06,1.24204845
1932,3.43919626e-06,9.84368804,10434.3093224,0.8695996928405582,3.43919626e-06,6.18571239e-07,0.618571239,1.03251484e-06,9.8713661,10463.648066,0.8720447959743245,1.03251484e-06,1.2420485e-06,1.2420485
1933,3.43919626e-06,9.84368805,10434.309333000001,0.8695996937239666,3.43919626e-06,6.18571249e-07,0.618571249,1.03251484e-06,9.87136593,10463.6478858,0.8720447809563813,1.03251484e-06,1.24204856e-06,1.2420485600000002
1934,3.43919626e-06,9.84368827,10434.3095662,0.8695997131589518,3.43919626e-06,6.18571258e-07,0.618571258,1.03251484e-06,9.87136587,10463.6478222,0.8720447756559309,1.03251484e-06,1.24204861e-06,1.24204861
1935,3.43919626e-06,9.84368846,10434.3097676,0.8695997299437119,3.43919626e-06,6.18571268e-07,0.618571268,1.03251484e-06,9.87136583,10463.6477798,0.872044772122297,1.03251484e-06,1.24204866e-06,1.24204866
1936,3.43919626e-06,9.84368862,10434.3099372,0.8695997440782467,3.43919626e-06,6.18571277e-07,0.618571277,1.03251484e-06,9.87136576,10463.6477056,0.8720447659384382,1.03251484e-06,1.24204872e-06,1.24204872
1937,3.43919626e-06,9.84368861,10434.309926599999,0.8695997431948381,3.43919626e-06,6.18571287e-07,0.618571287,1.03251484e-06,9.87136562,10463.6475572,0.8720447535707202,1.03251484e-06,1.24204877e-06,1.24204877
1938,3.43919626e-06,9.84368885,10434.310180999999,0.8695997643966403,3.43919626e-06,6.18571296e-07,0.6185712959999999,1.03251484e-06,9.87136562,10463.6475572,0.8720447535707202,1.03251484e-06,1.24204882e-06,1.24204882
1939,3.43919626e-06,9.84368908,10434.3104248,0.8695997847150342,3.43919626e-06,6.18571305e-07,0.618571305,1.03251484e-06,9.87136559,10463.6475254,0.8720447509204949,1.03251484e-06,1.24204888e-06,1.24204888
1940,3.43919626e-06,9.84368924,10434.3105944,0.869599798849569,3.43919626e-06,6.18571315e-07,0.6185713150000001,1.03251484e-06,9.8713655,10463.647429999999,0.872044742969819,1.03251484e-06,1.24204893e-06,1.24204893
1941,3.43919626e-06,9.84368936,10434.3107216,0.8695998094504701,3.43919626e-06,6.18571324e-07,0.618571324,1.03251484e-06,9.87136539,10463.647313399999,0.8720447332523263,1.03251484e-06,1.24204898e-06,1.2420489799999999
1942,3.43919626e-06,9.84368933,10434.3106898,0.8695998068002447,3.43919626e-06,6.18571333e-07,0.618571333,1.03251484e-06,9.87136525,10463.647165,0.8720447208846086,1.03251484e-06,1.24204904e-06,1.24204904
1943,3.43919626e-06,9.84368956,10434.3109336,0.8695998271186385,3.43919626e-06,6.18571342e-07,0.618571342,1.03251484e-06,9.87136525,10463.647165,0.8720447208846086,1.03251484e-06,1.24204909e-06,1.2420490899999999
1944,3.43919626e-06,9.8436898,10434.311188,0.8695998483204406,3.43919626e-06,6.18571351e-07,0.618571351,1.03251484e-06,9.87136524,10463.6471544,0.8720447200012001,1.03251484e-06,1.24204914e-06,1.24204914
1945,3.43919626e-06,9.84368998,10434.311378800001,0.8695998642217923,3.43919626e-06,6.1857136e-07,0.61857136,1.03251484e-06,9.87136517,10463.6470802,0.8720447138173412,1.03251484e-06,1.24204919e-06,1.2420491900000001
1946,3.43919626e-06,9.84369009,10434.311495400001,0.869599873939285,3.43919626e-06,6.18571369e-07,0.618571369,1.03251484e-06,9.87136506,10463.6469636,0.8720447040998486,1.03251484e-06,1.24204924e-06,1.24204924
1947,3.43919626e-06,9.84369018,10434.3115908,0.8695998818899606,3.43919626e-06,6.18571377e-07,0.618571377,1.03251484e-06,9.87136496,10463.646857599999,0.8720446952657642,1.03251484e-06,1.24204929e-06,1.24204929
1948,3.43919626e-06,9.84369029,10434.3117074,0.8695998916074533,3.43919626e-06,6.18571386e-07,0.618571386,1.03251484e-06,9.8713649,10463.646794,0.8720446899653138,1.03251484e-06,1.24204934e-06,1.24204934
1949,3.43919626e-06,9.84369044,10434.3118664,0.8695999048585796,3.43919626e-06,6.18571395e-07,0.618571395,1.03251484e-06,9.87136486,10463.6467516,0.87204468643168,1.03251484e-06,1.2420494e-06,1.2420494
1950,3.43919626e-06,9.8436906,10434.312036000001,0.8695999189931145,3.43919626e-06,6.18571404e-07,0.618571404,1.03251484e-06,9.87136482,10463.6467092,0.8720446828980464,1.03251484e-06,1.24204945e-06,1.2420494499999999
1951,3.43919626e-06,9.84369075,10434.312195,0.8695999322442408,3.43919626e-06,6.18571412e-07,0.6185714120000001,1.03251484e-06,9.87136474,10463.6466244,0.872044675830779,1.03251484e-06,1.2420495e-06,1.2420494999999998
1952,3.43919626e-06,9.84369089,10434.312343399999,0.8695999446119587,3.43919626e-06,6.18571421e-07,0.618571421,1.03251484e-06,9.87136465,10463.646529,0.8720446678801032,1.03251484e-06,1.24204955e-06,1.2420495500000002
1953,3.43919626e-06,9.84369101,10434.3124706,0.8695999552128598,3.43919626e-06,6.18571429e-07,0.6185714290000001,1.03251484e-06,9.87136457,10463.646444200001,0.8720446608128359,1.03251484e-06,1.2420496e-06,1.2420496
1954,3.43919626e-06,9.84369114,10434.312608400001,0.8695999666971694,3.43919626e-06,6.18571438e-07,0.618571438,1.03251484e-06,9.87136451,10463.6463806,0.8720446555123852,1.03251484e-06,1.24204965e-06,1.24204965
1955,3.43919626e-06,9.84369128,10434.3127568,0.8695999790648872,3.43919626e-06,6.18571446e-07,0.6185714459999999,1.03251484e-06,9.87136447,10463.6463382,0.8720446519787516,1.03251484e-06,1.2420497e-06,1.2420497
1956,3.43919626e-06,9.84369143,10434.3129158,0.8695999923160135,3.43919626e-06,6.18571454e-07,0.618571454,1.03251484e-06,9.87136442,10463.6462852,0.8720446475617095,1.03251484e-06,1.24204975e-06,1.24204975
1957,3.43919626e-06,9.84369157,10434.313064200001,0.8696000046837316,3.43919626e-06,6.18571463e-07,0.618571463,1.03251484e-06,9.87136435,10463.646211000001,0.8720446413778505,1.03251484e-06,1.24204979e-06,1.2420497899999998
1958,3.43919626e-06,9.8436917,10434.313202000001,0.8696000161680411,3.43919626e-06,6.18571471e-07,0.618571471,1.03251484e-06,9.87136427,10463.646126200001,0.8720446343105832,1.03251484e-06,1.24204984e-06,1.2420498400000002
1959,3.43919626e-06,9.84369182,10434.3133292,0.8696000267689421,3.43919626e-06,6.18571479e-07,0.618571479,1.03251484e-06,9.87136419,10463.6460414,0.8720446272433157,1.03251484e-06,1.24204989e-06,1.24204989
1960,3.43919626e-06,9.84369194,10434.3134564,0.869600037369843,3.43919626e-06,6.18571487e-07,0.618571487,1.03251484e-06,9.87136413,10463.6459778,0.8720446219428653,1.03251484e-06,1.24204994e-06,1.24204994
1961,3.43919626e-06,9.84369207,10434.313594199999,0.8696000488541525,3.43919626e-06,6.18571496e-07,0.618571496,1.03251484e-06,9.87136408,10463.6459248,0.872044617525823,1.03251484e-06,1.24204999e-06,1.24204999
1962,3.43919626e-06,9.84369221,10434.313742600001,0.8696000612218706,3.43919626e-06,6.18571504e-07,0.6185715039999999,1.03251484e-06,9.87136403,10463.645871800001,0.872044613108781,1.03251484e-06,1.24205004e-06,1.24205004
1963,3.43919626e-06,9.84369235,10434.313891,0.8696000735895885,3.43919626e-06,6.18571512e-07,0.618571512,1.03251484e-06,9.87136397,10463.6458082,0.8720446078083305,1.03251484e-06,1.24205008e-06,1.2420500799999998
1964,3.43919626e-06,9.84369248,10434.3140288,0.869600085073898,3.43919626e-06,6.1857152e-07,0.61857152,1.03251484e-06,9.8713639,10463.645734,0.8720446016244714,1.03251484e-06,1.24205013e-06,1.24205013
1965,3.43919626e-06,9.84369261,10434.3141666,0.8696000965582075,3.43919626e-06,6.18571528e-07,0.618571528,1.03251484e-06,9.87136384,10463.645670400001,0.872044596324021,1.03251484e-06,1.24205018e-06,1.2420501800000001
1966,3.43919626e-06,9.84369273,10434.3142938,0.8696001071591085,3.43919626e-06,6.18571536e-07,0.6185715359999999,1.03251484e-06,9.87136377,10463.6455962,0.8720445901401619,1.03251484e-06,1.24205023e-06,1.24205023
1967,3.43919626e-06,9.84369285,10434.314421000001,0.8696001177600097,3.43919626e-06,6.18571543e-07,0.618571543,1.03251484e-06,9.87136371,10463.645532600001,0.8720445848397115,1.03251484e-06,1.24205027e-06,1.24205027
1968,3.43919626e-06,9.84369298,10434.3145588,0.8696001292443192,3.43919626e-06,6.18571551e-07,0.618571551,1.03251484e-06,9.87136366,10463.6454796,0.8720445804226693,1.03251484e-06,1.24205032e-06,1.24205032
1969,3.43919626e-06,9.84369311,10434.3146966,0.8696001407286287,3.43919626e-06,6.18571559e-07,0.6185715589999999,1.03251484e-06,9.8713636,10463.645416000001,0.8720445751222189,1.03251484e-06,1.24205037e-06,1.2420503699999998
1970,3.43919626e-06,9.84369323,10434.3148238,0.8696001513295296,3.43919626e-06,6.18571567e-07,0.6185715669999999,1.03251484e-06,9.87136354,10463.6453524,0.8720445698217683,1.03251484e-06,1.24205041e-06,1.24205041
1971,3.43919626e-06,9.84369336,10434.3149616,0.8696001628138391,3.43919626e-06,6.18571574e-07,0.618571574,1.03251484e-06,9.87136348,10463.645288799999,0.8720445645213175,1.03251484e-06,1.24205046e-06,1.24205046
1972,3.43919626e-06,9.84369348,10434.3150888,0.8696001734147403,3.43919626e-06,6.18571582e-07,0.6185715820000001,1.03251484e-06,9.87136342,10463.6452252,0.8720445592208671,1.03251484e-06,1.24205051e-06,1.2420505099999999
1973,3.43919626e-06,9.84369361,10434.315226600002,0.8696001848990499,3.43919626e-06,6.1857159e-07,0.61857159,1.03251484e-06,9.87136336,10463.6451616,0.8720445539204166,1.03251484e-06,1.24205055e-06,1.2420505499999999
1974,3.43919626e-06,9.84369373,10434.3153538,0.8696001954999509,3.43919626e-06,6.18571597e-07,0.618571597,1.03251484e-06,9.87136331,10463.6451086,0.8720445495033745,1.03251484e-06,1.2420506e-06,1.2420506
1975,3.43919626e-06,9.84369385,10434.315481,0.8696002061008519,3.43919626e-06,6.18571605e-07,0.618571605,1.03251484e-06,9.87136325,10463.645045,0.8720445442029239,1.03251484e-06,1.24205064e-06,1.24205064
1976,3.43919626e-06,9.84369397,10434.3156082,0.869600216701753,3.43919626e-06,6.18571612e-07,0.618571612,1.03251484e-06,9.87136319,10463.6449814,0.8720445389024735,1.03251484e-06,1.24205069e-06,1.24205069
1977,3.43919626e-06,9.84369409,10434.3157354,0.8696002273026541,3.43919626e-06,6.1857162e-07,0.61857162,1.03251484e-06,9.87136313,10463.6449178,0.8720445336020229,1.03251484e-06,1.24205073e-06,1.2420507299999999
1978,3.43919626e-06,9.84369421,10434.3158626,0.8696002379035552,3.43919626e-06,6.18571627e-07,0.618571627,1.03251484e-06,9.87136308,10463.6448648,0.8720445291849808,1.03251484e-06,1.24205078e-06,1.2420507799999998
1979,3.43919626e-06,9.84369433,10434.3159898,0.8696002485044562,3.43919626e-06,6.18571635e-07,0.618571635,1.03251484e-06,9.87136302,10463.6448012,0.8720445238845302,1.03251484e-06,1.24205082e-06,1.24205082
1980,3.43919626e-06,9.84369445,10434.316116999998,0.8696002591053572,3.43919626e-06,6.18571642e-07,0.618571642,1.03251484e-06,9.87136297,10463.6447482,0.8720445194674882,1.03251484e-06,1.24205086e-06,1.24205086
1981,3.43919626e-06,9.84369457,10434.316244200001,0.8696002697062585,3.43919626e-06,6.1857165e-07,0.6185716499999999,1.03251484e-06,9.87136291,10463.6446846,0.8720445141670375,1.03251484e-06,1.24205091e-06,1.24205091
1982,3.43919626e-06,9.84369469,10434.3163714,0.8696002803071595,3.43919626e-06,6.18571657e-07,0.6185716569999999,1.03251484e-06,9.87136286,10463.6446316,0.8720445097499955,1.03251484e-06,1.24205095e-06,1.24205095
1983,3.43919626e-06,9.84369481,10434.316498600001,0.8696002909080607,3.43919626e-06,6.18571664e-07,0.618571664,1.03251484e-06,9.87136281,10463.6445786,0.8720445053329534,1.03251484e-06,1.242051e-06,1.242051
1984,3.43919626e-06,9.84369493,10434.3166258,0.8696003015089616,3.43919626e-06,6.18571672e-07,0.6185716720000001,1.03251484e-06,9.87136275,10463.644515,0.8720445000325028,1.03251484e-06,1.24205104e-06,1.24205104
1985,3.43919626e-06,9.84369504,10434.3167424,0.8696003112264543,3.43919626e-06,6.18571679e-07,0.618571679,1.03251484e-06,9.8713627,10463.644462,0.8720444956154607,1.03251484e-06,1.24205108e-06,1.24205108
1986,3.43919626e-06,9.84369516,10434.3168696,0.8696003218273552,3.43919626e-06,6.18571686e-07,0.618571686,1.03251484e-06,9.87136265,10463.644409,0.8720444911984186,1.03251484e-06,1.24205113e-06,1.24205113
1987,3.43919626e-06,9.84369527,10434.3169862,0.869600331544848,3.43919626e-06,6.18571693e-07,0.618571693,1.03251484e-06,9.87136259,10463.6443454,0.872044485897968,1.03251484e-06,1.24205117e-06,1.24205117
1988,3.43919626e-06,9.84369539,10434.3171134,0.8696003421457491,3.43919626e-06,6.185717e-07,0.6185717000000001,1.03251484e-06,9.87136254,10463.6442924,0.872044481480926,1.03251484e-06,1.24205121e-06,1.24205121
1989,3.43919626e-06,9.8436955,10434.31723,0.8696003518632418,3.43919626e-06,6.18571708e-07,0.6185717079999999,1.03251484e-06,9.87136249,10463.644239399999,0.8720444770638837,1.03251484e-06,1.24205125e-06,1.2420512499999998
1990,3.43919626e-06,9.84369562,10434.3173572,0.8696003624641427,3.43919626e-06,6.18571715e-07,0.618571715,1.03251484e-06,9.87136244,10463.6441864,0.8720444726468417,1.03251484e-06,1.2420513e-06,1.2420513000000002
1991,3.43919626e-06,9.84369573,10434.3174738,0.8696003721816354,3.43919626e-06,6.18571722e-07,0.618571722,1.03251484e-06,9.87136239,10463.6441334,0.8720444682297995,1.03251484e-06,1.24205134e-06,1.24205134
1992,3.43919626e-06,9.84369584,10434.3175904,0.8696003818991281,3.43919626e-06,6.18571729e-07,0.618571729,1.03251484e-06,9.87136234,10463.6440804,0.8720444638127574,1.03251484e-06,1.24205138e-06,1.24205138
1993,3.43919626e-06,9.84369596,10434.317717599999,0.8696003925000291,3.43919626e-06,6.18571736e-07,0.6185717359999999,1.03251484e-06,9.87136229,10463.6440274,0.8720444593957153,1.03251484e-06,1.24205142e-06,1.2420514200000001
1994,3.43919626e-06,9.84369607,10434.3178342,0.8696004022175218,3.43919626e-06,6.18571743e-07,0.618571743,1.03251484e-06,9.87136224,10463.6439744,0.8720444549786732,1.03251484e-06,1.24205146e-06,1.24205146
1995,3.43919626e-06,9.84369618,10434.3179508,0.8696004119350145,3.43919626e-06,6.1857175e-07,0.61857175,1.03251484e-06,9.87136219,10463.643921399998,0.8720444505616309,1.03251484e-06,1.2420515e-06,1.2420514999999999
1996,3.43919626e-06,9.84369629,10434.318067400001,0.8696004216525073,3.43919626e-06,6.18571757e-07,0.618571757,1.03251484e-06,9.87136214,10463.6438684,0.872044446144589,1.03251484e-06,1.24205154e-06,1.2420515399999998
1997,3.43919626e-06,9.8436964,10434.318184000002,0.86960043137,3.43919626e-06,6.18571764e-07,0.6185717639999999,1.03251484e-06,9.8713621,10463.643826000001,0.8720444426109554,1.03251484e-06,1.24205158e-06,1.24205158
1998,3.43919626e-06,9.84369651,10434.3183006,0.8696004410874925,3.43919626e-06,6.18571771e-07,0.6185717709999999,1.03251484e-06,9.87136205,10463.643773,0.8720444381939132,1.03251484e-06,1.24205163e-06,1.24205163
1999,3.43919626e-06,9.84369662,10434.3184172,0.8696004508049852,3.43919626e-06,6.18571778e-07,0.618571778,1.03251484e-06,9.871362,10463.64372,0.872044433776871,1.03251484e-06,1.24205167e-06,1.24205167
2000,3.43919626e-06,9.84369673,10434.3185338,0.8696004605224777,3.43919626e-06,6.18571784e-07,0.618571784,1.03251484e-06,9.87136195,10463.643667,0.872044429359829,1.03251484e-06,1.24205171e-06,1.2420517100000001
2001,3.43919626e-06,9.84369684,10434.3186504,0.8696004702399704,3.43919626e-06,6.18571791e-07,0.618571791,1.03251484e-06,9.87136191,10463.6436246,0.8720444258261952,1.03251484e-06,1.24205175e-06,1.2420517500000001
2002,3.43919626e-06,9.84369694,10434.3187564,0.8696004790740547,3.43919626e-06,6.18571798e-07,0.618571798,1.03251484e-06,9.87136186,10463.6435716,0.8720444214091531,1.03251484e-06,1.24205178e-06,1.24205178
2003,3.43919626e-06,9.84369705,10434.318873,0.8696004887915473,3.43919626e-06,6.18571805e-07,0.618571805,1.03251484e-06,9.87136182,10463.6435292,0.8720444178755195,1.03251484e-06,1.24205182e-06,1.2420518200000001
2004,3.43919626e-06,9.84369716,10434.3189896,0.86960049850904,3.43919626e-06,6.18571812e-07,0.618571812,1.03251484e-06,9.87136177,10463.6434762,0.8720444134584774,1.03251484e-06,1.24205186e-06,1.24205186
2005,3.43919626e-06,9.84369727,10434.3191062,0.8696005082265327,3.43919626e-06,6.18571818e-07,0.618571818,1.03251484e-06,9.87136173,10463.6434338,0.8720444099248437,1.03251484e-06,1.2420519e-06,1.2420518999999999
2006,3.43919626e-06,9.84369737,10434.3192122,0.8696005170606168,3.43919626e-06,6.18571825e-07,0.618571825,1.03251484e-06,9.87136168,10463.6433808,0.8720444055078015,1.03251484e-06,1.24205194e-06,1.24205194
2007,3.43919626e-06,9.84369748,10434.3193288,0.8696005267781095,3.43919626e-06,6.18571832e-07,0.618571832,1.03251484e-06,9.87136164,10463.6433384,0.8720444019741678,1.03251484e-06,1.24205198e-06,1.24205198
2008,3.43919626e-06,9.84369758,10434.319434800002,0.8696005356121939,3.43919626e-06,6.18571838e-07,0.618571838,1.03251484e-06,9.8713616,10463.643296,0.8720443984405342,1.03251484e-06,1.24205202e-06,1.24205202
2009,3.43919626e-06,9.84369769,10434.319551400002,0.8696005453296866,3.43919626e-06,6.18571845e-07,0.6185718450000001,1.03251484e-06,9.87136155,10463.643243,0.8720443940234921,1.03251484e-06,1.24205206e-06,1.24205206
2010,3.43919626e-06,9.84369779,10434.3196574,0.8696005541637706,3.43919626e-06,6.18571851e-07,0.618571851,1.03251484e-06,9.87136151,10463.6432006,0.8720443904898583,1.03251484e-06,1.24205209e-06,1.24205209
2011,3.43919626e-06,9.84369789,10434.319763399999,0.8696005629978547,3.43919626e-06,6.18571858e-07,0.618571858,1.03251484e-06,9.87136147,10463.6431582,0.8720443869562247,1.03251484e-06,1.24205213e-06,1.24205213
2012,3.43919626e-06,9.843698,10434.31988,0.8696005727153474,3.43919626e-06,6.18571864e-07,0.618571864,1.03251484e-06,9.87136143,10463.6431158,0.8720443834225909,1.03251484e-06,1.24205217e-06,1.24205217
2013,3.43919626e-06,9.8436981,10434.319985999999,0.8696005815494317,3.43919626e-06,6.18571871e-07,0.618571871,1.03251484e-06,9.87136138,10463.6430628,0.8720443790055489,1.03251484e-06,1.24205221e-06,1.24205221
2014,3.43919626e-06,9.8436982,10434.320092,0.869600590383516,3.43919626e-06,6.18571877e-07,0.618571877,1.03251484e-06,9.87136134,10463.6430204,0.8720443754719152,1.03251484e-06,1.24205224e-06,1.2420522399999998
2015,3.43919626e-06,9.8436983,10434.320198,0.8696005992176001,3.43919626e-06,6.18571884e-07,0.618571884,1.03251484e-06,9.8713613,10463.642978,0.8720443719382814,1.03251484e-06,1.24205228e-06,1.24205228
2016,3.43919626e-06,9.8436984,10434.320303999999,0.8696006080516844,3.43919626e-06,6.1857189e-07,0.61857189,1.03251484e-06,9.87136126,10463.6429356,0.8720443684046478,1.03251484e-06,1.24205232e-06,1.24205232
2017,3.43919626e-06,9.8436985,10434.32041,0.8696006168857687,3.43919626e-06,6.18571897e-07,0.618571897,1.03251484e-06,9.87136122,10463.6428932,0.8720443648710141,1.03251484e-06,1.24205235e-06,1.24205235
2018,3.43919626e-06,9.8436986,10434.320516,0.8696006257198529,3.43919626e-06,6.18571903e-07,0.618571903,1.03251484e-06,9.87136118,10463.642850799999,0.8720443613373803,1.03251484e-06,1.24205239e-06,1.24205239
2019,3.43919626e-06,9.8436987,10434.320622,0.8696006345539371,3.43919626e-06,6.18571909e-07,0.6185719089999999,1.03251484e-06,9.87136114,10463.6428084,0.8720443578037467,1.03251484e-06,1.24205243e-06,1.24205243
2020,3.43919626e-06,9.8436988,10434.320728,0.8696006433880213,3.43919626e-06,6.18571916e-07,0.6185719159999999,1.03251484e-06,9.8713611,10463.642765999999,0.872044354270113,1.03251484e-06,1.24205246e-06,1.24205246
2021,3.43919626e-06,9.8436989,10434.320834,0.8696006522221056,3.43919626e-06,6.18571922e-07,0.618571922,1.03251484e-06,9.87136107,10463.6427342,0.8720443516198878,1.03251484e-06,1.2420525e-06,1.2420525
2022,3.43919626e-06,9.84369899,10434.3209294,0.8696006601727815,3.43919626e-06,6.18571928e-07,0.618571928,1.03251484e-06,9.87136103,10463.6426918,0.872044348086254,1.03251484e-06,1.24205253e-06,1.2420525299999998
2023,3.43919626e-06,9.84369909,10434.3210354,0.8696006690068656,3.43919626e-06,6.18571934e-07,0.618571934,1.03251484e-06,9.87136099,10463.642649399999,0.8720443445526203,1.03251484e-06,1.24205257e-06,1.24205257
2024,3.43919626e-06,9.84369919,10434.3211414,0.8696006778409499,3.43919626e-06,6.18571941e-07,0.618571941,1.03251484e-06,9.87136095,10463.642607,0.8720443410189866,1.03251484e-06,1.2420526e-06,1.2420525999999998
2025,3.43919626e-06,9.84369928,10434.321236799999,0.8696006857916255,3.43919626e-06,6.18571947e-07,0.618571947,1.03251484e-06,9.87136091,10463.6425646,0.872044337485353,1.03251484e-06,1.24205264e-06,1.24205264
2026,3.43919626e-06,9.84369938,10434.3213428,0.8696006946257099,3.43919626e-06,6.18571953e-07,0.618571953,1.03251484e-06,9.87136088,10463.642532799999,0.8720443348351276,1.03251484e-06,1.24205267e-06,1.24205267
2027,3.43919626e-06,9.84369947,10434.3214382,0.8696007025763858,3.43919626e-06,6.18571959e-07,0.6185719590000001,1.03251484e-06,9.87136084,10463.6424904,0.872044331301494,1.03251484e-06,1.24205271e-06,1.2420527099999998
2028,3.43919626e-06,9.84369957,10434.3215442,0.8696007114104699,3.43919626e-06,6.18571965e-07,0.618571965,1.03251484e-06,9.8713608,10463.642448,0.8720443277678603,1.03251484e-06,1.24205274e-06,1.24205274
2029,3.43919626e-06,9.84369966,10434.3216396,0.8696007193611458,3.43919626e-06,6.18571971e-07,0.6185719709999999,1.03251484e-06,9.87136077,10463.6424162,0.8720443251176351,1.03251484e-06,1.24205277e-06,1.24205277
2030,3.43919626e-06,9.84369975,10434.321735000001,0.8696007273118217,3.43919626e-06,6.18571977e-07,0.618571977,1.03251484e-06,9.87136073,10463.6423738,0.8720443215840012,1.03251484e-06,1.24205281e-06,1.2420528100000001
2031,3.43919626e-06,9.84369984,10434.3218304,0.8696007352624974,3.43919626e-06,6.18571983e-07,0.618571983,1.03251484e-06,9.8713607,10463.642342000001,0.8720443189337762,1.03251484e-06,1.24205284e-06,1.24205284
2032,3.43919626e-06,9.84369994,10434.3219364,0.8696007440965815,3.43919626e-06,6.18571989e-07,0.618571989,1.03251484e-06,9.87136066,10463.6422996,0.8720443154001424,1.03251484e-06,1.24205288e-06,1.2420528800000001
2033,3.43919626e-06,9.84370003,10434.3220318,0.8696007520472574,3.43919626e-06,6.18571995e-07,0.618571995,1.03251484e-06,9.87136063,10463.6422678,0.8720443127499171,1.03251484e-06,1.24205291e-06,1.24205291
2034,3.43919626e-06,9.84370012,10434.3221272,0.8696007599979331,3.43919626e-06,6.18572e-07,0.618572,1.03251484e-06,9.87136059,10463.6422254,0.8720443092162835,1.03251484e-06,1.24205294e-06,1.24205294
2035,3.43919626e-06,9.84370021,10434.3222226,0.869600767948609,3.43919626e-06,6.18572006e-07,0.618572006,1.03251484e-06,9.87136056,10463.642193599999,0.872044306566058,1.03251484e-06,1.24205297e-06,1.24205297
2036,3.43919626e-06,9.8437003,10434.322318,0.8696007758992849,3.43919626e-06,6.18572012e-07,0.618572012,1.03251484e-06,9.87136052,10463.6421512,0.8720443030324244,1.03251484e-06,1.24205301e-06,1.24205301
2037,3.43919626e-06,9.84370038,10434.3224028,0.8696007829665522,3.43919626e-06,6.18572018e-07,0.6185720180000001,1.03251484e-06,9.87136049,10463.642119400001,0.8720443003821993,1.03251484e-06,1.24205304e-06,1.24205304
2038,3.43919626e-06,9.84370047,10434.3224982,0.869600790917228,3.43919626e-06,6.18572023e-07,0.618572023,1.03251484e-06,9.87136046,10463.6420876,0.8720442977319739,1.03251484e-06,1.24205307e-06,1.2420530699999999
2039,3.43919626e-06,9.84370056,10434.3225936,0.8696007988679038,3.43919626e-06,6.18572029e-07,0.618572029,1.03251484e-06,9.87136042,10463.6420452,0.8720442941983403,1.03251484e-06,1.2420531e-06,1.2420531000000001
2040,3.43919626e-06,9.84370065,10434.322689,0.8696008068185797,3.43919626e-06,6.18572035e-07,0.618572035,1.03251484e-06,9.87136039,10463.6420134,0.8720442915481149,1.03251484e-06,1.24205313e-06,1.24205313
2041,3.43919626e-06,9.84370073,10434.3227738,0.8696008138858471,3.43919626e-06,6.1857204e-07,0.61857204,1.03251484e-06,9.87136036,10463.6419816,0.8720442888978897,1.03251484e-06,1.24205317e-06,1.2420531700000002
2042,3.43919626e-06,9.84370082,10434.322869200001,0.8696008218365229,3.43919626e-06,6.18572046e-07,0.618572046,1.03251484e-06,9.87136033,10463.6419498,0.8720442862476644,1.03251484e-06,1.2420532e-06,1.2420532
2043,3.43919626e-06,9.8437009,10434.322954,0.8696008289037901,3.43919626e-06,6.18572051e-07,0.618572051,1.03251484e-06,9.87136029,10463.6419074,0.8720442827140308,1.03251484e-06,1.24205323e-06,1.24205323
2044,3.43919626e-06,9.84370099,10434.3230494,0.869600836854466,3.43919626e-06,6.18572057e-07,0.618572057,1.03251484e-06,9.87136026,10463.6418756,0.8720442800638055,1.03251484e-06,1.24205326e-06,1.24205326
2045,3.43919626e-06,9.84370107,10434.3231342,0.8696008439217334,3.43919626e-06,6.18572062e-07,0.6185720619999999,1.03251484e-06,9.87136023,10463.6418438,0.8720442774135801,1.03251484e-06,1.24205329e-06,1.2420532899999999
2046,3.43919626e-06,9.84370116,10434.3232296,0.8696008518724092,3.43919626e-06,6.18572067e-07,0.618572067,1.03251484e-06,9.8713602,10463.641812,0.8720442747633549,1.03251484e-06,1.24205332e-06,1.24205332
2047,3.43919626e-06,9.84370124,10434.3233144,0.8696008589396766,3.43919626e-06,6.18572073e-07,0.6185720730000001,1.03251484e-06,9.87136017,10463.641780200001,0.8720442721131297,1.03251484e-06,1.24205335e-06,1.24205335
2048,3.43919626e-06,9.84370132,10434.323399199999,0.8696008660069439,3.43919626e-06,6.18572078e-07,0.618572078,1.03251484e-06,9.87136014,10463.6417484,0.8720442694629044,1.03251484e-06,1.24205338e-06,1.24205338
2049,3.43919626e-06,9.8437014,10434.323484,0.8696008730742114,3.43919626e-06,6.18572083e-07,0.6185720830000001,1.03251484e-06,9.87136011,10463.6417166,0.872044266812679,1.03251484e-06,1.24205341e-06,1.2420534099999998
2050,3.43919626e-06,9.84370148,10434.3235688,0.8696008801414787,3.43919626e-06,6.18572089e-07,0.6185720889999999,1.03251484e-06,9.87136008,10463.6416848,0.872044264162454,1.03251484e-06,1.24205344e-06,1.24205344
2051,3.43919626e-06,9.84370156,10434.3236536,0.8696008872087462,3.43919626e-06,6.18572094e-07,0.618572094,1.03251484e-06,9.87136005,10463.641653,0.8720442615122286,1.03251484e-06,1.24205347e-06,1.2420534699999999
2052,3.43919626e-06,9.84370164,10434.3237384,0.8696008942760135,3.43919626e-06,6.18572099e-07,0.618572099,1.03251484e-06,9.87136001,10463.6416106,0.8720442579785949,1.03251484e-06,1.2420535e-06,1.2420535
2053,3.43919626e-06,9.84370172,10434.3238232,0.8696009013432809,3.43919626e-06,6.18572104e-07,0.6185721040000001,1.03251484e-06,9.87135999,10463.6415894,0.8720442562117781,1.03251484e-06,1.24205353e-06,1.24205353
2054,3.43919626e-06,9.8437018,10434.323908,0.8696009084105483,3.43919626e-06,6.18572109e-07,0.618572109,1.03251484e-06,9.87135996,10463.6415576,0.8720442535615528,1.03251484e-06,1.24205356e-06,1.24205356
2055,3.43919626e-06,9.84370188,10434.323992799998,0.8696009154778155,3.43919626e-06,6.18572114e-07,0.618572114,1.03251484e-06,9.87135993,10463.6415258,0.8720442509113274,1.03251484e-06,1.24205359e-06,1.2420535899999998
2056,3.43919626e-06,9.84370196,10434.3240776,0.869600922545083,3.43919626e-06,6.18572119e-07,0.618572119,1.03251484e-06,9.8713599,10463.641494,0.8720442482611022,1.03251484e-06,1.24205362e-06,1.24205362
2057,3.43919626e-06,9.84370203,10434.3241518,0.8696009287289419,3.43919626e-06,6.18572124e-07,0.618572124,1.03251484e-06,9.87135987,10463.6414622,0.8720442456108769,1.03251484e-06,1.24205365e-06,1.24205365
2058,3.43919626e-06,9.84370211,10434.324236600001,0.8696009357962095,3.43919626e-06,6.18572129e-07,0.618572129,1.03251484e-06,9.87135984,10463.6414304,0.8720442429606517,1.03251484e-06,1.24205367e-06,1.24205367
2059,3.43919626e-06,9.84370219,10434.3243214,0.8696009428634767,3.43919626e-06,6.18572134e-07,0.618572134,1.03251484e-06,9.87135981,10463.641398599999,0.8720442403104264,1.03251484e-06,1.2420537e-06,1.2420536999999998
2060,3.43919626e-06,9.84370226,10434.3243956,0.8696009490473358,3.43919626e-06,6.18572139e-07,0.6185721390000001,1.03251484e-06,9.87135978,10463.6413668,0.8720442376602012,1.03251484e-06,1.24205373e-06,1.24205373
2061,3.43919626e-06,9.84370234,10434.3244804,0.8696009561146032,3.43919626e-06,6.18572143e-07,0.618572143,1.03251484e-06,9.87135975,10463.641335,0.8720442350099759,1.03251484e-06,1.24205376e-06,1.24205376
2062,3.43919626e-06,9.84370241,10434.3245546,0.8696009622984621,3.43919626e-06,6.18572148e-07,0.6185721479999999,1.03251484e-06,9.87135973,10463.6413138,0.872044233243159,1.03251484e-06,1.24205379e-06,1.24205379
2063,3.43919626e-06,9.84370248,10434.3246288,0.8696009684823209,3.43919626e-06,6.18572153e-07,0.618572153,1.03251484e-06,9.8713597,10463.641281999999,0.8720442305929337,1.03251484e-06,1.24205381e-06,1.24205381
2064,3.43919626e-06,9.84370256,10434.3247136,0.8696009755495885,3.43919626e-06,6.18572158e-07,0.618572158,1.03251484e-06,9.87135967,10463.6412502,0.8720442279427085,1.03251484e-06,1.24205384e-06,1.24205384
2065,3.43919626e-06,9.84370263,10434.324787799998,0.8696009817334472,3.43919626e-06,6.18572162e-07,0.618572162,1.03251484e-06,9.87135964,10463.6412184,0.8720442252924833,1.03251484e-06,1.24205387e-06,1.2420538700000001
2066,3.43919626e-06,9.8437027,10434.324862,0.8696009879173063,3.43919626e-06,6.18572167e-07,0.6185721670000001,1.03251484e-06,9.87135962,10463.6411972,0.8720442235256665,1.03251484e-06,1.24205389e-06,1.24205389
2067,3.43919626e-06,9.84370277,10434.3249362,0.8696009941011653,3.43919626e-06,6.18572172e-07,0.6185721719999999,1.03251484e-06,9.87135959,10463.6411654,0.8720442208754411,1.03251484e-06,1.24205392e-06,1.24205392
2068,3.43919626e-06,9.84370284,10434.3250104,0.8696010002850243,3.43919626e-06,6.18572176e-07,0.6185721759999999,1.03251484e-06,9.87135956,10463.6411336,0.8720442182252158,1.03251484e-06,1.24205395e-06,1.24205395
2069,3.43919626e-06,9.84370291,10434.3250846,0.8696010064688832,3.43919626e-06,6.18572181e-07,0.618572181,1.03251484e-06,9.87135954,10463.6411124,0.872044216458399,1.03251484e-06,1.24205397e-06,1.24205397
2070,3.43919626e-06,9.84370298,10434.3251588,0.8696010126527423,3.43919626e-06,6.18572185e-07,0.618572185,1.03251484e-06,9.87135951,10463.6410806,0.8720442138081738,1.03251484e-06,1.242054e-06,1.242054
2071,3.43919626e-06,9.84370305,10434.325233,0.8696010188366011,3.43919626e-06,6.18572189e-07,0.618572189,1.03251484e-06,9.87135949,10463.641059399999,0.8720442120413568,1.03251484e-06,1.24205403e-06,1.24205403
2072,3.43919626e-06,9.84370312,10434.3253072,0.8696010250204601,3.43919626e-06,6.18572194e-07,0.6185721940000001,1.03251484e-06,9.87135946,10463.6410276,0.8720442093911317,1.03251484e-06,1.24205405e-06,1.24205405
2073,3.43919626e-06,9.84370319,10434.3253814,0.8696010312043191,3.43919626e-06,6.18572198e-07,0.6185721980000001,1.03251484e-06,9.87135944,10463.641006400001,0.8720442076243149,1.03251484e-06,1.24205408e-06,1.24205408
2074,3.43919626e-06,9.84370326,10434.3254556,0.869601037388178,3.43919626e-06,6.18572203e-07,0.6185722029999999,1.03251484e-06,9.87135941,10463.6409746,0.8720442049740895,1.03251484e-06,1.2420541e-06,1.2420541
2075,3.43919626e-06,9.84370333,10434.3255298,0.869601043572037,3.43919626e-06,6.18572207e-07,0.6185722069999999,1.03251484e-06,9.87135938,10463.640942799999,0.8720442023238641,1.03251484e-06,1.24205413e-06,1.24205413
2076,3.43919626e-06,9.84370339,10434.3255934,0.8696010488724876,3.43919626e-06,6.18572211e-07,0.618572211,1.03251484e-06,9.87135936,10463.6409216,0.8720442005570473,1.03251484e-06,1.24205415e-06,1.24205415
2077,3.43919626e-06,9.84370346,10434.3256676,0.8696010550563466,3.43919626e-06,6.18572215e-07,0.618572215,1.03251484e-06,9.87135934,10463.6409004,0.8720441987902305,1.03251484e-06,1.24205418e-06,1.24205418
2078,3.43919626e-06,9.84370352,10434.3257312,0.8696010603567971,3.43919626e-06,6.18572219e-07,0.618572219,1.03251484e-06,9.87135931,10463.640868600001,0.8720441961400054,1.03251484e-06,1.2420542e-06,1.2420542
2079,3.43919626e-06,9.84370359,10434.3258054,0.8696010665406559,3.43919626e-06,6.18572224e-07,0.618572224,1.03251484e-06,9.87135929,10463.640847399998,0.8720441943731883,1.03251484e-06,1.24205423e-06,1.24205423
2080,3.43919626e-06,9.84370366,10434.3258796,0.8696010727245149,3.43919626e-06,6.18572228e-07,0.618572228,1.03251484e-06,9.87135926,10463.6408156,0.8720441917229631,1.03251484e-06,1.24205425e-06,1.24205425
2081,3.43919626e-06,9.84370372,10434.325943200001,0.8696010780249656,3.43919626e-06,6.18572232e-07,0.618572232,1.03251484e-06,9.87135924,10463.6407944,0.8720441899561463,1.03251484e-06,1.24205428e-06,1.24205428
2082,3.43919626e-06,9.84370379,10434.326017399999,0.8696010842088243,3.43919626e-06,6.18572236e-07,0.618572236,1.03251484e-06,9.87135922,10463.6407732,0.8720441881893295,1.03251484e-06,1.2420543e-06,1.2420543
2083,3.43919626e-06,9.84370385,10434.326081000001,0.8696010895092751,3.43919626e-06,6.1857224e-07,0.61857224,1.03251484e-06,9.87135919,10463.6407414,0.8720441855391042,1.03251484e-06,1.24205433e-06,1.24205433
2084,3.43919626e-06,9.84370396,10434.3261976,0.8696010992267675,3.43919626e-06,6.18572244e-07,0.618572244,1.03251484e-06,9.87135919,10463.6407414,0.8720441855391042,1.03251484e-06,1.24205435e-06,1.2420543499999999
2085,3.43919626e-06,9.84370397,10434.3262082,0.8696011001101761,3.43919626e-06,6.18572248e-07,0.618572248,1.03251484e-06,9.87135914,10463.640688399999,0.872044181122062,1.03251484e-06,1.24205437e-06,1.24205437
2086,3.43919626e-06,9.84370405,10434.326293,0.8696011071774434,3.43919626e-06,6.18572252e-07,0.618572252,1.03251484e-06,9.87135912,10463.6406672,0.8720441793552451,1.03251484e-06,1.2420544e-06,1.2420544
2087,3.43919626e-06,9.84370412,10434.3263672,0.8696011133613023,3.43919626e-06,6.18572256e-07,0.6185722560000001,1.03251484e-06,9.8713591,10463.640646,0.8720441775884283,1.03251484e-06,1.24205442e-06,1.2420544199999999
2088,3.43919626e-06,9.84370417,10434.326420200001,0.8696011177783446,3.43919626e-06,6.1857226e-07,0.61857226,1.03251484e-06,9.87135908,10463.6406248,0.8720441758216115,1.03251484e-06,1.24205445e-06,1.2420544500000001
2089,3.43919626e-06,9.84370422,10434.326473199999,0.8696011221953865,3.43919626e-06,6.18572263e-07,0.618572263,1.03251484e-06,9.87135906,10463.640603599999,0.8720441740547946,1.03251484e-06,1.24205447e-06,1.24205447
2090,3.43919626e-06,9.84370428,10434.326536800001,0.8696011274958373,3.43919626e-06,6.18572267e-07,0.618572267,1.03251484e-06,9.87135904,10463.6405824,0.8720441722879778,1.03251484e-06,1.24205449e-06,1.2420544900000001
2091,3.43919626e-06,9.84370434,10434.3266004,0.8696011327962877,3.43919626e-06,6.18572271e-07,0.618572271,1.03251484e-06,9.87135902,10463.6405612,0.872044170521161,1.03251484e-06,1.24205451e-06,1.24205451
2092,3.43919626e-06,9.8437044,10434.326664,0.8696011380967382,3.43919626e-06,6.18572275e-07,0.618572275,1.03251484e-06,9.871359,10463.64054,0.8720441687543442,1.03251484e-06,1.24205454e-06,1.24205454
2093,3.43919626e-06,9.84370446,10434.326727599999,0.8696011433971886,3.43919626e-06,6.18572279e-07,0.618572279,1.03251484e-06,9.87135898,10463.6405188,0.8720441669875274,1.03251484e-06,1.24205456e-06,1.2420545600000001
2094,3.43919626e-06,9.84370452,10434.3267912,0.8696011486976393,3.43919626e-06,6.18572282e-07,0.618572282,1.03251484e-06,9.87135895,10463.640486999999,0.8720441643373019,1.03251484e-06,1.24205458e-06,1.24205458
2095,3.43919626e-06,9.84370458,10434.326854800001,0.86960115399809,3.43919626e-06,6.18572286e-07,0.618572286,1.03251484e-06,9.87135893,10463.6404658,0.8720441625704851,1.03251484e-06,1.2420546e-06,1.2420546
2096,3.43919626e-06,9.84370464,10434.3269184,0.8696011592985404,3.43919626e-06,6.1857229e-07,0.6185722899999999,1.03251484e-06,9.87135891,10463.6404446,0.8720441608036683,1.03251484e-06,1.24205463e-06,1.2420546300000002
2097,3.43919626e-06,9.8437047,10434.326982,0.869601164598991,3.43919626e-06,6.18572294e-07,0.618572294,1.03251484e-06,9.87135889,10463.6404234,0.8720441590368515,1.03251484e-06,1.24205465e-06,1.24205465
2098,3.43919626e-06,9.84370476,10434.3270456,0.8696011698994414,3.43919626e-06,6.18572297e-07,0.6185722969999999,1.03251484e-06,9.87135888,10463.640412800001,0.8720441581534432,1.03251484e-06,1.24205467e-06,1.2420546700000001
2099,3.43919626e-06,9.84370481,10434.3270986,0.8696011743164836,3.43919626e-06,6.18572301e-07,0.618572301,1.03251484e-06,9.87135886,10463.640391600002,0.8720441563866264,1.03251484e-06,1.24205469e-06,1.2420546899999998
2100,3.43919626e-06,9.84370487,10434.3271622,0.8696011796169341,3.43919626e-06,6.18572304e-07,0.618572304,1.03251484e-06,9.87135884,10463.640370399999,0.8720441546198092,1.03251484e-06,1.24205471e-06,1.24205471
2101,3.43919626e-06,9.84370493,10434.3272258,0.8696011849173847,3.43919626e-06,6.18572308e-07,0.6185723080000001,1.03251484e-06,9.87135882,10463.640349199999,0.8720441528529924,1.03251484e-06,1.24205473e-06,1.24205473
2102,3.43919626e-06,9.84370498,10434.3272788,0.8696011893344268,3.43919626e-06,6.18572311e-07,0.618572311,1.03251484e-06,9.8713588,10463.640328,0.8720441510861756,1.03251484e-06,1.24205476e-06,1.24205476
2103,3.43919626e-06,9.84370504,10434.3273424,0.8696011946348773,3.43919626e-06,6.18572315e-07,0.6185723150000001,1.03251484e-06,9.87135878,10463.6403068,0.8720441493193588,1.03251484e-06,1.24205478e-06,1.24205478
2104,3.43919626e-06,9.84370509,10434.3273954,0.8696011990519195,3.43919626e-06,6.18572319e-07,0.618572319,1.03251484e-06,9.87135876,10463.6402856,0.872044147552542,1.03251484e-06,1.2420548e-06,1.2420548
2105,3.43919626e-06,9.84370515,10434.327459,0.86960120435237,3.43919626e-06,6.18572322e-07,0.618572322,1.03251484e-06,9.87135874,10463.640264399999,0.8720441457857251,1.03251484e-06,1.24205482e-06,1.24205482
2106,3.43919626e-06,9.8437052,10434.327512,0.869601208769412,3.43919626e-06,6.18572325e-07,0.6185723249999999,1.03251484e-06,9.87135873,10463.6402538,0.8720441449023167,1.03251484e-06,1.24205484e-06,1.24205484
2107,3.43919626e-06,9.84370526,10434.3275756,0.8696012140698627,3.43919626e-06,6.18572329e-07,0.618572329,1.03251484e-06,9.87135871,10463.6402326,0.8720441431354999,1.03251484e-06,1.24205486e-06,1.24205486
2108,3.43919626e-06,9.84370532,10434.327639199999,0.8696012193703131,3.43919626e-06,6.18572332e-07,0.618572332,1.03251484e-06,9.87135869,10463.6402114,0.872044141368683,1.03251484e-06,1.24205488e-06,1.24205488
2109,3.43919626e-06,9.84370537,10434.3276922,0.8696012237873554,3.43919626e-06,6.18572336e-07,0.6185723360000001,1.03251484e-06,9.87135868,10463.6402008,0.8720441404852747,1.03251484e-06,1.2420549e-06,1.2420549
2110,3.43919626e-06,9.84370542,10434.327745199998,0.8696012282043972,3.43919626e-06,6.18572339e-07,0.6185723390000001,1.03251484e-06,9.87135866,10463.640179600001,0.8720441387184579,1.03251484e-06,1.24205492e-06,1.2420549200000002
2111,3.43919626e-06,9.84370548,10434.3278088,0.869601233504848,3.43919626e-06,6.18572343e-07,0.6185723430000001,1.03251484e-06,9.87135864,10463.6401584,0.8720441369516408,1.03251484e-06,1.24205494e-06,1.24205494
2112,3.43919626e-06,9.84370553,10434.327861799999,0.8696012379218899,3.43919626e-06,6.18572346e-07,0.6185723460000001,1.03251484e-06,9.87135863,10463.640147799999,0.8720441360682324,1.03251484e-06,1.24205496e-06,1.24205496
2113,3.43919626e-06,9.84370558,10434.3279148,0.8696012423389322,3.43919626e-06,6.18572349e-07,0.6185723489999999,1.03251484e-06,9.87135861,10463.6401266,0.8720441343014156,1.03251484e-06,1.24205498e-06,1.24205498
2114,3.43919626e-06,9.84370563,10434.3279678,0.8696012467559743,3.43919626e-06,6.18572353e-07,0.618572353,1.03251484e-06,9.8713586,10463.640116,0.8720441334180072,1.03251484e-06,1.242055e-06,1.242055
2115,3.43919626e-06,9.84370569,10434.3280314,0.8696012520564248,3.43919626e-06,6.18572356e-07,0.6185723559999999,1.03251484e-06,9.87135858,10463.640094800001,0.8720441316511904,1.03251484e-06,1.24205502e-06,1.24205502
2116,3.43919626e-06,9.84370574,10434.3280844,0.869601256473467,3.43919626e-06,6.18572359e-07,0.618572359,1.03251484e-06,9.87135856,10463.6400736,0.8720441298843735,1.03251484e-06,1.24205504e-06,1.24205504
2117,3.43919626e-06,9.84370579,10434.3281374,0.869601260890509,3.43919626e-06,6.18572362e-07,0.618572362,1.03251484e-06,9.87135855,10463.640063,0.8720441290009652,1.03251484e-06,1.24205505e-06,1.2420550499999998
2118,3.43919626e-06,9.84370584,10434.3281904,0.8696012653075511,3.43919626e-06,6.18572366e-07,0.618572366,1.03251484e-06,9.87135854,10463.6400524,0.8720441281175567,1.03251484e-06,1.24205507e-06,1.24205507
2119,3.43919626e-06,9.84370589,10434.328243400001,0.8696012697245934,3.43919626e-06,6.18572369e-07,0.618572369,1.03251484e-06,9.87135852,10463.640031199999,0.8720441263507397,1.03251484e-06,1.24205509e-06,1.24205509
2120,3.43919626e-06,9.84370594,10434.328296399999,0.8696012741416353,3.43919626e-06,6.18572372e-07,0.618572372,1.03251484e-06,9.87135851,10463.6400206,0.8720441254673315,1.03251484e-06,1.24205511e-06,1.24205511
2121,3.43919626e-06,9.84370599,10434.3283494,0.8696012785586775,3.43919626e-06,6.18572375e-07,0.6185723750000001,1.03251484e-06,9.87135849,10463.6399994,0.8720441237005147,1.03251484e-06,1.24205513e-06,1.24205513
2122,3.43919626e-06,9.84370604,10434.3284024,0.8696012829757197,3.43919626e-06,6.18572379e-07,0.618572379,1.03251484e-06,9.87135848,10463.6399888,0.8720441228171061,1.03251484e-06,1.24205515e-06,1.24205515
2123,3.43919626e-06,9.84370609,10434.3284554,0.8696012873927618,3.43919626e-06,6.18572382e-07,0.618572382,1.03251484e-06,9.87135847,10463.6399782,0.8720441219336978,1.03251484e-06,1.24205517e-06,1.24205517
2124,3.43919626e-06,9.84370614,10434.3285084,0.8696012918098038,3.43919626e-06,6.18572385e-07,0.618572385,1.03251484e-06,9.87135845,10463.639957000001,0.8720441201668809,1.03251484e-06,1.24205518e-06,1.24205518
2125,3.43919626e-06,9.84370619,10434.328561400001,0.8696012962268461,3.43919626e-06,6.18572388e-07,0.618572388,1.03251484e-06,9.87135844,10463.6399464,0.8720441192834725,1.03251484e-06,1.2420552e-06,1.2420552
2126,3.43919626e-06,9.84370624,10434.3286144,0.8696013006438881,3.43919626e-06,6.18572391e-07,0.618572391,1.03251484e-06,9.87135843,10463.639935800002,0.8720441184000641,1.03251484e-06,1.24205522e-06,1.24205522
2127,3.43919626e-06,9.84370629,10434.328667400001,0.8696013050609303,3.43919626e-06,6.18572394e-07,0.618572394,1.03251484e-06,9.87135842,10463.6399252,0.8720441175166556,1.03251484e-06,1.24205524e-06,1.24205524
2128,3.43919626e-06,9.84370634,10434.3287204,0.8696013094779724,3.43919626e-06,6.18572397e-07,0.618572397,1.03251484e-06,9.8713584,10463.639904,0.8720441157498388,1.03251484e-06,1.24205525e-06,1.24205525
2129,3.43919626e-06,9.84370639,10434.328773399999,0.8696013138950144,3.43919626e-06,6.185724e-07,0.6185724,1.03251484e-06,9.87135839,10463.639893399999,0.8720441148664303,1.03251484e-06,1.24205527e-06,1.24205527
2130,3.43919626e-06,9.84370643,10434.3288158,0.8696013174286481,3.43919626e-06,6.18572403e-07,0.618572403,1.03251484e-06,9.87135838,10463.6398828,0.872044113983022,1.03251484e-06,1.24205529e-06,1.24205529
2131,3.43919626e-06,9.84370648,10434.3288688,0.8696013218456902,3.43919626e-06,6.18572407e-07,0.6185724069999999,1.03251484e-06,9.87135837,10463.6398722,0.8720441130996135,1.03251484e-06,1.2420553e-06,1.2420553
2132,3.43919626e-06,9.84370653,10434.3289218,0.8696013262627325,3.43919626e-06,6.1857241e-07,0.61857241,1.03251484e-06,9.87135836,10463.6398616,0.8720441122162051,1.03251484e-06,1.24205532e-06,1.24205532
2133,3.43919626e-06,9.84370657,10434.3289642,0.8696013297963661,3.43919626e-06,6.18572413e-07,0.618572413,1.03251484e-06,9.87135835,10463.639851,0.8720441113327967,1.03251484e-06,1.24205534e-06,1.2420553399999998
2134,3.43919626e-06,9.84370662,10434.329017200002,0.8696013342134084,3.43919626e-06,6.18572416e-07,0.618572416,1.03251484e-06,9.87135833,10463.6398298,0.8720441095659799,1.03251484e-06,1.24205535e-06,1.24205535
2135,3.43919626e-06,9.84370667,10434.3290702,0.8696013386304502,3.43919626e-06,6.18572419e-07,0.618572419,1.03251484e-06,9.87135833,10463.6398298,0.8720441095659799,1.03251484e-06,1.24205537e-06,1.24205537
2136,3.43919626e-06,9.84370671,10434.329112599999,0.8696013421640839,3.43919626e-06,6.18572422e-07,0.618572422,1.03251484e-06,9.87135831,10463.639808599999,0.8720441077991629,1.03251484e-06,1.24205539e-06,1.2420553900000002
2137,3.43919626e-06,9.84370676,10434.3291656,0.8696013465811261,3.43919626e-06,6.18572425e-07,0.618572425,1.03251484e-06,9.8713583,10463.639798,0.8720441069157545,1.03251484e-06,1.2420554e-06,1.2420554
2138,3.43919626e-06,9.8437068,10434.329208,0.8696013501147597,3.43919626e-06,6.18572427e-07,0.618572427,1.03251484e-06,9.87135829,10463.6397874,0.8720441060323461,1.03251484e-06,1.24205542e-06,1.24205542
2139,3.43919626e-06,9.84370685,10434.329261,0.869601354531802,3.43919626e-06,6.1857243e-07,0.6185724300000001,1.03251484e-06,9.87135828,10463.6397768,0.8720441051489377,1.03251484e-06,1.24205543e-06,1.24205543
2140,3.43919626e-06,9.8437069,10434.329314,0.869601358948844,3.43919626e-06,6.18572433e-07,0.6185724330000001,1.03251484e-06,9.87135828,10463.6397768,0.8720441051489377,1.03251484e-06,1.24205545e-06,1.2420554499999998
2141,3.43919626e-06,9.84370694,10434.329356400001,0.8696013624824779,3.43919626e-06,6.18572436e-07,0.618572436,1.03251484e-06,9.87135827,10463.6397662,0.8720441042655293,1.03251484e-06,1.24205546e-06,1.24205546
2142,3.43919626e-06,9.84370698,10434.3293988,0.8696013660161115,3.43919626e-06,6.18572439e-07,0.6185724389999999,1.03251484e-06,9.87135825,10463.639745,0.8720441024987124,1.03251484e-06,1.24205548e-06,1.24205548
2143,3.43919626e-06,9.84370702,10434.3294412,0.8696013695497451,3.43919626e-06,6.18572442e-07,0.618572442,1.03251484e-06,9.87135824,10463.6397344,0.872044101615304,1.03251484e-06,1.2420555e-06,1.2420555
2144,3.43919626e-06,9.84370707,10434.329494200001,0.8696013739667873,3.43919626e-06,6.18572445e-07,0.618572445,1.03251484e-06,9.87135823,10463.6397238,0.8720441007318956,1.03251484e-06,1.24205551e-06,1.24205551
2145,3.43919626e-06,9.84370711,10434.3295366,0.8696013775004209,3.43919626e-06,6.18572448e-07,0.618572448,1.03251484e-06,9.87135823,10463.6397238,0.8720441007318956,1.03251484e-06,1.24205552e-06,1.2420555199999999
2146,3.43919626e-06,9.84370715,10434.329579000001,0.8696013810340547,3.43919626e-06,6.1857245e-07,0.61857245,1.03251484e-06,9.87135822,10463.6397132,0.8720440998484872,1.03251484e-06,1.24205554e-06,1.24205554
2147,3.43919626e-06,9.84370723,10434.3296638,0.8696013881013219,3.43919626e-06,6.18572453e-07,0.618572453,1.03251484e-06,9.87135823,10463.6397238,0.8720441007318956,1.03251484e-06,1.24205555e-06,1.2420555500000001
2148,3.43919626e-06,9.84370723,10434.3296638,0.8696013881013219,3.43919626e-06,6.18572456e-07,0.618572456,1.03251484e-06,9.8713582,10463.639691999999,0.8720440980816702,1.03251484e-06,1.24205557e-06,1.24205557
2149,3.43919626e-06,9.84370725,10434.329684999999,0.8696013898681387,3.43919626e-06,6.18572459e-07,0.618572459,1.03251484e-06,9.87135818,10463.6396708,0.8720440963148534,1.03251484e-06,1.24205558e-06,1.24205558
2150,3.43919626e-06,9.84370733,10434.3297698,0.8696013969354063,3.43919626e-06,6.18572461e-07,0.6185724610000001,1.03251484e-06,9.87135819,10463.6396814,0.8720440971982619,1.03251484e-06,1.2420556e-06,1.2420556
2151,3.43919626e-06,9.84370736,10434.329801599999,0.8696013995856314,3.43919626e-06,6.18572464e-07,0.618572464,1.03251484e-06,9.87135818,10463.6396708,0.8720440963148534,1.03251484e-06,1.24205561e-06,1.24205561
2152,3.43919626e-06,9.84370742,10434.3298652,0.869601404886082,3.43919626e-06,6.18572467e-07,0.618572467,1.03251484e-06,9.87135818,10463.6396708,0.8720440963148534,1.03251484e-06,1.24205563e-06,1.2420556299999999
2153,3.43919626e-06,9.84370743,10434.3298758,0.8696014057694904,3.43919626e-06,6.18572469e-07,0.618572469,1.03251484e-06,9.87135816,10463.6396496,0.8720440945480366,1.03251484e-06,1.24205564e-06,1.24205564
2154,3.43919626e-06,9.84370749,10434.3299394,0.869601411069941,3.43919626e-06,6.18572472e-07,0.618572472,1.03251484e-06,9.87135816,10463.6396496,0.8720440945480366,1.03251484e-06,1.24205565e-06,1.24205565
2155,3.43919626e-06,9.84370754,10434.3299924,0.8696014154869831,3.43919626e-06,6.18572475e-07,0.618572475,1.03251484e-06,9.87135816,10463.6396496,0.8720440945480366,1.03251484e-06,1.24205567e-06,1.24205567
2156,3.43919626e-06,9.84370754,10434.3299924,0.8696014154869831,3.43919626e-06,6.18572477e-07,0.618572477,1.03251484e-06,9.87135813,10463.639617800001,0.8720440918978115,1.03251484e-06,1.24205568e-06,1.24205568
2157,3.43919626e-06,9.8437076,10434.330056,0.8696014207874337,3.43919626e-06,6.1857248e-07,0.61857248,1.03251484e-06,9.87135813,10463.639617800001,0.8720440918978115,1.03251484e-06,1.24205569e-06,1.24205569
2158,3.43919626e-06,9.84370765,10434.330109,0.8696014252044758,3.43919626e-06,6.18572482e-07,0.618572482,1.03251484e-06,9.87135814,10463.6396284,0.8720440927812197,1.03251484e-06,1.24205571e-06,1.24205571
2159,3.43919626e-06,9.84370769,10434.330151400001,0.8696014287381095,3.43919626e-06,6.18572485e-07,0.6185724850000001,1.03251484e-06,9.87135813,10463.639617800001,0.8720440918978115,1.03251484e-06,1.24205572e-06,1.24205572
2160,3.43919626e-06,9.84370769,10434.330151400001,0.8696014287381095,3.43919626e-06,6.18572487e-07,0.618572487,1.03251484e-06,9.8713581,10463.639586,0.872044089247586,1.03251484e-06,1.24205573e-06,1.2420557300000001
2161,3.43919626e-06,9.84370774,10434.3302044,0.8696014331551515,3.43919626e-06,6.1857249e-07,0.61857249,1.03251484e-06,9.87135811,10463.6395966,0.8720440901309945,1.03251484e-06,1.24205574e-06,1.24205574
2162,3.43919626e-06,9.8437078,10434.330268000002,0.8696014384556022,3.43919626e-06,6.18572492e-07,0.6185724920000001,1.03251484e-06,9.87135811,10463.6395966,0.8720440901309945,1.03251484e-06,1.24205576e-06,1.24205576
2163,3.43919626e-06,9.84370784,10434.3303104,0.8696014419892358,3.43919626e-06,6.18572495e-07,0.618572495,1.03251484e-06,9.87135811,10463.6395966,0.8720440901309945,1.03251484e-06,1.24205577e-06,1.24205577
2164,3.43919626e-06,9.84370787,10434.330342199999,0.869601444639461,3.43919626e-06,6.18572497e-07,0.6185724969999999,1.03251484e-06,9.87135809,10463.639575399999,0.8720440883641776,1.03251484e-06,1.24205578e-06,1.24205578
2165,3.43919626e-06,9.8437079,10434.330374,0.8696014472896862,3.43919626e-06,6.185725e-07,0.6185725,1.03251484e-06,9.87135808,10463.6395648,0.8720440874807692,1.03251484e-06,1.24205579e-06,1.24205579
2166,3.43919626e-06,9.84370793,10434.330405800001,0.8696014499399117,3.43919626e-06,6.18572502e-07,0.618572502,1.03251484e-06,9.87135807,10463.6395542,0.8720440865973608,1.03251484e-06,1.24205581e-06,1.2420558099999999
2167,3.43919626e-06,9.84370796,10434.3304376,0.8696014525901369,3.43919626e-06,6.18572505e-07,0.6185725049999999,1.03251484e-06,9.87135807,10463.6395542,0.8720440865973608,1.03251484e-06,1.24205582e-06,1.24205582
2168,3.43919626e-06,9.843708,10434.330479999999,0.8696014561237705,3.43919626e-06,6.18572507e-07,0.618572507,1.03251484e-06,9.87135807,10463.6395542,0.8720440865973608,1.03251484e-06,1.24205583e-06,1.24205583
2169,3.43919626e-06,9.84370804,10434.3305224,0.8696014596574042,3.43919626e-06,6.18572509e-07,0.618572509,1.03251484e-06,9.87135807,10463.6395542,0.8720440865973608,1.03251484e-06,1.24205584e-06,1.2420558400000001
2170,3.43919626e-06,9.84370807,10434.3305542,0.8696014623076295,3.43919626e-06,6.18572512e-07,0.6185725120000001,1.03251484e-06,9.87135806,10463.6395436,0.8720440857139524,1.03251484e-06,1.24205585e-06,1.24205585
2171,3.43919626e-06,9.84370811,10434.330596599999,0.8696014658412631,3.43919626e-06,6.18572514e-07,0.618572514,1.03251484e-06,9.87135806,10463.6395436,0.8720440857139524,1.03251484e-06,1.24205587e-06,1.24205587
2172,3.43919626e-06,9.84370814,10434.330628400001,0.8696014684914886,3.43919626e-06,6.18572516e-07,0.6185725160000001,1.03251484e-06,9.87135805,10463.639533,0.872044084830544,1.03251484e-06,1.24205588e-06,1.24205588
2173,3.43919626e-06,9.84370817,10434.3306602,0.8696014711417137,3.43919626e-06,6.18572519e-07,0.6185725190000001,1.03251484e-06,9.87135804,10463.6395224,0.8720440839471356,1.03251484e-06,1.24205589e-06,1.24205589
2174,3.43919626e-06,9.84370821,10434.3307026,0.8696014746753474,3.43919626e-06,6.18572521e-07,0.618572521,1.03251484e-06,9.87135804,10463.6395224,0.8720440839471356,1.03251484e-06,1.2420559e-06,1.2420559
2175,3.43919626e-06,9.84370824,10434.3307344,0.8696014773255727,3.43919626e-06,6.18572523e-07,0.618572523,1.03251484e-06,9.87135804,10463.6395224,0.8720440839471356,1.03251484e-06,1.24205591e-06,1.2420559100000002
2176,3.43919626e-06,9.84370827,10434.3307662,0.8696014799757981,3.43919626e-06,6.18572525e-07,0.6185725249999999,1.03251484e-06,9.87135803,10463.6395118,0.8720440830637272,1.03251484e-06,1.24205592e-06,1.2420559199999999
2177,3.43919626e-06,9.84370831,10434.3308086,0.8696014835094317,3.43919626e-06,6.18572527e-07,0.618572527,1.03251484e-06,9.87135803,10463.6395118,0.8720440830637272,1.03251484e-06,1.24205593e-06,1.24205593
2178,3.43919626e-06,9.84370834,10434.3308404,0.8696014861596569,3.43919626e-06,6.18572529e-07,0.6185725289999999,1.03251484e-06,9.87135803,10463.6395118,0.8720440830637272,1.03251484e-06,1.24205594e-06,1.24205594
2179,3.43919626e-06,9.84370837,10434.3308722,0.8696014888098822,3.43919626e-06,6.18572531e-07,0.618572531,1.03251484e-06,9.87135802,10463.639501200001,0.8720440821803188,1.03251484e-06,1.24205595e-06,1.24205595
2180,3.43919626e-06,9.8437084,10434.330904,0.8696014914601075,3.43919626e-06,6.18572534e-07,0.618572534,1.03251484e-06,9.87135802,10463.639501200001,0.8720440821803188,1.03251484e-06,1.24205596e-06,1.24205596
2181,3.43919626e-06,9.84370843,10434.330935799999,0.8696014941103326,3.43919626e-06,6.18572536e-07,0.618572536,1.03251484e-06,9.87135801,10463.6394906,0.8720440812969104,1.03251484e-06,1.24205598e-06,1.24205598
2182,3.43919626e-06,9.84370846,10434.3309676,0.8696014967605581,3.43919626e-06,6.18572538e-07,0.618572538,1.03251484e-06,9.87135801,10463.6394906,0.8720440812969104,1.03251484e-06,1.24205599e-06,1.2420559899999999
2183,3.43919626e-06,9.84370849,10434.3309994,0.8696014994107832,3.43919626e-06,6.1857254e-07,0.6185725400000001,1.03251484e-06,9.87135801,10463.6394906,0.8720440812969104,1.03251484e-06,1.242056e-06,1.242056
2184,3.43919626e-06,9.84370852,10434.3310312,0.8696015020610085,3.43919626e-06,6.18572542e-07,0.618572542,1.03251484e-06,9.871358,10463.639480000002,0.872044080413502,1.03251484e-06,1.24205601e-06,1.24205601
2185,3.43919626e-06,9.84370856,10434.3310736,0.8696015055946422,3.43919626e-06,6.18572544e-07,0.6185725440000001,1.03251484e-06,9.871358,10463.639480000002,0.872044080413502,1.03251484e-06,1.24205602e-06,1.2420560200000001
2186,3.43919626e-06,9.84370858,10434.3310948,0.869601507361459,3.43919626e-06,6.18572546e-07,0.618572546,1.03251484e-06,9.871358,10463.639480000002,0.872044080413502,1.03251484e-06,1.24205603e-06,1.24205603
2187,3.43919626e-06,9.84370862,10434.331137199999,0.8696015108950927,3.43919626e-06,6.18572548e-07,0.618572548,1.03251484e-06,9.871358,10463.639480000002,0.872044080413502,1.03251484e-06,1.24205604e-06,1.24205604
2188,3.43919626e-06,9.84370864,10434.331158399998,0.8696015126619095,3.43919626e-06,6.1857255e-07,0.61857255,1.03251484e-06,9.87135799,10463.6394694,0.8720440795300933,1.03251484e-06,1.24205604e-06,1.24205604
2189,3.43919626e-06,9.84370867,10434.3311902,0.8696015153121349,3.43919626e-06,6.18572552e-07,0.6185725519999999,1.03251484e-06,9.87135799,10463.6394694,0.8720440795300933,1.03251484e-06,1.24205605e-06,1.24205605
2190,3.43919626e-06,9.84370869,10434.3312114,0.8696015170789517,3.43919626e-06,6.18572554e-07,0.618572554,1.03251484e-06,9.87135799,10463.6394694,0.8720440795300933,1.03251484e-06,1.24205606e-06,1.24205606
2191,3.43919626e-06,9.84370872,10434.3312432,0.869601519729177,3.43919626e-06,6.18572555e-07,0.618572555,1.03251484e-06,9.87135798,10463.6394588,0.872044078646685,1.03251484e-06,1.24205607e-06,1.24205607
2192,3.43919626e-06,9.84370875,10434.331274999999,0.8696015223794021,3.43919626e-06,6.18572557e-07,0.618572557,1.03251484e-06,9.87135798,10463.6394588,0.872044078646685,1.03251484e-06,1.24205608e-06,1.24205608
2193,3.43919626e-06,9.84370878,10434.3313068,0.8696015250296276,3.43919626e-06,6.18572559e-07,0.618572559,1.03251484e-06,9.87135798,10463.6394588,0.872044078646685,1.03251484e-06,1.24205609e-06,1.2420560900000002
2194,3.43919626e-06,9.84370881,10434.3313386,0.8696015276798529,3.43919626e-06,6.18572561e-07,0.618572561,1.03251484e-06,9.87135798,10463.6394588,0.872044078646685,1.03251484e-06,1.2420561e-06,1.2420560999999999
2195,3.43919626e-06,9.84370883,10434.3313598,0.8696015294466697,3.43919626e-06,6.18572563e-07,0.618572563,1.03251484e-06,9.87135798,10463.6394588,0.872044078646685,1.03251484e-06,1.24205611e-06,1.24205611
2196,3.43919626e-06,9.84370886,10434.331391599999,0.8696015320968948,3.43919626e-06,6.18572564e-07,0.618572564,1.03251484e-06,9.87135797,10463.6394482,0.8720440777632765,1.03251484e-06,1.24205612e-06,1.24205612
2197,3.43919626e-06,9.84370888,10434.3314128,0.8696015338637118,3.43919626e-06,6.18572566e-07,0.618572566,1.03251484e-06,9.87135797,10463.6394482,0.8720440777632765,1.03251484e-06,1.24205613e-06,1.2420561300000001
2198,3.43919626e-06,9.84370891,10434.3314446,0.8696015365139371,3.43919626e-06,6.18572568e-07,0.618572568,1.03251484e-06,9.87135797,10463.6394482,0.8720440777632765,1.03251484e-06,1.24205614e-06,1.24205614
2199,3.43919626e-06,9.84370893,10434.3314658,0.8696015382807539,3.43919626e-06,6.1857257e-07,0.61857257,1.03251484e-06,9.87135797,10463.6394482,0.8720440777632765,1.03251484e-06,1.24205614e-06,1.24205614
2200,3.43919626e-06,9.84370896,10434.3314976,0.8696015409309792,3.43919626e-06,6.18572571e-07,0.6185725710000001,1.03251484e-06,9.87135797,10463.6394482,0.8720440777632765,1.03251484e-06,1.24205615e-06,1.2420561499999998
2201,3.43919626e-06,9.84370898,10434.331518800002,0.8696015426977961,3.43919626e-06,6.18572573e-07,0.618572573,1.03251484e-06,9.87135796,10463.639437599999,0.8720440768798681,1.03251484e-06,1.24205616e-06,1.24205616
2202,3.43919626e-06,9.84370901,10434.3315506,0.8696015453480213,3.43919626e-06,6.18572575e-07,0.6185725750000001,1.03251484e-06,9.87135796,10463.639437599999,0.8720440768798681,1.03251484e-06,1.24205617e-06,1.24205617
2203,3.43919626e-06,9.84370903,10434.3315718,0.8696015471148381,3.43919626e-06,6.18572576e-07,0.618572576,1.03251484e-06,9.87135796,10463.639437599999,0.8720440768798681,1.03251484e-06,1.24205618e-06,1.24205618
2204,3.43919626e-06,9.84370905,10434.331592999999,0.8696015488816549,3.43919626e-06,6.18572578e-07,0.6185725780000001,1.03251484e-06,9.87135796,10463.639437599999,0.8720440768798681,1.03251484e-06,1.24205618e-06,1.24205618
2205,3.43919626e-06,9.84370908,10434.3316248,0.8696015515318801,3.43919626e-06,6.18572579e-07,0.6185725790000001,1.03251484e-06,9.87135796,10463.639437599999,0.8720440768798681,1.03251484e-06,1.24205619e-06,1.24205619
2206,3.43919626e-06,9.8437091,10434.331646,0.8696015532986971,3.43919626e-06,6.18572581e-07,0.6185725809999999,1.03251484e-06,9.87135796,10463.639437599999,0.8720440768798681,1.03251484e-06,1.2420562e-06,1.2420562000000002
2207,3.43919626e-06,9.84370913,10434.3316778,0.8696015559489224,3.43919626e-06,6.18572583e-07,0.618572583,1.03251484e-06,9.87135796,10463.639437599999,0.8720440768798681,1.03251484e-06,1.24205621e-06,1.2420562099999999
2208,3.43919626e-06,9.84370915,10434.331699,0.8696015577157392,3.43919626e-06,6.18572584e-07,0.6185725839999999,1.03251484e-06,9.87135796,10463.639437599999,0.8720440768798681,1.03251484e-06,1.24205622e-06,1.24205622
2209,3.43919626e-06,9.84370917,10434.3317202,0.869601559482556,3.43919626e-06,6.18572586e-07,0.618572586,1.03251484e-06,9.87135796,10463.639437599999,0.8720440768798681,1.03251484e-06,1.24205622e-06,1.24205622
2210,3.43919626e-06,9.84370919,10434.3317414,0.8696015612493728,3.43919626e-06,6.18572587e-07,0.618572587,1.03251484e-06,9.87135796,10463.639437599999,0.8720440768798681,1.03251484e-06,1.24205623e-06,1.24205623
2211,3.43919626e-06,9.84370922,10434.3317732,0.8696015638995981,3.43919626e-06,6.18572589e-07,0.618572589,1.03251484e-06,9.87135796,10463.639437599999,0.8720440768798681,1.03251484e-06,1.24205624e-06,1.24205624
2212,3.43919626e-06,9.84370924,10434.331794400001,0.8696015656664151,3.43919626e-06,6.1857259e-07,0.61857259,1.03251484e-06,9.87135796,10463.639437599999,0.8720440768798681,1.03251484e-06,1.24205625e-06,1.24205625
2213,3.43919626e-06,9.84370926,10434.3318156,0.8696015674332319,3.43919626e-06,6.18572592e-07,0.618572592,1.03251484e-06,9.87135796,10463.639437599999,0.8720440768798681,1.03251484e-06,1.24205625e-06,1.24205625
2214,3.43919626e-06,9.84370928,10434.3318368,0.8696015692000487,3.43919626e-06,6.18572593e-07,0.618572593,1.03251484e-06,9.87135796,10463.639437599999,0.8720440768798681,1.03251484e-06,1.24205626e-06,1.24205626
2215,3.43919626e-06,9.8437093,10434.331858000001,0.8696015709668656,3.43919626e-06,6.18572595e-07,0.618572595,1.03251484e-06,9.87135796,10463.639437599999,0.8720440768798681,1.03251484e-06,1.24205627e-06,1.24205627
2216,3.43919626e-06,9.84370932,10434.331879200001,0.8696015727336824,3.43919626e-06,6.18572596e-07,0.618572596,1.03251484e-06,9.87135796,10463.639437599999,0.8720440768798681,1.03251484e-06,1.24205627e-06,1.24205627
2217,3.43919626e-06,9.84370934,10434.3319004,0.8696015745004992,3.43919626e-06,6.18572597e-07,0.618572597,1.03251484e-06,9.87135796,10463.639437599999,0.8720440768798681,1.03251484e-06,1.24205628e-06,1.24205628
2218,3.43919626e-06,9.84370936,10434.3319216,0.869601576267316,3.43919626e-06,6.18572599e-07,0.6185725990000001,1.03251484e-06,9.87135796,10463.639437599999,0.8720440768798681,1.03251484e-06,1.24205629e-06,1.24205629
2219,3.43919626e-06,9.84370938,10434.3319428,0.8696015780341328,3.43919626e-06,6.185726e-07,0.6185726,1.03251484e-06,9.87135796,10463.639437599999,0.8720440768798681,1.03251484e-06,1.24205629e-06,1.24205629
2220,3.43919626e-06,9.8437094,10434.331963999999,0.8696015798009497,3.43919626e-06,6.18572601e-07,0.618572601,1.03251484e-06,9.87135796,10463.639437599999,0.8720440768798681,1.03251484e-06,1.2420563e-06,1.2420563
2221,3.43919626e-06,9.84370942,10434.3319852,0.8696015815677667,3.43919626e-06,6.18572603e-07,0.618572603,1.03251484e-06,9.87135797,10463.6394482,0.8720440777632765,1.03251484e-06,1.24205631e-06,1.2420563100000002
2222,3.43919626e-06,9.84370944,10434.3320064,0.8696015833345835,3.43919626e-06,6.18572604e-07,0.618572604,1.03251484e-06,9.87135797,10463.6394482,0.8720440777632765,1.03251484e-06,1.24205631e-06,1.2420563100000002
2223,3.43919626e-06,9.84370946,10434.3320276,0.8696015851014003,3.43919626e-06,6.18572605e-07,0.618572605,1.03251484e-06,9.87135797,10463.6394482,0.8720440777632765,1.03251484e-06,1.24205632e-06,1.24205632
2224,3.43919626e-06,9.84370948,10434.332048799999,0.8696015868682171,3.43919626e-06,6.18572607e-07,0.618572607,1.03251484e-06,9.87135797,10463.6394482,0.8720440777632765,1.03251484e-06,1.24205632e-06,1.24205632
2225,3.43919626e-06,9.8437095,10434.332069999999,0.8696015886350339,3.43919626e-06,6.18572608e-07,0.618572608,1.03251484e-06,9.87135797,10463.6394482,0.8720440777632765,1.03251484e-06,1.24205633e-06,1.2420563299999998
2226,3.43919626e-06,9.84370952,10434.332091200002,0.869601590401851,3.43919626e-06,6.18572609e-07,0.618572609,1.03251484e-06,9.87135797,10463.6394482,0.8720440777632765,1.03251484e-06,1.24205634e-06,1.24205634
2227,3.43919626e-06,9.84370953,10434.3321018,0.8696015912852594,3.43919626e-06,6.18572611e-07,0.6185726109999999,1.03251484e-06,9.87135797,10463.6394482,0.8720440777632765,1.03251484e-06,1.24205634e-06,1.24205634
2228,3.43919626e-06,9.84370955,10434.332123,0.8696015930520762,3.43919626e-06,6.18572612e-07,0.6185726119999999,1.03251484e-06,9.87135798,10463.6394588,0.872044078646685,1.03251484e-06,1.24205635e-06,1.24205635
2229,3.43919626e-06,9.84370957,10434.3321442,0.869601594818893,3.43919626e-06,6.18572613e-07,0.618572613,1.03251484e-06,9.87135798,10463.6394588,0.872044078646685,1.03251484e-06,1.24205635e-06,1.24205635
2230,3.43919626e-06,9.84370959,10434.3321654,0.8696015965857098,3.43919626e-06,6.18572614e-07,0.618572614,1.03251484e-06,9.87135798,10463.6394588,0.872044078646685,1.03251484e-06,1.24205636e-06,1.24205636
2231,3.43919626e-06,9.8437096,10434.332176,0.8696015974691182,3.43919626e-06,6.18572615e-07,0.6185726149999999,1.03251484e-06,9.87135798,10463.6394588,0.872044078646685,1.03251484e-06,1.24205636e-06,1.24205636
2232,3.43919626e-06,9.84370962,10434.3321972,0.869601599235935,3.43919626e-06,6.18572617e-07,0.618572617,1.03251484e-06,9.87135799,10463.6394694,0.8720440795300933,1.03251484e-06,1.24205637e-06,1.24205637
2233,3.43919626e-06,9.84370964,10434.3322184,0.869601601002752,3.43919626e-06,6.18572618e-07,0.618572618,1.03251484e-06,9.87135799,10463.6394694,0.8720440795300933,1.03251484e-06,1.24205638e-06,1.2420563800000002
2234,3.43919626e-06,9.84370966,10434.3322396,0.8696016027695688,3.43919626e-06,6.18572619e-07,0.6185726189999999,1.03251484e-06,9.87135799,10463.6394694,0.8720440795300933,1.03251484e-06,1.24205638e-06,1.2420563800000002
2235,3.43919626e-06,9.84370967,10434.332250200001,0.8696016036529773,3.43919626e-06,6.1857262e-07,0.61857262,1.03251484e-06,9.87135799,10463.6394694,0.8720440795300933,1.03251484e-06,1.24205639e-06,1.24205639
2236,3.43919626e-06,9.84370969,10434.3322714,0.8696016054197941,3.43919626e-06,6.18572621e-07,0.618572621,1.03251484e-06,9.871358,10463.639480000002,0.872044080413502,1.03251484e-06,1.24205639e-06,1.24205639
2237,3.43919626e-06,9.8437097,10434.332282,0.8696016063032024,3.43919626e-06,6.18572622e-07,0.618572622,1.03251484e-06,9.871358,10463.639480000002,0.872044080413502,1.03251484e-06,1.2420564e-06,1.2420564
2238,3.43919626e-06,9.84370972,10434.332303199999,0.8696016080700192,3.43919626e-06,6.18572624e-07,0.618572624,1.03251484e-06,9.871358,10463.639480000002,0.872044080413502,1.03251484e-06,1.2420564e-06,1.2420564
2239,3.43919626e-06,9.84370974,10434.3323244,0.8696016098368362,3.43919626e-06,6.18572625e-07,0.618572625,1.03251484e-06,9.87135801,10463.6394906,0.8720440812969104,1.03251484e-06,1.24205641e-06,1.24205641
2240,3.43919626e-06,9.84370975,10434.332335000001,0.8696016107202447,3.43919626e-06,6.18572626e-07,0.618572626,1.03251484e-06,9.87135801,10463.6394906,0.8720440812969104,1.03251484e-06,1.24205641e-06,1.24205641
2241,3.43919626e-06,9.84370977,10434.3323562,0.8696016124870615,3.43919626e-06,6.18572627e-07,0.618572627,1.03251484e-06,9.87135801,10463.6394906,0.8720440812969104,1.03251484e-06,1.24205641e-06,1.24205641
2242,3.43919626e-06,9.84370978,10434.3323668,0.8696016133704698,3.43919626e-06,6.18572628e-07,0.618572628,1.03251484e-06,9.87135802,10463.639501200001,0.8720440821803188,1.03251484e-06,1.24205642e-06,1.24205642
2243,3.43919626e-06,9.8437098,10434.332387999999,0.8696016151372866,3.43919626e-06,6.18572629e-07,0.618572629,1.03251484e-06,9.87135803,10463.6395118,0.8720440830637272,1.03251484e-06,1.24205642e-06,1.24205642
2244,3.43919626e-06,9.84370982,10434.3324092,0.8696016169041035,3.43919626e-06,6.1857263e-07,0.6185726300000001,1.03251484e-06,9.87135803,10463.6395118,0.8720440830637272,1.03251484e-06,1.24205643e-06,1.24205643
2245,3.43919626e-06,9.84370983,10434.3324198,0.8696016177875119,3.43919626e-06,6.18572631e-07,0.618572631,1.03251484e-06,9.87135803,10463.6395118,0.8720440830637272,1.03251484e-06,1.24205643e-06,1.24205643
2246,3.43919626e-06,9.84370985,10434.332441,0.8696016195543289,3.43919626e-06,6.18572632e-07,0.618572632,1.03251484e-06,9.87135804,10463.6395224,0.8720440839471356,1.03251484e-06,1.24205644e-06,1.24205644
2247,3.43919626e-06,9.84370986,10434.332451600001,0.8696016204377374,3.43919626e-06,6.18572633e-07,0.618572633,1.03251484e-06,9.87135804,10463.6395224,0.8720440839471356,1.03251484e-06,1.24205644e-06,1.24205644
2248,3.43919626e-06,9.84370988,10434.3324728,0.8696016222045542,3.43919626e-06,6.18572634e-07,0.6185726340000001,1.03251484e-06,9.87135805,10463.639533,0.872044084830544,1.03251484e-06,1.24205644e-06,1.24205644
2249,3.43919626e-06,9.84370988,10434.3324728,0.8696016222045542,3.43919626e-06,6.18572635e-07,0.618572635,1.03251484e-06,9.87135805,10463.639533,0.872044084830544,1.03251484e-06,1.24205645e-06,1.24205645
2250,3.43919626e-06,9.8437099,10434.332494,0.869601623971371,3.43919626e-06,6.18572636e-07,0.618572636,1.03251484e-06,9.87135805,10463.639533,0.872044084830544,1.03251484e-06,1.24205645e-06,1.24205645
2251,3.43919626e-06,9.84370991,10434.332504599999,0.8696016248547793,3.43919626e-06,6.18572637e-07,0.6185726370000001,1.03251484e-06,9.87135806,10463.6395436,0.8720440857139524,1.03251484e-06,1.24205646e-06,1.24205646
2252,3.43919626e-06,9.84370992,10434.3325152,0.8696016257381878,3.43919626e-06,6.18572638e-07,0.618572638,1.03251484e-06,9.87135806,10463.6395436,0.8720440857139524,1.03251484e-06,1.24205646e-06,1.24205646
2253,3.43919626e-06,9.84370993,10434.332525799999,0.8696016266215961,3.43919626e-06,6.18572639e-07,0.6185726389999999,1.03251484e-06,9.87135807,10463.6395542,0.8720440865973608,1.03251484e-06,1.24205646e-06,1.24205646
2254,3.43919626e-06,9.84370994,10434.3325364,0.8696016275050046,3.43919626e-06,6.1857264e-07,0.61857264,1.03251484e-06,9.87135807,10463.6395542,0.8720440865973608,1.03251484e-06,1.24205647e-06,1.24205647
2255,3.43919626e-06,9.84370995,10434.332547,0.869601628388413,3.43919626e-06,6.18572641e-07,0.618572641,1.03251484e-06,9.87135807,10463.6395542,0.8720440865973608,1.03251484e-06,1.24205647e-06,1.24205647
2256,3.43919626e-06,9.84370996,10434.3325576,0.8696016292718215,3.43919626e-06,6.18572642e-07,0.618572642,1.03251484e-06,9.87135808,10463.6395648,0.8720440874807692,1.03251484e-06,1.24205647e-06,1.24205647
2257,3.43919626e-06,9.84370998,10434.3325788,0.8696016310386383,3.43919626e-06,6.18572643e-07,0.6185726429999999,1.03251484e-06,9.87135809,10463.639575399999,0.8720440883641776,1.03251484e-06,1.24205648e-06,1.24205648
2258,3.43919626e-06,9.84371,10434.3326,0.8696016328054551,3.43919626e-06,6.18572644e-07,0.618572644,1.03251484e-06,9.8713581,10463.639586,0.872044089247586,1.03251484e-06,1.24205648e-06,1.24205648
2259,3.43919626e-06,9.84371001,10434.3326106,0.8696016336888637,3.43919626e-06,6.18572644e-07,0.618572644,1.03251484e-06,9.8713581,10463.639586,0.872044089247586,1.03251484e-06,1.24205648e-06,1.24205648
2260,3.43919626e-06,9.84371002,10434.3326212,0.8696016345722719,3.43919626e-06,6.18572645e-07,0.618572645,1.03251484e-06,9.8713581,10463.639586,0.872044089247586,1.03251484e-06,1.24205649e-06,1.2420564900000002
2261,3.43919626e-06,9.84371003,10434.3326318,0.8696016354556805,3.43919626e-06,6.18572646e-07,0.618572646,1.03251484e-06,9.87135811,10463.6395966,0.8720440901309945,1.03251484e-06,1.24205649e-06,1.2420564900000002
2262,3.43919626e-06,9.84371004,10434.332642399999,0.8696016363390887,3.43919626e-06,6.18572647e-07,0.618572647,1.03251484e-06,9.87135812,10463.6396072,0.872044091014403,1.03251484e-06,1.24205649e-06,1.2420564900000002
2263,3.43919626e-06,9.84371005,10434.332653,0.8696016372224973,3.43919626e-06,6.18572648e-07,0.618572648,1.03251484e-06,9.87135812,10463.6396072,0.872044091014403,1.03251484e-06,1.2420565e-06,1.2420565
2264,3.43919626e-06,9.84371007,10434.3326742,0.8696016389893142,3.43919626e-06,6.18572649e-07,0.618572649,1.03251484e-06,9.87135813,10463.639617800001,0.8720440918978115,1.03251484e-06,1.2420565e-06,1.2420565
2265,3.43919626e-06,9.84371007,10434.3326742,0.8696016389893142,3.43919626e-06,6.18572649e-07,0.618572649,1.03251484e-06,9.87135813,10463.639617800001,0.8720440918978115,1.03251484e-06,1.2420565e-06,1.2420565
2266,3.43919626e-06,9.84371008,10434.3326848,0.8696016398727225,3.43919626e-06,6.1857265e-07,0.61857265,1.03251484e-06,9.87135814,10463.6396284,0.8720440927812197,1.03251484e-06,1.2420565e-06,1.2420565
2267,3.43919626e-06,9.84371009,10434.3326954,0.869601640756131,3.43919626e-06,6.18572651e-07,0.618572651,1.03251484e-06,9.87135815,10463.639639,0.8720440936646283,1.03251484e-06,1.24205651e-06,1.2420565099999998
2268,3.43919626e-06,9.8437101,10434.332706,0.8696016416395393,3.43919626e-06,6.18572652e-07,0.618572652,1.03251484e-06,9.87135816,10463.6396496,0.8720440945480366,1.03251484e-06,1.24205651e-06,1.2420565099999998
2269,3.43919626e-06,9.84371011,10434.3327166,0.8696016425229478,3.43919626e-06,6.18572652e-07,0.618572652,1.03251484e-06,9.87135816,10463.6396496,0.8720440945480366,1.03251484e-06,1.24205651e-06,1.2420565099999998
2270,3.43919626e-06,9.84371012,10434.3327272,0.8696016434063563,3.43919626e-06,6.18572653e-07,0.618572653,1.03251484e-06,9.87135817,10463.6396602,0.8720440954314451,1.03251484e-06,1.24205651e-06,1.2420565099999998
2271,3.43919626e-06,9.84371013,10434.3327378,0.8696016442897646,3.43919626e-06,6.18572654e-07,0.618572654,1.03251484e-06,9.87135818,10463.6396708,0.8720440963148534,1.03251484e-06,1.24205652e-06,1.24205652
2272,3.43919626e-06,9.84371014,10434.3327484,0.8696016451731731,3.43919626e-06,6.18572655e-07,0.618572655,1.03251484e-06,9.87135818,10463.6396708,0.8720440963148534,1.03251484e-06,1.24205652e-06,1.24205652
2273,3.43919626e-06,9.84371014,10434.3327484,0.8696016451731731,3.43919626e-06,6.18572655e-07,0.618572655,1.03251484e-06,9.87135819,10463.6396814,0.8720440971982619,1.03251484e-06,1.24205652e-06,1.24205652
2274,3.43919626e-06,9.84371015,10434.332758999999,0.8696016460565814,3.43919626e-06,6.18572656e-07,0.618572656,1.03251484e-06,9.8713582,10463.639691999999,0.8720440980816702,1.03251484e-06,1.24205652e-06,1.24205652
2275,3.43919626e-06,9.84371016,10434.332769600001,0.8696016469399901,3.43919626e-06,6.18572657e-07,0.618572657,1.03251484e-06,9.87135821,10463.6397026,0.8720440989650787,1.03251484e-06,1.24205652e-06,1.24205652
2276,3.43919626e-06,9.84371018,10434.332790800001,0.8696016487068069,3.43919626e-06,6.18572657e-07,0.618572657,1.03251484e-06,9.87135821,10463.6397026,0.8720440989650787,1.03251484e-06,1.24205653e-06,1.24205653
2277,3.43919626e-06,9.84371018,10434.332790800001,0.8696016487068069,3.43919626e-06,6.18572658e-07,0.618572658,1.03251484e-06,9.87135822,10463.6397132,0.8720440998484872,1.03251484e-06,1.24205653e-06,1.24205653
2278,3.43919626e-06,9.84371019,10434.3328014,0.8696016495902152,3.43919626e-06,6.18572659e-07,0.618572659,1.03251484e-06,9.87135823,10463.6397238,0.8720441007318956,1.03251484e-06,1.24205653e-06,1.24205653
2279,3.43919626e-06,9.8437102,10434.332812,0.8696016504736237,3.43919626e-06,6.18572659e-07,0.618572659,1.03251484e-06,9.87135823,10463.6397238,0.8720441007318956,1.03251484e-06,1.24205653e-06,1.24205653
2280,3.43919626e-06,9.84371019,10434.3328014,0.8696016495902152,3.43919626e-06,6.1857266e-07,0.61857266,1.03251484e-06,9.87135824,10463.6397344,0.872044101615304,1.03251484e-06,1.24205653e-06,1.24205653
2281,3.43919626e-06,9.8437102,10434.332812,0.8696016504736237,3.43919626e-06,6.18572661e-07,0.6185726610000001,1.03251484e-06,9.87135825,10463.639745,0.8720441024987124,1.03251484e-06,1.24205653e-06,1.24205653
2282,3.43919626e-06,9.84371021,10434.3328226,0.869601651357032,3.43919626e-06,6.18572661e-07,0.6185726610000001,1.03251484e-06,9.87135825,10463.639745,0.8720441024987124,1.03251484e-06,1.24205653e-06,1.24205653
2283,3.43919626e-06,9.84371021,10434.3328226,0.869601651357032,3.43919626e-06,6.18572662e-07,0.618572662,1.03251484e-06,9.87135827,10463.6397662,0.8720441042655293,1.03251484e-06,1.24205654e-06,1.24205654
2284,3.43919626e-06,9.84371022,10434.3328332,0.8696016522404405,3.43919626e-06,6.18572662e-07,0.618572662,1.03251484e-06,9.87135827,10463.6397662,0.8720441042655293,1.03251484e-06,1.24205654e-06,1.24205654
2285,3.43919626e-06,9.84371023,10434.332843799999,0.8696016531238489,3.43919626e-06,6.18572663e-07,0.618572663,1.03251484e-06,9.87135828,10463.6397768,0.8720441051489377,1.03251484e-06,1.24205654e-06,1.24205654
2286,3.43919626e-06,9.84371024,10434.3328544,0.8696016540072573,3.43919626e-06,6.18572663e-07,0.618572663,1.03251484e-06,9.87135829,10463.6397874,0.8720441060323461,1.03251484e-06,1.24205654e-06,1.24205654
2287,3.43919626e-06,9.84371025,10434.332865,0.8696016548906658,3.43919626e-06,6.18572664e-07,0.618572664,1.03251484e-06,9.8713583,10463.639798,0.8720441069157545,1.03251484e-06,1.24205654e-06,1.24205654
2288,3.43919626e-06,9.84371026,10434.3328756,0.8696016557740741,3.43919626e-06,6.18572664e-07,0.618572664,1.03251484e-06,9.87135831,10463.639808599999,0.8720441077991629,1.03251484e-06,1.24205654e-06,1.24205654
2289,3.43919626e-06,9.84371026,10434.3328756,0.8696016557740741,3.43919626e-06,6.18572665e-07,0.6185726650000001,1.03251484e-06,9.87135832,10463.639819200002,0.8720441086825715,1.03251484e-06,1.24205654e-06,1.24205654
2290,3.43919626e-06,9.84371027,10434.332886200002,0.8696016566574827,3.43919626e-06,6.18572666e-07,0.618572666,1.03251484e-06,9.87135832,10463.639819200002,0.8720441086825715,1.03251484e-06,1.24205654e-06,1.24205654
2291,3.43919626e-06,9.84371026,10434.3328756,0.8696016557740741,3.43919626e-06,6.18572666e-07,0.618572666,1.03251484e-06,9.87135833,10463.6398298,0.8720441095659799,1.03251484e-06,1.24205654e-06,1.24205654
2292,3.43919626e-06,9.84371027,10434.332886200002,0.8696016566574827,3.43919626e-06,6.18572666e-07,0.618572666,1.03251484e-06,9.87135834,10463.639840400001,0.8720441104493883,1.03251484e-06,1.24205654e-06,1.24205654
2293,3.43919626e-06,9.84371027,10434.332886200002,0.8696016566574827,3.43919626e-06,6.18572667e-07,0.618572667,1.03251484e-06,9.87135835,10463.639851,0.8720441113327967,1.03251484e-06,1.24205655e-06,1.24205655
2294,3.43919626e-06,9.84371028,10434.3328968,0.869601657540891,3.43919626e-06,6.18572667e-07,0.618572667,1.03251484e-06,9.87135836,10463.6398616,0.8720441122162051,1.03251484e-06,1.24205655e-06,1.24205655
2295,3.43919626e-06,9.84371029,10434.332907400001,0.8696016584242995,3.43919626e-06,6.18572668e-07,0.618572668,1.03251484e-06,9.87135836,10463.6398616,0.8720441122162051,1.03251484e-06,1.24205655e-06,1.24205655
2296,3.43919626e-06,9.84371029,10434.332907400001,0.8696016584242995,3.43919626e-06,6.18572668e-07,0.618572668,1.03251484e-06,9.87135838,10463.6398828,0.872044113983022,1.03251484e-06,1.24205655e-06,1.24205655
2297,3.43919626e-06,9.8437103,10434.332918,0.8696016593077078,3.43919626e-06,6.18572668e-07,0.618572668,1.03251484e-06,9.87135839,10463.639893399999,0.8720441148664303,1.03251484e-06,1.24205655e-06,1.24205655
2298,3.43919626e-06,9.84371031,10434.3329286,0.8696016601911163,3.43919626e-06,6.18572669e-07,0.618572669,1.03251484e-06,9.8713584,10463.639904,0.8720441157498388,1.03251484e-06,1.24205655e-06,1.24205655
2299,3.43919626e-06,9.84371031,10434.3329286,0.8696016601911163,3.43919626e-06,6.18572669e-07,0.618572669,1.03251484e-06,9.87135841,10463.639914599999,0.8720441166332471,1.03251484e-06,1.24205655e-06,1.24205655
2300,3.43919626e-06,9.84371031,10434.3329286,0.8696016601911163,3.43919626e-06,6.1857267e-07,0.6185726699999999,1.03251484e-06,9.87135842,10463.6399252,0.8720441175166556,1.03251484e-06,1.24205655e-06,1.24205655
2301,3.43919626e-06,9.84371031,10434.3329286,0.8696016601911163,3.43919626e-06,6.1857267e-07,0.6185726699999999,1.03251484e-06,9.87135842,10463.6399252,0.8720441175166556,1.03251484e-06,1.24205655e-06,1.24205655
2302,3.43919626e-06,9.84371031,10434.3329286,0.8696016601911163,3.43919626e-06,6.1857267e-07,0.6185726699999999,1.03251484e-06,9.87135843,10463.639935800002,0.8720441184000641,1.03251484e-06,1.24205655e-06,1.24205655
2303,3.43919626e-06,9.84371031,10434.3329286,0.8696016601911163,3.43919626e-06,6.18572671e-07,0.6185726709999999,1.03251484e-06,9.87135844,10463.6399464,0.8720441192834725,1.03251484e-06,1.24205655e-06,1.24205655
2304,3.43919626e-06,9.84371031,10434.3329286,0.8696016601911163,3.43919626e-06,6.18572671e-07,0.6185726709999999,1.03251484e-06,9.87135845,10463.639957000001,0.8720441201668809,1.03251484e-06,1.24205655e-06,1.24205655
2305,3.43919626e-06,9.84371032,10434.3329392,0.8696016610745246,3.43919626e-06,6.18572671e-07,0.6185726709999999,1.03251484e-06,9.87135845,10463.639957000001,0.8720441201668809,1.03251484e-06,1.24205655e-06,1.24205655
2306,3.43919626e-06,9.84371031,10434.3329286,0.8696016601911163,3.43919626e-06,6.18572672e-07,0.618572672,1.03251484e-06,9.87135846,10463.6399676,0.8720441210502893,1.03251484e-06,1.24205655e-06,1.24205655
2307,3.43919626e-06,9.84371031,10434.3329286,0.8696016601911163,3.43919626e-06,6.18572672e-07,0.618572672,1.03251484e-06,9.87135847,10463.6399782,0.8720441219336978,1.03251484e-06,1.24205655e-06,1.24205655
2308,3.43919626e-06,9.84371031,10434.3329286,0.8696016601911163,3.43919626e-06,6.18572672e-07,0.618572672,1.03251484e-06,9.87135849,10463.6399994,0.8720441237005147,1.03251484e-06,1.24205655e-06,1.24205655
2309,3.43919626e-06,9.84371032,10434.3329392,0.8696016610745246,3.43919626e-06,6.18572672e-07,0.618572672,1.03251484e-06,9.87135849,10463.6399994,0.8720441237005147,1.03251484e-06,1.24205655e-06,1.24205655
2310,3.43919626e-06,9.84371032,10434.3329392,0.8696016610745246,3.43919626e-06,6.18572672e-07,0.618572672,1.03251484e-06,9.87135851,10463.6400206,0.8720441254673315,1.03251484e-06,1.24205655e-06,1.24205655
2311,3.43919626e-06,9.84371033,10434.3329498,0.8696016619579331,3.43919626e-06,6.18572673e-07,0.618572673,1.03251484e-06,9.87135852,10463.640031199999,0.8720441263507397,1.03251484e-06,1.24205655e-06,1.24205655
2312,3.43919626e-06,9.84371034,10434.3329604,0.8696016628413414,3.43919626e-06,6.18572673e-07,0.618572673,1.03251484e-06,9.87135854,10463.6400524,0.8720441281175567,1.03251484e-06,1.24205655e-06,1.24205655
2313,3.43919626e-06,9.84371035,10434.332971,0.86960166372475,3.43919626e-06,6.18572673e-07,0.618572673,1.03251484e-06,9.87135855,10463.640063,0.8720441290009652,1.03251484e-06,1.24205654e-06,1.24205654
2314,3.43919626e-06,9.84371035,10434.332971,0.86960166372475,3.43919626e-06,6.18572673e-07,0.618572673,1.03251484e-06,9.87135856,10463.6400736,0.8720441298843735,1.03251484e-06,1.24205654e-06,1.24205654
2315,3.43919626e-06,9.84371035,10434.332971,0.86960166372475,3.43919626e-06,6.18572674e-07,0.6185726739999999,1.03251484e-06,9.87135857,10463.6400842,0.872044130767782,1.03251484e-06,1.24205654e-06,1.24205654
2316,3.43919626e-06,9.84371034,10434.3329604,0.8696016628413414,3.43919626e-06,6.18572674e-07,0.6185726739999999,1.03251484e-06,9.87135858,10463.640094800001,0.8720441316511904,1.03251484e-06,1.24205654e-06,1.24205654
2317,3.43919626e-06,9.84371034,10434.3329604,0.8696016628413414,3.43919626e-06,6.18572674e-07,0.6185726739999999,1.03251484e-06,9.87135858,10463.640094800001,0.8720441316511904,1.03251484e-06,1.24205654e-06,1.24205654
2318,3.43919626e-06,9.84371033,10434.3329498,0.8696016619579331,3.43919626e-06,6.18572674e-07,0.6185726739999999,1.03251484e-06,9.87135859,10463.6401054,0.8720441325345988,1.03251484e-06,1.24205654e-06,1.24205654
2319,3.43919626e-06,9.84371032,10434.3329392,0.8696016610745246,3.43919626e-06,6.18572674e-07,0.6185726739999999,1.03251484e-06,9.8713586,10463.640116,0.8720441334180072,1.03251484e-06,1.24205654e-06,1.24205654
2320,3.43919626e-06,9.84371032,10434.3329392,0.8696016610745246,3.43919626e-06,6.18572675e-07,0.618572675,1.03251484e-06,9.87135861,10463.6401266,0.8720441343014156,1.03251484e-06,1.24205654e-06,1.24205654
2321,3.43919626e-06,9.84371032,10434.3329392,0.8696016610745246,3.43919626e-06,6.18572675e-07,0.618572675,1.03251484e-06,9.87135862,10463.6401372,0.872044135184824,1.03251484e-06,1.24205654e-06,1.24205654
2322,3.43919626e-06,9.84371033,10434.3329498,0.8696016619579331,3.43919626e-06,6.18572675e-07,0.618572675,1.03251484e-06,9.87135863,10463.640147799999,0.8720441360682324,1.03251484e-06,1.24205654e-06,1.24205654
2323,3.43919626e-06,9.84371033,10434.3329498,0.8696016619579331,3.43919626e-06,6.18572675e-07,0.618572675,1.03251484e-06,9.87135865,10463.640169,0.8720441378350494,1.03251484e-06,1.24205653e-06,1.24205653
2324,3.43919626e-06,9.84371033,10434.3329498,0.8696016619579331,3.43919626e-06,6.18572675e-07,0.618572675,1.03251484e-06,9.87135866,10463.640179600001,0.8720441387184579,1.03251484e-06,1.24205653e-06,1.24205653
2325,3.43919626e-06,9.84371034,10434.3329604,0.8696016628413414,3.43919626e-06,6.18572675e-07,0.618572675,1.03251484e-06,9.87135867,10463.6401902,0.8720441396018662,1.03251484e-06,1.24205653e-06,1.24205653
2326,3.43919626e-06,9.84371034,10434.3329604,0.8696016628413414,3.43919626e-06,6.18572675e-07,0.618572675,1.03251484e-06,9.87135869,10463.6402114,0.872044141368683,1.03251484e-06,1.24205653e-06,1.24205653
2327,3.43919626e-06,9.84371033,10434.3329498,0.8696016619579331,3.43919626e-06,6.18572675e-07,0.618572675,1.03251484e-06,9.87135869,10463.6402114,0.872044141368683,1.03251484e-06,1.24205653e-06,1.24205653
2328,3.43919626e-06,9.84371032,10434.3329392,0.8696016610745246,3.43919626e-06,6.18572675e-07,0.618572675,1.03251484e-06,9.8713587,10463.640222,0.8720441422520915,1.03251484e-06,1.24205653e-06,1.24205653
2329,3.43919626e-06,9.84371031,10434.3329286,0.8696016601911163,3.43919626e-06,6.18572675e-07,0.618572675,1.03251484e-06,9.87135871,10463.6402326,0.8720441431354999,1.03251484e-06,1.24205653e-06,1.24205653
2330,3.43919626e-06,9.84371031,10434.3329286,0.8696016601911163,3.43919626e-06,6.18572675e-07,0.618572675,1.03251484e-06,9.87135872,10463.6402432,0.8720441440189083,1.03251484e-06,1.24205652e-06,1.24205652
2331,3.43919626e-06,9.84371031,10434.3329286,0.8696016601911163,3.43919626e-06,6.18572675e-07,0.618572675,1.03251484e-06,9.87135873,10463.6402538,0.8720441449023167,1.03251484e-06,1.24205652e-06,1.24205652
2332,3.43919626e-06,9.84371031,10434.3329286,0.8696016601911163,3.43919626e-06,6.18572675e-07,0.618572675,1.03251484e-06,9.87135875,10463.640275000002,0.8720441466691337,1.03251484e-06,1.24205652e-06,1.24205652
2333,3.43919626e-06,9.84371031,10434.3329286,0.8696016601911163,3.43919626e-06,6.18572675e-07,0.618572675,1.03251484e-06,9.87135876,10463.6402856,0.872044147552542,1.03251484e-06,1.24205652e-06,1.24205652
2334,3.43919626e-06,9.84371031,10434.3329286,0.8696016601911163,3.43919626e-06,6.18572675e-07,0.618572675,1.03251484e-06,9.87135878,10463.6403068,0.8720441493193588,1.03251484e-06,1.24205652e-06,1.24205652
2335,3.43919626e-06,9.84371031,10434.3329286,0.8696016601911163,3.43919626e-06,6.18572675e-07,0.618572675,1.03251484e-06,9.87135879,10463.6403174,0.8720441502027673,1.03251484e-06,1.24205652e-06,1.24205652
2336,3.43919626e-06,9.84371031,10434.3329286,0.8696016601911163,3.43919626e-06,6.18572675e-07,0.618572675,1.03251484e-06,9.8713588,10463.640328,0.8720441510861756,1.03251484e-06,1.24205651e-06,1.2420565099999998
2337,3.43919626e-06,9.84371031,10434.3329286,0.8696016601911163,3.43919626e-06,6.18572675e-07,0.618572675,1.03251484e-06,9.87135881,10463.6403386,0.8720441519695842,1.03251484e-06,1.24205651e-06,1.2420565099999998
2338,3.43919626e-06,9.8437103,10434.332918,0.8696016593077078,3.43919626e-06,6.18572675e-07,0.618572675,1.03251484e-06,9.87135882,10463.640349199999,0.8720441528529924,1.03251484e-06,1.24205651e-06,1.2420565099999998
2339,3.43919626e-06,9.84371029,10434.332907400001,0.8696016584242995,3.43919626e-06,6.18572675e-07,0.618572675,1.03251484e-06,9.87135883,10463.6403598,0.872044153736401,1.03251484e-06,1.24205651e-06,1.2420565099999998
2340,3.43919626e-06,9.84371029,10434.332907400001,0.8696016584242995,3.43919626e-06,6.18572675e-07,0.618572675,1.03251484e-06,9.87135884,10463.640370399999,0.8720441546198092,1.03251484e-06,1.24205651e-06,1.2420565099999998
2341,3.43919626e-06,9.84371029,10434.332907400001,0.8696016584242995,3.43919626e-06,6.18572675e-07,0.618572675,1.03251484e-06,9.87135886,10463.640391600002,0.8720441563866264,1.03251484e-06,1.2420565e-06,1.2420565
2342,3.43919626e-06,9.84371028,10434.3328968,0.869601657540891,3.43919626e-06,6.18572675e-07,0.618572675,1.03251484e-06,9.87135887,10463.6404022,0.8720441572700347,1.03251484e-06,1.2420565e-06,1.2420565
2343,3.43919626e-06,9.84371028,10434.3328968,0.869601657540891,3.43919626e-06,6.18572674e-07,0.6185726739999999,1.03251484e-06,9.87135888,10463.640412800001,0.8720441581534432,1.03251484e-06,1.2420565e-06,1.2420565
2344,3.43919626e-06,9.84371028,10434.3328968,0.869601657540891,3.43919626e-06,6.18572674e-07,0.6185726739999999,1.03251484e-06,9.87135889,10463.6404234,0.8720441590368515,1.03251484e-06,1.2420565e-06,1.2420565
2345,3.43919626e-06,9.84371027,10434.332886200002,0.8696016566574827,3.43919626e-06,6.18572674e-07,0.6185726739999999,1.03251484e-06,9.87135891,10463.6404446,0.8720441608036683,1.03251484e-06,1.24205649e-06,1.2420564900000002
2346,3.43919626e-06,9.84371027,10434.332886200002,0.8696016566574827,3.43919626e-06,6.18572674e-07,0.6185726739999999,1.03251484e-06,9.87135892,10463.6404552,0.8720441616870768,1.03251484e-06,1.24205649e-06,1.2420564900000002
2347,3.43919626e-06,9.84371027,10434.332886200002,0.8696016566574827,3.43919626e-06,6.18572674e-07,0.6185726739999999,1.03251484e-06,9.87135893,10463.6404658,0.8720441625704851,1.03251484e-06,1.24205649e-06,1.2420564900000002
2348,3.43919626e-06,9.84371026,10434.3328756,0.8696016557740741,3.43919626e-06,6.18572674e-07,0.6185726739999999,1.03251484e-06,9.87135895,10463.640486999999,0.8720441643373019,1.03251484e-06,1.24205649e-06,1.2420564900000002
2349,3.43919626e-06,9.84371026,10434.3328756,0.8696016557740741,3.43919626e-06,6.18572674e-07,0.6185726739999999,1.03251484e-06,9.87135896,10463.6404976,0.8720441652207104,1.03251484e-06,1.24205648e-06,1.24205648
2350,3.43919626e-06,9.84371025,10434.332865,0.8696016548906658,3.43919626e-06,6.18572673e-07,0.618572673,1.03251484e-06,9.87135897,10463.6405082,0.872044166104119,1.03251484e-06,1.24205648e-06,1.24205648
2351,3.43919626e-06,9.84371024,10434.3328544,0.8696016540072573,3.43919626e-06,6.18572673e-07,0.618572673,1.03251484e-06,9.87135898,10463.6405188,0.8720441669875274,1.03251484e-06,1.24205648e-06,1.24205648
2352,3.43919626e-06,9.84371024,10434.3328544,0.8696016540072573,3.43919626e-06,6.18572673e-07,0.618572673,1.03251484e-06,9.87135899,10463.6405294,0.8720441678709357,1.03251484e-06,1.24205648e-06,1.24205648
2353,3.43919626e-06,9.84371023,10434.332843799999,0.8696016531238489,3.43919626e-06,6.18572673e-07,0.618572673,1.03251484e-06,9.87135901,10463.640550600001,0.8720441696377527,1.03251484e-06,1.24205647e-06,1.24205647
2354,3.43919626e-06,9.84371023,10434.332843799999,0.8696016531238489,3.43919626e-06,6.18572673e-07,0.618572673,1.03251484e-06,9.87135902,10463.6405612,0.872044170521161,1.03251484e-06,1.24205647e-06,1.24205647
2355,3.43919626e-06,9.84371022,10434.3328332,0.8696016522404405,3.43919626e-06,6.18572672e-07,0.618572672,1.03251484e-06,9.87135903,10463.6405718,0.8720441714045695,1.03251484e-06,1.24205647e-06,1.24205647
2356,3.43919626e-06,9.84371022,10434.3328332,0.8696016522404405,3.43919626e-06,6.18572672e-07,0.618572672,1.03251484e-06,9.87135905,10463.640593,0.8720441731713863,1.03251484e-06,1.24205646e-06,1.24205646
2357,3.43919626e-06,9.84371021,10434.3328226,0.869601651357032,3.43919626e-06,6.18572672e-07,0.618572672,1.03251484e-06,9.87135906,10463.640603599999,0.8720441740547946,1.03251484e-06,1.24205646e-06,1.24205646
2358,3.43919626e-06,9.84371021,10434.3328226,0.869601651357032,3.43919626e-06,6.18572672e-07,0.618572672,1.03251484e-06,9.87135907,10463.6406142,0.8720441749382031,1.03251484e-06,1.24205646e-06,1.24205646
2359,3.43919626e-06,9.8437102,10434.332812,0.8696016504736237,3.43919626e-06,6.18572671e-07,0.6185726709999999,1.03251484e-06,9.87135909,10463.640635400001,0.87204417670502,1.03251484e-06,1.24205645e-06,1.24205645
2360,3.43919626e-06,9.84371019,10434.3328014,0.8696016495902152,3.43919626e-06,6.18572671e-07,0.6185726709999999,1.03251484e-06,9.8713591,10463.640646,0.8720441775884283,1.03251484e-06,1.24205645e-06,1.24205645
2361,3.43919626e-06,9.84371019,10434.3328014,0.8696016495902152,3.43919626e-06,6.18572671e-07,0.6185726709999999,1.03251484e-06,9.87135911,10463.6406566,0.8720441784718368,1.03251484e-06,1.24205645e-06,1.24205645
2362,3.43919626e-06,9.84371018,10434.332790800001,0.8696016487068069,3.43919626e-06,6.18572671e-07,0.6185726709999999,1.03251484e-06,9.87135913,10463.6406778,0.8720441802386537,1.03251484e-06,1.24205644e-06,1.24205644
2363,3.43919626e-06,9.84371017,10434.3327802,0.8696016478233983,3.43919626e-06,6.1857267e-07,0.6185726699999999,1.03251484e-06,9.87135914,10463.640688399999,0.872044181122062,1.03251484e-06,1.24205644e-06,1.24205644
2364,3.43919626e-06,9.84371017,10434.3327802,0.8696016478233983,3.43919626e-06,6.1857267e-07,0.6185726699999999,1.03251484e-06,9.87135915,10463.640699,0.8720441820054705,1.03251484e-06,1.24205644e-06,1.24205644
2365,3.43919626e-06,9.84371016,10434.332769600001,0.8696016469399901,3.43919626e-06,6.1857267e-07,0.6185726699999999,1.03251484e-06,9.87135917,10463.6407202,0.8720441837722873,1.03251484e-06,1.24205643e-06,1.24205643
2366,3.43919626e-06,9.84371015,10434.332758999999,0.8696016460565814,3.43919626e-06,6.18572669e-07,0.618572669,1.03251484e-06,9.87135918,10463.640730800002,0.8720441846556959,1.03251484e-06,1.24205643e-06,1.24205643
2367,3.43919626e-06,9.84371015,10434.332758999999,0.8696016460565814,3.43919626e-06,6.18572669e-07,0.618572669,1.03251484e-06,9.8713592,10463.640752000001,0.8720441864225127,1.03251484e-06,1.24205643e-06,1.24205643
2368,3.43919626e-06,9.84371014,10434.3327484,0.8696016451731731,3.43919626e-06,6.18572669e-07,0.618572669,1.03251484e-06,9.87135921,10463.6407626,0.872044187305921,1.03251484e-06,1.24205642e-06,1.24205642
2369,3.43919626e-06,9.84371013,10434.3327378,0.8696016442897646,3.43919626e-06,6.18572668e-07,0.618572668,1.03251484e-06,9.87135922,10463.6407732,0.8720441881893295,1.03251484e-06,1.24205642e-06,1.24205642
2370,3.43919626e-06,9.84371012,10434.3327272,0.8696016434063563,3.43919626e-06,6.18572668e-07,0.618572668,1.03251484e-06,9.87135924,10463.6407944,0.8720441899561463,1.03251484e-06,1.24205642e-06,1.24205642
2371,3.43919626e-06,9.84371012,10434.3327272,0.8696016434063563,3.43919626e-06,6.18572668e-07,0.618572668,1.03251484e-06,9.87135925,10463.640805,0.8720441908395546,1.03251484e-06,1.24205641e-06,1.24205641
2372,3.43919626e-06,9.84371011,10434.3327166,0.8696016425229478,3.43919626e-06,6.18572667e-07,0.618572667,1.03251484e-06,9.87135927,10463.640826199999,0.8720441926063714,1.03251484e-06,1.24205641e-06,1.24205641
2373,3.43919626e-06,9.8437101,10434.332706,0.8696016416395393,3.43919626e-06,6.18572667e-07,0.618572667,1.03251484e-06,9.87135928,10463.6408368,0.8720441934897799,1.03251484e-06,1.24205641e-06,1.24205641
2374,3.43919626e-06,9.84371009,10434.3326954,0.869601640756131,3.43919626e-06,6.18572667e-07,0.618572667,1.03251484e-06,9.87135929,10463.640847399998,0.8720441943731883,1.03251484e-06,1.2420564e-06,1.2420564
2375,3.43919626e-06,9.84371009,10434.3326954,0.869601640756131,3.43919626e-06,6.18572666e-07,0.618572666,1.03251484e-06,9.87135931,10463.640868600001,0.8720441961400054,1.03251484e-06,1.2420564e-06,1.2420564
2376,3.43919626e-06,9.84371008,10434.3326848,0.8696016398727225,3.43919626e-06,6.18572666e-07,0.618572666,1.03251484e-06,9.87135933,10463.6408898,0.8720441979068222,1.03251484e-06,1.24205639e-06,1.24205639
2377,3.43919626e-06,9.84371007,10434.3326742,0.8696016389893142,3.43919626e-06,6.18572666e-07,0.618572666,1.03251484e-06,9.87135934,10463.6409004,0.8720441987902305,1.03251484e-06,1.24205639e-06,1.24205639
2378,3.43919626e-06,9.84371006,10434.3326636,0.8696016381059057,3.43919626e-06,6.18572665e-07,0.6185726650000001,1.03251484e-06,9.87135935,10463.640911,0.872044199673639,1.03251484e-06,1.24205639e-06,1.24205639
2379,3.43919626e-06,9.84371005,10434.332653,0.8696016372224973,3.43919626e-06,6.18572665e-07,0.6185726650000001,1.03251484e-06,9.87135937,10463.6409322,0.8720442014404558,1.03251484e-06,1.24205638e-06,1.2420563800000002
2380,3.43919626e-06,9.84371004,10434.332642399999,0.8696016363390887,3.43919626e-06,6.18572664e-07,0.618572664,1.03251484e-06,9.87135938,10463.640942799999,0.8720442023238641,1.03251484e-06,1.24205638e-06,1.2420563800000002
2381,3.43919626e-06,9.84371003,10434.3326318,0.8696016354556805,3.43919626e-06,6.18572664e-07,0.618572664,1.03251484e-06,9.87135939,10463.6409534,0.8720442032072726,1.03251484e-06,1.24205637e-06,1.24205637
2382,3.43919626e-06,9.84371002,10434.3326212,0.8696016345722719,3.43919626e-06,6.18572663e-07,0.618572663,1.03251484e-06,9.87135941,10463.6409746,0.8720442049740895,1.03251484e-06,1.24205637e-06,1.24205637
2383,3.43919626e-06,9.84371001,10434.3326106,0.8696016336888637,3.43919626e-06,6.18572663e-07,0.618572663,1.03251484e-06,9.87135942,10463.6409852,0.8720442058574979,1.03251484e-06,1.24205636e-06,1.24205636
2384,3.43919626e-06,9.84371,10434.3326,0.8696016328054551,3.43919626e-06,6.18572663e-07,0.618572663,1.03251484e-06,9.87135944,10463.641006400001,0.8720442076243149,1.03251484e-06,1.24205636e-06,1.24205636
2385,3.43919626e-06,9.84371,10434.3326,0.8696016328054551,3.43919626e-06,6.18572662e-07,0.618572662,1.03251484e-06,9.87135945,10463.641017,0.8720442085077231,1.03251484e-06,1.24205636e-06,1.24205636
2386,3.43919626e-06,9.84370999,10434.3325894,0.8696016319220468,3.43919626e-06,6.18572662e-07,0.618572662,1.03251484e-06,9.87135947,10463.6410382,0.87204421027454,1.03251484e-06,1.24205635e-06,1.24205635
2387,3.43919626e-06,9.84370998,10434.3325788,0.8696016310386383,3.43919626e-06,6.18572661e-07,0.6185726610000001,1.03251484e-06,9.87135948,10463.6410488,0.8720442111579485,1.03251484e-06,1.24205635e-06,1.24205635
2388,3.43919626e-06,9.84370997,10434.332568200001,0.86960163015523,3.43919626e-06,6.18572661e-07,0.6185726610000001,1.03251484e-06,9.8713595,10463.64107,0.8720442129247653,1.03251484e-06,1.24205634e-06,1.24205634
2389,3.43919626e-06,9.84370996,10434.3325576,0.8696016292718215,3.43919626e-06,6.1857266e-07,0.61857266,1.03251484e-06,9.87135951,10463.6410806,0.8720442138081738,1.03251484e-06,1.24205634e-06,1.24205634
2390,3.43919626e-06,9.84370995,10434.332547,0.869601628388413,3.43919626e-06,6.1857266e-07,0.61857266,1.03251484e-06,9.87135953,10463.6411018,0.8720442155749906,1.03251484e-06,1.24205633e-06,1.2420563299999998
2391,3.43919626e-06,9.84370994,10434.3325364,0.8696016275050046,3.43919626e-06,6.18572659e-07,0.618572659,1.03251484e-06,9.87135954,10463.6411124,0.872044216458399,1.03251484e-06,1.24205633e-06,1.2420563299999998
2392,3.43919626e-06,9.84370993,10434.332525799999,0.8696016266215961,3.43919626e-06,6.18572659e-07,0.618572659,1.03251484e-06,9.87135956,10463.6411336,0.8720442182252158,1.03251484e-06,1.24205633e-06,1.2420563299999998
2393,3.43919626e-06,9.84370992,10434.3325152,0.8696016257381878,3.43919626e-06,6.18572658e-07,0.618572658,1.03251484e-06,9.87135957,10463.641144199999,0.8720442191086242,1.03251484e-06,1.24205632e-06,1.24205632
2394,3.43919626e-06,9.84370991,10434.332504599999,0.8696016248547793,3.43919626e-06,6.18572658e-07,0.618572658,1.03251484e-06,9.87135959,10463.6411654,0.8720442208754411,1.03251484e-06,1.24205632e-06,1.24205632
2395,3.43919626e-06,9.8437099,10434.332494,0.869601623971371,3.43919626e-06,6.18572657e-07,0.618572657,1.03251484e-06,9.8713596,10463.641176,0.8720442217588494,1.03251484e-06,1.24205631e-06,1.2420563100000002
2396,3.43919626e-06,9.84370989,10434.3324834,0.8696016230879625,3.43919626e-06,6.18572657e-07,0.618572657,1.03251484e-06,9.87135962,10463.6411972,0.8720442235256665,1.03251484e-06,1.24205631e-06,1.2420563100000002
2397,3.43919626e-06,9.84370988,10434.3324728,0.8696016222045542,3.43919626e-06,6.18572656e-07,0.618572656,1.03251484e-06,9.87135963,10463.641207800001,0.8720442244090749,1.03251484e-06,1.2420563e-06,1.2420563
2398,3.43919626e-06,9.84370987,10434.3324622,0.8696016213211457,3.43919626e-06,6.18572656e-07,0.618572656,1.03251484e-06,9.87135965,10463.641229,0.8720442261758917,1.03251484e-06,1.2420563e-06,1.2420563
2399,3.43919626e-06,9.84370986,10434.332451600001,0.8696016204377374,3.43919626e-06,6.18572655e-07,0.618572655,1.03251484e-06,9.87135966,10463.6412396,0.8720442270593001,1.03251484e-06,1.24205629e-06,1.24205629
2400,3.43919626e-06,9.84370985,10434.332441,0.8696016195543289,3.43919626e-06,6.18572654e-07,0.618572654,1.03251484e-06,9.87135968,10463.6412608,0.8720442288261169,1.03251484e-06,1.24205629e-06,1.24205629
2401,3.43919626e-06,9.84370984,10434.332430400002,0.8696016186709206,3.43919626e-06,6.18572654e-07,0.618572654,1.03251484e-06,9.87135969,10463.6412714,0.8720442297095253,1.03251484e-06,1.24205628e-06,1.24205628
2402,3.43919626e-06,9.84370982,10434.3324092,0.8696016169041035,3.43919626e-06,6.18572653e-07,0.618572653,1.03251484e-06,9.87135971,10463.6412926,0.8720442314763421,1.03251484e-06,1.24205628e-06,1.24205628
2403,3.43919626e-06,9.84370981,10434.3323986,0.8696016160206951,3.43919626e-06,6.18572653e-07,0.618572653,1.03251484e-06,9.87135972,10463.641303199998,0.8720442323597505,1.03251484e-06,1.24205627e-06,1.24205627
2404,3.43919626e-06,9.8437098,10434.332387999999,0.8696016151372866,3.43919626e-06,6.18572652e-07,0.618572652,1.03251484e-06,9.87135974,10463.641324400001,0.8720442341265676,1.03251484e-06,1.24205627e-06,1.24205627
2405,3.43919626e-06,9.84370979,10434.3323774,0.8696016142538783,3.43919626e-06,6.18572652e-07,0.618572652,1.03251484e-06,9.87135975,10463.641335,0.8720442350099759,1.03251484e-06,1.24205626e-06,1.24205626
2406,3.43919626e-06,9.84370978,10434.3323668,0.8696016133704698,3.43919626e-06,6.18572651e-07,0.618572651,1.03251484e-06,9.87135977,10463.6413562,0.8720442367767927,1.03251484e-06,1.24205626e-06,1.24205626
2407,3.43919626e-06,9.84370977,10434.3323562,0.8696016124870615,3.43919626e-06,6.1857265e-07,0.61857265,1.03251484e-06,9.87135979,10463.6413774,0.8720442385436095,1.03251484e-06,1.24205625e-06,1.24205625
2408,3.43919626e-06,9.84370975,10434.332335000001,0.8696016107202447,3.43919626e-06,6.1857265e-07,0.61857265,1.03251484e-06,9.8713598,10463.641388,0.872044239427018,1.03251484e-06,1.24205625e-06,1.24205625
2409,3.43919626e-06,9.84370974,10434.3323244,0.8696016098368362,3.43919626e-06,6.18572649e-07,0.618572649,1.03251484e-06,9.87135982,10463.6414092,0.8720442411938348,1.03251484e-06,1.24205624e-06,1.24205624
2410,3.43919626e-06,9.84370973,10434.332313800001,0.8696016089534279,3.43919626e-06,6.18572648e-07,0.618572648,1.03251484e-06,9.87135983,10463.6414198,0.8720442420772433,1.03251484e-06,1.24205624e-06,1.24205624
2411,3.43919626e-06,9.84370972,10434.332303199999,0.8696016080700192,3.43919626e-06,6.18572648e-07,0.618572648,1.03251484e-06,9.87135985,10463.641441,0.8720442438440601,1.03251484e-06,1.24205623e-06,1.24205623
2412,3.43919626e-06,9.84370971,10434.3322926,0.869601607186611,3.43919626e-06,6.18572647e-07,0.618572647,1.03251484e-06,9.87135986,10463.6414516,0.8720442447274686,1.03251484e-06,1.24205622e-06,1.24205622
2413,3.43919626e-06,9.8437097,10434.332282,0.8696016063032024,3.43919626e-06,6.18572647e-07,0.618572647,1.03251484e-06,9.87135988,10463.6414728,0.8720442464942854,1.03251484e-06,1.24205622e-06,1.24205622
2414,3.43919626e-06,9.84370968,10434.3322608,0.8696016045363856,3.43919626e-06,6.18572646e-07,0.618572646,1.03251484e-06,9.8713599,10463.641494,0.8720442482611022,1.03251484e-06,1.24205621e-06,1.2420562099999999
2415,3.43919626e-06,9.84370967,10434.332250200001,0.8696016036529773,3.43919626e-06,6.18572645e-07,0.618572645,1.03251484e-06,9.87135991,10463.6415046,0.8720442491445106,1.03251484e-06,1.24205621e-06,1.2420562099999999
2416,3.43919626e-06,9.84370966,10434.3322396,0.8696016027695688,3.43919626e-06,6.18572645e-07,0.618572645,1.03251484e-06,9.87135993,10463.6415258,0.8720442509113274,1.03251484e-06,1.2420562e-06,1.2420562000000002
2417,3.43919626e-06,9.84370964,10434.3322184,0.869601601002752,3.43919626e-06,6.18572644e-07,0.618572644,1.03251484e-06,9.87135994,10463.6415364,0.872044251794736,1.03251484e-06,1.2420562e-06,1.2420562000000002
2418,3.43919626e-06,9.84370963,10434.3322078,0.8696016001193435,3.43919626e-06,6.18572643e-07,0.6185726429999999,1.03251484e-06,9.87135996,10463.6415576,0.8720442535615528,1.03251484e-06,1.24205619e-06,1.24205619
2419,3.43919626e-06,9.84370962,10434.3321972,0.869601599235935,3.43919626e-06,6.18572643e-07,0.6185726429999999,1.03251484e-06,9.87135998,10463.6415788,0.8720442553283696,1.03251484e-06,1.24205619e-06,1.24205619
2420,3.43919626e-06,9.84370961,10434.332186599999,0.8696015983525266,3.43919626e-06,6.18572642e-07,0.618572642,1.03251484e-06,9.87135999,10463.6415894,0.8720442562117781,1.03251484e-06,1.24205618e-06,1.24205618
2421,3.43919626e-06,9.84370959,10434.3321654,0.8696015965857098,3.43919626e-06,6.18572641e-07,0.618572641,1.03251484e-06,9.87136001,10463.6416106,0.8720442579785949,1.03251484e-06,1.24205618e-06,1.24205618
2422,3.43919626e-06,9.84370958,10434.3321548,0.8696015957023014,3.43919626e-06,6.1857264e-07,0.61857264,1.03251484e-06,9.87136002,10463.641621199999,0.8720442588620032,1.03251484e-06,1.24205617e-06,1.24205617
2423,3.43919626e-06,9.84370957,10434.3321442,0.869601594818893,3.43919626e-06,6.1857264e-07,0.61857264,1.03251484e-06,9.87136004,10463.641642400002,0.8720442606288203,1.03251484e-06,1.24205616e-06,1.24205616
2424,3.43919626e-06,9.84370955,10434.332123,0.8696015930520762,3.43919626e-06,6.18572639e-07,0.6185726389999999,1.03251484e-06,9.87136006,10463.641663600001,0.8720442623956371,1.03251484e-06,1.24205616e-06,1.24205616
2425,3.43919626e-06,9.84370954,10434.332112400001,0.8696015921686678,3.43919626e-06,6.18572638e-07,0.618572638,1.03251484e-06,9.87136007,10463.6416742,0.8720442632790454,1.03251484e-06,1.24205615e-06,1.2420561499999998
2426,3.43919626e-06,9.84370953,10434.3321018,0.8696015912852594,3.43919626e-06,6.18572638e-07,0.618572638,1.03251484e-06,9.87136009,10463.6416954,0.8720442650458622,1.03251484e-06,1.24205615e-06,1.2420561499999998
2427,3.43919626e-06,9.84370951,10434.3320806,0.8696015895184424,3.43919626e-06,6.18572637e-07,0.6185726370000001,1.03251484e-06,9.8713601,10463.641706,0.8720442659292708,1.03251484e-06,1.24205614e-06,1.24205614
2428,3.43919626e-06,9.8437095,10434.332069999999,0.8696015886350339,3.43919626e-06,6.18572636e-07,0.618572636,1.03251484e-06,9.87136012,10463.6417272,0.8720442676960876,1.03251484e-06,1.24205613e-06,1.2420561300000001
2429,3.43919626e-06,9.84370949,10434.3320594,0.8696015877516255,3.43919626e-06,6.18572635e-07,0.618572635,1.03251484e-06,9.87136014,10463.6417484,0.8720442694629044,1.03251484e-06,1.24205613e-06,1.2420561300000001
2430,3.43919626e-06,9.84370947,10434.3320382,0.8696015859848087,3.43919626e-06,6.18572635e-07,0.618572635,1.03251484e-06,9.87136015,10463.641758999998,0.8720442703463127,1.03251484e-06,1.24205612e-06,1.24205612
2431,3.43919626e-06,9.84370946,10434.3320276,0.8696015851014003,3.43919626e-06,6.18572634e-07,0.6185726340000001,1.03251484e-06,9.87136017,10463.641780200001,0.8720442721131297,1.03251484e-06,1.24205612e-06,1.24205612
2432,3.43919626e-06,9.84370945,10434.332017,0.8696015842179919,3.43919626e-06,6.18572633e-07,0.618572633,1.03251484e-06,9.87136019,10463.641801400001,0.8720442738799465,1.03251484e-06,1.24205611e-06,1.24205611
2433,3.43919626e-06,9.84370943,10434.331995800001,0.8696015824511751,3.43919626e-06,6.18572632e-07,0.618572632,1.03251484e-06,9.8713602,10463.641812,0.8720442747633549,1.03251484e-06,1.2420561e-06,1.2420560999999999
2434,3.43919626e-06,9.84370942,10434.3319852,0.8696015815677667,3.43919626e-06,6.18572632e-07,0.618572632,1.03251484e-06,9.87136022,10463.6418332,0.8720442765301717,1.03251484e-06,1.2420561e-06,1.2420560999999999
2435,3.43919626e-06,9.8437094,10434.331963999999,0.8696015798009497,3.43919626e-06,6.18572631e-07,0.618572631,1.03251484e-06,9.87136023,10463.6418438,0.8720442774135801,1.03251484e-06,1.24205609e-06,1.2420560900000002
2436,3.43919626e-06,9.84370939,10434.3319534,0.8696015789175414,3.43919626e-06,6.1857263e-07,0.6185726300000001,1.03251484e-06,9.87136025,10463.641865,0.872044279180397,1.03251484e-06,1.24205609e-06,1.2420560900000002
2437,3.43919626e-06,9.84370938,10434.3319428,0.8696015780341328,3.43919626e-06,6.18572629e-07,0.618572629,1.03251484e-06,9.87136027,10463.641886200001,0.872044280947214,1.03251484e-06,1.24205608e-06,1.24205608
2438,3.43919626e-06,9.84370936,10434.3319216,0.869601576267316,3.43919626e-06,6.18572628e-07,0.618572628,1.03251484e-06,9.87136028,10463.6418968,0.8720442818306223,1.03251484e-06,1.24205607e-06,1.24205607
2439,3.43919626e-06,9.84370935,10434.331911,0.8696015753839076,3.43919626e-06,6.18572628e-07,0.618572628,1.03251484e-06,9.8713603,10463.641918,0.8720442835974391,1.03251484e-06,1.24205607e-06,1.24205607
2440,3.43919626e-06,9.84370933,10434.3318898,0.8696015736170908,3.43919626e-06,6.18572627e-07,0.618572627,1.03251484e-06,9.87136032,10463.6419392,0.872044285364256,1.03251484e-06,1.24205606e-06,1.24205606
2441,3.43919626e-06,9.84370932,10434.331879200001,0.8696015727336824,3.43919626e-06,6.18572626e-07,0.618572626,1.03251484e-06,9.87136033,10463.6419498,0.8720442862476644,1.03251484e-06,1.24205606e-06,1.24205606
2442,3.43919626e-06,9.8437093,10434.331858000001,0.8696015709668656,3.43919626e-06,6.18572625e-07,0.618572625,1.03251484e-06,9.87136035,10463.641971,0.8720442880144812,1.03251484e-06,1.24205605e-06,1.24205605
2443,3.43919626e-06,9.84370929,10434.331847399999,0.8696015700834571,3.43919626e-06,6.18572624e-07,0.618572624,1.03251484e-06,9.87136037,10463.6419922,0.8720442897812981,1.03251484e-06,1.24205604e-06,1.24205604
2444,3.43919626e-06,9.84370927,10434.3318262,0.8696015683166403,3.43919626e-06,6.18572623e-07,0.618572623,1.03251484e-06,9.87136038,10463.642002800001,0.8720442906647067,1.03251484e-06,1.24205604e-06,1.24205604
2445,3.43919626e-06,9.84370926,10434.3318156,0.8696015674332319,3.43919626e-06,6.18572623e-07,0.618572623,1.03251484e-06,9.8713604,10463.642024,0.8720442924315235,1.03251484e-06,1.24205603e-06,1.24205603
2446,3.43919626e-06,9.84370924,10434.331794400001,0.8696015656664151,3.43919626e-06,6.18572622e-07,0.618572622,1.03251484e-06,9.87136042,10463.6420452,0.8720442941983403,1.03251484e-06,1.24205602e-06,1.2420560200000001
2447,3.43919626e-06,9.84370923,10434.3317838,0.8696015647830067,3.43919626e-06,6.18572621e-07,0.618572621,1.03251484e-06,9.87136043,10463.642055799999,0.8720442950817485,1.03251484e-06,1.24205602e-06,1.2420560200000001
2448,3.43919626e-06,9.84370921,10434.3317626,0.8696015630161898,3.43919626e-06,6.1857262e-07,0.61857262,1.03251484e-06,9.87136045,10463.642076999999,0.8720442968485653,1.03251484e-06,1.24205601e-06,1.24205601
2449,3.43919626e-06,9.8437092,10434.331752,0.8696015621327813,3.43919626e-06,6.18572619e-07,0.6185726189999999,1.03251484e-06,9.87136047,10463.642098200002,0.8720442986153825,1.03251484e-06,1.242056e-06,1.242056
2450,3.43919626e-06,9.84370918,10434.331730799999,0.8696015603659644,3.43919626e-06,6.18572618e-07,0.618572618,1.03251484e-06,9.87136048,10463.6421088,0.8720442994987908,1.03251484e-06,1.242056e-06,1.242056
2451,3.43919626e-06,9.84370917,10434.3317202,0.869601559482556,3.43919626e-06,6.18572618e-07,0.618572618,1.03251484e-06,9.8713605,10463.64213,0.8720443012656076,1.03251484e-06,1.24205599e-06,1.2420559899999999
2452,3.43919626e-06,9.84370915,10434.331699,0.8696015577157392,3.43919626e-06,6.18572617e-07,0.618572617,1.03251484e-06,9.87136052,10463.6421512,0.8720443030324244,1.03251484e-06,1.24205598e-06,1.24205598
2453,3.43919626e-06,9.84370914,10434.3316884,0.8696015568323308,3.43919626e-06,6.18572616e-07,0.618572616,1.03251484e-06,9.87136053,10463.6421618,0.8720443039158329,1.03251484e-06,1.24205598e-06,1.24205598
2454,3.43919626e-06,9.84370912,10434.3316672,0.869601555065514,3.43919626e-06,6.18572615e-07,0.6185726149999999,1.03251484e-06,9.87136055,10463.642183,0.8720443056826497,1.03251484e-06,1.24205597e-06,1.24205597
2455,3.43919626e-06,9.84370911,10434.331656600001,0.8696015541821056,3.43919626e-06,6.18572614e-07,0.618572614,1.03251484e-06,9.87136057,10463.6422042,0.8720443074494665,1.03251484e-06,1.24205596e-06,1.24205596
2456,3.43919626e-06,9.84370909,10434.331635400002,0.8696015524152888,3.43919626e-06,6.18572613e-07,0.618572613,1.03251484e-06,9.87136058,10463.642214799998,0.8720443083328748,1.03251484e-06,1.24205596e-06,1.24205596
2457,3.43919626e-06,9.84370908,10434.3316248,0.8696015515318801,3.43919626e-06,6.18572612e-07,0.6185726119999999,1.03251484e-06,9.8713606,10463.642236,0.8720443100996919,1.03251484e-06,1.24205595e-06,1.24205595
2458,3.43919626e-06,9.84370906,10434.3316036,0.8696015497650633,3.43919626e-06,6.18572611e-07,0.6185726109999999,1.03251484e-06,9.87136062,10463.642257200001,0.8720443118665088,1.03251484e-06,1.24205594e-06,1.24205594
2459,3.43919626e-06,9.84370904,10434.3315824,0.8696015479982465,3.43919626e-06,6.1857261e-07,0.61857261,1.03251484e-06,9.87136063,10463.6422678,0.8720443127499171,1.03251484e-06,1.24205594e-06,1.24205594
2460,3.43919626e-06,9.84370903,10434.3315718,0.8696015471148381,3.43919626e-06,6.1857261e-07,0.61857261,1.03251484e-06,9.87136065,10463.642289,0.8720443145167339,1.03251484e-06,1.24205593e-06,1.24205593
2461,3.43919626e-06,9.84370901,10434.3315506,0.8696015453480213,3.43919626e-06,6.18572609e-07,0.618572609,1.03251484e-06,9.87136067,10463.642310199999,0.8720443162835507,1.03251484e-06,1.24205592e-06,1.2420559199999999
2462,3.43919626e-06,9.843709,10434.331540000001,0.8696015444646129,3.43919626e-06,6.18572608e-07,0.618572608,1.03251484e-06,9.87136068,10463.6423208,0.8720443171669592,1.03251484e-06,1.24205592e-06,1.2420559199999999
2463,3.43919626e-06,9.84370898,10434.331518800002,0.8696015426977961,3.43919626e-06,6.18572607e-07,0.618572607,1.03251484e-06,9.8713607,10463.642342000001,0.8720443189337762,1.03251484e-06,1.24205591e-06,1.2420559100000002
2464,3.43919626e-06,9.84370896,10434.3314976,0.8696015409309792,3.43919626e-06,6.18572606e-07,0.6185726060000001,1.03251484e-06,9.87136072,10463.6423632,0.872044320700593,1.03251484e-06,1.2420559e-06,1.2420559
2465,3.43919626e-06,9.84370895,10434.331487,0.8696015400475707,3.43919626e-06,6.18572605e-07,0.618572605,1.03251484e-06,9.87136074,10463.6423844,0.8720443224674098,1.03251484e-06,1.2420559e-06,1.2420559
2466,3.43919626e-06,9.84370893,10434.3314658,0.8696015382807539,3.43919626e-06,6.18572604e-07,0.618572604,1.03251484e-06,9.87136075,10463.642394999999,0.872044323350818,1.03251484e-06,1.24205589e-06,1.24205589
2467,3.43919626e-06,9.84370892,10434.3314552,0.8696015373973454,3.43919626e-06,6.18572603e-07,0.618572603,1.03251484e-06,9.87136077,10463.6424162,0.8720443251176351,1.03251484e-06,1.24205588e-06,1.24205588
2468,3.43919626e-06,9.84370888,10434.3314128,0.8696015338637118,3.43919626e-06,6.18572602e-07,0.6185726020000001,1.03251484e-06,9.87136077,10463.6424162,0.8720443251176351,1.03251484e-06,1.24205588e-06,1.24205588
2469,3.43919626e-06,9.84370888,10434.3314128,0.8696015338637118,3.43919626e-06,6.18572601e-07,0.618572601,1.03251484e-06,9.8713608,10463.642448,0.8720443277678603,1.03251484e-06,1.24205587e-06,1.24205587
2470,3.43919626e-06,9.84370887,10434.331402200001,0.8696015329803035,3.43919626e-06,6.185726e-07,0.6185726,1.03251484e-06,9.87136083,10463.6424798,0.8720443304180856,1.03251484e-06,1.24205586e-06,1.24205586
2471,3.43919626e-06,9.84370883,10434.3313598,0.8696015294466697,3.43919626e-06,6.18572599e-07,0.6185725990000001,1.03251484e-06,9.87136083,10463.6424798,0.8720443304180856,1.03251484e-06,1.24205585e-06,1.24205585
2472,3.43919626e-06,9.84370883,10434.3313598,0.8696015294466697,3.43919626e-06,6.18572598e-07,0.618572598,1.03251484e-06,9.87136086,10463.6425116,0.8720443330683108,1.03251484e-06,1.24205585e-06,1.24205585
2473,3.43919626e-06,9.84370883,10434.3313598,0.8696015294466697,3.43919626e-06,6.18572597e-07,0.618572597,1.03251484e-06,9.87136088,10463.642532799999,0.8720443348351276,1.03251484e-06,1.24205584e-06,1.2420558400000001
2474,3.43919626e-06,9.84370879,10434.331317400001,0.8696015259130361,3.43919626e-06,6.18572596e-07,0.618572596,1.03251484e-06,9.87136088,10463.642532799999,0.8720443348351276,1.03251484e-06,1.24205583e-06,1.24205583
2475,3.43919626e-06,9.84370879,10434.331317400001,0.8696015259130361,3.43919626e-06,6.18572595e-07,0.618572595,1.03251484e-06,9.87136091,10463.6425646,0.872044337485353,1.03251484e-06,1.24205583e-06,1.24205583
2476,3.43919626e-06,9.84370878,10434.3313068,0.8696015250296276,3.43919626e-06,6.18572594e-07,0.618572594,1.03251484e-06,9.87136093,10463.6425858,0.8720443392521698,1.03251484e-06,1.24205582e-06,1.24205582
2477,3.43919626e-06,9.84370874,10434.3312644,0.8696015214959938,3.43919626e-06,6.18572594e-07,0.618572594,1.03251484e-06,9.87136093,10463.6425858,0.8720443392521698,1.03251484e-06,1.24205581e-06,1.2420558099999999
2478,3.43919626e-06,9.84370873,10434.3312538,0.8696015206125853,3.43919626e-06,6.18572593e-07,0.618572593,1.03251484e-06,9.87136096,10463.6426176,0.8720443419023951,1.03251484e-06,1.2420558e-06,1.2420558
2479,3.43919626e-06,9.8437087,10434.331222,0.8696015179623602,3.43919626e-06,6.18572592e-07,0.618572592,1.03251484e-06,9.87136096,10463.6426176,0.8720443419023951,1.03251484e-06,1.2420558e-06,1.2420558
2480,3.43919626e-06,9.8437087,10434.331222,0.8696015179623602,3.43919626e-06,6.18572591e-07,0.618572591,1.03251484e-06,9.871361,10463.64266,0.8720443454360287,1.03251484e-06,1.24205579e-06,1.24205579
2481,3.43919626e-06,9.84370867,10434.3311902,0.8696015153121349,3.43919626e-06,6.1857259e-07,0.61857259,1.03251484e-06,9.871361,10463.64266,0.8720443454360287,1.03251484e-06,1.24205578e-06,1.24205578
2482,3.43919626e-06,9.84370867,10434.3311902,0.8696015153121349,3.43919626e-06,6.18572589e-07,0.618572589,1.03251484e-06,9.87136103,10463.6426918,0.872044348086254,1.03251484e-06,1.24205578e-06,1.24205578
2483,3.43919626e-06,9.84370864,10434.331158399998,0.8696015126619095,3.43919626e-06,6.18572588e-07,0.6185725879999999,1.03251484e-06,9.87136103,10463.6426918,0.872044348086254,1.03251484e-06,1.24205577e-06,1.24205577
2484,3.43919626e-06,9.84370864,10434.331158399998,0.8696015126619095,3.43919626e-06,6.18572587e-07,0.618572587,1.03251484e-06,9.87136106,10463.6427236,0.8720443507364793,1.03251484e-06,1.24205576e-06,1.24205576
2485,3.43919626e-06,9.84370861,10434.3311266,0.8696015100116844,3.43919626e-06,6.18572586e-07,0.618572586,1.03251484e-06,9.87136106,10463.6427236,0.8720443507364793,1.03251484e-06,1.24205575e-06,1.24205575
2486,3.43919626e-06,9.84370861,10434.3311266,0.8696015100116844,3.43919626e-06,6.18572585e-07,0.618572585,1.03251484e-06,9.8713611,10463.642765999999,0.872044354270113,1.03251484e-06,1.24205575e-06,1.24205575
2487,3.43919626e-06,9.84370857,10434.331084200001,0.8696015064780508,3.43919626e-06,6.18572584e-07,0.6185725839999999,1.03251484e-06,9.8713611,10463.642765999999,0.872044354270113,1.03251484e-06,1.24205574e-06,1.24205574
2488,3.43919626e-06,9.84370855,10434.331063000001,0.869601504711234,3.43919626e-06,6.18572583e-07,0.618572583,1.03251484e-06,9.87136111,10463.6427766,0.8720443551535214,1.03251484e-06,1.24205573e-06,1.2420557300000001
2489,3.43919626e-06,9.84370855,10434.331063000001,0.869601504711234,3.43919626e-06,6.18572582e-07,0.618572582,1.03251484e-06,9.87136116,10463.6428296,0.8720443595705635,1.03251484e-06,1.24205572e-06,1.24205572
2490,3.43919626e-06,9.84370852,10434.3310312,0.8696015020610085,3.43919626e-06,6.18572581e-07,0.6185725809999999,1.03251484e-06,9.87136116,10463.6428296,0.8720443595705635,1.03251484e-06,1.24205572e-06,1.24205572
2491,3.43919626e-06,9.84370849,10434.3309994,0.8696014994107832,3.43919626e-06,6.1857258e-07,0.6185725799999999,1.03251484e-06,9.87136116,10463.6428296,0.8720443595705635,1.03251484e-06,1.24205571e-06,1.24205571
2492,3.43919626e-06,9.8437085,10434.33101,0.8696015002941917,3.43919626e-06,6.18572579e-07,0.6185725790000001,1.03251484e-06,9.8713612,10463.642872,0.8720443631041973,1.03251484e-06,1.2420557e-06,1.2420556999999999
2493,3.43919626e-06,9.84370847,10434.3309782,0.8696014976439664,3.43919626e-06,6.18572578e-07,0.6185725780000001,1.03251484e-06,9.87136121,10463.6428826,0.8720443639876055,1.03251484e-06,1.24205569e-06,1.24205569
2494,3.43919626e-06,9.84370844,10434.330946400001,0.8696014949937413,3.43919626e-06,6.18572576e-07,0.618572576,1.03251484e-06,9.87136121,10463.6428826,0.8720443639876055,1.03251484e-06,1.24205569e-06,1.24205569
2495,3.43919626e-06,9.84370845,10434.330957,0.8696014958771496,3.43919626e-06,6.18572575e-07,0.6185725750000001,1.03251484e-06,9.87136126,10463.6429356,0.8720443684046478,1.03251484e-06,1.24205568e-06,1.24205568
2496,3.43919626e-06,9.84370842,10434.3309252,0.8696014932269243,3.43919626e-06,6.18572574e-07,0.618572574,1.03251484e-06,9.87136126,10463.6429356,0.8720443684046478,1.03251484e-06,1.24205567e-06,1.24205567
2497,3.43919626e-06,9.84370839,10434.3308934,0.869601490576699,3.43919626e-06,6.18572573e-07,0.618572573,1.03251484e-06,9.87136127,10463.6429462,0.8720443692880562,1.03251484e-06,1.24205566e-06,1.2420556600000001
2498,3.43919626e-06,9.84370837,10434.3308722,0.8696014888098822,3.43919626e-06,6.18572572e-07,0.618572572,1.03251484e-06,9.87136128,10463.6429568,0.8720443701714646,1.03251484e-06,1.24205566e-06,1.2420556600000001
2499,3.43919626e-06,9.84370838,10434.3308828,0.8696014896932907,3.43919626e-06,6.18572571e-07,0.6185725710000001,1.03251484e-06,9.87136134,10463.6430204,0.8720443754719152,1.03251484e-06,1.24205565e-06,1.24205565
2500,3.43919626e-06,9.84370835,10434.330851,0.8696014870430654,3.43919626e-06,6.1857257e-07,0.61857257,1.03251484e-06,9.87136134,10463.6430204,0.8720443754719152,1.03251484e-06,1.24205564e-06,1.24205564
2501,3.43919626e-06,9.84370832,10434.330819199999,0.86960148439284,3.43919626e-06,6.18572569e-07,0.618572569,1.03251484e-06,9.87136134,10463.6430204,0.8720443754719152,1.03251484e-06,1.24205563e-06,1.2420556299999999
2502,3.43919626e-06,9.8437083,10434.330797999999,0.8696014826260232,3.43919626e-06,6.18572568e-07,0.618572568,1.03251484e-06,9.87136135,10463.643031000001,0.8720443763553237,1.03251484e-06,1.24205563e-06,1.2420556299999999
2503,3.43919626e-06,9.84370831,10434.3308086,0.8696014835094317,3.43919626e-06,6.18572567e-07,0.618572567,1.03251484e-06,9.8713614,10463.643084,0.8720443807723657,1.03251484e-06,1.24205562e-06,1.2420556200000001
2504,3.43919626e-06,9.84370828,10434.3307768,0.8696014808592064,3.43919626e-06,6.18572566e-07,0.618572566,1.03251484e-06,9.8713614,10463.643084,0.8720443807723657,1.03251484e-06,1.24205561e-06,1.24205561
2505,3.43919626e-06,9.84370825,10434.330745000001,0.8696014782089813,3.43919626e-06,6.18572565e-07,0.618572565,1.03251484e-06,9.8713614,10463.643084,0.8720443807723657,1.03251484e-06,1.2420556e-06,1.2420556
2506,3.43919626e-06,9.84370823,10434.330723800002,0.8696014764421645,3.43919626e-06,6.18572564e-07,0.618572564,1.03251484e-06,9.87136142,10463.643105199999,0.8720443825391825,1.03251484e-06,1.2420556e-06,1.2420556
2507,3.43919626e-06,9.84370821,10434.3307026,0.8696014746753474,3.43919626e-06,6.18572563e-07,0.618572563,1.03251484e-06,9.87136144,10463.643126399998,0.8720443843059993,1.03251484e-06,1.24205559e-06,1.2420555899999999
2508,3.43919626e-06,9.84370822,10434.330713199999,0.8696014755587558,3.43919626e-06,6.18572562e-07,0.618572562,1.03251484e-06,9.8713615,10463.64319,0.8720443896064499,1.03251484e-06,1.24205558e-06,1.24205558
2509,3.43919626e-06,9.84370819,10434.330681399999,0.8696014729085305,3.43919626e-06,6.18572561e-07,0.618572561,1.03251484e-06,9.87136149,10463.6431794,0.8720443887230415,1.03251484e-06,1.24205557e-06,1.24205557
2510,3.43919626e-06,9.84370816,10434.3306496,0.8696014702583054,3.43919626e-06,6.1857256e-07,0.6185725599999999,1.03251484e-06,9.87136149,10463.6431794,0.8720443887230415,1.03251484e-06,1.24205557e-06,1.24205557
2511,3.43919626e-06,9.84370814,10434.330628400001,0.8696014684914886,3.43919626e-06,6.18572558e-07,0.618572558,1.03251484e-06,9.8713615,10463.64319,0.8720443896064499,1.03251484e-06,1.24205556e-06,1.24205556
2512,3.43919626e-06,9.84370812,10434.330607200001,0.8696014667246718,3.43919626e-06,6.18572557e-07,0.618572557,1.03251484e-06,9.87136152,10463.6432112,0.8720443913732667,1.03251484e-06,1.24205555e-06,1.2420555500000001
2513,3.43919626e-06,9.84370811,10434.330596599999,0.8696014658412631,3.43919626e-06,6.18572556e-07,0.6185725559999999,1.03251484e-06,9.87136155,10463.643243,0.8720443940234921,1.03251484e-06,1.24205554e-06,1.24205554
2514,3.43919626e-06,9.84370809,10434.3305754,0.8696014640744463,3.43919626e-06,6.18572555e-07,0.618572555,1.03251484e-06,9.87136157,10463.6432642,0.8720443957903089,1.03251484e-06,1.24205554e-06,1.24205554
2515,3.43919626e-06,9.84370807,10434.3305542,0.8696014623076295,3.43919626e-06,6.18572554e-07,0.618572554,1.03251484e-06,9.87136158,10463.6432748,0.8720443966737174,1.03251484e-06,1.24205553e-06,1.24205553
2516,3.43919626e-06,9.84370805,10434.330533,0.8696014605408127,3.43919626e-06,6.18572553e-07,0.6185725529999999,1.03251484e-06,9.8713616,10463.643296,0.8720443984405342,1.03251484e-06,1.24205552e-06,1.2420555199999999
2517,3.43919626e-06,9.84370804,10434.3305224,0.8696014596574042,3.43919626e-06,6.18572552e-07,0.6185725519999999,1.03251484e-06,9.87136162,10463.6433172,0.872044400207351,1.03251484e-06,1.24205551e-06,1.24205551
2518,3.43919626e-06,9.84370802,10434.3305012,0.8696014578905874,3.43919626e-06,6.18572551e-07,0.618572551,1.03251484e-06,9.87136163,10463.6433278,0.8720444010907594,1.03251484e-06,1.2420555e-06,1.2420555
2519,3.43919626e-06,9.84370801,10434.330490600001,0.8696014570071791,3.43919626e-06,6.1857255e-07,0.61857255,1.03251484e-06,9.87136165,10463.643349,0.8720444028575762,1.03251484e-06,1.2420555e-06,1.2420555
2520,3.43919626e-06,9.84370799,10434.3304694,0.8696014552403621,3.43919626e-06,6.18572549e-07,0.618572549,1.03251484e-06,9.87136167,10463.643370200001,0.8720444046243933,1.03251484e-06,1.24205549e-06,1.24205549
2521,3.43919626e-06,9.84370797,10434.3304482,0.8696014534735453,3.43919626e-06,6.18572547e-07,0.6185725470000001,1.03251484e-06,9.87136168,10463.6433808,0.8720444055078015,1.03251484e-06,1.24205548e-06,1.24205548
2522,3.43919626e-06,9.84370795,10434.330427,0.8696014517067285,3.43919626e-06,6.18572546e-07,0.618572546,1.03251484e-06,9.8713617,10463.643402,0.8720444072746183,1.03251484e-06,1.24205547e-06,1.24205547
2523,3.43919626e-06,9.84370793,10434.330405800001,0.8696014499399117,3.43919626e-06,6.18572545e-07,0.618572545,1.03251484e-06,9.87136172,10463.6434232,0.8720444090414352,1.03251484e-06,1.24205546e-06,1.24205546
2524,3.43919626e-06,9.84370791,10434.3303846,0.8696014481730947,3.43919626e-06,6.18572544e-07,0.6185725440000001,1.03251484e-06,9.87136174,10463.643444399999,0.872044410808252,1.03251484e-06,1.24205546e-06,1.24205546
2525,3.43919626e-06,9.84370789,10434.330363399999,0.8696014464062778,3.43919626e-06,6.18572543e-07,0.618572543,1.03251484e-06,9.87136175,10463.643455,0.8720444116916605,1.03251484e-06,1.24205545e-06,1.2420554499999998
2526,3.43919626e-06,9.84370787,10434.330342199999,0.869601444639461,3.43919626e-06,6.18572542e-07,0.618572542,1.03251484e-06,9.87136177,10463.6434762,0.8720444134584774,1.03251484e-06,1.24205544e-06,1.2420554400000001
2527,3.43919626e-06,9.84370785,10434.330321,0.8696014428726442,3.43919626e-06,6.18572541e-07,0.618572541,1.03251484e-06,9.87136178,10463.643486800001,0.8720444143418858,1.03251484e-06,1.24205543e-06,1.24205543
2528,3.43919626e-06,9.84370783,10434.3302998,0.8696014411058274,3.43919626e-06,6.1857254e-07,0.6185725400000001,1.03251484e-06,9.8713618,10463.643508000001,0.8720444161087026,1.03251484e-06,1.24205543e-06,1.24205543
2529,3.43919626e-06,9.84370781,10434.3302786,0.8696014393390106,3.43919626e-06,6.18572539e-07,0.618572539,1.03251484e-06,9.87136181,10463.6435186,0.872044416992111,1.03251484e-06,1.24205542e-06,1.24205542
2530,3.43919626e-06,9.84370779,10434.330257399999,0.8696014375721935,3.43919626e-06,6.18572538e-07,0.618572538,1.03251484e-06,9.87136183,10463.6435398,0.8720444187589278,1.03251484e-06,1.24205541e-06,1.2420554099999999
2531,3.43919626e-06,9.84370778,10434.3302468,0.8696014366887853,3.43919626e-06,6.18572536e-07,0.618572536,1.03251484e-06,9.87136185,10463.643560999999,0.8720444205257446,1.03251484e-06,1.2420554e-06,1.2420554
2532,3.43919626e-06,9.84370776,10434.330225599999,0.8696014349219683,3.43919626e-06,6.18572535e-07,0.618572535,1.03251484e-06,9.87136187,10463.643582199998,0.8720444222925614,1.03251484e-06,1.24205539e-06,1.2420553900000002
2533,3.43919626e-06,9.84370774,10434.3302044,0.8696014331551515,3.43919626e-06,6.18572534e-07,0.618572534,1.03251484e-06,9.87136189,10463.6436034,0.8720444240593784,1.03251484e-06,1.24205539e-06,1.2420553900000002
2534,3.43919626e-06,9.84370772,10434.3301832,0.8696014313883347,3.43919626e-06,6.18572533e-07,0.618572533,1.03251484e-06,9.8713619,10463.643614,0.8720444249427869,1.03251484e-06,1.24205538e-06,1.24205538
2535,3.43919626e-06,9.8437077,10434.330162,0.8696014296215179,3.43919626e-06,6.18572532e-07,0.618572532,1.03251484e-06,9.87136192,10463.6436352,0.8720444267096037,1.03251484e-06,1.24205537e-06,1.24205537
2536,3.43919626e-06,9.84370769,10434.330151400001,0.8696014287381095,3.43919626e-06,6.18572531e-07,0.618572531,1.03251484e-06,9.87136193,10463.6436458,0.8720444275930122,1.03251484e-06,1.24205536e-06,1.24205536
2537,3.43919626e-06,9.84370767,10434.3301302,0.8696014269712926,3.43919626e-06,6.1857253e-07,0.61857253,1.03251484e-06,9.87136195,10463.643667,0.872044429359829,1.03251484e-06,1.24205535e-06,1.24205535
2538,3.43919626e-06,9.84370765,10434.330109,0.8696014252044758,3.43919626e-06,6.18572529e-07,0.6185725289999999,1.03251484e-06,9.87136197,10463.6436882,0.8720444311266458,1.03251484e-06,1.24205535e-06,1.24205535
2539,3.43919626e-06,9.84370763,10434.330087800001,0.869601423437659,3.43919626e-06,6.18572527e-07,0.618572527,1.03251484e-06,9.87136198,10463.6436988,0.8720444320100542,1.03251484e-06,1.24205534e-06,1.2420553399999998
2540,3.43919626e-06,9.84370761,10434.3300666,0.869601421670842,3.43919626e-06,6.18572526e-07,0.618572526,1.03251484e-06,9.871362,10463.64372,0.872044433776871,1.03251484e-06,1.24205533e-06,1.2420553300000001
2541,3.43919626e-06,9.84370759,10434.3300454,0.8696014199040252,3.43919626e-06,6.18572525e-07,0.6185725249999999,1.03251484e-06,9.87136202,10463.6437412,0.8720444355436878,1.03251484e-06,1.24205532e-06,1.24205532
2542,3.43919626e-06,9.84370757,10434.330024199999,0.8696014181372083,3.43919626e-06,6.18572524e-07,0.618572524,1.03251484e-06,9.87136203,10463.6437518,0.8720444364270964,1.03251484e-06,1.24205531e-06,1.24205531
2543,3.43919626e-06,9.84370755,10434.330003,0.8696014163703915,3.43919626e-06,6.18572523e-07,0.618572523,1.03251484e-06,9.87136205,10463.643773,0.8720444381939132,1.03251484e-06,1.24205531e-06,1.24205531
2544,3.43919626e-06,9.84370753,10434.3299818,0.8696014146035747,3.43919626e-06,6.18572522e-07,0.6185725219999999,1.03251484e-06,9.87136207,10463.6437942,0.87204443996073,1.03251484e-06,1.2420553e-06,1.2420553
2545,3.43919626e-06,9.84370751,10434.3299606,0.8696014128367578,3.43919626e-06,6.18572521e-07,0.618572521,1.03251484e-06,9.87136208,10463.6438048,0.8720444408441385,1.03251484e-06,1.24205529e-06,1.24205529
2546,3.43919626e-06,9.84370749,10434.3299394,0.869601411069941,3.43919626e-06,6.18572519e-07,0.6185725190000001,1.03251484e-06,9.8713621,10463.643826000001,0.8720444426109554,1.03251484e-06,1.24205528e-06,1.24205528
2547,3.43919626e-06,9.84370748,10434.329928800002,0.8696014101865327,3.43919626e-06,6.18572518e-07,0.618572518,1.03251484e-06,9.87136211,10463.6438366,0.8720444434943637,1.03251484e-06,1.24205527e-06,1.24205527
2548,3.43919626e-06,9.84370746,10434.329907599998,0.8696014084197156,3.43919626e-06,6.18572517e-07,0.618572517,1.03251484e-06,9.87136213,10463.6438578,0.8720444452611805,1.03251484e-06,1.24205527e-06,1.24205527
2549,3.43919626e-06,9.84370744,10434.329886399999,0.8696014066528988,3.43919626e-06,6.18572516e-07,0.6185725160000001,1.03251484e-06,9.87136215,10463.643879,0.8720444470279973,1.03251484e-06,1.24205526e-06,1.24205526
2550,3.43919626e-06,9.84370742,10434.3298652,0.869601404886082,3.43919626e-06,6.18572515e-07,0.618572515,1.03251484e-06,9.87136216,10463.6438896,0.8720444479114058,1.03251484e-06,1.24205525e-06,1.24205525
2551,3.43919626e-06,9.8437074,10434.329844,0.8696014031192651,3.43919626e-06,6.18572514e-07,0.618572514,1.03251484e-06,9.87136218,10463.6439108,0.8720444496782226,1.03251484e-06,1.24205524e-06,1.24205524
2552,3.43919626e-06,9.84370738,10434.3298228,0.8696014013524483,3.43919626e-06,6.18572513e-07,0.618572513,1.03251484e-06,9.8713622,10463.643932,0.8720444514450396,1.03251484e-06,1.24205523e-06,1.2420552299999998
2553,3.43919626e-06,9.84370736,10434.329801599999,0.8696013995856314,3.43919626e-06,6.18572511e-07,0.618572511,1.03251484e-06,9.87136221,10463.6439426,0.872044452328448,1.03251484e-06,1.24205523e-06,1.2420552299999998
2554,3.43919626e-06,9.84370734,10434.3297804,0.8696013978188146,3.43919626e-06,6.1857251e-07,0.61857251,1.03251484e-06,9.87136223,10463.643963800001,0.8720444540952649,1.03251484e-06,1.24205522e-06,1.24205522
2555,3.43919626e-06,9.84370732,10434.3297592,0.8696013960519978,3.43919626e-06,6.18572509e-07,0.618572509,1.03251484e-06,9.87136224,10463.6439744,0.8720444549786732,1.03251484e-06,1.24205521e-06,1.2420552100000002
2556,3.43919626e-06,9.8437073,10434.329738,0.869601394285181,3.43919626e-06,6.18572508e-07,0.618572508,1.03251484e-06,9.87136226,10463.6439956,0.87204445674549,1.03251484e-06,1.2420552e-06,1.2420552
2557,3.43919626e-06,9.84370728,10434.3297168,0.8696013925183642,3.43919626e-06,6.18572507e-07,0.618572507,1.03251484e-06,9.87136228,10463.644016799999,0.8720444585123068,1.03251484e-06,1.24205519e-06,1.24205519
2558,3.43919626e-06,9.84370726,10434.329695600001,0.8696013907515473,3.43919626e-06,6.18572506e-07,0.618572506,1.03251484e-06,9.87136229,10463.6440274,0.8720444593957153,1.03251484e-06,1.24205519e-06,1.24205519
2559,3.43919626e-06,9.84370725,10434.329684999999,0.8696013898681387,3.43919626e-06,6.18572505e-07,0.6185725049999999,1.03251484e-06,9.87136231,10463.644048600001,0.8720444611625323,1.03251484e-06,1.24205518e-06,1.24205518
2560,3.43919626e-06,9.84370723,10434.3296638,0.8696013881013219,3.43919626e-06,6.18572503e-07,0.618572503,1.03251484e-06,9.87136232,10463.6440592,0.8720444620459405,1.03251484e-06,1.24205517e-06,1.24205517
2561,3.43919626e-06,9.84370721,10434.3296426,0.8696013863345051,3.43919626e-06,6.18572502e-07,0.618572502,1.03251484e-06,9.87136234,10463.6440804,0.8720444638127574,1.03251484e-06,1.24205516e-06,1.2420551599999998
2562,3.43919626e-06,9.84370719,10434.3296214,0.8696013845676883,3.43919626e-06,6.18572501e-07,0.6185725009999999,1.03251484e-06,9.87136236,10463.644101599999,0.8720444655795742,1.03251484e-06,1.24205515e-06,1.24205515
2563,3.43919626e-06,9.84370717,10434.3296002,0.8696013828008715,3.43919626e-06,6.185725e-07,0.6185725,1.03251484e-06,9.87136237,10463.6441122,0.8720444664629827,1.03251484e-06,1.24205515e-06,1.24205515
2564,3.43919626e-06,9.84370715,10434.329579000001,0.8696013810340547,3.43919626e-06,6.18572499e-07,0.618572499,1.03251484e-06,9.87136239,10463.6441334,0.8720444682297995,1.03251484e-06,1.24205514e-06,1.24205514
2565,3.43919626e-06,9.84370713,10434.3295578,0.8696013792672377,3.43919626e-06,6.18572498e-07,0.6185724979999999,1.03251484e-06,9.8713624,10463.644144,0.872044469113208,1.03251484e-06,1.24205513e-06,1.24205513
2566,3.43919626e-06,9.84370711,10434.3295366,0.8696013775004209,3.43919626e-06,6.18572496e-07,0.618572496,1.03251484e-06,9.87136242,10463.644165200001,0.8720444708800249,1.03251484e-06,1.24205512e-06,1.24205512
2567,3.43919626e-06,9.84370709,10434.3295154,0.8696013757336041,3.43919626e-06,6.18572495e-07,0.618572495,1.03251484e-06,9.87136244,10463.6441864,0.8720444726468417,1.03251484e-06,1.24205511e-06,1.24205511
2568,3.43919626e-06,9.84370707,10434.329494200001,0.8696013739667873,3.43919626e-06,6.18572494e-07,0.6185724939999999,1.03251484e-06,9.87136245,10463.644197,0.87204447353025,1.03251484e-06,1.24205511e-06,1.24205511
2569,3.43919626e-06,9.84370705,10434.329473000002,0.8696013721999705,3.43919626e-06,6.18572493e-07,0.618572493,1.03251484e-06,9.87136247,10463.6442182,0.8720444752970669,1.03251484e-06,1.2420551e-06,1.2420551
2570,3.43919626e-06,9.84370703,10434.329451799998,0.8696013704331533,3.43919626e-06,6.18572492e-07,0.6185724920000001,1.03251484e-06,9.87136248,10463.6442288,0.8720444761804753,1.03251484e-06,1.24205509e-06,1.24205509
2571,3.43919626e-06,9.84370701,10434.329430599999,0.8696013686663365,3.43919626e-06,6.1857249e-07,0.61857249,1.03251484e-06,9.8713625,10463.64425,0.8720444779472921,1.03251484e-06,1.24205508e-06,1.24205508
2572,3.43919626e-06,9.843707,10434.32942,0.8696013677829283,3.43919626e-06,6.18572489e-07,0.6185724890000001,1.03251484e-06,9.87136251,10463.6442606,0.8720444788307007,1.03251484e-06,1.24205507e-06,1.24205507
2573,3.43919626e-06,9.84370698,10434.3293988,0.8696013660161115,3.43919626e-06,6.18572488e-07,0.6185724880000001,1.03251484e-06,9.87136253,10463.644281800001,0.8720444805975176,1.03251484e-06,1.24205507e-06,1.24205507
2574,3.43919626e-06,9.84370696,10434.329377600001,0.8696013642492947,3.43919626e-06,6.18572487e-07,0.618572487,1.03251484e-06,9.87136255,10463.644303000001,0.8720444823643344,1.03251484e-06,1.24205506e-06,1.24205506
2575,3.43919626e-06,9.84370694,10434.329356400001,0.8696013624824779,3.43919626e-06,6.18572486e-07,0.618572486,1.03251484e-06,9.87136256,10463.6443136,0.8720444832477428,1.03251484e-06,1.24205505e-06,1.2420550499999998
2576,3.43919626e-06,9.84370692,10434.3293352,0.8696013607156609,3.43919626e-06,6.18572485e-07,0.6185724850000001,1.03251484e-06,9.87136258,10463.6443348,0.8720444850145596,1.03251484e-06,1.24205504e-06,1.24205504
2577,3.43919626e-06,9.8437069,10434.329314,0.869601358948844,3.43919626e-06,6.18572483e-07,0.618572483,1.03251484e-06,9.87136259,10463.6443454,0.872044485897968,1.03251484e-06,1.24205503e-06,1.2420550300000002
2578,3.43919626e-06,9.84370688,10434.3292928,0.8696013571820271,3.43919626e-06,6.18572482e-07,0.618572482,1.03251484e-06,9.87136261,10463.6443666,0.8720444876647848,1.03251484e-06,1.24205502e-06,1.24205502
2579,3.43919626e-06,9.84370686,10434.3292716,0.8696013554152103,3.43919626e-06,6.18572481e-07,0.6185724810000001,1.03251484e-06,9.87136262,10463.644377199998,0.8720444885481932,1.03251484e-06,1.24205502e-06,1.24205502
2580,3.43919626e-06,9.84370684,10434.3292504,0.8696013536483935,3.43919626e-06,6.1857248e-07,0.61857248,1.03251484e-06,9.87136264,10463.6443984,0.8720444903150101,1.03251484e-06,1.24205501e-06,1.24205501
2581,3.43919626e-06,9.84370682,10434.329229199999,0.8696013518815765,3.43919626e-06,6.18572479e-07,0.618572479,1.03251484e-06,9.87136265,10463.644409,0.8720444911984186,1.03251484e-06,1.242055e-06,1.242055
2582,3.43919626e-06,9.8437068,10434.329208,0.8696013501147597,3.43919626e-06,6.18572478e-07,0.618572478,1.03251484e-06,9.87136267,10463.6444302,0.8720444929652355,1.03251484e-06,1.24205499e-06,1.24205499
2583,3.43919626e-06,9.84370678,10434.3291868,0.8696013483479429,3.43919626e-06,6.18572476e-07,0.618572476,1.03251484e-06,9.87136269,10463.6444514,0.8720444947320523,1.03251484e-06,1.24205498e-06,1.24205498
2584,3.43919626e-06,9.84370677,10434.3291762,0.8696013474645345,3.43919626e-06,6.18572475e-07,0.618572475,1.03251484e-06,9.8713627,10463.644462,0.8720444956154607,1.03251484e-06,1.24205498e-06,1.24205498
2585,3.43919626e-06,9.84370675,10434.329155000001,0.8696013456977177,3.43919626e-06,6.18572474e-07,0.618572474,1.03251484e-06,9.87136272,10463.6444832,0.8720444973822775,1.03251484e-06,1.24205497e-06,1.24205497
2586,3.43919626e-06,9.84370673,10434.3291338,0.8696013439309008,3.43919626e-06,6.18572473e-07,0.618572473,1.03251484e-06,9.87136273,10463.644493799999,0.8720444982656859,1.03251484e-06,1.24205496e-06,1.24205496
2587,3.43919626e-06,9.84370671,10434.329112599999,0.8696013421640839,3.43919626e-06,6.18572472e-07,0.618572472,1.03251484e-06,9.87136275,10463.644515,0.8720445000325028,1.03251484e-06,1.24205495e-06,1.24205495
2588,3.43919626e-06,9.84370669,10434.329091399999,0.869601340397267,3.43919626e-06,6.18572471e-07,0.618572471,1.03251484e-06,9.87136276,10463.6445256,0.8720445009159112,1.03251484e-06,1.24205494e-06,1.24205494
2589,3.43919626e-06,9.84370667,10434.3290702,0.8696013386304502,3.43919626e-06,6.18572469e-07,0.618572469,1.03251484e-06,9.87136278,10463.6445468,0.872044502682728,1.03251484e-06,1.24205494e-06,1.24205494
2590,3.43919626e-06,9.84370665,10434.329049,0.8696013368636334,3.43919626e-06,6.18572468e-07,0.618572468,1.03251484e-06,9.87136279,10463.644557399999,0.8720445035661364,1.03251484e-06,1.24205493e-06,1.24205493
2591,3.43919626e-06,9.84370663,10434.3290278,0.8696013350968166,3.43919626e-06,6.18572467e-07,0.618572467,1.03251484e-06,9.87136281,10463.6445786,0.8720445053329534,1.03251484e-06,1.24205492e-06,1.2420549200000002
2592,3.43919626e-06,9.84370661,10434.329006599999,0.8696013333299997,3.43919626e-06,6.18572466e-07,0.6185724659999999,1.03251484e-06,9.87136282,10463.6445892,0.8720445062163616,1.03251484e-06,1.24205491e-06,1.24205491
2593,3.43919626e-06,9.84370659,10434.3289854,0.8696013315631829,3.43919626e-06,6.18572465e-07,0.618572465,1.03251484e-06,9.87136284,10463.6446104,0.8720445079831787,1.03251484e-06,1.2420549e-06,1.2420549
2594,3.43919626e-06,9.84370657,10434.3289642,0.8696013297963661,3.43919626e-06,6.18572463e-07,0.6185724629999999,1.03251484e-06,9.87136285,10463.644621000001,0.8720445088665871,1.03251484e-06,1.2420549e-06,1.2420549
2595,3.43919626e-06,9.84370656,10434.3289536,0.8696013289129576,3.43919626e-06,6.18572462e-07,0.618572462,1.03251484e-06,9.87136287,10463.6446422,0.8720445106334039,1.03251484e-06,1.24205489e-06,1.24205489
2596,3.43919626e-06,9.84370654,10434.3289324,0.8696013271461408,3.43919626e-06,6.18572461e-07,0.6185724610000001,1.03251484e-06,9.87136288,10463.6446528,0.8720445115168123,1.03251484e-06,1.24205488e-06,1.24205488
2597,3.43919626e-06,9.84370652,10434.3289112,0.869601325379324,3.43919626e-06,6.1857246e-07,0.61857246,1.03251484e-06,9.8713629,10463.644674,0.8720445132836291,1.03251484e-06,1.24205487e-06,1.2420548699999998
2598,3.43919626e-06,9.8437065,10434.328889999999,0.869601323612507,3.43919626e-06,6.18572459e-07,0.618572459,1.03251484e-06,9.87136291,10463.6446846,0.8720445141670375,1.03251484e-06,1.24205486e-06,1.24205486
2599,3.43919626e-06,9.84370648,10434.3288688,0.8696013218456902,3.43919626e-06,6.18572458e-07,0.618572458,1.03251484e-06,9.87136293,10463.6447058,0.8720445159338543,1.03251484e-06,1.24205486e-06,1.24205486
2600,3.43919626e-06,9.84370646,10434.3288476,0.8696013200788734,3.43919626e-06,6.18572456e-07,0.618572456,1.03251484e-06,9.87136294,10463.644716399998,0.8720445168172627,1.03251484e-06,1.24205485e-06,1.2420548500000002
2601,3.43919626e-06,9.84370644,10434.3288264,0.8696013183120566,3.43919626e-06,6.18572455e-07,0.618572455,1.03251484e-06,9.87136296,10463.644737600001,0.8720445185840798,1.03251484e-06,1.24205484e-06,1.24205484
2602,3.43919626e-06,9.84370642,10434.3288052,0.8696013165452398,3.43919626e-06,6.18572454e-07,0.618572454,1.03251484e-06,9.87136297,10463.6447482,0.8720445194674882,1.03251484e-06,1.24205483e-06,1.24205483
2603,3.43919626e-06,9.8437064,10434.328784000001,0.869601314778423,3.43919626e-06,6.18572453e-07,0.618572453,1.03251484e-06,9.87136298,10463.644758800001,0.8720445203508966,1.03251484e-06,1.24205482e-06,1.24205482
2604,3.43919626e-06,9.84370638,10434.3287628,0.869601313011606,3.43919626e-06,6.18572452e-07,0.618572452,1.03251484e-06,9.871363,10463.64478,0.8720445221177134,1.03251484e-06,1.24205482e-06,1.24205482
2605,3.43919626e-06,9.84370636,10434.3287416,0.8696013112447892,3.43919626e-06,6.18572451e-07,0.618572451,1.03251484e-06,9.87136301,10463.6447906,0.8720445230011218,1.03251484e-06,1.24205481e-06,1.24205481
2606,3.43919626e-06,9.84370635,10434.328731,0.8696013103613807,3.43919626e-06,6.18572449e-07,0.618572449,1.03251484e-06,9.87136303,10463.644811799999,0.8720445247679386,1.03251484e-06,1.2420548e-06,1.2420548
2607,3.43919626e-06,9.84370633,10434.3287098,0.8696013085945639,3.43919626e-06,6.18572448e-07,0.618572448,1.03251484e-06,9.87136304,10463.6448224,0.872044525651347,1.03251484e-06,1.24205479e-06,1.24205479
2608,3.43919626e-06,9.84370631,10434.3286886,0.8696013068277471,3.43919626e-06,6.18572447e-07,0.618572447,1.03251484e-06,9.87136306,10463.644843600001,0.872044527418164,1.03251484e-06,1.24205479e-06,1.24205479
2609,3.43919626e-06,9.84370629,10434.328667400001,0.8696013050609303,3.43919626e-06,6.18572446e-07,0.6185724459999999,1.03251484e-06,9.87136307,10463.6448542,0.8720445283015723,1.03251484e-06,1.24205478e-06,1.24205478
2610,3.43919626e-06,9.84370627,10434.3286462,0.8696013032941133,3.43919626e-06,6.18572445e-07,0.618572445,1.03251484e-06,9.87136309,10463.6448754,0.8720445300683891,1.03251484e-06,1.24205477e-06,1.24205477
2611,3.43919626e-06,9.84370625,10434.328625,0.8696013015272965,3.43919626e-06,6.18572444e-07,0.618572444,1.03251484e-06,9.8713631,10463.644886,0.8720445309517976,1.03251484e-06,1.24205476e-06,1.24205476
2612,3.43919626e-06,9.84370623,10434.3286038,0.8696012997604797,3.43919626e-06,6.18572442e-07,0.618572442,1.03251484e-06,9.87136311,10463.6448966,0.8720445318352061,1.03251484e-06,1.24205475e-06,1.2420547499999999
2613,3.43919626e-06,9.84370621,10434.328582600001,0.8696012979936629,3.43919626e-06,6.18572441e-07,0.618572441,1.03251484e-06,9.87136313,10463.6449178,0.8720445336020229,1.03251484e-06,1.24205475e-06,1.2420547499999999
2614,3.43919626e-06,9.84370619,10434.328561400001,0.8696012962268461,3.43919626e-06,6.1857244e-07,0.61857244,1.03251484e-06,9.87136314,10463.6449284,0.8720445344854312,1.03251484e-06,1.24205474e-06,1.2420547400000002
2615,3.43919626e-06,9.84370618,10434.328550799999,0.8696012953434374,3.43919626e-06,6.18572439e-07,0.6185724389999999,1.03251484e-06,9.87136316,10463.644949599999,0.872044536252248,1.03251484e-06,1.24205473e-06,1.24205473
2616,3.43919626e-06,9.84370616,10434.3285296,0.8696012935766206,3.43919626e-06,6.18572438e-07,0.618572438,1.03251484e-06,9.87136317,10463.644960200001,0.8720445371356567,1.03251484e-06,1.24205472e-06,1.24205472
2617,3.43919626e-06,9.84370614,10434.3285084,0.8696012918098038,3.43919626e-06,6.18572437e-07,0.618572437,1.03251484e-06,9.87136319,10463.6449814,0.8720445389024735,1.03251484e-06,1.24205471e-06,1.24205471
2618,3.43919626e-06,9.84370612,10434.3284872,0.869601290042987,3.43919626e-06,6.18572435e-07,0.6185724349999999,1.03251484e-06,9.8713632,10463.644992,0.8720445397858818,1.03251484e-06,1.24205471e-06,1.24205471
2619,3.43919626e-06,9.8437061,10434.328466,0.8696012882761702,3.43919626e-06,6.18572434e-07,0.618572434,1.03251484e-06,9.87136321,10463.6450026,0.8720445406692903,1.03251484e-06,1.2420547e-06,1.2420547
2620,3.43919626e-06,9.84370608,10434.328444800001,0.8696012865093534,3.43919626e-06,6.18572433e-07,0.6185724330000001,1.03251484e-06,9.87136323,10463.6450238,0.8720445424361071,1.03251484e-06,1.24205469e-06,1.2420546899999998
2621,3.43919626e-06,9.84370606,10434.3284236,0.8696012847425365,3.43919626e-06,6.18572432e-07,0.618572432,1.03251484e-06,9.87136324,10463.6450344,0.8720445433195155,1.03251484e-06,1.24205468e-06,1.24205468
2622,3.43919626e-06,9.84370604,10434.3284024,0.8696012829757197,3.43919626e-06,6.18572431e-07,0.618572431,1.03251484e-06,9.87136325,10463.645045,0.8720445442029239,1.03251484e-06,1.24205468e-06,1.24205468
2623,3.43919626e-06,9.84370603,10434.3283918,0.8696012820923111,3.43919626e-06,6.1857243e-07,0.6185724300000001,1.03251484e-06,9.87136327,10463.6450662,0.8720445459697409,1.03251484e-06,1.24205467e-06,1.2420546700000001
2624,3.43919626e-06,9.84370601,10434.3283706,0.8696012803254943,3.43919626e-06,6.18572428e-07,0.618572428,1.03251484e-06,9.87136328,10463.645076800001,0.8720445468531494,1.03251484e-06,1.24205466e-06,1.24205466
2625,3.43919626e-06,9.84370599,10434.3283494,0.8696012785586775,3.43919626e-06,6.18572427e-07,0.618572427,1.03251484e-06,9.8713633,10463.645098,0.8720445486199662,1.03251484e-06,1.24205465e-06,1.24205465
2626,3.43919626e-06,9.84370597,10434.328328200001,0.8696012767918607,3.43919626e-06,6.18572426e-07,0.6185724260000001,1.03251484e-06,9.87136331,10463.6451086,0.8720445495033745,1.03251484e-06,1.24205464e-06,1.2420546399999999
2627,3.43919626e-06,9.84370595,10434.328307,0.8696012750250438,3.43919626e-06,6.18572425e-07,0.618572425,1.03251484e-06,9.87136332,10463.6451192,0.872044550386783,1.03251484e-06,1.24205464e-06,1.2420546399999999
2628,3.43919626e-06,9.84370593,10434.3282858,0.869601273258227,3.43919626e-06,6.18572424e-07,0.618572424,1.03251484e-06,9.87136334,10463.6451404,0.8720445521535998,1.03251484e-06,1.24205463e-06,1.2420546300000002
2629,3.43919626e-06,9.84370591,10434.3282646,0.8696012714914102,3.43919626e-06,6.18572423e-07,0.618572423,1.03251484e-06,9.87136335,10463.645150999999,0.8720445530370081,1.03251484e-06,1.24205462e-06,1.24205462
2630,3.43919626e-06,9.8437059,10434.328254,0.8696012706080017,3.43919626e-06,6.18572421e-07,0.618572421,1.03251484e-06,9.87136336,10463.6451616,0.8720445539204166,1.03251484e-06,1.24205461e-06,1.24205461
2631,3.43919626e-06,9.84370588,10434.3282328,0.8696012688411849,3.43919626e-06,6.1857242e-07,0.61857242,1.03251484e-06,9.87136338,10463.6451828,0.8720445556872335,1.03251484e-06,1.24205461e-06,1.24205461
2632,3.43919626e-06,9.84370586,10434.328211600001,0.8696012670743681,3.43919626e-06,6.18572419e-07,0.618572419,1.03251484e-06,9.87136339,10463.645193400002,0.872044556570642,1.03251484e-06,1.2420546e-06,1.2420546
2633,3.43919626e-06,9.84370584,10434.3281904,0.8696012653075511,3.43919626e-06,6.18572418e-07,0.618572418,1.03251484e-06,9.8713634,10463.645204,0.8720445574540503,1.03251484e-06,1.24205459e-06,1.24205459
2634,3.43919626e-06,9.84370582,10434.3281692,0.8696012635407343,3.43919626e-06,6.18572417e-07,0.618572417,1.03251484e-06,9.87136342,10463.6452252,0.8720445592208671,1.03251484e-06,1.24205458e-06,1.24205458
2635,3.43919626e-06,9.8437058,10434.328148,0.8696012617739175,3.43919626e-06,6.18572416e-07,0.618572416,1.03251484e-06,9.87136343,10463.6452358,0.8720445601042756,1.03251484e-06,1.24205457e-06,1.24205457
2636,3.43919626e-06,9.84370578,10434.328126800001,0.8696012600071007,3.43919626e-06,6.18572415e-07,0.6185724149999999,1.03251484e-06,9.87136344,10463.6452464,0.8720445609876839,1.03251484e-06,1.24205457e-06,1.24205457
2637,3.43919626e-06,9.84370577,10434.3281162,0.8696012591236922,3.43919626e-06,6.18572413e-07,0.618572413,1.03251484e-06,9.87136346,10463.645267599999,0.8720445627545007,1.03251484e-06,1.24205456e-06,1.2420545600000001
2638,3.43919626e-06,9.84370575,10434.328094999999,0.8696012573568753,3.43919626e-06,6.18572412e-07,0.618572412,1.03251484e-06,9.87136347,10463.6452782,0.8720445636379093,1.03251484e-06,1.24205455e-06,1.24205455
2639,3.43919626e-06,9.84370573,10434.3280738,0.8696012555900585,3.43919626e-06,6.18572411e-07,0.6185724109999999,1.03251484e-06,9.87136348,10463.645288799999,0.8720445645213175,1.03251484e-06,1.24205454e-06,1.24205454
2640,3.43919626e-06,9.84370571,10434.3280526,0.8696012538232417,3.43919626e-06,6.1857241e-07,0.61857241,1.03251484e-06,9.8713635,10463.64531,0.8720445662881345,1.03251484e-06,1.24205454e-06,1.24205454
2641,3.43919626e-06,9.84370569,10434.3280314,0.8696012520564248,3.43919626e-06,6.18572409e-07,0.618572409,1.03251484e-06,9.87136351,10463.6453206,0.872044567171543,1.03251484e-06,1.24205453e-06,1.2420545299999999
2642,3.43919626e-06,9.84370567,10434.3280102,0.869601250289608,3.43919626e-06,6.18572408e-07,0.6185724079999999,1.03251484e-06,9.87136352,10463.6453312,0.8720445680549513,1.03251484e-06,1.24205452e-06,1.24205452
2643,3.43919626e-06,9.84370566,10434.3279996,0.8696012494061995,3.43919626e-06,6.18572407e-07,0.6185724069999999,1.03251484e-06,9.87136353,10463.6453418,0.8720445689383598,1.03251484e-06,1.24205451e-06,1.24205451
2644,3.43919626e-06,9.84370564,10434.327978399999,0.8696012476393826,3.43919626e-06,6.18572405e-07,0.618572405,1.03251484e-06,9.87136355,10463.645363,0.8720445707051766,1.03251484e-06,1.24205451e-06,1.24205451
2645,3.43919626e-06,9.84370562,10434.3279572,0.8696012458725658,3.43919626e-06,6.18572404e-07,0.618572404,1.03251484e-06,9.87136356,10463.6453736,0.8720445715885851,1.03251484e-06,1.2420545e-06,1.2420545
2646,3.43919626e-06,9.8437056,10434.327936,0.869601244105749,3.43919626e-06,6.18572403e-07,0.618572403,1.03251484e-06,9.87136357,10463.6453842,0.8720445724719934,1.03251484e-06,1.24205449e-06,1.2420544900000001
2647,3.43919626e-06,9.84370558,10434.3279148,0.8696012423389322,3.43919626e-06,6.18572402e-07,0.6185724020000001,1.03251484e-06,9.87136358,10463.6453948,0.8720445733554019,1.03251484e-06,1.24205448e-06,1.24205448
2648,3.43919626e-06,9.84370556,10434.3278936,0.8696012405721154,3.43919626e-06,6.18572401e-07,0.618572401,1.03251484e-06,9.8713636,10463.645416000001,0.8720445751222189,1.03251484e-06,1.24205448e-06,1.24205448
2649,3.43919626e-06,9.84370555,10434.327883,0.869601239688707,3.43919626e-06,6.185724e-07,0.6185724,1.03251484e-06,9.87136361,10463.6454266,0.8720445760056272,1.03251484e-06,1.24205447e-06,1.24205447
2650,3.43919626e-06,9.84370553,10434.327861799999,0.8696012379218899,3.43919626e-06,6.18572399e-07,0.618572399,1.03251484e-06,9.87136362,10463.6454372,0.8720445768890357,1.03251484e-06,1.24205446e-06,1.2420544599999999
2651,3.43919626e-06,9.84370551,10434.327840599999,0.8696012361550731,3.43919626e-06,6.18572398e-07,0.6185723980000001,1.03251484e-06,9.87136364,10463.6454584,0.8720445786558525,1.03251484e-06,1.24205445e-06,1.2420544500000001
2652,3.43919626e-06,9.84370549,10434.3278194,0.8696012343882563,3.43919626e-06,6.18572396e-07,0.618572396,1.03251484e-06,9.87136365,10463.645469,0.8720445795392608,1.03251484e-06,1.24205445e-06,1.2420544500000001
2653,3.43919626e-06,9.84370547,10434.3277982,0.8696012326214395,3.43919626e-06,6.18572395e-07,0.618572395,1.03251484e-06,9.87136366,10463.6454796,0.8720445804226693,1.03251484e-06,1.24205444e-06,1.24205444
2654,3.43919626e-06,9.84370546,10434.327787600001,0.8696012317380312,3.43919626e-06,6.18572394e-07,0.618572394,1.03251484e-06,9.87136367,10463.645490199999,0.8720445813060776,1.03251484e-06,1.24205443e-06,1.24205443
2655,3.43919626e-06,9.84370544,10434.327766400002,0.8696012299712144,3.43919626e-06,6.18572393e-07,0.618572393,1.03251484e-06,9.87136368,10463.6455008,0.8720445821894861,1.03251484e-06,1.24205442e-06,1.2420544199999999
2656,3.43919626e-06,9.84370542,10434.327745199998,0.8696012282043972,3.43919626e-06,6.18572392e-07,0.618572392,1.03251484e-06,9.8713637,10463.645522,0.872044583956303,1.03251484e-06,1.24205442e-06,1.2420544199999999
2657,3.43919626e-06,9.8437054,10434.327723999999,0.8696012264375804,3.43919626e-06,6.18572391e-07,0.618572391,1.03251484e-06,9.87136371,10463.645532600001,0.8720445848397115,1.03251484e-06,1.24205441e-06,1.24205441
2658,3.43919626e-06,9.84370539,10434.3277134,0.8696012255541722,3.43919626e-06,6.1857239e-07,0.61857239,1.03251484e-06,9.87136372,10463.6455432,0.8720445857231198,1.03251484e-06,1.2420544e-06,1.2420544
2659,3.43919626e-06,9.84370537,10434.3276922,0.8696012237873554,3.43919626e-06,6.18572389e-07,0.618572389,1.03251484e-06,9.87136373,10463.645553800001,0.8720445866065283,1.03251484e-06,1.2420544e-06,1.2420544
2660,3.43919626e-06,9.84370535,10434.327671000001,0.8696012220205385,3.43919626e-06,6.18572387e-07,0.618572387,1.03251484e-06,9.87136375,10463.645575,0.8720445883733451,1.03251484e-06,1.24205439e-06,1.24205439
2661,3.43919626e-06,9.84370533,10434.327649800001,0.8696012202537217,3.43919626e-06,6.18572386e-07,0.618572386,1.03251484e-06,9.87136376,10463.6455856,0.8720445892567534,1.03251484e-06,1.24205438e-06,1.2420543800000001
2662,3.43919626e-06,9.84370531,10434.3276286,0.8696012184869047,3.43919626e-06,6.18572385e-07,0.618572385,1.03251484e-06,9.87136377,10463.6455962,0.8720445901401619,1.03251484e-06,1.24205437e-06,1.24205437
2663,3.43919626e-06,9.8437053,10434.327618,0.8696012176034963,3.43919626e-06,6.18572384e-07,0.618572384,1.03251484e-06,9.87136378,10463.645606799999,0.8720445910235702,1.03251484e-06,1.24205437e-06,1.24205437
2664,3.43919626e-06,9.84370528,10434.3275968,0.8696012158366795,3.43919626e-06,6.18572383e-07,0.618572383,1.03251484e-06,9.87136379,10463.6456174,0.8720445919069788,1.03251484e-06,1.24205436e-06,1.24205436
2665,3.43919626e-06,9.84370526,10434.3275756,0.8696012140698627,3.43919626e-06,6.18572382e-07,0.618572382,1.03251484e-06,9.8713638,10463.645627999998,0.872044592790387,1.03251484e-06,1.24205435e-06,1.2420543499999999
2666,3.43919626e-06,9.84370524,10434.3275544,0.8696012123030459,3.43919626e-06,6.18572381e-07,0.618572381,1.03251484e-06,9.87136382,10463.6456492,0.8720445945572041,1.03251484e-06,1.24205434e-06,1.24205434
2667,3.43919626e-06,9.84370523,10434.3275438,0.8696012114196374,3.43919626e-06,6.1857238e-07,0.6185723799999999,1.03251484e-06,9.87136383,10463.6456598,0.8720445954406125,1.03251484e-06,1.24205434e-06,1.24205434
2668,3.43919626e-06,9.84370521,10434.327522599999,0.8696012096528204,3.43919626e-06,6.18572379e-07,0.618572379,1.03251484e-06,9.87136384,10463.645670400001,0.872044596324021,1.03251484e-06,1.24205433e-06,1.24205433
2669,3.43919626e-06,9.84370519,10434.3275014,0.8696012078860036,3.43919626e-06,6.18572378e-07,0.618572378,1.03251484e-06,9.87136385,10463.645681,0.8720445972074293,1.03251484e-06,1.24205432e-06,1.24205432
2670,3.43919626e-06,9.84370517,10434.3274802,0.8696012061191868,3.43919626e-06,6.18572376e-07,0.6185723759999999,1.03251484e-06,9.87136386,10463.6456916,0.8720445980908378,1.03251484e-06,1.24205432e-06,1.24205432
2671,3.43919626e-06,9.84370516,10434.3274696,0.8696012052357784,3.43919626e-06,6.18572375e-07,0.6185723750000001,1.03251484e-06,9.87136387,10463.6457022,0.8720445989742461,1.03251484e-06,1.24205431e-06,1.24205431
2672,3.43919626e-06,9.84370514,10434.327448400001,0.8696012034689616,3.43919626e-06,6.18572374e-07,0.6185723740000001,1.03251484e-06,9.87136389,10463.645723399999,0.8720446007410629,1.03251484e-06,1.2420543e-06,1.2420543
2673,3.43919626e-06,9.84370512,10434.3274272,0.8696012017021447,3.43919626e-06,6.18572373e-07,0.618572373,1.03251484e-06,9.8713639,10463.645734,0.8720446016244714,1.03251484e-06,1.24205429e-06,1.24205429
2674,3.43919626e-06,9.8437051,10434.327405999999,0.8696011999353277,3.43919626e-06,6.18572372e-07,0.618572372,1.03251484e-06,9.87136391,10463.645744599999,0.8720446025078797,1.03251484e-06,1.24205429e-06,1.24205429
2675,3.43919626e-06,9.84370509,10434.3273954,0.8696011990519195,3.43919626e-06,6.18572371e-07,0.6185723710000001,1.03251484e-06,9.87136392,10463.645755200001,0.8720446033912884,1.03251484e-06,1.24205428e-06,1.24205428
2676,3.43919626e-06,9.84370507,10434.3273742,0.8696011972851027,3.43919626e-06,6.1857237e-07,0.61857237,1.03251484e-06,9.87136393,10463.6457658,0.8720446042746967,1.03251484e-06,1.24205427e-06,1.2420542700000001
2677,3.43919626e-06,9.84370505,10434.327353,0.8696011955182859,3.43919626e-06,6.18572369e-07,0.618572369,1.03251484e-06,9.87136394,10463.6457764,0.8720446051581052,1.03251484e-06,1.24205427e-06,1.2420542700000001
2678,3.43919626e-06,9.84370504,10434.3273424,0.8696011946348773,3.43919626e-06,6.18572368e-07,0.618572368,1.03251484e-06,9.87136395,10463.645787,0.8720446060415136,1.03251484e-06,1.24205426e-06,1.24205426
2679,3.43919626e-06,9.84370502,10434.3273212,0.8696011928680605,3.43919626e-06,6.18572367e-07,0.6185723670000001,1.03251484e-06,9.87136396,10463.6457976,0.872044606924922,1.03251484e-06,1.24205425e-06,1.24205425
2680,3.43919626e-06,9.843705,10434.3273,0.8696011911012437,3.43919626e-06,6.18572366e-07,0.618572366,1.03251484e-06,9.87136398,10463.6458188,0.8720446086917388,1.03251484e-06,1.24205424e-06,1.2420542399999999
2681,3.43919626e-06,9.84370498,10434.3272788,0.8696011893344268,3.43919626e-06,6.18572365e-07,0.618572365,1.03251484e-06,9.87136399,10463.6458294,0.8720446095751473,1.03251484e-06,1.24205424e-06,1.2420542399999999
2682,3.43919626e-06,9.84370497,10434.327268199999,0.8696011884510183,3.43919626e-06,6.18572363e-07,0.618572363,1.03251484e-06,9.871364,10463.64584,0.8720446104585556,1.03251484e-06,1.24205423e-06,1.24205423
2683,3.43919626e-06,9.84370495,10434.327247,0.8696011866842015,3.43919626e-06,6.18572362e-07,0.618572362,1.03251484e-06,9.87136401,10463.6458506,0.8720446113419641,1.03251484e-06,1.24205422e-06,1.24205422
2684,3.43919626e-06,9.84370493,10434.3272258,0.8696011849173847,3.43919626e-06,6.18572361e-07,0.618572361,1.03251484e-06,9.87136402,10463.645861199999,0.8720446122253724,1.03251484e-06,1.24205422e-06,1.24205422
2685,3.43919626e-06,9.84370492,10434.3272152,0.8696011840339763,3.43919626e-06,6.1857236e-07,0.61857236,1.03251484e-06,9.87136403,10463.645871800001,0.872044613108781,1.03251484e-06,1.24205421e-06,1.24205421
2686,3.43919626e-06,9.8437049,10434.327194000001,0.8696011822671595,3.43919626e-06,6.18572359e-07,0.618572359,1.03251484e-06,9.87136404,10463.6458824,0.8720446139921894,1.03251484e-06,1.2420542e-06,1.2420542
2687,3.43919626e-06,9.84370488,10434.3271728,0.8696011805003425,3.43919626e-06,6.18572358e-07,0.618572358,1.03251484e-06,9.87136405,10463.645893,0.8720446148755978,1.03251484e-06,1.2420542e-06,1.2420542
2688,3.43919626e-06,9.84370487,10434.3271622,0.8696011796169341,3.43919626e-06,6.18572357e-07,0.618572357,1.03251484e-06,9.87136406,10463.6459036,0.8720446157590062,1.03251484e-06,1.24205419e-06,1.24205419
2689,3.43919626e-06,9.84370485,10434.327141,0.8696011778501173,3.43919626e-06,6.18572356e-07,0.6185723559999999,1.03251484e-06,9.87136407,10463.6459142,0.8720446166424146,1.03251484e-06,1.24205418e-06,1.24205418
2690,3.43919626e-06,9.84370483,10434.3271198,0.8696011760833005,3.43919626e-06,6.18572355e-07,0.618572355,1.03251484e-06,9.87136408,10463.6459248,0.872044617525823,1.03251484e-06,1.24205418e-06,1.24205418
2691,3.43919626e-06,9.84370482,10434.3271092,0.869601175199892,3.43919626e-06,6.18572354e-07,0.618572354,1.03251484e-06,9.87136409,10463.6459354,0.8720446184092314,1.03251484e-06,1.24205417e-06,1.2420541699999998
2692,3.43919626e-06,9.8437048,10434.327088,0.8696011734330752,3.43919626e-06,6.18572353e-07,0.618572353,1.03251484e-06,9.8713641,10463.645945999999,0.8720446192926398,1.03251484e-06,1.24205416e-06,1.2420541600000001
2693,3.43919626e-06,9.84370478,10434.327066799999,0.8696011716662582,3.43919626e-06,6.18572352e-07,0.6185723519999999,1.03251484e-06,9.87136412,10463.6459672,0.8720446210594568,1.03251484e-06,1.24205416e-06,1.2420541600000001
2694,3.43919626e-06,9.84370477,10434.3270562,0.8696011707828499,3.43919626e-06,6.18572351e-07,0.618572351,1.03251484e-06,9.87136413,10463.6459778,0.8720446219428653,1.03251484e-06,1.24205415e-06,1.24205415
2695,3.43919626e-06,9.84370475,10434.327035,0.8696011690160331,3.43919626e-06,6.1857235e-07,0.61857235,1.03251484e-06,9.87136414,10463.645988400001,0.8720446228262737,1.03251484e-06,1.24205414e-06,1.24205414
2696,3.43919626e-06,9.84370473,10434.3270138,0.8696011672492163,3.43919626e-06,6.18572349e-07,0.6185723489999999,1.03251484e-06,9.87136415,10463.645999,0.872044623709682,1.03251484e-06,1.24205414e-06,1.24205414
2697,3.43919626e-06,9.84370472,10434.3270032,0.8696011663658078,3.43919626e-06,6.18572348e-07,0.6185723479999999,1.03251484e-06,9.87136416,10463.646009600001,0.8720446245930905,1.03251484e-06,1.24205413e-06,1.24205413
2698,3.43919626e-06,9.8437047,10434.326982,0.869601164598991,3.43919626e-06,6.18572347e-07,0.618572347,1.03251484e-06,9.87136417,10463.6460202,0.8720446254764989,1.03251484e-06,1.24205412e-06,1.24205412
2699,3.43919626e-06,9.84370466,10434.3269396,0.8696011610653572,3.43919626e-06,6.18572346e-07,0.6185723460000001,1.03251484e-06,9.87136416,10463.646009600001,0.8720446245930905,1.03251484e-06,1.24205412e-06,1.24205412
2700,3.43919626e-06,9.84370467,10434.326950199998,0.8696011619487656,3.43919626e-06,6.18572345e-07,0.618572345,1.03251484e-06,9.87136419,10463.6460414,0.8720446272433157,1.03251484e-06,1.24205411e-06,1.24205411
2701,3.43919626e-06,9.84370467,10434.326950199998,0.8696011619487656,3.43919626e-06,6.18572344e-07,0.618572344,1.03251484e-06,9.87136421,10463.646062599999,0.8720446290101325,1.03251484e-06,1.2420541e-06,1.2420541
2702,3.43919626e-06,9.84370462,10434.3268972,0.8696011575317236,3.43919626e-06,6.18572343e-07,0.6185723430000001,1.03251484e-06,9.8713642,10463.646052,0.8720446281267241,1.03251484e-06,1.2420541e-06,1.2420541
2703,3.43919626e-06,9.84370459,10434.3268654,0.8696011548814984,3.43919626e-06,6.18572342e-07,0.618572342,1.03251484e-06,9.87136419,10463.6460414,0.8720446272433157,1.03251484e-06,1.24205409e-06,1.24205409
2704,3.43919626e-06,9.84370461,10434.3268866,0.8696011566483152,3.43919626e-06,6.18572341e-07,0.618572341,1.03251484e-06,9.87136424,10463.646094400001,0.872044631660358,1.03251484e-06,1.24205408e-06,1.24205408
2705,3.43919626e-06,9.84370459,10434.3268654,0.8696011548814984,3.43919626e-06,6.1857234e-07,0.61857234,1.03251484e-06,9.87136423,10463.646083799998,0.8720446307769493,1.03251484e-06,1.24205408e-06,1.24205408
2706,3.43919626e-06,9.84370456,10434.3268336,0.869601152231273,3.43919626e-06,6.18572339e-07,0.6185723390000001,1.03251484e-06,9.87136424,10463.646094400001,0.872044631660358,1.03251484e-06,1.24205407e-06,1.24205407
2707,3.43919626e-06,9.84370455,10434.326823,0.8696011513478645,3.43919626e-06,6.18572337e-07,0.618572337,1.03251484e-06,9.87136425,10463.646105,0.8720446325437662,1.03251484e-06,1.24205406e-06,1.2420540599999998
2708,3.43919626e-06,9.84370454,10434.326812399999,0.8696011504644561,3.43919626e-06,6.18572336e-07,0.6185723360000001,1.03251484e-06,9.87136426,10463.6461156,0.8720446334271748,1.03251484e-06,1.24205406e-06,1.2420540599999998
2709,3.43919626e-06,9.84370453,10434.3268018,0.8696011495810477,3.43919626e-06,6.18572335e-07,0.618572335,1.03251484e-06,9.87136428,10463.6461368,0.8720446351939916,1.03251484e-06,1.24205405e-06,1.24205405
2710,3.43919626e-06,9.84370451,10434.3267806,0.8696011478142309,3.43919626e-06,6.18572334e-07,0.618572334,1.03251484e-06,9.87136429,10463.6461474,0.8720446360774,1.03251484e-06,1.24205404e-06,1.24205404
2711,3.43919626e-06,9.84370449,10434.3267594,0.8696011460474141,3.43919626e-06,6.18572333e-07,0.618572333,1.03251484e-06,9.87136429,10463.6461474,0.8720446360774,1.03251484e-06,1.24205404e-06,1.24205404
2712,3.43919626e-06,9.84370448,10434.3267488,0.8696011451640057,3.43919626e-06,6.18572332e-07,0.618572332,1.03251484e-06,9.8713643,10463.646158,0.8720446369608084,1.03251484e-06,1.24205403e-06,1.24205403
2713,3.43919626e-06,9.84370446,10434.326727599999,0.8696011433971886,3.43919626e-06,6.18572332e-07,0.618572332,1.03251484e-06,9.87136431,10463.6461686,0.8720446378442168,1.03251484e-06,1.24205403e-06,1.24205403
2714,3.43919626e-06,9.84370445,10434.326717,0.8696011425137804,3.43919626e-06,6.18572331e-07,0.618572331,1.03251484e-06,9.87136432,10463.6461792,0.8720446387276252,1.03251484e-06,1.24205402e-06,1.24205402
2715,3.43919626e-06,9.84370443,10434.3266958,0.8696011407469636,3.43919626e-06,6.1857233e-07,0.61857233,1.03251484e-06,9.87136433,10463.6461898,0.8720446396110336,1.03251484e-06,1.24205401e-06,1.24205401
2716,3.43919626e-06,9.84370441,10434.3266746,0.8696011389801468,3.43919626e-06,6.18572329e-07,0.618572329,1.03251484e-06,9.87136434,10463.646200399999,0.872044640494442,1.03251484e-06,1.24205401e-06,1.24205401
2717,3.43919626e-06,9.8437044,10434.326664,0.8696011380967382,3.43919626e-06,6.18572328e-07,0.618572328,1.03251484e-06,9.87136435,10463.646211000001,0.8720446413778505,1.03251484e-06,1.242054e-06,1.242054
2718,3.43919626e-06,9.84370438,10434.3266428,0.8696011363299214,3.43919626e-06,6.18572327e-07,0.618572327,1.03251484e-06,9.87136436,10463.6462216,0.8720446422612589,1.03251484e-06,1.24205399e-06,1.2420539899999998
2719,3.43919626e-06,9.84370437,10434.3266322,0.869601135446513,3.43919626e-06,6.18572326e-07,0.618572326,1.03251484e-06,9.87136437,10463.6462322,0.8720446431446673,1.03251484e-06,1.24205399e-06,1.2420539899999998
2720,3.43919626e-06,9.84370435,10434.326610999999,0.869601133679696,3.43919626e-06,6.18572325e-07,0.6185723249999999,1.03251484e-06,9.87136438,10463.6462428,0.8720446440280757,1.03251484e-06,1.24205398e-06,1.2420539800000001
2721,3.43919626e-06,9.84370434,10434.3266004,0.8696011327962877,3.43919626e-06,6.18572324e-07,0.618572324,1.03251484e-06,9.87136439,10463.6462534,0.8720446449114841,1.03251484e-06,1.24205398e-06,1.2420539800000001
2722,3.43919626e-06,9.84370432,10434.3265792,0.8696011310294709,3.43919626e-06,6.18572323e-07,0.618572323,1.03251484e-06,9.87136439,10463.6462534,0.8720446449114841,1.03251484e-06,1.24205397e-06,1.24205397
2723,3.43919626e-06,9.84370431,10434.3265686,0.8696011301460624,3.43919626e-06,6.18572322e-07,0.618572322,1.03251484e-06,9.8713644,10463.646263999999,0.8720446457948925,1.03251484e-06,1.24205396e-06,1.24205396
2724,3.43919626e-06,9.84370429,10434.3265474,0.8696011283792456,3.43919626e-06,6.18572321e-07,0.6185723209999999,1.03251484e-06,9.87136441,10463.6462746,0.872044646678301,1.03251484e-06,1.24205396e-06,1.24205396
2725,3.43919626e-06,9.84370428,10434.326536800001,0.8696011274958373,3.43919626e-06,6.1857232e-07,0.61857232,1.03251484e-06,9.87136442,10463.6462852,0.8720446475617095,1.03251484e-06,1.24205395e-06,1.24205395
2726,3.43919626e-06,9.84370426,10434.326515600002,0.8696011257290205,3.43919626e-06,6.18572319e-07,0.618572319,1.03251484e-06,9.87136443,10463.6462958,0.8720446484451178,1.03251484e-06,1.24205394e-06,1.24205394
2727,3.43919626e-06,9.84370425,10434.326505,0.869601124845612,3.43919626e-06,6.18572318e-07,0.6185723179999999,1.03251484e-06,9.87136444,10463.6463064,0.8720446493285263,1.03251484e-06,1.24205394e-06,1.24205394
2728,3.43919626e-06,9.84370423,10434.3264838,0.869601123078795,3.43919626e-06,6.18572317e-07,0.6185723169999999,1.03251484e-06,9.87136445,10463.646316999999,0.8720446502119347,1.03251484e-06,1.24205393e-06,1.2420539300000002
2729,3.43919626e-06,9.84370422,10434.326473199999,0.8696011221953865,3.43919626e-06,6.18572316e-07,0.6185723160000001,1.03251484e-06,9.87136446,10463.646327600001,0.8720446510953432,1.03251484e-06,1.24205393e-06,1.2420539300000002
2730,3.43919626e-06,9.8437042,10434.326452,0.8696011204285697,3.43919626e-06,6.18572315e-07,0.6185723150000001,1.03251484e-06,9.87136446,10463.646327600001,0.8720446510953432,1.03251484e-06,1.24205392e-06,1.24205392
2731,3.43919626e-06,9.84370419,10434.3264414,0.8696011195451614,3.43919626e-06,6.18572314e-07,0.618572314,1.03251484e-06,9.87136447,10463.6463382,0.8720446519787516,1.03251484e-06,1.24205391e-06,1.24205391
2732,3.43919626e-06,9.84370417,10434.326420200001,0.8696011177783446,3.43919626e-06,6.18572313e-07,0.618572313,1.03251484e-06,9.87136448,10463.6463488,0.87204465286216,1.03251484e-06,1.24205391e-06,1.24205391
2733,3.43919626e-06,9.84370416,10434.3264096,0.8696011168949361,3.43919626e-06,6.18572312e-07,0.6185723120000001,1.03251484e-06,9.87136449,10463.6463594,0.8720446537455684,1.03251484e-06,1.2420539e-06,1.2420539
2734,3.43919626e-06,9.84370414,10434.3263884,0.8696011151281193,3.43919626e-06,6.18572311e-07,0.618572311,1.03251484e-06,9.8713645,10463.64637,0.8720446546289768,1.03251484e-06,1.2420539e-06,1.2420539
2735,3.43919626e-06,9.84370413,10434.3263778,0.8696011142447109,3.43919626e-06,6.18572311e-07,0.618572311,1.03251484e-06,9.8713645,10463.64637,0.8720446546289768,1.03251484e-06,1.24205389e-06,1.24205389
2736,3.43919626e-06,9.84370411,10434.326356599999,0.8696011124778938,3.43919626e-06,6.1857231e-07,0.61857231,1.03251484e-06,9.87136451,10463.6463806,0.8720446555123852,1.03251484e-06,1.24205389e-06,1.24205389
2737,3.43919626e-06,9.8437041,10434.326346,0.8696011115944855,3.43919626e-06,6.18572309e-07,0.618572309,1.03251484e-06,9.87136452,10463.6463912,0.8720446563957936,1.03251484e-06,1.24205388e-06,1.2420538799999998
2738,3.43919626e-06,9.84370408,10434.3263248,0.8696011098276687,3.43919626e-06,6.18572308e-07,0.6185723080000001,1.03251484e-06,9.87136453,10463.646401799999,0.872044657279202,1.03251484e-06,1.24205387e-06,1.2420538700000001
2739,3.43919626e-06,9.84370407,10434.3263142,0.8696011089442602,3.43919626e-06,6.18572307e-07,0.618572307,1.03251484e-06,9.87136454,10463.6464124,0.8720446581626105,1.03251484e-06,1.24205387e-06,1.2420538700000001
2740,3.43919626e-06,9.84370405,10434.326293,0.8696011071774434,3.43919626e-06,6.18572306e-07,0.618572306,1.03251484e-06,9.87136455,10463.646422999998,0.8720446590460188,1.03251484e-06,1.24205386e-06,1.24205386
2741,3.43919626e-06,9.84370404,10434.326282400001,0.8696011062940351,3.43919626e-06,6.18572305e-07,0.618572305,1.03251484e-06,9.87136455,10463.646422999998,0.8720446590460188,1.03251484e-06,1.24205386e-06,1.24205386
2742,3.43919626e-06,9.84370403,10434.326271799999,0.8696011054106265,3.43919626e-06,6.18572304e-07,0.618572304,1.03251484e-06,9.87136456,10463.6464336,0.8720446599294275,1.03251484e-06,1.24205385e-06,1.24205385
2743,3.43919626e-06,9.84370401,10434.3262506,0.8696011036438097,3.43919626e-06,6.18572303e-07,0.618572303,1.03251484e-06,9.87136457,10463.646444200001,0.8720446608128359,1.03251484e-06,1.24205384e-06,1.24205384
2744,3.43919626e-06,9.843704,10434.32624,0.8696011027604014,3.43919626e-06,6.18572302e-07,0.618572302,1.03251484e-06,9.87136458,10463.6464548,0.8720446616962443,1.03251484e-06,1.24205384e-06,1.24205384
2745,3.43919626e-06,9.84370398,10434.3262188,0.8696011009935846,3.43919626e-06,6.18572301e-07,0.618572301,1.03251484e-06,9.87136458,10463.6464548,0.8720446616962443,1.03251484e-06,1.24205383e-06,1.24205383
2746,3.43919626e-06,9.84370397,10434.3262082,0.8696011001101761,3.43919626e-06,6.18572301e-07,0.618572301,1.03251484e-06,9.87136459,10463.646465400001,0.8720446625796527,1.03251484e-06,1.24205383e-06,1.24205383
2747,3.43919626e-06,9.84370396,10434.3261976,0.8696010992267675,3.43919626e-06,6.185723e-07,0.6185723,1.03251484e-06,9.8713646,10463.646476,0.8720446634630611,1.03251484e-06,1.24205382e-06,1.24205382
2748,3.43919626e-06,9.84370394,10434.3261764,0.8696010974599507,3.43919626e-06,6.18572299e-07,0.618572299,1.03251484e-06,9.87136461,10463.6464866,0.8720446643464695,1.03251484e-06,1.24205382e-06,1.24205382
2749,3.43919626e-06,9.84370393,10434.326165800001,0.8696010965765425,3.43919626e-06,6.18572298e-07,0.618572298,1.03251484e-06,9.87136462,10463.6464972,0.8720446652298779,1.03251484e-06,1.24205381e-06,1.24205381
2750,3.43919626e-06,9.84370391,10434.3261446,0.8696010948097255,3.43919626e-06,6.18572297e-07,0.6185722969999999,1.03251484e-06,9.87136462,10463.6464972,0.8720446652298779,1.03251484e-06,1.24205381e-06,1.24205381
2751,3.43919626e-06,9.8437039,10434.326133999999,0.869601093926317,3.43919626e-06,6.18572296e-07,0.618572296,1.03251484e-06,9.87136463,10463.6465078,0.8720446661132863,1.03251484e-06,1.2420538e-06,1.2420538
2752,3.43919626e-06,9.84370389,10434.3261234,0.8696010930429087,3.43919626e-06,6.18572295e-07,0.618572295,1.03251484e-06,9.87136464,10463.646518399999,0.8720446669966947,1.03251484e-06,1.24205379e-06,1.24205379
2753,3.43919626e-06,9.84370387,10434.3261022,0.8696010912760919,3.43919626e-06,6.18572294e-07,0.618572294,1.03251484e-06,9.87136464,10463.646518399999,0.8720446669966947,1.03251484e-06,1.24205379e-06,1.24205379
2754,3.43919626e-06,9.84370386,10434.3260916,0.8696010903926834,3.43919626e-06,6.18572293e-07,0.6185722929999999,1.03251484e-06,9.87136465,10463.646529,0.8720446678801032,1.03251484e-06,1.24205378e-06,1.24205378
2755,3.43919626e-06,9.84370384,10434.3260704,0.8696010886258666,3.43919626e-06,6.18572293e-07,0.6185722929999999,1.03251484e-06,9.87136466,10463.646539599999,0.8720446687635115,1.03251484e-06,1.24205378e-06,1.24205378
2756,3.43919626e-06,9.84370383,10434.326059800002,0.8696010877424583,3.43919626e-06,6.18572292e-07,0.618572292,1.03251484e-06,9.87136467,10463.646550200001,0.8720446696469201,1.03251484e-06,1.24205377e-06,1.2420537699999998
2757,3.43919626e-06,9.84370382,10434.3260492,0.8696010868590498,3.43919626e-06,6.18572291e-07,0.618572291,1.03251484e-06,9.87136467,10463.646550200001,0.8720446696469201,1.03251484e-06,1.24205377e-06,1.2420537699999998
2758,3.43919626e-06,9.8437038,10434.326028,0.8696010850922329,3.43919626e-06,6.1857229e-07,0.6185722899999999,1.03251484e-06,9.87136468,10463.6465608,0.8720446705303284,1.03251484e-06,1.24205376e-06,1.24205376
2759,3.43919626e-06,9.84370379,10434.326017399999,0.8696010842088243,3.43919626e-06,6.18572289e-07,0.6185722889999999,1.03251484e-06,9.87136469,10463.6465714,0.8720446714137369,1.03251484e-06,1.24205376e-06,1.24205376
2760,3.43919626e-06,9.84370378,10434.3260068,0.869601083325416,3.43919626e-06,6.18572288e-07,0.618572288,1.03251484e-06,9.8713647,10463.646582000001,0.8720446722971454,1.03251484e-06,1.24205375e-06,1.2420537500000002
2761,3.43919626e-06,9.84370376,10434.3259856,0.8696010815585992,3.43919626e-06,6.18572287e-07,0.618572287,1.03251484e-06,9.8713647,10463.646582000001,0.8720446722971454,1.03251484e-06,1.24205375e-06,1.2420537500000002
2762,3.43919626e-06,9.84370375,10434.325975,0.8696010806751907,3.43919626e-06,6.18572287e-07,0.618572287,1.03251484e-06,9.87136471,10463.6465926,0.8720446731805537,1.03251484e-06,1.24205374e-06,1.24205374
2763,3.43919626e-06,9.84370374,10434.3259644,0.8696010797917824,3.43919626e-06,6.18572286e-07,0.618572286,1.03251484e-06,9.87136472,10463.6466032,0.8720446740639622,1.03251484e-06,1.24205374e-06,1.24205374
2764,3.43919626e-06,9.84370372,10434.325943200001,0.8696010780249656,3.43919626e-06,6.18572285e-07,0.618572285,1.03251484e-06,9.87136472,10463.6466032,0.8720446740639622,1.03251484e-06,1.24205373e-06,1.24205373
2765,3.43919626e-06,9.84370371,10434.3259326,0.8696010771415571,3.43919626e-06,6.18572284e-07,0.6185722840000001,1.03251484e-06,9.87136473,10463.6466138,0.8720446749473705,1.03251484e-06,1.24205372e-06,1.24205372
2766,3.43919626e-06,9.8437037,10434.325922,0.8696010762581486,3.43919626e-06,6.18572283e-07,0.618572283,1.03251484e-06,9.87136474,10463.6466244,0.872044675830779,1.03251484e-06,1.24205372e-06,1.24205372
2767,3.43919626e-06,9.84370368,10434.3259008,0.8696010744913318,3.43919626e-06,6.18572282e-07,0.618572282,1.03251484e-06,9.87136474,10463.6466244,0.872044675830779,1.03251484e-06,1.24205371e-06,1.24205371
2768,3.43919626e-06,9.84370367,10434.3258902,0.8696010736079234,3.43919626e-06,6.18572282e-07,0.618572282,1.03251484e-06,9.87136475,10463.646635,0.8720446767141873,1.03251484e-06,1.24205371e-06,1.24205371
2769,3.43919626e-06,9.84370366,10434.3258796,0.8696010727245149,3.43919626e-06,6.18572281e-07,0.6185722810000001,1.03251484e-06,9.87136476,10463.6466456,0.8720446775975959,1.03251484e-06,1.2420537e-06,1.2420536999999998
2770,3.43919626e-06,9.84370365,10434.325869,0.8696010718411066,3.43919626e-06,6.1857228e-07,0.61857228,1.03251484e-06,9.87136476,10463.6466456,0.8720446775975959,1.03251484e-06,1.2420537e-06,1.2420536999999998
2771,3.43919626e-06,9.84370363,10434.3258478,0.8696010700742898,3.43919626e-06,6.18572279e-07,0.618572279,1.03251484e-06,9.87136477,10463.646656199999,0.8720446784810041,1.03251484e-06,1.24205369e-06,1.24205369
2772,3.43919626e-06,9.84370362,10434.3258372,0.8696010691908812,3.43919626e-06,6.18572278e-07,0.618572278,1.03251484e-06,9.87136478,10463.646666800001,0.8720446793644128,1.03251484e-06,1.24205369e-06,1.24205369
2773,3.43919626e-06,9.84370361,10434.325826600001,0.869601068307473,3.43919626e-06,6.18572277e-07,0.6185722770000001,1.03251484e-06,9.87136478,10463.646666800001,0.8720446793644128,1.03251484e-06,1.24205368e-06,1.24205368
2774,3.43919626e-06,9.84370359,10434.3258054,0.8696010665406559,3.43919626e-06,6.18572277e-07,0.6185722770000001,1.03251484e-06,9.87136479,10463.6466774,0.8720446802478211,1.03251484e-06,1.24205368e-06,1.24205368
2775,3.43919626e-06,9.84370358,10434.3257948,0.8696010656572475,3.43919626e-06,6.18572276e-07,0.618572276,1.03251484e-06,9.87136479,10463.6466774,0.8720446802478211,1.03251484e-06,1.24205367e-06,1.24205367
2776,3.43919626e-06,9.84370357,10434.3257842,0.8696010647738391,3.43919626e-06,6.18572275e-07,0.618572275,1.03251484e-06,9.8713648,10463.646688,0.8720446811312296,1.03251484e-06,1.24205367e-06,1.24205367
2777,3.43919626e-06,9.84370356,10434.3257736,0.8696010638904307,3.43919626e-06,6.18572274e-07,0.618572274,1.03251484e-06,9.87136481,10463.6466986,0.8720446820146379,1.03251484e-06,1.24205366e-06,1.24205366
2778,3.43919626e-06,9.84370354,10434.3257524,0.8696010621236139,3.43919626e-06,6.18572273e-07,0.618572273,1.03251484e-06,9.87136481,10463.6466986,0.8720446820146379,1.03251484e-06,1.24205366e-06,1.24205366
2779,3.43919626e-06,9.84370353,10434.325741800001,0.8696010612402055,3.43919626e-06,6.18572273e-07,0.618572273,1.03251484e-06,9.87136482,10463.6467092,0.8720446828980464,1.03251484e-06,1.24205365e-06,1.24205365
2780,3.43919626e-06,9.84370352,10434.3257312,0.8696010603567971,3.43919626e-06,6.18572272e-07,0.618572272,1.03251484e-06,9.87136483,10463.6467198,0.8720446837814547,1.03251484e-06,1.24205365e-06,1.24205365
2781,3.43919626e-06,9.84370351,10434.3257206,0.8696010594733886,3.43919626e-06,6.18572271e-07,0.618572271,1.03251484e-06,9.87136483,10463.6467198,0.8720446837814547,1.03251484e-06,1.24205364e-06,1.24205364
2782,3.43919626e-06,9.84370349,10434.325699399998,0.8696010577065716,3.43919626e-06,6.1857227e-07,0.61857227,1.03251484e-06,9.87136484,10463.6467304,0.8720446846648632,1.03251484e-06,1.24205364e-06,1.24205364
2783,3.43919626e-06,9.84370348,10434.3256888,0.8696010568231634,3.43919626e-06,6.1857227e-07,0.61857227,1.03251484e-06,9.87136484,10463.6467304,0.8720446846648632,1.03251484e-06,1.24205364e-06,1.24205364
2784,3.43919626e-06,9.84370347,10434.325678199999,0.8696010559397548,3.43919626e-06,6.18572269e-07,0.618572269,1.03251484e-06,9.87136485,10463.646741,0.8720446855482716,1.03251484e-06,1.24205363e-06,1.24205363
2785,3.43919626e-06,9.84370346,10434.3256676,0.8696010550563466,3.43919626e-06,6.18572268e-07,0.618572268,1.03251484e-06,9.87136486,10463.6467516,0.87204468643168,1.03251484e-06,1.24205363e-06,1.24205363
2786,3.43919626e-06,9.84370345,10434.325657,0.869601054172938,3.43919626e-06,6.18572267e-07,0.618572267,1.03251484e-06,9.87136486,10463.6467516,0.87204468643168,1.03251484e-06,1.24205362e-06,1.24205362
2787,3.43919626e-06,9.84370343,10434.3256358,0.8696010524061212,3.43919626e-06,6.18572266e-07,0.6185722659999999,1.03251484e-06,9.87136487,10463.6467622,0.8720446873150884,1.03251484e-06,1.24205362e-06,1.24205362
2788,3.43919626e-06,9.84370342,10434.325625200001,0.8696010515227128,3.43919626e-06,6.18572266e-07,0.6185722659999999,1.03251484e-06,9.87136487,10463.6467622,0.8720446873150884,1.03251484e-06,1.24205361e-06,1.24205361
2789,3.43919626e-06,9.84370341,10434.3256146,0.8696010506393044,3.43919626e-06,6.18572265e-07,0.618572265,1.03251484e-06,9.87136488,10463.646772799999,0.8720446881984968,1.03251484e-06,1.24205361e-06,1.24205361
2790,3.43919626e-06,9.8437034,10434.325604000001,0.869601049755896,3.43919626e-06,6.18572264e-07,0.618572264,1.03251484e-06,9.87136488,10463.646772799999,0.8720446881984968,1.03251484e-06,1.2420536e-06,1.2420536
2791,3.43919626e-06,9.84370339,10434.3255934,0.8696010488724876,3.43919626e-06,6.18572263e-07,0.618572263,1.03251484e-06,9.87136489,10463.646783400001,0.8720446890819055,1.03251484e-06,1.2420536e-06,1.2420536
2792,3.43919626e-06,9.84370338,10434.325582799998,0.869601047989079,3.43919626e-06,6.18572263e-07,0.618572263,1.03251484e-06,9.87136489,10463.646783400001,0.8720446890819055,1.03251484e-06,1.24205359e-06,1.2420535899999998
2793,3.43919626e-06,9.84370336,10434.325561599999,0.8696010462222622,3.43919626e-06,6.18572262e-07,0.6185722619999999,1.03251484e-06,9.8713649,10463.646794,0.8720446899653138,1.03251484e-06,1.24205359e-06,1.2420535899999998
2794,3.43919626e-06,9.84370335,10434.325551,0.8696010453388539,3.43919626e-06,6.18572261e-07,0.618572261,1.03251484e-06,9.87136491,10463.6468046,0.8720446908487223,1.03251484e-06,1.24205358e-06,1.24205358
2795,3.43919626e-06,9.84370334,10434.3255404,0.8696010444554454,3.43919626e-06,6.1857226e-07,0.61857226,1.03251484e-06,9.87136491,10463.6468046,0.8720446908487223,1.03251484e-06,1.24205358e-06,1.24205358
2796,3.43919626e-06,9.84370333,10434.3255298,0.869601043572037,3.43919626e-06,6.1857226e-07,0.61857226,1.03251484e-06,9.87136492,10463.6468152,0.8720446917321306,1.03251484e-06,1.24205358e-06,1.24205358
2797,3.43919626e-06,9.84370332,10434.3255192,0.8696010426886286,3.43919626e-06,6.18572259e-07,0.6185722589999999,1.03251484e-06,9.87136492,10463.6468152,0.8720446917321306,1.03251484e-06,1.24205357e-06,1.2420535700000002
2798,3.43919626e-06,9.84370331,10434.3255086,0.8696010418052202,3.43919626e-06,6.18572258e-07,0.618572258,1.03251484e-06,9.87136493,10463.6468258,0.8720446926155391,1.03251484e-06,1.24205357e-06,1.2420535700000002
2799,3.43919626e-06,9.84370329,10434.325487400001,0.8696010400384034,3.43919626e-06,6.18572257e-07,0.6185722570000001,1.03251484e-06,9.87136493,10463.6468258,0.8720446926155391,1.03251484e-06,1.24205356e-06,1.24205356
2800,3.43919626e-06,9.84370328,10434.3254768,0.8696010391549949,3.43919626e-06,6.18572257e-07,0.6185722570000001,1.03251484e-06,9.87136494,10463.6468364,0.8720446934989474,1.03251484e-06,1.24205356e-06,1.24205356
2801,3.43919626e-06,9.84370327,10434.3254662,0.8696010382715864,3.43919626e-06,6.18572256e-07,0.6185722560000001,1.03251484e-06,9.87136494,10463.6468364,0.8720446934989474,1.03251484e-06,1.24205355e-06,1.24205355
2802,3.43919626e-06,9.84370326,10434.3254556,0.869601037388178,3.43919626e-06,6.18572255e-07,0.618572255,1.03251484e-06,9.87136495,10463.646847,0.8720446943823559,1.03251484e-06,1.24205355e-06,1.24205355
2803,3.43919626e-06,9.84370325,10434.325445,0.8696010365047696,3.43919626e-06,6.18572255e-07,0.618572255,1.03251484e-06,9.87136495,10463.646847,0.8720446943823559,1.03251484e-06,1.24205354e-06,1.24205354
2804,3.43919626e-06,9.84370324,10434.3254344,0.8696010356213612,3.43919626e-06,6.18572254e-07,0.618572254,1.03251484e-06,9.87136496,10463.646857599999,0.8720446952657642,1.03251484e-06,1.24205354e-06,1.24205354
2805,3.43919626e-06,9.84370323,10434.325423799999,0.8696010347379527,3.43919626e-06,6.18572253e-07,0.6185722530000001,1.03251484e-06,9.87136496,10463.646857599999,0.8720446952657642,1.03251484e-06,1.24205354e-06,1.24205354
2806,3.43919626e-06,9.84370322,10434.3254132,0.8696010338545443,3.43919626e-06,6.18572252e-07,0.618572252,1.03251484e-06,9.87136497,10463.6468682,0.8720446961491727,1.03251484e-06,1.24205353e-06,1.24205353
2807,3.43919626e-06,9.84370321,10434.3254026,0.8696010329711359,3.43919626e-06,6.18572252e-07,0.618572252,1.03251484e-06,9.87136497,10463.6468682,0.8720446961491727,1.03251484e-06,1.24205353e-06,1.24205353
2808,3.43919626e-06,9.8437032,10434.325392,0.8696010320877275,3.43919626e-06,6.18572251e-07,0.618572251,1.03251484e-06,9.87136498,10463.646878799998,0.872044697032581,1.03251484e-06,1.24205352e-06,1.24205352
2809,3.43919626e-06,9.84370318,10434.325370800001,0.8696010303209107,3.43919626e-06,6.1857225e-07,0.61857225,1.03251484e-06,9.87136498,10463.646878799998,0.872044697032581,1.03251484e-06,1.24205352e-06,1.24205352
2810,3.43919626e-06,9.84370317,10434.325360199999,0.8696010294375021,3.43919626e-06,6.1857225e-07,0.61857225,1.03251484e-06,9.87136499,10463.6468894,0.8720446979159896,1.03251484e-06,1.24205351e-06,1.24205351
2811,3.43919626e-06,9.84370316,10434.3253496,0.8696010285540938,3.43919626e-06,6.18572249e-07,0.618572249,1.03251484e-06,9.87136499,10463.6468894,0.8720446979159896,1.03251484e-06,1.24205351e-06,1.24205351
2812,3.43919626e-06,9.84370315,10434.325338999999,0.8696010276706853,3.43919626e-06,6.18572248e-07,0.618572248,1.03251484e-06,9.871365,10463.646900000002,0.872044698799398,1.03251484e-06,1.24205351e-06,1.24205351
2813,3.43919626e-06,9.84370314,10434.3253284,0.869601026787277,3.43919626e-06,6.18572248e-07,0.618572248,1.03251484e-06,9.871365,10463.646900000002,0.872044698799398,1.03251484e-06,1.2420535e-06,1.2420535
2814,3.43919626e-06,9.84370313,10434.3253178,0.8696010259038685,3.43919626e-06,6.18572247e-07,0.618572247,1.03251484e-06,9.871365,10463.646900000002,0.872044698799398,1.03251484e-06,1.2420535e-06,1.2420535
2815,3.43919626e-06,9.84370312,10434.3253072,0.8696010250204601,3.43919626e-06,6.18572246e-07,0.618572246,1.03251484e-06,9.87136501,10463.6469106,0.8720446996828064,1.03251484e-06,1.24205349e-06,1.24205349
2816,3.43919626e-06,9.84370311,10434.3252966,0.8696010241370516,3.43919626e-06,6.18572245e-07,0.618572245,1.03251484e-06,9.87136501,10463.6469106,0.8720446996828064,1.03251484e-06,1.24205349e-06,1.24205349
2817,3.43919626e-06,9.8437031,10434.325286000001,0.8696010232536433,3.43919626e-06,6.18572245e-07,0.618572245,1.03251484e-06,9.87136502,10463.646921200001,0.872044700566215,1.03251484e-06,1.24205349e-06,1.24205349
2818,3.43919626e-06,9.84370309,10434.3252754,0.8696010223702348,3.43919626e-06,6.18572244e-07,0.618572244,1.03251484e-06,9.87136502,10463.646921200001,0.872044700566215,1.03251484e-06,1.24205348e-06,1.24205348
2819,3.43919626e-06,9.84370308,10434.3252648,0.8696010214868264,3.43919626e-06,6.18572243e-07,0.618572243,1.03251484e-06,9.87136503,10463.6469318,0.8720447014496232,1.03251484e-06,1.24205348e-06,1.24205348
2820,3.43919626e-06,9.84370307,10434.325254200001,0.869601020603418,3.43919626e-06,6.18572243e-07,0.618572243,1.03251484e-06,9.87136503,10463.6469318,0.8720447014496232,1.03251484e-06,1.24205347e-06,1.2420534699999999
2821,3.43919626e-06,9.84370306,10434.325243599998,0.8696010197200095,3.43919626e-06,6.18572242e-07,0.6185722419999999,1.03251484e-06,9.87136503,10463.6469318,0.8720447014496232,1.03251484e-06,1.24205347e-06,1.2420534699999999
2822,3.43919626e-06,9.84370305,10434.325233,0.8696010188366011,3.43919626e-06,6.18572241e-07,0.618572241,1.03251484e-06,9.87136504,10463.6469424,0.8720447023330318,1.03251484e-06,1.24205347e-06,1.2420534699999999
2823,3.43919626e-06,9.84370304,10434.325222399999,0.8696010179531927,3.43919626e-06,6.18572241e-07,0.618572241,1.03251484e-06,9.87136504,10463.6469424,0.8720447023330318,1.03251484e-06,1.24205346e-06,1.2420534600000002
2824,3.43919626e-06,9.84370303,10434.3252118,0.8696010170697843,3.43919626e-06,6.1857224e-07,0.61857224,1.03251484e-06,9.87136505,10463.646953,0.87204470321644,1.03251484e-06,1.24205346e-06,1.2420534600000002
2825,3.43919626e-06,9.84370302,10434.3252012,0.8696010161863759,3.43919626e-06,6.1857224e-07,0.61857224,1.03251484e-06,9.87136505,10463.646953,0.87204470321644,1.03251484e-06,1.24205346e-06,1.2420534600000002
2826,3.43919626e-06,9.84370301,10434.3251906,0.8696010153029675,3.43919626e-06,6.18572239e-07,0.618572239,1.03251484e-06,9.87136506,10463.6469636,0.8720447040998486,1.03251484e-06,1.24205345e-06,1.24205345
2827,3.43919626e-06,9.843703,10434.32518,0.8696010144195591,3.43919626e-06,6.18572238e-07,0.6185722379999999,1.03251484e-06,9.87136506,10463.6469636,0.8720447040998486,1.03251484e-06,1.24205345e-06,1.24205345
2828,3.43919626e-06,9.84370299,10434.325169400001,0.8696010135361507,3.43919626e-06,6.18572238e-07,0.6185722379999999,1.03251484e-06,9.87136506,10463.6469636,0.8720447040998486,1.03251484e-06,1.24205344e-06,1.24205344
2829,3.43919626e-06,9.84370298,10434.3251588,0.8696010126527423,3.43919626e-06,6.18572237e-07,0.618572237,1.03251484e-06,9.87136507,10463.646974199999,0.8720447049832568,1.03251484e-06,1.24205344e-06,1.24205344
2830,3.43919626e-06,9.84370297,10434.325148200001,0.8696010117693339,3.43919626e-06,6.18572236e-07,0.618572236,1.03251484e-06,9.87136507,10463.646974199999,0.8720447049832568,1.03251484e-06,1.24205344e-06,1.24205344
2831,3.43919626e-06,9.84370294,10434.3251164,0.8696010091191084,3.43919626e-06,6.18572236e-07,0.618572236,1.03251484e-06,9.87136506,10463.6469636,0.8720447040998486,1.03251484e-06,1.24205343e-06,1.24205343
2832,3.43919626e-06,9.84370295,10434.325127,0.8696010100025169,3.43919626e-06,6.18572235e-07,0.6185722349999999,1.03251484e-06,9.87136508,10463.6469848,0.8720447058666654,1.03251484e-06,1.24205343e-06,1.24205343
2833,3.43919626e-06,9.84370295,10434.325127,0.8696010100025169,3.43919626e-06,6.18572234e-07,0.6185722339999999,1.03251484e-06,9.87136509,10463.646995399999,0.8720447067500736,1.03251484e-06,1.24205343e-06,1.24205343
2834,3.43919626e-06,9.84370292,10434.3250952,0.8696010073522916,3.43919626e-06,6.18572234e-07,0.6185722339999999,1.03251484e-06,9.87136508,10463.6469848,0.8720447058666654,1.03251484e-06,1.24205342e-06,1.24205342
2835,3.43919626e-06,9.8437029,10434.325074,0.8696010055854748,3.43919626e-06,6.18572233e-07,0.618572233,1.03251484e-06,9.87136507,10463.646974199999,0.8720447049832568,1.03251484e-06,1.24205342e-06,1.24205342
2836,3.43919626e-06,9.84370292,10434.3250952,0.8696010073522916,3.43919626e-06,6.18572233e-07,0.618572233,1.03251484e-06,9.8713651,10463.647006000001,0.8720447076334823,1.03251484e-06,1.24205341e-06,1.2420534099999998
2837,3.43919626e-06,9.8437029,10434.325074,0.8696010055854748,3.43919626e-06,6.18572232e-07,0.618572232,1.03251484e-06,9.87136509,10463.646995399999,0.8720447067500736,1.03251484e-06,1.24205341e-06,1.2420534099999998
2838,3.43919626e-06,9.84370288,10434.3250528,0.869601003818658,3.43919626e-06,6.18572231e-07,0.6185722309999999,1.03251484e-06,9.87136509,10463.646995399999,0.8720447067500736,1.03251484e-06,1.24205341e-06,1.2420534099999998
2839,3.43919626e-06,9.84370287,10434.3250422,0.8696010029352496,3.43919626e-06,6.18572231e-07,0.6185722309999999,1.03251484e-06,9.8713651,10463.647006000001,0.8720447076334823,1.03251484e-06,1.2420534e-06,1.2420534
2840,3.43919626e-06,9.84370287,10434.3250422,0.8696010029352496,3.43919626e-06,6.1857223e-07,0.61857223,1.03251484e-06,9.8713651,10463.647006000001,0.8720447076334823,1.03251484e-06,1.2420534e-06,1.2420534
2841,3.43919626e-06,9.84370286,10434.325031600001,0.8696010020518412,3.43919626e-06,6.1857223e-07,0.61857223,1.03251484e-06,9.87136511,10463.6470166,0.8720447085168906,1.03251484e-06,1.2420534e-06,1.2420534
2842,3.43919626e-06,9.84370286,10434.325031600001,0.8696010020518412,3.43919626e-06,6.18572229e-07,0.6185722290000001,1.03251484e-06,9.87136512,10463.6470272,0.8720447094002991,1.03251484e-06,1.24205339e-06,1.2420533900000001
2843,3.43919626e-06,9.84370285,10434.325021,0.8696010011684328,3.43919626e-06,6.18572228e-07,0.618572228,1.03251484e-06,9.87136512,10463.6470272,0.8720447094002991,1.03251484e-06,1.24205339e-06,1.2420533900000001
2844,3.43919626e-06,9.84370284,10434.3250104,0.8696010002850243,3.43919626e-06,6.18572228e-07,0.618572228,1.03251484e-06,9.87136512,10463.6470272,0.8720447094002991,1.03251484e-06,1.24205339e-06,1.2420533900000001
2845,3.43919626e-06,9.84370283,10434.3249998,0.8696009994016157,3.43919626e-06,6.18572227e-07,0.618572227,1.03251484e-06,9.87136512,10463.6470272,0.8720447094002991,1.03251484e-06,1.24205338e-06,1.24205338
2846,3.43919626e-06,9.84370282,10434.3249892,0.8696009985182075,3.43919626e-06,6.18572227e-07,0.618572227,1.03251484e-06,9.87136513,10463.6470378,0.8720447102837074,1.03251484e-06,1.24205338e-06,1.24205338
2847,3.43919626e-06,9.84370281,10434.3249786,0.8696009976347989,3.43919626e-06,6.18572226e-07,0.6185722260000001,1.03251484e-06,9.87136513,10463.6470378,0.8720447102837074,1.03251484e-06,1.24205338e-06,1.24205338
2848,3.43919626e-06,9.84370281,10434.3249786,0.8696009976347989,3.43919626e-06,6.18572226e-07,0.6185722260000001,1.03251484e-06,9.87136513,10463.6470378,0.8720447102837074,1.03251484e-06,1.24205337e-06,1.24205337
2849,3.43919626e-06,9.84370279,10434.3249574,0.8696009958679821,3.43919626e-06,6.18572225e-07,0.6185722250000001,1.03251484e-06,9.87136513,10463.6470378,0.8720447102837074,1.03251484e-06,1.24205337e-06,1.24205337
2850,3.43919626e-06,9.84370278,10434.3249468,0.8696009949845737,3.43919626e-06,6.18572225e-07,0.6185722250000001,1.03251484e-06,9.87136513,10463.6470378,0.8720447102837074,1.03251484e-06,1.24205337e-06,1.24205337
2851,3.43919626e-06,9.84370277,10434.3249362,0.8696009941011653,3.43919626e-06,6.18572224e-07,0.618572224,1.03251484e-06,9.87136514,10463.6470484,0.8720447111671159,1.03251484e-06,1.24205336e-06,1.2420533599999999
2852,3.43919626e-06,9.84370277,10434.3249362,0.8696009941011653,3.43919626e-06,6.18572223e-07,0.618572223,1.03251484e-06,9.87136515,10463.647059,0.8720447120505244,1.03251484e-06,1.24205336e-06,1.2420533599999999
2853,3.43919626e-06,9.84370276,10434.3249256,0.8696009932177569,3.43919626e-06,6.18572223e-07,0.618572223,1.03251484e-06,9.87136515,10463.647059,0.8720447120505244,1.03251484e-06,1.24205336e-06,1.2420533599999999
2854,3.43919626e-06,9.84370275,10434.324915000001,0.8696009923343485,3.43919626e-06,6.18572222e-07,0.6185722220000001,1.03251484e-06,9.87136516,10463.6470696,0.8720447129339327,1.03251484e-06,1.24205335e-06,1.24205335
2855,3.43919626e-06,9.84370274,10434.324904399999,0.8696009914509399,3.43919626e-06,6.18572222e-07,0.6185722220000001,1.03251484e-06,9.87136516,10463.6470696,0.8720447129339327,1.03251484e-06,1.24205335e-06,1.24205335
2856,3.43919626e-06,9.84370273,10434.3248938,0.8696009905675316,3.43919626e-06,6.18572221e-07,0.618572221,1.03251484e-06,9.87136516,10463.6470696,0.8720447129339327,1.03251484e-06,1.24205335e-06,1.24205335
2857,3.43919626e-06,9.84370273,10434.3248938,0.8696009905675316,3.43919626e-06,6.18572221e-07,0.618572221,1.03251484e-06,9.87136516,10463.6470696,0.8720447129339327,1.03251484e-06,1.24205335e-06,1.24205335
2858,3.43919626e-06,9.84370272,10434.324883199999,0.8696009896841231,3.43919626e-06,6.1857222e-07,0.61857222,1.03251484e-06,9.87136516,10463.6470696,0.8720447129339327,1.03251484e-06,1.24205334e-06,1.24205334
2859,3.43919626e-06,9.84370271,10434.3248726,0.8696009888007148,3.43919626e-06,6.1857222e-07,0.61857222,1.03251484e-06,9.87136516,10463.6470696,0.8720447129339327,1.03251484e-06,1.24205334e-06,1.24205334
2860,3.43919626e-06,9.8437027,10434.324862,0.8696009879173063,3.43919626e-06,6.18572219e-07,0.618572219,1.03251484e-06,9.87136516,10463.6470696,0.8720447129339327,1.03251484e-06,1.24205334e-06,1.24205334
2861,3.43919626e-06,9.84370269,10434.3248514,0.869600987033898,3.43919626e-06,6.18572219e-07,0.618572219,1.03251484e-06,9.87136517,10463.6470802,0.8720447138173412,1.03251484e-06,1.24205333e-06,1.24205333
2862,3.43919626e-06,9.84370269,10434.3248514,0.869600987033898,3.43919626e-06,6.18572218e-07,0.6185722180000001,1.03251484e-06,9.87136517,10463.6470802,0.8720447138173412,1.03251484e-06,1.24205333e-06,1.24205333
2863,3.43919626e-06,9.84370268,10434.3248408,0.8696009861504895,3.43919626e-06,6.18572218e-07,0.6185722180000001,1.03251484e-06,9.87136518,10463.6470908,0.8720447147007495,1.03251484e-06,1.24205333e-06,1.24205333
2864,3.43919626e-06,9.84370267,10434.324830200001,0.8696009852670812,3.43919626e-06,6.18572217e-07,0.618572217,1.03251484e-06,9.87136518,10463.6470908,0.8720447147007495,1.03251484e-06,1.24205332e-06,1.24205332
2865,3.43919626e-06,9.84370266,10434.3248196,0.8696009843836727,3.43919626e-06,6.18572217e-07,0.618572217,1.03251484e-06,9.87136518,10463.6470908,0.8720447147007495,1.03251484e-06,1.24205332e-06,1.24205332
2866,3.43919626e-06,9.84370265,10434.324809000002,0.8696009835002644,3.43919626e-06,6.18572216e-07,0.618572216,1.03251484e-06,9.87136518,10463.6470908,0.8720447147007495,1.03251484e-06,1.24205332e-06,1.24205332
2867,3.43919626e-06,9.84370265,10434.324809000002,0.8696009835002644,3.43919626e-06,6.18572215e-07,0.618572215,1.03251484e-06,9.87136519,10463.6471014,0.872044715584158,1.03251484e-06,1.24205332e-06,1.24205332
2868,3.43919626e-06,9.84370264,10434.3247984,0.8696009826168559,3.43919626e-06,6.18572215e-07,0.618572215,1.03251484e-06,9.87136519,10463.6471014,0.872044715584158,1.03251484e-06,1.24205331e-06,1.24205331
2869,3.43919626e-06,9.84370263,10434.324787799998,0.8696009817334472,3.43919626e-06,6.18572215e-07,0.618572215,1.03251484e-06,9.87136519,10463.6471014,0.872044715584158,1.03251484e-06,1.24205331e-06,1.24205331
2870,3.43919626e-06,9.84370262,10434.3247772,0.8696009808500389,3.43919626e-06,6.18572214e-07,0.618572214,1.03251484e-06,9.87136519,10463.6471014,0.872044715584158,1.03251484e-06,1.24205331e-06,1.24205331
2871,3.43919626e-06,9.84370262,10434.3247772,0.8696009808500389,3.43919626e-06,6.18572214e-07,0.618572214,1.03251484e-06,9.87136519,10463.6471014,0.872044715584158,1.03251484e-06,1.2420533e-06,1.2420533
2872,3.43919626e-06,9.84370261,10434.324766599999,0.8696009799666304,3.43919626e-06,6.18572213e-07,0.618572213,1.03251484e-06,9.8713652,10463.647111999999,0.8720447164675663,1.03251484e-06,1.2420533e-06,1.2420533
2873,3.43919626e-06,9.8437026,10434.324756,0.8696009790832221,3.43919626e-06,6.18572213e-07,0.618572213,1.03251484e-06,9.8713652,10463.647111999999,0.8720447164675663,1.03251484e-06,1.2420533e-06,1.2420533
2874,3.43919626e-06,9.84370259,10434.3247454,0.8696009781998136,3.43919626e-06,6.18572212e-07,0.618572212,1.03251484e-06,9.8713652,10463.647111999999,0.8720447164675663,1.03251484e-06,1.2420533e-06,1.2420533
2875,3.43919626e-06,9.84370259,10434.3247454,0.8696009781998136,3.43919626e-06,6.18572212e-07,0.618572212,1.03251484e-06,9.8713652,10463.647111999999,0.8720447164675663,1.03251484e-06,1.24205329e-06,1.2420532899999999
2876,3.43919626e-06,9.84370258,10434.3247348,0.8696009773164053,3.43919626e-06,6.18572211e-07,0.618572211,1.03251484e-06,9.8713652,10463.647111999999,0.8720447164675663,1.03251484e-06,1.24205329e-06,1.2420532899999999
2877,3.43919626e-06,9.84370257,10434.3247242,0.8696009764329968,3.43919626e-06,6.18572211e-07,0.618572211,1.03251484e-06,9.87136521,10463.647122600001,0.872044717350975,1.03251484e-06,1.24205329e-06,1.2420532899999999
2878,3.43919626e-06,9.84370256,10434.3247136,0.8696009755495885,3.43919626e-06,6.1857221e-07,0.61857221,1.03251484e-06,9.87136521,10463.647122600001,0.872044717350975,1.03251484e-06,1.24205329e-06,1.2420532899999999
2879,3.43919626e-06,9.84370256,10434.3247136,0.8696009755495885,3.43919626e-06,6.1857221e-07,0.61857221,1.03251484e-06,9.87136521,10463.647122600001,0.872044717350975,1.03251484e-06,1.24205328e-06,1.2420532800000001
2880,3.43919626e-06,9.84370255,10434.324703,0.86960097466618,3.43919626e-06,6.18572209e-07,0.618572209,1.03251484e-06,9.87136521,10463.647122600001,0.872044717350975,1.03251484e-06,1.24205328e-06,1.2420532800000001
2881,3.43919626e-06,9.84370254,10434.324692400001,0.8696009737827717,3.43919626e-06,6.18572209e-07,0.618572209,1.03251484e-06,9.87136521,10463.647122600001,0.872044717350975,1.03251484e-06,1.24205328e-06,1.2420532800000001
2882,3.43919626e-06,9.84370254,10434.324692400001,0.8696009737827717,3.43919626e-06,6.18572208e-07,0.618572208,1.03251484e-06,9.87136522,10463.6471332,0.8720447182343833,1.03251484e-06,1.24205327e-06,1.24205327
2883,3.43919626e-06,9.84370253,10434.3246818,0.8696009728993632,3.43919626e-06,6.18572208e-07,0.618572208,1.03251484e-06,9.87136522,10463.6471332,0.8720447182343833,1.03251484e-06,1.24205327e-06,1.24205327
2884,3.43919626e-06,9.84370252,10434.3246712,0.8696009720159548,3.43919626e-06,6.18572207e-07,0.6185722069999999,1.03251484e-06,9.87136522,10463.6471332,0.8720447182343833,1.03251484e-06,1.24205327e-06,1.24205327
2885,3.43919626e-06,9.84370252,10434.3246712,0.8696009720159548,3.43919626e-06,6.18572207e-07,0.6185722069999999,1.03251484e-06,9.87136522,10463.6471332,0.8720447182343833,1.03251484e-06,1.24205327e-06,1.24205327
2886,3.43919626e-06,9.84370251,10434.3246606,0.8696009711325462,3.43919626e-06,6.18572207e-07,0.6185722069999999,1.03251484e-06,9.87136522,10463.6471332,0.8720447182343833,1.03251484e-06,1.24205326e-06,1.24205326
2887,3.43919626e-06,9.8437025,10434.324649999999,0.8696009702491377,3.43919626e-06,6.18572206e-07,0.618572206,1.03251484e-06,9.87136522,10463.6471332,0.8720447182343833,1.03251484e-06,1.24205326e-06,1.24205326
2888,3.43919626e-06,9.84370249,10434.3246394,0.8696009693657294,3.43919626e-06,6.18572206e-07,0.618572206,1.03251484e-06,9.87136523,10463.6471438,0.8720447191177918,1.03251484e-06,1.24205326e-06,1.24205326
2889,3.43919626e-06,9.84370249,10434.3246394,0.8696009693657294,3.43919626e-06,6.18572205e-07,0.618572205,1.03251484e-06,9.87136523,10463.6471438,0.8720447191177918,1.03251484e-06,1.24205326e-06,1.24205326
2890,3.43919626e-06,9.84370248,10434.3246288,0.8696009684823209,3.43919626e-06,6.18572205e-07,0.618572205,1.03251484e-06,9.87136523,10463.6471438,0.8720447191177918,1.03251484e-06,1.24205326e-06,1.24205326
2891,3.43919626e-06,9.84370247,10434.3246182,0.8696009675989126,3.43919626e-06,6.18572204e-07,0.618572204,1.03251484e-06,9.87136523,10463.6471438,0.8720447191177918,1.03251484e-06,1.24205325e-06,1.2420532499999999
2892,3.43919626e-06,9.84370247,10434.3246182,0.8696009675989126,3.43919626e-06,6.18572204e-07,0.618572204,1.03251484e-06,9.87136523,10463.6471438,0.8720447191177918,1.03251484e-06,1.24205325e-06,1.2420532499999999
2893,3.43919626e-06,9.84370246,10434.3246076,0.8696009667155041,3.43919626e-06,6.18572203e-07,0.6185722029999999,1.03251484e-06,9.87136524,10463.6471544,0.8720447200012001,1.03251484e-06,1.24205325e-06,1.2420532499999999
2894,3.43919626e-06,9.84370246,10434.3246076,0.8696009667155041,3.43919626e-06,6.18572203e-07,0.6185722029999999,1.03251484e-06,9.87136524,10463.6471544,0.8720447200012001,1.03251484e-06,1.24205325e-06,1.2420532499999999
2895,3.43919626e-06,9.84370245,10434.324597,0.8696009658320958,3.43919626e-06,6.18572203e-07,0.6185722029999999,1.03251484e-06,9.87136524,10463.6471544,0.8720447200012001,1.03251484e-06,1.24205324e-06,1.24205324
2896,3.43919626e-06,9.84370244,10434.3245864,0.8696009649486873,3.43919626e-06,6.18572202e-07,0.618572202,1.03251484e-06,9.87136524,10463.6471544,0.8720447200012001,1.03251484e-06,1.24205324e-06,1.24205324
2897,3.43919626e-06,9.84370244,10434.3245864,0.8696009649486873,3.43919626e-06,6.18572202e-07,0.618572202,1.03251484e-06,9.87136524,10463.6471544,0.8720447200012001,1.03251484e-06,1.24205324e-06,1.24205324
2898,3.43919626e-06,9.84370243,10434.324575800001,0.869600964065279,3.43919626e-06,6.18572201e-07,0.618572201,1.03251484e-06,9.87136524,10463.6471544,0.8720447200012001,1.03251484e-06,1.24205324e-06,1.24205324
2899,3.43919626e-06,9.84370242,10434.3245652,0.8696009631818705,3.43919626e-06,6.18572201e-07,0.618572201,1.03251484e-06,9.87136524,10463.6471544,0.8720447200012001,1.03251484e-06,1.24205323e-06,1.24205323
2900,3.43919626e-06,9.84370242,10434.3245652,0.8696009631818705,3.43919626e-06,6.18572201e-07,0.618572201,1.03251484e-06,9.87136524,10463.6471544,0.8720447200012001,1.03251484e-06,1.24205323e-06,1.24205323
2901,3.43919626e-06,9.84370241,10434.3245546,0.8696009622984621,3.43919626e-06,6.185722e-07,0.6185722,1.03251484e-06,9.87136525,10463.647165,0.8720447208846086,1.03251484e-06,1.24205323e-06,1.24205323
2902,3.43919626e-06,9.84370241,10434.3245546,0.8696009622984621,3.43919626e-06,6.185722e-07,0.6185722,1.03251484e-06,9.87136525,10463.647165,0.8720447208846086,1.03251484e-06,1.24205323e-06,1.24205323
2903,3.43919626e-06,9.8437024,10434.324544,0.8696009614150536,3.43919626e-06,6.18572199e-07,0.618572199,1.03251484e-06,9.87136525,10463.647165,0.8720447208846086,1.03251484e-06,1.24205323e-06,1.24205323
2904,3.43919626e-06,9.84370239,10434.3245334,0.8696009605316453,3.43919626e-06,6.18572199e-07,0.618572199,1.03251484e-06,9.87136525,10463.647165,0.8720447208846086,1.03251484e-06,1.24205322e-06,1.24205322
2905,3.43919626e-06,9.84370239,10434.3245334,0.8696009605316453,3.43919626e-06,6.18572199e-07,0.618572199,1.03251484e-06,9.87136525,10463.647165,0.8720447208846086,1.03251484e-06,1.24205322e-06,1.24205322
2906,3.43919626e-06,9.84370238,10434.3245228,0.8696009596482368,3.43919626e-06,6.18572198e-07,0.6185721980000001,1.03251484e-06,9.87136525,10463.647165,0.8720447208846086,1.03251484e-06,1.24205322e-06,1.24205322
2907,3.43919626e-06,9.84370238,10434.3245228,0.8696009596482368,3.43919626e-06,6.18572198e-07,0.6185721980000001,1.03251484e-06,9.87136525,10463.647165,0.8720447208846086,1.03251484e-06,1.24205322e-06,1.24205322
2908,3.43919626e-06,9.84370237,10434.3245122,0.8696009587648285,3.43919626e-06,6.18572197e-07,0.618572197,1.03251484e-06,9.87136525,10463.647165,0.8720447208846086,1.03251484e-06,1.24205322e-06,1.24205322
2909,3.43919626e-06,9.84370237,10434.3245122,0.8696009587648285,3.43919626e-06,6.18572197e-07,0.618572197,1.03251484e-06,9.87136525,10463.647165,0.8720447208846086,1.03251484e-06,1.24205321e-06,1.2420532100000001
2910,3.43919626e-06,9.84370236,10434.3245016,0.86960095788142,3.43919626e-06,6.18572197e-07,0.618572197,1.03251484e-06,9.87136526,10463.6471756,0.872044721768017,1.03251484e-06,1.24205321e-06,1.2420532100000001
2911,3.43919626e-06,9.84370235,10434.324491,0.8696009569980114,3.43919626e-06,6.18572196e-07,0.618572196,1.03251484e-06,9.87136526,10463.6471756,0.872044721768017,1.03251484e-06,1.24205321e-06,1.2420532100000001
2912,3.43919626e-06,9.84370235,10434.324491,0.8696009569980114,3.43919626e-06,6.18572196e-07,0.618572196,1.03251484e-06,9.87136526,10463.6471756,0.872044721768017,1.03251484e-06,1.24205321e-06,1.2420532100000001
2913,3.43919626e-06,9.84370234,10434.3244804,0.8696009561146032,3.43919626e-06,6.18572196e-07,0.618572196,1.03251484e-06,9.87136526,10463.6471756,0.872044721768017,1.03251484e-06,1.24205321e-06,1.2420532100000001
2914,3.43919626e-06,9.84370234,10434.3244804,0.8696009561146032,3.43919626e-06,6.18572195e-07,0.618572195,1.03251484e-06,9.87136526,10463.6471756,0.872044721768017,1.03251484e-06,1.2420532e-06,1.2420532
2915,3.43919626e-06,9.84370233,10434.3244698,0.8696009552311946,3.43919626e-06,6.18572195e-07,0.618572195,1.03251484e-06,9.87136526,10463.6471756,0.872044721768017,1.03251484e-06,1.2420532e-06,1.2420532
2916,3.43919626e-06,9.84370233,10434.3244698,0.8696009552311946,3.43919626e-06,6.18572194e-07,0.6185721940000001,1.03251484e-06,9.87136526,10463.6471756,0.872044721768017,1.03251484e-06,1.2420532e-06,1.2420532
2917,3.43919626e-06,9.84370232,10434.324459200001,0.8696009543477864,3.43919626e-06,6.18572194e-07,0.6185721940000001,1.03251484e-06,9.87136526,10463.6471756,0.872044721768017,1.03251484e-06,1.2420532e-06,1.2420532
2918,3.43919626e-06,9.84370232,10434.324459200001,0.8696009543477864,3.43919626e-06,6.18572194e-07,0.6185721940000001,1.03251484e-06,9.87136526,10463.6471756,0.872044721768017,1.03251484e-06,1.2420532e-06,1.2420532
2919,3.43919626e-06,9.84370231,10434.324448599999,0.8696009534643777,3.43919626e-06,6.18572193e-07,0.618572193,1.03251484e-06,9.87136526,10463.6471756,0.872044721768017,1.03251484e-06,1.24205319e-06,1.24205319
2920,3.43919626e-06,9.84370231,10434.324448599999,0.8696009534643777,3.43919626e-06,6.18572193e-07,0.618572193,1.03251484e-06,9.87136526,10463.6471756,0.872044721768017,1.03251484e-06,1.24205319e-06,1.24205319
2921,3.43919626e-06,9.8437023,10434.324438,0.8696009525809694,3.43919626e-06,6.18572193e-07,0.618572193,1.03251484e-06,9.87136527,10463.6471862,0.8720447226514254,1.03251484e-06,1.24205319e-06,1.24205319
2922,3.43919626e-06,9.8437023,10434.324438,0.8696009525809694,3.43919626e-06,6.18572192e-07,0.618572192,1.03251484e-06,9.87136527,10463.6471862,0.8720447226514254,1.03251484e-06,1.24205319e-06,1.24205319
2923,3.43919626e-06,9.84370229,10434.324427399999,0.8696009516975609,3.43919626e-06,6.18572192e-07,0.618572192,1.03251484e-06,9.87136527,10463.6471862,0.8720447226514254,1.03251484e-06,1.24205319e-06,1.24205319
2924,3.43919626e-06,9.84370229,10434.324427399999,0.8696009516975609,3.43919626e-06,6.18572192e-07,0.618572192,1.03251484e-06,9.87136527,10463.6471862,0.8720447226514254,1.03251484e-06,1.24205319e-06,1.24205319
2925,3.43919626e-06,9.84370228,10434.3244168,0.8696009508141526,3.43919626e-06,6.18572191e-07,0.618572191,1.03251484e-06,9.87136527,10463.6471862,0.8720447226514254,1.03251484e-06,1.24205318e-06,1.2420531799999999
2926,3.43919626e-06,9.84370228,10434.3244168,0.8696009508141526,3.43919626e-06,6.18572191e-07,0.618572191,1.03251484e-06,9.87136527,10463.6471862,0.8720447226514254,1.03251484e-06,1.24205318e-06,1.2420531799999999
2927,3.43919626e-06,9.84370227,10434.3244062,0.8696009499307441,3.43919626e-06,6.18572191e-07,0.618572191,1.03251484e-06,9.87136527,10463.6471862,0.8720447226514254,1.03251484e-06,1.24205318e-06,1.2420531799999999
2928,3.43919626e-06,9.84370227,10434.3244062,0.8696009499307441,3.43919626e-06,6.1857219e-07,0.61857219,1.03251484e-06,9.87136527,10463.6471862,0.8720447226514254,1.03251484e-06,1.24205318e-06,1.2420531799999999
2929,3.43919626e-06,9.84370226,10434.3243956,0.8696009490473358,3.43919626e-06,6.1857219e-07,0.61857219,1.03251484e-06,9.87136527,10463.6471862,0.8720447226514254,1.03251484e-06,1.24205318e-06,1.2420531799999999
2930,3.43919626e-06,9.84370226,10434.3243956,0.8696009490473358,3.43919626e-06,6.1857219e-07,0.61857219,1.03251484e-06,9.87136527,10463.6471862,0.8720447226514254,1.03251484e-06,1.24205318e-06,1.2420531799999999
2931,3.43919626e-06,9.84370225,10434.324385,0.8696009481639273,3.43919626e-06,6.18572189e-07,0.618572189,1.03251484e-06,9.87136527,10463.6471862,0.8720447226514254,1.03251484e-06,1.24205317e-06,1.2420531700000002
2932,3.43919626e-06,9.84370225,10434.324385,0.8696009481639273,3.43919626e-06,6.18572189e-07,0.618572189,1.03251484e-06,9.87136527,10463.6471862,0.8720447226514254,1.03251484e-06,1.24205317e-06,1.2420531700000002
2933,3.43919626e-06,9.84370224,10434.324374400001,0.869600947280519,3.43919626e-06,6.18572189e-07,0.618572189,1.03251484e-06,9.87136527,10463.6471862,0.8720447226514254,1.03251484e-06,1.24205317e-06,1.2420531700000002
2934,3.43919626e-06,9.84370224,10434.324374400001,0.869600947280519,3.43919626e-06,6.18572188e-07,0.618572188,1.03251484e-06,9.87136527,10463.6471862,0.8720447226514254,1.03251484e-06,1.24205317e-06,1.2420531700000002
2935,3.43919626e-06,9.84370223,10434.3243638,0.8696009463971105,3.43919626e-06,6.18572188e-07,0.618572188,1.03251484e-06,9.87136527,10463.6471862,0.8720447226514254,1.03251484e-06,1.24205317e-06,1.2420531700000002
2936,3.43919626e-06,9.84370223,10434.3243638,0.8696009463971105,3.43919626e-06,6.18572188e-07,0.618572188,1.03251484e-06,9.87136527,10463.6471862,0.8720447226514254,1.03251484e-06,1.24205317e-06,1.2420531700000002
2937,3.43919626e-06,9.84370222,10434.324353200001,0.8696009455137022,3.43919626e-06,6.18572188e-07,0.618572188,1.03251484e-06,9.87136527,10463.6471862,0.8720447226514254,1.03251484e-06,1.24205317e-06,1.2420531700000002
2938,3.43919626e-06,9.84370222,10434.324353200001,0.8696009455137022,3.43919626e-06,6.18572187e-07,0.618572187,1.03251484e-06,9.87136527,10463.6471862,0.8720447226514254,1.03251484e-06,1.24205316e-06,1.24205316
2939,3.43919626e-06,9.84370222,10434.324353200001,0.8696009455137022,3.43919626e-06,6.18572187e-07,0.618572187,1.03251484e-06,9.87136527,10463.6471862,0.8720447226514254,1.03251484e-06,1.24205316e-06,1.24205316
2940,3.43919626e-06,9.84370221,10434.3243426,0.8696009446302937,3.43919626e-06,6.18572187e-07,0.618572187,1.03251484e-06,9.87136527,10463.6471862,0.8720447226514254,1.03251484e-06,1.24205316e-06,1.24205316
2941,3.43919626e-06,9.84370221,10434.3243426,0.8696009446302937,3.43919626e-06,6.18572186e-07,0.618572186,1.03251484e-06,9.87136527,10463.6471862,0.8720447226514254,1.03251484e-06,1.24205316e-06,1.24205316
2942,3.43919626e-06,9.8437022,10434.324331999998,0.869600943746885,3.43919626e-06,6.18572186e-07,0.618572186,1.03251484e-06,9.87136527,10463.6471862,0.8720447226514254,1.03251484e-06,1.24205316e-06,1.24205316
2943,3.43919626e-06,9.8437022,10434.324331999998,0.869600943746885,3.43919626e-06,6.18572186e-07,0.618572186,1.03251484e-06,9.87136527,10463.6471862,0.8720447226514254,1.03251484e-06,1.24205316e-06,1.24205316
2944,3.43919626e-06,9.8437022,10434.324331999998,0.869600943746885,3.43919626e-06,6.18572186e-07,0.618572186,1.03251484e-06,9.87136527,10463.6471862,0.8720447226514254,1.03251484e-06,1.24205316e-06,1.24205316
2945,3.43919626e-06,9.84370219,10434.3243214,0.8696009428634767,3.43919626e-06,6.18572185e-07,0.618572185,1.03251484e-06,9.87136527,10463.6471862,0.8720447226514254,1.03251484e-06,1.24205315e-06,1.24205315
2946,3.43919626e-06,9.84370219,10434.3243214,0.8696009428634767,3.43919626e-06,6.18572185e-07,0.618572185,1.03251484e-06,9.87136527,10463.6471862,0.8720447226514254,1.03251484e-06,1.24205315e-06,1.24205315
2947,3.43919626e-06,9.84370218,10434.324310799999,0.8696009419800682,3.43919626e-06,6.18572185e-07,0.618572185,1.03251484e-06,9.87136527,10463.6471862,0.8720447226514254,1.03251484e-06,1.24205315e-06,1.24205315
2948,3.43919626e-06,9.84370218,10434.324310799999,0.8696009419800682,3.43919626e-06,6.18572184e-07,0.618572184,1.03251484e-06,9.87136527,10463.6471862,0.8720447226514254,1.03251484e-06,1.24205315e-06,1.24205315
2949,3.43919626e-06,9.84370218,10434.324310799999,0.8696009419800682,3.43919626e-06,6.18572184e-07,0.618572184,1.03251484e-06,9.87136527,10463.6471862,0.8720447226514254,1.03251484e-06,1.24205315e-06,1.24205315
2950,3.43919626e-06,9.84370217,10434.3243002,0.8696009410966599,3.43919626e-06,6.18572184e-07,0.618572184,1.03251484e-06,9.87136527,10463.6471862,0.8720447226514254,1.03251484e-06,1.24205315e-06,1.24205315
2951,3.43919626e-06,9.84370217,10434.3243002,0.8696009410966599,3.43919626e-06,6.18572184e-07,0.618572184,1.03251484e-06,9.87136527,10463.6471862,0.8720447226514254,1.03251484e-06,1.24205315e-06,1.24205315
2952,3.43919626e-06,9.84370216,10434.3242896,0.8696009402132514,3.43919626e-06,6.18572183e-07,0.6185721829999999,1.03251484e-06,9.87136527,10463.6471862,0.8720447226514254,1.03251484e-06,1.24205315e-06,1.24205315
2953,3.43919626e-06,9.84370216,10434.3242896,0.8696009402132514,3.43919626e-06,6.18572183e-07,0.6185721829999999,1.03251484e-06,9.87136527,10463.6471862,0.8720447226514254,1.03251484e-06,1.24205314e-06,1.2420531399999999
2954,3.43919626e-06,9.84370216,10434.3242896,0.8696009402132514,3.43919626e-06,6.18572183e-07,0.6185721829999999,1.03251484e-06,9.87136527,10463.6471862,0.8720447226514254,1.03251484e-06,1.24205314e-06,1.2420531399999999
2955,3.43919626e-06,9.84370215,10434.324279,0.8696009393298431,3.43919626e-06,6.18572183e-07,0.6185721829999999,1.03251484e-06,9.87136527,10463.6471862,0.8720447226514254,1.03251484e-06,1.24205314e-06,1.2420531399999999
2956,3.43919626e-06,9.84370215,10434.324279,0.8696009393298431,3.43919626e-06,6.18572182e-07,0.618572182,1.03251484e-06,9.87136527,10463.6471862,0.8720447226514254,1.03251484e-06,1.24205314e-06,1.2420531399999999
2957,3.43919626e-06,9.84370215,10434.324279,0.8696009393298431,3.43919626e-06,6.18572182e-07,0.618572182,1.03251484e-06,9.87136527,10463.6471862,0.8720447226514254,1.03251484e-06,1.24205314e-06,1.2420531399999999
2958,3.43919626e-06,9.84370214,10434.3242684,0.8696009384464346,3.43919626e-06,6.18572182e-07,0.618572182,1.03251484e-06,9.87136527,10463.6471862,0.8720447226514254,1.03251484e-06,1.24205314e-06,1.2420531399999999
2959,3.43919626e-06,9.84370214,10434.3242684,0.8696009384464346,3.43919626e-06,6.18572182e-07,0.618572182,1.03251484e-06,9.87136527,10463.6471862,0.8720447226514254,1.03251484e-06,1.24205314e-06,1.2420531399999999
2960,3.43919626e-06,9.84370214,10434.3242684,0.8696009384464346,3.43919626e-06,6.18572181e-07,0.618572181,1.03251484e-06,9.87136527,10463.6471862,0.8720447226514254,1.03251484e-06,1.24205314e-06,1.2420531399999999
2961,3.43919626e-06,9.84370213,10434.3242578,0.8696009375630263,3.43919626e-06,6.18572181e-07,0.618572181,1.03251484e-06,9.87136527,10463.6471862,0.8720447226514254,1.03251484e-06,1.24205313e-06,1.24205313
2962,3.43919626e-06,9.84370213,10434.3242578,0.8696009375630263,3.43919626e-06,6.18572181e-07,0.618572181,1.03251484e-06,9.87136527,10463.6471862,0.8720447226514254,1.03251484e-06,1.24205313e-06,1.24205313
2963,3.43919626e-06,9.84370213,10434.3242578,0.8696009375630263,3.43919626e-06,6.18572181e-07,0.618572181,1.03251484e-06,9.87136527,10463.6471862,0.8720447226514254,1.03251484e-06,1.24205313e-06,1.24205313
2964,3.43919626e-06,9.84370212,10434.3242472,0.8696009366796178,3.43919626e-06,6.18572181e-07,0.618572181,1.03251484e-06,9.87136527,10463.6471862,0.8720447226514254,1.03251484e-06,1.24205313e-06,1.24205313
2965,3.43919626e-06,9.84370212,10434.3242472,0.8696009366796178,3.43919626e-06,6.1857218e-07,0.61857218,1.03251484e-06,9.87136527,10463.6471862,0.8720447226514254,1.03251484e-06,1.24205313e-06,1.24205313
2966,3.43919626e-06,9.84370212,10434.3242472,0.8696009366796178,3.43919626e-06,6.1857218e-07,0.61857218,1.03251484e-06,9.87136527,10463.6471862,0.8720447226514254,1.03251484e-06,1.24205313e-06,1.24205313
2967,3.43919626e-06,9.84370211,10434.324236600001,0.8696009357962095,3.43919626e-06,6.1857218e-07,0.61857218,1.03251484e-06,9.87136527,10463.6471862,0.8720447226514254,1.03251484e-06,1.24205313e-06,1.24205313
2968,3.43919626e-06,9.84370211,10434.324236600001,0.8696009357962095,3.43919626e-06,6.1857218e-07,0.61857218,1.03251484e-06,9.87136527,10463.6471862,0.8720447226514254,1.03251484e-06,1.24205313e-06,1.24205313
2969,3.43919626e-06,9.84370211,10434.324236600001,0.8696009357962095,3.43919626e-06,6.18572179e-07,0.6185721789999999,1.03251484e-06,9.87136527,10463.6471862,0.8720447226514254,1.03251484e-06,1.24205313e-06,1.24205313
2970,3.43919626e-06,9.8437021,10434.324226,0.869600934912801,3.43919626e-06,6.18572179e-07,0.6185721789999999,1.03251484e-06,9.87136527,10463.6471862,0.8720447226514254,1.03251484e-06,1.24205313e-06,1.24205313
2971,3.43919626e-06,9.8437021,10434.324226,0.869600934912801,3.43919626e-06,6.18572179e-07,0.6185721789999999,1.03251484e-06,9.87136527,10463.6471862,0.8720447226514254,1.03251484e-06,1.24205312e-06,1.24205312
2972,3.43919626e-06,9.8437021,10434.324226,0.869600934912801,3.43919626e-06,6.18572179e-07,0.6185721789999999,1.03251484e-06,9.87136527,10463.6471862,0.8720447226514254,1.03251484e-06,1.24205312e-06,1.24205312
2973,3.43919626e-06,9.84370209,10434.3242154,0.8696009340293925,3.43919626e-06,6.18572179e-07,0.6185721789999999,1.03251484e-06,9.87136527,10463.6471862,0.8720447226514254,1.03251484e-06,1.24205312e-06,1.24205312
2974,3.43919626e-06,9.84370209,10434.3242154,0.8696009340293925,3.43919626e-06,6.18572178e-07,0.618572178,1.03251484e-06,9.87136527,10463.6471862,0.8720447226514254,1.03251484e-06,1.24205312e-06,1.24205312
2975,3.43919626e-06,9.84370209,10434.3242154,0.8696009340293925,3.43919626e-06,6.18572178e-07,0.618572178,1.03251484e-06,9.87136526,10463.6471756,0.872044721768017,1.03251484e-06,1.24205312e-06,1.24205312
2976,3.43919626e-06,9.84370209,10434.3242154,0.8696009340293925,3.43919626e-06,6.18572178e-07,0.618572178,1.03251484e-06,9.87136526,10463.6471756,0.872044721768017,1.03251484e-06,1.24205312e-06,1.24205312
2977,3.43919626e-06,9.84370208,10434.3242048,0.8696009331459841,3.43919626e-06,6.18572178e-07,0.618572178,1.03251484e-06,9.87136526,10463.6471756,0.872044721768017,1.03251484e-06,1.24205312e-06,1.24205312
2978,3.43919626e-06,9.84370208,10434.3242048,0.8696009331459841,3.43919626e-06,6.18572178e-07,0.618572178,1.03251484e-06,9.87136526,10463.6471756,0.872044721768017,1.03251484e-06,1.24205312e-06,1.24205312
2979,3.43919626e-06,9.84370208,10434.3242048,0.8696009331459841,3.43919626e-06,6.18572178e-07,0.618572178,1.03251484e-06,9.87136526,10463.6471756,0.872044721768017,1.03251484e-06,1.24205312e-06,1.24205312
2980,3.43919626e-06,9.84370207,10434.3241942,0.8696009322625757,3.43919626e-06,6.18572177e-07,0.618572177,1.03251484e-06,9.87136526,10463.6471756,0.872044721768017,1.03251484e-06,1.24205312e-06,1.24205312
2981,3.43919626e-06,9.84370207,10434.3241942,0.8696009322625757,3.43919626e-06,6.18572177e-07,0.618572177,1.03251484e-06,9.87136526,10463.6471756,0.872044721768017,1.03251484e-06,1.24205312e-06,1.24205312
2982,3.43919626e-06,9.84370207,10434.3241942,0.8696009322625757,3.43919626e-06,6.18572177e-07,0.618572177,1.03251484e-06,9.87136526,10463.6471756,0.872044721768017,1.03251484e-06,1.24205312e-06,1.24205312
2983,3.43919626e-06,9.84370207,10434.3241942,0.8696009322625757,3.43919626e-06,6.18572177e-07,0.618572177,1.03251484e-06,9.87136526,10463.6471756,0.872044721768017,1.03251484e-06,1.24205312e-06,1.24205312
2984,3.43919626e-06,9.84370206,10434.3241836,0.8696009313791673,3.43919626e-06,6.18572177e-07,0.618572177,1.03251484e-06,9.87136526,10463.6471756,0.872044721768017,1.03251484e-06,1.24205311e-06,1.24205311
2985,3.43919626e-06,9.84370206,10434.3241836,0.8696009313791673,3.43919626e-06,6.18572176e-07,0.6185721759999999,1.03251484e-06,9.87136526,10463.6471756,0.872044721768017,1.03251484e-06,1.24205311e-06,1.24205311
2986,3.43919626e-06,9.84370206,10434.3241836,0.8696009313791673,3.43919626e-06,6.18572176e-07,0.6185721759999999,1.03251484e-06,9.87136526,10463.6471756,0.872044721768017,1.03251484e-06,1.24205311e-06,1.24205311
2987,3.43919626e-06,9.84370206,10434.3241836,0.8696009313791673,3.43919626e-06,6.18572176e-07,0.6185721759999999,1.03251484e-06,9.87136526,10463.6471756,0.872044721768017,1.03251484e-06,1.24205311e-06,1.24205311
2988,3.43919626e-06,9.84370205,10434.324172999999,0.8696009304957587,3.43919626e-06,6.18572176e-07,0.6185721759999999,1.03251484e-06,9.87136525,10463.647165,0.8720447208846086,1.03251484e-06,1.24205311e-06,1.24205311
2989,3.43919626e-06,9.84370205,10434.324172999999,0.8696009304957587,3.43919626e-06,6.18572176e-07,0.6185721759999999,1.03251484e-06,9.87136525,10463.647165,0.8720447208846086,1.03251484e-06,1.24205311e-06,1.24205311
2990,3.43919626e-06,9.84370205,10434.324172999999,0.8696009304957587,3.43919626e-06,6.18572176e-07,0.6185721759999999,1.03251484e-06,9.87136525,10463.647165,0.8720447208846086,1.03251484e-06,1.24205311e-06,1.24205311
2991,3.43919626e-06,9.84370205,10434.324172999999,0.8696009304957587,3.43919626e-06,6.18572175e-07,0.618572175,1.03251484e-06,9.87136525,10463.647165,0.8720447208846086,1.03251484e-06,1.24205311e-06,1.24205311
2992,3.43919626e-06,9.84370205,10434.324172999999,0.8696009304957587,3.43919626e-06,6.18572175e-07,0.618572175,1.03251484e-06,9.87136525,10463.647165,0.8720447208846086,1.03251484e-06,1.24205311e-06,1.24205311
2993,3.43919626e-06,9.84370204,10434.3241624,0.8696009296123505,3.43919626e-06,6.18572175e-07,0.618572175,1.03251484e-06,9.87136525,10463.647165,0.8720447208846086,1.03251484e-06,1.24205311e-06,1.24205311
2994,3.43919626e-06,9.84370204,10434.3241624,0.8696009296123505,3.43919626e-06,6.18572175e-07,0.618572175,1.03251484e-06,9.87136525,10463.647165,0.8720447208846086,1.03251484e-06,1.24205311e-06,1.24205311
2995,3.43919626e-06,9.84370204,10434.3241624,0.8696009296123505,3.43919626e-06,6.18572175e-07,0.618572175,1.03251484e-06,9.87136525,10463.647165,0.8720447208846086,1.03251484e-06,1.24205311e-06,1.24205311
2996,3.43919626e-06,9.84370204,10434.3241624,0.8696009296123505,3.43919626e-06,6.18572175e-07,0.618572175,1.03251484e-06,9.87136525,10463.647165,0.8720447208846086,1.03251484e-06,1.24205311e-06,1.24205311
2997,3.43919626e-06,9.84370204,10434.3241624,0.8696009296123505,3.43919626e-06,6.18572175e-07,0.618572175,1.03251484e-06,9.87136525,10463.647165,0.8720447208846086,1.03251484e-06,1.24205311e-06,1.24205311
2998,3.43919626e-06,9.84370203,10434.3241518,0.8696009287289419,3.43919626e-06,6.18572174e-07,0.618572174,1.03251484e-06,9.87136525,10463.647165,0.8720447208846086,1.03251484e-06,1.24205311e-06,1.24205311
2999,3.43919626e-06,9.84370203,10434.3241518,0.8696009287289419,3.43919626e-06,6.18572174e-07,0.618572174,1.03251484e-06,9.87136525,10463.647165,0.8720447208846086,1.03251484e-06,1.24205311e-06,1.24205311
3000,3.43919626e-06,9.84370203,10434.3241518,0.8696009287289419,3.43919626e-06,6.18572174e-07,0.618572174,1.03251484e-06,9.87136524,10463.6471544,0.8720447200012001,1.03251484e-06,1.2420531e-06,1.2420531000000001
