iteration,measurementP_area_m2,measurementP_p_kin,measurementP_p_Pa,measurementP_p_over_Paorta,measurementFlux_area_m2,measurementFlux_Q_m3s,measurementFlux_Q_mls,throatP_area_m2,throatP_p_kin,throatP_p_Pa,throatP_p_over_Paorta,throatFlux_area_m2,throatFlux_Q_m3s,throatFlux_Q_mls
1,3.36955342e-06,8.62317439,9140.564853400001,0.7617784889548946,3.36955342e-06,4.31530644e-11,4.31530644e-05,2.39124894e-07,10.129685,10737.4661,0.8948649051836073,2.39124894e-07,5.94723189e-10,0.000594723189
2,3.36955342e-06,6.89011312,7303.5199072,0.608678396597044,3.36955342e-06,3.1334392e-11,3.1334392e-05,2.39124894e-07,9.37870377,9941.4259962,0.8285225907702155,2.39124894e-07,2.76648451e-09,0.00276648451
3,3.36955342e-06,7.39144341,7834.9300146,0.6529663366886185,3.36955342e-06,-2.61941103e-10,-0.000261941103,2.39124894e-07,9.60270391,10178.8661446,0.8483109518142377,2.39124894e-07,5.57688473e-09,0.00557688473
4,3.36955342e-06,8.66625341,9186.228614599999,0.7655841258673654,3.36955342e-06,-4.73814301e-10,-0.000473814301,2.39124894e-07,10.1633918,10773.195307999998,0.897842592287011,2.39124894e-07,7.8542202e-09,0.0078542202
5,3.36955342e-06,9.11081364,9657.4624584,0.8048569510408384,3.36955342e-06,-5.30118433e-10,-0.000530118433,2.39124894e-07,10.3579983,10979.478198,0.9150342944150254,2.39124894e-07,9.4424841e-09,0.0094424841
6,3.36955342e-06,8.67772935,9198.393111,0.7665979200732062,3.36955342e-06,-7.88391022e-10,-0.000788391022,2.39124894e-07,10.1624516,10772.198696000001,0.8977595342270761,2.39124894e-07,1.08929861e-08,0.0108929861
7,3.36955342e-06,8.10633721,8592.7174426,0.7161206571391902,3.36955342e-06,-1.45486337e-09,-0.00145486337,2.39124894e-07,9.90793396,10502.4099976,0.8752752315280132,2.39124894e-07,1.26164509e-08,0.0126164509
8,3.36955342e-06,7.9528013,8429.969378,0.7025571655257363,3.36955342e-06,-2.36339779e-09,-0.0023633977899999996,2.39124894e-07,9.84386445,10434.496317,0.8696152770485491,2.39124894e-07,1.45968013e-08,0.0145968013
9,3.36955342e-06,8.17358009,8663.9948954,0.7220609497973994,3.36955342e-06,-3.21150672e-09,-0.00321150672,2.39124894e-07,9.94738476,10544.2278456,0.8787603484296166,2.39124894e-07,1.65860316e-08,0.016586031600000002
10,3.36955342e-06,8.39485359,8898.5448054,0.7416084371671593,3.36955342e-06,-3.88168757e-09,-0.00388168757,2.39124894e-07,10.0512979,10654.375774,0.8879401227437665,2.39124894e-07,1.842362e-08,0.01842362
11,3.36955342e-06,8.38981127,8893.199946199999,0.7411629943711882,3.36955342e-06,-4.53222109e-09,-0.00453222109,2.39124894e-07,10.0496812,10652.662072000001,0.8877973021040123,2.39124894e-07,2.01484557e-08,0.0201484557
12,3.36955342e-06,8.2269979,8720.617774,0.7267799241268842,3.36955342e-06,-5.36086408e-09,-0.00536086408,2.39124894e-07,9.97598842,10574.5477252,0.8812872198470204,2.39124894e-07,2.18788114e-08,0.0218788114
13,3.36955342e-06,8.09472297,8580.4063482,0.7150946453948586,3.36955342e-06,-6.42370215e-09,-0.00642370215,2.39124894e-07,9.91714325,10512.171845,0.8760887879636436,2.39124894e-07,2.3676571e-08,0.023676571
14,3.36955342e-06,8.08728132,8572.5181992,0.71443724376572,3.36955342e-06,-7.56774038e-09,-0.007567740380000001,2.39124894e-07,9.91751125,10512.561925,0.8761212973936118,2.39124894e-07,2.55140596e-08,0.0255140596
15,3.36955342e-06,8.15092657,8639.982164199999,0.7200597187594278,3.36955342e-06,-8.56317061e-09,-0.00856317061,2.39124894e-07,9.9514248,10548.510288,0.8791172489661622,2.39124894e-07,2.73329156e-08,0.0273329156
16,3.36955342e-06,8.18502497,8676.1264682,0.7230720001366783,3.36955342e-06,-9.31574064e-09,-0.00931574064,2.39124894e-07,9.97077769,10569.0243514,0.8808268995697968,2.39124894e-07,2.91072647e-08,0.0291072647
17,3.36955342e-06,8.15051495,8639.545847,0.7200233559019183,3.36955342e-06,-9.93577168e-09,-0.00993577168,2.39124894e-07,9.95672612,10554.1296872,0.8795855720402902,2.39124894e-07,3.08554057e-08,0.030855405699999998
18,3.36955342e-06,8.08565893,8570.798465799999,0.7142939204665729,3.36955342e-06,-1.0607291e-08,-0.010607291,2.39124894e-07,9.9285524,10524.265544,0.8770966818846269,2.39124894e-07,3.2607709e-08,0.032607709
19,3.36955342e-06,8.04523718,8527.9514108,0.7107230290241338,3.36955342e-06,-1.13820792e-08,-0.011382079199999999,2.39124894e-07,9.91211545,10506.842376999999,0.8756446278767028,2.39124894e-07,3.43748353e-08,0.034374835299999996
20,3.36955342e-06,8.04382519,8526.4547014,0.7105982926382076,3.36955342e-06,-1.21329356e-08,-0.0121329356,2.39124894e-07,9.91443869,10509.305011400002,0.8758498648551796,2.39124894e-07,3.61442736e-08,0.0361442736
21,3.36955342e-06,8.05514196,8538.4504776,0.7115980256321787,3.36955342e-06,-1.27109823e-08,-0.0127109823,2.39124894e-07,9.92272728,10518.0909168,0.8765820858772996,2.39124894e-07,3.78999928e-08,0.0378999928
22,3.36955342e-06,8.05047175,8533.500055,0.7111854553470379,3.36955342e-06,-1.30953519e-08,-0.0130953519,2.39124894e-07,9.92294926,10518.3262156,0.8766016957774745,2.39124894e-07,3.96383216e-08,0.0396383216
23,3.36955342e-06,8.02583876,8507.3890856,0.7090093562619489,3.36955342e-06,-1.33784013e-08,-0.0133784013,2.39124894e-07,9.91329252,10508.0900712,0.8757486112319548,2.39124894e-07,4.13667724e-08,0.0413667724
24,3.36955342e-06,7.99785507,8477.7263742,0.706537253516549,3.36955342e-06,-1.36416828e-08,-0.0136416828,2.39124894e-07,9.90176006,10495.865663600001,0.874729824001707,2.39124894e-07,4.3092963e-08,0.043092963
25,3.36955342e-06,7.98111516,8459.9820696,0.7050584357670403,3.36955342e-06,-1.38738576e-08,-0.0138738576,2.39124894e-07,9.89578728,10489.5345168,0.8742021835856049,2.39124894e-07,4.4817391e-08,0.044817391
26,3.36955342e-06,7.97570398,8454.246218799999,0.7045804075679766,3.36955342e-06,-1.40047418e-08,-0.014004741800000001,2.39124894e-07,9.89504183,10488.7443398,0.8741363299047086,2.39124894e-07,4.65353572e-08,0.0465353572
27,3.36955342e-06,7.9714396,8449.725976,0.7042036886468683,3.36955342e-06,-1.39867193e-08,-0.0139867193,2.39124894e-07,9.89426635,10487.922331,0.874067823348318,2.39124894e-07,4.82427077e-08,0.0482427077
28,3.36955342e-06,7.9608487,8438.499622,0.703268079620101,3.36955342e-06,-1.38332761e-08,-0.0138332761,2.39124894e-07,9.89030902,10483.7275612,0.8737182294828394,2.39124894e-07,4.99393702e-08,0.0499393702
29,3.36955342e-06,7.94525988,8421.9754728,0.7018909501307612,3.36955342e-06,-1.35884304e-08,-0.0135884304,2.39124894e-07,9.8836804,10476.701223999999,0.87313265160872,2.39124894e-07,5.16278914e-08,0.0516278914
30,3.36955342e-06,7.93066112,8406.5007872,0.7006012833757537,3.36955342e-06,-1.32740708e-08,-0.0132740708,2.39124894e-07,9.87713635,10469.764531,0.8725545447196346,2.39124894e-07,5.33096995e-08,0.0533096995
31,3.36955342e-06,7.92043431,8395.6603686,0.6996978383662611,3.36955342e-06,-1.28746755e-08,-0.0128746755,2.39124894e-07,9.87255797,10464.9114482,0.8721500867740425,2.39124894e-07,5.49840243e-08,0.054984024299999996
32,3.36955342e-06,7.91325388,8388.0491128,0.6990635131319495,3.36955342e-06,-1.23646051e-08,-0.0123646051,2.39124894e-07,9.86897434,10461.1128004,0.8718335058813333,2.39124894e-07,5.66492372e-08,0.0566492372
33,3.36955342e-06,7.90567049,8380.010719400001,0.6983935900718229,3.36955342e-06,-1.17359792e-08,-0.0117359792,2.39124894e-07,9.86493298,10456.8289588,0.8714764887348759,2.39124894e-07,5.83043466e-08,0.0583043466
34,3.36955342e-06,7.896053,8369.81618,0.6975439729043635,3.36955342e-06,-1.10033653e-08,-0.0110033653,2.39124894e-07,9.85952145,10451.092737,0.8709984296165175,2.39124894e-07,5.99495484e-08,0.0599495484
35,3.36955342e-06,7.88552115,8358.652419,0.6966135804043344,3.36955342e-06,-1.01844843e-08,-0.0101844843,2.39124894e-07,9.85335261,10444.5537666,0.8704534690948731,2.39124894e-07,6.1585409e-08,0.06158540900000001
36,3.36955342e-06,7.87595918,8348.5167308,0.6957688679204399,3.36955342e-06,-9.28506889e-09,-0.009285068890000001,2.39124894e-07,9.84749246,10438.3420076,0.8699357785078399,2.39124894e-07,6.32119918e-08,0.0632119918
37,3.36955342e-06,7.86797919,8340.0579414,0.695063908882255,3.36955342e-06,-8.2996902e-09,-0.008299690200000001,2.39124894e-07,9.84194531,10432.462028599999,0.869445738604448,2.39124894e-07,6.48288351e-08,0.0648288351
38,3.36955342e-06,7.86080619,8332.4545614,0.6944302400204018,3.36955342e-06,-7.22205207e-09,-0.00722205207,2.39124894e-07,9.83640632,10426.5906992,0.8689564195623295,2.39124894e-07,6.64354171e-08,0.06643541709999999
39,3.36955342e-06,7.85332973,8324.5295138,0.6937697632465427,3.36955342e-06,-6.05494097e-09,-0.0060549409700000004,2.39124894e-07,9.83052688,10420.3584928,0.8684370248804482,2.39124894e-07,6.80315512e-08,0.0680315512
40,3.36955342e-06,7.84537117,8316.0934402,0.6930666973526084,3.36955342e-06,-4.80933425e-09,-0.00480933425,2.39124894e-07,9.82427516,10413.7316696,0.8678847426697937,2.39124894e-07,6.96172444e-08,0.0696172444
41,3.36955342e-06,7.83739727,8307.6411062,0.6923622763101531,3.36955342e-06,-3.49518364e-09,-0.00349518364,2.39124894e-07,9.81776872,10406.8348432,0.8673099582797872,2.39124894e-07,7.11925571e-08,0.0711925571
42,3.36955342e-06,7.82993506,8299.731163600001,0.6917030583932969,3.36955342e-06,-2.11618695e-09,-0.00211618695,2.39124894e-07,9.81122381,10399.897238599999,0.8667317754175771,2.39124894e-07,7.27575206e-08,0.0727575206
43,3.36955342e-06,7.82307125,8292.455525,0.6910967036364758,3.36955342e-06,-6.73431535e-10,-0.0006734315350000001,2.39124894e-07,9.80472825,10393.011945,0.866157952175935,2.39124894e-07,7.43120356e-08,0.0743120356
44,3.36955342e-06,7.81647386,8285.4622916,0.6905138846468617,3.36955342e-06,8.30005203e-10,0.0008300052029999999,2.39124894e-07,9.79815335,10386.042551,0.8655771199718644,2.39124894e-07,7.5856029e-08,0.075856029
45,3.36955342e-06,7.80926751,8277.8235606,0.6898772696179175,3.36955342e-06,2.39276709e-09,0.0023927670899999997,2.39124894e-07,9.79127602,10378.7525812,0.8649695708468553,2.39124894e-07,7.73896629e-08,0.07738966289999999
46,3.36955342e-06,7.80177029,8269.8765074,0.6892149588881722,3.36955342e-06,4.01904211e-09,0.00401904211,2.39124894e-07,9.78421261,10371.2653666,0.8643455832579103,2.39124894e-07,7.8913159e-08,0.078913159
47,3.36955342e-06,7.79437305,8262.035433,0.6885614804758404,3.36955342e-06,5.70592129e-09,0.00570592129,2.39124894e-07,9.77709769,10363.7235514,0.8637170452321782,2.39124894e-07,8.04267716e-08,0.0804267716
48,3.36955342e-06,7.78740348,8254.6476888,0.6879457827915373,3.36955342e-06,7.44664855e-09,0.00744664855,2.39124894e-07,9.77008776,10356.2930256,0.8630977821114795,2.39124894e-07,8.19305329e-08,0.0819305329
49,3.36955342e-06,7.78077823,8247.6249238,0.6873605026260565,3.36955342e-06,9.23251811e-09,0.00923251811,2.39124894e-07,9.76310121,10348.8872826,0.862480584399674,2.39124894e-07,8.34243985e-08,0.0834243985
50,3.36955342e-06,7.77426363,8240.7194478,0.6867849973747769,3.36955342e-06,1.10541943e-08,0.0110541943,2.39124894e-07,9.7562122,10341.584932,0.8618720034536269,2.39124894e-07,8.49084617e-08,0.0849084617
51,3.36955342e-06,7.76771011,8233.7727166,0.6862060538979147,3.36955342e-06,1.29043049e-08,0.0129043049,2.39124894e-07,9.74933958,10334.299954799999,0.8612648704139851,2.39124894e-07,8.63831281e-08,0.0863831281
52,3.36955342e-06,7.76106489,8226.7287834,0.6856190095658131,3.36955342e-06,1.47775113e-08,0.014777511299999999,2.39124894e-07,9.74243478,10326.9808668,0.8606548945660382,2.39124894e-07,8.78486367e-08,0.0878486367
53,3.36955342e-06,7.75447261,8219.7409666,0.6850366419979033,3.36955342e-06,1.66686566e-08,0.0166686566,2.39124894e-07,9.73553231,10319.6642486,0.8600451245522537,2.39124894e-07,8.930504e-08,0.08930504
54,3.36955342e-06,7.74808032,8212.9651392,0.6844719417150458,3.36955342e-06,1.85716793e-08,0.0185716793,2.39124894e-07,9.72875787,10312.483342200001,0.8594466648165096,2.39124894e-07,9.07523886e-08,0.09075238860000001
55,3.36955342e-06,7.74186565,8206.377589,0.6839229325325986,3.36955342e-06,2.04796841e-08,0.0204796841,2.39124894e-07,9.72217267,10305.503030200001,0.8588649227017632,2.39124894e-07,9.2190946e-08,0.092190946
56,3.36955342e-06,7.73568318,8199.8241708,0.6833767679252737,3.36955342e-06,2.23861918e-08,0.0223861918,2.39124894e-07,9.71557269,10298.5070514,0.8582818749093674,2.39124894e-07,9.36211205e-08,0.0936211205
57,3.36955342e-06,7.72942291,8193.1882846,0.6828237304004174,3.36955342e-06,2.42859243e-08,0.0242859243,2.39124894e-07,9.70897619,10291.5147614,0.8576991345431029,2.39124894e-07,9.50430907e-08,0.0950430907
58,3.36955342e-06,7.72319881,8186.590738600001,0.6822738881638274,3.36955342e-06,2.61741372e-08,0.0261741372,2.39124894e-07,9.70247471,10284.6231926,0.8571247883236742,2.39124894e-07,9.64569365e-08,0.09645693649999999
59,3.36955342e-06,7.71707119,8180.0954614,0.6817325690517028,3.36955342e-06,2.80456804e-08,0.0280456804,2.39124894e-07,9.69609197,10277.8574882,0.8565609316958608,2.39124894e-07,9.78629154e-08,0.0978629154
60,3.36955342e-06,7.71096307,8173.6208542,0.6811929725860032,3.36955342e-06,2.9895627e-08,0.029895627,2.39124894e-07,9.68970399,10271.0862294,0.8559966121620338,2.39124894e-07,9.92612163e-08,0.09926121630000001
61,3.36955342e-06,7.70496153,8167.2592218,0.6806627914872765,3.36955342e-06,3.17195484e-08,0.0317195484,2.39124894e-07,9.68340602,10264.4103812,0.8554402441874226,2.39124894e-07,1.00651974e-07,0.100651974
62,3.36955342e-06,7.69894883,8160.8857598,0.6801316245047496,3.36955342e-06,3.35128359e-08,0.0335128359,2.39124894e-07,9.67713672,10257.7649232,0.8548864089447603,2.39124894e-07,1.02035431e-07,0.102035431
63,3.36955342e-06,7.69298084,8154.559690399999,0.6796044072412821,3.36955342e-06,3.52722055e-08,0.0352722055,2.39124894e-07,9.67094437,10251.2010322,0.8543393715299135,2.39124894e-07,1.03411737e-07,0.103411737
64,3.36955342e-06,7.68705789,8148.2813634,0.6790811688493522,3.36955342e-06,3.69944472e-08,0.036994447199999995,2.39124894e-07,9.66474841,10244.6333146,0.8537920152046258,2.39124894e-07,1.04781055e-07,0.104781055
65,3.36955342e-06,7.6812024,8142.074544,0.6785638899306441,3.36955342e-06,3.86761919e-08,0.038676191900000004,2.39124894e-07,9.65866964,10238.1898184,0.8532550115426478,2.39124894e-07,1.06143508e-07,0.106143508
66,3.36955342e-06,7.67538015,8135.902959,0.6780495474615342,3.36955342e-06,4.03145418e-08,0.0403145418,2.39124894e-07,9.65250048,10231.650508800001,0.8527100227519341,2.39124894e-07,1.07499207e-07,0.107499207
67,3.36955342e-06,7.6696016,8129.777696,0.6775390654872331,3.36955342e-06,4.19071484e-08,0.041907148400000004,2.39124894e-07,9.6463958,10225.179548,0.8521707301787319,2.39124894e-07,1.08848325e-07,0.108848325
68,3.36955342e-06,7.66389203,8123.7255518,0.6770346772642342,3.36955342e-06,4.345192e-08,0.04345192,2.39124894e-07,9.64039638,10218.8201628,0.8516407363625909,2.39124894e-07,1.10190965e-07,0.110190965
69,3.36955342e-06,7.65829243,8117.7899758,0.6765400038836635,3.36955342e-06,4.494697e-08,0.04494697,2.39124894e-07,9.63439368,10212.4573008,0.8511104527884871,2.39124894e-07,1.11527218e-07,0.111527218
70,3.36955342e-06,7.65281544,8111.9843664,0.6760561619737678,3.36955342e-06,4.63904163e-08,0.0463904163,2.39124894e-07,9.6283989,10206.102834000001,0.8505808688738544,2.39124894e-07,1.12857165e-07,0.11285716500000001
71,3.36955342e-06,7.64736376,8106.205585600001,0.6755745559705909,3.36955342e-06,4.77811649e-08,0.0477811649,2.39124894e-07,9.62245591,10199.8032646,0.8500558601314445,2.39124894e-07,1.14180878e-07,0.114180878
72,3.36955342e-06,7.64196773,8100.4857938000005,0.6750978661352882,3.36955342e-06,4.91187796e-08,0.0491187796,2.39124894e-07,9.61655311,10193.5462966,0.849534401807487,2.39124894e-07,1.15498424e-07,0.115498424
73,3.36955342e-06,7.63668399,8094.885029399999,0.6746310960931678,3.36955342e-06,5.04028237e-08,0.0504028237,2.39124894e-07,9.61067396,10187.3143976,0.8490150327444499,2.39124894e-07,1.16809869e-07,0.116809869
74,3.36955342e-06,7.6315546,8089.447876,0.6741779614600575,3.36955342e-06,5.1632817e-08,0.051632817000000004,2.39124894e-07,9.6047978,10181.085668,0.8484959278205314,2.39124894e-07,1.18115269e-07,0.11811526900000001
75,3.36955342e-06,7.62656662,8084.1606172,0.6737373191054573,3.36955342e-06,5.28084819e-08,0.052808481899999996,2.39124894e-07,9.59894936,10174.8863216,0.8479792717047617,2.39124894e-07,1.19414659e-07,0.11941465899999999
76,3.36955342e-06,7.62169447,8078.9961382,0.6733069092706214,3.36955342e-06,5.39299823e-08,0.0539299823,2.39124894e-07,9.59314306,10168.731643599998,0.8474663382720864,2.39124894e-07,1.20708053e-07,0.12070805300000001
77,3.36955342e-06,7.61694294,8073.9595164,0.6728871551081842,3.36955342e-06,5.49979564e-08,0.0549979564,2.39124894e-07,9.58737267,10162.6150302,0.8469565771590586,2.39124894e-07,1.21995466e-07,0.121995466
78,3.36955342e-06,7.61233368,8069.0737008,0.6724799691973817,3.36955342e-06,5.60132899e-08,0.0560132899,2.39124894e-07,9.58163025,10156.528065,0.8464492869393899,2.39124894e-07,1.2327691e-07,0.12327690999999999
79,3.36955342e-06,7.6078876,8064.360855999999,0.6720871987452266,3.36955342e-06,5.69769473e-08,0.0569769473,2.39124894e-07,9.5759076,10150.462056,0.8459437432181736,2.39124894e-07,1.24552388e-07,0.124552388
80,3.36955342e-06,7.6036161,8059.833066,0.6717098508373212,3.36955342e-06,5.78899342e-08,0.0578899342,2.39124894e-07,9.57021447,10144.4273382,0.845440807318622,2.39124894e-07,1.25821891e-07,0.125821891
81,3.36955342e-06,7.59952656,8055.4981536000005,0.6713485774290815,3.36955342e-06,5.87535142e-08,0.058753514199999995,2.39124894e-07,9.56455413,10138.427377799999,0.8449407681152897,2.39124894e-07,1.270854e-07,0.1270854
82,3.36955342e-06,7.59561801,8051.3550906,0.6710032928298906,3.36955342e-06,5.9569218e-08,0.059569218,2.39124894e-07,9.5589272,10132.462832,0.8444436803794989,2.39124894e-07,1.28342885e-07,0.12834288500000002
83,3.36955342e-06,7.59189331,8047.4069086,0.6706742496945574,3.36955342e-06,6.03388124e-08,0.0603388124,2.39124894e-07,9.55333131,10126.5311886,0.8439493347434532,2.39124894e-07,1.29594314e-07,0.129594314
84,3.36955342e-06,7.58835792,8043.6593952,0.670361930364081,3.36955342e-06,6.10641822e-08,0.0610641822,2.39124894e-07,9.54777072,10120.6369632,0.8434581075391409,2.39124894e-07,1.30839651e-07,0.130839651
85,3.36955342e-06,7.58501647,8040.1174582,0.6700667438565612,3.36955342e-06,6.17472874e-08,0.0617472874,2.39124894e-07,9.54225154,10114.7866324,0.8429705385291084,2.39124894e-07,1.32078854e-07,0.132078854
86,3.36955342e-06,7.58186791,8036.7799846,0.6697885974141136,3.36955342e-06,6.23902817e-08,0.062390281699999994,2.39124894e-07,9.53680892,10109.0174552,0.8424897328939628,2.39124894e-07,1.33311877e-07,0.133311877
87,3.36955342e-06,7.57898578,8033.7249268,0.6695339876222812,3.36955342e-06,6.29953029e-08,0.0629953029,2.39124894e-07,9.53131322,10103.1920132,0.8420042381269075,2.39124894e-07,1.34538664e-07,0.134538664
88,3.36955342e-06,7.5763276,8030.9072559999995,0.669299161762083,3.36955342e-06,6.3564261e-08,0.06356426100000001,2.39124894e-07,9.52585872,10097.4102432,0.8415223830025552,2.39124894e-07,1.35759153e-07,0.135759153
89,3.36955342e-06,7.5738634,8028.295203999999,0.6690814722584753,3.36955342e-06,6.4099585e-08,0.064099585,2.39124894e-07,9.52052109,10091.7523554,0.8410508522724431,2.39124894e-07,1.36973283e-07,0.136973283
90,3.36955342e-06,7.57162388,8025.9213128,0.6688836311753166,3.36955342e-06,6.4603949e-08,0.06460394900000001,2.39124894e-07,9.51520413,10086.116377800001,0.8405811475475417,2.39124894e-07,1.38180996e-07,0.138180996
91,3.36955342e-06,7.56960214,8023.778268399999,0.668705028960795,3.36955342e-06,6.50798812e-08,0.06507988120000001,2.39124894e-07,9.50994554,10080.5422724,0.8401165992776053,2.39124894e-07,1.39382245e-07,0.13938224500000002
92,3.36955342e-06,7.56781658,8021.8855748,0.668547291086409,3.36955342e-06,6.55297897e-08,0.0655297897,2.39124894e-07,9.50468381,10074.964838599999,0.839651773617424,2.39124894e-07,1.40576972e-07,0.140576972
93,3.36955342e-06,7.56628582,8020.2629692,0.6684120624586424,3.36955342e-06,6.59560455e-08,0.0659560455,2.39124894e-07,9.49953199,10069.5039094,0.8391966574992208,2.39124894e-07,1.41765114e-07,0.141765114
94,3.36955342e-06,7.56498142,8018.880305199999,0.6682968306639397,3.36955342e-06,6.63611624e-08,0.0663611624,2.39124894e-07,9.49440918,10064.0737308,0.8387441041488527,2.39124894e-07,1.42946594e-07,0.142946594
95,3.36955342e-06,7.56380969,8017.6382714,0.6681933190487859,3.36955342e-06,6.67479131e-08,0.0667479131,2.39124894e-07,9.48949064,10058.8600784,0.8383095961823421,2.39124894e-07,1.44121345e-07,0.144121345
96,3.36955342e-06,7.56300923,8016.7897838,0.6681226057381544,3.36955342e-06,6.71189387e-08,0.0671189387,2.39124894e-07,9.48441552,10053.480451200001,0.8378612558067436,2.39124894e-07,1.45289307e-07,0.145289307
97,3.36955342e-06,7.56255188,8016.3049928,0.6680822030539263,3.36955342e-06,6.74755869e-08,0.06747558690000001,2.39124894e-07,9.4793257,10048.085242000001,0.8374116168207633,2.39124894e-07,1.46450513e-07,0.146450513
98,3.36955342e-06,7.56223024,8015.964054399999,0.6680537891054072,3.36955342e-06,6.78199404e-08,0.0678199404,2.39124894e-07,9.47449263,10042.9621878,0.8369846593460444,2.39124894e-07,1.47604912e-07,0.147604912
99,3.36955342e-06,7.56203929,8015.761647400001,0.6680369204215693,3.36955342e-06,6.81553649e-08,0.0681553649,2.39124894e-07,9.46984723,10038.038063799999,0.836574280797201,2.39124894e-07,1.48752372e-07,0.148752372
100,3.36955342e-06,7.56200343,8015.7236358,0.6680337525189641,3.36955342e-06,6.8484859e-08,0.068484859,2.39124894e-07,9.46527725,10033.193885,0.8361705649146844,2.39124894e-07,1.49892811e-07,0.14989281100000001
101,3.36955342e-06,7.56235699,8016.0984094,0.6680649863071695,3.36955342e-06,6.88104042e-08,0.06881040420000001,2.39124894e-07,9.46057348,10028.207888800001,0.8357550299108759,2.39124894e-07,1.51026232e-07,0.151026232
102,3.36955342e-06,7.56301815,8016.799239000001,0.6681233937384679,3.36955342e-06,6.91331358e-08,0.0691331358,2.39124894e-07,9.45594004,10023.2964424,0.8353457079185065,2.39124894e-07,1.52152713e-07,0.152152713
103,3.36955342e-06,7.56384103,8017.6714918,0.6681960876507836,3.36955342e-06,6.94549172e-08,0.06945491720000001,2.39124894e-07,9.45148432,10018.573379200001,0.8349520858606316,2.39124894e-07,1.53272205e-07,0.153272205
104,3.36955342e-06,7.56481469,8018.7035714,0.6682821015953023,3.36955342e-06,6.97780556e-08,0.0697780556,2.39124894e-07,9.44720571,10014.0380526,0.8345741098493373,2.39124894e-07,1.54384603e-07,0.154384603
105,3.36955342e-06,7.56597593,8019.9344857999995,0.6683846865150205,3.36955342e-06,7.01047424e-08,0.0701047424,2.39124894e-07,9.44301806,10009.5991436,0.834204169321059,2.39124894e-07,1.55489847e-07,0.155489847
106,3.36955342e-06,7.56740138,8021.445462799999,0.668510611968684,3.36955342e-06,7.04367502e-08,0.0704367502,2.39124894e-07,9.43881307,10005.141854200001,0.8338326969625752,2.39124894e-07,1.5658795e-07,0.15658795
107,3.36955342e-06,7.56906499,8023.2088894,0.6686575766773509,3.36955342e-06,7.07754724e-08,0.0707754724,2.39124894e-07,9.43468607,10000.7672342,0.8334681143063828,2.39124894e-07,1.57678961e-07,0.157678961
108,3.36955342e-06,7.57095788,8025.2153528,0.6688247961743415,3.36955342e-06,7.11221592e-08,0.0711221592,2.39124894e-07,9.43067161,9996.511906599999,0.8331134735285832,2.39124894e-07,1.58762878e-07,0.15876287800000002
109,3.36955342e-06,7.57303182,8027.4137292,0.6690080097808314,3.36955342e-06,7.14781518e-08,0.0714781518,2.39124894e-07,9.42679815,9992.406039,0.8327712888095488,2.39124894e-07,1.59839677e-07,0.159839677
110,3.36955342e-06,7.57526484,8029.7807304,0.6692052766485151,3.36955342e-06,7.18448565e-08,0.0718448565,2.39124894e-07,9.42303399,9988.416029400001,0.8324387597445784,2.39124894e-07,1.6090932e-07,0.16090932
111,3.36955342e-06,7.57768173,8032.3426338,0.6694187867468735,3.36955342e-06,7.22235088e-08,0.0722235088,2.39124894e-07,9.41934181,9984.5023186,0.8321125894534369,2.39124894e-07,1.61971794e-07,0.161971794
112,3.36955342e-06,7.58030033,8035.1183498,0.6696501160765332,3.36955342e-06,7.26150861e-08,0.07261508609999999,2.39124894e-07,9.41571082,9980.653469199999,0.831791824738436,2.39124894e-07,1.6302712e-07,0.16302712
113,3.36955342e-06,7.58311737,8038.1044122,0.6698989757629399,3.36955342e-06,7.30203594e-08,0.0730203594,2.39124894e-07,9.4121644,9976.894264,0.8314785310084691,2.39124894e-07,1.64075325e-07,0.164075325
114,3.36955342e-06,7.58611702,8041.2840412,0.6701639673705598,3.36955342e-06,7.34400048e-08,0.0734400048,2.39124894e-07,9.40871052,9973.2331512,0.8311734123400489,2.39124894e-07,1.6511642e-07,0.16511641999999999
115,3.36955342e-06,7.5892643,8044.620158,0.6704420007367293,3.36955342e-06,7.38746528e-08,0.0738746528,2.39124894e-07,9.40535771,9969.679172600001,0.8308772222805606,2.39124894e-07,1.66150403e-07,0.166150403
116,3.36955342e-06,7.59257355,8048.127963,0.6707343426691269,3.36955342e-06,7.43248269e-08,0.0743248269,2.39124894e-07,9.40210328,9966.229476800001,0.8305897231931382,2.39124894e-07,1.67177268e-07,0.16717726800000002
117,3.36955342e-06,7.59604215,8051.804679,0.6710407617147458,3.36955342e-06,7.47909426e-08,0.0747909426,2.39124894e-07,9.39892151,9962.856800599999,0.8303086429513175,2.39124894e-07,1.68197019e-07,0.168197019
118,3.36955342e-06,7.59970196,8055.6840776,0.6713640724128218,3.36955342e-06,7.5273303e-08,0.075273303,2.39124894e-07,9.39575751,9959.502960599999,0.8300291325262646,2.39124894e-07,1.69209679e-07,0.169209679
119,3.36955342e-06,7.60348614,8059.695308400001,0.6716983700614553,3.36955342e-06,7.57720393e-08,0.07577203930000001,2.39124894e-07,9.39269677,9956.2585762,0.8297587441765883,2.39124894e-07,1.70215276e-07,0.170215276
120,3.36955342e-06,7.60740199,8063.8461093999995,0.672044299548795,3.36955342e-06,7.62871039e-08,0.0762871039,2.39124894e-07,9.38970158,9953.0836748,0.8294941465691251,2.39124894e-07,1.71213823e-07,0.17121382300000001
121,3.36955342e-06,7.61144734,8068.134180399999,0.6724016691752132,3.36955342e-06,7.6818345e-08,0.076818345,2.39124894e-07,9.38679771,9950.0055726,0.829237616247381,2.39124894e-07,1.72205328e-07,0.172205328
122,3.36955342e-06,7.61563993,8072.5783258,0.6727720461072525,3.36955342e-06,7.73655833e-08,0.0773655833,2.39124894e-07,9.38393841,9946.9747146,0.8289850232769786,2.39124894e-07,1.73189796e-07,0.173189796
123,3.36955342e-06,7.61995476,8077.1520456,0.6731532218238551,3.36955342e-06,7.79285972e-08,0.0779285972,2.39124894e-07,9.38117086,9944.0411116,0.8287405355788575,2.39124894e-07,1.74167242e-07,0.174167242
124,3.36955342e-06,7.6243919,8081.855414,0.67354520250888,3.36955342e-06,7.85070418e-08,0.07850704180000001,2.39124894e-07,9.37847286,9941.1812316,0.8285021919863188,2.39124894e-07,1.75137685e-07,0.17513768500000002
125,3.36955342e-06,7.62895724,8086.6946744,0.6739485084898883,3.36955342e-06,7.91004484e-08,0.07910044840000001,2.39124894e-07,9.37575331,9938.2985086,0.8282619446486286,2.39124894e-07,1.76101149e-07,0.176101149
126,3.36955342e-06,7.63364082,8091.6592692,0.6743622598920909,3.36955342e-06,7.97082456e-08,0.0797082456,2.39124894e-07,9.37305699,9935.4404094,0.8280237494687048,2.39124894e-07,1.77057662e-07,0.17705766199999998
127,3.36955342e-06,7.63839852,8096.7024312,0.674782559117525,3.36955342e-06,8.03298007e-08,0.0803298007,2.39124894e-07,9.37049602,9932.725781199999,0.8277975112217871,2.39124894e-07,1.78007239e-07,0.178007239
128,3.36955342e-06,7.64329213,8101.889657799999,0.6752148647468368,3.36955342e-06,8.09643576e-08,0.08096435760000001,2.39124894e-07,9.36789201,9929.9655306,0.8275674707850168,2.39124894e-07,1.78949889e-07,0.178949889
129,3.36955342e-06,7.64829002,8107.1874212,0.6756563825591843,3.36955342e-06,8.16111673e-08,0.0816111673,2.39124894e-07,9.36537872,9927.3014432,0.8273454446294602,2.39124894e-07,1.79885621e-07,0.179885621
130,3.36955342e-06,7.65336402,8112.5658612,0.6761046239930394,3.36955342e-06,8.22695095e-08,0.0822695095,2.39124894e-07,9.36292449,9924.699959399999,0.8271286358840501,2.39124894e-07,1.80814445e-07,0.180814445
131,3.36955342e-06,7.65851056,8118.0211936,0.6765592736715954,3.36955342e-06,8.29385036e-08,0.0829385036,2.39124894e-07,9.36051253,9922.1432818,0.8269155613060444,2.39124894e-07,1.81736399e-07,0.181736399
132,3.36955342e-06,7.66375255,8123.577703,0.6770223554835495,3.36955342e-06,8.3617194e-08,0.083617194,2.39124894e-07,9.35809113,9919.5765978,0.8267016527904872,2.39124894e-07,1.82651514e-07,0.182651514
133,3.36955342e-06,7.66909289,8129.2384634,0.6774941256173441,3.36955342e-06,8.43046202e-08,0.0843046202,2.39124894e-07,9.35567158,9917.011874799999,0.8264879077054882,2.39124894e-07,1.8355981e-07,0.18355981000000002
134,3.36955342e-06,7.6745159,8134.986854000001,0.6779731988885723,3.36955342e-06,8.49998085e-08,0.0849998085,2.39124894e-07,9.35330234,9914.5004804,0.8262786070482658,2.39124894e-07,1.84461296e-07,0.184461296
135,3.36955342e-06,7.68000208,8140.8022048,0.6784578526508087,3.36955342e-06,8.57017504e-08,0.0857017504,2.39124894e-07,9.35098282,9912.0417892,0.8260736986977227,2.39124894e-07,1.8535599e-07,0.18535599
136,3.36955342e-06,7.6855813,8146.716178,0.6789507256450131,3.36955342e-06,8.64094303e-08,0.0864094303,2.39124894e-07,9.34864021,9909.5586226,0.8258667505571307,2.39124894e-07,1.86243917e-07,0.186243917
137,3.36955342e-06,7.69120259,8152.6747454,0.6794473151384535,3.36955342e-06,8.71218177e-08,0.08712181769999999,2.39124894e-07,9.34637384,9907.1562704,0.8256665375223562,2.39124894e-07,1.87125093e-07,0.187125093
138,3.36955342e-06,7.69689392,8158.7075552,0.6799500920244888,3.36955342e-06,8.78378604e-08,0.0878378604,2.39124894e-07,9.34414139,9904.789873400001,0.8254693210089525,2.39124894e-07,1.87999547e-07,0.187999547
139,3.36955342e-06,7.70265645,8164.815837,0.6804591587784962,3.36955342e-06,8.85565099e-08,0.08855650990000001,2.39124894e-07,9.34189819,9902.4120814,0.825271154831494,2.39124894e-07,1.88867299e-07,0.188867299
140,3.36955342e-06,7.70846069,8170.968331399999,0.6809719102290361,3.36955342e-06,8.9276725e-08,0.089276725,2.39124894e-07,9.3397314,9900.115284,0.8250797387777961,2.39124894e-07,1.89728384e-07,0.189728384
141,3.36955342e-06,7.71438129,8177.2441674,0.6814949410199868,3.36955342e-06,8.99974349e-08,0.0899974349,2.39124894e-07,9.33743227,9897.6782062,0.8248766316970276,2.39124894e-07,1.9058283e-07,0.19058283
142,3.36955342e-06,7.72030868,8183.527200799999,0.6820185716452565,3.36955342e-06,9.0717527e-08,0.09071752699999999,2.39124894e-07,9.33529997,9895.4179682,0.8246882625189808,2.39124894e-07,1.9143066e-07,0.19143066
143,3.36955342e-06,7.72631469,8189.8935714,0.6825491476275484,3.36955342e-06,9.14361464e-08,0.0914361464,2.39124894e-07,9.33312974,9893.1175244,0.8244965425727854,2.39124894e-07,1.92271888e-07,0.192271888
144,3.36955342e-06,7.73236101,8196.3026706,0.6830832846291935,3.36955342e-06,9.21522409e-08,0.0921522409,2.39124894e-07,9.3310439,9890.906534,0.824312277710272,2.39124894e-07,1.93106548e-07,0.19310654800000002
145,3.36955342e-06,7.73847032,8202.7785392,0.6836229862204954,3.36955342e-06,9.28648768e-08,0.09286487680000001,2.39124894e-07,9.32894512,9888.6818272,0.8241268697172593,2.39124894e-07,1.93934663e-07,0.19393466299999998
146,3.36955342e-06,7.74463487,8209.3129622,0.6841675677599263,3.36955342e-06,9.35730561e-08,0.0935730561,2.39124894e-07,9.32684425,9886.454905,0.8239412770918862,2.39124894e-07,1.94756268e-07,0.19475626799999998
147,3.36955342e-06,7.75087972,8215.9325032,0.6847192430689942,3.36955342e-06,9.42757756e-08,0.0942757756,2.39124894e-07,9.32471083,9884.1934798,0.823752808972096,2.39124894e-07,1.95571408e-07,0.195571408
148,3.36955342e-06,7.75713003,8222.5578318,0.6852714007190612,3.36955342e-06,9.49721404e-08,0.0949721404,2.39124894e-07,9.3227218,9882.085108,0.8235770963865262,2.39124894e-07,1.96380113e-07,0.196380113
149,3.36955342e-06,7.76343585,8229.242000999999,0.6858284621692843,3.36955342e-06,9.56616546e-08,0.09566165459999999,2.39124894e-07,9.32077407,9880.020514200001,0.8234050322777438,2.39124894e-07,1.97182389e-07,0.197182389
150,3.36955342e-06,7.7697919,8235.979414000001,0.6863899609800168,3.36955342e-06,9.63434707e-08,0.09634347069999999,2.39124894e-07,9.31884144,9877.9719264,0.8232343021156798,2.39124894e-07,1.97978266e-07,0.197978266
151,3.36955342e-06,7.77619478,8242.7664668,0.686955596792394,3.36955342e-06,9.70168004e-08,0.09701680039999999,2.39124894e-07,9.31690232,9875.9164592,0.8230629986215495,2.39124894e-07,1.98767782e-07,0.198767782
152,3.36955342e-06,7.7826643,8249.624158,0.6875271196385027,3.36955342e-06,9.7680883e-08,0.097680883,2.39124894e-07,9.31494927,9873.8462262,0.8228904645394859,2.39124894e-07,1.99550984e-07,0.19955098400000001
153,3.36955342e-06,7.78917513,8256.5256378,0.6881022918448068,3.36955342e-06,9.83350274e-08,0.0983350274,2.39124894e-07,9.3130903,9871.875718000001,0.8227262415638664,2.39124894e-07,2.00327906e-07,0.200327906
154,3.36955342e-06,7.7957403,8263.484718,0.6886822644924818,3.36955342e-06,9.89786721e-08,0.0989786721,2.39124894e-07,9.31128253,9869.9594818,0.8225665416393727,2.39124894e-07,2.01098561e-07,0.20109856099999998
155,3.36955342e-06,7.80236488,8270.5067728,0.6892674854695983,3.36955342e-06,9.96112895e-08,0.09961128949999999,2.39124894e-07,9.30947488,9868.043372799999,0.8224068523157801,2.39124894e-07,2.01862994e-07,0.201862994
156,3.36955342e-06,7.80902356,8277.5649736,0.6898557188694372,3.36955342e-06,1.00232401e-07,0.10023240100000001,2.39124894e-07,9.30771905,9866.182192999999,0.8222517408146358,2.39124894e-07,2.02621251e-07,0.202621251
157,3.36955342e-06,7.81572865,8284.672369,0.6904480521677676,3.36955342e-06,1.00841575e-07,0.100841575,2.39124894e-07,9.30601108,9864.371744799999,0.8221008573062043,2.39124894e-07,2.03373349e-07,0.203373349
158,3.36955342e-06,7.82248561,8291.8347466,0.6910449677055883,3.36955342e-06,1.01438411e-07,0.10143841099999999,2.39124894e-07,9.30435956,9862.6211336,0.821954960638321,2.39124894e-07,2.04119316e-07,0.20411931600000002
159,3.36955342e-06,7.8293017,8299.059802,0.6916471068374145,3.36955342e-06,1.02022557e-07,0.102022557,2.39124894e-07,9.302745,9860.9097,0.8218123290479691,2.39124894e-07,2.04859181e-07,0.204859181
160,3.36955342e-06,7.83617716,8306.3477896,0.6922544907650484,3.36955342e-06,1.02593708e-07,0.10259370799999999,2.39124894e-07,9.30116623,9859.2362038,0.8216728591763632,2.39124894e-07,2.05592986e-07,0.205592986
161,3.36955342e-06,7.84310658,8313.6929748,0.692866641564533,3.36955342e-06,1.03151622e-07,0.103151622,2.39124894e-07,9.29963716,9857.6153896,0.8215377798446202,2.39124894e-07,2.06320771e-07,0.20632077100000001
162,3.36955342e-06,7.85008405,8321.089093,0.6934830371414904,3.36955342e-06,1.03696119e-07,0.103696119,2.39124894e-07,9.29814444,9856.0331064,0.8214059117024948,2.39124894e-07,2.07042565e-07,0.20704256499999998
163,3.36955342e-06,7.8571109,8328.537554,0.6941037949892408,3.36955342e-06,1.04227085e-07,0.104227085,2.39124894e-07,9.2967232,9854.526592,0.8212803581637773,2.39124894e-07,2.07758393e-07,0.20775839299999999
164,3.36955342e-06,7.86418946,8336.0408276,0.6947291209419467,3.36955342e-06,1.04744453e-07,0.104744453,2.39124894e-07,9.29537123,9853.0935038,0.8211609239952063,2.39124894e-07,2.08468276e-07,0.208468276
165,3.36955342e-06,7.87134159,8343.6220854,0.6953609461304211,3.36955342e-06,1.05248171e-07,0.105248171,2.39124894e-07,9.29402027,9851.6614862,0.821041579050886,2.39124894e-07,2.09172247e-07,0.209172247
166,3.36955342e-06,7.87855858,8351.2720948,0.6959985011059274,3.36955342e-06,1.05738189e-07,0.105738189,2.39124894e-07,9.29273945,9850.303817,0.820928430333245,2.39124894e-07,2.09870355e-07,0.209870355
167,3.36955342e-06,7.88583304,8358.9830224,0.6966411330296408,3.36955342e-06,1.06214523e-07,0.106214523,2.39124894e-07,9.29149703,9848.9868518,0.8208186739039486,2.39124894e-07,2.10562624e-07,0.210562624
168,3.36955342e-06,7.89314751,8366.7363606,0.697287299470455,3.36955342e-06,1.06677307e-07,0.106677307,2.39124894e-07,9.29031925,9847.738405,0.8207146278266987,2.39124894e-07,2.11249076e-07,0.211249076
169,3.36955342e-06,7.90052872,8374.5604432,0.6979393617790846,3.36955342e-06,1.07126727e-07,0.107126727,2.39124894e-07,9.28924728,9846.602116799999,0.820619929093973,2.39124894e-07,2.11929721e-07,0.21192972100000002
170,3.36955342e-06,7.90797159,8382.4498854,0.6985968711840507,3.36955342e-06,1.07562972e-07,0.10756297199999999,2.39124894e-07,9.28819905,9845.490993,0.8205273275728436,2.39124894e-07,2.12604582e-07,0.21260458200000001
171,3.36955342e-06,7.91548683,8390.4160398,0.6992607738157745,3.36955342e-06,1.07986209e-07,0.107986209,2.39124894e-07,9.28719513,9844.426837800002,0.820438640434437,2.39124894e-07,2.13273694e-07,0.213273694
172,3.36955342e-06,7.92306285,8398.446621,0.6999300458038933,3.36955342e-06,1.08396644e-07,0.108396644,2.39124894e-07,9.28621691,9843.3899246,0.8203522236556774,2.39124894e-07,2.13937091e-07,0.213937091
173,3.36955342e-06,7.93070156,8406.5436536,0.7006048558794165,3.36955342e-06,1.08794551e-07,0.108794551,2.39124894e-07,9.28532085,9842.440101,0.8202730649605217,2.39124894e-07,2.14594792e-07,0.214594792
174,3.36955342e-06,7.93839679,8414.7005974,0.7012846589793467,3.36955342e-06,1.09180253e-07,0.10918025299999999,2.39124894e-07,9.28447849,9841.5471994,0.8201986501685977,2.39124894e-07,2.15246809e-07,0.21524680899999998
175,3.36955342e-06,7.94614552,8422.9142512,0.7019691883143401,3.36955342e-06,1.09554195e-07,0.109554195,2.39124894e-07,9.28373737,9840.7616122,0.8201331790035487,2.39124894e-07,2.15893157e-07,0.215893157
176,3.36955342e-06,7.95400709,8431.2475154,0.7026636860299793,3.36955342e-06,1.09916702e-07,0.10991670199999999,2.39124894e-07,9.28297799,9839.956669399999,0.820066094734719,2.39124894e-07,2.16533854e-07,0.216533854
177,3.36955342e-06,7.96191161,8439.6263066,0.7033619779847954,3.36955342e-06,1.1026792e-07,0.11026792,2.39124894e-07,9.28231672,9839.2557232,0.8200076775859282,2.39124894e-07,2.17168931e-07,0.21716893099999998
178,3.36955342e-06,7.9698689,8448.061034,0.70406493168586,3.36955342e-06,1.10608445e-07,0.110608445,2.39124894e-07,9.28172576,9838.629305600001,0.8199554716817598,2.39124894e-07,2.17798392e-07,0.217798392
179,3.36955342e-06,7.9778929,8456.566474,0.7047737786045147,3.36955342e-06,1.10938738e-07,0.110938738,2.39124894e-07,9.28117784,9838.0485104,0.819907067967444,2.39124894e-07,2.18422251e-07,0.218422251
180,3.36955342e-06,7.98599874,8465.1586644,0.7054898553377037,3.36955342e-06,1.11259137e-07,0.111259137,2.39124894e-07,9.28064456,9837.4832336,0.8198599575630595,2.39124894e-07,2.19040526e-07,0.219040526
181,3.36955342e-06,7.99418237,8473.8333122,0.7062128041050156,3.36955342e-06,1.11569982e-07,0.111569982,2.39124894e-07,9.28015353,9836.9627418,0.8198165795592626,2.39124894e-07,2.19653236e-07,0.219653236
182,3.36955342e-06,8.00243246,8482.5784076,0.7069416240047071,3.36955342e-06,1.11871715e-07,0.111871715,2.39124894e-07,9.27973659,9836.5207854,0.819779746728472,2.39124894e-07,2.20260396e-07,0.220260396
183,3.36955342e-06,8.01073693,8491.3811458,0.7076752478794031,3.36955342e-06,1.12164886e-07,0.11216488599999999,2.39124894e-07,9.27941009,9836.174695400001,0.8197509034434595,2.39124894e-07,2.20862012e-07,0.220862012
184,3.36955342e-06,8.01907108,8500.215344799999,0.7084114937102987,3.36955342e-06,1.12450179e-07,0.11245017900000001,2.39124894e-07,9.2792162,9835.969172000001,0.819733775037545,2.39124894e-07,2.21458085e-07,0.221458085
185,3.36955342e-06,8.02749925,8509.149205,0.7091560453471878,3.36955342e-06,1.12728177e-07,0.112728177,2.39124894e-07,9.27897332,9835.7117192,0.8197123188137659,2.39124894e-07,2.22048624e-07,0.222048624
186,3.36955342e-06,8.03605186,8518.2149716,0.7099115901184935,3.36955342e-06,1.12998966e-07,0.112998966,2.39124894e-07,9.27865419,9835.3734414,0.8196841266007611,2.39124894e-07,2.22633658e-07,0.222633658
187,3.36955342e-06,8.04460759,8527.2840454,0.710667410513227,3.36955342e-06,1.13262872e-07,0.113262872,2.39124894e-07,9.2785532,9835.266392,0.8196752050590966,2.39124894e-07,2.23213203e-07,0.223213203
188,3.36955342e-06,8.05322866,8536.4223796,0.7114290030985968,3.36955342e-06,1.13520787e-07,0.113520787,2.39124894e-07,9.27851884,9835.2299704,0.8196721696677551,2.39124894e-07,2.23787248e-07,0.223787248
189,3.36955342e-06,8.06192674,8545.642344400001,0.7121973988122325,3.36955342e-06,1.13773149e-07,0.11377314899999999,2.39124894e-07,9.27849901,9835.208950600001,0.8196704178688523,2.39124894e-07,2.243558e-07,0.2243558
190,3.36955342e-06,8.07069966,8554.941639600002,0.7129724059545063,3.36955342e-06,1.14020298e-07,0.11402029799999999,2.39124894e-07,9.2784917,9835.201202,0.819669772097295,2.39124894e-07,2.24918873e-07,0.224918873
191,3.36955342e-06,8.07953654,8564.308732399999,0.7137530633770537,3.36955342e-06,1.14262615e-07,0.114262615,2.39124894e-07,9.27853186,9835.243771599999,0.8196733198655218,2.39124894e-07,2.25476481e-07,0.225476481
192,3.36955342e-06,8.0884289,8573.734634,0.7145386219495324,3.36955342e-06,1.14500571e-07,0.11450057100000001,2.39124894e-07,9.27864541,9835.364134599999,0.8196833509681656,2.39124894e-07,2.26028632e-07,0.226028632
193,3.36955342e-06,8.09737617,8583.2187402,0.715329031317662,3.36955342e-06,1.14734668e-07,0.114734668,2.39124894e-07,9.2788279,9835.557574,0.819699472288478,2.39124894e-07,2.2657533e-07,0.22657533000000002
194,3.36955342e-06,8.10638303,8592.7660118,0.7161247049165846,3.36955342e-06,1.14965364e-07,0.114965364,2.39124894e-07,9.27905725,9835.800684999998,0.8197197332606604,2.39124894e-07,2.27116582e-07,0.227116582
195,3.36955342e-06,8.1154531,8602.380286,0.7169259625401493,3.36955342e-06,1.1519305e-07,0.11519305,2.39124894e-07,9.27931933,9836.0784898,0.8197428856286119,2.39124894e-07,2.27652398e-07,0.227652398
196,3.36955342e-06,8.1245854,8612.060524,0.7177327176143307,3.36955342e-06,1.15418073e-07,0.115418073,2.39124894e-07,9.27961832,9836.3954192,0.8197692986570525,2.39124894e-07,2.28182788e-07,0.228182788
197,3.36955342e-06,8.13377562,8621.8021572,0.7185445893900981,3.36955342e-06,1.1564078e-07,0.11564078000000001,2.39124894e-07,9.27996706,9836.765083600001,0.8198001066423981,2.39124894e-07,2.28707763e-07,0.228707763
198,3.36955342e-06,8.14301993,8631.6011258,0.719361239522026,3.36955342e-06,1.15861532e-07,0.115861532,2.39124894e-07,9.28037134,9837.1936204,0.8198358210781249,2.39124894e-07,2.2922733e-07,0.22922733
199,3.36955342e-06,8.15231646,8641.4554476,0.7201825028127391,3.36955342e-06,1.16080686e-07,0.116080686,2.39124894e-07,9.28082735,9837.676990999998,0.8198761053856244,2.39124894e-07,2.29741498e-07,0.229741498
200,3.36955342e-06,8.16166534,8651.365260400002,0.721008390746547,3.36955342e-06,1.1629857e-07,0.11629857,2.39124894e-07,9.28132748,9838.2071288,0.8199202872910865,2.39124894e-07,2.30250275e-07,0.230250275
201,3.36955342e-06,8.17107071,8661.3349526,0.7218392690545363,3.36955342e-06,1.16515489e-07,0.116515489,2.39124894e-07,9.28185458,9838.7658548,0.8199668517490654,2.39124894e-07,2.30753676e-07,0.230753676
202,3.36955342e-06,8.18052227,8671.3536062,0.722674227826032,3.36955342e-06,1.16731715e-07,0.116731715,2.39124894e-07,9.28244033,9839.3867498,0.8200185973974454,2.39124894e-07,2.31251713e-07,0.231251713
203,3.36955342e-06,8.19002094,8681.4221964,0.7235133483346086,3.36955342e-06,1.16947442e-07,0.116947442,2.39124894e-07,9.28307804,9840.0627224,0.8200749332359918,2.39124894e-07,2.31744392e-07,0.231744392
204,3.36955342e-06,8.19956842,8691.5425252,0.724356780759698,3.36955342e-06,1.17162887e-07,0.11716288700000001,2.39124894e-07,9.28375451,9840.7797806,0.8201346931655857,2.39124894e-07,2.32231723e-07,0.232231723
205,3.36955342e-06,8.20916401,8701.713850600001,0.7252044632627108,3.36955342e-06,1.17378278e-07,0.117378278,2.39124894e-07,9.28446636,9841.5343416,0.8201975785941805,2.39124894e-07,2.32713721e-07,0.23271372099999998
206,3.36955342e-06,8.21880356,8711.9317736,0.7260560292291511,3.36955342e-06,1.17593829e-07,0.117593829,2.39124894e-07,9.28522201,9842.3353306,0.8202643333516684,2.39124894e-07,2.33190402e-07,0.233190402
207,3.36955342e-06,8.22848312,8722.1921072,0.7269111297126923,3.36955342e-06,1.17809717e-07,0.117809717,2.39124894e-07,9.28602826,9843.1899556,0.8203355581557766,2.39124894e-07,2.33661779e-07,0.23366177900000001
208,3.36955342e-06,8.23820137,8732.4934522,0.7277696481034222,3.36955342e-06,1.18026078e-07,0.118026078,2.39124894e-07,9.2868822,9844.095132,0.8204109959346545,2.39124894e-07,2.34127864e-07,0.234127864
209,3.36955342e-06,8.24794065,8742.817089,0.7286300243020657,3.36955342e-06,1.18243054e-07,0.118243054,2.39124894e-07,9.28785042,9845.1214452,0.820496529304991,2.39124894e-07,2.34588667e-07,0.234588667
210,3.36955342e-06,8.25775539,8753.2207134,0.7294970667006696,3.36955342e-06,1.18460721e-07,0.118460721,2.39124894e-07,9.28869171,9846.0132126,0.8205708495722137,2.39124894e-07,2.35044203e-07,0.23504420299999998
211,3.36955342e-06,8.26760191,8763.6580246,0.7303669165712419,3.36955342e-06,1.18679014e-07,0.118679014,2.39124894e-07,9.28960853,9846.9850418,0.8206518422232557,2.39124894e-07,2.35494508e-07,0.235494508
212,3.36955342e-06,8.27745086,8774.0979116,0.7312369811100611,3.36955342e-06,1.18898096e-07,0.118898096,2.39124894e-07,9.29070917,9848.1517202,0.8207490736879302,2.39124894e-07,2.35939583e-07,0.235939583
213,3.36955342e-06,8.28733943,8784.579795799998,0.7321105457130522,3.36955342e-06,1.19118123e-07,0.119118123,2.39124894e-07,9.2918043,9849.312558000001,0.8208458183945637,2.39124894e-07,2.36379431e-07,0.236379431
214,3.36955342e-06,8.2972713,8795.107578000001,0.7329879354745155,3.36955342e-06,1.19339034e-07,0.119339034,2.39124894e-07,9.29286984,9850.4420304,0.8209399490956731,2.39124894e-07,2.3681408e-07,0.23681407999999998
215,3.36955342e-06,8.30723863,8805.6729478,0.7338684578022465,3.36955342e-06,1.1956074e-07,0.11956074,2.39124894e-07,9.29395294,9851.5901164,0.8210356310619736,2.39124894e-07,2.37243559e-07,0.237243559
216,3.36955342e-06,8.31722874,8816.262464399999,0.7347509925343654,3.36955342e-06,1.19783207e-07,0.11978320699999999,2.39124894e-07,9.29511449,9852.821359399999,0.8211382433673529,2.39124894e-07,2.37667886e-07,0.237667886
217,3.36955342e-06,8.32723834,8826.872640399999,0.7356352490295008,3.36955342e-06,1.20006445e-07,0.12000644499999999,2.39124894e-07,9.29634966,9854.1306396,0.8212473593255427,2.39124894e-07,2.38087069e-07,0.23808706899999998
218,3.36955342e-06,8.33726804,8837.5041224,0.7365212811755666,3.36955342e-06,1.20230428e-07,0.120230428,2.39124894e-07,9.297635,9855.4931,0.8213609073437909,2.39124894e-07,2.38501121e-07,0.238501121
219,3.36955342e-06,8.34731931,8848.158468599999,0.7374092188336008,3.36955342e-06,1.20455086e-07,0.120455086,2.39124894e-07,9.2989418,9856.878308,0.821476351156515,2.39124894e-07,2.38910065e-07,0.23891006499999998
220,3.36955342e-06,8.35740487,8858.8491622,0.7383001856991178,3.36955342e-06,1.20680315e-07,0.120680315,2.39124894e-07,9.30020774,9858.220204399999,0.8215881853624224,2.39124894e-07,2.3931393e-07,0.23931393
221,3.36955342e-06,8.36750873,8869.5592538,0.7391927692020489,3.36955342e-06,1.20905959e-07,0.120905959,2.39124894e-07,9.30153967,9859.6320502,0.8217058491805137,2.39124894e-07,2.39712744e-07,0.23971274400000003
222,3.36955342e-06,8.37762698,8880.2845988,0.7400866239297008,3.36955342e-06,1.21131911e-07,0.121131911,2.39124894e-07,9.30295056,9861.127593599998,0.8218304883915132,2.39124894e-07,2.40106517e-07,0.24010651700000002
223,3.36955342e-06,8.38775961,8891.0251866,0.7409817489986649,3.36955342e-06,1.21358069e-07,0.12135806900000001,2.39124894e-07,9.30441029,9862.6749074,0.8219594421692511,2.39124894e-07,2.40495261e-07,0.240495261
224,3.36955342e-06,8.39790775,8901.782215,0.7418782442340932,3.36955342e-06,1.21584303e-07,0.121584303,2.39124894e-07,9.30588696,9864.2401776,0.8220898924408575,2.39124894e-07,2.40878999e-07,0.24087899899999998
225,3.36955342e-06,8.40807173,8912.5560338,0.7427761387884637,3.36955342e-06,1.21810458e-07,0.121810458,2.39124894e-07,9.30737342,9865.8158252,0.82222120756931,2.39124894e-07,2.41257757e-07,0.241257757
226,3.36955342e-06,8.41825024,8923.345254400001,0.743675316935273,3.36955342e-06,1.22036362e-07,0.12203636200000001,2.39124894e-07,9.30888575,9867.418895,0.8223548080753531,2.39124894e-07,2.41631562e-07,0.24163156199999997
227,3.36955342e-06,8.42844099,8934.147449400001,0.744575576373992,3.36955342e-06,1.22261834e-07,0.122261834,2.39124894e-07,9.31044144,9869.0679264,0.8224922390403184,2.39124894e-07,2.42000436e-07,0.242000436
228,3.36955342e-06,8.43864166,8944.9601596,0.7454767121538663,3.36955342e-06,1.22486702e-07,0.122486702,2.39124894e-07,9.3120442,9870.766852,0.8226338282087312,2.39124894e-07,2.42364396e-07,0.242364396
229,3.36955342e-06,8.44885075,8955.781795,0.7463785917636333,3.36955342e-06,1.22710795e-07,0.12271079499999998,2.39124894e-07,9.31368409,9872.5051354,0.8227786974726186,2.39124894e-07,2.42723462e-07,0.242723462
230,3.36955342e-06,8.45906729,8966.6113274,0.7472811295126752,3.36955342e-06,1.22933933e-07,0.12293393300000001,2.39124894e-07,9.31535028,9874.271296800001,0.8229258901006588,2.39124894e-07,2.43077655e-07,0.243077655
231,3.36955342e-06,8.46929116,8977.4486296,0.7481843148000913,3.36955342e-06,1.23155929e-07,0.123155929,2.39124894e-07,9.31703804,9876.0603224,0.8230749882406672,2.39124894e-07,2.43427e-07,0.24342700000000003
232,3.36955342e-06,8.47952186,8988.2931716,0.7490881034554604,3.36955342e-06,1.23376585e-07,0.12337658500000001,2.39124894e-07,9.31875198,9877.8770988,0.8232263991439273,2.39124894e-07,2.43771522e-07,0.243771522
233,3.36955342e-06,8.48975826,8999.1437556,0.7499923956536306,3.36955342e-06,1.23595702e-07,0.12359570199999999,2.39124894e-07,9.3204993,9879.729258,0.8233807588645035,2.39124894e-07,2.44111244e-07,0.244111244
234,3.36955342e-06,8.499999,9009.998940000001,0.7508970712510564,3.36955342e-06,1.23813084e-07,0.12381308400000002,2.39124894e-07,9.32228226,9881.6191956,0.8235382670526995,2.39124894e-07,2.44446185e-07,0.24444618499999998
235,3.36955342e-06,8.51024272,9020.8572832,0.7518020101041923,3.36955342e-06,1.24028542e-07,0.124028542,2.39124894e-07,9.32409765,9883.543509000001,0.8236986401344115,2.39124894e-07,2.44776367e-07,0.244776367
236,3.36955342e-06,8.52048853,9031.7178418,0.7527071335896885,3.36955342e-06,1.2424189e-07,0.12424189000000001,2.39124894e-07,9.32594025,9885.496665,0.8238614169704426,2.39124894e-07,2.45101812e-07,0.245101812
237,3.36955342e-06,8.53073599,9042.5801494,0.7536124028375746,3.36955342e-06,1.24452939e-07,0.124452939,2.39124894e-07,9.32780705,9887.475473,0.8240263316548574,2.39124894e-07,2.45422543e-07,0.245422543
238,3.36955342e-06,8.54098469,9053.4437714,0.754517781628105,3.36955342e-06,1.24661499e-07,0.124661499,2.39124894e-07,9.32969941,9889.4813746,0.8241935043312015,2.39124894e-07,2.45738585e-07,0.24573858499999998
239,3.36955342e-06,8.55123411,9064.3081566,0.755423224024042,3.36955342e-06,1.2486738e-07,0.12486738,2.39124894e-07,9.33161991,9891.517104600001,0.8243631629188483,2.39124894e-07,2.46049958e-07,0.246049958
240,3.36955342e-06,8.56148339,9075.1723934,0.7563286540522611,3.36955342e-06,1.25070402e-07,0.125070402,2.39124894e-07,9.33356991,9893.584104599999,0.8245354275613427,2.39124894e-07,2.46356686e-07,0.246356686
241,3.36955342e-06,8.57173154,9086.0354324,0.7572339842553284,3.36955342e-06,1.25270393e-07,0.125270393,2.39124894e-07,9.33554884,9895.681770399999,0.8247102479044052,2.39124894e-07,2.46658788e-07,0.24665878800000002
242,3.36955342e-06,8.58197804,9096.896722399999,0.7581391686960057,3.36955342e-06,1.25467188e-07,0.12546718799999998,2.39124894e-07,9.33755369,9897.8069114,0.8248873580421003,2.39124894e-07,2.46956287e-07,0.24695628700000002
243,3.36955342e-06,8.59222248,9107.7558288,0.7590441711545481,3.36955342e-06,1.25660624e-07,0.125660624,2.39124894e-07,9.33958274,9899.957704400002,0.8250666060281793,2.39124894e-07,2.47249206e-07,0.24724920600000003
244,3.36955342e-06,8.60246455,9118.612423,0.7599489642452942,3.36955342e-06,1.25850544e-07,0.12585054399999998,2.39124894e-07,9.34163617,9902.134340199998,0.8252480077639932,2.39124894e-07,2.47537567e-07,0.24753756700000001
245,3.36955342e-06,8.61270376,9129.4659856,0.7608535046812313,3.36955342e-06,1.26036799e-07,0.126036799,2.39124894e-07,9.34371561,9904.3385466,0.8254317072451158,2.39124894e-07,2.47821391e-07,0.24782139100000003
246,3.36955342e-06,8.62293973,9140.316113800001,0.7617577588928394,3.36955342e-06,1.26219247e-07,0.126219247,2.39124894e-07,9.34582133,9906.5706098,0.8256177283235742,2.39124894e-07,2.481007e-07,0.2481007
247,3.36955342e-06,8.63317195,9151.162267,0.7626616818262886,3.36955342e-06,1.26397758e-07,0.126397758,2.39124894e-07,9.34795292,9908.8300952,0.825806034779623,2.39124894e-07,2.48375515e-07,0.248375515
248,3.36955342e-06,8.64339991,9162.0039046,0.7635652284277498,3.36955342e-06,1.26572211e-07,0.126572211,2.39124894e-07,9.35010968,9911.1162608,0.8259965647746725,2.39124894e-07,2.48645857e-07,0.248645857
249,3.36955342e-06,8.65362336,9172.840761599999,0.764468376612012,3.36955342e-06,1.26742494e-07,0.126742494,2.39124894e-07,9.35229056,9913.4279936,0.8261892255508385,2.39124894e-07,2.48911748e-07,0.24891174800000002
250,3.36955342e-06,8.66384213,9183.672657800002,0.7653711113611326,3.36955342e-06,1.26908503e-07,0.126908503,2.39124894e-07,9.35449528,9915.7649968,0.8263839923726851,2.39124894e-07,2.49173209e-07,0.249173209
251,3.36955342e-06,8.67405599,9194.4993494,0.766273412356717,3.36955342e-06,1.27070139e-07,0.127070139,2.39124894e-07,9.35672428,9918.1277368,0.8265809041101827,2.39124894e-07,2.4943026e-07,0.24943026000000001
252,3.36955342e-06,8.68426463,9205.3205078,0.7671752522131048,3.36955342e-06,1.27227318e-07,0.127227318,2.39124894e-07,9.35897817,9920.516860200001,0.8267800146512455,2.39124894e-07,2.49682923e-07,0.249682923
253,3.36955342e-06,8.69446778,9216.1358468,0.7680766070782683,3.36955342e-06,1.27379964e-07,0.12737996399999998,2.39124894e-07,9.36125665,9922.932049,0.8269812974936203,2.39124894e-07,2.49931217e-07,0.24993121699999998
254,3.36955342e-06,8.70466518,9226.9450908,0.7689774539835886,3.36955342e-06,1.27528014e-07,0.127528014,2.39124894e-07,9.36355929,9925.3728474,0.8271847146507454,2.39124894e-07,2.50175164e-07,0.250175164
255,3.36955342e-06,8.71485664,9237.748038400001,0.7698777761443057,3.36955342e-06,1.27671415e-07,0.127671415,2.39124894e-07,9.36588568,9927.8388208,0.827390229902875,2.39124894e-07,2.50414783e-07,0.25041478300000003
256,3.36955342e-06,8.72504202,9248.5445412,0.7707775611927015,3.36955342e-06,1.27810121e-07,0.127810121,2.39124894e-07,9.36823575,9930.329895,0.8275978370661508,2.39124894e-07,2.50650095e-07,0.250650095
257,3.36955342e-06,8.73522118,9259.3344508,0.7716767967610579,3.36955342e-06,1.27944095e-07,0.127944095,2.39124894e-07,9.37060971,9932.8462926,0.8278075546921488,2.39124894e-07,2.5088112e-07,0.25088112
258,3.36955342e-06,8.74539393,9270.117565800001,0.7725754660646156,3.36955342e-06,1.28073312e-07,0.128073312,2.39124894e-07,9.37300763,9935.3880878,0.8280193889647287,2.39124894e-07,2.51107877e-07,0.251107877
259,3.36955342e-06,8.7555601,9280.893706,0.7734735540854307,3.36955342e-06,1.28197756e-07,0.128197756,2.39124894e-07,9.37542946,9937.9552276,0.828233335466848,2.39124894e-07,2.51330386e-07,0.25133038599999996
260,3.36955342e-06,8.76571954,9291.662712399999,0.774371047572377,3.36955342e-06,1.28317424e-07,0.128317424,2.39124894e-07,9.37787504,9940.5475424,0.8284493800639721,2.39124894e-07,2.51548668e-07,0.251548668
261,3.36955342e-06,8.77587207,9302.4243942,0.775267930624103,3.36955342e-06,1.28432318e-07,0.12843231800000002,2.39124894e-07,9.38034439,9943.1650534,0.8286675245229178,2.39124894e-07,2.5176274e-07,0.25176274
262,3.36955342e-06,8.78601767,9313.1787302,0.776164201473792,3.36955342e-06,1.28542451e-07,0.128542451,2.39124894e-07,9.38283694,9945.8071564,0.828887718489405,2.39124894e-07,2.51972623e-07,0.251972623
263,3.36955342e-06,8.79615617,9323.9255402,0.7770598451035005,3.36955342e-06,1.28647844e-07,0.12864784399999998,2.39124894e-07,9.38535299,9948.474169399999,0.8291099884656862,2.39124894e-07,2.52178335e-07,0.25217833500000003
264,3.36955342e-06,8.80628741,9334.6646546,0.7779548473786938,3.36955342e-06,1.28748525e-07,0.128748525,2.39124894e-07,9.38789252,9951.1660712,0.8293343326849448,2.39124894e-07,2.52379896e-07,0.252379896
265,3.36955342e-06,8.81641123,9345.3959038,0.7788491941648373,3.36955342e-06,1.28844534e-07,0.12884453399999998,2.39124894e-07,9.39045553,9953.8828618,0.829560751147181,2.39124894e-07,2.52577324e-07,0.252577324
266,3.36955342e-06,8.82652747,9356.1191182,0.7797428713273962,3.36955342e-06,1.28935917e-07,0.128935917,2.39124894e-07,9.39304213,9956.6246578,0.8297892535698868,2.39124894e-07,2.52770638e-07,0.252770638
267,3.36955342e-06,8.836636,9366.83416,0.7806358673820608,3.36955342e-06,1.29022728e-07,0.129022728,2.39124894e-07,9.39565203,9959.3911518,0.8300198143342185,2.39124894e-07,2.52959857e-07,0.252959857
268,3.36955342e-06,8.84673673,9377.540933799999,0.7815281743781555,3.36955342e-06,1.29105027e-07,0.129105027,2.39124894e-07,9.3982848,9962.181888000001,0.8302523954536136,2.39124894e-07,2.53144999e-07,0.253144999
269,3.36955342e-06,8.85682945,9388.239216999998,0.7824197737641032,3.36955342e-06,1.29182878e-07,0.129182878,2.39124894e-07,9.40094072,9964.9971632,0.8304870216635081,2.39124894e-07,2.53326083e-07,0.253326083
270,3.36955342e-06,8.86691399,9398.9288294,0.783310650521961,3.36955342e-06,1.29256356e-07,0.129256356,2.39124894e-07,9.40361972,9967.8369032,0.8307236867800429,2.39124894e-07,2.53503126e-07,0.253503126
271,3.36955342e-06,8.87699018,9409.6095908,0.7842007896337856,3.36955342e-06,1.29325539e-07,0.129325539,2.39124894e-07,9.40632164,9970.7009384,0.8309623766686834,2.39124894e-07,2.53676147e-07,0.25367614699999996
272,3.36955342e-06,8.88705783,9420.281299799999,0.7850901743148168,3.36955342e-06,1.29390512e-07,0.129390512,2.39124894e-07,9.4090462,9973.588972000001,0.831203066593994,2.39124894e-07,2.53845164e-07,0.253845164
273,3.36955342e-06,8.89711674,9430.9437444,0.7859787868968863,3.36955342e-06,1.29451363e-07,0.129451363,2.39124894e-07,9.41179347,9976.501078199999,0.8314457627398328,2.39124894e-07,2.54010196e-07,0.254010196
274,3.36955342e-06,8.90716668,9441.5966808,0.7868666070616002,3.36955342e-06,1.29508185e-07,0.129508185,2.39124894e-07,9.41456332,9979.4371192,0.8316904536218912,2.39124894e-07,2.54171259e-07,0.25417125900000004
275,3.36955342e-06,8.91720741,9452.2398546,0.7877536136071567,3.36955342e-06,1.29561074e-07,0.129561074,2.39124894e-07,9.41735553,9982.3968618,0.8319371198051835,2.39124894e-07,2.54328371e-07,0.254328371
276,3.36955342e-06,8.92723869,9462.873011399999,0.7886397853317532,3.36955342e-06,1.2961013e-07,0.12961013,2.39124894e-07,9.4201699,9985.380094,0.8321857436215412,2.39124894e-07,2.54481551e-07,0.25448155100000003
277,3.36955342e-06,8.93725801,9473.493490600002,0.789524900499876,3.36955342e-06,1.29655466e-07,0.129655466,2.39124894e-07,9.42301699,9988.3980094,0.8324372579502591,2.39124894e-07,2.54630817e-07,0.254630817
278,3.36955342e-06,8.94726935,9484.105511,0.7904093107080769,3.36955342e-06,1.29697201e-07,0.12969720099999998,2.39124894e-07,9.42587458,9991.4270548,0.8326896998578213,2.39124894e-07,2.54776186e-07,0.254776186
279,3.36955342e-06,8.95727216,9494.7084896,0.791292967368893,3.36955342e-06,1.29735414e-07,0.12973541400000002,2.39124894e-07,9.42874575,9994.470495,0.8329433414340219,2.39124894e-07,2.54917674e-07,0.254917674
280,3.36955342e-06,8.96726019,9505.2958014,0.7921753183520599,3.36955342e-06,1.29770219e-07,0.129770219,2.39124894e-07,9.43166701,9997.5670306,0.8332014080030136,2.39124894e-07,2.55055301e-07,0.255055301
281,3.36955342e-06,8.97724442,9515.8790852,0.7930573336400261,3.36955342e-06,1.29801734e-07,0.129801734,2.39124894e-07,9.43456184,10000.6355504,0.8334571397235432,2.39124894e-07,2.55189084e-07,0.255189084
282,3.36955342e-06,8.98721064,9526.4432784,0.7939377579094223,3.36955342e-06,1.29830025e-07,0.12983002500000002,2.39124894e-07,9.43752305,10003.774432999999,0.8337187355091848,2.39124894e-07,2.55319038e-07,0.255319038
283,3.36955342e-06,8.99716573,9536.9956738,0.7948171989452437,3.36955342e-06,1.29855283e-07,0.129855283,2.39124894e-07,9.4404987,10006.928622,0.8339816069365896,2.39124894e-07,2.55445184e-07,0.255445184
284,3.36955342e-06,9.00711058,9547.5372148,0.7956957353708399,3.36955342e-06,1.29877598e-07,0.12987759799999998,2.39124894e-07,9.44348049,10010.0893194,0.8342450207767661,2.39124894e-07,2.55567538e-07,0.25556753800000004
285,3.36955342e-06,9.0170446,9558.067276,0.7965733150651139,3.36955342e-06,1.29897045e-07,0.129897045,2.39124894e-07,9.44647454,10013.2630124,0.8345095176756692,2.39124894e-07,2.55686116e-07,0.25568611599999996
286,3.36955342e-06,9.02696592,9568.5838752,0.7974497728306906,3.36955342e-06,1.2991371e-07,0.12991371,2.39124894e-07,9.44949375,10016.463375,0.8347762372301646,2.39124894e-07,2.55800935e-07,0.255800935
287,3.36955342e-06,9.03687303,9579.0854118,0.7983249752728983,3.36955342e-06,1.29927711e-07,0.129927711,2.39124894e-07,9.45254368,10019.6963008,0.8350456706153356,2.39124894e-07,2.55912013e-07,0.255912013
288,3.36955342e-06,9.04676513,9589.5710378,0.7991988517190628,3.36955342e-06,1.29939181e-07,0.12993918100000001,2.39124894e-07,9.45562041,10022.9576346,0.8353174715350805,2.39124894e-07,2.56019368e-07,0.256019368
289,3.36955342e-06,9.05664243,9600.0409758,0.8000714207207613,3.36955342e-06,1.29948246e-07,0.12994824600000002,2.39124894e-07,9.45871469,10026.2375714,0.8355908228366079,2.39124894e-07,2.56123019e-07,0.256123019
290,3.36955342e-06,9.06650541,9610.4957346,0.8009427246815979,3.36955342e-06,1.29955014e-07,0.129955014,2.39124894e-07,9.46182157,10029.5308642,0.8358652872327481,2.39124894e-07,2.56222984e-07,0.25622298400000004
291,3.36955342e-06,9.07635263,9620.9337878,0.80181263639076,3.36955342e-06,1.29959578e-07,0.12995957800000002,2.39124894e-07,9.46495312,10032.8503072,0.8361419309974681,2.39124894e-07,2.56319281e-07,0.256319281
292,3.36955342e-06,9.08618197,9631.352888200001,0.8026809685656615,3.36955342e-06,1.29962053e-07,0.129962053,2.39124894e-07,9.46812507,10036.212574199999,0.8364221437322171,2.39124894e-07,2.56411931e-07,0.25641193100000004
293,3.36955342e-06,9.09600537,9641.7656922,0.8035487759959598,3.36955342e-06,1.29962496e-07,0.129962496,2.39124894e-07,9.4712417,10039.516202,0.8366974694515701,2.39124894e-07,2.56500948e-07,0.256500948
294,3.36955342e-06,9.10580728,9652.1557168,0.8044146849815568,3.36955342e-06,1.29960903e-07,0.129960903,2.39124894e-07,9.47442513,10042.890637800001,0.836978696339189,2.39124894e-07,2.56586338e-07,0.256586338
295,3.36955342e-06,9.11559118,9662.526650799999,0.8052790029485839,3.36955342e-06,1.29957447e-07,0.129957447,2.39124894e-07,9.47763131,10046.2891886,0.8372619329809701,2.39124894e-07,2.56668131e-07,0.25666813099999997
296,3.36955342e-06,9.12535608,9672.8774448,0.8061416424396074,3.36955342e-06,1.29952233e-07,0.129952233,2.39124894e-07,9.48086207,10049.7137942,0.8375473410406552,2.39124894e-07,2.56746345e-07,0.256746345
297,3.36955342e-06,9.1351028,9683.208968,0.8070026758941178,3.36955342e-06,1.29945345e-07,0.129945345,2.39124894e-07,9.48410387,10053.150102200001,0.8378337243832393,2.39124894e-07,2.56820997e-07,0.256820997
298,3.36955342e-06,9.14483203,9693.5219518,0.8078621642672961,3.36955342e-06,1.29936835e-07,0.129936835,2.39124894e-07,9.48734801,10056.5888906,0.8381203144433944,2.39124894e-07,2.56892106e-07,0.256892106
299,3.36955342e-06,9.15454475,9703.817434999999,0.808720194133168,3.36955342e-06,1.2992673e-07,0.12992673,2.39124894e-07,9.49059278,10060.0283468,0.8384069601582801,2.39124894e-07,2.56959685e-07,0.256959685
300,3.36955342e-06,9.16423364,9714.087658400002,0.8095761188367679,3.36955342e-06,1.29915104e-07,0.12991510399999998,2.39124894e-07,9.4938987,10063.532622,0.8386990079156729,2.39124894e-07,2.57023755e-07,0.257023755
301,3.36955342e-06,9.17390172,9724.3358232,0.8104302051674392,3.36955342e-06,1.29902109e-07,0.129902109,2.39124894e-07,9.49722487,10067.0583622,0.8389928445751222,2.39124894e-07,2.57084342e-07,0.257084342
302,3.36955342e-06,9.18355066,9734.5636996,0.811282600654389,3.36955342e-06,1.29887775e-07,0.129887775,2.39124894e-07,9.50054523,10070.5779438,0.8392861679742779,2.39124894e-07,2.57141466e-07,0.257141466
303,3.36955342e-06,9.1931803,9744.771118,0.8121332911630823,3.36955342e-06,1.29872091e-07,0.129872091,2.39124894e-07,9.50385871,10074.0902326,0.8395788835884384,2.39124894e-07,2.57195135e-07,0.25719513499999996
304,3.36955342e-06,9.2027888,9754.956128,0.8129821141463691,3.36955342e-06,1.29855056e-07,0.12985505600000002,2.39124894e-07,9.50718444,10077.6155064,0.8398726813779172,2.39124894e-07,2.57245363e-07,0.257245363
305,3.36955342e-06,9.21237394,9765.116376400001,0.8138288734875799,3.36955342e-06,1.29836713e-07,0.129836713,2.39124894e-07,9.51054061,10081.173046599999,0.8401691682626357,2.39124894e-07,2.57292167e-07,0.257292167
306,3.36955342e-06,9.22193449,9775.250559400001,0.8146734605274784,3.36955342e-06,1.29817134e-07,0.129817134,2.39124894e-07,9.51392883,10084.7645598,0.8404684864713501,2.39124894e-07,2.57335576e-07,0.257335576
307,3.36955342e-06,9.23147023,9785.3584438,0.815515855831079,3.36955342e-06,1.29796389e-07,0.12979638899999998,2.39124894e-07,9.51733667,10088.3768702,0.8407695379273905,2.39124894e-07,2.57375614e-07,0.25737561400000003
308,3.36955342e-06,9.24098163,9795.4405278,0.816356100918578,3.36955342e-06,1.29774522e-07,0.129774522,2.39124894e-07,9.52075025,10091.995265000001,0.8410710964598659,2.39124894e-07,2.57412298e-07,0.257412298
309,3.36955342e-06,9.25046874,9805.4968644,0.8171942002070176,3.36955342e-06,1.29751549e-07,0.129751549,2.39124894e-07,9.52416592,10095.6158752,0.8413728396247014,2.39124894e-07,2.57445645e-07,0.257445645
310,3.36955342e-06,9.25993126,9815.5271356,0.8180301271941448,3.36955342e-06,1.29727469e-07,0.12972746899999998,2.39124894e-07,9.527589,10099.244340000001,0.8416752373951787,2.39124894e-07,2.57475669e-07,0.257475669
311,3.36955342e-06,9.26936845,9825.530557,0.8188638165077365,3.36955342e-06,1.2970228e-07,0.12970227999999998,2.39124894e-07,9.53102766,10102.889319599999,0.8419790115159788,2.39124894e-07,2.57502391e-07,0.257502391
312,3.36955342e-06,9.2787794,9835.506163999999,0.819695187757626,3.36955342e-06,1.29675984e-07,0.129675984,2.39124894e-07,9.53448569,10106.5548314,0.8422844967988946,2.39124894e-07,2.57525833e-07,0.257525833
313,3.36955342e-06,9.28816326,9845.453055599999,0.8205241658540976,3.36955342e-06,1.29648588e-07,0.129648588,2.39124894e-07,9.53796198,10110.2396988,0.8425915951855908,2.39124894e-07,2.57546015e-07,0.257546015
314,3.36955342e-06,9.29751938,9855.370542800001,0.8213506933756037,3.36955342e-06,1.29620103e-07,0.129620103,2.39124894e-07,9.54145123,10113.9383038,0.8428998384696033,2.39124894e-07,2.57562958e-07,0.257562958
315,3.36955342e-06,9.30684722,9865.2580532,0.8221747226180892,3.36955342e-06,1.29590537e-07,0.129590537,2.39124894e-07,9.54494856,10117.6454736,0.8432087955476215,2.39124894e-07,2.57576679e-07,0.257576679
316,3.36955342e-06,9.31614672,9875.1155232,0.822996248281104,3.36955342e-06,1.29559895e-07,0.12955989499999998,2.39124894e-07,9.54845336,10121.3605616,0.8435184125317319,2.39124894e-07,2.57587199e-07,0.25758719900000004
317,3.36955342e-06,9.32541695,9884.941966999999,0.8238151882076643,3.36955342e-06,1.29528165e-07,0.129528165,2.39124894e-07,9.55197166,10125.0899596,0.8438292221172133,2.39124894e-07,2.57594539e-07,0.257594539
318,3.36955342e-06,9.334656,9894.73536,0.8246313736667618,3.36955342e-06,1.29495286e-07,0.129495286,2.39124894e-07,9.55548574,10128.8148844,0.8441396589043403,2.39124894e-07,2.57598706e-07,0.257598706
319,3.36955342e-06,9.34386847,9904.5005782,0.8254452110262707,3.36955342e-06,1.29461233e-07,0.129461233,2.39124894e-07,9.55903279,10132.5747574,0.8444530082890379,2.39124894e-07,2.5759972e-07,0.25759972000000003
320,3.36955342e-06,9.35305097,9914.2340282,0.8262564008107357,3.36955342e-06,1.29426132e-07,0.129426132,2.39124894e-07,9.56258973,10136.345113799998,0.8447672313646659,2.39124894e-07,2.5759765e-07,0.25759764999999996
321,3.36955342e-06,9.362199,9923.93094,0.8270645454863664,3.36955342e-06,1.29389893e-07,0.129389893,2.39124894e-07,9.56614585,10140.114601,0.8450813820008034,2.39124894e-07,2.57592483e-07,0.25759248300000004
322,3.36955342e-06,9.37131636,9933.5953416,0.8278699807483636,3.36955342e-06,1.2935239e-07,0.12935238999999998,2.39124894e-07,9.56971196,10143.8946776,0.8453964151619554,2.39124894e-07,2.57584197e-07,0.25758419699999996
323,3.36955342e-06,9.38040664,9943.231038400001,0.8286730237403513,3.36955342e-06,1.29313691e-07,0.129313691,2.39124894e-07,9.57328976,10147.687145599999,0.8457124810275539,2.39124894e-07,2.57572857e-07,0.257572857
324,3.36955342e-06,9.38945975,9952.827335,0.8294727831032305,3.36955342e-06,1.29273828e-07,0.129273828,2.39124894e-07,9.57687905,10151.491793000001,0.8460295619294308,2.39124894e-07,2.57558512e-07,0.25755851199999996
325,3.36955342e-06,9.39848066,9962.3894996,0.8302696978909874,3.36955342e-06,1.2923267e-07,0.12923267,2.39124894e-07,9.58047644,10155.3050264,0.8463473583921299,2.39124894e-07,2.57541133e-07,0.257541133
326,3.36955342e-06,9.40746968,9971.9178608,0.8310637954892833,3.36955342e-06,1.29190207e-07,0.129190207,2.39124894e-07,9.58408017,10159.1249802,0.8466657149357696,2.39124894e-07,2.57520746e-07,0.257520746
327,3.36955342e-06,9.41642628,9981.4118568,0.8318550290774716,3.36955342e-06,1.29146435e-07,0.129146435,2.39124894e-07,9.58769107,10162.9525342,0.8469847048832484,2.39124894e-07,2.57497386e-07,0.257497386
328,3.36955342e-06,9.4253494,9990.870364,0.8326433050142596,3.36955342e-06,1.29101339e-07,0.129101339,2.39124894e-07,9.59131031,10166.7889286,0.8473044315933522,2.39124894e-07,2.57471081e-07,0.257471081
329,3.36955342e-06,9.43423797,10000.2922482,0.8334285287749459,3.36955342e-06,1.29054879e-07,0.129054879,2.39124894e-07,9.59493818,10170.6344708,0.8476249206849249,2.39124894e-07,2.57441846e-07,0.257441846
330,3.36955342e-06,9.44309142,10009.6769052,0.8342106500052505,3.36955342e-06,1.29007008e-07,0.12900700799999998,2.39124894e-07,9.59857388,10174.4883128,0.8479461014852929,2.39124894e-07,2.57409695e-07,0.257409695
331,3.36955342e-06,9.45190961,10019.0241866,0.8349896563374554,3.36955342e-06,1.28957685e-07,0.12895768500000002,2.39124894e-07,9.60221654,10178.349532400001,0.8482678971379235,2.39124894e-07,2.57374646e-07,0.257374646
332,3.36955342e-06,9.46069288,10028.3344528,0.835765577807447,3.36955342e-06,1.2890688e-07,0.12890688,2.39124894e-07,9.60586521,10182.2171226,0.848590223719016,2.39124894e-07,2.57336719e-07,0.257336719
333,3.36955342e-06,9.46944121,10037.607682599999,0.8365384126484083,3.36955342e-06,1.28854568e-07,0.128854568,2.39124894e-07,9.60951989,10186.091083399999,0.848913081228571,2.39124894e-07,2.57295943e-07,0.257295943
334,3.36955342e-06,9.47815427,10046.843526199998,0.8373081317078618,3.36955342e-06,1.28800724e-07,0.128800724,2.39124894e-07,9.61318087,10189.9717222,0.8492364952854327,2.39124894e-07,2.57252339e-07,0.257252339
335,3.36955342e-06,9.48683137,10056.0412522,0.838074674030626,3.36955342e-06,1.28745315e-07,0.128745315,2.39124894e-07,9.61684835,10193.859251,0.8495604835577691,2.39124894e-07,2.57205927e-07,0.257205927
336,3.36955342e-06,9.49547202,10065.2003412,0.838837996329688,3.36955342e-06,1.2868831e-07,0.12868831,2.39124894e-07,9.62052228,10197.753616799999,0.8498850416285384,2.39124894e-07,2.57156726e-07,0.257156726
337,3.36955342e-06,9.50407596,10074.3205176,0.8395980756364291,3.36955342e-06,1.28629675e-07,0.128629675,2.39124894e-07,9.6242017,10201.653802,0.8502100846905322,2.39124894e-07,2.57104754e-07,0.257104754
338,3.36955342e-06,9.51264309,10083.401675399999,0.8403549031167649,3.36955342e-06,1.28569381e-07,0.128569381,2.39124894e-07,9.62788559,10205.5587254,0.8505355226360908,2.39124894e-07,2.57050032e-07,0.257050032
339,3.36955342e-06,9.52117316,10092.4435496,0.8411084566854851,3.36955342e-06,1.28507405e-07,0.128507405,2.39124894e-07,9.63157353,10209.467941800001,0.8508613183620609,2.39124894e-07,2.56992585e-07,0.256992585
340,3.36955342e-06,9.52966622,10101.4461932,0.8418587407596312,3.36955342e-06,1.2844372e-07,0.12844372,2.39124894e-07,9.63526643,10213.382415799999,0.8511875522586085,2.39124894e-07,2.56932433e-07,0.256932433
341,3.36955342e-06,9.53812205,10110.409373,0.8426057359042186,3.36955342e-06,1.28378302e-07,0.128378302,2.39124894e-07,9.63896464,10217.3025184,0.8515142552450292,2.39124894e-07,2.56869597e-07,0.256869597
342,3.36955342e-06,9.54654025,10119.332665,0.8433494067829099,3.36955342e-06,1.28311127e-07,0.128311127,2.39124894e-07,9.6426679,10221.227974,0.8518414043527033,2.39124894e-07,2.56804095e-07,0.256804095
343,3.36955342e-06,9.55492055,10128.215783,0.8440897295436779,3.36955342e-06,1.28242172e-07,0.12824217200000002,2.39124894e-07,9.64637522,10225.1577332,0.8521689121241972,2.39124894e-07,2.56735949e-07,0.25673594899999996
344,3.36955342e-06,9.56326284,10137.0586104,0.8448266944690298,3.36955342e-06,1.28171419e-07,0.128171419,2.39124894e-07,9.65008562,10229.0907572,0.8524966919854854,2.39124894e-07,2.56665178e-07,0.256665178
345,3.36955342e-06,9.57156696,10145.8609776,0.845560287424431,3.36955342e-06,1.28098853e-07,0.128098853,2.39124894e-07,9.653799,10233.02694,0.8528247351024837,2.39124894e-07,2.56591805e-07,0.256591805
346,3.36955342e-06,9.57983276,10154.6227256,0.8462904951587552,3.36955342e-06,1.28024459e-07,0.128024459,2.39124894e-07,9.65751578,10236.966726800001,0.853153078578346,2.39124894e-07,2.5651585e-07,0.25651585
347,3.36955342e-06,9.58806009,10163.3436954,0.8470173044208759,3.36955342e-06,1.27948224e-07,0.127948224,2.39124894e-07,9.66123617,10240.9103402,0.8534817409646487,2.39124894e-07,2.56437334e-07,0.256437334
348,3.36955342e-06,9.59624895,10172.023887,0.8477407152107929,3.36955342e-06,1.27870135e-07,0.127870135,2.39124894e-07,9.6649574,10244.854844000001,0.8538104775572591,2.39124894e-07,2.56356276e-07,0.256356276
349,3.36955342e-06,9.60439892,10180.6628552,0.8484606904253529,3.36955342e-06,1.27790182e-07,0.127790182,2.39124894e-07,9.66868414,10248.8051884,0.8541397009079105,2.39124894e-07,2.56272696e-07,0.25627269599999997
350,3.36955342e-06,9.61250987,10189.2604622,0.849177218580246,3.36955342e-06,1.27708356e-07,0.127708356,2.39124894e-07,9.672415,10252.759900000001,0.8544692882228324,2.39124894e-07,2.56186616e-07,0.25618661600000003
351,3.36955342e-06,9.62058175,10197.816654999999,0.8498902952584302,3.36955342e-06,1.27624653e-07,0.127624653,2.39124894e-07,9.67614761,10256.716466599999,0.854799030134228,2.39124894e-07,2.56098055e-07,0.256098055
352,3.36955342e-06,9.62861453,10206.3314018,0.8505999178096806,3.36955342e-06,1.27539072e-07,0.127539072,2.39124894e-07,9.67988065,10260.673488999999,0.855128810032186,2.39124894e-07,2.56007035e-07,0.256007035
353,3.36955342e-06,9.63660813,10214.8046178,0.8513060791667293,3.36955342e-06,1.27451612e-07,0.127451612,2.39124894e-07,9.68361439,10264.6312534,0.8554586517687338,2.39124894e-07,2.55913576e-07,0.25591357600000003
354,3.36955342e-06,9.64456242,10223.2361652,0.8520087678452669,3.36955342e-06,1.27362276e-07,0.127362276,2.39124894e-07,9.68735013,10268.5911378,0.8557886701869659,2.39124894e-07,2.55817696e-07,0.255817696
355,3.36955342e-06,9.65247722,10231.6258532,0.8527079679439419,3.36955342e-06,1.27271068e-07,0.12727106800000001,2.39124894e-07,9.69108846,10272.5537676,0.8561189174079797,2.39124894e-07,2.55719416e-07,0.25571941600000003
356,3.36955342e-06,9.66035244,10239.973586400001,0.8534036715120786,3.36955342e-06,1.27177994e-07,0.12717799400000002,2.39124894e-07,9.69482857,10276.5182842,0.8564493218756928,2.39124894e-07,2.55618756e-07,0.255618756
357,3.36955342e-06,9.66818792,10248.279195199999,0.8540958644151418,3.36955342e-06,1.27083061e-07,0.127083061,2.39124894e-07,9.69856984,10280.484030399999,0.8567798288187829,2.39124894e-07,2.55515736e-07,0.255515736
358,3.36955342e-06,9.67598073,10256.539573799999,0.8547842878144641,3.36955342e-06,1.26986283e-07,0.12698628299999998,2.39124894e-07,9.70232476,10284.4642456,0.8571115416143706,2.39124894e-07,2.55410374e-07,0.255410374
359,3.36955342e-06,9.68373923,10264.7635838,0.8554696802394871,3.36955342e-06,1.26887678e-07,0.12688767799999998,2.39124894e-07,9.70605155,10288.414643,0.8574407693820641,2.39124894e-07,2.5530269e-07,0.25530269
360,3.36955342e-06,9.69145446,10272.941727599999,0.8561512501562631,3.36955342e-06,1.26787251e-07,0.126787251,2.39124894e-07,9.70979896,10292.386897600001,0.8577718187379262,2.39124894e-07,2.55192712e-07,0.255192712
361,3.36955342e-06,9.69913336,10281.0813616,0.8568296106502385,3.36955342e-06,1.26685007e-07,0.126685007,2.39124894e-07,9.71352905,10296.340793,0.8581013380303992,2.39124894e-07,2.55080452e-07,0.25508045199999996
362,3.36955342e-06,9.70676713,10289.1731578,0.8575039843220007,3.36955342e-06,1.26580975e-07,0.126580975,2.39124894e-07,9.71728599,10300.323149400001,0.8584332292744884,2.39124894e-07,2.54965933e-07,0.254965933
363,3.36955342e-06,9.71436429,10297.2261474,0.8581751238355261,3.36955342e-06,1.26475178e-07,0.12647517800000002,2.39124894e-07,9.72102162,10304.2829172,0.8587632379752279,2.39124894e-07,2.54849169e-07,0.254849169
364,3.36955342e-06,9.72191682,10305.2318292,0.8588423206972593,3.36955342e-06,1.26367646e-07,0.126367646,2.39124894e-07,9.72477778,10308.2644468,0.85909506031346,2.39124894e-07,2.54730185e-07,0.254730185
365,3.36955342e-06,9.72943332,10313.1993192,0.8595063346384444,3.36955342e-06,1.26258393e-07,0.126258393,2.39124894e-07,9.72850936,10312.2199216,0.8594247112337883,2.39124894e-07,2.54608996e-07,0.254608996
366,3.36955342e-06,9.73690549,10321.119819399999,0.8601664324300898,3.36955342e-06,1.26147444e-07,0.126147444,2.39124894e-07,9.73226172,10316.197423200001,0.8597561978768197,2.39124894e-07,2.54485627e-07,0.254485627
367,3.36955342e-06,9.74434079,10329.001237400002,0.8608232730948799,3.36955342e-06,1.2603482e-07,0.12603482000000002,2.39124894e-07,9.73599552,10320.1552512,0.8600860449138177,2.39124894e-07,2.54360091e-07,0.254360091
368,3.36955342e-06,9.7517366,10336.840795999999,0.8614766251798068,3.36955342e-06,1.25920553e-07,0.125920553,2.39124894e-07,9.73972676,10324.1103656,0.8604156657982596,2.39124894e-07,2.54232417e-07,0.254232417
369,3.36955342e-06,9.75909094,10344.6363964,0.8621263137700037,3.36955342e-06,1.25804682e-07,0.125804682,2.39124894e-07,9.74346384,10328.0716704,0.8607458025932205,2.39124894e-07,2.54102623e-07,0.254102623
370,3.36955342e-06,9.76639844,10352.3823464,0.8627718644751471,3.36955342e-06,1.25687233e-07,0.125687233,2.39124894e-07,9.74722683,10332.060439800001,0.8610782282994056,2.39124894e-07,2.53970718e-07,0.253970718
371,3.36955342e-06,9.77366586,10360.0858116,0.8634138744793308,3.36955342e-06,1.25568231e-07,0.125568231,2.39124894e-07,9.75097247,10336.0308182,0.8614091212919766,2.39124894e-07,2.53836714e-07,0.253836714
372,3.36955342e-06,9.78089844,10367.752346399999,0.8640528066885684,3.36955342e-06,1.25447706e-07,0.125447706,2.39124894e-07,9.75468857,10339.969884200002,0.861737404696066,2.39124894e-07,2.53700645e-07,0.253700645
373,3.36955342e-06,9.78809245,10375.377997000001,0.8646883315915188,3.36955342e-06,1.25325696e-07,0.12532569600000001,2.39124894e-07,9.75839903,10343.9029718,0.8620651898578047,2.39124894e-07,2.53562544e-07,0.253562544
374,3.36955342e-06,9.79524025,10382.954665000001,0.8653197742641459,3.36955342e-06,1.25202242e-07,0.125202242,2.39124894e-07,9.7621394,10347.867764,0.8623956172941367,2.39124894e-07,2.5342242e-07,0.25342242
375,3.36955342e-06,9.80234556,10390.486293599999,0.8659474633343833,3.36955342e-06,1.2507737e-07,0.12507737,2.39124894e-07,9.76588178,10351.8346868,0.8627262222955618,2.39124894e-07,2.53280274e-07,0.25328027399999997
376,3.36955342e-06,9.80941023,10397.974843799999,0.8665715622327897,3.36955342e-06,1.24951112e-07,0.124951112,2.39124894e-07,9.76961177,10355.7884762,0.8630557327539508,2.39124894e-07,2.53136131e-07,0.253136131
377,3.36955342e-06,9.81643227,10405.4182062,0.8671918951610887,3.36955342e-06,1.24823505e-07,0.12482350500000002,2.39124894e-07,9.77333911,10359.7394566,0.8633850091091076,2.39124894e-07,2.52990017e-07,0.252990017
378,3.36955342e-06,9.82341685,10412.821860999999,0.8678089188414347,3.36955342e-06,1.24694587e-07,0.12469458700000001,2.39124894e-07,9.7770448,10363.667488000001,0.8637123728850287,2.39124894e-07,2.52841953e-07,0.252841953
379,3.36955342e-06,9.83035815,10420.179639,0.8684221191301261,3.36955342e-06,1.24564394e-07,0.12456439400000001,2.39124894e-07,9.78076282,10367.6085892,0.8640408259035351,2.39124894e-07,2.52691964e-07,0.252691964
380,3.36955342e-06,9.83725724,10427.4926744,0.8690315905518636,3.36955342e-06,1.24432961e-07,0.12443296100000001,2.39124894e-07,9.78448376,10371.5527856,0.8643695368773013,2.39124894e-07,2.52540055e-07,0.252540055
381,3.36955342e-06,9.84411378,10434.7606068,0.869637303070761,3.36955342e-06,1.24300322e-07,0.124300322,2.39124894e-07,9.78820286,10375.4950316,0.8646980853039175,2.39124894e-07,2.52386245e-07,0.252386245
382,3.36955342e-06,9.85092924,10441.9849944,0.8702393865478566,3.36955342e-06,1.24166515e-07,0.12416651499999999,2.39124894e-07,9.79191093,10379.4255858,0.8650256593310431,2.39124894e-07,2.52230556e-07,0.252230556
383,3.36955342e-06,9.85770559,10449.167925400001,0.8708380150146097,3.36955342e-06,1.24031575e-07,0.124031575,2.39124894e-07,9.79560214,10383.338268399999,0.8653517439315674,2.39124894e-07,2.52073012e-07,0.252073012
384,3.36955342e-06,9.86444037,10456.306792200001,0.871432971152548,3.36955342e-06,1.23895537e-07,0.123895537,2.39124894e-07,9.79929107,10387.2485342,0.8656776271149714,2.39124894e-07,2.51913637e-07,0.25191363699999997
385,3.36955342e-06,9.87112705,10463.394673,0.8720236780959716,3.36955342e-06,1.23758434e-07,0.123758434,2.39124894e-07,9.80300434,10391.1846004,0.8660056605144771,2.39124894e-07,2.51752441e-07,0.251752441
386,3.36955342e-06,9.87777258,10470.4389348,0.8726107498137342,3.36955342e-06,1.23620303e-07,0.123620303,2.39124894e-07,9.80670343,10395.1056358,0.8663324412408389,2.39124894e-07,2.51589434e-07,0.251589434
387,3.36955342e-06,9.88437768,10477.4403408,0.8731942499112425,3.36955342e-06,1.23481175e-07,0.123481175,2.39124894e-07,9.81038605,10399.009213,0.8666577669935278,2.39124894e-07,2.51424642e-07,0.25142464200000003
388,3.36955342e-06,9.89094185,10484.398361000001,0.8737741342180754,3.36955342e-06,1.23341082e-07,0.123341082,2.39124894e-07,9.81405911,10402.902656600001,0.8669822482077645,2.39124894e-07,2.51258089e-07,0.251258089
389,3.36955342e-06,9.89746343,10491.3112358,0.8743502560884342,3.36955342e-06,1.23200057e-07,0.12320005700000002,2.39124894e-07,9.81773195,10406.795867,0.8673067099870156,2.39124894e-07,2.51089796e-07,0.25108979600000003
390,3.36955342e-06,9.90394124,10498.1777144,0.8749225112801255,3.36955342e-06,1.23058133e-07,0.123058133,2.39124894e-07,9.82140673,10410.691133799999,0.8676313431475008,2.39124894e-07,2.50919776e-07,0.250919776
391,3.36955342e-06,9.9103752,10504.997712,0.8754908927258818,3.36955342e-06,1.22915341e-07,0.12291534100000001,2.39124894e-07,9.82507868,10414.5834008,0.8679557263034025,2.39124894e-07,2.50748045e-07,0.250748045
392,3.36955342e-06,9.91676614,10511.7721084,0.876055473748602,3.36955342e-06,1.2277171e-07,0.12277170999999999,2.39124894e-07,9.82874174,10418.4662444,0.868279324109216,2.39124894e-07,2.50574622e-07,0.25057462199999997
393,3.36955342e-06,9.92311475,10518.501635,0.8766163153034675,3.36955342e-06,1.22627269e-07,0.122627269,2.39124894e-07,9.83239431,10422.337968599999,0.8686019952195936,2.39124894e-07,2.50399528e-07,0.250399528
394,3.36955342e-06,9.92942094,10525.1861964,0.8771734094398024,3.36955342e-06,1.22482045e-07,0.122482045,2.39124894e-07,9.83603965,10426.202029,0.8689240276256815,2.39124894e-07,2.50222783e-07,0.250222783
395,3.36955342e-06,9.93568404,10531.8250824,0.8777266969692424,3.36955342e-06,1.22336064e-07,0.12233606400000001,2.39124894e-07,9.8396813,10430.062178,0.8692457340540614,2.39124894e-07,2.50044407e-07,0.25004440699999997
396,3.36955342e-06,9.94190348,10538.4176888,0.8782761275375074,3.36955342e-06,1.22189352e-07,0.12218935199999999,2.39124894e-07,9.84331949,10433.9186594,0.8695671348231266,2.39124894e-07,2.49864416e-07,0.24986441600000003
397,3.36955342e-06,9.94807912,10544.963867199998,0.8788216887768793,3.36955342e-06,1.22041936e-07,0.122041936,2.39124894e-07,9.84695157,10437.768664199999,0.8698879958296455,2.39124894e-07,2.49682826e-07,0.24968282599999997
398,3.36955342e-06,9.95421112,10551.4637872,0.8793633948218933,3.36955342e-06,1.21893838e-07,0.12189383799999999,2.39124894e-07,9.85057514,10441.6096484,0.8702081050555965,2.39124894e-07,2.49499658e-07,0.24949965799999999
399,3.36955342e-06,9.96029964,10557.9176184,0.8799012598070837,3.36955342e-06,1.21745082e-07,0.12174508199999999,2.39124894e-07,9.85418991,10445.4413046,0.8705274368821351,2.39124894e-07,2.49314931e-07,0.249314931
400,3.36955342e-06,9.96634464,10564.3253184,0.880435280198817,3.36955342e-06,1.21595687e-07,0.12159568700000001,2.39124894e-07,9.85779729,10449.2651274,0.870846115869849,2.39124894e-07,2.49128664e-07,0.24912866399999997
401,3.36955342e-06,9.97234587,10570.686622199999,0.8809654339118824,3.36955342e-06,1.21445675e-07,0.121445675,2.39124894e-07,9.86139846,10453.0823676,0.8711642462609323,2.39124894e-07,2.48940876e-07,0.248940876
402,3.36955342e-06,9.97830304,10577.0012224,0.8814916953274362,3.36955342e-06,1.21295063e-07,0.121295063,2.39124894e-07,9.86499331,10456.892908599999,0.871481818337892,2.39124894e-07,2.48751585e-07,0.24875158499999997
403,3.36955342e-06,9.9842161,10583.269065999999,0.8820140600284357,3.36955342e-06,1.21143871e-07,0.121143871,2.39124894e-07,9.86858026,10460.6950756,0.8717986925221978,2.39124894e-07,2.48560807e-07,0.24856080700000002
404,3.36955342e-06,9.99008498,10589.490078800001,0.8825325218310225,3.36955342e-06,1.20992116e-07,0.120992116,2.39124894e-07,9.87215847,10464.4879782,0.8721147946075417,2.39124894e-07,2.48368563e-07,0.24836856300000001
405,3.36955342e-06,9.99590966,10595.6642396,0.8830470789683791,3.36955342e-06,1.20839813e-07,0.120839813,2.39124894e-07,9.87572784,10468.2715104,0.8724301157598396,2.39124894e-07,2.48174872e-07,0.24817487200000002
406,3.36955342e-06,10.0016901,10601.791506,0.883557727906872,3.36955342e-06,1.20686977e-07,0.120686977,2.39124894e-07,9.87928884,10472.046170399999,0.8727446974992874,2.39124894e-07,2.47979751e-07,0.24797975100000003
407,3.36955342e-06,10.0074261,10607.871666,0.8840644509783331,3.36955342e-06,1.2053362e-07,0.12053362000000001,2.39124894e-07,9.88284179,10475.8122974,0.8730585680949547,2.39124894e-07,2.4778322e-07,0.24778322
408,3.36955342e-06,10.0131176,10613.904655999999,0.8845672428823116,3.36955342e-06,1.20379755e-07,0.120379755,2.39124894e-07,9.88638643,10479.5696158,0.8733717045782224,2.39124894e-07,2.47585297e-07,0.24758529699999998
409,3.36955342e-06,10.0187555,10619.88083,0.8850652997171427,3.36955342e-06,1.20225406e-07,0.12022540599999999,2.39124894e-07,9.88995129,10483.348367400002,0.8736866273133218,2.39124894e-07,2.47385995e-07,0.24738599500000003
410,3.36955342e-06,10.0243661,10625.828066,0.8855609448469787,3.36955342e-06,1.20070581e-07,0.12007058100000001,2.39124894e-07,9.89344407,10487.050714199999,0.8739951824405073,2.39124894e-07,2.47185333e-07,0.24718533299999998
411,3.36955342e-06,10.02993,10631.7258,0.886052464459479,3.36955342e-06,1.1991525e-07,0.11991525,2.39124894e-07,9.89694069,10490.7571314,0.8743040767965277,2.39124894e-07,2.4698335e-07,0.24698335
412,3.36955342e-06,10.0354343,10637.560358,0.8865387189577781,3.36955342e-06,1.19759447e-07,0.11975944699999999,2.39124894e-07,9.90048463,10494.513707799999,0.8746171514412058,2.39124894e-07,2.46780048e-07,0.246780048
413,3.36955342e-06,10.0408975,10643.351349999999,0.8870213426474584,3.36955342e-06,1.19603214e-07,0.119603214,2.39124894e-07,9.90399771,10498.237572600001,0.8749274998874905,2.39124894e-07,2.46575431e-07,0.246575431
414,3.36955342e-06,10.0463303,10649.110117999999,0.8875012807755325,3.36955342e-06,1.19446526e-07,0.119446526,2.39124894e-07,9.90744367,10501.890290199999,0.8752319188964395,2.39124894e-07,2.46369535e-07,0.246369535
415,3.36955342e-06,10.0517047,10654.806982,0.8879760597984162,3.36955342e-06,1.19289369e-07,0.11928936899999999,2.39124894e-07,9.91093362,10505.5896372,0.8755402240190417,2.39124894e-07,2.46162389e-07,0.246162389
416,3.36955342e-06,10.057035,10660.457100000001,0.8884469429901544,3.36955342e-06,1.19131781e-07,0.11913178099999999,2.39124894e-07,9.91441208,10509.2768048,0.8758475141053657,2.39124894e-07,2.45953991e-07,0.24595399099999998
417,3.36955342e-06,10.0623227,10666.062061999999,0.8889140628620099,3.36955342e-06,1.18973763e-07,0.11897376300000001,2.39124894e-07,9.91786968,10512.941860800001,0.8761529614017193,2.39124894e-07,2.45744364e-07,0.24574436399999997
418,3.36955342e-06,10.067567,10671.62102,0.8893773487413098,3.36955342e-06,1.1881531e-07,0.11881531,2.39124894e-07,9.92130907,10516.5876142,0.8764568000113343,2.39124894e-07,2.4553353e-07,0.24553353
419,3.36955342e-06,10.0727659,10677.131854000001,0.8898366239463689,3.36955342e-06,1.1865642e-07,0.11865642,2.39124894e-07,9.92473882,10520.2231492,0.8767597870152296,2.39124894e-07,2.45321509e-07,0.245321509
420,3.36955342e-06,10.0779182,10682.593292,0.8902917824681764,3.36955342e-06,1.184971e-07,0.1184971,2.39124894e-07,9.92816391,10523.853744600001,0.8770623623507999,2.39124894e-07,2.45108319e-07,0.245108319
421,3.36955342e-06,10.0830241,10688.005545999999,0.8907428419749011,3.36955342e-06,1.18337357e-07,0.11833735699999999,2.39124894e-07,9.93158145,10527.476337,0.8773642707130106,2.39124894e-07,2.44893976e-07,0.24489397599999999
422,3.36955342e-06,10.0880844,10693.369464,0.8911898731392168,3.36955342e-06,1.18177195e-07,0.11817719500000001,2.39124894e-07,9.93498791,10531.087184600001,0.8776652002586888,2.39124894e-07,2.44678495e-07,0.244678495
423,3.36955342e-06,10.0931,10698.686,0.8916329554678815,3.36955342e-06,1.18016615e-07,0.11801661499999999,2.39124894e-07,9.93837984,10534.682630399999,0.8779648462119279,2.39124894e-07,2.44461897e-07,0.244461897
424,3.36955342e-06,10.0980709,10703.955154,0.892072088960895,3.36955342e-06,1.17855617e-07,0.117855617,2.39124894e-07,9.94175762,10538.263077200001,0.8782632421422489,2.39124894e-07,2.44244201e-07,0.24424420100000002
425,3.36955342e-06,10.1029967,10709.176502,0.8925072382819207,3.36955342e-06,1.17694198e-07,0.117694198,2.39124894e-07,9.94512382,10541.831249199999,0.8785606150856156,2.39124894e-07,2.44025426e-07,0.24402542600000002
426,3.36955342e-06,10.1078769,10714.349514000001,0.8929383592605373,3.36955342e-06,1.1753236e-07,0.11753236,2.39124894e-07,9.94848016,10545.3889696,0.8788571169882774,2.39124894e-07,2.43805589e-07,0.243805589
427,3.36955342e-06,10.1127113,10719.473978000002,0.8933654342285763,3.36955342e-06,1.17370105e-07,0.11737010499999999,2.39124894e-07,9.95182598,10548.9355388,0.879152689545278,2.39124894e-07,2.43584708e-07,0.24358470799999998
428,3.36955342e-06,10.1175,10724.55,0.8937884720201217,3.36955342e-06,1.17207435e-07,0.117207435,2.39124894e-07,9.95515952,10552.4690912,0.8794471772767353,2.39124894e-07,2.433628e-07,0.24336280000000002
429,3.36955342e-06,10.1222433,10729.577898,0.8942074991374267,3.36955342e-06,1.1704435e-07,0.11704434999999999,2.39124894e-07,9.95847964,10555.9884184,0.8797404794740887,2.39124894e-07,2.43139884e-07,0.243139884
430,3.36955342e-06,10.1269415,10734.55799,0.8946225420827437,3.36955342e-06,1.1688085e-07,0.11688085,2.39124894e-07,9.96178655,10559.493742999999,0.8800326146889151,2.39124894e-07,2.42915979e-07,0.24291597899999998
431,3.36955342e-06,10.1315944,10739.490064,0.8950335831879043,3.36955342e-06,1.16716935e-07,0.11671693500000001,2.39124894e-07,9.9650811,10562.985966,0.8803236580109309,2.39124894e-07,2.42691102e-07,0.242691102
432,3.36955342e-06,10.1362019,10744.374013999999,0.8954406136188242,3.36955342e-06,1.16552604e-07,0.116552604,2.39124894e-07,9.96836375,10566.465575,0.8806136500769233,2.39124894e-07,2.42465271e-07,0.24246527100000004
433,3.36955342e-06,10.140764,10749.209840000001,0.8958436333755038,3.36955342e-06,1.1638786e-07,0.11638786000000001,2.39124894e-07,9.9716341,10569.932146,0.8809025555505551,2.39124894e-07,2.42238504e-07,0.242238504
434,3.36955342e-06,10.1452805,10753.99733,0.8962426247897738,3.36955342e-06,1.16222703e-07,0.116222703,2.39124894e-07,9.97489143,10573.3849158,0.8811903108264202,2.39124894e-07,2.42010819e-07,0.242010819
435,3.36955342e-06,10.1497518,10758.736908,0.8966376231979719,3.36955342e-06,1.16057135e-07,0.116057135,2.39124894e-07,9.97813528,10576.8233968,0.8814768752677311,2.39124894e-07,2.41782232e-07,0.24178223199999999
436,3.36955342e-06,10.1541778,10763.428468,0.8970286197660134,3.36955342e-06,1.15891158e-07,0.11589115800000001,2.39124894e-07,9.98136569,10580.247631400001,0.8817622524081216,2.39124894e-07,2.41552764e-07,0.241552764
437,3.36955342e-06,10.1585586,10768.072116,0.8974156233279829,3.36955342e-06,1.15724772e-07,0.115724772,2.39124894e-07,9.98458291,10583.657884600001,0.8820464643328018,2.39124894e-07,2.4132243e-07,0.24132243000000003
438,3.36955342e-06,10.1628942,10772.667852,0.8977986338838801,3.36955342e-06,1.15557978e-07,0.11555797799999999,2.39124894e-07,9.98778703,10587.0542518,0.8823295189924477,2.39124894e-07,2.41091249e-07,0.24109124899999998
439,3.36955342e-06,10.1671846,10777.215676,0.8981776514337052,3.36955342e-06,1.15390781e-07,0.115390781,2.39124894e-07,9.99097783,10590.4364998,0.8826113969520742,2.39124894e-07,2.40859238e-07,0.240859238
440,3.36955342e-06,10.1714299,10781.715694,0.8985526848115424,3.36955342e-06,1.15223181e-07,0.115223181,2.39124894e-07,9.99415497,10593.8042682,0.8828920681757949,2.39124894e-07,2.40626414e-07,0.240626414
441,3.36955342e-06,10.1756301,10786.167905999999,0.8989237340173915,3.36955342e-06,1.15055184e-07,0.115055184,2.39124894e-07,9.99731822,10597.157313200001,0.8831715123452162,2.39124894e-07,2.40392796e-07,0.24039279599999996
442,3.36955342e-06,10.1797852,10790.572312,0.8992907990512528,3.36955342e-06,1.14886792e-07,0.114886792,2.39124894e-07,10.0004676,10600.495656000001,0.8834497312271544,2.39124894e-07,2.40158401e-07,0.24015840100000002
443,3.36955342e-06,10.1838954,10794.929124,0.8996538975812944,3.36955342e-06,1.1471801e-07,0.11471801000000001,2.39124894e-07,10.003603,10603.81918,0.8837267151041173,2.39124894e-07,2.39923246e-07,0.239923246
444,3.36955342e-06,10.1879607,10799.238341999999,0.9000130296075166,3.36955342e-06,1.1454884e-07,0.11454884,2.39124894e-07,10.0067245,10607.127970000001,0.8840024710433722,2.39124894e-07,2.39687348e-07,0.23968734800000002
445,3.36955342e-06,10.1919812,10803.500072,0.9003682039640037,3.36955342e-06,1.14379289e-07,0.114379289,2.39124894e-07,10.0098319,10610.421814,0.8842769813767504,2.39124894e-07,2.39450724e-07,0.23945072400000003
446,3.36955342e-06,10.1959569,10807.714314,0.9007194206507554,3.36955342e-06,1.14209362e-07,0.11420936200000001,2.39124894e-07,10.0129251,10613.700606,0.884550237270168,2.39124894e-07,2.39213393e-07,0.239213393
447,3.36955342e-06,10.1998879,10811.881174,0.901066688501856,3.36955342e-06,1.14039065e-07,0.11403906500000001,2.39124894e-07,10.016004,10616.964240000001,0.8848222298895407,2.39124894e-07,2.38975371e-07,0.23897537099999996
448,3.36955342e-06,10.2037742,10816.000652,0.9014100075173057,3.36955342e-06,1.13868405e-07,0.11386840499999999,2.39124894e-07,10.0190684,10620.212504000001,0.8850929415666999,2.39124894e-07,2.38736675e-07,0.23873667499999998
449,3.36955342e-06,10.207616,10820.07296,0.9017493953652727,3.36955342e-06,1.13697388e-07,0.113697388,2.39124894e-07,10.0221183,10623.445398,0.8853623723016456,2.39124894e-07,2.38497322e-07,0.238497322
450,3.36955342e-06,10.2114134,10824.098204,0.9020848608798415,3.36955342e-06,1.13526022e-07,0.11352602199999999,2.39124894e-07,10.0251536,10626.662816,0.8856305132602939,2.39124894e-07,2.38257329e-07,0.238257329
451,3.36955342e-06,10.2151663,10828.076278,0.9024163952269277,3.36955342e-06,1.13354314e-07,0.113354314,2.39124894e-07,10.0281743,10629.864758,0.8858973644426443,2.39124894e-07,2.38016714e-07,0.238016714
452,3.36955342e-06,10.218875,10832.007500000002,0.902744024908784,3.36955342e-06,1.13182274e-07,0.113182274,2.39124894e-07,10.0311802,10633.051012,0.8861629081805287,2.39124894e-07,2.37775492e-07,0.237775492
453,3.36955342e-06,10.2225394,10835.891764,0.9030677410913261,3.36955342e-06,1.13009911e-07,0.113009911,2.39124894e-07,10.0341712,10636.221472,0.8864271356398626,2.39124894e-07,2.37533682e-07,0.237533682
454,3.36955342e-06,10.2261596,10839.729176,0.9033875526086385,3.36955342e-06,1.12837233e-07,0.11283723300000001,2.39124894e-07,10.0371474,10639.376244000001,0.8866900556547308,2.39124894e-07,2.37291299e-07,0.237291299
455,3.36955342e-06,10.2297358,10843.519948000001,0.9037034771288894,3.36955342e-06,1.12664251e-07,0.112664251,2.39124894e-07,10.0401085,10642.515010000001,0.8869516417228799,2.39124894e-07,2.3704836e-07,0.23704836
456,3.36955342e-06,10.2332681,10847.264186,0.9040155234861631,3.36955342e-06,1.12490976e-07,0.112490976,2.39124894e-07,10.0430545,10645.63777,0.8872118938443101,2.39124894e-07,2.36804882e-07,0.236804882
457,3.36955342e-06,10.2367565,10850.96189,0.9043236916804596,3.36955342e-06,1.12317418e-07,0.11231741799999999,2.39124894e-07,10.0459854,10648.744524,0.8874708120190217,2.39124894e-07,2.36560881e-07,0.236560881
458,3.36955342e-06,10.2402013,10854.613378,0.9046280082140316,3.36955342e-06,1.12143587e-07,0.112143587,2.39124894e-07,10.0489002,10651.834212,0.8877283079061721,2.39124894e-07,2.36316374e-07,0.236316374
459,3.36955342e-06,10.2436023,10858.218438,0.9049284554187106,3.36955342e-06,1.11969493e-07,0.111969493,2.39124894e-07,10.0518006,10654.908636,0.8879845316851933,2.39124894e-07,2.36071378e-07,0.236071378
460,3.36955342e-06,10.2469597,10861.777282,0.9052250509626651,3.36955342e-06,1.11795154e-07,0.11179515400000001,2.39124894e-07,10.0546861,10657.967266,0.8882394391856642,2.39124894e-07,2.35825909e-07,0.235825909
461,3.36955342e-06,10.2502735,10865.289910000001,0.9055177948458953,3.36955342e-06,1.11620583e-07,0.111620583,2.39124894e-07,10.0575561,10661.009466,0.8884929774030793,2.39124894e-07,2.35579982e-07,0.23557998200000002
462,3.36955342e-06,10.2535376,10868.749856,0.9058061481892629,3.36955342e-06,1.11445803e-07,0.11144580300000001,2.39124894e-07,10.0604273,10664.052938,0.8887466216295052,2.39124894e-07,2.35333612e-07,0.235333612
463,3.36955342e-06,10.256771,10872.17726,0.9060917894687716,3.36955342e-06,1.11270822e-07,0.11127082199999999,2.39124894e-07,10.0632459,10667.040654,0.8889956191276259,2.39124894e-07,2.35086815e-07,0.235086815
464,3.36955342e-06,10.2599596,10875.557176,0.9063734730785451,3.36955342e-06,1.11095618e-07,0.111095618,2.39124894e-07,10.0660567,10670.020102,0.8892439275671766,2.39124894e-07,2.34839617e-07,0.234839617
465,3.36955342e-06,10.2631008,10878.886848,0.9066509693323933,3.36955342e-06,1.10920219e-07,0.110920219,2.39124894e-07,10.0688677,10672.999762,0.8894922536748957,2.39124894e-07,2.34592029e-07,0.234592029
466,3.36955342e-06,10.2661894,10882.160764,0.9069238188579363,3.36955342e-06,1.10744672e-07,0.110744672,2.39124894e-07,10.0716874,10675.988644000001,0.889741348347943,2.39124894e-07,2.34344059e-07,0.234344059
467,3.36955342e-06,10.2692479,10885.402774,0.907194009324126,3.36955342e-06,1.10568999e-07,0.110568999,2.39124894e-07,10.0744498,10678.916788,0.8899853810907261,2.39124894e-07,2.34095722e-07,0.234095722
468,3.36955342e-06,10.2722641,10888.599945999998,0.9074604629726859,3.36955342e-06,1.1039317e-07,0.11039317,2.39124894e-07,10.0771952,10681.826912,0.89022791203919,2.39124894e-07,2.33847047e-07,0.233847047
469,3.36955342e-06,10.2752291,10891.742846000001,0.9077223935701202,3.36955342e-06,1.10217211e-07,0.110217211,2.39124894e-07,10.079953,10684.75018,0.8904715384140985,2.39124894e-07,2.33598044e-07,0.233598044
470,3.36955342e-06,10.2781611,10894.850766,0.9079814089197582,3.36955342e-06,1.10041154e-07,0.110041154,2.39124894e-07,10.0826691,10687.629246,0.890711480975883,2.39124894e-07,2.33348726e-07,0.233348726
471,3.36955342e-06,10.281042,10897.90452,0.9082359100523545,3.36955342e-06,1.09864996e-07,0.10986499599999999,2.39124894e-07,10.0853938,10690.517428000001,0.8909521832689113,2.39124894e-07,2.33099111e-07,0.233099111
472,3.36955342e-06,10.2838893,10900.922658,0.9084874429326493,3.36955342e-06,1.09688768e-07,0.109688768,2.39124894e-07,10.0880751,10693.359606,0.8911890515693834,2.39124894e-07,2.32849212e-07,0.232849212
473,3.36955342e-06,10.2866853,10903.886418,0.908734443927734,3.36955342e-06,1.09512469e-07,0.109512469,2.39124894e-07,10.0907656,10696.211535999999,0.8914267326056048,2.39124894e-07,2.32599049e-07,0.232599049
474,3.36955342e-06,10.2894479,10906.814774,0.9089784943386855,3.36955342e-06,1.09336131e-07,0.109336131,2.39124894e-07,10.0934151,10699.020005999999,0.8916607916672916,2.39124894e-07,2.32348633e-07,0.232348633
475,3.36955342e-06,10.2921596,10909.689176,0.9092180482007638,3.36955342e-06,1.09159754e-07,0.109159754,2.39124894e-07,10.0960747,10701.839182000002,0.8918957429714861,2.39124894e-07,2.32097983e-07,0.232097983
476,3.36955342e-06,10.2948325,10912.52245,0.9094541744381607,3.36955342e-06,1.08983379e-07,0.108983379,2.39124894e-07,10.0987087,10704.631222,0.8921284327501171,2.39124894e-07,2.31847109e-07,0.231847109
477,3.36955342e-06,10.2974728,10915.321168,0.9096874207640984,3.36955342e-06,1.08806995e-07,0.108806995,2.39124894e-07,10.1013001,10707.378106,0.8923573592088662,2.39124894e-07,2.31596031e-07,0.231596031
478,3.36955342e-06,10.3000607,10918.064342,0.9099160380298992,3.36955342e-06,1.08630606e-07,0.108630606,2.39124894e-07,10.1039081,10710.142586,0.8925877521255974,2.39124894e-07,2.31344767e-07,0.231344767
479,3.36955342e-06,10.3026106,10920.767236,0.9101412983436925,3.36955342e-06,1.08454267e-07,0.10845426700000001,2.39124894e-07,10.1064881,10712.877386,0.8928156714987441,2.39124894e-07,2.31093326e-07,0.23109332600000002
480,3.36955342e-06,10.3051184,10923.425503999999,0.9103628395080248,3.36955342e-06,1.08277987e-07,0.108277987,2.39124894e-07,10.1090524,10715.595544,0.8930422039206666,2.39124894e-07,2.30841725e-07,0.230841725
481,3.36955342e-06,10.3075842,10926.039252,0.9105806703569804,3.36955342e-06,1.08101759e-07,0.10810175899999999,2.39124894e-07,10.1116016,10718.297696,0.8932674023958703,2.39124894e-07,2.30589979e-07,0.230589979
482,3.36955342e-06,10.3100099,10928.610494,0.9107949587381595,3.36955342e-06,1.07925591e-07,0.107925591,2.39124894e-07,10.1141308,10720.978648,0.893490834054228,2.39124894e-07,2.30338101e-07,0.230338101
483,3.36955342e-06,10.3123957,10931.139442,0.9110057223197305,3.36955342e-06,1.07749501e-07,0.107749501,2.39124894e-07,10.1166411,10723.639566000002,0.8937125960706662,2.39124894e-07,2.30086109e-07,0.230086109
484,3.36955342e-06,10.3147402,10933.624612,0.9112128374245144,3.36955342e-06,1.07573514e-07,0.10757351400000001,2.39124894e-07,10.119137,10726.28522,0.8939330859789749,2.39124894e-07,2.29834017e-07,0.229834017
485,3.36955342e-06,10.3170427,10936.065262,0.9114162422139216,3.36955342e-06,1.07397655e-07,0.107397655,2.39124894e-07,10.1216191,10728.916246,0.89415235678366,2.39124894e-07,2.2958184e-07,0.22958184
486,3.36955342e-06,10.3193038,10938.462028,0.9116159896924573,3.36955342e-06,1.07221936e-07,0.107221936,2.39124894e-07,10.1240849,10731.529994,0.8943701876326156,2.39124894e-07,2.29329592e-07,0.229329592
487,3.36955342e-06,10.3215247,10940.816181999999,0.9118121858691322,3.36955342e-06,1.07046364e-07,0.107046364,2.39124894e-07,10.1265316,10734.123496,0.894586331171483,2.39124894e-07,2.29077286e-07,0.22907728600000002
488,3.36955342e-06,10.323706,10943.128359999999,0.9120048837484519,3.36955342e-06,1.06870945e-07,0.10687094500000001,2.39124894e-07,10.1289588,10736.696328,0.8948007520639255,2.39124894e-07,2.28824939e-07,0.228824939
489,3.36955342e-06,10.3258475,10945.39835,0.9121940656622479,3.36955342e-06,1.06695692e-07,0.106695692,2.39124894e-07,10.1313689,10739.251034,0.8950136623279646,2.39124894e-07,2.28572564e-07,0.228572564
490,3.36955342e-06,10.3279435,10947.62011,0.9123792280677191,3.36955342e-06,1.0652063e-07,0.10652063,2.39124894e-07,10.1337755,10741.80203,0.8952262633990556,2.39124894e-07,2.28320176e-07,0.22832017599999999
491,3.36955342e-06,10.3300044,10949.804664,0.9125612897096252,3.36955342e-06,1.06345783e-07,0.106345783,2.39124894e-07,10.1361514,10744.320484,0.8954361524062879,2.39124894e-07,2.28067788e-07,0.228067788
492,3.36955342e-06,10.3320282,10951.949892,0.9127400739062821,3.36955342e-06,1.06171136e-07,0.106171136,2.39124894e-07,10.138503,10746.81318,0.8956438947310521,2.39124894e-07,2.27815416e-07,0.227815416
493,3.36955342e-06,10.3340113,10954.051978,0.9129152626306569,3.36955342e-06,1.05996692e-07,0.105996692,2.39124894e-07,10.140841,10749.29146,0.8958504356203612,2.39124894e-07,2.27563077e-07,0.227563077
494,3.36955342e-06,10.3359519,10956.109014,0.9130866968692339,3.36955342e-06,1.05822472e-07,0.105822472,2.39124894e-07,10.1431692,10751.759352000001,0.8960561107694155,2.39124894e-07,2.27310782e-07,0.227310782
495,3.36955342e-06,10.3378512,10958.122271999999,0.9132544826310236,3.36955342e-06,1.05648503e-07,0.105648503,2.39124894e-07,10.1454835,10754.21251,0.8962605579807617,2.39124894e-07,2.27058545e-07,0.227058545
496,3.36955342e-06,10.3397115,10960.09419,0.9134188230999635,3.36955342e-06,1.05474799e-07,0.105474799,2.39124894e-07,10.1477776,10756.644256,0.8964632207070934,2.39124894e-07,2.26806377e-07,0.226806377
497,3.36955342e-06,10.341534,10962.026039999999,0.9135798242850641,3.36955342e-06,1.05301364e-07,0.105301364,2.39124894e-07,10.15005,10759.053,0.8966639664371472,2.39124894e-07,2.26554296e-07,0.226554296
498,3.36955342e-06,10.3433182,10963.917292,0.9137374420159047,3.36955342e-06,1.051282e-07,0.10512819999999999,2.39124894e-07,10.1523035,10761.441710000001,0.8968630425252815,2.39124894e-07,2.26302315e-07,0.22630231499999998
499,3.36955342e-06,10.345065,10965.7689,0.9138917557992429,3.36955342e-06,1.04955312e-07,0.104955312,2.39124894e-07,10.1545377,10763.809962000001,0.8970604136351591,2.39124894e-07,2.26050449e-07,0.22605044900000001
500,3.36955342e-06,10.3467709,10967.577153999999,0.9140424564421309,3.36955342e-06,1.04782709e-07,0.104782709,2.39124894e-07,10.1567596,10766.165176,0.8972566981526764,2.39124894e-07,2.25798711e-07,0.225798711
501,3.36955342e-06,10.348433,10969.33898,0.914189287756126,3.36955342e-06,1.04610417e-07,0.104610417,2.39124894e-07,10.1589742,10768.512652,0.8974523377820448,2.39124894e-07,2.25547112e-07,0.22554711200000002
502,3.36955342e-06,10.3500602,10971.063812,0.9143330359747246,3.36955342e-06,1.04438455e-07,0.104438455,2.39124894e-07,10.1611604,10770.830024,0.897645468531492,2.39124894e-07,2.25295666e-07,0.22529566599999998
503,3.36955342e-06,10.3516501,10972.749106000001,0.9144734890799052,3.36955342e-06,1.04266814e-07,0.104266814,2.39124894e-07,10.1633259,10773.125454,0.8978367706255033,2.39124894e-07,2.25044389e-07,0.22504438899999998
504,3.36955342e-06,10.353202,10974.394119999999,0.9146105852330781,3.36955342e-06,1.04095496e-07,0.10409549600000001,2.39124894e-07,10.1654743,10775.402758,0.8980265620911111,2.39124894e-07,2.24793295e-07,0.224793295
505,3.36955342e-06,10.3547148,10975.997688,0.914744227259317,3.36955342e-06,1.03924507e-07,0.103924507,2.39124894e-07,10.1676085,10777.66501,0.8982150991167583,2.39124894e-07,2.24542396e-07,0.224542396
506,3.36955342e-06,10.3561884,10977.559704000001,0.9148744063245378,3.36955342e-06,1.03753864e-07,0.103753864,2.39124894e-07,10.1697276,10779.911256,0.8984023021956866,2.39124894e-07,2.24291704e-07,0.22429170399999998
507,3.36955342e-06,10.3576236,10979.081016,0.9150011931014137,3.36955342e-06,1.0358358e-07,0.10358358,2.39124894e-07,10.1718286,10782.138315999999,0.8985879063053692,2.39124894e-07,2.24041232e-07,0.224041232
508,3.36955342e-06,10.3590215,10980.56279,0.9151246847648717,3.36955342e-06,1.03413662e-07,0.10341366199999999,2.39124894e-07,10.1739094,10784.343964,0.8987717259300374,2.39124894e-07,2.23790995e-07,0.223790995
509,3.36955342e-06,10.3603825,10982.00545,0.9152449166512487,3.36955342e-06,1.03244111e-07,0.103244111,2.39124894e-07,10.1759706,10786.528836,0.8989538140741963,2.39124894e-07,2.23541006e-07,0.223541006
510,3.36955342e-06,10.3617064,10983.408784,0.9153618710923762,3.36955342e-06,1.03074927e-07,0.103074927,2.39124894e-07,10.1780144,10788.695264,0.8991343650876992,2.39124894e-07,2.23291278e-07,0.22329127799999998
511,3.36955342e-06,10.3629924,10984.771944,0.9154754774155803,3.36955342e-06,1.02906118e-07,0.102906118,2.39124894e-07,10.1800423,10790.844838,0.8993135114818094,2.39124894e-07,2.23041824e-07,0.223041824
512,3.36955342e-06,10.3642406,10986.095036,0.9155857444549454,3.36955342e-06,1.02737694e-07,0.102737694,2.39124894e-07,10.1820535,10792.97671,0.8994911825838531,2.39124894e-07,2.22792655e-07,0.222792655
513,3.36955342e-06,10.3654515,10987.37859,0.9156927163808924,3.36955342e-06,1.02569664e-07,0.10256966399999999,2.39124894e-07,10.1840466,10795.089396,0.8996672547166509,2.39124894e-07,2.22543786e-07,0.222543786
514,3.36955342e-06,10.3666256,10988.623136,0.9157964373638426,3.36955342e-06,1.02402033e-07,0.102402033,2.39124894e-07,10.1860206,10797.181836000002,0.899841639539361,2.39124894e-07,2.22295227e-07,0.22229522699999998
515,3.36955342e-06,10.3677633,10989.829098,0.915896942740133,3.36955342e-06,1.02234804e-07,0.10223480400000001,2.39124894e-07,10.1879761,10799.254666,0.9000143900564882,2.39124894e-07,2.22046994e-07,0.222046994
516,3.36955342e-06,10.3688644,10990.996264,0.9159942148415948,3.36955342e-06,1.0206798e-07,0.10206798,2.39124894e-07,10.1899141,10801.308946,0.900185594608875,2.39124894e-07,2.21799098e-07,0.221799098
517,3.36955342e-06,10.3699285,10992.12421,0.9160882183318916,3.36955342e-06,1.01901568e-07,0.101901568,2.39124894e-07,10.1918361,10803.346266,0.9003553857077853,2.39124894e-07,2.21551551e-07,0.221551551
518,3.36955342e-06,10.3709564,10993.213784000001,0.916179023883697,3.36955342e-06,1.01735578e-07,0.101735578,2.39124894e-07,10.1937394,10805.363764,0.9005235248329442,2.39124894e-07,2.21304366e-07,0.221304366
519,3.36955342e-06,10.3719483,10994.265198,0.916266649165179,3.36955342e-06,1.01570009e-07,0.10157000899999999,2.39124894e-07,10.1956241,10807.361546,0.9006900208184363,2.39124894e-07,2.21057554e-07,0.221057554
520,3.36955342e-06,10.3729045,10995.27877,0.9163511206785911,3.36955342e-06,1.01404863e-07,0.10140486300000001,2.39124894e-07,10.1974902,10809.339612000002,0.9008548736642616,2.39124894e-07,2.20811129e-07,0.220811129
521,3.36955342e-06,10.3738249,10996.254394000001,0.9164324295898486,3.36955342e-06,1.01240143e-07,0.101240143,2.39124894e-07,10.1993389,10811.299234,0.9010181893794307,2.39124894e-07,2.20565103e-07,0.22056510299999998
522,3.36955342e-06,10.3747093,10997.191857999998,0.9165105582307829,3.36955342e-06,1.01075857e-07,0.10107585699999999,2.39124894e-07,10.2011706,10813.240835999999,0.9011800033002805,2.39124894e-07,2.20319487e-07,0.220319487
523,3.36955342e-06,10.3755578,10998.091268,0.9165855154354787,3.36955342e-06,1.00912013e-07,0.10091201300000001,2.39124894e-07,10.202985,10815.1641,0.9013402889245586,2.39124894e-07,2.20074294e-07,0.220074294
524,3.36955342e-06,10.3763709,10998.953153999999,0.9166573453743567,3.36955342e-06,1.00748616e-07,0.100748616,2.39124894e-07,10.2047811,10817.067966,0.9014989579114225,2.39124894e-07,2.19829535e-07,0.21982953500000002
525,3.36955342e-06,10.377149,10999.77794,0.9167260833837543,3.36955342e-06,1.00585668e-07,0.100585668,2.39124894e-07,10.2065587,10818.952222,0.9016559925927038,2.39124894e-07,2.19585222e-07,0.219585222
526,3.36955342e-06,10.3778924,11000.565944,0.9167917559659238,3.36955342e-06,1.00423171e-07,0.10042317099999999,2.39124894e-07,10.2083181,10820.817186,0.901811419470655,2.39124894e-07,2.19341367e-07,0.219341367
527,3.36955342e-06,10.378601,11001.31706,0.9168543542867811,3.36955342e-06,1.00261129e-07,0.100261129,2.39124894e-07,10.2100598,10822.663387999999,0.9019652827156974,2.39124894e-07,2.19097982e-07,0.219097982
528,3.36955342e-06,10.3792748,11002.031287999998,0.916913878346326,3.36955342e-06,1.00099546e-07,0.100099546,2.39124894e-07,10.2117841,10824.491145999998,0.9021176088300839,2.39124894e-07,2.18855077e-07,0.218855077
529,3.36955342e-06,10.379914,11002.70884,0.9169703458127274,3.36955342e-06,9.99384279e-08,0.0999384279,2.39124894e-07,10.2134906,10826.300036,0.9022683624774773,2.39124894e-07,2.18612665e-07,0.218612665
530,3.36955342e-06,10.3805188,11003.349928000001,0.9170237743541536,3.36955342e-06,9.97777792e-08,0.0997777792,2.39124894e-07,10.2151792,10828.089952,0.9024175348237934,2.39124894e-07,2.18370758e-07,0.21837075800000003
531,3.36955342e-06,10.3810896,11003.954975999999,0.917074199306941,3.36955342e-06,9.96176032e-08,0.0996176032,2.39124894e-07,10.2168497,10829.860681999999,0.9025651082008637,2.39124894e-07,2.18129365e-07,0.21812936500000002
532,3.36955342e-06,10.3816265,11004.524089999999,0.9171216295051745,3.36955342e-06,9.94579033e-08,0.0994579033,2.39124894e-07,10.2185022,10831.612331999999,0.9027110914427726,2.39124894e-07,2.17888499e-07,0.217888499
533,3.36955342e-06,10.3821297,11005.057482,0.9171660826170225,3.36955342e-06,9.92986834e-08,0.0992986834,2.39124894e-07,10.220137,10833.34522,0.9028555110517728,2.39124894e-07,2.1764817e-07,0.21764817
534,3.36955342e-06,10.3825993,11005.555258,0.917207567476569,3.36955342e-06,9.91399478e-08,0.0991399478,2.39124894e-07,10.221754,10835.05924,0.9029983581937798,2.39124894e-07,2.17408391e-07,0.217408391
535,3.36955342e-06,10.3830354,11006.017524,0.9172460929178982,3.36955342e-06,9.89817014e-08,0.0989817014,2.39124894e-07,10.2233533,10836.754498,0.9031396417028781,2.39124894e-07,2.1716917e-07,0.21716917000000002
536,3.36955342e-06,10.3834384,11006.444704,0.9172816942773468,3.36955342e-06,9.88239484e-08,0.0988239484,2.39124894e-07,10.2249348,10838.430887999999,0.9032793527449833,2.39124894e-07,2.1693052e-07,0.21693052000000002
537,3.36955342e-06,10.3838057,11006.834042,0.9173141418687256,3.36955342e-06,9.8666699e-08,0.098666699,2.39124894e-07,10.226501,10840.09106,0.9034177121722013,2.39124894e-07,2.16692452e-07,0.21669245199999998
538,3.36955342e-06,10.3841438,11007.192428,0.9173440099075089,3.36955342e-06,9.85099606e-08,0.0985099606,2.39124894e-07,10.2280454,10841.728124,0.903554145769057,2.39124894e-07,2.16454975e-07,0.216454975
539,3.36955342e-06,10.3844505,11007.51753,0.9173711040438437,3.36955342e-06,9.83537164e-08,0.0983537164,2.39124894e-07,10.2295709,10843.345154,0.9036889097239933,2.39124894e-07,2.162181e-07,0.2162181
540,3.36955342e-06,10.3847234,11007.806804,0.9173952122597088,3.36955342e-06,9.81979697e-08,0.0981979697,2.39124894e-07,10.2310807,10844.945542,0.9038222867277051,2.39124894e-07,2.15981839e-07,0.215981839
541,3.36955342e-06,10.3849674,11008.065444000002,0.9174167674252314,3.36955342e-06,9.80427282e-08,0.0980427282,2.39124894e-07,10.2325682,10846.522292,0.9039536937306337,2.39124894e-07,2.15746201e-07,0.215746201
542,3.36955342e-06,10.3851725,11008.28285,0.9174348861319879,3.36955342e-06,9.78880004e-08,0.09788800040000001,2.39124894e-07,10.234048,10848.09088,0.9040844205090767,2.39124894e-07,2.15511196e-07,0.215511196
543,3.36955342e-06,10.3853439,11008.464534,0.9174500277523591,3.36955342e-06,9.77338214e-08,0.0977338214,2.39124894e-07,10.2355115,10849.642189999999,0.9042137073317897,2.39124894e-07,2.15276835e-07,0.215276835
544,3.36955342e-06,10.3854867,11008.615902,0.9174626428246401,3.36955342e-06,9.758019e-08,0.09758019000000001,2.39124894e-07,10.2369517,10851.168802,0.9043409358128774,2.39124894e-07,2.15043128e-07,0.215043128
545,3.36955342e-06,10.3856019,11008.738013999999,0.9174728196896735,3.36955342e-06,9.74270859e-08,0.0974270859,2.39124894e-07,10.2383692,10852.671352,0.9044661589568447,2.39124894e-07,2.14810085e-07,0.21481008499999998
546,3.36955342e-06,10.3856829,11008.823874000002,0.9174799752979005,3.36955342e-06,9.72745089e-08,0.0972745089,2.39124894e-07,10.2397745,10854.160969999999,0.9045903043425357,2.39124894e-07,2.14577716e-07,0.214577716
547,3.36955342e-06,10.3857338,11008.877828,0.9174844718467737,3.36955342e-06,9.71224813e-08,0.0971224813,2.39124894e-07,10.241162,10855.63172,0.9047128772612338,2.39124894e-07,2.14346032e-07,0.214346032
548,3.36955342e-06,10.3857554,11008.900724000001,0.9174863800089675,3.36955342e-06,9.69709991e-08,0.09697099910000001,2.39124894e-07,10.2425298,10857.081588,0.9048337098653385,2.39124894e-07,2.1411504e-07,0.21411504
549,3.36955342e-06,10.3857447,11008.889382,0.9174854347619548,3.36955342e-06,9.68200593e-08,0.0968200593,2.39124894e-07,10.2438812,10858.514072,0.9049530936796295,2.39124894e-07,2.13884751e-07,0.213884751
550,3.36955342e-06,10.3856996,11008.841576,0.9174814505899669,3.36955342e-06,9.66696838e-08,0.0966696838,2.39124894e-07,10.2452195,10859.932669999998,0.905071320228886,2.39124894e-07,2.13655175e-07,0.213655175
551,3.36955342e-06,10.3856275,11008.76515,0.9174750812152366,3.36955342e-06,9.65198941e-08,0.0965198941,2.39124894e-07,10.2465363,10861.328478000001,0.9051876474500334,2.39124894e-07,2.13426321e-07,0.213426321
552,3.36955342e-06,10.3855265,11008.658089999999,0.9174661587901638,3.36955342e-06,9.63706696e-08,0.0963706696,2.39124894e-07,10.2478345,10862.70457,0.9053023315315135,2.39124894e-07,2.13198199e-07,0.213198199
553,3.36955342e-06,10.3853947,11008.518382,0.9174545154671481,3.36955342e-06,9.6222013e-08,0.096222013,2.39124894e-07,10.2491174,10864.064444,0.9054156639981065,2.39124894e-07,2.12970818e-07,0.212970818
554,3.36955342e-06,10.3852331,11008.347086000002,0.9174402395870317,3.36955342e-06,9.60739345e-08,0.0960739345,2.39124894e-07,10.2503835,10865.40651,0.9055275123385489,2.39124894e-07,2.12744186e-07,0.212744186
555,3.36955342e-06,10.3850398,11008.142188,0.9174231633022141,3.36955342e-06,9.59264482e-08,0.0959264482,2.39124894e-07,10.2516343,10866.732358,0.9056380090641037,2.39124894e-07,2.12518314e-07,0.21251831399999999
556,3.36955342e-06,10.3848202,11007.909412,0.9174037636532439,3.36955342e-06,9.57795679e-08,0.0957795679,2.39124894e-07,10.2528623,10868.034038,0.9057464916184542,2.39124894e-07,2.12293209e-07,0.212293209
557,3.36955342e-06,10.3845701,11007.644306,0.9173816696085835,3.36955342e-06,9.56332899e-08,0.0956332899,2.39124894e-07,10.2540768,10869.321408,0.9058537815714336,2.39124894e-07,2.12068882e-07,0.212068882
558,3.36955342e-06,10.384291,11007.34846,0.9173570136794961,3.36955342e-06,9.54876161e-08,0.0954876161,2.39124894e-07,10.2552746,10870.591076,0.9059595962323465,2.39124894e-07,2.11845341e-07,0.211845341
559,3.36955342e-06,10.3839823,11007.021238,0.9173297428614765,3.36955342e-06,9.53425585e-08,0.0953425585,2.39124894e-07,10.2564557,10871.843042,0.9060639356011928,2.39124894e-07,2.11622594e-07,0.211622594
560,3.36955342e-06,10.3836463,11006.665078,0.9173000603384621,3.36955342e-06,9.51981209e-08,0.0951981209,2.39124894e-07,10.2576177,10873.074762,0.9061665876599512,2.39124894e-07,2.11400651e-07,0.211400651
561,3.36955342e-06,10.3832876,11006.284855999998,0.9172683724783273,3.36955342e-06,9.50542892e-08,0.0950542892,2.39124894e-07,10.2587559,10874.281254000001,0.9062671372066627,2.39124894e-07,2.11179518e-07,0.21117951799999998
562,3.36955342e-06,10.3828964,11005.870184,0.9172338135408176,3.36955342e-06,9.49110641e-08,0.0949110641,2.39124894e-07,10.2598841,10875.477146000001,0.9063668033449511,2.39124894e-07,2.10959206e-07,0.210959206
563,3.36955342e-06,10.3824738,11005.422228,0.9171964807008596,3.36955342e-06,9.47684834e-08,0.0947684834,2.39124894e-07,10.261,10876.66,0.9064653828908791,2.39124894e-07,2.10739722e-07,0.210739722
564,3.36955342e-06,10.3820188,11004.939928000002,0.917156285617611,3.36955342e-06,9.46265716e-08,0.0946265716,2.39124894e-07,10.2621021,10877.828226,0.9065627433331833,2.39124894e-07,2.10521075e-07,0.210521075
565,3.36955342e-06,10.3815449,11004.437593999999,0.9171144208924424,3.36955342e-06,9.44853271e-08,0.0944853271,2.39124894e-07,10.2631781,10878.968786,0.9066577980795034,2.39124894e-07,2.10303273e-07,0.210303273
566,3.36955342e-06,10.3810482,11003.911092,0.9170705419960697,3.36955342e-06,9.43447123e-08,0.09434471230000001,2.39124894e-07,10.2642321,10880.086025999999,0.9067509093272927,2.39124894e-07,2.10086324e-07,0.210086324
567,3.36955342e-06,10.3805218,11003.353108000001,0.9170240393766805,3.36955342e-06,9.4204725e-08,0.094204725,2.39124894e-07,10.2652729,10881.189273999998,0.9068428544759637,2.39124894e-07,2.09870234e-07,0.209870234
568,3.36955342e-06,10.3799639,11002.761734,0.9169747540207585,3.36955342e-06,9.40653979e-08,0.0940653979,2.39124894e-07,10.2663029,10882.281073999999,0.9069338455435377,2.39124894e-07,2.09655013e-07,0.209655013
569,3.36955342e-06,10.379378,11002.14068,0.9169229951212521,3.36955342e-06,9.3926759e-08,0.093926759,2.39124894e-07,10.2673176,10883.356656,0.9070234849962248,2.39124894e-07,2.09440669e-07,0.209440669
570,3.36955342e-06,10.3787677,11001.493761999998,0.9168690807051931,3.36955342e-06,9.37888089e-08,0.09378880889999999,2.39124894e-07,10.2683124,10884.411144,0.9071113664661496,2.39124894e-07,2.09227208e-07,0.209227208
571,3.36955342e-06,10.3781343,11000.822358,0.9168131256156773,3.36955342e-06,9.36515321e-08,0.0936515321,2.39124894e-07,10.2692866,10885.443796,0.907197428114723,2.39124894e-07,2.0901464e-07,0.20901463999999997
572,3.36955342e-06,10.3774736,11000.122016,0.9167547588211664,3.36955342e-06,9.35149248e-08,0.09351492480000001,2.39124894e-07,10.2702467,10886.461502,0.9072822441574201,2.39124894e-07,2.0880297e-07,0.20880297
573,3.36955342e-06,10.3767853,10999.392418,0.916693953819408,3.36955342e-06,9.33790112e-08,0.0933790112,2.39124894e-07,10.2711931,10887.464686,0.9073658499305775,2.39124894e-07,2.08592206e-07,0.208592206
574,3.36955342e-06,10.376071,10998.63526,0.9166308519557496,3.36955342e-06,9.32438079e-08,0.09324380789999999,2.39124894e-07,10.2721234,10888.450804,0.9074480334161737,2.39124894e-07,2.08382356e-07,0.208382356
575,3.36955342e-06,10.375332,10997.851920000001,0.9165655680732864,3.36955342e-06,9.3109316e-08,0.093109316,2.39124894e-07,10.2730355,10889.41763,0.90752860909844,2.39124894e-07,2.08173427e-07,0.208173427
576,3.36955342e-06,10.3745687,10997.042822,0.9164981375083548,3.36955342e-06,9.29755292e-08,0.0929755292,2.39124894e-07,10.2739299,10890.365694,0.9076076211477976,2.39124894e-07,2.07965426e-07,0.207965426
577,3.36955342e-06,10.3737806,10996.207436,0.9164285160905344,3.36955342e-06,9.28424476e-08,0.09284244759999999,2.39124894e-07,10.2748083,10891.296798,0.9076852197436782,2.39124894e-07,2.0775836e-07,0.20775836
578,3.36955342e-06,10.3729673,10995.345338,0.9163566684834877,3.36955342e-06,9.27100798e-08,0.0927100798,2.39124894e-07,10.2756718,10892.212108,0.9077615020610085,2.39124894e-07,2.07552235e-07,0.207552235
579,3.36955342e-06,10.3721288,10994.456528,0.9162825946872152,3.36955342e-06,9.25784374e-08,0.0925784374,2.39124894e-07,10.2765199,10893.111094,0.9078364239293674,2.39124894e-07,2.07347059e-07,0.207347059
580,3.36955342e-06,10.3712659,10993.541854,0.9162063653743902,3.36955342e-06,9.24475279e-08,0.09244752789999999,2.39124894e-07,10.2773515,10893.99259,0.9079098881738281,2.39124894e-07,2.07142838e-07,0.20714283800000002
581,3.36955342e-06,10.3703791,10992.601846,0.9161280247154342,3.36955342e-06,9.23173533e-08,0.0923173533,2.39124894e-07,10.2781662,10894.856172,0.907981859458054,2.39124894e-07,2.06939579e-07,0.206939579
582,3.36955342e-06,10.3694685,10991.63661,0.9160475815444312,3.36955342e-06,9.21879143e-08,0.09218791429999999,2.39124894e-07,10.2789648,10895.702688000001,0.9080524084547188,2.39124894e-07,2.06737289e-07,0.206737289
583,3.36955342e-06,10.3685343,10990.646358,0.91596505352955,3.36955342e-06,9.20592142e-08,0.0920592142,2.39124894e-07,10.2797477,10896.532562,0.9081215705001593,2.39124894e-07,2.06535973e-07,0.206535973
584,3.36955342e-06,10.3675763,10989.630878,0.915880423002622,3.36955342e-06,9.19312589e-08,0.09193125889999999,2.39124894e-07,10.2805153,10897.346217999999,0.9081893809307123,2.39124894e-07,2.06335639e-07,0.206335639
585,3.36955342e-06,10.3665948,10988.590488,0.9157937164658996,3.36955342e-06,9.18040549e-08,0.0918040549,2.39124894e-07,10.2812672,10898.143232,0.9082558044100416,2.39124894e-07,2.06136291e-07,0.206136291
586,3.36955342e-06,10.3655901,10987.525506,0.9157049604216358,3.36955342e-06,9.16776069e-08,0.0916776069,2.39124894e-07,10.2820032,10898.923392,0.908320823269978,2.39124894e-07,2.05937938e-07,0.205937938
587,3.36955342e-06,10.3645618,10986.435508,0.9156141195334938,3.36955342e-06,9.15519163e-08,0.0915519163,2.39124894e-07,10.2827248,10899.688288000001,0.9083845700217853,2.39124894e-07,2.05740583e-07,0.205740583
588,3.36955342e-06,10.3635116,10985.322296,0.9155213439809051,3.36955342e-06,9.14269843e-08,0.0914269843,2.39124894e-07,10.2834289,10900.434634000001,0.9084467708088522,2.39124894e-07,2.05544234e-07,0.205544234
589,3.36955342e-06,10.3624393,10984.185658,0.9154266160957015,3.36955342e-06,9.13028193e-08,0.09130281929999999,2.39124894e-07,10.2841167,10901.163702,0.9085075316401894,2.39124894e-07,2.05348897e-07,0.205348897
590,3.36955342e-06,10.3613445,10983.025169999999,0.915329900541546,3.36955342e-06,9.11794271e-08,0.09117942709999999,2.39124894e-07,10.2847897,10901.877081999999,0.9085669850270606,2.39124894e-07,2.05154577e-07,0.20515457699999998
591,3.36955342e-06,10.3602272,10981.840832,0.9152311973184387,3.36955342e-06,9.10568094e-08,0.0910568094,2.39124894e-07,10.2854483,10902.575198,0.9086251663058027,2.39124894e-07,2.0496128e-07,0.20496128
592,3.36955342e-06,10.3590877,10980.632962,0.9151305329286322,3.36955342e-06,9.0934967e-08,0.090934967,2.39124894e-07,10.2860919,10903.257414000002,0.9086820224719103,2.39124894e-07,2.04769011e-07,0.204769011
593,3.36955342e-06,10.3579265,10979.40209,0.9150279515425478,3.36955342e-06,9.08139019e-08,0.09081390190000001,2.39124894e-07,10.2867196,10903.922776,0.9087374740186249,2.39124894e-07,2.04577776e-07,0.204577776
594,3.36955342e-06,10.3567441,10978.148746,0.9149234973306065,3.36955342e-06,9.0693618e-08,0.09069361799999999,2.39124894e-07,10.2873316,10904.571496,0.9087915386141157,2.39124894e-07,2.0438758e-07,0.20438758
595,3.36955342e-06,10.3555404,10976.872824,0.914817161458724,3.36955342e-06,9.05741197e-08,0.0905741197,2.39124894e-07,10.2879283,10905.203998,0.908844251594719,2.39124894e-07,2.04198428e-07,0.20419842800000002
596,3.36955342e-06,10.3543156,10975.574536,0.914708961595069,3.36955342e-06,9.04554099e-08,0.09045540989999999,2.39124894e-07,10.2885103,10905.820918000001,0.9088956659649405,2.39124894e-07,2.04010327e-07,0.20401032700000002
597,3.36955342e-06,10.3530698,10974.253988,0.9145989065737254,3.36955342e-06,9.0337491e-08,0.090337491,2.39124894e-07,10.2890775,10906.422149999999,0.9089457728906957,2.39124894e-07,2.0382328e-07,0.20382328
598,3.36955342e-06,10.3518032,10972.911392000002,0.9144870140628621,3.36955342e-06,9.02203649e-08,0.0902203649,2.39124894e-07,10.2896299,10907.007694,0.908994572371985,2.39124894e-07,2.03637293e-07,0.203637293
599,3.36955342e-06,10.3505162,10971.547171999999,0.9143733193988155,3.36955342e-06,9.01040336e-08,0.0901040336,2.39124894e-07,10.2901671,10907.577126,0.9090420290724712,2.39124894e-07,2.03452371e-07,0.20345237100000002
600,3.36955342e-06,10.3492089,10970.161434000001,0.9142578314156705,3.36955342e-06,8.99884995e-08,0.0899884995,2.39124894e-07,10.2906893,10908.130658,0.9090881606603228,2.39124894e-07,2.03268518e-07,0.20326851799999998
601,3.36955342e-06,10.3478816,10968.754496,0.914140576615679,3.36955342e-06,8.98737649e-08,0.0898737649,2.39124894e-07,10.2911968,10908.668608,0.9091329936377925,2.39124894e-07,2.0308574e-07,0.20308574000000001
602,3.36955342e-06,10.3465344,10967.326464,0.9140215638329258,3.36955342e-06,8.97598317e-08,0.0897598317,2.39124894e-07,10.2916898,10909.191188,0.909176545673049,2.39124894e-07,2.02904041e-07,0.20290404099999998
603,3.36955342e-06,10.3451675,10965.877550000001,0.9139008107355793,3.36955342e-06,8.96467016e-08,0.0896467016,2.39124894e-07,10.2921682,10909.698292000001,0.9092188079320077,2.39124894e-07,2.02723425e-07,0.20272342499999998
604,3.36955342e-06,10.3437829,10964.409874,0.9137784940053238,3.36955342e-06,8.9534372e-08,0.089534372,2.39124894e-07,10.2926285,10910.18621,0.9092594712217206,2.39124894e-07,2.02543897e-07,0.202543897
605,3.36955342e-06,10.342376,10962.91856,0.913654207274285,3.36955342e-06,8.94228442e-08,0.0894228442,2.39124894e-07,10.2930808,10910.665648,0.9092994277846951,2.39124894e-07,2.02365462e-07,0.202365462
606,3.36955342e-06,10.34095,10961.407,0.9135282332331581,3.36955342e-06,8.93121346e-08,0.08931213460000001,2.39124894e-07,10.2935181,10911.129186,0.909338059235035,2.39124894e-07,2.02188123e-07,0.202188123
607,3.36955342e-06,10.3395062,10959.876572000001,0.9134006867250384,3.36955342e-06,8.92022405e-08,0.0892022405,2.39124894e-07,10.2939387,10911.575022,0.9093752153933086,2.39124894e-07,2.02011884e-07,0.202011884
608,3.36955342e-06,10.3380462,10958.328972000001,0.9132717090952732,3.36955342e-06,8.9093152e-08,0.089093152,2.39124894e-07,10.2943401,10912.000506,0.9094106754074097,2.39124894e-07,2.01836751e-07,0.201836751
609,3.36955342e-06,10.3365666,10956.760596,0.9131409999849988,3.36955342e-06,8.89848626e-08,0.08898486259999999,2.39124894e-07,10.294731,10912.41486,0.9094452078426667,2.39124894e-07,2.01662727e-07,0.201662727
610,3.36955342e-06,10.3350655,10955.16943,0.9130083915466148,3.36955342e-06,8.88773883e-08,0.0888773883,2.39124894e-07,10.2951144,10912.821263999998,0.9094790777216062,2.39124894e-07,2.01489816e-07,0.20148981600000002
611,3.36955342e-06,10.3335471,10953.559926,0.9128742548116591,3.36955342e-06,8.87707429e-08,0.08877074289999999,2.39124894e-07,10.2954811,10913.209966,0.9095114723084796,2.39124894e-07,2.0131802e-07,0.20131802
612,3.36955342e-06,10.3320143,10951.935158,0.912738845968574,3.36955342e-06,8.86649145e-08,0.0886649145,2.39124894e-07,10.2958262,10913.575772,0.909541958733159,2.39124894e-07,2.01147345e-07,0.201147345
613,3.36955342e-06,10.3304634,10950.291204,0.9126018381562433,3.36955342e-06,8.85598886e-08,0.0885598886,2.39124894e-07,10.2961593,10913.928858,0.9095713850677307,2.39124894e-07,2.00977794e-07,0.20097779400000002
614,3.36955342e-06,10.3288935,10948.62711,0.9124631518679087,3.36955342e-06,8.84556729e-08,0.0884556729,2.39124894e-07,10.2964829,10914.271874000002,0.9095999721643008,2.39124894e-07,2.00809371e-07,0.20080937100000001
615,3.36955342e-06,10.327304,10946.94224,0.9123227340990652,3.36955342e-06,8.83522822e-08,0.0883522822,2.39124894e-07,10.2967975,10914.60535,0.9096277641932898,2.39124894e-07,2.00642079e-07,0.200642079
616,3.36955342e-06,10.3257007,10945.242742,0.9121810972265977,3.36955342e-06,8.82497208e-08,0.0882497208,2.39124894e-07,10.2970905,10914.91593,0.9096536480600851,2.39124894e-07,2.0047592e-07,0.20047592
617,3.36955342e-06,10.324081,10943.52586,0.9120380115643163,3.36955342e-06,8.81479715e-08,0.0881479715,2.39124894e-07,10.2973689,10915.211034,0.9096782421505828,2.39124894e-07,2.00310899e-07,0.20031089900000001
618,3.36955342e-06,10.3224441,10941.790746,0.9118934064395474,3.36955342e-06,8.80470343e-08,0.0880470343,2.39124894e-07,10.2976358,10915.493948,0.909701820321394,2.39124894e-07,2.00147019e-07,0.20014701899999998
619,3.36955342e-06,10.3207901,10940.037506,0.9117472906863751,3.36955342e-06,8.79469154e-08,0.0879469154,2.39124894e-07,10.2978916,10915.765096,0.9097244179088555,2.39124894e-07,1.99984283e-07,0.19998428299999998
620,3.36955342e-06,10.3191196,10938.266776,0.9115997173093047,3.36955342e-06,8.78476202e-08,0.08784762019999999,2.39124894e-07,10.2981344,10916.022464,0.9097458670653672,2.39124894e-07,1.99822693e-07,0.199822693
621,3.36955342e-06,10.3174334,10936.479404,0.9114507569810101,3.36955342e-06,8.77491489e-08,0.0877491489,2.39124894e-07,10.2983625,10916.26425,0.909766017611497,2.39124894e-07,1.99662252e-07,0.19966225199999998
622,3.36955342e-06,10.3157319,10934.675814,0.9113004450378283,3.36955342e-06,8.76514986e-08,0.0876514986,2.39124894e-07,10.2985762,10916.490772,0.9097848960494975,2.39124894e-07,1.99502964e-07,0.199502964
623,3.36955342e-06,10.3140149,10932.855794000001,0.9111487638115907,3.36955342e-06,8.75546668e-08,0.0875546668,2.39124894e-07,10.2987769,10916.703514,0.9098026260565483,2.39124894e-07,1.99344832e-07,0.199344832
624,3.36955342e-06,10.3122823,10931.019237999999,0.9109957044682131,3.36955342e-06,8.74586546e-08,0.0874586546,2.39124894e-07,10.2989656,10916.903536000002,0.9098192959734912,2.39124894e-07,1.99187857e-07,0.199187857
625,3.36955342e-06,10.3105344,10929.166464,0.9108412935099484,3.36955342e-06,8.73634642e-08,0.0873634642,2.39124894e-07,10.2991418,10917.090307999999,0.9098348616299051,2.39124894e-07,1.99032042e-07,0.199032042
626,3.36955342e-06,10.3087717,10927.298002,0.9106855751072175,3.36955342e-06,8.7269096e-08,0.087269096,2.39124894e-07,10.2993046,10917.262875999999,0.9098492435190324,2.39124894e-07,1.9887739e-07,0.19887739
627,3.36955342e-06,10.3069943,10925.413958,0.9105285580941046,3.36955342e-06,8.71755486e-08,0.0871755486,2.39124894e-07,10.299454,10917.421240000001,0.9098624416408729,2.39124894e-07,1.98723904e-07,0.198723904
628,3.36955342e-06,10.3052024,10923.514544000001,0.9103702601387786,3.36955342e-06,8.7082821e-08,0.087082821,2.39124894e-07,10.2995907,10917.566142,0.9098745178340159,2.39124894e-07,1.98571584e-07,0.19857158400000002
629,3.36955342e-06,10.3033959,10921.599654,0.9102106724071546,3.36955342e-06,8.69909143e-08,0.0869909143,2.39124894e-07,10.2997153,10917.698218000001,0.9098855251029673,2.39124894e-07,1.98420434e-07,0.198420434
630,3.36955342e-06,10.3015753,10919.669818,0.9100498390696543,3.36955342e-06,8.68998295e-08,0.0868998295,2.39124894e-07,10.2998276,10917.817256,0.9098954457795579,2.39124894e-07,1.98270456e-07,0.198270456
631,3.36955342e-06,10.2997407,10917.725142,0.9098877689603616,3.36955342e-06,8.68095674e-08,0.08680956740000001,2.39124894e-07,10.2999274,10917.923044,0.9099042621956199,2.39124894e-07,1.98121652e-07,0.19812165199999998
632,3.36955342e-06,10.2978925,10915.76605,0.9097244974156137,3.36955342e-06,8.67201273e-08,0.08672012729999999,2.39124894e-07,10.3000145,10918.01537,0.9099119566829846,2.39124894e-07,1.97974022e-07,0.197974022
633,3.36955342e-06,10.2960308,10913.792648,0.9095600332694946,3.36955342e-06,8.66315083e-08,0.0866315083,2.39124894e-07,10.300089,10918.09434,0.9099185380757364,2.39124894e-07,1.97827571e-07,0.197827571
634,3.36955342e-06,10.2941558,10911.805148000001,0.909394394190173,3.36955342e-06,8.65437097e-08,0.0865437097,2.39124894e-07,10.3001514,10918.160484,0.9099240505442963,2.39124894e-07,1.97682298e-07,0.197682298
635,3.36955342e-06,10.2922676,10909.803656,0.9092275890117327,3.36955342e-06,8.64567317e-08,0.0864567317,2.39124894e-07,10.3002019,10918.214014,0.9099285117568326,2.39124894e-07,1.97538207e-07,0.197538207
636,3.36955342e-06,10.2903663,10907.788278,0.9090596265682583,3.36955342e-06,8.63705753e-08,0.0863705753,2.39124894e-07,10.3002405,10918.25493,0.9099319217133456,2.39124894e-07,1.97395297e-07,0.197395297
637,3.36955342e-06,10.2884549,10905.762193999999,0.9088907718822766,3.36955342e-06,8.62852301e-08,0.0862852301,2.39124894e-07,10.3002608,10918.276448,0.9099337150324445,2.39124894e-07,1.97253572e-07,0.19725357200000002
638,3.36955342e-06,10.2865253,10903.716817999999,0.908720309392965,3.36955342e-06,8.62006943e-08,0.0862006943,2.39124894e-07,10.3002847,10918.301782,0.9099358263785756,2.39124894e-07,1.97113032e-07,0.19711303200000002
639,3.36955342e-06,10.2845847,10901.659782,0.9085488751543882,3.36955342e-06,8.61170063e-08,0.08611700629999999,2.39124894e-07,10.3002912,10918.308672000001,0.9099364005940506,2.39124894e-07,1.96973677e-07,0.19697367699999999
640,3.36955342e-06,10.2826373,10899.595538,0.9083768401980835,3.36955342e-06,8.60341463e-08,0.0860341463,2.39124894e-07,10.3002706,10918.286836,0.909934580772699,2.39124894e-07,1.9683551e-07,0.19683551
641,3.36955342e-06,10.2806759,10897.516454,0.9082035684699867,3.36955342e-06,8.59520856e-08,0.0859520856,2.39124894e-07,10.3002464,10918.261184,0.9099324429243153,2.39124894e-07,1.96698535e-07,0.19669853499999998
642,3.36955342e-06,10.2787003,10895.422318,0.908029042301929,3.36955342e-06,8.58708375e-08,0.08587083749999999,2.39124894e-07,10.3002195,10918.232670000001,0.9099300665556573,2.39124894e-07,1.96562749e-07,0.196562749
643,3.36955342e-06,10.2767121,10893.314826,0.9078534030392583,3.36955342e-06,8.5790418e-08,0.085790418,2.39124894e-07,10.3001826,10918.193556,0.9099268067785762,2.39124894e-07,1.96428153e-07,0.196428153
644,3.36955342e-06,10.2747134,10891.196204,0.9076768361977435,3.36955342e-06,8.57108317e-08,0.0857108317,2.39124894e-07,10.3001291,10918.136846,0.9099220805435129,2.39124894e-07,1.96294747e-07,0.19629474700000002
645,3.36955342e-06,10.272705,10889.0673,0.9074994124500584,3.36955342e-06,8.56320706e-08,0.0856320706,2.39124894e-07,10.3000594,10918.062964,0.9099159231868043,2.39124894e-07,1.96162535e-07,0.196162535
646,3.36955342e-06,10.2706864,10886.927584000001,0.9073210876257817,3.36955342e-06,8.55541246e-08,0.0855541246,2.39124894e-07,10.2999782,10917.976892,0.9099087499104092,2.39124894e-07,1.96031516e-07,0.19603151600000002
647,3.36955342e-06,10.2686567,10884.776102,0.9071417822181552,3.36955342e-06,8.54769897e-08,0.08547698969999999,2.39124894e-07,10.2998891,10917.882446,0.9099008787413597,2.39124894e-07,1.95901693e-07,0.195901693
648,3.36955342e-06,10.2666156,10882.612536,0.9069614697249267,3.36955342e-06,8.54006699e-08,0.0854006699,2.39124894e-07,10.2997916,10917.779096,0.909892265509235,2.39124894e-07,1.95773063e-07,0.195773063
649,3.36955342e-06,10.2645637,10880.437522,0.9067802031506011,3.36955342e-06,8.53251709e-08,0.0853251709,2.39124894e-07,10.299683,10917.66398,0.9098826716937606,2.39124894e-07,1.95645628e-07,0.19564562800000002
650,3.36955342e-06,10.2625017,10878.251801999999,0.9065980443337683,3.36955342e-06,8.52504947e-08,0.0852504947,2.39124894e-07,10.2995616,10917.535296,0.9098719471155049,2.39124894e-07,1.95519388e-07,0.195519388
651,3.36955342e-06,10.2604301,10876.055906000001,0.9064150374448496,3.36955342e-06,8.51766389e-08,0.0851766389,2.39124894e-07,10.2994278,10917.393468,0.9098601271108044,2.39124894e-07,1.95394344e-07,0.19539434400000003
652,3.36955342e-06,10.2583491,10873.850046,0.906231200152013,3.36955342e-06,8.51035993e-08,0.0851035993,2.39124894e-07,10.2992837,10917.240722,0.9098473971954284,2.39124894e-07,1.95270497e-07,0.19527049700000002
653,3.36955342e-06,10.2562583,10871.633798,0.9060464971189218,3.36955342e-06,8.50313742e-08,0.0850313742,2.39124894e-07,10.2991303,10917.078118,0.9098338457102186,2.39124894e-07,1.95147846e-07,0.19514784599999999
654,3.36955342e-06,10.254158,10869.40748,0.9058609548478288,3.36955342e-06,8.49599642e-08,0.0849599642,2.39124894e-07,10.2989671,10916.905126,0.9098194284847545,2.39124894e-07,1.95026391e-07,0.195026391
655,3.36955342e-06,10.2520482,10867.171092,0.9056745733387339,3.36955342e-06,8.48893708e-08,0.0848893708,2.39124894e-07,10.2987931,10916.720685999999,0.9098040571781935,2.39124894e-07,1.94906132e-07,0.19490613199999998
656,3.36955342e-06,10.2499295,10864.92527,0.9054874055961424,3.36955342e-06,8.48195946e-08,0.08481959459999999,2.39124894e-07,10.2986079,10916.524374,0.9097876964541987,2.39124894e-07,1.94787069e-07,0.194787069
657,3.36955342e-06,10.2478019,10862.670014000001,0.9052994516200545,3.36955342e-06,8.47506345e-08,0.0847506345,2.39124894e-07,10.2984121,10916.316826,0.9097703993172753,2.39124894e-07,1.94669202e-07,0.19466920199999999
658,3.36955342e-06,10.2456799,10860.420694,0.9051119923526834,3.36955342e-06,8.46823889e-08,0.0846823889,2.39124894e-07,10.2980336,10915.915616,0.9097369623084629,2.39124894e-07,1.94551612e-07,0.194551612
659,3.36955342e-06,10.243547,10858.159819999999,0.904923570170131,3.36955342e-06,8.46132149e-08,0.0846132149,2.39124894e-07,10.298183,10916.07398,0.9097501604303032,2.39124894e-07,1.94434213e-07,0.19443421300000002
660,3.36955342e-06,10.241393,10855.87658,0.9047332839958063,3.36955342e-06,8.45452428e-08,0.0845452428,2.39124894e-07,10.298365,10916.2669,0.9097662384636028,2.39124894e-07,1.94317709e-07,0.194317709
661,3.36955342e-06,10.2392216,10853.574896,0.9045414606908254,3.36955342e-06,8.44783855e-08,0.0844783855,2.39124894e-07,10.2981965,10916.08829,0.9097513530316743,2.39124894e-07,1.94202249e-07,0.19420224900000002
662,3.36955342e-06,10.2370447,10851.267382,0.9043491515112119,3.36955342e-06,8.44123368e-08,0.0844123368,2.39124894e-07,10.2977258,10915.589348,0.9097097709972014,2.39124894e-07,1.94088104e-07,0.19408810399999998
663,3.36955342e-06,10.2348655,10848.95743,0.904156639147661,3.36955342e-06,8.43469148e-08,0.0843469148,2.39124894e-07,10.297265,10915.1009,0.9096690635370673,2.39124894e-07,1.93975375e-07,0.193975375
664,3.36955342e-06,10.2326826,10846.643556,0.9039637999229936,3.36955342e-06,8.42821906e-08,0.0842821906,2.39124894e-07,10.2970051,10914.825406,0.9096461037521523,2.39124894e-07,1.93863952e-07,0.193863952
665,3.36955342e-06,10.2304896,10844.318976,0.9037700684558189,3.36955342e-06,8.42183509e-08,0.0842183509,2.39124894e-07,10.2968929,10914.706473999999,0.9096361919096456,2.39124894e-07,1.93753676e-07,0.19375367599999999
666,3.36955342e-06,10.2282873,10841.984538,0.9035755154188106,3.36955342e-06,8.41554922e-08,0.0841554922,2.39124894e-07,10.2967314,10914.535284000001,0.9096219248636136,2.39124894e-07,1.93644506e-07,0.193644506
667,3.36955342e-06,10.2260765,10839.64109,0.9033802114846429,3.36955342e-06,8.4093543e-08,0.08409354299999999,2.39124894e-07,10.2964279,10914.213574,0.9095951134179738,2.39124894e-07,1.93536519e-07,0.193536519
668,3.36955342e-06,10.2238587,10837.290222,0.903184289164579,3.36955342e-06,8.40323878e-08,0.0840323878,2.39124894e-07,10.2960403,10913.802717999999,0.9095608725074964,2.39124894e-07,1.93429803e-07,0.193429803
669,3.36955342e-06,10.221635,10834.933099999998,0.9029878456335454,3.36955342e-06,8.39719832e-08,0.0839719832,2.39124894e-07,10.2956773,10913.417937999999,0.9095288047817397,2.39124894e-07,1.93324368e-07,0.193324368
670,3.36955342e-06,10.2194056,10832.569936,0.902790898559711,3.36955342e-06,8.39123733e-08,0.08391237330000001,2.39124894e-07,10.2953819,10913.104814,0.909502708896923,2.39124894e-07,1.93220161e-07,0.193220161
671,3.36955342e-06,10.2171699,10830.200094,0.9025933949385698,3.36955342e-06,8.38536225e-08,0.0838536225,2.39124894e-07,10.2951118,10912.818508,0.9094788480354165,2.39124894e-07,1.93117133e-07,0.193117133
672,3.36955342e-06,10.2149272,10827.822832,0.9023952729315325,3.36955342e-06,8.37957497e-08,0.0837957497,2.39124894e-07,10.2948061,10912.494466,0.9094518422399238,2.39124894e-07,1.93015284e-07,0.193015284
673,3.36955342e-06,10.2126777,10825.438362,0.9021965502067677,3.36955342e-06,8.37387215e-08,0.0837387215,2.39124894e-07,10.2944473,10912.114137999999,0.9094201455457047,2.39124894e-07,1.92914645e-07,0.19291464500000002
674,3.36955342e-06,10.2104219,10823.047214,0.9019972709346962,3.36955342e-06,8.36824955e-08,0.08368249550000001,2.39124894e-07,10.2940645,10911.708369999998,0.9093863286712703,2.39124894e-07,1.9281524e-07,0.19281524
675,3.36955342e-06,10.2081607,10820.650342,0.9017975146220764,3.36955342e-06,8.36270594e-08,0.0836270594,2.39124894e-07,10.2936904,10911.311823999999,0.909353280362164,2.39124894e-07,1.92717063e-07,0.19271706300000002
676,3.36955342e-06,10.2058804,10818.233224,0.9015960709993682,3.36955342e-06,8.35711413e-08,0.0835711413,2.39124894e-07,10.2930505,10910.63353,0.9092967510571731,2.39124894e-07,1.92617126e-07,0.192617126
677,3.36955342e-06,10.2035962,10815.811972,0.9013942828473753,3.36955342e-06,8.35158862e-08,0.0835158862,2.39124894e-07,10.2924893,10910.038658,0.9092471741764716,2.39124894e-07,1.92518641e-07,0.192518641
678,3.36955342e-06,10.2013179,10813.396974,0.901193015906352,3.36955342e-06,8.34613728e-08,0.08346137279999999,2.39124894e-07,10.2921604,10909.690024,0.9092181188734376,2.39124894e-07,1.92421502e-07,0.192421502
679,3.36955342e-06,10.1990405,10810.98293,0.9009918284720868,3.36955342e-06,8.34077426e-08,0.0834077426,2.39124894e-07,10.291947,10909.46382,0.9091992669376898,2.39124894e-07,1.92325539e-07,0.192325539
680,3.36955342e-06,10.1967538,10808.559028,0.9007898194679881,3.36955342e-06,8.3355063e-08,0.083355063,2.39124894e-07,10.2916636,10909.163416,0.9091742311429805,2.39124894e-07,1.92230698e-07,0.192230698
681,3.36955342e-06,10.1944565,10806.123889999999,0.9005868740509609,3.36955342e-06,8.33032778e-08,0.0833032778,2.39124894e-07,10.2912269,10908.700514,0.9091356526971459,2.39124894e-07,1.92137053e-07,0.192137053
682,3.36955342e-06,10.1921521,10803.681225999999,0.9003833014139534,3.36955342e-06,8.32522762e-08,0.08325227619999999,2.39124894e-07,10.2907148,10908.157688,0.9090904133518015,2.39124894e-07,1.92044697e-07,0.19204469700000001
683,3.36955342e-06,10.1898444,10801.235064,0.9001794372521665,3.36955342e-06,8.32020194e-08,0.08320201940000001,2.39124894e-07,10.2902456,10907.660336,0.9090489638285922,2.39124894e-07,1.91953648e-07,0.191953648
684,3.36955342e-06,10.1875362,10798.788372,0.8999755289199584,3.36955342e-06,8.31525539e-08,0.08315255390000001,2.39124894e-07,10.2898481,10907.238986,0.909013848343776,2.39124894e-07,1.91863854e-07,0.191863854
685,3.36955342e-06,10.1852241,10796.337545999999,0.8997712760584649,3.36955342e-06,8.31039366e-08,0.0831039366,2.39124894e-07,10.2894764,10906.844984,0.9089810120526911,2.39124894e-07,1.9177526e-07,0.19177526
686,3.36955342e-06,10.1829052,10793.879512000001,0.8995664224792442,3.36955342e-06,8.30561861e-08,0.0830561861,2.39124894e-07,10.2890672,10906.411232,0.9089448629800201,2.39124894e-07,1.91687859e-07,0.19168785900000002
687,3.36955342e-06,10.1805828,10791.417768,0.899361259707075,3.36955342e-06,8.30092604e-08,0.08300926039999999,2.39124894e-07,10.2885901,10905.905506000001,0.9089027155641564,2.39124894e-07,1.91601679e-07,0.191601679
688,3.36955342e-06,10.1782559,10788.951254,0.8991556994011157,3.36955342e-06,8.29630976e-08,0.08296309760000001,2.39124894e-07,10.2880926,10905.378156,0.9088587659951096,2.39124894e-07,1.91516749e-07,0.191516749
689,3.36955342e-06,10.1759255,10786.48103,0.8989498299022085,3.36955342e-06,8.29176915e-08,0.08291769149999999,2.39124894e-07,10.2876135,10904.87031,0.9088164418975614,2.39124894e-07,1.91433066e-07,0.19143306599999999
690,3.36955342e-06,10.1735908,10784.006248,0.898743580537679,3.36955342e-06,8.2873078e-08,0.08287307799999999,2.39124894e-07,10.2871616,10904.391296,0.9087765206709237,2.39124894e-07,1.91350605e-07,0.191350605
691,3.36955342e-06,10.1712551,10781.530406,0.8985372428323074,3.36955342e-06,8.28292884e-08,0.0828292884,2.39124894e-07,10.2866958,10903.897548,0.9087353715065781,2.39124894e-07,1.91269349e-07,0.191269349
692,3.36955342e-06,10.1689159,10779.050854,0.8983305959339877,3.36955342e-06,8.27863052e-08,0.0827863052,2.39124894e-07,10.2862069,10903.379314,0.9086921816687752,2.39124894e-07,1.91189301e-07,0.191189301
693,3.36955342e-06,10.1665729,10776.567274,0.8981236133404674,3.36955342e-06,8.2744104e-08,0.082744104,2.39124894e-07,10.2856973,10902.839138000001,0.9086471631755367,2.39124894e-07,1.91110471e-07,0.191110471
694,3.36955342e-06,10.1642266,10774.080195999999,0.8979163392221672,3.36955342e-06,8.27026655e-08,0.0827026655,2.39124894e-07,10.2851814,10902.292284000001,0.9086015881349916,2.39124894e-07,1.9103286e-07,0.19103286
695,3.36955342e-06,10.1618775,10771.59015,0.8977088177495087,3.36955342e-06,8.26619913e-08,0.0826619913,2.39124894e-07,10.284668,10901.74808,0.9085562339465522,2.39124894e-07,1.90956464e-07,0.190956464
696,3.36955342e-06,10.1595263,10769.097877999999,0.8975011107610813,3.36955342e-06,8.26220952e-08,0.0826220952,2.39124894e-07,10.2841534,10901.202604,0.908510773749102,2.39124894e-07,1.90881272e-07,0.19088127200000002
697,3.36955342e-06,10.1571736,10766.604016,0.8972932712613906,3.36955342e-06,8.25829844e-08,0.08258298439999999,2.39124894e-07,10.2836285,10900.64621,0.9084644036409762,2.39124894e-07,1.90807278e-07,0.190807278
698,3.36955342e-06,10.1548191,10764.108246,0.8970852727481836,3.36955342e-06,8.25446503e-08,0.08254465030000001,2.39124894e-07,10.2830896,10900.074976,0.908416796761058,2.39124894e-07,1.90734484e-07,0.190734484
699,3.36955342e-06,10.1524623,10761.610038,0.8968770710510394,3.36955342e-06,8.25070778e-08,0.0825070778,2.39124894e-07,10.2825411,10899.493566,0.9083683418090537,2.39124894e-07,1.9066289e-07,0.19066289
700,3.36955342e-06,10.150103,10759.10918,0.8966686485017893,3.36955342e-06,8.24702596e-08,0.0824702596,2.39124894e-07,10.2819885,10898.90781,0.9083195246595962,2.39124894e-07,1.90592494e-07,0.190592494
701,3.36955342e-06,10.147742,10756.60652,0.8964600757731074,3.36955342e-06,8.24341987e-08,0.0824341987,2.39124894e-07,10.281432,10898.317920000001,0.9082703629808535,2.39124894e-07,1.90523289e-07,0.190523289
702,3.36955342e-06,10.1453798,10754.102588000002,0.8962513970354148,3.36955342e-06,8.23989002e-08,0.0823989002,2.39124894e-07,10.2808691,10897.721246000001,0.90822063592072,2.39124894e-07,1.90455271e-07,0.190455271
703,3.36955342e-06,10.1430168,10751.597808,0.8960426476250481,3.36955342e-06,8.23643643e-08,0.0823643643,2.39124894e-07,10.2802969,10897.114714,0.908170087290753,2.39124894e-07,1.90388437e-07,0.190388437
704,3.36955342e-06,10.140653,10749.09218,0.8958338275420077,3.36955342e-06,8.23305849e-08,0.0823305849,2.39124894e-07,10.2797156,10896.498536,0.9081187347591212,2.39124894e-07,1.90322785e-07,0.190322785
705,3.36955342e-06,10.1382881,10746.585386,0.8956249102840409,3.36955342e-06,8.22975544e-08,0.0822975544,2.39124894e-07,10.2791278,10895.875468,0.9080668080120144,2.39124894e-07,1.90258313e-07,0.190258313
706,3.36955342e-06,10.135922,10744.07732,0.8954158870170632,3.36955342e-06,8.22652694e-08,0.08226526940000001,2.39124894e-07,10.2785351,10895.247206,0.9080144483947803,2.39124894e-07,1.90195015e-07,0.190195015
707,3.36955342e-06,10.1335551,10741.568406,0.8952067930774117,3.36955342e-06,8.22337312e-08,0.08223373120000001,2.39124894e-07,10.2779369,10894.613114,0.9079616029029134,2.39124894e-07,1.90132889e-07,0.190132889
708,3.36955342e-06,10.131188,10739.05928,0.8949976814695916,3.36955342e-06,8.2202941e-08,0.082202941,2.39124894e-07,10.2773314,10893.971284,0.9079081125228977,2.39124894e-07,1.90071931e-07,0.190071931
709,3.36955342e-06,10.1288209,10736.550153999999,0.8947885698617715,3.36955342e-06,8.21728968e-08,0.08217289679999999,2.39124894e-07,10.2767182,10893.321291999999,0.9078539419183963,2.39124894e-07,1.90012136e-07,0.190012136
710,3.36955342e-06,10.1264537,10734.040922,0.8945794494198674,3.36955342e-06,8.21435958e-08,0.0821435958,2.39124894e-07,10.2760981,10892.663986000001,0.9077991617620833,2.39124894e-07,1.89953502e-07,0.189953502
711,3.36955342e-06,10.1240874,10731.532644,0.8943704084847213,3.36955342e-06,8.21150302e-08,0.0821150302,2.39124894e-07,10.2754682,10891.996292,0.9077435158655153,2.39124894e-07,1.89896025e-07,0.189896025
712,3.36955342e-06,10.1217202,10729.023412,0.894161288042817,3.36955342e-06,8.20871935e-08,0.0820871935,2.39124894e-07,10.2748385,10891.328809999999,0.9076878876371158,2.39124894e-07,1.89839702e-07,0.189839702
713,3.36955342e-06,10.1193526,10726.513755999998,0.8939521322645757,3.36955342e-06,8.20600973e-08,0.0820600973,2.39124894e-07,10.274205,10890.6573,0.9076319237135158,2.39124894e-07,1.89784527e-07,0.189784527
714,3.36955342e-06,10.1169849,10724.003994,0.8937429676522505,3.36955342e-06,8.20337485e-08,0.0820337485,2.39124894e-07,10.2735665,10889.98049,0.907575518085704,2.39124894e-07,1.89730496e-07,0.189730496
715,3.36955342e-06,10.1146193,10721.496458,0.8935339885556939,3.36955342e-06,8.20081451e-08,0.0820081451,2.39124894e-07,10.2729137,10889.288522,0.9075178491838474,2.39124894e-07,1.89677605e-07,0.189677605
716,3.36955342e-06,10.1122562,10718.991571999999,0.8933252303112431,3.36955342e-06,8.19832639e-08,0.08198326389999999,2.39124894e-07,10.272249,10888.58394,0.9074591290259673,2.39124894e-07,1.89625852e-07,0.189625852
717,3.36955342e-06,10.1098927,10716.486262,0.8931164367304555,3.36955342e-06,8.19590956e-08,0.0819590956,2.39124894e-07,10.2715893,10887.884658,0.9074008505722988,2.39124894e-07,1.89575235e-07,0.189575235
718,3.36955342e-06,10.1075298,10713.981588,0.8929076961541732,3.36955342e-06,8.19356559e-08,0.0819356559,2.39124894e-07,10.2709257,10887.181241999999,0.907342227589345,2.39124894e-07,1.89525746e-07,0.189525746
719,3.36955342e-06,10.1051676,10711.477656,0.8926990174164804,3.36955342e-06,8.19129468e-08,0.0819129468,2.39124894e-07,10.2702567,10886.472102,0.9072831275658431,2.39124894e-07,1.8947738e-07,0.18947738
720,3.36955342e-06,10.1028075,10708.97595,0.8924905241945565,3.36955342e-06,8.18909646e-08,0.0818909646,2.39124894e-07,10.2695764,10885.750984,0.9072230292908231,2.39124894e-07,1.89430133e-07,0.189430133
721,3.36955342e-06,10.100449,10706.475939999998,0.8922821723179802,3.36955342e-06,8.18697009e-08,0.0818697009,2.39124894e-07,10.2688899,10885.023293999999,0.9071623833025807,2.39124894e-07,1.89384003e-07,0.189384003
722,3.36955342e-06,10.098092,10703.977519999999,0.8920739529526676,3.36955342e-06,8.18491566e-08,0.0818491566,2.39124894e-07,10.2682013,10884.293377999998,0.9071015517985694,2.39124894e-07,1.89338985e-07,0.189338985
723,3.36955342e-06,10.0957371,10701.481326,0.8918659191031237,3.36955342e-06,8.18293327e-08,0.08182933270000001,2.39124894e-07,10.2675069,10883.557314000001,0.9070402079176731,2.39124894e-07,1.89295075e-07,0.189295075
724,3.36955342e-06,10.0933842,10698.987251999999,0.8916580619352644,3.36955342e-06,8.18102247e-08,0.0818102247,2.39124894e-07,10.2668078,10882.816268,0.9069784488348177,2.39124894e-07,1.89252267e-07,0.189252267
725,3.36955342e-06,10.0910327,10696.494662,0.8914503284445844,3.36955342e-06,8.17918306e-08,0.0817918306,2.39124894e-07,10.2661062,10882.072572,0.9069164688998564,2.39124894e-07,1.89210557e-07,0.189210557
726,3.36955342e-06,10.0886844,10694.005464,0.8912428776445999,3.36955342e-06,8.17741486e-08,0.0817741486,2.39124894e-07,10.2653936,10881.317216,0.90685351721563,2.39124894e-07,1.89169941e-07,0.18916994099999998
727,3.36955342e-06,10.0863383,10691.518597999999,0.8910356211944681,3.36955342e-06,8.17571691e-08,0.0817571691,2.39124894e-07,10.2646776,10880.558256,0.9067902651725397,2.39124894e-07,1.89130415e-07,0.189130415
728,3.36955342e-06,10.0839938,10689.033428,0.8908285060896843,3.36955342e-06,8.17408992e-08,0.0817408992,2.39124894e-07,10.2639615,10879.799190000002,0.9067270042953652,2.39124894e-07,1.89091973e-07,0.189091973
729,3.36955342e-06,10.081653,10686.552179999999,0.8906217178460168,3.36955342e-06,8.17253391e-08,0.0817253391,2.39124894e-07,10.2632348,10879.028887999999,0.906662807005262,2.39124894e-07,1.89054611e-07,0.189054611
730,3.36955342e-06,10.0793151,10684.074006,0.8904151857907923,3.36955342e-06,8.17104722e-08,0.08171047220000001,2.39124894e-07,10.262504,10878.25424,0.9065982475177057,2.39124894e-07,1.89018324e-07,0.189018324
731,3.36955342e-06,10.076979,10681.59774,0.8902088127490836,3.36955342e-06,8.16963025e-08,0.0816963025,2.39124894e-07,10.2617743,10877.480758000002,0.9065337852050759,2.39124894e-07,1.88983107e-07,0.188983107
732,3.36955342e-06,10.0746467,10679.125502,0.890002775402576,3.36955342e-06,8.16828366e-08,0.0816828366,2.39124894e-07,10.2610351,10876.697206,0.9064684836544441,2.39124894e-07,1.88948956e-07,0.188948956
733,3.36955342e-06,10.0723176,10676.656656,0.8897970207467635,3.36955342e-06,8.16700606e-08,0.08167006060000001,2.39124894e-07,10.2602909,10875.908354,0.9064027403996006,2.39124894e-07,1.88915866e-07,0.18891586600000002
734,3.36955342e-06,10.0699919,10674.191413999999,0.8895915664498149,3.36955342e-06,8.16579706e-08,0.08165797059999999,2.39124894e-07,10.2595428,10875.115368,0.9063366526154724,2.39124894e-07,1.88883831e-07,0.188883831
735,3.36955342e-06,10.0676693,10671.729458,0.8893863860094775,3.36955342e-06,8.16465669e-08,0.0816465669,2.39124894e-07,10.2587922,10874.319732,0.9062703439792382,2.39124894e-07,1.88852847e-07,0.18885284700000002
736,3.36955342e-06,10.0653501,10669.271106,0.8891815059280039,3.36955342e-06,8.16358508e-08,0.0816358508,2.39124894e-07,10.2580384,10873.520704,0.9062037526523089,2.39124894e-07,1.88822908e-07,0.188822908
737,3.36955342e-06,10.0630345,10666.81657,0.8889769438735627,3.36955342e-06,8.16258224e-08,0.0816258224,2.39124894e-07,10.2572798,10872.716588,0.9061367372893362,2.39124894e-07,1.88794011e-07,0.188794011
738,3.36955342e-06,10.060723,10664.36638,0.8887727440165747,3.36955342e-06,8.16164756e-08,0.08161647559999999,2.39124894e-07,10.2565152,10871.906112,0.90606919188131,2.39124894e-07,1.8876615e-07,0.18876615
739,3.36955342e-06,10.0584158,10661.920748,0.8885689240252089,3.36955342e-06,8.16077993e-08,0.08160779929999999,2.39124894e-07,10.2557454,10871.090124,0.9060011871009036,2.39124894e-07,1.88739319e-07,0.188739319
740,3.36955342e-06,10.0561128,10659.479567999999,0.8883654750653804,3.36955342e-06,8.15997847e-08,0.08159978470000001,2.39124894e-07,10.2549725,10870.270849999999,0.9059329084638861,2.39124894e-07,1.88713514e-07,0.188713514
741,3.36955342e-06,10.0538136,10657.042416,0.8881623618007531,3.36955342e-06,8.15924301e-08,0.0815924301,2.39124894e-07,10.2541978,10869.449668,0.9058644708133524,2.39124894e-07,1.88688728e-07,0.188688728
742,3.36955342e-06,10.0515182,10654.609292000001,0.8879595842313265,3.36955342e-06,8.15857401e-08,0.0815857401,2.39124894e-07,10.2534202,10868.625412000001,0.9057957769743763,2.39124894e-07,1.88664957e-07,0.188664957
743,3.36955342e-06,10.0492272,10652.180832,0.8877571953616058,3.36955342e-06,8.15797174e-08,0.0815797174,2.39124894e-07,10.252638,10867.796279999999,0.9057266767675252,2.39124894e-07,1.88642197e-07,0.188642197
744,3.36955342e-06,10.046941,10649.75746,0.8875552305279283,3.36955342e-06,8.15743572e-08,0.0815743572,2.39124894e-07,10.2518507,10866.961742,0.9056571260223786,2.39124894e-07,1.88620441e-07,0.188620441
745,3.36955342e-06,10.0446601,10647.339705999999,0.8873537339007148,3.36955342e-06,8.1569644e-08,0.081569644,2.39124894e-07,10.2510578,10866.121268,0.9055870805685151,2.39124894e-07,1.88599684e-07,0.188599684
746,3.36955342e-06,10.0423836,10644.926616,0.8871526259732078,3.36955342e-06,8.15655625e-08,0.08156556250000001,2.39124894e-07,10.2502642,10865.280052,0.9055169732760618,2.39124894e-07,1.88579918e-07,0.188579918
747,3.36955342e-06,10.0401116,10642.518296,0.8869519155794909,3.36955342e-06,8.15621223e-08,0.0815621223,2.39124894e-07,10.2494692,10864.437352,0.9054467423064295,2.39124894e-07,1.88561142e-07,0.18856114200000001
748,3.36955342e-06,10.0378441,10640.114746,0.8867516027195644,3.36955342e-06,8.15593333e-08,0.0815593333,2.39124894e-07,10.2486715,10863.59179,0.9053762728165228,2.39124894e-07,1.88543351e-07,0.188543351
749,3.36955342e-06,10.0355821,10637.717025999998,0.8865517757342707,3.36955342e-06,8.15571961e-08,0.08155719609999999,2.39124894e-07,10.2478675,10862.73955,0.9053052467793097,2.39124894e-07,1.8852654e-07,0.18852654
750,3.36955342e-06,10.0333258,10635.325348,0.8863524522917782,3.36955342e-06,8.15556863e-08,0.0815556863,2.39124894e-07,10.2470588,10861.882328,0.9052338055401375,2.39124894e-07,1.885107e-07,0.1885107
751,3.36955342e-06,10.0310751,10632.939606,0.8861536235580024,3.36955342e-06,8.15547875e-08,0.0815547875,2.39124894e-07,10.2462478,10861.022668000001,0.9051621611170284,2.39124894e-07,1.88495821e-07,0.188495821
752,3.36955342e-06,10.0288294,10630.559163999998,0.8859552365284381,3.36955342e-06,8.1554494e-08,0.08155449399999999,2.39124894e-07,10.2454358,10860.161947999999,0.9050904283530766,2.39124894e-07,1.88481902e-07,0.188481902
753,3.36955342e-06,10.0265888,10628.184128,0.8857573000371699,3.36955342e-06,8.15548187e-08,0.0815548187,2.39124894e-07,10.2446219,10859.299214,0.9050185277415248,2.39124894e-07,1.8846894e-07,0.18846894
754,3.36955342e-06,10.0243536,10625.814816,0.8855598405864499,3.36955342e-06,8.15557702e-08,0.0815557702,2.39124894e-07,10.2438045,10858.43277,0.9049463179370246,2.39124894e-07,1.88456932e-07,0.188456932
755,3.36955342e-06,10.0221245,10623.45197,0.8853629200148679,3.36955342e-06,8.15573447e-08,0.0815573447,2.39124894e-07,10.2429829,10857.561873999999,0.9048737371009868,2.39124894e-07,1.88445871e-07,0.188445871
756,3.36955342e-06,10.0199015,10621.095589999999,0.885166538322424,3.36955342e-06,8.15595187e-08,0.0815595187,2.39124894e-07,10.2421579,10856.687374000001,0.9048008559060855,2.39124894e-07,1.88435744e-07,0.18843574400000002
757,3.36955342e-06,10.0176847,10618.745782,0.8849707043432026,3.36955342e-06,8.15622773e-08,0.0815622773,2.39124894e-07,10.2413315,10855.811389999999,0.9047278510340045,2.39124894e-07,1.88426545e-07,0.188426545
758,3.36955342e-06,10.0154736,10616.402016,0.8847753739067821,3.36955342e-06,8.15656153e-08,0.08156561529999999,2.39124894e-07,10.2405027,10854.932862,0.9046546341439022,2.39124894e-07,1.88418271e-07,0.188418271
759,3.36955342e-06,10.0132686,10614.064716,0.8845805823494998,3.36955342e-06,8.15695422e-08,0.08156954220000001,2.39124894e-07,10.2396719,10854.052214,0.9045812405721153,2.39124894e-07,1.88410921e-07,0.188410921
760,3.36955342e-06,10.0110696,10611.733776000001,0.8843863208372713,3.36955342e-06,8.15740639e-08,0.0815740639,2.39124894e-07,10.2388378,10853.168068,0.9045075554755488,2.39124894e-07,1.88404492e-07,0.188404492
761,3.36955342e-06,10.0088771,10609.409726,0.8841926335405176,3.36955342e-06,8.15791764e-08,0.08157917640000001,2.39124894e-07,10.2380018,10852.281907999999,0.9044337025313818,2.39124894e-07,1.88398974e-07,0.188398974
762,3.36955342e-06,10.0066911,10607.092566,0.883999520459239,3.36955342e-06,8.15848596e-08,0.0815848596,2.39124894e-07,10.2371635,10851.39331,0.9043596464032776,2.39124894e-07,1.88394355e-07,0.188394355
763,3.36955342e-06,10.0045118,10604.782508,0.883806999261604,3.36955342e-06,8.15911007e-08,0.0815911007,2.39124894e-07,10.236324,10850.50344,0.9042854842661627,2.39124894e-07,1.88390629e-07,0.18839062899999998
764,3.36955342e-06,10.0023391,10602.479446000001,0.8836150611135282,3.36955342e-06,8.15978942e-08,0.0815978942,2.39124894e-07,10.2354809,10849.609754000001,0.9042110041020155,2.39124894e-07,1.88387793e-07,0.188387793
765,3.36955342e-06,10.0001731,10600.183486,0.8834237148490955,3.36955342e-06,8.16052469e-08,0.0816052469,2.39124894e-07,10.2346356,10848.713736000002,0.9041363295880152,2.39124894e-07,1.88385847e-07,0.188385847
766,3.36955342e-06,9.99801385,10597.894681,0.8832329648853486,3.36955342e-06,8.16131625e-08,0.0816131625,2.39124894e-07,10.2337878,10847.815068,0.9040614342219089,2.39124894e-07,1.88384785e-07,0.188384785
767,3.36955342e-06,9.99586147,10595.6131582,0.8830428218231883,3.36955342e-06,8.16216362e-08,0.0816216362,2.39124894e-07,10.2329402,10846.916611999999,0.9039865565239712,2.39124894e-07,1.88384599e-07,0.188384599
768,3.36955342e-06,9.99371612,10593.3390872,0.8828532997971494,3.36955342e-06,8.16306504e-08,0.0816306504,2.39124894e-07,10.232091,10846.01646,0.903911537480686,2.39124894e-07,1.88385277e-07,0.188385277
769,3.36955342e-06,9.99157784,10591.0725104,0.8826644023408656,3.36955342e-06,8.16401948e-08,0.0816401948,2.39124894e-07,10.2312407,10845.115142,0.9038364212624741,2.39124894e-07,1.88386812e-07,0.18838681200000001
770,3.36955342e-06,9.98944691,10588.8137246,0.8824761541897729,3.36955342e-06,8.1650265e-08,0.081650265,2.39124894e-07,10.2303858,10844.208948000001,0.9037608986763876,2.39124894e-07,1.883892e-07,0.18838919999999998
771,3.36955342e-06,9.98732332,10586.5627192,0.8822885544604624,3.36955342e-06,8.16608655e-08,0.0816608655,2.39124894e-07,10.2295288,10843.300528000002,0.9036851905745323,2.39124894e-07,1.88392443e-07,0.188392443
772,3.36955342e-06,9.98520717,10584.3196002,0.882101611987019,3.36955342e-06,8.16719968e-08,0.08167199680000001,2.39124894e-07,10.2286703,10842.390517999998,0.9036093499614133,2.39124894e-07,1.88396535e-07,0.188396535
773,3.36955342e-06,9.98309823,10582.0841238,0.8819153064510483,3.36955342e-06,8.16836524e-08,0.08168365239999999,2.39124894e-07,10.2278136,10841.482415999999,0.9035336683618107,2.39124894e-07,1.88401466e-07,0.188401466
774,3.36955342e-06,9.9809968,10579.856608,0.8817296643548035,3.36955342e-06,8.16958186e-08,0.0816958186,2.39124894e-07,10.2269557,10840.573042,0.9034578807531974,2.39124894e-07,1.88407223e-07,0.18840722299999998
775,3.36955342e-06,9.97890316,10577.6373496,0.8815447104337202,3.36955342e-06,8.17084901e-08,0.0817084901,2.39124894e-07,10.2260942,10839.659852,0.9033817751175518,2.39124894e-07,1.88413803e-07,0.18841380300000002
776,3.36955342e-06,9.97681705,10575.426072999999,0.8813604217191794,3.36955342e-06,8.17216636e-08,0.0817216636,2.39124894e-07,10.2252326,10838.746556,0.9033056606478218,2.39124894e-07,1.88421201e-07,0.188421201
777,3.36955342e-06,9.97473887,10573.223202199999,0.8811768335475182,3.36955342e-06,8.17353318e-08,0.08173533179999999,2.39124894e-07,10.2243684,10837.830504,0.9032293164919019,2.39124894e-07,1.88429414e-07,0.188429414
778,3.36955342e-06,9.97266896,10571.0290976,0.8809939759546228,3.36955342e-06,8.17494969e-08,0.0817494969,2.39124894e-07,10.2235007,10836.910742,0.9031526631430339,2.39124894e-07,1.88438436e-07,0.18843843600000001
779,3.36955342e-06,9.97060659,10568.842985399999,0.8808117844516783,3.36955342e-06,8.17641578e-08,0.0817641578,2.39124894e-07,10.2226364,10835.994584,0.9030763101530297,2.39124894e-07,1.88448262e-07,0.188448262
780,3.36955342e-06,9.96855219,10566.6653214,0.8806302970252472,3.36955342e-06,8.17793012e-08,0.0817793012,2.39124894e-07,10.2217719,10835.078214000001,0.9029999394948571,2.39124894e-07,1.8845888e-07,0.18845888
781,3.36955342e-06,9.96650608,10564.496444800001,0.8804495419443987,3.36955342e-06,8.17949221e-08,0.0817949221,2.39124894e-07,10.2209042,10834.158452,0.902923286145989,2.39124894e-07,1.88470282e-07,0.18847028200000002
782,3.36955342e-06,9.96446844,10562.3365464,0.8802695351104844,3.36955342e-06,8.18110201e-08,0.0818110201,2.39124894e-07,10.2200329,10833.234874,0.9028463147700888,2.39124894e-07,1.88482467e-07,0.18848246700000001
783,3.36955342e-06,9.962439,10560.18534,0.8800902526714771,3.36955342e-06,8.18275929e-08,0.0818275929,2.39124894e-07,10.2191622,10832.311931999999,0.9027693963986938,2.39124894e-07,1.88495433e-07,0.188495433
784,3.36955342e-06,9.96041743,10558.042475799999,0.8799116654748986,3.36955342e-06,8.18446303e-08,0.0818446303,2.39124894e-07,10.2182949,10831.392594,0.9026927783861629,2.39124894e-07,1.88509168e-07,0.188509168
785,3.36955342e-06,9.95840412,10555.908367200002,0.879733807973678,3.36955342e-06,8.18621223e-08,0.0818621223,2.39124894e-07,10.2174272,10830.472832,0.9026161250372948,2.39124894e-07,1.88523662e-07,0.18852366199999998
786,3.36955342e-06,9.95639968,10553.7836608,0.8795567340557281,3.36955342e-06,8.18800667e-08,0.08188006669999999,2.39124894e-07,10.2165554,10829.548724,0.9025391094909735,2.39124894e-07,1.8853891e-07,0.18853891
787,3.36955342e-06,9.95440427,10551.6685262,0.8793804578555844,3.36955342e-06,8.18984664e-08,0.0818984664,2.39124894e-07,10.2156802,10828.621012,0.9024617935857882,2.39124894e-07,1.8855491e-07,0.18855491
788,3.36955342e-06,9.95241767,10549.562730200001,0.8792049599382615,3.36955342e-06,8.19173208e-08,0.0819173208,2.39124894e-07,10.2148051,10827.693406,0.9023844865146872,2.39124894e-07,1.88571659e-07,0.188571659
789,3.36955342e-06,9.95043953,10547.4659018,0.8790302093844644,3.36955342e-06,8.19366231e-08,0.08193662310000001,2.39124894e-07,10.2139325,10826.76845,0.9023074002956918,2.39124894e-07,1.88589149e-07,0.188589149
790,3.36955342e-06,9.94846974,10545.3779244,0.8788561964767005,3.36955342e-06,8.19563635e-08,0.0819563635,2.39124894e-07,10.213062,10825.845720000001,0.9022304995924655,2.39124894e-07,1.88607369e-07,0.188607369
791,3.36955342e-06,9.94650866,10543.299179599999,0.8786829530176731,3.36955342e-06,8.19765337e-08,0.08197653369999999,2.39124894e-07,10.2121905,10824.92193,0.9021535105483967,2.39124894e-07,1.8862631e-07,0.18862631
792,3.36955342e-06,9.94455669,10541.2300914,0.8785105143437193,3.36955342e-06,8.19971305e-08,0.0819971305,2.39124894e-07,10.2113162,10823.995172,0.9020762741499695,2.39124894e-07,1.88645969e-07,0.188645969
793,3.36955342e-06,9.94261406,10539.170903600001,0.8783389007732325,3.36955342e-06,8.20181539e-08,0.0820181539,2.39124894e-07,10.2104394,10823.065764,0.9019988168994365,2.39124894e-07,1.88666342e-07,0.188666342
794,3.36955342e-06,9.94068067,10537.1215102,0.8781681034721286,3.36955342e-06,8.20396027e-08,0.0820396027,2.39124894e-07,10.2095635,10822.13731,0.9019214391556616,2.39124894e-07,1.88687425e-07,0.18868742500000002
795,3.36955342e-06,9.93875669,10535.0820914,0.8779981374583506,3.36955342e-06,8.20614729e-08,0.0820614729,2.39124894e-07,10.2086882,10821.209492,0.9018441144163921,2.39124894e-07,1.8870921e-07,0.18870921
796,3.36955342e-06,9.93684136,10533.051841600001,0.8778289355928589,3.36955342e-06,8.20837583e-08,0.0820837583,2.39124894e-07,10.2078157,10820.284641999999,0.901767037031481,2.39124894e-07,1.88731689e-07,0.188731689
797,3.36955342e-06,9.93493485,10531.030940999999,0.8776605128935959,3.36955342e-06,8.21064506e-08,0.08210645059999999,2.39124894e-07,10.2069438,10819.360428,0.9016900126510754,2.39124894e-07,1.88754852e-07,0.188754852
798,3.36955342e-06,9.93303769,10529.019951400001,0.8774929161812088,3.36955342e-06,8.21295445e-08,0.0821295445,2.39124894e-07,10.2060699,10818.434093999998,0.901612811588985,2.39124894e-07,1.88778695e-07,0.188778695
799,3.36955342e-06,9.93115028,10527.019296800001,0.8773261807920341,3.36955342e-06,8.21530377e-08,0.0821530377,2.39124894e-07,10.2051939,10817.505534,0.9015354250111259,2.39124894e-07,1.88803212e-07,0.188803212
800,3.36955342e-06,9.92927272,10525.029083200001,0.8771603155601561,3.36955342e-06,8.21769292e-08,0.08217692920000001,2.39124894e-07,10.2043177,10816.576762,0.9014580207650984,2.39124894e-07,1.88828401e-07,0.188828401
801,3.36955342e-06,9.92740476,10523.0490456,0.8769952984003642,3.36955342e-06,8.22012161e-08,0.08220121609999999,2.39124894e-07,10.2034432,10815.649792,0.9013807666985028,2.39124894e-07,1.88854254e-07,0.188854254
802,3.36955342e-06,9.92554603,10521.078791799999,0.8768310966265466,3.36955342e-06,8.2225893e-08,0.082225893,2.39124894e-07,10.2025711,10814.725366,0.9013037246499287,2.39124894e-07,1.88880762e-07,0.18888076199999998
803,3.36955342e-06,9.92369629,10519.1180674,0.8766676890369015,3.36955342e-06,8.22509532e-08,0.0822509532,2.39124894e-07,10.2017009,10813.802954,0.9012268504489549,2.39124894e-07,1.88907918e-07,0.188907918
804,3.36955342e-06,9.92185624,10517.167614400001,0.8765051374700185,3.36955342e-06,8.22763916e-08,0.0822763916,2.39124894e-07,10.200829,10812.87874,0.9011498260685492,2.39124894e-07,1.88935714e-07,0.18893571399999998
805,3.36955342e-06,9.92002624,10515.227814400001,0.8763434737286004,3.36955342e-06,8.2302206e-08,0.082302206,2.39124894e-07,10.1999554,10811.952724,0.9010726515087116,2.39124894e-07,1.88964147e-07,0.188964147
806,3.36955342e-06,9.9182063,10513.298678,0.8761826986960558,3.36955342e-06,8.23283938e-08,0.08232839380000001,2.39124894e-07,10.1990821,10811.027026,0.9009955034511267,2.39124894e-07,1.88993212e-07,0.188993212
807,3.36955342e-06,9.91639626,10511.380035600001,0.8760227982378503,3.36955342e-06,8.23549513e-08,0.0823549513,2.39124894e-07,10.1982104,10810.103024,0.9009184967388895,2.39124894e-07,1.89022903e-07,0.189022903
808,3.36955342e-06,9.91459601,10509.471770600001,0.8758637626364909,3.36955342e-06,8.23818739e-08,0.0823818739,2.39124894e-07,10.1973409,10809.181354,0.9008416843765054,2.39124894e-07,1.89053211e-07,0.189053211
809,3.36955342e-06,9.91280563,10507.573967799999,0.8757055989592448,3.36955342e-06,8.24091557e-08,0.0824091557,2.39124894e-07,10.1964718,10808.260107999999,0.900764907350458,2.39124894e-07,1.89084129e-07,0.189084129
810,3.36955342e-06,9.91102509,10505.6865954,0.8755483045558873,3.36955342e-06,8.24367924e-08,0.0824367924,2.39124894e-07,10.1956025,10807.33865,0.9006881126562425,2.39124894e-07,1.89115652e-07,0.189115652
811,3.36955342e-06,9.90925451,10503.8097806,0.8753918900273191,3.36955342e-06,8.2464781e-08,0.082464781,2.39124894e-07,10.1947334,10806.417404,0.9006113356301952,2.39124894e-07,1.89147774e-07,0.189147774
812,3.36955342e-06,9.90749404,10501.9436824,0.8752363686246665,3.36955342e-06,8.2493119e-08,0.082493119,2.39124894e-07,10.1938653,10805.497218,0.9005346469449904,2.39124894e-07,1.89180489e-07,0.189180489
813,3.36955342e-06,9.90574378,10500.0884068,0.8750817491820138,3.36955342e-06,8.25218025e-08,0.0825218025,2.39124894e-07,10.1929985,10804.57841,0.9004580731028804,2.39124894e-07,1.8921379e-07,0.18921379
814,3.36955342e-06,9.90400375,10498.243975,0.874928033466178,3.36955342e-06,8.25508263e-08,0.0825508263,2.39124894e-07,10.1921332,10803.661192000001,0.9003816317720341,2.39124894e-07,1.89247671e-07,0.189247671
815,3.36955342e-06,9.90227484,10496.4113304,0.8747753001005086,3.36955342e-06,8.25801866e-08,0.0825801866,2.39124894e-07,10.1912656,10802.741536,0.9003049872572502,2.39124894e-07,1.89282126e-07,0.189282126
816,3.36955342e-06,9.9005559,10494.589254,0.874623447493037,3.36955342e-06,8.26098808e-08,0.0826098808,2.39124894e-07,10.1904004,10801.824424,0.900228554760488,2.39124894e-07,1.8931715e-07,0.18931715
817,3.36955342e-06,9.89884593,10492.7766858,0.8744723873029208,3.36955342e-06,8.2639904e-08,0.082639904,2.39124894e-07,10.1895402,10800.912612,0.9001525639679373,2.39124894e-07,1.89352735e-07,0.189352735
818,3.36955342e-06,9.89714406,10490.9727036,0.8743220426736273,3.36955342e-06,8.2670249e-08,0.082670249,2.39124894e-07,10.1886873,10800.008538,0.9000772180635355,2.39124894e-07,1.8938887e-07,0.18938887000000001
819,3.36955342e-06,9.89545499,10489.1822894,0.8741728288071153,3.36955342e-06,8.27009111e-08,0.0827009111,2.39124894e-07,10.1878249,10799.094394000002,0.9000010329211318,2.39124894e-07,1.89425548e-07,0.189425548
820,3.36955342e-06,9.89377853,10487.405241800001,0.8740247289186248,3.36955342e-06,8.27318912e-08,0.08273189119999999,2.39124894e-07,10.1869578,10798.175268,0.8999244325767691,2.39124894e-07,1.89462772e-07,0.189462772
821,3.36955342e-06,9.89211253,10485.6392818,0.8738775530753448,3.36955342e-06,8.27631861e-08,0.08276318610000001,2.39124894e-07,10.1860956,10797.261336,0.8998482651025337,2.39124894e-07,1.89500538e-07,0.189500538
822,3.36955342e-06,9.89045585,10483.883201,0.8737312005687151,3.36955342e-06,8.27947903e-08,0.0827947903,2.39124894e-07,10.1852408,10796.355248000002,0.8997727513505316,2.39124894e-07,1.89538834e-07,0.189538834
823,3.36955342e-06,9.88880676,10482.135165599999,0.8735855185690783,3.36955342e-06,8.28266982e-08,0.08282669819999999,2.39124894e-07,10.1843942,10795.457852,0.8996979619934361,2.39124894e-07,1.8957765e-07,0.18957765000000001
824,3.36955342e-06,9.88716888,10480.3990128,0.873440826870284,3.36955342e-06,8.2858905e-08,0.082858905,2.39124894e-07,10.1835425,10794.555049999999,0.899622722098045,2.39124894e-07,1.89616977e-07,0.189616977
825,3.36955342e-06,9.88554363,10478.6762478,0.8732972509163279,3.36955342e-06,8.28914076e-08,0.08289140760000001,2.39124894e-07,10.1826844,10793.645464,0.8995469168212631,2.39124894e-07,1.89656815e-07,0.189656815
826,3.36955342e-06,9.88393008,10476.9658848,0.8731547085502268,3.36955342e-06,8.29242023e-08,0.0829242023,2.39124894e-07,10.1818273,10792.736938,0.8994711998853236,2.39124894e-07,1.89697162e-07,0.189697162
827,3.36955342e-06,9.88232587,10475.2654222,0.8730129912875928,3.36955342e-06,8.29572851e-08,0.0829572851,2.39124894e-07,10.1809794,10791.838164,0.8993962956851334,2.39124894e-07,1.8973801e-07,0.18973801
828,3.36955342e-06,9.88073153,10473.5754218,0.8728721459490724,3.36955342e-06,8.29906518e-08,0.0829906518,2.39124894e-07,10.180136,10790.94416,0.8993217890187332,2.39124894e-07,1.89779348e-07,0.18977934800000001
829,3.36955342e-06,9.87914808,10471.8969648,0.8727322626423246,3.36955342e-06,8.30242989e-08,0.08302429889999999,2.39124894e-07,10.1792908,10790.048248000001,0.8992471233388173,2.39124894e-07,1.89821169e-07,0.18982116899999998
830,3.36955342e-06,9.877576,10470.23056,0.8725933837709539,3.36955342e-06,8.30582218e-08,0.0830582218,2.39124894e-07,10.1784432,10789.149792,0.8991722456408795,2.39124894e-07,1.89863469e-07,0.18986346899999998
831,3.36955342e-06,9.87601448,10468.575348800001,0.872455437778878,3.36955342e-06,8.30924159e-08,0.08309241590000001,2.39124894e-07,10.1775982,10788.254092000001,0.8990975976291319,2.39124894e-07,1.89906245e-07,0.189906245
832,3.36955342e-06,9.87446331,10466.9311086,0.8723184061145197,3.36955342e-06,8.31268773e-08,0.0831268773,2.39124894e-07,10.1767577,10787.363162,0.8990233471511745,2.39124894e-07,1.8994949e-07,0.18994949
833,3.36955342e-06,9.87292314,10465.298528399999,0.8721823461994269,3.36955342e-06,8.31616025e-08,0.0831616025,2.39124894e-07,10.1759195,10786.47467,0.8989492998571545,2.39124894e-07,1.89993194e-07,0.18999319399999998
834,3.36955342e-06,9.87139455,10463.678222999999,0.872047309271288,3.36955342e-06,8.31965871e-08,0.08319658710000001,2.39124894e-07,10.1750809,10785.585754,0.8988752172267976,2.39124894e-07,1.90037353e-07,0.19003735300000002
835,3.36955342e-06,9.86987569,10462.0682314,0.8719131318995449,3.36955342e-06,8.32318269e-08,0.0832318269,2.39124894e-07,10.1742461,10784.700866,0.8988014702916414,2.39124894e-07,1.90081961e-07,0.19008196100000002
836,3.36955342e-06,9.86836821,10460.4703026,0.8717799598465871,3.36955342e-06,8.3267318e-08,0.083267318,2.39124894e-07,10.1734113,10783.815978,0.8987277233564854,2.39124894e-07,1.90127012e-07,0.190127012
837,3.36955342e-06,9.86687178,10458.8840868,0.8716477639599367,3.36955342e-06,8.33030557e-08,0.08330305569999999,2.39124894e-07,10.1725783,10782.932998,0.8986541354348453,2.39124894e-07,1.901725e-07,0.1901725
838,3.36955342e-06,9.86538643,10457.309615799999,0.8715165468898189,3.36955342e-06,8.33390362e-08,0.08333903620000001,2.39124894e-07,10.1717475,10782.05235,0.8985807418630584,2.39124894e-07,1.90218419e-07,0.190218419
839,3.36955342e-06,9.86391191,10455.7466246,0.8713862865510236,3.36955342e-06,8.33752552e-08,0.08337525520000001,2.39124894e-07,10.1709195,10781.17467,0.89850759564563,2.39124894e-07,1.90264763e-07,0.190264763
840,3.36955342e-06,9.86244822,10454.1951132,0.8712569829435501,3.36955342e-06,8.3411709e-08,0.083411709,2.39124894e-07,10.1700936,10780.299216,0.8984346349439702,2.39124894e-07,1.90311525e-07,0.19031152499999998
841,3.36955342e-06,9.86099545,10452.655177,0.871128644018075,3.36955342e-06,8.34483935e-08,0.08344839350000001,2.39124894e-07,10.1692695,10779.42567,0.8983618332558269,2.39124894e-07,1.903587e-07,0.1903587
842,3.36955342e-06,9.85955371,10451.1269326,0.8710012794920902,3.36955342e-06,8.34853045e-08,0.0834853045,2.39124894e-07,10.1684472,10778.554032,0.8982891905811994,2.39124894e-07,1.90406282e-07,0.190406282
843,3.36955342e-06,9.85812306,10449.6104436,0.8708748946660467,3.36955342e-06,8.35224376e-08,0.0835224376,2.39124894e-07,10.1676269,10777.684514,0.8982167245882567,2.39124894e-07,1.90454264e-07,0.19045426399999998
844,3.36955342e-06,9.8567035,10448.10571,0.8707494895399442,3.36955342e-06,8.35597887e-08,0.08355978870000001,2.39124894e-07,10.166809,10776.81754,0.8981444706133355,2.39124894e-07,1.90502642e-07,0.190502642
845,3.36955342e-06,9.85529493,10446.612625799999,0.8706250552796987,3.36955342e-06,8.35973538e-08,0.0835973538,2.39124894e-07,10.1659937,10775.953322,0.8980724463246043,2.39124894e-07,1.90551408e-07,0.190551408
846,3.36955342e-06,9.85389745,10445.131297,0.8705016007193945,3.36955342e-06,8.3635129e-08,0.083635129,2.39124894e-07,10.1651805,10775.09133,0.8980006075516419,2.39124894e-07,1.90600557e-07,0.190600557
847,3.36955342e-06,9.85251104,10443.661702399999,0.8703791240922144,3.36955342e-06,8.36731102e-08,0.0836731102,2.39124894e-07,10.1643694,10774.231564,0.8979289542944484,2.39124894e-07,1.90650082e-07,0.190650082
848,3.36955342e-06,9.8511363,10442.204478,0.8702576784026642,3.36955342e-06,8.37112934e-08,0.0837112934,2.39124894e-07,10.1635588,10773.372328000001,0.8978573452076761,2.39124894e-07,1.90699979e-07,0.19069997900000002
849,3.36955342e-06,9.84977173,10440.7580338,0.8701371311394803,3.36955342e-06,8.37496744e-08,0.08374967439999999,2.39124894e-07,10.1627535,10772.51871,0.8977862043273679,2.39124894e-07,1.90750242e-07,0.190750242
850,3.36955342e-06,9.84841829,10439.3233874,0.870017567109871,3.36955342e-06,8.37882499e-08,0.0837882499,2.39124894e-07,10.1619507,10771.667742,0.8977152842991655,2.39124894e-07,1.90800864e-07,0.190800864
851,3.36955342e-06,9.84707666,10437.901259600001,0.8698990463856096,3.36955342e-06,8.38270143e-08,0.0838270143,2.39124894e-07,10.1611486,10770.817516000001,0.8976444261095528,2.39124894e-07,1.90851838e-07,0.190851838
852,3.36955342e-06,9.84574655,10436.491343,0.8697815433478513,3.36955342e-06,8.38659621e-08,0.0838659621,2.39124894e-07,10.160348,10769.96888,0.8975737004312034,2.39124894e-07,1.90903161e-07,0.190903161
853,3.36955342e-06,9.84442735,10435.092991,0.8696650041086825,3.36955342e-06,8.39050889e-08,0.08390508890000001,2.39124894e-07,10.1595508,10769.123848,0.8975032751117178,2.39124894e-07,1.90954826e-07,0.19095482600000002
854,3.36955342e-06,9.84311646,10433.703447599999,0.8695491989819134,3.36955342e-06,8.39443955e-08,0.0839443955,2.39124894e-07,10.1587619,10768.287614,0.8974335830212236,2.39124894e-07,1.91006827e-07,0.191006827
855,3.36955342e-06,9.84181872,10432.327843199999,0.8694345555372206,3.36955342e-06,8.39838848e-08,0.08398388479999999,2.39124894e-07,10.1579694,10767.447564,0.8973635729036968,2.39124894e-07,1.91059157e-07,0.191059157
856,3.36955342e-06,9.84053334,10430.9653404,0.8693210039853387,3.36955342e-06,8.40235449e-08,0.0840235449,2.39124894e-07,10.1571778,10766.608467999999,0.8972936422929282,2.39124894e-07,1.91111812e-07,0.191111812
857,3.36955342e-06,9.83925955,10429.615123,0.8692084763038191,3.36955342e-06,8.40633654e-08,0.08406336539999999,2.39124894e-07,10.1563896,10765.772976,0.8972240120410235,2.39124894e-07,1.91164787e-07,0.191164787
858,3.36955342e-06,9.83799662,10428.2764172,0.8690969080038471,3.36955342e-06,8.41033414e-08,0.08410334139999999,2.39124894e-07,10.1556057,10764.942042,0.8971547616547407,2.39124894e-07,1.91218075e-07,0.191218075
859,3.36955342e-06,9.8367443,10426.948957999999,0.8689862770002116,3.36955342e-06,8.41434723e-08,0.08414347230000001,2.39124894e-07,10.1548255,10764.115029999999,0.8970858381295743,2.39124894e-07,1.91271671e-07,0.191271671
860,3.36955342e-06,9.83550109,10425.631155399999,0.8688764507816497,3.36955342e-06,8.41837603e-08,0.0841837603,2.39124894e-07,10.1540505,10763.29353,0.8970173739767882,2.39124894e-07,1.91325567e-07,0.191325567
861,3.36955342e-06,9.83427014,10424.3263484,0.8687677076218145,3.36955342e-06,8.4224205e-08,0.084224205,2.39124894e-07,10.1532746,10762.471076,0.8969488303172436,2.39124894e-07,1.9137976e-07,0.19137975999999998
862,3.36955342e-06,9.8330511,10423.034166000001,0.8686600166014112,3.36955342e-06,8.42647954e-08,0.0842647954,2.39124894e-07,10.1525002,10761.650212,0.8968804191689628,2.39124894e-07,1.91434243e-07,0.191434243
863,3.36955342e-06,9.83184459,10421.7552654,0.8685534324917618,3.36955342e-06,8.43055272e-08,0.0843055272,2.39124894e-07,10.1517276,10760.831256,0.8968121670341979,2.39124894e-07,1.91489013e-07,0.19148901299999999
864,3.36955342e-06,9.83064941,10420.4883746,0.8684478492838558,3.36955342e-06,8.43463945e-08,0.08434639449999999,2.39124894e-07,10.1509591,10760.016646,0.8967442770968866,2.39124894e-07,1.91544062e-07,0.191544062
865,3.36955342e-06,9.82946288,10419.230652799999,0.8683430302242356,3.36955342e-06,8.43873956e-08,0.0843873956,2.39124894e-07,10.1501988,10759.210728,0.8966771115544822,2.39124894e-07,1.91599385e-07,0.19159938499999998
866,3.36955342e-06,9.82828795,10417.985227,0.8682392359183864,3.36955342e-06,8.44285325e-08,0.0844285325,2.39124894e-07,10.1494379,10758.404174000001,0.8966098930075724,2.39124894e-07,1.91654975e-07,0.191654975
867,3.36955342e-06,9.8271251,10416.752606,0.8681365087699121,3.36955342e-06,8.44697981e-08,0.08446979810000001,2.39124894e-07,10.1486777,10757.598362,0.8965427362992522,2.39124894e-07,1.91710828e-07,0.191710828
868,3.36955342e-06,9.82597435,10415.532811,0.8680348505456297,3.36955342e-06,8.45111845e-08,0.0845111845,2.39124894e-07,10.1479193,10756.794458,0.8964757386044481,2.39124894e-07,1.91766939e-07,0.191766939
869,3.36955342e-06,9.82483255,10414.322503,0.867933982971886,3.36955342e-06,8.45526898e-08,0.0845526898,2.39124894e-07,10.1471694,10755.999564,0.8964094918068036,2.39124894e-07,1.91823303e-07,0.191823303
870,3.36955342e-06,9.82370234,10413.1244804,0.8678341392685045,3.36955342e-06,8.45943167e-08,0.08459431669999999,2.39124894e-07,10.1464217,10755.207002,0.8963434393590122,2.39124894e-07,1.91879912e-07,0.19187991199999999
871,3.36955342e-06,9.82258501,10411.940110599999,0.8677354333951719,3.36955342e-06,8.46360578e-08,0.0846360578,2.39124894e-07,10.1456728,10754.413168,0.8962772809022099,2.39124894e-07,1.91936762e-07,0.19193676199999998
872,3.36955342e-06,9.82148051,10410.7693406,0.8676378609348462,3.36955342e-06,8.4677902e-08,0.084677902,2.39124894e-07,10.1449242,10753.619652,0.8962111489476605,2.39124894e-07,1.91993848e-07,0.191993848
873,3.36955342e-06,9.8203835,10409.60651,0.8675409501474292,3.36955342e-06,8.47198468e-08,0.0847198468,2.39124894e-07,10.1441863,10752.837478,0.8961459622401238,2.39124894e-07,1.92051166e-07,0.192051166
874,3.36955342e-06,9.81929646,10408.4542476,0.8674449201182102,3.36955342e-06,8.47619018e-08,0.0847619018,2.39124894e-07,10.1434536,10752.060816000001,0.896081234904967,2.39124894e-07,1.92108707e-07,0.19210870700000002
875,3.36955342e-06,9.81822372,10407.3171432,0.8673501533630359,3.36955342e-06,8.48040619e-08,0.0848040619,2.39124894e-07,10.1427161,10751.279066,0.896016083533767,2.39124894e-07,1.92166468e-07,0.192166468
876,3.36955342e-06,9.81716258,10406.1923348,0.8672564113616325,3.36955342e-06,8.48463124e-08,0.0848463124,2.39124894e-07,10.1419819,10750.500813999999,0.8959512236873467,2.39124894e-07,1.92224444e-07,0.19222444400000002
877,3.36955342e-06,9.8161115,10405.07819,0.8671635580691026,3.36955342e-06,8.48886498e-08,0.0848886498,2.39124894e-07,10.1412542,10749.729452000001,0.8958869380564016,2.39124894e-07,1.9228263e-07,0.19228263
878,3.36955342e-06,9.81507103,10403.975291800001,0.8670716420729097,3.36955342e-06,8.49310758e-08,0.0849310758,2.39124894e-07,10.1405313,10748.963178,0.8958230764614993,2.39124894e-07,1.92341019e-07,0.192341019
879,3.36955342e-06,9.81404278,10402.8853468,0.8669808056018095,3.36955342e-06,8.49735877e-08,0.0849735877,2.39124894e-07,10.1398085,10748.19701,0.8957592237006813,2.39124894e-07,1.92399606e-07,0.192399606
880,3.36955342e-06,9.81302412,10401.8055672,0.8668908163193871,3.36955342e-06,8.50161825e-08,0.0850161825,2.39124894e-07,10.1390906,10747.436036,0.8956958038099905,2.39124894e-07,1.92458387e-07,0.19245838699999998
881,3.36955342e-06,9.81201684,10400.7378504,0.8668018323557504,3.36955342e-06,8.50588607e-08,0.08505886069999999,2.39124894e-07,10.1383755,10746.678030000001,0.8956326312736583,2.39124894e-07,1.92517356e-07,0.192517356
882,3.36955342e-06,9.81102165,10399.682949,0.8667139164328969,3.36955342e-06,8.5101614e-08,0.085101614,2.39124894e-07,10.1376625,10745.92225,0.8955696442530948,2.39124894e-07,1.92576509e-07,0.192576509
883,3.36955342e-06,9.81003797,10398.6402482,0.8666270173131383,3.36955342e-06,8.51444347e-08,0.08514443470000001,2.39124894e-07,10.1369526,10745.169756000001,0.8955069310891427,2.39124894e-07,1.9263584e-07,0.19263584
884,3.36955342e-06,9.80906508,10397.6089848,0.8665410713910682,3.36955342e-06,8.51873203e-08,0.08518732030000001,2.39124894e-07,10.1362469,10744.421714,0.8954445889567281,2.39124894e-07,1.92695343e-07,0.192695343
885,3.36955342e-06,9.8081023,10396.588438,0.866456018594914,3.36955342e-06,8.5230272e-08,0.085230272,2.39124894e-07,10.1355463,10743.679078,0.8953826973626091,2.39124894e-07,1.92755015e-07,0.192755015
886,3.36955342e-06,9.80715051,10395.5795406,0.8663719366646165,3.36955342e-06,8.52732894e-08,0.0852732894,2.39124894e-07,10.1348479,10742.938774,0.8953210001183435,2.39124894e-07,1.92814849e-07,0.192814849
887,3.36955342e-06,9.80620991,10394.582504599999,0.8662888432683444,3.36955342e-06,8.53163681e-08,0.0853163681,2.39124894e-07,10.1341523,10742.201438,0.8952595502284362,2.39124894e-07,1.92874841e-07,0.192874841
888,3.36955342e-06,9.80528184,10393.598750399999,0.8662068567828265,3.36955342e-06,8.53595015e-08,0.08535950149999999,2.39124894e-07,10.1334573,10741.464738,0.8951981533430342,2.39124894e-07,1.92934986e-07,0.192934986
889,3.36955342e-06,9.80436423,10392.6260838,0.8661257943425191,3.36955342e-06,8.5402682e-08,0.085402682,2.39124894e-07,10.1327686,10740.734716,0.8951373130049388,2.39124894e-07,1.9299528e-07,0.19299528
890,3.36955342e-06,9.80345612,10391.6634872,0.8660455711402135,3.36955342e-06,8.54459112e-08,0.08544591119999999,2.39124894e-07,10.1320861,10740.011266000001,0.8950770203800658,2.39124894e-07,1.93055715e-07,0.19305571500000002
891,3.36955342e-06,9.8025594,10390.712964,0.8659663541401019,3.36955342e-06,8.54891916e-08,0.0854891916,2.39124894e-07,10.131405,10739.2893,0.8950168514323719,2.39124894e-07,1.93116289e-07,0.193116289
892,3.36955342e-06,9.80167452,10389.7749912,0.8658881830955631,3.36955342e-06,8.55325172e-08,0.0855325172,2.39124894e-07,10.1307248,10738.568287999999,0.8949567619914358,2.39124894e-07,1.93176996e-07,0.193176996
893,3.36955342e-06,9.80080076,10388.848805599999,0.8658109944011907,3.36955342e-06,8.55758809e-08,0.0855758809,2.39124894e-07,10.1300486,10737.851516,0.8948970259138694,2.39124894e-07,1.93237832e-07,0.193237832
894,3.36955342e-06,9.79993733,10387.933569800001,0.8657347182677195,3.36955342e-06,8.56192796e-08,0.0856192796,2.39124894e-07,10.1293782,10737.140892,0.8948378022131881,2.39124894e-07,1.93298791e-07,0.193298791
895,3.36955342e-06,9.79908437,10387.029432199999,0.865659367062867,3.36955342e-06,8.56627133e-08,0.0856627133,2.39124894e-07,10.128712,10736.43472,0.8947789495440446,2.39124894e-07,1.93359868e-07,0.193359868
896,3.36955342e-06,9.7982429,10386.137474,0.8655850308942926,3.36955342e-06,8.57061797e-08,0.08570617970000001,2.39124894e-07,10.1280471,10735.729926,0.8947202117179961,2.39124894e-07,1.93421059e-07,0.193421059
897,3.36955342e-06,9.79741231,10385.2570486,0.8655116558740827,3.36955342e-06,8.57496738e-08,0.0857496738,2.39124894e-07,10.1273856,10735.028736,0.8946617742508114,2.39124894e-07,1.9348236e-07,0.19348236
898,3.36955342e-06,9.796592,10384.38752,0.8654391889977315,3.36955342e-06,8.57931935e-08,0.0857931935,2.39124894e-07,10.1267293,10734.333057999998,0.8946037961560065,2.39124894e-07,1.93543765e-07,0.193543765
899,3.36955342e-06,9.79578286,10383.529831599999,0.8653677088885888,3.36955342e-06,8.58367367e-08,0.0858367367,2.39124894e-07,10.126076,10733.64056,0.8945460830837288,2.39124894e-07,1.9360527e-07,0.19360527
900,3.36955342e-06,9.79498523,10382.6843438,0.8652972455825412,3.36955342e-06,8.58802985e-08,0.0858802985,2.39124894e-07,10.1254247,10732.950182,0.8944885466931357,2.39124894e-07,1.93666869e-07,0.19366686900000002
901,3.36955342e-06,9.79419799,10381.8498694,0.8652277001378451,3.36955342e-06,8.59238748e-08,0.08592387480000001,2.39124894e-07,10.124778,10732.264679999998,0.8944314166704169,2.39124894e-07,1.93728559e-07,0.193728559
902,3.36955342e-06,9.79342048,10381.0257088,0.8651590142495446,3.36955342e-06,8.59674658e-08,0.0859674658,2.39124894e-07,10.1241373,10731.585538,0.8943748166927522,2.39124894e-07,1.93790335e-07,0.19379033499999998
903,3.36955342e-06,9.79265448,10380.213748799999,0.8650913451643389,3.36955342e-06,8.60110703e-08,0.0860110703,2.39124894e-07,10.1234979,10730.907774000001,0.8943183315581825,2.39124894e-07,1.93852192e-07,0.19385219199999998
904,3.36955342e-06,9.79189921,10379.4131626,0.8650246239763714,3.36955342e-06,8.60546823e-08,0.08605468229999999,2.39124894e-07,10.1228621,10730.233826000001,0.8942621644506451,2.39124894e-07,1.93914125e-07,0.193914125
905,3.36955342e-06,9.79115467,10378.623950199999,0.8649588506856416,3.36955342e-06,8.60982989e-08,0.0860982989,2.39124894e-07,10.1222302,10729.564012,0.8942063418723926,2.39124894e-07,1.93976131e-07,0.193976131
906,3.36955342e-06,9.79042074,10377.8459844,0.8648940146912488,3.36955342e-06,8.61419175e-08,0.0861419175,2.39124894e-07,10.1216024,10728.898544,0.8941508814915935,2.39124894e-07,1.94038204e-07,0.194038204
907,3.36955342e-06,9.78969729,10377.0791274,0.8648301045088833,3.36955342e-06,8.61855361e-08,0.08618553609999999,2.39124894e-07,10.1209785,10728.23721,0.8940957656400794,2.39124894e-07,1.94100341e-07,0.19410034099999998
908,3.36955342e-06,9.78898435,10376.323411,0.8647671227887703,3.36955342e-06,8.62291526e-08,0.0862291526,2.39124894e-07,10.1203583,10727.579797999999,0.8940409766496819,2.39124894e-07,1.94162536e-07,0.194162536
909,3.36955342e-06,9.78828207,10375.5789942,0.8647050827820364,3.36955342e-06,8.62727641e-08,0.0862727641,2.39124894e-07,10.1197415,10726.92599,0.8939864880181482,2.39124894e-07,1.94224785e-07,0.19422478499999998
910,3.36955342e-06,9.78759051,10374.8459406,0.8646439897891322,3.36955342e-06,8.63163669e-08,0.0863163669,2.39124894e-07,10.1191282,10726.275892,0.8939323085795626,2.39124894e-07,1.94287084e-07,0.194287084
911,3.36955342e-06,9.78690947,10374.1240382,0.8645838261418888,3.36955342e-06,8.63599574e-08,0.08635995739999999,2.39124894e-07,10.1185188,10725.629928,0.8938784736702621,2.39124894e-07,1.94349428e-07,0.19434942800000002
912,3.36955342e-06,9.7862388,10373.413128,0.8645245785891801,3.36955342e-06,8.64035341e-08,0.0864035341,2.39124894e-07,10.1179135,10724.98831,0.8938250009584149,2.39124894e-07,1.94411814e-07,0.194411814
913,3.36955342e-06,9.78557849,10372.713199400001,0.8644662462475978,3.36955342e-06,8.64470952e-08,0.08644709519999999,2.39124894e-07,10.1173121,10724.350826,0.8937718727758527,2.39124894e-07,1.94474236e-07,0.194474236
914,3.36955342e-06,9.7849286,10372.024316,0.8644088344175923,3.36955342e-06,8.64906382e-08,0.0864906382,2.39124894e-07,10.1167144,10723.717263999999,0.8937190714544069,2.39124894e-07,1.94536691e-07,0.194536691
915,3.36955342e-06,9.78428921,10371.346562600002,0.864352350166431,3.36955342e-06,8.65341598e-08,0.0865341598,2.39124894e-07,10.1161203,10723.087518,0.8936665881599937,2.39124894e-07,1.94599174e-07,0.194599174
916,3.36955342e-06,9.78366028,10370.6798968,0.86429678996048,3.36955342e-06,8.65776565e-08,0.08657765649999999,2.39124894e-07,10.1155299,10722.461694,0.8936144317266967,2.39124894e-07,1.94661681e-07,0.194661681
917,3.36955342e-06,9.78304166,10370.0241596,0.8642421405486133,3.36955342e-06,8.66211256e-08,0.0866211256,2.39124894e-07,10.1149435,10721.840110000001,0.8935626286567693,2.39124894e-07,1.94724208e-07,0.194724208
918,3.36955342e-06,9.78243327,10369.3792662,0.8641883948635634,3.36955342e-06,8.66645653e-08,0.0866645653,2.39124894e-07,10.1143612,10721.222871999998,0.893511187784295,2.39124894e-07,1.94786751e-07,0.194786751
919,3.36955342e-06,9.7818351,10368.745206,0.8641355520219218,3.36955342e-06,8.67079734e-08,0.0867079734,2.39124894e-07,10.1137827,10720.609661999999,0.8934600826070216,2.39124894e-07,1.94849305e-07,0.194849305
920,3.36955342e-06,9.78124716,10368.1219896,0.8640836129070971,3.36955342e-06,8.67513478e-08,0.08675134779999999,2.39124894e-07,10.113208,10720.00048,0.8934093131249491,2.39124894e-07,1.94911867e-07,0.19491186700000002
921,3.36955342e-06,9.78066952,10367.5096912,0.8640325837029482,3.36955342e-06,8.67946854e-08,0.0867946854,2.39124894e-07,10.112637,10719.395219999999,0.8933588705039928,2.39124894e-07,1.94974432e-07,0.19497443199999998
922,3.36955342e-06,9.78010209,10366.908215399999,0.8639824564587989,3.36955342e-06,8.68379829e-08,0.0868379829,2.39124894e-07,10.11207,10718.794199999998,0.8933087812464059,2.39124894e-07,1.95036997e-07,0.195036997
923,3.36955342e-06,9.77954478,10366.317466800001,0.8639332232239741,3.36955342e-06,8.68812374e-08,0.0868812374,2.39124894e-07,10.1115069,10718.197314000001,0.8932590365181041,2.39124894e-07,1.95099556e-07,0.195099556
924,3.36955342e-06,9.77899753,10365.7373818,0.8638848786980227,3.36955342e-06,8.69244469e-08,0.08692444690000001,2.39124894e-07,10.1109479,10717.604774,0.8932096539872556,2.39124894e-07,1.95162107e-07,0.195162107
925,3.36955342e-06,9.77846038,10365.168002800001,0.8638374264145787,3.36955342e-06,8.69676095e-08,0.0869676095,2.39124894e-07,10.1103927,10717.016262000001,0.893160607151608,2.39124894e-07,1.95224646e-07,0.195224646
926,3.36955342e-06,9.77793324,10364.609234399999,0.8637908584229659,3.36955342e-06,8.70107224e-08,0.0870107224,2.39124894e-07,10.1098413,10716.431778,0.893111896011161,2.39124894e-07,1.95287167e-07,0.19528716699999998
927,3.36955342e-06,9.77741612,10364.0610872,0.8637451756065933,3.36955342e-06,8.70537838e-08,0.0870537838,2.39124894e-07,10.1092939,10715.851534000001,0.8930635382340834,2.39124894e-07,1.95349668e-07,0.195349668
928,3.36955342e-06,9.77690896,10363.5234976,0.8637003726650099,3.36955342e-06,8.70967912e-08,0.0870967912,2.39124894e-07,10.1087505,10715.275529999999,0.8930155338203747,2.39124894e-07,1.95412145e-07,0.195412145
929,3.36955342e-06,9.7764124,10362.997143999999,0.8636565061363549,3.36955342e-06,8.71397399e-08,0.0871397399,2.39124894e-07,10.1082101,10714.702706,0.8929677944291932,2.39124894e-07,1.95474594e-07,0.195474594
930,3.36955342e-06,9.77592397,10362.479408199999,0.8636133578187478,3.36955342e-06,8.71826267e-08,0.0871826267,2.39124894e-07,10.1076768,10714.137408,0.892920682257992,2.39124894e-07,1.9553701e-07,0.19553700999999998
931,3.36955342e-06,9.77544638,10361.9731628,0.8635711671158717,3.36955342e-06,8.72254573e-08,0.0872254573,2.39124894e-07,10.1071451,10713.573806,0.8928737114321385,2.39124894e-07,1.9559939e-07,0.19559938999999998
932,3.36955342e-06,9.77497915,10361.477899,0.8635298916241214,3.36955342e-06,8.72682258e-08,0.08726822579999999,2.39124894e-07,10.1066163,10713.013278,0.8928269967947277,2.39124894e-07,1.95661731e-07,0.195661731
933,3.36955342e-06,9.77452177,10360.9930762,0.863489486289668,3.36955342e-06,8.73109266e-08,0.0873109266,2.39124894e-07,10.1060919,10712.457413999999,0.8927806708570227,2.39124894e-07,1.95724029e-07,0.19572402900000002
934,3.36955342e-06,9.77407371,10360.5181326,0.8634499042918649,3.36955342e-06,8.73535566e-08,0.0873535566,2.39124894e-07,10.1055726,10711.906956,0.892734795457614,2.39124894e-07,1.9578628e-07,0.19578627999999998
935,3.36955342e-06,9.77363572,10360.053863199999,0.8634112118863436,3.36955342e-06,8.73961142e-08,0.0873961142,2.39124894e-07,10.1050567,10711.360102,0.8926892204170689,2.39124894e-07,1.95848479e-07,0.19584847900000002
936,3.36955342e-06,9.77320587,10359.5982222,0.8633732385752789,3.36955342e-06,8.74385991e-08,0.0874385991,2.39124894e-07,10.1045469,10710.819714000001,0.8926441842556618,2.39124894e-07,1.95910624e-07,0.195910624
937,3.36955342e-06,9.77278688,10359.1540928,0.8633362246457615,3.36955342e-06,8.74810128e-08,0.08748101280000001,2.39124894e-07,10.1040387,10710.281022000001,0.8925992894396025,2.39124894e-07,1.95972712e-07,0.195972712
938,3.36955342e-06,9.77237683,10358.719439800001,0.8633000004833745,3.36955342e-06,8.7523349e-08,0.087523349,2.39124894e-07,10.1035356,10709.747736000001,0.8925548451618389,2.39124894e-07,1.96034737e-07,0.196034737
939,3.36955342e-06,9.77197674,10358.2953444,0.8632646561957766,3.36955342e-06,8.7565607e-08,0.08756560699999999,2.39124894e-07,10.1030361,10709.218266,0.8925107189111074,2.39124894e-07,1.96096698e-07,0.196096698
940,3.36955342e-06,9.77158692,10357.882135200001,0.8632302191686295,3.36955342e-06,8.76077823e-08,0.0876077823,2.39124894e-07,10.1025395,10708.69187,0.8924668488488189,2.39124894e-07,1.9615859e-07,0.19615859
941,3.36955342e-06,9.77120702,10357.479441200001,0.8631966584826378,3.36955342e-06,8.76498692e-08,0.0876498692,2.39124894e-07,10.1020463,10708.169077999999,0.892423279145394,2.39124894e-07,1.9622041e-07,0.19622040999999998
942,3.36955342e-06,9.77083666,10357.0868596,0.8631639405682817,3.36955342e-06,8.76918639e-08,0.0876918639,2.39124894e-07,10.1015575,10707.650950000001,0.8923800981416755,2.39124894e-07,1.96282154e-07,0.19628215400000001
943,3.36955342e-06,9.77047186,10356.700171600001,0.863131713829009,3.36955342e-06,8.77337715e-08,0.0877337715,2.39124894e-07,10.1010785,10707.14321,0.8923377828782114,2.39124894e-07,1.96343819e-07,0.196343819
944,3.36955342e-06,9.77011809,10356.325175400001,0.8631004614892267,3.36955342e-06,8.77756005e-08,0.0877756005,2.39124894e-07,10.1005999,10706.635894000001,0.8922955029510843,2.39124894e-07,1.96405401e-07,0.19640540099999998
945,3.36955342e-06,9.76977476,10355.961245600001,0.8630701314278382,3.36955342e-06,8.78173391e-08,0.0878173391,2.39124894e-07,10.1001231,10706.130486,0.8922533820374732,2.39124894e-07,1.96466897e-07,0.196466897
946,3.36955342e-06,9.76944172,10355.608223199999,0.8630407103937168,3.36955342e-06,8.78589785e-08,0.08785897849999999,2.39124894e-07,10.0996495,10705.62847,0.8922115438145576,2.39124894e-07,1.96528305e-07,0.196528305
947,3.36955342e-06,9.76911757,10355.264624200001,0.8630120747096838,3.36955342e-06,8.79005138e-08,0.0879005138,2.39124894e-07,10.0991817,10705.132602000001,0.8921702179685275,2.39124894e-07,1.9658962e-07,0.19658962
948,3.36955342e-06,9.76880122,10354.9292932,0.8629841280842205,3.36955342e-06,8.79419481e-08,0.0879419481,2.39124894e-07,10.0987202,10704.643412000001,0.8921294486698037,2.39124894e-07,1.96650839e-07,0.196650839
949,3.36955342e-06,9.76849397,10354.6036082,0.8629569853604223,3.36955342e-06,8.79832866e-08,0.0879832866,2.39124894e-07,10.0982615,10704.15719,0.8920889267254384,2.39124894e-07,1.96711958e-07,0.196711958
950,3.36955342e-06,9.76819559,10354.287325399999,0.8629306262198952,3.36955342e-06,8.80245268e-08,0.0880245268,2.39124894e-07,10.097807,10703.67542,0.8920487758126108,2.39124894e-07,1.96772975e-07,0.196772975
951,3.36955342e-06,9.76790814,10353.9826284,0.8629052326447748,3.36955342e-06,8.80656618e-08,0.0880656618,2.39124894e-07,10.0973531,10703.194286,0.8920086779042885,2.39124894e-07,1.96833887e-07,0.19683388699999999
952,3.36955342e-06,9.76762897,10353.6867082,0.8628805705318287,3.36955342e-06,8.8106683e-08,0.08810668299999999,2.39124894e-07,10.0969055,10702.71983,0.8919691365432729,2.39124894e-07,1.9689469e-07,0.19689469
953,3.36955342e-06,9.76735703,10353.3984518,0.8628565471231722,3.36955342e-06,8.8147596e-08,0.08814759600000001,2.39124894e-07,10.0964658,10702.253748000001,0.8919302930749115,2.39124894e-07,1.96955381e-07,0.196955381
954,3.36955342e-06,9.76709583,10353.121579800001,0.8628334724951622,3.36955342e-06,8.81884034e-08,0.08818840339999999,2.39124894e-07,10.0960258,10701.787348,0.8918914231042973,2.39124894e-07,1.97015956e-07,0.197015956
955,3.36955342e-06,9.76684248,10352.8530288,0.8628110913427642,3.36955342e-06,8.82290979e-08,0.08822909790000001,2.39124894e-07,10.0955915,10701.32699,0.8918530566764842,2.39124894e-07,1.97076414e-07,0.197076414
956,3.36955342e-06,9.76659949,10352.595459400001,0.8627896254014926,3.36955342e-06,8.82696781e-08,0.0882696781,2.39124894e-07,10.0951583,10700.867798,0.8918147874235977,2.39124894e-07,1.9713675e-07,0.19713675
957,3.36955342e-06,9.7663641,10352.345946000001,0.8627688308506224,3.36955342e-06,8.83101372e-08,0.0883101372,2.39124894e-07,10.0947321,10700.416025999999,0.8917771365566073,2.39124894e-07,1.97196963e-07,0.19719696299999998
958,3.36955342e-06,9.76613722,10352.1054532,0.8627487880803202,3.36955342e-06,8.83504781e-08,0.0883504781,2.39124894e-07,10.0943105,10699.969130000001,0.8917398920574917,2.39124894e-07,1.97257047e-07,0.197257047
959,3.36955342e-06,9.76591951,10351.8746806,0.862729555395542,3.36955342e-06,8.83907017e-08,0.0883907017,2.39124894e-07,10.0938917,10699.525202,0.8917028949127344,2.39124894e-07,1.97317002e-07,0.197317002
960,3.36955342e-06,9.76571027,10351.6528862,0.8627110709576981,3.36955342e-06,8.84308053e-08,0.0884308053,2.39124894e-07,10.093477,10699.08562,0.8916662599654304,2.39124894e-07,1.97376823e-07,0.197376823
961,3.36955342e-06,9.76550958,10351.4401548,0.862693341834056,3.36955342e-06,8.84707867e-08,0.0884707867,2.39124894e-07,10.0930666,10698.650596,0.8916300048837484,2.39124894e-07,1.97436508e-07,0.197436508
962,3.36955342e-06,9.76531784,10351.236910399999,0.8626764033609523,3.36955342e-06,8.85106421e-08,0.0885106421,2.39124894e-07,10.0926596,10698.219175999999,0.8915940501609303,2.39124894e-07,1.97496055e-07,0.197496055
963,3.36955342e-06,9.76513411,10351.0421566,0.8626601724979958,3.36955342e-06,8.85503689e-08,0.0885503689,2.39124894e-07,10.0922578,10697.793268000001,0.8915585548104924,2.39124894e-07,1.97555459e-07,0.197555459
964,3.36955342e-06,9.76495935,10350.856910999999,0.8626447340523944,3.36955342e-06,8.85899675e-08,0.0885899675,2.39124894e-07,10.091859,10697.37054,0.8915233244825811,2.39124894e-07,1.97614718e-07,0.197614718
965,3.36955342e-06,9.76479252,10350.6800712,0.8626299961496728,3.36955342e-06,8.86294359e-08,0.0886294359,2.39124894e-07,10.0914651,10696.953006000002,0.8914885270247973,2.39124894e-07,1.9767383e-07,0.19767383
966,3.36955342e-06,9.76463413,10350.5121778,0.86261600384366,3.36955342e-06,8.86687742e-08,0.08866877420000001,2.39124894e-07,10.0910751,10696.539606,0.8914540740962983,2.39124894e-07,1.97732792e-07,0.197732792
967,3.36955342e-06,9.76448428,10350.353336799999,0.8626027659684405,3.36955342e-06,8.87079792e-08,0.0887079792,2.39124894e-07,10.0906887,10696.130022,0.8914199391948315,2.39124894e-07,1.977916e-07,0.1977916
968,3.36955342e-06,9.76434307,10350.2036542,0.8625902913580988,3.36955342e-06,8.87470473e-08,0.0887470473,2.39124894e-07,10.0903057,10695.724042,0.8913861046522288,2.39124894e-07,1.97850253e-07,0.197850253
969,3.36955342e-06,9.7642094,10350.061964,0.862578482837708,3.36955342e-06,8.87859774e-08,0.08878597740000001,2.39124894e-07,10.0899283,10695.323998,0.8913527648183429,2.39124894e-07,1.97908747e-07,0.19790874700000002
970,3.36955342e-06,9.76408388,10349.9289128,0.8625673942951818,3.36955342e-06,8.8824771e-08,0.08882477100000001,2.39124894e-07,10.0895548,10694.928088,0.891319769513742,2.39124894e-07,1.97967079e-07,0.19796707900000002
971,3.36955342e-06,9.76396661,10349.8046066,0.8625570345646048,3.36955342e-06,8.88634263e-08,0.0888634263,2.39124894e-07,10.0891851,10694.536206,0.891287109904342,2.39124894e-07,1.98025248e-07,0.19802524800000001
972,3.36955342e-06,9.76385758,10349.6890348,0.8625474027625681,3.36955342e-06,8.890194e-08,0.08890194,2.39124894e-07,10.088819,10694.148140000001,0.8912547683219741,2.39124894e-07,1.98083251e-07,0.198083251
973,3.36955342e-06,9.763757,10349.58242,0.8625385174406492,3.36955342e-06,8.89403083e-08,0.0889403083,2.39124894e-07,10.0884564,10693.763784,0.8912227359325544,2.39124894e-07,1.98141084e-07,0.198141084
974,3.36955342e-06,9.76366423,10349.4840838,0.8625303220607086,3.36955342e-06,8.89785304e-08,0.0889785304,2.39124894e-07,10.0880984,10693.384304,0.891191109911009,2.39124894e-07,1.98198745e-07,0.19819874499999998
975,3.36955342e-06,9.7635787,10349.393422,0.8625227662684661,3.36955342e-06,8.90166085e-08,0.08901660850000001,2.39124894e-07,10.0877455,10693.01023,0.8911599344277598,2.39124894e-07,1.98256233e-07,0.198256233
976,3.36955342e-06,9.76350133,10349.3114098,0.862515931337497,3.36955342e-06,8.90545429e-08,0.0890545429,2.39124894e-07,10.087396,10692.63976,0.8911290593033742,2.39124894e-07,1.98313544e-07,0.198313544
977,3.36955342e-06,9.763432,10349.23792,0.8625098066669,3.36955342e-06,8.90923277e-08,0.0890923277,2.39124894e-07,10.0870501,10692.273106,0.8910985022060209,2.39124894e-07,1.98370675e-07,0.198370675
978,3.36955342e-06,9.76336939,10349.1715534,0.8625042756467634,3.36955342e-06,8.91299628e-08,0.0891299628,2.39124894e-07,10.0867102,10691.912812,0.8910684751537215,2.39124894e-07,1.98427625e-07,0.198427625
979,3.36955342e-06,9.76331577,10349.1147162,0.8624995388107989,3.36955342e-06,8.91674497e-08,0.0891674497,2.39124894e-07,10.086372,10691.554320000001,0.891038598280854,2.39124894e-07,1.9848439e-07,0.19848439
980,3.36955342e-06,9.76327045,10349.066677,0.8624955352038257,3.36955342e-06,8.92047809e-08,0.0892047809,2.39124894e-07,10.0860369,10691.199114,0.8910089952645974,2.39124894e-07,1.9854097e-07,0.19854097
981,3.36955342e-06,9.76323238,10349.0263228,0.8624921720679591,3.36955342e-06,8.92419542e-08,0.0892419542,2.39124894e-07,10.0857068,10690.849208000001,0.8909798339525528,2.39124894e-07,1.9859736e-07,0.19859736
982,3.36955342e-06,9.76320117,10348.9932402,0.8624894149502708,3.36955342e-06,8.92789717e-08,0.0892789717,2.39124894e-07,10.0853822,10690.505132,0.8909511585151405,2.39124894e-07,1.98653559e-07,0.19865355899999998
983,3.36955342e-06,9.76317719,10348.9678214,0.8624872965368723,3.36955342e-06,8.93158349e-08,0.0893158349,2.39124894e-07,10.0850618,10690.165508,0.890922854109266,2.39124894e-07,1.98709565e-07,0.198709565
984,3.36955342e-06,9.76316088,10348.9505328,0.8624858556977343,3.36955342e-06,8.93525426e-08,0.0893525426,2.39124894e-07,10.0847447,10689.829382,0.8908948412281711,2.39124894e-07,1.98765374e-07,0.198765374
985,3.36955342e-06,9.76315237,10348.941512200001,0.8624851039171664,3.36955342e-06,8.93890917e-08,0.08938909169999999,2.39124894e-07,10.084431,10689.496860000001,0.8908671287059401,2.39124894e-07,1.98820986e-07,0.198820986
986,3.36955342e-06,9.76315192,10348.9410352,0.8624850641637872,3.36955342e-06,8.94254785e-08,0.0894254785,2.39124894e-07,10.0841202,10689.167411999999,0.8908396723721516,2.39124894e-07,1.98876397e-07,0.198876397
987,3.36955342e-06,9.76315821,10348.9477026,0.8624856198276855,3.36955342e-06,8.94617005e-08,0.08946170049999999,2.39124894e-07,10.083815,10688.8439,0.8908127107470802,2.39124894e-07,1.98931606e-07,0.198931606
988,3.36955342e-06,9.76317176,10348.9620656,0.8624868168460986,3.36955342e-06,8.94977596e-08,0.08949775959999999,2.39124894e-07,10.083514,10688.52484,0.8907861201535464,2.39124894e-07,1.98986609e-07,0.19898660899999998
989,3.36955342e-06,9.76319232,10348.9838592,0.8624886331338164,3.36955342e-06,8.95336552e-08,0.08953365519999999,2.39124894e-07,10.0832169,10688.209914000001,0.8907598740892977,2.39124894e-07,1.99041406e-07,0.199041406
990,3.36955342e-06,9.76321997,10349.0131682,0.862491075758106,3.36955342e-06,8.95693871e-08,0.0895693871,2.39124894e-07,10.0829237,10687.899122,0.8907339725543338,2.39124894e-07,1.99095993e-07,0.199095993
991,3.36955342e-06,9.76325469,10349.0499714,0.862494142952151,3.36955342e-06,8.96049548e-08,0.08960495480000001,2.39124894e-07,10.0826348,10687.592888,0.8907084508849918,2.39124894e-07,1.99150369e-07,0.199150369
992,3.36955342e-06,9.76329669,10349.094491400001,0.8624978532675278,3.36955342e-06,8.96403564e-08,0.0896403564,2.39124894e-07,10.0823497,10687.290682,0.8906832649108508,2.39124894e-07,1.99204532e-07,0.19920453200000002
993,3.36955342e-06,9.76334587,10349.1466222,0.8625021978701524,3.36955342e-06,8.96755881e-08,0.0896755881,2.39124894e-07,10.0820684,10686.992504000002,0.8906584146319105,2.39124894e-07,1.99258479e-07,0.199258479
994,3.36955342e-06,9.76340235,10349.206490999999,0.8625071873609256,3.36955342e-06,8.97106467e-08,0.08971064670000001,2.39124894e-07,10.0817904,10686.697823999999,0.8906338558777496,2.39124894e-07,1.99312208e-07,0.199312208
995,3.36955342e-06,9.76346562,10349.2735572,0.8625127766860183,3.36955342e-06,8.97455312e-08,0.08974553119999999,2.39124894e-07,10.0815166,10686.407596000001,0.8906096681551267,2.39124894e-07,1.99365718e-07,0.199365718
996,3.36955342e-06,9.7635353,10349.347418,0.8625189322759101,3.36955342e-06,8.97802443e-08,0.08978024429999999,2.39124894e-07,10.0812476,10686.122456,0.8905859044685465,2.39124894e-07,1.99419006e-07,0.19941900599999998
997,3.36955342e-06,9.76361178,10349.4284868,0.8625256885835296,3.36955342e-06,8.98147876e-08,0.0898147876,2.39124894e-07,10.0809826,10685.841556000001,0.8905624941453358,2.39124894e-07,1.99472071e-07,0.199472071
998,3.36955342e-06,9.76369496,10349.516657600001,0.8625330367747926,3.36955342e-06,8.98491586e-08,0.0898491586,2.39124894e-07,10.0807217,10685.565002,0.8905394460195784,2.39124894e-07,1.9952491e-07,0.19952491
999,3.36955342e-06,9.76378542,10349.6125452,0.8625410280873874,3.36955342e-06,8.98833539e-08,0.0898833539,2.39124894e-07,10.0804636,10685.291416,0.8905166452481794,2.39124894e-07,1.99577521e-07,0.199577521
1000,3.36955342e-06,9.76388249,10349.7154394,0.86254960333295,3.36955342e-06,8.99173696e-08,0.08991736959999999,2.39124894e-07,10.0802097,10685.022282,0.8904942155083182,2.39124894e-07,1.99629903e-07,0.199629903
1001,3.36955342e-06,9.76398564,10349.8247784,0.8625587156908338,3.36955342e-06,8.99512073e-08,0.0899512073,2.39124894e-07,10.079961,10684.758660000001,0.8904722451408371,2.39124894e-07,1.99682054e-07,0.199682054
1002,3.36955342e-06,9.76409623,10349.942003799999,0.8625684853045842,3.36955342e-06,8.99848677e-08,0.0899848677,2.39124894e-07,10.0797144,10684.497264,0.8904504602891246,2.39124894e-07,1.99733971e-07,0.199733971
1003,3.36955342e-06,9.7642127,10350.065462,0.8625787743624875,3.36955342e-06,9.00183468e-08,0.09001834680000001,2.39124894e-07,10.0794729,10684.241274,0.890429125975708,2.39124894e-07,1.99785653e-07,0.199785653
1004,3.36955342e-06,9.76433525,10350.195365,0.8625896005327119,3.36955342e-06,9.00516467e-08,0.0900516467,2.39124894e-07,10.0792361,10683.990265999999,0.89040820686425,2.39124894e-07,1.99837098e-07,0.199837098
1005,3.36955342e-06,9.76446431,10350.3321686,0.8626010018018199,3.36955342e-06,9.00847673e-08,0.09008476730000001,2.39124894e-07,10.0790027,10683.742862000001,0.8903875881116563,2.39124894e-07,1.99888305e-07,0.199888305
1006,3.36955342e-06,9.76459998,10350.4759788,0.8626129870038953,3.36955342e-06,9.0117707e-08,0.09011770699999999,2.39124894e-07,10.0787728,10683.499168,0.8903672785520103,2.39124894e-07,1.99939271e-07,0.199939271
1007,3.36955342e-06,9.76474176,10350.6262656,0.8626255119685173,3.36955342e-06,9.01504638e-08,0.0901504638,2.39124894e-07,10.0785474,10683.260244,0.8903473665261546,2.39124894e-07,1.99989994e-07,0.199989994
1008,3.36955342e-06,9.7648905,10350.78393,0.8626386517854018,3.36955342e-06,9.01830364e-08,0.0901830364,2.39124894e-07,10.0783247,10683.024182,0.8903276930205734,2.39124894e-07,2.00040474e-07,0.200040474
1009,3.36955342e-06,9.76504514,10350.9478484,0.8626523128132557,3.36955342e-06,9.02154207e-08,0.09021542069999999,2.39124894e-07,10.0781066,10682.792996,0.8903084258828667,2.39124894e-07,2.00090707e-07,0.200090707
1010,3.36955342e-06,9.76520522,10351.1175332,0.862666454415292,3.36955342e-06,9.02476191e-08,0.09024761910000001,2.39124894e-07,10.0778937,10682.567322,0.89028961811754,2.39124894e-07,2.00140693e-07,0.20014069299999998
1011,3.36955342e-06,9.76537179,10351.2940974,0.8626811693493946,3.36955342e-06,9.02796332e-08,0.0902796332,2.39124894e-07,10.0776834,10682.344404,0.8902710400384033,2.39124894e-07,2.0019043e-07,0.20019043
1012,3.36955342e-06,9.76554444,10351.4771064,0.8626964213958187,3.36955342e-06,9.03114595e-08,0.09031145950000001,2.39124894e-07,10.077477,10682.12562,0.8902528064885517,2.39124894e-07,2.00239916e-07,0.20023991600000002
1013,3.36955342e-06,9.76572284,10351.6662104,0.8627121814020859,3.36955342e-06,9.03430972e-08,0.0903430972,2.39124894e-07,10.0772753,10681.911818,0.8902349881406587,2.39124894e-07,2.00289149e-07,0.200289149
1014,3.36955342e-06,9.76590772,10351.862183199999,0.8627285138570111,3.36955342e-06,9.03745454e-08,0.09037454539999999,2.39124894e-07,10.0770764,10681.700984,0.8902174171471241,2.39124894e-07,2.00338128e-07,0.200338128
1015,3.36955342e-06,9.76609821,10352.0641026,0.8627453419040618,3.36955342e-06,9.04058012e-08,0.09040580120000001,2.39124894e-07,10.076882,10681.49492,0.89020024368738,2.39124894e-07,2.00386852e-07,0.200386852
1016,3.36955342e-06,9.7662943,10352.271958,0.8627626646598294,3.36955342e-06,9.04368656e-08,0.0904368656,2.39124894e-07,10.0766922,10681.293732,0.8901834765955107,2.39124894e-07,2.00435317e-07,0.200435317
1017,3.36955342e-06,9.76649566,10352.4853996,0.862780452971836,3.36955342e-06,9.04677404e-08,0.0904677404,2.39124894e-07,10.0765062,10681.096572,0.8901670451988419,2.39124894e-07,2.00483524e-07,0.200483524
1018,3.36955342e-06,9.76670334,10352.7055404,0.8627987995979659,3.36955342e-06,9.04984275e-08,0.09049842749999999,2.39124894e-07,10.076323,10680.90238,0.8901508611565316,2.39124894e-07,2.00531471e-07,0.200531471
1019,3.36955342e-06,9.76691672,10352.9317232,0.8628176497668968,3.36955342e-06,9.05289209e-08,0.0905289209,2.39124894e-07,10.0761439,10680.712534,0.8901350393116749,2.39124894e-07,2.00579155e-07,0.20057915499999998
1020,3.36955342e-06,9.76713566,10353.163799599999,0.8628369911109111,3.36955342e-06,9.0559219e-08,0.090559219,2.39124894e-07,10.0759692,10680.527352,0.8901196061665241,2.39124894e-07,2.00626576e-07,0.200626576
1021,3.36955342e-06,9.7673603,10353.401918,0.8628568359977264,3.36955342e-06,9.05893202e-08,0.0905893202,2.39124894e-07,10.0757981,10680.345986,0.8901044910484058,2.39124894e-07,2.00673732e-07,0.200673732
1022,3.36955342e-06,9.76759058,10353.6460148,0.8628771791268925,3.36955342e-06,9.06192221e-08,0.09061922210000001,2.39124894e-07,10.0756304,10680.168224,0.8900896762891513,2.39124894e-07,2.00720621e-07,0.200720621
1023,3.36955342e-06,9.76782546,10353.894987599999,0.862897928623933,3.36955342e-06,9.06489268e-08,0.0906489268,2.39124894e-07,10.0754679,10679.995974,0.8900753209022767,2.39124894e-07,2.00767243e-07,0.20076724299999998
1024,3.36955342e-06,9.76806583,10354.1497798,0.8629191631121979,3.36955342e-06,9.06784398e-08,0.09067843980000001,2.39124894e-07,10.0753088,10679.827328,0.8900612658742659,2.39124894e-07,2.00813595e-07,0.200813595
1025,3.36955342e-06,9.76831224,10354.4109744,0.8629409311791503,3.36955342e-06,9.07077568e-08,0.0907077568,2.39124894e-07,10.0751522,10679.661332,0.890047431698361,2.39124894e-07,2.00859677e-07,0.20085967700000001
1026,3.36955342e-06,9.76856384,10354.6776704,0.8629631577350743,3.36955342e-06,9.07368714e-08,0.0907368714,2.39124894e-07,10.0749998,10679.499788000001,0.8900339685539939,2.39124894e-07,2.00905486e-07,0.200905486
1027,3.36955342e-06,9.76882022,10354.9494332,0.8629858065602243,3.36955342e-06,9.07657857e-08,0.0907657857,2.39124894e-07,10.0748524,10679.343544,0.890020947113838,2.39124894e-07,2.00951022e-07,0.200951022
1028,3.36955342e-06,9.76908182,10355.2267292,0.8630089165245712,3.36955342e-06,9.07945017e-08,0.09079450169999999,2.39124894e-07,10.0747085,10679.19101,0.8900082348666304,2.39124894e-07,2.00996284e-07,0.200996284
1029,3.36955342e-06,9.76934838,10355.5092828,0.863032464659496,3.36955342e-06,9.08230187e-08,0.0908230187,2.39124894e-07,10.0745683,10679.042398,0.8899958494805392,2.39124894e-07,2.01041269e-07,0.201041269
1030,3.36955342e-06,9.76962026,10355.7974756,0.863056482767702,3.36955342e-06,9.0851337e-08,0.090851337,2.39124894e-07,10.0744312,10678.897072,0.8899837379510592,2.39124894e-07,2.01085978e-07,0.201085978
1031,3.36955342e-06,9.76989795,10356.091827,0.8630810141362016,3.36955342e-06,9.08794509e-08,0.0908794509,2.39124894e-07,10.0742968,10678.754608000001,0.8899718649418535,2.39124894e-07,2.01130408e-07,0.201130408
1032,3.36955342e-06,9.77017955,10356.390323,0.8631058909173946,3.36955342e-06,9.09073577e-08,0.0909073577,2.39124894e-07,10.074168,10678.61808,0.8899604866413645,2.39124894e-07,2.01174559e-07,0.20117455899999998
1033,3.36955342e-06,9.77046589,10356.6938434,0.8631311864341803,3.36955342e-06,9.09350659e-08,0.0909350659,2.39124894e-07,10.0740432,10678.485792,0.8899494617042448,2.39124894e-07,2.01218429e-07,0.20121842899999998
1034,3.36955342e-06,9.7707572,10357.002632,0.8631569210049521,3.36955342e-06,9.09625744e-08,0.0909625744,2.39124894e-07,10.0739219,10678.357214,0.8899387459600733,2.39124894e-07,2.01262017e-07,0.201262017
1035,3.36955342e-06,9.77105359,10357.3168054,0.8631831043472029,3.36955342e-06,9.09898798e-08,0.09098987979999999,2.39124894e-07,10.0738032,10678.231392,0.8899282599020917,2.39124894e-07,2.01305322e-07,0.20130532199999998
1036,3.36955342e-06,9.77135504,10357.6363424,0.8632097346941157,3.36955342e-06,9.1016979e-08,0.091016979,2.39124894e-07,10.0736874,10678.108644,0.8899180300325528,2.39124894e-07,2.01348344e-07,0.20134834399999998
1037,3.36955342e-06,9.77166089,10357.9605434,0.8632367537407347,3.36955342e-06,9.10438715e-08,0.0910438715,2.39124894e-07,10.0735762,10677.990772,0.8899082065308884,2.39124894e-07,2.01391081e-07,0.201391081
1038,3.36955342e-06,9.77197132,10358.289599200001,0.8632641773884114,3.36955342e-06,9.10705589e-08,0.0910705589,2.39124894e-07,10.0734689,10677.877034,0.8898987275585091,2.39124894e-07,2.01433532e-07,0.201433532
1039,3.36955342e-06,9.77228639,10358.6235734,0.8632920109375964,3.36955342e-06,9.10970404e-08,0.09109704040000001,2.39124894e-07,10.0733649,10677.766794,0.8898895401109094,2.39124894e-07,2.01475697e-07,0.201475697
1040,3.36955342e-06,9.77260594,10358.962296400001,0.863320240253755,3.36955342e-06,9.11233151e-08,0.0911233151,2.39124894e-07,10.0732642,10677.660052000001,0.8898806441880894,2.39124894e-07,2.01517574e-07,0.201517574
1041,3.36955342e-06,9.77292977,10359.305556199999,0.8633488476687184,3.36955342e-06,9.11493837e-08,0.0911493837,2.39124894e-07,10.0731673,10677.557338,0.88987208396047,2.39124894e-07,2.01559162e-07,0.201559162
1042,3.36955342e-06,9.77325806,10359.6535436,0.8633778490838387,3.36955342e-06,9.11752475e-08,0.0911752475,2.39124894e-07,10.0730737,10677.458122,0.8898638152576303,2.39124894e-07,2.01600462e-07,0.20160046199999998
1043,3.36955342e-06,9.77359094,10360.0063964,0.8634072559834253,3.36955342e-06,9.12009053e-08,0.0912009053,2.39124894e-07,10.0729832,10677.362191999999,0.8898558204114015,2.39124894e-07,2.01641471e-07,0.201641471
1044,3.36955342e-06,9.77392827,10360.3639662,0.8634370559997601,3.36955342e-06,9.1226354e-08,0.091226354,2.39124894e-07,10.0728959,10677.269654000002,0.8898481082558686,2.39124894e-07,2.01682191e-07,0.201682191
1045,3.36955342e-06,9.77426986,10360.7260516,0.863467232348083,3.36955342e-06,9.12515922e-08,0.0912515922,2.39124894e-07,10.072812,10677.18072,0.889840696459199,2.39124894e-07,2.01722619e-07,0.20172261900000002
1046,3.36955342e-06,9.77461544,10361.0923664,0.8634977611763667,3.36955342e-06,9.12766208e-08,0.0912766208,2.39124894e-07,10.0727318,10677.095707999999,0.8898336115236462,2.39124894e-07,2.01762755e-07,0.201762755
1047,3.36955342e-06,9.774965,10361.4629,0.8635286416012028,3.36955342e-06,9.13014423e-08,0.09130144230000001,2.39124894e-07,10.072655,10677.014299999999,0.8898268269469571,2.39124894e-07,2.01802599e-07,0.201802599
1048,3.36955342e-06,9.77531871,10361.8378326,0.8635598886405345,3.36955342e-06,9.13260577e-08,0.09132605769999999,2.39124894e-07,10.0725813,10676.936178,0.8898203162268793,2.39124894e-07,2.0184215e-07,0.20184215
1049,3.36955342e-06,9.77567671,10362.217312600002,0.8635915146620797,3.36955342e-06,9.13504654e-08,0.0913504654,2.39124894e-07,10.0725102,10676.860812,0.8898140351929915,2.39124894e-07,2.01881408e-07,0.201881408
1050,3.36955342e-06,9.77603885,10362.601181,0.863623506414712,3.36955342e-06,9.13746625e-08,0.09137466250000001,2.39124894e-07,10.072442,10676.78852,0.8898080103475462,2.39124894e-07,2.01920372e-07,0.201920372
1051,3.36955342e-06,9.77640497,10362.989268199999,0.8636558497638965,3.36955342e-06,9.13986479e-08,0.09139864789999999,2.39124894e-07,10.0723771,10676.719726000001,0.8898022770268808,2.39124894e-07,2.01959043e-07,0.201959043
1052,3.36955342e-06,9.77677479,10363.3812774,0.8636885199741978,3.36955342e-06,9.1422422e-08,0.091422422,2.39124894e-07,10.0723158,10676.654748,0.8897968617332475,2.39124894e-07,2.01997419e-07,0.20199741899999998
1053,3.36955342e-06,9.77714824,10363.777134400001,0.8637215108617567,3.36955342e-06,9.14459876e-08,0.0914459876,2.39124894e-07,10.0722576,10676.593056,0.8897917202962252,2.39124894e-07,2.02035501e-07,0.202035501
1054,3.36955342e-06,9.77752556,10364.177093600001,0.8637548436283752,3.36955342e-06,9.14693473e-08,0.0914693473,2.39124894e-07,10.0722019,10676.534013999999,0.8897867997113087,2.39124894e-07,2.02073288e-07,0.202073288
1055,3.36955342e-06,9.77790682,10364.581229200001,0.8637885244579123,3.36955342e-06,9.14925e-08,0.09149249999999999,2.39124894e-07,10.0721489,10676.477834,0.8897821176466666,2.39124894e-07,2.0211078e-07,0.20211078
1056,3.36955342e-06,9.77829196,10364.9894776,0.8638225480499176,3.36955342e-06,9.15154428e-08,0.0915154428,2.39124894e-07,10.0720985,10676.42441,0.8897776652682144,2.39124894e-07,2.02147977e-07,0.20214797699999998
1057,3.36955342e-06,9.77868072,10365.401563200001,0.8638568914357722,3.36955342e-06,9.15381729e-08,0.0915381729,2.39124894e-07,10.0720512,10676.374272000001,0.8897734867463736,2.39124894e-07,2.0218488e-07,0.20218487999999998
1058,3.36955342e-06,9.77907294,10365.8173164,0.8638915404809409,3.36955342e-06,9.15606909e-08,0.0915606909,2.39124894e-07,10.0720069,10676.327314,0.8897695732470594,2.39124894e-07,2.02221487e-07,0.20222148699999998
1059,3.36955342e-06,9.77946843,10366.236535799999,0.8639264784006639,3.36955342e-06,9.15829996e-08,0.0915829996,2.39124894e-07,10.0719655,10676.28343,0.8897659159361879,2.39124894e-07,2.022578e-07,0.2022578
1060,3.36955342e-06,9.77986841,10366.6605146,0.8639618129707692,3.36955342e-06,9.16050976e-08,0.09160509759999999,2.39124894e-07,10.0719244,10676.239864000001,0.8897622851275693,2.39124894e-07,2.02293818e-07,0.202293818
1061,3.36955342e-06,9.7802708,10367.087048,0.8639973604423042,3.36955342e-06,9.16269821e-08,0.0916269821,2.39124894e-07,10.0718891,10676.202446,0.8897591666958358,2.39124894e-07,2.02329541e-07,0.202329541
1062,3.36955342e-06,9.78067649,10367.517079399999,0.8640331994386189,3.36955342e-06,9.16486661e-08,0.0916486661,2.39124894e-07,10.0718565,10676.16789,0.8897562867843768,2.39124894e-07,2.0236497e-07,0.20236497
1063,3.36955342e-06,9.78108558,10367.9507148,0.8640693387937974,3.36955342e-06,9.16701484e-08,0.0916701484,2.39124894e-07,10.071826,10676.135559999999,0.8897535923886863,2.39124894e-07,2.02400105e-07,0.202400105
1064,3.36955342e-06,9.78149895,10368.388887,0.864105856247781,3.36955342e-06,9.16914209e-08,0.09169142089999999,2.39124894e-07,10.071795,10676.1027,0.8897508538225749,2.39124894e-07,2.02434945e-07,0.202434945
1065,3.36955342e-06,9.78191544,10368.830366400001,0.8641426493251928,3.36955342e-06,9.17124759e-08,0.0917124759,2.39124894e-07,10.0717675,10676.07355,0.8897484244494115,2.39124894e-07,2.02469492e-07,0.202469492
1066,3.36955342e-06,9.78233457,10369.274644199999,0.8641796756224278,3.36955342e-06,9.17333195e-08,0.0917333195,2.39124894e-07,10.0717445,10676.04917,0.8897463926100385,2.39124894e-07,2.02503747e-07,0.202503747
1067,3.36955342e-06,9.78275694,10369.722356400001,0.8642169881439924,3.36955342e-06,9.17539608e-08,0.0917539608,2.39124894e-07,10.0717233,10676.026698,0.8897445197841817,2.39124894e-07,2.02537708e-07,0.202537708
1068,3.36955342e-06,9.78318236,10370.1733016,0.8642545701051256,3.36955342e-06,9.17743985e-08,0.0917743985,2.39124894e-07,10.0717044,10676.006664,0.8897428501422622,2.39124894e-07,2.02571376e-07,0.202571376
1069,3.36955342e-06,9.78361116,10370.6278296,0.864292450658306,3.36955342e-06,9.17946306e-08,0.0917946306,2.39124894e-07,10.0716865,10675.98769,0.8897412688411849,2.39124894e-07,2.02604753e-07,0.202604753
1070,3.36955342e-06,9.78404272,10371.0852832,0.8643305750322111,3.36955342e-06,9.18146543e-08,0.0918146543,2.39124894e-07,10.0716719,10675.972214,0.8897399790648872,2.39124894e-07,2.02637838e-07,0.20263783800000001
1071,3.36955342e-06,9.7844775,10371.54615,0.8643689838636285,3.36955342e-06,9.18344709e-08,0.0918344709,2.39124894e-07,10.071659,10675.95854,0.8897388394680215,2.39124894e-07,2.02670633e-07,0.202670633
1072,3.36955342e-06,9.78491529,10372.0102074,0.8644076586009811,3.36955342e-06,9.18540795e-08,0.09185407949999999,2.39124894e-07,10.0716481,10675.946986,0.8897378765528404,2.39124894e-07,2.02703137e-07,0.202703137
1073,3.36955342e-06,9.78535569,10372.4770314,0.8644465639079322,3.36955342e-06,9.1873483e-08,0.09187348299999999,2.39124894e-07,10.0716404,10675.938823999999,0.8897371963283546,2.39124894e-07,2.02735351e-07,0.202735351
1074,3.36955342e-06,9.78579881,10372.9467386,0.8644857095019743,3.36955342e-06,9.18926857e-08,0.0918926857,2.39124894e-07,10.0716348,10675.932888,0.8897367016196377,2.39124894e-07,2.02767276e-07,0.202767276
1075,3.36955342e-06,9.78624508,10373.4197848,0.8645251333696699,3.36955342e-06,9.19116858e-08,0.0919116858,2.39124894e-07,10.0716295,10675.92727,0.8897362334131735,2.39124894e-07,2.02798913e-07,0.202798913
1076,3.36955342e-06,9.78669388,10373.8955128,0.8645647807396962,3.36955342e-06,9.19304795e-08,0.0919304795,2.39124894e-07,10.0716274,10675.925044000001,0.8897360478974048,2.39124894e-07,2.02830262e-07,0.20283026199999998
1077,3.36955342e-06,9.7871453,10374.374018,0.8646046595627296,3.36955342e-06,9.19490703e-08,0.0919490703,2.39124894e-07,10.0716281,10675.925786,0.8897361097359943,2.39124894e-07,2.02861324e-07,0.20286132399999998
1078,3.36955342e-06,9.7875997,10374.855682,0.8646448016414728,3.36955342e-06,9.19674594e-08,0.09196745939999999,2.39124894e-07,10.0716296,10675.927376,0.8897362422472577,2.39124894e-07,2.02892099e-07,0.202892099
1079,3.36955342e-06,9.7880564,10375.339784,0.8646851469041535,3.36955342e-06,9.19856468e-08,0.0919856468,2.39124894e-07,10.0716342,10675.932252,0.8897366486151324,2.39124894e-07,2.02922589e-07,0.202922589
1080,3.36955342e-06,9.7885157,10375.826642,0.8647257218530242,3.36955342e-06,9.20036362e-08,0.0920036362,2.39124894e-07,10.0716402,10675.938612,0.8897371786601861,2.39124894e-07,2.02952793e-07,0.202952793
1081,3.36955342e-06,9.78897784,10376.3165104,0.864766547689887,3.36955342e-06,9.20214256e-08,0.0920214256,2.39124894e-07,10.0716468,10675.945608,0.8897377617097454,2.39124894e-07,2.02982713e-07,0.202982713
1082,3.36955342e-06,9.78944216,10376.8086896,0.864807566109786,3.36955342e-06,9.20390124e-08,0.09203901240000001,2.39124894e-07,10.071657,10675.95642,0.889738662786337,2.39124894e-07,2.03012351e-07,0.203012351
1083,3.36955342e-06,9.78990882,10377.303349200001,0.8648487912472561,3.36955342e-06,9.20564009e-08,0.0920564009,2.39124894e-07,10.0716696,10675.969776,0.8897397758809499,2.39124894e-07,2.03041705e-07,0.203041705
1084,3.36955342e-06,9.79037811,10377.8007966,0.8648902487211414,3.36955342e-06,9.20735928e-08,0.09207359279999999,2.39124894e-07,10.0716826,10675.983556000001,0.8897409243119,2.39124894e-07,2.03070777e-07,0.20307077699999998
1085,3.36955342e-06,9.79084947,10378.3004382,0.8649318890605702,3.36955342e-06,9.20905878e-08,0.0920905878,2.39124894e-07,10.0716987,10676.000622000001,0.889742346599461,2.39124894e-07,2.03099568e-07,0.203099568
1086,3.36955342e-06,9.79132325,10378.802645,0.8649737431848374,3.36955342e-06,9.21073886e-08,0.09210738859999999,2.39124894e-07,10.0717163,10676.019278,0.8897439013982855,2.39124894e-07,2.03128078e-07,0.20312807800000002
1087,3.36955342e-06,9.79179961,10379.3075866,0.8650158252284778,3.36955342e-06,9.21239928e-08,0.0921239928,2.39124894e-07,10.0717344,10676.038464000001,0.8897455003675314,2.39124894e-07,2.03156308e-07,0.203156308
1088,3.36955342e-06,9.79227789,10379.8145634,0.8650580768865354,3.36955342e-06,9.21403991e-08,0.0921403991,2.39124894e-07,10.0717561,10676.061466,0.8897474173638092,2.39124894e-07,2.0318426e-07,0.20318426
1089,3.36955342e-06,9.79275818,10380.3236708,0.865100506109686,3.36955342e-06,9.21566127e-08,0.0921566127,2.39124894e-07,10.0717799,10676.086694,0.8897495198758562,2.39124894e-07,2.03211933e-07,0.203211933
1090,3.36955342e-06,9.79324056,10380.8349936,0.865143119965197,3.36955342e-06,9.21726359e-08,0.0921726359,2.39124894e-07,10.0718052,10676.113512,0.8897517548991665,2.39124894e-07,2.03239329e-07,0.20323932900000002
1091,3.36955342e-06,9.7937254,10381.348924,0.8651859511391802,3.36955342e-06,9.21884671e-08,0.0921884671,2.39124894e-07,10.0718307,10676.140542,0.8897540075906452,2.39124894e-07,2.03266447e-07,0.203266447
1092,3.36955342e-06,9.79421216,10381.864889600001,0.8652289519275806,3.36955342e-06,9.22041036e-08,0.09220410359999999,2.39124894e-07,10.0718595,10676.17107,0.8897565518069036,2.39124894e-07,2.0329329e-07,0.20329329000000002
1093,3.36955342e-06,9.79470076,10382.3828056,0.8652721152631307,3.36955342e-06,9.2219549e-08,0.09221954900000001,2.39124894e-07,10.0718909,10676.204354,0.8897593257093519,2.39124894e-07,2.03319858e-07,0.20331985800000002
1094,3.36955342e-06,9.79519116,10382.9026296,0.865315437612197,3.36955342e-06,9.22348069e-08,0.0922348069,2.39124894e-07,10.0719243,10676.239758,0.8897622762934849,2.39124894e-07,2.0334615e-07,0.20334614999999998
1095,3.36955342e-06,9.79568381,10383.4248386,0.8653589587281586,3.36955342e-06,9.22498776e-08,0.0922498776,2.39124894e-07,10.0719576,10676.275055999999,0.8897652180435336,2.39124894e-07,2.03372167e-07,0.203372167
1096,3.36955342e-06,9.79617814,10383.9488284,0.8654026282567352,3.36955342e-06,9.22647573e-08,0.0922647573,2.39124894e-07,10.0719939,10676.313534,0.8897684248161095,2.39124894e-07,2.03397912e-07,0.20339791200000001
1097,3.36955342e-06,9.79667433,10384.4747898,0.8654464620992786,3.36955342e-06,9.22794488e-08,0.0922794488,2.39124894e-07,10.0720326,10676.354556,0.8897718436067066,2.39124894e-07,2.03423384e-07,0.20342338399999998
1098,3.36955342e-06,9.79717224,10385.0025744,0.8654904478880705,3.36955342e-06,9.22939555e-08,0.0922939555,2.39124894e-07,10.0720734,10676.397804,0.8897754479130726,2.39124894e-07,2.03448583e-07,0.20344858300000002
1099,3.36955342e-06,9.79767193,10385.5322458,0.8655345909235618,3.36955342e-06,9.23082783e-08,0.09230827829999999,2.39124894e-07,10.0721155,10676.442430000001,0.8897791670625338,2.39124894e-07,2.0347351e-07,0.20347351
1100,3.36955342e-06,9.79817336,10386.0637616,0.8655788876721189,3.36955342e-06,9.23224153e-08,0.0923224153,2.39124894e-07,10.0721592,10676.488752,0.8897830275573424,2.39124894e-07,2.03498166e-07,0.203498166
1101,3.36955342e-06,9.79867642,10386.5970052,0.8656233284162487,3.36955342e-06,9.2336366e-08,0.092336366,2.39124894e-07,10.0722049,10676.537193999999,0.8897870647338356,2.39124894e-07,2.03522552e-07,0.203522552
1102,3.36955342e-06,9.79918108,10387.1319448,0.8656679105057263,3.36955342e-06,9.23501313e-08,0.0923501313,2.39124894e-07,10.072253,10676.58818,0.8897913139283506,2.39124894e-07,2.03546667e-07,0.203546667
1103,3.36955342e-06,9.79968725,10387.668485,0.8657126259898759,3.36955342e-06,9.23637135e-08,0.0923637135,2.39124894e-07,10.0723034,10676.641603999999,0.8897957663068027,2.39124894e-07,2.03570513e-07,0.203570513
1104,3.36955342e-06,9.8001949,10388.206594,0.8657574722184719,3.36955342e-06,9.23771154e-08,0.0923771154,2.39124894e-07,10.072356,10676.697359999998,0.8898004130351079,2.39124894e-07,2.0359409e-07,0.20359409
1105,3.36955342e-06,9.80070407,10388.7463142,0.8658024527251483,3.36955342e-06,9.23903377e-08,0.0923903377,2.39124894e-07,10.0724101,10676.754706000002,0.8898051922746768,2.39124894e-07,2.03617397e-07,0.203617397
1106,3.36955342e-06,9.80121476,10389.287645600001,0.8658475675099051,3.36955342e-06,9.24033796e-08,0.0924033796,2.39124894e-07,10.0724659,10676.813854,0.8898101216936773,2.39124894e-07,2.03640437e-07,0.203640437
1107,3.36955342e-06,9.80172665,10389.830249,0.8658927883036726,3.36955342e-06,9.24162414e-08,0.0924162414,2.39124894e-07,10.0725248,10676.876288,0.8898153249692891,2.39124894e-07,2.03663208e-07,0.203663208
1108,3.36955342e-06,9.80224033,10390.3747498,0.8659381672275477,3.36955342e-06,9.24289233e-08,0.0924289233,2.39124894e-07,10.0725839,10676.938934,0.8898205459130692,2.39124894e-07,2.03685712e-07,0.203685712
1109,3.36955342e-06,9.80275517,10390.920480199999,0.8659836486267999,3.36955342e-06,9.24414207e-08,0.0924414207,2.39124894e-07,10.0726458,10677.004548,0.8898260142112081,2.39124894e-07,2.03707949e-07,0.203707949
1110,3.36955342e-06,9.80327092,10391.4671752,0.8660292104162187,3.36955342e-06,9.24537407e-08,0.09245374070000001,2.39124894e-07,10.0727114,10677.074084,0.8898318093704631,2.39124894e-07,2.03729919e-07,0.203729919
1111,3.36955342e-06,9.80378796,10392.015237599999,0.866074886165324,3.36955342e-06,9.24658895e-08,0.0924658895,2.39124894e-07,10.0727786,10677.145316,0.889837745875066,2.39124894e-07,2.03751623e-07,0.203751623
1112,3.36955342e-06,9.80430643,10392.5648158,0.866120688241834,3.36955342e-06,9.24778642e-08,0.0924778642,2.39124894e-07,10.0728467,10677.217502,0.889843761886427,2.39124894e-07,2.0377306e-07,0.20377305999999998
1113,3.36955342e-06,9.80482609,10393.1156554,0.8661665954439461,3.36955342e-06,9.24896602e-08,0.0924896602,2.39124894e-07,10.0729173,10677.292338000001,0.8898499987498939,2.39124894e-07,2.03794231e-07,0.203794231
1114,3.36955342e-06,9.80534663,10393.667427800001,0.8662125803859996,3.36955342e-06,9.25012794e-08,0.0925012794,2.39124894e-07,10.0729904,10677.369824,0.8898564564654662,2.39124894e-07,2.03815137e-07,0.203815137
1115,3.36955342e-06,9.80586852,10394.2206312,0.86625868458819,3.36955342e-06,9.25127251e-08,0.09251272510000001,2.39124894e-07,10.0730646,10677.448476,0.8898630113559652,2.39124894e-07,2.03835778e-07,0.203835778
1116,3.36955342e-06,9.80639137,10394.7748522,0.8663048735975891,3.36955342e-06,9.25239933e-08,0.0925239933,2.39124894e-07,10.0731416,10677.530096,0.8898698136008228,2.39124894e-07,2.03856154e-07,0.203856154
1117,3.36955342e-06,9.80691499,10395.3298894,0.8663511306294369,3.36955342e-06,9.25350871e-08,0.0925350871,2.39124894e-07,10.0732217,10677.615001999999,0.8898768897022913,2.39124894e-07,2.03876265e-07,0.203876265
1118,3.36955342e-06,9.80743709,10395.8833154,0.8663972533832043,3.36955342e-06,9.25457614e-08,0.0925457614,2.39124894e-07,10.0732546,10677.649876,0.8898797961160032,2.39124894e-07,2.03895529e-07,0.203895529
1119,3.36955342e-06,9.80795989,10396.4374834,0.8664434379755612,3.36955342e-06,9.25562224e-08,0.0925562224,2.39124894e-07,10.073305,10677.7033,0.8898842484944554,2.39124894e-07,2.03914563e-07,0.20391456300000002
1120,3.36955342e-06,9.80848564,10396.994778400001,0.8664898831734033,3.36955342e-06,9.25664919e-08,0.0925664919,2.39124894e-07,10.0733997,10677.803682,0.8898926143722217,2.39124894e-07,2.03933352e-07,0.203933352
1121,3.36955342e-06,9.80901332,10397.5541192,0.8665364988690706,3.36955342e-06,9.25766058e-08,0.0925766058,2.39124894e-07,10.0735224,10677.933744,0.8899034537935725,2.39124894e-07,2.03951877e-07,0.203951877
1122,3.36955342e-06,9.8095453,10398.118018,0.8665834944303599,3.36955342e-06,9.25865715e-08,0.0925865715,2.39124894e-07,10.0735944,10678.010064,0.8899098143342185,2.39124894e-07,2.03969999e-07,0.20396999899999999
1123,3.36955342e-06,9.81007623,10398.6808038,0.8666303972337649,3.36955342e-06,9.25963634e-08,0.0925963634,2.39124894e-07,10.0736524,10678.071544,0.8899149381030722,2.39124894e-07,2.03987877e-07,0.20398787699999998
1124,3.36955342e-06,9.81060422,10399.2404732,0.8666770403150934,3.36955342e-06,9.2605965e-08,0.092605965,2.39124894e-07,10.0737368,10678.161008000001,0.8899223940701627,2.39124894e-07,2.04005516e-07,0.204005516
1125,3.36955342e-06,9.81113073,10399.7985738,0.8667235526519755,3.36955342e-06,9.26153856e-08,0.0926153856,2.39124894e-07,10.0738522,10678.283331999999,0.8899325886033645,2.39124894e-07,2.04022908e-07,0.204022908
1126,3.36955342e-06,9.81165874,10400.3582644,0.8667701975001209,3.36955342e-06,9.26246457e-08,0.0926246457,2.39124894e-07,10.0739752,10678.413712,0.8899434545269681,2.39124894e-07,2.04040042e-07,0.204040042
1127,3.36955342e-06,9.81218957,10400.9209442,0.8668170914694415,3.36955342e-06,9.26337547e-08,0.09263375469999999,2.39124894e-07,10.074085,10678.5301,0.8899531543514533,2.39124894e-07,2.04056919e-07,0.204056919
1128,3.36955342e-06,9.81272199,10401.4853094,0.8668641259007015,3.36955342e-06,9.26427058e-08,0.0926427058,2.39124894e-07,10.0741816,10678.632495999998,0.8899616880768197,2.39124894e-07,2.04073543e-07,0.204073543
1129,3.36955342e-06,9.81325421,10402.0494626,0.8669111426637931,3.36955342e-06,9.26514862e-08,0.09265148620000001,2.39124894e-07,10.0742776,10678.734256,0.8899701687976811,2.39124894e-07,2.04089921e-07,0.204089921
1130,3.36955342e-06,9.81378579,10402.612937400001,0.8669581028887456,3.36955342e-06,9.26600845e-08,0.0926600845,2.39124894e-07,10.0743837,10678.846722,0.8899795417610498,2.39124894e-07,2.04106051e-07,0.20410605099999998
1131,3.36955342e-06,9.81431652,10403.175511200001,0.8670049880239822,3.36955342e-06,9.26685054e-08,0.0926685054,2.39124894e-07,10.0745031,10678.973285999999,0.8899900896576208,2.39124894e-07,2.04121933e-07,0.204121933
1132,3.36955342e-06,9.81484811,10403.7389966,0.8670519491323428,3.36955342e-06,9.26767688e-08,0.09267676879999999,2.39124894e-07,10.0746238,10679.101228,0.890000752397287,2.39124894e-07,2.04137563e-07,0.204137563
1133,3.36955342e-06,9.81538105,10404.303913,0.867099029500841,3.36955342e-06,9.26848756e-08,0.09268487560000001,2.39124894e-07,10.0747392,10679.223552,0.8900109469304891,2.39124894e-07,2.04152943e-07,0.204152943
1134,3.36955342e-06,9.81591461,10404.8694866,0.8671461646406612,3.36955342e-06,9.26928175e-08,0.0926928175,2.39124894e-07,10.074852,10679.34312,0.8900209117775011,2.39124894e-07,2.04168075e-07,0.204168075
1135,3.36955342e-06,9.8164482,10405.435092,0.8671933024307066,3.36955342e-06,9.27005871e-08,0.0927005871,2.39124894e-07,10.0749667,10679.464702,0.8900310444721135,2.39124894e-07,2.04182961e-07,0.204182961
1136,3.36955342e-06,9.81698155,10406.000442999999,0.8672404190189499,3.36955342e-06,9.2708181e-08,0.09270818099999999,2.39124894e-07,10.0750868,10679.592008,0.8900416542072743,2.39124894e-07,2.04197601e-07,0.204197601
1137,3.36955342e-06,9.8175147,10406.565582000001,0.8672875179390249,3.36955342e-06,9.27156045e-08,0.0927156045,2.39124894e-07,10.0752119,10679.724613999999,0.8900527056466465,2.39124894e-07,2.04211994e-07,0.204211994
1138,3.36955342e-06,9.81804807,10407.1309542,0.867334636294085,3.36955342e-06,9.27228662e-08,0.09272286619999999,2.39124894e-07,10.0753385,10679.858810000002,0.8900638895972826,2.39124894e-07,2.04226141e-07,0.204226141
1139,3.36955342e-06,9.8185819,10407.696813999999,0.8673817952859326,3.36955342e-06,9.27299678e-08,0.0927299678,2.39124894e-07,10.075464,10679.99184,0.8900749763729918,2.39124894e-07,2.04240042e-07,0.204240042
1140,3.36955342e-06,9.81911598,10408.262938799999,0.8674289763629908,3.36955342e-06,9.27369052e-08,0.0927369052,2.39124894e-07,10.0755893,10680.124658,0.8900860454805326,2.39124894e-07,2.04253699e-07,0.20425369899999998
1141,3.36955342e-06,9.81965009,10408.8290954,0.8674761600902744,3.36955342e-06,9.27436743e-08,0.0927436743,2.39124894e-07,10.0757165,10680.25949,0.8900972824356738,2.39124894e-07,2.04267112e-07,0.204267112
1142,3.36955342e-06,9.82018409,10409.3951354,0.8675233341000652,3.36955342e-06,9.27502737e-08,0.0927502737,2.39124894e-07,10.0758467,10680.397502,0.8901087844133418,2.39124894e-07,2.04280283e-07,0.204280283
1143,3.36955342e-06,9.82071791,10409.9609846,0.8675704922085045,3.36955342e-06,9.27567063e-08,0.0927567063,2.39124894e-07,10.0759798,10680.538588000001,0.8901205425794527,2.39124894e-07,2.04293211e-07,0.204293211
1144,3.36955342e-06,9.82125165,10410.526749,0.8676176432496763,3.36955342e-06,9.27629768e-08,0.09276297680000001,2.39124894e-07,10.0761144,10680.681263999999,0.8901324332568268,2.39124894e-07,2.04305896e-07,0.204305896
1145,3.36955342e-06,9.82178542,10411.0925452,0.8676647969410733,3.36955342e-06,9.27690874e-08,0.0927690874,2.39124894e-07,10.0762492,10680.824152,0.8901443416023695,2.39124894e-07,2.04318341e-07,0.20431834100000001
1146,3.36955342e-06,9.82231919,10411.6583414,0.8677119506324704,3.36955342e-06,9.27750363e-08,0.0927750363,2.39124894e-07,10.0763847,10680.967782,0.8901563117865019,2.39124894e-07,2.04330545e-07,0.204330545
1147,3.36955342e-06,9.82285286,10412.224031599999,0.8677590954897832,3.36955342e-06,9.2780821e-08,0.092780821,2.39124894e-07,10.0765217,10681.113002,0.8901684144818977,2.39124894e-07,2.0434251e-07,0.20434250999999998
1148,3.36955342e-06,9.82338631,10412.7894886,0.8678062209121109,3.36955342e-06,9.27864407e-08,0.0927864407,2.39124894e-07,10.076661,10681.26066,0.8901807203612307,2.39124894e-07,2.04354236e-07,0.204354236
1149,3.36955342e-06,9.8239193,10413.354458,0.867853305697651,3.36955342e-06,9.27918992e-08,0.0927918992,2.39124894e-07,10.0768028,10681.410968,0.8901932470926696,2.39124894e-07,2.04365725e-07,0.204365725
1150,3.36955342e-06,9.82445227,10413.9194062,0.8679003887163743,3.36955342e-06,9.27972006e-08,0.0927972006,2.39124894e-07,10.0769449,10681.561594,0.8902058003263612,2.39124894e-07,2.04376975e-07,0.204376975
1151,3.36955342e-06,9.82498509,10414.4841954,0.8679474584839711,3.36955342e-06,9.28023426e-08,0.0928023426,2.39124894e-07,10.0770877,10681.712962,0.8902184153986422,2.39124894e-07,2.0438799e-07,0.20438799000000002
1152,3.36955342e-06,9.82551762,10415.048677199999,0.8679945026327237,3.36955342e-06,9.28073242e-08,0.0928073242,2.39124894e-07,10.077232,10681.86592,0.8902311629821869,2.39124894e-07,2.04398769e-07,0.204398769
1153,3.36955342e-06,9.82604975,10415.612734999999,0.8680415114451394,3.36955342e-06,9.28121464e-08,0.0928121464,2.39124894e-07,10.0773781,10682.020786000001,0.8902440695792477,2.39124894e-07,2.04409313e-07,0.204409313
1154,3.36955342e-06,9.8265815,10416.176389999999,0.8680884866880351,3.36955342e-06,9.28168107e-08,0.09281681069999999,2.39124894e-07,10.0775257,10682.177242000002,0.8902571086875719,2.39124894e-07,2.04419624e-07,0.20441962400000002
1155,3.36955342e-06,9.82711287,10416.7396422,0.8681354283614108,3.36955342e-06,9.28213188e-08,0.0928213188,2.39124894e-07,10.0776746,10682.335076,0.890270262638991,2.39124894e-07,2.04429701e-07,0.20442970100000002
1156,3.36955342e-06,9.82764387,10417.302502199998,0.8681823373486746,3.36955342e-06,9.28256722e-08,0.0928256722,2.39124894e-07,10.0778245,10682.49397,0.8902835049312525,2.39124894e-07,2.04439546e-07,0.204439546
1157,3.36955342e-06,9.82817446,10417.8649276,0.8682292101161933,3.36955342e-06,9.28298715e-08,0.09282987150000001,2.39124894e-07,10.0779755,10682.654030000002,0.8902968443984407,2.39124894e-07,2.0444916e-07,0.20444916
1158,3.36955342e-06,9.8287046,10418.426876,0.8682760431303327,3.36955342e-06,9.2833917e-08,0.092833917,2.39124894e-07,10.0781279,10682.815574,0.8903103075428078,2.39124894e-07,2.04458543e-07,0.204458543
1159,3.36955342e-06,9.82923425,10418.988305,0.8683228328574596,3.36955342e-06,9.28378091e-08,0.0928378091,2.39124894e-07,10.0782816,10682.978496,0.8903238855302701,2.39124894e-07,2.04467697e-07,0.20446769699999998
1160,3.36955342e-06,9.82976337,10419.5491722,0.86836957576394,3.36955342e-06,9.28415486e-08,0.0928415486,2.39124894e-07,10.0784363,10683.142478,0.8903375518585747,2.39124894e-07,2.04476622e-07,0.204476622
1161,3.36955342e-06,9.83029191,10420.1094246,0.8684162674327317,3.36955342e-06,9.2845136e-08,0.092845136,2.39124894e-07,10.0785925,10683.30805,0.8903513506981426,2.39124894e-07,2.0448532e-07,0.20448532
1162,3.36955342e-06,9.8308199,10420.669093999999,0.8684629105140603,3.36955342e-06,9.28485742e-08,0.0928485742,2.39124894e-07,10.07875,10683.474999999999,0.8903652643808057,2.39124894e-07,2.0449379e-07,0.20449379
1163,3.36955342e-06,9.83134732,10421.2281592,0.8685095032411089,3.36955342e-06,9.2851865e-08,0.092851865,2.39124894e-07,10.0789085,10683.643010000002,0.8903792664043112,2.39124894e-07,2.04502034e-07,0.204502034
1164,3.36955342e-06,9.83187412,10421.7865672,0.8685560411968352,3.36955342e-06,9.28550091e-08,0.0928550091,2.39124894e-07,10.079068,10683.81208,0.8903933567686587,2.39124894e-07,2.04510053e-07,0.204510053
1165,3.36955342e-06,9.83240027,10422.344286200001,0.8686025217310139,3.36955342e-06,9.28580061e-08,0.0928580061,2.39124894e-07,10.0792287,10683.982422,0.890407553142017,2.39124894e-07,2.04517848e-07,0.204517848
1166,3.36955342e-06,9.83292567,10422.9012102,0.8686489360095608,3.36955342e-06,9.28608559e-08,0.0928608559,2.39124894e-07,10.0793905,10684.15393,0.8904218466903021,2.39124894e-07,2.04525419e-07,0.20452541899999999
1167,3.36955342e-06,9.83345038,10423.4574028,0.8686952893329267,3.36955342e-06,9.2863559e-08,0.09286355900000001,2.39124894e-07,10.0795534,10684.326604,0.8904362374135135,2.39124894e-07,2.04532768e-07,0.204532768
1168,3.36955342e-06,9.83397439,10424.0128534,0.8687415808177028,3.36955342e-06,9.28661184e-08,0.0928661184,2.39124894e-07,10.0797176,10684.500656,0.89045074297982,2.39124894e-07,2.04539896e-07,0.204539896
1169,3.36955342e-06,9.83449765,10424.567508999999,0.8687878060468472,3.36955342e-06,9.28685362e-08,0.09286853619999999,2.39124894e-07,10.0798829,10684.675873999999,0.8904653457210528,2.39124894e-07,2.04546803e-07,0.204546803
1170,3.36955342e-06,9.83502012,10425.121327199999,0.8688339614867263,3.36955342e-06,9.28708131e-08,0.0928708131,2.39124894e-07,10.0800492,10684.852152,0.8904800368031283,2.39124894e-07,2.0455349e-07,0.20455349
1171,3.36955342e-06,9.83554177,10425.674276200001,0.8688800444871149,3.36955342e-06,9.28729494e-08,0.09287294939999999,2.39124894e-07,10.0802165,10685.02949,0.890494816226046,2.39124894e-07,2.04559959e-07,0.204559959
1172,3.36955342e-06,9.83606256,10426.2263136,0.8689260515143787,3.36955342e-06,9.28749453e-08,0.0928749453,2.39124894e-07,10.0803848,10685.207887999999,0.8905096839898058,2.39124894e-07,2.0456621e-07,0.20456621
1173,3.36955342e-06,9.83658249,10426.777439399999,0.8689719825685183,3.36955342e-06,9.28768022e-08,0.09287680220000001,2.39124894e-07,10.0805542,10685.387451999999,0.8905246489284923,2.39124894e-07,2.04572244e-07,0.204572244
1174,3.36955342e-06,9.83710151,10427.3276006,0.8690178332324914,3.36955342e-06,9.28785216e-08,0.0928785216,2.39124894e-07,10.0807246,10685.568076,0.890539702208021,2.39124894e-07,2.04578062e-07,0.204578062
1175,3.36955342e-06,9.83761963,10427.876807800001,0.8690636043897065,3.36955342e-06,9.28801037e-08,0.09288010370000001,2.39124894e-07,10.080896,10685.749759999999,0.890554843828392,2.39124894e-07,2.04583665e-07,0.204583665
1176,3.36955342e-06,9.83813681,10428.4250186,0.8691092925065298,3.36955342e-06,9.28815491e-08,0.0928815491,2.39124894e-07,10.0810684,10685.932504,0.8905700737896055,2.39124894e-07,2.04589054e-07,0.204589054
1177,3.36955342e-06,9.838653,10428.97218,0.8691548931659192,3.36955342e-06,9.28828584e-08,0.0928828584,2.39124894e-07,10.0812418,10686.116308,0.8905853920916612,2.39124894e-07,2.0459423e-07,0.20459423
1178,3.36955342e-06,9.83916807,10429.5181542,0.869200394883565,3.36955342e-06,9.28840357e-08,0.0928840357,2.39124894e-07,10.0814173,10686.302338,0.8906008959094857,2.39124894e-07,2.04599194e-07,0.204599194
1179,3.36955342e-06,9.83968235,10430.063291,0.8692458268119457,3.36955342e-06,9.28850826e-08,0.0928850826,2.39124894e-07,10.0815912,10686.486672,0.8906162583819626,2.39124894e-07,2.04603947e-07,0.20460394699999998
1180,3.36955342e-06,9.84019543,10430.6071558,0.8692911527313155,3.36955342e-06,9.28859937e-08,0.09288599369999999,2.39124894e-07,10.0817676,10686.673655999999,0.890631841706545,2.39124894e-07,2.0460849e-07,0.20460849
1181,3.36955342e-06,9.84070748,10431.149928800001,0.8693363876596178,3.36955342e-06,9.28867747e-08,0.0928867747,2.39124894e-07,10.0819449,10686.861594,0.8906475045378858,2.39124894e-07,2.04612823e-07,0.204612823
1182,3.36955342e-06,9.84121849,10431.6915994,0.8693815307134439,3.36955342e-06,9.2887426e-08,0.092887426,2.39124894e-07,10.082123,10687.050379999999,0.8906632380419002,2.39124894e-07,2.04616948e-07,0.20461694800000002
1183,3.36955342e-06,9.8417284,10432.232103999999,0.8694265765923436,3.36955342e-06,9.28879472e-08,0.0928879472,2.39124894e-07,10.082302,10687.24012,0.8906790510526729,2.39124894e-07,2.04620866e-07,0.204620866
1184,3.36955342e-06,9.84223713,10432.771357799998,0.8694715182290493,3.36955342e-06,9.28883383e-08,0.0928883383,2.39124894e-07,10.0824819,10687.430814,0.8906949435702034,2.39124894e-07,2.04624577e-07,0.204624577
1185,3.36955342e-06,9.84274465,10433.309329,0.8695163529733361,3.36955342e-06,9.28886004e-08,0.09288860040000001,2.39124894e-07,10.0826627,10687.622462,0.8907109155944922,2.39124894e-07,2.04628083e-07,0.20462808300000002
1186,3.36955342e-06,9.84325094,10433.845996400001,0.8695610790583868,3.36955342e-06,9.28887355e-08,0.0928887355,2.39124894e-07,10.0828444,10687.815064,0.8907269671255391,2.39124894e-07,2.04631385e-07,0.204631385
1187,3.36955342e-06,9.84375603,10434.3813918,0.8696056991344264,3.36955342e-06,9.28887456e-08,0.0928887456,2.39124894e-07,10.083027,10688.008619999999,0.8907430981633438,2.39124894e-07,2.04634483e-07,0.204634483
1188,3.36955342e-06,9.84425987,10434.9154622,0.8696502087844135,3.36955342e-06,9.28886317e-08,0.0928886317,2.39124894e-07,10.0832104,10688.203024,0.8907592998738226,2.39124894e-07,2.04637378e-07,0.204637378
1189,3.36955342e-06,9.84476245,10435.448197,0.869694607124939,3.36955342e-06,9.28883948e-08,0.09288839480000001,2.39124894e-07,10.0833946,10688.398276,0.8907755722569752,2.39124894e-07,2.04640073e-07,0.204640073
1190,3.36955342e-06,9.84526377,10435.9795962,0.8697388941560034,3.36955342e-06,9.28880351e-08,0.09288803509999999,2.39124894e-07,10.0835796,10688.594376000001,0.8907919153128017,2.39124894e-07,2.04642566e-07,0.204642566
1191,3.36955342e-06,9.84576378,10436.5096068,0.8697830654605642,3.36955342e-06,9.28875531e-08,0.0928875531,2.39124894e-07,10.0837655,10688.79143,0.890808337875386,2.39124894e-07,2.04644861e-07,0.20464486099999998
1192,3.36955342e-06,9.84626247,10437.0382182,0.8698271201552131,3.36955342e-06,9.2886949e-08,0.09288694900000001,2.39124894e-07,10.0839522,10688.989332000001,0.8908248311106445,2.39124894e-07,2.04646957e-07,0.204646957
1193,3.36955342e-06,9.84675977,10437.5653562,0.8698710520560915,3.36955342e-06,9.28862237e-08,0.09288622369999999,2.39124894e-07,10.0841396,10689.187976000001,0.8908413861844925,2.39124894e-07,2.04648855e-07,0.204648855
1194,3.36955342e-06,9.84725567,10438.0910102,0.8699148602797905,3.36955342e-06,9.28853782e-08,0.0928853782,2.39124894e-07,10.0843279,10689.387574,0.8908580207650985,2.39124894e-07,2.04650557e-07,0.204650557
1195,3.36955342e-06,9.84775017,10438.615180199999,0.8699585448263102,3.36955342e-06,9.28844132e-08,0.0928844132,2.39124894e-07,10.0845168,10689.587808,0.8908747083502098,2.39124894e-07,2.04652063e-07,0.204652063
1196,3.36955342e-06,9.84824325,10439.137845,0.8700021039288339,3.36955342e-06,9.28833297e-08,0.0928833297,2.39124894e-07,10.0847065,10689.78889,0.890891466607995,2.39124894e-07,2.04653375e-07,0.204653375
1197,3.36955342e-06,9.84873489,10439.658983399999,0.8700455358205447,3.36955342e-06,9.28821287e-08,0.09288212870000001,2.39124894e-07,10.0848969,10689.990714,0.8909082867043698,2.39124894e-07,2.04654494e-07,0.204654494
1198,3.36955342e-06,9.84922507,10440.1785742,0.8700888387346257,3.36955342e-06,9.28808109e-08,0.0928808109,2.39124894e-07,10.0850881,10690.193386,0.8909251774734187,2.39124894e-07,2.0465542e-07,0.20465541999999998
1199,3.36955342e-06,9.84971377,10440.6965962,0.8701320109042602,3.36955342e-06,9.28793768e-08,0.0928793768,2.39124894e-07,10.0852799,10690.396694,0.8909421212469726,2.39124894e-07,2.04656155e-07,0.204656155
1200,3.36955342e-06,9.85020097,10441.2130282,0.8701750505626312,3.36955342e-06,9.28778266e-08,0.09287782659999999,2.39124894e-07,10.0854725,10690.60085,0.8909591356932007,2.39124894e-07,2.04656699e-07,0.204656699
1201,3.36955342e-06,9.85068662,10441.727817199999,0.8702179532926965,3.36955342e-06,9.28761606e-08,0.0928761606,2.39124894e-07,10.0856657,10690.805642,0.8909762031439339,2.39124894e-07,2.04657054e-07,0.20465705399999998
1202,3.36955342e-06,9.85117069,10442.2409314,0.8702607164442311,3.36955342e-06,9.28743806e-08,0.0928743806,2.39124894e-07,10.0858595,10691.01107,0.8909933235991727,2.39124894e-07,2.04657221e-07,0.204657221
1203,3.36955342e-06,9.8516532,10442.752391999999,0.8703033417840516,3.36955342e-06,9.2872488e-08,0.092872488,2.39124894e-07,10.0860541,10691.217346,0.8910105147270851,2.39124894e-07,2.046572e-07,0.20465719999999998
1204,3.36955342e-06,9.85213415,10443.262198999999,0.8703458293121581,3.36955342e-06,9.28704824e-08,0.09287048240000001,2.39124894e-07,10.0862494,10691.424364,0.8910277676935874,2.39124894e-07,2.04656993e-07,0.204656993
1205,3.36955342e-06,9.85261348,10443.7702888,0.8703881737281003,3.36955342e-06,9.28683636e-08,0.0928683636,2.39124894e-07,10.0864452,10691.631912,0.8910450648305107,2.39124894e-07,2.04656601e-07,0.20465660100000002
1206,3.36955342e-06,9.85309116,10444.276629599999,0.8704303723816524,3.36955342e-06,9.28661315e-08,0.0928661315,2.39124894e-07,10.0866415,10691.83999,0.8910624061378551,2.39124894e-07,2.04656025e-07,0.204656025
1207,3.36955342e-06,9.85356718,10444.7812108,0.8704724243894064,3.36955342e-06,9.28637871e-08,0.0928637871,2.39124894e-07,10.0868384,10692.048703999999,0.8910798004497048,2.39124894e-07,2.04655265e-07,0.204655265
1208,3.36955342e-06,9.85404152,10445.284011200001,0.8705143279845455,3.36955342e-06,9.28613318e-08,0.0928613318,2.39124894e-07,10.0870359,10692.258054,0.8910972477660601,2.39124894e-07,2.04654324e-07,0.204654324
1209,3.36955342e-06,9.85451418,10445.785030800002,0.8705560831670693,3.36955342e-06,9.28587674e-08,0.0928587674,2.39124894e-07,10.0872341,10692.468146,0.891114756921005,2.39124894e-07,2.04653201e-07,0.20465320099999998
1210,3.36955342e-06,9.85498511,10446.2842166,0.8705976855199358,3.36955342e-06,9.28560952e-08,0.0928560952,2.39124894e-07,10.0874328,10692.678768,0.891132310246371,2.39124894e-07,2.04651899e-07,0.204651899
1211,3.36955342e-06,9.85545433,10446.7815898,0.8706391368099623,3.36955342e-06,9.28533145e-08,0.09285331449999999,2.39124894e-07,10.0876321,10692.890026000001,0.8911499165762424,2.39124894e-07,2.04650417e-07,0.204650417
1212,3.36955342e-06,9.85592183,10447.2771398,0.8706804361537398,3.36955342e-06,9.28504249e-08,0.0928504249,2.39124894e-07,10.0878318,10693.101708,0.8911675582424506,2.39124894e-07,2.04648758e-07,0.204648758
1213,3.36955342e-06,9.85638753,10447.7707818,0.8707215764840012,3.36955342e-06,9.28474264e-08,0.0928474264,2.39124894e-07,10.0880321,10693.314026,0.8911852529131643,2.39124894e-07,2.04646922e-07,0.204646922
1214,3.36955342e-06,9.85685149,10448.2625794,0.8707625631011969,3.36955342e-06,9.28443203e-08,0.0928443203,2.39124894e-07,10.0882328,10693.526768,0.8912029829202149,2.39124894e-07,2.0464491e-07,0.20464491
1215,3.36955342e-06,9.85731363,10448.7524478,0.8708033889380598,3.36955342e-06,9.28411086e-08,0.0928411086,2.39124894e-07,10.0884341,10693.740146,0.8912207659317709,2.39124894e-07,2.04642724e-07,0.204642724
1216,3.36955342e-06,9.85777392,10449.2403552,0.8708440513443643,3.36955342e-06,9.28377918e-08,0.0928377918,2.39124894e-07,10.0886358,10693.953948,0.8912385842796638,2.39124894e-07,2.04640364e-07,0.20464036400000002
1217,3.36955342e-06,9.85823237,10449.7263122,0.870884551203519,3.36955342e-06,9.28343698e-08,0.0928343698,2.39124894e-07,10.0888379,10694.168174,0.8912564379638936,2.39124894e-07,2.04637832e-07,0.20463783200000002
1218,3.36955342e-06,9.85868897,10450.2103082,0.8709248876321154,3.36955342e-06,9.28308426e-08,0.0928308426,2.39124894e-07,10.0890405,10694.38293,0.8912743358185445,2.39124894e-07,2.04635128e-07,0.204635128
1219,3.36955342e-06,9.85914372,10450.6923432,0.8709650606301537,3.36955342e-06,9.28272111e-08,0.0928272111,2.39124894e-07,10.0892435,10694.59811,0.8912922690095326,2.39124894e-07,2.04632254e-07,0.20463225399999999
1220,3.36955342e-06,9.85959659,10451.172385400001,0.8710050675474084,3.36955342e-06,9.28234764e-08,0.0928234764,2.39124894e-07,10.089447,10694.81382,0.8913102463709415,2.39124894e-07,2.04629211e-07,0.204629211
1221,3.36955342e-06,9.86004758,10451.6504348,0.8710449083838793,3.36955342e-06,9.28196395e-08,0.0928196395,2.39124894e-07,10.0896508,10695.029848,0.8913282502346033,2.39124894e-07,2.04626001e-07,0.204626001
1222,3.36955342e-06,9.86049663,10452.1264278,0.8710845778391163,3.36955342e-06,9.28157009e-08,0.09281570089999999,2.39124894e-07,10.089855,10695.2463,0.891346289434602,2.39124894e-07,2.04622623e-07,0.204622623
1223,3.36955342e-06,9.86094363,10452.6002478,0.8711240661956265,3.36955342e-06,9.28116603e-08,0.09281166029999999,2.39124894e-07,10.0900601,10695.463706,0.8913644081413588,2.39124894e-07,2.04619079e-07,0.204619079
1224,3.36955342e-06,9.86138862,10453.0719372,0.8711633769870439,3.36955342e-06,9.28075075e-08,0.09280750750000001,2.39124894e-07,10.0902635,10695.679310000001,0.8913823766686837,2.39124894e-07,2.04615341e-07,0.204615341
1225,3.36955342e-06,9.86183169,10453.5415914,0.871202518164044,3.36955342e-06,9.2803233e-08,0.092803233,2.39124894e-07,10.0904673,10695.895338,0.8914003805323453,2.39124894e-07,2.04611435e-07,0.204611435
1226,3.36955342e-06,9.86227333,10454.0097298,0.8712415330136395,3.36955342e-06,9.27988576e-08,0.0927988576,2.39124894e-07,10.090674,10696.11444,0.8914186405844496,2.39124894e-07,2.04607396e-07,0.204607396
1227,3.36955342e-06,9.8627123,10454.475038,0.8712803119931861,3.36955342e-06,9.27943996e-08,0.09279439960000001,2.39124894e-07,10.0908806,10696.333436,0.89143689180247,2.39124894e-07,2.04603167e-07,0.204603167
1228,3.36955342e-06,9.86314933,10454.9382898,0.8713189195914987,3.36955342e-06,9.27898408e-08,0.0927898408,2.39124894e-07,10.0910859,10696.551054,0.8914550281773951,2.39124894e-07,2.04598777e-07,0.204598777
1229,3.36955342e-06,9.86358443,10455.3994958,0.8713573566919856,3.36955342e-06,9.27851735e-08,0.0927851735,2.39124894e-07,10.0912915,10696.76899,0.891473191054573,2.39124894e-07,2.04594227e-07,0.204594227
1230,3.36955342e-06,9.86401747,10455.8585182,0.8713956118103373,3.36955342e-06,9.27804031e-08,0.0927804031,2.39124894e-07,10.0914984,10696.988304,0.891491468774846,2.39124894e-07,2.04589516e-07,0.204589516
1231,3.36955342e-06,9.86444864,10456.315558400001,0.871433701731314,3.36955342e-06,9.277554e-08,0.09277553999999999,2.39124894e-07,10.0917056,10697.207935999999,0.8915097729973713,2.39124894e-07,2.04584647e-07,0.20458464699999998
1232,3.36955342e-06,9.86487788,10456.7705528,0.8714716211544649,3.36955342e-06,9.27705902e-08,0.0927705902,2.39124894e-07,10.0919123,10697.427038,0.8915280330494759,2.39124894e-07,2.04579622e-07,0.204579622
1233,3.36955342e-06,9.86530475,10457.223034999999,0.8715093312098194,3.36955342e-06,9.27655502e-08,0.09276555019999999,2.39124894e-07,10.0921201,10697.647306,0.891546390276507,2.39124894e-07,2.04574444e-07,0.20457444400000002
1234,3.36955342e-06,9.86572954,10457.6733124,0.8715468575162223,3.36955342e-06,9.27604134e-08,0.0927604134,2.39124894e-07,10.0923278,10697.867468,0.8915647386694536,2.39124894e-07,2.04569111e-07,0.204569111
1235,3.36955342e-06,9.86615215,10458.121278999999,0.8715841912395886,3.36955342e-06,9.27551793e-08,0.0927551793,2.39124894e-07,10.0925355,10698.08763,0.8915830870624003,2.39124894e-07,2.04563625e-07,0.204563625
1236,3.36955342e-06,9.86657261,10458.566966600001,0.8716213350301444,3.36955342e-06,9.27498531e-08,0.0927498531,2.39124894e-07,10.092743,10698.30758,0.8916014177871786,2.39124894e-07,2.04557986e-07,0.204557986
1237,3.36955342e-06,9.86699108,10459.0105448,0.8716583030224235,3.36955342e-06,9.27444393e-08,0.09274443930000001,2.39124894e-07,10.0929507,10698.527742,0.8916197661801254,2.39124894e-07,2.04552198e-07,0.204552198
1238,3.36955342e-06,9.86740749,10459.4519394,0.8716950890325678,3.36955342e-06,9.27389382e-08,0.0927389382,2.39124894e-07,10.0931587,10698.748222,0.8916381410753248,2.39124894e-07,2.04546261e-07,0.204546261
1239,3.36955342e-06,9.86782175,10459.891054999998,0.8717316851099008,3.36955342e-06,9.27333472e-08,0.09273334720000001,2.39124894e-07,10.0933671,10698.969126,0.8916565513068612,2.39124894e-07,2.04540176e-07,0.20454017600000002
1240,3.36955342e-06,9.86823366,10460.3276796,0.8717680735862547,3.36955342e-06,9.27276654e-08,0.0927276654,2.39124894e-07,10.0935759,10699.190454,0.8916749968747344,2.39124894e-07,2.04533944e-07,0.204533944
1241,3.36955342e-06,9.86864327,10460.7618662,0.8718042588786714,3.36955342e-06,9.27218943e-08,0.0927218943,2.39124894e-07,10.0937845,10699.41157,0.8916934247744392,2.39124894e-07,2.04527565e-07,0.204527565
1242,3.36955342e-06,9.86905072,10461.1937632,0.8718402533548686,3.36955342e-06,9.27160368e-08,0.09271603680000001,2.39124894e-07,10.0939928,10699.632368,0.8917118261718914,2.39124894e-07,2.04521042e-07,0.20452104200000001
1243,3.36955342e-06,9.86945609,10461.6234554,0.8718760640821137,3.36955342e-06,9.27100951e-08,0.0927100951,2.39124894e-07,10.0942009,10699.852954,0.8917302099011749,2.39124894e-07,2.04514376e-07,0.204514376
1244,3.36955342e-06,9.8698593,10462.050858,0.8719116839931395,3.36955342e-06,9.27040693e-08,0.09270406930000001,2.39124894e-07,10.0944093,10700.073858,0.8917486201327113,2.39124894e-07,2.04507569e-07,0.204507569
1245,3.36955342e-06,9.87026023,10462.475843799999,0.8719471024870447,3.36955342e-06,9.26979584e-08,0.0926979584,2.39124894e-07,10.0946181,10700.295186,0.8917670657005845,2.39124894e-07,2.04500621e-07,0.204500621
1246,3.36955342e-06,9.87065887,10462.8984022,0.8719823186804212,3.36955342e-06,9.26917627e-08,0.0926917627,2.39124894e-07,10.094827,10700.51662,0.8917855201025421,2.39124894e-07,2.04493533e-07,0.204493533
1247,3.36955342e-06,9.87105492,10463.3182152,0.8720173060710161,3.36955342e-06,9.26853456e-08,0.09268534560000001,2.39124894e-07,10.0949993,10700.699257999999,0.8918007412296711,2.39124894e-07,2.04486098e-07,0.204486098
1248,3.36955342e-06,9.87144838,10463.7352828,0.8720520646588293,3.36955342e-06,9.26788394e-08,0.0926788394,2.39124894e-07,10.0951802,10700.891012,0.8918167220880442,2.39124894e-07,2.04478555e-07,0.20447855499999998
1249,3.36955342e-06,9.87184012,10464.1505272,0.8720866713003939,3.36955342e-06,9.26723818e-08,0.09267238180000001,2.39124894e-07,10.09543,10701.1558,0.891838789630452,2.39124894e-07,2.04471099e-07,0.204471099
1250,3.36955342e-06,9.87222982,10464.563609199999,0.87212109772664,3.36955342e-06,9.26657129e-08,0.0926657129,2.39124894e-07,10.0956511,10701.390166,0.8918583217906855,2.39124894e-07,2.04463254e-07,0.20446325399999998
1251,3.36955342e-06,9.87261733,10464.9743698,0.8721553306864417,3.36955342e-06,9.26589705e-08,0.09265897049999999,2.39124894e-07,10.09584,10701.590400000001,0.891875009375797,2.39124894e-07,2.04455273e-07,0.204455273
1252,3.36955342e-06,9.87300198,10465.382098799999,0.8721893109914343,3.36955342e-06,9.26521506e-08,0.0926521506,2.39124894e-07,10.0960266,10701.788196,0.8918914937769711,2.39124894e-07,2.04447177e-07,0.204447177
1253,3.36955342e-06,9.87338397,10465.7870082,0.8722230563097865,3.36955342e-06,9.26452479e-08,0.09264524789999999,2.39124894e-07,10.0962319,10702.005814,0.8919096301518963,2.39124894e-07,2.04438962e-07,0.204438962
1254,3.36955342e-06,9.87376352,10466.189331200001,0.8722565860764833,3.36955342e-06,9.26382639e-08,0.09263826389999999,2.39124894e-07,10.0964541,10702.241346,0.8919292594870565,2.39124894e-07,2.04430613e-07,0.204430613
1255,3.36955342e-06,9.8741413,10466.589778,0.8722899594798891,3.36955342e-06,9.2631205e-08,0.09263120500000001,2.39124894e-07,10.0966738,10702.474228,0.8919486679701107,2.39124894e-07,2.04422121e-07,0.20442212099999998
1256,3.36955342e-06,9.87451697,10466.9879882,0.8723231464841179,3.36955342e-06,9.26240784e-08,0.09262407839999999,2.39124894e-07,10.0968816,10702.694496,0.8919670251971418,2.39124894e-07,2.04413494e-07,0.204413494
1257,3.36955342e-06,9.87489028,10467.383696800001,0.8723561250039589,3.36955342e-06,9.26168846e-08,0.0926168846,2.39124894e-07,10.097081,10702.905859999999,0.8919846403610973,2.39124894e-07,2.04404742e-07,0.204404742
1258,3.36955342e-06,9.87526061,10467.7762466,0.8723888402680895,3.36955342e-06,9.26096176e-08,0.0926096176,2.39124894e-07,10.0972843,10703.121358,0.892002600054338,2.39124894e-07,2.04395871e-07,0.204395871
1259,3.36955342e-06,9.87562844,10468.166146399999,0.8724213346801144,3.36955342e-06,9.2602274e-08,0.092602274,2.39124894e-07,10.0974937,10703.343321999999,0.8920210986267165,2.39124894e-07,2.04386877e-07,0.204386877
1260,3.36955342e-06,9.87599405,10468.553693,0.8724536329754696,3.36955342e-06,9.25948555e-08,0.09259485549999999,2.39124894e-07,10.0977057,10703.568042,0.8920398268852854,2.39124894e-07,2.04377755e-07,0.204377755
1261,3.36955342e-06,9.87635742,10468.9388652,0.8724857333873379,3.36955342e-06,9.25873682e-08,0.09258736819999999,2.39124894e-07,10.0979155,10703.79043,0.8920583607940008,2.39124894e-07,2.04368508e-07,0.204368508
1262,3.36955342e-06,9.87671855,10469.321662999999,0.8725176359157194,3.36955342e-06,9.25798162e-08,0.0925798162,2.39124894e-07,10.0981212,10704.008472,0.892076532505263,2.39124894e-07,2.04359139e-07,0.20435913900000002
1263,3.36955342e-06,9.87707707,10469.701694200001,0.8725493078745028,3.36955342e-06,9.25721997e-08,0.0925721997,2.39124894e-07,10.0983257,10704.225242,0.8920945982075144,2.39124894e-07,2.04349652e-07,0.20434965200000002
1264,3.36955342e-06,9.87743282,10470.078789199999,0.8725807351291526,3.36955342e-06,9.25645159e-08,0.0925645159,2.39124894e-07,10.0985322,10704.444131999999,0.8921128405914502,2.39124894e-07,2.04340048e-07,0.204340048
1265,3.36955342e-06,9.87778629,10470.453467399999,0.8726119609666821,3.36955342e-06,9.25567635e-08,0.0925567635,2.39124894e-07,10.0987393,10704.663658,0.8921311359798916,2.39124894e-07,2.04330326e-07,0.204330326
1266,3.36955342e-06,9.8781373,10470.825538000001,0.8726429694857397,3.36955342e-06,9.25489434e-08,0.0925489434,2.39124894e-07,10.0989467,10704.883502,0.8921494578705857,2.39124894e-07,2.04320487e-07,0.20432048700000002
1267,3.36955342e-06,9.87848617,10471.1953402,0.8726737889553946,3.36955342e-06,9.25410588e-08,0.09254105879999999,2.39124894e-07,10.0991524,10705.101544,0.8921676295818478,2.39124894e-07,2.04310532e-07,0.20431053200000002
1268,3.36955342e-06,9.87883247,10471.562418200001,0.8727043813890849,3.36955342e-06,9.25331121e-08,0.09253311210000001,2.39124894e-07,10.0993573,10705.318738,0.892185730620436,2.39124894e-07,2.04300466e-07,0.204300466
1269,3.36955342e-06,9.87917595,10471.926507,0.8727347247015996,3.36955342e-06,9.25251037e-08,0.0925251037,2.39124894e-07,10.0995628,10705.536568,0.8922038846635297,2.39124894e-07,2.04290287e-07,0.204290287
1270,3.36955342e-06,9.87951703,10472.2880518,0.8727648559960931,3.36955342e-06,9.25170337e-08,0.0925170337,2.39124894e-07,10.0997678,10705.753868,0.8922219945362022,2.39124894e-07,2.04279998e-07,0.204279998
1271,3.36955342e-06,9.87985567,10472.6470102,0.8727947717389312,3.36955342e-06,9.25089019e-08,0.09250890190000001,2.39124894e-07,10.0999725,10705.97085,0.8922400779066221,2.39124894e-07,2.04269599e-07,0.204269599
1272,3.36955342e-06,9.88019185,10473.003361,0.8728244701632972,3.36955342e-06,9.25007091e-08,0.0925007091,2.39124894e-07,10.1001768,10706.187408,0.892258125940705,2.39124894e-07,2.04259092e-07,0.204259092
1273,3.36955342e-06,9.88052573,10473.3572738,0.8728539654037261,3.36955342e-06,9.24924565e-08,0.0924924565,2.39124894e-07,10.1003802,10706.403012,0.8922760944680299,2.39124894e-07,2.04248479e-07,0.204248479
1274,3.36955342e-06,9.88085687,10473.708282200001,0.872883218590247,3.36955342e-06,9.24841455e-08,0.09248414549999999,2.39124894e-07,10.1005839,10706.618934,0.8922940894976074,2.39124894e-07,2.0423776e-07,0.20423776000000002
1275,3.36955342e-06,9.88118544,10474.056566399999,0.8729122447408029,3.36955342e-06,9.24757771e-08,0.09247577709999999,2.39124894e-07,10.1007872,10706.834432,0.892312049190848,2.39124894e-07,2.04226938e-07,0.204226938
1276,3.36955342e-06,9.88151153,10474.4022218,0.8729410518060702,3.36955342e-06,9.24673519e-08,0.09246735190000001,2.39124894e-07,10.10099,10707.0494,0.8923299647136673,2.39124894e-07,2.04216012e-07,0.204216012
1277,3.36955342e-06,9.88183525,10474.745365,0.8729696495035412,3.36955342e-06,9.24588702e-08,0.0924588702,2.39124894e-07,10.1011916,10707.263096,0.8923477742274761,2.39124894e-07,2.04204986e-07,0.204204986
1278,3.36955342e-06,9.88215626,10475.0856356,0.8729980077973295,3.36955342e-06,9.24503323e-08,0.0924503323,2.39124894e-07,10.1013936,10707.477216,0.8923656190776216,2.39124894e-07,2.0419386e-07,0.20419386
1279,3.36955342e-06,9.88247483,10475.4233198,0.8730261505394625,3.36955342e-06,9.24417398e-08,0.09244173979999999,2.39124894e-07,10.101595,10707.6907,0.8923834109232618,2.39124894e-07,2.04182635e-07,0.204182635
1280,3.36955342e-06,9.88279086,10475.7583116,0.8730540688958562,3.36955342e-06,9.24330936e-08,0.09243309359999999,2.39124894e-07,10.1017958,10707.903548,0.8924011497643967,2.39124894e-07,2.04171314e-07,0.20417131400000002
1281,3.36955342e-06,9.88310411,10476.0903566,0.8730817416647082,3.36955342e-06,9.24243949e-08,0.0924243949,2.39124894e-07,10.1019969,10708.116714,0.8924189151077841,2.39124894e-07,2.04159896e-07,0.20415989599999998
1282,3.36955342e-06,9.88341501,10476.4199106,0.8731092068325808,3.36955342e-06,9.24156448e-08,0.0924156448,2.39124894e-07,10.1021968,10708.328608,0.892436574442161,2.39124894e-07,2.04148383e-07,0.204148383
1283,3.36955342e-06,9.88372348,10476.7468888,0.8731364573322067,3.36955342e-06,9.2406843e-08,0.092406843,2.39124894e-07,10.1023956,10708.539336,0.8924541366016111,2.39124894e-07,2.04136778e-07,0.20413677800000002
1284,3.36955342e-06,9.88402917,10477.0709202,0.8731634622442908,3.36955342e-06,9.23979898e-08,0.09239798980000001,2.39124894e-07,10.102595,10708.7507,0.8924717517655668,2.39124894e-07,2.04125081e-07,0.204125081
1285,3.36955342e-06,9.88433239,10477.392333400001,0.8731902489544946,3.36955342e-06,9.23890871e-08,0.0923890871,2.39124894e-07,10.1027935,10708.96111,0.8924892874227643,2.39124894e-07,2.04113293e-07,0.204113293
1286,3.36955342e-06,9.88463309,10477.711075399999,0.8732168130457755,3.36955342e-06,9.23801355e-08,0.0923801355,2.39124894e-07,10.1029913,10709.170778,0.8925067612413722,2.39124894e-07,2.04101416e-07,0.204101416
1287,3.36955342e-06,9.88493103,10478.0268918,0.873243133316332,3.36955342e-06,9.2371136e-08,0.092371136,2.39124894e-07,10.1031892,10709.380551999999,0.8925242438940643,2.39124894e-07,2.04089452e-07,0.204089452
1288,3.36955342e-06,9.88522653,10478.3401218,0.873269238035233,3.36955342e-06,9.23620901e-08,0.09236209009999999,2.39124894e-07,10.103386,10709.58916,0.8925416293718299,2.39124894e-07,2.040774e-07,0.2040774
1289,3.36955342e-06,9.88551957,10478.6507442,0.8732951254356621,3.36955342e-06,9.23529973e-08,0.09235299729999999,2.39124894e-07,10.1035818,10709.796708,0.8925589265087532,2.39124894e-07,2.04065264e-07,0.204065264
1290,3.36955342e-06,9.88580982,10478.9584092,0.8733207663651411,3.36955342e-06,9.23438583e-08,0.0923438583,2.39124894e-07,10.1037781,10710.004786,0.8925762678160977,2.39124894e-07,2.04053044e-07,0.20405304400000002
1291,3.36955342e-06,9.88609757,10479.2634242,0.8733461864425144,3.36955342e-06,9.23346748e-08,0.09233467479999999,2.39124894e-07,10.1039733,10710.211698,0.8925935119485156,2.39124894e-07,2.04040741e-07,0.204040741
1292,3.36955342e-06,9.88638283,10479.5657998,0.8733713865511903,3.36955342e-06,9.23254473e-08,0.0923254473,2.39124894e-07,10.1041677,10710.417762,0.8926106854082596,2.39124894e-07,2.04028357e-07,0.204028357
1293,3.36955342e-06,9.88666532,10479.8652392,0.873396341955733,3.36955342e-06,9.23161769e-08,0.0923161769,2.39124894e-07,10.1043622,10710.623932,0.8926278677020881,2.39124894e-07,2.04015893e-07,0.204015893
1294,3.36955342e-06,9.88694534,10480.1620604,0.8734210791583952,3.36955342e-06,9.23068648e-08,0.0923068648,2.39124894e-07,10.1045556,10710.828936,0.8926449528209898,2.39124894e-07,2.0400335e-07,0.20400335
1295,3.36955342e-06,9.88722286,10480.4562316,0.8734455955089515,3.36955342e-06,9.22975109e-08,0.0922975109,2.39124894e-07,10.1047481,10711.032986,0.8926619584331336,2.39124894e-07,2.03990731e-07,0.20399073099999998
1296,3.36955342e-06,9.88749758,10480.7474348,0.8734698645051496,3.36955342e-06,9.2288116e-08,0.09228811599999999,2.39124894e-07,10.1049408,10711.237248,0.8926789817134456,2.39124894e-07,2.03978035e-07,0.203978035
1297,3.36955342e-06,9.8877698,10481.035988,0.8734939126492418,3.36955342e-06,9.22786818e-08,0.0922786818,2.39124894e-07,10.1051324,10711.440344,0.8926959078188313,2.39124894e-07,2.03965265e-07,0.203965265
1298,3.36955342e-06,9.88803953,10481.3219018,0.8735177408246368,3.36955342e-06,9.22692085e-08,0.0922692085,2.39124894e-07,10.1053231,10711.642485999999,0.8927127544174588,2.39124894e-07,2.03952421e-07,0.203952421
1299,3.36955342e-06,9.88830647,10481.6048582,0.8735413225290817,3.36955342e-06,9.2259697e-08,0.092259697,2.39124894e-07,10.1055139,10711.844734,0.8927296098501707,2.39124894e-07,2.03939505e-07,0.203939505
1300,3.36955342e-06,9.88857092,10481.8851752,0.8735646842648291,3.36955342e-06,9.2250149e-08,0.09225014899999999,2.39124894e-07,10.1057037,10712.045922,0.8927463769420401,2.39124894e-07,2.03926519e-07,0.203926519
1301,3.36955342e-06,9.88883288,10482.1628528,0.8735878260318795,3.36955342e-06,9.22405644e-08,0.0922405644,2.39124894e-07,10.1058923,10712.245838,0.8927630380248989,2.39124894e-07,2.03913463e-07,0.203913463
1302,3.36955342e-06,9.88909206,10482.4375836,0.873610722211388,3.36955342e-06,9.22309437e-08,0.0922309437,2.39124894e-07,10.1060811,10712.445966000001,0.892779716775926,2.39124894e-07,2.03900339e-07,0.203900339
1303,3.36955342e-06,9.8893487,10482.709621999998,0.873633394005157,3.36955342e-06,9.22212889e-08,0.0922212889,2.39124894e-07,10.1062689,10712.645034,0.8927963071861108,2.39124894e-07,2.03887147e-07,0.20388714700000002
1304,3.36955342e-06,9.88960286,10482.9790316,0.8736558467136374,3.36955342e-06,9.22116004e-08,0.09221160040000001,2.39124894e-07,10.1064556,10712.842936000001,0.8928128004213692,2.39124894e-07,2.03873891e-07,0.203873891
1305,3.36955342e-06,9.88985424,10483.2454944,0.873678053834576,3.36955342e-06,9.22018783e-08,0.0922018783,2.39124894e-07,10.1066424,10713.040944,0.8928293024907118,2.39124894e-07,2.0386057e-07,0.20386057
1306,3.36955342e-06,9.8901031,10483.509285999999,0.8737000383365918,3.36955342e-06,9.21921247e-08,0.0921921247,2.39124894e-07,10.1068282,10713.237892000001,0.892845716219212,2.39124894e-07,2.03847186e-07,0.20384718599999999
1307,3.36955342e-06,9.89034948,10483.7704488,0.8737218037533191,3.36955342e-06,9.218234e-08,0.09218234,2.39124894e-07,10.1070127,10713.433462,0.8928620151046174,2.39124894e-07,2.0383374e-07,0.20383374
1308,3.36955342e-06,9.89059307,10484.0286542,0.873743322699096,3.36955342e-06,9.21725241e-08,0.0921725241,2.39124894e-07,10.1071974,10713.629244,0.892878331658191,2.39124894e-07,2.03820233e-07,0.20382023300000002
1309,3.36955342e-06,9.89083412,10484.2841672,0.8737646172591337,3.36955342e-06,9.21626791e-08,0.09216267909999999,2.39124894e-07,10.1073812,10713.824072000001,0.8928945687050067,2.39124894e-07,2.03806667e-07,0.203806667
1310,3.36955342e-06,9.89107273,10484.5370938,0.8737856962675161,3.36955342e-06,9.21528057e-08,0.0921528057,2.39124894e-07,10.1075635,10714.01731,0.8929106732405587,2.39124894e-07,2.03793043e-07,0.203793043
1311,3.36955342e-06,9.89130855,10484.787063,0.8738065288049485,3.36955342e-06,9.21429042e-08,0.0921429042,2.39124894e-07,10.1077459,10714.210653999999,0.8929267866101951,2.39124894e-07,2.03779363e-07,0.20377936300000002
1312,3.36955342e-06,9.89154184,10485.034350400001,0.8738271378400498,3.36955342e-06,9.21329758e-08,0.0921329758,2.39124894e-07,10.1079275,10714.40315,0.8929428293071578,2.39124894e-07,2.03765626e-07,0.203765626
1313,3.36955342e-06,9.89177266,10485.2790196,0.8738475286732706,3.36955342e-06,9.21230211e-08,0.09212302110000001,2.39124894e-07,10.1081078,10714.594268,0.8929587571610255,2.39124894e-07,2.03751836e-07,0.203751836
1314,3.36955342e-06,9.89200071,10485.5207526,0.8738676748023582,3.36955342e-06,9.21130408e-08,0.0921130408,2.39124894e-07,10.108288,10714.78528,0.8929746761808087,2.39124894e-07,2.03737992e-07,0.20373799199999998
1315,3.36955342e-06,9.8922262,10485.759772,0.8738875947788896,3.36955342e-06,9.21030365e-08,0.0921030365,2.39124894e-07,10.1084672,10714.975231999999,0.8929905068597497,2.39124894e-07,2.03724097e-07,0.20372409700000002
1316,3.36955342e-06,9.89244926,10485.9962156,0.8739073000871741,3.36955342e-06,9.20930087e-08,0.09209300869999999,2.39124894e-07,10.1086452,10715.163912,0.8930062315296801,2.39124894e-07,2.03710151e-07,0.203710151
1317,3.36955342e-06,9.89266957,10486.2297442,0.8739267624581423,3.36955342e-06,9.20829576e-08,0.0920829576,2.39124894e-07,10.1088231,10715.352486,0.8930219473655261,2.39124894e-07,2.03696155e-07,0.20369615500000002
1318,3.36955342e-06,9.89288732,10486.4605592,0.8739459986765543,3.36955342e-06,9.2072885e-08,0.092072885,2.39124894e-07,10.1090001,10715.540105999999,0.893037583694614,2.39124894e-07,2.03682112e-07,0.203682112
1319,3.36955342e-06,9.89310263,10486.6887878,0.8739650193433108,3.36955342e-06,9.20627914e-08,0.0920627914,2.39124894e-07,10.1091759,10715.726454,0.8930531140146912,2.39124894e-07,2.03668021e-07,0.203668021
1320,3.36955342e-06,9.89331521,10486.914122600001,0.8739837988395681,3.36955342e-06,9.20526769e-08,0.09205267689999999,2.39124894e-07,10.1093513,10715.912378,0.8930686089984317,2.39124894e-07,2.03653884e-07,0.203653884
1321,3.36955342e-06,9.8935252,10487.136712,0.8740023495330437,3.36955342e-06,9.20425434e-08,0.0920425434,2.39124894e-07,10.1095259,10716.097453999999,0.8930840333094979,2.39124894e-07,2.03639703e-07,0.203639703
1322,3.36955342e-06,9.8937328,10487.356768,0.8740206890919061,3.36955342e-06,9.20323914e-08,0.0920323914,2.39124894e-07,10.1096993,10716.281258,0.8930993516115537,2.39124894e-07,2.03625479e-07,0.203625479
1323,3.36955342e-06,9.89393767,10487.5739302,0.8740387874802692,3.36955342e-06,9.20222211e-08,0.09202222110000001,2.39124894e-07,10.1098723,10716.464638,0.8931146345772724,2.39124894e-07,2.03611212e-07,0.203611212
1324,3.36955342e-06,9.89413996,10487.7883576,0.8740566579492591,3.36955342e-06,9.20120343e-08,0.0920120343,2.39124894e-07,10.1100446,10716.647276,0.8931298557044015,2.39124894e-07,2.03596905e-07,0.203596905
1325,3.36955342e-06,9.89433984,10488.0002304,0.874074315516819,3.36955342e-06,9.20018311e-08,0.0920018311,2.39124894e-07,10.1102156,10716.828536,0.8931449619884357,2.39124894e-07,2.03582557e-07,0.20358255700000003
1326,3.36955342e-06,9.89453704,10488.2092624,0.8740917363309215,3.36955342e-06,9.19916119e-08,0.09199161189999999,2.39124894e-07,10.1103861,10717.009266,0.8931600241020486,2.39124894e-07,2.03568171e-07,0.203568171
1327,3.36955342e-06,9.89473159,10488.415485399999,0.8741089230417918,3.36955342e-06,9.1981379e-08,0.091981379,2.39124894e-07,10.110556,10717.18936,0.8931750332111563,2.39124894e-07,2.03553748e-07,0.203553748
1328,3.36955342e-06,9.89492383,10488.6192598,0.8741259056853166,3.36955342e-06,9.19711325e-08,0.0919711325,2.39124894e-07,10.1107244,10717.367864,0.8931899098090005,2.39124894e-07,2.03539288e-07,0.20353928799999998
1329,3.36955342e-06,9.89511343,10488.8202358,0.8741426551090177,3.36955342e-06,9.1960872e-08,0.091960872,2.39124894e-07,10.1108923,10717.545838,0.8932047422364234,2.39124894e-07,2.03524793e-07,0.203524793
1330,3.36955342e-06,9.8953004,10489.018424,0.8741591721963033,3.36955342e-06,9.19505995e-08,0.09195059950000001,2.39124894e-07,10.1110594,10717.722964,0.8932195039911727,2.39124894e-07,2.03510264e-07,0.203510264
1331,3.36955342e-06,9.89548506,10489.2141636,0.8741754852162433,3.36955342e-06,9.19403155e-08,0.0919403155,2.39124894e-07,10.1112253,10717.898818,0.893234159736911,2.39124894e-07,2.03495702e-07,0.203495702
1332,3.36955342e-06,9.89566692,10489.4069352,0.874191550881825,3.36955342e-06,9.19300196e-08,0.09193001960000001,2.39124894e-07,10.111391,10718.07446,0.893248797814481,2.39124894e-07,2.03481109e-07,0.203481109
1333,3.36955342e-06,9.89584612,10489.5968872,0.8742073815607659,3.36955342e-06,9.19197144e-08,0.09191971439999999,2.39124894e-07,10.1115562,10718.249572,0.8932633917216297,2.39124894e-07,2.03466485e-07,0.203466485
1334,3.36955342e-06,9.89602297,10489.7843482,0.8742230046387277,3.36955342e-06,9.19094013e-08,0.0919094013,2.39124894e-07,10.1117198,10718.422988,0.8932778442834308,2.39124894e-07,2.03451831e-07,0.203451831
1335,3.36955342e-06,9.89619726,10489.9690956,0.8742384015641329,3.36955342e-06,9.18990804e-08,0.0918990804,2.39124894e-07,10.1118825,10718.59545,0.8932922173384739,2.39124894e-07,2.03437149e-07,0.203437149
1336,3.36955342e-06,9.89636922,10490.1513732,0.8742535926553757,3.36955342e-06,9.1888752e-08,0.09188875199999999,2.39124894e-07,10.1120441,10718.766746000001,0.8933064932185903,2.39124894e-07,2.0342244e-07,0.20342243999999998
1337,3.36955342e-06,9.89653865,10490.330969,0.8742685602442876,3.36955342e-06,9.18784156e-08,0.0918784156,2.39124894e-07,10.1122048,10718.937088,0.8933206895919488,2.39124894e-07,2.03407705e-07,0.203407705
1338,3.36955342e-06,9.89670554,10490.5078724,0.8742833034474597,3.36955342e-06,9.18680717e-08,0.0918680717,2.39124894e-07,10.1123649,10719.106794,0.8933348329608016,2.39124894e-07,2.03392945e-07,0.20339294500000002
1339,3.36955342e-06,9.89686972,10490.6819032,0.8742978072469494,3.36955342e-06,9.18577221e-08,0.0918577221,2.39124894e-07,10.1125247,10719.276182,0.893348949827402,2.39124894e-07,2.03378161e-07,0.203378161
1340,3.36955342e-06,9.89703133,10490.853209800001,0.8743120840104743,3.36955342e-06,9.1847369e-08,0.091847369,2.39124894e-07,10.1126835,10719.44451,0.89336297835316,2.39124894e-07,2.03363354e-07,0.203363354
1341,3.36955342e-06,9.89719048,10491.021908800001,0.8743261434555272,3.36955342e-06,9.18370135e-08,0.0918370135,2.39124894e-07,10.1128411,10719.611566000001,0.8933769008699074,2.39124894e-07,2.03348525e-07,0.203348525
1342,3.36955342e-06,9.89734751,10491.1883606,0.8743400156179941,3.36955342e-06,9.18266546e-08,0.0918266546,2.39124894e-07,10.1129968,10719.776608,0.8933906555390542,2.39124894e-07,2.03333676e-07,0.203333676
1343,3.36955342e-06,9.89750186,10491.351971600001,0.8743536510270041,3.36955342e-06,9.18162915e-08,0.09181629150000001,2.39124894e-07,10.1131525,10719.94165,0.8934044102082012,2.39124894e-07,2.03318808e-07,0.203318808
1344,3.36955342e-06,9.89765397,10491.5132082,0.874367088552527,3.36955342e-06,9.18059255e-08,0.0918059255,2.39124894e-07,10.1133068,10720.105208,0.8934180412001688,2.39124894e-07,2.03303921e-07,0.203303921
1345,3.36955342e-06,9.89780332,10491.6715192,0.8743802822573252,3.36955342e-06,9.17955568e-08,0.0917955568,2.39124894e-07,10.1134609,10720.268554,0.8934316545239679,2.39124894e-07,2.03289017e-07,0.203289017
1346,3.36955342e-06,9.8979497,10491.826681999999,0.8743932135898217,3.36955342e-06,9.17851894e-08,0.09178518940000001,2.39124894e-07,10.1136153,10720.432218,0.8934452943500197,2.39124894e-07,2.03274097e-07,0.20327409700000001
1347,3.36955342e-06,9.89809421,10491.9798626,0.8744059797249433,3.36955342e-06,9.17748249e-08,0.09177482490000001,2.39124894e-07,10.1137667,10720.592702,0.8934586691535448,2.39124894e-07,2.0325916e-07,0.20325916
1348,3.36955342e-06,9.89823647,10492.1306582,0.8744185470931696,3.36955342e-06,9.17644594e-08,0.0917644594,2.39124894e-07,10.1139167,10720.751702000001,0.8934719202798906,2.39124894e-07,2.03244211e-07,0.20324421099999998
1349,3.36955342e-06,9.89837596,10492.2785176,0.8744308697572627,3.36955342e-06,9.17540934e-08,0.0917540934,2.39124894e-07,10.1140672,10720.911231999999,0.8934852155766573,2.39124894e-07,2.03229248e-07,0.203229248
1350,3.36955342e-06,9.89851295,10492.423727000001,0.8744429715692502,3.36955342e-06,9.174373e-08,0.09174373000000001,2.39124894e-07,10.1142169,10721.069914000002,0.8934984402007505,2.39124894e-07,2.03214273e-07,0.203214273
1351,3.36955342e-06,9.89864745,10492.566297000001,0.8744548534125401,3.36955342e-06,9.17333707e-08,0.0917333707,2.39124894e-07,10.1143656,10721.227535999999,0.893511576484001,2.39124894e-07,2.03199287e-07,0.203199287
1352,3.36955342e-06,9.8987797,10492.706482,0.8744665364889349,3.36955342e-06,9.17230158e-08,0.0917230158,2.39124894e-07,10.1145126,10721.383356,0.89352456258782,2.39124894e-07,2.0318429e-07,0.20318429
1353,3.36955342e-06,9.89890968,10492.844260799999,0.8744780190316176,3.36955342e-06,9.17126638e-08,0.09171266380000001,2.39124894e-07,10.1146583,10721.537798000001,0.8935374338485439,2.39124894e-07,2.03169285e-07,0.203169285
1354,3.36955342e-06,9.89903703,10492.979251800001,0.8744892692378854,3.36955342e-06,9.17023147e-08,0.0917023147,2.39124894e-07,10.114804,10721.69224,0.8935503051092677,2.39124894e-07,2.03154273e-07,0.203154273
1355,3.36955342e-06,9.89916197,10493.1116882,0.8745003065427229,3.36955342e-06,9.16919709e-08,0.0916919709,2.39124894e-07,10.1149487,10721.845621999999,0.8935630880291491,2.39124894e-07,2.03139253e-07,0.203139253
1356,3.36955342e-06,9.89928445,10493.241517,0.8745111265290884,3.36955342e-06,9.16816335e-08,0.0916816335,2.39124894e-07,10.1150925,10721.99805,0.8935757914422726,2.39124894e-07,2.03124227e-07,0.203124227
1357,3.36955342e-06,9.89940443,10493.3686958,0.8745217256633481,3.36955342e-06,9.16713038e-08,0.0916713038,2.39124894e-07,10.1152354,10722.149524,0.893588415348638,2.39124894e-07,2.03109196e-07,0.203109196
1358,3.36955342e-06,9.89952234,10493.4936804,0.8745321419320643,3.36955342e-06,9.16609817e-08,0.0916609817,2.39124894e-07,10.1153764,10722.298984000001,0.8936008714074031,2.39124894e-07,2.03094161e-07,0.203094161
1359,3.36955342e-06,9.89963777,10493.6160362,0.8745423391154914,3.36955342e-06,9.16506659e-08,0.0916506659,2.39124894e-07,10.115517,10722.44802,0.8936132921298311,2.39124894e-07,2.03079123e-07,0.203079123
1360,3.36955342e-06,9.89975083,10493.7358798,0.8745523269311225,3.36955342e-06,9.16403577e-08,0.0916403577,2.39124894e-07,10.1156567,10722.596102000001,0.8936256333455012,2.39124894e-07,2.03064084e-07,0.203064084
1361,3.36955342e-06,9.89986138,10493.8530628,0.8745620930112394,3.36955342e-06,9.16300583e-08,0.0916300583,2.39124894e-07,10.1157958,10722.743548,0.8936379215566657,2.39124894e-07,2.03049043e-07,0.203049043
1362,3.36955342e-06,9.8999695,10493.96767,0.8745716444231093,3.36955342e-06,9.16197695e-08,0.09161976949999999,2.39124894e-07,10.115934,10722.890039999998,0.8936501302610721,2.39124894e-07,2.03034002e-07,0.203034002
1363,3.36955342e-06,9.90007544,10494.0799664,0.8745810032519432,3.36955342e-06,9.16094917e-08,0.09160949169999999,2.39124894e-07,10.1160706,10723.034836,0.8936621976201311,2.39124894e-07,2.03018962e-07,0.203018962
1364,3.36955342e-06,9.90017922,10494.1899732,0.8745901712645575,3.36955342e-06,9.15992236e-08,0.0915992236,2.39124894e-07,10.1162057,10723.178042,0.8936741324679265,2.39124894e-07,2.03003924e-07,0.203003924
1365,3.36955342e-06,9.90028045,10494.297277,0.874599114008024,3.36955342e-06,9.15889655e-08,0.0915889655,2.39124894e-07,10.1163407,10723.321142,0.8936860584816377,2.39124894e-07,2.02988889e-07,0.202988889
1366,3.36955342e-06,9.90037924,10494.4019944,0.8746078411998353,3.36955342e-06,9.15787194e-08,0.0915787194,2.39124894e-07,10.1164751,10723.463606000001,0.8936979314908435,2.39124894e-07,2.02973858e-07,0.20297385799999998
1367,3.36955342e-06,9.90047574,10494.5042844,0.8746163660911178,3.36955342e-06,9.15684866e-08,0.0915684866,2.39124894e-07,10.1166083,10723.604797999998,0.8937096984910383,2.39124894e-07,2.02958831e-07,0.202958831
1368,3.36955342e-06,9.90057001,10494.604210599999,0.8746246939823218,3.36955342e-06,9.1558267e-08,0.091558267,2.39124894e-07,10.11674,10723.7444,0.8937213329799699,2.39124894e-07,2.02943809e-07,0.202943809
1369,3.36955342e-06,9.90066207,10494.701794199998,0.8746328266402643,3.36955342e-06,9.15480608e-08,0.0915480608,2.39124894e-07,10.1168706,10723.882836,0.8937328702939751,2.39124894e-07,2.02928795e-07,0.202928795
1370,3.36955342e-06,9.90075188,10494.7969928,0.8746407605313119,3.36955342e-06,9.15378678e-08,0.0915378678,2.39124894e-07,10.1170003,10724.020318,0.8937443281012221,2.39124894e-07,2.02913788e-07,0.202913788
1371,3.36955342e-06,9.9008393,10494.889658,0.8746484832877461,3.36955342e-06,9.15276881e-08,0.0915276881,2.39124894e-07,10.1171294,10724.157164,0.8937557329039636,2.39124894e-07,2.02898789e-07,0.202898789
1372,3.36955342e-06,9.90092424,10494.9796944,0.8746559869588916,3.36955342e-06,9.15175238e-08,0.0915175238,2.39124894e-07,10.1172579,10724.293374,0.8937670847021998,2.39124894e-07,2.028838e-07,0.2028838
1373,3.36955342e-06,9.90100709,10495.0675154,0.8746633059976765,3.36955342e-06,9.15073764e-08,0.09150737639999999,2.39124894e-07,10.1173847,10724.427782,0.8937782863210041,2.39124894e-07,2.02868821e-07,0.202868821
1374,3.36955342e-06,9.90108757,10495.1528242,0.8746704156686652,3.36955342e-06,9.14972452e-08,0.0914972452,2.39124894e-07,10.1175108,10724.561448,0.8937894261012187,2.39124894e-07,2.02853853e-07,0.202853853
1375,3.36955342e-06,9.90116594,10495.2358964,0.8746773389404766,3.36955342e-06,9.14871308e-08,0.0914871308,2.39124894e-07,10.1176357,10724.693841999999,0.8938004598724224,2.39124894e-07,2.02838896e-07,0.202838896
1376,3.36955342e-06,9.90124211,10495.3166366,0.874684067862435,3.36955342e-06,9.14770329e-08,0.0914770329,2.39124894e-07,10.1177596,10724.825175999998,0.893811405302784,2.39124894e-07,2.02823953e-07,0.202823953
1377,3.36955342e-06,9.90131601,10495.3949706,0.8746905962506814,3.36955342e-06,9.14669519e-08,0.0914669519,2.39124894e-07,10.1178826,10724.955555999999,0.8938222712263876,2.39124894e-07,2.02809023e-07,0.202809023
1378,3.36955342e-06,9.90138762,10495.4708772,0.8746969223383988,3.36955342e-06,9.14568889e-08,0.09145688889999999,2.39124894e-07,10.1180047,10725.084982,0.8938330576432331,2.39124894e-07,2.02794108e-07,0.202794108
1379,3.36955342e-06,9.90145694,10495.5443564,0.8747030461255874,3.36955342e-06,9.14468452e-08,0.0914468452,2.39124894e-07,10.1181258,10725.213348,0.8938437557192361,2.39124894e-07,2.02779209e-07,0.20277920900000002
1380,3.36955342e-06,9.90152407,10495.6155142,0.8747089764463314,3.36955342e-06,9.14368217e-08,0.0914368217,2.39124894e-07,10.1182459,10725.340654,0.893854365454397,2.39124894e-07,2.02764325e-07,0.202764325
1381,3.36955342e-06,9.90158911,10495.6844566,0.8747147221347148,3.36955342e-06,9.1426818e-08,0.091426818,2.39124894e-07,10.1183648,10725.466688,0.8938648691805471,2.39124894e-07,2.02749459e-07,0.20274945900000002
1382,3.36955342e-06,9.90165192,10495.7510352,0.8747202708230201,3.36955342e-06,9.14168338e-08,0.0914168338,2.39124894e-07,10.118483,10725.59198,0.8938753110681075,2.39124894e-07,2.02734611e-07,0.20273461099999998
1383,3.36955342e-06,9.90171268,10495.8154408,0.8747256384125983,3.36955342e-06,9.14068698e-08,0.0914068698,2.39124894e-07,10.1185998,10725.715788,0.8938856292784887,2.39124894e-07,2.02719781e-07,0.20271978100000002
1384,3.36955342e-06,9.90177119,10495.8774614,0.8747308072352816,3.36955342e-06,9.1396926e-08,0.091396926,2.39124894e-07,10.1187157,10725.838641999999,0.8938958679821117,2.39124894e-07,2.02704971e-07,0.20270497099999998
1385,3.36955342e-06,9.90182737,10495.9370122,0.8747357702238024,3.36955342e-06,9.13870047e-08,0.0913870047,2.39124894e-07,10.118831,10725.96086,0.8939060536812296,2.39124894e-07,2.02690182e-07,0.202690182
1386,3.36955342e-06,9.90188152,10495.9944112,0.8747405538804132,3.36955342e-06,9.13771068e-08,0.0913771068,2.39124894e-07,10.118945,10726.0817,0.8939161245372524,2.39124894e-07,2.02675413e-07,0.202675413
1387,3.36955342e-06,9.90193357,10496.0495842,0.8747451520212551,3.36955342e-06,9.13672313e-08,0.0913672313,2.39124894e-07,10.1190579,10726.201374,0.8939260982183486,2.39124894e-07,2.02660667e-07,0.202660667
1388,3.36955342e-06,9.90198344,10496.1024464,0.8747495575790609,3.36955342e-06,9.13573783e-08,0.0913573783,2.39124894e-07,10.11917,10726.3202,0.893936001226771,2.39124894e-07,2.02645944e-07,0.20264594400000002
1389,3.36955342e-06,9.90203128,10496.1531568,0.8747537838049567,3.36955342e-06,9.13475487e-08,0.0913475487,2.39124894e-07,10.1192809,10726.437754,0.8939457982261826,2.39124894e-07,2.02631244e-07,0.202631244
1390,3.36955342e-06,9.90207698,10496.2015988,0.8747578209814502,3.36955342e-06,9.13377428e-08,0.0913377428,2.39124894e-07,10.1193909,10726.554354000002,0.8939555157188362,2.39124894e-07,2.02616568e-07,0.202616568
1391,3.36955342e-06,9.90212044,10496.247666399999,0.8747616602744566,3.36955342e-06,9.13279619e-08,0.09132796189999999,2.39124894e-07,10.1195001,10726.670106,0.8939651625388157,2.39124894e-07,2.02601918e-07,0.202601918
1392,3.36955342e-06,9.90216198,10496.291698800002,0.8747653299530461,3.36955342e-06,9.13182068e-08,0.09131820680000001,2.39124894e-07,10.1196079,10726.784374,0.8939746856816164,2.39124894e-07,2.02587294e-07,0.202587294
1393,3.36955342e-06,9.90220143,10496.333515799999,0.874768814999275,3.36955342e-06,9.13084765e-08,0.0913084765,2.39124894e-07,10.1197148,10726.897688000001,0.8939841293176588,2.39124894e-07,2.02572696e-07,0.202572696
1394,3.36955342e-06,9.90223871,10496.3730326,0.8747721083458762,3.36955342e-06,9.12987717e-08,0.0912987717,2.39124894e-07,10.119821,10727.01026,0.8939935111151114,2.39124894e-07,2.02558126e-07,0.20255812599999998
1395,3.36955342e-06,9.902274,10496.41044,0.874775225894201,3.36955342e-06,9.12890937e-08,0.0912890937,2.39124894e-07,10.119926,10727.12156,0.8940027869035535,2.39124894e-07,2.02543584e-07,0.202543584
1396,3.36955342e-06,9.90230725,10496.445685,0.8747781632272077,3.36955342e-06,9.12794424e-08,0.09127944240000001,2.39124894e-07,10.1200299,10727.231694,0.894011965517069,2.39124894e-07,2.02529071e-07,0.202529071
1397,3.36955342e-06,9.90233839,10496.4786934,0.8747809141610371,3.36955342e-06,9.12698186e-08,0.0912698186,2.39124894e-07,10.1201329,10727.340874,0.8940210646238264,2.39124894e-07,2.02514587e-07,0.202514587
1398,3.36955342e-06,9.90236759,10496.509645400001,0.8747834937136325,3.36955342e-06,9.1260223e-08,0.091260223,2.39124894e-07,10.1202348,10727.448888,0.8940300665556573,2.39124894e-07,2.02500134e-07,0.202500134
1399,3.36955342e-06,9.90239484,10496.5385304,0.8747859010015852,3.36955342e-06,9.12506548e-08,0.0912506548,2.39124894e-07,10.1203356,10727.555736,0.8940389713125616,2.39124894e-07,2.02485712e-07,0.20248571199999998
1400,3.36955342e-06,9.90242007,10496.5652742,0.8747881298410365,3.36955342e-06,9.12411144e-08,0.0912411144,2.39124894e-07,10.1204354,10727.661524,0.8940477877286236,2.39124894e-07,2.02471322e-07,0.20247132199999998
1401,3.36955342e-06,9.90244313,10496.5897178,0.87479016698086,3.36955342e-06,9.12316031e-08,0.0912316031,2.39124894e-07,10.1205347,10727.766782,0.8940565599742646,2.39124894e-07,2.02456965e-07,0.20245696500000002
1402,3.36955342e-06,9.9024642,10496.612052,0.8747920283224074,3.36955342e-06,9.12221223e-08,0.0912221223,2.39124894e-07,10.1206329,10727.870874,0.8940652350449789,2.39124894e-07,2.02442641e-07,0.202442641
1403,3.36955342e-06,9.90248337,10496.6323722,0.8747937218163544,3.36955342e-06,9.12126719e-08,0.0912126719,2.39124894e-07,10.1207298,10727.973587999999,0.8940737952725981,2.39124894e-07,2.0242835e-07,0.20242834999999998
1404,3.36955342e-06,9.90250073,10496.6507738,0.8747952554133769,3.36955342e-06,9.12032516e-08,0.0912032516,2.39124894e-07,10.1208254,10728.074923999999,0.8940822406571225,2.39124894e-07,2.02414094e-07,0.202414094
1405,3.36955342e-06,9.90251627,10496.667246199999,0.8747966282300661,3.36955342e-06,9.11938607e-08,0.0911938607,2.39124894e-07,10.1209198,10728.174987999999,0.8940905800326361,2.39124894e-07,2.02399874e-07,0.202399874
1406,3.36955342e-06,9.90252943,10496.6811958,0.874797790795551,3.36955342e-06,9.11845006e-08,0.0911845006,2.39124894e-07,10.1210144,10728.275264,0.8940989370763182,2.39124894e-07,2.0238569e-07,0.20238569
1407,3.36955342e-06,9.90254091,10496.693364600002,0.8747988049484208,3.36955342e-06,9.11751734e-08,0.0911751734,2.39124894e-07,10.1211073,10728.373738,0.8941071439405683,2.39124894e-07,2.02371542e-07,0.202371542
1408,3.36955342e-06,9.9025504,10496.703424000001,0.8747996433030142,3.36955342e-06,9.11658778e-08,0.0911658778,2.39124894e-07,10.1211993,10728.471258000001,0.8941152712980605,2.39124894e-07,2.02357432e-07,0.202357432
1409,3.36955342e-06,9.90255809,10496.711575399999,0.8748003226440914,3.36955342e-06,9.11566139e-08,0.09115661389999999,2.39124894e-07,10.12129,10728.5674,0.8941232838124574,2.39124894e-07,2.02343359e-07,0.202343359
1410,3.36955342e-06,9.9025636,10496.717416000001,0.8748008094021327,3.36955342e-06,9.11473828e-08,0.0911473828,2.39124894e-07,10.1213804,10728.663224,0.8941312698246018,2.39124894e-07,2.02329325e-07,0.202329325
1411,3.36955342e-06,9.90256745,10496.721496999999,0.8748011495143753,3.36955342e-06,9.11381859e-08,0.0911381859,2.39124894e-07,10.1214693,10728.757458,0.8941391233254827,2.39124894e-07,2.0231533e-07,0.20231533
1412,3.36955342e-06,9.90256966,10496.7238396,0.8748013447476368,3.36955342e-06,9.1129022e-08,0.09112902199999999,2.39124894e-07,10.1215566,10728.849995999999,0.8941468354810158,2.39124894e-07,2.02301375e-07,0.20230137499999998
1413,3.36955342e-06,9.90256983,10496.7240198,0.8748013597655802,3.36955342e-06,9.11198908e-08,0.09111989079999999,2.39124894e-07,10.1216436,10728.942216000001,0.8941545211342966,2.39124894e-07,2.02287461e-07,0.202287461
1414,3.36955342e-06,9.90256804,10496.7221224,0.8748012016354724,3.36955342e-06,9.11107939e-08,0.0911107939,2.39124894e-07,10.1217298,10729.033588,0.8941621361149031,2.39124894e-07,2.02273588e-07,0.20227358799999998
1415,3.36955342e-06,9.90256432,10496.7181792,0.874800873007539,3.36955342e-06,9.11017323e-08,0.0911017323,2.39124894e-07,10.1218151,10729.124006,0.8941696715887517,2.39124894e-07,2.02259756e-07,0.202259756
1416,3.36955342e-06,9.90255893,10496.7124658,0.8748003968503989,3.36955342e-06,9.10927062e-08,0.0910927062,2.39124894e-07,10.1218989,10729.212834,0.8941770745513369,2.39124894e-07,2.02245967e-07,0.202245967
1417,3.36955342e-06,9.90255184,10496.704950399999,0.874799770513827,3.36955342e-06,9.10837148e-08,0.0910837148,2.39124894e-07,10.1219816,10729.300496,0.8941843803389955,2.39124894e-07,2.02232221e-07,0.202232221
1418,3.36955342e-06,9.90254292,10496.6954952,0.8747989825135136,3.36955342e-06,9.10747581e-08,0.0910747581,2.39124894e-07,10.1220634,10729.387204,0.894191606619896,2.39124894e-07,2.02218518e-07,0.20221851799999999
1419,3.36955342e-06,9.90253213,10496.684057800001,0.8747980293158253,3.36955342e-06,9.10658367e-08,0.0910658367,2.39124894e-07,10.1221445,10729.47317,0.8941987710622069,2.39124894e-07,2.0220486e-07,0.20220486
1420,3.36955342e-06,9.9025195,10496.67067,0.8747969135709869,3.36955342e-06,9.10569523e-08,0.09105695230000001,2.39124894e-07,10.1222247,10729.558182,0.8942058559977599,2.39124894e-07,2.02191246e-07,0.20219124600000002
1421,3.36955342e-06,9.9025052,10496.655512,0.8747956502969418,3.36955342e-06,9.10481056e-08,0.0910481056,2.39124894e-07,10.1223036,10729.641816000001,0.8942128260902178,2.39124894e-07,2.02177677e-07,0.202177677
1422,3.36955342e-06,9.9024891,10496.638446,0.8747942280093809,3.36955342e-06,9.10392959e-08,0.09103929590000001,2.39124894e-07,10.1223816,10729.724496,0.8942197166759176,2.39124894e-07,2.02164155e-07,0.20216415499999998
1423,3.36955342e-06,9.90247126,10496.6195356,0.8747926520087542,3.36955342e-06,9.10305232e-08,0.09103052319999999,2.39124894e-07,10.1224586,10729.806116,0.894226518920775,2.39124894e-07,2.02150678e-07,0.202150678
1424,3.36955342e-06,9.9024517,10496.598802,0.8747909240618786,3.36955342e-06,9.1021788e-08,0.091021788,2.39124894e-07,10.1225347,10729.886782,0.8942332416588743,2.39124894e-07,2.02137249e-07,0.20213724900000002
1425,3.36955342e-06,9.90243044,10496.5762664,0.8747890459355712,3.36955342e-06,9.10130907e-08,0.0910130907,2.39124894e-07,10.1226098,10729.966387999999,0.8942398760561314,2.39124894e-07,2.02123867e-07,0.202123867
1426,3.36955342e-06,9.90240746,10496.551907599998,0.8747870158630149,3.36955342e-06,9.10044318e-08,0.09100443180000001,2.39124894e-07,10.1226839,10730.044934,0.8942464221125462,2.39124894e-07,2.02110533e-07,0.202110533
1427,3.36955342e-06,9.90238288,10496.5258528,0.8747848444451112,3.36955342e-06,9.09958114e-08,0.0909958114,2.39124894e-07,10.1227568,10730.122207999999,0.8942528621599501,2.39124894e-07,2.02097248e-07,0.202097248
1428,3.36955342e-06,9.90235649,10496.4978794,0.8747825131302828,3.36955342e-06,9.09872297e-08,0.09098722969999999,2.39124894e-07,10.122829,10730.19874,0.8942592403687647,2.39124894e-07,2.02084012e-07,0.20208401199999998
1429,3.36955342e-06,9.90232833,10496.4680298,0.8747800254521635,3.36955342e-06,9.0978688e-08,0.090978688,2.39124894e-07,10.1229006,10730.274636,0.8942655655730738,2.39124894e-07,2.02070825e-07,0.202070825
1430,3.36955342e-06,9.9022986,10496.436516,0.8747773990789217,3.36955342e-06,9.09701864e-08,0.0909701864,2.39124894e-07,10.1229709,10730.349154,0.8942717759342877,2.39124894e-07,2.02057689e-07,0.202057689
1431,3.36955342e-06,9.90226751,10496.4035606,0.8747746525621345,3.36955342e-06,9.09617237e-08,0.0909617237,2.39124894e-07,10.1230395,10730.42187,0.8942778361160699,2.39124894e-07,2.02044603e-07,0.202044603
1432,3.36955342e-06,9.90223456,10496.368633600001,0.8747717417313806,3.36955342e-06,9.09532995e-08,0.0909532995,2.39124894e-07,10.1231078,10730.494268,0.8942838697955994,2.39124894e-07,2.02031568e-07,0.202031568
1433,3.36955342e-06,9.90219976,10496.3317456,0.8747686674700683,3.36955342e-06,9.09449167e-08,0.0909449167,2.39124894e-07,10.1231756,10730.566136,0.8942898593047075,2.39124894e-07,2.02018585e-07,0.202018585
1434,3.36955342e-06,9.90216364,10496.2934584,0.8747654765988442,3.36955342e-06,9.0936576e-08,0.090936576,2.39124894e-07,10.1232418,10730.636308000001,0.8942957074684683,2.39124894e-07,2.02005654e-07,0.202005654
1435,3.36955342e-06,9.90212596,10496.2535176,0.8747621479159062,3.36955342e-06,9.09282752e-08,0.0909282752,2.39124894e-07,10.1233068,10730.705208,0.894301449623218,2.39124894e-07,2.01992776e-07,0.201992776
1436,3.36955342e-06,9.90208664,10496.2118384,0.8747586743539868,3.36955342e-06,9.09200144e-08,0.0909200144,2.39124894e-07,10.1233712,10730.773471999999,0.8943071387734624,2.39124894e-07,2.01979951e-07,0.201979951
1437,3.36955342e-06,9.90204558,10496.1683148,0.8747550470790016,3.36955342e-06,9.0911795e-08,0.090911795,2.39124894e-07,10.123435,10730.841100000001,0.8943127749192016,2.39124894e-07,2.0196718e-07,0.20196718
1438,3.36955342e-06,9.902003,10496.12318,0.8747512855259364,3.36955342e-06,9.09036184e-08,0.0909036184,2.39124894e-07,10.1234976,10730.907456,0.8943183050559299,2.39124894e-07,2.01954462e-07,0.201954462
1439,3.36955342e-06,9.90195898,10496.0765188,0.8747473967620581,3.36955342e-06,9.08954844e-08,0.09089548439999999,2.39124894e-07,10.1235589,10730.972434000001,0.8943237203495632,2.39124894e-07,2.01941799e-07,0.201941799
1440,3.36955342e-06,9.90191347,10496.0282782,0.8747433763703248,3.36955342e-06,9.08873921e-08,0.0908873921,2.39124894e-07,10.1236194,10731.036564,0.8943290649705226,2.39124894e-07,2.01929191e-07,0.201929191
1441,3.36955342e-06,9.90186632,10495.9782992,0.8747392110996102,3.36955342e-06,9.08793414e-08,0.09087934140000001,2.39124894e-07,10.1236792,10731.099952,0.8943343477528924,2.39124894e-07,2.01916638e-07,0.201916638
1442,3.36955342e-06,9.90181774,10495.9268044,0.874734919501491,3.36955342e-06,9.08713332e-08,0.0908713332,2.39124894e-07,10.1237378,10731.162068000001,0.8943395245262515,2.39124894e-07,2.01904141e-07,0.20190414099999998
1443,3.36955342e-06,9.90176752,10495.8735712,0.8747304830243904,3.36955342e-06,9.08633677e-08,0.0908633677,2.39124894e-07,10.1237957,10731.223442,0.8943446394610209,2.39124894e-07,2.018917e-07,0.20189169999999998
1444,3.36955342e-06,9.90171596,10495.818917600001,0.8747259281705613,3.36955342e-06,9.08554464e-08,0.0908554464,2.39124894e-07,10.1238524,10731.283544,0.8943496483867795,2.39124894e-07,2.01879316e-07,0.201879316
1445,3.36955342e-06,9.90166278,10495.7625468,0.8747212302045675,3.36955342e-06,9.08475689e-08,0.0908475689,2.39124894e-07,10.1239085,10731.34301,0.8943546043080329,2.39124894e-07,2.01866989e-07,0.201866989
1446,3.36955342e-06,9.90160828,10495.7047768,0.8747164156286618,3.36955342e-06,9.0839735e-08,0.090839735,2.39124894e-07,10.1239633,10731.401098,0.8943594453861912,2.39124894e-07,2.0185472e-07,0.20185472
1447,3.36955342e-06,9.90155229,10495.645427399999,0.8747114694249011,3.36955342e-06,9.0831944e-08,0.090831944,2.39124894e-07,10.1240173,10731.458338,0.8943642157916757,2.39124894e-07,2.01842508e-07,0.201842508
1448,3.36955342e-06,9.90149497,10495.5846682,0.8747064057278202,3.36955342e-06,9.08241968e-08,0.0908241968,2.39124894e-07,10.1240702,10731.514412,0.8943688890222337,2.39124894e-07,2.01830355e-07,0.201830355
1449,3.36955342e-06,9.90143616,10495.522329599999,0.8747012104028842,3.36955342e-06,9.08164929e-08,0.0908164929,2.39124894e-07,10.1241222,10731.569532,0.8943734827460335,2.39124894e-07,2.0181826e-07,0.20181826
1450,3.36955342e-06,9.90137577,10495.4583162,0.8746958754994175,3.36955342e-06,9.08088334e-08,0.0908088334,2.39124894e-07,10.1241737,10731.624122,0.894378032299412,2.39124894e-07,2.01806225e-07,0.201806225
1451,3.36955342e-06,9.90131397,10495.3928082,0.874690416035363,3.36955342e-06,9.08012199e-08,0.09080121990000001,2.39124894e-07,10.1242244,10731.677864,0.8943825111801169,2.39124894e-07,2.01794249e-07,0.20179424899999998
1452,3.36955342e-06,9.90125095,10495.326007,0.8746848487954809,3.36955342e-06,9.07936522e-08,0.09079365219999999,2.39124894e-07,10.1242735,10731.72991,0.8943868487154741,2.39124894e-07,2.01782333e-07,0.20178233299999998
1453,3.36955342e-06,9.90118656,10495.257753599999,0.8746791605286449,3.36955342e-06,9.07861289e-08,0.0907861289,2.39124894e-07,10.1243219,10731.781214,0.8943911244122418,2.39124894e-07,2.01770477e-07,0.201770477
1454,3.36955342e-06,9.90112093,10495.1881858,0.8746733627191645,3.36955342e-06,9.07786497e-08,0.09077864969999999,2.39124894e-07,10.124369,10731.83114,0.8943952852659143,2.39124894e-07,2.01758681e-07,0.201758681
1455,3.36955342e-06,9.90105378,10495.1170068,0.8746674306316037,3.36955342e-06,9.07712144e-08,0.09077121440000001,2.39124894e-07,10.1244158,10731.880748,0.8943994196173342,2.39124894e-07,2.01746947e-07,0.201746947
1456,3.36955342e-06,9.90098516,10495.0442696,0.8746613686830047,3.36955342e-06,9.07638254e-08,0.0907638254,2.39124894e-07,10.124462,10731.92972,0.8944035009642487,2.39124894e-07,2.01735274e-07,0.201735274
1457,3.36955342e-06,9.90091533,10494.9702498,0.8746551998419867,3.36955342e-06,9.07564835e-08,0.0907564835,2.39124894e-07,10.1245068,10731.977208,0.894407458633984,2.39124894e-07,2.01723662e-07,0.201723662
1458,3.36955342e-06,9.90084423,10494.894883800001,0.8746489188080988,3.36955342e-06,9.07491873e-08,0.0907491873,2.39124894e-07,10.1245505,10732.02353,0.8944113191287927,2.39124894e-07,2.01712112e-07,0.201712112
1459,3.36955342e-06,9.90077178,10494.8180868,0.8746425185140737,3.36955342e-06,9.07419372e-08,0.09074193720000001,2.39124894e-07,10.1245936,10732.069216000002,0.8944151266190962,2.39124894e-07,2.01700625e-07,0.201700625
1460,3.36955342e-06,9.90069823,10494.7401238,0.8746360210451222,3.36955342e-06,9.07347328e-08,0.09073473280000001,2.39124894e-07,10.1246354,10732.113524,0.8944188192663044,2.39124894e-07,2.016892e-07,0.2016892
1461,3.36955342e-06,9.90062327,10494.660666200001,0.8746293990155831,3.36955342e-06,9.0727573e-08,0.090727573,2.39124894e-07,10.1246767,10732.157302,0.8944224677430915,2.39124894e-07,2.01677839e-07,0.20167783900000003
1462,3.36955342e-06,9.90054688,10494.5796928,0.8746226506586393,3.36955342e-06,9.07204599e-08,0.0907204599,2.39124894e-07,10.1247176,10732.200656,0.8944260808835419,2.39124894e-07,2.0166654e-07,0.20166654
1463,3.36955342e-06,9.9004693,10494.497458,0.8746157971760933,3.36955342e-06,9.07133953e-08,0.0907133953,2.39124894e-07,10.1247571,10732.242526,0.8944295703468128,2.39124894e-07,2.01655305e-07,0.201655305
1464,3.36955342e-06,9.90039066,10494.414099599999,0.8746088500522544,3.36955342e-06,9.07063784e-08,0.09070637840000001,2.39124894e-07,10.1247953,10732.283018,0.8944329449669889,2.39124894e-07,2.01644134e-07,0.201644134
1465,3.36955342e-06,9.90031091,10494.3295646,0.8746018048700807,3.36955342e-06,9.0699407e-08,0.09069940700000001,2.39124894e-07,10.1248325,10732.32245,0.8944362312463227,2.39124894e-07,2.01633027e-07,0.20163302700000002
1466,3.36955342e-06,9.90022968,10494.2434608,0.8745946289434603,3.36955342e-06,9.0692481e-08,0.090692481,2.39124894e-07,10.1248698,10732.361988,0.8944395263597407,2.39124894e-07,2.01621985e-07,0.201621985
1467,3.36955342e-06,9.90014721,10494.1560426,0.8745873434741953,3.36955342e-06,9.06856023e-08,0.0906856023,2.39124894e-07,10.1249061,10732.400466000001,0.8944427331323164,2.39124894e-07,2.01611007e-07,0.20161100699999998
1468,3.36955342e-06,9.90006365,10494.067469,0.8745799617134123,3.36955342e-06,9.0678772e-08,0.09067877199999999,2.39124894e-07,10.124941,10732.43746,0.8944458162277127,2.39124894e-07,2.01600094e-07,0.201600094
1469,3.36955342e-06,9.89997902,10493.9777612,0.8745724854279281,3.36955342e-06,9.06719895e-08,0.0906719895,2.39124894e-07,10.1249748,10732.473288000001,0.8944488021481827,2.39124894e-07,2.01589246e-07,0.201589246
1470,3.36955342e-06,9.89989308,10493.8866648,0.8745648934159405,3.36955342e-06,9.06652544e-08,0.0906652544,2.39124894e-07,10.1250084,10732.508904,0.8944517704004841,2.39124894e-07,2.01578464e-07,0.20157846399999998
1471,3.36955342e-06,9.89980611,10493.7944766,0.8745572104128851,3.36955342e-06,9.06585668e-08,0.0906585668,2.39124894e-07,10.1250408,10732.543248,0.8944546326437748,2.39124894e-07,2.01567748e-07,0.20156774800000002
1472,3.36955342e-06,9.89971793,10493.7010058,0.8745494205174107,3.36955342e-06,9.06519263e-08,0.0906519263,2.39124894e-07,10.1250726,10732.576955999999,0.8944574418825599,2.39124894e-07,2.01557098e-07,0.201557098
1473,3.36955342e-06,9.89962836,10493.6060616,0.8745415078281654,3.36955342e-06,9.06453346e-08,0.0906453346,2.39124894e-07,10.1251041,10732.610346,0.8944602246190926,2.39124894e-07,2.01546514e-07,0.201546514
1474,3.36955342e-06,9.89953807,10493.5103542,0.8745335315335137,3.36955342e-06,9.06387928e-08,0.09063879279999999,2.39124894e-07,10.1251336,10732.641615999999,0.8944628306739406,2.39124894e-07,2.01535996e-07,0.201535996
1475,3.36955342e-06,9.89944684,10493.4136504,0.8745254721984702,3.36955342e-06,9.06322973e-08,0.0906322973,2.39124894e-07,10.1251619,10732.671614,0.894465330719778,2.39124894e-07,2.01525546e-07,0.201525546
1476,3.36955342e-06,9.89935435,10493.315611,0.8745173015539655,3.36955342e-06,9.06258474e-08,0.0906258474,2.39124894e-07,10.12519,10732.7014,0.8944678130974466,2.39124894e-07,2.01515162e-07,0.201515162
1477,3.36955342e-06,9.89926046,10493.216087600002,0.8745090072322815,3.36955342e-06,9.06194458e-08,0.0906194458,2.39124894e-07,10.1252183,10732.731398,0.8944703131432838,2.39124894e-07,2.01504846e-07,0.201504846
1478,3.36955342e-06,9.89916562,10493.115557199999,0.8745006289867971,3.36955342e-06,9.06130946e-08,0.0906130946,2.39124894e-07,10.1252451,10732.759806,0.8944726806778577,2.39124894e-07,2.01494597e-07,0.20149459700000003
1479,3.36955342e-06,9.8990698,10493.013987999999,0.8744921641672875,3.36955342e-06,9.0606793e-08,0.090606793,2.39124894e-07,10.1252709,10732.787154,0.8944749598715891,2.39124894e-07,2.01484415e-07,0.201484415
1480,3.36955342e-06,9.89897309,10492.9114754,0.8744836207244283,3.36955342e-06,9.06005401e-08,0.0906005401,2.39124894e-07,10.1252954,10732.813124,0.8944771242222256,2.39124894e-07,2.01474302e-07,0.201474302
1481,3.36955342e-06,9.89887534,10492.8078604,0.874474985407093,3.36955342e-06,9.05943347e-08,0.0905943347,2.39124894e-07,10.1253193,10732.838457999998,0.8944792355683565,2.39124894e-07,2.01464256e-07,0.201464256
1482,3.36955342e-06,9.89877648,10492.703068800001,0.8744662520314228,3.36955342e-06,9.05881772e-08,0.0905881772,2.39124894e-07,10.1253428,10732.863368,0.8944813115781509,2.39124894e-07,2.01454279e-07,0.201454279
1483,3.36955342e-06,9.8986766,10492.597196,0.8744574285480934,3.36955342e-06,9.05820686e-08,0.0905820686,2.39124894e-07,10.1253656,10732.887536,0.8944833257493554,2.39124894e-07,2.0144437e-07,0.20144437
1484,3.36955342e-06,9.89857568,10492.4902208,0.8744485131902879,3.36955342e-06,9.05760094e-08,0.0905760094,2.39124894e-07,10.1253874,10732.910644,0.8944852515797176,2.39124894e-07,2.0143453e-07,0.20143453
1485,3.36955342e-06,9.89847396,10492.3823976,0.8744395271598087,3.36955342e-06,9.05699994e-08,0.0905699994,2.39124894e-07,10.1254078,10732.932268,0.8944870537329007,2.39124894e-07,2.01424759e-07,0.20142475899999998
1486,3.36955342e-06,9.89837116,10492.2734296,0.8744304457212196,3.36955342e-06,9.0564038e-08,0.090564038,2.39124894e-07,10.125428,10732.953679999999,0.8944888382179151,2.39124894e-07,2.01415056e-07,0.201415056
1487,3.36955342e-06,9.89826739,10492.163433400001,0.8744212785920138,3.36955342e-06,9.05581259e-08,0.0905581259,2.39124894e-07,10.1254475,10732.97435,0.8944905608643402,2.39124894e-07,2.01405423e-07,0.201405423
1488,3.36955342e-06,9.89816274,10492.0525044,0.8744120337228665,3.36955342e-06,9.05522631e-08,0.0905522631,2.39124894e-07,10.1254659,10732.993854,0.8944921863358386,2.39124894e-07,2.01395859e-07,0.201395859
1489,3.36955342e-06,9.89805727,10491.940706200001,0.8744027164142286,3.36955342e-06,9.0546449e-08,0.090546449,2.39124894e-07,10.1254833,10733.012298000001,0.8944937234664948,2.39124894e-07,2.01386364e-07,0.20138636399999998
1490,3.36955342e-06,9.8979507,10491.827742000001,0.8743933019306642,3.36955342e-06,9.05406833e-08,0.09054068330000001,2.39124894e-07,10.1255005,10733.03053,0.8944952429289823,2.39124894e-07,2.01376939e-07,0.201376939
1491,3.36955342e-06,9.89784322,10491.7138132,0.8743838070569332,3.36955342e-06,9.05349677e-08,0.0905349677,2.39124894e-07,10.1255169,10733.047913999999,0.8944966917187961,2.39124894e-07,2.01367584e-07,0.20136758400000002
1492,3.36955342e-06,9.89773498,10491.5990788,0.8743742450441621,3.36955342e-06,9.05293019e-08,0.09052930190000001,2.39124894e-07,10.125532,10733.06392,0.894498025665515,2.39124894e-07,2.01358299e-07,0.201358299
1493,3.36955342e-06,9.89762577,10491.4833162,0.874364597340774,3.36955342e-06,9.05236853e-08,0.0905236853,2.39124894e-07,10.1255467,10733.079501999999,0.8944993242758967,2.39124894e-07,2.01349083e-07,0.20134908299999998
1494,3.36955342e-06,9.89751575,10491.366695,0.8743548780813036,3.36955342e-06,9.05181182e-08,0.0905181182,2.39124894e-07,10.1255605,10733.094130000001,0.8945005433795208,2.39124894e-07,2.01339938e-07,0.201339938
1495,3.36955342e-06,9.89740496,10491.249257599999,0.8743450907993845,3.36955342e-06,9.05126e-08,0.0905126,2.39124894e-07,10.1255733,10733.107698,0.8945016741423021,2.39124894e-07,2.01330863e-07,0.201330863
1496,3.36955342e-06,9.89729317,10491.1307602,0.8743352151766234,3.36955342e-06,9.05071307e-08,0.09050713070000001,2.39124894e-07,10.1255859,10733.121054000001,0.8945027872369152,2.39124894e-07,2.01321859e-07,0.201321859
1497,3.36955342e-06,9.89718063,10491.011467799999,0.8743252732982303,3.36955342e-06,9.05017115e-08,0.0905017115,2.39124894e-07,10.1255974,10733.133244,0.8945038031566017,2.39124894e-07,2.01312925e-07,0.201312925
1498,3.36955342e-06,9.89706721,10490.891242599999,0.874315253679896,3.36955342e-06,9.04963418e-08,0.0904963418,2.39124894e-07,10.1256083,10733.144798,0.8945047660717828,2.39124894e-07,2.01304061e-07,0.201304061
1499,3.36955342e-06,9.89695305,10490.770233000001,0.8743051686893387,3.36955342e-06,9.04910219e-08,0.09049102190000001,2.39124894e-07,10.1256182,10733.155292,0.8945056406461216,2.39124894e-07,2.01295268e-07,0.201295268
1500,3.36955342e-06,9.89683809,10490.6483754,0.8742950130261072,3.36955342e-06,9.04857513e-08,0.0904857513,2.39124894e-07,10.1256276,10733.165256,0.8945064710500393,2.39124894e-07,2.01286546e-07,0.20128654599999998
1501,3.36955342e-06,9.89672227,10490.525606199999,0.8742847813897514,3.36955342e-06,9.04805305e-08,0.0904805305,2.39124894e-07,10.1256364,10733.174583999999,0.8945072484494514,2.39124894e-07,2.01277895e-07,0.201277895
1502,3.36955342e-06,9.89660582,10490.402169199999,0.874274494098665,3.36955342e-06,9.04753596e-08,0.0904753596,2.39124894e-07,10.125644,10733.182639999999,0.894507919839853,2.39124894e-07,2.01269315e-07,0.201269315
1503,3.36955342e-06,9.89648854,10490.2778524,0.8742641334846796,3.36955342e-06,9.04702377e-08,0.0904702377,2.39124894e-07,10.1256512,10733.190272,0.8945085558939176,2.39124894e-07,2.01260806e-07,0.20126080600000001
1504,3.36955342e-06,9.89637053,10490.1527618,0.8742537083818792,3.36955342e-06,9.04651654e-08,0.0904651654,2.39124894e-07,10.1256575,10733.196950000001,0.8945091124412243,2.39124894e-07,2.01252368e-07,0.201252368
1505,3.36955342e-06,9.89625179,10490.026897400001,0.8742432187902639,3.36955342e-06,9.04601426e-08,0.0904601426,2.39124894e-07,10.1256633,10733.203098,0.8945096248181096,2.39124894e-07,2.01244001e-07,0.201244001
1506,3.36955342e-06,9.89613223,10489.900163799999,0.8742326567591578,3.36955342e-06,9.04551697e-08,0.09045516969999999,2.39124894e-07,10.1256685,10733.20861,0.8945100841904895,2.39124894e-07,2.01235706e-07,0.20123570600000001
1507,3.36955342e-06,9.89601212,10489.7728472,0.8742220461405886,3.36955342e-06,9.0450247e-08,0.090450247,2.39124894e-07,10.1256725,10733.21285,0.8945104375538587,2.39124894e-07,2.01227481e-07,0.201227481
1508,3.36955342e-06,9.89589125,10489.644725,0.8742113683829793,3.36955342e-06,9.04453729e-08,0.0904453729,2.39124894e-07,10.125676,10733.21656,0.8945107467468069,2.39124894e-07,2.01219329e-07,0.201219329
1509,3.36955342e-06,9.89576968,10489.5158608,0.8742006287867803,3.36955342e-06,9.04405484e-08,0.0904405484,2.39124894e-07,10.1256789,10733.219634000001,0.8945110029352497,2.39124894e-07,2.01211247e-07,0.201211247
1510,3.36955342e-06,9.89564745,10489.386297000001,0.8741898308856254,3.36955342e-06,9.04357736e-08,0.09043577359999999,2.39124894e-07,10.1256811,10733.221966,0.8945111972851025,2.39124894e-07,2.01203237e-07,0.20120323699999998
1511,3.36955342e-06,9.89552447,10489.2559382,0.8741789667288387,3.36955342e-06,9.04310486e-08,0.0904310486,2.39124894e-07,10.1256827,10733.223662,0.8945113386304503,2.39124894e-07,2.01195299e-07,0.201195299
1512,3.36955342e-06,9.89540097,10489.1250282,0.874168056634814,3.36955342e-06,9.04263739e-08,0.09042637390000001,2.39124894e-07,10.1256833,10733.224298000001,0.8945113916349557,2.39124894e-07,2.01187432e-07,0.201187432
1513,3.36955342e-06,9.89527683,10488.9934398,0.8741570900026503,3.36955342e-06,9.04217476e-08,0.0904217476,2.39124894e-07,10.1256832,10733.224192,0.8945113828008714,2.39124894e-07,2.01179637e-07,0.20117963700000002
1514,3.36955342e-06,9.89515198,10488.8610988,0.8741460606484885,3.36955342e-06,9.04171704e-08,0.0904171704,2.39124894e-07,10.1256828,10733.223768,0.8945113474645345,2.39124894e-07,2.01171913e-07,0.201171913
1515,3.36955342e-06,9.89502657,10488.7281642,0.8741349818234551,3.36955342e-06,9.04126425e-08,0.0904126425,2.39124894e-07,10.1256815,10733.22239,0.8945112326214396,2.39124894e-07,2.01164261e-07,0.201164261
1516,3.36955342e-06,9.89490052,10488.5945512,0.8741238464602825,3.36955342e-06,9.04081643e-08,0.0904081643,2.39124894e-07,10.1256796,10733.220376,0.8945110647738391,2.39124894e-07,2.01156681e-07,0.20115668099999998
1517,3.36955342e-06,9.89477388,10488.4603128,0.874112658976013,3.36955342e-06,9.04037361e-08,0.09040373609999999,2.39124894e-07,10.125677,10733.21762,0.8945108350876491,2.39124894e-07,2.01149172e-07,0.20114917200000001
1518,3.36955342e-06,9.89464667,10488.3254702,0.8741014211374634,3.36955342e-06,9.03993574e-08,0.0903993574,2.39124894e-07,10.1256737,10733.214122,0.8945105435628695,2.39124894e-07,2.01141735e-07,0.20114173500000002
1519,3.36955342e-06,9.8945189,10488.190034,0.874090133828042,3.36955342e-06,9.03950276e-08,0.0903950276,2.39124894e-07,10.1256698,10733.209988,0.8945101990335846,2.39124894e-07,2.0113437e-07,0.20113437
1520,3.36955342e-06,9.89439055,10488.053983000002,0.8740787952809324,3.36955342e-06,9.03907468e-08,0.09039074679999999,2.39124894e-07,10.1256653,10733.205218,0.8945098014997941,2.39124894e-07,2.01127076e-07,0.20112707600000002
1521,3.36955342e-06,9.89426166,10487.9173596,0.8740674090297675,3.36955342e-06,9.03865154e-08,0.09038651539999999,2.39124894e-07,10.12566,10733.1996,0.8945093332933299,2.39124894e-07,2.01119854e-07,0.201119854
1522,3.36955342e-06,9.89413225,10487.780185,0.8740559768413648,3.36955342e-06,9.03823333e-08,0.09038233329999999,2.39124894e-07,10.1256541,10733.193346,0.8945088120823603,2.39124894e-07,2.01112704e-07,0.201112704
1523,3.36955342e-06,9.89400232,10487.6424592,0.8740444987157242,3.36955342e-06,9.03782002e-08,0.09037820020000001,2.39124894e-07,10.1256476,10733.186456000001,0.8945082378668855,2.39124894e-07,2.01105625e-07,0.20110562499999998
1524,3.36955342e-06,9.89387179,10487.5040974,0.8740329675855781,3.36955342e-06,9.03741164e-08,0.09037411640000001,2.39124894e-07,10.1256407,10733.179141999999,0.8945076283150734,2.39124894e-07,2.01098618e-07,0.201098618
1525,3.36955342e-06,9.89374085,10487.365301,0.8740214002356868,3.36955342e-06,9.03700819e-08,0.09037008190000001,2.39124894e-07,10.1256328,10733.170768,0.8945069304224192,2.39124894e-07,2.01091682e-07,0.201091682
1526,3.36955342e-06,9.89360946,10487.2260276,0.8740097931324162,3.36955342e-06,9.03660959e-08,0.0903660959,2.39124894e-07,10.1256242,10733.161652,0.8945061706911756,2.39124894e-07,2.01084818e-07,0.201084818
1527,3.36955342e-06,9.89347752,10487.086171199999,0.8739981374416824,3.36955342e-06,9.03621581e-08,0.09036215809999999,2.39124894e-07,10.1256153,10733.152218,0.8945053844576789,2.39124894e-07,2.01078026e-07,0.20107802600000002
1528,3.36955342e-06,9.89334514,10486.945848399999,0.8739864428809782,3.36955342e-06,9.03582691e-08,0.0903582691,2.39124894e-07,10.1256056,10733.141936,0.8945045275515086,2.39124894e-07,2.01071305e-07,0.201071305
1529,3.36955342e-06,9.89321227,10486.8050062,0.8739747050332612,3.36955342e-06,9.03544289e-08,0.0903544289,2.39124894e-07,10.1255954,10733.131124,0.894503626474917,2.39124894e-07,2.01064656e-07,0.201064656
1530,3.36955342e-06,9.89307895,10486.663687,0.8739629274321651,3.36955342e-06,9.03506376e-08,0.0903506376,2.39124894e-07,10.1255846,10733.119676,0.8945026723938202,2.39124894e-07,2.01058077e-07,0.20105807699999997
1531,3.36955342e-06,9.89294519,10486.521901400001,0.8739511109610985,3.36955342e-06,9.0346895e-08,0.090346895,2.39124894e-07,10.1255732,10733.107592,0.894501665308218,2.39124894e-07,2.01051571e-07,0.20105157099999998
1532,3.36955342e-06,9.89281101,10486.379670600001,0.873939257386878,3.36955342e-06,9.03432011e-08,0.0903432011,2.39124894e-07,10.1255612,10733.094872,0.8945006052181103,2.39124894e-07,2.01045135e-07,0.20104513499999999
1533,3.36955342e-06,9.89267642,10486.2370052,0.8739273675929121,3.36955342e-06,9.03395558e-08,0.0903395558,2.39124894e-07,10.1255486,10733.081516,0.8944994921234972,2.39124894e-07,2.01038771e-07,0.201038771
1534,3.36955342e-06,9.89254145,10486.093937,0.8739154442294261,3.36955342e-06,9.03359588e-08,0.0903359588,2.39124894e-07,10.1255353,10733.067417999999,0.8944983171902945,2.39124894e-07,2.01032478e-07,0.20103247800000001
1535,3.36955342e-06,9.89240612,10485.9504872,0.873903489063237,3.36955342e-06,9.03324097e-08,0.09033240969999999,2.39124894e-07,10.1255213,10733.052578,0.8944970804185023,2.39124894e-07,2.01026256e-07,0.201026256
1536,3.36955342e-06,9.89227039,10485.8066134,0.873891498560711,3.36955342e-06,9.03289082e-08,0.0903289082,2.39124894e-07,10.1255069,10733.037314,0.894495808310373,2.39124894e-07,2.01020106e-07,0.201020106
1537,3.36955342e-06,9.89213424,10485.662294400001,0.8738794709550313,3.36955342e-06,9.03254546e-08,0.0903254546,2.39124894e-07,10.1254921,10733.021626000002,0.8944945008659071,2.39124894e-07,2.01014026e-07,0.20101402599999998
1538,3.36955342e-06,9.8919977,10485.517561999999,0.8738674088964228,3.36955342e-06,9.03220494e-08,0.0903220494,2.39124894e-07,10.1254767,10733.005302,0.8944931404169354,2.39124894e-07,2.01008017e-07,0.201008017
1539,3.36955342e-06,9.89186082,10485.3724692,0.8738553168019282,3.36955342e-06,9.03186928e-08,0.0903186928,2.39124894e-07,10.1254607,10732.988341999999,0.8944917269634585,2.39124894e-07,2.01002079e-07,0.201002079
1540,3.36955342e-06,9.89172366,10485.227079600001,0.8738431999719978,3.36955342e-06,9.03153843e-08,0.0903153843,2.39124894e-07,10.1254439,10732.970534,0.8944902428373078,2.39124894e-07,2.00996212e-07,0.200996212
1541,3.36955342e-06,9.89158621,10485.0813826,0.8738310575232228,3.36955342e-06,9.03121227e-08,0.09031212270000001,2.39124894e-07,10.1254266,10732.952196,0.894488714540736,2.39124894e-07,2.00990415e-07,0.200990415
1542,3.36955342e-06,9.89144841,10484.935314600001,0.8738188841551533,3.36955342e-06,9.03089079e-08,0.0903089079,2.39124894e-07,10.1254088,10732.933328000001,0.894487142073743,2.39124894e-07,2.00984689e-07,0.200984689
1543,3.36955342e-06,9.89131027,10484.7888862,0.8738066807511972,3.36955342e-06,9.03057402e-08,0.0903057402,2.39124894e-07,10.1253906,10732.914036,0.894485534270413,2.39124894e-07,2.00979033e-07,0.200979033
1544,3.36955342e-06,9.89117179,10484.6420974,0.8737944473113548,3.36955342e-06,9.03026205e-08,0.0903026205,2.39124894e-07,10.1253718,10732.894108,0.8944838734625777,2.39124894e-07,2.00973448e-07,0.200973448
1545,3.36955342e-06,9.89103304,10484.4950224,0.8737821900194851,3.36955342e-06,9.02995488e-08,0.09029954879999999,2.39124894e-07,10.1253525,10732.87365,0.8944821684843212,2.39124894e-07,2.00967933e-07,0.200967933
1546,3.36955342e-06,9.89089405,10484.347693,0.8737699115258131,3.36955342e-06,9.02965245e-08,0.0902965245,2.39124894e-07,10.1253325,10732.85245,0.8944804016674751,2.39124894e-07,2.00962488e-07,0.200962488
1547,3.36955342e-06,9.89075481,10484.2000986,0.8737576109469305,3.36955342e-06,9.02935468e-08,0.0902935468,2.39124894e-07,10.125312,10732.83072,0.8944785906802079,2.39124894e-07,2.00957113e-07,0.200957113
1548,3.36955342e-06,9.89061532,10484.0522392,0.8737452882828374,3.36955342e-06,9.02906154e-08,0.0902906154,2.39124894e-07,10.125291,10732.80846,0.8944767355225195,2.39124894e-07,2.00951808e-07,0.200951808
1549,3.36955342e-06,9.89047555,10483.904083,0.8737329408833084,3.36955342e-06,9.02877306e-08,0.0902877306,2.39124894e-07,10.1252696,10732.785775999999,0.8944748450284941,2.39124894e-07,2.00946573e-07,0.200946573
1550,3.36955342e-06,9.89033554,10483.7556724,0.8737205722819774,3.36955342e-06,9.02848924e-08,0.0902848924,2.39124894e-07,10.1252476,10732.762456,0.8944729015299634,2.39124894e-07,2.00941407e-07,0.200941407
1551,3.36955342e-06,9.89019528,10483.606996800001,0.8737081815954357,3.36955342e-06,9.02821012e-08,0.0902821012,2.39124894e-07,10.1252252,10732.738711999998,0.8944709226950956,2.39124894e-07,2.00936311e-07,0.200936311
1552,3.36955342e-06,9.89005482,10483.458109199999,0.8736957732407254,3.36955342e-06,9.02793568e-08,0.0902793568,2.39124894e-07,10.1252022,10732.714332,0.8944688908557228,2.39124894e-07,2.00931284e-07,0.20093128400000002
1553,3.36955342e-06,9.88991418,10483.3090308,0.8736833489846637,3.36955342e-06,9.02766586e-08,0.09027665859999999,2.39124894e-07,10.1251786,10732.689316,0.8944668060118444,2.39124894e-07,2.00926327e-07,0.20092632700000002
1554,3.36955342e-06,9.88977334,10483.1597404,0.8736709070604335,3.36955342e-06,9.02740062e-08,0.0902740062,2.39124894e-07,10.1251546,10732.663876,0.8944646858316291,2.39124894e-07,2.00921439e-07,0.200921439
1555,3.36955342e-06,9.88963231,10483.0102486,0.8736584483514432,3.36955342e-06,9.02713996e-08,0.0902713996,2.39124894e-07,10.1251301,10732.637906,0.8944625214809926,2.39124894e-07,2.0091662e-07,0.20091662
1556,3.36955342e-06,9.88949109,10482.8605554,0.873645972857693,3.36955342e-06,9.02688389e-08,0.09026883890000001,2.39124894e-07,10.1251052,10732.611512,0.8944603217940191,2.39124894e-07,2.0091187e-07,0.20091187
1557,3.36955342e-06,9.8893497,10482.710682,0.8736334823459995,3.36955342e-06,9.02663241e-08,0.0902663241,2.39124894e-07,10.1250798,10732.584588,0.8944580779366246,2.39124894e-07,2.00907188e-07,0.20090718800000001
1558,3.36955342e-06,9.88920815,10482.560639,0.8736209776997711,3.36955342e-06,9.02638552e-08,0.0902638552,2.39124894e-07,10.1250538,10732.557028,0.8944557810747247,2.39124894e-07,2.00902575e-07,0.200902575
1559,3.36955342e-06,9.88906646,10482.410447600001,0.8736084606858251,3.36955342e-06,9.02614318e-08,0.0902614318,2.39124894e-07,10.1250274,10732.529044,0.8944534488764879,2.39124894e-07,2.0089803e-07,0.20089803
1560,3.36955342e-06,9.88892463,10482.2601078,0.8735959313041609,3.36955342e-06,9.02590536e-08,0.0902590536,2.39124894e-07,10.1250006,10732.500636,0.8944510813419142,2.39124894e-07,2.00893554e-07,0.200893554
1561,3.36955342e-06,9.88878268,10482.1096408,0.8735833913215957,3.36955342e-06,9.02567206e-08,0.09025672059999999,2.39124894e-07,10.1249732,10732.471592,0.8944486608028349,2.39124894e-07,2.00889146e-07,0.200889146
1562,3.36955342e-06,9.88864061,10481.959046599999,0.8735708407381294,3.36955342e-06,9.02544324e-08,0.0902544324,2.39124894e-07,10.1249455,10732.44223,0.8944462137615031,2.39124894e-07,2.00884805e-07,0.200884805
1563,3.36955342e-06,9.88849842,10481.8083252,0.8735582795537621,3.36955342e-06,9.02521889e-08,0.0902521889,2.39124894e-07,10.1249172,10732.412232,0.8944437137156659,2.39124894e-07,2.00880533e-07,0.200880533
1564,3.36955342e-06,9.88835613,10481.6574978,0.8735457095353106,3.36955342e-06,9.02499903e-08,0.0902499903,2.39124894e-07,10.1248885,10732.38181,0.8944411783334918,2.39124894e-07,2.00876328e-07,0.200876328
1565,3.36955342e-06,9.88821375,10481.506575,0.8735331315661831,3.36955342e-06,9.02478363e-08,0.0902478363,2.39124894e-07,10.1248594,10732.350964,0.8944386076149806,2.39124894e-07,2.0087219e-07,0.20087219
1566,3.36955342e-06,9.88807128,10481.3555568,0.8735205456463799,3.36955342e-06,9.02457269e-08,0.09024572689999999,2.39124894e-07,10.1248299,10732.319694,0.8944360015601326,2.39124894e-07,2.0086812e-07,0.20086812
1567,3.36955342e-06,9.88792875,10481.204475,0.8735079544261263,3.36955342e-06,9.02436617e-08,0.0902436617,2.39124894e-07,10.1247999,10732.287894,0.8944333513348635,2.39124894e-07,2.00864117e-07,0.20086411699999998
1568,3.36955342e-06,9.88778615,10481.053319,0.8734953570220136,3.36955342e-06,9.02416406e-08,0.09024164059999999,2.39124894e-07,10.1247694,10732.255564,0.8944306569391731,2.39124894e-07,2.00860181e-07,0.200860181
1569,3.36955342e-06,9.88764357,10480.9021842,0.8734827613847177,3.36955342e-06,9.0239663e-08,0.090239663,2.39124894e-07,10.1247382,10732.222491999999,0.8944279007048932,2.39124894e-07,2.00856311e-07,0.200856311
1570,3.36955342e-06,9.88750073,10480.750773799999,0.8734701427788027,3.36955342e-06,9.02377292e-08,0.0902377292,2.39124894e-07,10.1247077,10732.190162,0.8944252063092031,2.39124894e-07,2.00852508e-07,0.20085250799999999
1571,3.36955342e-06,9.88735794,10480.599416399999,0.8734575285899301,3.36955342e-06,9.02358414e-08,0.0902358414,2.39124894e-07,10.1246761,10732.156666,0.8944224147385862,2.39124894e-07,2.00848771e-07,0.20084877099999998
1572,3.36955342e-06,9.88721536,10480.4482816,0.8734449329526344,3.36955342e-06,9.02339963e-08,0.0902339963,2.39124894e-07,10.1246431,10732.121686,0.8944194994907901,2.39124894e-07,2.008451e-07,0.2008451
1573,3.36955342e-06,9.88707265,10480.297009,0.873432325831029,3.36955342e-06,9.02321914e-08,0.0902321914,2.39124894e-07,10.1246103,10732.086918,0.8944166019111626,2.39124894e-07,2.00841496e-07,0.20084149599999998
1574,3.36955342e-06,9.88692977,10480.1455562,0.8734197036914804,3.36955342e-06,9.02304291e-08,0.0902304291,2.39124894e-07,10.1245781,10732.052786,0.8944137573360402,2.39124894e-07,2.00837957e-07,0.20083795699999998
1575,3.36955342e-06,9.88678676,10479.993965599999,0.8734070700676223,3.36955342e-06,9.02287126e-08,0.09022871260000001,2.39124894e-07,10.1245457,10732.018442,0.8944108950927496,2.39124894e-07,2.00834483e-07,0.20083448299999998
1576,3.36955342e-06,9.88664406,10479.8427036,0.8733944638294254,3.36955342e-06,9.02270414e-08,0.0902270414,2.39124894e-07,10.1245113,10731.981978,0.8944078561677743,2.39124894e-07,2.00831075e-07,0.200831075
1577,3.36955342e-06,9.8865014,10479.691484,0.8733818611248624,3.36955342e-06,9.02254108e-08,0.09022541079999999,2.39124894e-07,10.1244765,10731.94509,0.894404781906462,2.39124894e-07,2.00827732e-07,0.200827732
1578,3.36955342e-06,9.88635865,10479.540169,0.8733692504696233,3.36955342e-06,9.02238209e-08,0.0902238209,2.39124894e-07,10.1244423,10731.908838,0.8944017606496552,2.39124894e-07,2.00824454e-07,0.200824454
1579,3.36955342e-06,9.88621588,10479.3888328,0.8733566380475674,3.36955342e-06,9.02222734e-08,0.0902222734,2.39124894e-07,10.1244079,10731.872373999999,0.8943987217246798,2.39124894e-07,2.0082124e-07,0.20082123999999998
1580,3.36955342e-06,9.88607319,10479.237581399999,0.8733440326927788,3.36955342e-06,9.0220769e-08,0.09022076899999999,2.39124894e-07,10.1243728,10731.835168,0.894395620961115,2.39124894e-07,2.00818091e-07,0.200818091
1581,3.36955342e-06,9.88593059,10479.086425399999,0.8733314352886662,3.36955342e-06,9.02193069e-08,0.0902193069,2.39124894e-07,10.1243369,10731.797113999999,0.8943924495248763,2.39124894e-07,2.00815007e-07,0.200815007
1582,3.36955342e-06,9.88578802,10478.9353012,0.8733188405347787,3.36955342e-06,9.02178862e-08,0.0902178862,2.39124894e-07,10.1243009,10731.758953999999,0.8943892692545532,2.39124894e-07,2.00811986e-07,0.200811986
1583,3.36955342e-06,9.88564551,10478.7842406,0.873306251081342,3.36955342e-06,9.02165072e-08,0.09021650719999999,2.39124894e-07,10.1242646,10731.720476,0.8943860624819777,2.39124894e-07,2.00809029e-07,0.200809029
1584,3.36955342e-06,9.88550307,10478.6332542,0.873293667811764,3.36955342e-06,9.02151697e-08,0.0902151697,2.39124894e-07,10.1242281,10731.681786,0.8943828380412334,2.39124894e-07,2.00806136e-07,0.200806136
1585,3.36955342e-06,9.88536074,10478.4823844,0.8732810942596788,3.36955342e-06,9.02138735e-08,0.0902138735,2.39124894e-07,10.1241911,10731.642566,0.8943795694300682,2.39124894e-07,2.00803306e-07,0.200803306
1586,3.36955342e-06,9.8852185,10478.331610000001,0.8732685286582694,3.36955342e-06,9.0212618e-08,0.09021261800000001,2.39124894e-07,10.1241536,10731.602815999999,0.8943762566484817,2.39124894e-07,2.0080054e-07,0.20080054
1587,3.36955342e-06,9.88507634,10478.1809204,0.8732559701241273,3.36955342e-06,9.02114033e-08,0.0902114033,2.39124894e-07,10.1241159,10731.562854,0.8943729261987269,2.39124894e-07,2.00797836e-07,0.200797836
1588,3.36955342e-06,9.88493429,10478.030347400001,0.8732434213074779,3.36955342e-06,9.02102295e-08,0.0902102295,2.39124894e-07,10.1240779,10731.522573999999,0.8943695692467192,2.39124894e-07,2.00795195e-07,0.200795195
1589,3.36955342e-06,9.88479235,10477.879891,0.8732308822083211,3.36955342e-06,9.02090963e-08,0.0902090963,2.39124894e-07,10.1240396,10731.481976,0.894366185792459,2.39124894e-07,2.00792616e-07,0.200792616
1590,3.36955342e-06,9.88465054,10477.729572400001,0.873218354593474,3.36955342e-06,9.02080036e-08,0.0902080036,2.39124894e-07,10.1240009,10731.440954,0.8943627670018618,2.39124894e-07,2.00790099e-07,0.200790099
1591,3.36955342e-06,9.88450887,10477.5794022,0.8732058393463444,3.36955342e-06,9.0206951e-08,0.09020695100000001,2.39124894e-07,10.1239618,10731.399508,0.8943593128749278,2.39124894e-07,2.00787645e-07,0.200787645
1592,3.36955342e-06,9.88436733,10477.4293698,0.8731933355835246,3.36955342e-06,9.02059381e-08,0.09020593810000001,2.39124894e-07,10.1239225,10731.35785,0.8943558410798251,2.39124894e-07,2.00785252e-07,0.200785252
1593,3.36955342e-06,9.88422593,10477.2794858,0.8731808441884227,3.36955342e-06,9.02049651e-08,0.0902049651,2.39124894e-07,10.1238828,10731.315768,0.8943523339483856,2.39124894e-07,2.00782921e-07,0.200782921
1594,3.36955342e-06,9.88408469,10477.1297714,0.8731683669278555,3.36955342e-06,9.02040315e-08,0.0902040315,2.39124894e-07,10.1238428,10731.273368,0.8943488003146934,2.39124894e-07,2.0078065e-07,0.20078065
1595,3.36955342e-06,9.88394361,10476.980226599999,0.8731559038018231,3.36955342e-06,9.02031372e-08,0.0902031372,2.39124894e-07,10.1238026,10731.230755999999,0.8943452490128327,2.39124894e-07,2.00778441e-07,0.200778441
1596,3.36955342e-06,9.88380273,10476.8308938,0.8731434583439592,3.36955342e-06,9.0202282e-08,0.09020228200000001,2.39124894e-07,10.1237617,10731.187402,0.8943416358723825,2.39124894e-07,2.00776293e-07,0.200776293
1597,3.36955342e-06,9.883662,10476.681719999999,0.8731310261372216,3.36955342e-06,9.02014653e-08,0.0902014653,2.39124894e-07,10.123721,10731.14426,0.8943380404001007,2.39124894e-07,2.00774205e-07,0.200774205
1598,3.36955342e-06,9.88352142,10476.5327052,0.8731186071816104,3.36955342e-06,9.02006878e-08,0.0902006878,2.39124894e-07,10.1236801,10731.100906,0.8943344272596504,2.39124894e-07,2.00772177e-07,0.200772177
1599,3.36955342e-06,9.88338109,10476.3839554,0.8731062103112098,3.36955342e-06,9.01999494e-08,0.09019994939999999,2.39124894e-07,10.1236384,10731.056704,0.8943307434465264,2.39124894e-07,2.00770209e-07,0.200770209
1600,3.36955342e-06,9.88324094,10476.2353964,0.8730938293421607,3.36955342e-06,9.01992489e-08,0.0901992489,2.39124894e-07,10.1235966,10731.012396,0.894327050799318,2.39124894e-07,2.00768301e-07,0.20076830099999998
1601,3.36955342e-06,9.88310096,10476.0870176,0.873081463391055,3.36955342e-06,9.01985866e-08,0.0901985866,2.39124894e-07,10.1235547,10730.967982,0.8943233493180254,2.39124894e-07,2.00766452e-07,0.200766452
1602,3.36955342e-06,9.88296124,10475.9389144,0.8730691204085681,3.36955342e-06,9.01979624e-08,0.0901979624,2.39124894e-07,10.1235123,10730.923037999999,0.8943196036663116,2.39124894e-07,2.00764662e-07,0.200764662
1603,3.36955342e-06,9.88282174,10475.7910444,0.8730567968610666,3.36955342e-06,9.01973755e-08,0.0901973755,2.39124894e-07,10.1234696,10730.877776,0.8943158315123452,2.39124894e-07,2.00762931e-07,0.200762931
1604,3.36955342e-06,9.88268245,10475.643397000002,0.873044491865142,3.36955342e-06,9.0196826e-08,0.09019682600000001,2.39124894e-07,10.1234269,10730.832514,0.8943120593583788,2.39124894e-07,2.00761259e-07,0.200761259
1605,3.36955342e-06,9.88254337,10475.4959722,0.8730322054207942,3.36955342e-06,9.01963142e-08,0.0901963142,2.39124894e-07,10.123384,10730.78704,0.8943082695362439,2.39124894e-07,2.00759645e-07,0.200759645
1606,3.36955342e-06,9.88240454,10475.3488124,0.8730199410616569,3.36955342e-06,9.01958401e-08,0.09019584010000001,2.39124894e-07,10.1233407,10730.741142,0.8943044443777722,2.39124894e-07,2.00758089e-07,0.200758089
1607,3.36955342e-06,9.88226599,10475.2019494,0.8730077014379556,3.36955342e-06,9.01954033e-08,0.0901954033,2.39124894e-07,10.1232969,10730.694714,0.8943005750488792,2.39124894e-07,2.00756591e-07,0.200756591
1608,3.36955342e-06,9.88212769,10475.0553514,0.8729954838994648,3.36955342e-06,9.01950028e-08,0.09019500280000001,2.39124894e-07,10.1232529,10730.648074,0.8942966880518178,2.39124894e-07,2.00755151e-07,0.200755151
1609,3.36955342e-06,9.88198966,10474.909039600001,0.8729832902130016,3.36955342e-06,9.01946384e-08,0.0901946384,2.39124894e-07,10.1232089,10730.601434,0.8942928010547564,2.39124894e-07,2.00753767e-07,0.200753767
1610,3.36955342e-06,9.88185188,10474.762992799999,0.8729711186117486,3.36955342e-06,9.01943101e-08,0.09019431010000001,2.39124894e-07,10.1231645,10730.55437,0.894288878721358,2.39124894e-07,2.00752441e-07,0.200752441
1611,3.36955342e-06,9.88171437,10474.617232199998,0.8729589708625232,3.36955342e-06,9.01940178e-08,0.0901940178,2.39124894e-07,10.12312,10730.5072,0.8942849475538754,2.39124894e-07,2.00751171e-07,0.200751171
1612,3.36955342e-06,9.88157714,10474.471768399999,0.8729468478487338,3.36955342e-06,9.01937617e-08,0.0901937617,2.39124894e-07,10.1230753,10730.459818,0.8942809987182243,2.39124894e-07,2.00749958e-07,0.200749958
1613,3.36955342e-06,9.88144019,10474.3266014,0.8729347495703802,3.36955342e-06,9.01935418e-08,0.0901935418,2.39124894e-07,10.1230303,10730.412118,0.8942770233803207,2.39124894e-07,2.00748801e-07,0.200748801
1614,3.36955342e-06,9.88130357,10474.1817842,0.8729226804445045,3.36955342e-06,9.01933575e-08,0.0901933575,2.39124894e-07,10.1229849,10730.363994000001,0.8942730127060802,2.39124894e-07,2.00747699e-07,0.200747699
1615,3.36955342e-06,9.88116724,10474.0372744,0.8729106369374731,3.36955342e-06,9.01932081e-08,0.0901932081,2.39124894e-07,10.1229393,10730.315658000001,0.8942689843636711,2.39124894e-07,2.00746653e-07,0.200746653
1616,3.36955342e-06,9.88103122,10473.8930932,0.8728986208161028,3.36955342e-06,9.01930935e-08,0.0901930935,2.39124894e-07,10.1228937,10730.267322,0.8942649560212618,2.39124894e-07,2.00745663e-07,0.20074566300000002
1617,3.36955342e-06,9.88089551,10473.7492406,0.8728866320803935,3.36955342e-06,9.01930137e-08,0.0901930137,2.39124894e-07,10.1228478,10730.218668000001,0.8942609011766002,2.39124894e-07,2.00744727e-07,0.200744727
1618,3.36955342e-06,9.88076012,10473.6057272,0.8728746716137539,3.36955342e-06,9.01929685e-08,0.0901929685,2.39124894e-07,10.1228017,10730.169802,0.8942568286637698,2.39124894e-07,2.00743846e-07,0.200743846
1619,3.36955342e-06,9.88062505,10473.462553000001,0.8728627394161839,3.36955342e-06,9.01929578e-08,0.0901929578,2.39124894e-07,10.1227554,10730.120724,0.8942527384827711,2.39124894e-07,2.00743019e-07,0.200743019
1620,3.36955342e-06,9.88049031,10473.319728600001,0.8728508363710917,3.36955342e-06,9.01929816e-08,0.0901929816,2.39124894e-07,10.1227089,10730.071434,0.8942486306336038,2.39124894e-07,2.00742246e-07,0.200742246
1621,3.36955342e-06,9.88035592,10473.1772752,0.8728389642452942,3.36955342e-06,9.01930394e-08,0.0901930394,2.39124894e-07,10.1226621,10730.021826,0.894244496282184,2.39124894e-07,2.00741527e-07,0.200741527
1622,3.36955342e-06,9.88022187,10473.0351822,0.8728271221553832,3.36955342e-06,9.01931307e-08,0.09019313070000001,2.39124894e-07,10.1226152,10729.972112,0.8942403530966798,2.39124894e-07,2.00740862e-07,0.20074086200000002
1623,3.36955342e-06,9.88008818,10472.8934708,0.8728153118681755,3.36955342e-06,9.01932554e-08,0.09019325539999999,2.39124894e-07,10.1225681,10729.922186,0.8942361922430073,2.39124894e-07,2.0074025e-07,0.20074024999999998
1624,3.36955342e-06,9.87995485,10472.752141,0.872803533383671,3.36955342e-06,9.01934132e-08,0.0901934132,2.39124894e-07,10.1225208,10729.872048000001,0.8942320137211665,2.39124894e-07,2.0073969e-07,0.20073969
1625,3.36955342e-06,9.87982187,10472.6111822,0.8727917858184613,3.36955342e-06,9.01936043e-08,0.0901936043,2.39124894e-07,10.1224734,10729.821804000001,0.8942278263652411,2.39124894e-07,2.00739183e-07,0.20073918300000002
1626,3.36955342e-06,9.87968925,10472.470605,0.8727800700559548,3.36955342e-06,9.01938283e-08,0.0901938283,2.39124894e-07,10.1224258,10729.771348,0.8942236213411474,2.39124894e-07,2.00738728e-07,0.200738728
1627,3.36955342e-06,9.87955702,10472.3304412,0.8727683887463767,3.36955342e-06,9.01940852e-08,0.0901940852,2.39124894e-07,10.122378,10729.720679999999,0.8942193986488851,2.39124894e-07,2.00738326e-07,0.200738326
1628,3.36955342e-06,9.87942516,10472.1906696,0.8727567401229105,3.36955342e-06,9.01943743e-08,0.0901943743,2.39124894e-07,10.12233,10729.6698,0.8942151582884545,2.39124894e-07,2.00737975e-07,0.20073797499999999
1629,3.36955342e-06,9.87929369,10472.0513114,0.8727451259523726,3.36955342e-06,9.01946954e-08,0.0901946954,2.39124894e-07,10.1222819,10729.618814000001,0.8942109090939397,2.39124894e-07,2.00737675e-07,0.200737675
1630,3.36955342e-06,9.87916262,10471.9123772,0.8727335471181717,3.36955342e-06,9.01950484e-08,0.0901950484,2.39124894e-07,10.1222336,10729.567616,0.8942066422312563,2.39124894e-07,2.00737426e-07,0.200737426
1631,3.36955342e-06,9.87903194,10471.773856400001,0.8727220027368994,3.36955342e-06,9.0195433e-08,0.090195433,2.39124894e-07,10.1221851,10729.516206,0.8942023577004046,2.39124894e-07,2.00737228e-07,0.20073722800000002
1632,3.36955342e-06,9.87890166,10471.6357596,0.8727104936919639,3.36955342e-06,9.01958493e-08,0.0901958493,2.39124894e-07,10.1221366,10729.464795999998,0.8941980731695527,2.39124894e-07,2.0073708e-07,0.20073708
1633,3.36955342e-06,9.87877179,10471.498097400001,0.8726990208667738,3.36955342e-06,9.0196297e-08,0.090196297,2.39124894e-07,10.1220878,10729.413068,0.8941937621364483,2.39124894e-07,2.00736983e-07,0.200736983
1634,3.36955342e-06,9.87864233,10471.3608698,0.872687584261329,3.36955342e-06,9.01967758e-08,0.0901967758,2.39124894e-07,10.122039,10729.36134,0.8941894511033438,2.39124894e-07,2.00736935e-07,0.200736935
1635,3.36955342e-06,9.87851329,10471.224087400002,0.8726761847590381,3.36955342e-06,9.01972853e-08,0.0901972853,2.39124894e-07,10.1219899,10729.309294,0.8941851135679867,2.39124894e-07,2.00736937e-07,0.20073693699999998
1636,3.36955342e-06,9.87838467,10471.0877502,0.8726648223599006,3.36955342e-06,9.01978254e-08,0.0901978254,2.39124894e-07,10.1219408,10729.257248000002,0.8941807760326296,2.39124894e-07,2.00736987e-07,0.200736987
1637,3.36955342e-06,9.87825648,10470.951868799999,0.8726534979473255,3.36955342e-06,9.01983958e-08,0.0901983958,2.39124894e-07,10.1218915,10729.20499,0.8941764208291039,2.39124894e-07,2.00737087e-07,0.200737087
1638,3.36955342e-06,9.87812873,10470.8164538,0.8726422124047211,3.36955342e-06,9.01989963e-08,0.0901989963,2.39124894e-07,10.1218421,10729.152626000001,0.894172056791494,2.39124894e-07,2.00737235e-07,0.200737235
1639,3.36955342e-06,9.87800141,10470.6814946,0.8726309648486787,3.36955342e-06,9.01996268e-08,0.09019962679999999,2.39124894e-07,10.1217926,10729.100155999999,0.8941676839197997,2.39124894e-07,2.00737431e-07,0.200737431
1640,3.36955342e-06,9.87787454,10470.5470124,0.8726197570460157,3.36955342e-06,9.0200287e-08,0.09020028699999999,2.39124894e-07,10.1217429,10729.047473999999,0.8941632933799373,2.39124894e-07,2.00737675e-07,0.200737675
1641,3.36955342e-06,9.87774811,10470.4129966,0.872608588113323,3.36955342e-06,9.02009767e-08,0.0902009767,2.39124894e-07,10.1216932,10728.994792,0.8941589028400747,2.39124894e-07,2.00737967e-07,0.200737967
1642,3.36955342e-06,9.87762213,10470.279457800001,0.8725974589340095,3.36955342e-06,9.02016955e-08,0.0902016955,2.39124894e-07,10.1216433,10728.941898000001,0.8941544946320439,2.39124894e-07,2.00738306e-07,0.200738306
1643,3.36955342e-06,9.87749662,10470.1464172,0.8725863712748917,3.36955342e-06,9.02024433e-08,0.09020244329999999,2.39124894e-07,10.1215933,10728.888898000001,0.8941500775899286,2.39124894e-07,2.00738692e-07,0.200738692
1644,3.36955342e-06,9.87737157,10470.0138642,0.8725753242525616,3.36955342e-06,9.02032198e-08,0.0902032198,2.39124894e-07,10.1215432,10728.835792,0.8941456517137291,2.39124894e-07,2.00739124e-07,0.20073912400000002
1645,3.36955342e-06,9.87724698,10469.881798800001,0.8725643178670188,3.36955342e-06,9.02040248e-08,0.0902040248,2.39124894e-07,10.121493,10728.78258,0.8941412170034453,2.39124894e-07,2.00739603e-07,0.200739603
1646,3.36955342e-06,9.87712287,10469.750242200002,0.8725533538850804,3.36955342e-06,9.02048581e-08,0.09020485810000001,2.39124894e-07,10.1214427,10728.729261999999,0.8941367734590773,2.39124894e-07,2.00740127e-07,0.200740127
1647,3.36955342e-06,9.87699923,10469.6191838,0.8725424314233376,3.36955342e-06,9.02057194e-08,0.0902057194,2.39124894e-07,10.1213924,10728.675943999999,0.8941323299147094,2.39124894e-07,2.00740697e-07,0.200740697
1648,3.36955342e-06,9.87687608,10469.4886448,0.8725315522486078,3.36955342e-06,9.02066086e-08,0.0902066086,2.39124894e-07,10.1213419,10728.622414,0.894127868702173,2.39124894e-07,2.00741313e-07,0.200741313
1649,3.36955342e-06,9.8767534,10469.358604000001,0.872520714594074,3.36955342e-06,9.02075254e-08,0.0902075254,2.39124894e-07,10.1212913,10728.568777999999,0.8941233986555523,2.39124894e-07,2.00741973e-07,0.200741973
1650,3.36955342e-06,9.87663122,10469.2290932,0.8725099211099611,3.36955342e-06,9.02084696e-08,0.0902084696,2.39124894e-07,10.1212407,10728.515142,0.8941189286089318,2.39124894e-07,2.00742678e-07,0.200742678
1651,3.36955342e-06,9.87650953,10469.1001018,0.872499170912861,3.36955342e-06,9.02094408e-08,0.0902094408,2.39124894e-07,10.12119,10728.4614,0.894114449728227,2.39124894e-07,2.00743427e-07,0.200743427
1652,3.36955342e-06,9.87638834,10468.971640400001,0.8724884648861821,3.36955342e-06,9.02104389e-08,0.0902104389,2.39124894e-07,10.1211392,10728.407552,0.8941099620134378,2.39124894e-07,2.0074422e-07,0.20074422
1653,3.36955342e-06,9.87626766,10468.8437196,0.8724778039133326,3.36955342e-06,9.02114637e-08,0.09021146370000001,2.39124894e-07,10.1210884,10728.353704,0.8941054742986487,2.39124894e-07,2.00745057e-07,0.200745057
1654,3.36955342e-06,9.87614748,10468.716328800001,0.8724671871109045,3.36955342e-06,9.02125149e-08,0.0902125149,2.39124894e-07,10.1210374,10728.299644,0.8941009689156912,2.39124894e-07,2.00745937e-07,0.200745937
1655,3.36955342e-06,9.87602781,10468.5894786,0.8724566153623059,3.36955342e-06,9.02135923e-08,0.0902135923,2.39124894e-07,10.1209864,10728.245584,0.8940964635327336,2.39124894e-07,2.0074686e-07,0.20074686
1656,3.36955342e-06,9.87590865,10468.463168999999,0.8724460886675367,3.36955342e-06,9.02146956e-08,0.0902146956,2.39124894e-07,10.1209354,10728.191524,0.894091958149776,2.39124894e-07,2.00747826e-07,0.200747826
1657,3.36955342e-06,9.87579001,10468.3374106,0.8724356079100056,3.36955342e-06,9.02158247e-08,0.09021582469999999,2.39124894e-07,10.1208843,10728.137358,0.8940874439327343,2.39124894e-07,2.00748834e-07,0.200748834
1658,3.36955342e-06,9.8756719,10468.212214000001,0.8724251739731211,3.36955342e-06,9.02169792e-08,0.0902169792,2.39124894e-07,10.1208331,10728.083086,0.8940829208816083,2.39124894e-07,2.00749884e-07,0.200749884
1659,3.36955342e-06,9.87555431,10468.0875686,0.8724147859734744,3.36955342e-06,9.0218159e-08,0.090218159,2.39124894e-07,10.1207819,10728.028814000001,0.8940783978304824,2.39124894e-07,2.00750976e-07,0.200750976
1660,3.36955342e-06,9.87543727,10467.963506200002,0.8724044465612912,3.36955342e-06,9.02193639e-08,0.0902193639,2.39124894e-07,10.1207307,10727.974542,0.8940738747793563,2.39124894e-07,2.00752109e-07,0.20075210899999998
1661,3.36955342e-06,9.87532076,10467.8400056,0.8723941539697541,3.36955342e-06,9.02205937e-08,0.09022059369999999,2.39124894e-07,10.1206794,10727.920164000001,0.8940693428941461,2.39124894e-07,2.00753282e-07,0.20075328199999998
1662,3.36955342e-06,9.87520476,10467.7170456,0.8723839064320468,3.36955342e-06,9.0221848e-08,0.09022184800000001,2.39124894e-07,10.120628,10727.86568,0.8940648021748516,2.39124894e-07,2.00754497e-07,0.200754497
1663,3.36955342e-06,9.87508929,10467.5946474,0.8723737057149857,3.36955342e-06,9.02231263e-08,0.09022312630000001,2.39124894e-07,10.1205766,10727.811196,0.8940602614555572,2.39124894e-07,2.00755752e-07,0.200755752
1664,3.36955342e-06,9.87497439,10467.4728534,0.872363555352205,3.36955342e-06,9.02244287e-08,0.0902244287,2.39124894e-07,10.1205252,10727.756711999999,0.8940557207362625,2.39124894e-07,2.00757047e-07,0.200757047
1665,3.36955342e-06,9.87486004,10467.351642399999,0.8723534535768873,3.36955342e-06,9.02257549e-08,0.09022575490000001,2.39124894e-07,10.1204738,10727.702227999998,0.894051180016968,2.39124894e-07,2.00758381e-07,0.200758381
1666,3.36955342e-06,9.87474626,10467.2310356,0.8723434021558499,3.36955342e-06,9.02271048e-08,0.0902271048,2.39124894e-07,10.1204223,10727.647638,0.8940466304635895,2.39124894e-07,2.00759755e-07,0.20075975499999998
1667,3.36955342e-06,9.87463301,10467.1109906,0.8723333975554589,3.36955342e-06,9.02284782e-08,0.09022847819999999,2.39124894e-07,10.1203708,10727.593048,0.8940420809102108,2.39124894e-07,2.00761168e-07,0.20076116800000002
1668,3.36955342e-06,9.87452032,10466.9915392,0.8723234424259396,3.36955342e-06,9.02298746e-08,0.0902298746,2.39124894e-07,10.1203193,10727.538458,0.8940375313568321,2.39124894e-07,2.00762619e-07,0.200762619
1669,3.36955342e-06,9.87440819,10466.8726814,0.872313536767292,3.36955342e-06,9.0231294e-08,0.090231294,2.39124894e-07,10.1202677,10727.483762,0.8940329729693691,2.39124894e-07,2.00764109e-07,0.200764109
1670,3.36955342e-06,9.87429663,10466.7544278,0.8723036814629245,3.36955342e-06,9.0232736e-08,0.09023273600000001,2.39124894e-07,10.1202162,10727.429172,0.8940284234159904,2.39124894e-07,2.00765637e-07,0.200765637
1671,3.36955342e-06,9.87418564,10466.6367784,0.872293876512837,3.36955342e-06,9.02342005e-08,0.0902342005,2.39124894e-07,10.1201647,10727.374582,0.8940238738626117,2.39124894e-07,2.00767202e-07,0.200767202
1672,3.36955342e-06,9.87407522,10466.5197332,0.8722841219170298,3.36955342e-06,9.02356871e-08,0.0902356871,2.39124894e-07,10.1201131,10727.319886,0.8940193154751487,2.39124894e-07,2.00768805e-07,0.200768805
1673,3.36955342e-06,9.87396538,10466.4033028,0.8722744185589109,3.36955342e-06,9.02371957e-08,0.0902371957,2.39124894e-07,10.1200615,10727.26519,0.8940147570876859,2.39124894e-07,2.00770444e-07,0.20077044400000002
1674,3.36955342e-06,9.8738561,10466.287466,0.8722647646716638,3.36955342e-06,9.0238726e-08,0.090238726,2.39124894e-07,10.12001,10727.2106,0.8940102075343072,2.39124894e-07,2.0077212e-07,0.20077212
1675,3.36955342e-06,9.87374742,10466.1722652,0.8722551637889222,3.36955342e-06,9.0240278e-08,0.090240278,2.39124894e-07,10.1199584,10727.155904,0.8940056491468441,2.39124894e-07,2.00773833e-07,0.20077383299999998
1676,3.36955342e-06,9.87363932,10466.057679200001,0.872245614143869,3.36955342e-06,9.02418512e-08,0.0902418512,2.39124894e-07,10.1199068,10727.101208,0.8940010907593813,2.39124894e-07,2.00775581e-07,0.200775581
1677,3.36955342e-06,9.8735318,10465.943708,0.8722361157365044,3.36955342e-06,9.02434454e-08,0.0902434454,2.39124894e-07,10.1198553,10727.046617999998,0.8939965412060025,2.39124894e-07,2.00777365e-07,0.20077736499999999
1678,3.36955342e-06,9.87342487,10465.830362199998,0.8722266694502365,3.36955342e-06,9.02450603e-08,0.0902450603,2.39124894e-07,10.1198038,10726.992028,0.8939919916526239,2.39124894e-07,2.00779184e-07,0.200779184
1679,3.36955342e-06,9.87331853,10465.7176418,0.8722172752850659,3.36955342e-06,9.02466958e-08,0.09024669580000001,2.39124894e-07,10.1197522,10726.937332000001,0.8939874332651611,2.39124894e-07,2.00781039e-07,0.20078103900000002
1680,3.36955342e-06,9.87321279,10465.6055574,0.8722079341244007,3.36955342e-06,9.02483517e-08,0.09024835169999999,2.39124894e-07,10.1197007,10726.882742,0.8939828837117821,2.39124894e-07,2.00782928e-07,0.200782928
1681,3.36955342e-06,9.87310765,10465.494109,0.8721986459682406,3.36955342e-06,9.02500277e-08,0.0902500277,2.39124894e-07,10.1196492,10726.828152,0.8939783341584036,2.39124894e-07,2.00784851e-07,0.200784851
1682,3.36955342e-06,9.8730031,10465.383286,0.8721894099331777,3.36955342e-06,9.02517236e-08,0.0902517236,2.39124894e-07,10.1195978,10726.773668,0.893973793439109,2.39124894e-07,2.00786808e-07,0.200786808
1683,3.36955342e-06,9.87289915,10465.273099,0.8721802269026201,3.36955342e-06,9.02534391e-08,0.0902534391,2.39124894e-07,10.1195463,10726.719078,0.8939692438857303,2.39124894e-07,2.00788798e-07,0.200788798
1684,3.36955342e-06,9.87279581,10465.1635586,0.8721710977599763,3.36955342e-06,9.0255174e-08,0.09025517400000001,2.39124894e-07,10.1194949,10726.664594,0.8939647031664358,2.39124894e-07,2.00790822e-07,0.200790822
1685,3.36955342e-06,9.8726931,10465.054686,0.8721620242720631,3.36955342e-06,9.02569279e-08,0.09025692789999999,2.39124894e-07,10.1194435,10726.61011,0.8939601624471414,2.39124894e-07,2.00792879e-07,0.200792879
1686,3.36955342e-06,9.87259096,10464.9464176,0.8721530011384302,3.36955342e-06,9.02587008e-08,0.0902587008,2.39124894e-07,10.1193922,10726.555732,0.8939556305619312,2.39124894e-07,2.00794969e-07,0.20079496900000002
1687,3.36955342e-06,9.87248944,10464.838806400001,0.8721440327761194,3.36955342e-06,9.02604926e-08,0.09026049259999999,2.39124894e-07,10.1193409,10726.501354,0.8939510986767208,2.39124894e-07,2.0079709e-07,0.20079709
1688,3.36955342e-06,9.87238854,10464.731852399998,0.8721351191851306,3.36955342e-06,9.02623029e-08,0.0902623029,2.39124894e-07,10.1192896,10726.446976,0.8939465667915106,2.39124894e-07,2.00799244e-07,0.20079924400000002
1689,3.36955342e-06,9.87228825,10464.625545,0.872126259482056,3.36955342e-06,9.02641315e-08,0.0902641315,2.39124894e-07,10.1192384,10726.392704,0.8939420437403847,2.39124894e-07,2.00801429e-07,0.200801429
1690,3.36955342e-06,9.87218859,10464.5199054,0.8721174554337119,3.36955342e-06,9.02659781e-08,0.0902659781,2.39124894e-07,10.1191872,10726.338432,0.8939375206892587,2.39124894e-07,2.00803646e-07,0.200803646
1691,3.36955342e-06,9.87208956,10464.4149336,0.8721087070400984,3.36955342e-06,9.02678424e-08,0.0902678424,2.39124894e-07,10.1191361,10726.284266,0.8939330064722169,2.39124894e-07,2.00805893e-07,0.20080589299999999
1692,3.36955342e-06,9.87199114,10464.310608400001,0.8721000125343988,3.36955342e-06,9.02697243e-08,0.0902697243,2.39124894e-07,10.119085,10726.2301,0.8939284922551751,2.39124894e-07,2.00808171e-07,0.20080817099999998
1693,3.36955342e-06,9.87189334,10464.2069404,0.8720913728000214,3.36955342e-06,9.02716235e-08,0.0902716235,2.39124894e-07,10.1190339,10726.175933999999,0.8939239780381332,2.39124894e-07,2.00810479e-07,0.200810479
1694,3.36955342e-06,9.87179617,10464.103940199999,0.8720827887203745,3.36955342e-06,9.02735397e-08,0.0902735397,2.39124894e-07,10.118983,10726.12198,0.8939194814892599,2.39124894e-07,2.00812818e-07,0.20081281799999998
1695,3.36955342e-06,9.87169963,10464.0016078,0.8720742602954585,3.36955342e-06,9.02754728e-08,0.09027547279999999,2.39124894e-07,10.1189321,10726.068026,0.8939149849403867,2.39124894e-07,2.00815185e-07,0.200815185
1696,3.36955342e-06,9.87160375,10463.899975,0.8720657901754983,3.36955342e-06,9.02774227e-08,0.0902774227,2.39124894e-07,10.1188812,10726.014072,0.8939104883915133,2.39124894e-07,2.00817582e-07,0.20081758200000002
1697,3.36955342e-06,9.87150845,10463.798957,0.8720573712932267,3.36955342e-06,9.0279389e-08,0.090279389,2.39124894e-07,10.1188304,10725.960224,0.8939060006767242,2.39124894e-07,2.00820008e-07,0.200820008
1698,3.36955342e-06,9.87141378,10463.698606799999,0.8720490080656855,3.36955342e-06,9.02813717e-08,0.0902813717,2.39124894e-07,10.1187797,10725.906481999999,0.8939015217960192,2.39124894e-07,2.00822463e-07,0.200822463
1699,3.36955342e-06,9.87131977,10463.5989562,0.8720407031431004,3.36955342e-06,9.02833704e-08,0.09028337040000001,2.39124894e-07,10.118729,10725.85274,0.8938970429153146,2.39124894e-07,2.00824946e-07,0.20082494599999998
1700,3.36955342e-06,9.87122643,10463.5000158,0.8720324574088798,3.36955342e-06,9.02853847e-08,0.0902853847,2.39124894e-07,10.1186784,10725.799104,0.8938925728686938,2.39124894e-07,2.00827457e-07,0.200827457
1701,3.36955342e-06,9.87113372,10463.4017432,0.8720242673293896,3.36955342e-06,9.02874141e-08,0.09028741409999999,2.39124894e-07,10.1186279,10725.745574,0.8938881116561576,2.39124894e-07,2.00829995e-07,0.20082999499999998
1702,3.36955342e-06,9.87104161,10463.3041066,0.872016130254405,3.36955342e-06,9.02894589e-08,0.0902894589,2.39124894e-07,10.1185775,10725.69215,0.8938836592777054,2.39124894e-07,2.00832561e-07,0.200832561
1703,3.36955342e-06,9.87095013,10463.2071378,0.872008048834151,3.36955342e-06,9.02915191e-08,0.0902915191,2.39124894e-07,10.1185272,10725.638832,0.8938792157333374,2.39124894e-07,2.00835154e-07,0.200835154
1704,3.36955342e-06,9.87085935,10463.110911,0.8720000292524864,3.36955342e-06,9.02935944e-08,0.09029359440000001,2.39124894e-07,10.1184768,10725.585407999999,0.8938747633548851,2.39124894e-07,2.00837773e-07,0.20083777300000002
1705,3.36955342e-06,9.8707692,10463.015352,0.8719920653255527,3.36955342e-06,9.0295684e-08,0.090295684,2.39124894e-07,10.1184266,10725.532196,0.8938703286446015,2.39124894e-07,2.00840419e-07,0.200840419
1706,3.36955342e-06,9.87067966,10462.9204396,0.8719841552865327,3.36955342e-06,9.02977879e-08,0.0902977879,2.39124894e-07,10.1183765,10725.47909,0.893865902768402,2.39124894e-07,2.00843091e-07,0.200843091
1707,3.36955342e-06,9.8705908,10462.826248000001,0.8719763053192856,3.36955342e-06,9.02999061e-08,0.09029990610000001,2.39124894e-07,10.1183265,10725.42609,0.8938614857262869,2.39124894e-07,2.00845788e-07,0.200845788
1708,3.36955342e-06,9.87050255,10462.732703,0.8719685092399521,3.36955342e-06,9.03020384e-08,0.09030203839999999,2.39124894e-07,10.1182766,10725.373196,0.8938570775182558,2.39124894e-07,2.00848511e-07,0.200848511
1709,3.36955342e-06,9.87041497,10462.6398682,0.8719607723489831,3.36955342e-06,9.03041849e-08,0.0903041849,2.39124894e-07,10.1182268,10725.320408,0.8938526781443089,2.39124894e-07,2.00851258e-07,0.200851258
1710,3.36955342e-06,9.87032811,10462.547796600002,0.8719530990634206,3.36955342e-06,9.03063448e-08,0.09030634480000001,2.39124894e-07,10.1181769,10725.267514,0.8938482699362779,2.39124894e-07,2.00854031e-07,0.20085403100000002
1711,3.36955342e-06,9.87024185,10462.456360999999,0.8719454787823631,3.36955342e-06,9.03085175e-08,0.0903085175,2.39124894e-07,10.1181273,10725.214938,0.8938438882304995,2.39124894e-07,2.00856828e-07,0.200856828
1712,3.36955342e-06,9.87015621,10462.3655826,0.8719379132726282,3.36955342e-06,9.03107032e-08,0.09031070320000001,2.39124894e-07,10.1180778,10725.162468,0.8938395153588056,2.39124894e-07,2.00859648e-07,0.200859648
1713,3.36955342e-06,9.87007126,10462.2755356,0.8719304087180744,3.36955342e-06,9.0312902e-08,0.090312902,2.39124894e-07,10.1180284,10725.110104,0.8938351513211956,2.39124894e-07,2.00862493e-07,0.200862493
1714,3.36955342e-06,9.86998693,10462.1861458,0.8719229589348428,3.36955342e-06,9.03151137e-08,0.0903151137,2.39124894e-07,10.117979,10725.05774,0.8938307872835858,2.39124894e-07,2.00865361e-07,0.200865361
1715,3.36955342e-06,9.86990332,10462.0975192,0.8719155727570178,3.36955342e-06,9.0317338e-08,0.090317338,2.39124894e-07,10.1179297,10725.005481999999,0.8938264320800601,2.39124894e-07,2.00868252e-07,0.200868252
1716,3.36955342e-06,9.86982032,10462.0095392,0.8719082404671065,3.36955342e-06,9.03195743e-08,0.09031957430000001,2.39124894e-07,10.1178806,10724.953436,0.893822094544703,2.39124894e-07,2.00871166e-07,0.200871166
1717,3.36955342e-06,9.869738,10461.92228,0.8719009682489679,3.36955342e-06,9.03218226e-08,0.0903218226,2.39124894e-07,10.1178315,10724.901389999999,0.8938177570093457,2.39124894e-07,2.00874102e-07,0.200874102
1718,3.36955342e-06,9.86965629,10461.8356674,0.8718937499187431,3.36955342e-06,9.03240828e-08,0.0903240828,2.39124894e-07,10.1177827,10724.849661999999,0.8938134459762412,2.39124894e-07,2.00877061e-07,0.200877061
1719,3.36955342e-06,9.86957531,10461.749828600001,0.8718865960773333,3.36955342e-06,9.03263549e-08,0.0903263549,2.39124894e-07,10.1177338,10724.797828,0.8938091261090527,2.39124894e-07,2.00880041e-07,0.200880041
1720,3.36955342e-06,9.86949494,10461.664636399999,0.8718794961238371,3.36955342e-06,9.03286382e-08,0.0903286382,2.39124894e-07,10.1176851,10724.746206,0.8938048239100324,2.39124894e-07,2.00883043e-07,0.200883043
1721,3.36955342e-06,9.86941528,10461.5801968,0.8718724588923392,3.36955342e-06,9.03309327e-08,0.0903309327,2.39124894e-07,10.1176365,10724.69469,0.8938005305450963,2.39124894e-07,2.00886066e-07,0.200886066
1722,3.36955342e-06,9.86933623,10461.4964038,0.871865475548755,3.36955342e-06,9.03332379e-08,0.0903332379,2.39124894e-07,10.1175881,10724.643386000002,0.8937962548483289,2.39124894e-07,2.0088911e-07,0.20088910999999998
1723,3.36955342e-06,9.86925786,10461.413331599999,0.8718585522769434,3.36955342e-06,9.03355542e-08,0.0903355542,2.39124894e-07,10.1175398,10724.592187999999,0.8937919879856454,2.39124894e-07,2.00892175e-07,0.200892175
1724,3.36955342e-06,9.86918018,10461.330990800001,0.8718516899603134,3.36955342e-06,9.03378809e-08,0.0903378809,2.39124894e-07,10.1174915,10724.54099,0.8937877211229621,2.39124894e-07,2.0089526e-07,0.20089526
1725,3.36955342e-06,9.86910317,10461.249360200001,0.8718448868320475,3.36955342e-06,9.03402177e-08,0.0903402177,2.39124894e-07,10.1174433,10724.489898,0.8937834630943631,2.39124894e-07,2.00898365e-07,0.200898365
1726,3.36955342e-06,9.86902675,10461.168355,0.8718381358248785,3.36955342e-06,9.03425646e-08,0.0903425646,2.39124894e-07,10.1173955,10724.43923,0.8937792404021009,2.39124894e-07,2.00901489e-07,0.20090148900000002
1727,3.36955342e-06,9.868951,10461.088059999998,0.8718314440060737,3.36955342e-06,9.03449225e-08,0.09034492250000001,2.39124894e-07,10.1173477,10724.388562,0.8937750177098387,2.39124894e-07,2.00904633e-07,0.200904633
1728,3.36955342e-06,9.86887598,10461.0085388,0.8718248166760842,3.36955342e-06,9.03472906e-08,0.0903472906,2.39124894e-07,10.1173,10724.338,0.8937708038516607,2.39124894e-07,2.00907796e-07,0.200907796
1729,3.36955342e-06,9.86880165,10460.929749,0.8718182503012757,3.36955342e-06,9.03496675e-08,0.0903496675,2.39124894e-07,10.1172523,10724.287438000001,0.8937665899934829,2.39124894e-07,2.00910978e-07,0.200910978
1730,3.36955342e-06,9.86872796,10460.851637599999,0.8718117404646061,3.36955342e-06,9.03520529e-08,0.0903520529,2.39124894e-07,10.1172047,10724.236982,0.8937623849693891,2.39124894e-07,2.00914178e-07,0.200914178
1731,3.36955342e-06,9.86865487,10460.7741622,0.871805283632442,3.36955342e-06,9.03544474e-08,0.09035444740000001,2.39124894e-07,10.1171576,10724.187056,0.8937582241157166,2.39124894e-07,2.00917396e-07,0.200917396
1732,3.36955342e-06,9.86858246,10460.6974076,0.8717988868720509,3.36955342e-06,9.03568518e-08,0.0903568518,2.39124894e-07,10.1171105,10724.137130000001,0.8937540632620441,2.39124894e-07,2.00920632e-07,0.200920632
1733,3.36955342e-06,9.86851077,10460.6214162,0.871792553717066,3.36955342e-06,9.03592654e-08,0.0903592654,2.39124894e-07,10.1170633,10724.087098,0.8937498935742871,2.39124894e-07,2.00923886e-07,0.200923886
1734,3.36955342e-06,9.86843976,10460.5461456,0.8717862806338539,3.36955342e-06,9.03616869e-08,0.0903616869,2.39124894e-07,10.1170163,10724.037278,0.8937457415546989,2.39124894e-07,2.00927157e-07,0.200927157
1735,3.36955342e-06,9.86836934,10460.471500399999,0.8717800596717388,3.36955342e-06,9.03641165e-08,0.0903641165,2.39124894e-07,10.1169696,10723.987776,0.8937416160373632,2.39124894e-07,2.00930445e-07,0.200930445
1736,3.36955342e-06,9.86829961,10460.3975866,0.8717738996648049,3.36955342e-06,9.03665547e-08,0.0903665547,2.39124894e-07,10.1169231,10723.938486,0.893737508188196,2.39124894e-07,2.00933749e-07,0.200933749
1737,3.36955342e-06,9.8682306,10460.324436,0.8717678032632775,3.36955342e-06,9.0369001e-08,0.09036900099999999,2.39124894e-07,10.1168765,10723.88909,0.8937333915049447,2.39124894e-07,2.0093707e-07,0.20093707000000002
1738,3.36955342e-06,9.86816223,10460.2519638,0.871761763399889,3.36955342e-06,9.03714548e-08,0.0903714548,2.39124894e-07,10.1168301,10723.839906,0.8937292924898617,2.39124894e-07,2.00940407e-07,0.200940407
1739,3.36955342e-06,9.86809451,10460.1801806,0.8717557809580482,3.36955342e-06,9.0373916e-08,0.090373916,2.39124894e-07,10.1167839,10723.790934,0.8937252111429472,2.39124894e-07,2.0094376e-07,0.20094376
1740,3.36955342e-06,9.86802742,10460.1090652,0.8717498541709379,3.36955342e-06,9.03763849e-08,0.0903763849,2.39124894e-07,10.116738,10723.74228,0.8937211562982854,2.39124894e-07,2.00947128e-07,0.200947128
1741,3.36955342e-06,9.86796103,10460.0386918,0.8717439892224172,3.36955342e-06,9.03788618e-08,0.0903788618,2.39124894e-07,10.1166921,10723.693626,0.8937171014536236,2.39124894e-07,2.00950511e-07,0.200950511
1742,3.36955342e-06,9.86789535,10459.969071,0.8717381869958947,3.36955342e-06,9.03813455e-08,0.0903813455,2.39124894e-07,10.1166463,10723.645078,0.893713055443046,2.39124894e-07,2.0095391e-07,0.20095391
1743,3.36955342e-06,9.86783034,10459.900160399999,0.8717324439577363,3.36955342e-06,9.03838355e-08,0.0903838355,2.39124894e-07,10.1166006,10723.596636,0.8937090182665527,2.39124894e-07,2.00957323e-07,0.200957323
1744,3.36955342e-06,9.86776595,10459.831907000002,0.8717267556909005,3.36955342e-06,9.03863316e-08,0.09038633160000001,2.39124894e-07,10.1165552,10723.548512000001,0.8937050075923122,2.39124894e-07,2.0096075e-07,0.20096075
1745,3.36955342e-06,9.86770219,10459.7643214,0.871721123078795,3.36955342e-06,9.03888347e-08,0.0903888347,2.39124894e-07,10.1165101,10723.500705999999,0.893701023420324,2.39124894e-07,2.00964191e-07,0.20096419100000001
1746,3.36955342e-06,9.86763912,10459.6974672,0.8717155514218708,3.36955342e-06,9.03913448e-08,0.0903913448,2.39124894e-07,10.116465,10723.4529,0.8936970392483362,2.39124894e-07,2.00967647e-07,0.200967647
1747,3.36955342e-06,9.86757676,10459.6313656,0.8717100424869447,3.36955342e-06,9.03938613e-08,0.0903938613,2.39124894e-07,10.1164199,10723.405094,0.8936930550763482,2.39124894e-07,2.00971115e-07,0.200971115
1748,3.36955342e-06,9.86751507,10459.565974199999,0.8717045927403829,3.36955342e-06,9.03963833e-08,0.0903963833,2.39124894e-07,10.116375,10723.3575,0.8936890885725287,2.39124894e-07,2.00974597e-07,0.200974597
1749,3.36955342e-06,9.86745403,10459.5012718,0.8716992004153686,3.36955342e-06,9.03989104e-08,0.0903989104,2.39124894e-07,10.1163303,10723.310118,0.8936851397368776,2.39124894e-07,2.00978092e-07,0.200978092
1750,3.36955342e-06,9.86739362,10459.4372372,0.8716938637450851,3.36955342e-06,9.0401443e-08,0.090401443,2.39124894e-07,10.1162859,10723.263054,0.8936812174034793,2.39124894e-07,2.00981599e-07,0.20098159899999998
1751,3.36955342e-06,9.86733387,10459.373902199999,0.8716885853797572,3.36955342e-06,9.04039815e-08,0.09040398150000001,2.39124894e-07,10.1162417,10723.216202,0.8936773127382495,2.39124894e-07,2.00985119e-07,0.20098511900000002
1752,3.36955342e-06,9.8672748,10459.311288,0.8716833670862024,3.36955342e-06,9.04065257e-08,0.0904065257,2.39124894e-07,10.1161975,10723.16935,0.8936734080730195,2.39124894e-07,2.00988651e-07,0.20098865100000002
1753,3.36955342e-06,9.86721642,10459.2494052,0.8716782097478286,3.36955342e-06,9.04090751e-08,0.0904090751,2.39124894e-07,10.1161534,10723.122604,0.893669512241874,2.39124894e-07,2.00992194e-07,0.20099219399999999
1754,3.36955342e-06,9.86715869,10459.1882114,0.8716731098310023,3.36955342e-06,9.04116289e-08,0.0904116289,2.39124894e-07,10.1161095,10723.076070000001,0.8936656340788969,2.39124894e-07,2.0099575e-07,0.20099575
1755,3.36955342e-06,9.86710162,10459.1277172,0.8716680682191319,3.36955342e-06,9.04141872e-08,0.0904141872,2.39124894e-07,10.1160659,10723.029854,0.8936617824181723,2.39124894e-07,2.00999316e-07,0.20099931599999998
1756,3.36955342e-06,9.86704519,10459.067901400002,0.8716630831454009,3.36955342e-06,9.04167501e-08,0.0904167501,2.39124894e-07,10.1160224,10722.983744000001,0.8936579395915321,2.39124894e-07,2.01002894e-07,0.20100289400000002
1757,3.36955342e-06,9.86698942,10459.0087852,0.8716581563766254,3.36955342e-06,9.04193177e-08,0.0904193177,2.39124894e-07,10.1159791,10722.937846,0.8936541144330602,2.39124894e-07,2.01006482e-07,0.201006482
1758,3.36955342e-06,9.86693433,10458.9503898,0.8716532896796229,3.36955342e-06,9.04218897e-08,0.0904218897,2.39124894e-07,10.1159359,10722.892054,0.8936502981086726,2.39124894e-07,2.0101008e-07,0.20101008
1759,3.36955342e-06,9.8668799,10458.892694,0.8716484812875761,3.36955342e-06,9.04244657e-08,0.0904244657,2.39124894e-07,10.1158929,10722.846474,0.8936464994524534,2.39124894e-07,2.01013689e-07,0.20101368900000002
1760,3.36955342e-06,9.86682612,10458.8356872,0.871643730317077,3.36955342e-06,9.04270453e-08,0.0904270453,2.39124894e-07,10.1158501,10722.801105999999,0.8936427184644028,2.39124894e-07,2.01017308e-07,0.201017308
1761,3.36955342e-06,9.866773,10458.77938,0.8716390376515337,3.36955342e-06,9.04296286e-08,0.09042962859999999,2.39124894e-07,10.1158074,10722.755844,0.8936389463104364,2.39124894e-07,2.01020937e-07,0.20102093699999998
1762,3.36955342e-06,9.86672052,10458.7237512,0.8716344015241295,3.36955342e-06,9.04322156e-08,0.09043221559999999,2.39124894e-07,10.115765,10722.7109,0.8936352006587227,2.39124894e-07,2.01024575e-07,0.201024575
1763,3.36955342e-06,9.86666871,10458.6688326,0.8716298245850898,3.36955342e-06,9.04348061e-08,0.0904348061,2.39124894e-07,10.1157227,10722.666061999998,0.893631463841093,2.39124894e-07,2.01028222e-07,0.201028222
1764,3.36955342e-06,9.86661756,10458.6146136,0.871625305951006,3.36955342e-06,9.04374e-08,0.0904374,2.39124894e-07,10.1156805,10722.62133,0.893627735857548,2.39124894e-07,2.01031878e-07,0.201031878
1765,3.36955342e-06,9.86656706,10458.5610836,0.8716208447384695,3.36955342e-06,9.04399968e-08,0.09043999679999999,2.39124894e-07,10.1156386,10722.576916,0.8936240343762554,2.39124894e-07,2.01035542e-07,0.201035542
1766,3.36955342e-06,9.86651721,10458.508242599999,0.8716164409474805,3.36955342e-06,9.04425964e-08,0.09044259639999999,2.39124894e-07,10.1155968,10722.532608000001,0.8936203417290471,2.39124894e-07,2.01039215e-07,0.201039215
1767,3.36955342e-06,9.86646801,10458.4560906,0.8716120945780392,3.36955342e-06,9.04451988e-08,0.0904451988,2.39124894e-07,10.1155553,10722.488618000001,0.8936166755840914,2.39124894e-07,2.01042896e-07,0.201042896
1768,3.36955342e-06,9.86641946,10458.404627599999,0.8716078056301452,3.36955342e-06,9.04478039e-08,0.0904478039,2.39124894e-07,10.1155139,10722.444734,0.8936130182732199,2.39124894e-07,2.01046585e-07,0.201046585
1769,3.36955342e-06,9.86637156,10458.3538536,0.8716035741037989,3.36955342e-06,9.04504115e-08,0.09045041150000001,2.39124894e-07,10.1154726,10722.400956,0.8936093697964327,2.39124894e-07,2.01050282e-07,0.201050282
1770,3.36955342e-06,9.86632432,10458.3037792,0.8715994008824083,3.36955342e-06,9.04530214e-08,0.0904530214,2.39124894e-07,10.1154316,10722.357496,0.8936057478218983,2.39124894e-07,2.01053986e-07,0.201053986
1771,3.36955342e-06,9.86627772,10458.2543832,0.8715952841991569,3.36955342e-06,9.04556334e-08,0.0904556334,2.39124894e-07,10.1153907,10722.314142000001,0.893602134681448,2.39124894e-07,2.01057697e-07,0.201057697
1772,3.36955342e-06,9.86623176,10458.2056656,0.8715912240540447,3.36955342e-06,9.04582473e-08,0.0904582473,2.39124894e-07,10.1153501,10722.271106,0.8935985480432503,2.39124894e-07,2.01061415e-07,0.201061415
1773,3.36955342e-06,9.86618645,10458.157637,0.8715872213304798,3.36955342e-06,9.04608632e-08,0.0904608632,2.39124894e-07,10.1153096,10722.228176,0.893594970239137,2.39124894e-07,2.01065139e-07,0.201065139
1774,3.36955342e-06,9.86614175,10458.110255000001,0.8715832724948289,3.36955342e-06,9.04634809e-08,0.09046348089999999,2.39124894e-07,10.1152693,10722.185458,0.8935914101031921,2.39124894e-07,2.0106887e-07,0.20106886999999998
1775,3.36955342e-06,9.86609775,10458.063615,0.8715793854977673,3.36955342e-06,9.04661006e-08,0.0904661006,2.39124894e-07,10.1152292,10722.142952,0.8935878676354158,2.39124894e-07,2.01072607e-07,0.201072607
1776,3.36955342e-06,9.86605439,10458.0176534,0.871575555038845,3.36955342e-06,9.04687214e-08,0.09046872140000001,2.39124894e-07,10.1151892,10722.100552,0.8935843340017235,2.39124894e-07,2.0107635e-07,0.20107635
1777,3.36955342e-06,9.86601166,10457.9723596,0.8715717802346533,3.36955342e-06,9.0471343e-08,0.09047134300000001,2.39124894e-07,10.1151494,10722.058364,0.8935808180361998,2.39124894e-07,2.01080099e-07,0.201080099
1778,3.36955342e-06,9.86596952,10457.9276912,0.8715680575515586,3.36955342e-06,9.04739654e-08,0.09047396540000001,2.39124894e-07,10.11511,10722.016599999999,0.8935773374070128,2.39124894e-07,2.01083853e-07,0.201083853
1779,3.36955342e-06,9.86592806,10457.8837436,0.8715643949402365,3.36955342e-06,9.04765892e-08,0.0904765892,2.39124894e-07,10.1150706,10721.974836,0.8935738567778261,2.39124894e-07,2.01087612e-07,0.201087612
1780,3.36955342e-06,9.86588726,10457.8404956,0.8715607906338705,3.36955342e-06,9.04792137e-08,0.09047921369999999,2.39124894e-07,10.1150314,10721.933283999999,0.8935703938168077,2.39124894e-07,2.01091376e-07,0.201091376
1781,3.36955342e-06,9.86584706,10457.7978836,0.8715572393320099,3.36955342e-06,9.0481839e-08,0.090481839,2.39124894e-07,10.1149924,10721.891944,0.893566948523958,2.39124894e-07,2.01095145e-07,0.201095145
1782,3.36955342e-06,9.86580749,10457.7559394,0.8715537436848799,3.36955342e-06,9.0484465e-08,0.090484465,2.39124894e-07,10.1149537,10721.850922,0.8935635297333606,2.39124894e-07,2.01098918e-07,0.20109891800000002
1783,3.36955342e-06,9.86576857,10457.7146842,0.8715503054592975,3.36955342e-06,9.04870913e-08,0.0904870913,2.39124894e-07,10.1149151,10721.810006,0.8935601197768477,2.39124894e-07,2.01102696e-07,0.201102696
1784,3.36955342e-06,9.86573025,10457.674065000001,0.8715469202382203,3.36955342e-06,9.04897178e-08,0.09048971780000001,2.39124894e-07,10.1148768,10721.769408,0.8935567363225875,2.39124894e-07,2.01106477e-07,0.201106477
1785,3.36955342e-06,9.86569261,10457.6341666,0.871543595088916,3.36955342e-06,9.04923444e-08,0.0904923444,2.39124894e-07,10.1148385,10721.728809999999,0.893553352868327,2.39124894e-07,2.01110262e-07,0.201110262
1786,3.36955342e-06,9.86565559,10457.594925399999,0.8715403247109337,3.36955342e-06,9.04949707e-08,0.09049497070000001,2.39124894e-07,10.1148004,10721.688424,0.8935499870822353,2.39124894e-07,2.01114051e-07,0.20111405100000002
1787,3.36955342e-06,9.86561917,10457.556320200001,0.8715371073374572,3.36955342e-06,9.04975967e-08,0.0904975967,2.39124894e-07,10.1147627,10721.648462,0.8935466566324803,2.39124894e-07,2.01117843e-07,0.201117843
1788,3.36955342e-06,9.86558336,10457.518361600001,0.8715339438518942,3.36955342e-06,9.05002225e-08,0.09050022249999999,2.39124894e-07,10.1147251,10721.608606,0.8935433350168098,2.39124894e-07,2.01121638e-07,0.201121638
1789,3.36955342e-06,9.86554818,10457.481070799999,0.8715308360210617,3.36955342e-06,9.05028483e-08,0.09050284830000001,2.39124894e-07,10.1146878,10721.569068,0.8935400399033919,2.39124894e-07,2.01125436e-07,0.201125436
1790,3.36955342e-06,9.86551364,10457.4444584,0.8715277847283686,3.36955342e-06,9.05054737e-08,0.0905054737,2.39124894e-07,10.1146505,10721.52953,0.8935367447899738,2.39124894e-07,2.01129236e-07,0.20112923600000002
1791,3.36955342e-06,9.86547974,10457.4085244,0.8715247899738144,3.36955342e-06,9.05080981e-08,0.0905080981,2.39124894e-07,10.1146135,10721.490310000001,0.8935334761788086,2.39124894e-07,2.01133039e-07,0.20113303899999999
1792,3.36955342e-06,9.86544644,10457.3732264,0.8715218482237657,3.36955342e-06,9.05107212e-08,0.0905107212,2.39124894e-07,10.1145767,10721.451302000001,0.8935302252358118,2.39124894e-07,2.01136844e-07,0.201136844
1793,3.36955342e-06,9.86541374,10457.338564399999,0.8715189594782222,3.36955342e-06,9.05133433e-08,0.0905133433,2.39124894e-07,10.1145401,10721.412505999999,0.8935269919609833,2.39124894e-07,2.01140651e-07,0.201140651
1794,3.36955342e-06,9.86538167,10457.3045702,0.8715161263874096,3.36955342e-06,9.05159644e-08,0.0905159644,2.39124894e-07,10.1145037,10721.373922,0.8935237763543236,2.39124894e-07,2.0114446e-07,0.20114446
1795,3.36955342e-06,9.86535019,10457.271201399999,0.8715133454176938,3.36955342e-06,9.05185842e-08,0.09051858419999999,2.39124894e-07,10.1144675,10721.33555,0.893520578415832,2.39124894e-07,2.0114827e-07,0.20114827
1796,3.36955342e-06,9.86531933,10457.2384898,0.8715106192193003,3.36955342e-06,9.0521203e-08,0.09052120300000001,2.39124894e-07,10.1144316,10721.297496,0.8935174069795933,2.39124894e-07,2.01152082e-07,0.201152082
1797,3.36955342e-06,9.8652891,10457.206446,0.8715079486756375,3.36955342e-06,9.05238204e-08,0.0905238204,2.39124894e-07,10.1143957,10721.259441999999,0.8935142355433544,2.39124894e-07,2.01155895e-07,0.201155895
1798,3.36955342e-06,9.86525949,10457.1750594,0.8715053329032969,3.36955342e-06,9.05264357e-08,0.09052643569999999,2.39124894e-07,10.1143601,10721.221706,0.8935110906093685,2.39124894e-07,2.01159708e-07,0.20115970800000002
1799,3.36955342e-06,9.86523047,10457.1442982,0.8715027692520532,3.36955342e-06,9.05290486e-08,0.0905290486,2.39124894e-07,10.1143247,10721.184181999999,0.8935079633435509,2.39124894e-07,2.01163522e-07,0.201163522
1800,3.36955342e-06,9.86520201,10457.1141306,0.8715002550716812,3.36955342e-06,9.05316601e-08,0.0905316601,2.39124894e-07,10.1142897,10721.147082000001,0.8935048714140703,2.39124894e-07,2.01167337e-07,0.201167337
1801,3.36955342e-06,9.86517419,10457.084641399999,0.8714977974294481,3.36955342e-06,9.05342701e-08,0.09053427010000001,2.39124894e-07,10.1142547,10721.109982,0.8935017794845895,2.39124894e-07,2.01171152e-07,0.201171152
1802,3.36955342e-06,9.86514698,10457.0557988,0.8714953936751291,3.36955342e-06,9.05368777e-08,0.09053687769999999,2.39124894e-07,10.1142198,10721.072988,0.8934986963891931,2.39124894e-07,2.01174966e-07,0.201174966
1803,3.36955342e-06,9.86512035,10457.027571,0.8714930411584986,3.36955342e-06,9.05394827e-08,0.09053948269999999,2.39124894e-07,10.1141853,10721.036418000002,0.8934956486301338,2.39124894e-07,2.01178781e-07,0.201178781
1804,3.36955342e-06,9.8650943,10456.999958,0.8714907398795565,3.36955342e-06,9.05420853e-08,0.09054208529999999,2.39124894e-07,10.1141511,10721.000166000002,0.8934926273733269,2.39124894e-07,2.01182595e-07,0.201182595
1805,3.36955342e-06,9.86506889,10456.9730234,0.8714884951387535,3.36955342e-06,9.05446854e-08,0.09054468539999999,2.39124894e-07,10.1141169,10720.963914000002,0.8934896061165201,2.39124894e-07,2.01186409e-07,0.20118640899999998
1806,3.36955342e-06,9.86504404,10456.946682400001,0.8714862998688223,3.36955342e-06,9.05472826e-08,0.0905472826,2.39124894e-07,10.114083,10720.92798,0.8934866113619658,2.39124894e-07,2.01190222e-07,0.201190222
1807,3.36955342e-06,9.86501981,10456.9209986,0.8714841593702132,3.36955342e-06,9.05498771e-08,0.0905498771,2.39124894e-07,10.1140492,10720.892152,0.893483625441496,2.39124894e-07,2.01194034e-07,0.20119403400000002
1808,3.36955342e-06,9.86499613,10456.8958978,0.8714820674590673,3.36955342e-06,9.05524687e-08,0.0905524687,2.39124894e-07,10.1140158,10720.856748,0.8934806748573629,2.39124894e-07,2.01197844e-07,0.201197844
1809,3.36955342e-06,9.86497303,10456.871411799999,0.8714800267856101,3.36955342e-06,9.05550577e-08,0.09055505770000001,2.39124894e-07,10.1139826,10720.821556,0.8934777419413984,2.39124894e-07,2.01201653e-07,0.20120165299999998
1810,3.36955342e-06,9.86495054,10456.8475724,0.8714780400000667,3.36955342e-06,9.05576437e-08,0.09055764370000001,2.39124894e-07,10.1139495,10720.786470000001,0.8934748178595182,2.39124894e-07,2.01205461e-07,0.201205461
1811,3.36955342e-06,9.86492865,10456.824369,0.8714761062190286,3.36955342e-06,9.05602259e-08,0.0905602259,2.39124894e-07,10.1139166,10720.751596,0.8934719114458063,2.39124894e-07,2.01209266e-07,0.201209266
1812,3.36955342e-06,9.86490734,10456.801780400001,0.8714742236756792,3.36955342e-06,9.05628043e-08,0.09056280430000001,2.39124894e-07,10.1138839,10720.716934,0.8934690227002628,2.39124894e-07,2.0121307e-07,0.20121307
1813,3.36955342e-06,9.86488658,10456.779774800001,0.871472389719793,3.36955342e-06,9.05653789e-08,0.0905653789,2.39124894e-07,10.1138515,10720.68259,0.8934661604569722,2.39124894e-07,2.01216872e-07,0.20121687200000002
1814,3.36955342e-06,9.86486639,10456.7583734,0.8714706061181867,3.36955342e-06,9.05679501e-08,0.0905679501,2.39124894e-07,10.1138194,10720.648564000001,0.8934633247159343,2.39124894e-07,2.01220671e-07,0.201220671
1815,3.36955342e-06,9.86484676,10456.7375656,0.8714688719874524,3.36955342e-06,9.05705179e-08,0.0905705179,2.39124894e-07,10.1137875,10720.61475,0.8934605066430648,2.39124894e-07,2.01224467e-07,0.201224467
1816,3.36955342e-06,9.86482771,10456.7173726,0.8714671890944063,3.36955342e-06,9.05730823e-08,0.09057308230000001,2.39124894e-07,10.1137557,10720.581042,0.8934576974042794,2.39124894e-07,2.01228261e-07,0.201228261
1817,3.36955342e-06,9.86480926,10456.697815599999,0.8714655592058658,3.36955342e-06,9.05756425e-08,0.0905756425,2.39124894e-07,10.1137241,10720.547546000002,0.8934549058336627,2.39124894e-07,2.01232051e-07,0.20123205100000002
1818,3.36955342e-06,9.86479138,10456.6788628,0.8714639796716054,3.36955342e-06,9.0578198e-08,0.090578198,2.39124894e-07,10.1136927,10720.514261999999,0.8934521319312141,2.39124894e-07,2.01235839e-07,0.201235839
1819,3.36955342e-06,9.86477406,10456.6605036,0.8714624496082167,3.36955342e-06,9.05807488e-08,0.0905807488,2.39124894e-07,10.1136616,10720.481296,0.8934493845310185,2.39124894e-07,2.01239623e-07,0.201239623
1820,3.36955342e-06,9.86475728,10456.6427168,0.8714609672488828,3.36955342e-06,9.05832952e-08,0.0905832952,2.39124894e-07,10.1136307,10720.448542,0.8934466547989913,2.39124894e-07,2.01243404e-07,0.20124340400000001
1821,3.36955342e-06,9.86474105,10456.625512999999,0.8714595334770122,3.36955342e-06,9.05858374e-08,0.0905858374,2.39124894e-07,10.1136001,10720.416105999999,0.8934439515692166,2.39124894e-07,2.01247181e-07,0.201247181
1822,3.36955342e-06,9.86472537,10456.6088922,0.8714581482926049,3.36955342e-06,9.05883755e-08,0.0905883755,2.39124894e-07,10.1135697,10720.383882,0.8934412660076106,2.39124894e-07,2.01250953e-07,0.20125095299999998
1823,3.36955342e-06,9.86471027,10456.5928862,0.8714568143458861,3.36955342e-06,9.05909092e-08,0.0905909092,2.39124894e-07,10.1135395,10720.35187,0.8934385981141731,2.39124894e-07,2.01254722e-07,0.201254722
1824,3.36955342e-06,9.86469573,10456.5774738,0.8714555298700389,3.36955342e-06,9.05934378e-08,0.09059343780000001,2.39124894e-07,10.1135094,10720.319964,0.8934359390548197,2.39124894e-07,2.01258486e-07,0.20125848600000001
1825,3.36955342e-06,9.86468175,10456.562655000002,0.8714542948650637,3.36955342e-06,9.0595961e-08,0.090595961,2.39124894e-07,10.1134796,10720.288376,0.893433306497719,2.39124894e-07,2.01262246e-07,0.201262246
1826,3.36955342e-06,9.86466831,10456.548408600001,0.8714531075641431,3.36955342e-06,9.05984787e-08,0.0905984787,2.39124894e-07,10.11345,10720.257,0.8934306916087867,2.39124894e-07,2.01266002e-07,0.201266002
1827,3.36955342e-06,9.8646554,10456.534724000001,0.871451967083869,3.36955342e-06,9.06009911e-08,0.0906009911,2.39124894e-07,10.1134207,10720.225942000001,0.8934281032221073,2.39124894e-07,2.01269752e-07,0.201269752
1828,3.36955342e-06,9.86464302,10456.5216012,0.8714508734242411,3.36955342e-06,9.06034987e-08,0.0906034987,2.39124894e-07,10.1133916,10720.195096,0.8934255325035961,2.39124894e-07,2.01273497e-07,0.201273497
1829,3.36955342e-06,9.86463118,10456.5090508,0.8714498274686682,3.36955342e-06,9.06060012e-08,0.09060600120000001,2.39124894e-07,10.1133628,10720.164568,0.8934229882873378,2.39124894e-07,2.01277238e-07,0.201277238
1830,3.36955342e-06,9.8646199,10456.497093999998,0.8714488309839669,3.36955342e-06,9.06084984e-08,0.0906084984,2.39124894e-07,10.1133341,10720.134145999999,0.8934204529051635,2.39124894e-07,2.01280972e-07,0.201280972
1831,3.36955342e-06,9.86460917,10456.4857202,0.871447883086729,3.36955342e-06,9.06109898e-08,0.0906109898,2.39124894e-07,10.1133056,10720.103936,0.8934179351911579,2.39124894e-07,2.01284702e-07,0.201284702
1832,3.36955342e-06,9.86459897,10456.4749082,0.8714469820101376,3.36955342e-06,9.0613475e-08,0.090613475,2.39124894e-07,10.1132774,10720.074043999999,0.8934154439794049,2.39124894e-07,2.01288425e-07,0.201288425
1833,3.36955342e-06,9.86458929,10456.4646474,0.871446126870784,3.36955342e-06,9.06159541e-08,0.09061595409999999,2.39124894e-07,10.1132494,10720.044364000001,0.8934129704358205,2.39124894e-07,2.01292143e-07,0.20129214299999998
1834,3.36955342e-06,9.86458013,10456.454937800001,0.8714453176686686,3.36955342e-06,9.06184271e-08,0.0906184271,2.39124894e-07,10.1132216,10720.014895999999,0.8934105145604042,2.39124894e-07,2.01295854e-07,0.201295854
1835,3.36955342e-06,9.86457149,10456.445779399999,0.871444554403791,3.36955342e-06,9.06208942e-08,0.09062089420000001,2.39124894e-07,10.1131941,10719.985745999998,0.8934080851872408,2.39124894e-07,2.01299559e-07,0.201299559
1836,3.36955342e-06,9.86456336,10456.4371616,0.8714438361927431,3.36955342e-06,9.06233555e-08,0.0906233555,2.39124894e-07,10.1131669,10719.956914,0.8934056823163303,2.39124894e-07,2.01303258e-07,0.20130325799999998
1837,3.36955342e-06,9.86455577,10456.4291162,0.8714431656857501,3.36955342e-06,9.06258109e-08,0.0906258109,2.39124894e-07,10.1131398,10719.928188000002,0.8934032882795039,2.39124894e-07,2.0130695e-07,0.20130694999999998
1838,3.36955342e-06,9.8645487,10456.421622,0.8714425411159948,3.36955342e-06,9.062826e-08,0.09062826,2.39124894e-07,10.1131129,10719.899674,0.8934009119108458,2.39124894e-07,2.01310635e-07,0.201310635
1839,3.36955342e-06,9.86454217,10456.4147002,0.8714419642502947,3.36955342e-06,9.06307022e-08,0.0906307022,2.39124894e-07,10.1130863,10719.871478000001,0.8933985620444406,2.39124894e-07,2.01314314e-07,0.201314314
1840,3.36955342e-06,9.86453614,10456.4083084,0.8714414315550155,3.36955342e-06,9.06331374e-08,0.09063313740000001,2.39124894e-07,10.1130598,10719.843388000001,0.8933962210121195,2.39124894e-07,2.01317985e-07,0.201317985
1841,3.36955342e-06,9.8645306,10456.402436,0.8714409421467492,3.36955342e-06,9.06355655e-08,0.0906355655,2.39124894e-07,10.1130337,10719.815722000001,0.8933939153161353,2.39124894e-07,2.01321649e-07,0.201321649
1842,3.36955342e-06,9.86452558,10456.3971148,0.8714404986757208,3.36955342e-06,9.0637987e-08,0.090637987,2.39124894e-07,10.1130078,10719.788268,0.8933916272883196,2.39124894e-07,2.01325306e-07,0.201325306
1843,3.36955342e-06,9.86452105,10456.392313,0.8714400984917052,3.36955342e-06,9.0640402e-08,0.090640402,2.39124894e-07,10.1129821,10719.761026,0.8933893569286723,2.39124894e-07,2.01328955e-07,0.201328955
1844,3.36955342e-06,9.86451703,10456.3880518,0.8714397433615192,3.36955342e-06,9.06428103e-08,0.0906428103,2.39124894e-07,10.1129567,10719.734102,0.8933871130712778,2.39124894e-07,2.01332596e-07,0.201332596
1845,3.36955342e-06,9.86451348,10456.3842888,0.8714394297515289,3.36955342e-06,9.06452115e-08,0.0906452115,2.39124894e-07,10.1129315,10719.70739,0.8933848868820516,2.39124894e-07,2.0133623e-07,0.20133623
1846,3.36955342e-06,9.86451046,10456.3810876,0.8714391629621852,3.36955342e-06,9.06476061e-08,0.0906476061,2.39124894e-07,10.1129065,10719.68089,0.893382678360994,2.39124894e-07,2.01339855e-07,0.201339855
1847,3.36955342e-06,9.86450796,10456.378437599999,0.8714389421100792,3.36955342e-06,9.06499929e-08,0.0906499929,2.39124894e-07,10.1128816,10719.654496,0.8933804786740206,2.39124894e-07,2.01343472e-07,0.201343472
1848,3.36955342e-06,9.86450596,10456.376317600001,0.8714387654283948,3.36955342e-06,9.06523713e-08,0.0906523713,2.39124894e-07,10.112857,10719.62842,0.8933783054892999,2.39124894e-07,2.0134708e-07,0.20134708
1849,3.36955342e-06,9.86450439,10456.3746534,0.8714386267332723,3.36955342e-06,9.06547417e-08,0.0906547417,2.39124894e-07,10.1128327,10719.602662000001,0.8933761588068321,2.39124894e-07,2.0135068e-07,0.20135068
1850,3.36955342e-06,9.86450329,10456.3734874,0.8714385295583459,3.36955342e-06,9.06571051e-08,0.0906571051,2.39124894e-07,10.1128088,10719.577328,0.8933740474607008,2.39124894e-07,2.01354272e-07,0.201354272
1851,3.36955342e-06,9.86450269,10456.3728514,0.8714384765538404,3.36955342e-06,9.06594619e-08,0.0906594619,2.39124894e-07,10.112785,10719.5521,0.893371944948654,2.39124894e-07,2.01357854e-07,0.201357854
1852,3.36955342e-06,9.8645026,10456.372756,0.8714384686031647,3.36955342e-06,9.06618112e-08,0.0906618112,2.39124894e-07,10.1127614,10719.527084,0.8933698601047756,2.39124894e-07,2.01361427e-07,0.201361427
1853,3.36955342e-06,9.864503,10456.373179999999,0.8714385039395014,3.36955342e-06,9.0664152e-08,0.09066415200000001,2.39124894e-07,10.1127379,10719.502174000001,0.8933677840949815,2.39124894e-07,2.01364992e-07,0.201364992
1854,3.36955342e-06,9.86450386,10456.374091599999,0.8714385799126259,3.36955342e-06,9.06664841e-08,0.0906664841,2.39124894e-07,10.1127147,10719.477582,0.89336573458744,2.39124894e-07,2.01368546e-07,0.201368546
1855,3.36955342e-06,9.86450518,10456.375490800001,0.8714386965225379,3.36955342e-06,9.06688078e-08,0.0906688078,2.39124894e-07,10.1126919,10719.453414,0.8933637204162354,2.39124894e-07,2.01372092e-07,0.201372092
1856,3.36955342e-06,9.86450699,10456.3774094,0.8714388564194624,3.36955342e-06,9.06711236e-08,0.0906711236,2.39124894e-07,10.1126691,10719.429246,0.8933617062450309,2.39124894e-07,2.01375628e-07,0.201375628
1857,3.36955342e-06,9.86450923,10456.3797838,0.871439054302949,3.36955342e-06,9.06734312e-08,0.0906734312,2.39124894e-07,10.1126467,10719.405502000001,0.8933597274101633,2.39124894e-07,2.01379154e-07,0.201379154
1858,3.36955342e-06,9.86451189,10456.3826034,0.8714392892895896,3.36955342e-06,9.06757311e-08,0.09067573109999999,2.39124894e-07,10.1126248,10719.382288,0.8933577927457168,2.39124894e-07,2.0138267e-07,0.20138266999999999
1859,3.36955342e-06,9.8645151,10456.386006,0.8714395728636934,3.36955342e-06,9.06780231e-08,0.0906780231,2.39124894e-07,10.1126027,10719.358862000001,0.8933558404131019,2.39124894e-07,2.01386176e-07,0.201386176
1860,3.36955342e-06,9.86451877,10456.3898962,0.8714398970745847,3.36955342e-06,9.06803056e-08,0.0906803056,2.39124894e-07,10.1125809,10719.335754,0.8933539145827395,2.39124894e-07,2.01389672e-07,0.20138967200000002
1861,3.36955342e-06,9.86452285,10456.394221,0.8714402575052214,3.36955342e-06,9.0682579e-08,0.090682579,2.39124894e-07,10.1125595,10719.31307,0.8933520240887143,2.39124894e-07,2.01393157e-07,0.201393157
1862,3.36955342e-06,9.86452736,10456.3990016,0.8714406559224201,3.36955342e-06,9.06848444e-08,0.0906848444,2.39124894e-07,10.1125383,10719.290598000001,0.8933501512628574,2.39124894e-07,2.01396632e-07,0.201396632
1863,3.36955342e-06,9.86453236,10456.4043016,0.8714410976266316,3.36955342e-06,9.06871015e-08,0.09068710149999999,2.39124894e-07,10.1125173,10719.268338,0.893348296105169,2.39124894e-07,2.01400096e-07,0.201400096
1864,3.36955342e-06,9.86453781,10456.4100786,0.8714415790842222,3.36955342e-06,9.06893496e-08,0.09068934960000001,2.39124894e-07,10.1124964,10719.246184,0.8933464497815647,2.39124894e-07,2.01403549e-07,0.201403549
1865,3.36955342e-06,9.86454372,10456.4163432,0.8714421011786002,3.36955342e-06,9.06915881e-08,0.0906915881,2.39124894e-07,10.1124758,10719.224348,0.8933446299602132,2.39124894e-07,2.01406992e-07,0.201406992
1866,3.36955342e-06,9.86455004,10456.4230424,0.8714426594927236,3.36955342e-06,9.06938169e-08,0.09069381689999999,2.39124894e-07,10.1124555,10719.20283,0.8933428366411146,2.39124894e-07,2.01410424e-07,0.201410424
1867,3.36955342e-06,9.86455678,10456.430186799998,0.8714432549100006,3.36955342e-06,9.06960366e-08,0.0906960366,2.39124894e-07,10.1124356,10719.181735999999,0.8933410786583525,2.39124894e-07,2.01413844e-07,0.201413844
1868,3.36955342e-06,9.86456395,10456.437787,0.8714438883138401,3.36955342e-06,9.06982477e-08,0.0906982477,2.39124894e-07,10.1124158,10719.160748,0.8933393295096751,2.39124894e-07,2.01417253e-07,0.201417253
1869,3.36955342e-06,9.86457157,10456.4458642,0.8714445614710585,3.36955342e-06,9.07004501e-08,0.0907004501,2.39124894e-07,10.1123962,10719.139971999999,0.8933375980291658,2.39124894e-07,2.0142065e-07,0.20142064999999998
1870,3.36955342e-06,9.86457963,10456.4544078,0.8714452734982474,3.36955342e-06,9.07026431e-08,0.0907026431,2.39124894e-07,10.1123768,10719.119408,0.8933358842168252,2.39124894e-07,2.01424036e-07,0.201424036
1871,3.36955342e-06,9.86458813,10456.4634178,0.871446024395407,3.36955342e-06,9.07048259e-08,0.0907048259,2.39124894e-07,10.1123576,10719.099056,0.8933341880726527,2.39124894e-07,2.0142741e-07,0.20142741
1872,3.36955342e-06,9.86459703,10456.472851800001,0.8714468106289036,3.36955342e-06,9.07069988e-08,0.0907069988,2.39124894e-07,10.1123388,10719.079128,0.8933325272648175,2.39124894e-07,2.01430772e-07,0.20143077199999998
1873,3.36955342e-06,9.86460632,10456.4826992,0.8714476313153285,3.36955342e-06,9.07091623e-08,0.09070916229999999,2.39124894e-07,10.1123202,10719.059411999999,0.8933308841251506,2.39124894e-07,2.01434122e-07,0.201434122
1874,3.36955342e-06,9.86461604,10456.493002399999,0.8714484899883156,3.36955342e-06,9.07113166e-08,0.09071131660000001,2.39124894e-07,10.1123019,10719.040014,0.8933292674877366,2.39124894e-07,2.0143746e-07,0.20143746
1875,3.36955342e-06,9.86462618,10456.5037508,0.8714493857644567,3.36955342e-06,9.07134615e-08,0.09071346150000001,2.39124894e-07,10.1122837,10719.020722000001,0.8933276596844066,2.39124894e-07,2.01440786e-07,0.201440786
1876,3.36955342e-06,9.86463675,10456.514955,0.8714503195271599,3.36955342e-06,9.07155964e-08,0.0907155964,2.39124894e-07,10.1122657,10719.001642,0.893326069549245,2.39124894e-07,2.014441e-07,0.20144410000000001
1877,3.36955342e-06,9.86464773,10456.5265938,0.8714512895096083,3.36955342e-06,9.07177209e-08,0.0907177209,2.39124894e-07,10.112248,10718.98288,0.8933245059163362,2.39124894e-07,2.014474e-07,0.2014474
1878,3.36955342e-06,9.86465909,10456.5386354,0.8714522930615769,3.36955342e-06,9.07198352e-08,0.0907198352,2.39124894e-07,10.1122306,10718.964436,0.8933229687856802,2.39124894e-07,2.01450689e-07,0.20145068900000002
1879,3.36955342e-06,9.86467084,10456.5510904,0.871453331066474,3.36955342e-06,9.07219397e-08,0.0907219397,2.39124894e-07,10.1122135,10718.94631,0.8933214581572767,2.39124894e-07,2.01453964e-07,0.201453964
1880,3.36955342e-06,9.864683,10456.563979999999,0.8714544052911164,3.36955342e-06,9.07240344e-08,0.0907240344,2.39124894e-07,10.1121965,10718.92829,0.8933199563629576,2.39124894e-07,2.01457227e-07,0.20145722700000002
1881,3.36955342e-06,9.86469553,10456.577261800001,0.8714555122018706,3.36955342e-06,9.07261192e-08,0.0907261192,2.39124894e-07,10.1121798,10718.910588,0.8933184810708911,2.39124894e-07,2.01460476e-07,0.201460476
1882,3.36955342e-06,9.8647085,10456.59101,0.8714566579825952,3.36955342e-06,9.0728194e-08,0.09072819400000001,2.39124894e-07,10.1121633,10718.893098,0.893317023446993,2.39124894e-07,2.01463712e-07,0.201463712
1883,3.36955342e-06,9.86472185,10456.605161000001,0.8714578373328401,3.36955342e-06,9.07302579e-08,0.0907302579,2.39124894e-07,10.112147,10718.875820000001,0.8933155834912635,2.39124894e-07,2.01466935e-07,0.20146693499999999
1884,3.36955342e-06,9.86473557,10456.6197042,0.8714590493691965,3.36955342e-06,9.07323112e-08,0.0907323112,2.39124894e-07,10.112131,10718.85886,0.8933141700377866,2.39124894e-07,2.01470145e-07,0.201470145
1885,3.36955342e-06,9.86474968,10456.634660799999,0.8714602958584812,3.36955342e-06,9.07343541e-08,0.09073435410000001,2.39124894e-07,10.1121153,10718.842218,0.8933127830865624,2.39124894e-07,2.01473341e-07,0.201473341
1886,3.36955342e-06,9.86476416,10456.6500096,0.8714615750338779,3.36955342e-06,9.07363867e-08,0.0907363867,2.39124894e-07,10.1120997,10718.825682,0.8933114049694225,2.39124894e-07,2.01476524e-07,0.201476524
1887,3.36955342e-06,9.86477904,10456.6657824,0.8714628895456114,3.36955342e-06,9.07384086e-08,0.0907384086,2.39124894e-07,10.1120843,10718.809357999999,0.8933100445204508,2.39124894e-07,2.01479693e-07,0.201479693
1888,3.36955342e-06,9.86479427,10456.6819262,0.8714642349766398,3.36955342e-06,9.07404193e-08,0.0907404193,2.39124894e-07,10.1120693,10718.793458,0.8933087194078164,2.39124894e-07,2.01482848e-07,0.20148284800000002
1889,3.36955342e-06,9.86480986,10456.6984516,0.8714656122103712,3.36955342e-06,9.07424197e-08,0.0907424197,2.39124894e-07,10.1120546,10718.777876,0.8933074207974345,2.39124894e-07,2.01485989e-07,0.201485989
1890,3.36955342e-06,9.86482583,10456.7153798,0.8714670230136229,3.36955342e-06,9.07444095e-08,0.0907444095,2.39124894e-07,10.11204,10718.7624,0.8933061310211368,2.39124894e-07,2.01489116e-07,0.201489116
1891,3.36955342e-06,9.86484218,10456.7327108,0.8714684673863946,3.36955342e-06,9.07463883e-08,0.0907463883,2.39124894e-07,10.1120256,10718.747136000002,0.8933048589130078,2.39124894e-07,2.01492229e-07,0.201492229
1892,3.36955342e-06,9.86485887,10456.750402200001,0.8714699417950527,3.36955342e-06,9.07483562e-08,0.09074835619999999,2.39124894e-07,10.1120116,10718.732296,0.8933036221412154,2.39124894e-07,2.01495327e-07,0.20149532699999997
1893,3.36955342e-06,9.86487591,10456.7684646,0.8714714471230055,3.36955342e-06,9.07503135e-08,0.0907503135,2.39124894e-07,10.1119977,10718.717562,0.8933023942035073,2.39124894e-07,2.01498412e-07,0.20149841200000002
1894,3.36955342e-06,9.86489334,10456.7869404,0.8714729869038869,3.36955342e-06,9.07522597e-08,0.09075225969999999,2.39124894e-07,10.111984,10718.70304,0.8933011839339677,2.39124894e-07,2.01501481e-07,0.201501481
1895,3.36955342e-06,9.86491109,10456.805755399999,0.8714745549538376,3.36955342e-06,9.07541945e-08,0.0907541945,2.39124894e-07,10.1119707,10718.688942,0.8933000090007651,2.39124894e-07,2.01504536e-07,0.20150453599999998
1896,3.36955342e-06,9.8649292,10456.824952,0.871476154806492,3.36955342e-06,9.07561183e-08,0.0907561183,2.39124894e-07,10.1119575,10718.67495,0.8932988429016467,2.39124894e-07,2.01507577e-07,0.20150757700000002
1897,3.36955342e-06,9.86494764,10456.8444984,0.871477783811624,3.36955342e-06,9.07580309e-08,0.0907580309,2.39124894e-07,10.1119446,10718.661275999999,0.8932977033047809,2.39124894e-07,2.01510602e-07,0.20151060199999998
1898,3.36955342e-06,9.86496643,10456.8644158,0.871479443736051,3.36955342e-06,9.07599326e-08,0.0907599326,2.39124894e-07,10.111932,10718.64792,0.8932965902101678,2.39124894e-07,2.01513613e-07,0.201513613
1899,3.36955342e-06,9.86498557,10456.8847042,0.8714811345797726,3.36955342e-06,9.07618231e-08,0.0907618231,2.39124894e-07,10.1119195,10718.634670000001,0.8932954859496391,2.39124894e-07,2.01516608e-07,0.20151660799999999
1900,3.36955342e-06,9.86500504,10456.9053424,0.8714828545759723,3.36955342e-06,9.07637021e-08,0.09076370210000001,2.39124894e-07,10.1119073,10718.621738,0.893294408191363,2.39124894e-07,2.01519589e-07,0.201519589
1901,3.36955342e-06,9.86502485,10456.926340999999,0.8714846046080582,3.36955342e-06,9.07655695e-08,0.09076556949999999,2.39124894e-07,10.1118953,10718.609018000001,0.8932933481012554,2.39124894e-07,2.01522554e-07,0.201522554
1902,3.36955342e-06,9.86504498,10456.947678800001,0.8714863829092141,3.36955342e-06,9.07674253e-08,0.0907674253,2.39124894e-07,10.1118836,10718.596616,0.8932923145134004,2.39124894e-07,2.01525504e-07,0.201525504
1903,3.36955342e-06,9.86506542,10456.969345200001,0.8714881885960308,3.36955342e-06,9.07692699e-08,0.0907692699,2.39124894e-07,10.1118721,10718.584426,0.8932912985937138,2.39124894e-07,2.01528438e-07,0.201528438
1904,3.36955342e-06,9.86508622,10456.9913932,0.8714900260855506,3.36955342e-06,9.0771103e-08,0.090771103,2.39124894e-07,10.1118607,10718.572342,0.8932902915081116,2.39124894e-07,2.01531357e-07,0.201531357
1905,3.36955342e-06,9.86510732,10457.0137592,0.8714918900773232,3.36955342e-06,9.0772924e-08,0.090772924,2.39124894e-07,10.1118497,10718.560682000001,0.8932893197588463,2.39124894e-07,2.01534261e-07,0.201534261
1906,3.36955342e-06,9.86512871,10457.0364326,0.8714937796879402,3.36955342e-06,9.07747337e-08,0.0907747337,2.39124894e-07,10.111839,10718.54934,0.8932883745118335,2.39124894e-07,2.01537148e-07,0.201537148
1907,3.36955342e-06,9.86515044,10457.0594664,0.8714956993344435,3.36955342e-06,9.07765323e-08,0.0907765323,2.39124894e-07,10.1118285,10718.538209999999,0.8932874469329892,2.39124894e-07,2.0154002e-07,0.20154002000000001
1908,3.36955342e-06,9.86517248,10457.0828288,0.8714976463666078,3.36955342e-06,9.0778319e-08,0.090778319,2.39124894e-07,10.1118181,10718.527186000001,0.8932865281882295,2.39124894e-07,2.01542876e-07,0.20154287599999998
1909,3.36955342e-06,9.86519485,10457.106541,0.8714996225512501,3.36955342e-06,9.07800935e-08,0.0907800935,2.39124894e-07,10.1118079,10718.516374,0.893285627111638,2.39124894e-07,2.01545716e-07,0.20154571599999999
1910,3.36955342e-06,9.8652175,10457.13055,0.8715016234713284,3.36955342e-06,9.0781856e-08,0.09078185600000001,2.39124894e-07,10.1117981,10718.505986,0.8932847613713832,2.39124894e-07,2.0154854e-07,0.20154854
1911,3.36955342e-06,9.86524043,10457.1548558,0.8715036491268424,3.36955342e-06,9.0783607e-08,0.090783607,2.39124894e-07,10.1117885,10718.495809999999,0.893283913299297,2.39124894e-07,2.01551348e-07,0.201551348
1912,3.36955342e-06,9.86526367,10457.179490199998,0.8715057021680175,3.36955342e-06,9.07853464e-08,0.09078534640000001,2.39124894e-07,10.1117791,10718.485846,0.8932830828953794,2.39124894e-07,2.01554139e-07,0.20155413900000002
1913,3.36955342e-06,9.86528722,10457.2044532,0.871507782594854,3.36955342e-06,9.07870739e-08,0.0907870739,2.39124894e-07,10.1117699,10718.476094000001,0.8932822701596304,2.39124894e-07,2.01556915e-07,0.201556915
1914,3.36955342e-06,9.86531108,10457.229744799999,0.8715098904073513,3.36955342e-06,9.07887891e-08,0.0907887891,2.39124894e-07,10.1117609,10718.466554,0.8932814750920496,2.39124894e-07,2.01559673e-07,0.201559673
1915,3.36955342e-06,9.86533521,10457.2553226,0.8715120220718762,3.36955342e-06,9.07904917e-08,0.09079049169999999,2.39124894e-07,10.1117522,10718.457332,0.8932807065267214,2.39124894e-07,2.01562416e-07,0.201562416
1916,3.36955342e-06,9.86535958,10457.281154799999,0.871514174938203,3.36955342e-06,9.07921826e-08,0.09079218260000001,2.39124894e-07,10.1117439,10718.448534000001,0.8932799732977305,2.39124894e-07,2.01565142e-07,0.201565142
1917,3.36955342e-06,9.86538426,10457.307315600001,0.8715163551901913,3.36955342e-06,9.07938622e-08,0.0907938622,2.39124894e-07,10.1117356,10718.439735999998,0.893279240068739,2.39124894e-07,2.01567851e-07,0.20156785100000002
1918,3.36955342e-06,9.86540925,10457.333805,0.8715185628278405,3.36955342e-06,9.07955295e-08,0.0907955295,2.39124894e-07,10.1117275,10718.43115,0.8932785245079166,2.39124894e-07,2.01570543e-07,0.20157054300000002
1919,3.36955342e-06,9.86543451,10457.3605806,0.871520794317517,3.36955342e-06,9.0797184e-08,0.09079718399999999,2.39124894e-07,10.1117196,10718.422776000001,0.8932778266152624,2.39124894e-07,2.01573219e-07,0.201573219
1920,3.36955342e-06,9.86546001,10457.387610599999,0.8715230470089957,3.36955342e-06,9.07988263e-08,0.0907988263,2.39124894e-07,10.1117121,10718.414826,0.8932771640589451,2.39124894e-07,2.01575878e-07,0.20157587800000001
1921,3.36955342e-06,9.86548577,10457.4149162,0.8715253226690935,3.36955342e-06,9.08004569e-08,0.0908004569,2.39124894e-07,10.1117049,10718.407194,0.8932765280048804,2.39124894e-07,2.0157852e-07,0.20157851999999998
1922,3.36955342e-06,9.86551182,10457.4425292,0.8715276239480356,3.36955342e-06,9.08020755e-08,0.09080207550000001,2.39124894e-07,10.1116978,10718.399668,0.8932759007849,2.39124894e-07,2.01581145e-07,0.20158114500000002
1923,3.36955342e-06,9.86553814,10457.4704284,0.871529949079005,3.36955342e-06,9.08036817e-08,0.0908036817,2.39124894e-07,10.1116908,10718.392248,0.893275282399004,2.39124894e-07,2.01583752e-07,0.20158375199999998
1924,3.36955342e-06,9.86556473,10457.498613799999,0.8715322980620018,3.36955342e-06,9.08052751e-08,0.0908052751,2.39124894e-07,10.1116841,10718.385146,0.8932746905153606,2.39124894e-07,2.01586343e-07,0.201586343
1925,3.36955342e-06,9.86559156,10457.5270536,0.871534668246801,3.36955342e-06,9.08068559e-08,0.0908068559,2.39124894e-07,10.1116777,10718.378362,0.8932741251339698,2.39124894e-07,2.01588916e-07,0.201588916
1926,3.36955342e-06,9.86561863,10457.555747800001,0.8715370596334023,3.36955342e-06,9.08084245e-08,0.09080842450000001,2.39124894e-07,10.1116715,10718.37179,0.8932735774207474,2.39124894e-07,2.01591473e-07,0.201591473
1927,3.36955342e-06,9.86564595,10457.584707,0.871539473105214,3.36955342e-06,9.08099811e-08,0.09080998109999999,2.39124894e-07,10.1116655,10718.365430000002,0.8932730473756938,2.39124894e-07,2.01594011e-07,0.20159401100000002
1928,3.36955342e-06,9.86567352,10457.6139312,0.8715419086622362,3.36955342e-06,9.08115253e-08,0.0908115253,2.39124894e-07,10.1116598,10718.359388,0.8932725438328926,2.39124894e-07,2.01596533e-07,0.201596533
1929,3.36955342e-06,9.86570136,10457.6434416,0.871544368071286,3.36955342e-06,9.08130571e-08,0.0908130571,2.39124894e-07,10.1116542,10718.353452,0.8932720491241756,2.39124894e-07,2.01599036e-07,0.201599036
1930,3.36955342e-06,9.86572944,10457.6732064,0.871546848682138,3.36955342e-06,9.08145759e-08,0.0908145759,2.39124894e-07,10.1116488,10718.347727999999,0.8932715720836271,2.39124894e-07,2.01601523e-07,0.201601523
1931,3.36955342e-06,9.86575774,10457.703204399999,0.8715493487279752,3.36955342e-06,9.08160822e-08,0.0908160822,2.39124894e-07,10.1116437,10718.342322,0.8932711215453314,2.39124894e-07,2.01603991e-07,0.201603991
1932,3.36955342e-06,9.86578626,10457.733435600001,0.8715518682087978,3.36955342e-06,9.08175758e-08,0.0908175758,2.39124894e-07,10.1116389,10718.337234,0.8932706975092883,2.39124894e-07,2.01606442e-07,0.201606442
1933,3.36955342e-06,9.86581501,10457.7639106,0.8715544080080141,3.36955342e-06,9.08190572e-08,0.0908190572,2.39124894e-07,10.1116342,10718.332251999998,0.8932702823073293,2.39124894e-07,2.01608876e-07,0.201608876
1934,3.36955342e-06,9.86584399,10457.7946294,0.871556968125624,3.36955342e-06,9.08205262e-08,0.09082052619999999,2.39124894e-07,10.1116298,10718.327588,0.8932698936076233,2.39124894e-07,2.01611291e-07,0.201611291
1935,3.36955342e-06,9.86587322,10457.825613199999,0.8715595503284446,3.36955342e-06,9.08219827e-08,0.0908219827,2.39124894e-07,10.1116255,10718.323030000001,0.8932695137420016,2.39124894e-07,2.01613689e-07,0.201613689
1936,3.36955342e-06,9.86590267,10457.8568302,0.8715621519662505,3.36955342e-06,9.08234266e-08,0.09082342659999999,2.39124894e-07,10.1116215,10718.31879,0.8932691603786321,2.39124894e-07,2.01616068e-07,0.201616068
1937,3.36955342e-06,9.86593233,10457.8882698,0.8715647721556332,3.36955342e-06,9.08248577e-08,0.0908248577,2.39124894e-07,10.1116177,10718.314762,0.8932688246834315,2.39124894e-07,2.0161843e-07,0.20161843
1938,3.36955342e-06,9.86596221,10457.9199426,0.8715674117800013,3.36955342e-06,9.08262759e-08,0.09082627589999999,2.39124894e-07,10.1116141,10718.310946000001,0.8932685066563992,2.39124894e-07,2.01620774e-07,0.201620774
1939,3.36955342e-06,9.8659923,10457.951838,0.8715700699559463,3.36955342e-06,9.0827681e-08,0.09082768100000001,2.39124894e-07,10.1116107,10718.307342,0.8932682062975353,2.39124894e-07,2.016231e-07,0.2016231
1940,3.36955342e-06,9.86602258,10457.983934799999,0.8715727449166512,3.36955342e-06,9.08290734e-08,0.0908290734,2.39124894e-07,10.1116076,10718.304055999999,0.8932679324409241,2.39124894e-07,2.01625407e-07,0.201625407
1941,3.36955342e-06,9.86605306,10458.016243600001,0.8715754375455248,3.36955342e-06,9.08304536e-08,0.0908304536,2.39124894e-07,10.1116047,10718.300981999999,0.8932676762524814,2.39124894e-07,2.01627697e-07,0.201627697
1942,3.36955342e-06,9.86608377,10458.048796199999,0.8715781504927919,3.36955342e-06,9.08318215e-08,0.0908318215,2.39124894e-07,10.111602,10718.29812,0.8932674377322072,2.39124894e-07,2.01629968e-07,0.201629968
1943,3.36955342e-06,9.86611469,10458.0815714,0.871580881991636,3.36955342e-06,9.08331764e-08,0.0908331764,2.39124894e-07,10.1115994,10718.295364,0.8932672080460172,2.39124894e-07,2.01632221e-07,0.201632221
1944,3.36955342e-06,9.8661458,10458.114548,0.8715836302752401,3.36955342e-06,9.08345181e-08,0.0908345181,2.39124894e-07,10.1115971,10718.292925999998,0.8932670048620799,2.39124894e-07,2.01634455e-07,0.201634455
1945,3.36955342e-06,9.86617709,10458.1477154,0.8715863944601958,3.36955342e-06,9.08358467e-08,0.0908358467,2.39124894e-07,10.111595,10718.2907,0.8932668193463111,2.39124894e-07,2.01636672e-07,0.201636672
1946,3.36955342e-06,9.86620856,10458.1810736,0.8715891745465032,3.36955342e-06,9.08371627e-08,0.0908371627,2.39124894e-07,10.1115931,10718.288686,0.8932666514987108,2.39124894e-07,2.0163887e-07,0.20163887
1947,3.36955342e-06,9.86624023,10458.2146438,0.871591972300979,3.36955342e-06,9.08384663e-08,0.0908384663,2.39124894e-07,10.1115915,10718.286989999999,0.893266510153363,2.39124894e-07,2.01641049e-07,0.201641049
1948,3.36955342e-06,9.86627209,10458.248415400001,0.8715947868402149,3.36955342e-06,9.08397571e-08,0.0908397571,2.39124894e-07,10.11159,10718.285399999999,0.8932663776420995,2.39124894e-07,2.0164321e-07,0.20164321
1949,3.36955342e-06,9.86630413,10458.2823778,0.8715976172808022,3.36955342e-06,9.08410348e-08,0.0908410348,2.39124894e-07,10.1115887,10718.284022,0.8932662627990046,2.39124894e-07,2.01645353e-07,0.201645353
1950,3.36955342e-06,9.86633634,10458.3165204,0.8716004627393329,3.36955342e-06,9.08422996e-08,0.0908422996,2.39124894e-07,10.1115876,10718.282856,0.893266165624078,2.39124894e-07,2.01647477e-07,0.201647477
1951,3.36955342e-06,9.86636873,10458.350853799999,0.871603324099215,3.36955342e-06,9.08435515e-08,0.09084355150000001,2.39124894e-07,10.1115868,10718.282008,0.8932660949514043,2.39124894e-07,2.01649583e-07,0.201649583
1952,3.36955342e-06,9.86640129,10458.3853674,0.8716062004770406,3.36955342e-06,9.08447906e-08,0.0908447906,2.39124894e-07,10.1115861,10718.281266,0.8932660331128146,2.39124894e-07,2.01651669e-07,0.201651669
1953,3.36955342e-06,9.86643402,10458.4200612,0.8716090918728092,3.36955342e-06,9.08460169e-08,0.0908460169,2.39124894e-07,10.1115857,10718.280841999998,0.8932659977764775,2.39124894e-07,2.01653738e-07,0.201653738
1954,3.36955342e-06,9.86646692,10458.454935200001,0.8716119982865211,3.36955342e-06,9.08472303e-08,0.09084723030000001,2.39124894e-07,10.1115854,10718.280524,0.893265971274225,2.39124894e-07,2.01655787e-07,0.201655787
1955,3.36955342e-06,9.86649998,10458.4899788,0.8716149188347677,3.36955342e-06,9.08484308e-08,0.0908484308,2.39124894e-07,10.1115853,10718.280418,0.8932659624401408,2.39124894e-07,2.01657818e-07,0.201657818
1956,3.36955342e-06,9.8665332,10458.525192,0.871617853517549,3.36955342e-06,9.08496183e-08,0.0908496183,2.39124894e-07,10.1115855,10718.280630000001,0.8932659801083094,2.39124894e-07,2.0165983e-07,0.20165983
1957,3.36955342e-06,9.86656657,10458.5605642,0.8716208014514567,3.36955342e-06,9.0850793e-08,0.090850793,2.39124894e-07,10.1115858,10718.280948,0.8932660066105619,2.39124894e-07,2.01661824e-07,0.201661824
1958,3.36955342e-06,9.8666001,10458.596105999999,0.8716237635198991,3.36955342e-06,9.08519547e-08,0.0908519547,2.39124894e-07,10.1115864,10718.281584,0.8932660596150673,2.39124894e-07,2.01663798e-07,0.201663798
1959,3.36955342e-06,9.86663378,10458.6318068,0.8716267388394681,3.36955342e-06,9.08531036e-08,0.0908531036,2.39124894e-07,10.1115871,10718.282325999999,0.8932661214536568,2.39124894e-07,2.01665754e-07,0.201665754
1960,3.36955342e-06,9.86666761,10458.6676666,0.8716297274101632,3.36955342e-06,9.08542395e-08,0.09085423949999999,2.39124894e-07,10.111588,10718.28328,0.893266200960415,2.39124894e-07,2.01667691e-07,0.20166769099999998
1961,3.36955342e-06,9.86670158,10458.703674800001,0.8716327283485764,3.36955342e-06,9.08553626e-08,0.0908553626,2.39124894e-07,10.1115892,10718.284552,0.8932663069694257,2.39124894e-07,2.01669609e-07,0.201669609
1962,3.36955342e-06,9.8667357,10458.739841999999,0.8716357425381157,3.36955342e-06,9.08564726e-08,0.0908564726,2.39124894e-07,10.1115905,10718.28593,0.8932664218125208,2.39124894e-07,2.01671508e-07,0.201671508
1963,3.36955342e-06,9.86676995,10458.776147,0.8716387682119647,3.36955342e-06,9.08575698e-08,0.09085756980000001,2.39124894e-07,10.111592,10718.28752,0.8932665543237842,2.39124894e-07,2.01673389e-07,0.20167338899999998
1964,3.36955342e-06,9.86680434,10458.8126004,0.8716418062535316,3.36955342e-06,9.08586541e-08,0.0908586541,2.39124894e-07,10.1115937,10718.289322,0.8932667045032162,2.39124894e-07,2.0167525e-07,0.20167525
1965,3.36955342e-06,9.86683886,10458.8491916,0.871644855779408,3.36955342e-06,9.08597254e-08,0.0908597254,2.39124894e-07,10.1115956,10718.291335999998,0.8932668723508164,2.39124894e-07,2.01677093e-07,0.201677093
1966,3.36955342e-06,9.86687351,10458.8859206,0.8716479167895937,3.36955342e-06,9.08607839e-08,0.09086078389999999,2.39124894e-07,10.1115977,10718.293562,0.8932670578665854,2.39124894e-07,2.01678916e-07,0.201678916
1967,3.36955342e-06,9.86690829,10458.922787399999,0.8716509892840891,3.36955342e-06,9.08618294e-08,0.09086182940000001,2.39124894e-07,10.1115999,10718.295893999999,0.8932672522164383,2.39124894e-07,2.01680721e-07,0.201680721
1968,3.36955342e-06,9.86694319,10458.9597814,0.8716540723794857,3.36955342e-06,9.0862862e-08,0.090862862,2.39124894e-07,10.1116024,10718.298544000001,0.8932674730685443,2.39124894e-07,2.01682506e-07,0.201682506
1969,3.36955342e-06,9.86697822,10458.9969132,0.8716571669591916,3.36955342e-06,9.08638817e-08,0.0908638817,2.39124894e-07,10.111605,10718.301300000001,0.8932677027547342,2.39124894e-07,2.01684273e-07,0.201684273
1970,3.36955342e-06,9.86701336,10459.034161599999,0.87166027125639,3.36955342e-06,9.08648885e-08,0.0908648885,2.39124894e-07,10.1116078,10718.304268,0.8932679501090927,2.39124894e-07,2.0168602e-07,0.20168602
1971,3.36955342e-06,9.86704861,10459.071526599999,0.8716633852710813,3.36955342e-06,9.08658825e-08,0.0908658825,2.39124894e-07,10.1116109,10718.307554,0.8932682239657038,2.39124894e-07,2.01687749e-07,0.201687749
1972,3.36955342e-06,9.86708398,10459.1090188,0.8716665098866737,3.36955342e-06,9.08668635e-08,0.09086686349999999,2.39124894e-07,10.111614,10718.31084,0.893268497822315,2.39124894e-07,2.01689459e-07,0.201689459
1973,3.36955342e-06,9.86711946,10459.1466276,0.8716696442197587,3.36955342e-06,9.08678317e-08,0.0908678317,2.39124894e-07,10.1116174,10718.314444,0.8932687981811788,2.39124894e-07,2.01691149e-07,0.201691149
1974,3.36955342e-06,9.86715504,10459.1843424,0.8716727873869279,3.36955342e-06,9.08687869e-08,0.0908687869,2.39124894e-07,10.111621,10718.31826,0.893269116208211,2.39124894e-07,2.01692821e-07,0.201692821
1975,3.36955342e-06,9.86719073,10459.2221738,0.8716759402715899,3.36955342e-06,9.08697294e-08,0.0908697294,2.39124894e-07,10.1116247,10718.322182,0.8932694430693275,2.39124894e-07,2.01694473e-07,0.201694473
1976,3.36955342e-06,9.86722652,10459.2601112,0.8716791019903358,3.36955342e-06,9.08706589e-08,0.09087065890000001,2.39124894e-07,10.1116286,10718.326315999999,0.8932697875986125,2.39124894e-07,2.01696106e-07,0.201696106
1977,3.36955342e-06,9.86726241,10459.298154600001,0.8716822725431663,3.36955342e-06,9.08715756e-08,0.0908715756,2.39124894e-07,10.1116327,10718.330662,0.893270149796066,2.39124894e-07,2.01697721e-07,0.201697721
1978,3.36955342e-06,9.86729837,10459.3362722,0.8716854492798555,3.36955342e-06,9.08724796e-08,0.0908724796,2.39124894e-07,10.111637,10718.33522,0.893270529661688,2.39124894e-07,2.01699316e-07,0.201699316
1979,3.36955342e-06,9.86733446,10459.3745276,0.8716886375008543,3.36955342e-06,9.08733709e-08,0.0908733709,2.39124894e-07,10.1116414,10718.339883999999,0.893270918361394,2.39124894e-07,2.01700892e-07,0.201700892
1980,3.36955342e-06,9.86737062,10459.4128572,0.8716918319057121,3.36955342e-06,9.08742491e-08,0.0908742491,2.39124894e-07,10.111646,10718.34476,0.8932713247292687,2.39124894e-07,2.01702449e-07,0.201702449
1981,3.36955342e-06,9.86740686,10459.451271599999,0.871695033377837,3.36955342e-06,9.08751146e-08,0.0908751146,2.39124894e-07,10.1116508,10718.349848,0.8932717487653118,2.39124894e-07,2.01703987e-07,0.201703987
1982,3.36955342e-06,9.86744319,10459.4897814,0.871698242800638,3.36955342e-06,9.08759673e-08,0.0908759673,2.39124894e-07,10.1116557,10718.355042,0.893272181635439,2.39124894e-07,2.01705506e-07,0.201705506
1983,3.36955342e-06,9.86747961,10459.5283866,0.8717014601741149,3.36955342e-06,9.08768073e-08,0.0908768073,2.39124894e-07,10.1116608,10718.360448,0.8932726321737348,2.39124894e-07,2.01707006e-07,0.201707006
1984,3.36955342e-06,9.86751611,10459.5670766,0.871704684614859,3.36955342e-06,9.08776344e-08,0.0908776344,2.39124894e-07,10.1116661,10718.366066,0.893273100380199,2.39124894e-07,2.01708487e-07,0.201708487
1985,3.36955342e-06,9.86755267,10459.6058302,0.8717079143560537,3.36955342e-06,9.08784487e-08,0.0908784487,2.39124894e-07,10.1116716,10718.371895999999,0.8932735862548316,2.39124894e-07,2.01709949e-07,0.201709949
1986,3.36955342e-06,9.86758929,10459.6446474,0.8717111493976989,3.36955342e-06,9.08792506e-08,0.0908792506,2.39124894e-07,10.1116773,10718.377938,0.8932740897976328,2.39124894e-07,2.01711392e-07,0.201711392
1987,3.36955342e-06,9.86762601,10459.6835706,0.8717143932734283,3.36955342e-06,9.08800398e-08,0.0908800398,2.39124894e-07,10.111683,10718.383979999999,0.8932745933404339,2.39124894e-07,2.01712816e-07,0.201712816
1988,3.36955342e-06,9.86766278,10459.7225468,0.8717176415661998,3.36955342e-06,9.0880816e-08,0.090880816,2.39124894e-07,10.1116889,10718.390234,0.8932751145514036,2.39124894e-07,2.01714221e-07,0.201714221
1989,3.36955342e-06,9.86769961,10459.761586600001,0.8717208951594221,3.36955342e-06,9.08815796e-08,0.0908815796,2.39124894e-07,10.1116951,10718.396806,0.893275662264626,2.39124894e-07,2.01715607e-07,0.20171560700000002
1990,3.36955342e-06,9.86773651,10459.8007006,0.871724154936503,3.36955342e-06,9.0882331e-08,0.090882331,2.39124894e-07,10.1117014,10718.403483999999,0.8932762188119323,2.39124894e-07,2.01716974e-07,0.201716974
1991,3.36955342e-06,9.86777347,10459.839878199999,0.8717274200140345,3.36955342e-06,9.08830697e-08,0.0908830697,2.39124894e-07,10.1117078,10718.410268,0.8932767841933231,2.39124894e-07,2.01718322e-07,0.201718322
1992,3.36955342e-06,9.8678105,10459.87913,0.871730691275425,3.36955342e-06,9.08837954e-08,0.0908837954,2.39124894e-07,10.1117143,10718.417157999998,0.893277358408798,2.39124894e-07,2.01719651e-07,0.201719651
1993,3.36955342e-06,9.86784754,10459.918392399999,0.871733963420224,3.36955342e-06,9.08845085e-08,0.0908845085,2.39124894e-07,10.1117212,10718.424472,0.8932779679606101,2.39124894e-07,2.01720961e-07,0.201720961
1994,3.36955342e-06,9.86788467,10459.957750200001,0.8717372435156989,3.36955342e-06,9.08852093e-08,0.09088520929999999,2.39124894e-07,10.1117281,10718.431786000001,0.893278577512422,2.39124894e-07,2.01722252e-07,0.201722252
1995,3.36955342e-06,9.86792184,10459.997150399999,0.8717405271448072,3.36955342e-06,9.08858974e-08,0.0908858974,2.39124894e-07,10.1117351,10718.439206000001,0.8932791958983182,2.39124894e-07,2.01723524e-07,0.20172352400000002
1996,3.36955342e-06,9.86795905,10460.036592999999,0.8717438143075494,3.36955342e-06,9.08865728e-08,0.0908865728,2.39124894e-07,10.1117423,10718.446838,0.8932798319523826,2.39124894e-07,2.01724777e-07,0.201724777
1997,3.36955342e-06,9.86799628,10460.0760568,0.8717471032371086,3.36955342e-06,9.08872358e-08,0.09088723580000001,2.39124894e-07,10.1117497,10718.454682000001,0.8932804856746158,2.39124894e-07,2.01726011e-07,0.201726011
1998,3.36955342e-06,9.86803358,10460.115594800001,0.8717503983505266,3.36955342e-06,9.08878866e-08,0.09088788660000001,2.39124894e-07,10.1117572,10718.462631999999,0.8932811482309329,2.39124894e-07,2.01727227e-07,0.20172722699999998
1999,3.36955342e-06,9.86807092,10460.1551752,0.8717536969975781,3.36955342e-06,9.08885249e-08,0.0908885249,2.39124894e-07,10.1117648,10718.470688,0.8932818196213345,2.39124894e-07,2.01728424e-07,0.201728424
2000,3.36955342e-06,9.86810826,10460.1947556,0.8717569956446298,3.36955342e-06,9.08891507e-08,0.09088915069999999,2.39124894e-07,10.1117727,10718.479062,0.8932825175139888,2.39124894e-07,2.01729602e-07,0.201729602
2001,3.36955342e-06,9.86814567,10460.2344102,0.8717603004755405,3.36955342e-06,9.08897643e-08,0.09088976430000001,2.39124894e-07,10.1117806,10718.487436,0.8932832154066429,2.39124894e-07,2.01730761e-07,0.201730761
2002,3.36955342e-06,9.8681831,10460.274086,0.8717636070732678,3.36955342e-06,9.08903652e-08,0.0908903652,2.39124894e-07,10.1117887,10718.496022,0.8932839309674655,2.39124894e-07,2.01731901e-07,0.20173190100000002
2003,3.36955342e-06,9.86822055,10460.313783,0.8717669154378123,3.36955342e-06,9.08909536e-08,0.0908909536,2.39124894e-07,10.111797,10718.50482,0.8932846641964567,2.39124894e-07,2.01733023e-07,0.201733023
2004,3.36955342e-06,9.86825802,10460.353501200001,0.8717702255691735,3.36955342e-06,9.08915298e-08,0.09089152980000001,2.39124894e-07,10.1118055,10718.51383,0.8932854150936164,2.39124894e-07,2.01734126e-07,0.201734126
2005,3.36955342e-06,9.86829551,10460.393240599999,0.8717735374673513,3.36955342e-06,9.08920941e-08,0.0908920941,2.39124894e-07,10.111814,10718.522840000001,0.893286165990776,2.39124894e-07,2.0173521e-07,0.20173521
2006,3.36955342e-06,9.86833303,10460.4330118,0.8717768520157547,3.36955342e-06,9.08926462e-08,0.0908926462,2.39124894e-07,10.1118227,10718.532062,0.893286934556104,2.39124894e-07,2.01736275e-07,0.201736275
2007,3.36955342e-06,9.86837056,10460.4727936,0.8717801674475664,3.36955342e-06,9.08931858e-08,0.0908931858,2.39124894e-07,10.1118315,10718.541389999999,0.8932877119555162,2.39124894e-07,2.01737322e-07,0.201737322
2008,3.36955342e-06,9.86840811,10460.512596600001,0.871783484646195,3.36955342e-06,9.08937129e-08,0.0908937129,2.39124894e-07,10.1118405,10718.55093,0.8932885070230969,2.39124894e-07,2.01738351e-07,0.201738351
2009,3.36955342e-06,9.86844566,10460.552399600001,0.8717868018448236,3.36955342e-06,9.08942282e-08,0.0908942282,2.39124894e-07,10.1118496,10718.560576,0.8932893109247619,2.39124894e-07,2.01739361e-07,0.20173936099999998
2010,3.36955342e-06,9.86848323,10460.5922238,0.871790120810269,3.36955342e-06,9.08947315e-08,0.0908947315,2.39124894e-07,10.1118588,10718.570328,0.8932901236605112,2.39124894e-07,2.01740352e-07,0.201740352
2011,3.36955342e-06,9.8685208,10460.632048000001,0.8717934397757144,3.36955342e-06,9.08952227e-08,0.0908952227,2.39124894e-07,10.1118682,10718.580292,0.8932909540644289,2.39124894e-07,2.01741325e-07,0.201741325
2012,3.36955342e-06,9.86855837,10460.6718722,0.8717967587411597,3.36955342e-06,9.08957019e-08,0.0908957019,2.39124894e-07,10.1118777,10718.590362,0.8932917933024308,2.39124894e-07,2.01742279e-07,0.201742279
2013,3.36955342e-06,9.86859595,10460.711707,0.8718000785900135,3.36955342e-06,9.0896169e-08,0.090896169,2.39124894e-07,10.1118873,10718.600537999999,0.8932926413745168,2.39124894e-07,2.01743215e-07,0.201743215
2014,3.36955342e-06,9.86863353,10460.7515418,0.8718033984388673,3.36955342e-06,9.08966238e-08,0.0908966238,2.39124894e-07,10.1118971,10718.610926,0.8932935071147714,2.39124894e-07,2.01744133e-07,0.201744133
2015,3.36955342e-06,9.86867111,10460.7913766,0.8718067182877212,3.36955342e-06,9.08970665e-08,0.0908970665,2.39124894e-07,10.111907,10718.621420000001,0.8932943816891104,2.39124894e-07,2.01745032e-07,0.201745032
2016,3.36955342e-06,9.86870868,10460.8312008,0.8718100372531665,3.36955342e-06,9.08974972e-08,0.0908974972,2.39124894e-07,10.111917,10718.632020000001,0.8932952650975334,2.39124894e-07,2.01745913e-07,0.201745913
2017,3.36955342e-06,9.86874623,10460.871003799999,0.871813354451795,3.36955342e-06,9.0897916e-08,0.090897916,2.39124894e-07,10.1119272,10718.642832,0.8932961661741248,2.39124894e-07,2.01746775e-07,0.201746775
2018,3.36955342e-06,9.86878376,10460.9107856,0.8718166698836067,3.36955342e-06,9.08983236e-08,0.0908983236,2.39124894e-07,10.1119375,10718.65375,0.8932970760848006,2.39124894e-07,2.0174762e-07,0.20174762000000002
2019,3.36955342e-06,9.86882129,10460.9505674,0.8718199853154185,3.36955342e-06,9.08987198e-08,0.0908987198,2.39124894e-07,10.1119479,10718.664774,0.8932979948295606,2.39124894e-07,2.01748446e-07,0.201748446
2020,3.36955342e-06,9.86885883,10460.9903598,0.8718233016306386,3.36955342e-06,9.08991039e-08,0.0908991039,2.39124894e-07,10.1119583,10718.675798,0.8932989135743206,2.39124894e-07,2.01749254e-07,0.20174925400000002
2021,3.36955342e-06,9.86889634,10461.030120399999,0.8718266152956334,3.36955342e-06,9.08994756e-08,0.0908994756,2.39124894e-07,10.111969,10718.68714,0.8932998588213332,2.39124894e-07,2.01750044e-07,0.201750044
2022,3.36955342e-06,9.86893382,10461.069849200001,0.8718299263104031,3.36955342e-06,9.08998353e-08,0.0908998353,2.39124894e-07,10.1119798,10718.698588000001,0.8933008129024301,2.39124894e-07,2.01750816e-07,0.201750816
2023,3.36955342e-06,9.86897127,10461.1095462,0.8718332346749473,3.36955342e-06,9.09001836e-08,0.0909001836,2.39124894e-07,10.1119907,10718.710142,0.8933017758176112,2.39124894e-07,2.0175157e-07,0.20175157
2024,3.36955342e-06,9.86900868,10461.1492008,0.871836539505858,3.36955342e-06,9.09005206e-08,0.0909005206,2.39124894e-07,10.1120018,10718.721908,0.8933027564009608,2.39124894e-07,2.01752306e-07,0.201752306
2025,3.36955342e-06,9.86904609,10461.1888554,0.8718398443367686,3.36955342e-06,9.09008467e-08,0.09090084670000001,2.39124894e-07,10.1120129,10718.733674,0.8933037369843103,2.39124894e-07,2.01753024e-07,0.201753024
2026,3.36955342e-06,9.86908349,10461.2284994,0.8718431482842709,3.36955342e-06,9.0901161e-08,0.09090116100000001,2.39124894e-07,10.112024,10718.74544,0.89330471756766,2.39124894e-07,2.01753725e-07,0.201753725
2027,3.36955342e-06,9.86912084,10461.2680904,0.871846447814731,3.36955342e-06,9.0901463e-08,0.090901463,2.39124894e-07,10.1120354,10718.757524,0.8933057246532623,2.39124894e-07,2.01754407e-07,0.201754407
2028,3.36955342e-06,9.86915815,10461.307639,0.8718497438115574,3.36955342e-06,9.09017533e-08,0.0909017533,2.39124894e-07,10.1120469,10718.769714,0.8933067405729488,2.39124894e-07,2.01755072e-07,0.20175507199999998
2029,3.36955342e-06,9.86919542,10461.347145200001,0.8718530362747502,3.36955342e-06,9.09020323e-08,0.09090203229999999,2.39124894e-07,10.1120585,10718.782009999999,0.8933077653267194,2.39124894e-07,2.01755719e-07,0.201755719
2030,3.36955342e-06,9.86923264,10461.3865984,0.8718563243209007,3.36955342e-06,9.09023004e-08,0.0909023004,2.39124894e-07,10.1120702,10718.794412,0.8933087989145744,2.39124894e-07,2.01756348e-07,0.201756348
2031,3.36955342e-06,9.86926984,10461.4260304,0.8718596106002344,3.36955342e-06,9.09025575e-08,0.0909025575,2.39124894e-07,10.112082,10718.806919999999,0.8933098413365136,2.39124894e-07,2.0175696e-07,0.20175696
2032,3.36955342e-06,9.869307,10461.465419999999,0.8718628933459344,3.36955342e-06,9.09028031e-08,0.0909028031,2.39124894e-07,10.1120938,10718.819428,0.8933108837584529,2.39124894e-07,2.01757554e-07,0.201757554
2033,3.36955342e-06,9.8693441,10461.504745999999,0.8718661707911839,3.36955342e-06,9.09030372e-08,0.0909030372,2.39124894e-07,10.1121059,10718.832253999999,0.8933119526826446,2.39124894e-07,2.0175813e-07,0.20175813
2034,3.36955342e-06,9.86938117,10461.5440402,0.8718694455862083,3.36955342e-06,9.09032601e-08,0.09090326010000001,2.39124894e-07,10.112118,10718.845080000001,0.8933130216068367,2.39124894e-07,2.01758689e-07,0.20175868900000002
2035,3.36955342e-06,9.86941818,10461.5832708,0.8718727150807819,3.36955342e-06,9.09034717e-08,0.0909034717,2.39124894e-07,10.1121302,10718.858011999999,0.8933140993651126,2.39124894e-07,2.01759231e-07,0.20175923099999998
2036,3.36955342e-06,9.86945514,10461.6224484,0.8718759801583135,3.36955342e-06,9.0903672e-08,0.090903672,2.39124894e-07,10.1121426,10718.871156000001,0.8933151947915574,2.39124894e-07,2.01759756e-07,0.20175975599999998
2037,3.36955342e-06,9.86949204,10461.6615624,0.8718792399353946,3.36955342e-06,9.09038617e-08,0.09090386169999999,2.39124894e-07,10.112155,10718.8843,0.8933162902180019,2.39124894e-07,2.01760263e-07,0.201760263
2038,3.36955342e-06,9.86952889,10461.7006234,0.8718824952954335,3.36955342e-06,9.09040404e-08,0.0909040404,2.39124894e-07,10.1121675,10718.89755,0.8933173944785306,2.39124894e-07,2.01760753e-07,0.20176075300000001
2039,3.36955342e-06,9.86956568,10461.7396208,0.8718857453550218,3.36955342e-06,9.09042081e-08,0.0909042081,2.39124894e-07,10.1121801,10718.910906,0.8933185075731437,2.39124894e-07,2.01761226e-07,0.201761226
2040,3.36955342e-06,9.86960242,10461.7785652,0.8718889909975682,3.36955342e-06,9.09043649e-08,0.09090436489999999,2.39124894e-07,10.1121929,10718.924474,0.8933196383359252,2.39124894e-07,2.01761681e-07,0.201761681
2041,3.36955342e-06,9.86963909,10461.8174354,0.8718922304562555,3.36955342e-06,9.09045107e-08,0.0909045107,2.39124894e-07,10.1122057,10718.938042,0.8933207690987067,2.39124894e-07,2.0176212e-07,0.20176212
2042,3.36955342e-06,9.86967569,10461.8562314,0.8718954637310837,3.36955342e-06,9.09046454e-08,0.0909046454,2.39124894e-07,10.1122186,10718.951716,0.8933219086955725,2.39124894e-07,2.01762542e-07,0.20176254200000002
2043,3.36955342e-06,9.86971223,10461.8949638,0.8718986917054616,3.36955342e-06,9.09047697e-08,0.0909047697,2.39124894e-07,10.1122316,10718.965495999999,0.8933230571265224,2.39124894e-07,2.01762946e-07,0.201762946
2044,3.36955342e-06,9.8697487,10461.933622,0.8719019134959806,3.36955342e-06,9.09048835e-08,0.0909048835,2.39124894e-07,10.1122447,10718.979382,0.8933242143915566,2.39124894e-07,2.01763334e-07,0.201763334
2045,3.36955342e-06,9.86978511,10461.972216600001,0.871905129986049,3.36955342e-06,9.09049864e-08,0.0909049864,2.39124894e-07,10.1122579,10718.993374,0.893325380490675,2.39124894e-07,2.01763705e-07,0.201763705
2046,3.36955342e-06,9.86982144,10462.010726400002,0.8719083394088499,3.36955342e-06,9.09050783e-08,0.0909050783,2.39124894e-07,10.1122711,10719.007366,0.8933265465897935,2.39124894e-07,2.0176406e-07,0.20176406000000002
2047,3.36955342e-06,9.86985769,10462.0491514,0.8719115417643833,3.36955342e-06,9.09051593e-08,0.0909051593,2.39124894e-07,10.1122845,10719.021569999999,0.8933277303570804,2.39124894e-07,2.01764397e-07,0.20176439699999998
2048,3.36955342e-06,9.86989386,10462.0874916,0.8719147370526494,3.36955342e-06,9.09052302e-08,0.09090523019999999,2.39124894e-07,10.112298,10719.03588,0.8933289229584515,2.39124894e-07,2.01764718e-07,0.20176471799999998
2049,3.36955342e-06,9.86992997,10462.1257682,0.8719179270404651,3.36955342e-06,9.0905291e-08,0.090905291,2.39124894e-07,10.1123115,10719.05019,0.8933301155598226,2.39124894e-07,2.01765023e-07,0.20176502300000002
2050,3.36955342e-06,9.86996599,10462.163949400001,0.871921109077605,3.36955342e-06,9.09053412e-08,0.0909053412,2.39124894e-07,10.1123251,10719.064606,0.8933313169952779,2.39124894e-07,2.01765311e-07,0.201765311
2051,3.36955342e-06,9.87000193,10462.2020458,0.8719242840474775,3.36955342e-06,9.09053809e-08,0.0909053809,2.39124894e-07,10.1123388,10719.079128,0.8933325272648175,2.39124894e-07,2.01765583e-07,0.201765583
2052,3.36955342e-06,9.87003778,10462.240046800001,0.8719274510666741,3.36955342e-06,9.090541e-08,0.09090540999999999,2.39124894e-07,10.1123526,10719.093756,0.8933337463684413,2.39124894e-07,2.01765838e-07,0.201765838
2053,3.36955342e-06,9.87007355,10462.277963,0.8719306110186034,3.36955342e-06,9.09054289e-08,0.0909054289,2.39124894e-07,10.1123665,10719.10849,0.8933349743061494,2.39124894e-07,2.01766077e-07,0.201766077
2054,3.36955342e-06,9.87010923,10462.3157838,0.8719337630198568,3.36955342e-06,9.09054379e-08,0.0909054379,2.39124894e-07,10.1123804,10719.123223999999,0.8933362022438573,2.39124894e-07,2.017663e-07,0.2017663
2055,3.36955342e-06,9.87014482,10462.3535092,0.8719369070704344,3.36955342e-06,9.09054367e-08,0.09090543670000001,2.39124894e-07,10.1123945,10719.13817,0.8933374478497339,2.39124894e-07,2.01766507e-07,0.20176650699999998
2056,3.36955342e-06,9.87018032,10462.391139199999,0.8719400431703361,3.36955342e-06,9.09054251e-08,0.09090542509999999,2.39124894e-07,10.1124086,10719.153116,0.8933386934556103,2.39124894e-07,2.01766698e-07,0.201766698
2057,3.36955342e-06,9.87021573,10462.4286738,0.8719431713195621,3.36955342e-06,9.09054032e-08,0.0909054032,2.39124894e-07,10.1124227,10719.168062,0.893339939061487,2.39124894e-07,2.01766873e-07,0.20176687299999999
2058,3.36955342e-06,9.87025104,10462.4661024,0.871946290634704,3.36955342e-06,9.09053714e-08,0.09090537139999999,2.39124894e-07,10.1124369,10719.183114000001,0.8933411935014478,2.39124894e-07,2.01767032e-07,0.20176703199999999
2059,3.36955342e-06,9.87028626,10462.5034356,0.8719494019991699,3.36955342e-06,9.09053298e-08,0.09090532979999999,2.39124894e-07,10.1124513,10719.198378,0.8933424656095768,2.39124894e-07,2.01767175e-07,0.20176717500000002
2060,3.36955342e-06,9.87032137,10462.5406522,0.8719525036461432,3.36955342e-06,9.09052784e-08,0.0909052784,2.39124894e-07,10.1124657,10719.213641999999,0.8933437377177059,2.39124894e-07,2.01767302e-07,0.20176730199999998
2061,3.36955342e-06,9.87035639,10462.5777734,0.8719555973424409,3.36955342e-06,9.0905217e-08,0.090905217,2.39124894e-07,10.1124801,10719.228906,0.8933450098258352,2.39124894e-07,2.01767414e-07,0.201767414
2062,3.36955342e-06,9.8703913,10462.614778,0.8719586813212457,3.36955342e-06,9.09051458e-08,0.0909051458,2.39124894e-07,10.1124947,10719.244381999999,0.8933462996021327,2.39124894e-07,2.0176751e-07,0.20176751
2063,3.36955342e-06,9.87042612,10462.6516872,0.8719617573493746,3.36955342e-06,9.09050648e-08,0.0909050648,2.39124894e-07,10.1125092,10719.259752,0.8933475805443463,2.39124894e-07,2.0176759e-07,0.20176759
2064,3.36955342e-06,9.87046082,10462.6884692,0.8719648227766027,3.36955342e-06,9.09049741e-08,0.0909049741,2.39124894e-07,10.1125239,10719.275334,0.8933488791547282,2.39124894e-07,2.01767655e-07,0.201767655
2065,3.36955342e-06,9.87049542,10462.7251452,0.8719678793697465,3.36955342e-06,9.09048739e-08,0.0909048739,2.39124894e-07,10.1125387,10719.291022,0.8933501865991943,2.39124894e-07,2.01767705e-07,0.201767705
2066,3.36955342e-06,9.8705299,10462.761693999999,0.8719709253619891,3.36955342e-06,9.0904764e-08,0.090904764,2.39124894e-07,10.1125535,10719.30671,0.8933514940436604,2.39124894e-07,2.01767739e-07,0.201767739
2067,3.36955342e-06,9.87056428,10462.7981368,0.8719739625201476,3.36955342e-06,9.09046444e-08,0.0909046444,2.39124894e-07,10.1125683,10719.322398,0.8933528014881266,2.39124894e-07,2.01767758e-07,0.20176775800000002
2068,3.36955342e-06,9.87059854,10462.8344524,0.871976989077405,3.36955342e-06,9.09045153e-08,0.0909045153,2.39124894e-07,10.1125832,10719.338192,0.8933541177666768,2.39124894e-07,2.01767762e-07,0.201767762
2069,3.36955342e-06,9.8706327,10462.870662,0.8719800068005781,3.36955342e-06,9.09043769e-08,0.0909043769,2.39124894e-07,10.1125982,10719.354092000001,0.8933554428793116,2.39124894e-07,2.01767751e-07,0.201767751
2070,3.36955342e-06,9.87066674,10462.906744400001,0.8719830139228503,3.36955342e-06,9.09042293e-08,0.0909042293,2.39124894e-07,10.1126132,10719.369992,0.893356767991946,2.39124894e-07,2.01767725e-07,0.20176772499999998
2071,3.36955342e-06,9.87070065,10462.942689,0.8719860095608126,3.36955342e-06,9.09040726e-08,0.0909040726,2.39124894e-07,10.1126283,10719.385998000002,0.8933581019386649,2.39124894e-07,2.01767684e-07,0.201767684
2072,3.36955342e-06,9.87073445,10462.978517000001,0.8719889954812827,3.36955342e-06,9.09039067e-08,0.0909039067,2.39124894e-07,10.1126435,10719.40211,0.8933594447194679,2.39124894e-07,2.01767628e-07,0.201767628
2073,3.36955342e-06,9.87076812,10463.0142072,0.871991969917443,3.36955342e-06,9.09037312e-08,0.0909037312,2.39124894e-07,10.1126587,10719.418222,0.8933607875002709,2.39124894e-07,2.01767558e-07,0.20176755799999999
2074,3.36955342e-06,9.87080168,10463.0497808,0.8719949346361108,3.36955342e-06,9.09035464e-08,0.09090354640000001,2.39124894e-07,10.1126739,10719.434334000001,0.893362130281074,2.39124894e-07,2.01767472e-07,0.201767472
2075,3.36955342e-06,9.87083512,10463.085227200001,0.8719978887538775,3.36955342e-06,9.09033526e-08,0.09090335259999999,2.39124894e-07,10.1126892,10719.450552,0.8933634818959613,2.39124894e-07,2.01767373e-07,0.201767373
2076,3.36955342e-06,9.87086843,10463.1205358,0.8720008313873346,3.36955342e-06,9.090315e-08,0.09090315,2.39124894e-07,10.1127045,10719.466769999999,0.8933648335108484,2.39124894e-07,2.01767258e-07,0.201767258
2077,3.36955342e-06,9.87090161,10463.1557066,0.8720037625364824,3.36955342e-06,9.09029388e-08,0.0909029388,2.39124894e-07,10.11272,10719.483199999999,0.8933662027939041,2.39124894e-07,2.0176713e-07,0.20176713000000002
2078,3.36955342e-06,9.87093467,10463.190750200001,0.8720066830847291,3.36955342e-06,9.09027185e-08,0.09090271850000001,2.39124894e-07,10.1127355,10719.49963,0.8933675720769599,2.39124894e-07,2.01766986e-07,0.201766986
2079,3.36955342e-06,9.87096759,10463.2256454,0.8720095912652576,3.36955342e-06,9.09024894e-08,0.0909024894,2.39124894e-07,10.112751,10719.51606,0.8933689413600157,2.39124894e-07,2.01766829e-07,0.201766829
2080,3.36955342e-06,9.87100039,10463.260413400001,0.8720124888448852,3.36955342e-06,9.09022513e-08,0.0909022513,2.39124894e-07,10.1127665,10719.53249,0.8933703106430714,2.39124894e-07,2.01766657e-07,0.20176665700000002
2081,3.36955342e-06,9.87103305,10463.295032999999,0.8720153740567947,3.36955342e-06,9.09020045e-08,0.09090200450000001,2.39124894e-07,10.1127821,10719.549026,0.8933716887602113,2.39124894e-07,2.01766472e-07,0.201766472
2082,3.36955342e-06,9.87106558,10463.3295148,0.872018247784395,3.36955342e-06,9.09017491e-08,0.0909017491,2.39124894e-07,10.1127977,10719.565562,0.8933730668773513,2.39124894e-07,2.01766272e-07,0.201766272
2083,3.36955342e-06,9.87109796,10463.3638376,0.8720211082608689,3.36955342e-06,9.09014852e-08,0.0909014852,2.39124894e-07,10.1128134,10719.582204,0.8933744538285755,2.39124894e-07,2.01766059e-07,0.201766059
2084,3.36955342e-06,9.87113022,10463.3980332,0.8720239581364415,3.36955342e-06,9.09012128e-08,0.0909012128,2.39124894e-07,10.1128291,10719.598846,0.8933758407797997,2.39124894e-07,2.01765831e-07,0.201765831
2085,3.36955342e-06,9.87116234,10463.4320804,0.8720267956442964,3.36955342e-06,9.0900932e-08,0.090900932,2.39124894e-07,10.1128449,10719.615594,0.8933772365651081,2.39124894e-07,2.0176559e-07,0.20176559
2086,3.36955342e-06,9.87119431,10463.4659686,0.8720296199010249,3.36955342e-06,9.09006428e-08,0.0909006428,2.39124894e-07,10.1128607,10719.632342,0.8933786323504166,2.39124894e-07,2.01765335e-07,0.20176533500000002
2087,3.36955342e-06,9.87122616,10463.4997296,0.8720324335568523,3.36955342e-06,9.09003452e-08,0.0909003452,2.39124894e-07,10.1128765,10719.64909,0.8933800281357249,2.39124894e-07,2.01765067e-07,0.20176506700000002
2088,3.36955342e-06,9.87125784,10463.5333104,0.8720352321947366,3.36955342e-06,9.09000393e-08,0.0909000393,2.39124894e-07,10.1128925,10719.66605,0.8933814415892017,2.39124894e-07,2.01764785e-07,0.201764785
2089,3.36955342e-06,9.87128939,10463.566753399999,0.8720380193483112,3.36955342e-06,9.08997251e-08,0.09089972510000001,2.39124894e-07,10.1129084,10719.682904000001,0.8933828462085945,2.39124894e-07,2.0176449e-07,0.20176449000000002
2090,3.36955342e-06,9.87132081,10463.600058600001,0.8720407950175766,3.36955342e-06,9.08994029e-08,0.0908994029,2.39124894e-07,10.1129243,10719.699757999999,0.893384250827987,2.39124894e-07,2.01764182e-07,0.20176418200000001
2091,3.36955342e-06,9.87135208,10463.633204799999,0.8720435574357153,3.36955342e-06,9.08990727e-08,0.0908990727,2.39124894e-07,10.1129402,10719.716612,0.8933856554473797,2.39124894e-07,2.0176386e-07,0.20176386
2092,3.36955342e-06,9.87138318,10463.666170800001,0.8720463048359112,3.36955342e-06,9.08987346e-08,0.0908987346,2.39124894e-07,10.1129563,10719.733678,0.8933870777349409,2.39124894e-07,2.01763525e-07,0.201763525
2093,3.36955342e-06,9.87141414,10463.698988400001,0.872049039868389,3.36955342e-06,9.08983884e-08,0.0908983884,2.39124894e-07,10.1129723,10719.750638,0.8933884911884177,2.39124894e-07,2.01763177e-07,0.20176317700000002
2094,3.36955342e-06,9.87144496,10463.7316576,0.8720517625331486,3.36955342e-06,9.08980343e-08,0.0908980343,2.39124894e-07,10.1129884,10719.767704000002,0.893389913475979,2.39124894e-07,2.01762816e-07,0.201762816
2095,3.36955342e-06,9.87147563,10463.7641678,0.8720544719467822,3.36955342e-06,9.08976722e-08,0.0908976722,2.39124894e-07,10.1130045,10719.78477,0.8933913357635399,2.39124894e-07,2.01762443e-07,0.20176244299999999
2096,3.36955342e-06,9.87150614,10463.796508399999,0.8720571672258808,3.36955342e-06,9.08973025e-08,0.0908973025,2.39124894e-07,10.1130206,10719.801836,0.8933927580511011,2.39124894e-07,2.01762056e-07,0.201762056
2097,3.36955342e-06,9.8715365,10463.82869,0.8720598492538533,3.36955342e-06,9.0896925e-08,0.090896925,2.39124894e-07,10.1130367,10719.818902,0.8933941803386622,2.39124894e-07,2.01761657e-07,0.201761657
2098,3.36955342e-06,9.8715667,10463.860702,0.8720625171472909,3.36955342e-06,9.089654e-08,0.09089654,2.39124894e-07,10.113053,10719.83618,0.8933956202943918,2.39124894e-07,2.01761245e-07,0.20176124499999998
2099,3.36955342e-06,9.87159675,10463.892555,0.8720651717896022,3.36955342e-06,9.08961475e-08,0.0908961475,2.39124894e-07,10.1130691,10719.853246,0.8933970425819528,2.39124894e-07,2.01760821e-07,0.20176082099999998
2100,3.36955342e-06,9.87162664,10463.9242384,0.8720678122973787,3.36955342e-06,9.08957474e-08,0.0908957474,2.39124894e-07,10.1130853,10719.870418,0.8933984737035983,2.39124894e-07,2.01760385e-07,0.201760385
2101,3.36955342e-06,9.87165637,10463.9557522,0.8720704386706203,3.36955342e-06,9.08953399e-08,0.0908953399,2.39124894e-07,10.1131016,10719.887696,0.8933999136593277,2.39124894e-07,2.01759936e-07,0.201759936
2102,3.36955342e-06,9.87168596,10463.987117600002,0.8720730526761443,3.36955342e-06,9.08949249e-08,0.09089492490000001,2.39124894e-07,10.1131178,10719.904868,0.8934013447809731,2.39124894e-07,2.01759475e-07,0.201759475
2103,3.36955342e-06,9.87171537,10464.0182922,0.8720756507803163,3.36955342e-06,9.08945026e-08,0.0908945026,2.39124894e-07,10.1131341,10719.922146,0.8934027847367028,2.39124894e-07,2.01759001e-07,0.201759001
2104,3.36955342e-06,9.87174461,10464.0492866,0.8720782338665454,3.36955342e-06,9.0894073e-08,0.090894073,2.39124894e-07,10.1131504,10719.939424,0.8934042246924322,2.39124894e-07,2.01758516e-07,0.201758516
2105,3.36955342e-06,9.87177371,10464.0801326,0.8720808045850564,3.36955342e-06,9.08936363e-08,0.0908936363,2.39124894e-07,10.1131667,10719.956702000001,0.893405664648162,2.39124894e-07,2.01758019e-07,0.20175801899999998
2106,3.36955342e-06,9.87180264,10464.110798400001,0.8720833602856244,3.36955342e-06,9.08931925e-08,0.0908931925,2.39124894e-07,10.1131831,10719.974086,0.8934071134379756,2.39124894e-07,2.0175751e-07,0.20175751
2107,3.36955342e-06,9.87183139,10464.1412734,0.8720859000848407,3.36955342e-06,9.08927417e-08,0.0908927417,2.39124894e-07,10.1131995,10719.99147,0.8934085622277894,2.39124894e-07,2.01756989e-07,0.201756989
2108,3.36955342e-06,9.87186,10464.1716,0.8720884275163389,3.36955342e-06,9.08922838e-08,0.0908922838,2.39124894e-07,10.1132158,10720.008748,0.893410002183519,2.39124894e-07,2.01756457e-07,0.201756457
2109,3.36955342e-06,9.87188843,10464.201735800001,0.8720909390464857,3.36955342e-06,9.0891819e-08,0.090891819,2.39124894e-07,10.1132321,10720.026026,0.8934114421392485,2.39124894e-07,2.01755913e-07,0.201755913
2110,3.36955342e-06,9.87191668,10464.2316808,0.8720934346752808,3.36955342e-06,9.08913473e-08,0.09089134730000001,2.39124894e-07,10.1132486,10720.043516,0.8934128997631465,2.39124894e-07,2.01755357e-07,0.201755357
2111,3.36955342e-06,9.87194477,10464.2614562,0.8720959161695411,3.36955342e-06,9.08908688e-08,0.0908908688,2.39124894e-07,10.113265,10720.0609,0.8934143485529604,2.39124894e-07,2.0175479e-07,0.20175479
2112,3.36955342e-06,9.8719727,10464.291062,0.8720983835292667,3.36955342e-06,9.08903837e-08,0.0908903837,2.39124894e-07,10.1132814,10720.078284,0.8934157973427741,2.39124894e-07,2.01754212e-07,0.201754212
2113,3.36955342e-06,9.87200049,10464.3205194,0.8721008385212744,3.36955342e-06,9.08898919e-08,0.0908898919,2.39124894e-07,10.1132976,10720.095456,0.8934172284644194,2.39124894e-07,2.01753623e-07,0.201753623
2114,3.36955342e-06,9.87202807,10464.3497542,0.8721032749617051,3.36955342e-06,9.08893934e-08,0.0908893934,2.39124894e-07,10.1133141,10720.112946000001,0.8934186860883176,2.39124894e-07,2.01753023e-07,0.201753023
2115,3.36955342e-06,9.87205545,10464.378777,0.8721056937339674,3.36955342e-06,9.08888884e-08,0.09088888839999999,2.39124894e-07,10.1133307,10720.130542,0.8934201525462999,2.39124894e-07,2.01752411e-07,0.201752411
2116,3.36955342e-06,9.87208268,10464.4076408,0.8721080992551034,3.36955342e-06,9.08883769e-08,0.0908883769,2.39124894e-07,10.1133472,10720.148032,0.8934216101701977,2.39124894e-07,2.01751789e-07,0.201751789
2117,3.36955342e-06,9.87210974,10464.436324400001,0.8721104897582963,3.36955342e-06,9.0887859e-08,0.090887859,2.39124894e-07,10.1133636,10720.165416,0.8934230589600116,2.39124894e-07,2.01751156e-07,0.20175115600000001
2118,3.36955342e-06,9.87213665,10464.464849,0.8721128670103626,3.36955342e-06,9.08873349e-08,0.0908873349,2.39124894e-07,10.1133798,10720.182588000001,0.8934244900816571,2.39124894e-07,2.01750512e-07,0.201750512
2119,3.36955342e-06,9.87216338,10464.4931828,0.8721152283610775,3.36955342e-06,9.08868046e-08,0.0908868046,2.39124894e-07,10.1133962,10720.199972,0.8934259388714708,2.39124894e-07,2.01749857e-07,0.201749857
2120,3.36955342e-06,9.87218991,10464.521304599999,0.8721175720436236,3.36955342e-06,9.0886268e-08,0.090886268,2.39124894e-07,10.1134128,10720.217568,0.8934274053294531,2.39124894e-07,2.01749193e-07,0.201749193
2121,3.36955342e-06,9.87221624,10464.5492144,0.8721198980580016,3.36955342e-06,9.08857252e-08,0.09088572519999999,2.39124894e-07,10.1134295,10720.235270000001,0.8934288806215196,2.39124894e-07,2.01748517e-07,0.20174851700000002
2122,3.36955342e-06,9.87224242,10464.5769652,0.8721222108212532,3.36955342e-06,9.08851763e-08,0.0908851763,2.39124894e-07,10.1134458,10720.252547999999,0.893430320577249,2.39124894e-07,2.01747831e-07,0.20174783100000002
2123,3.36955342e-06,9.87226848,10464.6045888,0.8721245129836037,3.36955342e-06,9.08846215e-08,0.0908846215,2.39124894e-07,10.1134619,10720.269614,0.8934317428648103,2.39124894e-07,2.01747136e-07,0.201747136
2124,3.36955342e-06,9.8722943,10464.631958,0.8721267939441519,3.36955342e-06,9.08840607e-08,0.0908840607,2.39124894e-07,10.1134783,10720.286998000001,0.8934331916546241,2.39124894e-07,2.0174643e-07,0.20174643
2125,3.36955342e-06,9.8723199,10464.659094,0.872129055469715,3.36955342e-06,9.0883494e-08,0.090883494,2.39124894e-07,10.1134951,10720.304806,0.8934346757807747,2.39124894e-07,2.01745714e-07,0.20174571400000002
2126,3.36955342e-06,9.87234535,10464.686071,0.8721313037441516,3.36955342e-06,9.08829215e-08,0.0908829215,2.39124894e-07,10.1135116,10720.322296,0.8934361334046728,2.39124894e-07,2.01744988e-07,0.201744988
2127,3.36955342e-06,9.87237064,10464.7128784,0.8721335378840535,3.36955342e-06,9.08823433e-08,0.0908823433,2.39124894e-07,10.1135279,10720.339574,0.8934375733604023,2.39124894e-07,2.01744252e-07,0.20174425199999999
2128,3.36955342e-06,9.87239578,10464.7395268,0.872135758772829,3.36955342e-06,9.08817595e-08,0.09088175949999999,2.39124894e-07,10.113544,10720.35664,0.8934389956479635,2.39124894e-07,2.01743506e-07,0.201743506
2129,3.36955342e-06,9.87242071,10464.7659526,0.8721379611100277,3.36955342e-06,9.088117e-08,0.09088117,2.39124894e-07,10.1135604,10720.374024,0.8934404444377773,2.39124894e-07,2.01742751e-07,0.201742751
2130,3.36955342e-06,9.8724454,10464.792124,0.8721401422454242,3.36955342e-06,9.0880575e-08,0.090880575,2.39124894e-07,10.1135771,10720.391726,0.8934419197298438,2.39124894e-07,2.01741987e-07,0.20174198699999998
2131,3.36955342e-06,9.87246991,10464.818104599999,0.8721423074794691,3.36955342e-06,9.08799745e-08,0.0908799745,2.39124894e-07,10.1135937,10720.409322,0.8934433861878259,2.39124894e-07,2.01741213e-07,0.201741213
2132,3.36955342e-06,9.87249429,10464.8439474,0.8721444612292045,3.36955342e-06,9.08793686e-08,0.0908793686,2.39124894e-07,10.1136099,10720.426494,0.8934448173094713,2.39124894e-07,2.01740429e-07,0.201740429
2133,3.36955342e-06,9.87251849,10464.869599399999,0.8721465990775882,3.36955342e-06,9.08787574e-08,0.0908787574,2.39124894e-07,10.113626,10720.44356,0.8934462395970324,2.39124894e-07,2.01739636e-07,0.201739636
2134,3.36955342e-06,9.87254248,10464.8950288,0.8721487183743951,3.36955342e-06,9.08781409e-08,0.0908781409,2.39124894e-07,10.1136423,10720.460838,0.893447679552762,2.39124894e-07,2.01738834e-07,0.201738834
2135,3.36955342e-06,9.87256627,10464.9202462,0.8721508200030336,3.36955342e-06,9.08775192e-08,0.09087751919999999,2.39124894e-07,10.1136589,10720.478434,0.8934491460107443,2.39124894e-07,2.01738023e-07,0.20173802300000002
2136,3.36955342e-06,9.87258988,10464.9452728,0.8721529057303204,3.36955342e-06,9.08768923e-08,0.0908768923,2.39124894e-07,10.1136752,10720.495712,0.8934505859664739,2.39124894e-07,2.01737203e-07,0.201737203
2137,3.36955342e-06,9.87261331,10464.9701086,0.8721549755562557,3.36955342e-06,9.08762603e-08,0.0908762603,2.39124894e-07,10.1136914,10720.512884,0.8934520170881192,2.39124894e-07,2.01736375e-07,0.20173637500000002
2138,3.36955342e-06,9.87263655,10464.994743,0.8721570285974307,3.36955342e-06,9.08756234e-08,0.09087562340000001,2.39124894e-07,10.1137077,10720.530162000001,0.8934534570438488,2.39124894e-07,2.01735537e-07,0.201735537
2139,3.36955342e-06,9.87265959,10465.0191654,0.8721590639704374,3.36955342e-06,9.08749815e-08,0.0908749815,2.39124894e-07,10.113724,10720.54744,0.8934548969995784,2.39124894e-07,2.01734691e-07,0.201734691
2140,3.36955342e-06,9.87268244,10465.0433864,0.8721610825586842,3.36955342e-06,9.08743347e-08,0.09087433469999999,2.39124894e-07,10.1137403,10720.564718,0.8934563369553079,2.39124894e-07,2.01733836e-07,0.201733836
2141,3.36955342e-06,9.87270511,10465.0674166,0.8721630852455793,3.36955342e-06,9.08736831e-08,0.09087368309999999,2.39124894e-07,10.1137565,10720.58189,0.8934577680769532,2.39124894e-07,2.01732973e-07,0.201732973
2142,3.36955342e-06,9.8727276,10465.091256,0.8721650720311227,3.36955342e-06,9.08730267e-08,0.0908730267,2.39124894e-07,10.1137727,10720.599062,0.8934591991985985,2.39124894e-07,2.01732101e-07,0.201732101
2143,3.36955342e-06,9.87274988,10465.1148728,0.8721670402650893,3.36955342e-06,9.08723657e-08,0.0908723657,2.39124894e-07,10.1137889,10720.616234,0.8934606303202438,2.39124894e-07,2.01731221e-07,0.20173122100000002
2144,3.36955342e-06,9.87277197,10465.1382882,0.8721689917142957,3.36955342e-06,9.08717e-08,0.0908717,2.39124894e-07,10.1138051,10720.633406,0.8934620614418893,2.39124894e-07,2.01730333e-07,0.201730333
2145,3.36955342e-06,9.87279387,10465.1615022,0.8721709263787423,3.36955342e-06,9.08710298e-08,0.0908710298,2.39124894e-07,10.1138212,10720.650472000001,0.8934634837294505,2.39124894e-07,2.01729437e-07,0.20172943699999998
2146,3.36955342e-06,9.87281558,10465.1845148,0.8721728442584286,3.36955342e-06,9.08703551e-08,0.09087035510000001,2.39124894e-07,10.1138373,10720.667538,0.8934649060170115,2.39124894e-07,2.01728533e-07,0.201728533
2147,3.36955342e-06,9.87283709,10465.2073154,0.8721747444699467,3.36955342e-06,9.0869676e-08,0.090869676,2.39124894e-07,10.1138534,10720.684604,0.8934663283045726,2.39124894e-07,2.01727621e-07,0.201727621
2148,3.36955342e-06,9.87285841,10465.229914599999,0.8721766278967045,3.36955342e-06,9.08689926e-08,0.0908689926,2.39124894e-07,10.1138695,10720.70167,0.8934677505921337,2.39124894e-07,2.01726701e-07,0.20172670099999998
2149,3.36955342e-06,9.87287954,10465.2523124,0.8721784945387024,3.36955342e-06,9.08683048e-08,0.0908683048,2.39124894e-07,10.1138855,10720.718630000001,0.8934691640456107,2.39124894e-07,2.01725774e-07,0.201725774
2150,3.36955342e-06,9.87290047,10465.274498199999,0.8721803435125318,3.36955342e-06,9.08676129e-08,0.09086761289999999,2.39124894e-07,10.1139016,10720.735696,0.8934705863331717,2.39124894e-07,2.01724839e-07,0.20172483900000002
2151,3.36955342e-06,9.87292121,10465.296482599999,0.8721821757016013,3.36955342e-06,9.08669167e-08,0.0908669167,2.39124894e-07,10.1139175,10720.75255,0.8934719909525642,2.39124894e-07,2.01723896e-07,0.201723896
2152,3.36955342e-06,9.87294175,10465.318255,0.8721839902225023,3.36955342e-06,9.08662165e-08,0.0908662165,2.39124894e-07,10.1139335,10720.76951,0.8934734044060412,2.39124894e-07,2.01722947e-07,0.201722947
2153,3.36955342e-06,9.8729621,10465.339826000001,0.8721857879586433,3.36955342e-06,9.08655122e-08,0.0908655122,2.39124894e-07,10.1139494,10720.786364,0.8934748090254339,2.39124894e-07,2.01721989e-07,0.201721989
2154,3.36955342e-06,9.87298225,10465.361185,0.8721875680266156,3.36955342e-06,9.08648039e-08,0.0908648039,2.39124894e-07,10.1139653,10720.803218000001,0.8934762136448265,2.39124894e-07,2.01721025e-07,0.201721025
2155,3.36955342e-06,9.87300221,10465.3823426,0.872189331309828,3.36955342e-06,9.08640918e-08,0.0908640918,2.39124894e-07,10.1139812,10720.820072,0.8934776182642192,2.39124894e-07,2.01720053e-07,0.20172005299999998
2156,3.36955342e-06,9.87302197,10465.4032882,0.872191076924872,3.36955342e-06,9.08633759e-08,0.0908633759,2.39124894e-07,10.1139971,10720.836926,0.8934790228836118,2.39124894e-07,2.01719075e-07,0.201719075
2157,3.36955342e-06,9.87304153,10465.4240218,0.8721928048717474,3.36955342e-06,9.08626561e-08,0.09086265610000001,2.39124894e-07,10.1140129,10720.853674,0.8934804186689203,2.39124894e-07,2.01718089e-07,0.20171808900000002
2158,3.36955342e-06,9.8730609,10465.444554,0.8721945160338629,3.36955342e-06,9.08619326e-08,0.0908619326,2.39124894e-07,10.1140286,10720.870315999999,0.8934818056201443,2.39124894e-07,2.01717097e-07,0.20171709699999998
2159,3.36955342e-06,9.87308007,10465.4648742,0.87219620952781,3.36955342e-06,9.08612055e-08,0.0908612055,2.39124894e-07,10.1140444,10720.887063999999,0.8934832014054527,2.39124894e-07,2.01716098e-07,0.20171609799999998
2160,3.36955342e-06,9.87309904,10465.4849824,0.8721978853535883,3.36955342e-06,9.08604748e-08,0.0908604748,2.39124894e-07,10.1140601,10720.903706,0.893484588356677,2.39124894e-07,2.01715093e-07,0.20171509299999998
2161,3.36955342e-06,9.87311781,10465.5048786,0.8721995435111985,3.36955342e-06,9.08597407e-08,0.0908597407,2.39124894e-07,10.1140757,10720.920242,0.893485966473817,2.39124894e-07,2.0171408e-07,0.20171408
2162,3.36955342e-06,9.87313639,10465.524573400002,0.8722011848840486,3.36955342e-06,9.0859003e-08,0.09085900300000001,2.39124894e-07,10.1140914,10720.936883999999,0.893487353425041,2.39124894e-07,2.01713062e-07,0.201713062
2163,3.36955342e-06,9.87315477,10465.544056199999,0.87220280858873,3.36955342e-06,9.0858262e-08,0.09085826200000001,2.39124894e-07,10.114107,10720.95342,0.8934887315421811,2.39124894e-07,2.01712037e-07,0.201712037
2164,3.36955342e-06,9.87317295,10465.563327000002,0.8722044146252433,3.36955342e-06,9.08575176e-08,0.09085751759999999,2.39124894e-07,10.1141225,10720.969850000001,0.8934901008252369,2.39124894e-07,2.01711006e-07,0.201711006
2165,3.36955342e-06,9.87319093,10465.5823858,0.8722060029935879,3.36955342e-06,9.085677e-08,0.09085677,2.39124894e-07,10.114138,10720.986280000001,0.8934914701082927,2.39124894e-07,2.01709969e-07,0.201709969
2166,3.36955342e-06,9.87320871,10465.6012326,0.872207573693764,3.36955342e-06,9.08560192e-08,0.0908560192,2.39124894e-07,10.1141535,10721.00271,0.8934928393913484,2.39124894e-07,2.01708925e-07,0.20170892499999998
2167,3.36955342e-06,9.8732263,10465.619878000001,0.8722091276091802,3.36955342e-06,9.08552652e-08,0.09085526520000001,2.39124894e-07,10.114169,10721.01914,0.8934942086744041,2.39124894e-07,2.01707876e-07,0.201707876
2168,3.36955342e-06,9.87324368,10465.6383008,0.8722106629730193,3.36955342e-06,9.08545082e-08,0.09085450819999999,2.39124894e-07,10.1141844,10721.035463999999,0.8934955691233754,2.39124894e-07,2.01706821e-07,0.201706821
2169,3.36955342e-06,9.87326087,10465.656522199999,0.8722121815520986,3.36955342e-06,9.08537482e-08,0.0908537482,2.39124894e-07,10.1141997,10721.051682000001,0.8934969207382629,2.39124894e-07,2.0170576e-07,0.20170575999999998
2170,3.36955342e-06,9.87327786,10465.6745316,0.8722136824630093,3.36955342e-06,9.08529852e-08,0.0908529852,2.39124894e-07,10.114215,10721.0679,0.89349827235315,2.39124894e-07,2.01704694e-07,0.201704694
2171,3.36955342e-06,9.87329464,10465.692318399999,0.8722151648223432,3.36955342e-06,9.08522193e-08,0.0908522193,2.39124894e-07,10.1142303,10721.084117999999,0.8934996239680372,2.39124894e-07,2.01703622e-07,0.201703622
2172,3.36955342e-06,9.87331123,10465.709903800001,0.8722166303969172,3.36955342e-06,9.08514506e-08,0.0908514506,2.39124894e-07,10.1142455,10721.100230000002,0.8935009667488405,2.39124894e-07,2.01702544e-07,0.201702544
2173,3.36955342e-06,9.87332762,10465.7272772,0.8722180783033224,3.36955342e-06,9.08506792e-08,0.0908506792,2.39124894e-07,10.1142607,10721.116342000001,0.8935023095296435,2.39124894e-07,2.01701461e-07,0.201701461
2174,3.36955342e-06,9.87334381,10465.744438599999,0.8722195085415593,3.36955342e-06,9.08499051e-08,0.0908499051,2.39124894e-07,10.1142759,10721.132454,0.8935036523104465,2.39124894e-07,2.01700373e-07,0.201700373
2175,3.36955342e-06,9.8733598,10465.761387999999,0.8722209211116277,3.36955342e-06,9.08491283e-08,0.0908491283,2.39124894e-07,10.114291,10721.14846,0.8935049862571652,2.39124894e-07,2.0169928e-07,0.20169928
2176,3.36955342e-06,9.87337559,10465.7781254,0.8722223160135278,3.36955342e-06,9.08483489e-08,0.0908483489,2.39124894e-07,10.114306,10721.164359999999,0.8935063113697997,2.39124894e-07,2.01698181e-07,0.201698181
2177,3.36955342e-06,9.87339119,10465.7946614,0.8722236941306677,3.36955342e-06,9.08475671e-08,0.09084756710000001,2.39124894e-07,10.114321,10721.180260000001,0.8935076364824345,2.39124894e-07,2.01697078e-07,0.201697078
2178,3.36955342e-06,9.87340658,10465.810974799999,0.8722250536962308,3.36955342e-06,9.08467828e-08,0.0908467828,2.39124894e-07,10.114336,10721.19616,0.8935089615950689,2.39124894e-07,2.01695969e-07,0.201695969
2179,3.36955342e-06,9.87342177,10465.827076200001,0.8722263955936256,3.36955342e-06,9.08459961e-08,0.09084599609999999,2.39124894e-07,10.1143509,10721.211954,0.8935102778736194,2.39124894e-07,2.01694856e-07,0.20169485599999998
2180,3.36955342e-06,9.87343676,10465.8429656,0.8722277198228517,3.36955342e-06,9.0845207e-08,0.090845207,2.39124894e-07,10.1143657,10721.227642,0.8935115853180854,2.39124894e-07,2.01693738e-07,0.201693738
2181,3.36955342e-06,9.87345156,10465.8586536,0.8722290272673178,3.36955342e-06,9.08444157e-08,0.0908444157,2.39124894e-07,10.1143805,10721.24333,0.8935128927625514,2.39124894e-07,2.01692616e-07,0.201692616
2182,3.36955342e-06,9.87346615,10465.874119,0.872230316160207,3.36955342e-06,9.08436222e-08,0.0908436222,2.39124894e-07,10.1143953,10721.259018,0.8935142002070177,2.39124894e-07,2.01691488e-07,0.201691488
2183,3.36955342e-06,9.87348055,10465.889383,0.8722315882683361,3.36955342e-06,9.08428266e-08,0.0908428266,2.39124894e-07,10.11441,10721.274599999999,0.8935154988173994,2.39124894e-07,2.01690357e-07,0.201690357
2184,3.36955342e-06,9.87349474,10465.9044244,0.8722328418248885,3.36955342e-06,9.08420289e-08,0.09084202890000001,2.39124894e-07,10.1144246,10721.290076,0.8935167885936971,2.39124894e-07,2.01689221e-07,0.201689221
2185,3.36955342e-06,9.87350874,10465.9192644,0.8722340785966807,3.36955342e-06,9.08412291e-08,0.0908412291,2.39124894e-07,10.1144392,10721.305552,0.8935180783699948,2.39124894e-07,2.01688081e-07,0.201688081
2186,3.36955342e-06,9.87352254,10465.9338924,0.8722352977003046,3.36955342e-06,9.08404273e-08,0.0908404273,2.39124894e-07,10.1144538,10721.321028,0.8935193681462925,2.39124894e-07,2.01686936e-07,0.201686936
2187,3.36955342e-06,9.87353617,10465.948340199999,0.8722365017859851,3.36955342e-06,9.08396236e-08,0.0908396236,2.39124894e-07,10.1144681,10721.336186,0.8935206314203374,2.39124894e-07,2.01685788e-07,0.201685788
2188,3.36955342e-06,9.87354957,10465.9625442,0.8722376855532721,3.36955342e-06,9.0838818e-08,0.090838818,2.39124894e-07,10.1144826,10721.351556000001,0.893521912362551,2.39124894e-07,2.01684636e-07,0.201684636
2189,3.36955342e-06,9.87356271,10465.9764726,0.8722388463519399,3.36955342e-06,9.08380106e-08,0.0908380106,2.39124894e-07,10.1144973,10721.367138,0.8935232109729327,2.39124894e-07,2.0168348e-07,0.20168348
2190,3.36955342e-06,9.8735757,10465.990242,0.8722399938994815,3.36955342e-06,9.08372017e-08,0.0908372017,2.39124894e-07,10.1145117,10721.382402,0.8935244830810619,2.39124894e-07,2.01682319e-07,0.201682319
2191,3.36955342e-06,9.87358856,10466.0038736,0.8722411299627135,3.36955342e-06,9.08363912e-08,0.0908363912,2.39124894e-07,10.1145255,10721.397029999998,0.8935257021846856,2.39124894e-07,2.01681155e-07,0.201681155
2192,3.36955342e-06,9.87360119,10466.0172614,0.8722422457075518,3.36955342e-06,9.08355789e-08,0.09083557889999999,2.39124894e-07,10.1145397,10721.412082,0.8935269566246465,2.39124894e-07,2.01679988e-07,0.201679988
2193,3.36955342e-06,9.87361355,10466.030363,0.8722433376003628,3.36955342e-06,9.08347648e-08,0.0908347648,2.39124894e-07,10.1145543,10721.427558,0.8935282464009441,2.39124894e-07,2.01678817e-07,0.20167881699999998
2194,3.36955342e-06,9.87362575,10466.043295000001,0.872244415358639,3.36955342e-06,9.08339494e-08,0.0908339494,2.39124894e-07,10.1145685,10721.44261,0.8935295008409049,2.39124894e-07,2.01677643e-07,0.201677643
2195,3.36955342e-06,9.87363779,10466.0560574,0.8722454789823801,3.36955342e-06,9.08331327e-08,0.0908331327,2.39124894e-07,10.1145822,10721.457132,0.8935307111104444,2.39124894e-07,2.01676465e-07,0.201676465
2196,3.36955342e-06,9.87364962,10466.068597200001,0.8722465240545447,3.36955342e-06,9.08323145e-08,0.09083231450000001,2.39124894e-07,10.1145961,10721.471866,0.8935319390481524,2.39124894e-07,2.01675284e-07,0.201675284
2197,3.36955342e-06,9.8736612,10466.080872,0.8722475470414986,3.36955342e-06,9.08314949e-08,0.0908314949,2.39124894e-07,10.1146103,10721.486918,0.8935331934881132,2.39124894e-07,2.016741e-07,0.2016741
2198,3.36955342e-06,9.87367261,10466.0929666,0.8722485550105092,3.36955342e-06,9.08306742e-08,0.0908306742,2.39124894e-07,10.1146243,10721.501757999999,0.8935344302599053,2.39124894e-07,2.01672912e-07,0.201672912
2199,3.36955342e-06,9.87368385,10466.104881000001,0.8722495479615768,3.36955342e-06,9.08298523e-08,0.0908298523,2.39124894e-07,10.1146379,10721.516174,0.8935356316953609,2.39124894e-07,2.01671722e-07,0.201671722
2200,3.36955342e-06,9.8736949,10466.116594000001,0.8722505241278843,3.36955342e-06,9.08290292e-08,0.09082902920000001,2.39124894e-07,10.1146515,10721.53059,0.8935368331308162,2.39124894e-07,2.01670528e-07,0.201670528
2201,3.36955342e-06,9.87370571,10466.1280526,0.8722514790923894,3.36955342e-06,9.08282049e-08,0.0908282049,2.39124894e-07,10.1146654,10721.545324,0.8935380610685243,2.39124894e-07,2.01669332e-07,0.20166933199999998
2202,3.36955342e-06,9.87371633,10466.1393098,0.8722524172721349,3.36955342e-06,9.08273796e-08,0.09082737960000001,2.39124894e-07,10.1146792,10721.559952,0.893539280172148,2.39124894e-07,2.01668133e-07,0.201668133
2203,3.36955342e-06,9.87372678,10466.1503868,0.8722533404339369,3.36955342e-06,9.08265533e-08,0.0908265533,2.39124894e-07,10.1146926,10721.574156,0.893540463939435,2.39124894e-07,2.01666932e-07,0.201666932
2204,3.36955342e-06,9.87373704,10466.1612624,0.8722542468109791,3.36955342e-06,9.0825726e-08,0.090825726,2.39124894e-07,10.114706,10721.58836,0.8935416477067217,2.39124894e-07,2.01665728e-07,0.201665728
2205,3.36955342e-06,9.8737471,10466.171925999999,0.8722551355198525,3.36955342e-06,9.08248978e-08,0.0908248978,2.39124894e-07,10.1147194,10721.602564,0.8935428314740087,2.39124894e-07,2.01664521e-07,0.201664521
2206,3.36955342e-06,9.87375687,10466.1822822,0.8722559986098818,3.36955342e-06,9.08240689e-08,0.0908240689,2.39124894e-07,10.1147334,10721.617404,0.893544068245801,2.39124894e-07,2.01663312e-07,0.20166331199999998
2207,3.36955342e-06,9.87376656,10466.1925536,0.8722568546326438,3.36955342e-06,9.08232396e-08,0.0908232396,2.39124894e-07,10.1147465,10721.631290000001,0.8935452255108353,2.39124894e-07,2.01662101e-07,0.20166210099999998
2208,3.36955342e-06,9.87377605,10466.202613,0.8722576929872372,3.36955342e-06,9.08224092e-08,0.0908224092,2.39124894e-07,10.1147596,10721.645176,0.8935463827758693,2.39124894e-07,2.01660887e-07,0.201660887
2209,3.36955342e-06,9.87378537,10466.2124922,0.8722585163238876,3.36955342e-06,9.0821578e-08,0.090821578,2.39124894e-07,10.1147725,10721.658850000002,0.8935475223727352,2.39124894e-07,2.01659671e-07,0.20165967099999998
2210,3.36955342e-06,9.87379444,10466.222106399999,0.8722593175753272,3.36955342e-06,9.0820746e-08,0.090820746,2.39124894e-07,10.1147858,10721.672948,0.8935486973059377,2.39124894e-07,2.01658454e-07,0.201658454
2211,3.36955342e-06,9.87380325,10466.231445,0.8722600958581479,3.36955342e-06,9.08199135e-08,0.0908199135,2.39124894e-07,10.1147993,10721.687258,0.8935498899073088,2.39124894e-07,2.01657234e-07,0.201657234
2212,3.36955342e-06,9.87381195,10466.240667,0.8722608644234761,3.36955342e-06,9.08190808e-08,0.0908190808,2.39124894e-07,10.1148122,10721.700932,0.8935510295041745,2.39124894e-07,2.01656012e-07,0.201656012
2213,3.36955342e-06,9.87382047,10466.2496982,0.8722616170874524,3.36955342e-06,9.08182477e-08,0.09081824770000001,2.39124894e-07,10.1148249,10721.714394,0.8935521514328719,2.39124894e-07,2.01654789e-07,0.201654789
2214,3.36955342e-06,9.87382874,10466.2584644,0.8722623476662184,3.36955342e-06,9.08174143e-08,0.09081741430000001,2.39124894e-07,10.114838,10721.728280000001,0.8935533086979062,2.39124894e-07,2.01653563e-07,0.20165356299999998
2215,3.36955342e-06,9.87383686,10466.267071600001,0.872263064993858,3.36955342e-06,9.08165805e-08,0.0908165805,2.39124894e-07,10.1148508,10721.741848,0.8935544394606875,2.39124894e-07,2.01652336e-07,0.20165233600000002
2216,3.36955342e-06,9.8738448,10466.275488000001,0.8722637664201458,3.36955342e-06,9.08157462e-08,0.0908157462,2.39124894e-07,10.1148635,10721.75531,0.8935555613893849,2.39124894e-07,2.01651108e-07,0.201651108
2217,3.36955342e-06,9.87385254,10466.2836924,0.8722644501782653,3.36955342e-06,9.08149116e-08,0.0908149116,2.39124894e-07,10.1148761,10721.768666,0.8935566744839978,2.39124894e-07,2.01649878e-07,0.20164987799999998
2218,3.36955342e-06,9.87386012,10466.2917272,0.8722651198018498,3.36955342e-06,9.08140768e-08,0.0908140768,2.39124894e-07,10.1148885,10721.781809999999,0.8935577699104423,2.39124894e-07,2.01648647e-07,0.201648647
2219,3.36955342e-06,9.87386743,10466.2994758,0.8722657655734072,3.36955342e-06,9.08132419e-08,0.09081324190000001,2.39124894e-07,10.1149013,10721.795377999999,0.8935589006732239,2.39124894e-07,2.01647414e-07,0.201647414
2220,3.36955342e-06,9.87387459,10466.3070654,0.872266398093838,3.36955342e-06,9.0812407e-08,0.090812407,2.39124894e-07,10.1149138,10721.808628,0.8935600049337528,2.39124894e-07,2.0164618e-07,0.20164618
2221,3.36955342e-06,9.87388155,10466.314443,0.8722670129461004,3.36955342e-06,9.0811572e-08,0.09081157200000001,2.39124894e-07,10.1149263,10721.821878,0.8935611091942816,2.39124894e-07,2.01644945e-07,0.201644945
2222,3.36955342e-06,9.8738883,10466.321598,0.872267609246786,3.36955342e-06,9.08107372e-08,0.09081073719999999,2.39124894e-07,10.1149388,10721.835127999999,0.8935622134548102,2.39124894e-07,2.01643708e-07,0.201643708
2223,3.36955342e-06,9.8738949,10466.328594,0.8722681922963452,3.36955342e-06,9.08099026e-08,0.0908099026,2.39124894e-07,10.114951,10721.84806,0.8935632912130865,2.39124894e-07,2.01642471e-07,0.201642471
2224,3.36955342e-06,9.87390138,10466.3354628,0.8722687647450034,3.36955342e-06,9.08090681e-08,0.0908090681,2.39124894e-07,10.1149627,10721.860461999999,0.8935643248009414,2.39124894e-07,2.01641233e-07,0.201641233
2225,3.36955342e-06,9.87390763,10466.3420878,0.8722693168752678,3.36955342e-06,9.08082333e-08,0.0908082333,2.39124894e-07,10.1149749,10721.873394,0.8935654025592176,2.39124894e-07,2.01639994e-07,0.201639994
2226,3.36955342e-06,9.87391356,10466.3483736,0.8722698407364626,3.36955342e-06,9.08073988e-08,0.09080739880000001,2.39124894e-07,10.1149877,10721.886962,0.8935665333219991,2.39124894e-07,2.01638754e-07,0.201638754
2227,3.36955342e-06,9.87391943,10466.354595800001,0.8722703592972071,3.36955342e-06,9.08065648e-08,0.09080656479999999,2.39124894e-07,10.1149995,10721.89947,0.8935675757439383,2.39124894e-07,2.01637513e-07,0.201637513
2228,3.36955342e-06,9.87392516,10466.3606696,0.8722708654902335,3.36955342e-06,9.08057309e-08,0.09080573089999999,2.39124894e-07,10.1150108,10721.911448,0.8935685739954564,2.39124894e-07,2.01636272e-07,0.201636272
2229,3.36955342e-06,9.87393065,10466.366489,0.8722713504814577,3.36955342e-06,9.08048972e-08,0.0908048972,2.39124894e-07,10.1150227,10721.924062,0.8935696252514798,2.39124894e-07,2.01635031e-07,0.201635031
2230,3.36955342e-06,9.87393584,10466.371990399999,0.8722718089704291,3.36955342e-06,9.0804064e-08,0.090804064,2.39124894e-07,10.1150352,10721.937312,0.8935707295120086,2.39124894e-07,2.01633789e-07,0.20163378899999998
2231,3.36955342e-06,9.87394096,10466.3774176,0.8722722612755418,3.36955342e-06,9.08032317e-08,0.0908032317,2.39124894e-07,10.1150468,10721.949608,0.8935717542657794,2.39124894e-07,2.01632546e-07,0.20163254600000002
2232,3.36955342e-06,9.87394593,10466.3826858,0.872272700329528,3.36955342e-06,9.08023996e-08,0.0908023996,2.39124894e-07,10.1150581,10721.961586000001,0.8935727525172974,2.39124894e-07,2.01631303e-07,0.201631303
2233,3.36955342e-06,9.87395071,10466.387752600001,0.8722731225987543,3.36955342e-06,9.0801568e-08,0.090801568,2.39124894e-07,10.1150694,10721.973564,0.8935737507688154,2.39124894e-07,2.0163006e-07,0.20163006
2234,3.36955342e-06,9.87395525,10466.392565,0.8722735236661784,3.36955342e-06,9.08007368e-08,0.0908007368,2.39124894e-07,10.1150812,10721.986072,0.8935747931907545,2.39124894e-07,2.01628817e-07,0.20162881700000002
2235,3.36955342e-06,9.87395955,10466.397123,0.8722739035318003,3.36955342e-06,9.07999064e-08,0.0907999064,2.39124894e-07,10.1150931,10721.998685999999,0.893575844446778,2.39124894e-07,2.01627573e-07,0.201627573
2236,3.36955342e-06,9.87396374,10466.401564400001,0.8722742736799296,3.36955342e-06,9.07990771e-08,0.0907990771,2.39124894e-07,10.1151045,10722.010769999999,0.8935768515323802,2.39124894e-07,2.01626329e-07,0.20162632900000002
2237,3.36955342e-06,9.8739678,10466.405868000002,0.8722746323437494,3.36955342e-06,9.07982485e-08,0.09079824850000001,2.39124894e-07,10.1151153,10722.022218,0.8935778056134772,2.39124894e-07,2.01625086e-07,0.201625086
2238,3.36955342e-06,9.87397168,10466.409980800001,0.8722749751062174,3.36955342e-06,9.07974204e-08,0.0907974204,2.39124894e-07,10.1151263,10722.033878,0.8935787773627425,2.39124894e-07,2.01623842e-07,0.201623842
2239,3.36955342e-06,9.87397538,10466.413902799999,0.8722753019673338,3.36955342e-06,9.07965927e-08,0.0907965927,2.39124894e-07,10.1151373,10722.045538,0.8935797491120079,2.39124894e-07,2.01622599e-07,0.201622599
2240,3.36955342e-06,9.87397885,10466.417581,0.8722756085100567,3.36955342e-06,9.07957657e-08,0.0907957657,2.39124894e-07,10.1151486,10722.057515999999,0.8935807473635259,2.39124894e-07,2.01621357e-07,0.201621357
2241,3.36955342e-06,9.87398206,10466.420983599999,0.8722758920841605,3.36955342e-06,9.07949398e-08,0.0907949398,2.39124894e-07,10.1151602,10722.069812,0.8935817721172966,2.39124894e-07,2.01620114e-07,0.201620114
2242,3.36955342e-06,9.87398521,10466.4243226,0.8722761703578138,3.36955342e-06,9.07941154e-08,0.0907941154,2.39124894e-07,10.1151707,10722.080942,0.8935826996961409,2.39124894e-07,2.01618872e-07,0.201618872
2243,3.36955342e-06,9.87398818,10466.4274708,0.8722764327301153,3.36955342e-06,9.07932918e-08,0.0907932918,2.39124894e-07,10.1151813,10722.092177999999,0.8935836361090692,2.39124894e-07,2.0161763e-07,0.20161763000000002
2244,3.36955342e-06,9.87399088,10466.430332799999,0.8722766712503895,3.36955342e-06,9.07924693e-08,0.0907924693,2.39124894e-07,10.1151926,10722.104156000001,0.8935846343605874,2.39124894e-07,2.01616389e-07,0.201616389
2245,3.36955342e-06,9.87399351,10466.4331206,0.872276903586805,3.36955342e-06,9.07916481e-08,0.0907916481,2.39124894e-07,10.1152031,10722.115286,0.8935855619394316,2.39124894e-07,2.01615148e-07,0.201615148
2246,3.36955342e-06,9.87399599,10466.4357494,0.8722771226720938,3.36955342e-06,9.07908276e-08,0.0907908276,2.39124894e-07,10.1152134,10722.126204,0.8935864718501073,2.39124894e-07,2.01613909e-07,0.201613909
2247,3.36955342e-06,9.87399822,10466.4381132,0.8722773196721721,3.36955342e-06,9.07900081e-08,0.0907900081,2.39124894e-07,10.1152241,10722.137546,0.89358741709712,2.39124894e-07,2.0161267e-07,0.20161267
2248,3.36955342e-06,9.87400023,10466.4402438,0.8722774972372652,3.36955342e-06,9.078919e-08,0.09078918999999999,2.39124894e-07,10.115235,10722.1491,0.8935883800123011,2.39124894e-07,2.01611431e-07,0.20161143099999998
2249,3.36955342e-06,9.87400216,10466.4422896,0.8722776677350909,3.36955342e-06,9.07883733e-08,0.09078837329999999,2.39124894e-07,10.115245,10722.1597,0.8935892634207241,2.39124894e-07,2.01610194e-07,0.201610194
2250,3.36955342e-06,9.87400393,10466.444165800001,0.8722778240983818,3.36955342e-06,9.07875578e-08,0.0907875578,2.39124894e-07,10.1152551,10722.170406000001,0.8935901556632315,2.39124894e-07,2.01608957e-07,0.201608957
2251,3.36955342e-06,9.87400546,10466.4457876,0.8722779592598704,3.36955342e-06,9.07867435e-08,0.0907867435,2.39124894e-07,10.1152656,10722.181536,0.8935910832420756,2.39124894e-07,2.01607722e-07,0.20160772200000002
2252,3.36955342e-06,9.87400682,10466.4472292,0.872278079403416,3.36955342e-06,9.07859306e-08,0.0907859306,2.39124894e-07,10.115276,10722.19256,0.8935920019868355,2.39124894e-07,2.01606488e-07,0.201606488
2253,3.36955342e-06,9.87400803,10466.448511800001,0.8722781862958353,3.36955342e-06,9.07851193e-08,0.0907851193,2.39124894e-07,10.1152861,10722.203266,0.8935928942293428,2.39124894e-07,2.01605254e-07,0.201605254
2254,3.36955342e-06,9.87400908,10466.4496248,0.8722782790537196,3.36955342e-06,9.07843095e-08,0.0907843095,2.39124894e-07,10.115296,10722.21376,0.8935937688036817,2.39124894e-07,2.01604022e-07,0.20160402200000002
2255,3.36955342e-06,9.87400996,10466.450557600001,0.872278356793661,3.36955342e-06,9.07835013e-08,0.0907835013,2.39124894e-07,10.1153059,10722.224253999999,0.8935946433780204,2.39124894e-07,2.01602791e-07,0.201602791
2256,3.36955342e-06,9.87401072,10466.4513632,0.8722784239327009,3.36955342e-06,9.07826943e-08,0.0907826943,2.39124894e-07,10.1153154,10722.234324000001,0.8935954826160225,2.39124894e-07,2.01601562e-07,0.201601562
2257,3.36955342e-06,9.87401126,10466.4519356,0.8722784716367559,3.36955342e-06,9.07818886e-08,0.0907818886,2.39124894e-07,10.1153254,10722.244924,0.8935963660244455,2.39124894e-07,2.01600334e-07,0.201600334
2258,3.36955342e-06,9.87401153,10466.4522218,0.8722784954887832,3.36955342e-06,9.07810847e-08,0.0907810847,2.39124894e-07,10.1153359,10722.256054,0.8935972936032897,2.39124894e-07,2.01599108e-07,0.201599108
2259,3.36955342e-06,9.87401179,10466.452497400001,0.8722785184574023,3.36955342e-06,9.0780283e-08,0.090780283,2.39124894e-07,10.1153451,10722.265806000001,0.8935981063390389,2.39124894e-07,2.01597882e-07,0.201597882
2260,3.36955342e-06,9.87401188,10466.4525928,0.8722785264080781,3.36955342e-06,9.07794829e-08,0.0907794829,2.39124894e-07,10.1153542,10722.275452,0.8935989102407038,2.39124894e-07,2.01596659e-07,0.201596659
2261,3.36955342e-06,9.87401173,10466.4524338,0.8722785131569516,3.36955342e-06,9.07786844e-08,0.09077868439999999,2.39124894e-07,10.1153639,10722.285734000001,0.8935997671468743,2.39124894e-07,2.01595437e-07,0.201595437
2262,3.36955342e-06,9.87401148,10466.4521688,0.8722784910717412,3.36955342e-06,9.07778873e-08,0.09077788730000001,2.39124894e-07,10.1153733,10722.295698,0.8936005975507918,2.39124894e-07,2.01594217e-07,0.201594217
2263,3.36955342e-06,9.87401103,10466.4516918,0.8722784513183621,3.36955342e-06,9.07770917e-08,0.09077709169999999,2.39124894e-07,10.1153828,10722.305768,0.8936014367887938,2.39124894e-07,2.01592999e-07,0.201592999
2264,3.36955342e-06,9.87401033,10466.4509498,0.8722783894797725,3.36955342e-06,9.07762982e-08,0.09077629820000001,2.39124894e-07,10.1153926,10722.316155999999,0.8936023025290483,2.39124894e-07,2.01591782e-07,0.201591782
2265,3.36955342e-06,9.8740096,10466.450176,0.8722783249909576,3.36955342e-06,9.0775507e-08,0.090775507,2.39124894e-07,10.1154014,10722.325483999999,0.8936030799284606,2.39124894e-07,2.01590567e-07,0.20159056700000003
2266,3.36955342e-06,9.87400869,10466.4492114,0.8722782446007912,3.36955342e-06,9.07747175e-08,0.0907747175,2.39124894e-07,10.1154102,10722.334812,0.8936038573278728,2.39124894e-07,2.01589355e-07,0.201589355
2267,3.36955342e-06,9.87400766,10466.4481196,0.8722781536097235,3.36955342e-06,9.07739297e-08,0.0907739297,2.39124894e-07,10.1154189,10722.344034,0.8936046258932009,2.39124894e-07,2.01588144e-07,0.20158814400000002
2268,3.36955342e-06,9.87400642,10466.446805200001,0.8722780440670792,3.36955342e-06,9.07731436e-08,0.0907731436,2.39124894e-07,10.1154281,10722.353786000001,0.8936054386289503,2.39124894e-07,2.01586936e-07,0.201586936
2269,3.36955342e-06,9.87400496,10466.4452576,0.8722779150894493,3.36955342e-06,9.07723596e-08,0.0907723596,2.39124894e-07,10.1154375,10722.36375,0.8936062690328679,2.39124894e-07,2.0158573e-07,0.20158573
2270,3.36955342e-06,9.87400336,10466.4435616,0.8722777737441015,3.36955342e-06,9.0771578e-08,0.090771578,2.39124894e-07,10.1154464,10722.373184,0.8936070552663643,2.39124894e-07,2.01584525e-07,0.20158452500000001
2271,3.36955342e-06,9.87400165,10466.441749,0.8722776226812612,3.36955342e-06,9.0770799e-08,0.090770799,2.39124894e-07,10.1154548,10722.382088,0.8936077973294397,2.39124894e-07,2.01583323e-07,0.20158332299999998
2272,3.36955342e-06,9.87399973,10466.4397138,0.8722774530668441,3.36955342e-06,9.07700222e-08,0.09077002220000001,2.39124894e-07,10.1154636,10722.391416,0.893608574728852,2.39124894e-07,2.01582123e-07,0.201582123
2273,3.36955342e-06,9.87399778,10466.4376468,0.8722772808022015,3.36955342e-06,9.07692473e-08,0.09076924730000001,2.39124894e-07,10.1154717,10722.400002,0.8936092902896747,2.39124894e-07,2.01580926e-07,0.201580926
2274,3.36955342e-06,9.87399565,10466.435389,0.8722770926362075,3.36955342e-06,9.07684738e-08,0.0907684738,2.39124894e-07,10.11548,10722.4088,0.8936100235186657,2.39124894e-07,2.01579731e-07,0.201579731
2275,3.36955342e-06,9.87399329,10466.4328874,0.8722768841518196,3.36955342e-06,9.07677021e-08,0.0907677021,2.39124894e-07,10.1154889,10722.418234,0.8936108097521623,2.39124894e-07,2.01578539e-07,0.201578539
2276,3.36955342e-06,9.87399072,10466.4301632,0.8722766571158549,3.36955342e-06,9.07669332e-08,0.09076693320000001,2.39124894e-07,10.1154978,10722.427668,0.8936115959856589,2.39124894e-07,2.01577349e-07,0.201577349
2277,3.36955342e-06,9.87398807,10466.4273542,0.8722764230126226,3.36955342e-06,9.07661673e-08,0.0907661673,2.39124894e-07,10.1155059,10722.436254,0.8936123115464815,2.39124894e-07,2.01576161e-07,0.201576161
2278,3.36955342e-06,9.87398531,10466.4244286,0.8722761791918979,3.36955342e-06,9.07654039e-08,0.0907654039,2.39124894e-07,10.1155136,10722.444416,0.8936129917709672,2.39124894e-07,2.01574977e-07,0.201574977
2279,3.36955342e-06,9.87398236,10466.4213016,0.8722759185864132,3.36955342e-06,9.07646426e-08,0.0907646426,2.39124894e-07,10.1155218,10722.453108,0.8936137161658742,2.39124894e-07,2.01573795e-07,0.201573795
2280,3.36955342e-06,9.87397934,10466.4181004,0.8722756517970695,3.36955342e-06,9.07638831e-08,0.0907638831,2.39124894e-07,10.1155295,10722.46127,0.8936143963903599,2.39124894e-07,2.01572615e-07,0.201572615
2281,3.36955342e-06,9.87397612,10466.4146872,0.8722753673395572,3.36955342e-06,9.07631255e-08,0.0907631255,2.39124894e-07,10.1155376,10722.469856,0.8936151119511825,2.39124894e-07,2.01571439e-07,0.201571439
2282,3.36955342e-06,9.87397267,10466.4110302,0.8722750625636514,3.36955342e-06,9.07623704e-08,0.0907623704,2.39124894e-07,10.1155461,10722.478866,0.893615862848342,2.39124894e-07,2.01570265e-07,0.201570265
2283,3.36955342e-06,9.8739691,10466.407246,0.8722747471868443,3.36955342e-06,9.07616187e-08,0.0907616187,2.39124894e-07,10.115554,10722.487239999999,0.8936165607409963,2.39124894e-07,2.01569094e-07,0.201569094
2284,3.36955342e-06,9.87396543,10466.403355800001,0.872274422975953,3.36955342e-06,9.07608697e-08,0.0907608697,2.39124894e-07,10.1155614,10722.495084,0.8936172144632294,2.39124894e-07,2.01567926e-07,0.20156792599999998
2285,3.36955342e-06,9.87396162,10466.3993172,0.8722740863973437,3.36955342e-06,9.07601232e-08,0.0907601232,2.39124894e-07,10.1155688,10722.502928,0.8936178681854624,2.39124894e-07,2.01566761e-07,0.201566761
2286,3.36955342e-06,9.87395766,10466.3951196,0.8722737365676083,3.36955342e-06,9.07593788e-08,0.0907593788,2.39124894e-07,10.1155765,10722.51109,0.8936185484099483,2.39124894e-07,2.015656e-07,0.2015656
2287,3.36955342e-06,9.87395362,10466.3908372,0.8722733796706054,3.36955342e-06,9.07586367e-08,0.09075863669999999,2.39124894e-07,10.1155837,10722.518722,0.8936191844640129,2.39124894e-07,2.01564441e-07,0.201564441
2288,3.36955342e-06,9.87394938,10466.3863428,0.872273005105434,3.36955342e-06,9.07578968e-08,0.0907578968,2.39124894e-07,10.1155912,10722.526672,0.89361984702033,2.39124894e-07,2.01563285e-07,0.20156328499999998
2289,3.36955342e-06,9.87394492,10466.3816152,0.8722726111052773,3.36955342e-06,9.07571597e-08,0.09075715969999999,2.39124894e-07,10.1155991,10722.535046,0.8936205449129844,2.39124894e-07,2.01562133e-07,0.201562133
2290,3.36955342e-06,9.87394036,10466.3767816,0.8722722082710364,3.36955342e-06,9.07564261e-08,0.0907564261,2.39124894e-07,10.1156064,10722.542784000001,0.8936211898011333,2.39124894e-07,2.01560984e-07,0.201560984
2291,3.36955342e-06,9.87393574,10466.3718844,0.8722718001363449,3.36955342e-06,9.07556953e-08,0.0907556953,2.39124894e-07,10.115613,10722.54978,0.8936217728506923,2.39124894e-07,2.01559837e-07,0.201559837
2292,3.36955342e-06,9.87393093,10466.3667858,0.8722713752168936,3.36955342e-06,9.07549668e-08,0.0907549668,2.39124894e-07,10.1156202,10722.557412,0.893622408904757,2.39124894e-07,2.01558695e-07,0.20155869499999998
2293,3.36955342e-06,9.87392599,10466.3615494,0.8722709388131326,3.36955342e-06,9.07542408e-08,0.09075424080000001,2.39124894e-07,10.1156273,10722.564938,0.8936230361247373,2.39124894e-07,2.01557556e-07,0.201557556
2294,3.36955342e-06,9.8739209,10466.356154,0.8722704891582451,3.36955342e-06,9.07535173e-08,0.0907535173,2.39124894e-07,10.1156345,10722.57257,0.8936236721788019,2.39124894e-07,2.0155642e-07,0.20155642
2295,3.36955342e-06,9.87391561,10466.350546599999,0.8722700218351892,3.36955342e-06,9.07527971e-08,0.0907527971,2.39124894e-07,10.1156418,10722.580308,0.8936243170669508,2.39124894e-07,2.01555287e-07,0.201555287
2296,3.36955342e-06,9.87391034,10466.3449604,0.8722695562789504,3.36955342e-06,9.07520802e-08,0.09075208019999999,2.39124894e-07,10.1156479,10722.586774000001,0.8936248559460889,2.39124894e-07,2.01554158e-07,0.20155415799999998
2297,3.36955342e-06,9.87390486,10466.3391516,0.8722690721711345,3.36955342e-06,9.07513658e-08,0.0907513658,2.39124894e-07,10.1156545,10722.59377,0.893625438995648,2.39124894e-07,2.01553033e-07,0.201553033
2298,3.36955342e-06,9.87389923,10466.3331838,0.8722685748121923,3.36955342e-06,9.07506538e-08,0.0907506538,2.39124894e-07,10.1156614,10722.601084,0.8936260485474599,2.39124894e-07,2.01551912e-07,0.201551912
2299,3.36955342e-06,9.87389346,10466.3270676,0.8722680650855322,3.36955342e-06,9.07499446e-08,0.0907499446,2.39124894e-07,10.1156682,10722.608292,0.8936266492651876,2.39124894e-07,2.01550793e-07,0.201550793
2300,3.36955342e-06,9.87388751,10466.3207606,0.8722675394575206,3.36955342e-06,9.07492387e-08,0.0907492387,2.39124894e-07,10.1156751,10722.615606000001,0.8936272588169996,2.39124894e-07,2.01549679e-07,0.201549679
2301,3.36955342e-06,9.87388157,10466.3144642,0.8722670147129173,3.36955342e-06,9.07485364e-08,0.09074853640000001,2.39124894e-07,10.1156809,10722.621754,0.8936277711938848,2.39124894e-07,2.01548568e-07,0.20154856799999998
2302,3.36955342e-06,9.87387545,10466.307977,0.8722664740669624,3.36955342e-06,9.07478366e-08,0.09074783659999999,2.39124894e-07,10.1156871,10722.628326,0.8936283189071071,2.39124894e-07,2.01547461e-07,0.201547461
2303,3.36955342e-06,9.87386917,10466.3013202,0.8722659192864727,3.36955342e-06,9.07471394e-08,0.0907471394,2.39124894e-07,10.1156936,10722.635216,0.8936288931225822,2.39124894e-07,2.01546358e-07,0.201546358
2304,3.36955342e-06,9.87386276,10466.2945256,0.8722653530216735,3.36955342e-06,9.0746445e-08,0.090746445,2.39124894e-07,10.1157,10722.642,0.8936294585039729,2.39124894e-07,2.01545259e-07,0.201545259
2305,3.36955342e-06,9.87385617,10466.287540199999,0.8722647708555227,3.36955342e-06,9.0745754e-08,0.09074575400000001,2.39124894e-07,10.1157065,10722.64889,0.8936300327194479,2.39124894e-07,2.01544163e-07,0.201544163
2306,3.36955342e-06,9.87384958,10466.2805548,0.8722641886893719,3.36955342e-06,9.07450666e-08,0.0907450666,2.39124894e-07,10.1157119,10722.654614000001,0.8936305097599964,2.39124894e-07,2.01543071e-07,0.20154307100000002
2307,3.36955342e-06,9.87384285,10466.273421000002,0.8722635941555034,3.36955342e-06,9.07443819e-08,0.09074438189999999,2.39124894e-07,10.1157175,10722.66055,0.8936310044687132,2.39124894e-07,2.01541984e-07,0.20154198399999998
2308,3.36955342e-06,9.87383593,10466.2660858,0.8722629828368745,3.36955342e-06,9.07436998e-08,0.09074369980000001,2.39124894e-07,10.1157238,10722.667228,0.8936315610160197,2.39124894e-07,2.01540901e-07,0.201540901
2309,3.36955342e-06,9.8738288,10466.258528,0.8722623529666689,3.36955342e-06,9.07430211e-08,0.0907430211,2.39124894e-07,10.1157305,10722.67433,0.8936321528996631,2.39124894e-07,2.01539821e-07,0.201539821
2310,3.36955342e-06,9.87382166,10466.2509596,0.8722617222130548,3.36955342e-06,9.07423461e-08,0.0907423461,2.39124894e-07,10.1157361,10722.680266,0.89363264760838,2.39124894e-07,2.01538745e-07,0.201538745
2311,3.36955342e-06,9.87381446,10466.243327600001,0.8722610861589903,3.36955342e-06,9.07416744e-08,0.0907416744,2.39124894e-07,10.1157411,10722.685566,0.8936330893125917,2.39124894e-07,2.01537674e-07,0.201537674
2312,3.36955342e-06,9.87380711,10466.2355366,0.8722604368537992,3.36955342e-06,9.07410054e-08,0.0907410054,2.39124894e-07,10.1157465,10722.69129,0.8936335663531401,2.39124894e-07,2.01536607e-07,0.20153660699999998
2313,3.36955342e-06,9.87379961,10466.2275866,0.872259774297482,3.36955342e-06,9.07403393e-08,0.0907403393,2.39124894e-07,10.1157522,10722.697332,0.8936340698959412,2.39124894e-07,2.01535544e-07,0.201535544
2314,3.36955342e-06,9.87379201,10466.219530600001,0.8722591029070805,3.36955342e-06,9.07396763e-08,0.0907396763,2.39124894e-07,10.1157577,10722.703162,0.8936345557705738,2.39124894e-07,2.01534485e-07,0.20153448499999999
2315,3.36955342e-06,9.87378424,10466.2112944,0.8722584164987358,3.36955342e-06,9.07390166e-08,0.0907390166,2.39124894e-07,10.1157633,10722.709098,0.8936350504792907,2.39124894e-07,2.01533431e-07,0.201533431
2316,3.36955342e-06,9.87377632,10466.2028992,0.8722577168392647,3.36955342e-06,9.07383605e-08,0.0907383605,2.39124894e-07,10.115769,10722.71514,0.8936355540220919,2.39124894e-07,2.0153238e-07,0.20153238
2317,3.36955342e-06,9.87376833,10466.194429800002,0.8722570109959348,3.36955342e-06,9.07377082e-08,0.0907377082,2.39124894e-07,10.1157741,10722.720545999999,0.8936360045603875,2.39124894e-07,2.01531334e-07,0.201531334
2318,3.36955342e-06,9.87376031,10466.1859286,0.8722563025023794,3.36955342e-06,9.07370591e-08,0.0907370591,2.39124894e-07,10.1157787,10722.725422,0.8936364109282622,2.39124894e-07,2.01530293e-07,0.201530293
2319,3.36955342e-06,9.87375213,10466.1772578,0.8722555798742894,3.36955342e-06,9.07364128e-08,0.0907364128,2.39124894e-07,10.1157838,10722.730828000002,0.8936368614665582,2.39124894e-07,2.01529256e-07,0.20152925600000002
2320,3.36955342e-06,9.87374381,10466.1684386,0.8722548448784814,3.36955342e-06,9.07357697e-08,0.0907357697,2.39124894e-07,10.1157891,10722.736446,0.8936373296730223,2.39124894e-07,2.01528223e-07,0.20152822299999998
2321,3.36955342e-06,9.87373542,10466.159545199998,0.8722541036988143,3.36955342e-06,9.07351299e-08,0.0907351299,2.39124894e-07,10.115794,10722.741639999998,0.8936377625431494,2.39124894e-07,2.01527195e-07,0.201527195
2322,3.36955342e-06,9.87372688,10466.1504928,0.8722533492680211,3.36955342e-06,9.07344935e-08,0.0907344935,2.39124894e-07,10.1157989,10722.746834,0.8936381954132768,2.39124894e-07,2.01526171e-07,0.201526171
2323,3.36955342e-06,9.87371817,10466.1412602,0.8722525798192847,3.36955342e-06,9.07338608e-08,0.09073386080000001,2.39124894e-07,10.115804,10722.752240000002,0.8936386459515727,2.39124894e-07,2.01525152e-07,0.20152515199999999
2324,3.36955342e-06,9.8737094,10466.131963999998,0.8722518050700975,3.36955342e-06,9.07332319e-08,0.09073323189999999,2.39124894e-07,10.1158087,10722.757222,0.8936390611535314,2.39124894e-07,2.01524137e-07,0.201524137
2325,3.36955342e-06,9.87370059,10466.122625400001,0.8722510267872771,3.36955342e-06,9.07326065e-08,0.0907326065,2.39124894e-07,10.115813,10722.761779999999,0.8936394410191533,2.39124894e-07,2.01523127e-07,0.201523127
2326,3.36955342e-06,9.87369164,10466.1131384,0.8722502361367384,3.36955342e-06,9.07319841e-08,0.0907319841,2.39124894e-07,10.1158175,10722.76655,0.8936398385529437,2.39124894e-07,2.01522121e-07,0.201522121
2327,3.36955342e-06,9.87368257,10466.1035242,0.8722494348852986,3.36955342e-06,9.07313648e-08,0.0907313648,2.39124894e-07,10.1158222,10722.771532,0.8936402537549026,2.39124894e-07,2.0152112e-07,0.20152112
2328,3.36955342e-06,9.87367343,10466.0938358,0.87224862745,3.36955342e-06,9.0730749e-08,0.090730749,2.39124894e-07,10.1158266,10722.776196,0.8936406424546087,2.39124894e-07,2.01520124e-07,0.201520124
2329,3.36955342e-06,9.87366414,10466.083988400002,0.872247806763575,3.36955342e-06,9.07301367e-08,0.0907301367,2.39124894e-07,10.115831,10722.78086,0.8936410311543149,2.39124894e-07,2.01519133e-07,0.201519133
2330,3.36955342e-06,9.87365469,10466.073971400001,0.8722469719426152,3.36955342e-06,9.07295282e-08,0.0907295282,2.39124894e-07,10.1158357,10722.785842,0.8936414463562736,2.39124894e-07,2.01518146e-07,0.20151814599999998
2331,3.36955342e-06,9.8736452,10466.063912,0.8722461335880216,3.36955342e-06,9.07289237e-08,0.09072892369999999,2.39124894e-07,10.1158399,10722.790293999999,0.8936418173878112,2.39124894e-07,2.01517164e-07,0.201517164
2332,3.36955342e-06,9.87363566,10466.0537996,0.8722452908163861,3.36955342e-06,9.07283227e-08,0.0907283227,2.39124894e-07,10.1158436,10722.794216,0.8936421442489278,2.39124894e-07,2.01516186e-07,0.201516186
2333,3.36955342e-06,9.87362599,10466.043549400001,0.8722444365604411,3.36955342e-06,9.07277248e-08,0.09072772479999999,2.39124894e-07,10.1158477,10722.798562,0.8936425064463813,2.39124894e-07,2.01515214e-07,0.201515214
2334,3.36955342e-06,9.87361621,10466.0331826,0.8722435725870032,3.36955342e-06,9.07271302e-08,0.0907271302,2.39124894e-07,10.1158519,10722.803014,0.8936428774779189,2.39124894e-07,2.01514246e-07,0.201514246
2335,3.36955342e-06,9.87360636,10466.0227416,0.8722427024297066,3.36955342e-06,9.07265391e-08,0.0907265391,2.39124894e-07,10.1158557,10722.807041999999,0.8936432131731197,2.39124894e-07,2.01513284e-07,0.20151328400000001
2336,3.36955342e-06,9.87359637,10466.012152199999,0.8722418199046919,3.36955342e-06,9.07259516e-08,0.09072595160000001,2.39124894e-07,10.1158597,10722.811281999999,0.8936435665364889,2.39124894e-07,2.01512326e-07,0.201512326
2337,3.36955342e-06,9.87358623,10466.0014038,0.872240924128551,3.36955342e-06,9.07253681e-08,0.09072536810000001,2.39124894e-07,10.1158639,10722.815734000002,0.8936439375680267,2.39124894e-07,2.01511373e-07,0.201511373
2338,3.36955342e-06,9.87357606,10465.990623599999,0.8722400257021846,3.36955342e-06,9.07247886e-08,0.0907247886,2.39124894e-07,10.1158675,10722.81955,0.893644255595059,2.39124894e-07,2.01510424e-07,0.20151042400000002
2339,3.36955342e-06,9.87356584,10465.979790399999,0.8722391228587763,3.36955342e-06,9.07242126e-08,0.09072421259999999,2.39124894e-07,10.1158708,10722.823048,0.8936445471198385,2.39124894e-07,2.01509481e-07,0.20150948100000002
2340,3.36955342e-06,9.8735555,10465.96883,0.872238209414467,3.36955342e-06,9.07236398e-08,0.0907236398,2.39124894e-07,10.1158744,10722.826863999999,0.8936448651468707,2.39124894e-07,2.01508543e-07,0.20150854299999998
2341,3.36955342e-06,9.87354505,10465.957753,0.872237286252665,3.36955342e-06,9.07230705e-08,0.0907230705,2.39124894e-07,10.1158781,10722.830786,0.8936451920079874,2.39124894e-07,2.0150761e-07,0.20150761
2342,3.36955342e-06,9.87353454,10465.9466124,0.8722363577904122,3.36955342e-06,9.07225048e-08,0.09072250479999999,2.39124894e-07,10.1158815,10722.83439,0.8936454923668512,2.39124894e-07,2.01506682e-07,0.201506682
2343,3.36955342e-06,9.8735239,10465.935334,0.8722354178438501,3.36955342e-06,9.07219428e-08,0.0907219428,2.39124894e-07,10.115885,10722.8381,0.8936458015597993,2.39124894e-07,2.01505759e-07,0.201505759
2344,3.36955342e-06,9.87351312,10465.9239072,0.8722344655295701,3.36955342e-06,9.07213848e-08,0.0907213848,2.39124894e-07,10.1158887,10722.842021999999,0.8936461284209157,2.39124894e-07,2.01504841e-07,0.20150484100000002
2345,3.36955342e-06,9.87350231,10465.9124486,0.8722335105650647,3.36955342e-06,9.07208308e-08,0.0907208308,2.39124894e-07,10.1158918,10722.845308,0.8936464022775269,2.39124894e-07,2.01503928e-07,0.201503928
2346,3.36955342e-06,9.87349147,10465.9009582,0.8722325529503341,3.36955342e-06,9.07202805e-08,0.0907202805,2.39124894e-07,10.1158946,10722.848276,0.8936466496318854,2.39124894e-07,2.0150302e-07,0.20150302
2347,3.36955342e-06,9.87348049,10465.889319400001,0.8722315829678857,3.36955342e-06,9.07197334e-08,0.0907197334,2.39124894e-07,10.1158978,10722.851668000001,0.8936469323225809,2.39124894e-07,2.01502118e-07,0.201502118
2348,3.36955342e-06,9.87346943,10465.8775958,0.8722306059181698,3.36955342e-06,9.07191899e-08,0.0907191899,2.39124894e-07,10.1159011,10722.855166000001,0.8936472238473605,2.39124894e-07,2.0150122e-07,0.20150122
2349,3.36955342e-06,9.8734583,10465.865797999999,0.8722296226845948,3.36955342e-06,9.07186501e-08,0.0907186501,2.39124894e-07,10.1159039,10722.858134,0.8936474712017188,2.39124894e-07,2.01500328e-07,0.201500328
2350,3.36955342e-06,9.87344706,10465.8538836,0.8722286297335274,3.36955342e-06,9.07181141e-08,0.0907181141,2.39124894e-07,10.1159069,10722.861314,0.8936477362242458,2.39124894e-07,2.01499441e-07,0.201499441
2351,3.36955342e-06,9.87343568,10465.8418208,0.872227624414742,3.36955342e-06,9.07175821e-08,0.0907175821,2.39124894e-07,10.1159102,10722.864812,0.8936480277490253,2.39124894e-07,2.01498559e-07,0.20149855900000002
2352,3.36955342e-06,9.87342429,10465.829747400001,0.8722266182125482,3.36955342e-06,9.07170542e-08,0.09071705420000001,2.39124894e-07,10.1159128,10722.867568,0.8936482574352154,2.39124894e-07,2.01497682e-07,0.201497682
2353,3.36955342e-06,9.87341286,10465.8176316,0.8722256084767206,3.36955342e-06,9.07165299e-08,0.0907165299,2.39124894e-07,10.1159152,10722.870112,0.893648469453237,2.39124894e-07,2.01496811e-07,0.201496811
2354,3.36955342e-06,9.87340131,10465.8053886,0.8722245881399919,3.36955342e-06,9.07160091e-08,0.09071600910000001,2.39124894e-07,10.1159179,10722.872974,0.8936487079735111,2.39124894e-07,2.01495944e-07,0.201495944
2355,3.36955342e-06,9.87338967,10465.7930502,0.8722235598525875,3.36955342e-06,9.07154918e-08,0.09071549179999999,2.39124894e-07,10.1159207,10722.875942,0.8936489553278696,2.39124894e-07,2.01495084e-07,0.20149508400000002
2356,3.36955342e-06,9.87337798,10465.7806588,0.872222527148141,3.36955342e-06,9.07149784e-08,0.0907149784,2.39124894e-07,10.1159231,10722.878486,0.8936491673458911,2.39124894e-07,2.01494228e-07,0.201494228
2357,3.36955342e-06,9.87336619,10465.768161400001,0.8722214856096103,3.36955342e-06,9.07144687e-08,0.0907144687,2.39124894e-07,10.1159257,10722.881242,0.893649397032081,2.39124894e-07,2.01493378e-07,0.201493378
2358,3.36955342e-06,9.87335426,10465.7555156,0.8722204317033615,3.36955342e-06,9.07139632e-08,0.0907139632,2.39124894e-07,10.1159285,10722.88421,0.8936496443864396,2.39124894e-07,2.01492533e-07,0.201492533
2359,3.36955342e-06,9.87334233,10465.7428698,0.8722193777971128,3.36955342e-06,9.07134617e-08,0.0907134617,2.39124894e-07,10.1159307,10722.886542,0.8936498387362927,2.39124894e-07,2.01491693e-07,0.201491693
2360,3.36955342e-06,9.87333036,10465.7301816,0.8722183203572303,3.36955342e-06,9.07129639e-08,0.09071296390000001,2.39124894e-07,10.1159326,10722.888556,0.893650006583893,2.39124894e-07,2.01490858e-07,0.201490858
2361,3.36955342e-06,9.87331827,10465.7173662,0.872217252316447,3.36955342e-06,9.07124696e-08,0.0907124696,2.39124894e-07,10.1159349,10722.890994,0.8936502097678303,2.39124894e-07,2.0149003e-07,0.20149003
2362,3.36955342e-06,9.87330611,10465.7044766,0.8722161780918045,3.36955342e-06,9.0711979e-08,0.090711979,2.39124894e-07,10.1159372,10722.893431999999,0.8936504129517675,2.39124894e-07,2.01489206e-07,0.201489206
2363,3.36955342e-06,9.87329391,10465.691544599998,0.8722151003335282,3.36955342e-06,9.07114922e-08,0.0907114922,2.39124894e-07,10.1159392,10722.895552,0.8936505896334522,2.39124894e-07,2.01488388e-07,0.201488388
2364,3.36955342e-06,9.8732816,10465.678496,0.8722140128577597,3.36955342e-06,9.07110093e-08,0.0907110093,2.39124894e-07,10.1159413,10722.897777999999,0.893650775149221,2.39124894e-07,2.01487575e-07,0.201487575
2365,3.36955342e-06,9.87326918,10465.665330799999,0.8722129156644981,3.36955342e-06,9.07105304e-08,0.0907105304,2.39124894e-07,10.1159437,10722.900322000001,0.8936509871672427,2.39124894e-07,2.01486768e-07,0.20148676799999998
2366,3.36955342e-06,9.87325676,10465.6521656,0.8722118184712367,3.36955342e-06,9.07100555e-08,0.0907100555,2.39124894e-07,10.1159453,10722.902018,0.8936511285125903,2.39124894e-07,2.01485966e-07,0.201485966
2367,3.36955342e-06,9.87324429,10465.6389474,0.8722107168609333,3.36955342e-06,9.07095845e-08,0.0907095845,2.39124894e-07,10.1159469,10722.903714,0.893651269857938,2.39124894e-07,2.01485169e-07,0.20148516900000002
2368,3.36955342e-06,9.87323172,10465.6256232,0.8722096064165454,3.36955342e-06,9.0709117e-08,0.09070911699999999,2.39124894e-07,10.1159489,10722.905834,0.8936514465396225,2.39124894e-07,2.01484378e-07,0.201484378
2369,3.36955342e-06,9.87321908,10465.612224800001,0.8722084897882988,3.36955342e-06,9.07086533e-08,0.09070865330000001,2.39124894e-07,10.1159508,10722.907848,0.893651614387223,2.39124894e-07,2.01483593e-07,0.20148359300000002
2370,3.36955342e-06,9.8732064,10465.598784000002,0.8722073696264184,3.36955342e-06,9.07081935e-08,0.09070819349999999,2.39124894e-07,10.1159523,10722.909438,0.8936517468984865,2.39124894e-07,2.01482812e-07,0.201482812
2371,3.36955342e-06,9.87319364,10465.5852584,0.8722062423972705,3.36955342e-06,9.07077375e-08,0.0907077375,2.39124894e-07,10.1159539,10722.911134,0.8936518882438341,2.39124894e-07,2.01482038e-07,0.201482038
2372,3.36955342e-06,9.87318076,10465.5716056,0.8722051045672216,3.36955342e-06,9.07072856e-08,0.0907072856,2.39124894e-07,10.1159558,10722.913148,0.8936520560914344,2.39124894e-07,2.01481269e-07,0.201481269
2373,3.36955342e-06,9.8731679,10465.557974000001,0.8722039685039896,3.36955342e-06,9.07068376e-08,0.09070683759999999,2.39124894e-07,10.115957,10722.91442,0.8936521621004452,2.39124894e-07,2.01480505e-07,0.201480505
2374,3.36955342e-06,9.87315499,10465.544289399999,0.8722028280237153,3.36955342e-06,9.07063933e-08,0.0907063933,2.39124894e-07,10.1159583,10722.915798,0.8936522769435402,2.39124894e-07,2.01479747e-07,0.20147974700000001
2375,3.36955342e-06,9.87314196,10465.5304776,0.8722016769425401,3.36955342e-06,9.07059528e-08,0.0907059528,2.39124894e-07,10.1159599,10722.917494,0.8936524182888879,2.39124894e-07,2.01478994e-07,0.201478994
2376,3.36955342e-06,9.87312889,10465.5166234,0.8722005223277313,3.36955342e-06,9.07055162e-08,0.0907055162,2.39124894e-07,10.1159613,10722.918978,0.8936525419660671,2.39124894e-07,2.01478247e-07,0.201478247
2377,3.36955342e-06,9.87311578,10465.5027268,0.8721993641792886,3.36955342e-06,9.07050835e-08,0.0907050835,2.39124894e-07,10.1159624,10722.920144000002,0.8936526391409938,2.39124894e-07,2.01477506e-07,0.201477506
2378,3.36955342e-06,9.87310261,10465.4887666,0.8721982007303954,3.36955342e-06,9.07046546e-08,0.0907046546,2.39124894e-07,10.1159636,10722.921416000001,0.8936527451500046,2.39124894e-07,2.0147677e-07,0.20147677
2379,3.36955342e-06,9.87308935,10465.474711,0.8721970293308265,3.36955342e-06,9.07042297e-08,0.0907042297,2.39124894e-07,10.1159649,10722.922794,0.8936528599930994,2.39124894e-07,2.01476039e-07,0.201476039
2380,3.36955342e-06,9.87307609,10465.4606554,0.8721958579312575,3.36955342e-06,9.07038086e-08,0.0907038086,2.39124894e-07,10.1159658,10722.923748,0.8936529394998575,2.39124894e-07,2.01475314e-07,0.201475314
2381,3.36955342e-06,9.87306276,10465.4465256,0.8721946803478297,3.36955342e-06,9.07033913e-08,0.0907033913,2.39124894e-07,10.1159668,10722.924808000002,0.8936530278407,2.39124894e-07,2.01474595e-07,0.201474595
2382,3.36955342e-06,9.87304933,10465.432289800001,0.8721934939303175,3.36955342e-06,9.07029779e-08,0.09070297790000001,2.39124894e-07,10.1159681,10722.926186,0.8936531426837949,2.39124894e-07,2.01473881e-07,0.20147388100000002
2383,3.36955342e-06,9.87303587,10465.418022200001,0.8721923048625801,3.36955342e-06,9.07025684e-08,0.0907025684,2.39124894e-07,10.1159691,10722.927246,0.8936532310246371,2.39124894e-07,2.01473173e-07,0.201473173
2384,3.36955342e-06,9.8730224,10465.403744,0.8721911149114341,3.36955342e-06,9.07021628e-08,0.0907021628,2.39124894e-07,10.1159697,10722.927882000002,0.8936532840291427,2.39124894e-07,2.0147247e-07,0.20147247000000001
2385,3.36955342e-06,9.87300884,10465.3893704,0.8721899170096126,3.36955342e-06,9.0701761e-08,0.09070176099999999,2.39124894e-07,10.1159705,10722.92873,0.8936533547018163,2.39124894e-07,2.01471773e-07,0.201471773
2386,3.36955342e-06,9.87299524,10465.3749544,0.8721887155741572,3.36955342e-06,9.07013632e-08,0.0907013632,2.39124894e-07,10.1159713,10722.929578,0.8936534253744901,2.39124894e-07,2.01471081e-07,0.201471081
2387,3.36955342e-06,9.87298161,10465.3605066,0.8721875114884765,3.36955342e-06,9.07009691e-08,0.0907009691,2.39124894e-07,10.1159719,10722.930214,0.8936534783789956,2.39124894e-07,2.01470395e-07,0.201470395
2388,3.36955342e-06,9.87296792,10465.345995200001,0.8721863021023455,3.36955342e-06,9.07005788e-08,0.0907005788,2.39124894e-07,10.1159726,10722.930955999998,0.893653540217585,2.39124894e-07,2.01469715e-07,0.201469715
2389,3.36955342e-06,9.87295414,10465.3313884,0.8721850847655385,3.36955342e-06,9.07001924e-08,0.0907001924,2.39124894e-07,10.1159735,10722.931910000001,0.8936536197243433,2.39124894e-07,2.0146904e-07,0.20146904
2390,3.36955342e-06,9.87294035,10465.316771,0.872183866545323,3.36955342e-06,9.069981e-08,0.09069980999999999,2.39124894e-07,10.115974,10722.932439999999,0.8936536638947643,2.39124894e-07,2.01468371e-07,0.201468371
2391,3.36955342e-06,9.87292654,10465.3021324,0.8721826465582908,3.36955342e-06,9.06994314e-08,0.0906994314,2.39124894e-07,10.1159742,10722.932652,0.8936536815629328,2.39124894e-07,2.01467707e-07,0.20146770700000002
2392,3.36955342e-06,9.87291267,10465.2874302,0.872181421270808,3.36955342e-06,9.06990567e-08,0.09069905669999999,2.39124894e-07,10.1159746,10722.933076,0.8936537168992698,2.39124894e-07,2.0146705e-07,0.20146705
2393,3.36955342e-06,9.87289874,10465.2726644,0.8721801906828747,3.36955342e-06,9.06986859e-08,0.0906986859,2.39124894e-07,10.1159751,10722.933606,0.893653761069691,2.39124894e-07,2.01466397e-07,0.201466397
2394,3.36955342e-06,9.8728848,10465.257888,0.872178959211533,3.36955342e-06,9.06983188e-08,0.0906983188,2.39124894e-07,10.1159754,10722.933924,0.8936537875719437,2.39124894e-07,2.0146575e-07,0.20146575
2395,3.36955342e-06,9.8728708,10465.243047999998,0.8721777224397406,3.36955342e-06,9.06979554e-08,0.0906979554,2.39124894e-07,10.1159757,10722.934242,0.8936538140741963,2.39124894e-07,2.01465109e-07,0.201465109
2396,3.36955342e-06,9.87285671,10465.2281126,0.8721764777172727,3.36955342e-06,9.06975959e-08,0.09069759590000001,2.39124894e-07,10.1159762,10722.934772,0.8936538582446175,2.39124894e-07,2.01464474e-07,0.201464474
2397,3.36955342e-06,9.87284262,10465.2131772,0.8721752329948045,3.36955342e-06,9.06972404e-08,0.0906972404,2.39124894e-07,10.1159764,10722.934984,0.8936538759127859,2.39124894e-07,2.01463844e-07,0.201463844
2398,3.36955342e-06,9.87282852,10465.1982312,0.872173987388928,3.36955342e-06,9.06968888e-08,0.0906968888,2.39124894e-07,10.1159763,10722.934878,0.8936538670787018,2.39124894e-07,2.01463219e-07,0.201463219
2399,3.36955342e-06,9.87281436,10465.1832216,0.8721727364826011,3.36955342e-06,9.0696541e-08,0.09069654099999999,2.39124894e-07,10.1159763,10722.934878,0.8936538670787018,2.39124894e-07,2.014626e-07,0.2014626
2400,3.36955342e-06,9.87280017,10465.1681802,0.8721714829260487,3.36955342e-06,9.06961969e-08,0.0906961969,2.39124894e-07,10.1159764,10722.934984,0.8936538759127859,2.39124894e-07,2.01461987e-07,0.20146198699999998
2401,3.36955342e-06,9.87278595,10465.153107,0.8721702267192711,3.36955342e-06,9.06958566e-08,0.0906958566,2.39124894e-07,10.1159763,10722.934878,0.8936538670787018,2.39124894e-07,2.0146138e-07,0.20146138
2402,3.36955342e-06,9.87277168,10465.1379808,0.8721689660954515,3.36955342e-06,9.06955201e-08,0.0906955201,2.39124894e-07,10.1159763,10722.934878,0.8936538670787018,2.39124894e-07,2.01460778e-07,0.201460778
2403,3.36955342e-06,9.87275734,10465.1227804,0.8721676992877727,3.36955342e-06,9.06951875e-08,0.0906951875,2.39124894e-07,10.1159765,10722.93509,0.8936538847468702,2.39124894e-07,2.01460181e-07,0.201460181
2404,3.36955342e-06,9.87274299,10465.107569400001,0.8721664315966858,3.36955342e-06,9.06948587e-08,0.0906948587,2.39124894e-07,10.1159763,10722.934878,0.8936538670787018,2.39124894e-07,2.0145959e-07,0.20145959
2405,3.36955342e-06,9.87272865,10465.092369000002,0.8721651647890073,3.36955342e-06,9.06945338e-08,0.0906945338,2.39124894e-07,10.1159758,10722.934347999999,0.8936538229082804,2.39124894e-07,2.01459005e-07,0.201459005
2406,3.36955342e-06,9.87271425,10465.077105,0.8721638926808779,3.36955342e-06,9.06942126e-08,0.0906942126,2.39124894e-07,10.1159755,10722.934029999999,0.8936537964060277,2.39124894e-07,2.01458425e-07,0.201458425
2407,3.36955342e-06,9.87269982,10465.061809199999,0.8721626179225234,3.36955342e-06,9.06938952e-08,0.0906938952,2.39124894e-07,10.1159752,10722.933712,0.8936537699037752,2.39124894e-07,2.01457851e-07,0.201457851
2408,3.36955342e-06,9.87268537,10465.0464922,0.872161341397352,3.36955342e-06,9.06935815e-08,0.0906935815,2.39124894e-07,10.1159748,10722.933288,0.8936537345674382,2.39124894e-07,2.01457283e-07,0.201457283
2409,3.36955342e-06,9.87267088,10465.031132799999,0.8721600613385471,3.36955342e-06,9.06932716e-08,0.0906932716,2.39124894e-07,10.1159746,10722.933076,0.8936537168992698,2.39124894e-07,2.0145672e-07,0.20145672
2410,3.36955342e-06,9.87265632,10465.015699200001,0.8721587750958832,3.36955342e-06,9.06929655e-08,0.0906929655,2.39124894e-07,10.1159744,10722.932864,0.8936536992311014,2.39124894e-07,2.01456162e-07,0.201456162
2411,3.36955342e-06,9.87264176,10465.0002656,0.8721574888532192,3.36955342e-06,9.06926633e-08,0.0906926633,2.39124894e-07,10.1159738,10722.932228000001,0.893653646226596,2.39124894e-07,2.0145561e-07,0.20145560999999998
2412,3.36955342e-06,9.87262721,10464.984842599999,0.8721562034939636,3.36955342e-06,9.06923648e-08,0.0906923648,2.39124894e-07,10.115973,10722.93138,0.8936535755539221,2.39124894e-07,2.01455064e-07,0.201455064
2413,3.36955342e-06,9.87261261,10464.969366599998,0.872154913717666,3.36955342e-06,9.069207e-08,0.09069207,2.39124894e-07,10.1159724,10722.930744000001,0.8936535225494169,2.39124894e-07,2.01454523e-07,0.201454523
2414,3.36955342e-06,9.87259799,10464.953869399998,0.8721536221745514,3.36955342e-06,9.06917789e-08,0.0906917789,2.39124894e-07,10.1159718,10722.930108,0.8936534695449114,2.39124894e-07,2.01453988e-07,0.201453988
2415,3.36955342e-06,9.87258335,10464.938350999999,0.8721523288646201,3.36955342e-06,9.06914915e-08,0.0906914915,2.39124894e-07,10.1159711,10722.929366,0.8936534077063217,2.39124894e-07,2.01453459e-07,0.201453459
2416,3.36955342e-06,9.87256867,10464.9227902,0.8721510320210552,3.36955342e-06,9.06912079e-08,0.0906912079,2.39124894e-07,10.1159705,10722.92873,0.8936533547018163,2.39124894e-07,2.01452934e-07,0.201452934
2417,3.36955342e-06,9.87255394,10464.9071764,0.872149730760448,3.36955342e-06,9.06909281e-08,0.0906909281,2.39124894e-07,10.11597,10722.9282,0.8936533105313952,2.39124894e-07,2.01452416e-07,0.201452416
2418,3.36955342e-06,9.87253922,10464.8915732,0.8721484303832493,3.36955342e-06,9.0690652e-08,0.090690652,2.39124894e-07,10.1159691,10722.927246,0.8936532310246371,2.39124894e-07,2.01451903e-07,0.201451903
2419,3.36955342e-06,9.8725245,10464.875970000001,0.8721471300060506,3.36955342e-06,9.06903796e-08,0.0906903796,2.39124894e-07,10.115968,10722.926080000001,0.8936531338497107,2.39124894e-07,2.01451395e-07,0.201451395
2420,3.36955342e-06,9.87250974,10464.8603244,0.8721458260952182,3.36955342e-06,9.06901107e-08,0.09069011069999999,2.39124894e-07,10.1159671,10722.925126,0.8936530543429525,2.39124894e-07,2.01450893e-07,0.201450893
2421,3.36955342e-06,9.87249497,10464.8446682,0.8721445213009772,3.36955342e-06,9.06898456e-08,0.0906898456,2.39124894e-07,10.1159662,10722.924172,0.8936529748361945,2.39124894e-07,2.01450396e-07,0.201450396
2422,3.36955342e-06,9.87248018,10464.8289908,0.8721432147399196,3.36955342e-06,9.06895841e-08,0.0906895841,2.39124894e-07,10.1159652,10722.923112,0.8936528864953521,2.39124894e-07,2.01449905e-07,0.20144990499999998
2423,3.36955342e-06,9.87246535,10464.813271,0.8721419046452283,3.36955342e-06,9.06893264e-08,0.09068932639999999,2.39124894e-07,10.1159644,10722.922263999999,0.8936528158226782,2.39124894e-07,2.0144942e-07,0.20144942000000002
2424,3.36955342e-06,9.87245049,10464.797519400001,0.8721405919003117,3.36955342e-06,9.06890724e-08,0.0906890724,2.39124894e-07,10.1159635,10722.92131,0.8936527363159202,2.39124894e-07,2.01448939e-07,0.20144893900000002
2425,3.36955342e-06,9.87243563,10464.7817678,0.8721392791553948,3.36955342e-06,9.06888221e-08,0.0906888221,2.39124894e-07,10.1159623,10722.920038,0.8936526303069094,2.39124894e-07,2.01448464e-07,0.201448464
2426,3.36955342e-06,9.87242079,10464.766037399999,0.872137968177295,3.36955342e-06,9.06885753e-08,0.0906885753,2.39124894e-07,10.115961,10722.918660000001,0.8936525154638145,2.39124894e-07,2.01447995e-07,0.201447995
2427,3.36955342e-06,9.87240591,10464.7502646,0.8721366536655616,3.36955342e-06,9.06883321e-08,0.0906883321,2.39124894e-07,10.1159597,10722.917281999999,0.8936524006207194,2.39124894e-07,2.01447531e-07,0.201447531
2428,3.36955342e-06,9.87239103,10464.7344918,0.8721353391538281,3.36955342e-06,9.06880925e-08,0.0906880925,2.39124894e-07,10.1159585,10722.916009999999,0.8936522946117086,2.39124894e-07,2.01447073e-07,0.201447073
2429,3.36955342e-06,9.87237612,10464.7186872,0.8721340219918694,3.36955342e-06,9.06878565e-08,0.0906878565,2.39124894e-07,10.1159573,10722.914738,0.8936521886026979,2.39124894e-07,2.0144662e-07,0.20144662
2430,3.36955342e-06,9.87236119,10464.7028614,0.8721327030630937,3.36955342e-06,9.06876242e-08,0.0906876242,2.39124894e-07,10.1159562,10722.913572,0.8936520914277714,2.39124894e-07,2.01446172e-07,0.201446172
2431,3.36955342e-06,9.87234623,10464.6870038,0.8721313814840929,3.36955342e-06,9.06873956e-08,0.0906873956,2.39124894e-07,10.115955,10722.9123,0.8936519854187607,2.39124894e-07,2.0144573e-07,0.20144573
2432,3.36955342e-06,9.87233128,10464.6711568,0.8721300607885003,3.36955342e-06,9.06871705e-08,0.09068717050000001,2.39124894e-07,10.1159535,10722.91071,0.8936518529074972,2.39124894e-07,2.01445293e-07,0.201445293
2433,3.36955342e-06,9.87231634,10464.6553204,0.8721287409763163,3.36955342e-06,9.06869489e-08,0.09068694890000001,2.39124894e-07,10.1159519,10722.909014,0.8936517115621495,2.39124894e-07,2.01444862e-07,0.201444862
2434,3.36955342e-06,9.87230139,10464.6394734,0.872127420280724,3.36955342e-06,9.06867307e-08,0.0906867307,2.39124894e-07,10.1159505,10722.90753,0.8936515878849703,2.39124894e-07,2.01444436e-07,0.201444436
2435,3.36955342e-06,9.87228643,10464.623615800001,0.8721260987017231,3.36955342e-06,9.06865162e-08,0.09068651620000001,2.39124894e-07,10.115949,10722.90594,0.8936514553737068,2.39124894e-07,2.01444015e-07,0.20144401499999998
2436,3.36955342e-06,9.87227145,10464.607737,0.8721247753559053,3.36955342e-06,9.06863053e-08,0.0906863053,2.39124894e-07,10.1159475,10722.90435,0.8936513228624434,2.39124894e-07,2.014436e-07,0.2014436
2437,3.36955342e-06,9.87225645,10464.591837,0.8721234502432708,3.36955342e-06,9.06860979e-08,0.0906860979,2.39124894e-07,10.1159461,10722.902866,0.8936511991852641,2.39124894e-07,2.01443189e-07,0.20144318900000002
2438,3.36955342e-06,9.87224143,10464.5759158,0.8721221233638193,3.36955342e-06,9.0685894e-08,0.09068589399999999,2.39124894e-07,10.1159447,10722.901382,0.8936510755080849,2.39124894e-07,2.01442785e-07,0.201442785
2439,3.36955342e-06,9.87222643,10464.5600158,0.8721207982511847,3.36955342e-06,9.06856936e-08,0.0906856936,2.39124894e-07,10.1159429,10722.899474,0.8936509164945687,2.39124894e-07,2.01442385e-07,0.201442385
2440,3.36955342e-06,9.87221143,10464.5441158,0.8721194731385501,3.36955342e-06,9.06854966e-08,0.0906854966,2.39124894e-07,10.1159411,10722.897566000001,0.8936507574810527,2.39124894e-07,2.01441991e-07,0.20144199100000001
2441,3.36955342e-06,9.87219643,10464.5282158,0.8721181480259157,3.36955342e-06,9.06853031e-08,0.0906853031,2.39124894e-07,10.1159393,10722.895658000001,0.8936505984675366,2.39124894e-07,2.01441602e-07,0.201441602
2442,3.36955342e-06,9.87218143,10464.512315799999,0.8721168229132809,3.36955342e-06,9.06851131e-08,0.0906851131,2.39124894e-07,10.1159376,10722.893856,0.8936504482881046,2.39124894e-07,2.01441218e-07,0.201441218
2443,3.36955342e-06,9.87216642,10464.4964052,0.872115496917238,3.36955342e-06,9.06849266e-08,0.09068492660000001,2.39124894e-07,10.1159359,10722.892054,0.8936502981086726,2.39124894e-07,2.0144084e-07,0.20144084
2444,3.36955342e-06,9.87215139,10464.4804734,0.8721141691543782,3.36955342e-06,9.06847436e-08,0.09068474359999999,2.39124894e-07,10.1159343,10722.890357999999,0.8936501567633248,2.39124894e-07,2.01440467e-07,0.201440467
2445,3.36955342e-06,9.87213635,10464.464531,0.8721128405081099,3.36955342e-06,9.06845639e-08,0.0906845639,2.39124894e-07,10.1159326,10722.888556,0.893650006583893,2.39124894e-07,2.01440098e-07,0.20144009799999998
2446,3.36955342e-06,9.87212132,10464.448599199999,0.87211151274525,3.36955342e-06,9.06843876e-08,0.0906843876,2.39124894e-07,10.1159306,10722.886436,0.8936498299022084,2.39124894e-07,2.01439736e-07,0.201439736
2447,3.36955342e-06,9.87210631,10464.4326886,0.872110186749207,3.36955342e-06,9.06842146e-08,0.0906842146,2.39124894e-07,10.1159286,10722.884316,0.8936496532205237,2.39124894e-07,2.01439378e-07,0.201439378
2448,3.36955342e-06,9.87209129,10464.4167674,0.8721088598697556,3.36955342e-06,9.06840451e-08,0.0906840451,2.39124894e-07,10.1159266,10722.882196,0.8936494765388392,2.39124894e-07,2.01439025e-07,0.201439025
2449,3.36955342e-06,9.87207629,10464.400867400002,0.8721075347571212,3.36955342e-06,9.06838791e-08,0.0906838791,2.39124894e-07,10.1159246,10722.880076,0.8936492998571545,2.39124894e-07,2.01438678e-07,0.201438678
2450,3.36955342e-06,9.87206127,10464.3849462,0.8721062078776696,3.36955342e-06,9.06837163e-08,0.0906837163,2.39124894e-07,10.1159227,10722.878062,0.8936491320095542,2.39124894e-07,2.01438336e-07,0.201438336
2451,3.36955342e-06,9.87204624,10464.3690144,0.8721048801148097,3.36955342e-06,9.06835569e-08,0.0906835569,2.39124894e-07,10.1159208,10722.876048,0.8936489641619538,2.39124894e-07,2.01437999e-07,0.201437999
2452,3.36955342e-06,9.87203121,10464.353082599999,0.8721035523519498,3.36955342e-06,9.06834008e-08,0.0906834008,2.39124894e-07,10.1159189,10722.874034,0.8936487963143535,2.39124894e-07,2.01437667e-07,0.201437667
2453,3.36955342e-06,9.8720162,10464.337172,0.872102226355907,3.36955342e-06,9.0683248e-08,0.09068324800000001,2.39124894e-07,10.1159167,10722.871702,0.8936486019645004,2.39124894e-07,2.0143734e-07,0.20143734
2454,3.36955342e-06,9.8720012,10464.321272,0.8721009012432723,3.36955342e-06,9.06830986e-08,0.0906830986,2.39124894e-07,10.1159144,10722.869263999999,0.893648398780563,2.39124894e-07,2.01437018e-07,0.201437018
2455,3.36955342e-06,9.87198621,10464.3053826,0.8720995770140462,3.36955342e-06,9.06829524e-08,0.0906829524,2.39124894e-07,10.1159122,10722.866932,0.89364820443071,2.39124894e-07,2.01436701e-07,0.201436701
2456,3.36955342e-06,9.87197123,10464.2895038,0.8720982536682286,3.36955342e-06,9.06828095e-08,0.0906828095,2.39124894e-07,10.1159101,10722.864706,0.8936480189149412,2.39124894e-07,2.0143639e-07,0.20143639
2457,3.36955342e-06,9.87195624,10464.2736144,0.8720969294390023,3.36955342e-06,9.06826699e-08,0.0906826699,2.39124894e-07,10.115908,10722.86248,0.8936478333991723,2.39124894e-07,2.01436083e-07,0.201436083
2458,3.36955342e-06,9.87194125,10464.257725000001,0.8720956052097764,3.36955342e-06,9.06825335e-08,0.0906825335,2.39124894e-07,10.1159059,10722.860254,0.8936476478834033,2.39124894e-07,2.01435781e-07,0.201435781
2459,3.36955342e-06,9.87192627,10464.241846199999,0.8720942818639583,3.36955342e-06,9.06824003e-08,0.0906824003,2.39124894e-07,10.1159037,10722.857922000001,0.8936474535335505,2.39124894e-07,2.01435485e-07,0.201435485
2460,3.36955342e-06,9.8719113,10464.225978,0.8720929594015492,3.36955342e-06,9.06822703e-08,0.0906822703,2.39124894e-07,10.1159013,10722.855378,0.8936472415155289,2.39124894e-07,2.01435193e-07,0.20143519299999998
2461,3.36955342e-06,9.87189635,10464.210131,0.8720916387059567,3.36955342e-06,9.06821436e-08,0.0906821436,2.39124894e-07,10.1158989,10722.852834,0.8936470294975073,2.39124894e-07,2.01434906e-07,0.201434906
2462,3.36955342e-06,9.87188141,10464.1942946,0.8720903188937726,3.36955342e-06,9.06820201e-08,0.09068202010000001,2.39124894e-07,10.1158965,10722.85029,0.8936468174794858,2.39124894e-07,2.01434624e-07,0.20143462399999998
2463,3.36955342e-06,9.87186648,10464.178468799999,0.872088999964997,3.36955342e-06,9.06818998e-08,0.0906818998,2.39124894e-07,10.1158941,10722.847746,0.8936466054614642,2.39124894e-07,2.01434347e-07,0.20143434699999999
2464,3.36955342e-06,9.87185156,10464.1626536,0.8720876819196299,3.36955342e-06,9.06817826e-08,0.09068178260000001,2.39124894e-07,10.1158919,10722.845414,0.8936464111116111,2.39124894e-07,2.01434075e-07,0.20143407500000002
2465,3.36955342e-06,9.87183664,10464.1468384,0.8720863638742626,3.36955342e-06,9.06816685e-08,0.0906816685,2.39124894e-07,10.1158895,10722.84287,0.8936461990935897,2.39124894e-07,2.01433808e-07,0.201433808
2466,3.36955342e-06,9.87182173,10464.1310338,0.8720850467123039,3.36955342e-06,9.06815575e-08,0.0906815575,2.39124894e-07,10.1158871,10722.840326,0.8936459870755681,2.39124894e-07,2.01433546e-07,0.201433546
2467,3.36955342e-06,9.87180683,10464.115239800001,0.8720837304337536,3.36955342e-06,9.06814495e-08,0.09068144950000001,2.39124894e-07,10.1158846,10722.837676,0.8936457662234623,2.39124894e-07,2.01433288e-07,0.201433288
2468,3.36955342e-06,9.87179196,10464.099477599999,0.8720824168054284,3.36955342e-06,9.06813448e-08,0.0906813448,2.39124894e-07,10.115882,10722.83492,0.8936455365372723,2.39124894e-07,2.01433035e-07,0.20143303499999998
2469,3.36955342e-06,9.87177711,10464.0837366,0.8720811049439202,3.36955342e-06,9.06812431e-08,0.0906812431,2.39124894e-07,10.1158794,10722.832164000001,0.8936453068510825,2.39124894e-07,2.01432788e-07,0.201432788
2470,3.36955342e-06,9.87176227,10464.0680062,0.8720797939658204,3.36955342e-06,9.06811446e-08,0.0906811446,2.39124894e-07,10.1158769,10722.829514,0.8936450859989765,2.39124894e-07,2.01432544e-07,0.201432544
2471,3.36955342e-06,9.87174744,10464.0522864,0.8720784838711291,3.36955342e-06,9.06810491e-08,0.09068104910000001,2.39124894e-07,10.1158745,10722.82697,0.893644873980955,2.39124894e-07,2.01432306e-07,0.201432306
2472,3.36955342e-06,9.87173262,10464.036577199999,0.872077174659846,3.36955342e-06,9.06809566e-08,0.0906809566,2.39124894e-07,10.115872,10722.82432,0.8936446531288493,2.39124894e-07,2.01432072e-07,0.201432072
2473,3.36955342e-06,9.87171781,10464.0208786,0.8720758663319716,3.36955342e-06,9.0680867e-08,0.090680867,2.39124894e-07,10.1158694,10722.821564,0.8936444234426593,2.39124894e-07,2.01431843e-07,0.201431843
2474,3.36955342e-06,9.87170302,10464.0052012,0.8720745597709139,3.36955342e-06,9.06807804e-08,0.09068078040000001,2.39124894e-07,10.1158667,10722.818702,0.8936441849223852,2.39124894e-07,2.01431619e-07,0.201431619
2475,3.36955342e-06,9.87168826,10463.989555600001,0.8720732558600816,3.36955342e-06,9.06806969e-08,0.0906806969,2.39124894e-07,10.1158639,10722.815734000002,0.8936439375680267,2.39124894e-07,2.014314e-07,0.20143139999999998
2476,3.36955342e-06,9.87167352,10463.9739312,0.8720719537160659,3.36955342e-06,9.06806163e-08,0.0906806163,2.39124894e-07,10.1158612,10722.812871999999,0.8936436990477523,2.39124894e-07,2.01431185e-07,0.201431185
2477,3.36955342e-06,9.87165879,10463.9583174,0.8720706524554588,3.36955342e-06,9.06805388e-08,0.0906805388,2.39124894e-07,10.1158586,10722.810115999999,0.8936434693615624,2.39124894e-07,2.01430975e-07,0.20143097499999998
2478,3.36955342e-06,9.87164408,10463.9427248,0.8720693529616684,3.36955342e-06,9.06804642e-08,0.09068046419999999,2.39124894e-07,10.1158559,10722.807254,0.8936432308412882,2.39124894e-07,2.01430769e-07,0.201430769
2479,3.36955342e-06,9.87162939,10463.9271534,0.872068055234695,3.36955342e-06,9.06803924e-08,0.0906803924,2.39124894e-07,10.1158533,10722.804498,0.8936430011550982,2.39124894e-07,2.01430568e-07,0.201430568
2480,3.36955342e-06,9.87161471,10463.9115926,0.8720667583911299,3.36955342e-06,9.06803235e-08,0.09068032349999999,2.39124894e-07,10.1158505,10722.80153,0.8936427538007398,2.39124894e-07,2.01430371e-07,0.201430371
2481,3.36955342e-06,9.87160005,10463.896053,0.8720654633143818,3.36955342e-06,9.06802575e-08,0.0906802575,2.39124894e-07,10.1158477,10722.798562,0.8936425064463813,2.39124894e-07,2.01430179e-07,0.20143017900000001
2482,3.36955342e-06,9.87158543,10463.8805558,0.8720641717712673,3.36955342e-06,9.06801943e-08,0.0906801943,2.39124894e-07,10.1158448,10722.795488,0.8936422502579386,2.39124894e-07,2.01429992e-07,0.201429992
2483,3.36955342e-06,9.87157082,10463.865069200001,0.8720628811115613,3.36955342e-06,9.06801341e-08,0.09068013409999999,2.39124894e-07,10.115842,10722.79252,0.8936420029035802,2.39124894e-07,2.01429809e-07,0.201429809
2484,3.36955342e-06,9.87155624,10463.8496144,0.8720615931020804,3.36955342e-06,9.06800768e-08,0.0906800768,2.39124894e-07,10.1158392,10722.789552,0.8936417555492218,2.39124894e-07,2.01429631e-07,0.201429631
2485,3.36955342e-06,9.87154168,10463.8341808,0.8720603068594165,3.36955342e-06,9.06800222e-08,0.0906800222,2.39124894e-07,10.1158364,10722.786584,0.8936415081948632,2.39124894e-07,2.01429457e-07,0.20142945699999998
2486,3.36955342e-06,9.87152714,10463.8187684,0.8720590223835694,3.36955342e-06,9.06799705e-08,0.0906799705,2.39124894e-07,10.1158336,10722.783616,0.8936412608405049,2.39124894e-07,2.01429287e-07,0.201429287
2487,3.36955342e-06,9.87151261,10463.8033666,0.8720577387911306,3.36955342e-06,9.06799214e-08,0.0906799214,2.39124894e-07,10.1158307,10722.780542,0.8936410046520622,2.39124894e-07,2.01429122e-07,0.201429122
2488,3.36955342e-06,9.87149812,10463.7880072,0.8720564587323256,3.36955342e-06,9.0679875e-08,0.090679875,2.39124894e-07,10.1158277,10722.777362,0.8936407396295353,2.39124894e-07,2.01428961e-07,0.201428961
2489,3.36955342e-06,9.87148365,10463.772669,0.8720551804403375,3.36955342e-06,9.06798315e-08,0.0906798315,2.39124894e-07,10.1158247,10722.774182,0.8936404746070082,2.39124894e-07,2.01428805e-07,0.20142880500000002
2490,3.36955342e-06,9.87146922,10463.7573732,0.872053905681983,3.36955342e-06,9.06797908e-08,0.09067979079999999,2.39124894e-07,10.1158218,10722.771108,0.8936402184185657,2.39124894e-07,2.01428653e-07,0.201428653
2491,3.36955342e-06,9.87145481,10463.7420986,0.8720526326904454,3.36955342e-06,9.06797528e-08,0.0906797528,2.39124894e-07,10.1158188,10722.767928,0.8936399533960386,2.39124894e-07,2.01428505e-07,0.201428505
2492,3.36955342e-06,9.87144042,10463.7268452,0.8720513614657247,3.36955342e-06,9.06797175e-08,0.09067971749999999,2.39124894e-07,10.1158159,10722.764854,0.893639697207596,2.39124894e-07,2.01428362e-07,0.201428362
2493,3.36955342e-06,9.87142605,10463.711613,0.8720500920078207,3.36955342e-06,9.06796849e-08,0.0906796849,2.39124894e-07,10.115813,10722.761779999999,0.8936394410191533,2.39124894e-07,2.01428223e-07,0.20142822300000002
2494,3.36955342e-06,9.87141171,10463.6964126,0.872048825200142,3.36955342e-06,9.06796548e-08,0.09067965480000001,2.39124894e-07,10.11581,10722.7586,0.8936391759966263,2.39124894e-07,2.01428088e-07,0.201428088
2495,3.36955342e-06,9.8713974,10463.681244,0.8720475610426887,3.36955342e-06,9.06796274e-08,0.0906796274,2.39124894e-07,10.1158069,10722.755314,0.8936389021400153,2.39124894e-07,2.01427957e-07,0.201427957
2496,3.36955342e-06,9.87138312,10463.6661072,0.8720462995354606,3.36955342e-06,9.06796026e-08,0.09067960259999999,2.39124894e-07,10.1158038,10722.752028,0.8936386282834042,2.39124894e-07,2.01427831e-07,0.201427831
2497,3.36955342e-06,9.87136887,10463.6510022,0.8720450406784577,3.36955342e-06,9.06795805e-08,0.0906795805,2.39124894e-07,10.1158008,10722.748848000001,0.8936383632608773,2.39124894e-07,2.01427708e-07,0.20142770799999998
2498,3.36955342e-06,9.87135465,10463.635929,0.8720437844716801,3.36955342e-06,9.0679561e-08,0.09067956099999999,2.39124894e-07,10.1157977,10722.745562,0.893638089404266,2.39124894e-07,2.0142759e-07,0.20142759
2499,3.36955342e-06,9.87134046,10463.6208876,0.8720425309151278,3.36955342e-06,9.06795442e-08,0.0906795442,2.39124894e-07,10.1157947,10722.742382,0.8936378243817392,2.39124894e-07,2.01427476e-07,0.201427476
2500,3.36955342e-06,9.87132629,10463.605867400001,0.8720412791253925,3.36955342e-06,9.06795298e-08,0.0906795298,2.39124894e-07,10.1157916,10722.739096,0.8936375505251279,2.39124894e-07,2.01427366e-07,0.201427366
2501,3.36955342e-06,9.87131216,10463.5908896,0.8720400308692906,3.36955342e-06,9.06795179e-08,0.0906795179,2.39124894e-07,10.1157885,10722.73581,0.8936372766685169,2.39124894e-07,2.01427261e-07,0.201427261
2502,3.36955342e-06,9.87129805,10463.575933,0.8720387843800057,3.36955342e-06,9.06795085e-08,0.0906795085,2.39124894e-07,10.1157854,10722.732524000001,0.8936370028119058,2.39124894e-07,2.01427159e-07,0.201427159
2503,3.36955342e-06,9.87128399,10463.5610294,0.8720375423077629,3.36955342e-06,9.06795017e-08,0.0906795017,2.39124894e-07,10.115782,10722.72892,0.8936367024530418,2.39124894e-07,2.01427061e-07,0.201427061
2504,3.36955342e-06,9.87126994,10463.5461364,0.8720363011189285,3.36955342e-06,9.06794974e-08,0.0906794974,2.39124894e-07,10.1157791,10722.725846,0.8936364462645991,2.39124894e-07,2.01426968e-07,0.201426968
2505,3.36955342e-06,9.87125593,10463.5312858,0.8720350634637277,3.36955342e-06,9.06794956e-08,0.09067949559999999,2.39124894e-07,10.115776,10722.72256,0.8936361724079881,2.39124894e-07,2.01426878e-07,0.201426878
2506,3.36955342e-06,9.87124196,10463.5164776,0.8720338293421608,3.36955342e-06,9.06794961e-08,0.09067949609999999,2.39124894e-07,10.1157728,10722.719168,0.8936358897172927,2.39124894e-07,2.01426792e-07,0.20142679200000002
2507,3.36955342e-06,9.87122802,10463.5017012,0.8720325978708191,3.36955342e-06,9.06794991e-08,0.0906794991,2.39124894e-07,10.1157696,10722.715776000001,0.8936356070265974,2.39124894e-07,2.0142671e-07,0.20142671
2508,3.36955342e-06,9.87121411,10463.4869566,0.8720313690497026,3.36955342e-06,9.06795046e-08,0.0906795046,2.39124894e-07,10.1157663,10722.712278,0.8936353155018177,2.39124894e-07,2.01426633e-07,0.20142663300000002
2509,3.36955342e-06,9.87120025,10463.472264999999,0.8720301446456281,3.36955342e-06,9.06795124e-08,0.0906795124,2.39124894e-07,10.115763,10722.708779999999,0.893635023977038,2.39124894e-07,2.01426559e-07,0.201426559
2510,3.36955342e-06,9.87118639,10463.457573400001,0.872028920241554,3.36955342e-06,9.06795227e-08,0.09067952269999999,2.39124894e-07,10.11576,10722.7056,0.893634758954511,2.39124894e-07,2.01426489e-07,0.201426489
2511,3.36955342e-06,9.87117258,10463.4429348,0.8720277002545216,3.36955342e-06,9.06795353e-08,0.09067953529999999,2.39124894e-07,10.1157569,10722.702313999998,0.8936344850978999,2.39124894e-07,2.01426422e-07,0.201426422
2512,3.36955342e-06,9.87115882,10463.4283492,0.8720264846845315,3.36955342e-06,9.06795502e-08,0.0906795502,2.39124894e-07,10.1157536,10722.698816,0.8936341935731205,2.39124894e-07,2.0142636e-07,0.20142636
2513,3.36955342e-06,9.87114509,10463.4137954,0.8720252717647667,3.36955342e-06,9.06795674e-08,0.0906795674,2.39124894e-07,10.1157502,10722.695212,0.8936338932142566,2.39124894e-07,2.01426301e-07,0.201426301
2514,3.36955342e-06,9.87113139,10463.3992734,0.8720240614952272,3.36955342e-06,9.06795869e-08,0.0906795869,2.39124894e-07,10.1157469,10722.691713999999,0.8936336016894768,2.39124894e-07,2.01426246e-07,0.201426246
2515,3.36955342e-06,9.87111772,10463.384783200001,0.8720228538759129,3.36955342e-06,9.06796088e-08,0.09067960879999999,2.39124894e-07,10.1157437,10722.688322,0.8936333189987816,2.39124894e-07,2.01426195e-07,0.201426195
2516,3.36955342e-06,9.87110409,10463.370335399999,0.8720216497902321,3.36955342e-06,9.06796331e-08,0.0906796331,2.39124894e-07,10.1157404,10722.684824,0.893633027474002,2.39124894e-07,2.01426148e-07,0.201426148
2517,3.36955342e-06,9.8710905,10463.35593,0.8720204492381852,3.36955342e-06,9.06796596e-08,0.0906796596,2.39124894e-07,10.1157373,10722.681537999999,0.8936327536173908,2.39124894e-07,2.01426104e-07,0.201426104
2518,3.36955342e-06,9.87107695,10463.341567000001,0.8720192522197722,3.36955342e-06,9.06796882e-08,0.0906796882,2.39124894e-07,10.1157339,10722.677934000001,0.8936324532585271,2.39124894e-07,2.01426064e-07,0.201426064
2519,3.36955342e-06,9.87106343,10463.3272358,0.872018057851584,3.36955342e-06,9.06797189e-08,0.0906797189,2.39124894e-07,10.1157307,10722.674542,0.8936321705678317,2.39124894e-07,2.01426027e-07,0.201426027
2520,3.36955342e-06,9.87104995,10463.312947,0.8720168670170299,3.36955342e-06,9.06797518e-08,0.0906797518,2.39124894e-07,10.1157274,10722.671044,0.8936318790430521,2.39124894e-07,2.01425995e-07,0.201425995
2521,3.36955342e-06,9.87103652,10463.298711200001,0.8720156805995177,3.36955342e-06,9.0679787e-08,0.090679787,2.39124894e-07,10.115724,10722.667440000001,0.8936315786841883,2.39124894e-07,2.01425965e-07,0.201425965
2522,3.36955342e-06,9.87102311,10463.2844966,0.8720144959488223,3.36955342e-06,9.06798244e-08,0.09067982440000001,2.39124894e-07,10.1157207,10722.663942000001,0.8936312871594086,2.39124894e-07,2.0142594e-07,0.20142594
2523,3.36955342e-06,9.87100975,10463.270335000001,0.8720133157151693,3.36955342e-06,9.0679864e-08,0.090679864,2.39124894e-07,10.1157173,10722.660338,0.8936309868005448,2.39124894e-07,2.01425917e-07,0.201425917
2524,3.36955342e-06,9.87099642,10463.256205200001,0.8720121381317413,3.36955342e-06,9.06799059e-08,0.0906799059,2.39124894e-07,10.1157141,10722.656946,0.8936307041098493,2.39124894e-07,2.01425899e-07,0.201425899
2525,3.36955342e-06,9.87098314,10463.2421284,0.8720109649653554,3.36955342e-06,9.06799497e-08,0.0906799497,2.39124894e-07,10.1157109,10722.653554,0.893630421419154,2.39124894e-07,2.01425884e-07,0.201425884
2526,3.36955342e-06,9.8709699,10463.228094,0.8720097953326033,3.36955342e-06,9.06799954e-08,0.0906799954,2.39124894e-07,10.1157075,10722.649949999999,0.89363012106029,2.39124894e-07,2.01425872e-07,0.201425872
2527,3.36955342e-06,9.8709567,10463.214102,0.8720086292334849,3.36955342e-06,9.06800432e-08,0.0906800432,2.39124894e-07,10.115704,10722.646239999998,0.8936298118673419,2.39124894e-07,2.01425863e-07,0.201425863
2528,3.36955342e-06,9.87094354,10463.2001524,0.8720074666680002,3.36955342e-06,9.06800932e-08,0.09068009319999999,2.39124894e-07,10.1157006,10722.642636,0.8936295115084782,2.39124894e-07,2.01425859e-07,0.201425859
2529,3.36955342e-06,9.87093041,10463.1862346,0.8720063067527407,3.36955342e-06,9.06801453e-08,0.0906801453,2.39124894e-07,10.1156973,10722.639138,0.8936292199836987,2.39124894e-07,2.01425857e-07,0.201425857
2530,3.36955342e-06,9.87091733,10463.172369799999,0.8720051512545233,3.36955342e-06,9.06801995e-08,0.0906801995,2.39124894e-07,10.1156941,10722.635746,0.8936289372930033,2.39124894e-07,2.01425859e-07,0.201425859
2531,3.36955342e-06,9.87090429,10463.1585474,0.8720039992899397,3.36955342e-06,9.06802556e-08,0.0906802556,2.39124894e-07,10.1156907,10722.632142,0.8936286369341395,2.39124894e-07,2.01425864e-07,0.201425864
2532,3.36955342e-06,9.8708913,10463.144778,0.8720028517423981,3.36955342e-06,9.06803136e-08,0.09068031359999999,2.39124894e-07,10.1156872,10722.628432,0.8936283277411913,2.39124894e-07,2.01425872e-07,0.201425872
2533,3.36955342e-06,9.87087835,10463.131051,0.8720017077284903,3.36955342e-06,9.06803735e-08,0.0906803735,2.39124894e-07,10.1156839,10722.624934000001,0.8936280362164118,2.39124894e-07,2.01425884e-07,0.201425884
2534,3.36955342e-06,9.87086543,10463.117355800001,0.8720005663648078,3.36955342e-06,9.06804354e-08,0.0906804354,2.39124894e-07,10.1156805,10722.62133,0.893627735857548,2.39124894e-07,2.01425899e-07,0.201425899
2535,3.36955342e-06,9.87085256,10463.1037136,0.8719994294181672,3.36955342e-06,9.06804993e-08,0.0906804993,2.39124894e-07,10.1156772,10722.617832,0.8936274443327683,2.39124894e-07,2.01425917e-07,0.201425917
2536,3.36955342e-06,9.87083973,10463.0901138,0.8719982960051605,3.36955342e-06,9.06805652e-08,0.09068056520000001,2.39124894e-07,10.1156738,10722.614228,0.8936271439739045,2.39124894e-07,2.01425939e-07,0.201425939
2537,3.36955342e-06,9.87082695,10463.076567,0.8719971670091958,3.36955342e-06,9.06806329e-08,0.0906806329,2.39124894e-07,10.1156703,10722.610518,0.8936268347809564,2.39124894e-07,2.01425963e-07,0.20142596299999999
2538,3.36955342e-06,9.87081421,10463.0630626,0.8719960415468648,3.36955342e-06,9.06807025e-08,0.0906807025,2.39124894e-07,10.115667,10722.60702,0.8936265432561767,2.39124894e-07,2.01425991e-07,0.201425991
2539,3.36955342e-06,9.87080152,10463.0496112,0.871994920501576,3.36955342e-06,9.06807739e-08,0.0906807739,2.39124894e-07,10.1156637,10722.603522000001,0.8936262517313973,2.39124894e-07,2.01426022e-07,0.20142602199999998
2540,3.36955342e-06,9.87078887,10463.0362022,0.8719938029899209,3.36955342e-06,9.06808471e-08,0.0906808471,2.39124894e-07,10.1156602,10722.599812,0.8936259425384492,2.39124894e-07,2.01426056e-07,0.20142605600000002
2541,3.36955342e-06,9.87077626,10463.022835599999,0.8719926890118993,3.36955342e-06,9.06809222e-08,0.0906809222,2.39124894e-07,10.1156568,10722.596208,0.8936256421795854,2.39124894e-07,2.01426092e-07,0.201426092
2542,3.36955342e-06,9.87076369,10463.0095114,0.8719915785675115,3.36955342e-06,9.06809991e-08,0.09068099909999999,2.39124894e-07,10.1156535,10722.59271,0.8936253506548058,2.39124894e-07,2.01426132e-07,0.201426132
2543,3.36955342e-06,9.87075118,10462.996250799999,0.8719904734235743,3.36955342e-06,9.06810778e-08,0.09068107780000001,2.39124894e-07,10.1156501,10722.589106,0.8936250502959419,2.39124894e-07,2.01426175e-07,0.20142617499999999
2544,3.36955342e-06,9.8707387,10462.983022,0.8719893709298624,3.36955342e-06,9.06811582e-08,0.0906811582,2.39124894e-07,10.1156466,10722.585396,0.8936247411029938,2.39124894e-07,2.01426221e-07,0.201426221
2545,3.36955342e-06,9.87072628,10462.9698568,0.871988273736601,3.36955342e-06,9.06812404e-08,0.09068124039999999,2.39124894e-07,10.1156433,10722.581898,0.8936244495782142,2.39124894e-07,2.0142627e-07,0.20142627
2546,3.36955342e-06,9.8707139,10462.956734,0.8719871800769732,3.36955342e-06,9.06813244e-08,0.0906813244,2.39124894e-07,10.1156399,10722.578293999999,0.8936241492193503,2.39124894e-07,2.01426322e-07,0.201426322
2547,3.36955342e-06,9.87070156,10462.943653600001,0.8719860899509793,3.36955342e-06,9.068141e-08,0.09068140999999999,2.39124894e-07,10.1156364,10722.574584,0.8936238400264023,2.39124894e-07,2.01426377e-07,0.20142637700000002
2548,3.36955342e-06,9.87068927,10462.9306262,0.8719850042420272,3.36955342e-06,9.06814973e-08,0.09068149730000001,2.39124894e-07,10.1156331,10722.571086,0.8936235485016226,2.39124894e-07,2.01426434e-07,0.20142643400000002
2549,3.36955342e-06,9.87067703,10462.9176518,0.8719839229501175,3.36955342e-06,9.06815863e-08,0.09068158629999999,2.39124894e-07,10.1156297,10722.567481999999,0.8936232481427587,2.39124894e-07,2.01426495e-07,0.20142649499999998
2550,3.36955342e-06,9.87066483,10462.9047198,0.8719828451918414,3.36955342e-06,9.06816769e-08,0.09068167690000001,2.39124894e-07,10.1156263,10722.563878,0.8936229477838951,2.39124894e-07,2.01426558e-07,0.201426558
2551,3.36955342e-06,9.87065268,10462.891840799999,0.8719817718506072,3.36955342e-06,9.06817693e-08,0.09068176929999999,2.39124894e-07,10.1156228,10722.560168,0.8936226385909469,2.39124894e-07,2.01426624e-07,0.201426624
2552,3.36955342e-06,9.87064058,10462.8790148,0.8719807029264155,3.36955342e-06,9.06818632e-08,0.0906818632,2.39124894e-07,10.1156195,10722.55667,0.8936223470661673,2.39124894e-07,2.01426693e-07,0.201426693
2553,3.36955342e-06,9.87062852,10462.8662312,0.8719796375358572,3.36955342e-06,9.06819588e-08,0.0906819588,2.39124894e-07,10.1156162,10722.553172,0.8936220555413877,2.39124894e-07,2.01426765e-07,0.20142676499999998
2554,3.36955342e-06,9.87061651,10462.8535006,0.8719785765623412,3.36955342e-06,9.06820559e-08,0.0906820559,2.39124894e-07,10.1156127,10722.549461999999,0.8936217463484396,2.39124894e-07,2.01426839e-07,0.201426839
2555,3.36955342e-06,9.87060455,10462.840822999999,0.871977520005867,3.36955342e-06,9.06821545e-08,0.0906821545,2.39124894e-07,10.1156093,10722.545858,0.8936214459895758,2.39124894e-07,2.01426916e-07,0.201426916
2556,3.36955342e-06,9.87059264,10462.8281984,0.8719764678664353,3.36955342e-06,9.06822548e-08,0.0906822548,2.39124894e-07,10.115606,10722.54236,0.8936211544647962,2.39124894e-07,2.01426995e-07,0.201426995
2557,3.36955342e-06,9.87058078,10462.815626799998,0.8719754201440455,3.36955342e-06,9.06823566e-08,0.0906823566,2.39124894e-07,10.1156026,10722.538756,0.8936208541059324,2.39124894e-07,2.01427078e-07,0.201427078
2558,3.36955342e-06,9.87056896,10462.8030976,0.8719743759552895,3.36955342e-06,9.06824599e-08,0.0906824599,2.39124894e-07,10.1155991,10722.535046,0.8936205449129844,2.39124894e-07,2.01427162e-07,0.201427162
2559,3.36955342e-06,9.87055719,10462.7906214,0.8719733361835756,3.36955342e-06,9.06825647e-08,0.09068256470000001,2.39124894e-07,10.1155958,10722.531547999999,0.8936202533882046,2.39124894e-07,2.0142725e-07,0.20142725
2560,3.36955342e-06,9.87054547,10462.7781982,0.8719723008289038,3.36955342e-06,9.0682671e-08,0.090682671,2.39124894e-07,10.1155925,10722.52805,0.8936199618634252,2.39124894e-07,2.0142734e-07,0.20142734
2561,3.36955342e-06,9.8705338,10462.765828,0.871971269891274,3.36955342e-06,9.06827787e-08,0.0906827787,2.39124894e-07,10.115589,10722.52434,0.893619652670477,2.39124894e-07,2.01427432e-07,0.201427432
2562,3.36955342e-06,9.87052218,10462.7535108,0.8719702433706865,3.36955342e-06,9.06828879e-08,0.0906828879,2.39124894e-07,10.1155857,10722.520842,0.8936193611456974,2.39124894e-07,2.01427527e-07,0.201427527
2563,3.36955342e-06,9.87051061,10462.7412466,0.8719692212671412,3.36955342e-06,9.06829985e-08,0.0906829985,2.39124894e-07,10.1155824,10722.517344,0.8936190696209177,2.39124894e-07,2.01427625e-07,0.201427625
2564,3.36955342e-06,9.87049909,10462.7290354,0.8719682035806376,3.36955342e-06,9.06831105e-08,0.0906831105,2.39124894e-07,10.115579,10722.51374,0.893618769262054,2.39124894e-07,2.01427725e-07,0.201427725
2565,3.36955342e-06,9.87048761,10462.7168666,0.8719671894277681,3.36955342e-06,9.0683224e-08,0.09068322399999999,2.39124894e-07,10.1155756,10722.510135999999,0.8936184689031901,2.39124894e-07,2.01427827e-07,0.201427827
2566,3.36955342e-06,9.87047619,10462.7047614,0.8719661805753489,3.36955342e-06,9.06833387e-08,0.0906833387,2.39124894e-07,10.1155723,10722.506638,0.8936181773784105,2.39124894e-07,2.01427932e-07,0.20142793199999998
2567,3.36955342e-06,9.87046481,10462.6926986,0.8719651752565635,3.36955342e-06,9.06834549e-08,0.0906834549,2.39124894e-07,10.115569,10722.50314,0.893617885853631,2.39124894e-07,2.01428039e-07,0.201428039
2568,3.36955342e-06,9.87045349,10462.6806994,0.8719641752382286,3.36955342e-06,9.06835725e-08,0.0906835725,2.39124894e-07,10.1155656,10722.499536,0.893617585494767,2.39124894e-07,2.01428148e-07,0.201428148
2569,3.36955342e-06,9.87044221,10462.6687426,0.8719631787535275,3.36955342e-06,9.06836913e-08,0.0906836913,2.39124894e-07,10.1155623,10722.496038000001,0.8936172939699876,2.39124894e-07,2.0142826e-07,0.20142826000000003
2570,3.36955342e-06,9.87043099,10462.656849399998,0.8719621875692767,3.36955342e-06,9.06838114e-08,0.09068381140000001,2.39124894e-07,10.1155589,10722.492434,0.8936169936111237,2.39124894e-07,2.01428374e-07,0.201428374
2571,3.36955342e-06,9.87041982,10462.6450092,0.8719612008020682,3.36955342e-06,9.06839328e-08,0.09068393279999999,2.39124894e-07,10.1155556,10722.488936,0.893616702086344,2.39124894e-07,2.01428491e-07,0.20142849100000002
2572,3.36955342e-06,9.87040869,10462.6332114,0.8719602175684933,3.36955342e-06,9.06840555e-08,0.0906840555,2.39124894e-07,10.1155522,10722.485332,0.8936164017274802,2.39124894e-07,2.01428609e-07,0.201428609
2573,3.36955342e-06,9.87039762,10462.6214772,0.871959239635369,3.36955342e-06,9.06841794e-08,0.0906841794,2.39124894e-07,10.115549,10722.48194,0.8936161190367848,2.39124894e-07,2.0142873e-07,0.20142873
2574,3.36955342e-06,9.8703866,10462.609796,0.8719582661192868,3.36955342e-06,9.06843047e-08,0.09068430470000001,2.39124894e-07,10.1155457,10722.478442,0.8936158275120052,2.39124894e-07,2.01428853e-07,0.201428853
2575,3.36955342e-06,9.87037563,10462.5981678,0.8719572970202468,3.36955342e-06,9.06844311e-08,0.0906844311,2.39124894e-07,10.1155424,10722.474944000001,0.8936155359872258,2.39124894e-07,2.01428978e-07,0.201428978
2576,3.36955342e-06,9.87036471,10462.5865926,0.8719563323382489,3.36955342e-06,9.06845587e-08,0.0906845587,2.39124894e-07,10.1155391,10722.471446,0.893615244462446,2.39124894e-07,2.01429105e-07,0.201429105
2577,3.36955342e-06,9.87035383,10462.575059800001,0.8719553711898846,3.36955342e-06,9.06846873e-08,0.0906846873,2.39124894e-07,10.1155357,10722.467842,0.8936149441035822,2.39124894e-07,2.01429234e-07,0.20142923399999998
2578,3.36955342e-06,9.87034301,10462.563590599999,0.8719544153419707,3.36955342e-06,9.06848173e-08,0.0906848173,2.39124894e-07,10.1155325,10722.464450000001,0.8936146614128869,2.39124894e-07,2.01429366e-07,0.201429366
2579,3.36955342e-06,9.87033225,10462.552185,0.8719534647945076,3.36955342e-06,9.06849484e-08,0.09068494839999999,2.39124894e-07,10.1155292,10722.460952,0.8936143698881072,2.39124894e-07,2.01429499e-07,0.201429499
2580,3.36955342e-06,9.87032154,10462.5408324,0.8719525186640865,3.36955342e-06,9.06850808e-08,0.0906850808,2.39124894e-07,10.115526,10722.457559999999,0.8936140871974118,2.39124894e-07,2.01429635e-07,0.201429635
2581,3.36955342e-06,9.87031088,10462.5295328,0.8719515769507075,3.36955342e-06,9.06852143e-08,0.0906852143,2.39124894e-07,10.1155228,10722.454168,0.8936138045067165,2.39124894e-07,2.01429772e-07,0.20142977199999998
2582,3.36955342e-06,9.87030027,10462.5182862,0.8719506396543707,3.36955342e-06,9.06853487e-08,0.0906853487,2.39124894e-07,10.1155195,10722.45067,0.8936135129819368,2.39124894e-07,2.01429912e-07,0.201429912
2583,3.36955342e-06,9.8702897,10462.507082,0.8719497058916675,3.36955342e-06,9.06854841e-08,0.0906854841,2.39124894e-07,10.1155161,10722.447066,0.893613212623073,2.39124894e-07,2.01430053e-07,0.201430053
2584,3.36955342e-06,9.87027919,10462.4959414,0.8719487774294149,3.36955342e-06,9.06856206e-08,0.0906856206,2.39124894e-07,10.1155129,10722.443674,0.8936129299323776,2.39124894e-07,2.01430197e-07,0.201430197
2585,3.36955342e-06,9.87026873,10462.484853799999,0.8719478533842042,3.36955342e-06,9.06857583e-08,0.0906857583,2.39124894e-07,10.1155098,10722.440387999999,0.8936126560757663,2.39124894e-07,2.01430342e-07,0.20143034199999998
2586,3.36955342e-06,9.87025833,10462.473829800001,0.8719469346394445,3.36955342e-06,9.06858971e-08,0.0906858971,2.39124894e-07,10.1155065,10722.43689,0.8936123645509869,2.39124894e-07,2.01430489e-07,0.201430489
2587,3.36955342e-06,9.87024798,10462.4628588,0.8719460203117265,3.36955342e-06,9.0686037e-08,0.090686037,2.39124894e-07,10.1155034,10722.433604,0.8936120906943757,2.39124894e-07,2.01430638e-07,0.20143063800000002
2588,3.36955342e-06,9.87023769,10462.4519514,0.8719451112844593,3.36955342e-06,9.06861777e-08,0.0906861777,2.39124894e-07,10.1155002,10722.430212,0.8936118080036803,2.39124894e-07,2.01430789e-07,0.201430789
2589,3.36955342e-06,9.87022744,10462.4410864,0.8719442057908255,3.36955342e-06,9.06863192e-08,0.0906863192,2.39124894e-07,10.1154969,10722.426714,0.8936115164789007,2.39124894e-07,2.01430941e-07,0.201430941
2590,3.36955342e-06,9.87021723,10462.430263799999,0.8719433038308255,3.36955342e-06,9.06864618e-08,0.0906864618,2.39124894e-07,10.1154937,10722.423322,0.8936112337882054,2.39124894e-07,2.01431096e-07,0.201431096
2591,3.36955342e-06,9.87020709,10462.419515399999,0.8719424080546846,3.36955342e-06,9.06866054e-08,0.0906866054,2.39124894e-07,10.1154905,10722.41993,0.89361095109751,2.39124894e-07,2.01431252e-07,0.201431252
2592,3.36955342e-06,9.870197,10462.408819999999,0.8719415166955857,3.36955342e-06,9.068675e-08,0.09068675,2.39124894e-07,10.1154874,10722.416643999999,0.8936106772408987,2.39124894e-07,2.0143141e-07,0.20143141
2593,3.36955342e-06,9.87018696,10462.3981776,0.871940629753529,3.36955342e-06,9.06868956e-08,0.0906868956,2.39124894e-07,10.1154842,10722.413251999998,0.8936103945502033,2.39124894e-07,2.01431569e-07,0.201431569
2594,3.36955342e-06,9.87017698,10462.3875988,0.8719397481119229,3.36955342e-06,9.0687042e-08,0.09068704200000001,2.39124894e-07,10.1154811,10722.409966000001,0.8936101206935924,2.39124894e-07,2.0143173e-07,0.20143173
2595,3.36955342e-06,9.87016705,10462.377073,0.8719388708873588,3.36955342e-06,9.06871892e-08,0.0906871892,2.39124894e-07,10.115478,10722.40668,0.8936098468369812,2.39124894e-07,2.01431893e-07,0.201431893
2596,3.36955342e-06,9.87015717,10462.3666002,0.8719379980798369,3.36955342e-06,9.06873372e-08,0.09068733720000001,2.39124894e-07,10.1154748,10722.403288,0.8936095641462858,2.39124894e-07,2.01432058e-07,0.201432058
2597,3.36955342e-06,9.87014733,10462.3561698,0.8719371288059485,3.36955342e-06,9.06874861e-08,0.09068748609999999,2.39124894e-07,10.1154717,10722.400002,0.8936092902896747,2.39124894e-07,2.01432224e-07,0.201432224
2598,3.36955342e-06,9.87013756,10462.345813599999,0.8719362657159191,3.36955342e-06,9.06876359e-08,0.09068763590000001,2.39124894e-07,10.1154686,10722.396716,0.8936090164330635,2.39124894e-07,2.01432391e-07,0.201432391
2599,3.36955342e-06,9.87012784,10462.3355104,0.871935407042932,3.36955342e-06,9.06877866e-08,0.0906877866,2.39124894e-07,10.1154655,10722.39343,0.8936087425764524,2.39124894e-07,2.0143256e-07,0.20143255999999998
2600,3.36955342e-06,9.87011816,10462.3252496,0.8719345519035785,3.36955342e-06,9.06879381e-08,0.0906879381,2.39124894e-07,10.1154624,10722.390144,0.8936084687198413,2.39124894e-07,2.01432731e-07,0.201432731
2601,3.36955342e-06,9.87010855,10462.315063,0.8719337029480839,3.36955342e-06,9.06880903e-08,0.09068809030000001,2.39124894e-07,10.1154594,10722.386964000001,0.8936082036973144,2.39124894e-07,2.01432903e-07,0.201432903
2602,3.36955342e-06,9.87009899,10462.304929400001,0.8719328584096316,3.36955342e-06,9.06882432e-08,0.09068824319999999,2.39124894e-07,10.1154563,10722.383678,0.8936079298407031,2.39124894e-07,2.01433077e-07,0.201433077
2603,3.36955342e-06,9.87008948,10462.2948488,0.8719320182882212,3.36955342e-06,9.06883968e-08,0.0906883968,2.39124894e-07,10.1154533,10722.380498,0.8936076648181763,2.39124894e-07,2.01433252e-07,0.20143325199999998
2604,3.36955342e-06,9.87008001,10462.2848106,0.8719311817004446,3.36955342e-06,9.06885513e-08,0.0906885513,2.39124894e-07,10.1154502,10722.377212,0.893607390961565,2.39124894e-07,2.01433428e-07,0.201433428
2605,3.36955342e-06,9.87007061,10462.274846600001,0.871930351296527,3.36955342e-06,9.06887065e-08,0.09068870650000001,2.39124894e-07,10.1154472,10722.374032,0.8936071259390381,2.39124894e-07,2.01433606e-07,0.20143360600000002
2606,3.36955342e-06,9.87006126,10462.2649356,0.8719295253096514,3.36955342e-06,9.06888624e-08,0.0906888624,2.39124894e-07,10.1154442,10722.370852,0.8936068609165113,2.39124894e-07,2.01433785e-07,0.20143378499999998
2607,3.36955342e-06,9.87005196,10462.255077599999,0.8719287037398178,3.36955342e-06,9.0689019e-08,0.090689019,2.39124894e-07,10.1154412,10722.367671999998,0.8936065958939843,2.39124894e-07,2.01433966e-07,0.20143396600000002
2608,3.36955342e-06,9.87004272,10462.2452832,0.871927887470435,3.36955342e-06,9.06891763e-08,0.09068917630000001,2.39124894e-07,10.1154382,10722.364492,0.8936063308714575,2.39124894e-07,2.01434148e-07,0.201434148
2609,3.36955342e-06,9.87003352,10462.2355312,0.8719270747346858,3.36955342e-06,9.06893341e-08,0.0906893341,2.39124894e-07,10.1154352,10722.361312,0.8936060658489307,2.39124894e-07,2.01434331e-07,0.20143433100000002
2610,3.36955342e-06,9.87002438,10462.2258428,0.8719262672993872,3.36955342e-06,9.06894926e-08,0.09068949259999999,2.39124894e-07,10.1154322,10722.358132000001,0.8936058008264037,2.39124894e-07,2.01434516e-07,0.201434516
2611,3.36955342e-06,9.87001529,10462.216207399999,0.8719254642811305,3.36955342e-06,9.06896518e-08,0.0906896518,2.39124894e-07,10.1154292,10722.354952,0.8936055358038767,2.39124894e-07,2.01434701e-07,0.201434701
2612,3.36955342e-06,9.87000626,10462.2066356,0.8719246665633246,3.36955342e-06,9.06898116e-08,0.0906898116,2.39124894e-07,10.1154263,10722.351878,0.893605279615434,2.39124894e-07,2.01434888e-07,0.201434888
2613,3.36955342e-06,9.86999728,10462.1971168,0.8719238732625607,3.36955342e-06,9.06899721e-08,0.0906899721,2.39124894e-07,10.1154234,10722.348804,0.8936050234269912,2.39124894e-07,2.01435077e-07,0.201435077
2614,3.36955342e-06,9.86998834,10462.187640400001,0.8719230834954306,3.36955342e-06,9.0690133e-08,0.090690133,2.39124894e-07,10.1154205,10722.345730000001,0.8936047672385488,2.39124894e-07,2.01435266e-07,0.201435266
2615,3.36955342e-06,9.86997947,10462.1782382,0.8719222999121592,3.36955342e-06,9.06902946e-08,0.0906902946,2.39124894e-07,10.1154176,10722.342656,0.893604511050106,2.39124894e-07,2.01435457e-07,0.20143545699999998
2616,3.36955342e-06,9.86997065,10462.168889,0.8719215207459301,3.36955342e-06,9.06904566e-08,0.0906904566,2.39124894e-07,10.1154147,10722.339582,0.8936042548616633,2.39124894e-07,2.01435648e-07,0.201435648
2617,3.36955342e-06,9.86996188,10462.1595928,0.8719207459967432,3.36955342e-06,9.06906192e-08,0.0906906192,2.39124894e-07,10.1154118,10722.336508,0.8936039986732206,2.39124894e-07,2.01435841e-07,0.201435841
2618,3.36955342e-06,9.86995316,10462.1503496,0.8719199756645982,3.36955342e-06,9.06907823e-08,0.09069078230000001,2.39124894e-07,10.1154089,10722.333434,0.8936037424847779,2.39124894e-07,2.01436035e-07,0.20143603499999999
2619,3.36955342e-06,9.8699445,10462.14117,0.8719192106329039,3.36955342e-06,9.0690946e-08,0.09069094600000001,2.39124894e-07,10.1154061,10722.330466,0.8936034951304194,2.39124894e-07,2.0143623e-07,0.20143623
2620,3.36955342e-06,9.86993589,10462.1320434,0.8719184500182516,3.36955342e-06,9.06911101e-08,0.0906911101,2.39124894e-07,10.1154032,10722.327392,0.8936032389419767,2.39124894e-07,2.01436426e-07,0.201436426
2621,3.36955342e-06,9.86992733,10462.122969799999,0.8719176938206413,3.36955342e-06,9.06912747e-08,0.09069127469999999,2.39124894e-07,10.1154004,10722.324424,0.8936029915876184,2.39124894e-07,2.01436623e-07,0.20143662299999998
2622,3.36955342e-06,9.86991882,10462.1139492,0.8719169420400734,3.36955342e-06,9.06914398e-08,0.09069143980000001,2.39124894e-07,10.1153976,10722.321456,0.8936027442332598,2.39124894e-07,2.01436821e-07,0.201436821
2623,3.36955342e-06,9.86991037,10462.1049922,0.871916195559956,3.36955342e-06,9.06916053e-08,0.09069160529999999,2.39124894e-07,10.1153948,10722.318488,0.8936024968789015,2.39124894e-07,2.0143702e-07,0.20143702
2624,3.36955342e-06,9.86990197,10462.0960882,0.8719154534968806,3.36955342e-06,9.06917712e-08,0.0906917712,2.39124894e-07,10.115392,10722.31552,0.8936022495245429,2.39124894e-07,2.01437219e-07,0.201437219
2625,3.36955342e-06,9.86989362,10462.0872372,0.8719147158508473,3.36955342e-06,9.06919375e-08,0.0906919375,2.39124894e-07,10.1153892,10722.312552,0.8936020021701845,2.39124894e-07,2.0143742e-07,0.20143742
2626,3.36955342e-06,9.86988533,10462.078449800001,0.8719139835052647,3.36955342e-06,9.06921043e-08,0.09069210429999999,2.39124894e-07,10.1153865,10722.30969,0.8936017636499103,2.39124894e-07,2.01437622e-07,0.201437622
2627,3.36955342e-06,9.86987709,10462.069715399999,0.871913255576724,3.36955342e-06,9.06922714e-08,0.0906922714,2.39124894e-07,10.1153837,10722.306722000001,0.893601516295552,2.39124894e-07,2.01437825e-07,0.20143782500000001
2628,3.36955342e-06,9.86986889,10462.0610234,0.8719125311818171,3.36955342e-06,9.0692439e-08,0.090692439,2.39124894e-07,10.115381,10722.30386,0.8936012777752776,2.39124894e-07,2.01438028e-07,0.201438028
2629,3.36955342e-06,9.86986075,10462.052395,0.8719118120873608,3.36955342e-06,9.06926068e-08,0.0906926068,2.39124894e-07,10.1153783,10722.300997999999,0.8936010392550032,2.39124894e-07,2.01438232e-07,0.201438232
2630,3.36955342e-06,9.86985267,10462.0438302,0.871911098293355,3.36955342e-06,9.0692775e-08,0.09069277499999999,2.39124894e-07,10.1153756,10722.298136,0.8936008007347291,2.39124894e-07,2.01438437e-07,0.201438437
2631,3.36955342e-06,9.86984463,10462.035307799999,0.8719103880329827,3.36955342e-06,9.06929435e-08,0.0906929435,2.39124894e-07,10.1153729,10722.295274,0.8936005622144549,2.39124894e-07,2.01438643e-07,0.201438643
2632,3.36955342e-06,9.86983666,10462.0268596,0.8719096839564697,3.36955342e-06,9.06931124e-08,0.09069311240000001,2.39124894e-07,10.1153702,10722.292411999999,0.8936003236941806,2.39124894e-07,2.0143885e-07,0.20143885
2633,3.36955342e-06,9.86982873,10462.0184538,0.8719089834135901,3.36955342e-06,9.06932815e-08,0.0906932815,2.39124894e-07,10.1153676,10722.289656,0.8936000940079908,2.39124894e-07,2.01439057e-07,0.201439057
2634,3.36955342e-06,9.86982085,10462.010101,0.8719082872877528,3.36955342e-06,9.0693451e-08,0.090693451,2.39124894e-07,10.115365,10722.286900000001,0.8935998643218008,2.39124894e-07,2.01439266e-07,0.201439266
2635,3.36955342e-06,9.86981303,10462.001811799999,0.8719075964623659,3.36955342e-06,9.06936207e-08,0.09069362069999999,2.39124894e-07,10.1153623,10722.284038,0.8935996258015265,2.39124894e-07,2.01439474e-07,0.201439474
2636,3.36955342e-06,9.86980525,10461.993565,0.871906909170613,3.36955342e-06,9.06937906e-08,0.09069379059999999,2.39124894e-07,10.1153597,10722.281282000002,0.8935993961153367,2.39124894e-07,2.01439684e-07,0.201439684
2637,3.36955342e-06,9.86979753,10461.9853818,0.8719062271793102,3.36955342e-06,9.06939608e-08,0.0906939608,2.39124894e-07,10.1153571,10722.278526,0.8935991664291465,2.39124894e-07,2.01439894e-07,0.201439894
2638,3.36955342e-06,9.86978986,10461.9772516,0.8719055496050497,3.36955342e-06,9.06941313e-08,0.09069413130000001,2.39124894e-07,10.1153545,10722.27577,0.8935989367429565,2.39124894e-07,2.01440105e-07,0.20144010499999998
2639,3.36955342e-06,9.86978224,10461.9691744,0.8719048764478313,3.36955342e-06,9.06943019e-08,0.09069430190000001,2.39124894e-07,10.115352,10722.27312,0.8935987158908507,2.39124894e-07,2.01440316e-07,0.20144031599999998
2640,3.36955342e-06,9.86977468,10461.961160800001,0.8719042085910638,3.36955342e-06,9.06944727e-08,0.0906944727,2.39124894e-07,10.1153494,10722.270364,0.8935984862046608,2.39124894e-07,2.01440528e-07,0.20144052799999998
2641,3.36955342e-06,9.86976716,10461.9531896,0.8719035442679295,3.36955342e-06,9.06946437e-08,0.0906946437,2.39124894e-07,10.1153469,10722.267714,0.8935982653525549,2.39124894e-07,2.01440741e-07,0.201440741
2642,3.36955342e-06,9.8697597,10461.945281999999,0.8719028852452457,3.36955342e-06,9.06948149e-08,0.0906948149,2.39124894e-07,10.1153444,10722.265064,0.8935980445004492,2.39124894e-07,2.01440954e-07,0.201440954
2643,3.36955342e-06,9.86975229,10461.937427399998,0.8719022306396043,3.36955342e-06,9.06949863e-08,0.0906949863,2.39124894e-07,10.1153419,10722.262414,0.8935978236483435,2.39124894e-07,2.01441168e-07,0.201441168
2644,3.36955342e-06,9.86974493,10461.9296258,0.871901580451005,3.36955342e-06,9.06951579e-08,0.0906951579,2.39124894e-07,10.1153394,10722.259764,0.8935976027962378,2.39124894e-07,2.01441382e-07,0.201441382
2645,3.36955342e-06,9.86973762,10461.9218772,0.8719009346794478,3.36955342e-06,9.06953295e-08,0.09069532949999999,2.39124894e-07,10.1153369,10722.257114,0.893597381944132,2.39124894e-07,2.01441597e-07,0.201441597
2646,3.36955342e-06,9.86973037,10461.9141922,0.871900294208341,3.36955342e-06,9.06955013e-08,0.0906955013,2.39124894e-07,10.1153345,10722.25457,0.8935971699261104,2.39124894e-07,2.01441812e-07,0.201441812
2647,3.36955342e-06,9.86972315,10461.906539,0.8718996563874596,3.36955342e-06,9.06956731e-08,0.0906956731,2.39124894e-07,10.115332,10722.25192,0.8935969490740047,2.39124894e-07,2.01442028e-07,0.201442028
2648,3.36955342e-06,9.869716,10461.89896,0.8718990247504372,3.36955342e-06,9.06958451e-08,0.09069584509999999,2.39124894e-07,10.1153296,10722.249376000002,0.8935967370559833,2.39124894e-07,2.01442244e-07,0.201442244
2649,3.36955342e-06,9.8697089,10461.891434,0.8718983975304567,3.36955342e-06,9.06960171e-08,0.0906960171,2.39124894e-07,10.1153272,10722.246831999999,0.8935965250379615,2.39124894e-07,2.0144246e-07,0.20144246000000002
2650,3.36955342e-06,9.86970184,10461.883950399999,0.87189777384411,3.36955342e-06,9.06961893e-08,0.09069618930000001,2.39124894e-07,10.1153248,10722.244288,0.89359631301994,2.39124894e-07,2.01442677e-07,0.20144267700000001
2651,3.36955342e-06,9.86969484,10461.876530399999,0.8718971554582139,3.36955342e-06,9.06963615e-08,0.09069636149999999,2.39124894e-07,10.1153224,10722.241744,0.8935961010019186,2.39124894e-07,2.01442895e-07,0.201442895
2652,3.36955342e-06,9.86968789,10461.8691634,0.87189654148936,3.36955342e-06,9.06965337e-08,0.0906965337,2.39124894e-07,10.1153201,10722.239306,0.8935958978179812,2.39124894e-07,2.01443112e-07,0.201443112
2653,3.36955342e-06,9.86968098,10461.8618388,0.8718959310541395,3.36955342e-06,9.0696706e-08,0.090696706,2.39124894e-07,10.1153178,10722.236868,0.8935956946340439,2.39124894e-07,2.0144333e-07,0.20144333
2654,3.36955342e-06,9.86967413,10461.8545778,0.8718953259193699,3.36955342e-06,9.06968782e-08,0.09069687820000001,2.39124894e-07,10.1153154,10722.234324000001,0.8935954826160225,2.39124894e-07,2.01443549e-07,0.201443549
2655,3.36955342e-06,9.86966733,10461.8473698,0.8718947252016421,3.36955342e-06,9.06970505e-08,0.0906970505,2.39124894e-07,10.1153131,10722.231886,0.893595279432085,2.39124894e-07,2.01443767e-07,0.201443767
2656,3.36955342e-06,9.86966057,10461.8402042,0.8718941280175482,3.36955342e-06,9.06972228e-08,0.0906972228,2.39124894e-07,10.1153108,10722.229448,0.8935950762481478,2.39124894e-07,2.01443986e-07,0.201443986
2657,3.36955342e-06,9.86965387,10461.8331022,0.8718935361339047,3.36955342e-06,9.06973951e-08,0.0906973951,2.39124894e-07,10.1153086,10722.227116,0.8935948818982947,2.39124894e-07,2.01444205e-07,0.201444205
2658,3.36955342e-06,9.86964722,10461.826053199999,0.8718929486673033,3.36955342e-06,9.06975673e-08,0.0906975673,2.39124894e-07,10.1153063,10722.224678,0.8935946787143575,2.39124894e-07,2.01444424e-07,0.20144442399999998
2659,3.36955342e-06,9.86964061,10461.8190466,0.8718923647343357,3.36955342e-06,9.06977394e-08,0.09069773939999999,2.39124894e-07,10.1153041,10722.222345999999,0.8935944843645043,2.39124894e-07,2.01444644e-07,0.201444644
2660,3.36955342e-06,9.86963406,10461.8121036,0.8718917861018186,3.36955342e-06,9.06979115e-08,0.0906979115,2.39124894e-07,10.1153019,10722.220014,0.8935942900146513,2.39124894e-07,2.01444864e-07,0.201444864
2661,3.36955342e-06,9.86962755,10461.805203,0.8718912110029353,3.36955342e-06,9.06980836e-08,0.0906980836,2.39124894e-07,10.1152996,10722.217576000001,0.8935940868307141,2.39124894e-07,2.01445084e-07,0.201445084
2662,3.36955342e-06,9.86962109,10461.7983554,0.871890640321094,3.36955342e-06,9.06982556e-08,0.0906982556,2.39124894e-07,10.1152974,10722.215243999999,0.8935938924808609,2.39124894e-07,2.01445304e-07,0.20144530400000002
2663,3.36955342e-06,9.86961468,10461.7915608,0.8718900740562948,3.36955342e-06,9.06984275e-08,0.0906984275,2.39124894e-07,10.1152953,10722.213018,0.8935937069650921,2.39124894e-07,2.01445524e-07,0.20144552400000001
2664,3.36955342e-06,9.86960833,10461.7848298,0.8718895130919463,3.36955342e-06,9.06985993e-08,0.0906985993,2.39124894e-07,10.1152931,10722.210686,0.893593512615239,2.39124894e-07,2.01445744e-07,0.20144574399999998
2665,3.36955342e-06,9.86960203,10461.7781518,0.8718889565446396,3.36955342e-06,9.0698771e-08,0.090698771,2.39124894e-07,10.115291,10722.20846,0.8935933270994701,2.39124894e-07,2.01445965e-07,0.201445965
2666,3.36955342e-06,9.86959576,10461.7715056,0.8718884026475584,3.36955342e-06,9.06989425e-08,0.0906989425,2.39124894e-07,10.1152889,10722.206234,0.8935931415837013,2.39124894e-07,2.01446185e-07,0.201446185
2667,3.36955342e-06,9.86958955,10461.764923,0.8718878540509277,3.36955342e-06,9.06991139e-08,0.0906991139,2.39124894e-07,10.1152868,10722.204008,0.8935929560679325,2.39124894e-07,2.01446406e-07,0.201446406
2668,3.36955342e-06,9.86958339,10461.758393400001,0.8718873098713392,3.36955342e-06,9.06992852e-08,0.09069928520000001,2.39124894e-07,10.1152847,10722.201782,0.8935927705521637,2.39124894e-07,2.01446627e-07,0.201446627
2669,3.36955342e-06,9.86957727,10461.751906200001,0.8718867692253843,3.36955342e-06,9.06994563e-08,0.0906994563,2.39124894e-07,10.1152826,10722.199556,0.8935925850363947,2.39124894e-07,2.01446848e-07,0.20144684799999998
2670,3.36955342e-06,9.8695712,10461.745471999999,0.8718862329964713,3.36955342e-06,9.06996273e-08,0.09069962729999999,2.39124894e-07,10.1152806,10722.197436,0.8935924083547102,2.39124894e-07,2.01447068e-07,0.201447068
2671,3.36955342e-06,9.86956519,10461.739101399999,0.8718857020680091,3.36955342e-06,9.0699798e-08,0.090699798,2.39124894e-07,10.1152785,10722.19521,0.8935922228389414,2.39124894e-07,2.01447289e-07,0.201447289
2672,3.36955342e-06,9.86955921,10461.7327626,0.8718851737897723,3.36955342e-06,9.06999686e-08,0.0906999686,2.39124894e-07,10.1152765,10722.19309,0.8935920461572567,2.39124894e-07,2.0144751e-07,0.20144751
2673,3.36955342e-06,9.86955329,10461.726487400001,0.8718846508119859,3.36955342e-06,9.07001389e-08,0.0907001389,2.39124894e-07,10.1152745,10722.19097,0.8935918694755721,2.39124894e-07,2.0144773e-07,0.20144773
2674,3.36955342e-06,9.86954741,10461.720254599999,0.8718841313678328,3.36955342e-06,9.0700309e-08,0.09070030899999999,2.39124894e-07,10.1152725,10722.18885,0.8935916927938875,2.39124894e-07,2.01447951e-07,0.201447951
2675,3.36955342e-06,9.86954158,10461.7140748,0.8718836163407223,3.36955342e-06,9.0700479e-08,0.090700479,2.39124894e-07,10.1152706,10722.186836,0.8935915249462872,2.39124894e-07,2.01448172e-07,0.201448172
2676,3.36955342e-06,9.86953579,10461.7079374,0.8718831048472454,3.36955342e-06,9.07006487e-08,0.0907006487,2.39124894e-07,10.1152686,10722.184716,0.8935913482646025,2.39124894e-07,2.01448392e-07,0.201448392
2677,3.36955342e-06,9.86953006,10461.701863600001,0.871882598654219,3.36955342e-06,9.07008181e-08,0.0907008181,2.39124894e-07,10.1152667,10722.182702,0.8935911804170021,2.39124894e-07,2.01448613e-07,0.201448613
2678,3.36955342e-06,9.86952438,10461.6958428,0.8718820968782347,3.36955342e-06,9.07009873e-08,0.09070098730000001,2.39124894e-07,10.1152648,10722.180688,0.8935910125694018,2.39124894e-07,2.01448833e-07,0.201448833
2679,3.36955342e-06,9.86951874,10461.6898644,0.871881598635884,3.36955342e-06,9.07011562e-08,0.0907011562,2.39124894e-07,10.1152629,10722.178673999999,0.8935908447218013,2.39124894e-07,2.01449053e-07,0.201449053
2680,3.36955342e-06,9.86951314,10461.6839284,0.8718811039271671,3.36955342e-06,9.07013248e-08,0.0907013248,2.39124894e-07,10.115261,10722.176660000001,0.8935906768742011,2.39124894e-07,2.01449273e-07,0.201449273
2681,3.36955342e-06,9.86950758,10461.678034800001,0.8718806127520841,3.36955342e-06,9.07014931e-08,0.0907014931,2.39124894e-07,10.1152592,10722.174752,0.8935905178606849,2.39124894e-07,2.01449493e-07,0.201449493
2682,3.36955342e-06,9.86950208,10461.672204800001,0.8718801268774514,3.36955342e-06,9.07016612e-08,0.0907016612,2.39124894e-07,10.1152573,10722.172738,0.8935903500130844,2.39124894e-07,2.01449713e-07,0.201449713
2683,3.36955342e-06,9.86949662,10461.6664172,0.8718796445364523,3.36955342e-06,9.07018289e-08,0.09070182889999999,2.39124894e-07,10.1152555,10722.17083,0.8935901909995683,2.39124894e-07,2.01449932e-07,0.201449932
2684,3.36955342e-06,9.86949122,10461.660693200001,0.871879167495904,3.36955342e-06,9.07019964e-08,0.09070199640000001,2.39124894e-07,10.1152537,10722.168922,0.8935900319860522,2.39124894e-07,2.01450151e-07,0.20145015100000002
2685,3.36955342e-06,9.86948585,10461.655001000001,0.8718786931055807,3.36955342e-06,9.07021634e-08,0.09070216340000001,2.39124894e-07,10.1152519,10722.167014,0.8935898729725361,2.39124894e-07,2.0145037e-07,0.20145037000000002
2686,3.36955342e-06,9.86948052,10461.6493512,0.8718782222488911,3.36955342e-06,9.07023302e-08,0.0907023302,2.39124894e-07,10.1152501,10722.165106,0.8935897139590199,2.39124894e-07,2.01450589e-07,0.201450589
2687,3.36955342e-06,9.86947525,10461.643765,0.8718777566926523,3.36955342e-06,9.07024966e-08,0.0907024966,2.39124894e-07,10.1152484,10722.163304,0.893589563779588,2.39124894e-07,2.01450807e-07,0.201450807
2688,3.36955342e-06,9.86947002,10461.638221199999,0.8718772946700469,3.36955342e-06,9.07026626e-08,0.0907026626,2.39124894e-07,10.1152466,10722.161396000001,0.893589404766072,2.39124894e-07,2.01451026e-07,0.201451026
2689,3.36955342e-06,9.86946484,10461.632730399999,0.8718768370644837,3.36955342e-06,9.07028283e-08,0.0907028283,2.39124894e-07,10.1152449,10722.159594,0.89358925458664,2.39124894e-07,2.01451244e-07,0.201451244
2690,3.36955342e-06,9.86945969,10461.627271399999,0.8718763821091459,3.36955342e-06,9.07029936e-08,0.0907029936,2.39124894e-07,10.1152432,10722.157792,0.893589104407208,2.39124894e-07,2.01451461e-07,0.201451461
2691,3.36955342e-06,9.86945459,10461.6218654,0.8718759315708503,3.36955342e-06,9.07031585e-08,0.09070315849999999,2.39124894e-07,10.1152415,10722.15599,0.893588954227776,2.39124894e-07,2.01451678e-07,0.201451678
2692,3.36955342e-06,9.86944954,10461.6165124,0.8718754854495966,3.36955342e-06,9.0703323e-08,0.09070332299999999,2.39124894e-07,10.1152399,10722.154294,0.8935888128824284,2.39124894e-07,2.01451895e-07,0.20145189500000002
2693,3.36955342e-06,9.86944453,10461.6112018,0.8718750428619767,3.36955342e-06,9.07034871e-08,0.09070348710000001,2.39124894e-07,10.1152382,10722.152492000001,0.8935886627029965,2.39124894e-07,2.01452112e-07,0.20145211200000002
2694,3.36955342e-06,9.86943957,10461.6059442,0.8718746046913989,3.36955342e-06,9.07036508e-08,0.09070365080000001,2.39124894e-07,10.1152366,10722.150796,0.8935885213576488,2.39124894e-07,2.01452328e-07,0.20145232799999999
2695,3.36955342e-06,9.86943465,10461.600729,0.8718741700544547,3.36955342e-06,9.07038141e-08,0.0907038141,2.39124894e-07,10.115235,10722.1491,0.8935883800123011,2.39124894e-07,2.01452544e-07,0.201452544
2696,3.36955342e-06,9.86942977,10461.5955562,0.8718737389511442,3.36955342e-06,9.0703977e-08,0.090703977,2.39124894e-07,10.1152334,10722.147404,0.8935882386669534,2.39124894e-07,2.0145276e-07,0.20145276
2697,3.36955342e-06,9.86942494,10461.5904364,0.8718733122648759,3.36955342e-06,9.07041394e-08,0.0907041394,2.39124894e-07,10.1152318,10722.145708,0.8935880973216057,2.39124894e-07,2.01452975e-07,0.201452975
2698,3.36955342e-06,9.86942014,10461.5853484,0.8718728882288328,3.36955342e-06,9.07043013e-08,0.0907043013,2.39124894e-07,10.1152303,10722.144118,0.8935879648103423,2.39124894e-07,2.01453189e-07,0.201453189
2699,3.36955342e-06,9.86941539,10461.5803134,0.8718724686098318,3.36955342e-06,9.07044628e-08,0.0907044628,2.39124894e-07,10.1152287,10722.142421999999,0.8935878234649944,2.39124894e-07,2.01453403e-07,0.201453403
2700,3.36955342e-06,9.86941069,10461.575331400001,0.8718720534078731,3.36955342e-06,9.07046238e-08,0.0907046238,2.39124894e-07,10.1152272,10722.140832,0.893587690953731,2.39124894e-07,2.01453617e-07,0.201453617
2701,3.36955342e-06,9.86940603,10461.5703918,0.8718716417395479,3.36955342e-06,9.07047844e-08,0.09070478439999999,2.39124894e-07,10.1152257,10722.139242,0.8935875584424676,2.39124894e-07,2.0145383e-07,0.20145383
2702,3.36955342e-06,9.86940141,10461.5654946,0.8718712336048564,3.36955342e-06,9.07049444e-08,0.0907049444,2.39124894e-07,10.1152243,10722.137757999999,0.8935874347652883,2.39124894e-07,2.01454043e-07,0.201454043
2703,3.36955342e-06,9.86939683,10461.5606398,0.8718708290037986,3.36955342e-06,9.0705104e-08,0.090705104,2.39124894e-07,10.1152228,10722.136167999999,0.8935873022540248,2.39124894e-07,2.01454256e-07,0.201454256
2704,3.36955342e-06,9.86939229,10461.5558274,0.8718704279363746,3.36955342e-06,9.07052631e-08,0.0907052631,2.39124894e-07,10.1152213,10722.134578,0.8935871697427614,2.39124894e-07,2.01454467e-07,0.201454467
2705,3.36955342e-06,9.86938779,10461.5510574,0.8718700304025843,3.36955342e-06,9.07054216e-08,0.0907054216,2.39124894e-07,10.1152199,10722.133093999999,0.8935870460655821,2.39124894e-07,2.01454679e-07,0.201454679
2706,3.36955342e-06,9.86938334,10461.5463404,0.871869637285836,3.36955342e-06,9.07055797e-08,0.09070557970000001,2.39124894e-07,10.1152185,10722.131609999999,0.8935869223884029,2.39124894e-07,2.01454889e-07,0.201454889
2707,3.36955342e-06,9.86937893,10461.5416658,0.8718692477027213,3.36955342e-06,9.07057373e-08,0.0907057373,2.39124894e-07,10.1152171,10722.130126,0.8935867987112238,2.39124894e-07,2.014551e-07,0.2014551
2708,3.36955342e-06,9.86937456,10461.537033600001,0.8718688616532406,3.36955342e-06,9.07058943e-08,0.0907058943,2.39124894e-07,10.1152157,10722.128642,0.8935866750340445,2.39124894e-07,2.01455309e-07,0.201455309
2709,3.36955342e-06,9.86937023,10461.532443799999,0.8718684791373933,3.36955342e-06,9.07060508e-08,0.09070605080000001,2.39124894e-07,10.1152144,10722.127263999999,0.8935865601909495,2.39124894e-07,2.01455518e-07,0.201455518
2710,3.36955342e-06,9.86936594,10461.527896399999,0.8718681001551798,3.36955342e-06,9.07062067e-08,0.0907062067,2.39124894e-07,10.115213,10722.12578,0.8935864365137703,2.39124894e-07,2.01455727e-07,0.201455727
2711,3.36955342e-06,9.86936169,10461.5233914,0.8718677247066001,3.36955342e-06,9.0706362e-08,0.090706362,2.39124894e-07,10.1152117,10722.124402,0.8935863216706753,2.39124894e-07,2.01455935e-07,0.201455935
2712,3.36955342e-06,9.86935748,10461.5189288,0.871867352791654,3.36955342e-06,9.07065168e-08,0.0907065168,2.39124894e-07,10.1152104,10722.123024,0.8935862068275804,2.39124894e-07,2.01456142e-07,0.201456142
2713,3.36955342e-06,9.86935331,10461.5145086,0.8718669844103415,3.36955342e-06,9.07066711e-08,0.0907066711,2.39124894e-07,10.1152091,10722.121646,0.8935860919844854,2.39124894e-07,2.01456349e-07,0.201456349
2714,3.36955342e-06,9.86934919,10461.5101414,0.8718666204460713,3.36955342e-06,9.07068248e-08,0.0907068248,2.39124894e-07,10.1152078,10722.120268,0.8935859771413904,2.39124894e-07,2.01456555e-07,0.201456555
2715,3.36955342e-06,9.8693451,10461.505806000001,0.8718662591320263,3.36955342e-06,9.07069779e-08,0.0907069779,2.39124894e-07,10.1152066,10722.118996000001,0.8935858711323797,2.39124894e-07,2.0145676e-07,0.20145676
2716,3.36955342e-06,9.86934105,10461.501513,0.8718659013516149,3.36955342e-06,9.07071304e-08,0.09070713039999999,2.39124894e-07,10.1152053,10722.117618,0.8935857562892846,2.39124894e-07,2.01456965e-07,0.20145696500000002
2717,3.36955342e-06,9.86933704,10461.4972624,0.8718655471048373,3.36955342e-06,9.07072823e-08,0.0907072823,2.39124894e-07,10.1152041,10722.116345999999,0.8935856502802738,2.39124894e-07,2.01457169e-07,0.20145716900000002
2718,3.36955342e-06,9.86933307,10461.4930542,0.8718651963916934,3.36955342e-06,9.07074335e-08,0.0907074335,2.39124894e-07,10.1152029,10722.115074,0.893585544271263,2.39124894e-07,2.01457372e-07,0.201457372
2719,3.36955342e-06,9.86932913,10461.4888778,0.8718648483287746,3.36955342e-06,9.07075842e-08,0.0907075842,2.39124894e-07,10.1152018,10722.113908,0.8935854470963365,2.39124894e-07,2.01457575e-07,0.201457575
2720,3.36955342e-06,9.86932524,10461.4847544,0.8718645046828981,3.36955342e-06,9.07077343e-08,0.0907077343,2.39124894e-07,10.1152006,10722.112636,0.8935853410873258,2.39124894e-07,2.01457777e-07,0.20145777699999998
2721,3.36955342e-06,9.86932138,10461.4806628,0.8718641636872468,3.36955342e-06,9.07078838e-08,0.0907078838,2.39124894e-07,10.1151994,10722.111364,0.893585235078315,2.39124894e-07,2.01457978e-07,0.201457978
2722,3.36955342e-06,9.86931757,10461.4766242,0.8718638271086376,3.36955342e-06,9.07080326e-08,0.0907080326,2.39124894e-07,10.1151983,10722.110197999998,0.8935851379033883,2.39124894e-07,2.01458179e-07,0.201458179
2723,3.36955342e-06,9.86931379,10461.472617399999,0.8718634931802536,3.36955342e-06,9.07081808e-08,0.0907081808,2.39124894e-07,10.1151972,10722.109032,0.893585040728462,2.39124894e-07,2.01458379e-07,0.201458379
2724,3.36955342e-06,9.86931004,10461.468642400001,0.8718631619020951,3.36955342e-06,9.07083283e-08,0.0907083283,2.39124894e-07,10.1151961,10722.107866,0.8935849435535355,2.39124894e-07,2.01458578e-07,0.201458578
2725,3.36955342e-06,9.86930634,10461.4647204,0.8718628350409785,3.36955342e-06,9.07084752e-08,0.0907084752,2.39124894e-07,10.115195,10722.1067,0.8935848463786089,2.39124894e-07,2.01458776e-07,0.201458776
2726,3.36955342e-06,9.86930268,10461.4608408,0.8718625117134957,3.36955342e-06,9.07086214e-08,0.09070862140000001,2.39124894e-07,10.115194,10722.105640000002,0.8935847580377667,2.39124894e-07,2.01458973e-07,0.201458973
2727,3.36955342e-06,9.86929904,10461.4569824,0.8718621901528296,3.36955342e-06,9.0708767e-08,0.090708767,2.39124894e-07,10.1151929,10722.104474,0.89358466086284,2.39124894e-07,2.0145917e-07,0.20145917000000002
2728,3.36955342e-06,9.86929545,10461.453177,0.8718618730092058,3.36955342e-06,9.07089119e-08,0.0907089119,2.39124894e-07,10.1151919,10722.103414,0.8935845725219976,2.39124894e-07,2.01459366e-07,0.201459366
2729,3.36955342e-06,9.86929189,10461.4494034,0.8718615585158072,3.36955342e-06,9.07090561e-08,0.09070905609999999,2.39124894e-07,10.1151909,10722.102354,0.8935844841811554,2.39124894e-07,2.01459561e-07,0.201459561
2730,3.36955342e-06,9.86928837,10461.4456722,0.8718612475560422,3.36955342e-06,9.07091997e-08,0.09070919969999999,2.39124894e-07,10.1151899,10722.101294,0.8935843958403131,2.39124894e-07,2.01459756e-07,0.201459756
2731,3.36955342e-06,9.86928489,10461.4419834,0.8718609401299111,3.36955342e-06,9.07093426e-08,0.0907093426,2.39124894e-07,10.1151889,10722.100234,0.8935843074994708,2.39124894e-07,2.01459949e-07,0.201459949
2732,3.36955342e-06,9.86928144,10461.4383264,0.8718606353540052,3.36955342e-06,9.07094848e-08,0.0907094848,2.39124894e-07,10.115188,10722.09928,0.8935842279927128,2.39124894e-07,2.01460142e-07,0.20146014199999998
2733,3.36955342e-06,9.86927802,10461.4347012,0.8718603332283245,3.36955342e-06,9.07096263e-08,0.0907096263,2.39124894e-07,10.1151871,10722.098326,0.8935841484859546,2.39124894e-07,2.01460334e-07,0.201460334
2734,3.36955342e-06,9.86927465,10461.431128999999,0.8718600355196857,3.36955342e-06,9.0709767e-08,0.090709767,2.39124894e-07,10.1151861,10722.097266,0.8935840601451124,2.39124894e-07,2.01460525e-07,0.201460525
2735,3.36955342e-06,9.86927131,10461.4275886,0.8718597404612726,3.36955342e-06,9.07099071e-08,0.0907099071,2.39124894e-07,10.1151852,10722.096312000001,0.8935839806383544,2.39124894e-07,2.01460715e-07,0.201460715
2736,3.36955342e-06,9.869268,10461.42408,0.8718594480530846,3.36955342e-06,9.07100465e-08,0.0907100465,2.39124894e-07,10.1151843,10722.095357999999,0.8935839011315961,2.39124894e-07,2.01460905e-07,0.201460905
2737,3.36955342e-06,9.86926473,10461.420613799999,0.8718591591785301,3.36955342e-06,9.07101852e-08,0.0907101852,2.39124894e-07,10.1151835,10722.09451,0.8935838304589224,2.39124894e-07,2.01461093e-07,0.201461093
2738,3.36955342e-06,9.86926149,10461.4171794,0.8718588729542011,3.36955342e-06,9.07103231e-08,0.0907103231,2.39124894e-07,10.1151826,10722.093556000002,0.8935837509521645,2.39124894e-07,2.01461281e-07,0.201461281
2739,3.36955342e-06,9.86925828,10461.4137768,0.8718585893800973,3.36955342e-06,9.07104603e-08,0.09071046029999999,2.39124894e-07,10.1151818,10722.092708,0.8935836802794904,2.39124894e-07,2.01461467e-07,0.201461467
2740,3.36955342e-06,9.86925511,10461.4104166,0.8718583093396272,3.36955342e-06,9.07105968e-08,0.0907105968,2.39124894e-07,10.115181,10722.09186,0.8935836096068166,2.39124894e-07,2.01461653e-07,0.201461653
2741,3.36955342e-06,9.86925198,10461.4070988,0.8718580328327908,3.36955342e-06,9.07107326e-08,0.0907107326,2.39124894e-07,10.1151802,10722.091011999999,0.8935835389341427,2.39124894e-07,2.01461838e-07,0.201461838
2742,3.36955342e-06,9.86924888,10461.403812800001,0.8718577589761798,3.36955342e-06,9.07108676e-08,0.0907108676,2.39124894e-07,10.1151794,10722.090164000001,0.8935834682614691,2.39124894e-07,2.01462022e-07,0.20146202200000002
2743,3.36955342e-06,9.86924581,10461.4005586,0.8718574877697938,3.36955342e-06,9.07110018e-08,0.0907110018,2.39124894e-07,10.1151786,10722.089316,0.893583397588795,2.39124894e-07,2.01462205e-07,0.201462205
2744,3.36955342e-06,9.86924277,10461.3973362,0.8718572192136331,3.36955342e-06,9.07111353e-08,0.0907111353,2.39124894e-07,10.1151779,10722.088574000001,0.8935833357502055,2.39124894e-07,2.01462387e-07,0.20146238700000002
2745,3.36955342e-06,9.86923977,10461.3941562,0.8718569541911063,3.36955342e-06,9.07112681e-08,0.09071126809999999,2.39124894e-07,10.1151771,10722.087726,0.8935832650775316,2.39124894e-07,2.01462568e-07,0.201462568
2746,3.36955342e-06,9.8692368,10461.391007999999,0.8718566918188045,3.36955342e-06,9.07114001e-08,0.0907114001,2.39124894e-07,10.1151764,10722.086984,0.893583203238942,2.39124894e-07,2.01462749e-07,0.201462749
2747,3.36955342e-06,9.86923386,10461.3878916,0.8718564320967283,3.36955342e-06,9.07115313e-08,0.09071153130000001,2.39124894e-07,10.1151757,10722.086242,0.8935831414003523,2.39124894e-07,2.01462928e-07,0.201462928
2748,3.36955342e-06,9.86923096,10461.3848176,0.8718561759082855,3.36955342e-06,9.07116618e-08,0.0907116618,2.39124894e-07,10.115175,10722.085500000001,0.8935830795617629,2.39124894e-07,2.01463106e-07,0.201463106
2749,3.36955342e-06,9.86922808,10461.381764799999,0.8718559214866596,3.36955342e-06,9.07117915e-08,0.0907117915,2.39124894e-07,10.1151744,10722.084864,0.8935830265572574,2.39124894e-07,2.01463283e-07,0.201463283
2750,3.36955342e-06,9.86922524,10461.3787544,0.8718556705986676,3.36955342e-06,9.07119204e-08,0.0907119204,2.39124894e-07,10.1151737,10722.084122,0.8935829647186678,2.39124894e-07,2.0146346e-07,0.20146346
2751,3.36955342e-06,9.86922243,10461.375775800001,0.8718554223609007,3.36955342e-06,9.07120486e-08,0.0907120486,2.39124894e-07,10.1151731,10722.083486,0.8935829117141624,2.39124894e-07,2.01463635e-07,0.201463635
2752,3.36955342e-06,9.86921965,10461.372829,0.8718551767733591,3.36955342e-06,9.07121759e-08,0.0907121759,2.39124894e-07,10.1151725,10722.08285,0.893582858709657,2.39124894e-07,2.01463809e-07,0.201463809
2753,3.36955342e-06,9.8692169,10461.369913999999,0.8718549338360426,3.36955342e-06,9.07123025e-08,0.0907123025,2.39124894e-07,10.1151719,10722.082214,0.8935828057051516,2.39124894e-07,2.01463983e-07,0.201463983
2754,3.36955342e-06,9.86921419,10461.367041399999,0.8718546944323601,3.36955342e-06,9.07124283e-08,0.0907124283,2.39124894e-07,10.1151713,10722.081578,0.8935827527006462,2.39124894e-07,2.01464155e-07,0.20146415499999998
2755,3.36955342e-06,9.8692115,10461.36419,0.8718544567954943,3.36955342e-06,9.07125533e-08,0.0907125533,2.39124894e-07,10.1151707,10722.080942,0.8935826996961409,2.39124894e-07,2.01464326e-07,0.201464326
2756,3.36955342e-06,9.86920884,10461.3613704,0.8718542218088537,3.36955342e-06,9.07126775e-08,0.09071267749999999,2.39124894e-07,10.1151702,10722.080412,0.8935826555257197,2.39124894e-07,2.01464497e-07,0.20146449700000002
2757,3.36955342e-06,9.86920622,10461.3585932,0.871853990355847,3.36955342e-06,9.07128009e-08,0.0907128009,2.39124894e-07,10.1151696,10722.079776,0.8935826025212144,2.39124894e-07,2.01464666e-07,0.201464666
2758,3.36955342e-06,9.86920362,10461.3558372,0.871853760669657,3.36955342e-06,9.07129234e-08,0.0907129234,2.39124894e-07,10.1151691,10722.079246,0.8935825583507931,2.39124894e-07,2.01464834e-07,0.20146483399999998
2759,3.36955342e-06,9.86920105,10461.353113,0.8718535336336921,3.36955342e-06,9.07130452e-08,0.0907130452,2.39124894e-07,10.1151686,10722.078716,0.893582514180372,2.39124894e-07,2.01465001e-07,0.20146500099999998
2760,3.36955342e-06,9.86919852,10461.350431199999,0.8718533101313611,3.36955342e-06,9.07131662e-08,0.0907131662,2.39124894e-07,10.1151681,10722.078186,0.893582470009951,2.39124894e-07,2.01465167e-07,0.201465167
2761,3.36955342e-06,9.86919601,10461.3477706,0.871853088395847,3.36955342e-06,9.07132863e-08,0.0907132863,2.39124894e-07,10.1151677,10722.077762,0.893582434673614,2.39124894e-07,2.01465332e-07,0.201465332
2762,3.36955342e-06,9.86919353,10461.3451418,0.8718528693105582,3.36955342e-06,9.07134057e-08,0.0907134057,2.39124894e-07,10.1151672,10722.077232,0.8935823905031928,2.39124894e-07,2.01465496e-07,0.20146549600000002
2763,3.36955342e-06,9.86919108,10461.3425448,0.8718526528754944,3.36955342e-06,9.07135242e-08,0.09071352419999999,2.39124894e-07,10.1151668,10722.076808000002,0.893582355166856,2.39124894e-07,2.01465659e-07,0.201465659
2764,3.36955342e-06,9.86918866,10461.339979600001,0.8718524390906561,3.36955342e-06,9.07136418e-08,0.0907136418,2.39124894e-07,10.1151663,10722.076278,0.8935823109964348,2.39124894e-07,2.01465821e-07,0.201465821
2765,3.36955342e-06,9.86918626,10461.337435599999,0.8718522270726344,3.36955342e-06,9.07137587e-08,0.09071375870000001,2.39124894e-07,10.1151659,10722.075853999999,0.8935822756600977,2.39124894e-07,2.01465982e-07,0.201465982
2766,3.36955342e-06,9.8691839,10461.334933999999,0.8718520185882466,3.36955342e-06,9.07138747e-08,0.0907138747,2.39124894e-07,10.1151655,10722.075429999999,0.8935822403237608,2.39124894e-07,2.01466142e-07,0.201466142
2767,3.36955342e-06,9.86918156,10461.3324536,0.8718518118706757,3.36955342e-06,9.07139899e-08,0.0907139899,2.39124894e-07,10.1151652,10722.075112,0.8935822138215083,2.39124894e-07,2.014663e-07,0.2014663
2768,3.36955342e-06,9.86917925,10461.330005,0.8718516078033299,3.36955342e-06,9.07141043e-08,0.0907141043,2.39124894e-07,10.1151648,10722.074688,0.8935821784851713,2.39124894e-07,2.01466458e-07,0.20146645800000001
2769,3.36955342e-06,9.86917697,10461.3275882,0.8718514063862095,3.36955342e-06,9.07142178e-08,0.0907142178,2.39124894e-07,10.1151645,10722.07437,0.8935821519829186,2.39124894e-07,2.01466614e-07,0.201466614
2770,3.36955342e-06,9.86917471,10461.3251926,0.8718512067359059,3.36955342e-06,9.07143305e-08,0.0907143305,2.39124894e-07,10.1151641,10722.073945999999,0.8935821166465815,2.39124894e-07,2.01466769e-07,0.201466769
2771,3.36955342e-06,9.86917247,10461.3228182,0.8718510088524192,3.36955342e-06,9.07144424e-08,0.0907144424,2.39124894e-07,10.1151638,10722.073628,0.893582090144329,2.39124894e-07,2.01466924e-07,0.201466924
2772,3.36955342e-06,9.86917028,10461.320496800001,0.8718508153859745,3.36955342e-06,9.07145536e-08,0.09071455360000001,2.39124894e-07,10.1151635,10722.07331,0.8935820636420763,2.39124894e-07,2.01467077e-07,0.201467077
2773,3.36955342e-06,9.86916811,10461.318196600001,0.8718506236863468,3.36955342e-06,9.07146637e-08,0.0907146637,2.39124894e-07,10.1151633,10722.073098,0.8935820459739079,2.39124894e-07,2.01467229e-07,0.201467229
2774,3.36955342e-06,9.86916595,10461.315907,0.8718504328701273,3.36955342e-06,9.07147729e-08,0.0907147729,2.39124894e-07,10.1151629,10722.072674,0.8935820106375708,2.39124894e-07,2.01467379e-07,0.201467379
2775,3.36955342e-06,9.86916383,10461.3136598,0.8718502455875417,3.36955342e-06,9.07148813e-08,0.09071488130000001,2.39124894e-07,10.1151627,10722.072462,0.8935819929694024,2.39124894e-07,2.01467529e-07,0.201467529
2776,3.36955342e-06,9.86916172,10461.311423199999,0.8718500591883643,3.36955342e-06,9.07149889e-08,0.09071498889999999,2.39124894e-07,10.1151624,10722.072144000002,0.8935819664671498,2.39124894e-07,2.01467678e-07,0.201467678
2777,3.36955342e-06,9.86915966,10461.3092396,0.8718498772062292,3.36955342e-06,9.07150957e-08,0.0907150957,2.39124894e-07,10.1151622,10722.071932,0.8935819487989813,2.39124894e-07,2.01467825e-07,0.201467825
2778,3.36955342e-06,9.8691576,10461.307056,0.8718496952240941,3.36955342e-06,9.07152016e-08,0.0907152016,2.39124894e-07,10.115162,10722.07172,0.8935819311308129,2.39124894e-07,2.01467971e-07,0.201467971
2779,3.36955342e-06,9.86915559,10461.3049254,0.871849517659001,3.36955342e-06,9.07153067e-08,0.09071530670000001,2.39124894e-07,10.1151618,10722.071507999999,0.8935819134626443,2.39124894e-07,2.01468116e-07,0.201468116
2780,3.36955342e-06,9.86915358,10461.3027948,0.871849340093908,3.36955342e-06,9.07154108e-08,0.0907154108,2.39124894e-07,10.1151616,10722.071296,0.8935818957944759,2.39124894e-07,2.0146826e-07,0.20146826
2781,3.36955342e-06,9.86915161,10461.3007066,0.8718491660624486,3.36955342e-06,9.07155141e-08,0.09071551409999999,2.39124894e-07,10.1151614,10722.071084,0.8935818781263074,2.39124894e-07,2.01468403e-07,0.201468403
2782,3.36955342e-06,9.86914967,10461.2986502,0.8718489946812147,3.36955342e-06,9.07156166e-08,0.09071561659999999,2.39124894e-07,10.1151614,10722.071084,0.8935818781263074,2.39124894e-07,2.01468545e-07,0.201468545
2783,3.36955342e-06,9.86914774,10461.2966044,0.8718488241833889,3.36955342e-06,9.0715718e-08,0.090715718,2.39124894e-07,10.1151612,10722.070871999998,0.8935818604581388,2.39124894e-07,2.01468685e-07,0.201468685
2784,3.36955342e-06,9.86914583,10461.2945798,0.8718486554523801,3.36955342e-06,9.07158187e-08,0.09071581869999999,2.39124894e-07,10.115161,10722.070660000001,0.8935818427899707,2.39124894e-07,2.01468824e-07,0.20146882400000002
2785,3.36955342e-06,9.86914396,10461.2925976,0.8718484902550051,3.36955342e-06,9.07159186e-08,0.0907159186,2.39124894e-07,10.115161,10722.070660000001,0.8935818427899707,2.39124894e-07,2.01468963e-07,0.201468963
2786,3.36955342e-06,9.8691421,10461.290626,0.8718483259410383,3.36955342e-06,9.07160174e-08,0.0907160174,2.39124894e-07,10.1151609,10722.070554,0.8935818339558863,2.39124894e-07,2.01469099e-07,0.201469099
2787,3.36955342e-06,9.86914026,10461.2886756,0.8718481633938886,3.36955342e-06,9.07161155e-08,0.0907161155,2.39124894e-07,10.1151608,10722.070448,0.8935818251218021,2.39124894e-07,2.01469235e-07,0.201469235
2788,3.36955342e-06,9.86913846,10461.2867676,0.8718480043803724,3.36955342e-06,9.07162127e-08,0.09071621269999999,2.39124894e-07,10.1151607,10722.070342,0.8935818162877179,2.39124894e-07,2.0146937e-07,0.20146937
2789,3.36955342e-06,9.86913667,10461.2848702,0.8718478462502646,3.36955342e-06,9.0716309e-08,0.090716309,2.39124894e-07,10.1151607,10722.070342,0.8935818162877179,2.39124894e-07,2.01469503e-07,0.201469503
2790,3.36955342e-06,9.8691349,10461.282994000001,0.8718476898869738,3.36955342e-06,9.07164045e-08,0.0907164045,2.39124894e-07,10.1151606,10722.070236,0.8935818074536336,2.39124894e-07,2.01469635e-07,0.20146963499999998
2791,3.36955342e-06,9.86913316,10461.281149600001,0.8718475361739083,3.36955342e-06,9.07164992e-08,0.09071649920000001,2.39124894e-07,10.1151606,10722.070236,0.8935818074536336,2.39124894e-07,2.01469766e-07,0.201469766
2792,3.36955342e-06,9.86913145,10461.279337,0.8718473851110679,3.36955342e-06,9.07165929e-08,0.0907165929,2.39124894e-07,10.1151607,10722.070342,0.8935818162877179,2.39124894e-07,2.01469896e-07,0.201469896
2793,3.36955342e-06,9.86912975,10461.277535000001,0.871847234931636,3.36955342e-06,9.07166855e-08,0.0907166855,2.39124894e-07,10.1151606,10722.070236,0.8935818074536336,2.39124894e-07,2.01470025e-07,0.201470025
2794,3.36955342e-06,9.86912807,10461.2757542,0.8718470865190208,3.36955342e-06,9.07167774e-08,0.09071677739999999,2.39124894e-07,10.1151606,10722.070236,0.8935818074536336,2.39124894e-07,2.01470152e-07,0.201470152
2795,3.36955342e-06,9.86912641,10461.2739946,0.8718469398732226,3.36955342e-06,9.07168685e-08,0.0907168685,2.39124894e-07,10.1151606,10722.070236,0.8935818074536336,2.39124894e-07,2.01470278e-07,0.201470278
2796,3.36955342e-06,9.86912477,10461.272256200002,0.8718467949942413,3.36955342e-06,9.07169588e-08,0.0907169588,2.39124894e-07,10.1151607,10722.070342,0.8935818162877179,2.39124894e-07,2.01470403e-07,0.201470403
2797,3.36955342e-06,9.86912317,10461.2705602,0.8718466536488936,3.36955342e-06,9.07170482e-08,0.0907170482,2.39124894e-07,10.1151608,10722.070448,0.8935818251218021,2.39124894e-07,2.01470527e-07,0.20147052699999998
2798,3.36955342e-06,9.86912157,10461.268864200001,0.8718465123035459,3.36955342e-06,9.07171367e-08,0.0907171367,2.39124894e-07,10.1151609,10722.070554,0.8935818339558863,2.39124894e-07,2.0147065e-07,0.20147065
2799,3.36955342e-06,9.86912,10461.2672,0.8718463736084234,3.36955342e-06,9.07172241e-08,0.09071722410000001,2.39124894e-07,10.1151609,10722.070554,0.8935818339558863,2.39124894e-07,2.01470771e-07,0.20147077100000002
2800,3.36955342e-06,9.86911845,10461.265557,0.8718462366801178,3.36955342e-06,9.07173106e-08,0.0907173106,2.39124894e-07,10.115161,10722.070660000001,0.8935818427899707,2.39124894e-07,2.01470891e-07,0.20147089099999999
2801,3.36955342e-06,9.86911691,10461.2639246,0.8718461006352207,3.36955342e-06,9.07173962e-08,0.09071739620000001,2.39124894e-07,10.1151611,10722.070766,0.8935818516240548,2.39124894e-07,2.0147101e-07,0.20147101
2802,3.36955342e-06,9.8691154,10461.262324,0.8718459672405487,3.36955342e-06,9.07174811e-08,0.0907174811,2.39124894e-07,10.1151612,10722.070871999998,0.8935818604581388,2.39124894e-07,2.01471127e-07,0.201471127
2803,3.36955342e-06,9.86911391,10461.2607446,0.8718458356126938,3.36955342e-06,9.07175651e-08,0.0907175651,2.39124894e-07,10.1151614,10722.071084,0.8935818781263074,2.39124894e-07,2.01471244e-07,0.201471244
2804,3.36955342e-06,9.86911243,10461.2591758,0.8718457048682472,3.36955342e-06,9.07176483e-08,0.0907176483,2.39124894e-07,10.1151615,10722.071189999999,0.8935818869603915,2.39124894e-07,2.01471359e-07,0.201471359
2805,3.36955342e-06,9.86911097,10461.257628199999,0.8718455758906173,3.36955342e-06,9.07177306e-08,0.0907177306,2.39124894e-07,10.1151617,10722.071402,0.8935819046285601,2.39124894e-07,2.01471473e-07,0.201471473
2806,3.36955342e-06,9.86910954,10461.2561124,0.871845449563213,3.36955342e-06,9.07178119e-08,0.0907178119,2.39124894e-07,10.1151619,10722.071614,0.8935819222967286,2.39124894e-07,2.01471586e-07,0.201471586
2807,3.36955342e-06,9.86910812,10461.2546072,0.8718453241192169,3.36955342e-06,9.07178922e-08,0.0907178922,2.39124894e-07,10.1151621,10722.071826,0.893581939964897,2.39124894e-07,2.01471697e-07,0.201471697
2808,3.36955342e-06,9.86910672,10461.2531232,0.8718452004420376,3.36955342e-06,9.07179717e-08,0.0907179717,2.39124894e-07,10.1151623,10722.072038,0.8935819576330656,2.39124894e-07,2.01471808e-07,0.201471808
2809,3.36955342e-06,9.86910534,10461.251660400001,0.8718450785316754,3.36955342e-06,9.07180504e-08,0.0907180504,2.39124894e-07,10.1151625,10722.072250000001,0.8935819753012341,2.39124894e-07,2.01471917e-07,0.201471917
2810,3.36955342e-06,9.86910397,10461.2502082,0.8718449575047212,3.36955342e-06,9.07181282e-08,0.0907181282,2.39124894e-07,10.1151627,10722.072462,0.8935819929694024,2.39124894e-07,2.01472025e-07,0.201472025
2811,3.36955342e-06,9.86910263,10461.248787800001,0.8718448391279927,3.36955342e-06,9.07182051e-08,0.0907182051,2.39124894e-07,10.115163,10722.07278,0.8935820194716552,2.39124894e-07,2.01472131e-07,0.201472131
2812,3.36955342e-06,9.8691013,10461.247378,0.8718447216346723,3.36955342e-06,9.07182812e-08,0.0907182812,2.39124894e-07,10.1151632,10722.072992,0.8935820371398235,2.39124894e-07,2.01472237e-07,0.201472237
2813,3.36955342e-06,9.86909998,10461.2459788,0.8718446050247605,3.36955342e-06,9.07183563e-08,0.0907183563,2.39124894e-07,10.1151635,10722.07331,0.8935820636420763,2.39124894e-07,2.01472341e-07,0.201472341
2814,3.36955342e-06,9.86909869,10461.2446114,0.8718444910650739,3.36955342e-06,9.07184305e-08,0.0907184305,2.39124894e-07,10.1151637,10722.073522,0.8935820813102447,2.39124894e-07,2.01472444e-07,0.201472444
2815,3.36955342e-06,9.86909741,10461.2432546,0.8718443779887958,3.36955342e-06,9.07185038e-08,0.0907185038,2.39124894e-07,10.115164,10722.073840000001,0.8935821078124975,2.39124894e-07,2.01472545e-07,0.201472545
2816,3.36955342e-06,9.86909615,10461.241919,0.8718442666793345,3.36955342e-06,9.07185763e-08,0.0907185763,2.39124894e-07,10.1151643,10722.074158,0.8935821343147501,2.39124894e-07,2.01472646e-07,0.201472646
2817,3.36955342e-06,9.8690949,10461.240594,0.8718441562532816,3.36955342e-06,9.07186479e-08,0.0907186479,2.39124894e-07,10.1151646,10722.074476,0.8935821608170028,2.39124894e-07,2.01472745e-07,0.201472745
2818,3.36955342e-06,9.86909367,10461.2392902,0.8718440475940454,3.36955342e-06,9.07187187e-08,0.09071871869999999,2.39124894e-07,10.115165,10722.0749,0.8935821961533397,2.39124894e-07,2.01472843e-07,0.201472843
2819,3.36955342e-06,9.86909246,10461.238007599999,0.8718439407016263,3.36955342e-06,9.07187885e-08,0.0907187885,2.39124894e-07,10.1151653,10722.075218,0.8935822226555924,2.39124894e-07,2.0147294e-07,0.20147294
2820,3.36955342e-06,9.86909126,10461.2367356,0.8718438346926155,3.36955342e-06,9.07188575e-08,0.0907188575,2.39124894e-07,10.1151657,10722.075642,0.8935822579919294,2.39124894e-07,2.01473035e-07,0.201473035
2821,3.36955342e-06,9.86909008,10461.2354848,0.8718437304504216,3.36955342e-06,9.07189256e-08,0.0907189256,2.39124894e-07,10.115166,10722.07596,0.8935822844941821,2.39124894e-07,2.01473129e-07,0.201473129
2822,3.36955342e-06,9.86908891,10461.2342446,0.8718436270916362,3.36955342e-06,9.07189927e-08,0.0907189927,2.39124894e-07,10.1151664,10722.076384,0.893582319830519,2.39124894e-07,2.01473222e-07,0.201473222
2823,3.36955342e-06,9.86908776,10461.233025599999,0.8718435254996674,3.36955342e-06,9.07190591e-08,0.0907190591,2.39124894e-07,10.1151668,10722.076808000002,0.893582355166856,2.39124894e-07,2.01473314e-07,0.201473314
2824,3.36955342e-06,9.86908662,10461.2318172,0.8718434247911072,3.36955342e-06,9.07191245e-08,0.0907191245,2.39124894e-07,10.1151672,10722.077232,0.8935823905031928,2.39124894e-07,2.01473405e-07,0.201473405
2825,3.36955342e-06,9.8690855,10461.23063,0.8718433258493639,3.36955342e-06,9.07191891e-08,0.0907191891,2.39124894e-07,10.1151676,10722.077656,0.8935824258395297,2.39124894e-07,2.01473494e-07,0.201473494
2826,3.36955342e-06,9.86908439,10461.2294534,0.8718432277910289,3.36955342e-06,9.07192528e-08,0.0907192528,2.39124894e-07,10.115168,10722.078080000001,0.8935824611758667,2.39124894e-07,2.01473582e-07,0.20147358199999998
2827,3.36955342e-06,9.8690833,10461.228298,0.8718431314995109,3.36955342e-06,9.07193157e-08,0.0907193157,2.39124894e-07,10.1151684,10722.078504,0.8935824965122035,2.39124894e-07,2.01473669e-07,0.20147366900000002
2828,3.36955342e-06,9.86908222,10461.2271532,0.8718430360914011,3.36955342e-06,9.07193776e-08,0.0907193776,2.39124894e-07,10.1151688,10722.078927999999,0.8935825318485404,2.39124894e-07,2.01473754e-07,0.201473754
2829,3.36955342e-06,9.86908115,10461.226019,0.8718429415666998,3.36955342e-06,9.07194387e-08,0.0907194387,2.39124894e-07,10.1151693,10722.079458,0.8935825760189616,2.39124894e-07,2.01473838e-07,0.201473838
2830,3.36955342e-06,9.8690801,10461.224906,0.8718428488088154,3.36955342e-06,9.07194989e-08,0.0907194989,2.39124894e-07,10.1151698,10722.079988,0.8935826201893827,2.39124894e-07,2.01473922e-07,0.201473922
2831,3.36955342e-06,9.86907906,10461.2238036,0.8718427569343394,3.36955342e-06,9.07195583e-08,0.0907195583,2.39124894e-07,10.1151702,10722.080412,0.8935826555257197,2.39124894e-07,2.01474003e-07,0.201474003
2832,3.36955342e-06,9.86907804,10461.2227224,0.8718426668266803,3.36955342e-06,9.07196167e-08,0.09071961669999999,2.39124894e-07,10.1151707,10722.080942,0.8935826996961409,2.39124894e-07,2.01474084e-07,0.201474084
2833,3.36955342e-06,9.86907702,10461.2216412,0.8718425767190211,3.36955342e-06,9.07196744e-08,0.09071967439999999,2.39124894e-07,10.1151712,10722.081472,0.893582743866562,2.39124894e-07,2.01474163e-07,0.201474163
2834,3.36955342e-06,9.86907602,10461.2205812,0.8718424883781788,3.36955342e-06,9.07197311e-08,0.0907197311,2.39124894e-07,10.1151717,10722.082002,0.8935827880369831,2.39124894e-07,2.01474241e-07,0.201474241
2835,3.36955342e-06,9.86907503,10461.2195318,0.8718424009207449,3.36955342e-06,9.0719787e-08,0.090719787,2.39124894e-07,10.1151722,10722.082532,0.8935828322074043,2.39124894e-07,2.01474318e-07,0.201474318
2836,3.36955342e-06,9.86907406,10461.218503600001,0.871842315230128,3.36955342e-06,9.0719842e-08,0.09071984200000001,2.39124894e-07,10.1151727,10722.083062,0.8935828763778254,2.39124894e-07,2.01474394e-07,0.201474394
2837,3.36955342e-06,9.8690731,10461.217486,0.8718422304229193,3.36955342e-06,9.07198962e-08,0.09071989620000001,2.39124894e-07,10.1151733,10722.083698,0.8935829293823309,2.39124894e-07,2.01474468e-07,0.201474468
2838,3.36955342e-06,9.86907214,10461.2164684,0.8718421456157107,3.36955342e-06,9.07199495e-08,0.0907199495,2.39124894e-07,10.1151738,10722.084228000002,0.8935829735527522,2.39124894e-07,2.01474542e-07,0.201474542
2839,3.36955342e-06,9.8690712,10461.215472,0.8718420625753189,3.36955342e-06,9.07200019e-08,0.0907200019,2.39124894e-07,10.1151744,10722.084864,0.8935830265572574,2.39124894e-07,2.01474614e-07,0.201474614
2840,3.36955342e-06,9.86907028,10461.214496800001,0.8718419813017441,3.36955342e-06,9.07200535e-08,0.09072005350000001,2.39124894e-07,10.1151749,10722.085394,0.8935830707276785,2.39124894e-07,2.01474684e-07,0.201474684
2841,3.36955342e-06,9.86906936,10461.213521599999,0.871841900028169,3.36955342e-06,9.07201043e-08,0.09072010429999999,2.39124894e-07,10.1151755,10722.086029999999,0.8935831237321838,2.39124894e-07,2.01474754e-07,0.201474754
2842,3.36955342e-06,9.86906845,10461.212557,0.8718418196380027,3.36955342e-06,9.07201541e-08,0.0907201541,2.39124894e-07,10.1151761,10722.086666,0.8935831767366893,2.39124894e-07,2.01474822e-07,0.20147482200000003
2843,3.36955342e-06,9.86906756,10461.211613599999,0.8718417410146528,3.36955342e-06,9.07202032e-08,0.0907202032,2.39124894e-07,10.1151767,10722.087302,0.8935832297411946,2.39124894e-07,2.01474889e-07,0.201474889
2844,3.36955342e-06,9.86906667,10461.2106702,0.8718416623913033,3.36955342e-06,9.07202514e-08,0.0907202514,2.39124894e-07,10.1151773,10722.087937999999,0.8935832827457,2.39124894e-07,2.01474955e-07,0.20147495499999998
2845,3.36955342e-06,9.8690658,10461.209748,0.8718415855347704,3.36955342e-06,9.07202987e-08,0.0907202987,2.39124894e-07,10.1151779,10722.088574000001,0.8935833357502055,2.39124894e-07,2.01475019e-07,0.201475019
2846,3.36955342e-06,9.86906494,10461.2088364,0.8718415095616461,3.36955342e-06,9.07203452e-08,0.09072034520000001,2.39124894e-07,10.1151785,10722.08921,0.8935833887547109,2.39124894e-07,2.01475083e-07,0.201475083
2847,3.36955342e-06,9.86906408,10461.2079248,0.8718414335885216,3.36955342e-06,9.07203908e-08,0.09072039080000001,2.39124894e-07,10.1151792,10722.089952,0.8935834505933005,2.39124894e-07,2.01475145e-07,0.201475145
2848,3.36955342e-06,9.86906324,10461.207034399999,0.8718413593822141,3.36955342e-06,9.07204356e-08,0.0907204356,2.39124894e-07,10.1151798,10722.090588,0.8935835035978058,2.39124894e-07,2.01475206e-07,0.201475206
2849,3.36955342e-06,9.86906241,10461.2061546,0.8718412860593151,3.36955342e-06,9.07204796e-08,0.0907204796,2.39124894e-07,10.1151804,10722.091224,0.8935835566023113,2.39124894e-07,2.01475266e-07,0.20147526600000001
2850,3.36955342e-06,9.86906158,10461.2052748,0.871841212736416,3.36955342e-06,9.07205227e-08,0.0907205227,2.39124894e-07,10.1151811,10722.091966,0.8935836184409008,2.39124894e-07,2.01475324e-07,0.201475324
2851,3.36955342e-06,9.86906077,10461.2044162,0.8718411411803337,3.36955342e-06,9.0720565e-08,0.090720565,2.39124894e-07,10.1151818,10722.092708,0.8935836802794904,2.39124894e-07,2.01475381e-07,0.201475381
2852,3.36955342e-06,9.86905996,10461.2035576,0.8718410696242515,3.36955342e-06,9.07206065e-08,0.0907206065,2.39124894e-07,10.1151824,10722.093344,0.8935837332839959,2.39124894e-07,2.01475438e-07,0.201475438
2853,3.36955342e-06,9.86905917,10461.202720199999,0.871840999834986,3.36955342e-06,9.07206471e-08,0.0907206471,2.39124894e-07,10.1151831,10722.094086,0.8935837951225853,2.39124894e-07,2.01475492e-07,0.201475492
2854,3.36955342e-06,9.86905838,10461.2018828,0.8718409300457206,3.36955342e-06,9.07206869e-08,0.0907206869,2.39124894e-07,10.1151838,10722.094828000001,0.8935838569611751,2.39124894e-07,2.01475546e-07,0.20147554599999998
2855,3.36955342e-06,9.8690576,10461.201056,0.8718408611398636,3.36955342e-06,9.07207259e-08,0.0907207259,2.39124894e-07,10.1151845,10722.09557,0.8935839187997646,2.39124894e-07,2.01475599e-07,0.201475599
2856,3.36955342e-06,9.86905683,10461.2002398,0.871840793117415,3.36955342e-06,9.07207641e-08,0.09072076409999999,2.39124894e-07,10.1151852,10722.096312000001,0.8935839806383544,2.39124894e-07,2.0147565e-07,0.20147565
2857,3.36955342e-06,9.86905607,10461.1994342,0.8718407259783748,3.36955342e-06,9.07208014e-08,0.0907208014,2.39124894e-07,10.115186,10722.09716,0.893584051311028,2.39124894e-07,2.014757e-07,0.2014757
2858,3.36955342e-06,9.86905531,10461.198628600001,0.8718406588393348,3.36955342e-06,9.07208379e-08,0.09072083789999999,2.39124894e-07,10.1151867,10722.097902000001,0.8935841131496178,2.39124894e-07,2.01475749e-07,0.201475749
2859,3.36955342e-06,9.86905457,10461.1978442,0.8718405934671114,3.36955342e-06,9.07208736e-08,0.0907208736,2.39124894e-07,10.1151874,10722.098644,0.8935841749882073,2.39124894e-07,2.01475797e-07,0.201475797
2860,3.36955342e-06,9.86905383,10461.1970598,0.8718405280948882,3.36955342e-06,9.07209085e-08,0.09072090849999999,2.39124894e-07,10.1151882,10722.099492000001,0.8935842456608813,2.39124894e-07,2.01475843e-07,0.20147584300000002
2861,3.36955342e-06,9.8690531,10461.196286,0.8718404636060733,3.36955342e-06,9.07209426e-08,0.09072094259999999,2.39124894e-07,10.1151889,10722.100234,0.8935843074994708,2.39124894e-07,2.01475888e-07,0.201475888
2862,3.36955342e-06,9.86905237,10461.1955122,0.8718403991172583,3.36955342e-06,9.07209758e-08,0.09072097579999999,2.39124894e-07,10.1151897,10722.101082000001,0.8935843781721448,2.39124894e-07,2.01475933e-07,0.201475933
2863,3.36955342e-06,9.86905166,10461.1947596,0.8718403363952604,3.36955342e-06,9.07210083e-08,0.0907210083,2.39124894e-07,10.1151905,10722.10193,0.8935844488448186,2.39124894e-07,2.01475976e-07,0.201475976
2864,3.36955342e-06,9.86905095,10461.194007,0.8718402736732622,3.36955342e-06,9.07210399e-08,0.0907210399,2.39124894e-07,10.1151912,10722.102671999999,0.893584510683408,2.39124894e-07,2.01476017e-07,0.201476017
2865,3.36955342e-06,9.86905024,10461.1932544,0.8718402109512642,3.36955342e-06,9.07210708e-08,0.0907210708,2.39124894e-07,10.115192,10722.10352,0.893584581356082,2.39124894e-07,2.01476058e-07,0.20147605799999999
2866,3.36955342e-06,9.86904955,10461.192523,0.8718401499960831,3.36955342e-06,9.07211008e-08,0.0907211008,2.39124894e-07,10.1151928,10722.104368,0.8935846520287558,2.39124894e-07,2.01476097e-07,0.201476097
2867,3.36955342e-06,9.86904886,10461.1917916,0.8718400890409018,3.36955342e-06,9.07211301e-08,0.0907211301,2.39124894e-07,10.1151936,10722.105216,0.8935847227014296,2.39124894e-07,2.01476136e-07,0.201476136
2868,3.36955342e-06,9.86904817,10461.191060199999,0.8718400280857206,3.36955342e-06,9.07211585e-08,0.0907211585,2.39124894e-07,10.1151944,10722.106064,0.8935847933741035,2.39124894e-07,2.01476173e-07,0.20147617299999998
2869,3.36955342e-06,9.8690475,10461.19035,0.8718399688973564,3.36955342e-06,9.07211862e-08,0.0907211862,2.39124894e-07,10.1151952,10722.106912000001,0.8935848640467774,2.39124894e-07,2.01476209e-07,0.201476209
2870,3.36955342e-06,9.86904683,10461.1896398,0.8718399097089921,3.36955342e-06,9.07212131e-08,0.09072121309999999,2.39124894e-07,10.1151961,10722.107866,0.8935849435535355,2.39124894e-07,2.01476243e-07,0.201476243
2871,3.36955342e-06,9.86904616,10461.188929599999,0.8718398505206275,3.36955342e-06,9.07212391e-08,0.0907212391,2.39124894e-07,10.1151969,10722.108714000002,0.8935850142262094,2.39124894e-07,2.01476277e-07,0.201476277
2872,3.36955342e-06,9.8690455,10461.18823,0.8718397922156716,3.36955342e-06,9.07212644e-08,0.09072126439999999,2.39124894e-07,10.1151977,10722.109562,0.8935850848988831,2.39124894e-07,2.0147631e-07,0.20147631000000002
2873,3.36955342e-06,9.86904484,10461.1875304,0.8718397339107158,3.36955342e-06,9.0721289e-08,0.090721289,2.39124894e-07,10.1151986,10722.110515999999,0.8935851644056411,2.39124894e-07,2.01476341e-07,0.201476341
2874,3.36955342e-06,9.8690442,10461.186851999999,0.8718396773725766,3.36955342e-06,9.07213127e-08,0.0907213127,2.39124894e-07,10.1151994,10722.111364,0.893585235078315,2.39124894e-07,2.01476371e-07,0.201476371
2875,3.36955342e-06,9.86904355,10461.186163,0.8718396199510292,3.36955342e-06,9.07213357e-08,0.0907213357,2.39124894e-07,10.1152003,10722.112318,0.8935853145850731,2.39124894e-07,2.014764e-07,0.2014764
2876,3.36955342e-06,9.86904291,10461.185484599999,0.87183956341289,3.36955342e-06,9.07213579e-08,0.09072135790000001,2.39124894e-07,10.1152012,10722.113271999999,0.893585394091831,2.39124894e-07,2.01476428e-07,0.20147642799999999
2877,3.36955342e-06,9.86904228,10461.1848168,0.8718395077581594,3.36955342e-06,9.07213793e-08,0.0907213793,2.39124894e-07,10.115202,10722.11412,0.8935854647645051,2.39124894e-07,2.01476455e-07,0.201476455
2878,3.36955342e-06,9.86904165,10461.184149,0.8718394521034288,3.36955342e-06,9.07214e-08,0.09072140000000001,2.39124894e-07,10.1152029,10722.115074,0.893585544271263,2.39124894e-07,2.0147648e-07,0.20147647999999999
2879,3.36955342e-06,9.86904102,10461.1834812,0.8718393964486981,3.36955342e-06,9.07214199e-08,0.0907214199,2.39124894e-07,10.1152038,10722.116028,0.8935856237780212,2.39124894e-07,2.01476505e-07,0.201476505
2880,3.36955342e-06,9.8690404,10461.182824,0.8718393416773759,3.36955342e-06,9.07214391e-08,0.0907214391,2.39124894e-07,10.1152047,10722.116982,0.8935857032847792,2.39124894e-07,2.01476528e-07,0.20147652800000002
2881,3.36955342e-06,9.86903978,10461.1821668,0.8718392869060536,3.36955342e-06,9.07214575e-08,0.0907214575,2.39124894e-07,10.1152056,10722.117935999999,0.8935857827915372,2.39124894e-07,2.0147655e-07,0.20147655
2882,3.36955342e-06,9.86903917,10461.1815202,0.8718392330181399,3.36955342e-06,9.07214751e-08,0.0907214751,2.39124894e-07,10.1152065,10722.11889,0.8935858622982954,2.39124894e-07,2.01476571e-07,0.201476571
2883,3.36955342e-06,9.86903856,10461.1808736,0.8718391791302261,3.36955342e-06,9.0721492e-08,0.09072149199999999,2.39124894e-07,10.1152074,10722.119843999999,0.8935859418050534,2.39124894e-07,2.01476591e-07,0.201476591
2884,3.36955342e-06,9.86903795,10461.180226999999,0.8718391252423122,3.36955342e-06,9.07215082e-08,0.09072150820000001,2.39124894e-07,10.1152083,10722.120798000002,0.8935860213118116,2.39124894e-07,2.0147661e-07,0.20147661
2885,3.36955342e-06,9.86903735,10461.179591,0.8718390722378069,3.36955342e-06,9.07215236e-08,0.09072152359999999,2.39124894e-07,10.1152093,10722.121858,0.8935861096526538,2.39124894e-07,2.01476628e-07,0.201476628
2886,3.36955342e-06,9.86903675,10461.178955,0.8718390192333014,3.36955342e-06,9.07215383e-08,0.0907215383,2.39124894e-07,10.1152102,10722.122812,0.8935861891594119,2.39124894e-07,2.01476645e-07,0.201476645
2887,3.36955342e-06,9.86903615,10461.178318999999,0.8718389662287961,3.36955342e-06,9.07215522e-08,0.0907215522,2.39124894e-07,10.1152111,10722.123766,0.8935862686661701,2.39124894e-07,2.0147666e-07,0.20147666
2888,3.36955342e-06,9.86903556,10461.1776936,0.8718389141076992,3.36955342e-06,9.07215654e-08,0.0907215654,2.39124894e-07,10.1152121,10722.124826000001,0.8935863570070124,2.39124894e-07,2.01476675e-07,0.20147667500000002
2889,3.36955342e-06,9.86903497,10461.177068199999,0.8718388619866021,3.36955342e-06,9.07215779e-08,0.0907215779,2.39124894e-07,10.115213,10722.12578,0.8935864365137703,2.39124894e-07,2.01476688e-07,0.20147668800000001
2890,3.36955342e-06,9.86903438,10461.1764428,0.8718388098655053,3.36955342e-06,9.07215896e-08,0.0907215896,2.39124894e-07,10.115214,10722.12684,0.8935865248546128,2.39124894e-07,2.01476701e-07,0.201476701
2891,3.36955342e-06,9.8690338,10461.175828000001,0.8718387586278168,3.36955342e-06,9.07216006e-08,0.0907216006,2.39124894e-07,10.1152149,10722.127794,0.8935866043613707,2.39124894e-07,2.01476712e-07,0.201476712
2892,3.36955342e-06,9.86903321,10461.1752026,0.8718387065067197,3.36955342e-06,9.07216109e-08,0.0907216109,2.39124894e-07,10.1152159,10722.128854,0.8935866927022131,2.39124894e-07,2.01476722e-07,0.201476722
2893,3.36955342e-06,9.86903263,10461.1745878,0.8718386552690313,3.36955342e-06,9.07216205e-08,0.0907216205,2.39124894e-07,10.1152169,10722.129914,0.8935867810430553,2.39124894e-07,2.01476731e-07,0.201476731
2894,3.36955342e-06,9.86903205,10461.173972999999,0.8718386040313426,3.36955342e-06,9.07216294e-08,0.09072162939999999,2.39124894e-07,10.1152179,10722.130974,0.8935868693838976,2.39124894e-07,2.01476739e-07,0.20147673900000002
2895,3.36955342e-06,9.86903148,10461.1733688,0.8718385536770626,3.36955342e-06,9.07216376e-08,0.0907216376,2.39124894e-07,10.1152188,10722.131927999999,0.8935869488906556,2.39124894e-07,2.01476746e-07,0.201476746
2896,3.36955342e-06,9.8690309,10461.172754000001,0.8718385024393741,3.36955342e-06,9.07216451e-08,0.0907216451,2.39124894e-07,10.1152198,10722.132988,0.893587037231498,2.39124894e-07,2.01476752e-07,0.201476752
2897,3.36955342e-06,9.86903033,10461.172149799999,0.8718384520850938,3.36955342e-06,9.07216518e-08,0.0907216518,2.39124894e-07,10.1152208,10722.134048,0.8935871255723403,2.39124894e-07,2.01476757e-07,0.20147675699999998
2898,3.36955342e-06,9.86902976,10461.1715456,0.8718384017308138,3.36955342e-06,9.07216579e-08,0.0907216579,2.39124894e-07,10.1152218,10722.135108,0.8935872139131826,2.39124894e-07,2.01476761e-07,0.201476761
2899,3.36955342e-06,9.86902919,10461.1709414,0.8718383513765336,3.36955342e-06,9.07216633e-08,0.0907216633,2.39124894e-07,10.1152228,10722.136167999999,0.8935873022540248,2.39124894e-07,2.01476763e-07,0.201476763
2900,3.36955342e-06,9.86902862,10461.1703372,0.8718383010222536,3.36955342e-06,9.07216679e-08,0.0907216679,2.39124894e-07,10.1152238,10722.137228000001,0.8935873905948674,2.39124894e-07,2.01476765e-07,0.201476765
2901,3.36955342e-06,9.86902805,10461.169733,0.8718382506679735,3.36955342e-06,9.07216719e-08,0.09072167190000001,2.39124894e-07,10.1152249,10722.138394,0.8935874877697938,2.39124894e-07,2.01476766e-07,0.201476766
2902,3.36955342e-06,9.86902748,10461.1691288,0.8718382003136934,3.36955342e-06,9.07216753e-08,0.0907216753,2.39124894e-07,10.1152259,10722.139454,0.8935875761106361,2.39124894e-07,2.01476765e-07,0.201476765
2903,3.36955342e-06,9.86902692,10461.1685352,0.8718381508428217,3.36955342e-06,9.07216779e-08,0.09072167789999999,2.39124894e-07,10.1152269,10722.140513999999,0.8935876644514783,2.39124894e-07,2.01476764e-07,0.201476764
2904,3.36955342e-06,9.86902635,10461.167931,0.8718381004885416,3.36955342e-06,9.07216798e-08,0.0907216798,2.39124894e-07,10.1152279,10722.141574000001,0.8935877527923208,2.39124894e-07,2.01476761e-07,0.201476761
2905,3.36955342e-06,9.86902579,10461.1673374,0.8718380510176699,3.36955342e-06,9.07216811e-08,0.09072168109999999,2.39124894e-07,10.115229,10722.14274,0.8935878499672472,2.39124894e-07,2.01476758e-07,0.201476758
2906,3.36955342e-06,9.86902522,10461.1667332,0.8718380006633897,3.36955342e-06,9.07216817e-08,0.0907216817,2.39124894e-07,10.11523,10722.1438,0.8935879383080896,2.39124894e-07,2.01476754e-07,0.201476754
2907,3.36955342e-06,9.86902466,10461.1661396,0.8718379511925181,3.36955342e-06,9.07216817e-08,0.0907216817,2.39124894e-07,10.115231,10722.14486,0.8935880266489319,2.39124894e-07,2.01476748e-07,0.201476748
2908,3.36955342e-06,9.86902409,10461.1655354,0.8718379008382379,3.36955342e-06,9.0721681e-08,0.090721681,2.39124894e-07,10.1152321,10722.146026,0.8935881238238584,2.39124894e-07,2.01476742e-07,0.201476742
2909,3.36955342e-06,9.86902353,10461.1649418,0.8718378513673662,3.36955342e-06,9.07216796e-08,0.0907216796,2.39124894e-07,10.1152331,10722.147085999999,0.8935882121647006,2.39124894e-07,2.01476734e-07,0.20147673400000002
2910,3.36955342e-06,9.86902296,10461.164337600001,0.8718378010130863,3.36955342e-06,9.07216776e-08,0.0907216776,2.39124894e-07,10.1152342,10722.148251999999,0.8935883093396272,2.39124894e-07,2.01476726e-07,0.20147672600000002
2911,3.36955342e-06,9.8690224,10461.163744000001,0.8718377515422145,3.36955342e-06,9.07216749e-08,0.09072167490000001,2.39124894e-07,10.1152353,10722.149418,0.8935884065145538,2.39124894e-07,2.01476716e-07,0.201476716
2912,3.36955342e-06,9.86902183,10461.163139799999,0.8718377011879342,3.36955342e-06,9.07216716e-08,0.0907216716,2.39124894e-07,10.1152363,10722.150478,0.893588494855396,2.39124894e-07,2.01476706e-07,0.20147670599999998
2913,3.36955342e-06,9.86902127,10461.1625462,0.8718376517170626,3.36955342e-06,9.07216676e-08,0.0907216676,2.39124894e-07,10.1152374,10722.151644,0.8935885920303226,2.39124894e-07,2.01476694e-07,0.201476694
2914,3.36955342e-06,9.8690207,10461.161942,0.8718376013627825,3.36955342e-06,9.0721663e-08,0.09072166300000001,2.39124894e-07,10.1152385,10722.15281,0.8935886892052491,2.39124894e-07,2.01476682e-07,0.20147668200000002
2915,3.36955342e-06,9.86902013,10461.161337799998,0.8718375510085022,3.36955342e-06,9.07216578e-08,0.0907216578,2.39124894e-07,10.1152395,10722.15387,0.8935887775460915,2.39124894e-07,2.01476669e-07,0.201476669
2916,3.36955342e-06,9.86901956,10461.1607336,0.8718375006542223,3.36955342e-06,9.07216519e-08,0.09072165189999999,2.39124894e-07,10.1152406,10722.155036,0.893588874721018,2.39124894e-07,2.01476654e-07,0.20147665399999998
2917,3.36955342e-06,9.86901899,10461.160129400001,0.8718374502999423,3.36955342e-06,9.07216454e-08,0.0907216454,2.39124894e-07,10.1152417,10722.156202,0.8935889718959446,2.39124894e-07,2.01476639e-07,0.201476639
2918,3.36955342e-06,9.86901842,10461.159525199999,0.871837399945662,3.36955342e-06,9.07216383e-08,0.0907216383,2.39124894e-07,10.1152428,10722.157368,0.8935890690708711,2.39124894e-07,2.01476623e-07,0.201476623
2919,3.36955342e-06,9.86901785,10461.158921,0.8718373495913819,3.36955342e-06,9.07216306e-08,0.0907216306,2.39124894e-07,10.1152439,10722.158534,0.8935891662457977,2.39124894e-07,2.01476606e-07,0.201476606
2920,3.36955342e-06,9.86901728,10461.1583168,0.8718372992371018,3.36955342e-06,9.07216223e-08,0.0907216223,2.39124894e-07,10.115245,10722.1597,0.8935892634207241,2.39124894e-07,2.01476587e-07,0.201476587
2921,3.36955342e-06,9.8690167,10461.157701999999,0.8718372479994132,3.36955342e-06,9.07216133e-08,0.09072161329999999,2.39124894e-07,10.1152461,10722.160866,0.8935893605956506,2.39124894e-07,2.01476568e-07,0.201476568
2922,3.36955342e-06,9.86901613,10461.1570978,0.8718371976451332,3.36955342e-06,9.07216037e-08,0.0907216037,2.39124894e-07,10.1152472,10722.162032,0.8935894577705772,2.39124894e-07,2.01476548e-07,0.201476548
2923,3.36955342e-06,9.86901555,10461.156483,0.8718371464074447,3.36955342e-06,9.07215936e-08,0.0907215936,2.39124894e-07,10.1152483,10722.163197999998,0.8935895549455036,2.39124894e-07,2.01476527e-07,0.20147652700000002
2924,3.36955342e-06,9.86901497,10461.1558682,0.871837095169756,3.36955342e-06,9.07215828e-08,0.0907215828,2.39124894e-07,10.1152494,10722.164364,0.8935896521204303,2.39124894e-07,2.01476506e-07,0.201476506
2925,3.36955342e-06,9.86901439,10461.1552534,0.8718370439320676,3.36955342e-06,9.07215714e-08,0.09072157139999999,2.39124894e-07,10.1152505,10722.16553,0.8935897492953568,2.39124894e-07,2.01476483e-07,0.201476483
2926,3.36955342e-06,9.8690138,10461.154628,0.8718369918109706,3.36955342e-06,9.07215595e-08,0.0907215595,2.39124894e-07,10.1152516,10722.166696,0.8935898464702834,2.39124894e-07,2.01476459e-07,0.201476459
2927,3.36955342e-06,9.86901322,10461.1540132,0.871836940573282,3.36955342e-06,9.07215469e-08,0.0907215469,2.39124894e-07,10.1152527,10722.167861999998,0.8935899436452097,2.39124894e-07,2.01476435e-07,0.20147643499999998
2928,3.36955342e-06,9.86901263,10461.153387800001,0.8718368884521852,3.36955342e-06,9.07215338e-08,0.0907215338,2.39124894e-07,10.1152538,10722.169028,0.8935900408201364,2.39124894e-07,2.01476409e-07,0.201476409
2929,3.36955342e-06,9.86901204,10461.1527624,0.8718368363310881,3.36955342e-06,9.07215201e-08,0.0907215201,2.39124894e-07,10.115255,10722.1703,0.8935901468291472,2.39124894e-07,2.01476383e-07,0.201476383
2930,3.36955342e-06,9.86901144,10461.1521264,0.8718367833265828,3.36955342e-06,9.07215058e-08,0.0907215058,2.39124894e-07,10.1152561,10722.171466,0.8935902440040737,2.39124894e-07,2.01476355e-07,0.201476355
2931,3.36955342e-06,9.86901085,10461.151501,0.8718367312054859,3.36955342e-06,9.07214909e-08,0.09072149089999999,2.39124894e-07,10.1152572,10722.172632,0.8935903411790003,2.39124894e-07,2.01476327e-07,0.20147632699999998
2932,3.36955342e-06,9.86901025,10461.150865000001,0.8718366782009805,3.36955342e-06,9.07214755e-08,0.0907214755,2.39124894e-07,10.1152583,10722.173798000002,0.8935904383539269,2.39124894e-07,2.01476298e-07,0.201476298
2933,3.36955342e-06,9.86900965,10461.150229,0.8718366251964751,3.36955342e-06,9.07214595e-08,0.09072145949999999,2.39124894e-07,10.1152595,10722.175070000001,0.8935905443629376,2.39124894e-07,2.01476268e-07,0.201476268
2934,3.36955342e-06,9.86900904,10461.1495824,0.8718365713085612,3.36955342e-06,9.0721443e-08,0.090721443,2.39124894e-07,10.1152606,10722.176236,0.893590641537864,2.39124894e-07,2.01476237e-07,0.201476237
2935,3.36955342e-06,9.86900843,10461.1489358,0.8718365174206475,3.36955342e-06,9.07214259e-08,0.0907214259,2.39124894e-07,10.1152617,10722.177402,0.8935907387127906,2.39124894e-07,2.01476206e-07,0.201476206
2936,3.36955342e-06,9.86900782,10461.1482892,0.8718364635327337,3.36955342e-06,9.07214082e-08,0.09072140819999999,2.39124894e-07,10.1152629,10722.178673999999,0.8935908447218013,2.39124894e-07,2.01476173e-07,0.20147617299999998
2937,3.36955342e-06,9.86900721,10461.147642599999,0.8718364096448198,3.36955342e-06,9.072139e-08,0.09072139,2.39124894e-07,10.115264,10722.17984,0.8935909418967279,2.39124894e-07,2.0147614e-07,0.20147614
2938,3.36955342e-06,9.86900659,10461.146985399999,0.8718363548734975,3.36955342e-06,9.07213713e-08,0.0907213713,2.39124894e-07,10.1152652,10722.181112,0.8935910479057387,2.39124894e-07,2.01476106e-07,0.20147610600000002
2939,3.36955342e-06,9.86900597,10461.1463282,0.8718363001021754,3.36955342e-06,9.0721352e-08,0.090721352,2.39124894e-07,10.1152663,10722.182278,0.8935911450806653,2.39124894e-07,2.01476071e-07,0.20147607099999998
2940,3.36955342e-06,9.86900535,10461.145671,0.8718362453308531,3.36955342e-06,9.07213322e-08,0.0907213322,2.39124894e-07,10.1152675,10722.18355,0.893591251089676,2.39124894e-07,2.01476035e-07,0.201476035
2941,3.36955342e-06,9.86900472,10461.1450032,0.8718361896761224,3.36955342e-06,9.07213118e-08,0.0907213118,2.39124894e-07,10.1152686,10722.184716,0.8935913482646025,2.39124894e-07,2.01475998e-07,0.201475998
2942,3.36955342e-06,9.86900408,10461.1443248,0.8718361331379834,3.36955342e-06,9.07212909e-08,0.0907212909,2.39124894e-07,10.1152698,10722.185988,0.8935914542736132,2.39124894e-07,2.01475961e-07,0.20147596099999998
2943,3.36955342e-06,9.86900345,10461.143656999999,0.8718360774832526,3.36955342e-06,9.07212695e-08,0.09072126949999999,2.39124894e-07,10.1152709,10722.187154000001,0.89359155144854,2.39124894e-07,2.01475922e-07,0.201475922
2944,3.36955342e-06,9.86900281,10461.142978599999,0.8718360209451136,3.36955342e-06,9.07212476e-08,0.0907212476,2.39124894e-07,10.1152721,10722.188426,0.8935916574575506,2.39124894e-07,2.01475883e-07,0.201475883
2945,3.36955342e-06,9.86900216,10461.1422896,0.8718359635235662,3.36955342e-06,9.07212251e-08,0.0907212251,2.39124894e-07,10.1152732,10722.189592,0.8935917546324772,2.39124894e-07,2.01475843e-07,0.20147584300000002
2946,3.36955342e-06,9.86900151,10461.1416006,0.8718359061020187,3.36955342e-06,9.07212022e-08,0.0907212022,2.39124894e-07,10.1152744,10722.190864,0.8935918606414879,2.39124894e-07,2.01475802e-07,0.20147580199999998
2947,3.36955342e-06,9.86900086,10461.1409116,0.8718358486804711,3.36955342e-06,9.07211787e-08,0.0907211787,2.39124894e-07,10.1152755,10722.192029999998,0.8935919578164143,2.39124894e-07,2.01475761e-07,0.201475761
2948,3.36955342e-06,9.8690002,10461.140212,0.8718357903755153,3.36955342e-06,9.07211548e-08,0.0907211548,2.39124894e-07,10.1152767,10722.193302000001,0.8935920638254253,2.39124894e-07,2.01475718e-07,0.201475718
2949,3.36955342e-06,9.86899954,10461.139512400001,0.8718357320705594,3.36955342e-06,9.07211303e-08,0.09072113030000001,2.39124894e-07,10.1152779,10722.194574000001,0.893592169834436,2.39124894e-07,2.01475675e-07,0.20147567500000002
2950,3.36955342e-06,9.86899888,10461.1388128,0.8718356737656034,3.36955342e-06,9.07211054e-08,0.0907211054,2.39124894e-07,10.115279,10722.19574,0.8935922670093625,2.39124894e-07,2.01475631e-07,0.20147563100000002
2951,3.36955342e-06,9.86899821,10461.138102600002,0.8718356145772392,3.36955342e-06,9.07210799e-08,0.0907210799,2.39124894e-07,10.1152802,10722.197012,0.8935923730183734,2.39124894e-07,2.01475587e-07,0.201475587
2952,3.36955342e-06,9.86899753,10461.1373818,0.8718355545054662,3.36955342e-06,9.0721054e-08,0.09072105400000001,2.39124894e-07,10.1152814,10722.198284,0.893592479027384,2.39124894e-07,2.01475541e-07,0.201475541
2953,3.36955342e-06,9.86899685,10461.136661,0.8718354944336936,3.36955342e-06,9.07210276e-08,0.0907210276,2.39124894e-07,10.1152825,10722.19945,0.8935925762023106,2.39124894e-07,2.01475495e-07,0.201475495
2954,3.36955342e-06,9.86899617,10461.135940200002,0.8718354343619209,3.36955342e-06,9.07210007e-08,0.0907210007,2.39124894e-07,10.1152837,10722.200722000001,0.8935926822113215,2.39124894e-07,2.01475448e-07,0.201475448
2955,3.36955342e-06,9.86899548,10461.1352088,0.8718353734067397,3.36955342e-06,9.07209733e-08,0.09072097330000001,2.39124894e-07,10.1152849,10722.201994000001,0.8935927882203322,2.39124894e-07,2.014754e-07,0.2014754
2956,3.36955342e-06,9.86899478,10461.1344668,0.87183531156815,3.36955342e-06,9.07209455e-08,0.0907209455,2.39124894e-07,10.115286,10722.20316,0.8935928853952586,2.39124894e-07,2.01475352e-07,0.201475352
2957,3.36955342e-06,9.86899408,10461.1337248,0.8718352497295604,3.36955342e-06,9.07209172e-08,0.0907209172,2.39124894e-07,10.1152872,10722.204431999999,0.8935929914042693,2.39124894e-07,2.01475303e-07,0.20147530300000002
2958,3.36955342e-06,9.86899338,10461.1329828,0.8718351878909707,3.36955342e-06,9.07208884e-08,0.0907208884,2.39124894e-07,10.1152884,10722.205704,0.8935930974132802,2.39124894e-07,2.01475253e-07,0.201475253
2959,3.36955342e-06,9.86899267,10461.1322302,0.8718351251689728,3.36955342e-06,9.07208592e-08,0.0907208592,2.39124894e-07,10.1152896,10722.206976000001,0.893593203422291,2.39124894e-07,2.01475202e-07,0.201475202
2960,3.36955342e-06,9.86899195,10461.131467,0.8718350615635662,3.36955342e-06,9.07208295e-08,0.0907208295,2.39124894e-07,10.1152907,10722.208142,0.8935933005972174,2.39124894e-07,2.01475151e-07,0.201475151
2961,3.36955342e-06,9.86899123,10461.130703800001,0.8718349979581599,3.36955342e-06,9.07207994e-08,0.0907207994,2.39124894e-07,10.1152919,10722.209414,0.8935934066062283,2.39124894e-07,2.01475098e-07,0.20147509800000002
2962,3.36955342e-06,9.8689905,10461.129930000001,0.871834933469345,3.36955342e-06,9.07207689e-08,0.0907207689,2.39124894e-07,10.1152931,10722.210686,0.893593512615239,2.39124894e-07,2.01475046e-07,0.201475046
2963,3.36955342e-06,9.86898977,10461.1291562,0.8718348689805301,3.36955342e-06,9.07207379e-08,0.0907207379,2.39124894e-07,10.1152943,10722.211958,0.8935936186242498,2.39124894e-07,2.01474992e-07,0.201474992
2964,3.36955342e-06,9.86898903,10461.1283718,0.8718348036083067,3.36955342e-06,9.07207064e-08,0.09072070639999999,2.39124894e-07,10.1152955,10722.21323,0.8935937246332605,2.39124894e-07,2.01474938e-07,0.20147493800000002
2965,3.36955342e-06,9.86898829,10461.1275874,0.8718347382360835,3.36955342e-06,9.07206745e-08,0.0907206745,2.39124894e-07,10.1152966,10722.214396000001,0.8935938218081871,2.39124894e-07,2.01474883e-07,0.201474883
2966,3.36955342e-06,9.86898754,10461.126792399999,0.8718346719804516,3.36955342e-06,9.07206423e-08,0.0907206423,2.39124894e-07,10.1152978,10722.215668,0.8935939278171979,2.39124894e-07,2.01474827e-07,0.201474827
2967,3.36955342e-06,9.86898679,10461.125997399999,0.8718346057248199,3.36955342e-06,9.07206095e-08,0.0907206095,2.39124894e-07,10.115299,10722.21694,0.8935940338262086,2.39124894e-07,2.01474771e-07,0.20147477100000002
2968,3.36955342e-06,9.86898602,10461.1251812,0.8718345377023713,3.36955342e-06,9.07205764e-08,0.0907205764,2.39124894e-07,10.1153002,10722.218212,0.8935941398352193,2.39124894e-07,2.01474714e-07,0.201474714
2969,3.36955342e-06,9.86898526,10461.1243756,0.8718344705633313,3.36955342e-06,9.07205428e-08,0.0907205428,2.39124894e-07,10.1153014,10722.219484,0.8935942458442301,2.39124894e-07,2.01474657e-07,0.201474657
2970,3.36955342e-06,9.86898448,10461.1235488,0.8718344016574743,3.36955342e-06,9.07205089e-08,0.09072050890000001,2.39124894e-07,10.1153025,10722.220650000001,0.8935943430191567,2.39124894e-07,2.01474598e-07,0.201474598
2971,3.36955342e-06,9.8689837,10461.122722,0.8718343327516173,3.36955342e-06,9.07204745e-08,0.0907204745,2.39124894e-07,10.1153037,10722.221922,0.8935944490281674,2.39124894e-07,2.01474539e-07,0.20147453899999998
2972,3.36955342e-06,9.86898292,10461.1218952,0.8718342638457602,3.36955342e-06,9.07204397e-08,0.0907204397,2.39124894e-07,10.1153049,10722.223194,0.8935945550371782,2.39124894e-07,2.0147448e-07,0.20147447999999998
2973,3.36955342e-06,9.86898213,10461.1210578,0.8718341940564948,3.36955342e-06,9.07204045e-08,0.0907204045,2.39124894e-07,10.1153061,10722.224466,0.8935946610461889,2.39124894e-07,2.0147442e-07,0.20147442000000002
2974,3.36955342e-06,9.86898133,10461.120209800001,0.871834123383821,3.36955342e-06,9.07203689e-08,0.0907203689,2.39124894e-07,10.1153073,10722.225738,0.8935947670551997,2.39124894e-07,2.01474359e-07,0.201474359
2975,3.36955342e-06,9.86898052,10461.119351199999,0.8718340518277387,3.36955342e-06,9.0720333e-08,0.090720333,2.39124894e-07,10.1153084,10722.226904,0.8935948642301262,2.39124894e-07,2.01474297e-07,0.201474297
2976,3.36955342e-06,9.86897971,10461.118492599999,0.8718339802716564,3.36955342e-06,9.07202966e-08,0.0907202966,2.39124894e-07,10.1153096,10722.228176,0.893594970239137,2.39124894e-07,2.01474235e-07,0.201474235
2977,3.36955342e-06,9.8689789,10461.117634,0.8718339087155742,3.36955342e-06,9.07202599e-08,0.0907202599,2.39124894e-07,10.1153108,10722.229448,0.8935950762481478,2.39124894e-07,2.01474172e-07,0.201474172
2978,3.36955342e-06,9.86897807,10461.1167542,0.8718338353926751,3.36955342e-06,9.07202228e-08,0.0907202228,2.39124894e-07,10.115312,10722.23072,0.8935951822571585,2.39124894e-07,2.01474109e-07,0.20147410899999998
2979,3.36955342e-06,9.86897724,10461.1158744,0.871833762069776,3.36955342e-06,9.07201853e-08,0.0907201853,2.39124894e-07,10.1153132,10722.231991999999,0.8935952882661693,2.39124894e-07,2.01474045e-07,0.201474045
2980,3.36955342e-06,9.8689764,10461.114984,0.8718336878634684,3.36955342e-06,9.07201475e-08,0.0907201475,2.39124894e-07,10.1153143,10722.233158,0.8935953854410957,2.39124894e-07,2.0147398e-07,0.20147398
2981,3.36955342e-06,9.86897556,10461.114093600001,0.8718336136571609,3.36955342e-06,9.07201092e-08,0.0907201092,2.39124894e-07,10.1153155,10722.234429999999,0.8935954914501065,2.39124894e-07,2.01473915e-07,0.201473915
2982,3.36955342e-06,9.86897471,10461.1131926,0.8718335385674449,3.36955342e-06,9.07200706e-08,0.0907200706,2.39124894e-07,10.1153167,10722.235702,0.8935955974591174,2.39124894e-07,2.0147385e-07,0.20147385
2983,3.36955342e-06,9.86897385,10461.112281,0.8718334625943205,3.36955342e-06,9.07200317e-08,0.09072003170000001,2.39124894e-07,10.1153179,10722.236974000001,0.8935957034681282,2.39124894e-07,2.01473783e-07,0.201473783
2984,3.36955342e-06,9.86897299,10461.1113694,0.8718333866211961,3.36955342e-06,9.07199924e-08,0.0907199924,2.39124894e-07,10.115319,10722.23814,0.8935958006430547,2.39124894e-07,2.01473716e-07,0.201473716
2985,3.36955342e-06,9.86897212,10461.1104472,0.8718333097646634,3.36955342e-06,9.07199528e-08,0.0907199528,2.39124894e-07,10.1153202,10722.239411999999,0.8935959066520653,2.39124894e-07,2.01473649e-07,0.201473649
2986,3.36955342e-06,9.86897124,10461.109514400001,0.8718332320247222,3.36955342e-06,9.07199128e-08,0.09071991280000001,2.39124894e-07,10.1153214,10722.240683999999,0.8935960126610761,2.39124894e-07,2.01473581e-07,0.201473581
2987,3.36955342e-06,9.86897035,10461.108570999999,0.8718331534013724,3.36955342e-06,9.07198724e-08,0.0907198724,2.39124894e-07,10.1153226,10722.241956000002,0.8935961186700871,2.39124894e-07,2.01473512e-07,0.201473512
2988,3.36955342e-06,9.86896946,10461.1076276,0.8718330747780229,3.36955342e-06,9.07198318e-08,0.0907198318,2.39124894e-07,10.1153238,10722.243228000001,0.8935962246790978,2.39124894e-07,2.01473443e-07,0.201473443
2989,3.36955342e-06,9.86896856,10461.106673600001,0.8718329952712649,3.36955342e-06,9.07197908e-08,0.0907197908,2.39124894e-07,10.1153249,10722.244394,0.8935963218540243,2.39124894e-07,2.01473373e-07,0.20147337299999998
2990,3.36955342e-06,9.86896765,10461.105709,0.8718329148810983,3.36955342e-06,9.07197494e-08,0.09071974940000001,2.39124894e-07,10.1153261,10722.245666,0.8935964278630352,2.39124894e-07,2.01473303e-07,0.20147330300000002
2991,3.36955342e-06,9.86896674,10461.1047444,0.8718328344909317,3.36955342e-06,9.07197078e-08,0.09071970780000001,2.39124894e-07,10.1153273,10722.246938,0.8935965338720459,2.39124894e-07,2.01473232e-07,0.20147323199999997
2992,3.36955342e-06,9.86896582,10461.103769199999,0.8718327532173568,3.36955342e-06,9.07196658e-08,0.0907196658,2.39124894e-07,10.1153284,10722.248103999998,0.8935966310469722,2.39124894e-07,2.01473161e-07,0.20147316099999998
2993,3.36955342e-06,9.86896489,10461.102783400001,0.8718326710603737,3.36955342e-06,9.07196235e-08,0.0907196235,2.39124894e-07,10.1153296,10722.249376000002,0.8935967370559833,2.39124894e-07,2.01473089e-07,0.201473089
2994,3.36955342e-06,9.86896395,10461.101787,0.8718325880199816,3.36955342e-06,9.07195809e-08,0.0907195809,2.39124894e-07,10.1153308,10722.250648000001,0.893596843064994,2.39124894e-07,2.01473017e-07,0.201473017
2995,3.36955342e-06,9.86896301,10461.1007906,0.87183250497959,3.36955342e-06,9.0719538e-08,0.090719538,2.39124894e-07,10.115332,10722.25192,0.8935969490740047,2.39124894e-07,2.01472944e-07,0.20147294400000001
2996,3.36955342e-06,9.86896205,10461.099773,0.8718324201723814,3.36955342e-06,9.07194948e-08,0.0907194948,2.39124894e-07,10.1153331,10722.253086,0.8935970462489312,2.39124894e-07,2.0147287e-07,0.20147287
2997,3.36955342e-06,9.8689611,10461.098766,0.8718323362485811,3.36955342e-06,9.07194513e-08,0.0907194513,2.39124894e-07,10.1153343,10722.254358,0.893597152257942,2.39124894e-07,2.01472796e-07,0.20147279599999998
2998,3.36955342e-06,9.86896013,10461.097737799999,0.871832250557964,3.36955342e-06,9.07194074e-08,0.0907194074,2.39124894e-07,10.1153355,10722.25563,0.8935972582669527,2.39124894e-07,2.01472722e-07,0.201472722
2999,3.36955342e-06,9.86895916,10461.096709599999,0.8718321648673469,3.36955342e-06,9.07193633e-08,0.0907193633,2.39124894e-07,10.1153366,10722.256796,0.8935973554418792,2.39124894e-07,2.01472647e-07,0.201472647
3000,3.36955342e-06,9.86895817,10461.0956602,0.8718320774099133,3.36955342e-06,9.07193189e-08,0.0907193189,2.39124894e-07,10.1153378,10722.258068000001,0.8935974614508901,2.39124894e-07,2.01472572e-07,0.20147257200000002
