epoch,elapsed_s,owned_cores,nonowned_linux_cores,nonowned_top,procstat_busy_cores,procstat_minus_perprocess_cores,bound_cpus_nonowned_cores,bound_cpus_procstat_minus_ranks_cores,steal_cores,psi_cpu_some_total_us,psi_cpu_some_frac,memavailable_mb,bound_cpu_mhz_mean,win_nonwsl_cores,win_top
1791308550,5.0,0.0280,0.0160,systemd-udevd(83) 0.006,14.5813,14.5374,0.0120,14.5413,0.0000,2277566298,0.0052,23102,3892.7,,
1791308555,10.0,15.9983,0.0000,systemd(1) 0.000,16.0442,0.0460,0.0000,0.0500,0.0000,2277569091,0.0006,22087,3892.7,,
1791308560,15.0,16.0016,0.0040,systemd-udevd(83) 0.004,16.0396,0.0340,0.0020,0.0540,0.0000,2277572100,0.0006,22708,3892.7,,
1791308565,20.0,15.9961,0.0040,systemd-udevd(83) 0.002,16.0641,0.0640,0.0020,0.0620,0.0000,2277574987,0.0006,22708,3892.7,,
1791308570,25.0,16.0161,0.0000,systemd(1) 0.000,16.0800,0.0640,0.0000,0.0800,0.0000,2277578150,0.0006,22658,3892.7,,
1791308575,30.0,15.9981,0.0020,codex(3395708) 0.002,16.0341,0.0340,0.0020,0.0220,0.0000,2277579870,0.0003,22744,3892.7,,
1791308580,35.0,16.0059,0.0000,systemd(1) 0.000,16.0339,0.0280,0.0000,0.0340,0.0000,2277582061,0.0004,22680,3892.7,,
1791308585,40.0,16.0005,0.0000,systemd(1) 0.000,16.0345,0.0340,0.0000,0.0340,0.0000,2277584006,0.0004,22688,3892.7,,
1791308590,45.0,16.0352,0.0100,codex(3395708) 0.010,16.0772,0.0320,0.0100,0.0560,0.0000,2277586547,0.0005,22666,3892.7,,
1791308595,50.0,15.9756,0.0040,packagekitd(408651) 0.002,16.0056,0.0260,0.0040,0.0360,0.0000,2277588523,0.0004,22687,3892.7,,
1791308600,55.0,16.0049,0.0000,systemd(1) 0.000,16.0469,0.0420,0.0000,0.0400,0.0000,2277590882,0.0005,22671,3892.7,,
1791308605,60.0,16.0001,0.0000,systemd(1) 0.000,16.0301,0.0300,0.0000,0.0400,0.0000,2277593256,0.0005,22516,3892.7,0.2638,remoting_host(24796) 0.070
1791308610,65.0,16.0023,0.0200,systemd-udevd(83) 0.014,16.0683,0.0460,0.0100,0.0720,0.0000,2277595586,0.0005,22673,3892.7,,
1791308615,70.0,16.0080,0.0020,codex(3395708) 0.002,16.0380,0.0280,0.0020,0.0280,0.0000,2277597618,0.0004,22700,3892.7,,
1791308620,75.0,16.0119,0.0000,systemd(1) 0.000,16.0699,0.0580,0.0000,0.0500,0.0000,2277602640,0.0010,22680,3892.7,,
1791308625,80.0,15.9980,0.0000,systemd(1) 0.000,16.0260,0.0280,0.0000,0.0480,0.0000,2277605833,0.0006,22691,3892.7,,
1791308630,85.0,15.9982,0.0000,systemd(1) 0.000,16.0242,0.0260,0.0000,0.0180,0.0000,2277607933,0.0004,22231,3892.7,,
1791308635,90.0,16.0114,0.0000,systemd(1) 0.000,16.0373,0.0260,0.0000,0.0260,0.0000,2277608842,0.0002,22682,3892.7,,
1791308640,95.0,16.0021,0.0000,systemd(1) 0.000,16.0321,0.0300,0.0000,0.0400,0.0000,2277611805,0.0006,22535,3892.7,,
1791308645,100.0,15.9941,0.0020,snapd(2489074) 0.002,16.0241,0.0280,0.0020,0.0320,0.0000,2277613304,0.0003,22675,3892.7,,
1791308650,105.0,16.0022,0.0000,systemd(1) 0.000,16.0322,0.0300,0.0000,0.0320,0.0000,2277615253,0.0004,22691,3892.7,,
1791308655,110.0,16.0080,0.0000,systemd(1) 0.000,16.0460,0.0380,0.0000,0.0420,0.0000,2277618227,0.0006,22678,3892.7,,
1791308660,115.0,16.0081,0.0000,systemd(1) 0.000,16.0281,0.0200,0.0000,0.0240,0.0000,2277621061,0.0006,22672,3892.7,,
1791308665,120.0,15.9960,0.0000,systemd(1) 0.000,16.0340,0.0380,0.0000,0.0380,0.0000,2277623808,0.0005,22683,3892.7,0.2686,remoting_host(24796) 0.069
1791308670,125.0,16.0024,0.0200,systemd-udevd(83) 0.012,16.0644,0.0420,0.0120,0.0820,0.0000,2277625970,0.0004,22677,3892.7,,
1791308675,130.0,16.0045,0.0020,systemd-udevd(83) 0.002,16.0284,0.0220,0.0020,0.0300,0.0000,2277628876,0.0006,22719,3892.7,,
1791308680,135.0,16.0072,0.0040,systemd-udevd(83) 0.002,16.0332,0.0220,0.0020,0.0100,0.0000,2277632245,0.0007,22808,3892.7,,
1791308685,140.0,15.9982,0.0020,ollama(348) 0.002,16.0601,0.0600,0.0020,0.0720,0.0000,2277634930,0.0005,22655,3892.7,,
1791308690,145.0,16.0122,0.0000,systemd(1) 0.000,16.0282,0.0160,0.0000,0.0160,0.0000,2277638204,0.0007,22517,3892.7,,
1791308695,150.0,16.0061,0.0000,systemd(1) 0.000,16.0321,0.0260,0.0000,0.0380,0.0000,2277641456,0.0007,22712,3892.7,,
1791308700,155.0,15.9904,0.0000,systemd(1) 0.000,16.0284,0.0380,0.0000,0.0340,0.0000,2277643944,0.0005,22529,3892.7,,
1791308705,160.0,16.0180,0.0000,systemd(1) 0.000,16.0460,0.0280,0.0000,0.0420,0.0000,2277646054,0.0004,22695,3892.7,,
1791308710,165.0,15.9974,0.0000,systemd(1) 0.000,16.0254,0.0280,0.0000,0.0200,0.0000,2277648124,0.0004,22767,3892.7,,
1791308715,170.0,16.0003,0.0000,systemd(1) 0.000,16.0423,0.0420,0.0000,0.0420,0.0000,2277650897,0.0006,22702,3892.7,,
1791308720,175.0,16.0139,0.0040,codex(3395708) 0.004,16.0259,0.0080,0.0040,0.0140,0.0000,2277654710,0.0008,22516,3892.7,,
1791308725,180.0,15.9943,0.0000,systemd(1) 0.000,16.0283,0.0340,0.0000,0.0460,0.0000,2277658516,0.0008,22684,3892.7,0.2724,remoting_host(24796) 0.074
1791308730,185.0,16.0105,0.0120,systemd-udevd(83) 0.008,16.0565,0.0340,0.0060,0.0480,0.0000,2277661335,0.0006,22519,3892.7,,
1791308735,190.0,15.9880,0.0040,systemd-udevd(83) 0.002,16.0360,0.0440,0.0040,0.0460,0.0000,2277664865,0.0007,22694,3892.7,,
1791308740,195.0,16.0181,0.0020,systemd-udevd(83) 0.002,16.0521,0.0320,0.0000,0.0380,0.0000,2277666366,0.0003,22531,3892.7,,
1791308745,200.0,15.9984,0.0000,systemd(1) 0.000,16.0304,0.0320,0.0000,0.0380,0.0000,2277668647,0.0005,22713,3892.7,,
1791308750,205.0,16.0058,0.0020,python3(3271468) 0.002,16.0558,0.0480,0.0020,0.0560,0.0000,2277671755,0.0006,22536,3892.7,,
1791308755,210.0,16.0106,0.0000,systemd(1) 0.000,16.0266,0.0160,0.0000,0.0140,0.0000,2277673253,0.0003,22705,3892.7,,
1791308760,215.1,15.9942,0.0000,systemd(1) 0.000,16.0322,0.0380,0.0000,0.0300,0.0000,2277676407,0.0006,22139,3892.7,,
1791308765,220.1,16.0002,0.0000,systemd(1) 0.000,16.0362,0.0360,0.0000,0.0500,0.0000,2277678641,0.0004,22691,3892.7,,
1791308770,225.1,16.0139,0.0000,systemd(1) 0.000,16.0419,0.0280,0.0000,0.0360,0.0000,2277681553,0.0006,22690,3892.7,,
1791308775,230.1,15.9983,0.0000,systemd(1) 0.000,16.0243,0.0260,0.0000,0.0240,0.0000,2277684101,0.0005,22692,3892.7,,
1791308780,235.1,15.9974,0.0000,systemd(1) 0.000,16.0234,0.0260,0.0000,0.0200,0.0000,2277686395,0.0005,22697,3892.7,,
1791308785,240.1,16.0124,0.0020,codex(3395708) 0.002,16.0424,0.0280,0.0020,0.0380,0.0000,2277689095,0.0005,22729,3892.7,0.2769,remoting_host(24796) 0.074
1791308790,245.1,16.0046,0.0180,systemd-udevd(83) 0.010,16.0585,0.0360,0.0100,0.0620,0.0000,2277692511,0.0007,22707,3892.7,,
1791308795,250.1,16.0036,0.0000,systemd(1) 0.000,16.0536,0.0500,0.0000,0.0560,0.0000,2277695926,0.0007,22708,3892.7,,
1791308800,255.1,15.9976,0.0020,systemd-udevd(83) 0.002,16.0276,0.0280,0.0000,0.0360,0.0000,2277697366,0.0003,22707,3892.7,,
1791308805,260.1,16.0142,0.0000,systemd(1) 0.000,16.0442,0.0300,0.0000,0.0320,0.0000,2277698699,0.0003,22694,3892.7,,
1791308810,265.1,15.9944,0.0000,systemd(1) 0.000,16.0264,0.0320,0.0000,0.0340,0.0000,2277700465,0.0004,22692,3892.7,,
1791308815,270.1,15.9999,0.0000,systemd(1) 0.000,16.0239,0.0240,0.0000,0.0220,0.0000,2277702630,0.0004,22695,3892.7,,
1791308820,275.1,16.0043,0.0000,systemd(1) 0.000,16.0383,0.0340,0.0000,0.0460,0.0000,2277705746,0.0006,22697,3892.7,,
1791308825,280.1,16.0098,0.0000,systemd(1) 0.000,16.0458,0.0360,0.0000,0.0380,0.0000,2277707980,0.0004,22691,3892.7,,
1791308830,285.1,15.9983,0.0000,systemd(1) 0.000,16.0083,0.0100,0.0000,0.0020,0.0000,2277710647,0.0005,22681,3892.7,,
1791308835,290.1,16.0022,0.0000,systemd(1) 0.000,16.0321,0.0300,0.0000,0.0460,0.0000,2277713831,0.0006,22696,3892.7,,
1791308840,295.1,16.0099,0.0000,systemd(1) 0.000,16.0359,0.0260,0.0000,0.0220,0.0000,2277717600,0.0008,22703,3892.7,,
1791308845,300.1,15.9960,0.0000,systemd(1) 0.000,16.0260,0.0300,0.0000,0.0320,0.0000,2277719656,0.0004,22534,3892.7,0.2839,remoting_host(24796) 0.071
1791308850,305.1,16.0468,0.0240,systemd-udevd(83) 0.014,16.1168,0.0460,0.0160,0.0740,0.0000,2277723002,0.0007,22692,3892.7,,
1791308855,310.1,15.9739,0.0000,systemd(1) 0.000,16.0059,0.0320,0.0000,0.0440,0.0000,2277726172,0.0006,22545,3892.7,,
1791308860,315.1,15.9982,0.0200,codex(3395708) 0.012,16.0562,0.0380,0.0160,0.0620,0.0000,2277728358,0.0004,22732,3892.7,,
1791308865,320.1,16.0002,0.0020,codex(3395708) 0.002,16.0362,0.0340,0.0020,0.0300,0.0000,2277730418,0.0004,22140,3892.7,,
1791308870,325.1,16.0061,0.0020,systemd-journal(62) 0.002,16.0401,0.0320,0.0020,0.0440,0.0000,2277733565,0.0006,22686,3892.7,,
1791308875,330.1,16.0080,0.0040,python3.10(495) 0.004,16.0300,0.0180,0.0020,0.0220,0.0000,2277736509,0.0006,21963,3892.7,,
1791308880,335.1,15.9941,0.0000,systemd(1) 0.000,16.0221,0.0280,0.0000,0.0280,0.0000,2277739349,0.0006,22727,3892.7,,
1791308885,340.1,16.0158,0.0000,systemd(1) 0.000,16.0438,0.0280,0.0000,0.0360,0.0000,2277741099,0.0003,22531,3892.7,,
1791308890,345.1,15.9960,0.0000,systemd(1) 0.000,16.0280,0.0320,0.0000,0.0380,0.0000,2277744115,0.0006,22694,3892.7,,
1791308895,350.1,15.9960,0.0000,systemd(1) 0.000,16.0339,0.0380,0.0000,0.0380,0.0000,2277746948,0.0006,22703,3892.7,,
1791308900,355.1,16.0134,0.0020,codex(3395708) 0.002,16.0494,0.0340,0.0020,0.0400,0.0000,2277749800,0.0006,22674,3892.7,,
1791308905,360.1,15.9980,0.0000,systemd(1) 0.000,16.0240,0.0260,0.0000,0.0280,0.0000,2277752188,0.0005,22525,3892.7,0.2877,remoting_host(24796) 0.082
1791308910,365.1,16.0018,0.0180,systemd-udevd(83) 0.012,16.0618,0.0420,0.0080,0.0760,0.0000,2277755972,0.0008,22685,3892.7,,
1791308915,370.1,16.0043,0.0020,snapd(2489074) 0.002,16.0263,0.0200,0.0020,0.0180,0.0000,2277758238,0.0005,22712,3892.7,,
1791308920,375.1,16.0121,0.0040,systemd-udevd(83) 0.004,16.0561,0.0400,0.0020,0.0400,0.0000,2277760197,0.0004,22096,3892.7,,
1791308925,380.1,15.9918,0.0020,ollama(348) 0.002,16.0318,0.0380,0.0020,0.0480,0.0000,2277761618,0.0003,22705,3892.7,,
1791308930,385.1,16.0120,0.0000,systemd(1) 0.000,16.0300,0.0180,0.0000,0.0180,0.0000,2277764781,0.0006,22537,3892.7,,
1791308935,390.1,15.9940,0.0000,systemd(1) 0.000,16.0200,0.0260,0.0000,0.0320,0.0000,2277766703,0.0004,22715,3892.7,,
1791308940,395.1,16.0080,0.0000,systemd(1) 0.000,16.0420,0.0340,0.0000,0.0480,0.0000,2277768883,0.0004,22784,3892.7,,
1791308945,400.1,16.0044,0.0000,systemd(1) 0.000,16.0224,0.0180,0.0000,0.0060,0.0000,2277770704,0.0004,22692,3892.7,,
1791308950,405.1,15.9982,0.0000,systemd(1) 0.000,16.0402,0.0420,0.0000,0.0480,0.0000,2277773518,0.0006,22688,3892.7,,
1791308955,410.1,16.0120,0.0000,systemd(1) 0.000,16.0280,0.0160,0.0000,0.0140,0.0000,2277776181,0.0005,22686,3892.7,,
1791308960,415.1,16.0040,0.0020,codex(3395708) 0.002,16.0260,0.0200,0.0020,0.0300,0.0000,2277778268,0.0004,22697,3892.7,,
1791308965,420.1,15.9980,0.0000,systemd(1) 0.000,16.0280,0.0300,0.0000,0.0380,0.0000,2277780289,0.0004,22703,3892.7,0.3421,remoting_host(24796) 0.072
1791308970,425.1,16.0027,0.0220,systemd-udevd(83) 0.014,16.0647,0.0400,0.0140,0.0660,0.0000,2277781975,0.0003,22702,3892.7,,
1791308975,430.1,16.0159,0.0000,systemd(1) 0.000,16.0499,0.0340,0.0000,0.0300,0.0000,2277783970,0.0004,22530,3892.7,,
1791308980,435.1,15.9923,0.0060,snapd(2489074) 0.004,16.0402,0.0420,0.0040,0.0540,0.0000,2277786419,0.0005,22711,3892.7,,
1791308985,440.1,16.0004,0.0000,systemd(1) 0.000,16.0304,0.0300,0.0000,0.0300,0.0000,2277788112,0.0003,22705,3892.7,,
1791308990,445.1,16.0098,0.0020,python3(3271468) 0.002,16.0418,0.0300,0.0020,0.0320,0.0000,2277790366,0.0005,22683,3892.7,,
1791308995,450.1,16.0065,0.0000,systemd(1) 0.000,16.0265,0.0200,0.0000,0.0340,0.0000,2277791723,0.0003,22697,3892.7,,
1791309000,455.1,16.0003,0.0000,systemd(1) 0.000,16.0203,0.0200,0.0000,0.0300,0.0000,2277793767,0.0004,21981,3892.7,,
1791309005,460.1,15.9941,0.0000,systemd(1) 0.000,16.0221,0.0280,0.0000,0.0200,0.0000,2277795567,0.0004,22685,3892.7,,
1791309010,465.1,16.0160,0.0000,systemd(1) 0.000,16.0440,0.0280,0.0000,0.0380,0.0000,2277800726,0.0010,21952,3892.7,,
1791309015,470.1,15.9999,0.0000,systemd(1) 0.000,16.0259,0.0260,0.0000,0.0200,0.0000,2277802510,0.0004,22723,3892.7,,
1791309020,475.1,15.9981,0.0000,systemd(1) 0.000,16.0381,0.0400,0.0000,0.0460,0.0000,2277804960,0.0005,22179,3892.7,,
1791309025,480.1,16.0044,0.0000,systemd(1) 0.000,16.0244,0.0200,0.0000,0.0240,0.0000,2277807181,0.0004,22743,3892.7,0.2704,remoting_host(24796) 0.072
1791309030,485.1,16.0048,0.0140,systemd-udevd(83) 0.008,16.0628,0.0440,0.0080,0.0560,0.0000,2277809814,0.0005,22076,3892.7,,
1791309035,490.1,16.0041,0.0060,systemd-udevd(83) 0.002,16.0420,0.0320,0.0060,0.0480,0.0000,2277812443,0.0005,22705,3892.7,,
1791309040,495.1,16.0153,0.0040,systemd-udevd(83) 0.004,16.0433,0.0240,0.0000,0.0300,0.0000,2277816955,0.0009,22691,3892.7,,
1791309045,500.1,15.9941,0.0060,systemd-udevd(83) 0.002,16.0320,0.0320,0.0040,0.0480,0.0000,2277819913,0.0006,22536,3892.7,,
1791309050,505.1,16.0572,0.0020,python3(3271468) 0.002,16.0752,0.0160,0.0020,0.0220,0.0000,2277823046,0.0006,22728,3892.7,,
1791309055,510.1,15.9481,0.0000,systemd(1) 0.000,15.9880,0.0400,0.0000,0.0440,0.0000,2277827081,0.0008,22386,3892.7,,
1791309060,515.1,16.0124,0.0000,systemd(1) 0.000,16.0204,0.0080,0.0000,0.0120,0.0000,2277829996,0.0006,22699,3892.7,,
1791309065,520.1,15.9935,0.0000,systemd(1) 0.000,16.0235,0.0300,0.0000,0.0260,0.0000,2277832197,0.0004,22694,3892.7,,
1791309070,525.1,15.9961,0.0000,systemd(1) 0.000,16.0281,0.0320,0.0000,0.0400,0.0000,2277834550,0.0005,22527,3892.7,,
1791309075,530.1,16.0090,0.0000,systemd(1) 0.000,16.0290,0.0200,0.0000,0.0280,0.0000,2277838023,0.0007,22690,3892.7,,
1791309080,535.1,16.0158,0.0000,systemd(1) 0.000,16.0518,0.0360,0.0000,0.0380,0.0000,2277840864,0.0006,22592,3892.7,,
1791309085,540.1,15.9924,0.0000,systemd(1) 0.000,16.0104,0.0180,0.0000,0.0180,0.0000,2277842698,0.0004,22679,3892.7,0.2735,remoting_host(24796) 0.076
1791309090,545.1,16.0354,0.0140,systemd-udevd(83) 0.010,16.0814,0.0320,0.0060,0.0560,0.0000,2277844610,0.0004,22578,3892.7,,
1791309095,550.1,16.0073,0.0000,systemd(1) 0.000,16.0453,0.0380,0.0000,0.0420,0.0000,2277848461,0.0008,22680,3892.7,,
1791309100,555.1,15.9821,0.0040,systemd-udevd(83) 0.002,16.0161,0.0300,0.0020,0.0440,0.0000,2277851571,0.0006,22500,3892.7,,
1791309105,560.1,16.0058,0.0000,systemd(1) 0.000,16.0278,0.0220,0.0000,0.0180,0.0000,2277853590,0.0004,22697,3892.7,,
1791309110,565.1,16.0019,0.0000,systemd(1) 0.000,16.0379,0.0360,0.0000,0.0340,0.0000,2277855832,0.0004,22007,3892.7,,
1791309115,570.1,16.0079,0.0000,systemd(1) 0.000,16.0239,0.0160,0.0000,0.0200,0.0000,2277857122,0.0003,22679,3892.7,,
1791309120,575.1,15.9939,0.0000,systemd(1) 0.000,16.0198,0.0260,0.0000,0.0300,0.0000,2277859765,0.0005,22695,3892.7,,
1791309125,580.1,16.0004,0.0020,codex(3395708) 0.002,16.0204,0.0180,0.0020,0.0180,0.0000,2277861653,0.0004,22691,3892.7,,
1791309130,585.1,16.0119,0.0040,codex(3395708) 0.004,16.0479,0.0320,0.0040,0.0480,0.0000,2277864408,0.0006,22699,3892.7,,
1791309135,590.1,15.9980,0.0080,codex(3395708) 0.008,16.0440,0.0380,0.0080,0.0460,0.0000,2277866421,0.0004,22548,3892.7,,
1791309140,595.1,16.0133,0.0000,systemd(1) 0.000,16.0513,0.0380,0.0000,0.0360,0.0000,2277869192,0.0006,22691,3892.7,,
1791309145,600.1,15.9961,0.0000,systemd(1) 0.000,16.0220,0.0260,0.0000,0.0360,0.0000,2277870200,0.0002,22709,3892.7,0.2579,remoting_host(24796) 0.066
1791309150,605.1,16.0053,0.0220,systemd-udevd(83) 0.010,16.0493,0.0220,0.0160,0.0400,0.0000,2277872856,0.0005,22687,3892.7,,
1791309155,610.1,15.9998,0.0040,systemd-udevd(83) 0.002,16.0398,0.0360,0.0040,0.0520,0.0000,2277877139,0.0009,22310,3892.7,,
1791309160,615.1,16.0226,0.0020,systemd-udevd(83) 0.002,16.0566,0.0320,0.0000,0.0380,0.0000,2277879074,0.0004,22676,3892.7,,
1791309165,620.1,15.9898,0.0000,systemd(1) 0.000,16.0118,0.0220,0.0000,0.0200,0.0000,2277881103,0.0004,22262,3892.7,,
1791309170,625.1,16.0024,0.0000,systemd(1) 0.000,16.0344,0.0320,0.0000,0.0440,0.0000,2277883008,0.0004,22683,3892.7,,
1791309175,630.2,16.0080,0.0000,systemd(1) 0.000,16.0340,0.0260,0.0000,0.0280,0.0000,2277885091,0.0004,22409,3892.7,,
1791309180,635.2,15.9984,0.0000,systemd(1) 0.000,16.0303,0.0320,0.0000,0.0260,0.0000,2277887508,0.0005,22687,3892.7,,
1791309185,640.2,16.0040,0.0040,cron(340) 0.002,16.0240,0.0160,0.0040,0.0260,0.0000,2277889175,0.0003,22681,3892.7,,
1791309190,645.2,16.0063,0.0000,systemd(1) 0.000,16.0403,0.0340,0.0000,0.0380,0.0000,2277892271,0.0006,22679,3892.7,,
1791309195,650.2,16.0079,0.0000,systemd(1) 0.000,16.0419,0.0340,0.0000,0.0380,0.0000,2277893963,0.0003,22682,3892.7,,
1791309200,655.2,15.9963,0.0000,systemd(1) 0.000,16.0303,0.0340,0.0000,0.0320,0.0000,2277895422,0.0003,22682,3892.7,,
1791309205,660.2,16.0042,0.0000,systemd(1) 0.000,16.0302,0.0260,0.0000,0.0340,0.0000,2277898022,0.0005,22693,3892.7,0.2676,remoting_host(24796) 0.070
1791309210,665.2,16.0102,0.0240,systemd-udevd(83) 0.014,16.0942,0.0600,0.0140,0.0840,0.0000,2277900963,0.0006,22677,3892.7,,
1791309215,670.2,16.0034,0.0020,snapd(2489074) 0.002,16.0514,0.0460,0.0020,0.0560,0.0000,2277902683,0.0003,22687,3892.7,,
1791309220,675.2,15.9923,0.0020,systemd-udevd(83) 0.002,16.0283,0.0340,0.0000,0.0480,0.0000,2277905047,0.0005,22690,3892.7,,
1791309225,680.2,15.9964,0.0000,systemd(1) 0.000,16.0284,0.0320,0.0000,0.0380,0.0000,2277907883,0.0006,22659,3892.7,,
1791309230,685.2,16.0203,0.0040,systemd-resolve(296) 0.002,16.0443,0.0200,0.0040,0.0120,0.0000,2277910538,0.0005,22678,3892.7,,
1791309235,690.2,15.9962,0.0000,systemd(1) 0.000,16.0242,0.0280,0.0000,0.0320,0.0000,2277913324,0.0006,22667,3892.7,,
1791309240,695.2,16.0130,0.0020,python3(2713127) 0.002,16.0370,0.0220,0.0020,0.0280,0.0000,2277916954,0.0007,22686,3892.7,,
1791309245,700.2,15.9939,0.0000,systemd(1) 0.000,16.0299,0.0360,0.0000,0.0340,0.0000,2277918959,0.0004,22675,3892.7,,
1791309250,705.2,16.0102,0.0000,systemd(1) 0.000,16.0242,0.0140,0.0000,0.0220,0.0000,2277920538,0.0003,22686,3892.7,,
1791309255,710.2,16.0070,0.0000,systemd(1) 0.000,16.0350,0.0280,0.0000,0.0360,0.0000,2277924530,0.0008,22671,3892.7,,
1791309260,715.2,15.9962,0.0020,codex(3395708) 0.002,16.0502,0.0520,0.0020,0.0520,0.0000,2277928431,0.0008,22667,3892.7,,
1791309265,720.2,15.9998,0.0000,systemd(1) 0.000,16.0338,0.0340,0.0000,0.0340,0.0000,2277932137,0.0007,22674,3892.7,0.2658,remoting_host(24796) 0.068
1791309270,725.2,15.9987,0.0200,systemd-udevd(83) 0.010,16.0567,0.0380,0.0120,0.0580,0.0000,2277934905,0.0006,22678,3892.7,,
1791309275,730.2,16.0056,0.0020,systemd-udevd(83) 0.002,16.0436,0.0360,0.0020,0.0380,0.0000,2277938421,0.0007,22682,3892.7,,
1791309280,735.2,16.0232,0.0000,systemd(1) 0.000,16.0612,0.0380,0.0000,0.0580,0.0000,2277940674,0.0005,22664,3892.7,,
1791309285,740.2,15.9876,0.0020,ollama(348) 0.002,16.0196,0.0300,0.0020,0.0220,0.0000,2277943988,0.0007,22681,3892.7,,
1791309290,745.2,15.9984,0.0000,systemd(1) 0.000,16.0483,0.0500,0.0000,0.0640,0.0000,2277946243,0.0005,22707,3892.7,,
1791309295,750.2,16.0119,0.0000,systemd(1) 0.000,16.0239,0.0120,0.0000,-0.0040,0.0000,2277948383,0.0004,22697,3892.7,,
1791309300,755.2,15.9996,0.0000,systemd(1) 0.000,16.0236,0.0240,0.0000,0.0400,0.0000,2277951239,0.0006,22692,3892.7,,
1791309305,760.2,15.9962,0.0000,systemd(1) 0.000,16.0381,0.0420,0.0000,0.0480,0.0000,2277953829,0.0005,22694,3892.7,,
1791309310,765.2,16.0180,0.0000,systemd(1) 0.000,16.0400,0.0220,0.0000,0.0200,0.0000,2277955285,0.0003,22692,3892.7,,
1791309315,770.2,15.9978,0.0000,systemd(1) 0.000,16.0298,0.0320,0.0000,0.0420,0.0000,2277959584,0.0009,22661,3892.7,,
1791309320,775.2,16.0058,0.0020,codex(3395708) 0.002,16.0398,0.0320,0.0020,0.0340,0.0000,2277962104,0.0005,22713,3892.7,,
1791309325,780.2,16.0037,0.0000,systemd(1) 0.000,16.0357,0.0320,0.0000,0.0360,0.0000,2277963680,0.0003,22683,3892.7,0.2505,WindowsTerminal(23300) 0.066
1791309330,785.2,16.0243,0.0160,systemd-udevd(83) 0.008,16.0803,0.0400,0.0100,0.0560,0.0000,2277966335,0.0005,22771,3892.7,,
1791309335,790.2,15.9955,0.0020,snapd(2489074) 0.002,16.0275,0.0300,0.0020,0.0420,0.0000,2277971089,0.0010,22717,3892.7,,
1791309340,795.2,15.9977,0.0040,systemd-udevd(83) 0.004,16.0317,0.0300,0.0000,0.0280,0.0000,2277974105,0.0006,22743,3892.7,,
1791309345,800.2,15.9959,0.0000,systemd(1) 0.000,16.0339,0.0380,0.0000,0.0520,0.0000,2277975864,0.0004,22687,3892.7,,
1791309350,805.2,15.9960,0.0000,systemd(1) 0.000,16.0340,0.0380,0.0000,0.0400,0.0000,2277978443,0.0005,22710,3892.7,,
1791309355,810.2,16.0158,0.0000,systemd(1) 0.000,16.0378,0.0220,0.0000,0.0260,0.0000,2277982035,0.0007,22685,3892.7,,
1791309360,815.2,16.0022,0.0000,systemd(1) 0.000,16.0222,0.0200,0.0000,0.0240,0.0000,2277984375,0.0005,22672,3892.7,,
1791309365,820.2,15.9982,0.0000,systemd(1) 0.000,16.0282,0.0300,0.0000,0.0380,0.0000,2277986825,0.0005,22684,3892.7,,
1791309370,825.2,16.0117,0.0000,systemd(1) 0.000,16.0457,0.0340,0.0000,0.0340,0.0000,2277989024,0.0004,22705,3892.7,,
1791309375,830.2,16.0000,0.0020,codex(3395708) 0.002,16.0200,0.0180,0.0020,0.0220,0.0000,2277991970,0.0006,22687,3892.7,,
1791309380,835.2,16.0003,0.0000,systemd(1) 0.000,16.0383,0.0380,0.0000,0.0400,0.0000,2277994501,0.0005,22685,3892.7,,
1791309385,840.2,16.0095,0.0020,codex(3395708) 0.002,16.0475,0.0360,0.0020,0.0460,0.0000,2277996534,0.0004,22701,3892.7,0.2654,remoting_host(24796) 0.069
1791309390,845.2,15.9870,0.0200,systemd-udevd(83) 0.010,16.0510,0.0440,0.0140,0.0680,0.0000,2277999437,0.0006,22701,3892.7,,
1791309395,850.2,16.0240,0.0020,systemd-udevd(83) 0.002,16.0380,0.0120,0.0020,0.0060,0.0000,2278003585,0.0008,22527,3892.7,,
1791309400,855.2,15.9921,0.0040,systemd-udevd(83) 0.004,16.0481,0.0520,0.0000,0.0640,0.0000,2278005663,0.0004,22676,3892.7,,
1791309405,860.2,15.9961,0.0120,codex(3395708) 0.010,16.0560,0.0480,0.0120,0.0600,0.0000,2278007466,0.0004,22537,3892.7,,
1791309410,865.2,16.0137,0.0040,systemd-journal(62) 0.002,16.0337,0.0160,0.0040,0.0300,0.0000,2278009810,0.0005,22689,3892.7,,
1791309415,870.2,16.0041,0.0000,systemd(1) 0.000,16.0220,0.0180,0.0000,0.0180,0.0000,2278012206,0.0005,22697,3892.7,,
1791309420,875.2,16.0058,0.0000,systemd(1) 0.000,16.0398,0.0340,0.0000,0.0360,0.0000,2278014972,0.0006,22713,3892.7,,
1791309425,880.2,16.0016,0.0000,systemd(1) 0.000,16.0216,0.0200,0.0000,0.0260,0.0000,2278017330,0.0005,22682,3892.7,,
1791309430,885.2,16.0046,0.0000,systemd(1) 0.000,16.0226,0.0180,0.0000,0.0220,0.0000,2278020356,0.0006,22665,3892.7,,
1791309435,890.2,15.9919,0.0000,systemd(1) 0.000,16.0259,0.0340,0.0000,0.0320,0.0000,2278021377,0.0002,22671,3892.7,,
1791309440,895.2,16.0160,0.0040,python3(3271468) 0.002,16.0500,0.0300,0.0040,0.0360,0.0000,2278025086,0.0007,22223,3892.7,,
1791309445,900.2,15.9944,0.0000,systemd(1) 0.000,16.0264,0.0320,0.0000,0.0380,0.0000,2278027208,0.0004,22707,3892.7,0.2658,remoting_host(24796) 0.077
1791309450,905.2,16.0258,0.0220,systemd-udevd(83) 0.014,16.0818,0.0340,0.0140,0.0720,0.0000,2278029958,0.0005,22620,3892.7,,
1791309455,910.2,15.9759,0.0000,systemd(1) 0.000,16.0139,0.0380,0.0000,0.0320,0.0000,2278031546,0.0003,22682,3892.7,,
1791309460,915.2,16.0201,0.0040,systemd-udevd(83) 0.002,16.0321,0.0080,0.0020,0.0220,0.0000,2278033862,0.0005,22678,3892.7,,
1791309465,920.2,15.9960,0.0000,systemd(1) 0.000,16.0280,0.0320,0.0000,0.0220,0.0000,2278036243,0.0005,22674,3892.7,,
1791309470,925.2,15.9939,0.0060,systemd(1) 0.002,16.0519,0.0520,0.0060,0.0620,0.0000,2278038909,0.0005,22689,3892.7,,
1791309475,930.2,16.0181,0.0180,systemd-udevd(83) 0.012,16.1801,0.1440,0.0080,0.1760,0.0000,2278042339,0.0007,22540,3892.7,,
1791309480,935.2,15.9940,0.0000,systemd(1) 0.000,16.0300,0.0360,0.0000,0.0240,0.0000,2278045537,0.0006,22699,3892.7,,
1791309485,940.2,16.0377,0.0000,systemd(1) 0.000,16.0677,0.0300,0.0000,0.0460,0.0000,2278047202,0.0003,22726,3892.7,,
1791309490,945.2,15.9800,0.0040,systemd-journal(62) 0.002,16.0040,0.0200,0.0040,0.0240,0.0000,2278049165,0.0004,22671,3892.7,,
1791309495,950.2,16.0113,0.0020,codex(3395708) 0.002,16.0373,0.0240,0.0020,0.0380,0.0000,2278052623,0.0007,22699,3892.7,,
1791309500,955.2,15.9879,0.0000,systemd(1) 0.000,16.0179,0.0300,0.0000,0.0260,0.0000,2278054594,0.0004,22632,3892.7,,
1791309505,960.2,16.0118,0.0020,codex(3395708) 0.002,16.0358,0.0220,0.0020,0.0240,0.0000,2278056578,0.0004,22712,3892.7,0.2728,remoting_host(24796) 0.077
1791309510,965.2,16.0282,0.0200,systemd-udevd(83) 0.012,16.1102,0.0620,0.0120,0.0940,0.0000,2278059178,0.0005,22531,3892.7,,
1791309515,970.2,15.9741,0.0060,snapd(2489074) 0.004,16.0101,0.0300,0.0060,0.0340,0.0000,2278061575,0.0005,22665,3892.7,,
1791309520,975.2,15.9999,0.0040,systemd-udevd(83) 0.002,16.0379,0.0340,0.0020,0.0400,0.0000,2278063893,0.0005,22700,3892.7,,
1791309525,980.2,16.0138,0.0000,systemd(1) 0.000,16.0518,0.0380,0.0000,0.0480,0.0000,2278066773,0.0006,22686,3892.7,,
1791309530,985.2,16.0075,0.0000,systemd(1) 0.000,16.0615,0.0540,0.0000,0.0540,0.0000,2278068689,0.0004,22698,3892.7,,
1791309535,990.2,15.9924,0.0000,systemd(1) 0.000,16.0284,0.0360,0.0000,0.0440,0.0000,2278072868,0.0008,22670,3892.7,,
1791309540,995.2,16.0002,0.0000,systemd(1) 0.000,16.0282,0.0280,0.0000,0.0240,0.0000,2278076061,0.0006,22674,3892.7,,
1791309545,1000.2,16.0080,0.0000,systemd(1) 0.000,16.0320,0.0240,0.0000,0.0260,0.0000,2278078658,0.0005,22653,3892.7,,
1791309550,1005.2,15.9961,0.0000,systemd(1) 0.000,16.0381,0.0420,0.0000,0.0460,0.0000,2278080130,0.0003,22668,3892.7,,
1791309555,1010.2,16.0181,0.0000,systemd(1) 0.000,16.0341,0.0160,0.0000,0.0260,0.0000,2278082252,0.0004,22118,3892.7,,
1791309560,1015.2,15.9943,0.0000,systemd(1) 0.000,16.0343,0.0400,0.0000,0.0440,0.0000,2278084529,0.0005,22661,3892.7,,
1791309565,1020.2,16.0057,0.0000,systemd(1) 0.000,16.0277,0.0220,0.0000,0.0200,0.0000,2278087088,0.0005,22660,3892.7,0.3420,remoting_host(24796) 0.075
1791309570,1025.2,16.0006,0.0200,systemd-udevd(83) 0.014,16.0826,0.0620,0.0100,0.0940,0.0000,2278089036,0.0004,22663,3892.7,,
1791309575,1030.2,16.0081,0.0020,systemd-udevd(83) 0.002,16.0461,0.0360,0.0020,0.0360,0.0000,2278092533,0.0007,22591,3892.7,,
1791309580,1035.2,16.0020,0.0060,systemd-udevd(83) 0.004,16.0300,0.0220,0.0020,0.0380,0.0000,2278095510,0.0006,22674,3892.7,,
1791309585,1040.2,15.9982,0.0020,codex(3395708) 0.002,16.0262,0.0260,0.0020,0.0340,0.0000,2278097663,0.0004,22691,3892.7,,
1791309590,1045.3,16.0113,0.0020,systemd-resolve(296) 0.002,16.0533,0.0400,0.0020,0.0320,0.0000,2278100167,0.0005,22675,3892.7,,
1791309595,1050.3,16.0019,0.0060,systemd-journal(62) 0.002,16.0259,0.0180,0.0060,0.0240,0.0000,2278103373,0.0006,22695,3892.7,,
1791309600,1055.3,16.0252,0.0000,systemd(1) 0.000,16.0472,0.0220,0.0000,0.0280,0.0000,2278106485,0.0006,22546,3892.7,,
1791309605,1060.3,15.9725,0.0000,systemd(1) 0.000,16.0025,0.0300,0.0000,0.0340,0.0000,2278109344,0.0006,22678,3892.7,,
1791309610,1065.3,16.0104,0.0000,systemd(1) 0.000,16.0344,0.0240,0.0000,0.0260,0.0000,2278111069,0.0003,22705,3892.7,,
1791309615,1070.3,16.0016,0.0000,systemd(1) 0.000,16.0316,0.0300,0.0000,0.0320,0.0000,2278113912,0.0006,22680,3892.7,,
1791309620,1075.3,16.0056,0.0000,systemd(1) 0.000,16.0416,0.0360,0.0000,0.0380,0.0000,2278115523,0.0003,22679,3892.7,,
1791309625,1080.3,16.0000,0.0000,systemd(1) 0.000,16.0400,0.0400,0.0000,0.0480,0.0000,2278119181,0.0007,22328,3892.7,0.2734,remoting_host(24796) 0.080
1791309630,1085.3,16.0237,0.0160,systemd-udevd(83) 0.008,16.0857,0.0460,0.0100,0.0880,0.0000,2278121919,0.0005,22715,3892.7,,
1791309635,1090.3,15.9820,0.0040,systemd-udevd(83) 0.002,16.0139,0.0280,0.0040,0.0200,0.0000,2278126121,0.0008,22658,3892.7,,
1791309640,1095.3,16.0090,0.0020,systemd-udevd(83) 0.002,16.0630,0.0520,0.0000,0.0540,0.0000,2278129019,0.0006,22649,3892.7,,
1791309645,1100.3,16.0042,0.0020,ollama(348) 0.002,16.0282,0.0220,0.0020,0.0220,0.0000,2278131327,0.0005,22685,3892.7,,
1791309650,1105.3,15.9999,0.0000,systemd(1) 0.000,16.0459,0.0460,0.0000,0.0560,0.0000,2278133095,0.0004,22594,3892.7,,
1791309655,1110.3,15.9923,0.0020,codex(3395708) 0.002,16.0083,0.0140,0.0020,0.0260,0.0000,2278136146,0.0006,22650,3892.7,,
1791309660,1115.3,16.0197,0.0000,systemd(1) 0.000,16.0437,0.0240,0.0000,0.0280,0.0000,2278139125,0.0006,22723,3892.7,,
1791309665,1120.3,15.9964,0.0000,systemd(1) 0.000,16.0324,0.0360,0.0000,0.0380,0.0000,2278143026,0.0008,22690,3892.7,,
1791309670,1125.3,16.0193,0.0000,systemd(1) 0.000,16.0413,0.0220,0.0000,0.0220,0.0000,2278146439,0.0007,22667,3892.7,,
1791309675,1130.3,15.9923,0.0160,codex(3395708) 0.016,16.0483,0.0400,0.0160,0.0540,0.0000,2278148611,0.0004,22683,3892.7,,
1791309680,1135.3,16.0064,0.0020,python3(3271468) 0.002,16.0324,0.0240,0.0020,0.0280,0.0000,2278151626,0.0006,22682,3892.7,,
1791309685,1140.3,16.0036,0.0000,systemd(1) 0.000,16.0496,0.0460,0.0000,0.0460,0.0000,2278155857,0.0008,22029,3892.7,0.2797,remoting_host(24796) 0.077
1791309690,1145.3,16.0083,0.0200,systemd-udevd(83) 0.010,16.0563,0.0280,0.0120,0.0580,0.0000,2278159373,0.0007,22686,3892.7,,
1791309695,1150.3,15.9964,0.0000,systemd(1) 0.000,16.0244,0.0280,0.0000,0.0240,0.0000,2278162096,0.0005,22686,3892.7,,
1791309700,1155.3,16.0022,0.0020,systemd-udevd(83) 0.002,16.0342,0.0300,0.0000,0.0420,0.0000,2278165457,0.0007,21956,3892.7,,
1791309705,1160.3,16.0143,0.0040,systemd-udevd(83) 0.002,16.0523,0.0340,0.0040,0.0420,0.0000,2278168039,0.0005,22692,3892.7,,
1791309710,1165.3,15.9980,0.0000,systemd(1) 0.000,16.0340,0.0360,0.0000,0.0360,0.0000,2278169423,0.0003,22531,3892.7,,
1791309715,1170.3,16.0003,0.0000,systemd(1) 0.000,16.0383,0.0380,0.0000,0.0400,0.0000,2278172531,0.0006,22686,3892.7,,
1791309720,1175.3,16.0117,0.0000,systemd(1) 0.000,16.0497,0.0380,0.0000,0.0500,0.0000,2278175638,0.0006,22534,3892.7,,
1791309725,1180.3,16.0252,0.0000,systemd(1) 0.000,16.0392,0.0140,0.0000,0.0180,0.0000,2278177525,0.0004,22672,3892.7,,
1791309730,1185.3,15.9765,0.0000,systemd(1) 0.000,16.0105,0.0340,0.0000,0.0380,0.0000,2278179063,0.0003,22726,3892.7,,
1791309735,1190.3,15.9914,0.0000,systemd(1) 0.000,16.0494,0.0580,0.0000,0.0600,0.0000,2278181403,0.0005,22676,3892.7,,
1791309740,1195.3,16.0161,0.0020,codex(3395708) 0.002,16.0341,0.0160,0.0020,0.0200,0.0000,2278184147,0.0005,22698,3892.7,,
1791309745,1200.3,16.0044,0.0000,systemd(1) 0.000,16.0344,0.0300,0.0000,0.0300,0.0000,2278186268,0.0004,22687,3892.7,0.2647,remoting_host(24796) 0.071
1791309750,1205.3,15.9997,0.0120,systemd-udevd(83) 0.008,16.0757,0.0640,0.0060,0.0840,0.0000,2278187732,0.0003,22704,3892.7,,
1791309755,1210.3,16.0186,0.0060,snapd(2489074) 0.004,16.1006,0.0760,0.0060,0.0820,0.0000,2278190752,0.0006,22721,3892.7,,
1791309760,1215.3,15.9918,0.0020,systemd-udevd(83) 0.002,16.0658,0.0720,0.0000,0.0780,0.0000,2278193603,0.0006,22669,3892.7,,
1791309765,1220.3,16.0021,0.0020,ollama(348) 0.002,16.0801,0.0760,0.0020,0.0840,0.0000,2278195412,0.0004,22690,3892.7,,
1791309770,1225.3,16.0120,0.0000,systemd(1) 0.000,16.0960,0.0840,0.0000,0.0900,0.0000,2278197594,0.0004,22671,3892.7,,
1791309775,1230.3,16.0022,0.0020,systemd-journal(62) 0.002,16.0322,0.0280,0.0020,0.0280,0.0000,2278200272,0.0005,22683,3892.7,,
1791309780,1235.3,15.9914,0.0000,systemd(1) 0.000,16.0814,0.0900,0.0000,0.0900,0.0000,2278203508,0.0006,22659,3892.7,,
1791309785,1240.3,16.0277,0.0020,codex(3395708) 0.002,16.0817,0.0520,0.0020,0.0620,0.0000,2278205910,0.0005,22699,3892.7,,
1791309790,1245.3,15.9859,0.0000,systemd(1) 0.000,16.0299,0.0440,0.0000,0.0460,0.0000,2278207811,0.0004,22025,3892.7,,
1791309795,1250.3,16.0176,0.0000,systemd(1) 0.000,16.0436,0.0260,0.0000,0.0340,0.0000,2278210258,0.0005,22705,3892.7,,
1791309800,1255.3,15.9957,0.0000,systemd(1) 0.000,16.0357,0.0400,0.0000,0.0400,0.0000,2278213705,0.0007,22503,3892.7,,
1791309805,1260.3,16.0044,0.0000,systemd(1) 0.000,16.0384,0.0340,0.0000,0.0360,0.0000,2278216061,0.0005,22704,3892.7,0.2757,remoting_host(24796) 0.077
1791309810,1265.3,15.9986,0.0240,systemd-udevd(83) 0.012,16.0686,0.0460,0.0140,0.0780,0.0000,2278217022,0.0002,22549,3892.7,,
1791309815,1270.3,16.0002,0.0020,systemd-udevd(83) 0.002,16.0401,0.0380,0.0020,0.0400,0.0000,2278219266,0.0004,22722,3892.7,,
1791309820,1275.3,16.0039,0.0000,systemd(1) 0.000,16.0439,0.0400,0.0000,0.0360,0.0000,2278221759,0.0005,22761,3892.7,,
1791309825,1280.3,16.0015,0.0000,systemd(1) 0.000,16.0315,0.0300,0.0000,0.0420,0.0000,2278223499,0.0003,22695,3892.7,,
1791309830,1285.3,16.0197,0.0000,systemd(1) 0.000,16.0676,0.0480,0.0000,0.0520,0.0000,2278225218,0.0003,22686,3892.7,,
1791309835,1290.3,15.9929,0.0000,systemd(1) 0.000,16.0389,0.0460,0.0000,0.0480,0.0000,2278227070,0.0004,22684,3892.7,,
1791309840,1295.3,16.0155,0.0000,systemd(1) 0.000,16.0455,0.0300,0.0000,0.0260,0.0000,2278228662,0.0003,22683,3892.7,,
1791309845,1300.3,15.9880,0.0020,codex(3395708) 0.002,16.0320,0.0420,0.0020,0.0560,0.0000,2278231787,0.0006,22694,3892.7,,
1791309850,1305.3,16.0121,0.0000,systemd(1) 0.000,16.0341,0.0220,0.0000,0.0180,0.0000,2278232641,0.0002,22683,3892.7,,
1791309855,1310.3,16.0002,0.0000,systemd(1) 0.000,16.0362,0.0360,0.0000,0.0460,0.0000,2278235212,0.0005,22669,3892.7,,
1791309860,1315.3,15.9942,0.0020,codex(3395708) 0.002,16.0322,0.0360,0.0020,0.0400,0.0000,2278238289,0.0006,22679,3892.7,,
1791309865,1320.3,16.0433,0.0000,systemd(1) 0.000,16.0693,0.0260,0.0000,0.0280,0.0000,2278240143,0.0004,22708,3892.7,0.2731,WindowsTerminal(23300) 0.070
1791309870,1325.3,15.9781,0.0160,systemd-udevd(83) 0.010,16.0341,0.0400,0.0080,0.0560,0.0000,2278242480,0.0005,22703,3892.7,,
1791309875,1330.3,15.9941,0.0060,snapd(2489074) 0.004,16.0401,0.0400,0.0060,0.0540,0.0000,2278245733,0.0007,22692,3892.7,,
1791309880,1335.3,16.0033,0.0000,systemd(1) 0.000,16.0593,0.0560,0.0000,0.0660,0.0000,2278248841,0.0006,22761,3892.7,,
1791309885,1340.3,16.0253,0.0020,ollama(348) 0.002,16.0453,0.0180,0.0020,0.0400,0.0000,2278250420,0.0003,22702,3892.7,,
1791309890,1345.3,15.9879,0.0000,systemd(1) 0.000,16.0219,0.0340,0.0000,0.0160,0.0000,2278251782,0.0003,22778,3892.7,,
1791309895,1350.3,15.9981,0.0000,systemd(1) 0.000,16.0541,0.0560,0.0000,0.0660,0.0000,2278253885,0.0004,22715,3892.7,,
1791309900,1355.3,16.0143,0.0000,systemd(1) 0.000,16.0223,0.0080,0.0000,0.0100,0.0000,2278256251,0.0005,22522,3892.7,,
1791309905,1360.3,16.0019,0.0000,systemd(1) 0.000,16.0359,0.0340,0.0000,0.0400,0.0000,2278258103,0.0004,22710,3892.7,,
1791309910,1365.3,16.0097,0.0000,systemd(1) 0.000,16.0357,0.0260,0.0000,0.0220,0.0000,2278260382,0.0005,22137,3892.7,,
1791309915,1370.3,15.9940,0.0000,systemd(1) 0.000,16.0280,0.0340,0.0000,0.0360,0.0000,2278262494,0.0004,22679,3892.7,,
1791309920,1375.3,16.0058,0.0020,python3(3271468) 0.002,16.0418,0.0340,0.0020,0.0400,0.0000,2278264655,0.0004,22661,3892.7,,
1791309925,1380.3,15.9979,0.0000,systemd(1) 0.000,16.0239,0.0260,0.0000,0.0360,0.0000,2278267053,0.0005,22524,3892.7,0.2753,remoting_host(24796) 0.072
1791309930,1385.3,16.0158,0.0200,systemd-udevd(83) 0.012,16.0678,0.0320,0.0100,0.0540,0.0000,2278269335,0.0005,22657,3892.7,,
1791309935,1390.3,15.9985,0.0020,snapd(2489074) 0.002,16.0325,0.0320,0.0020,0.0380,0.0000,2278271457,0.0004,22672,3892.7,,
1791309940,1395.3,16.0020,0.0040,systemd-udevd(83) 0.004,16.0419,0.0360,0.0020,0.0380,0.0000,2278273713,0.0005,22710,3892.7,,
1791309945,1400.3,16.0319,0.0120,codex(3395708) 0.012,16.0759,0.0320,0.0120,0.0440,0.0000,2278275730,0.0004,22735,3892.7,,
1791309950,1405.3,15.9784,0.0000,systemd(1) 0.000,16.0084,0.0300,0.0000,0.0440,0.0000,2278277680,0.0004,22678,3892.7,,
1791309955,1410.3,15.9979,0.0000,systemd(1) 0.000,16.0479,0.0500,0.0000,0.0500,0.0000,2278280019,0.0005,22522,3892.7,,
1791309960,1415.3,16.0253,0.0020,python3(2713127) 0.002,16.0553,0.0280,0.0020,0.0400,0.0000,2278281077,0.0002,22681,3892.7,,
1791309965,1420.3,15.9899,0.0000,systemd(1) 0.000,16.0079,0.0180,0.0000,0.0160,0.0000,2278283640,0.0005,22063,3892.7,,
1791309970,1425.3,15.9963,0.0000,systemd(1) 0.000,16.0363,0.0400,0.0000,0.0440,0.0000,2278285931,0.0005,22696,3892.7,,
1791309975,1430.3,16.0061,0.0000,systemd(1) 0.000,16.0201,0.0140,0.0000,0.0160,0.0000,2278288217,0.0005,22686,3892.7,,
1791309980,1435.3,16.0120,0.0020,codex(3395708) 0.002,16.0440,0.0300,0.0020,0.0360,0.0000,2278289798,0.0003,22691,3892.7,,
1791309985,1440.3,16.0165,0.0000,systemd(1) 0.000,16.0485,0.0320,0.0000,0.0400,0.0000,2278292801,0.0006,22691,3892.7,0.2868,remoting_host(24796) 0.085
1791309990,1445.3,15.9877,0.0140,systemd-udevd(83) 0.010,16.0477,0.0460,0.0080,0.0520,0.0000,2278295991,0.0006,22680,3892.7,,
1791309995,1450.4,16.0059,0.0000,systemd(1) 0.000,16.0219,0.0160,0.0000,0.0300,0.0000,2278297402,0.0003,22685,3892.7,,
1791310000,1455.4,15.9943,0.0040,init(8) 0.002,16.0343,0.0360,0.0040,0.0420,0.0000,2278299620,0.0004,22540,3892.7,,
1791310005,1460.4,16.0121,0.0020,ollama(348) 0.002,16.0381,0.0240,0.0020,0.0320,0.0000,2278301868,0.0004,22719,3892.7,,
1791310010,1465.4,16.0078,0.0000,systemd(1) 0.000,16.0238,0.0160,0.0000,0.0160,0.0000,2278303747,0.0004,22278,3892.7,,
1791310015,1470.4,15.9937,0.0000,systemd(1) 0.000,16.0276,0.0340,0.0000,0.0300,0.0000,2278306020,0.0005,22679,3892.7,,
1791310020,1475.4,16.0004,0.0000,systemd(1) 0.000,16.0284,0.0280,0.0000,0.0280,0.0000,2278308208,0.0004,22681,3892.7,,
1791310025,1480.4,16.0142,0.0000,systemd(1) 0.000,16.0362,0.0220,0.0000,0.0360,0.0000,2278310306,0.0004,22706,3892.7,,
1791310030,1485.4,16.0076,0.0000,systemd(1) 0.000,16.0316,0.0240,0.0000,0.0280,0.0000,2278312147,0.0004,22679,3892.7,,
1791310035,1490.4,16.0015,0.0000,systemd(1) 0.000,16.0335,0.0320,0.0000,0.0360,0.0000,2278314930,0.0006,22685,3892.7,,
1791310040,1495.4,15.9939,0.0020,python3(3271468) 0.002,16.0359,0.0400,0.0020,0.0440,0.0000,2278316670,0.0003,22688,3892.7,,
1791310045,1500.4,16.0043,0.0000,systemd(1) 0.000,16.0183,0.0140,0.0000,0.0160,0.0000,2278319868,0.0006,22676,3892.7,0.2801,remoting_host(24796) 0.071
1791310050,1505.4,16.0008,0.0260,systemd-udevd(83) 0.018,16.0788,0.0520,0.0140,0.0860,0.0000,2278321439,0.0003,22696,3892.7,,
1791310055,1510.4,16.0081,0.0040,snapd(2489074) 0.002,16.0361,0.0240,0.0040,0.0340,0.0000,2278324310,0.0006,22681,3892.7,,
1791310060,1515.4,16.0018,0.0020,systemd-udevd(83) 0.002,16.0558,0.0520,0.0000,0.0520,0.0000,2278327716,0.0007,22707,3892.7,,
1791310065,1520.4,16.0057,0.0000,systemd(1) 0.000,16.0357,0.0300,0.0000,0.0360,0.0000,2278330646,0.0006,22685,3892.7,,
1791310070,1525.4,16.0022,0.0000,systemd(1) 0.000,16.0302,0.0280,0.0000,0.0280,0.0000,2278332267,0.0003,22633,3892.7,,
1791310075,1530.4,16.0003,0.0040,wsl-pro-service(3502604) 0.004,16.0223,0.0180,0.0040,0.0420,0.0000,2278334210,0.0004,22721,3892.7,,
1791310080,1535.4,16.0019,0.0000,systemd(1) 0.000,16.0379,0.0360,0.0000,0.0200,0.0000,2278337712,0.0007,22680,3892.7,,
1791310085,1540.4,16.0041,0.0000,systemd(1) 0.000,16.0261,0.0220,0.0000,0.0280,0.0000,2278338774,0.0002,22672,3892.7,,
1791310090,1545.4,16.0164,0.0000,systemd(1) 0.000,16.0584,0.0420,0.0000,0.0400,0.0000,2278341267,0.0005,22684,3892.7,,
1791310095,1550.4,15.9978,0.0000,systemd(1) 0.000,16.0258,0.0280,0.0000,0.0460,0.0000,2278343913,0.0005,22541,3892.7,,
1791310100,1555.4,16.0004,0.0040,codex(3395708) 0.004,16.0264,0.0220,0.0040,0.0240,0.0000,2278346927,0.0006,22703,3892.7,,
1791310105,1560.4,16.0039,0.0000,systemd(1) 0.000,16.0399,0.0360,0.0000,0.0340,0.0000,2278350665,0.0007,22686,3892.7,0.2735,remoting_host(24796) 0.072
1791310110,1565.4,15.9965,0.0140,systemd-udevd(83) 0.008,16.0345,0.0240,0.0080,0.0360,0.0000,2278354160,0.0007,22725,3892.7,,
1791310115,1570.4,16.0100,0.0020,systemd-udevd(83) 0.002,16.0439,0.0320,0.0020,0.0500,0.0000,2278356255,0.0004,22682,3892.7,,
1791310120,1575.4,16.0281,0.0080,snapd(2489074) 0.004,16.0761,0.0400,0.0060,0.0460,0.0000,2278358881,0.0005,22691,3892.7,,
1791310125,1580.4,15.9875,0.0020,ollama(348) 0.002,16.0195,0.0300,0.0020,0.0300,0.0000,2278360272,0.0003,22684,3892.7,,
1791310130,1585.4,15.9983,0.0000,systemd(1) 0.000,16.0243,0.0260,0.0000,0.0380,0.0000,2278363119,0.0006,22715,3892.7,,
1791310135,1590.4,16.0076,0.1300,systemd(1) 0.128,16.0416,-0.0960,0.0040,0.0260,0.0000,2278365966,0.0006,22706,3892.7,,
1791310140,1595.4,16.0052,0.0000,systemd(1) 0.000,16.0552,0.0500,0.0000,0.0680,0.0000,2278367657,0.0003,22533,3892.7,,
1791310145,1600.4,15.9999,0.0000,systemd(1) 0.000,16.0159,0.0160,0.0000,0.0120,0.0000,2278369339,0.0003,22691,3892.7,,
1791310150,1605.4,15.9982,0.0000,systemd(1) 0.000,16.0262,0.0280,0.0000,0.0340,0.0000,2278372906,0.0007,22058,3892.7,,
1791310155,1610.4,16.0104,0.0000,systemd(1) 0.000,16.0483,0.0380,0.0000,0.0440,0.0000,2278374823,0.0004,22713,3892.7,,
1791310160,1615.4,16.0081,0.0000,systemd(1) 0.000,16.0360,0.0280,0.0000,0.0240,0.0000,2278376942,0.0004,22703,3892.7,,
1791310165,1620.4,15.9897,0.0000,systemd(1) 0.000,16.0337,0.0440,0.0000,0.0440,0.0000,2278378846,0.0004,22556,3892.7,0.3311,remoting_host(24796) 0.073
1791310170,1625.4,16.0122,0.0160,systemd-udevd(83) 0.012,16.0582,0.0300,0.0060,0.0560,0.0000,2278382944,0.0008,22684,3892.7,,
1791310175,1630.4,15.9924,0.0040,systemd-udevd(83) 0.002,16.0304,0.0340,0.0040,0.0460,0.0000,2278384765,0.0004,22696,3892.7,,
1791310180,1635.4,16.0303,0.0000,systemd(1) 0.000,16.0683,0.0380,0.0000,0.0440,0.0000,2278388158,0.0007,22726,3892.7,,
1791310185,1640.4,15.9960,0.0020,codex(3395708) 0.002,16.0300,0.0320,0.0020,0.0340,0.0000,2278389118,0.0002,22567,3892.7,,
1791310190,1645.4,15.9897,0.0000,systemd(1) 0.000,16.0457,0.0560,0.0000,0.0600,0.0000,2278391065,0.0004,22703,3892.7,,
1791310195,1650.4,16.0230,0.0000,systemd(1) 0.000,16.0350,0.0120,0.0000,0.0180,0.0000,2278394195,0.0006,22678,3892.7,,
1791310200,1655.4,15.9997,0.0000,systemd(1) 0.000,16.0337,0.0340,0.0000,0.0420,0.0000,2278397207,0.0006,22690,3892.7,,
1791310205,1660.4,16.0041,0.0000,systemd(1) 0.000,16.0361,0.0320,0.0000,0.0360,0.0000,2278399742,0.0005,22275,3892.7,,
1791310210,1665.4,16.0075,0.0000,systemd(1) 0.000,16.0335,0.0260,0.0000,0.0340,0.0000,2278401578,0.0004,22721,3892.7,,
1791310215,1670.4,16.0079,0.0080,codex(3395708) 0.008,16.0479,0.0320,0.0080,0.0420,0.0000,2278404389,0.0006,22680,3892.7,,
1791310220,1675.4,15.9880,0.0020,codex(3395708) 0.002,16.0320,0.0420,0.0020,0.0420,0.0000,2278406853,0.0005,22691,3892.7,,
1791310225,1680.4,16.0057,0.0020,codex(3395708) 0.002,16.0457,0.0380,0.0020,0.0420,0.0000,2278409190,0.0005,22719,3892.7,0.2716,remoting_host(24796) 0.076
1791310230,1685.4,16.0124,0.0200,systemd-udevd(83) 0.012,16.0684,0.0360,0.0100,0.0580,0.0000,2278411991,0.0006,22531,3892.7,,
1791310235,1690.4,16.0045,0.0020,systemd-udevd(83) 0.002,16.0244,0.0180,0.0020,0.0280,0.0000,2278414285,0.0005,22705,3892.7,,
1791310240,1695.4,16.0040,0.0020,snapd(2489074) 0.002,16.0559,0.0500,0.0020,0.0540,0.0000,2278416312,0.0004,22695,3892.7,,
1791310245,1700.4,15.9881,0.0020,snapd(2489074) 0.002,16.0321,0.0420,0.0020,0.0380,0.0000,2278418408,0.0004,22713,3892.7,,
1791310250,1705.4,16.0139,0.0000,systemd(1) 0.000,16.0459,0.0320,0.0000,0.0420,0.0000,2278421398,0.0006,22704,3892.7,,
1791310255,1710.4,16.0118,0.0020,codex(3395708) 0.002,16.0398,0.0260,0.0020,0.0380,0.0000,2278423979,0.0005,22521,3892.7,,
1791310260,1715.4,15.9923,0.0000,systemd(1) 0.000,16.0343,0.0420,0.0000,0.0460,0.0000,2278425275,0.0003,22699,3892.7,,
1791310265,1720.4,16.0099,0.0000,systemd(1) 0.000,16.0379,0.0280,0.0000,0.0220,0.0000,2278427192,0.0004,21955,3892.7,,
1791310270,1725.4,16.0020,0.0020,wpa_supplicant(353) 0.002,16.0120,0.0080,0.0020,0.0180,0.0000,2278428826,0.0003,22707,3892.7,,
1791310275,1730.4,16.0057,0.0000,systemd(1) 0.000,16.0457,0.0400,0.0000,0.0420,0.0000,2278430656,0.0004,22677,3892.7,,
1791310280,1735.4,16.0062,0.0000,systemd(1) 0.000,16.0302,0.0240,0.0000,0.0200,0.0000,2278433279,0.0005,22686,3892.7,,
1791310285,1740.4,16.0104,0.0000,systemd(1) 0.000,16.0404,0.0300,0.0000,0.0440,0.0000,2278434210,0.0002,22695,3892.7,0.2756,remoting_host(24796) 0.082
1791310290,1745.4,15.9944,0.0260,systemd-udevd(83) 0.018,16.0644,0.0440,0.0120,0.0780,0.0000,2278436765,0.0005,22515,3892.7,,
1791310295,1750.4,15.9921,0.0020,systemd-udevd(83) 0.002,16.0321,0.0380,0.0020,0.0380,0.0000,2278439169,0.0005,22718,3892.7,,
1791310300,1755.4,16.0425,0.0020,systemd-udevd(83) 0.002,16.0805,0.0360,0.0000,0.0400,0.0000,2278442412,0.0006,22529,3892.7,,
1791310305,1760.4,15.9784,0.0000,systemd(1) 0.000,16.0023,0.0240,0.0000,0.0240,0.0000,2278444674,0.0005,22708,3892.7,,
1791310310,1765.4,15.9939,0.0000,systemd(1) 0.000,16.0298,0.0360,0.0000,0.0380,0.0000,2278447389,0.0005,22506,3892.7,,
1791310315,1770.4,15.9980,0.0000,systemd(1) 0.000,16.0320,0.0340,0.0000,0.0420,0.0000,2278448303,0.0002,22687,3892.7,,
1791310320,1775.4,16.0222,0.0040,python3(2713127) 0.002,16.0502,0.0240,0.0040,0.0300,0.0000,2278450354,0.0004,22523,3892.7,,
1791310325,1780.4,15.9928,0.0000,systemd(1) 0.000,16.0267,0.0340,0.0000,0.0400,0.0000,2278451940,0.0003,22720,3892.7,,
1791310330,1785.4,16.0040,0.0000,systemd(1) 0.000,16.0420,0.0380,0.0000,0.0400,0.0000,2278454905,0.0006,22544,3892.7,,
1791310335,1790.4,16.0180,0.0000,systemd(1) 0.000,16.0320,0.0140,0.0000,0.0300,0.0000,2278457469,0.0005,22682,3892.7,,
1791310340,1795.4,15.9918,0.0000,systemd(1) 0.000,16.0258,0.0340,0.0000,0.0240,0.0000,2278459079,0.0003,22629,3892.7,,
1791310345,1800.4,16.0079,0.0000,systemd(1) 0.000,16.0479,0.0400,0.0000,0.0520,0.0000,2278461356,0.0005,22727,3892.7,0.2562,remoting_host(24796) 0.073
1791310350,1805.4,16.0024,0.0200,systemd-udevd(83) 0.014,16.0764,0.0540,0.0100,0.0620,0.0000,2278463683,0.0005,22688,3892.7,,
1791310355,1810.4,16.0058,0.0020,packagekitd(408651) 0.002,16.0358,0.0280,0.0020,0.0460,0.0000,2278467466,0.0008,22695,3892.7,,
1791310360,1815.4,15.9977,0.0020,snapd(2489074) 0.002,16.0857,0.0860,0.0020,0.0820,0.0000,2278469983,0.0005,22385,3892.7,,
1791310365,1820.4,16.0081,0.0040,ollama(348) 0.004,16.0261,0.0140,0.0040,0.0300,0.0000,2278472245,0.0005,22670,3892.7,,
1791310370,1825.4,16.0040,0.0020,python3(3271468) 0.002,16.0920,0.0860,0.0020,0.0900,0.0000,2278475065,0.0006,22065,3892.7,,
1791310375,1830.4,15.9978,0.0000,systemd(1) 0.000,16.0338,0.0360,0.0000,0.0460,0.0000,2278477116,0.0004,22675,3892.7,,
1791310380,1835.4,16.0098,0.0000,systemd(1) 0.000,16.0518,0.0420,0.0000,0.0440,0.0000,2278479173,0.0004,22003,3892.7,,
1791310385,1840.4,16.0024,0.0020,snapd(2489074) 0.002,16.0264,0.0220,0.0020,0.0240,0.0000,2278482255,0.0006,22704,3892.7,,
1791310390,1845.4,15.9999,0.0000,systemd(1) 0.000,16.0279,0.0280,0.0000,0.0340,0.0000,2278485902,0.0007,22081,3892.7,,
1791310395,1850.4,16.0033,0.0000,systemd(1) 0.000,16.0433,0.0400,0.0000,0.0440,0.0000,2278488918,0.0006,22702,3892.7,,
1791310400,1855.4,16.0078,0.0000,systemd(1) 0.000,16.0378,0.0300,0.0000,0.0200,0.0000,2278491682,0.0006,22372,3892.7,,
1791310405,1860.4,15.9958,0.0000,systemd(1) 0.000,16.0218,0.0260,0.0000,0.0360,0.0000,2278494680,0.0006,22698,3892.7,0.2687,remoting_host(24796) 0.076
1791310410,1865.4,16.0123,0.0260,systemd-udevd(83) 0.018,16.0802,0.0420,0.0120,0.0680,0.0000,2278496870,0.0004,22681,3892.7,,
1791310415,1870.5,16.0037,0.0000,systemd(1) 0.000,16.0357,0.0320,0.0000,0.0380,0.0000,2278498590,0.0003,22666,3892.7,,
1791310420,1875.5,16.0040,0.0040,systemd-udevd(83) 0.002,16.0280,0.0200,0.0020,0.0400,0.0000,2278499859,0.0003,22671,3892.7,,
1791310425,1880.5,15.9982,0.0000,systemd(1) 0.000,16.0282,0.0300,0.0000,0.0280,0.0000,2278502385,0.0005,22718,3892.7,,
1791310430,1885.5,15.9943,0.0000,systemd(1) 0.000,16.0203,0.0260,0.0000,0.0360,0.0000,2278504716,0.0005,22676,3892.7,,
1791310435,1890.5,16.0179,0.0020,codex(3395708) 0.002,16.0479,0.0280,0.0020,0.0320,0.0000,2278508186,0.0007,22709,3892.7,,
1791310440,1895.5,15.9974,0.0000,systemd(1) 0.000,16.0234,0.0260,0.0000,0.0220,0.0000,2278510547,0.0005,22688,3892.7,,
1791310445,1900.5,16.0058,0.0000,systemd(1) 0.000,16.0398,0.0340,0.0000,0.0440,0.0000,2278512585,0.0004,22700,3892.7,,
1791310450,1905.5,16.0017,0.0000,systemd(1) 0.000,16.0277,0.0260,0.0000,0.0280,0.0000,2278514173,0.0003,22687,3892.7,,
1791310455,1910.5,16.0042,0.0000,systemd(1) 0.000,16.0242,0.0200,0.0000,0.0200,0.0000,2278516511,0.0005,22724,3892.7,,
1791310460,1915.5,15.9922,0.0040,python3(3271468) 0.002,16.0262,0.0300,0.0040,0.0340,0.0000,2278518431,0.0004,22689,3892.7,,
1791310465,1920.5,16.0181,0.0000,systemd(1) 0.000,16.0381,0.0200,0.0000,0.0200,0.0000,2278521416,0.0006,22781,3892.7,0.2650,remoting_host(24796) 0.068
1791310470,1925.5,16.0059,0.0180,systemd-udevd(83) 0.012,16.0739,0.0500,0.0100,0.0840,0.0000,2278524270,0.0006,22691,3892.7,,
1791310475,1930.5,15.9944,0.0000,systemd(1) 0.000,16.0264,0.0320,0.0000,0.0300,0.0000,2278526761,0.0005,22723,3892.7,,
1791310480,1935.5,16.0134,0.0040,systemd-udevd(83) 0.004,16.0554,0.0380,0.0000,0.0460,0.0000,2278529212,0.0005,22683,3892.7,,
1791310485,1940.5,16.0118,0.0160,codex(3395708) 0.014,16.0558,0.0280,0.0160,0.0400,0.0000,2278531410,0.0004,22678,3892.7,,
1791310490,1945.5,16.0034,0.0000,systemd(1) 0.000,16.0294,0.0260,0.0000,0.0420,0.0000,2278534529,0.0006,22667,3892.7,,
1791310495,1950.5,15.9975,0.0000,systemd(1) 0.000,16.0435,0.0460,0.0000,0.0420,0.0000,2278536644,0.0004,22710,3892.7,,
1791310500,1955.5,15.9995,0.0000,systemd(1) 0.000,16.0155,0.0160,0.0000,0.0220,0.0000,2278539277,0.0005,22696,3892.7,,
1791310505,1960.5,16.0039,0.0000,systemd(1) 0.000,16.0339,0.0300,0.0000,0.0380,0.0000,2278541600,0.0005,22695,3892.7,,
1791310510,1965.5,16.0094,0.0000,systemd(1) 0.000,16.0534,0.0440,0.0000,0.0460,0.0000,2278543563,0.0004,22674,3892.7,,
1791310515,1970.5,16.0031,0.0000,systemd(1) 0.000,16.0291,0.0260,0.0000,0.0160,0.0000,2278545721,0.0004,22702,3892.7,,
1791310520,1975.5,15.9961,0.0020,codex(3395708) 0.002,16.0300,0.0320,0.0020,0.0400,0.0000,2278547686,0.0004,22677,3892.7,,
1791310525,1980.5,16.0095,0.0000,systemd(1) 0.000,16.0415,0.0320,0.0000,0.0420,0.0000,2278549569,0.0004,22234,3892.7,0.2594,remoting_host(24796) 0.067
1791310530,1985.5,15.9930,0.0280,systemd-udevd(83) 0.012,16.0810,0.0600,0.0200,0.0900,0.0000,2278553030,0.0007,22689,3892.7,,
1791310535,1990.5,16.0183,0.0000,systemd(1) 0.000,16.0463,0.0280,0.0000,0.0260,0.0000,2278556395,0.0007,22694,3892.7,,
1791310540,1995.5,15.9932,0.0040,systemd-udevd(83) 0.004,16.0371,0.0400,0.0020,0.0500,0.0000,2278558356,0.0004,22685,3892.7,,
1791310545,2000.5,16.0005,0.0000,systemd(1) 0.000,16.0345,0.0340,0.0000,0.0320,0.0000,2278561266,0.0006,22722,3892.7,,
1791310550,2005.5,16.0058,0.0000,systemd(1) 0.000,16.0518,0.0460,0.0000,0.0580,0.0000,2278562792,0.0003,22686,3892.7,,
1791310555,2010.5,16.0286,0.0000,systemd(1) 0.000,16.0666,0.0380,0.0000,0.0400,0.0000,2278564573,0.0004,22757,3892.7,,
1791310560,2015.5,15.9820,0.0020,python3(2713127) 0.002,16.0160,0.0320,0.0020,0.0340,0.0000,2278566418,0.0004,22687,3892.7,,
1791310565,2020.5,16.0119,0.0000,systemd(1) 0.000,16.0259,0.0140,0.0000,0.0160,0.0000,2278568569,0.0004,22701,3892.7,,
1791310570,2025.5,16.0016,0.0000,systemd(1) 0.000,16.0376,0.0360,0.0000,0.0480,0.0000,2278571454,0.0006,22723,3892.7,,
1791310575,2030.5,16.0039,0.0020,codex(3395708) 0.002,16.0239,0.0180,0.0020,0.0240,0.0000,2278574625,0.0006,22716,3892.7,,
1791310580,2035.5,15.9978,0.0020,codex(3395708) 0.002,16.0438,0.0440,0.0020,0.0420,0.0000,2278577500,0.0006,22674,3892.7,,
1791310585,2040.5,16.0159,0.0000,systemd(1) 0.000,16.0439,0.0280,0.0000,0.0360,0.0000,2278579516,0.0004,22518,3892.7,0.2768,remoting_host(24796) 0.085
1791310590,2045.5,15.9925,0.0180,systemd-udevd(83) 0.008,16.0725,0.0620,0.0120,0.0880,0.0000,2278581225,0.0003,22668,3892.7,,
1791310595,2050.5,15.9963,0.0000,systemd(1) 0.000,16.0283,0.0320,0.0000,0.0420,0.0000,2278583698,0.0005,22702,3892.7,,
1791310600,2055.5,16.0142,0.0020,systemd-udevd(83) 0.002,16.0522,0.0360,0.0000,0.0300,0.0000,2278586639,0.0006,22670,3892.7,,
1791310605,2060.5,15.9941,0.0020,systemd-udevd(83) 0.002,16.0501,0.0540,0.0020,0.0700,0.0000,2278588365,0.0003,22707,3892.7,,
1791310610,2065.5,16.0000,0.0040,systemd-udevd(83) 0.002,16.0700,0.0660,0.0020,0.0620,0.0000,2278591360,0.0006,21978,3892.7,,
1791310615,2070.5,16.0097,0.0000,systemd(1) 0.000,16.0337,0.0240,0.0000,0.0300,0.0000,2278594696,0.0007,22691,3892.7,,
1791310620,2075.5,16.0020,0.0000,systemd(1) 0.000,16.0420,0.0400,0.0000,0.0380,0.0000,2278597000,0.0005,22553,3892.7,,
1791310625,2080.5,15.9961,0.0040,systemd-journal(62) 0.002,16.0401,0.0400,0.0040,0.0540,0.0000,2278599589,0.0005,22703,3892.7,,
1791310630,2085.5,16.0219,0.0000,systemd(1) 0.000,16.0599,0.0380,0.0000,0.0400,0.0000,2278602102,0.0005,22681,3892.7,,
1791310635,2090.5,15.9959,0.0000,systemd(1) 0.000,16.0339,0.0380,0.0000,0.0340,0.0000,2278605003,0.0006,22698,3892.7,,
1791310640,2095.5,15.9903,0.0000,systemd(1) 0.000,16.0503,0.0600,0.0000,0.0640,0.0000,2278608723,0.0007,22676,3892.7,,
1791310645,2100.5,16.0201,0.0000,systemd(1) 0.000,16.0521,0.0320,0.0000,0.0320,0.0000,2278612022,0.0007,22671,3892.7,0.2864,remoting_host(24796) 0.075
1791310650,2105.5,16.0087,0.0220,systemd-udevd(83) 0.012,16.0787,0.0480,0.0140,0.0800,0.0000,2278614215,0.0004,22704,3892.7,,
1791310655,2110.5,15.9981,0.0000,systemd(1) 0.000,16.0301,0.0320,0.0000,0.0380,0.0000,2278615987,0.0004,22595,3892.7,,
1791310660,2115.5,15.9982,0.0020,systemd-udevd(83) 0.002,16.0402,0.0400,0.0000,0.0400,0.0000,2278618268,0.0005,22696,3892.7,,
1791310665,2120.5,16.0135,0.0040,systemd-udevd(83) 0.002,16.0635,0.0460,0.0040,0.0480,0.0000,2278620013,0.0003,22232,3892.7,,
1791310670,2125.5,16.0043,0.0020,systemd-udevd(83) 0.002,16.0323,0.0260,0.0000,0.0340,0.0000,2278622427,0.0005,22708,3892.7,,
1791310675,2130.5,15.9960,0.0060,python3.10(495) 0.006,16.0400,0.0380,0.0020,0.0500,0.0000,2278626047,0.0007,22230,3892.7,,
1791310680,2135.5,15.9959,0.0020,python3(2713127) 0.002,16.0379,0.0400,0.0020,0.0420,0.0000,2278627838,0.0004,22705,3892.7,,
1791310685,2140.5,16.0098,0.0000,systemd(1) 0.000,16.0498,0.0400,0.0000,0.0420,0.0000,2278631068,0.0006,22535,3892.7,,
1791310690,2145.5,16.0253,0.0000,systemd(1) 0.000,16.0633,0.0380,0.0000,0.0480,0.0000,2278634148,0.0006,22700,3892.7,,
1791310695,2150.5,15.9898,0.0000,systemd(1) 0.000,16.0238,0.0340,0.0000,0.0420,0.0000,2278636931,0.0006,22545,3892.7,,
1791310700,2155.5,15.9980,0.0020,codex(3395708) 0.002,16.0320,0.0320,0.0020,0.0280,0.0000,2278639104,0.0004,22711,3892.7,,
1791310705,2160.5,16.0002,0.0000,systemd(1) 0.000,16.0482,0.0480,0.0000,0.0540,0.0000,2278641375,0.0005,21956,3892.7,0.2880,remoting_host(24796) 0.073
1791310710,2165.5,16.0007,0.0220,systemd-udevd(83) 0.012,16.1027,0.0800,0.0120,0.1040,0.0000,2278642897,0.0003,22687,3892.7,,
1791310715,2170.5,16.0072,0.0000,systemd(1) 0.000,16.0491,0.0420,0.0000,0.0520,0.0000,2278645800,0.0006,22710,3892.7,,
1791310720,2175.5,16.0040,0.0000,systemd(1) 0.000,16.0380,0.0340,0.0000,0.0260,0.0000,2278648446,0.0005,22683,3892.7,,
1791310725,2180.5,15.9963,0.0020,ollama(348) 0.002,16.0363,0.0380,0.0020,0.0420,0.0000,2278651522,0.0006,22682,3892.7,,
1791310730,2185.5,16.0128,0.0040,systemd-udevd(83) 0.004,16.0587,0.0420,0.0000,0.0540,0.0000,2278653246,0.0003,22674,3892.7,,
1791310735,2190.5,15.9978,0.0000,systemd(1) 0.000,16.0378,0.0400,0.0000,0.0380,0.0000,2278656710,0.0007,22682,3892.7,,
1791310740,2195.5,16.0159,0.0000,systemd(1) 0.000,16.0579,0.0420,0.0000,0.0560,0.0000,2278658461,0.0004,22682,3892.7,,
1791310745,2200.5,15.9922,0.0000,systemd(1) 0.000,16.0482,0.0560,0.0000,0.0560,0.0000,2278661545,0.0006,22651,3892.7,,
1791310750,2205.5,16.0058,0.0000,systemd(1) 0.000,16.0298,0.0240,0.0000,0.0200,0.0000,2278664335,0.0006,22737,3892.7,,
1791310755,2210.5,15.9996,0.0080,codex(3395708) 0.008,16.0376,0.0300,0.0080,0.0500,0.0000,2278667300,0.0006,22697,3892.7,,
1791310760,2215.5,16.0121,0.0020,codex(3395708) 0.002,16.0541,0.0400,0.0020,0.0360,0.0000,2278668890,0.0003,22686,3892.7,,
1791310765,2220.5,16.0018,0.0020,codex(3395708) 0.002,16.0298,0.0260,0.0020,0.0360,0.0000,2278672755,0.0008,22276,3892.7,0.3347,remoting_host(24796) 0.079
1791310770,2225.5,16.0046,0.0180,systemd-udevd(83) 0.010,16.0906,0.0680,0.0100,0.0900,0.0000,2278674715,0.0004,22683,3892.7,,
1791310775,2230.5,16.0032,0.0040,systemd-udevd(83) 0.004,16.0872,0.0800,0.0040,0.0900,0.0000,2278677723,0.0006,22683,3892.7,,
1791310780,2235.5,16.0099,0.0040,init(8) 0.002,16.0859,0.0720,0.0020,0.0840,0.0000,2278679974,0.0005,22669,3892.7,,
1791310785,2240.5,15.9978,0.0000,systemd(1) 0.000,16.0577,0.0600,0.0000,0.0640,0.0000,2278683214,0.0006,22713,3892.7,,
1791310790,2245.5,15.9997,0.0000,systemd(1) 0.000,16.0557,0.0560,0.0000,0.0640,0.0000,2278685417,0.0004,22726,3892.7,,
1791310795,2250.5,16.0414,0.0000,systemd(1) 0.000,16.0794,0.0380,0.0000,0.0400,0.0000,2278687394,0.0004,22669,3892.7,,
1791310800,2255.5,15.9659,0.0000,systemd(1) 0.000,16.0259,0.0600,0.0000,0.0620,0.0000,2278689459,0.0004,22682,3892.7,,
1791310805,2260.5,16.0053,0.0000,systemd(1) 0.000,16.0853,0.0800,0.0000,0.0760,0.0000,2278691157,0.0003,22748,3892.7,,
1791310810,2265.5,16.0100,0.0000,systemd(1) 0.000,16.0300,0.0200,0.0000,0.0300,0.0000,2278693224,0.0004,22699,3892.7,,
1791310815,2270.5,16.0021,0.0000,systemd(1) 0.000,16.0641,0.0620,0.0000,0.0640,0.0000,2278695567,0.0005,22801,3892.7,,
1791310820,2275.5,16.0056,0.0020,codex(3395708) 0.002,16.0636,0.0560,0.0020,0.0480,0.0000,2278696830,0.0003,22705,3892.7,,
1791310825,2280.6,15.9935,0.0000,systemd(1) 0.000,16.0195,0.0260,0.0000,0.0300,0.0000,2278699314,0.0005,21939,3892.7,0.2747,remoting_host(24796) 0.080
1791310830,2285.6,16.0066,0.0160,systemd-udevd(83) 0.010,16.0625,0.0400,0.0080,0.0620,0.0000,2278702572,0.0007,22715,3892.7,,
1791310835,2290.6,16.0081,0.0060,systemd-udevd(83) 0.002,16.0521,0.0380,0.0060,0.0480,0.0000,2278705553,0.0006,22736,3892.7,,
1791310840,2295.6,15.9878,0.0020,systemd-udevd(83) 0.002,16.0218,0.0320,0.0000,0.0340,0.0000,2278707616,0.0004,22697,3892.7,,
1791310845,2300.6,16.0219,0.0020,ollama(348) 0.002,16.0439,0.0200,0.0020,0.0340,0.0000,2278710200,0.0005,22724,3892.7,,
1791310850,2305.6,15.9991,0.0020,python3(3271468) 0.002,16.0311,0.0300,0.0020,0.0380,0.0000,2278711944,0.0003,22711,3892.7,,
1791310855,2310.6,15.9998,0.0000,systemd(1) 0.000,16.0318,0.0320,0.0000,0.0300,0.0000,2278715027,0.0006,22553,3892.7,,
1791310860,2315.6,16.0022,0.0000,systemd(1) 0.000,16.0382,0.0360,0.0000,0.0320,0.0000,2278718193,0.0006,22710,3892.7,,
1791310865,2320.6,16.0036,0.0000,systemd(1) 0.000,16.0296,0.0260,0.0000,0.0360,0.0000,2278719651,0.0003,22549,3892.7,,
1791310870,2325.6,15.9999,0.0000,systemd(1) 0.000,16.0259,0.0260,0.0000,0.0300,0.0000,2278722227,0.0005,22683,3892.7,,
1791310875,2330.6,16.0120,0.0000,systemd(1) 0.000,16.0380,0.0260,0.0000,0.0240,0.0000,2278725347,0.0006,22695,3892.7,,
1791310880,2335.6,15.9980,0.0000,systemd(1) 0.000,16.0300,0.0320,0.0000,0.0400,0.0000,2278727091,0.0003,22682,3892.7,,
1791310885,2340.6,16.0041,0.0000,systemd(1) 0.000,16.0241,0.0200,0.0000,0.0300,0.0000,2278730147,0.0006,22692,3892.7,0.2751,remoting_host(24796) 0.072
1791310890,2345.6,15.9998,0.0160,systemd-udevd(83) 0.010,16.0718,0.0560,0.0080,0.0760,0.0000,2278733679,0.0007,22696,3892.7,,
1791310895,2350.6,16.0882,0.0020,snapd(2489074) 0.002,16.1162,0.0260,0.0020,0.0300,0.0000,2278736058,0.0005,22691,3892.7,,
1791310900,2355.6,15.9294,0.0040,systemd-udevd(83) 0.004,15.9674,0.0340,0.0000,0.0380,0.0000,2278738218,0.0004,22543,3892.7,,
1791310905,2360.6,15.9922,0.0000,systemd(1) 0.000,16.0302,0.0380,0.0000,0.0400,0.0000,2278741960,0.0007,22682,3892.7,,
1791310910,2365.6,16.0195,0.0000,systemd(1) 0.000,16.0515,0.0320,0.0000,0.0400,0.0000,2278744042,0.0004,22582,3892.7,,
1791310915,2370.6,15.9924,0.0020,codex(3395708) 0.002,16.0264,0.0320,0.0020,0.0300,0.0000,2278746946,0.0006,22691,3892.7,,
1791310920,2375.6,16.0018,0.0000,systemd(1) 0.000,16.0278,0.0260,0.0000,0.0340,0.0000,2278748885,0.0004,22670,3892.7,,
1791310925,2380.6,16.0140,0.0000,systemd(1) 0.000,16.0580,0.0440,0.0000,0.0440,0.0000,2278751182,0.0005,22717,3892.7,,
1791310930,2385.6,16.0018,0.0000,systemd(1) 0.000,16.0858,0.0840,0.0000,0.0840,0.0000,2278753726,0.0005,22689,3892.7,,
1791310935,2390.6,15.9963,0.0000,systemd(1) 0.000,16.0463,0.0500,0.0000,0.0540,0.0000,2278755709,0.0004,22569,3892.7,,
1791310940,2395.6,16.0122,0.0020,codex(3395708) 0.002,16.0422,0.0280,0.0020,0.0300,0.0000,2278757324,0.0003,22702,3892.7,,
1791310945,2400.6,15.9959,0.0000,systemd(1) 0.000,16.0459,0.0500,0.0000,0.0540,0.0000,2278759146,0.0004,22671,3892.7,0.2771,remoting_host(24796) 0.075
1791310950,2405.6,16.0086,0.0200,systemd-udevd(83) 0.010,16.0566,0.0280,0.0140,0.0480,0.0000,2278760908,0.0004,22741,3892.7,,
1791310955,2410.6,16.0045,0.0020,systemd-udevd(83) 0.002,16.0904,0.0840,0.0020,0.1020,0.0000,2278763216,0.0005,22724,3892.7,,
1791310960,2415.6,15.9981,0.0040,systemd-udevd(83) 0.004,16.0761,0.0740,0.0000,0.0780,0.0000,2278765526,0.0005,22562,3892.7,,
1791310965,2420.6,16.0043,0.0060,systemd-udevd(83) 0.002,16.0642,0.0540,0.0060,0.0580,0.0000,2278767770,0.0004,22710,3892.7,,
1791310970,2425.6,16.0019,0.0020,systemd-udevd(83) 0.002,16.0259,0.0220,0.0000,0.0260,0.0000,2278770840,0.0006,22279,3892.7,,
1791310975,2430.6,16.0155,0.0000,systemd(1) 0.000,16.0435,0.0280,0.0000,0.0320,0.0000,2278772605,0.0004,22683,3892.7,,
1791310980,2435.6,15.9960,0.0000,systemd(1) 0.000,16.0280,0.0320,0.0000,0.0340,0.0000,2278775123,0.0005,22676,3892.7,,
1791310985,2440.6,15.9925,0.0000,systemd(1) 0.000,16.0345,0.0420,0.0000,0.0460,0.0000,2278776890,0.0004,22701,3892.7,,
1791310990,2445.6,16.0041,0.0000,systemd(1) 0.000,16.0581,0.0540,0.0000,0.0580,0.0000,2278779312,0.0005,22731,3892.7,,
1791310995,2450.6,16.0255,0.0000,systemd(1) 0.000,16.0475,0.0220,0.0000,0.0220,0.0000,2278780907,0.0003,22586,3892.7,,
1791311000,2455.6,15.9881,0.0020,codex(3395708) 0.002,16.0141,0.0240,0.0020,0.0340,0.0000,2278782612,0.0003,22709,3892.7,,
1791311005,2460.6,16.0038,0.0000,systemd(1) 0.000,16.0338,0.0300,0.0000,0.0320,0.0000,2278785576,0.0006,22693,3892.7,0.2628,remoting_host(24796) 0.068
1791311010,2465.6,16.0294,0.0120,systemd-udevd(83) 0.008,16.0754,0.0340,0.0040,0.0460,0.0000,2278787293,0.0003,22703,3892.7,,
1791311015,2470.6,15.9779,0.0040,systemd-udevd(83) 0.002,16.0359,0.0540,0.0040,0.0760,0.0000,2278789782,0.0005,22016,3892.7,,
1791311020,2475.6,16.0036,0.0060,init(8) 0.002,16.0356,0.0260,0.0040,0.0260,0.0000,2278791964,0.0004,22678,3892.7,,
1791311025,2480.6,16.0120,0.0100,codex(3395708) 0.010,16.0560,0.0340,0.0100,0.0460,0.0000,2278794407,0.0005,22669,3892.7,,
1791311030,2485.6,16.0041,0.0000,systemd(1) 0.000,16.0341,0.0300,0.0000,0.0380,0.0000,2278796497,0.0004,22696,3892.7,,
1791311035,2490.6,16.0141,0.0040,codex(3395708) 0.004,16.0401,0.0220,0.0040,0.0280,0.0000,2278800446,0.0008,22675,3892.7,,
1791311040,2495.6,15.9914,0.0000,systemd(1) 0.000,16.0234,0.0320,0.0000,0.0360,0.0000,2278802274,0.0004,22709,3892.7,,
1791311045,2500.6,16.0099,0.0000,systemd(1) 0.000,16.0279,0.0180,0.0000,0.0180,0.0000,2278805107,0.0006,22675,3892.7,,
1791311050,2505.6,15.9900,0.0000,systemd(1) 0.000,16.0340,0.0440,0.0000,0.0520,0.0000,2278807089,0.0004,22524,3892.7,,
1791311055,2510.6,16.0004,0.0000,systemd(1) 0.000,16.0284,0.0280,0.0000,0.0340,0.0000,2278809387,0.0005,22664,3892.7,,
1791311060,2515.6,16.0201,0.0000,systemd(1) 0.000,16.0421,0.0220,0.0000,0.0360,0.0000,2278811479,0.0004,22160,3892.7,,
1791311065,2520.6,15.9975,0.0000,systemd(1) 0.000,16.0235,0.0260,0.0000,0.0220,0.0000,2278814147,0.0005,22724,3892.7,0.2665,remoting_host(24796) 0.072
1791311070,2525.6,15.9965,0.0220,systemd-udevd(83) 0.018,16.0505,0.0320,0.0080,0.0520,0.0000,2278815935,0.0004,22670,3892.7,,
1791311075,2530.6,16.0139,0.0000,systemd(1) 0.000,16.0519,0.0380,0.0000,0.0320,0.0000,2278818556,0.0005,22694,3892.7,,
1791311080,2535.6,15.9991,0.0020,systemd-udevd(83) 0.002,16.0431,0.0420,0.0000,0.0600,0.0000,2278820813,0.0005,22665,3892.7,,
1791311085,2540.6,16.0001,0.0040,ollama(348) 0.002,16.0341,0.0300,0.0040,0.0260,0.0000,2278822546,0.0003,22683,3892.7,,
1791311090,2545.6,16.0076,0.0000,systemd(1) 0.000,16.0496,0.0420,0.0000,0.0420,0.0000,2278825290,0.0005,22704,3892.7,,
1791311095,2550.6,16.0017,0.0000,systemd(1) 0.000,16.0257,0.0240,0.0000,0.0440,0.0000,2278826619,0.0003,22534,3892.7,,
1791311100,2555.6,15.9939,0.0020,python3(2713127) 0.002,16.0279,0.0320,0.0020,0.0320,0.0000,2278829424,0.0006,22737,3892.7,,
1791311105,2560.6,16.0160,0.0000,systemd(1) 0.000,16.0400,0.0240,0.0000,0.0280,0.0000,2278831543,0.0004,22612,3892.7,,
1791311110,2565.6,16.0000,0.0000,systemd(1) 0.000,16.0440,0.0440,0.0000,0.0400,0.0000,2278834092,0.0005,22714,3892.7,,
1791311115,2570.6,15.9980,0.0020,codex(3395708) 0.002,16.0360,0.0360,0.0020,0.0420,0.0000,2278835796,0.0003,22575,3892.7,,
1791311120,2575.6,16.0024,0.0000,systemd(1) 0.000,16.0404,0.0380,0.0000,0.0360,0.0000,2278837542,0.0003,22685,3892.7,,
1791311125,2580.6,16.0222,0.0000,systemd(1) 0.000,16.0442,0.0220,0.0000,0.0300,0.0000,2278839288,0.0003,22704,3892.7,0.2721,remoting_host(24796) 0.074
1791311130,2585.6,15.9924,0.0160,systemd-udevd(83) 0.010,16.0564,0.0480,0.0080,0.0820,0.0000,2278840909,0.0003,22710,3892.7,,
1791311135,2590.6,15.9998,0.0060,snapd(2489074) 0.006,16.0298,0.0240,0.0060,0.0240,0.0000,2278843866,0.0006,22732,3892.7,,
1791311140,2595.6,16.0000,0.0040,systemd-udevd(83) 0.004,16.0660,0.0620,0.0020,0.0680,0.0000,2278846621,0.0006,22709,3892.7,,
1791311145,2600.6,16.0058,0.0000,systemd(1) 0.000,16.0298,0.0240,0.0000,0.0280,0.0000,2278849269,0.0005,22686,3892.7,,
1791311150,2605.6,16.0060,0.0040,systemd-journal(62) 0.002,16.0400,0.0300,0.0040,0.0320,0.0000,2278851859,0.0005,22502,3892.7,,
1791311155,2610.6,15.9964,0.0000,systemd(1) 0.000,16.0264,0.0300,0.0000,0.0380,0.0000,2278854195,0.0005,22710,3892.7,,
1791311160,2615.6,16.0066,0.0000,systemd(1) 0.000,16.0506,0.0440,0.0000,0.0400,0.0000,2278855951,0.0004,22137,3892.7,,
1791311165,2620.6,16.0100,0.0000,systemd(1) 0.000,16.0300,0.0200,0.0000,0.0300,0.0000,2278857436,0.0003,22717,3892.7,,
1791311170,2625.6,16.0003,0.0000,systemd(1) 0.000,16.0423,0.0420,0.0000,0.0360,0.0000,2278861186,0.0007,22685,3892.7,,
1791311175,2630.6,15.9977,0.0000,systemd(1) 0.000,16.0417,0.0440,0.0000,0.0480,0.0000,2278864239,0.0006,22692,3892.7,,
1791311180,2635.6,16.0003,0.0040,codex(3395708) 0.004,16.0323,0.0280,0.0040,0.0420,0.0000,2278867219,0.0006,22657,3892.7,,
1791311185,2640.6,16.0023,0.0000,systemd(1) 0.000,16.0343,0.0320,0.0000,0.0320,0.0000,2278869957,0.0005,22524,3892.7,0.2695,remoting_host(24796) 0.067
1791311190,2645.6,16.0126,0.0280,systemd-udevd(83) 0.014,16.0646,0.0240,0.0180,0.0620,0.0000,2278872925,0.0006,22646,3892.7,,
1791311195,2650.6,15.9999,0.0000,systemd(1) 0.000,16.0279,0.0280,0.0000,0.0280,0.0000,2278875536,0.0005,22701,3892.7,,
1791311200,2655.6,16.0120,0.0000,systemd(1) 0.000,16.0460,0.0340,0.0000,0.0380,0.0000,2278877681,0.0004,22676,3892.7,,
1791311205,2660.6,15.9999,0.0040,systemd-udevd(83) 0.002,16.0399,0.0360,0.0020,0.0380,0.0000,2278880589,0.0006,22698,3892.7,,
1791311210,2665.6,15.9979,0.0020,python3(3271468) 0.002,16.0599,0.0600,0.0020,0.0720,0.0000,2278883410,0.0006,22667,3892.7,,
1791311215,2670.6,16.0021,0.0000,systemd(1) 0.000,16.0241,0.0220,0.0000,0.0200,0.0000,2278886321,0.0006,22684,3892.7,,
1791311220,2675.6,16.0142,0.0000,systemd(1) 0.000,16.0342,0.0200,0.0000,0.0320,0.0000,2278889145,0.0006,22676,3892.7,,
1791311225,2680.6,16.0039,0.0000,systemd(1) 0.000,16.0319,0.0280,0.0000,0.0300,0.0000,2278892648,0.0007,22707,3892.7,,
1791311230,2685.6,15.9942,0.0000,systemd(1) 0.000,16.0262,0.0320,0.0000,0.0360,0.0000,2278894437,0.0004,22676,3892.7,,
1791311235,2690.6,16.0057,0.0000,systemd(1) 0.000,16.0397,0.0340,0.0000,0.0240,0.0000,2278897818,0.0007,22692,3892.7,,
1791311240,2695.6,16.0002,0.0020,codex(3395708) 0.002,16.0322,0.0300,0.0020,0.0420,0.0000,2278899965,0.0004,22680,3892.7,,
1791311245,2700.6,15.9999,0.0000,systemd(1) 0.000,16.0559,0.0560,0.0000,0.0560,0.0000,2278900810,0.0002,21980,3892.7,0.2627,remoting_host(24796) 0.070
1791311250,2705.7,16.0580,0.0680,systemd-udevd(83) 0.058,16.1359,0.0100,0.0140,0.0900,0.0000,2278902830,0.0004,22683,3892.7,,
1791311255,2710.7,15.9635,0.0020,snapd(2489074) 0.002,16.0015,0.0360,0.0020,0.0400,0.0000,2278905159,0.0005,22699,3892.7,,
1791311260,2715.7,16.0017,0.0000,systemd(1) 0.000,16.0356,0.0340,0.0000,0.0400,0.0000,2278907830,0.0005,22723,3892.7,,
1791311265,2720.7,16.0080,0.0040,systemd-udevd(83) 0.002,16.0560,0.0440,0.0020,0.0540,0.0000,2278909467,0.0003,22805,3892.7,,
1791311270,2725.7,16.0057,0.0000,systemd(1) 0.000,16.0436,0.0380,0.0000,0.0380,0.0000,2278911854,0.0005,22687,3892.7,,
1791311275,2730.7,16.0106,0.0000,systemd(1) 0.000,16.0646,0.0540,0.0000,0.0600,0.0000,2278913145,0.0003,22623,3892.7,,
1791311280,2735.7,15.9899,0.0000,systemd(1) 0.000,16.0319,0.0420,0.0000,0.0440,0.0000,2278915259,0.0004,22695,3892.7,,
1791311285,2740.7,16.0041,0.0000,systemd(1) 0.000,16.0281,0.0240,0.0000,0.0260,0.0000,2278917482,0.0004,22538,3892.7,,
1791311290,2745.7,15.9983,0.0000,systemd(1) 0.000,16.0343,0.0360,0.0000,0.0360,0.0000,2278919405,0.0004,22710,3892.7,,
1791311295,2750.7,16.0043,0.0040,codex(3395708) 0.004,16.0483,0.0400,0.0040,0.0520,0.0000,2278921621,0.0004,22537,3892.7,,
1791311300,2755.7,16.0119,0.0060,codex(3395708) 0.006,16.0439,0.0260,0.0060,0.0300,0.0000,2278923564,0.0004,22695,3892.7,,
1791311305,2760.7,15.9916,0.0040,codex(3395708) 0.004,16.0376,0.0420,0.0040,0.0440,0.0000,2278927475,0.0008,22700,3892.7,0.2781,remoting_host(24796) 0.080
1791311310,2765.7,16.0028,0.0200,systemd-udevd(83) 0.012,16.0668,0.0440,0.0120,0.0740,0.0000,2278930474,0.0006,22682,3892.7,,
1791311315,2770.7,16.0121,0.0000,systemd(1) 0.000,16.0501,0.0380,0.0000,0.0420,0.0000,2278932503,0.0004,22540,3892.7,,
1791311320,2775.7,16.0122,0.0060,systemd-udevd(83) 0.006,16.0502,0.0320,0.0020,0.0460,0.0000,2278936185,0.0007,22687,3892.7,,
1791311325,2780.7,15.9998,0.0020,ollama(348) 0.002,16.0398,0.0380,0.0020,0.0360,0.0000,2278938835,0.0005,22542,3892.7,,
1791311330,2785.7,15.9994,0.0020,systemd(1) 0.002,16.0394,0.0380,0.0020,0.0540,0.0000,2278940868,0.0004,22707,3892.7,,
1791311335,2790.7,16.0081,0.0080,systemd(1) 0.004,16.1980,0.1820,0.0080,0.1880,0.0000,2278944182,0.0007,22526,3892.7,,
1791311340,2795.7,15.9904,0.0040,systemd-udevd(83) 0.004,16.0384,0.0440,0.0000,0.0560,0.0000,2278946597,0.0005,22685,3892.7,,
1791311345,2800.7,16.0471,0.0020,systemd-journal(62) 0.002,16.0811,0.0320,0.0020,0.0380,0.0000,2278948667,0.0004,22518,3892.7,,
1791311350,2805.7,15.9745,0.0040,systemd-udevd(83) 0.002,16.0064,0.0280,0.0020,0.0300,0.0000,2278949869,0.0002,22694,3892.7,,
1791311355,2810.7,15.9961,0.0000,systemd(1) 0.000,16.0421,0.0460,0.0000,0.0500,0.0000,2278952498,0.0005,22551,3892.7,,
1791311360,2815.7,16.0155,0.0000,systemd(1) 0.000,16.0475,0.0320,0.0000,0.0260,0.0000,2278953977,0.0003,22724,3892.7,,
1791311365,2820.7,15.9979,0.0000,systemd(1) 0.000,16.0219,0.0240,0.0000,0.0260,0.0000,2278955739,0.0004,22672,3892.7,0.3423,remoting_host(24796) 0.077
1791311370,2825.7,16.0045,0.0180,systemd-udevd(83) 0.012,16.0585,0.0360,0.0100,0.0700,0.0000,2278957190,0.0003,22684,3892.7,,
1791311375,2830.7,16.0080,0.0060,snapd(2489074) 0.004,16.0620,0.0480,0.0060,0.0540,0.0000,2278959069,0.0004,22663,3892.7,,
1791311380,2835.7,15.9976,0.0020,systemd-udevd(83) 0.002,16.0416,0.0420,0.0000,0.0560,0.0000,2278960958,0.0004,22669,3892.7,,
1791311385,2840.7,16.0001,0.0000,systemd(1) 0.000,16.0381,0.0380,0.0000,0.0460,0.0000,2278963426,0.0005,22689,3892.7,,
1791311390,2845.7,16.0100,0.0020,python3(3271468) 0.002,16.0340,0.0220,0.0020,0.0180,0.0000,2278965898,0.0005,22691,3892.7,,
1791311395,2850.7,15.9997,0.0000,systemd(1) 0.000,16.0437,0.0440,0.0000,0.0440,0.0000,2278968481,0.0005,22675,3892.7,,
1791311400,2855.7,16.0042,0.0000,systemd(1) 0.000,16.0342,0.0300,0.0000,0.0360,0.0000,2278971850,0.0007,22700,3892.7,,
1791311405,2860.7,16.0082,0.0000,systemd(1) 0.000,16.0282,0.0200,0.0000,0.0240,0.0000,2278974628,0.0006,22660,3892.7,,
1791311410,2865.7,16.0034,0.0000,systemd(1) 0.000,16.0373,0.0340,0.0000,0.0480,0.0000,2278976994,0.0005,22705,3892.7,,
1791311415,2870.7,15.9963,0.0000,systemd(1) 0.000,16.0803,0.0840,0.0000,0.0780,0.0000,2278980109,0.0006,22677,3892.7,,
1791311420,2875.7,16.0120,0.0020,codex(3395708) 0.002,16.0400,0.0260,0.0020,0.0240,0.0000,2278982499,0.0005,22669,3892.7,,
1791311425,2880.7,15.9943,0.0000,systemd(1) 0.000,16.0283,0.0340,0.0000,0.0320,0.0000,2278985330,0.0006,22711,3892.7,0.2787,remoting_host(24796) 0.078
1791311430,2885.7,16.0245,0.0180,systemd-udevd(83) 0.010,16.0765,0.0340,0.0100,0.0760,0.0000,2278988501,0.0006,22515,3892.7,,
1791311435,2890.7,15.9880,0.0000,systemd(1) 0.000,16.0320,0.0440,0.0000,0.0400,0.0000,2278990435,0.0004,22671,3892.7,,
1791311440,2895.7,16.0084,0.0020,systemd-udevd(83) 0.002,16.0244,0.0140,0.0000,0.0220,0.0000,2278992798,0.0005,22677,3892.7,,
1791311445,2900.7,16.0076,0.0080,systemd-udevd(83) 0.006,16.0436,0.0280,0.0040,0.0340,0.0000,2278995843,0.0006,22680,3892.7,,
1791311450,2905.7,15.9977,0.0000,systemd(1) 0.000,16.0296,0.0320,0.0000,0.0380,0.0000,2278997735,0.0004,22148,3892.7,,
1791311455,2910.7,15.9976,0.0000,systemd(1) 0.000,16.0256,0.0280,0.0000,0.0280,0.0000,2279000543,0.0006,22701,3892.7,,
1791311460,2915.7,15.9995,0.0000,systemd(1) 0.000,16.0355,0.0360,0.0000,0.0440,0.0000,2279001861,0.0003,22675,3892.7,,
1791311465,2920.7,16.0005,0.0000,systemd(1) 0.000,16.0344,0.0340,0.0000,0.0380,0.0000,2279004429,0.0005,22701,3892.7,,
1791311470,2925.7,16.0079,0.0000,systemd(1) 0.000,16.0278,0.0200,0.0000,0.0200,0.0000,2279006380,0.0004,22677,3892.7,,
1791311475,2930.7,15.9961,0.0000,systemd(1) 0.000,16.0281,0.0320,0.0000,0.0320,0.0000,2279008318,0.0004,22757,3892.7,,
1791311480,2935.7,16.0082,0.0020,codex(3395708) 0.002,16.0582,0.0480,0.0020,0.0420,0.0000,2279011057,0.0005,22698,3892.7,,
1791311485,2940.7,16.0038,0.0000,systemd(1) 0.000,16.0138,0.0100,0.0000,0.0220,0.0000,2279012785,0.0003,22679,3892.7,0.2813,remoting_host(24796) 0.073
1791311490,2945.7,16.0029,0.0200,systemd-udevd(83) 0.010,16.0689,0.0460,0.0140,0.0760,0.0000,2279014639,0.0004,22699,3892.7,,
1791311495,2950.7,16.0000,0.0060,snapd(2489074) 0.004,16.0520,0.0460,0.0060,0.0600,0.0000,2279017325,0.0005,22533,3892.7,,
1791311500,2955.7,16.0201,0.0020,systemd-udevd(83) 0.002,16.0321,0.0100,0.0000,0.0020,0.0000,2279019723,0.0005,22690,3892.7,,
1791311505,2960.7,15.9938,0.0040,systemd-udevd(83) 0.004,16.0418,0.0440,0.0000,0.0540,0.0000,2279022807,0.0006,22648,3892.7,,
1791311510,2965.7,16.0099,0.0000,systemd(1) 0.000,16.0379,0.0280,0.0000,0.0360,0.0000,2279024341,0.0003,22696,3892.7,,
1791311515,2970.7,16.0059,0.0000,systemd(1) 0.000,16.0259,0.0200,0.0000,0.0200,0.0000,2279026874,0.0005,22331,3892.7,,
1791311520,2975.7,15.9963,0.0000,systemd(1) 0.000,16.0303,0.0340,0.0000,0.0420,0.0000,2279028389,0.0003,22678,3892.7,,
1791311525,2980.7,16.0037,0.0000,systemd(1) 0.000,16.0357,0.0320,0.0000,0.0360,0.0000,2279031716,0.0007,22457,3892.7,,
1791311530,2985.7,15.9971,0.0000,systemd(1) 0.000,16.0311,0.0340,0.0000,0.0360,0.0000,2279034566,0.0006,22679,3892.7,,
1791311535,2990.7,16.0143,0.0020,codex(3395708) 0.002,16.0283,0.0120,0.0020,0.0060,0.0000,2279036614,0.0004,22682,3892.7,,
1791311540,2995.7,15.9958,0.0020,codex(3395708) 0.002,16.0238,0.0260,0.0020,0.0320,0.0000,2279039248,0.0005,22690,3892.7,,
1791311545,3000.7,16.0179,0.0000,systemd(1) 0.000,16.0498,0.0320,0.0000,0.0380,0.0000,2279041718,0.0005,22677,3892.7,0.2811,remoting_host(24796) 0.083
1791311550,3005.7,15.9944,0.0180,systemd-udevd(83) 0.012,16.0524,0.0400,0.0100,0.0700,0.0000,2279044801,0.0006,22519,3892.7,,
1791311555,3010.7,16.0057,0.0040,systemd-udevd(83) 0.004,16.0277,0.0180,0.0040,0.0180,0.0000,2279047096,0.0005,22728,3892.7,,
1791311560,3015.7,15.9983,0.0060,systemd-udevd(83) 0.004,16.0563,0.0520,0.0020,0.0600,0.0000,2279050407,0.0007,22484,3892.7,,
1791311565,3020.7,16.0313,0.0020,ollama(348) 0.002,16.0513,0.0180,0.0020,0.0260,0.0000,2279053704,0.0007,22697,3892.7,,
1791311570,3025.7,15.9801,0.0100,codex(3395708) 0.010,16.0421,0.0520,0.0100,0.0700,0.0000,2279056183,0.0005,22679,3892.7,,
1791311575,3030.7,15.9961,0.0020,codex(3395708) 0.002,16.0321,0.0340,0.0020,0.0340,0.0000,2279058016,0.0004,22677,3892.7,,
1791311580,3035.7,16.0175,0.0000,systemd(1) 0.000,16.0475,0.0300,0.0000,0.0360,0.0000,2279059781,0.0004,22677,3892.7,,
1791311585,3040.7,16.0042,0.0000,systemd(1) 0.000,16.0421,0.0380,0.0000,0.0500,0.0000,2279061977,0.0004,22694,3892.7,,
1791311590,3045.7,15.9898,0.0000,systemd(1) 0.000,16.0118,0.0220,0.0000,0.0180,0.0000,2279063779,0.0004,22676,3892.7,,
1791311595,3050.7,16.0218,0.0000,systemd(1) 0.000,16.0398,0.0180,0.0000,0.0280,0.0000,2279066242,0.0005,22748,3892.7,,
1791311600,3055.7,15.9878,0.0020,codex(3395708) 0.002,16.0358,0.0460,0.0020,0.0420,0.0000,2279068156,0.0004,22704,3892.7,,
1791311605,3060.7,16.0177,0.0000,systemd(1) 0.000,16.0337,0.0160,0.0000,0.0300,0.0000,2279070767,0.0005,22650,3892.7,0.2868,remoting_host(24796) 0.077
1791311610,3065.7,15.9939,0.0140,systemd-udevd(83) 0.008,16.0419,0.0340,0.0080,0.0380,0.0000,2279072570,0.0004,22675,3892.7,,
1791311615,3070.7,16.0061,0.0000,systemd(1) 0.000,16.0501,0.0440,0.0000,0.0480,0.0000,2279075623,0.0006,21945,3892.7,,
1791311620,3075.7,16.0043,0.0060,snapd(2489074) 0.004,16.0323,0.0220,0.0040,0.0320,0.0000,2279077669,0.0004,22727,3892.7,,
1791311625,3080.7,15.9942,0.0000,systemd(1) 0.000,16.0282,0.0340,0.0000,0.0380,0.0000,2279080367,0.0005,22682,3892.7,,
1791311630,3085.7,16.0121,0.0020,python3(3271468) 0.002,16.0421,0.0280,0.0020,0.0340,0.0000,2279082560,0.0004,22675,3892.7,,
1791311636,3090.7,16.0019,0.0000,systemd(1) 0.000,16.0259,0.0240,0.0000,0.0200,0.0000,2279085672,0.0006,22675,3892.7,,
1791311641,3095.7,15.9938,0.0020,wsl-pro-service(3505252) 0.002,16.0358,0.0400,0.0020,0.0400,0.0000,2279088576,0.0006,22713,3892.7,,
1791311646,3100.7,16.0156,0.0000,systemd(1) 0.000,16.0476,0.0320,0.0000,0.0460,0.0000,2279091471,0.0006,22709,3892.7,,
1791311651,3105.7,16.0040,0.0000,systemd(1) 0.000,16.0279,0.0240,0.0000,0.0200,0.0000,2279093107,0.0003,22528,3892.7,,
1791311656,3110.7,16.0020,0.0000,systemd(1) 0.000,16.0260,0.0240,0.0000,0.0320,0.0000,2279096148,0.0006,22705,3892.7,,
1791311661,3115.7,16.0034,0.0020,codex(3395708) 0.002,16.0494,0.0440,0.0020,0.0400,0.0000,2279099221,0.0006,22441,3892.7,,
1791311666,3120.8,16.0024,0.0000,systemd(1) 0.000,16.0304,0.0280,0.0000,0.0400,0.0000,2279102345,0.0006,22704,3892.7,0.2851,remoting_host(24796) 0.082
1791311671,3125.8,16.0068,0.0180,systemd-udevd(83) 0.012,16.0687,0.0440,0.0100,0.0640,0.0000,2279104780,0.0005,22657,3892.7,,
1791311676,3130.8,15.9962,0.0000,systemd(1) 0.000,16.0402,0.0440,0.0000,0.0440,0.0000,2279106820,0.0004,22672,3892.7,,
1791311681,3135.8,16.0093,0.0060,systemd-udevd(83) 0.004,16.0393,0.0240,0.0040,0.0440,0.0000,2279108523,0.0003,22668,3892.7,,
1791311686,3140.8,15.9964,0.0000,systemd(1) 0.000,16.0264,0.0300,0.0000,0.0340,0.0000,2279109745,0.0002,22677,3892.7,,
1791311691,3145.8,15.9999,0.0040,systemd(1) 0.002,16.0499,0.0460,0.0040,0.0480,0.0000,2279112430,0.0005,22689,3892.7,,
1791311696,3150.8,15.9964,0.0000,systemd(1) 0.000,16.0304,0.0340,0.0000,0.0320,0.0000,2279114780,0.0005,22437,3892.7,,
1791311701,3155.8,16.0101,0.0020,python3(2713127) 0.002,16.0321,0.0200,0.0020,0.0260,0.0000,2279117581,0.0006,22710,3892.7,,
1791311706,3160.8,16.0044,0.0000,systemd(1) 0.000,16.0324,0.0280,0.0000,0.0300,0.0000,2279119270,0.0003,22681,3892.7,,
1791311711,3165.8,16.0003,0.0000,systemd(1) 0.000,16.0363,0.0360,0.0000,0.0500,0.0000,2279121233,0.0004,22678,3892.7,,
1791311716,3170.8,16.0099,0.0040,codex(1145439) 0.002,16.0339,0.0200,0.0040,0.0220,0.0000,2279123987,0.0006,22698,3892.7,,
1791311721,3175.8,15.9980,0.0020,codex(3395708) 0.002,16.0359,0.0360,0.0020,0.0380,0.0000,2279126155,0.0004,22516,3892.7,,
1791311726,3180.8,16.0062,0.0000,systemd(1) 0.000,16.0222,0.0160,0.0000,0.0200,0.0000,2279128178,0.0004,22693,3892.7,0.2815,remoting_host(24796) 0.079
1791311731,3185.8,15.9981,0.0180,systemd-udevd(83) 0.010,16.0781,0.0620,0.0100,0.0840,0.0000,2279130257,0.0004,22664,3892.7,,
1791311736,3190.8,16.0099,0.0020,snapd(2489074) 0.002,16.0359,0.0240,0.0020,0.0240,0.0000,2279131932,0.0003,22705,3892.7,,
1791311741,3195.8,16.0041,0.0040,systemd-udevd(83) 0.004,16.0341,0.0260,0.0020,0.0380,0.0000,2279133286,0.0003,22692,3892.7,,
1791311746,3200.8,16.0020,0.0000,systemd(1) 0.000,16.0440,0.0420,0.0000,0.0480,0.0000,2279136305,0.0006,22512,3892.7,,
1791311751,3205.8,16.0004,0.0000,systemd(1) 0.000,16.0164,0.0160,0.0000,0.0180,0.0000,2279138692,0.0005,22697,3892.7,,
1791311756,3210.8,16.0084,0.0000,systemd(1) 0.000,16.0364,0.0280,0.0000,0.0340,0.0000,2279141923,0.0006,22689,3892.7,,
1791311761,3215.8,16.0023,0.0000,systemd(1) 0.000,16.0283,0.0260,0.0000,0.0300,0.0000,2279143965,0.0004,22682,3892.7,,
1791311766,3220.8,16.0024,0.0000,systemd(1) 0.000,16.0284,0.0260,0.0000,0.0200,0.0000,2279146690,0.0005,22686,3892.7,,
1791311771,3225.8,16.0038,0.0000,systemd(1) 0.000,16.0378,0.0340,0.0000,0.0400,0.0000,2279147928,0.0002,22501,3892.7,,
1791311776,3230.8,16.0001,0.0000,systemd(1) 0.000,16.0281,0.0280,0.0000,0.0360,0.0000,2279151141,0.0006,22697,3892.7,,
1791311781,3235.8,16.0154,0.0020,codex(3395708) 0.002,16.0354,0.0180,0.0020,0.0200,0.0000,2279152685,0.0003,22678,3892.7,,
1791311786,3240.8,16.0022,0.0000,systemd(1) 0.000,16.0342,0.0320,0.0000,0.0320,0.0000,2279155493,0.0006,21960,3892.7,0.2674,remoting_host(24796) 0.067
1791311791,3245.8,16.0073,0.0200,systemd-udevd(83) 0.010,16.0792,0.0520,0.0120,0.0700,0.0000,2279158650,0.0006,22695,3892.7,,
1791311796,3250.8,15.9959,0.0000,systemd(1) 0.000,16.0639,0.0680,0.0000,0.0700,0.0000,2279160711,0.0004,22537,3892.7,,
1791311801,3255.8,15.9920,0.0020,systemd-udevd(83) 0.002,16.0120,0.0180,0.0000,0.0300,0.0000,2279162973,0.0005,22687,3892.7,,
1791311806,3260.8,16.0622,0.0100,systemd-udevd(83) 0.006,16.1002,0.0280,0.0060,0.0500,0.0000,2279164925,0.0004,22664,3892.7,,
1791311811,3265.8,15.9561,0.0020,python3(3271468) 0.002,15.9941,0.0360,0.0020,0.0400,0.0000,2279167820,0.0006,22715,3892.7,,
1791311816,3270.8,16.0074,0.0000,systemd(1) 0.000,16.0493,0.0420,0.0000,0.0400,0.0000,2279170347,0.0005,22717,3892.7,,
1791311821,3275.8,16.0017,0.0020,wsl-pro-service(3505252) 0.002,16.0557,0.0520,0.0020,0.0500,0.0000,2279172627,0.0005,22540,3892.7,,
1791311826,3280.8,16.0103,0.0000,systemd(1) 0.000,16.0163,0.0060,0.0000,0.0100,0.0000,2279175944,0.0007,22683,3892.7,,
1791311831,3285.8,16.0096,0.0000,systemd(1) 0.000,16.0436,0.0340,0.0000,0.0460,0.0000,2279176714,0.0002,22680,3892.7,,
1791311836,3290.8,15.9896,0.0000,systemd(1) 0.000,16.0335,0.0440,0.0000,0.0480,0.0000,2279178727,0.0004,22688,3892.7,,
1791311841,3295.8,16.0023,0.0100,codex(3395708) 0.010,16.0522,0.0400,0.0100,0.0520,0.0000,2279181600,0.0006,22698,3892.7,,
1791311846,3300.8,16.0040,0.0080,codex(3395708) 0.006,16.0380,0.0260,0.0080,0.0340,0.0000,2279184791,0.0006,22673,3892.7,0.2783,remoting_host(24796) 0.076
1791311851,3305.8,16.0042,0.0140,systemd-udevd(83) 0.008,16.0642,0.0460,0.0080,0.0720,0.0000,2279188115,0.0007,22690,3892.7,,
1791311856,3310.8,16.0119,0.0000,systemd(1) 0.000,16.0458,0.0340,0.0000,0.0300,0.0000,2279191188,0.0006,22672,3892.7,,
1791311861,3315.8,15.9959,0.0020,systemd-udevd(83) 0.002,16.0279,0.0300,0.0000,0.0420,0.0000,2279194250,0.0006,22692,3892.7,,
1791311866,3320.8,16.0038,0.0000,systemd(1) 0.000,16.0378,0.0340,0.0000,0.0380,0.0000,2279197174,0.0006,22657,3892.7,,
1791311871,3325.8,16.0020,0.0000,systemd(1) 0.000,16.0520,0.0500,0.0000,0.0480,0.0000,2279199753,0.0005,22612,3892.7,,
1791311876,3330.8,16.0060,0.0000,systemd(1) 0.000,16.0440,0.0380,0.0000,0.0400,0.0000,2279201802,0.0004,22696,3892.7,,
1791311881,3335.8,16.0019,0.0000,systemd(1) 0.000,16.0259,0.0240,0.0000,0.0240,0.0000,2279203242,0.0003,22681,3892.7,,
1791311886,3340.8,16.0158,0.0000,systemd(1) 0.000,16.0358,0.0200,0.0000,0.0260,0.0000,2279205026,0.0004,22737,3892.7,,
1791311891,3345.8,15.9957,0.0000,systemd(1) 0.000,16.0477,0.0520,0.0000,0.0540,0.0000,2279208545,0.0007,22696,3892.7,,
1791311896,3350.8,16.0019,0.0000,systemd(1) 0.000,16.0238,0.0220,0.0000,0.0280,0.0000,2279211515,0.0006,22666,3892.7,,
1791311901,3355.8,15.9981,0.0020,codex(3395708) 0.002,16.0341,0.0340,0.0020,0.0440,0.0000,2279212646,0.0002,22675,3892.7,,
1791311906,3360.8,16.0035,0.0000,systemd(1) 0.000,16.0555,0.0520,0.0000,0.0420,0.0000,2279214568,0.0004,22677,3892.7,0.2670,WindowsTerminal(23300) 0.071
1791311911,3365.8,16.0109,0.0220,systemd-udevd(83) 0.012,16.0709,0.0380,0.0120,0.0700,0.0000,2279217012,0.0005,22685,3892.7,,
1791311916,3370.8,16.0036,0.0040,systemd-udevd(83) 0.002,16.0555,0.0480,0.0040,0.0520,0.0000,2279218827,0.0004,22687,3892.7,,
1791311921,3375.8,16.0055,0.0020,systemd-udevd(83) 0.002,16.0435,0.0360,0.0000,0.0400,0.0000,2279221416,0.0005,22503,3892.7,,
1791311926,3380.8,15.9960,0.0100,systemd-udevd(83) 0.004,16.0380,0.0320,0.0080,0.0460,0.0000,2279223553,0.0004,22666,3892.7,,
1791311931,3385.8,16.0229,0.0040,systemd-logind(352) 0.002,16.0549,0.0280,0.0040,0.0400,0.0000,2279226129,0.0005,22659,3892.7,,
1791311936,3390.8,15.9903,0.0000,systemd(1) 0.000,16.0103,0.0200,0.0000,0.0260,0.0000,2279228763,0.0005,22685,3892.7,,
1791311941,3395.8,15.9999,0.0040,systemd-journal(62) 0.002,16.0259,0.0220,0.0040,0.0220,0.0000,2279230908,0.0004,22704,3892.7,,
1791311946,3400.8,15.9962,0.0000,systemd(1) 0.000,16.0402,0.0440,0.0000,0.0480,0.0000,2279232523,0.0003,22513,3892.7,,
1791311951,3405.8,16.0004,0.0000,systemd(1) 0.000,16.0304,0.0300,0.0000,0.0420,0.0000,2279234187,0.0003,22705,3892.7,,
1791311956,3410.8,16.0215,0.0000,systemd(1) 0.000,16.0435,0.0220,0.0000,0.0220,0.0000,2279235591,0.0003,22684,3892.7,,
1791311961,3415.8,15.9924,0.0000,systemd(1) 0.000,16.0224,0.0300,0.0000,0.0320,0.0000,2279237534,0.0004,22683,3892.7,,
1791311966,3420.8,16.0082,0.0000,systemd(1) 0.000,16.0282,0.0200,0.0000,0.0280,0.0000,2279239901,0.0005,22672,3892.7,0.3487,msedgewebview2(17516) 0.073
1791311971,3425.8,16.0041,0.0180,systemd-udevd(83) 0.012,16.0741,0.0520,0.0080,0.0740,0.0000,2279242847,0.0006,22527,3892.7,,
1791311976,3430.8,16.0236,0.0060,systemd-udevd(83) 0.002,16.0496,0.0200,0.0060,0.0340,0.0000,2279246963,0.0008,22682,3892.7,,
1791311981,3435.8,15.9879,0.0020,systemd-udevd(83) 0.002,16.0379,0.0480,0.0000,0.0460,0.0000,2279249706,0.0005,22691,3892.7,,
1791311986,3440.8,16.0058,0.0000,systemd(1) 0.000,16.0298,0.0240,0.0000,0.0360,0.0000,2279251583,0.0004,22694,3892.7,,
1791311991,3445.8,16.0003,0.0040,systemd(1) 0.002,16.0323,0.0280,0.0040,0.0240,0.0000,2279253512,0.0004,22686,3892.7,,
1791311996,3450.8,15.9980,0.0000,systemd(1) 0.000,16.0220,0.0240,0.0000,0.0340,0.0000,2279256541,0.0006,22510,3892.7,,
1791312001,3455.8,16.0158,0.1300,systemd(1) 0.126,16.0538,-0.0920,0.0040,0.0400,0.0000,2279259076,0.0005,22693,3892.7,,
1791312006,3460.8,15.9923,0.0000,systemd(1) 0.000,16.0263,0.0340,0.0000,0.0280,0.0000,2279260958,0.0004,22689,3892.7,,
1791312011,3465.8,16.0158,0.0000,systemd(1) 0.000,16.0418,0.0260,0.0000,0.0300,0.0000,2279262918,0.0004,22718,3892.7,,
1791312016,3470.8,15.9863,0.0000,systemd(1) 0.000,16.0103,0.0240,0.0000,0.0300,0.0000,2279265703,0.0006,22737,3892.7,,
1791312021,3475.8,16.0161,0.0000,systemd(1) 0.000,16.0401,0.0240,0.0000,0.0300,0.0000,2279268281,0.0005,22583,3892.7,,
1791312026,3480.8,15.9900,0.0020,packagekitd(408651) 0.002,16.0260,0.0340,0.0020,0.0340,0.0000,2279269652,0.0003,22718,3892.7,0.2810,remoting_host(24796) 0.081
1791312031,3485.8,16.0530,0.0160,systemd-udevd(83) 0.008,16.0950,0.0260,0.0100,0.0560,0.0000,2279271574,0.0004,22673,3892.7,,
1791312036,3490.8,15.9621,0.0060,snapd(2489074) 0.004,16.0161,0.0480,0.0060,0.0500,0.0000,2279273735,0.0004,22699,3892.7,,
1791312041,3495.8,16.0023,0.0040,systemd-udevd(83) 0.004,16.0483,0.0420,0.0000,0.0520,0.0000,2279276811,0.0006,22699,3892.7,,
1791312046,3500.8,16.0079,0.0020,codex(3395708) 0.002,16.0319,0.0220,0.0020,0.0200,0.0000,2279278868,0.0004,22587,3892.7,,
1791312051,3505.8,15.9942,0.0000,systemd(1) 0.000,16.0362,0.0420,0.0000,0.0560,0.0000,2279282029,0.0006,22728,3892.7,,
1791312056,3510.8,16.0115,0.0000,systemd(1) 0.000,16.0475,0.0360,0.0000,0.0340,0.0000,2279285004,0.0006,22681,3892.7,,
1791312061,3515.8,16.0021,0.0000,systemd(1) 0.000,16.0401,0.0380,0.0000,0.0400,0.0000,2279286466,0.0003,22711,3892.7,,
1791312066,3520.8,15.9964,0.0000,systemd(1) 0.000,16.0284,0.0320,0.0000,0.0340,0.0000,2279289132,0.0005,22692,3892.7,,
1791312071,3525.8,16.0178,0.0000,systemd(1) 0.000,16.0458,0.0280,0.0000,0.0340,0.0000,2279290778,0.0003,22548,3892.7,,
1791312076,3530.8,15.9940,0.0000,systemd(1) 0.000,16.0300,0.0360,0.0000,0.0360,0.0000,2279293073,0.0005,22712,3892.7,,
1791312081,3535.8,16.0271,0.0020,codex(3395708) 0.002,16.0531,0.0240,0.0020,0.0300,0.0000,2279295250,0.0004,22685,3892.7,,
1791312086,3540.9,15.9876,0.0000,systemd(1) 0.000,16.0156,0.0280,0.0000,0.0320,0.0000,2279297243,0.0004,22451,3892.7,0.2787,remoting_host(24796) 0.079
1791312091,3545.9,16.0027,0.0140,systemd-udevd(83) 0.008,16.0627,0.0460,0.0080,0.0640,0.0000,2279300711,0.0007,22653,3892.7,,
1791312096,3550.9,16.0018,0.0000,systemd(1) 0.000,16.0258,0.0240,0.0000,0.0300,0.0000,2279302909,0.0004,22529,3892.7,,
1791312101,3555.9,15.9981,0.1580,codex(1145439) 0.148,16.2300,0.0740,0.0440,0.2379,0.0000,2279306179,0.0007,22682,3892.7,,
1791312106,3560.9,16.0079,0.0020,codex(3395708) 0.002,16.0298,0.0200,0.0020,0.0200,0.0000,2279307882,0.0003,22672,3892.7,,
1791312111,3565.9,15.9999,0.0120,codex(3395708) 0.012,16.0419,0.0300,0.0120,0.0480,0.0000,2279311275,0.0007,22676,3892.7,,
1791312116,3570.9,16.0039,0.0040,codex(3395708) 0.004,16.0279,0.0200,0.0040,0.0200,0.0000,2279314080,0.0006,22697,3892.7,,
1791312121,3575.9,16.0187,0.0000,systemd(1) 0.000,16.0487,0.0300,0.0000,0.0380,0.0000,2279316691,0.0005,22393,3892.7,,
1791312126,3580.9,15.9955,0.0000,systemd(1) 0.000,16.0235,0.0280,0.0000,0.0240,0.0000,2279319291,0.0005,22704,3892.7,,
1791312131,3585.9,15.9979,0.0000,systemd(1) 0.000,16.0479,0.0500,0.0000,0.0540,0.0000,2279320927,0.0003,22694,3892.7,,
1791312136,3590.9,16.0099,0.0000,systemd(1) 0.000,16.0219,0.0120,0.0000,0.0140,0.0000,2279322249,0.0003,22757,3892.7,,
1791312141,3595.9,16.0043,0.0000,systemd(1) 0.000,16.0383,0.0340,0.0000,0.0380,0.0000,2279324305,0.0004,22713,3892.7,,
1791312146,3600.9,15.9977,0.0000,systemd(1) 0.000,16.0257,0.0280,0.0000,0.0360,0.0000,2279326200,0.0004,22690,3892.7,0.2588,remoting_host(24796) 0.069
1791312151,3605.9,16.0074,0.0120,systemd-udevd(83) 0.006,16.0714,0.0520,0.0080,0.0600,0.0000,2279328504,0.0005,22705,3892.7,,
1791312156,3610.9,16.0023,0.0040,systemd-udevd(83) 0.002,16.0343,0.0280,0.0040,0.0460,0.0000,2279331404,0.0006,22698,3892.7,,
1791312161,3615.9,16.0084,0.0040,systemd-udevd(83) 0.004,16.0484,0.0360,0.0000,0.0320,0.0000,2279333660,0.0005,22772,3892.7,,
1791312166,3620.9,15.9921,0.0060,ollama(348) 0.004,16.0261,0.0280,0.0060,0.0440,0.0000,2279336186,0.0005,22714,3892.7,,
1791312171,3625.9,16.0146,0.0000,systemd(1) 0.000,16.0426,0.0280,0.0000,0.0260,0.0000,2279340219,0.0008,22258,3892.7,,
1791312176,3630.9,16.0039,0.0000,systemd(1) 0.000,16.0199,0.0160,0.0000,0.0260,0.0000,2279343489,0.0007,22702,3892.7,,
1791312181,3635.9,16.0114,0.0000,systemd(1) 0.000,16.0294,0.0180,0.0000,0.0180,0.0000,2279346391,0.0006,22682,3892.7,,
1791312186,3640.9,15.9861,0.0000,systemd(1) 0.000,16.0281,0.0420,0.0000,0.0400,0.0000,2279348835,0.0005,22754,3892.7,,
1791312191,3645.9,16.0201,0.0000,systemd(1) 0.000,16.0201,0.0000,0.0000,0.0120,0.0000,2279350148,0.0003,22678,3892.7,,
1791312196,3650.9,15.9821,0.0000,systemd(1) 0.000,16.0361,0.0540,0.0000,0.0560,0.0000,2279353316,0.0006,22197,3892.7,,
1791312201,3655.9,16.0197,0.0000,systemd(1) 0.000,16.0417,0.0220,0.0000,0.0200,0.0000,2279355354,0.0004,22698,3892.7,,
1791312206,3660.9,15.9924,0.0020,codex(3395708) 0.002,16.0244,0.0300,0.0020,0.0360,0.0000,2279356636,0.0003,22691,3892.7,0.3470,remoting_host(24796) 0.077
1791312211,3665.9,16.0132,0.0240,systemd-udevd(83) 0.016,16.0552,0.0180,0.0120,0.0440,0.0000,2279358249,0.0003,22694,3892.7,,
1791312216,3670.9,15.9999,0.0000,systemd(1) 0.000,16.0359,0.0360,0.0000,0.0460,0.0000,2279361114,0.0006,22680,3892.7,,
1791312221,3675.9,16.0079,0.0040,systemd-udevd(83) 0.004,16.0419,0.0300,0.0020,0.0460,0.0000,2279362278,0.0002,22526,3892.7,,
1791312226,3680.9,16.0040,0.0020,systemd-udevd(83) 0.002,16.0360,0.0300,0.0000,0.0200,0.0000,2279364011,0.0003,22699,3892.7,,
1791312231,3685.9,15.9960,0.0000,systemd(1) 0.000,16.0400,0.0440,0.0000,0.0520,0.0000,2279365896,0.0004,22696,3892.7,,
1791312236,3690.9,16.0118,0.0000,systemd(1) 0.000,16.0418,0.0300,0.0000,0.0360,0.0000,2279369423,0.0007,22690,3892.7,,
1791312241,3695.9,16.0019,0.0000,systemd(1) 0.000,16.0259,0.0240,0.0000,0.0180,0.0000,2279370312,0.0002,22725,3892.7,,
1791312246,3700.9,16.0022,0.0000,systemd(1) 0.000,16.0282,0.0260,0.0000,0.0420,0.0000,2279373027,0.0005,22532,3892.7,,
1791312251,3705.9,15.9978,0.0000,systemd(1) 0.000,16.0278,0.0300,0.0000,0.0320,0.0000,2279374752,0.0003,22707,3892.7,,
1791312256,3710.9,16.0100,0.0000,systemd(1) 0.000,16.0320,0.0220,0.0000,0.0180,0.0000,2279376894,0.0004,22668,3892.7,,
1791312261,3715.9,16.0001,0.0000,systemd(1) 0.000,16.0321,0.0320,0.0000,0.0340,0.0000,2279378734,0.0004,22722,3892.7,,
1791312266,3720.9,16.0003,0.0000,systemd(1) 0.000,16.0303,0.0300,0.0000,0.0260,0.0000,2279381733,0.0006,22718,3892.7,0.2913,remoting_host(24796) 0.080
1791312271,3725.9,16.0021,0.0160,systemd-udevd(83) 0.008,16.0521,0.0340,0.0100,0.0680,0.0000,2279385983,0.0008,22544,3892.7,,
1791312276,3730.9,16.0159,0.0020,python3(2713127) 0.002,16.0359,0.0180,0.0020,0.0160,0.0000,2279387781,0.0004,22690,3892.7,,
1791312281,3735.9,15.9978,0.0020,systemd-udevd(83) 0.002,16.0298,0.0300,0.0000,0.0360,0.0000,2279389405,0.0003,22666,3892.7,,
1791312286,3740.9,15.9998,0.0020,ollama(348) 0.002,16.0398,0.0380,0.0020,0.0480,0.0000,2279391618,0.0004,22685,3892.7,,
1791312291,3745.9,16.0099,0.0020,python3(3271468) 0.002,16.0278,0.0160,0.0020,0.0160,0.0000,2279393247,0.0003,22715,3892.7,,
1791312296,3750.9,15.9974,0.0020,codex(3395708) 0.002,16.0274,0.0280,0.0020,0.0380,0.0000,2279395246,0.0004,22535,3892.7,,
1791312301,3755.9,16.0112,0.0000,systemd(1) 0.000,16.0392,0.0280,0.0000,0.0300,0.0000,2279397032,0.0004,22691,3892.7,,
1791312306,3760.9,15.9961,0.0000,systemd(1) 0.000,16.0321,0.0360,0.0000,0.0340,0.0000,2279398896,0.0004,21979,3892.7,,
1791312311,3765.9,16.0079,0.0000,systemd(1) 0.000,16.0219,0.0140,0.0000,0.0260,0.0000,2279401295,0.0005,22688,3892.7,,
1791312316,3770.9,16.0000,0.0000,systemd(1) 0.000,16.0360,0.0360,0.0000,0.0420,0.0000,2279403782,0.0005,22738,3892.7,,
1791312321,3775.9,16.0417,0.0020,codex(3395708) 0.002,16.0597,0.0160,0.0020,0.0240,0.0000,2279406001,0.0004,22593,3892.7,,
1791312326,3780.9,15.9679,0.0000,systemd(1) 0.000,16.0079,0.0400,0.0000,0.0380,0.0000,2279409250,0.0006,22763,3892.7,0.2954,remoting_host(24796) 0.087
1791312331,3785.9,16.0022,0.0220,systemd-udevd(83) 0.014,16.0662,0.0420,0.0120,0.0720,0.0000,2279411194,0.0004,22678,3892.7,,
1791312336,3790.9,16.0122,0.0040,systemd(1) 0.002,16.0421,0.0260,0.0040,0.0240,0.0000,2279412724,0.0003,22534,3892.7,,
1791312341,3795.9,16.0160,0.0020,systemd-udevd(83) 0.002,16.0580,0.0400,0.0000,0.0460,0.0000,2279415163,0.0005,22664,3892.7,,
1791312346,3800.9,15.9903,0.0000,systemd(1) 0.000,16.0163,0.0260,0.0000,0.0360,0.0000,2279416686,0.0003,22672,3892.7,,
1791312351,3805.9,16.0003,0.0000,systemd(1) 0.000,16.0403,0.0400,0.0000,0.0440,0.0000,2279419752,0.0006,22535,3892.7,,
1791312356,3810.9,16.0079,0.0000,systemd(1) 0.000,16.0599,0.0520,0.0000,0.0500,0.0000,2279422071,0.0005,22680,3892.7,,
1791312361,3815.9,16.0023,0.0000,systemd(1) 0.000,16.0243,0.0220,0.0000,0.0380,0.0000,2279424717,0.0005,22673,3892.7,,
1791312366,3820.9,16.0000,0.0000,systemd(1) 0.000,16.0280,0.0280,0.0000,0.0260,0.0000,2279427695,0.0006,22633,3892.7,,
1791312371,3825.9,16.0004,0.0000,systemd(1) 0.000,16.0324,0.0320,0.0000,0.0260,0.0000,2279430285,0.0005,22680,3892.7,,
1791312376,3830.9,16.0159,0.0000,systemd(1) 0.000,16.0399,0.0240,0.0000,0.0320,0.0000,2279432843,0.0005,22667,3892.7,,
1791312381,3835.9,15.9942,0.0120,codex(3395708) 0.012,16.0542,0.0480,0.0120,0.0700,0.0000,2279435576,0.0005,22736,3892.7,,
1791312386,3840.9,16.0158,0.0000,systemd(1) 0.000,16.0398,0.0240,0.0000,0.0260,0.0000,2279437924,0.0005,22695,3892.7,0.2760,remoting_host(24796) 0.077
1791312391,3845.9,16.0006,0.0220,systemd-udevd(83) 0.012,16.0666,0.0440,0.0160,0.0740,0.0000,2279439018,0.0002,22442,3892.7,,
1791312396,3850.9,16.0059,0.0000,systemd(1) 0.000,16.0279,0.0220,0.0000,0.0220,0.0000,2279441856,0.0006,22686,3892.7,,
1791312401,3855.9,15.9963,0.0020,systemd-udevd(83) 0.002,16.0483,0.0500,0.0000,0.0460,0.0000,2279443965,0.0004,22694,3892.7,,
1791312406,3860.9,16.0081,0.0020,ollama(348) 0.002,16.0501,0.0400,0.0020,0.0460,0.0000,2279445761,0.0004,22042,3892.7,,
1791312411,3865.9,15.9964,0.0020,python3(3271468) 0.002,16.0304,0.0320,0.0020,0.0340,0.0000,2279447744,0.0004,22697,3892.7,,
1791312416,3870.9,15.9977,0.0020,codex(3395708) 0.002,16.0317,0.0320,0.0020,0.0460,0.0000,2279451070,0.0007,22708,3892.7,,
1791312421,3875.9,16.0121,0.0000,systemd(1) 0.000,16.0401,0.0280,0.0000,0.0380,0.0000,2279452287,0.0002,22174,3892.7,,
1791312426,3880.9,16.0083,0.0000,systemd(1) 0.000,16.0283,0.0200,0.0000,0.0120,0.0000,2279453167,0.0002,22684,3892.7,,
1791312431,3885.9,15.9985,0.0000,systemd(1) 0.000,16.0285,0.0300,0.0000,0.0320,0.0000,2279456048,0.0006,22722,3892.7,,
1791312436,3890.9,16.0042,0.0000,systemd(1) 0.000,16.0321,0.0280,0.0000,0.0300,0.0000,2279458312,0.0005,22617,3892.7,,
1791312441,3895.9,16.0062,0.0000,systemd(1) 0.000,16.0542,0.0480,0.0000,0.0580,0.0000,2279461248,0.0006,22706,3892.7,,
1791312446,3900.9,16.0164,0.0000,systemd(1) 0.000,16.0304,0.0140,0.0000,0.0200,0.0000,2279463215,0.0004,22688,3892.7,0.2726,remoting_host(24796) 0.077
1791312451,3905.9,15.9924,0.0240,systemd-udevd(83) 0.014,16.0644,0.0480,0.0140,0.0780,0.0000,2279464554,0.0003,22494,3892.7,,
1791312456,3910.9,16.0101,0.0000,systemd(1) 0.000,16.0301,0.0200,0.0000,0.0280,0.0000,2279467459,0.0006,22695,3892.7,,
1791312461,3915.9,15.9904,0.0040,systemd-udevd(83) 0.004,16.0344,0.0400,0.0020,0.0360,0.0000,2279468725,0.0003,22665,3892.7,,
1791312466,3920.9,16.0145,0.0000,systemd(1) 0.000,16.0465,0.0320,0.0000,0.0400,0.0000,2279470482,0.0004,22521,3892.7,,
1791312471,3925.9,15.9941,0.0040,systemd-resolve(296) 0.002,16.0481,0.0500,0.0020,0.0540,0.0000,2279472682,0.0004,22706,3892.7,,
1791312476,3930.9,16.0044,0.0060,python3.10(495) 0.006,16.0384,0.0280,0.0020,0.0280,0.0000,2279475546,0.0006,22694,3892.7,,
1791312481,3935.9,16.0101,0.0000,systemd(1) 0.000,16.0421,0.0320,0.0000,0.0360,0.0000,2279477791,0.0004,22768,3892.7,,
1791312486,3940.9,16.0025,0.0020,snapd(2489074) 0.002,16.0225,0.0180,0.0020,0.0300,0.0000,2279480854,0.0006,22694,3892.7,,
1791312491,3945.9,16.0122,0.0000,systemd(1) 0.000,16.0362,0.0240,0.0000,0.0260,0.0000,2279481846,0.0002,22672,3892.7,,
1791312496,3950.9,15.9938,0.0020,codex(3395708) 0.002,16.0278,0.0320,0.0020,0.0440,0.0000,2279483321,0.0003,22537,3892.7,,
1791312501,3955.9,16.0080,0.0000,systemd(1) 0.000,16.0300,0.0220,0.0000,0.0260,0.0000,2279484572,0.0003,22719,3892.7,,
1791312506,3960.9,15.9938,0.0000,systemd(1) 0.000,16.0418,0.0480,0.0000,0.0420,0.0000,2279486231,0.0003,22695,3892.7,0.2848,remoting_host(24796) 0.073
1791312511,3965.9,16.0163,0.0340,systemd-udevd(83) 0.018,16.0803,0.0300,0.0200,0.0680,0.0000,2279489376,0.0006,22536,3892.7,,
1791312516,3971.0,16.0081,0.0000,systemd(1) 0.000,16.0281,0.0200,0.0000,0.0260,0.0000,2279491872,0.0005,22698,3892.7,,
1791312521,3976.0,15.9895,0.0020,systemd-udevd(83) 0.002,16.0255,0.0340,0.0000,0.0440,0.0000,2279494216,0.0005,22698,3892.7,,
1791312526,3981.0,16.0039,0.0020,codex(3395708) 0.002,16.0299,0.0240,0.0020,0.0300,0.0000,2279496041,0.0004,22462,3892.7,,
1791312531,3986.0,16.0122,0.0000,systemd(1) 0.000,16.0402,0.0280,0.0000,0.0220,0.0000,2279497962,0.0004,22722,3892.7,,
1791312536,3991.0,15.9995,0.0000,systemd(1) 0.000,16.0435,0.0440,0.0000,0.0540,0.0000,2279501048,0.0006,22679,3892.7,,
1791312541,3996.0,15.9979,0.0000,systemd(1) 0.000,16.0299,0.0320,0.0000,0.0380,0.0000,2279503672,0.0005,22687,3892.7,,
1791312546,4001.0,16.0277,0.0000,systemd(1) 0.000,16.0477,0.0200,0.0000,0.0180,0.0000,2279505508,0.0004,22535,3892.7,,
1791312551,4006.0,15.9859,0.0000,systemd(1) 0.000,16.0099,0.0240,0.0000,0.0260,0.0000,2279507332,0.0004,22701,3892.7,,
1791312556,4011.0,16.0042,0.0000,systemd(1) 0.000,16.0322,0.0280,0.0000,0.0340,0.0000,2279512301,0.0010,22759,3892.7,,
1791312561,4016.0,16.0103,0.0000,systemd(1) 0.000,16.0543,0.0440,0.0000,0.0440,0.0000,2279513493,0.0002,22726,3892.7,,
1791312566,4021.0,15.9920,0.0000,systemd(1) 0.000,16.0219,0.0300,0.0000,0.0440,0.0000,2279515914,0.0005,22569,3892.7,0.3552,remoting_host(24796) 0.074
1791312571,4026.0,16.0218,0.0180,systemd-udevd(83) 0.010,16.0878,0.0480,0.0100,0.0680,0.0000,2279517919,0.0004,22696,3892.7,,
1791312576,4031.0,15.9919,0.0020,systemd-udevd(83) 0.002,16.0039,0.0100,0.0020,0.0100,0.0000,2279519688,0.0004,22222,3892.7,,
1791312581,4036.0,16.0044,0.0040,systemd-udevd(83) 0.004,16.0443,0.0360,0.0000,0.0420,0.0000,2279522885,0.0006,22696,3892.7,,
1791312586,4041.0,16.0020,0.0020,systemd-udevd(83) 0.002,16.0320,0.0280,0.0000,0.0400,0.0000,2279526725,0.0008,22676,3892.7,,
1791312591,4046.0,15.9983,0.0000,systemd(1) 0.000,16.0543,0.0560,0.0000,0.0540,0.0000,2279531191,0.0009,22687,3892.7,,
1791312596,4051.0,16.0129,0.0020,codex(3395708) 0.002,16.0689,0.0540,0.0020,0.0580,0.0000,2279533613,0.0005,22534,3892.7,,
1791312601,4056.0,15.9994,0.0000,systemd(1) 0.000,16.0194,0.0200,0.0000,0.0200,0.0000,2279534824,0.0002,22707,3892.7,,
1791312606,4061.0,15.9974,0.0020,python3(2713127) 0.002,16.0654,0.0660,0.0020,0.0720,0.0000,2279538010,0.0006,22765,3892.7,,
1791312611,4066.0,16.0143,0.0000,systemd(1) 0.000,16.0383,0.0240,0.0000,0.0320,0.0000,2279540439,0.0005,22785,3892.7,,
1791312616,4071.0,16.0019,0.0000,systemd(1) 0.000,16.0258,0.0240,0.0000,0.0200,0.0000,2279544002,0.0007,22697,3892.7,,
1791312621,4076.0,16.0039,0.0000,systemd(1) 0.000,16.0399,0.0360,0.0000,0.0380,0.0000,2279547101,0.0006,22678,3892.7,,
1791312626,4081.0,16.0054,0.0000,systemd(1) 0.000,16.0354,0.0300,0.0000,0.0360,0.0000,2279549735,0.0005,22681,3892.7,0.2921,remoting_host(24796) 0.082
1791312631,4086.0,16.0017,0.0180,systemd-udevd(83) 0.010,16.0597,0.0400,0.0120,0.0760,0.0000,2279552579,0.0006,22699,3892.7,,
1791312636,4091.0,16.0022,0.0000,systemd(1) 0.000,16.0282,0.0260,0.0000,0.0280,0.0000,2279556085,0.0007,22707,3892.7,,
1791312641,4096.0,16.0211,0.0040,systemd-udevd(83) 0.002,16.0631,0.0380,0.0020,0.0400,0.0000,2279558565,0.0005,22670,3892.7,,
1791312646,4101.0,15.9920,0.0020,ollama(348) 0.002,16.0040,0.0100,0.0020,0.0260,0.0000,2279560722,0.0004,22012,3892.7,,
1791312651,4106.0,15.9983,0.0080,codex(3395708) 0.008,16.0443,0.0380,0.0080,0.0400,0.0000,2279563709,0.0006,22779,3892.7,,
1791312656,4111.0,15.9981,0.0020,codex(3395708) 0.002,16.0481,0.0480,0.0020,0.0520,0.0000,2279567005,0.0007,22740,3892.7,,
1791312661,4116.0,16.0334,0.0000,systemd(1) 0.000,16.0553,0.0220,0.0000,0.0260,0.0000,2279568521,0.0003,22679,3892.7,,
1791312666,4121.0,15.9737,0.0000,systemd(1) 0.000,16.0237,0.0500,0.0000,0.0500,0.0000,2279572051,0.0007,22527,3892.7,,
1791312671,4126.0,16.0376,0.0000,systemd(1) 0.000,16.0536,0.0160,0.0000,0.0200,0.0000,2279572812,0.0002,22677,3892.7,,
1791312676,4131.0,15.9797,0.0020,codex(3395708) 0.002,16.0257,0.0440,0.0020,0.0560,0.0000,2279576070,0.0007,22674,3892.7,,
1791312681,4136.0,16.0081,0.0040,python3(3271468) 0.002,16.0501,0.0380,0.0040,0.0440,0.0000,2279577900,0.0004,22533,3892.7,,
1791312686,4141.0,16.0011,0.0000,systemd(1) 0.000,16.0410,0.0400,0.0000,0.0440,0.0000,2279579338,0.0003,22790,3892.7,0.2856,remoting_host(24796) 0.074
1791312691,4146.0,16.0410,0.0160,systemd-udevd(83) 0.010,16.1010,0.0440,0.0100,0.0580,0.0000,2279581847,0.0005,22683,3892.7,,
1791312696,4151.0,15.9660,0.0040,systemd-udevd(83) 0.002,16.0100,0.0400,0.0040,0.0500,0.0000,2279584918,0.0006,22485,3892.7,,
1791312701,4156.0,15.9921,0.0020,systemd-udevd(83) 0.002,16.0541,0.0600,0.0000,0.0740,0.0000,2279586840,0.0004,22730,3892.7,,
1791312706,4161.0,16.0118,0.0040,init(8) 0.002,16.0458,0.0300,0.0020,0.0320,0.0000,2279588249,0.0003,22681,3892.7,,
1791312711,4166.0,16.0083,0.0000,systemd(1) 0.000,16.0563,0.0480,0.0000,0.0540,0.0000,2279590287,0.0004,22671,3892.7,,
1791312716,4171.0,16.0053,0.0000,systemd(1) 0.000,16.0593,0.0540,0.0000,0.0460,0.0000,2279592388,0.0004,21937,3892.7,,
1791312721,4176.0,16.0117,0.0000,systemd(1) 0.000,16.0357,0.0240,0.0000,0.0420,0.0000,2279594337,0.0004,22785,3892.7,,
1791312726,4181.0,15.9936,0.0020,cron(340) 0.002,16.0256,0.0300,0.0020,0.0260,0.0000,2279597326,0.0006,22693,3892.7,,
1791312731,4186.0,16.0118,0.0000,systemd(1) 0.000,16.0537,0.0420,0.0000,0.0520,0.0000,2279599656,0.0005,22671,3892.7,,
1791312736,4191.0,16.0057,0.0000,systemd(1) 0.000,16.0517,0.0460,0.0000,0.0480,0.0000,2279602614,0.0006,22301,3892.7,,
1791312741,4196.0,15.9940,0.0000,systemd(1) 0.000,16.0460,0.0520,0.0000,0.0560,0.0000,2279605501,0.0006,22556,3892.7,,
1791312746,4201.0,16.0018,0.0000,systemd(1) 0.000,16.0618,0.0600,0.0000,0.0680,0.0000,2279607706,0.0004,22807,3892.7,0.2833,remoting_host(24796) 0.084
1791312751,4206.0,16.0199,0.0140,systemd-udevd(83) 0.008,16.0779,0.0440,0.0080,0.0620,0.0000,2279610990,0.0007,22693,3892.7,,
1791312756,4211.0,15.9995,0.0000,systemd(1) 0.000,16.0514,0.0520,0.0000,0.0660,0.0000,2279613452,0.0005,22590,3892.7,,
1791312761,4216.0,16.0083,0.0060,init(8) 0.002,16.0363,0.0220,0.0040,0.0320,0.0000,2279616158,0.0005,22535,3892.7,,
1791312766,4221.0,16.0043,0.0020,ollama(348) 0.002,16.0383,0.0320,0.0020,0.0320,0.0000,2279618765,0.0005,22687,3892.7,,
1791312771,4226.0,16.0038,0.0000,systemd(1) 0.000,16.0298,0.0260,0.0000,0.0360,0.0000,2279619980,0.0002,22701,3892.7,,
1791312776,4231.0,16.0275,0.0020,codex(3395708) 0.002,16.0575,0.0280,0.0020,0.0300,0.0000,2279623130,0.0006,22693,3892.7,,
1791312781,4236.0,15.9856,0.0000,systemd(1) 0.000,16.0096,0.0240,0.0000,0.0280,0.0000,2279625761,0.0005,22534,3892.7,,
1791312786,4241.0,15.9979,0.0020,packagekitd(408651) 0.002,16.0259,0.0260,0.0020,0.0260,0.0000,2279626735,0.0002,22679,3892.7,,
1791312791,4246.0,15.9978,0.0000,systemd(1) 0.000,16.0218,0.0240,0.0000,0.0320,0.0000,2279629710,0.0006,22698,3892.7,,
1791312796,4251.0,16.0257,0.0000,systemd(1) 0.000,16.0636,0.0380,0.0000,0.0260,0.0000,2279632163,0.0005,22699,3892.7,,
1791312801,4256.0,15.9977,0.0020,codex(3395708) 0.002,16.0237,0.0240,0.0020,0.0360,0.0000,2279634831,0.0005,22529,3892.7,,
1791312806,4261.0,15.9899,0.0020,snapd(2489074) 0.002,16.0299,0.0380,0.0020,0.0480,0.0000,2279637291,0.0005,22511,3892.7,0.2701,remoting_host(24796) 0.071
1791312811,4266.0,16.0102,0.0140,systemd-udevd(83) 0.010,16.0662,0.0420,0.0080,0.0600,0.0000,2279639322,0.0004,22721,3892.7,,
1791312816,4271.0,16.0100,0.0020,systemd-udevd(83) 0.002,16.0360,0.0240,0.0020,0.0300,0.0000,2279643361,0.0008,22668,3892.7,,
1791312821,4276.0,15.9939,0.0020,systemd-udevd(83) 0.002,16.0379,0.0420,0.0000,0.0540,0.0000,2279645994,0.0005,22577,3892.7,,
1791312826,4281.0,16.0141,0.0000,systemd(1) 0.000,16.0301,0.0160,0.0000,0.0100,0.0000,2279648209,0.0004,22704,3892.7,,
1791312831,4286.0,15.9884,0.0020,systemd-journal(62) 0.002,16.0304,0.0400,0.0020,0.0640,0.0000,2279650882,0.0005,22719,3892.7,,
1791312836,4291.0,16.0076,0.0000,systemd(1) 0.000,16.0356,0.0280,0.0000,0.0160,0.0000,2279652596,0.0003,22660,3892.7,,
1791312841,4296.0,16.0082,0.0000,systemd(1) 0.000,16.0302,0.0220,0.0000,0.0280,0.0000,2279654898,0.0005,22161,3892.7,,
1791312846,4301.0,16.0061,0.0000,systemd(1) 0.000,16.0461,0.0400,0.0000,0.0420,0.0000,2279657455,0.0005,22737,3892.7,,
1791312851,4306.0,16.0038,0.0000,systemd(1) 0.000,16.0278,0.0240,0.0000,0.0200,0.0000,2279661405,0.0008,22683,3892.7,,
1791312856,4311.0,16.0000,0.0000,systemd(1) 0.000,16.0300,0.0300,0.0000,0.0300,0.0000,2279663284,0.0004,22705,3892.7,,
1791312861,4316.0,16.0061,0.0000,systemd(1) 0.000,16.0301,0.0240,0.0000,0.0340,0.0000,2279666334,0.0006,22126,3892.7,,
1791312866,4321.0,16.0063,0.0000,systemd(1) 0.000,16.0403,0.0340,0.0000,0.0300,0.0000,2279669443,0.0006,22579,3892.7,0.2810,remoting_host(24796) 0.075
1791312871,4326.0,16.0026,0.0180,systemd-udevd(83) 0.008,16.0566,0.0360,0.0120,0.0660,0.0000,2279671177,0.0003,22688,3892.7,,
1791312876,4331.0,15.9978,0.0000,systemd(1) 0.000,16.0258,0.0280,0.0000,0.0280,0.0000,2279672638,0.0003,22723,3892.7,,
1791312881,4336.0,16.0161,0.0060,systemd-udevd(83) 0.006,16.0440,0.0220,0.0020,0.0300,0.0000,2279675407,0.0006,22695,3892.7,,
1791312886,4341.0,16.0076,0.0000,systemd(1) 0.000,16.0515,0.0440,0.0000,0.0500,0.0000,2279678693,0.0007,22540,3892.7,,
1791312891,4346.0,15.9916,0.0000,systemd(1) 0.000,16.0116,0.0200,0.0000,0.0280,0.0000,2279680484,0.0004,22697,3892.7,,
1791312896,4351.0,16.0142,0.0000,systemd(1) 0.000,16.0422,0.0280,0.0000,0.0300,0.0000,2279683080,0.0005,22696,3892.7,,
1791312901,4356.0,15.9978,0.0000,systemd(1) 0.000,16.0258,0.0280,0.0000,0.0200,0.0000,2279684526,0.0003,22685,3892.7,,
1791312906,4361.0,16.0018,0.0040,python3(2713127) 0.002,16.0298,0.0240,0.0040,0.0360,0.0000,2279687450,0.0006,22511,3892.7,,
1791312911,4366.0,16.0078,0.0000,systemd(1) 0.000,16.0378,0.0300,0.0000,0.0440,0.0000,2279689252,0.0004,22711,3892.7,,
1791312916,4371.1,16.0058,0.0000,systemd(1) 0.000,16.0238,0.0180,0.0000,0.0160,0.0000,2279691196,0.0004,22721,3892.7,,
1791312921,4376.1,15.9990,0.0140,codex(3395708) 0.012,16.0410,0.0280,0.0140,0.0500,0.0000,2279693681,0.0005,22665,3892.7,,
1791312926,4381.1,15.9984,0.0040,codex(3395708) 0.004,16.0364,0.0340,0.0040,0.0360,0.0000,2279695638,0.0004,22665,3892.7,0.2926,remoting_host(24796) 0.090
1791312931,4386.1,16.0068,0.0160,init(8) 0.008,16.0568,0.0340,0.0120,0.0540,0.0000,2279696855,0.0002,22693,3892.7,,
1791312936,4391.1,16.0133,0.0060,systemd(1) 0.002,16.0493,0.0300,0.0060,0.0300,0.0000,2279699041,0.0004,22672,3892.7,,
1791312941,4396.1,16.0021,0.0060,systemd-udevd(83) 0.006,16.0321,0.0240,0.0020,0.0400,0.0000,2279701978,0.0006,22687,3892.7,,
1791312946,4401.1,16.0059,0.0000,systemd(1) 0.000,16.0299,0.0240,0.0000,0.0240,0.0000,2279705111,0.0006,22096,3892.7,,
1791312951,4406.1,16.0059,0.0000,systemd(1) 0.000,16.0479,0.0420,0.0000,0.0420,0.0000,2279706949,0.0004,22692,3892.7,,
1791312956,4411.1,15.9910,0.0000,systemd(1) 0.000,16.0130,0.0220,0.0000,0.0340,0.0000,2279709619,0.0005,22709,3892.7,,
1791312961,4416.1,16.0098,0.0000,systemd(1) 0.000,16.0398,0.0300,0.0000,0.0260,0.0000,2279711031,0.0003,22667,3892.7,,
1791312966,4421.1,16.0098,0.0000,systemd(1) 0.000,16.0397,0.0300,0.0000,0.0360,0.0000,2279713809,0.0006,22671,3892.7,,
1791312971,4426.1,16.0058,0.0000,systemd(1) 0.000,16.0358,0.0300,0.0000,0.0400,0.0000,2279715248,0.0003,22513,3892.7,,
1791312976,4431.1,16.0019,0.0000,systemd(1) 0.000,16.0379,0.0360,0.0000,0.0280,0.0000,2279717917,0.0005,22688,3892.7,,
1791312981,4436.1,16.0019,0.0020,codex(3395708) 0.002,16.0239,0.0200,0.0020,0.0320,0.0000,2279719765,0.0004,22702,3892.7,,
1791312986,4441.1,16.0004,0.0000,systemd(1) 0.000,16.0164,0.0160,0.0000,0.0140,0.0000,2279721646,0.0004,22685,3892.7,0.2681,remoting_host(24796) 0.072
1791312991,4446.1,16.0103,0.0300,systemd-udevd(83) 0.016,16.0823,0.0420,0.0180,0.0860,0.0000,2279725454,0.0008,21953,3892.7,,
1791312996,4451.1,16.0061,0.0000,systemd(1) 0.000,16.0301,0.0240,0.0000,0.0260,0.0000,2279727913,0.0005,22541,3892.7,,
1791313001,4456.1,15.9921,0.0040,systemd-udevd(83) 0.004,16.0281,0.0320,0.0020,0.0460,0.0000,2279730686,0.0006,22722,3892.7,,
1791313006,4461.1,16.0022,0.0020,ollama(348) 0.002,16.0242,0.0200,0.0020,0.0300,0.0000,2279733412,0.0005,22700,3892.7,,
1791313011,4466.1,16.0159,0.0000,systemd(1) 0.000,16.0499,0.0340,0.0000,0.0240,0.0000,2279736039,0.0005,22681,3892.7,,
1791313016,4471.1,15.9960,0.0000,systemd(1) 0.000,16.0360,0.0400,0.0000,0.0500,0.0000,2279737110,0.0002,22676,3892.7,,
1791313021,4476.1,16.0022,0.0000,systemd(1) 0.000,16.0361,0.0340,0.0000,0.0360,0.0000,2279740569,0.0007,22584,3892.7,,
1791313026,4481.1,16.0062,0.0000,systemd(1) 0.000,16.0782,0.0720,0.0000,0.0720,0.0000,2279743487,0.0006,22693,3892.7,,
1791313031,4486.1,16.0103,0.0000,systemd(1) 0.000,16.0943,0.0840,0.0000,0.0880,0.0000,2279745288,0.0004,22682,3892.7,,
1791313036,4491.1,15.9919,0.0000,systemd(1) 0.000,16.0639,0.0720,0.0000,0.0740,0.0000,2279747730,0.0005,22698,3892.7,,
1791313041,4496.1,16.0100,0.0000,systemd(1) 0.000,16.0680,0.0580,0.0000,0.0460,0.0000,2279748995,0.0003,22680,3892.7,,
1791313046,4501.1,16.0099,0.0000,systemd(1) 0.000,16.0259,0.0160,0.0000,0.0360,0.0000,2279751893,0.0006,22696,3892.7,0.2683,remoting_host(24796) 0.073
1791313051,4506.1,15.9970,0.0200,systemd-udevd(83) 0.012,16.0610,0.0440,0.0100,0.0780,0.0000,2279753277,0.0003,22531,3892.7,,
1791313056,4511.1,16.0083,0.0040,systemd-udevd(83) 0.002,16.0343,0.0220,0.0040,0.0220,0.0000,2279756415,0.0006,22674,3892.7,,
1791313061,4516.1,15.9982,0.0020,systemd-udevd(83) 0.002,16.0322,0.0320,0.0000,0.0440,0.0000,2279759096,0.0005,22684,3892.7,,
1791313066,4521.1,16.0101,0.0060,systemd-udevd(83) 0.004,16.0561,0.0400,0.0040,0.0420,0.0000,2279761606,0.0005,22716,3892.7,,
1791313071,4526.1,16.0064,0.0000,systemd(1) 0.000,16.0344,0.0280,0.0000,0.0200,0.0000,2279762873,0.0003,22671,3892.7,,
1791313076,4531.1,15.9861,0.0000,systemd(1) 0.000,16.0321,0.0460,0.0000,0.0580,0.0000,2279767385,0.0009,22034,3892.7,,
1791313081,4536.1,16.0195,0.0000,systemd(1) 0.000,16.0475,0.0280,0.0000,0.0360,0.0000,2279768487,0.0002,22527,3892.7,,
1791313086,4541.1,15.9963,0.0020,snapd(2489074) 0.002,16.0343,0.0360,0.0020,0.0380,0.0000,2279770556,0.0004,22685,3892.7,,
1791313091,4546.1,16.0096,0.0000,systemd(1) 0.000,16.0456,0.0360,0.0000,0.0400,0.0000,2279772564,0.0004,22696,3892.7,,
1791313096,4551.1,16.0043,0.0000,systemd(1) 0.000,16.0303,0.0260,0.0000,0.0220,0.0000,2279774585,0.0004,22671,3892.7,,
1791313101,4556.1,16.0003,0.0020,python3(3271468) 0.002,16.0303,0.0280,0.0020,0.0340,0.0000,2279776551,0.0004,22673,3892.7,,
1791313106,4561.1,16.0082,0.0000,systemd(1) 0.000,16.0482,0.0400,0.0000,0.0460,0.0000,2279779122,0.0005,22673,3892.7,0.2837,remoting_host(24796) 0.076
1791313111,4566.1,16.0670,0.0120,systemd-udevd(83) 0.006,16.1070,0.0280,0.0080,0.0460,0.0000,2279781567,0.0005,22698,3892.7,,
1791313116,4571.1,15.9473,0.0020,codex(3395708) 0.002,15.9953,0.0460,0.0020,0.0540,0.0000,2279783216,0.0003,22712,3892.7,,
1791313121,4576.1,16.0042,0.0060,systemd-udevd(83) 0.006,16.0242,0.0140,0.0020,0.0240,0.0000,2279786045,0.0006,22699,3892.7,,
1791313126,4581.1,15.9984,0.0040,ollama(348) 0.002,16.0284,0.0260,0.0040,0.0540,0.0000,2279787865,0.0004,22679,3892.7,,
1791313131,4586.1,16.0062,0.0000,systemd(1) 0.000,16.0422,0.0360,0.0000,0.0100,0.0000,2279790039,0.0004,22364,3892.7,,
1791313136,4591.1,16.0043,0.0000,systemd(1) 0.000,16.0283,0.0240,0.0000,0.0300,0.0000,2279791501,0.0003,22552,3892.7,,
1791313141,4596.1,16.0044,0.0000,systemd(1) 0.000,16.0284,0.0240,0.0000,0.0300,0.0000,2279792964,0.0003,22758,3892.7,,
1791313146,4601.1,16.0136,0.0000,systemd(1) 0.000,16.0536,0.0400,0.0000,0.0520,0.0000,2279796343,0.0007,22697,3892.7,,
1791313151,4606.1,16.0004,0.0000,systemd(1) 0.000,16.0364,0.0360,0.0000,0.0300,0.0000,2279798158,0.0004,22680,3892.7,,
1791313156,4611.1,15.9961,0.0020,wpa_supplicant(353) 0.002,16.0161,0.0180,0.0020,0.0220,0.0000,2279802156,0.0008,22686,3892.7,,
1791313161,4616.1,16.0003,0.0000,systemd(1) 0.000,16.0243,0.0240,0.0000,0.0260,0.0000,2279803484,0.0003,22031,3892.7,,
1791313166,4621.1,16.0080,0.0000,systemd(1) 0.000,16.0400,0.0320,0.0000,0.0360,0.0000,2279806276,0.0006,22688,3892.7,0.3407,remoting_host(24796) 0.070
1791313171,4626.1,16.0003,0.0200,init(8) 0.010,16.0523,0.0320,0.0120,0.0620,0.0000,2279808523,0.0004,22725,3892.7,,
1791313176,4631.1,16.0040,0.0080,wpa_supplicant(353) 0.002,16.0359,0.0240,0.0080,0.0340,0.0000,2279811122,0.0005,22714,3892.7,,
1791313181,4636.1,16.0097,0.0040,systemd-udevd(83) 0.004,16.0397,0.0260,0.0020,0.0360,0.0000,2279813058,0.0004,22696,3892.7,,
1791313186,4641.1,16.0569,0.0020,systemd-udevd(83) 0.002,16.0869,0.0280,0.0000,0.0340,0.0000,2279815050,0.0004,22688,3892.7,,
1791313191,4646.1,15.9441,0.0060,codex(3395708) 0.006,15.9861,0.0360,0.0060,0.0540,0.0000,2279817015,0.0004,22658,3892.7,,
1791313196,4651.1,16.0024,0.0060,codex(3395708) 0.006,16.0344,0.0260,0.0060,0.0240,0.0000,2279819575,0.0005,22867,3892.7,,
1791313201,4656.1,16.0101,0.0100,systemd-udevd(83) 0.004,16.1881,0.1680,0.0100,0.1860,0.0000,2279822736,0.0006,22697,3892.7,,
1791313206,4661.1,15.9979,0.0100,systemd-udevd(83) 0.008,16.0319,0.0240,0.0020,0.0300,0.0000,2279824101,0.0003,22703,3892.7,,
1791313211,4666.1,16.0175,0.0020,systemd-udevd(83) 0.002,16.0415,0.0220,0.0020,0.0280,0.0000,2279826451,0.0005,22684,3892.7,,
1791313216,4671.1,15.9899,0.0060,systemd-journal(62) 0.002,16.0299,0.0340,0.0040,0.0400,0.0000,2279829919,0.0007,22025,3892.7,,
1791313221,4676.1,16.0061,0.0020,codex(3395708) 0.002,16.0321,0.0240,0.0020,0.0220,0.0000,2279831979,0.0004,22539,3892.7,,
1791313226,4681.1,16.0175,0.0000,systemd(1) 0.000,16.0395,0.0220,0.0000,0.0360,0.0000,2279834964,0.0006,22519,3892.7,0.2711,remoting_host(24796) 0.072
1791313231,4686.1,15.9983,0.0260,systemd-udevd(83) 0.016,16.0643,0.0400,0.0140,0.0700,0.0000,2279838229,0.0007,22681,3892.7,,
1791313236,4691.1,16.0000,0.0020,snapd(2489074) 0.002,16.0339,0.0320,0.0020,0.0360,0.0000,2279840533,0.0005,22667,3892.7,,
1791313241,4696.1,16.0060,0.0020,systemd-udevd(83) 0.002,16.0360,0.0280,0.0000,0.0320,0.0000,2279843108,0.0005,22664,3892.7,,
1791313246,4701.1,16.0137,0.0040,ollama(348) 0.004,16.0437,0.0260,0.0040,0.0260,0.0000,2279845548,0.0005,22605,3892.7,,
1791313251,4706.1,15.9918,0.0000,systemd(1) 0.000,16.0258,0.0340,0.0000,0.0520,0.0000,2279847677,0.0004,22811,3892.7,,
1791313256,4711.1,16.0120,0.0000,systemd(1) 0.000,16.0360,0.0240,0.0000,0.0260,0.0000,2279850124,0.0005,22707,3892.7,,
1791313261,4716.1,15.9976,0.0000,systemd(1) 0.000,16.0496,0.0520,0.0000,0.0460,0.0000,2279853786,0.0007,22706,3892.7,,
1791313266,4721.1,15.9939,0.0020,python3.10(495) 0.002,16.0739,0.0780,0.0020,0.0920,0.0000,2279855205,0.0003,22670,3892.7,,
1791313271,4726.1,16.0079,0.0000,systemd(1) 0.000,16.0539,0.0460,0.0000,0.0500,0.0000,2279858257,0.0006,22292,3892.7,,
1791313276,4731.1,16.0098,0.0000,systemd(1) 0.000,16.0518,0.0420,0.0000,0.0440,0.0000,2279860544,0.0005,22517,3892.7,,
1791313281,4736.1,16.0018,0.0020,codex(3395708) 0.002,16.0918,0.0880,0.0020,0.0900,0.0000,2279864027,0.0007,22718,3892.7,,
1791313286,4741.1,16.0004,0.0000,systemd(1) 0.000,16.1044,0.1040,0.0000,0.1080,0.0000,2279866247,0.0004,22788,3892.7,0.2798,remoting_host(24796) 0.072
1791313291,4746.1,16.0334,0.0280,systemd-udevd(83) 0.018,16.0994,0.0380,0.0180,0.0760,0.0000,2279868698,0.0005,22705,3892.7,,
1791313296,4751.1,15.9781,0.0000,systemd(1) 0.000,16.0181,0.0400,0.0000,0.0460,0.0000,2279870429,0.0003,22675,3892.7,,
1791313301,4756.1,16.0020,0.0040,systemd-udevd(83) 0.004,16.0320,0.0260,0.0000,0.0220,0.0000,2279873776,0.0007,22154,3892.7,,
1791313306,4761.1,16.0002,0.0000,systemd(1) 0.000,16.0301,0.0300,0.0000,0.0380,0.0000,2279877257,0.0007,22535,3892.7,,
1791313311,4766.1,16.0137,0.0020,python3(3271468) 0.002,16.0417,0.0260,0.0020,0.0320,0.0000,2279879580,0.0005,22711,3892.7,,
1791313316,4771.1,16.0040,0.0000,systemd(1) 0.000,16.0460,0.0420,0.0000,0.0540,0.0000,2279882096,0.0005,22743,3892.7,,
1791313321,4776.1,15.9952,0.0000,systemd(1) 0.000,16.0392,0.0440,0.0000,0.0360,0.0000,2279884328,0.0004,22715,3892.7,,
1791313326,4781.1,16.0138,0.0000,systemd(1) 0.000,16.0198,0.0060,0.0000,0.0160,0.0000,2279886059,0.0003,22683,3892.7,,
1791313331,4786.1,15.9957,0.0000,systemd(1) 0.000,16.0337,0.0380,0.0000,0.0340,0.0000,2279888437,0.0005,22686,3892.7,,
1791313336,4791.1,15.9978,0.0000,systemd(1) 0.000,16.0458,0.0480,0.0000,0.0560,0.0000,2279890088,0.0003,22328,3892.7,,
1791313341,4796.2,16.0239,0.0020,codex(3395708) 0.002,16.0579,0.0320,0.0020,0.0340,0.0000,2279892991,0.0006,22512,3892.7,,
1791313346,4801.2,15.9940,0.0000,systemd(1) 0.000,16.0440,0.0500,0.0000,0.0580,0.0000,2279894275,0.0003,22092,3892.7,0.2795,remoting_host(24796) 0.070
1791313351,4806.2,16.0048,0.0180,systemd-udevd(83) 0.010,16.0728,0.0500,0.0100,0.0780,0.0000,2279897486,0.0006,22701,3892.7,,
1791313356,4811.2,15.9998,0.0020,systemd-udevd(83) 0.002,16.0518,0.0500,0.0020,0.0480,0.0000,2279899374,0.0004,22717,3892.7,,
1791313361,4816.2,16.0076,0.0080,systemd-udevd(83) 0.004,16.0436,0.0280,0.0060,0.0340,0.0000,2279901368,0.0004,22684,3892.7,,
1791313366,4821.2,15.9963,0.0020,codex(3395708) 0.002,16.0363,0.0380,0.0020,0.0480,0.0000,2279904902,0.0007,22689,3892.7,,
1791313371,4826.2,16.0083,0.0000,systemd(1) 0.000,16.0283,0.0200,0.0000,0.0180,0.0000,2279907681,0.0006,22683,3892.7,,
1791313376,4831.2,15.9926,0.0000,systemd(1) 0.000,16.0366,0.0440,0.0000,0.0520,0.0000,2279909191,0.0003,22676,3892.7,,
1791313381,4836.2,16.0201,0.0000,systemd(1) 0.000,16.0381,0.0180,0.0000,0.0260,0.0000,2279911299,0.0004,22173,3892.7,,
1791313386,4841.2,15.9960,0.0000,systemd(1) 0.000,16.0360,0.0400,0.0000,0.0400,0.0000,2279913139,0.0004,22542,3892.7,,
1791313391,4846.2,16.0198,0.0000,systemd(1) 0.000,16.0558,0.0360,0.0000,0.0360,0.0000,2279915033,0.0004,22534,3892.7,,
1791313396,4851.2,15.9957,0.0000,systemd(1) 0.000,16.0217,0.0260,0.0000,0.0320,0.0000,2279917247,0.0004,22696,3892.7,,
1791313401,4856.2,16.0001,0.0020,python3(3271468) 0.002,16.0521,0.0500,0.0020,0.0600,0.0000,2279919000,0.0004,22692,3892.7,,
1791313406,4861.2,16.0083,0.0000,systemd(1) 0.000,16.0323,0.0240,0.0000,0.0260,0.0000,2279921100,0.0004,22783,3892.7,0.2800,remoting_host(24796) 0.078
1791313411,4866.2,16.0317,0.0120,systemd-udevd(83) 0.008,16.0977,0.0540,0.0060,0.0760,0.0000,2279923984,0.0006,22707,3892.7,,
1791313416,4871.2,15.9843,0.0020,snapd(2489074) 0.002,16.0042,0.0180,0.0020,0.0280,0.0000,2279925858,0.0004,22682,3892.7,,
1791313421,4876.2,15.9938,0.0040,systemd-udevd(83) 0.004,16.0438,0.0460,0.0000,0.0360,0.0000,2279927240,0.0003,22694,3892.7,,
1791313426,4881.2,16.0115,0.0000,systemd(1) 0.000,16.0594,0.0480,0.0000,0.0580,0.0000,2279930497,0.0007,22004,3892.7,,
1791313431,4886.2,15.9959,0.0000,systemd(1) 0.000,16.0319,0.0360,0.0000,0.0380,0.0000,2279933922,0.0007,22530,3892.7,,
1791313436,4891.2,15.9958,0.0000,systemd(1) 0.000,16.0418,0.0460,0.0000,0.0500,0.0000,2279935744,0.0004,22538,3892.7,,
1791313441,4896.2,16.0198,0.0000,systemd(1) 0.000,16.0418,0.0220,0.0000,0.0240,0.0000,2279938394,0.0005,22683,3892.7,,
1791313446,4901.2,16.0133,0.0000,systemd(1) 0.000,16.0773,0.0640,0.0000,0.0700,0.0000,2279941814,0.0007,22679,3892.7,,
1791313451,4906.2,15.9953,0.0000,systemd(1) 0.000,16.0233,0.0280,0.0000,0.0280,0.0000,2279944441,0.0005,22673,3892.7,,
1791313456,4911.2,16.0099,0.0000,systemd(1) 0.000,16.0439,0.0340,0.0000,0.0460,0.0000,2279947528,0.0006,22690,3892.7,,
1791313461,4916.2,16.0015,0.0020,codex(3395708) 0.002,16.0415,0.0380,0.0020,0.0420,0.0000,2279950161,0.0005,22679,3892.7,,
1791313466,4921.2,15.9879,0.0140,codex(3395708) 0.014,16.0539,0.0520,0.0140,0.0680,0.0000,2279952602,0.0005,22699,3892.7,0.2935,remoting_host(24796) 0.083
1791313471,4926.2,16.0049,0.0260,init(8) 0.010,16.0809,0.0500,0.0200,0.0840,0.0000,2279954644,0.0004,21972,3892.7,,
1791313476,4931.2,16.0059,0.0000,systemd(1) 0.000,16.0279,0.0220,0.0000,0.0200,0.0000,2279956318,0.0003,22509,3892.7,,
1791313481,4936.2,16.0081,0.0040,systemd-udevd(83) 0.004,16.0501,0.0380,0.0020,0.0480,0.0000,2279958521,0.0004,22534,3892.7,,
1791313486,4941.2,16.0116,0.0040,systemd-udevd(83) 0.002,16.0536,0.0380,0.0020,0.0440,0.0000,2279960027,0.0003,22724,3892.7,,
1791313491,4946.2,15.9893,0.0000,systemd(1) 0.000,16.0293,0.0400,0.0000,0.0460,0.0000,2279964291,0.0009,22692,3892.7,,
1791313496,4951.2,16.0138,0.0000,systemd(1) 0.000,16.0538,0.0400,0.0000,0.0380,0.0000,2279965945,0.0003,22691,3892.7,,
1791313501,4956.2,16.0002,0.0000,systemd(1) 0.000,16.0362,0.0360,0.0000,0.0400,0.0000,2279967636,0.0003,22692,3892.7,,
1791313506,4961.2,16.0176,0.0040,systemd-journal(62) 0.002,16.0676,0.0460,0.0040,0.0520,0.0000,2279969755,0.0004,22692,3892.7,,
1791313511,4966.2,16.0001,0.0000,systemd(1) 0.000,16.0361,0.0360,0.0000,0.0420,0.0000,2279971826,0.0004,22683,3892.7,,
1791313516,4971.2,16.0114,0.0000,systemd(1) 0.000,16.0714,0.0600,0.0000,0.0640,0.0000,2279974469,0.0005,22684,3892.7,,
1791313521,4976.2,15.9937,0.0000,systemd(1) 0.000,16.0217,0.0280,0.0000,0.0260,0.0000,2279977614,0.0006,22477,3892.7,,
1791313526,4981.2,15.9963,0.0020,codex(3395708) 0.002,16.0283,0.0300,0.0020,0.0340,0.0000,2279979694,0.0004,22676,3892.7,0.2678,remoting_host(24796) 0.072
1791313531,4986.2,16.0123,0.0140,systemd-udevd(83) 0.010,16.0603,0.0340,0.0060,0.0620,0.0000,2279983316,0.0007,22714,3892.7,,
1791313536,4991.2,15.9938,0.0040,snapd(2489074) 0.004,16.0458,0.0480,0.0040,0.0520,0.0000,2279985673,0.0005,22691,3892.7,,
1791313541,4996.2,16.0083,0.0040,systemd-udevd(83) 0.004,16.0643,0.0520,0.0000,0.0580,0.0000,2279989215,0.0007,22671,3892.7,,
1791313546,5001.2,16.0083,0.0000,systemd(1) 0.000,16.0263,0.0180,0.0000,0.0180,0.0000,2279992436,0.0006,22695,3892.7,,
1791313551,5006.2,15.9979,0.0000,systemd(1) 0.000,16.0319,0.0340,0.0000,0.0400,0.0000,2279994675,0.0004,22761,3892.7,,
1791313556,5011.2,16.0386,0.0000,systemd(1) 0.000,16.0726,0.0340,0.0000,0.0340,0.0000,2279996863,0.0004,22681,3892.7,,
1791313561,5016.2,15.9816,0.0000,systemd(1) 0.000,15.9996,0.0180,0.0000,0.0220,0.0000,2279999396,0.0005,22685,3892.7,,
1791313566,5021.2,15.9903,0.0020,python3(2713127) 0.002,16.0263,0.0340,0.0020,0.0360,0.0000,2280001368,0.0004,22684,3892.7,,
1791313571,5026.2,16.0095,0.0000,systemd(1) 0.000,16.0435,0.0340,0.0000,0.0480,0.0000,2280003729,0.0005,22682,3892.7,,
1791313576,5031.2,16.0142,0.0000,systemd(1) 0.000,16.0402,0.0260,0.0000,0.0280,0.0000,2280006499,0.0006,22337,3892.7,,
1791313581,5036.2,0.0000,0.0020,codex(3395708) 0.002,15.0365,15.0345,0.0020,15.0445,0.0000,2280012492,0.0012,26925,3892.7,,
1791313581,5036.6,,,,,,,,,,,,,0.2951,remoting_host(24796) 0.089
