case,node,point_index,segment_name,branch_id,arc_s_mm,x_mm,y_mm,z_mm,section_ok,section_area_mm2,r_eq3D_mm,r_maxinscribed_mm,centroid_offset_over_req,r_centreline_MIS_mm,r_target_mm,r_ref_mm
138,0,0,LM,0,0.0,32.8818359375,-175.1259765625,-195.04998779296875,1,12.60043689761253,2.0027090739159,1.562418988211898,0.1698472544418332,1.5163877289589245,1.5163877289589245,1.4285227711531252
138,1,1,LM,0,0.4790981800374577,33.327003479003906,-175.29739379882812,-195.00552368164062,1,12.155492226713879,1.9670316080818953,1.517755390935391,0.14996711074912267,1.4915315964637226,1.4915315964637226,1.4256009175020004
138,2,2,LM,0,0.8688233121295794,33.6956787109375,-175.31832885742188,-194.88092041015625,1,10.953788699129522,1.8672705305073527,1.536608040730009,0.08571615956858815,1.4502675414003485,1.4502675414003485,1.4232241190761545
138,3,3,LM,0,1.3214693669314337,34.09506607055664,-175.29739379882812,-194.66893005371094,1,10.056192764420476,1.78912983717922,1.5749977078568191,0.06684732345396496,1.3889440988418797,1.3889440988418797,1.420463587763373
138,4,4,LM,0,1.7955718551347148,34.4990348815918,-175.2267303466797,-194.43104553222656,1,8.954086492496065,1.6882459099036018,1.4948010660604807,0.0695902375022561,1.361508700563257,1.361508700563257,1.4175722011042629
138,5,5,LM,0,2.2573610555065824,34.9033203125,-175.15699768066406,-194.21905517578125,1,7.695242070132585,1.5650787927451515,1.3280690073469112,0.10399720009823699,1.361508700563257,1.361508700563257,1.4147559089174482
138,6,6,LM,0,2.6812492437240922,35.3076171875,-175.13055419921875,-194.09445190429688,1,7.003768009655506,1.493107028317501,1.216982562143592,0.15278196437266,1.361508700563257,1.361508700563257,1.4121707618598758
138,7,7,LM,0,3.0873893230463834,35.7119140625,-175.12596130371094,-194.0560760498047,1,7.071366945136739,1.5002953067547384,1.2033618606261964,0.12571587874131843,1.361508700563257,1.361508700563257,1.4096938543634974
138,8,8,LM,0,3.491755524686027,36.11621093750001,-175.12107849121094,-194.05039978027344,1,7.513885325575529,1.5465264248573323,1.2082237694197908,0.1171023608524702,1.361508700563257,1.361508700563257,1.4072277651319332
138,9,9,LM,0,3.897206306106664,36.5204963684082,-175.09036254882812,-194.0500030517578,1,8.09398324886447,1.6051152253715488,1.2223626130568752,0.11311414271434729,1.361508700563257,1.361508700563257,1.4047550614244118
138,10,10,LM,0,4.312466046344526,36.92446517944336,-174.9941864013672,-194.04998779296875,1,8.917351196757899,1.6847792272285698,1.2634642107843772,0.0848663958701109,1.361508700563257,1.361508700563257,1.4022225362787635
138,11,11,LM,0,4.7359178278226475,37.3238525390625,-174.8534698486328,-194.04998779296875,1,9.675644160441115,1.7549510510167714,1.3105668681960376,0.09414639659082799,1.4262395260702956,1.4262395260702956,1.3996400507145508
138,12,12,LM,0,5.116931315748885,37.692527770996094,-174.75729370117188,-194.04998779296875,1,10.114454373586419,1.7943051079644836,1.3399557922545688,0.07705201836195275,1.4667629443496282,1.4667629443496282,1.397316381585317
138,13,13,LM,0,5.563521170065407,38.1376953125,-174.7216796875,-194.04998779296875,1,13.039575175163023,2.0373084425022943,1.3429392850194126,0.3128633366955572,1.4870643617861472,1.4870643617861472,1.3945927849390345
138,14,14,LCX,1,6.226039755750676,38.582862854003906,-174.27684020996097,-194.25704956054688,0,17.736410455160083,2.3760628765440956,1.3443879277623434,0.770063180159725,1.3287304758804572,1.3287304758804572,1.304706291887522
138,15,15,LCX,1,6.821462571202479,38.9515380859375,-173.91275024414062,-194.55038452148438,1,7.84645143315564,1.5803806701660246,1.1910223385123146,0.06871746895687883,1.2655796806072726,1.2655796806072726,1.2782927744201775
138,16,16,LCX,1,7.441247082694334,39.35092544555664,-173.54440307617188,-194.84861755371094,1,6.107593946887176,1.3943125668552463,1.219596242971101,0.0748762794461998,1.2104340252854255,1.2104340252854255,1.2507985491479099
138,17,17,LCX,1,7.980763699759317,39.7548828125,-173.24119567871094,-195.0382537841797,1,5.28637208902611,1.2971910028916593,1.1346446350338506,0.03505013976336642,1.1715849651564596,1.1715849651564596,1.2268650833502384
138,18,18,LCX,1,8.464733764983723,40.15884017944336,-173.00865173339844,-195.16851806640625,1,5.280263833312794,1.2964413522416591,1.1804118015662142,0.018299613949107004,1.154913130579236,1.154913130579236,1.2053957149623697
138,19,19,LCX,1,8.92538243015742,40.5582275390625,-172.80162048339844,-195.26763916015625,1,6.245481051721771,1.4099639579565777,1.260642509052073,0.02719324444932306,1.161985676860479,1.161985676860479,1.1849609058685295
138,20,20,LCX,1,9.348425913570741,40.926902770996094,-172.60435485839844,-195.3319091796875,1,7.386753402428476,1.5333873074975992,1.2871558493511928,0.05720506588216864,1.1876342418187102,1.1876342418187102,1.1661942980923303
138,21,21,LCX,1,9.932273312445464,41.3720703125,-172.2958984375,-195.54998779296875,1,9.932310029495914,1.7780754975621724,1.277462466694746,0.1873479787677755,1.220877223724574,1.220877223724574,1.1402942770178277
138,22,22,LAD,2,6.2589292658699325,38.582862854003906,-175.13121032714844,-193.7069091796875,0,17.629290183380224,2.36887681228315,1.2669791873804646,0.7407809420976239,1.2638914611927137,1.2638914611927137,1.4152188441391043
138,23,23,LAD,2,6.743321573800215,38.9515380859375,-175.40339660644534,-193.5499725341797,0,16.2665547419826,2.2754791118625723,1.2170260019853927,0.8957063427168337,1.1914358855294205,1.1914358855294205,1.4134318757953042
138,24,24,LAD,2,7.2419776853825235,39.35092544555664,-175.65716552734375,-193.3926544189453,1,6.4255983579594025,1.4301508598692692,1.180242194090586,0.06703582801784415,1.1406820031201617,1.1406820031201617,1.4115922869511968
138,25,25,LAD,2,7.763313285221314,39.7548942565918,-175.92965698242188,-193.2073211669922,1,5.3215809329193124,1.3015036769350201,1.17020798345395,0.12078309004821883,1.1168593740172943,1.1168593740172943,1.4096690313623774
138,26,26,LAD,2,8.262217496054163,40.1591796875,-176.17604064941406,-193.04998779296875,1,5.009645157114091,1.2627824752435253,1.1470840861226974,0.16981524674199344,1.1185541820768228,1.1185541820768228,1.407828527257025
138,27,27,LAD,2,8.724004935640718,40.5634765625,-176.3342742919922,-192.8926544189453,1,5.337118578621609,1.3034023198193407,1.1590952023119576,0.13780523672194683,1.1409429341387325,1.1409429341387325,1.406124950378128
138,28,28,LAD,2,9.189104295497227,40.9677734375,-176.4703369140625,-192.7073211669922,1,6.089475257258027,1.3922428581453783,1.2777697156135768,0.06862267857218694,1.175578067989938,1.175578067989938,1.4044091555168585
138,29,29,LAD,2,9.65751707143496,41.3720703125,-176.6469879150391,-192.5500030517578,1,6.715626306575489,1.4620705336265123,1.3263852431738994,0.04134901122252036,1.2121131426052367,1.2121131426052367,1.4026811371550294
138,30,30,LAD,2,10.134093743938474,41.7763671875,-176.84457397460938,-192.39306640625,1,7.178973140235774,1.5116673321815681,1.3388215993510697,0.07884969169173323,1.245675110345731,1.245675110345731,1.400923001418324
138,31,31,LAD,2,10.622437097075291,42.1806640625,-177.05130004882812,-192.21337890625,1,7.257670872837525,1.5199303896864242,1.3156134963674546,0.10393916995529864,1.2813693366531744,1.2813693366531744,1.399121457300728
138,32,32,LAD,2,11.101668516789823,42.5849609375,-177.27926635742188,-192.09405517578125,1,7.562636579280667,1.551535364985343,1.3406617885800522,0.06787588131667369,1.326832607907185,1.326832607907185,1.3973535279542786
138,33,33,LAD,2,11.590886453228196,42.9892578125,-177.55209350585938,-192.05606079101565,1,8.11767143190876,1.6074623073553813,1.3897851199010067,0.03723124537505404,1.3805195198401192,1.3805195198401192,1.395548757417418
138,34,34,LAD,2,12.08105351405238,43.3935546875,-177.8291778564453,-192.05039978027344,1,8.828810198516369,1.6763942165934704,1.4493824997631046,0.10546880596503228,1.4309823245202455,1.4309823245202455,1.3937404854722895
138,35,35,LAD,2,12.561197775341402,43.79785156250001,-178.0881805419922,-192.0500030517578,1,9.25619754448403,1.7164903690028075,1.4840489648670108,0.12831353357485456,1.4674070471490963,1.4674070471490963,1.391969188568243
138,36,36,LAD,2,13.069319542469227,44.2021369934082,-178.39598083496094,-192.04998779296875,1,9.41964310885034,1.7315789112454794,1.4970942670143208,0.1429131490512636,1.4875908707140437,1.4875908707140437,1.3900946800391278
138,37,37,LAD,2,13.61955836311674,44.606117248535156,-178.76956176757812,-192.04998779296875,1,9.470965553483905,1.7362897129742099,1.5011671476756188,0.15759151512600558,1.4962456196353662,1.4962456196353662,1.3880647977764877
138,38,38,LAD,2,14.184844033643657,45.00583267211914,-179.16928100585938,-192.04998779296875,1,9.473852198671175,1.7365542937325849,1.5013958997896308,0.16858980102814283,1.4992347633712062,1.4992347633712062,1.3859794062830686
138,39,39,LAD,2,14.735085233562593,45.37942123413087,-179.57325744628906,-192.04998779296875,1,9.512111985931128,1.7400572644626406,1.4681733168903532,0.17724984737323465,1.5004655604050778,1.5004655604050778,1.3839495152430747
138,40,40,LAD,2,15.243386001299912,45.68754196166992,-179.97752380371094,-192.04998779296875,1,9.485970145720232,1.7376645468637046,1.5233286103708206,0.17479985866524997,1.502066865639365,1.502066865639365,1.3820743463640375
138,41,41,LAD,2,15.725750565382555,45.95112991333008,-180.38150024414062,-192.04998779296875,1,9.276673088658706,1.7183878360298024,1.521489229818054,0.17044356813057085,1.5053205585596716,1.5053205585596716,1.3802948585561703
138,42,42,LAD,2,16.230442404222206,46.25925064086915,-180.78121948242188,-192.04998779296875,1,9.146050034225858,1.7062468008543452,1.5462861632742504,0.16456709219224372,1.509669572345576,1.509669572345576,1.3784330033519987
138,43,43,LAD,2,16.758781810190786,46.63283920288086,-181.15481567382812,-192.04998779296875,1,9.083497687808308,1.700402045151966,1.5637686679478984,0.14673601696151967,1.5019386499441663,1.5019386499441663,1.3764839100699808
138,44,44,LAD,2,17.263470628001283,47.032554626464844,-181.4629364013672,-192.0500030517578,1,8.966539389690181,1.6894194661465098,1.5724774280741844,0.10167190018499515,1.474823736931266,1.474823736931266,1.3746220660106674
138,45,45,LAD,2,17.745834381004766,47.4365348815918,-181.7265167236328,-192.05039978027344,1,8.299314175470949,1.6253472707694434,1.5370088211412247,0.03711949484962585,1.425033046843113,1.425033046843113,1.3728425811949467
138,46,46,LAD,2,18.253987681730944,47.84082031250001,-182.03431701660156,-192.05606079101565,1,7.103780595459976,1.5037298935698147,1.4220014101579723,0.056713086056477485,1.3492441167571199,1.3492441167571199,1.37096795633545
138,47,47,LAD,2,18.802668416470674,48.2451171875,-182.40330505371094,-192.0940399169922,1,5.986892751778539,1.3804662800710448,1.3135592646603784,0.11663568241500259,1.2522308017205896,1.2522308017205896,1.368943821996855
138,48,48,LAD,2,19.36261620716475,48.6494140625,-182.77200317382812,-192.21298217773438,1,5.0312800584164625,1.2655062950271405,1.2013127295705013,0.12803885315803668,1.1475979119826294,1.1475979119826294,1.3668781224393485
138,49,49,LAD,2,19.897111446957837,49.0537109375,-183.07522583007812,-192.3870086669922,1,4.228738374273062,1.1601936177276129,1.0579971711349099,0.08308888247853004,1.0474367524034878,1.0474367524034878,1.364906319712953
138,50,50,LAD,2,20.378688513153865,49.4580078125,-183.30807495117188,-192.50634765625,1,3.6942301610325385,1.084393831638208,0.9640727969922663,0.04972663068610461,0.9569584356442368,0.9569584356442368,1.3631297370581426
138,51,51,LAD,2,20.83711152972126,49.86230468750001,-183.51971435546878,-192.54998779296875,1,3.2485895042204804,1.0168865007198582,0.9246777773661192,0.04269418415894455,0.8719290452841291,0.8719290452841291,1.3614385718491502
138,52,52,LAD,2,21.30345395945721,50.2666015625,-183.7480010986328,-192.5936279296875,1,2.760009016968139,0.9373036626714761,0.8611127130797305,0.09123555551666802,0.791168016782443,0.791168016782443,1.3597181911873066
138,53,53,LAD,2,21.805581841989518,50.6708984375,-184.0208282470703,-192.7129669189453,1,2.2004834896969414,0.836920336205749,0.7749256385512989,0.09363659349216268,0.7155886657377899,0.7155886657377899,1.3578657946567785
138,54,54,LAD,2,22.325528722359312,51.0751953125,-184.29759216308594,-192.8870086669922,1,1.757546933941808,0.7479602693363379,0.6890795833215394,0.04013780847664439,0.6484528662033288,0.6484528662033288,1.355947662183436
138,55,55,LAD,2,22.817727013756556,51.4794921875,-184.5516815185547,-193.00634765625,1,1.4675448022309248,0.6834720323230054,0.6285526135496212,0.13858146473660876,0.5918056902128367,0.5918056902128367,1.35413189683952
138,56,56,LAD,2,23.307237313719988,51.8837890625,-184.82418823242188,-193.04998779296875,1,1.2612943896032183,0.6336264464168571,0.5733232310734968,0.12180929604997455,0.540313030801163,0.540313030801163,1.352326047746382
138,57,57,LAD,2,23.782700599398403,52.2880859375,-185.07057189941406,-193.0936279296875,1,1.0387445577168894,0.5750153580043711,0.5170078075614545,0.15911423005668354,0.49614918839348027,0.49614918839348027,1.3505720193973838
138,58,58,LAD,2,24.232966393463578,52.6923828125,-185.2288055419922,-193.21298217773438,1,0.9094901793501937,0.5380517776889465,0.47023450479903933,0.11276141782343828,0.4619387731539192,0.4619387731539192,1.3489109469420255
138,59,59,LAD,2,24.69382695714619,53.0966796875,-185.3648681640625,-193.3874053955078,1,0.8156132693959437,0.5095270031621604,0.44904051249762084,0.18588784012491855,0.43571597115367866,0.43571597115367866,1.3472107893946739
138,60,60,LAD,2,25.15216570419746,53.50097656250001,-185.54119873046875,-193.5120086669922,1,0.7760692798653582,0.4970216535973846,0.4428319553736784,0.20916861330155645,0.41758838531909365,0.41758838531909365,1.345519935063776
138,61,61,LAD,2,25.60655758413084,53.9052734375,-185.73419189453125,-193.5879669189453,1,0.7307241299187813,0.48228281601794265,0.43270858175958304,0.13007911814200868,0.4066787596018949,0.4066787596018949,1.3438436410933159
138,62,62,LAD,2,26.064900479648415,54.3095703125,-185.9105224609375,-193.71258544921878,1,0.6751294342958131,0.4635734821902859,0.4184640544854191,0.15060604137071706,0.4026458314375019,0.4026458314375019,1.3421527714583394
138,63,63,LAD,2,26.525806588399462,54.7138671875,-186.04624938964844,-193.88739013671875,1,0.6937494262600259,0.4699226541814078,0.4156217521116076,0.20529431609574775,0.4057438052389674,0.4057438052389674,1.3404524458909879
138,64,64,LAD,2,26.97591835096619,55.1181640625,-186.19992065429688,-194.0120086669922,1,0.7497233030045827,0.48851237369049755,0.43923124447477135,0.18482162141645408,0.4159023491535693,0.4159023491535693,1.338791941672175
138,65,65,LAD,2,27.440390011548022,55.52246093750001,-186.4155731201172,-194.08798217773438,1,0.848601255514921,0.5197289380613479,0.46915513291866706,0.11868044572894533,0.4340715484644477,0.4340715484644477,1.3370784624519985
138,66,66,LAD,2,27.89871361954096,55.9267578125,-186.59158325195312,-194.21298217773438,1,0.9292667274125836,0.5438701924513635,0.48588030428883144,0.1513939381856625,0.45974664298529383,0.45974664298529383,1.3353876639704967
138,67,67,LAD,2,28.354473627814524,56.3310546875,-186.70037841796875,-194.39305114746094,1,1.0569203603120705,0.5800243094873405,0.5167849273275569,0.07131206242926211,0.492682224902415,0.492682224902415,1.3337063228471522
138,68,68,LAD,2,28.81333744381582,56.7353515625,-186.8502655029297,-194.5500030517578,1,1.2547635804600967,0.6319839020764841,0.5620133535873835,0.06287693606698916,0.5328909129501864,0.5328909129501864,1.3320135314879888
138,69,69,LAD,2,29.271051321519373,57.1396484375,-186.99620056152344,-194.7073211669922,1,1.493621193318061,0.6895175067007143,0.6096745556177516,0.06074946833647038,0.5796643441004165,0.5796643441004165,1.3303249823583194
138,70,70,LAD,2,29.723489527803007,57.54394531250001,-187.07920837402344,-194.89266967773438,1,1.7515934559656898,0.7466923821820546,0.6567784658068059,0.12934303368989103,0.6324094148114975,0.6324094148114975,1.3286558956719328
138,71,71,LAD,2,30.17247628067417,57.9482421875,-187.1943359375,-195.05039978027344,1,2.0473412593078586,0.8072725458168779,0.7304431608591185,0.13728783484669355,0.691414381501401,0.691414381501401,1.3269995417186784
138,72,72,LAD,2,30.652848714694365,58.3525390625,-187.3961639404297,-195.2133941650391,1,2.4705155390203126,0.886786062159776,0.8157365249705314,0.0654121965873225,0.7611441754857972,0.7611441754857972,1.3252274030641729
138,73,73,LAD,2,31.200728940435077,58.7568359375,-187.6905517578125,-195.43711853027344,1,3.06395041488477,0.987565546095422,0.9063658251873383,0.07101232150985244,0.8469347572924938,0.8469347572924938,1.3232062218778409
138,74,74,LAD,2,31.80077308921298,59.1611328125,-188.03277587890628,-195.7190399169922,1,3.6402288548663115,1.0764389590104246,0.9757776124724997,0.16016902103588665,0.9467748192808142,0.9467748192808142,1.320992603120495
138,75,75,LAD,2,32.42647095702133,59.56542968750001,-188.3359832763672,-196.0879669189453,1,4.427148021934275,1.1870993989471537,1.1311700043117217,0.14513337056330283,1.0535980978605637,1.0535980978605637,1.3186843454040704
138,76,76,LAD,2,33.062661858584384,59.9697265625,-188.59466552734375,-196.5055389404297,1,5.701956731639811,1.347215349627953,1.286167950083881,0.061664166436559885,1.1568562404016018,1.1568562404016018,1.316337377908727
138,77,77,LAD,2,33.65464420696106,60.3740234375,-188.87205505371094,-196.83726501464844,1,7.215643158402462,1.5155231943107754,1.355022553180318,0.07672000853082624,1.2400574365085062,1.2400574365085062,1.3141534998839963
138,78,78,LAD,2,34.17286340350682,60.7783203125,-189.14915466308594,-197.00552368164062,1,7.355315191501114,1.530120760414885,1.3383867972322552,0.09355349654269149,1.2968792896474246,1.2968792896474246,1.3122417409972098
138,79,79,LAD,2,34.65754339218004,61.1826171875,-189.40357971191406,-197.08753967285156,1,7.0997369689945895,1.5033018547635464,1.3580899234958166,0.050845080828981454,1.3348691295284696,1.3348691295284696,1.3104537113723524
138,80,80,LAD,2,35.16338208877848,61.58691406250001,-189.68067932128906,-197.21257019042972,1,7.159293330704505,1.509593933895113,1.376975466827976,0.0380258120951032,1.3619420269037315,1.3619420269037315,1.308587625303082
138,81,81,LAD,2,35.683931213821296,61.9912109375,-189.9580841064453,-197.38739013671875,1,7.280388374061532,1.5223073259763678,1.388213846267751,0.04468832191802475,1.37772193872375,1.37772193872375,1.3066672710930431
138,82,82,LAD,2,36.17998376380242,62.3955078125,-190.2170867919922,-197.5120086669922,1,7.610191621812781,1.5564058689737916,1.431343098798686,0.023288506847850905,1.3784518718556205,1.3784518718556205,1.304837287030197
138,83,83,LAD,2,36.69375385278267,62.7997932434082,-190.52488708496094,-197.58798217773438,1,7.828011097771272,1.5785225122173658,1.463421912368183,0.09043620660415802,1.3680737903751825,1.3680737903751825,1.3029419413156422
138,84,84,LAD,2,37.25801244575896,63.20377349853516,-190.89846801757812,-197.7129821777344,1,7.8265825952059975,1.5783784765030402,1.463288379258027,0.15409641465157087,1.3488217343423112,1.3488217343423112,1.3008603388069768
138,85,85,LAD,2,37.85128533673026,63.60348892211915,-191.29818725585938,-197.89305114746094,1,7.844196708521298,1.5801535879441213,1.486359912426942,0.16030153609764503,1.3272255181334798,1.3272255181334798,1.2986716998504042
138,86,86,LAD,2,38.42346182887131,63.97706604003907,-191.70216369628906,-198.04998779296875,1,7.677399908677582,1.5632633466945376,1.4779443084255817,0.1647473115450405,1.3138643705264348,1.3138643705264348,1.296560887474189
138,87,87,LAD,2,38.95526419466242,64.28486633300781,-192.1064453125,-198.20692443847656,1,7.405477136388503,1.5353294709672216,1.4332954097867712,0.14178352986232692,1.3145071392246652,1.3145071392246652,1.2945990190108205
138,88,88,LAD,2,39.468059705665105,64.54386138916016,-192.5107421875,-198.38699340820312,1,7.620594544483714,1.5574692876931562,1.4348626949823937,0.08403918504257156,1.324600195739955,1.324600195739955,1.2927072686052041
138,89,89,LAD,2,39.97389463089335,64.82096099853516,-192.91503906250003,-198.5120086669922,1,8.080612260759063,1.603788879191261,1.473421099231894,0.07814999261232013,1.3323622533724426,1.3323622533724426,1.2908411964488695
138,90,90,LAD,2,40.46758197382781,65.09379577636719,-193.3193359375,-198.58837890625,1,8.488165575808384,1.6437356899285047,1.4557891134186323,0.08633880012652703,1.3274595677728298,1.3274595677728298,1.2890199378551315
138,91,91,LAD,2,40.94979276335311,65.32208251953125,-193.72361755371097,-198.71864318847656,1,8.790644559601333,1.6727668902895163,1.4320720681666157,0.060062441008320505,1.3069377905863988,1.3069377905863988,1.2872410173359299
138,92,92,LAD,2,41.452735376735426,65.53337860107422,-194.12759399414062,-198.9310302734375,1,9.023210432889682,1.6947498593909096,1.389331844224584,0.03550054749267131,1.2744455546775644,1.2744455546775644,1.285385615187406
138,93,93,LAD,2,41.970488871007326,65.76133728027344,-194.5269775390625,-199.16893005371094,1,8.840925817511208,1.6775440652129912,1.3087406129968036,0.05681326224113112,1.2368797125987347,1.2368797125987347,1.2834755743196866
138,94,94,LAD,2,42.473130757074784,66.02925872802734,-194.89566040039062,-199.38092041015625,1,8.259572121213907,1.6214510359028451,1.2443390009141944,0.09306821664289917,1.202080655269648,1.202080655269648,1.2816212815822392
138,95,95,LAD,2,43.10099249609922,66.4384765625,-195.3408203125,-199.54998779296875,1,9.130958089684661,1.7048384763010505,1.1882672215169234,0.31480169950071696,1.1762623957158154,1.1762623957158154,1.27930504114334
138,96,96,OM1,5,10.516725522152045,41.817237854003906,-172.6089324951172,-195.3368682861328,1,15.03702622904867,2.187792062219615,1.1311786424231571,0.3162994478219308,0.9760789456980291,0.9760789456980291,0.9569747965108585
138,97,97,OM1,5,11.06003984644743,42.1859130859375,-172.8319854736328,-195.0059356689453,1,4.555545311754203,1.204190645076427,0.9085397523724293,0.37340706238116006,0.8377659154871311,0.8377659154871311,0.9500699633481592
138,98,98,OM1,5,11.693113901422912,42.58530044555664,-173.09959411621097,-194.5940399169922,1,2.1248289433865875,0.8224074775495471,0.7331372300447251,0.44838568265557255,0.7105415129594365,0.7105415129594365,0.9420243983156007
138,99,99,OM1,5,12.268581186285218,42.9892692565918,-173.34136962890625,-194.2631072998047,1,1.2180065584089288,0.6226584368482103,0.5761020468911585,0.17309736019035296,0.6152362879607419,0.6152362879607419,0.9347109419701988
138,100,100,OM1,5,12.72383205562436,43.3935546875,-173.4731597900391,-194.1005096435547,1,0.9082470121009536,0.537683924856065,0.4884203619055147,0.2266278932372283,0.5609111823424082,0.5609111823424082,0.9289252831730793
138,101,101,OM1,5,13.135883276399236,43.79785156250001,-173.53916931152344,-194.05609130859375,1,0.8860490163892866,0.5310726518661393,0.4764832715743049,0.3190292661902457,0.54509968367118,0.54509968367118,0.9236886368953894
138,102,102,OM1,5,13.552777972526059,44.2021484375,-173.64024353027344,-194.0447235107422,1,1.1621693351798148,0.6082187014613893,0.5385269752522718,0.20420272100384482,0.5581620437882692,0.5581620437882692,0.9183904362140377
138,103,103,OM1,5,13.982247146205207,44.6064453125,-173.78128051757812,-194.01161193847656,1,1.5521535491629568,0.7028981573270963,0.6516451666886622,0.19089843810556,0.5875850645985401,0.5875850645985401,0.9129324299363224
138,104,104,OM1,5,14.40676467958638,45.0107421875,-173.87747192382812,-193.9249725341797,1,1.800806346503835,0.757109280880035,0.7183619694361478,0.234246686510577,0.6208276874191002,0.6208276874191002,0.907537352700987
138,105,105,OM1,5,14.822765212304626,45.4150390625,-173.9081726074219,-193.8319244384766,1,1.9887016842652405,0.7956276809990849,0.750938765335946,0.21054700537256363,0.647527845670652,0.647527845670652,0.9022505156978604
138,106,106,OM1,5,15.232102133676092,45.81933593750001,-173.91275024414062,-193.76805114746094,1,2.1426204050458693,0.8258433612164101,0.7587127263848129,0.1409670296329088,0.6617064396562168,0.6617064396562168,0.897048364708986
138,107,107,OM1,5,15.646968393966143,46.2236328125,-173.91307067871094,-193.6750030517578,1,2.126594199268911,0.8227490246292587,0.7589384332590462,0.13958219610979122,0.663097348636105,0.663097348636105,0.8917759428639503
138,108,108,OM1,5,16.060441133879003,46.6279296875,-173.91310119628906,-193.58837890625,1,1.8072346677517561,0.7584593999677651,0.7050837154784683,0.15846476654316988,0.6559875927434232,0.6559875927434232,0.8865212308882906
138,109,109,OM1,5,16.466060814645726,47.0322265625,-173.91342163085938,-193.55564880371094,1,1.4838719835443532,0.687263502736264,0.6331609679185385,0.14349379210600682,0.6460619411003248,0.6460619411003248,0.8813663212936764
138,110,110,OM1,5,16.87042344636197,47.4365234375,-173.91799926757812,-193.5499725341797,1,1.2594914838537792,0.6331734287499359,0.5739632994653211,0.06333987394675189,0.6381444514214031,0.6381444514214031,0.8762273871916689
138,111,111,OM1,5,17.275929311520674,47.84082031250001,-173.94869995117188,-193.54393005371097,1,1.3245792497284967,0.6493278603467502,0.5898352803290356,0.03113147506193434,0.6363911960590833,0.6363911960590833,0.8710739240484912
138,112,112,OM1,5,17.693241410253634,48.2451171875,-174.0448760986328,-193.5059356689453,1,1.754752698563824,0.7473654606419475,0.7067457682930414,0.14753910994265287,0.6448909899566083,0.6448909899566083,0.8657704187115687
138,113,113,OM1,5,18.137543529018192,48.6494140625,-174.1855926513672,-193.38699340820312,1,2.3229939479625688,0.8599022846705315,0.8246025881946736,0.24844278365299527,0.6660190423495033,0.6660190423495033,0.8601239045912541
138,114,114,OM1,5,18.588082897780172,49.0537109375,-174.28176879882812,-193.21298217773438,1,2.7988737110446475,0.943879850619466,0.8869917598248477,0.29275217338625903,0.6972169784260944,0.6972169784260944,0.8543981229664759
138,115,115,OM1,5,19.01062964844612,49.4580078125,-174.31246948242188,-193.0940399169922,1,2.9387791104379275,0.9671827356620869,0.8966589945200597,0.2955785394705637,0.7297926865221395,0.7297926865221395,0.8490280918697016
138,116,116,OM1,5,19.41672877540264,49.86230468750001,-174.3167266845703,-193.05606079101562,1,2.8032282361318153,0.9446138156888806,0.8560562704680479,0.274511942639291,0.7520802015538631,0.7520802015538631,0.8438670891245796
138,117,117,OM1,5,19.821087692637708,50.2666015625,-174.31246948242188,-193.05039978027344,1,2.6248473824666254,0.914065025894095,0.8102136517579526,0.26042152184403494,0.7551290626544936,0.7551290626544936,0.8387282022288977
138,118,118,OM1,5,20.226548729608467,50.6708984375,-174.28176879882812,-193.0500030517578,1,2.502277040616695,0.8924682179209593,0.790206234617516,0.23631409799488856,0.7372234286028054,0.7372234286028054,0.8335753087949008
138,119,119,OM1,5,20.642127620684548,51.0751953125,-174.1855926513672,-193.04998779296875,1,2.3806026311300954,0.870499484528195,0.7810201501324688,0.17594977155355548,0.7053801953140053,0.7053801953140053,0.8282938303200947
138,120,120,OM1,5,21.070213022617633,51.4794921875,-174.0448760986328,-193.04998779296875,1,2.158623189581916,0.8289216499703159,0.7395424485306735,0.17567513020693182,0.6734176176049945,0.6734176176049945,0.8228534100190683
138,121,121,OM1,5,21.485791913413586,51.8837890625,-173.94869995117188,-193.04998779296875,1,1.8779835778574796,0.7731628152742748,0.6762805465062977,0.17219851944899836,0.6562032844073553,0.6562032844073553,0.8175719315478223
138,122,122,OM1,5,21.891252756292264,52.2880859375,-173.91799926757812,-193.04998779296875,1,1.7514922593849207,0.7466708121633017,0.6412858818030639,0.07573491598965958,0.6620720317577667,0.6620720317577667,0.8124190405804886
138,123,123,OM1,5,22.2955755455247,52.6923828125,-173.91342163085938,-193.04998779296875,1,1.7672365178801128,0.7500192363308139,0.6464047480819493,0.1438921032560272,0.6886350775409543,0.6886350775409543,0.8072806128257118
138,124,124,OM1,5,22.699872547508487,53.0966796875,-173.91310119628906,-193.04998779296875,1,1.8807716323762813,0.7737365212004642,0.6947583122267222,0.1925630527106187,0.7253617427067581,0.7253617427067581,0.8021425127940258
138,125,125,OM1,5,23.10416942279644,53.50097656250001,-173.91308593750003,-193.04998779296875,1,2.0351529129277637,0.8048660087745328,0.7537783580627377,0.21991660403991983,0.7606380542059468,0.7606380542059468,0.7970044143724826
138,126,126,OM1,5,23.508466298084375,53.9052734375,-173.91307067871094,-193.04998779296875,1,2.2162577102070964,0.8399147215580695,0.8075012778466849,0.25363768383396323,0.7880050271931898,0.7880050271931898,0.7918663159509396
138,127,127,OM1,5,23.912763300068164,54.3095703125,-173.91275024414062,-193.04998779296875,1,2.434237878036155,0.8802510902588878,0.8322091678183158,0.3078312753415847,0.8079941060877789,0.8079941060877789,0.7867282159192536
138,128,128,OM1,5,24.317086089300595,54.7138671875,-173.9081726074219,-193.04998779296875,1,2.615203092198729,0.9123842384792029,0.8382189233409462,0.35689567403488426,0.8254700844719278,0.8254700844719278,0.7815897881644768
138,129,129,OM1,5,24.722546932179277,55.1181640625,-173.87747192382812,-193.04998779296875,1,2.711566999298044,0.9290417552114022,0.8406234050236818,0.3666947023418501,0.845113047984726,0.845113047984726,0.7764368971971431
138,130,130,OM1,5,25.138125822975237,55.52246093750001,-173.7812957763672,-193.04998779296875,1,2.810318439260576,0.9458076667807479,0.8326086102290318,0.3201018960326273,0.8681482326026594,0.8681482326026594,0.771155418725897
138,131,131,OM1,5,25.566211224908315,55.9267578125,-173.6405792236328,-193.04998779296875,1,2.894874600320442,0.9599308332084904,0.8186749854518435,0.2524245916339055,0.8919836107915192,0.8919836107915192,0.7657149984248707
138,132,132,OM1,5,25.981790115704268,56.3310546875,-173.54440307617188,-193.04998779296875,1,2.8092548264473365,0.9456286713439458,0.7978741914464543,0.20969914905300724,0.912272066890546,0.912272066890546,0.7604335199536246
138,133,133,OM1,5,26.387276514772278,56.7353515625,-173.51336669921875,-193.04998779296875,1,2.743031793589902,0.9344164692556104,0.7843677968713924,0.19714448134807042,0.9251981041437444,0.9251981041437444,0.7552803041996696
138,134,134,OM1,5,26.79167703673841,57.1396484375,-173.50421142578125,-193.04998779296875,1,2.7401303854664616,0.9339221547466234,0.7879968180674635,0.19187585534827212,0.9282835698449091,0.9282835698449091,0.7501408885608386
138,135,135,OM1,5,27.197163435806427,57.54394531250001,-173.47317504882812,-193.04998779296875,1,2.7659242262841848,0.9383075325614242,0.7916969805987016,0.17774712635233317,0.9197348462587424,0.9197348462587424,0.7449876728068837
138,136,136,OM1,5,27.61282014366294,57.9482421875,-173.3766632080078,-193.0500030517578,1,2.7060213378663884,0.9280912369304858,0.804481211819432,0.16054088351222404,0.8975789676311,0.8975789676311,0.7397052053798963
138,137,137,OM1,5,28.042432203569458,58.3525390625,-173.2313690185547,-193.05039978027344,1,2.596090996856179,0.9090442397001667,0.8110257499905333,0.10478068843341892,0.8599288678596763,0.8599288678596763,0.7342453832001936
138,138,138,OM1,5,28.466308611899002,58.7568359375,-173.10415649414062,-193.0560760498047,1,2.439591635994428,0.8812185517726655,0.8038031284172792,0.05093968629553251,0.8070594844359981,0.8070594844359981,0.7288584538478055
138,139,139,OM1,5,28.893172710114335,59.1611328125,-172.97268676757812,-193.09445190429688,1,2.199623853099623,0.8367568454021108,0.7910887310273783,0.0404226946112093,0.7438587933292985,0.7438587933292985,0.7234335547617278
138,140,140,OM1,5,29.351505587071163,59.56542968750001,-172.79637145996094,-193.21905517578125,1,1.8725051752544513,0.7720342668650164,0.7425851413236997,0.16427197396254636,0.6795041590917433,0.6795041590917433,0.7176087275726579
138,141,141,OM1,5,29.84881441549904,59.9697265625,-172.59910583496094,-193.43106079101562,1,1.6495690747060627,0.7246200000151718,0.685072036684189,0.24167762568416448,0.6235101991184737,0.6235101991184737,0.7112885656754261
138,142,142,OM1,5,30.35991867237209,60.3740234375,-172.39663696289062,-193.66934204101562,1,1.752748810407871,0.7469386014591185,0.6959238810305066,0.2237698872360266,0.5815991851010613,0.5815991851010613,0.7047930814508373
138,143,143,OM1,5,30.861485483440536,60.7783203125,-172.19480895996094,-193.8870086669922,1,1.8783455340710524,0.7732373200796688,0.7159599284335284,0.2334977534922898,0.5549345344662036,0.5549345344662036,0.6984188060166931
138,144,144,OM1,5,31.344062002881145,61.1826171875,-171.98777770996094,-194.04998779296875,1,1.731432780572803,0.7423827660439143,0.6916792019400276,0.225994300446825,0.5421677534760478,0.5421677534760478,0.692285873005411
138,145,145,OM1,5,31.83598859339416,61.58691406250001,-171.7598114013672,-194.21298217773438,1,1.4807189283624034,0.6865329369791526,0.6281556772787499,0.1652201850478432,0.541189980587438,0.541189980587438,0.6860341124979132
138,146,146,OM1,5,32.37008519776245,61.9912109375,-171.48731994628906,-194.43104553222656,1,1.3818422988728902,0.6632149462113903,0.6300227277829047,0.12637477169026062,0.5492499391906586,0.5492499391906586,0.6792464248169193
138,147,147,OM1,5,32.91511498323031,62.3955078125,-171.21511840820312,-194.67498779296878,1,1.5115205020816167,0.6936367341642637,0.6281154596153835,0.13062329050019203,0.5628306402888164,0.5628306402888164,0.6723197903273209
138,148,148,OM1,5,33.440467151412754,62.7998046875,-170.9914245605469,-194.92498779296875,1,1.730809886427193,0.742249215529676,0.6492406194472891,0.1383075274694463,0.5783133669272228,0.5783133669272228,0.6656432332943978
138,149,149,OM1,5,33.94601213641641,63.2041015625,-170.8108367919922,-195.16893005371094,1,1.9153441817934362,0.7808155918713806,0.6540349688459203,0.17530881304251564,0.5929259135173232,0.5929259135173232,0.6592184003356559
138,150,150,OM1,5,34.42389243706286,63.60839843750001,-170.67904663085938,-195.38697814941406,1,1.7702767915198632,0.7506641086547923,0.6514275304534567,0.14935448567162665,0.605218704630995,0.605218704630995,0.6531451502847143
138,151,151,OM1,5,34.877939369196596,64.0126953125,-170.55151367187503,-195.54957580566406,1,1.582686367392389,0.7097779353215401,0.6432362538851457,0.1117086088737157,0.6144511615252609,0.6144511615252609,0.6473747919962872
138,152,152,OM1,5,35.33693380484312,64.41699218750001,-170.40162658691406,-195.7069091796875,1,1.4250589815583283,0.6735060224118417,0.596333457343818,0.06578409554932624,0.619062506031813,0.619062506031813,0.6415415572387524
138,153,153,OM1,5,35.79743943659728,64.8212890625,-170.27442932128906,-195.88699340820312,1,1.608671341792332,0.7155808771292335,0.6525484472184988,0.15921531983540455,0.6160637621633245,0.6160637621633245,0.6356891171031648
138,154,154,OM1,5,36.239234146388696,65.2255859375,-170.1475372314453,-196.01199340820312,1,1.881328904333281,0.7738511416368152,0.7261495086644283,0.2311584995441968,0.603417224147132,0.603417224147132,0.6300744689577674
138,155,155,OM1,5,36.67551196952219,65.6298828125,-170.0022430419922,-196.0879669189453,1,1.8422883696442505,0.7657797341658911,0.7155918367098804,0.3341677933051918,0.5836473917107845,0.5836473917107845,0.6245299334161559
138,156,156,OM1,5,37.1094443738964,66.0341796875,-169.90574645996097,-196.21258544921875,1,1.458269175023083,0.6813086636223907,0.39033308853366133,0.3763853647132901,0.5635801691437577,0.5635801691437577,0.6190152051601346
138,157,157,OM1,5,37.550982719935796,66.4384765625,-169.87503051757812,-196.38739013671875,1,1.2524281795747545,0.6313954951484942,0.5357792798497876,0.35086045453249487,0.549217211731501,0.549217211731501,0.6134038150715517
138,158,158,OM1,5,37.97407569822896,66.8427734375,-169.8707733154297,-196.51202392578128,1,0.9114071616971707,0.5386185198328387,0.49834582397994265,0.31733786021332494,0.5418046720006608,0.5418046720006608,0.6080268421172447
138,159,159,OM1,5,38.385541735830614,67.2470703125,-169.8750457763672,-196.58837890625,1,0.6133450404594001,0.441852679091147,0.38864642470044064,0.18119668392345534,0.5391852686756357,0.5391852686756357,0.6027976327724681
138,184,160,LCX,6,10.768417572178262,41.8169059753418,-171.85073852539062,-196.10052490234375,1,6.18882545209416,1.4035541761070143,1.2719709720969816,0.12942945831420347,1.266630636187987,1.266630636187987,1.171004997470944
138,185,161,LCX,6,11.458632387539119,42.18100357055664,-171.4820556640625,-196.55648803710938,1,5.94510282231528,1.37563985211323,1.2753327795633072,0.10789814200684941,1.2554896000894906,1.2554896000894906,1.168643850537288
138,186,162,LCX,6,12.193067775192386,42.5496826171875,-171.08267211914062,-197.0504150390625,1,5.664372652657298,1.342767967435149,1.2526046145349707,0.02468656022409627,1.2378986160944132,1.2378986160944132,1.1661314300198884
138,187,163,LCX,6,12.905282882357644,42.85747528076172,-170.67903137207034,-197.5500030517578,1,5.192160751444036,1.285580062788816,1.1992567279359096,0.048688969128900896,1.2125606592749625,1.2125606592749625,1.1636950225725813
138,188,164,LCX,6,13.597529464087774,43.121051788330085,-170.27932739257812,-198.0499725341797,1,4.991221061984277,1.2604582532390172,1.1662133470599245,0.13108384783887786,1.1817733496676806,1.1817733496676806,1.1613269251956346
138,189,165,LCX,6,14.293133669810603,43.42917251586914,-169.90606689453125,-198.54957580566406,1,4.882653223224386,1.2466742925718302,1.1603791861716053,0.18375291268478003,1.1513129216761657,1.1513129216761657,1.1589473417662035
138,190,166,LCX,6,14.983117624661125,43.80276107788086,-169.60252380371094,-199.04391479492188,1,5.333544270815609,1.3029657976322806,1.2351029956722661,0.18698376681899492,1.1281969858357699,1.1281969858357699,1.156586984580281
138,191,167,LCX,6,15.636923044723174,44.202476501464844,-169.36965942382812,-199.5059356689453,1,5.551214240544057,1.3292879195604754,1.2519006409050277,0.1846377868030118,1.1179391357957151,1.1179391357957151,1.1543503900760324
138,192,168,LCX,6,16.23122623723677,44.6064567565918,-169.15802001953125,-199.88699340820312,1,5.47887963250877,1.3205989369367805,1.2485239206084744,0.12052183842387136,1.1217889661335112,1.1217889661335112,1.1523173459723184
138,193,169,LCX,6,16.79851890542611,45.0107307434082,-168.9297332763672,-200.21298217773438,1,5.164667457539923,1.2821718724830382,1.2292505863445993,0.07678423918564924,1.1346819149370582,1.1346819149370582,1.1503767018218731
138,194,170,LCX,6,17.417266047934177,45.414710998535156,-168.65689086914062,-200.5940399169922,1,5.054853575115777,1.268467526652074,1.2288279164441969,0.04889892494993811,1.146404560132486,1.146404560132486,1.1482600377258156
138,195,171,LCX,6,18.08809497189612,45.81442642211914,-168.3798065185547,-201.05606079101562,1,4.8847525347640985,1.2469422694642858,1.2046544715943288,0.06396037303449541,1.1471131687281984,1.1471131687281984,1.1459652077372817
138,196,172,LCX,6,18.75967656864138,46.18801498413086,-168.1208038330078,-201.55039978027344,1,4.6659489069838695,1.218695066668204,1.1612770632690004,0.12188165686702589,1.1333227436539994,1.1333227436539994,1.1436678029401597
138,197,173,LCX,6,19.4224607205104,46.49613571166992,-167.81300354003906,-202.0500030517578,1,4.571273232315996,1.2062675749159113,1.1426213728048629,0.10969323430524515,1.1095208399438,1.1095208399438,1.1414004932084159
138,198,174,LCX,6,20.09997534243327,46.75972366333008,-167.43942260742188,-202.54998779296875,1,4.598595261890833,1.2098670730364516,1.1460309508863982,0.18127564086667144,1.0851015736006122,1.0851015736006122,1.1390827922022098
138,199,175,LCX,6,20.81039676218011,47.06784439086914,-167.03970336914062,-203.0499725341797,1,4.581872074499253,1.207665176504873,1.1151245530921117,0.1994566766086323,1.0692080194744853,1.0692080194744853,1.1366525207569906
138,200,176,LCX,6,21.553611944321926,47.44143295288087,-166.63572692871097,-203.54957580566406,1,4.917254088866572,1.251083765926126,1.1337946628705518,0.1626783813845738,1.065293504502142,1.065293504502142,1.1341100655541951
138,201,177,LCX,6,22.3069916508726,47.84114074707031,-166.2314453125,-204.04391479492188,1,4.932423223665816,1.2530120011138568,1.1355421260094327,0.07169967735573443,1.0681238091556495,1.0681238091556495,1.1315328386613317
138,202,178,LCX,6,23.041731960580172,48.24479675292969,-165.82714843750003,-204.50592041015625,1,4.6958965321747215,1.2225998080677885,1.1079810760614333,0.005043963908142516,1.0668761278928702,1.0668761278928702,1.1290193750400208
138,203,179,LCX,6,23.725930438801523,48.64449310302735,-165.4228515625,-204.8865966796875,1,4.383422606494483,1.1812225662290379,1.1124552220429156,0.019329404831867875,1.0530771420350327,1.0530771420350327,1.1266788093162616
138,204,180,LCX,6,24.362621400592023,49.01776123046875,-165.0185546875,-205.20689392089844,1,4.288864795045213,1.1684126260737293,1.1233220044726961,0.06645690078063461,1.0261719701964283,1.0261719701964283,1.1245007614409317
138,205,181,LCX,6,24.97336507862615,49.321292877197266,-164.6142578125,-205.549560546875,1,4.270648459375229,1.165928653492447,1.0919230983377608,0.1150440438815714,0.9920987208663862,0.9920987208663862,1.1224114762929647
138,206,182,LCX,6,25.548802111359993,49.55384063720703,-164.2099609375,-205.8865966796875,1,3.982759220853081,1.125944774084052,1.0490445338825845,0.09755675188535239,0.9583038621559952,0.9583038621559952,1.1204429711911998
138,207,183,LCX,6,26.08064467301202,49.76089096069336,-163.8056640625,-206.16323852539062,1,3.4784391564059023,1.0522459655293543,0.9400507639767715,0.09867845055832823,0.9308476966775113,0.9308476966775113,1.1186235978516466
138,208,184,LCX,6,26.58284482891791,49.95846939086914,-163.4013671875,-206.38619995117188,1,3.188169651507076,1.0073856852793934,0.9150872068833179,0.05636772158903549,0.9142340937062083,0.9142340937062083,1.1169056278344731
138,209,185,LCX,6,27.051268015288837,50.13480758666992,-162.9970703125,-206.5438995361328,1,3.1940655769009076,1.008316741032743,0.9101994136172094,0.0556568951438405,0.9110425054775694,0.9110425054775694,1.1153032050154632
138,210,186,LCX,6,27.49449981709232,50.2666015625,-162.5927734375,-206.66891479492188,1,3.4762257303046256,1.0519111257907818,0.9513001394488989,0.038470227997065023,0.9208290796372318,0.9208290796372318,1.113786959078059
138,211,187,LCX,6,27.931045479641806,50.39839553833008,-162.18847656250003,-206.76763916015625,1,3.6827796855699613,1.082711957333875,0.9781270439095213,0.04232993990994561,0.9404957444464839,0.9404957444464839,1.1122935856679406
138,212,188,LCX,6,28.376719053889683,50.57472229003906,-161.7841796875,-206.8314971923828,1,4.00502249411712,1.1290873545771125,1.0362514122591637,0.05945103638794216,0.966439751879026,0.966439751879026,1.1107689867027668
138,213,189,LCX,6,28.834982632345135,50.77197265625001,-161.3798828125,-206.91891479492188,1,4.514690792539929,1.198778842125766,1.1044089624702322,0.10581034798542174,0.9967116191555707,0.9967116191555707,1.1092013187550562
138,214,190,LCX,6,29.28965124855633,50.97412109375,-160.9755859375,-206.9679412841797,1,4.812591200288864,1.2376976032993927,1.153164822312926,0.1429947694390284,1.0316527512919946,1.0316527512919946,1.1076459487671846
138,215,191,LCX,6,29.746727499630687,51.17137145996094,-160.5712890625,-206.88697814941406,1,5.175445569123113,1.28350905336035,1.20439115266096,0.08508377875455257,1.0721352471673382,1.0721352471673382,1.1060823425323532
138,216,192,LCX,6,30.20841543507425,51.34769821166992,-160.1669921875,-206.7505645751953,1,5.493103328159596,1.3223120264076413,1.2182174074386636,0.03118798764567499,1.1162886351088324,1.1162886351088324,1.1045029602461172
138,217,193,LCX,6,30.635310268675408,51.4794921875,-159.7626953125,-206.7129669189453,1,5.889409114577514,1.3691811950764399,1.2408204580380235,0.04631295773546347,1.158339354030067,1.158339354030067,1.103042601231911
138,218,194,LCX,6,31.0608865642312,51.61127471923829,-159.3583984375,-206.73007202148438,1,6.310481215984087,1.4172821023440758,1.3139386157148203,0.05889362864173154,1.1913588197416558,1.1913588197416558,1.1015867527874483
138,219,195,LCX,6,31.50603994447023,51.78728485107422,-158.95411682128906,-206.66893005371097,1,6.49942920838862,1.4383436903542166,1.3647321888960333,0.03893075261130546,1.210422679627766,1.210422679627766,1.1000639333472306
138,220,196,LCX,6,31.961990498441054,51.97995376586914,-158.55014038085938,-206.5819091796875,1,6.241799990322629,1.4095483831715678,1.345676439203635,0.004488019522011291,1.2130460701720014,1.2130460701720014,1.0985041779950593
138,221,197,LCX,6,32.402261842138444,52.15138244628906,-158.15075683593753,-206.5115966796875,1,6.051810822746058,1.387930550926137,1.3124958205977613,0.03766536835125848,1.199052137533455,1.199052137533455,1.0969980594504953
138,222,198,LCX,6,32.80413948841886,52.25213623046875,-157.78207397460938,-206.38739013671875,1,6.5496565832819424,1.443890730480458,1.3422786256394859,0.026620629705442468,1.1721225959385446,1.1721225959385446,1.0956232814087872
138,223,199,LCX,6,33.36387163003023,52.2880859375,-157.3369140625,-206.04998779296875,1,9.35175118248438,1.725327462980791,1.2558978612942877,0.33081508542291893,1.1402982896847036,1.1402982896847036,1.0937085009659138
138,224,200,LAD,3,43.5765029361211,66.4737777709961,-195.78598022460938,-199.71337890625003,1,6.0727440347507,1.390328904441244,1.1441248276131069,0.13485070494398652,1.108786723343684,1.108786723343684,1.0749950460634685
138,225,201,LAD,3,43.99681512948112,66.56568908691408,-196.1546630859375,-199.89306640625,1,5.384362620077499,1.3091584521245416,1.1591507128186045,0.08379552567485055,1.0994373958514148,1.0994373958514148,1.074239189375357
138,226,202,LAD,3,44.44095981464499,66.68026733398439,-196.55404663085938,-200.0500030517578,1,5.268422873539764,1.2949869054336116,1.1735818830492104,0.08313915299901367,1.09157958763163,1.09157958763163,1.0734404741915626
138,227,203,LAD,3,44.87557446196592,66.71099090576172,-196.95802307128906,-200.2073211669922,1,5.347752918823457,1.3047002042345703,1.1602493905284221,0.08466253357240419,1.083801329808371,1.083801329808371,1.072658897085025
138,228,204,LAD,3,45.32052419006418,66.69747924804688,-197.36230468750003,-200.3926696777344,1,5.236047230232356,1.2910017807533085,1.1508668091691394,0.1737388695897516,1.0769315585095272,1.0769315585095272,1.0718587341747652
138,229,205,LAD,3,45.75780439814052,66.75118255615234,-197.7666015625,-200.55038452148438,1,5.124322926123776,1.2771541204504053,1.2074502145100106,0.2162726225671416,1.07320207558538,1.07320207558538,1.071072363531527
138,230,206,LAD,3,46.20413279882011,66.84767150878906,-198.1708984375,-200.71299743652344,1,5.1010882994422255,1.2742554045437364,1.2165140947940685,0.20700670693614096,1.0742956551360259,1.0742956551360259,1.070269721323955
138,231,207,LAD,3,46.67948715150639,66.96998596191406,-198.5751953125,-200.93104553222656,1,5.075924047013186,1.2711084948509837,1.187802212445206,0.17202763110228905,1.0812065356849303,1.0812065356849303,1.069414881106666
138,232,208,LAD,3,47.17343919783825,67.11495971679688,-198.9794921875,-201.1750030517578,1,5.053368218545491,1.2682811448925668,1.149379787558889,0.1347995672421096,1.0940303676029286,1.0940303676029286,1.0685265962466868
138,233,209,LAD,3,47.65868463111986,67.21144104003906,-199.3837890625,-201.42539978027344,1,5.031830753926469,1.2655755507192892,1.1732940001460077,0.11578737813506156,1.1105513979659312,1.1105513979659312,1.0676539686809965
138,234,210,LAD,3,48.13481615222189,67.24215698242188,-199.7880859375,-201.6750030517578,1,5.078062960718641,1.2713762791009096,1.184543298034993,0.11232824171818777,1.1259959727985112,1.1259959727985112,1.066797730864604
138,235,211,LAD,3,48.61339196609938,67.2467498779297,-200.1923828125,-201.93104553222656,1,5.069871060505136,1.2703503769574298,1.196394270710588,0.11313652532537323,1.134818594073833,1.134818594073833,1.0659370974225995
138,236,212,LAD,3,49.106286118964086,67.24739074707031,-200.5966796875,-202.21298217773438,1,5.024921748379796,1.2647063966823398,1.2014110635382593,0.11573148761403822,1.1327676092821932,1.1327676092821932,1.0650507149957757
138,237,213,LAD,3,49.63264136261939,67.25198364257812,-201.00097656250003,-202.54998779296875,1,4.819147574086852,1.2385403973268199,1.0702068555972033,0.13580116127969488,1.1188333661425178,1.1188333661425178,1.064104158751335
138,238,214,LAD,3,50.159881377364904,67.2826919555664,-201.4052734375,-202.8870086669922,1,4.7416999659133605,1.2285479137858508,1.1389662950722992,0.1518559470842258,1.0972881652369728,1.0972881652369728,1.0631560114035272
138,239,215,LAD,3,50.66229204712552,67.37886047363281,-201.8095703125,-203.16934204101562,1,4.564865425880387,1.2054218324538124,1.1063095084579497,0.12989536163970192,1.0772667246900123,1.0772667246900123,1.0622525152144646
138,240,216,LAD,3,51.164034838464076,67.51957702636719,-202.2138671875,-203.43104553222656,1,4.341051637786763,1.1754997459556777,1.0652966447723329,0.09788474429253359,1.067574577666795,1.067574577666795,1.0613502200858997
138,241,217,LAD,3,51.66942256969857,67.6157455444336,-202.6181640625,-203.71864318847656,1,4.153927927007987,1.149885353268569,1.0639080216457033,0.13116047432415856,1.0696133990086052,1.0696133990086052,1.060441370181524
138,242,218,LAD,3,52.218152377522934,67.64646911621094,-203.0224609375,-204.08837890625,1,4.2913105141610774,1.1687457214218655,1.0813581934497412,0.14882695704827742,1.0749871968182623,1.0749871968182623,1.0594545772648238
138,243,219,LAD,3,52.803775961517225,67.65135955810547,-203.4267578125,-204.51202392578125,1,4.640476738778321,1.2153639876839595,1.1493083377088347,0.12614341839020712,1.0713630505429934,1.0713630505429934,1.0584014374566741
138,244,220,LAD,3,53.35547868734476,67.65594482421876,-203.83103942871094,-204.8874053955078,1,4.795713598830518,1.2355254144750722,1.1440041295914647,0.0867056809549143,1.0521444830185982,1.0521444830185982,1.0574092982759555
138,245,221,LAD,3,53.87500463138391,67.68240356445312,-204.23501586914065,-205.21299743652344,1,4.562938876096445,1.2051674382897397,1.0933236591098312,0.02789672622486156,1.0209546703524635,1.0209546703524635,1.0564750233116478
138,246,222,LAD,3,54.431668991127125,67.75244903564453,-204.63473510742188,-205.5940399169922,1,4.251053983063393,1.163250836883455,1.061332352610754,0.06311012364516137,0.9876740198935393,0.9876740198935393,1.0554739615152202
138,247,223,LAD,3,55.03058544617674,67.82770538330078,-205.00833129882812,-206.05606079101562,1,4.017727581827427,1.130876832059515,1.0484170630551755,0.13004773807546458,0.9612598413506387,0.9612598413506387,1.054396916843852
138,248,224,LAD,3,55.615402040633896,67.87967681884766,-205.3164520263672,-206.55039978027347,1,3.871229530059242,1.110067849775178,1.045189902731756,0.14406085011569175,0.9450278201817524,0.9450278201817524,1.0533452282627869
138,249,225,LAD,3,56.18591501481156,67.9598159790039,-205.5800323486328,-207.04998779296878,1,3.731911350858391,1.089910215265336,1.0353629856843638,0.10062127131651667,0.9357718150202571,0.9357718150202571,1.052319262197564
138,250,226,LAD,3,56.78225625997636,68.06515502929688,-205.8881530761719,-207.5495758056641,1,3.6091217777658846,1.071829810326294,1.013331996251398,0.033906744115418434,0.9264753165535837,0.9264753165535837,1.051246848582933
138,251,227,LAD,3,57.42058163760875,68.21849822998047,-206.26174926757812,-208.04391479492188,1,3.433749891736179,1.0454647470011347,0.988405872725831,0.07807769592946318,0.9115902531887722,0.9115902531887722,1.0500989339768447
138,252,228,LAD,3,58.07750937367842,68.4599838256836,-206.66146850585938,-208.5059356689453,1,3.2129756485419416,1.0112971437706508,0.9588543979877181,0.13437932129542454,0.8914317798159798,0.8914317798159798,1.048917566339268
138,253,229,LAD,3,58.68330917235559,68.70206451416016,-207.06544494628906,-208.88697814941406,1,3.0732401804004916,0.9890615410775676,0.9132720148201338,0.18105238184076827,0.8722194757950026,0.8722194757950026,1.0478281431992291
138,254,230,LAD,3,59.22705006329366,68.86392974853516,-207.4697265625,-209.2125701904297,1,3.0605202582172293,0.9870125911336247,0.8890897447901965,0.12366559424387136,0.861634346645944,0.861634346645944,1.0468503219618057
138,255,231,LAD,3,59.8008119417664,69.02152252197266,-207.8740234375,-209.58795166015625,1,3.1056713514304617,0.9942665107495524,0.9329780618209987,0.09262275023427212,0.8633693493308268,0.8633693493308268,1.0458185133203284
138,256,232,LAD,3,60.42329637530123,69.23260498046875,-208.27832031250003,-210.0115966796875,1,3.138856677474263,0.9995644610299348,0.9468245192187928,0.12057927060920787,0.875408289791299,0.875408289791299,1.044699085833413
138,257,233,LAD,3,60.98910573185735,69.37395477294922,-208.6826171875,-210.38133239746094,1,3.327145269405026,1.0291079787958364,0.9729418163821746,0.11808338093156535,0.8933167671420523,0.8933167671420523,1.0436815783875064
138,258,234,LAD,3,61.48535994804054,69.36441040039062,-209.08691406250003,-210.6689453125,1,3.5563691642131436,1.0639677926931004,1.0157554063359397,0.05516362912916869,0.9145332107966191,0.9145332107966191,1.0427891534847047
138,259,235,LAD,3,61.96840294880944,69.32997131347656,-209.4912109375,-210.9310302734375,1,3.643953911529375,1.0769895797257718,1.0208963724483877,0.09533694240740596,0.9393092524787309,0.9393092524787309,1.0419204866019809
138,260,236,LAD,3,62.4665245509745,69.37420654296875,-209.8955078125,-211.2186279296875,1,3.8853753529571704,1.1120941445674024,1.0310039465260294,0.11056186630628172,0.9684101492435322,0.9684101492435322,1.0410247035377793
138,261,237,LAD,3,63.0187094210892,69.44520568847656,-210.2998046875,-211.5879669189453,1,4.196375918352159,1.155745621213888,1.0714725030003753,0.04352259316791057,1.000527569431876,1.000527569431876,1.0400316973063541
138,262,238,LAD,3,63.602492090484425,69.49654388427734,-210.7041015625,-212.00595092773438,1,4.680229092115871,1.2205585564099204,1.1064201124339081,0.05572589689600368,1.0317741407246115,1.0317741407246115,1.0389818680555332
138,263,239,LAD,3,64.1344642693982,69.57209777832031,-211.1083984375,-212.3433380126953,1,4.967413963004187,1.2574485966398927,1.1395627907049026,0.11285554168108573,1.0574155365559115,1.0574155365559115,1.0380252107525245
138,264,240,LAD,3,64.59442610773736,69.64672088623047,-211.5126953125,-212.54959106445312,1,4.902373815043461,1.2491893575823,1.158102633591924,0.10763069286546048,1.0742700782223984,1.0742700782223984,1.037198051233298
138,265,241,LAD,3,65.04969099645746,69.70387268066406,-211.9169921875,-212.75094604492188,1,4.77694089320267,1.2331048260476631,1.1411911162256039,0.09860495275849415,1.0817905196753106,1.0817905196753106,1.036379338342171
138,266,242,LAD,3,65.5657477367571,69.80399322509766,-212.3212890625,-213.05563354492188,1,4.811114435374979,1.2375076922352448,1.140089012587923,0.08726545225068597,1.0812595989098985,1.0812595989098985,1.035451302123468
138,267,243,LAD,3,66.10600174585343,69.94044494628906,-212.72558593750003,-213.38699340820312,1,4.9455489473357455,1.2546780951872902,1.1559077326412712,0.0924469575683192,1.0744948617053331,1.0744948617053331,1.0344797514225705
138,268,244,LAD,3,66.6000799681534,70.00624084472656,-213.1298828125,-213.66326904296875,1,4.786462152434445,1.234333108591206,1.1582465051817397,0.13006232110274527,1.0636257967920275,1.0636257967920275,1.0335912396575646
138,269,245,LAD,3,67.06595521090466,69.94534301757812,-213.5341796875,-213.8865966796875,1,4.780138662988846,1.2335174882257314,1.1435735047092717,0.14572825676011686,1.0515672467223762,1.0515672467223762,1.0327534459327519
138,270,246,LAD,3,67.5145064494038,69.83960723876953,-213.9384765625,-214.04957580566406,1,4.639748940794133,1.215268676986922,1.1013372385193982,0.1658206504854474,1.0414564868547593,1.0414564868547593,1.0319468063469
138,271,247,LAD,3,67.94850292078327,69.83534240722656,-214.3427734375,-214.20730590820312,1,4.596760099098042,1.2096256379384855,1.0962232343817526,0.15663893091884482,1.0347050645856934,1.0347050645856934,1.0311663409197929
138,272,248,LAD,3,68.40027555381111,69.91464233398438,-214.7470703125,-214.3926544189453,1,4.772227604325783,1.2324963389706616,1.1181163416389217,0.11821225909193439,1.029669496683489,1.029669496683489,1.030353908229106
138,273,249,LAD,3,68.83413110429227,69.91007232666016,-215.1513671875,-214.54998779296875,1,4.741059349131064,1.2284649208717788,1.1644823729097071,0.08087050840539403,1.0230250031482837,1.0230250031482837,1.0295736962231585
138,274,250,LAD,3,69.28169290620168,69.80006408691406,-215.5556640625,-214.70732116699222,1,4.704010465733134,1.2236556034909798,1.1610314011916616,0.11975066717624185,1.0130228811204844,1.0130228811204844,1.0287688359629497
138,275,251,LAD,3,69.73493994877465,69.71272277832031,-215.9599609375,-214.8926544189453,1,4.520529007046361,1.1995536977240542,1.1503110312129678,0.1976379862659721,1.0011539623291326,1.0011539623291326,1.027953751809057
138,276,252,LAD,3,70.16878685875993,69.70845794677734,-216.36425781250003,-215.0499725341797,1,4.477230745787355,1.1937951286171933,1.1332391550658634,0.20323951490119005,0.9908148934078063,0.9908148934078063,1.0271735553415038
138,277,253,LAD,3,70.6067348108599,69.76935577392578,-216.7685546875,-215.20692443847656,1,4.400351228887638,1.183501288058415,1.121056301767788,0.14892034279604244,0.9851612204155291,0.9851612204155291,1.0263859838794593
138,278,254,LAD,3,71.05152187015585,69.81356811523438,-217.1728515625,-215.38699340820312,1,4.14076682596457,1.148062287981971,1.0854038942502984,0.13286872465701308,0.9857396794783551,0.9857396794783551,1.025586113500095
138,279,255,LAD,3,71.47703898007822,69.76902770996094,-217.5771484375,-215.51199340820312,1,3.9607171531219083,1.1228247531188569,1.0643442972272499,0.11404754712909035,0.9915911644192724,0.9915911644192724,1.0248208966957244
138,280,256,LAD,3,71.89358906688628,69.70355987548828,-217.9814453125,-215.58796691894534,1,3.854300156694505,1.1076379571843837,1.03936108007319,0.030927366589031453,0.999516703977099,0.999516703977099,1.0240718054868057
138,281,257,LAD,3,72.31746234212851,69.67742919921875,-218.3857421875,-215.71258544921875,1,3.822644574713764,1.1030800331336903,1.045627948074644,0.012294144069685198,1.005861231454166,1.005861231454166,1.0233095448265985
138,282,258,LAD,3,72.75795157659046,69.67317199707031,-218.7900390625,-215.88739013671875,1,3.8076653004915553,1.100916667339284,1.0547368185702903,0.07946250532947526,1.0080388061146397,1.0080388061146397,1.0225174033204296
138,283,259,LAD,3,73.18101876262666,69.6728515625,-219.1943359375,-216.0120086669922,1,3.6485451420897026,1.0776678472122083,1.025436553842771,0.10525273234605699,1.004952887543414,1.004952887543414,1.0217565922682217
138,284,260,LAD,3,73.59238930945824,69.67252349853516,-219.5986328125,-216.08796691894534,1,3.4756887248115933,1.051829873318429,1.0112383376330976,0.041654361495441765,0.9975486229452382,0.9975486229452382,1.0210168155402872
138,285,261,LAD,3,74.01548122132566,69.66793823242188,-220.00292968750003,-216.21258544921875,1,3.4508877092448045,1.0480704527667764,1.0085597277474994,0.05315162269334627,0.9890919167036929,0.9890919167036929,1.0202559600230716
138,286,262,LAD,3,74.45701903668613,69.6372299194336,-220.4072265625,-216.38739013671875,1,3.5652882835764808,1.0653011347772199,1.0184645937697028,0.11300999082972855,0.9836191683973621,0.9836191683973621,1.0194619328307444
138,287,263,LAD,3,74.89088298814782,69.54106140136719,-220.81152343750003,-216.51202392578125,1,3.8495373585977695,1.1069533858638791,1.058285581092165,0.1360582551181645,0.9840212220607537,0.9840212220607537,1.0186817057171282
138,288,264,LAD,3,75.32572456204639,69.40034484863281,-221.2158203125,-216.58837890625003,1,4.334626318124745,1.174629477738215,1.110521112647395,0.18804236425246668,0.9924236709762011,0.9924236709762011,1.0178997205235207
138,289,265,LAD,3,75.76136733149923,69.3041763305664,-221.6201171875,-216.7190704345703,1,4.584096198582922,1.2079582522697039,1.1475030191799356,0.2199142135641594,1.0114457765807707,1.0114457765807707,1.0171162945222756
138,290,266,LAD,3,76.22193629646445,69.27346801757812,-222.0244140625,-216.93753051757812,1,4.8475456820085014,1.2421842513535795,1.1911915655315237,0.21647366479875263,1.0428755930712892,1.0428755930712892,1.016288043193846
138,291,267,LAD,3,76.71485136002032,69.26888275146484,-222.4287109375,-217.21946716308594,1,5.030607351877394,1.2654216900351574,1.2123413943066352,0.18750113894732715,1.0842772987265394,1.0842772987265394,1.0154016231628653
138,292,268,LAD,3,77.26626525540696,69.26856231689453,-222.83299255371094,-217.59445190429688,1,4.923614214712688,1.2518925993463217,1.1878232850925243,0.1650236213814807,1.1279994097652948,1.1279994097652948,1.0144100033922991
138,293,269,LAD,3,77.87969317798328,69.2685546875,-223.23696899414062,-218.05607604980472,1,4.659167633876006,1.2178091473011166,1.1444112065603378,0.10236366993870936,1.1649301771751832,1.1649301771751832,1.0133068624287995
138,294,270,LAD,3,78.51540649383931,69.2685546875,-223.63668823242188,-218.55039978027344,1,4.573996002362545,1.2066267637165748,1.1308672358570673,0.04344327360710563,1.189835135817365,1.189835135817365,1.0121636451510176
138,295,271,LAD,3,79.13904647674619,69.2685546875,-224.00994873046875,-219.0500030517578,1,4.731059295161388,1.2271686704653058,1.1433549988726945,0.07921337556184475,1.2032111400213905,1.2032111400213905,1.0110421396141789
138,296,272,LAD,3,79.7239594184978,69.2685546875,-224.31349182128906,-219.54998779296875,1,5.034195704990888,1.265872924855642,1.179415814145995,0.06475884427889052,1.2085320141859526,1.2085320141859526,1.009990277769649
138,297,273,LAD,3,80.27553255613792,69.26856231689453,-224.54637145996097,-220.04998779296875,1,5.365664311941679,1.3068833140087848,1.241477133603893,0.049279379971274205,1.2082008493324952,1.2082008493324952,1.008998371630226
138,298,274,LAD,3,80.81859252986928,69.26887512207033,-224.75830078125,-220.54998779296875,1,5.60421706582986,1.3356188439721717,1.2888387840250006,0.07067846118502241,1.2018843299230784,1.2018843299230784,1.0080217749012346
138,299,275,LAD,3,81.37004688626017,69.27313232421875,-224.99085998535156,-221.04998779296875,1,5.527088208265785,1.326396177053015,1.2600134275644062,0.13233828750211998,1.188371217061092,1.188371217061092,1.0070300823687521
138,300,276,LAD,3,81.95318874747437,69.29927062988281,-225.28981018066406,-221.54998779296875,1,5.27443800831907,1.2957259594958739,1.2250084486183483,0.15195869371576995,1.1689522630511342,1.1689522630511342,1.005981405497417
138,301,277,LAD,3,82.56266912782809,69.36505889892578,-225.63206481933597,-222.04998779296875,1,5.129115474171452,1.2777512131894198,1.2123585077299026,0.09126793780074949,1.1483300772087675,1.1483300772087675,1.0048853634861667
138,302,278,LAD,3,83.14729255437423,69.4141845703125,-225.93101501464844,-222.54998779296875,1,5.053045185052296,1.2682406071938983,1.1941182488457058,0.035625815700106145,1.1312151420425265,1.1312151420425265,1.0038340222832167
138,303,279,LAD,3,83.69888936843536,69.40068054199219,-226.16355895996094,-223.04998779296875,1,5.106396999331962,1.2749182905843837,1.1963299405838856,0.06528783024723338,1.1180316907140664,1.1180316907140664,1.0028420735659638
138,304,280,LAD,3,84.24297614063967,69.43597412109376,-226.37518310546875,-223.54998779296875,1,5.04839031556771,1.2676563204432458,1.2119231241688473,0.08361690258284127,1.1049513557351398,1.1049513557351398,1.0018636303226303
138,305,281,LAD,3,84.81158908262655,69.58159637451172,-226.6034698486328,-224.04998779296875,1,4.828306829906847,1.239716821491129,1.1652816126807375,0.08033016316298364,1.0882117394187887,1.0882117394187887,1.0008410811272048
138,306,282,LAD,3,85.41284544673236,69.77459716796876,-226.8759765625,-224.54998779296875,1,4.466480504188326,1.1923610614785716,1.1294486076529768,0.05208862258539566,1.0676276860130511,1.0676276860130511,0.9997598285457697
138,307,283,LAD,3,86.01864704698164,69.9813232421875,-227.1484832763672,-225.04998779296875,1,4.323154605956876,1.1730741027646394,1.1185980372248323,0.009345476231326061,1.0460573905140023,1.0460573905140023,0.998670402165924
138,308,284,LAD,3,86.61544912201903,70.21385955810547,-227.37677001953125,-225.5499725341797,1,4.102893995973231,1.1427999478834419,1.0856057219286501,0.012880242378335084,1.0262905096286008,1.0262905096286008,0.9975971598307687
138,309,285,LAD,3,87.23704904437811,70.51739501953125,-227.58807373046875,-226.04957580566406,1,3.9459142530526394,1.1207245499141094,1.0503584969512765,0.03450566897570939,1.008453352416994,1.008453352416994,0.9964793229798105
138,310,286,LAD,3,87.89710114013869,70.89066314697266,-227.8160400390625,-226.5439147949219,1,3.8580111183836627,1.1081710517733725,1.0332502387754678,0.04971894161577169,0.9901309720247802,0.9901309720247802,0.9952923367372879
138,311,287,LAD,3,88.56430581201585,71.29036712646484,-228.0842742919922,-227.00592041015625,1,3.684204512201375,1.082921381706275,1.014184587390437,0.019530697313010145,0.9692087003223914,0.9692087003223914,0.9940924878593708
138,312,288,LAD,3,89.17147835829604,71.69434356689455,-228.33033752441406,-227.3865966796875,1,3.50181270136817,1.0557753560343481,0.9887616145777707,0.05335814242600435,0.9467932777425647,0.9467932777425647,0.9930005960770388
138,313,289,LAD,3,89.71090997864454,72.09863281250001,-228.48825073242188,-227.7069091796875,1,3.3410604615454216,1.0312577637272295,0.9252539579481247,0.035016121730792785,0.9271254212901286,0.9271254212901286,0.9920305242959658
138,314,290,LAD,3,90.25728672100932,72.5029296875,-228.6200408935547,-228.04998779296875,1,3.251442178630158,1.0173328805326907,0.9010099015777453,0.03444518240268805,0.914951804531598,0.914951804531598,0.9910479629487831
138,315,291,LAD,3,90.80839162319457,72.9072265625,-228.77023315429688,-228.39306640625,1,3.311137668362719,1.0266293656210108,0.9077504141469183,0.023036951612327636,0.9135652051256982,0.9135652051256982,0.9900568988475066
138,316,292,LAD,3,91.33965706495586,73.3115234375,-228.8974609375,-228.71337890625003,1,3.4128493688234944,1.0422781270623636,0.9408560836811496,0.03148665576942873,0.9241991738104559,0.9241991738104559,0.9891015124855078
138,317,293,LAD,3,91.90934754465887,73.71581268310547,-229.02467346191406,-229.09405517578125,1,3.4063829835990336,1.041290247629262,0.9566465020352526,0.04003438099480693,0.9446652257392374,0.9446652257392374,0.9880770255302405
138,318,294,LAD,3,92.54109727137858,74.11978912353516,-229.17454528808594,-229.55606079101562,1,3.599428321649256,1.070389470889399,0.9962968439454942,0.02350633754834929,0.9675907625526164,0.9675907625526164,0.9869409360622272
138,319,295,LAD,3,93.18942082713376,74.51950073242188,-229.3017578125,-230.05039978027344,1,3.8278174456921104,1.1038261346202054,1.0169310912442118,0.04338436087168965,0.9823011119466675,0.9823011119466675,0.9857750415118918
138,320,296,LAD,3,93.82609425277032,74.89308166503906,-229.42898559570312,-230.5500030517578,1,3.8392545646660228,1.105473963288797,1.0248664867989892,0.0333330193442317,0.9816571015680096,0.9816571015680096,0.9846300976475144
138,321,297,LAD,3,94.43213342393194,75.20088195800781,-229.5791778564453,-231.04998779296875,1,3.7377447735333633,1.090761712496118,1.036171867648049,0.018067901435390978,0.9672629278598285,0.9672629278598285,0.9835402440386569
138,322,298,LAD,3,95.0104474266007,75.45987701416016,-229.71096801757812,-231.54998779296875,1,3.6536133583046824,1.0784160849326851,1.0156338352461034,0.052688283054431906,0.9465214953976628,0.9465214953976628,0.982500249211832
138,323,299,LAD,3,95.60350794187642,75.73697662353516,-229.86888122558594,-232.04998779296875,1,3.6037233380893534,1.0710279014036435,0.9849669844188685,0.07733096240543391,0.9254982361171529,0.9254982361171529,0.9814337354061232
138,324,300,LAD,3,96.22397357696086,76.00979614257812,-230.1149444580078,-232.54998779296875,1,3.4830493152086452,1.052943033167794,0.9700535928203368,0.10713405101863954,0.9062200379090145,0.9062200379090145,0.9803179383689898
138,325,301,LAD,3,96.83546782019711,76.23777770996094,-230.3831787109375,-233.04998779296875,1,3.488893256690129,1.053825989167296,0.9791775475951714,0.12024469044878014,0.8893529800480567,0.8893529800480567,0.9792182747836984
138,326,302,LAD,3,97.42257487089094,76.44481658935547,-230.61083984375,-233.54998779296875,1,3.4156995642719936,1.0427132585430385,0.990528116405414,0.14719580435983876,0.8765250738293171,0.8765250738293171,0.9781624672246623
138,327,303,LAD,3,98.00015565394409,76.64665222167969,-230.81787109375003,-234.04998779296875,1,3.388635735400577,1.0385741452846222,0.9865961552206329,0.15204437152992722,0.8692616584826086,0.8692616584826086,0.9771237909628446
138,328,304,LAD,3,98.57633384275879,76.84942626953125,-231.02001953125,-234.54998779296875,1,3.204470361151778,1.00995771987621,0.975482351377447,0.1371417176773054,0.8668946045997253,0.8668946045997253,0.9760876370171828
138,329,305,LAD,3,99.1538108610579,77.05094909667969,-231.22706604003906,-235.04998779296875,1,3.132241565575571,0.9985106189913546,0.9532643436105125,0.08267597645263965,0.8665745179524342,0.8665745179524342,0.975049147357811
138,330,306,LAD,3,99.7394387048787,77.2533950805664,-231.45504760742188,-235.54998779296875,1,3.0918066309212633,0.9920446647156754,0.9308931745358094,0.08933892457391446,0.865735232852892,0.865735232852892,0.9739959998891216
138,331,307,LAD,3,100.34211336036891,77.45034790039062,-231.7278594970703,-236.04998779296875,1,3.037764930231387,0.9833364679472959,0.9296684011321603,0.05301192401167531,0.8643332679192941,0.8643332679192941,0.9729121967630068
138,332,308,LAD,3,100.93894725959302,77.62240600585938,-232.004638671875,-236.54998779296875,1,3.097993008973965,0.993036656969259,0.9242984111555087,0.10608372040408373,0.864025720312618,0.864025720312618,0.9718388971977144
138,333,309,LAD,3,101.50974888927806,77.72775268554688,-232.259033203125,-237.04998779296875,1,3.3166554597292106,1.0274844144303372,0.95636168622767,0.08469052261745207,0.8651998517682876,0.8651998517682876,0.9708124120369258
138,334,310,LAD,3,102.08456248684188,77.78949737548828,-232.53579711914062,-237.54998779296875,1,3.3374133544314963,1.0306947486998044,0.9725681292924024,0.08948424271113511,0.8660168375135278,0.8660168375135278,0.9697787120658091
138,335,311,LAD,3,102.66290274060867,77.89057922363281,-232.8083038330078,-238.04998779296878,1,3.2979816849006434,1.0245878072458945,0.9583788972756642,0.12157452492139867,0.8647943440774073,0.8647943440774073,0.9687386700310555
138,336,312,LAD,3,103.22969139878387,78.03619384765625,-233.03201293945312,-238.54998779296878,1,3.2614589493428374,1.01889873243538,0.9727285948763708,0.11222792321058464,0.8620371897674438,0.8620371897674438,0.9677194014854469
138,337,313,LAD,3,103.77624336882025,78.1630859375,-233.21261596679688,-239.04998779296878,1,3.2181147025897814,1.0121055897028415,0.9531837442948371,0.07430212158811315,0.8594495962551446,0.8594495962551446,0.9667365250224773
138,338,314,LAD,3,104.30873641510155,78.28997039794922,-233.34471130371097,-239.54998779296878,1,3.138991683055447,0.9995859569668059,0.9379696074157434,0.06187974896224966,0.8579250637945689,0.8579250637945689,0.965778931032193
138,339,315,LAD,3,104.845844679124,78.43527221679688,-233.4765167236328,-240.04998779296878,1,3.0178897962004156,0.9801143594212758,0.924840249974539,0.1232452882772027,0.8569572843523495,0.8569572843523495,0.9648130373940474
138,340,316,LAD,3,105.38468753558617,78.5320816040039,-233.65252685546875,-240.54998779296878,1,2.9981563471370536,0.976904706518709,0.9413836151235183,0.08401117560985327,0.8557733484224191,0.8557733484224191,0.9638440244000577
138,341,317,LAD,3,105.92168202004481,78.5673828125,-233.84518432617188,-241.04998779296878,1,3.0612302847391994,0.9871270756684307,0.914005845420847,0.011328421340454031,0.8558327449681083,0.8558327449681083,0.9628783353742112
138,342,318,LAD,3,106.45143120468678,78.60266876220703,-234.01661682128906,-241.54998779296878,1,2.83469790476888,0.9499012408837101,0.8963310175240607,0.14261510916357592,0.8626104893575625,0.8626104893575625,0.961925675730834
138,343,319,LAD,3,106.97053234161922,78.69916534423828,-234.1173858642578,-242.04998779296878,1,2.8704010867858565,0.9558645527670931,0.9183358782859906,0.1684979585639724,0.8825511595303076,0.8825511595303076,0.960992164706516
138,344,320,LAD,3,107.49090296758081,78.83988952636719,-234.1487274169922,-242.54998779296878,1,3.171565346250339,1.0047589782576716,0.9544733511546889,0.11099929212434446,0.9154437270887317,0.9154437270887317,0.9600563707320761
138,345,321,LAD,3,108.00015282530438,78.93607330322267,-234.15789794921875,-243.04998779296875,1,3.3121691093445595,1.0267892540423933,0.9880807991268672,0.06775234464459068,0.9501980362126474,0.9501980362126474,0.9591405754804483
138,346,322,LAD,3,108.50207516976559,78.96710205078125,-234.18893432617188,-243.54998779296875,1,3.373125793235763,1.036194618461457,1.0054198365465257,0.052523131691289825,0.970964808609363,0.970964808609363,0.9582379574575426
138,347,323,LAD,3,109.01132331200289,78.97625732421875,-234.2851104736328,-244.04998779296875,1,3.457203868044063,1.0490291558156364,1.005730770229488,0.02395375132585603,0.9692435547449809,0.9692435547449809,0.9573221652909116
138,348,324,LAD,3,109.5316731283654,79.00728607177734,-234.4258270263672,-244.54998779296875,1,3.5144376716381087,1.057676819855268,1.0085596569901265,0.09629161550532449,0.9500762336583366,0.9500762336583366,0.9563864087388325
138,349,325,LAD,3,110.04990368446364,79.10346984863281,-234.52232360839844,-245.04998779296875,1,3.6293807613076416,1.0748338369485189,1.0190962745345498,0.12691670077043826,0.926461061243281,0.926461061243281,0.9554544632992311
138,350,326,LAD,3,110.57052522160866,79.24418640136719,-234.5576171875,-245.54998779296875,1,3.8012240613506543,1.0999850900478667,1.0518706200520669,0.14743920516995998,0.9085877532697046,0.9085877532697046,0.9545182181056756
138,351,327,LAD,3,111.08091137012063,79.3403549194336,-234.59291076660156,-246.04998779296875,1,3.917365569167781,1.1166629699520338,1.0775518411214566,0.15426506128458886,0.8985549851143362,0.8985549851143362,0.95360037943726
138,352,328,LAD,3,111.59106290724495,79.37106323242188,-234.6894073486328,-246.54998779296875,1,3.936602372861212,1.1194013816573092,1.0583072291449471,0.17296880471115336,0.8936938698683915,0.8936938698683915,0.9526829626756775
138,353,329,LAD,3,112.11050707450703,79.37565612792969,-234.83012390136722,-247.04998779296875,1,3.848671868266608,1.1068289408696814,1.0240709523202687,0.20731129511605687,0.8924637132485256,0.8924637132485256,0.9517488347723516
138,354,330,LAD,3,112.6197339405078,79.37629699707031,-234.92662048339844,-247.54998779296875,1,3.7025040445996678,1.0856074986069066,1.006448618500153,0.20615697677114775,0.8954650461876161,0.8954650461876161,0.9508330808672462
138,355,331,LAD,3,113.12099914132986,79.38089752197266,-234.9619140625,-248.04998779296875,1,3.547695904396137,1.0626696003664708,1.0066000470031498,0.12348763864290531,0.9013346537389056,0.9013346537389056,0.9499316446002413
138,356,332,LAD,3,113.6232027055355,79.41192626953125,-234.99720764160156,-248.54998779296875,1,3.4226469729094995,1.0437731402915666,0.9964758496643874,0.04295224268580938,0.9046575991829671,0.9046575991829671,0.9490285208536664
138,357,333,LAD,3,114.14230236148722,79.51268768310547,-235.0937042236328,-249.04998779296875,1,3.46581671362172,1.0503350530410804,1.004156503917805,0.060197798911807904,0.9004621369238726,0.9004621369238726,0.9480950124926287
138,358,334,LAD,3,114.68938094434262,79.6844253540039,-235.2344207763672,-249.54998779296875,1,3.3526919541928932,1.0330513028637303,0.9841470270596775,0.10896196595557282,0.8901069551048161,0.8901069551048161,0.9471111890102112
138,359,335,LAD,3,115.23530883278013,79.8813705444336,-235.33059692382812,-250.04998779296878,1,3.2651987039151207,1.0194827256068064,0.9582708357271041,0.08585404524263163,0.8809577363798857,0.8809577363798857,0.9461294348469462
138,360,336,LAD,3,115.77561144092208,80.08381652832033,-235.36129760742188,-250.54998779296878,1,3.1400261847196527,0.999750657650314,0.9454137016656328,0.05817212920279668,0.8803877023725308,0.8803877023725308,0.9451577967493131
138,361,337,LAD,3,116.31471477481998,80.28533935546875,-235.36587524414062,-251.04998779296878,1,3.0985135646967774,0.9931200834327956,0.9332642602163076,0.0884788069541498,0.8906503969255222,0.8906503969255222,0.9441883153330053
138,362,338,LAD,3,116.85426775383169,80.48811340332031,-235.36619567871094,-251.54998779296878,1,3.1411118258250825,0.9999234709561231,0.9295550376537406,0.09560094943535774,0.9085724572979158,0.9085724572979158,0.9432180253099716
138,363,339,LAD,3,117.39347437700694,80.6899642944336,-235.36621093750003,-252.04998779296878,1,3.2809021040060973,1.0219312967642884,0.9642988972372085,0.09260067344298484,0.9288273219765588,0.9288273219765588,0.942248358146278
138,364,340,LAD,3,117.93476424490966,80.8973159790039,-235.36621093750003,-252.54998779296878,1,3.373600857208052,1.0362675836324486,0.9712042639441842,0.07598250062519525,0.9471936588609482,0.9471936588609482,0.9412749446376412
138,365,341,LAD,3,118.48620216835377,81.12987518310547,-235.36621093750003,-253.04998779296878,1,3.3943251370119203,1.0394456445784186,0.9767977575978464,0.05220098938412464,0.9610048756917597,0.9610048756917597,0.9402832816568893
138,366,342,LAD,3,119.0711241944186,81.43341064453125,-235.36619567871094,-253.54998779296878,1,3.5688995461209183,1.0658405173041283,0.9861472475769674,0.041271177174072686,0.9676274764259734,0.9676274764259734,0.9392314034758386
138,367,343,LAD,3,119.69508669140214,81.80667877197266,-235.36587524414062,-254.04998779296878,1,4.005558179623678,1.1291628617070988,1.0455203605205154,0.10463208063667619,0.964633210259948,0.964633210259948,0.9381093179548221
138,368,344,LAD,3,120.33523060176904,82.20638275146484,-235.36129760742188,-254.54998779296878,1,4.24302199051346,1.1621513872450786,1.0905142002591446,0.17885254536735964,0.9524616917099984,0.9524616917099984,0.9369581330412062
138,369,345,LAD,3,120.97878414927267,82.61035919189453,-235.33024597167972,-255.04998779296878,1,4.079338013533378,1.1395146417633344,1.042352183856141,0.19182135959120566,0.9359803917589806,0.9359803917589806,0.9358008165019212
138,370,346,LAD,3,121.62968029445112,83.0146484375,-235.22917175292972,-255.54998779296878,1,3.541592653282886,1.0617551291968523,0.9712229549996895,0.18279548998833908,0.9223730323196605,0.9223730323196605,0.9346302956072825
138,371,347,LAD,3,122.2963402749837,83.4189453125,-235.05316162109375,-256.0499877929688,1,3.005715490507961,0.9781354485368813,0.9265261640430166,0.1550453245562231,0.9170021199286008,0.9170021199286008,0.9334314262598247
138,372,348,LAD,3,122.97674829498808,83.82324218750001,-234.8297882080078,-256.5495910644531,1,2.8749724360837114,0.9566253963340831,0.9076672563363751,0.1191626316384594,0.9200575484604907,0.9200575484604907,0.9322078335097455
138,373,349,LAD,3,123.67093651462075,84.2275390625,-234.55760192871094,-257.0439147949219,1,3.2839642697348213,1.0224080853215736,0.9691576642110751,0.043715913996576296,0.9263222713951961,0.9263222713951961,0.930959459522726
138,374,350,LAD,3,124.34261854112842,84.6318359375,-234.2851104736328,-257.50592041015625,1,3.656409435644549,1.0788286570634629,1.0123276391409661,0.0798553963042657,0.9291146567067393,0.9291146567067393,0.9297515589192205
138,375,351,LAD,3,124.94290099395613,85.0361328125,-234.05714416503906,-257.8865966796875,1,3.6536429067402603,1.078420445744936,1.009969341521315,0.08934636715662211,0.925331350396323,0.925331350396323,0.9286720577439181
138,376,352,LAD,3,125.49869301279105,85.4404296875,-233.85009765625,-258.2068786621094,1,3.5129955845690093,1.0574597981428517,1.0234762903221177,0.09873212860760266,0.9164710257196741,0.9164710257196741,0.9276725646973871
138,377,353,LAD,3,126.06594772978532,85.8447265625,-233.64793395996094,-258.5495910644531,1,3.324700752290704,1.0287298566955356,0.9809569538891166,0.12569366133472876,0.9054378625872874,0.9054378625872874,0.9266524580279243
138,378,354,LAD,3,126.63189591990609,86.2490234375,-233.44056701660156,-258.8869934082031,1,3.4232115218170787,1.0438592193838379,0.9925598014766579,0.14006051551529378,0.8939342714017532,0.8939342714017532,0.925634700914556
138,379,355,LAD,3,127.1770896174355,86.6533203125,-233.20802307128906,-259.16931152343756,1,3.2506301797629895,1.0172058407942572,0.9642263699195565,0.13865978138133175,0.8828876324128426,0.8828876324128426,0.9246542670629952
138,380,356,LAD,3,127.74603235504992,87.0576171875,-232.90481567382812,-259.4306640625,1,2.9816640300810913,0.9742141130436445,0.907676836060712,0.11649283698666452,0.8735551745341752,0.8735551745341752,0.9236311247888187
138,381,357,LAD,3,128.361540566832,87.4619140625,-232.5364532470703,-259.7129821777344,1,2.8080627929296798,0.9454280237090413,0.8764905636469238,0.0718021060894651,0.8672102994055275,0.8672102994055275,0.9225242427953554
138,382,358,LAD,3,129.00192423668594,87.86621093750001,-232.1720428466797,-260.0503845214844,1,2.8404863950823853,0.9508706016726356,0.9026371203781333,0.025423780640901346,0.8646726348229097,0.8646726348229097,0.9213726267169656
138,383,359,LAD,3,129.59999069720234,88.2705078125,-231.89495849609375,-260.3930969238281,1,3.046219131921034,0.9847038464293058,0.9240048580301734,0.04265069177305371,0.867095867297559,0.867095867297559,0.9202971106095148
138,384,360,LAD,3,130.14216547312756,88.6748046875,-231.72787475585938,-260.71337890625,1,3.3136265017146074,1.02701512871835,0.9783966032196195,0.06116438406211043,0.8763602692199411,0.8763602692199411,0.9193221057512627
138,385,361,LAD,3,130.7208604153281,89.0791015625,-231.56503295898438,-261.09405517578125,1,3.3151685024519923,1.0272540623894275,0.9751459842599699,0.10882742496271577,0.8935683395873147,0.8935683395873147,0.9182814258724754
138,386,362,LAD,3,131.38250085043666,89.4833984375,-231.31832885742188,-261.5560607910156,1,3.555948815911277,1.0639049125124407,0.9912418963442778,0.1362859438173441,0.917569332433788,0.917569332433788,0.9170915832842695
138,387,363,LAD,3,132.07692727551387,89.8876724243164,-231.04550170898438,-262.0503845214844,1,3.4843510829479705,1.0531397801989706,0.9665484075377231,0.09428935880587398,0.9455093420054371,0.9455093420054371,0.9158427809271448
138,388,364,LAD,3,132.76924121259808,90.29133605957033,-230.78713989257812,-262.54998779296875,1,3.70311942348142,1.0856977121710054,0.974097980790719,0.06465233150611184,0.9739385758351463,0.9739385758351463,0.9145977775037731
138,389,365,LAD,3,133.47497028493194,90.68645477294922,-230.4839324951172,-263.04998779296875,1,3.960907574337352,1.1228517440748076,1.0186471509816728,0.0315567026787917,0.9988822557596023,0.9988822557596023,0.9133286493467854
138,390,366,LAD,3,134.17115152477263,91.02900695800781,-230.1414031982422,-263.54998779296875,1,4.239098739766143,1.1616139795030067,1.062567187780159,0.05176403564945641,1.0162067605898157,1.0162067605898157,0.9120766912675659
138,391,367,LAD,3,134.78925664954653,91.23604583740234,-229.84275817871094,-264.04998779296875,1,4.662238297540336,1.2182103848891512,1.0996687180387636,0.0973527884127417,1.0234616282820133,1.0234616282820133,0.9109651391881896
138,392,368,LAD,3,135.34566427561546,91.32330322265625,-229.61477661132812,-264.54998779296875,1,4.702688344087332,1.2234836294631317,1.104719574817567,0.1430323207914194,1.0214888490768468,1.0214888490768468,0.9099645390815911
138,393,369,LAD,3,135.88350119327484,91.40345764160158,-229.43354797363284,-265.04998779296875,1,4.279945852777885,1.167197103008106,1.0864034275515193,0.12564235350765704,1.0141865472828573,1.0141865472828573,0.9089973350895383
138,394,370,LAD,3,136.4066025539845,91.4738235473633,-229.29685974121094,-265.54998779296875,1,3.8998315135190715,1.1141610858418165,1.037295440064631,0.07595495470558923,1.0071628223723685,1.0071628223723685,0.9080566303745693
138,395,371,LAD,3,136.9329973152643,91.49996185302734,-229.1343536376953,-266.04998779296875,1,3.6184628325525465,1.0732159579460594,0.9999170121596302,0.1325508064401925,1.0058827319055992,1.0058827319055992,0.9071100030647126
138,396,372,LAD,3,137.50228236141405,91.4996566772461,-228.86216735839847,-266.54998779296875,1,3.6667128792596886,1.0803476103855607,1.0065615840617428,0.13783379771234694,1.0130625780807836,1.0130625780807836,0.9060862452095466
138,397,373,LAD,3,138.10418516902502,91.46924591064453,-228.52845764160156,-267.04998779296875,1,4.021991530743926,1.1314767635189285,1.0632821169091704,0.09333697178745382,1.0266855129300116,1.0266855129300116,0.9050038301144977
138,398,374,LAD,3,138.68157952127387,91.37277221679688,-228.25628662109375,-267.54998779296875,1,4.2229371192718155,1.1593975305289883,1.1086842997765478,0.07439525039901808,1.0407345731013635,1.0407345731013635,0.9039654891153075
138,399,375,LAD,3,139.2268535743868,91.22779083251953,-228.09410095214844,-268.04998779296875,1,4.240759757811834,1.1618415364592043,1.1091941222928567,0.07226914495481114,1.0480680057757132,1.0480680057757132,0.9029849107585282
138,400,376,LAD,3,139.75835207295043,91.10516357421876,-227.9619903564453,-268.54998779296875,1,4.272514126713719,1.1661832983681775,1.1054445849115015,0.07611320408687781,1.0433719141420719,1.0433719141420719,0.9020291052853413
138,401,377,LAD,3,140.2900617318708,91.00440216064453,-227.81178283691406,-269.04998779296875,1,4.222481744814841,1.1593350178465005,1.0989529856669953,0.08090590330872068,1.025423250730689,1.025423250730689,0.9010729200778272
138,402,378,LAD,3,140.8122621519526,90.92424774169922,-227.68423461914065,-269.54998779296875,1,4.156764019423286,1.150277828142185,1.090367524593113,0.06135749997443171,0.998002872187254,0.998002872187254,0.9001338355442611
138,403,379,LAD,3,141.33246013525027,90.86738586425781,-227.55242919921875,-270.04998779296875,1,4.042342434916067,1.134335735297994,1.0775651216193824,0.022359033808850896,0.9683586575674187,0.9683586575674187,0.8991983520369315
138,404,380,LAD,3,141.87555226764042,90.7568359375,-227.37152099609375,-270.54998779296875,1,3.816601740157757,1.102207814125119,1.0462976620058497,0.043233379972165406,0.943983441343425,0.943983441343425,0.8982216974763146
138,405,381,LAD,3,142.45952362316635,90.55958557128906,-227.14323425292972,-271.04998779296875,1,3.379404236703405,1.0371585114890014,0.980788419649935,0.09197736286947678,0.9298571232393603,0.9298571232393603,0.8971715289070626
138,406,382,LAD,3,143.1027388915096,90.29166412353516,-226.8400115966797,-271.54998779296875,1,3.2021057232385695,1.0095850178724592,0.950809912829532,0.09441674771268165,0.9270727985416414,0.9270727985416414,0.8960148207026531
138,407,383,LAD,3,143.7834718635817,90.01947784423828,-226.46676635742188,-272.04998779296875,1,3.325133551329232,1.0287968129176488,0.9752136455781879,0.034308201799880256,0.9328643369559453,0.9328643369559453,0.8947906435841031
138,408,384,LAD,3,144.4629868589088,89.79151916503906,-226.06704711914062,-272.54998779296875,1,3.6929151113731495,1.0842008064872428,1.0250278141085039,0.07243068436931836,0.9423453584909876,0.9423453584909876,0.8935686567799984
138,409,385,LAD,3,145.13831053093813,89.58448028564453,-225.66307067871094,-273.04998779296875,1,3.7601934062789835,1.0940323282159916,1.0280944756609733,0.10629435400900436,0.9513497970733233,0.9513497970733233,0.8923542073250278
138,410,386,LAD,3,145.81194594906853,89.38264465332031,-225.2587890625,-273.5495910644531,1,3.846146984253553,1.106465819085198,1.0510900237106722,0.039641264388230506,0.9581800039413485,0.9581800039413485,0.8911427938942812
138,411,387,LAD,3,146.48196776074445,89.17987060546875,-224.8544921875,-274.04391479492193,1,4.016379541434748,1.130687098495866,1.0971059080029997,0.06258560631448998,0.9627749809204403,0.9627749809204403,0.8899378788917268
138,412,388,LAD,3,147.12784416340656,88.97833251953126,-224.45019531250003,-274.5055236816406,1,4.271119013658269,1.1659928846759693,1.0809725701683466,0.08029455819296162,0.9641322818499151,0.9641322818499151,0.8887763851107753
138,413,389,LAD,3,147.7156332253983,88.77555847167969,-224.0458984375,-274.88092041015625,1,4.286126485657187,1.1680395686015392,1.0828700167243437,0.041184478294186276,0.9584286906620694,0.9584286906620694,0.887719351075779
138,414,390,LAD,3,148.2512750434619,88.5737075805664,-223.6416015625,-275.16851806640625,1,4.201754923794747,1.156486113866175,1.0613973878051162,0.05088794233776289,0.9401089936103986,0.9401089936103986,0.8867560945797465
138,415,391,LAD,3,148.7728162903026,88.36636352539062,-223.2373046875,-275.42456054687506,1,3.7631923630276822,1.09446851611321,0.9785594365341553,0.09119622261132135,0.9057736192235061,0.9057736192235061,0.8858181954519592
138,416,392,LAD,3,149.2992189952222,88.13412475585939,-222.8330078125,-275.6689147949219,1,3.196108459045332,1.0086391425231176,0.9285323061736287,0.13631984376186804,0.8576535577484312,0.8576535577484312,0.8848715538568798
138,417,393,LAD,3,149.84744713735432,87.8351821899414,-222.4287109375,-275.88739013671875,1,2.5871371360110107,0.907475248866614,0.8677813557142771,0.17960279042564878,0.8037054575453723,0.8037054575453723,0.8838856630966593
138,418,394,LAD,3,150.40323475000432,87.4929428100586,-222.0244140625,-276.0556640625,1,2.344725581018281,0.8639151189938462,0.8009213082338783,0.3249284377760777,0.7550293366134946,0.7550293366134946,0.8828861779738679
138,419,395,LAD,3,150.94264390368153,87.1939926147461,-221.6201171875,-276.2509460449219,1,2.1023189735701595,0.8180396770323192,0.7574435602299967,0.4589147274772855,0.7223544658609516,0.7223544658609516,0.8819161465951054
138,420,396,LAD,3,151.49668556737515,86.96144104003908,-221.2158203125,-276.54998779296875,1,2.1046745164557485,0.818497834931134,0.7318152768789082,0.37752174400161514,0.711877831466811,0.711877831466811,0.8809198012508325
138,421,397,LAD,3,152.04227101448825,86.74982452392578,-220.81152343750003,-276.8490295410156,1,2.3503124352934095,0.8649437460173887,0.7649970308921263,0.2393756025565888,0.7220955019948857,0.7220955019948857,0.8799386629073542
138,422,398,LAD,3,152.54596323489457,86.52153778076172,-220.4072265625,-277.0443115234375,1,2.40626678754805,0.8751791286772415,0.8148007778702185,0.1509642073745853,0.7449482732997995,0.7449482732997995,0.8790328620774985
138,423,399,LAD,3,153.06175015263867,86.2490234375,-220.00292968750003,-277.21258544921875,1,2.541788110526293,0.8994866781475626,0.8469161536675136,0.1497627959480332,0.7710299341453799,0.7710299341453799,0.8781053110866486
138,424,400,LAD,3,153.59601040145515,85.97651672363281,-219.5986328125,-277.4310302734375,1,2.632313432543433,0.9153640746243887,0.8685176050595323,0.2126593892974242,0.7940330386412658,0.7940330386412658,0.8771445390970661
138,425,401,LAD,3,154.12035749291695,85.74855041503906,-219.1943359375,-277.67498779296875,1,2.8191169243484446,0.9472870670119758,0.8979491989384354,0.1958028600318869,0.8115118537283671,0.8115118537283671,0.8762015941570085
138,426,402,LAD,3,154.63883705926042,85.54151153564453,-218.7900390625,-277.92498779296875,1,2.8867429796891613,0.9585816758663362,0.8983959603143915,0.15965669607162852,0.8237058141128395,0.8237058141128395,0.8752692009167905
138,427,403,LAD,3,155.15234547027546,85.33968353271484,-218.3857421875,-278.1689147949219,1,2.8680194397206322,0.9554679175306586,0.8658928002621594,0.09669633032113871,0.8326795503768044,0.8326795503768044,0.8743457474148483
138,428,404,LAD,3,155.65434934362992,85.13721466064453,-217.9814453125,-278.3869934082031,1,2.7571167179790868,0.9368124191615682,0.8630649753884392,0.06537945707263378,0.8411878374095582,0.8411878374095582,0.8734429827767355
138,429,405,LAD,3,156.13268466302736,84.93995666503906,-217.5771484375,-278.5495910644531,1,2.7402557346987164,0.9339435159721535,0.8853006245152706,0.05741140477404307,0.8503442433786327,0.8503442433786327,0.8725827818212593
138,430,406,LAD,3,156.6009606918943,84.76364135742188,-217.1728515625,-278.7068786621094,1,3.1137532955300564,0.9955593689502276,0.9412242064978585,0.029961341305967563,0.8578348589352757,0.8578348589352757,0.8717406707098208
138,431,407,LAD,3,157.06252414810203,84.63216400146486,-216.7685546875,-278.8865966796875,1,3.3298364120044734,1.0295240887496446,0.9773008621722374,0.037561049266293306,0.8594182243963904,0.8594182243963904,0.8709106309658541
138,432,408,LAD,3,157.5028345615267,84.50496673583984,-216.36425781250003,-279.00592041015625,1,3.125311748422562,0.9974054476135819,0.9454572472170412,0.06135466340931691,0.8527023827957744,0.8527023827957744,0.8701188110375009
138,433,409,LAD,3,157.93413096710108,84.35964965820312,-215.9599609375,-279.0439147949219,1,2.7552360816542505,0.9364928635931178,0.8911038936769679,0.10412472709501445,0.8382234057202735,0.8382234057202735,0.8693432011982862
138,434,410,LAD,3,158.3498956128106,84.2628402709961,-215.5556640625,-279.0495910644531,1,2.2795440218568923,0.8518223982428543,0.8274653650167333,0.17316244952796672,0.8160423769358631,0.8160423769358631,0.8685955224654192
138,435,411,LAD,3,158.75571571817864,84.2275390625,-215.15138244628906,-279.04998779296875,1,2.0847677002553557,0.8146178057150024,0.7504897267156613,0.12128210668035386,0.7832368661692545,0.7832368661692545,0.8678657272187941
138,436,412,LAD,3,159.1612302834768,84.19225311279297,-214.74740600585938,-279.04998779296875,1,1.9568030858360865,0.7892209877699496,0.6825430239420783,0.18056813940483854,0.7371172107294941,0.7371172107294941,0.867136481431616
138,437,413,LAD,3,159.57210594142953,84.09575653076172,-214.3480224609375,-279.04998779296875,1,2.093199941678452,0.8162635819363653,0.7083548597158636,0.2737864527670223,0.6804395087471012,0.6804395087471012,0.866397594673268
138,438,414,LAD,3,159.96673278754233,83.95503234863281,-213.97933959960938,-279.04998779296875,1,2.31921877058251,0.8592032721652251,0.7708850844231113,0.4198065528860259,0.6219502326235672,0.6219502326235672,0.8656879285116506
138,439,415,LAD,3,160.43099132965074,83.82324218750001,-213.5341796875,-279.04998779296875,0,2.1109170767053067,0.8197107870642464,0.7416976353229597,0.593447170529847,0.5717483845436205,0.5717483845436205,0.8648530421352635
138,440,416,D1,4,43.726848493898,66.8836441040039,-194.90090942382812,-199.54998779296875,0,14.344812126743143,2.136842417070447,1.470905256626707,0.853744040034749,0.9887835744478257,0.9887835744478257,0.7692178122133988
138,441,417,D1,4,44.223694832470784,67.2523193359375,-194.56784057617188,-199.5500030517578,0,11.645763904935064,1.9253471850819992,1.3090789715713922,0.9331650844705062,0.8977572889097811,0.8977572889097811,0.7663904428614441
138,442,418,D1,4,44.70444392145904,67.6517105102539,-194.3002471923828,-199.55039978027344,1,3.310835697460897,1.026582551006985,0.8223072561851639,0.22394188687298147,0.79515098144775,0.79515098144775,0.7636546770226738
138,443,419,D1,4,45.12929325994588,68.05567169189453,-194.16879272460938,-199.55606079101562,1,1.949937461253533,0.7878352437896656,0.704399990401203,0.11665344686056106,0.6960230121684692,0.6960230121684692,0.7612370160567371
138,444,420,D1,4,45.536921235055544,68.4599609375,-194.1331787109375,-199.59403991699222,1,1.4892905814985207,0.6885171860537582,0.5673090253982777,0.10938300715239661,0.6164562495563624,0.6164562495563624,0.7589173555211777
138,445,421,D1,4,45.9583798514554,68.8642578125,-194.12826538085938,-199.71298217773438,1,1.0548987674794283,0.5794693318992801,0.5125099989879358,0.03358747639542691,0.5668517472555282,0.5668517472555282,0.7565189899046589
138,446,422,D1,4,46.39854037305687,69.2685546875,-194.12794494628906,-199.8870086669922,1,0.8768913555624978,0.5283211027250838,0.4853752697905857,0.2602465975277576,0.5474899927056589,0.5474899927056589,0.7540141986400372
138,447,423,D1,4,46.820082491622344,69.6728515625,-194.1279296875,-200.00634765625,1,0.9014502648378652,0.5356683033378854,0.4921252357890096,0.38372093945048186,0.5489958176120613,0.5489958176120613,0.7516153578434766
138,448,424,D1,4,47.226727821938084,70.0771484375,-194.1279296875,-200.04998779296875,1,1.2837389434839328,0.6392392329872052,0.5914430910808296,0.20364147423843687,0.557453397999874,0.557453397999874,0.7493012891771905
138,449,425,D1,4,47.633374790071024,70.4814453125,-194.1279296875,-200.09364318847656,1,1.4614025656684724,0.6820402366038466,0.6124218137182051,0.2395718218962821,0.5620988786549368,0.5620988786549368,0.7469872111906906
138,450,426,D1,4,48.05502939427391,70.8857421875,-194.1279296875,-200.21337890625003,1,1.4414031119047883,0.6773572620821119,0.573066957516979,0.2304426217770256,0.5609641553069606,0.5609641553069606,0.7445877302798349
138,451,427,D1,4,48.497626037349946,71.2900390625,-194.1279296875,-200.39347839355472,1,1.4130034543258514,0.6706511527789726,0.5631291677526747,0.16996446074054677,0.5597934781557247,0.5597934781557247,0.74206907594597
138,452,428,D1,4,48.93339427986606,71.6943359375,-194.12794494628906,-200.5560760498047,1,1.424569495791938,0.6733903430154251,0.582202067398753,0.21202941175896706,0.5651499214064294,0.5651499214064294,0.7395892795224229
138,453,429,D1,4,49.38238304277127,72.09862518310547,-194.12826538085938,-200.75137329101562,1,1.5497410422455138,0.7023516888080492,0.6220440114690351,0.22465513490535666,0.578075099616551,0.578075099616551,0.7370342499910454
138,454,430,D1,4,49.888411428080104,72.50260162353516,-194.13316345214847,-201.0560760498047,1,1.7241724992881333,0.7408246432251209,0.7029107463792326,0.1601501629632132,0.593369149456958,0.593369149456958,0.7341546289960489
138,455,431,D1,4,50.41266912178658,72.90231323242188,-194.16847229003906,-201.39346313476562,1,1.593148899224426,0.712120105590313,0.6706625430588743,0.1143685343363488,0.6042687217253088,0.6042687217253088,0.7311712717271394
138,456,432,D1,4,50.92045638982585,73.27589416503906,-194.29568481445315,-201.71299743652344,1,1.6066718271437535,0.71513601953253,0.6656341253618541,0.09635387033358375,0.6077800225325428,0.6077800225325428,0.7282816415789306
138,457,433,D1,4,51.462505606841866,73.58369445800781,-194.5374755859375,-202.08798217773438,1,1.4588899962702389,0.6814536731630775,0.6254231157065056,0.09537304368924478,0.6061074194069661,0.6061074194069661,0.7251970393096564
138,458,434,D1,4,52.02919495013886,73.84268951416016,-194.8099822998047,-202.51200866699222,1,1.3913990050356018,0.6655043643201162,0.6037432174441998,0.07145515729705777,0.6042832757928718,0.6042832757928718,0.7219722191652234
138,459,435,D1,4,52.562696031924354,74.11978912353516,-195.06866455078125,-202.8874053955078,1,1.3601863785904633,0.6579975466199496,0.6018923799258515,0.170819468432401,0.6069722626950504,0.6069722626950504,0.7189362611823026
138,460,436,D1,4,53.08726470655957,74.39260864257812,-195.37644958496094,-203.21299743652344,1,1.426403881154947,0.6738237581612484,0.6411655634467439,0.10169932542482277,0.6158347350755863,0.6158347350755863,0.7159511342355698
138,461,437,D1,4,53.667534553036134,74.62057495117188,-195.75003051757812,-203.59402465820312,1,1.4848495676812428,0.6874898522077741,0.6501244295861719,0.052847693634006966,0.6278463375724093,0.6278463375724093,0.7126490324539523
138,462,438,D1,4,54.31221365567374,74.82730865478516,-196.14974975585938,-204.05564880371094,1,1.6046884314892196,0.7146944745748207,0.6559307883572604,0.04322553726922304,0.6363666182168863,0.6363666182168863,0.7089804013397949
138,463,439,D1,4,54.97632235700139,75.02488708496094,-196.5537261962891,-204.54432678222656,1,1.6398254380213646,0.7224767460187665,0.6848477488302892,0.07365434451937776,0.6357521623499298,0.6357521623499298,0.7052012035421539
138,464,440,D1,4,55.61486339811654,75.20154571533203,-196.9580078125,-205.0059356689453,1,1.5303571966718659,0.6979454313147745,0.6001341538643192,0.08790287891518242,0.6258366387903781,0.6258366387903781,0.7015675018733434
138,465,441,D1,4,56.18666495931641,75.33792114257812,-197.36230468750003,-205.3865966796875,1,1.3343127458789525,0.6517092436618577,0.5071789577879188,0.004037455177395669,0.6114619005129859,0.6114619005129859,0.6983135899814285
138,466,442,D1,4,56.72746234733033,75.50041961669922,-197.7666015625,-205.7069091796875,1,1.4271913200185216,0.6740097229547877,0.5895519737698752,0.08212891546498019,0.5974935252073628,0.5974935252073628,0.6952361114095222
138,467,443,D1,4,57.32362716985307,75.77293395996095,-198.1708984375,-206.0499725341797,1,1.4591572940058883,0.6815160982539314,0.5888893104540004,0.11026493980557771,0.5848481550906477,0.5848481550906477,0.6918435571788596
138,468,444,D1,4,57.952366251588295,76.11122131347658,-198.57518005371094,-206.3926544189453,1,1.5180986045855125,0.6951444411353557,0.601699534984075,0.10434329056253208,0.5713794773660348,0.5713794773660348,0.6882656348474184
138,469,445,D1,4,58.54725061705211,76.41444396972656,-198.97915649414062,-206.70689392089844,1,1.5483080715010455,0.7020268983571373,0.6388655978196804,0.07087829289192792,0.5556829558242578,0.5556829558242578,0.6848803672258414
138,470,446,D1,4,59.13217002645234,76.67770385742189,-199.37855529785156,-207.0435028076172,1,1.501966677992676,0.6914411343879497,0.6427817811864714,0.29785126185339617,0.5395468114892226,0.5395468114892226,0.6815518064956724
138,471,447,D1,4,59.6982996000094,76.9858169555664,-199.74754333496094,-207.342529296875,1,1.1814577337080352,0.6132452011614635,0.5675348606626857,0.44890141035102155,0.527701463823789,0.527701463823789,0.678330171794472
138,472,448,D1,4,60.18931196277282,77.35940551757812,-200.02462768554688,-207.4998474121094,0,1.0085805516663022,0.5666049422729081,0.532584788266806,0.5199646151766366,0.5259920657300474,0.5259920657300474,0.6755360014481712
138,473,449,D1,4,60.6229977908968,77.75911712646484,-200.1871337890625,-207.5435028076172,0,0.9730973904292114,0.5565487576064347,0.5191779658872406,0.5132662711857281,0.5385839588299467,0.5385839588299467,0.6730680552772541
138,474,450,D1,4,61.04797582485613,78.16309356689453,-200.31893920898438,-207.549560546875,1,1.1321056052096008,0.6003002634867817,0.5609576082524971,0.3765080065691723,0.5646864480158487,0.5646864480158487,0.6706496619528267
138,475,451,D1,4,61.47779788707787,78.5673828125,-200.46487426757815,-207.5499725341797,1,1.4677265577329652,0.6835143550364594,0.6328831731308205,0.17808115584136838,0.5972324494524153,0.5972324494524153,0.668203703049294
138,476,452,D1,4,61.894541269191144,78.9716796875,-200.56596374511722,-207.5500030517578,1,1.547402799488141,0.7018216361623153,0.6454277611860173,0.11258679088476012,0.6261761944518132,0.6261761944518132,0.6658321700928437
138,477,453,D1,4,62.303527172947796,79.3759765625,-200.62771606445312,-207.55039978027347,1,1.6440203317457773,0.7234002520609432,0.6867053406136417,0.10607228156444462,0.6446374367865951,0.6446374367865951,0.6635047820859504
138,478,454,D1,4,62.72136219552459,79.78027343750001,-200.73306274414062,-207.5560760498047,1,1.8218316277335354,0.761516262511768,0.709505910980879,0.11615232602135933,0.6519911445009138,0.6519911445009138,0.6611270370060521
138,479,455,D1,4,63.16242671691547,80.1845703125,-200.90513610839844,-207.59445190429688,1,1.883621626787251,0.7743225333386446,0.7276537432887479,0.08634840752955451,0.6515951276569418,0.6515951276569418,0.6586171014118857
138,480,456,D1,4,63.629329817003175,80.5888671875,-201.10240173339844,-207.71946716308597,1,1.7333263934339374,0.7427886152959784,0.6961517293206404,0.06672560193708686,0.6472530547284548,0.6472530547284548,0.6559601279916674
138,481,457,D1,4,64.13319109075022,80.9931640625,-201.30943298339844,-207.9375457763672,1,1.7748840224424336,0.7516402937396848,0.6959626972714851,0.06766719399198201,0.6421366211638009,0.6421366211638009,0.65309283922967
138,482,458,D1,4,64.67817945569548,81.3974609375,-201.54197692871097,-208.21946716308597,1,1.675289855043749,0.7302474396284008,0.6486926330335061,0.07942917956633383,0.6392409627865744,0.6392409627865744,0.6499915113530382
138,483,459,D1,4,65.30746813758226,81.8017578125,-201.84518432617188,-208.59445190429688,1,1.6598272716772768,0.7268696099936672,0.6405821480802363,0.13549583115245126,0.6410688064764097,0.6410688064764097,0.6464104614497428
138,484,460,D1,4,66.02317230202536,82.2060546875,-202.21353149414062,-209.0560760498047,1,1.5053712770066368,0.6922243565841426,0.6184162796223134,0.240908525785089,0.6484972962053228,0.6484972962053228,0.6423376528920194
138,485,461,D1,4,66.75827325893562,82.6103515625,-202.57762145996094,-209.55039978027347,1,1.6335798780534265,0.7210995944079548,0.6596139351450451,0.2732395286135937,0.6602024669948989,0.6602024669948989,0.6381544643389327
138,486,462,D1,4,67.45621395123538,83.0146484375,-202.84979248046875,-210.04998779296878,1,1.8968323137030396,0.7770331253457287,0.7014215536344677,0.17717098500005504,0.673027280913854,0.673027280913854,0.634182741152728
138,487,463,D1,4,68.11220818487318,83.4189453125,-202.98126220703125,-210.5495758056641,1,2.075246826070304,0.8127555481260718,0.7413546286651173,0.17624768379026315,0.682593823597396,0.682593823597396,0.6304497197993366
138,488,464,D1,4,68.75156346195601,83.82324218750001,-203.01229858398438,-211.0438995361328,1,1.9223279200552645,0.7822378036381995,0.7193822024040647,0.2157831246859964,0.6844986446362078,0.6844986446362078,0.6268113846137997
138,489,465,D1,4,69.36574469714016,84.2275390625,-202.9864959716797,-211.50552368164062,1,1.7726526325501313,0.7511676628492664,0.675389867548214,0.19424894193164077,0.6766516830284411,0.6766516830284411,0.6233163056203757
138,490,466,D1,4,69.92575993111981,84.6318359375,-202.89031982421875,-211.88090515136722,1,1.7693579343921546,0.7504692683346559,0.660649301622298,0.06489312951322104,0.6606880662937207,0.6606880662937207,0.6201294653716779
138,491,467,D1,4,70.44275424417066,85.0361328125,-202.7450408935547,-212.16851806640625,1,1.6977608450582036,0.7351286019179046,0.6689891439169715,0.13165058417651773,0.6400995815558245,0.6400995815558245,0.6171874413244568
138,492,468,D1,4,70.93813294517334,85.4404296875,-202.61782836914062,-212.42495727539062,1,1.635503882170465,0.7215241191996485,0.6962527315565188,0.18336248194539145,0.6175170181474882,0.6175170181474882,0.6143684237568736
138,493,469,D1,4,71.43122324371045,85.8447265625,-202.48602294921875,-212.67457580566406,1,1.4005812802318875,0.667696688550842,0.6265386147813026,0.15048432659275446,0.5952124380295207,0.5952124380295207,0.6115624286441093
138,494,470,D1,4,71.9400204739261,86.2490234375,-202.30511474609375,-212.92495727539062,1,1.3041545274729003,0.644302164520634,0.43215984388463335,0.164836909672377,0.5771403378945483,0.5771403378945483,0.6086670511734741
138,495,471,D1,4,72.46432254254626,86.6533203125,-202.0768280029297,-213.16851806640625,1,1.3081164809740542,0.6452801005563336,0.5838677888059596,0.22341437366881386,0.5678521235477637,0.5678521235477637,0.6056834413832894
138,496,472,D1,4,73.01250912483921,87.05760955810547,-201.7736053466797,-213.38092041015625,1,0.943942669772829,0.5481480491431241,0.48467503004115586,0.36274059563271965,0.5681166035980763,0.5681166035980763,0.6025639136307448
138,536,473,LCX,7,33.991725910264755,51.87887954711915,-156.89175415039062,-205.88092041015628,0,11.45713956635879,1.90969128168913,1.1901280671382197,0.7806563469348414,0.9403466967794584,0.9403466967794584,0.8158437948496204
138,537,474,LCX,7,34.49419266356154,51.61127471923829,-156.5230712890625,-205.66894531250003,0,9.411514275627841,1.7308316029851718,1.032024193266538,0.9015432121519462,0.8540189396299033,0.8540189396299033,0.8095680614497445
138,538,475,LCX,7,35.00976254383071,51.38789749145508,-156.12368774414062,-205.4314422607422,0,7.195318669311044,1.5133872824510262,0.8636602125793571,1.0445009105920755,0.7553224240924079,0.7553224240924079,0.803128671984977
138,539,476,LCX,7,35.49816997706984,51.20731735229492,-155.71971130371094,-205.22471618652344,1,1.8967614962060257,0.777018620095514,0.6971482581079759,0.19004950520132538,0.6617487352661577,0.6617487352661577,0.7970285373563359
138,540,477,LCX,7,35.933286985403875,51.07553482055664,-155.3154296875,-205.13243103027347,1,1.3137272530819613,0.646662487241268,0.5860378790623991,0.3472849899076756,0.5911660434103323,0.5911660434103323,0.7915939920373881
138,541,478,LCX,7,36.359259597133374,50.94832229614258,-154.9111328125,-205.17501831054688,1,1.2532466071449484,0.6316017613025873,0.5516831755194646,0.1834784454718907,0.5537976214804533,0.5537976214804533,0.7862736588425582
138,542,479,LCX,7,36.79170406816727,50.80302047729492,-154.5068359375,-205.2244110107422,1,1.235462398122934,0.6271043735542468,0.5696479491476122,0.07339800057393696,0.5484552056729987,0.5484552056729987,0.7808724931084025
138,543,480,LCX,7,37.211040759817315,50.70652770996094,-154.10253906250003,-205.16894531250003,1,1.1862931885355492,0.6144988607177044,0.5847159639259332,0.17959682150684564,0.5646454966052257,0.5646454966052257,0.7756350415470504
138,544,481,LCX,7,37.62451042839356,50.67580795288086,-153.6982421875,-205.0879669189453,1,1.2487596047483116,0.6304700846656807,0.5733006349988867,0.16217294032303106,0.5881565497853536,0.5881565497853536,0.7704708682124082
138,545,482,LCX,7,38.03012147685777,50.67123794555664,-153.2939453125,-205.0556640625,1,1.2693357711362554,0.6356430797541932,0.5683256528657955,0.08766880284956702,0.6066469274818332,0.6066469274818332,0.7654048478488641
138,546,483,LCX,7,38.434447652381806,50.67123794555664,-152.8896484375,-205.05079650878906,1,1.345119025638328,0.654342940631736,0.5817390421835696,0.04237166064400402,0.6127405873501903,0.6127405873501903,0.7603548753531083
138,547,484,LCX,7,38.83881041228476,50.67580795288086,-152.4853515625,-205.05648803710938,1,1.4739039072712163,0.6849512281683603,0.6110957632990537,0.03501550015199795,0.6042063374126747,0.6042063374126747,0.7553044459240194
138,548,485,LCX,7,39.24661194930459,50.70651626586914,-152.0810546875,-205.10011291503906,1,1.5999576116436596,0.7136401931373981,0.6441972635126949,0.07613889728615537,0.5827028151096223,0.5827028151096223,0.7502110666912554
138,549,486,LCX,7,39.69083838549083,50.802703857421875,-151.6767578125,-205.25704956054688,1,1.6641485556489486,0.7278151807578188,0.6867696276838302,0.09179616990123743,0.552535641757253,0.552535641757253,0.7446627460025926
138,550,487,LCX,7,40.209881080398645,50.943721771240234,-151.2724609375,-205.55041503906253,1,1.193660164541313,0.6164039512505336,0.5670175013199737,0.268531628210557,0.5199740039156784,0.5199740039156784,0.7381799816106756
138,551,488,LCX,7,40.72267035062849,51.044166564941406,-150.8681640625,-205.84942626953125,0,0.6847694567199731,0.46687138253556604,0.4259663411209321,0.5558084185421409,0.4928650481067571,0.4928650481067571,0.731775321542791
138,552,489,LCX,7,41.177592071761076,51.101322174072266,-150.46386718750003,-206.05000305175784,0,0.5166501268548952,0.40553032325095334,0.3547147679829131,0.7070071469448862,0.4791052170353056,0.4791052170353056,0.7260934183702749
138,553,490,LCX,7,41.63521144715145,51.17594909667969,-150.0595703125,-206.2509765625,0,0.6794802465594362,0.465064812629883,0.42519211315301747,0.5303624268454393,0.48305709374623795,0.48305709374623795,0.7203778219059824
138,554,491,LCX,7,42.14730019867457,51.25152587890625,-149.6552734375,-206.55604553222656,1,0.9018909071833356,0.5357992086740362,0.49673051637488774,0.3327500632021689,0.5022741651419795,0.5022741651419795,0.7139819112103025
138,555,492,LCX,7,42.67620441143814,51.30349349975586,-149.2509765625,-206.89306640625,1,1.2282603211071512,0.6252738624120503,0.5657655754918386,0.2093966187403184,0.5282149062009076,0.5282149062009076,0.7073759779588046
138,556,493,LCX,7,43.1944549837689,51.38331604003906,-148.8466796875,-207.2073211669922,1,1.4970995599694967,0.690319918979377,0.5968390966175864,0.140629636291924,0.5512373716888986,0.5512373716888986,0.7009031070575134
138,557,494,LCX,7,43.73367362177593,51.484073638916016,-148.4423828125,-207.54959106445315,1,1.3975889693829413,0.6669830475926696,0.6008107625886112,0.1553100969677242,0.5662084939255935,0.5662084939255935,0.6941683482019806
138,558,495,LCX,7,44.27434913178817,51.606685638427734,-148.0380859375,-207.88699340820312,1,1.2693015448364031,0.6356345099739198,0.5552056476362053,0.21773366314508696,0.5743200370211838,0.5743200370211838,0.6874153932364714
138,559,496,LCX,7,44.788250764002335,51.751346588134766,-147.6337890625,-208.1693267822266,1,1.022659702362107,0.570545960868738,0.5170572770372939,0.24510849698584936,0.5792223077109293,0.5792223077109293,0.6809968399364239
138,560,497,LCX,7,45.278344071081754,51.8432502746582,-147.2294921875,-208.43064880371097,1,1.0930072685950292,0.5898432158332753,0.5461507038375784,0.17642159909069344,0.5808893374174173,0.5808893374174173,0.674875648999683
138,561,498,LCX,7,45.771464844605255,51.843257904052734,-146.8251953125,-208.71298217773438,1,1.407033228974234,0.6692328346484503,0.5983581034468084,0.0861119601048431,0.5740407632252086,0.5740407632252086,0.6687166454670725
138,562,499,LCX,7,46.30596011516319,51.751667022705085,-146.4208984375,-209.05038452148438,1,1.800116844135096,0.7569643239771389,0.6553967700422534,0.15326996833976236,0.5542086895976837,0.5542086895976837,0.6620408807532728
138,563,500,LCX,7,46.853976426054295,51.61128616333008,-146.01660156250003,-209.39266967773438,1,1.067590763223598,0.5829448467330075,0.5370544513582816,0.29654063807708575,0.5256394328627129,0.5256394328627129,0.6551962403002064
138,564,501,LCX,7,47.375165493974905,51.51544189453125,-145.6123046875,-209.70730590820312,0,0.6712181700600894,0.46222870888372924,0.40249115615000314,0.5102077893028873,0.5015338048150829,0.5015338048150829,0.6486866680354965
138,565,502,LCX,7,47.90553089451024,51.48931121826172,-145.2080078125,-210.0495758056641,1,0.490999543520626,0.395335311873786,0.3335641693935069,0.4842594547451771,0.4950286230252991,0.4950286230252991,0.642062484770754
138,566,503,LCX,7,48.43252410595093,51.51544189453125,-144.8037109375,-210.3865966796875,1,0.5534263714726337,0.41971548138538123,0.37526574672766244,0.34302056182264967,0.510153721448708,0.510153721448708,0.6354804196354058
138,567,504,LCX,7,48.93171532926337,51.611297607421875,-144.3994140625,-210.66326904296875,1,0.9778239467443332,0.5578987624972596,0.47762257806212716,0.14856362587795774,0.5412988978815411,0.5412988978815411,0.6292455971073244
138,568,505,LCX,7,49.41473827194795,51.75199508666992,-143.9951171875,-210.8870086669922,1,1.3039012786060198,0.6442396041753264,0.600239062187214,0.04443956040243569,0.579210610961849,0.579210610961849,0.6232127139475472
138,569,506,LCX,7,49.86337740880195,51.84815979003907,-143.5908203125,-211.05604553222656,1,1.6282504559173603,0.7199223689410965,0.6640867851511598,0.07346749026018373,0.6159444978820315,0.6159444978820315,0.6176092792980449
138,570,507,LCX,7,50.31589985843457,51.87855911254883,-143.1865234375,-211.2570343017578,1,1.8005663541378922,0.7570588294525039,0.5677401056546765,0.09210970485563615,0.6454247072523904,0.6454247072523904,0.6119573426619989
138,571,508,LCX,7,50.84222344006847,51.87887954711915,-142.78224182128906,-211.5940399169922,1,1.8413356872883657,0.7655817089291722,0.6496448261477904,0.0478352775096094,0.6627319445202697,0.6627319445202697,0.605383641101189
138,576,509,OM2,8,33.99342820997985,52.733253479003906,-156.89175415039062,-206.04998779296875,1,9.284013396894247,1.719067551812376,1.265910481287695,0.40338703945965443,1.130216755089492,1.130216755089492,1.0243089500488771
138,577,510,OM2,8,34.51481372320302,53.10192108154297,-156.5230712890625,-206.04998779296875,1,6.293411770249042,1.415363975907152,1.2583195027525318,0.07431967747829087,1.1273077690164397,1.1273077690164397,1.0219716488273614
138,578,511,OM2,8,35.079403509350705,53.5009880065918,-156.12368774414062,-206.04998779296875,1,4.940187008126543,1.253997752902054,1.162560416752946,0.03230772671858224,1.105599303653179,1.105599303653179,1.0194406686536688
138,579,512,OM2,8,35.647476768223,53.90037536621094,-155.71971130371094,-206.04998779296875,1,3.793822842950368,1.0989136987684687,0.9859554856140489,0.05651620038796852,1.072034724754258,1.072034724754258,1.0168940725396638
138,580,513,OM2,8,36.19793429450408,54.27395248413086,-155.3154296875,-206.04998779296875,1,3.354610781100827,1.0333468807342099,0.8997991096985969,0.12948240542923603,1.0391856198138076,1.0391856198138076,1.0144264453886604
138,581,514,OM2,8,36.70625933409388,54.58207321166993,-154.9111328125,-206.04998779296875,1,3.5115838522492284,1.057247301407901,0.9384066283000065,0.21759901038963378,1.0153940748078851,1.0153940748078851,1.0121476925161164
138,582,515,OM2,8,37.188892291314126,54.845661163330085,-154.5068359375,-206.04998779296875,1,3.904853212794683,1.1148781914312813,0.9860508387723145,0.2433287445515099,1.0003403870093563,1.0003403870093563,1.0099841137977876
138,583,516,OM2,8,37.6972173309039,55.15378189086914,-154.10253906250003,-206.04998779296875,1,4.193652754735152,1.1553705600603155,1.0229843500534042,0.25789117399694844,0.9879131068977212,0.9879131068977212,1.0077053609252433
138,584,517,OM2,8,38.24769383088696,55.52737045288086,-153.6982421875,-206.05000305175784,1,4.280796686379824,1.1673131139576518,1.057877509524122,0.279076691314319,0.971517302815566,0.971517302815566,1.0052376487176826
138,585,518,OM2,8,38.81622574765083,55.927085876464844,-153.2939453125,-206.05039978027347,1,4.183876427789319,1.154023062827023,1.0677363532075987,0.32430051093517737,0.9482287310764806,0.9482287310764806,1.0026889965019583
138,586,519,OM2,8,39.38779206638369,56.3310661315918,-152.8896484375,-206.05606079101562,1,3.7592048755643828,1.0938885117243209,1.0408710519224604,0.3490334906530061,0.9209328530687191,0.9209328530687191,1.0001267414697979
138,587,520,OM2,8,39.96080711509804,56.7353515625,-152.4853515625,-206.09405517578125,1,3.2455481382995073,1.0164103789838679,0.9794528275195429,0.3139473755347827,0.8972487795341911,0.8972487795341911,0.9975579919757288
138,588,521,OM2,8,40.544890774025944,57.1396484375,-152.0810546875,-206.21339416503906,1,2.8463523751664677,0.9518519320662224,0.9067916051673102,0.2764840909614664,0.8848591574086863,0.8848591574086863,0.9949396233888456
138,589,522,OM2,8,41.14434240312508,57.54394531250001,-151.6767578125,-206.3934783935547,1,2.721413381332997,0.9307270188788714,0.8866667377453408,0.22208027067884442,0.8863999466319694,0.8863999466319694,0.9922523622559626
138,590,523,OM2,8,41.7387706681274,57.9482421875,-151.2724609375,-206.55606079101562,1,2.781346751597304,0.9409198520270436,0.8880701474262582,0.11677537146020721,0.8985314464898866,0.8985314464898866,0.9895876201895699
138,591,524,OM2,8,42.34283336877547,58.3525390625,-150.86817932128906,-206.7509765625,1,2.7184288162010963,0.9302165162389388,0.8666842052547352,0.14858223280666064,0.9155965547242457,0.9155965547242457,0.9868796882423075
138,592,525,OM2,8,42.98786099880651,58.7568359375,-150.46420288085938,-207.04998779296878,1,3.2099055057189627,1.0108138583271038,0.9783294076462419,0.22422929095474806,0.9334040031178346,0.9334040031178346,0.983988116019169
138,593,526,OM2,8,43.6302309455921,59.1611328125,-150.06448364257812,-207.3489990234375,1,3.7834584756174596,1.0974116077183127,1.04916331238746,0.2693678768571088,0.9502903882047582,0.9502903882047582,0.9811084578330309
138,594,527,OM2,8,44.214192275067994,59.56542968750001,-149.69090270996094,-207.54391479492188,1,3.9787944095200896,1.125384199126255,1.0677893272117422,0.24156888506930171,0.9669099076323422,0.9669099076323422,0.9784906376326492
138,595,528,OM2,8,44.747699556602704,59.9697265625,-149.3831024169922,-207.7064971923828,1,4.012504319879918,1.1301414926339732,1.073580790115298,0.2130046242949144,0.9851953296591454,0.9851953296591454,0.9760989961520298
138,596,529,OM2,8,45.260509637999974,60.3740234375,-149.1240997314453,-207.8865966796875,1,4.226784316979612,1.159925529877333,1.112049927406783,0.21955519754520472,1.0051230719297501,1.0051230719297501,0.9738001374395086
138,597,530,OM2,8,45.76505729936123,60.7783203125,-148.84701538085938,-208.00633239746094,1,4.505744174420825,1.1975904622754687,1.143323129691342,0.17398876999691676,1.0218734573368173,1.0218734573368173,0.9715383180461727
138,598,531,OM2,8,46.25456895989079,61.1826171875,-148.5745086669922,-208.04998779296878,1,4.6014334164609965,1.210240367479118,1.16461607357744,0.07335782329964168,1.0281847797920327,1.0281847797920327,0.9693439030248788
138,599,532,OM2,8,46.71869503787728,61.58691406250001,-148.3507843017578,-208.0936279296875,1,4.379300514501117,1.1806670353386963,1.1319353330198967,0.0022328759395319284,1.0205065973157512,1.0205065973157512,0.9672632881602484
138,600,533,OM2,8,47.17742063953857,61.9912109375,-148.1698760986328,-208.21298217773438,1,4.187151967607068,1.1544747144235084,1.095391049167332,0.02311519272436769,1.0018018151677477,1.0018018151677477,0.9652068829055735
138,601,534,OM2,8,47.638371394309715,62.3955078125,-148.03350830078125,-208.3874053955078,1,3.789835747910475,1.0983360986385926,1.0363948066435458,0.11259326404509448,0.9782369886868164,0.9782369886868164,0.9631405025883972
138,602,535,OM2,8,48.09006648616505,62.7998046875,-147.87525939941406,-208.51202392578125,1,3.4905898969796216,1.0540821945284309,0.9927165932065672,0.20765430742858043,0.9550328171006636,0.9550328171006636,0.9611156141648207
138,603,536,OM2,8,48.569640210984986,63.2041015625,-147.62887573242188,-208.58837890625,1,3.4575539985664805,1.0490822750185074,0.97064202495136,0.21329176406983993,0.9362895476342922,0.9362895476342922,0.9589657495744159
138,604,537,OM2,8,49.074480160737934,63.60839843750001,-147.35604858398438,-208.71865844726565,1,3.4402922709320642,1.0464602434872337,0.9572322111014093,0.23883644212715752,0.926468089024515,0.926468089024515,0.9567026198914814
138,605,538,OM2,8,49.59950960301919,64.0126953125,-147.0973663330078,-208.93145751953128,1,3.45433019677033,1.0485930820748317,0.9633557082754942,0.22844469647333368,0.928377702107092,0.928377702107092,0.954348983425463
138,606,539,OM2,8,50.16298058316014,64.41698455810547,-146.78990173339847,-209.1754150390625,1,3.7220033799152614,1.0884624349220837,1.0073301432609583,0.164192531391143,0.9389589676507459,0.9389589676507459,0.9518230187088169
138,607,540,OM2,8,50.76707160497721,64.82096099853516,-146.4208984375,-209.4314727783203,1,3.832492273328638,1.1044999680052037,1.000953096004716,0.17287530221411684,0.949870396397427,0.949870396397427,0.9491149598015582
138,608,541,OM2,8,51.38241314797849,65.22067260742188,-146.0518951416016,-209.7190704345703,1,3.717965589919056,1.0878718691842275,1.002232772323369,0.17435183941265125,0.9544001580242821,0.9544001580242821,0.9463564663190386
138,609,542,OM2,8,51.99480013702213,65.59425354003906,-145.74441528320312,-210.09445190429688,1,3.411493036037257,1.0420709956705512,0.9737754402526966,0.21869302624760972,0.9530910813736845,0.9530910813736845,0.9436112177050454
138,610,543,OM2,8,52.60710101019324,65.90205383300781,-145.4854278564453,-210.5560760498047,1,3.3133158100991915,1.0269669801914898,0.9744089011545839,0.26545193035823395,0.9519166195585607,0.9519166195585607,0.9408663551369414
138,611,544,OM2,8,53.23031547600619,66.16104888916016,-145.2080078125,-211.05039978027344,1,3.368927115796199,1.0355495192363204,0.9733729452303773,0.19927850189571636,0.9562032305875617,0.9562032305875617,0.9380725683989748
138,612,545,OM2,8,53.865406837324585,66.43814849853516,-144.93060302734375,-211.5500030517578,1,3.712029709530128,1.0870031068729218,1.0117604798901656,0.13216651881507316,0.9669730936708333,0.9669730936708333,0.9352255391338018
138,613,546,OM2,8,54.49097197253026,66.71096801757812,-144.67192077636722,-212.04998779296875,1,4.278085719734654,1.1669434341617584,1.072085671507522,0.15821873137806866,0.9812636737003407,0.9812636737003407,0.9324212146606973
138,614,547,OM2,8,55.118602097946216,66.93894958496094,-144.3686981201172,-212.54998779296875,1,4.426970180329276,1.1870755554048136,1.0794345144323725,0.2143862722323534,0.9934993020851877,0.9934993020851877,0.9296076331138566
138,615,548,OM2,8,55.75924603831416,67.14599609375001,-144.0258331298828,-213.04998779296875,1,4.414115717872749,1.1853508644102626,1.123613840222228,0.17344982686587662,0.9969357778877781,0.9969357778877781,0.9267357123826458
138,616,549,OM2,8,56.37795831842893,67.34813690185547,-143.72261047363284,-213.54998779296875,1,4.30360783219549,1.1704191211894208,1.1094597919608051,0.12767478929625495,0.986953007707953,0.986953007707953,0.9239621083384152
138,617,550,OM2,8,56.97766839565976,67.55486297607422,-143.46392822265625,-214.04998779296875,1,3.7509384533506003,1.0926851294716302,1.0290721774897567,0.13133233992657461,0.9650361210280436,0.9650361210280436,0.9212736886172732
138,618,551,OM2,8,57.59155430814649,67.77825164794922,-143.1865234375,-214.54998779296875,1,3.3453972312340836,1.0319268442645,0.9781806544590572,0.12023734455003397,0.9385639071339669,0.9385639071339669,0.9185217205308251
138,619,552,OM2,8,58.21237030554542,68.02003479003906,-142.90911865234375,-215.04998779296875,1,3.299804751401693,1.0248709552169992,0.9616959910418283,0.16033861012994916,0.9155295108291026,0.9155295108291026,0.9157386858045882
138,620,553,OM2,8,58.802199737872165,68.19605255126953,-142.6504364013672,-215.54998779296875,1,3.5325810747177013,1.0604034514411977,1.0051741050119687,0.2093604006047016,0.8997426156618032,0.8997426156618032,0.9130945596873495
138,621,554,OM2,8,59.392654015155586,68.27903747558594,-142.3475341796875,-216.04998779296875,1,3.7674609285852,1.0950890645878233,1.0263325667278347,0.17084847972750866,0.8905793915783508,0.8905793915783508,0.9104476324741015
138,622,555,OM2,8,60.0022078750543,68.36346435546875,-142.00926208496097,-216.54998779296875,1,3.7055528485701115,1.0860543750090847,1.0005583543358898,0.15025772303555046,0.8851479502577623,0.8851479502577623,0.9077150843975095
138,623,556,OM2,8,60.58060555777506,68.46487426757812,-141.73675537109375,-217.04998779296875,1,3.5300625604442093,1.0600253826379145,0.9691432682058173,0.15272052707356318,0.879623744375067,0.879623744375067,0.9051222052782033
138,624,557,OM2,8,61.12150369318992,68.59241485595703,-141.57456970214844,-217.54998779296875,1,3.3533577749063594,1.0331538760823447,0.9450604314547562,0.19927925096102211,0.8698586843312371,0.8698586843312371,0.9026974315924036
138,625,558,OM2,8,61.66929075307977,68.77301788330078,-141.4424591064453,-218.04998779296875,1,3.1659620160267963,1.0038710121244134,0.9178033370542965,0.23428696762110704,0.852142657296558,0.852142657296558,0.9002417757835262
138,626,559,OM2,8,62.23908508945529,69.00128936767578,-141.29226684570312,-218.54998779296875,1,2.906728349890165,0.961894157493815,0.8828051922697615,0.15060446355270354,0.8238513903739003,0.8238513903739003,0.897687464310255
138,627,560,OM2,8,62.837522225361056,69.30451202392578,-141.16505432128906,-219.04998779296875,1,2.648901061562627,0.9182436470883543,0.8436020360347429,0.10897313493583273,0.7847822599292181,0.7847822599292181,0.8950047510140876
138,628,561,OM2,8,63.47424017179486,69.67777252197266,-141.0381622314453,-219.5499725341797,1,2.45978900549689,0.884858835281569,0.8170541243051108,0.22769768567636217,0.7393512238503603,0.7393512238503603,0.8921504299863307
138,629,562,OM2,8,64.13033609095577,70.07747650146484,-140.8928680419922,-220.049560546875,1,2.339521367842526,0.862955839149664,0.7847051630099812,0.33204081780360106,0.6963147847962836,0.6963147847962836,0.889209240109753
138,630,563,OM2,8,64.77569452757301,70.48145294189453,-140.79637145996094,-220.5435028076172,1,2.121779929512226,0.8218172107409822,0.7268538896866725,0.341225010199376,0.6639387916648987,0.6639387916648987,0.8863161849251235
138,631,564,OM2,8,65.38613998891893,70.8857421875,-140.76565551757812,-220.99984741210938,1,1.8381672377069012,0.7649227439560525,0.6789410312137064,0.3644255766175104,0.6449958476071028,0.6449958476071028,0.8835796399190067
138,632,565,OM2,8,65.91614733984834,71.2900390625,-140.76107788085938,-221.342529296875,1,1.7802175372772422,0.7527687836733847,0.6811266066109853,0.3510062741270843,0.6368457767770254,0.6368457767770254,0.8812036881571683
138,633,566,OM2,8,66.36763397548977,71.6943359375,-140.76107788085938,-221.54348754882812,1,1.7857058132350825,0.75392825531916,0.7091770977847577,0.3911530384653219,0.6352069582224853,0.6352069582224853,0.879179734214798
138,634,567,OM2,8,66.80358014393781,72.09863281250001,-140.76565551757812,-221.7064971923828,1,1.936130049876887,0.7850409771555424,0.7441534262620246,0.4172350308252953,0.6363304774456046,0.6363304774456046,0.8772254460994078
138,635,568,OM2,8,67.24741862320708,72.5029296875,-140.79669189453125,-221.8869781494141,1,1.9513044821329442,0.7881113548336035,0.7422298026652843,0.34210780179692807,0.6364620658308321,0.6364620658308321,0.8752357778147278
138,636,569,OM2,8,67.68232107346819,72.9072265625,-140.8974609375,-222.0115966796875,1,1.7063646598296822,0.7369889691565463,0.6907162210127963,0.24335166611015438,0.6323986179567894,0.6323986179567894,0.8732861685477739
138,637,570,OM2,8,68.12716862914714,73.3115234375,-141.06919860839844,-222.08187866210938,1,1.7243124726872934,0.7408547137775281,0.7084489728090348,0.23767296198821916,0.6243818447641347,0.6243818447641347,0.8712919767090919
138,638,571,OM2,8,68.58521323110479,73.7158203125,-141.26646423339844,-222.16810607910156,1,1.6840534870345625,0.7321549520322781,0.6861857135288009,0.26805080850041463,0.6166409607042704,0.6166409607042704,0.8692386242846142
138,639,572,OM2,8,69.04215953939448,74.1201171875,-141.47349548339844,-222.21792602539062,1,1.642530739080082,0.7230724532230215,0.6731878972400885,0.2987929533969647,0.6126341626646823,0.6126341626646823,0.8671901953631236
138,640,573,OM2,8,69.51775751834897,74.5244140625,-141.70603942871094,-222.12486267089847,1,1.7768921885453133,0.7520653896415693,0.7057066712037615,0.193635797649145,0.6104088919501124,0.6104088919501124,0.8650581535073979
138,641,574,OM2,8,70.06136733236829,74.9287109375,-142.00924682617188,-221.924560546875,1,2.027183960669092,0.8032886752557791,0.7379914515261786,0.26257246277991414,0.6052007851024486,0.6052007851024486,0.8626212237306562
138,642,575,OM2,8,70.64816176736157,75.3330078125,-142.37794494628906,-221.71258544921875,1,2.2203552577496333,0.8406908048633974,0.7492336287911929,0.40515770601461776,0.5968080005973094,0.5968080005973094,0.8599907030987926
138,643,576,OM2,8,71.21893650043054,75.7373046875,-142.74693298339844,-221.55079650878906,1,2.101055104240607,0.8177937460611325,0.751317443274692,0.44853204520075257,0.5921827269235657,0.5921827269235657,0.857431996638835
138,644,577,OM2,8,71.74921212013663,76.14160156250001,-143.0547332763672,-221.39915466308594,1,2.082482170023031,0.8141711506309987,0.7734239587525725,0.37627287133066795,0.5999393481972743,0.5999393481972743,0.8550548422641056
138,645,578,OM2,8,72.25221921503487,76.5458984375,-143.3183135986328,-221.25743103027347,1,2.108251289151261,0.8191930345752262,0.7776389768093579,0.3698130290783904,0.6234491471435897,0.6234491471435897,0.8527999290232892
138,646,579,OM2,8,72.76035023062589,76.9501953125,-143.62611389160156,-221.25704956054688,1,2.0835239137363972,0.8143747662118705,0.7719594138050023,0.342140366758066,0.6591428824847325,0.6591428824847325,0.8505220459342695
138,647,580,OM2,8,73.32436518443222,77.3544921875,-143.99510192871094,-221.39308166503906,1,2.0249679147434567,0.8028494917902219,0.7612161973037698,0.24168612909604592,0.6997889492953661,0.6997889492953661,0.8479936426567499
138,648,581,OM2,8,73.8832083629459,77.7587890625,-144.36378479003906,-221.5067596435547,1,2.090810545409198,0.8157975648045729,0.7668153609411146,0.18185335105677577,0.7389446155049119,0.7389446155049119,0.845488423753177
138,649,582,OM2,8,74.390226890905,78.1630859375,-144.6666717529297,-221.55001831054688,1,2.2490409760604058,0.8461039989933089,0.7861696781642121,0.140635646054814,0.7733459995521884,0.7733459995521884,0.8432155277967781
138,650,583,OM2,8,74.85644984882137,78.5673828125,-144.89463806152344,-221.59405517578125,1,2.596055449838473,0.9090380161274301,0.8374770199122076,0.109015032000593,0.8021936989648334,0.8021936989648334,0.841125512901082
138,651,584,OM2,8,75.31512825337428,78.9716796875,-145.0712890625,-221.71945190429688,1,3.160845719584911,1.0030595402295892,0.9018708918445242,0.16637709361081132,0.8251999836027815,0.8251999836027815,0.8390693192247043
138,652,585,OM2,8,75.7864948190161,79.3759765625,-145.1769561767578,-221.9375457763672,1,3.2011982050997494,1.009441943014583,0.9056806027984785,0.18399604622294868,0.841562059556046,0.841562059556046,0.8369562462264817
138,653,586,OM2,8,76.28322505470408,79.78026580810547,-145.2386932373047,-222.21946716308594,1,2.963821435134414,0.9712948387007493,0.8602359009201536,0.120641716968501,0.8496441892316735,0.8496441892316735,0.8347294713023761
138,654,587,OM2,8,76.84349597950167,80.18424224853516,-145.3391571044922,-222.59445190429688,1,3.2206891048477733,1.012510336933638,0.898208856209429,0.1035891423320368,0.847036198012285,0.847036198012285,0.8322178520039921
138,655,588,OM2,8,77.46924392006629,80.58394622802734,-145.4759063720703,-223.0560760498047,1,3.0389492203799344,0.983528128960965,0.8614906221942069,0.12870257147145744,0.8324885084937212,0.8324885084937212,0.8294127080390186
138,656,589,OM2,8,78.0925752882938,80.95720672607422,-145.54563903808594,-223.55039978027344,1,2.3338271580479146,0.8619050162580976,0.7990577754892779,0.22505572975885166,0.8093775954257226,0.8093775954257226,0.82661839724323
138,657,590,OM2,8,78.67833299409375,81.26041412353516,-145.50596618652344,-224.0500030517578,1,2.1372258854214192,0.8248030845829465,0.788540170526937,0.1784271228825535,0.7861735662014231,0.7861735662014231,0.8239925241290831
138,658,591,OM2,8,79.23300983845436,81.48838806152344,-145.43040466308594,-224.54998779296875,1,2.2325822409911744,0.8430023718981181,0.8048027606569926,0.08814766277646927,0.7717650311543394,0.7717650311543394,0.8215059823418822
138,659,592,OM2,8,79.77021638846571,81.66471099853516,-145.3437957763672,-225.04998779296875,1,2.345551936794213,0.864067341148325,0.8042563836387011,0.09186413304445086,0.7704832797662955,0.7704832797662955,0.8190977575375802
138,660,593,OM2,8,80.31891692480943,81.76580810546875,-145.14167785644534,-225.54998779296875,1,2.3184441482973344,0.859059772639832,0.7793360027628261,0.12281414114747544,0.781516803399248,0.781516803399248,0.8166380067364613
138,661,594,OM2,8,80.90644531326105,81.7971649169922,-144.83474731445312,-226.04998779296875,1,2.334408826007319,0.8620124173773984,0.799157345276963,0.1368416590438017,0.8009245440341161,0.8009245440341161,0.814004195889831
138,662,595,OM2,8,81.47162673831178,81.80633544921875,-144.5714111328125,-226.54998779296875,1,2.912362221593494,0.9628258862750819,0.9128967101687542,0.19053012221013385,0.8230833165778522,0.8230833165778522,0.8114705634784071
138,663,596,OM2,8,81.98955635181922,81.83736419677734,-144.43992614746094,-227.04998779296875,1,3.163790461654218,1.0035266721709577,0.9489844878793625,0.2205868804216209,0.8424107965850621,0.8424107965850621,0.8091487545911089
138,664,597,OM2,8,82.50030912655575,81.93356323242188,-144.39974975585938,-227.54998779296875,1,3.4422007905499874,1.0467504678106052,0.9547929954559925,0.28034821291588885,0.8561822565068721,0.8561822565068721,0.8068591185080034
138,665,598,OM2,8,83.02106018150253,82.07459259033203,-144.36380004882812,-228.04998779296875,1,3.671698897468858,1.0810818924366747,0.9645132924485967,0.3308163454310317,0.8655656989964851,0.8655656989964851,0.8045246614777182
138,666,599,OM2,8,83.54103023848793,82.17535400390625,-144.26272583007812,-228.54998779296875,1,3.7617742553886533,1.0942622789267098,0.9885616584339822,0.31935041460229585,0.8730999296635945,0.8730999296635945,0.8021937055563875
138,667,600,OM2,8,84.07309301853327,82.23709106445312,-144.09161376953125,-229.04998779296875,1,3.6187716920186412,1.0732617599689172,0.9937601211211804,0.27228076650808886,0.879531877043281,0.879531877043281,0.7998085395819147
138,668,601,OM2,8,84.61746952910312,82.34243774414062,-143.90386962890625,-229.54998779296875,1,3.4163137297238464,1.042806997711714,0.9534011151272964,0.25550146733057416,0.8829111101908436,0.8829111101908436,0.7973681728075223
138,669,602,OM2,8,85.16455492330894,82.5145034790039,-143.7634735107422,-230.0499725341797,1,3.76333579101393,1.0944893728625371,1.0367409153211333,0.2571848884133866,0.8792811855753785,0.8792811855753785,0.7949156624716561
138,670,603,OM2,8,85.70169565534304,82.71177673339844,-143.76348876953125,-230.54957580566406,1,3.696396222638852,1.0847116948380187,1.0257570633331923,0.24814737866178202,0.8642210230714871,0.8642210230714871,0.7925077327205051
138,671,604,OM2,8,86.25580510490589,82.91881561279298,-143.90420532226562,-231.04391479492188,1,3.3243792819751388,1.0286801207748004,0.9315104795252359,0.2358570788220646,0.8356321737606158,0.8356321737606158,0.7900237344879685
138,672,605,OM2,8,86.8077496456229,83.15135955810547,-144.09686279296878,-231.50592041015625,1,2.887544011108642,0.958714663247975,0.8697425688433897,0.2689661244272267,0.7960850746027912,0.7960850746027912,0.7875494412509897
138,673,606,OM2,8,87.33655355138902,83.45489501953125,-144.30325317382812,-231.88658142089844,1,2.540495135718478,0.8992578704137221,0.8225812733964348,0.2542302323531845,0.7526350261132132,0.7526350261132132,0.7851788843721674
138,674,607,OM2,8,87.87843367728422,83.82816314697266,-144.53121948242188,-232.20648193359375,1,2.1153926011259907,0.8205792942174737,0.7699972504477782,0.2414733961812457,0.7147182952582339,0.7147182952582339,0.7827497085549486
138,675,608,OM2,8,88.46816327097437,84.22786712646484,-144.80404663085938,-232.5435028076172,1,1.699278631960609,0.7354571285492643,0.7065819797719282,0.2592226869252962,0.6909471960937592,0.6909471960937592,0.7801060300009072
138,676,609,OM2,8,89.04229475861783,84.63184356689453,-145.0811309814453,-232.84292602539065,1,1.7147996160811756,0.738808277310702,0.6840812097571397,0.1664735243913066,0.6851361932866158,0.6851361932866158,0.7775322756610829
138,677,610,OM2,8,89.54933833247685,85.03612518310547,-145.3401336669922,-233.00592041015625,1,1.8904853335091367,0.7757320228928408,0.7063051738455012,0.06244517192217834,0.6943252121178185,0.6943252121178185,0.7752592674272788
138,678,611,OM2,8,90.06373329733545,85.44010162353516,-145.64793395996094,-233.08755493164062,1,2.1547348126214585,0.828174735766425,0.7556140196199423,0.09405000670416264,0.7118729776153835,0.7118729776153835,0.7729533038950873
138,679,612,OM2,8,90.62494367098687,85.83981323242188,-146.02151489257815,-233.21255493164065,1,2.3991231573222653,0.8738790643722658,0.7592169497893926,0.11263122803237725,0.7330183793476962,0.7330183793476962,0.7704374731736818
138,680,613,OM2,8,91.19919739715375,86.2134017944336,-146.4212341308594,-233.38697814941406,1,2.538788028152953,0.8989556876098715,0.7880720826487011,0.04149291766528294,0.7567143861289777,0.7567143861289777,0.7678631708549764
138,681,614,OM2,8,91.72090966352414,86.52151489257812,-146.82521057128906,-233.50552368164062,1,2.675090814334553,0.9227718313007476,0.832978711522895,0.1671265824237293,0.7826040742937248,0.7826040742937248,0.7655244048429922
138,682,615,OM2,8,92.20443717860113,86.78478240966797,-147.2294921875,-233.53785705566406,1,2.775177879854035,0.9398758189655224,0.8625972479481381,0.20908303642868378,0.8079739867341678,0.8079739867341678,0.7633568159419516
138,683,616,OM2,8,92.71100735740123,87.08832550048828,-147.6337890625,-233.5059356689453,1,2.9352625172659974,0.9666038887726899,0.8871276795151556,0.21571607571798554,0.8285655269249815,0.8285655269249815,0.7610859298746089
138,684,617,OM2,8,93.25299758385117,87.43120574951172,-148.03807067871094,-233.39305114746094,1,3.1477118040411,1.0009734192693116,0.9186712747661608,0.16125017760347038,0.8422453016592594,0.8422453016592594,0.7586562604913921
138,685,618,OM2,8,93.77629095732537,87.73474884033203,-148.44204711914062,-233.2570343017578,1,3.2608149929748143,1.0187981396136387,0.9492158444101899,0.11441601958548435,0.851012571166035,0.851012571166035,0.7563104065886412
138,686,619,OM2,8,94.25491947194479,87.99801635742188,-148.84176635742188,-233.2570343017578,1,3.3608072560073117,1.0343008146305142,0.9569657795467879,0.13297926994548556,0.8580313787596584,0.8580313787596584,0.7541647792486016
138,687,620,OM2,8,94.75790950680016,88.30611419677734,-149.21536254882815,-233.39305114746094,1,3.4817577602541814,1.0527477933418043,0.9661886506662294,0.1520890985020132,0.8621166706115283,0.8621166706115283,0.7519099424856659
138,688,621,OM2,8,95.25491090809955,88.67938232421875,-149.5234832763672,-233.5059356689453,1,3.3035040238297904,1.0254452641818357,0.9336694557046133,0.19572291885614493,0.8558993249598661,0.8558993249598661,0.7496819519625482
138,689,622,OM2,8,95.73096809636696,89.07452392578125,-149.7870635986328,-233.53785705566406,1,3.0834237764079355,0.9906988802480823,0.882922606972312,0.1761830337462954,0.8307857266126423,0.8307857266126423,0.7475478515331555
138,690,623,OM2,8,96.21605771517478,89.44779205322266,-150.09518432617188,-233.5055389404297,1,2.7796280196617875,0.940629086607372,0.8227622179746065,0.09795006100063262,0.7855289693791372,0.7855289693791372,0.7453732599309165
138,691,624,OM2,8,96.71452229295319,89.75590515136719,-150.46878051757812,-233.38739013671875,1,2.324535527122259,0.860187560400907,0.7534543189896966,0.1335351650520516,0.731442679604366,0.731442679604366,0.7431387101841822
138,692,625,OM2,8,97.22205230665841,90.01948547363281,-150.86849975585938,-233.21905517578125,1,2.101529163422894,0.8178859998930524,0.7287128316924146,0.4290482724464801,0.6884879583731948,0.6884879583731948,0.7408635213058881
138,693,626,OM2,8,97.73653756199613,90.3276138305664,-151.27247619628906,-233.13809204101562,0,2.031130353343843,0.8040701907155378,0.727545578878241,0.5477365856538867,0.672643998218946,0.672643998218946,0.7385571530136069
138,694,627,OM2,8,98.29292729868689,90.70120239257812,-151.6767578125,-233.2190704345703,1,2.251850780909224,0.8466323675445531,0.7888087211943342,0.41686696516072796,0.6830949625645601,0.6830949625645601,0.7360629325601714
138,695,628,OM2,8,98.8859615450693,91.10090637207031,-152.0810546875,-233.38780212402344,1,2.654079183995151,0.9191407090213471,0.8403374534911816,0.24008089916232558,0.7010807899126766,0.7010807899126766,0.7334044396920029
138,696,629,OM2,8,99.47053556344896,91.50456237792969,-152.4853515625,-233.51162719726562,1,2.7064288889254775,0.9281611237271208,0.8280813392878774,0.1711648704664225,0.704565812752499,0.704565812752499,0.730783872889564
138,697,630,OM2,8,100.0434358292339,91.90426635742188,-152.8896484375,-233.58230590820315,1,2.5058455888112108,0.8931043747337991,0.7968046148966461,0.16291549896690188,0.686895163363251,0.686895163363251,0.7282156379519495
138,698,631,OM2,8,100.60158923683254,92.27784729003906,-153.2939453125,-233.67459106445312,1,2.304373128882625,0.8564489175541142,0.715632318231538,0.30169258346095895,0.6606488393760288,0.6606488393760288,0.7257135111987364
138,699,632,OM2,8,101.11824363834504,92.58564758300781,-153.6982421875,-233.76805114746094,1,2.149598398689855,0.8271870535905567,0.6930887642443307,0.28360977586057334,0.6434843270384325,0.6434843270384325,0.7233974189155208
138,700,633,OM2,8,101.60261152593255,92.84464263916016,-154.10253906250003,-233.8319091796875,1,2.2334405795094106,0.843164406662129,0.7173933174775156,0.2184798885012832,0.642781419072257,0.642781419072257,0.7212260627373971
138,701,634,OM2,8,102.10143740759908,93.12174224853516,-154.5068359375,-233.92457580566406,1,2.4740218521349457,0.8874151306853437,0.7415070930555173,0.1174005322633323,0.6535470692480593,0.6535470692480593,0.7189898933138638
138,702,635,OM2,8,102.59591276639742,93.39456176757812,-154.9111328125,-234.0059356689453,1,2.6302071283457615,0.9149977768626186,0.7465059693149939,0.06804714915509558,0.6664867843555081,0.6664867843555081,0.7167732266999718
138,703,636,OM2,8,103.06005898861042,93.62254333496094,-155.3154296875,-234.00633239746094,1,2.44524225452542,0.8822385072812127,0.738989898039059,0.0532379783791959,0.6756450698847577,0.6756450698847577,0.7146925215314797
138,704,637,OM2,8,103.52054684629901,93.82958221435547,-155.7197265625,-233.93064880371094,1,2.1131985981494923,0.8201536473495139,0.7165783286879998,0.13218169400578628,0.6808686828596936,0.6808686828596936,0.7126282163197467
138,705,638,OM2,8,103.97572187666286,94.03141784667969,-156.1240234375,-233.87596130371094,1,1.9947085603529793,0.7968283722457363,0.7416717129840698,0.2070617973081146,0.6861974569153322,0.6861974569153322,0.7105877277992735
138,706,639,OM2,8,104.43136343657385,94.23419189453125,-156.5283203125,-233.93106079101562,1,1.9660757365336068,0.7910887079997571,0.7434094125706282,0.1373240237646867,0.6959736463446033,0.6959736463446033,0.7085451478895063
138,707,640,OM2,8,104.89037920287178,94.43572998046876,-156.9326171875,-234.01243591308594,1,1.9254485959899519,0.782872482235965,0.7458115814999235,0.09655885728946126,0.7109302283082114,0.7109302283082114,0.7064874418657413
138,708,641,OM2,8,105.34428038931098,94.63848876953125,-157.33689880371094,-234.05079650878906,1,2.1338520364013207,0.8241518057008396,0.7917943710103036,0.10262603256204107,0.7274343370903936,0.7274343370903936,0.7044526638164753
138,709,642,OM2,8,105.79837459666643,94.84001159667969,-157.74087524414062,-234.09971618652344,1,2.4233901480048115,0.8782875623566185,0.8351249980305541,0.143322316262168,0.7408035964269745,0.7408035964269745,0.702417020480369
138,710,643,OM2,8,106.27296471560287,95.0424575805664,-158.14025878906253,-234.25701904296875,1,2.362502220729743,0.8671838403645661,0.7934454754148708,0.17883059770373202,0.7492105521734355,0.7492105521734355,0.7002894967257253
138,711,644,OM2,8,106.78340094937455,95.23940277099611,-158.50894165039062,-234.54998779296875,1,2.519255099303972,0.8954908173328087,0.8034426039603981,0.17265643187264484,0.7539676312458852,0.7539676312458852,0.6980012796532463
138,712,645,OM2,8,107.52049524750028,95.54785156250001,-158.9541015625,-235.04998779296875,1,2.1552812755528357,0.8282797459284383,0.5752721832124562,0.25926741627626787,0.7568769704075291,0.7568769704075291,0.6946969849237453
