iteration,measurementP_area_m2,measurementP_p_kin,measurementP_p_Pa,measurementP_p_over_Paorta,measurementFlux_area_m2,measurementFlux_Q_m3s,measurementFlux_Q_mls,throatP_area_m2,throatP_p_kin,throatP_p_Pa,throatP_p_over_Paorta,throatFlux_area_m2,throatFlux_Q_m3s,throatFlux_Q_mls
1,3.70840783e-06,8.8143531,9343.214286,0.7786673772270644,3.70840783e-06,3.49600516e-09,0.00349600516,6.75772225e-07,10.1068469,10713.257714000001,0.8928473681929632,6.75772225e-07,4.37692408e-09,0.0043769240800000005
2,3.70840783e-06,7.21922375,7652.3771750000005,0.6377523068627501,3.70840783e-06,1.60085155e-08,0.0160085155,6.75772225e-07,9.34136225,9901.843985,0.8252238094404691,6.75772225e-07,1.98280335e-08,0.019828033499999998
3,3.70840783e-06,7.62499505,8082.494753,0.6735984852879161,3.70840783e-06,3.21905999e-08,0.0321905999,6.75772225e-07,9.53738527,10109.6283862,0.8425406481384251,6.75772225e-07,3.95004541e-08,0.0395004541
4,3.70840783e-06,8.6587816,9178.308496,0.764924059878423,3.70840783e-06,4.56780465e-08,0.0456780465,6.75772225e-07,10.0383638,10640.665628,0.8867975134553104,6.75772225e-07,5.56431506e-08,0.0556431506
5,3.70840783e-06,8.93742954,9473.6753124,0.7895400536045565,3.70840783e-06,5.65331599e-08,0.0565331599,6.75772225e-07,10.175739,10786.28334,0.8989333543351186,6.75772225e-07,6.75281154e-08,0.06752811539999999
6,3.70840783e-06,8.46786796,8975.9400376,0.7480585881133229,3.70840783e-06,6.7722874e-08,0.067722874,6.75772225e-07,9.94432986,10540.989651599999,0.8784904759904592,6.75772225e-07,7.87734192e-08,0.0787734192
7,3.70840783e-06,7.90351076,8377.7214056,0.6982027977044715,3.70840783e-06,8.0553062e-08,0.08055306200000001,6.75772225e-07,9.66453834,10244.4106404,0.8537734574438827,6.75772225e-07,9.17879403e-08,0.0917879403
8,3.70840783e-06,7.72274933,8186.1142898,0.682234180722028,3.70840783e-06,9.4331261e-08,0.09433126100000001,6.75772225e-07,9.57279419,10147.1618414,0.845668701956333,6.75772225e-07,1.0628817e-07,0.10628817
9,3.70840783e-06,7.87326648,8345.6624688,0.6955309925343653,3.70840783e-06,1.07825311e-07,0.10782531100000001,6.75772225e-07,9.64477804,10223.4647224,0.8520278158976846,6.75772225e-07,1.20734622e-07,0.12073462200000001
10,3.70840783e-06,8.01531911,8496.2382566,0.7080800415201959,3.70840783e-06,1.20631804e-07,0.120631804,6.75772225e-07,9.71271085,10295.473501,0.8580290575532254,6.75772225e-07,1.3423345e-07,0.13423345
11,3.70840783e-06,7.95201958,8429.1407548,0.7024881077224898,3.70840783e-06,1.33203154e-07,0.13320315400000002,6.75772225e-07,9.6785807,10259.295542,0.8550139713542317,6.75772225e-07,1.47071997e-07,0.147071997
12,3.70840783e-06,7.75007579,8215.0803374,0.6846482232156401,3.70840783e-06,1.46021275e-07,0.146021275,6.75772225e-07,9.57486496,10149.3568576,0.8458516355223528,6.75772225e-07,1.59953434e-07,0.15995343399999998
13,3.70840783e-06,7.58128519,8036.1623014,0.6697371194384856,3.70840783e-06,1.59041627e-07,0.159041627,6.75772225e-07,9.48711841,10056.345514600001,0.8381000313860013,6.75772225e-07,1.73199218e-07,0.17319921800000002
14,3.70840783e-06,7.53521403,7987.3268718,0.6656671543581204,3.70840783e-06,1.7186139e-07,0.17186139,6.75772225e-07,9.45959013,10027.165537800001,0.8356681599435953,6.75772225e-07,1.8660746e-07,0.18660746
15,3.70840783e-06,7.56022299,8013.8363694,0.6678764669496907,3.70840783e-06,1.84178171e-07,0.184178171,6.75772225e-07,9.46706584,10035.0897904,0.8363285704618225,6.75772225e-07,1.99817053e-07,0.199817053
16,3.70840783e-06,7.55509238,8008.3979228,0.6674232245407526,3.70840783e-06,1.9602268e-07,0.19602268,6.75772225e-07,9.45850605,10026.016413000001,0.8355723914032694,6.75772225e-07,2.12694824e-07,0.212694824
17,3.70840783e-06,7.48626232,7935.4380592,0.6613427190644539,3.70840783e-06,2.07595594e-07,0.20759559400000002,6.75772225e-07,9.41871517,9983.838080200001,0.832057231548015,6.75772225e-07,2.25373124e-07,0.22537312399999998
18,3.70840783e-06,7.39070829,7834.1507874,0.6529013955686234,3.70840783e-06,2.18990902e-07,0.218990902,6.75772225e-07,9.36492915,9926.824899,0.8273057292369851,6.75772225e-07,2.3802867e-07,0.23802867
19,3.70840783e-06,7.32197225,7761.290585,0.646829195898318,3.70840783e-06,2.30116145e-07,0.230116145,6.75772225e-07,9.32405512,9883.4984272,0.8236948829983882,6.75772225e-07,2.50702788e-07,0.250702788
20,3.70840783e-06,7.29394316,7731.5797496000005,0.6443530824786774,3.70840783e-06,2.40831406e-07,0.240831406,6.75772225e-07,9.30295786,9861.135331599999,0.8218311332796621,6.75772225e-07,2.6330954e-07,0.26330954
21,3.70840783e-06,7.28094483,7717.8015198,0.6432047990579199,3.70840783e-06,2.51092985e-07,0.251092985,6.75772225e-07,9.28892617,9846.2617402,0.8205915619661005,6.75772225e-07,2.75755815e-07,0.275755815
22,3.70840783e-06,7.25424001,7689.4944106,0.6408456727655184,3.70840783e-06,2.60953614e-07,0.260953614,6.75772225e-07,9.26783429,9823.9043474,0.8187282875211059,6.75772225e-07,2.88025575e-07,0.28802557500000003
23,3.70840783e-06,7.20958106,7642.155923599999,0.6369004635060647,3.70840783e-06,2.70471101e-07,0.270471101,6.75772225e-07,9.23739215,9791.635678999999,0.8160390032319413,6.75772225e-07,3.00165248e-07,0.300165248
24,3.70840783e-06,7.1639371,7593.773326,0.6328682376335323,3.70840783e-06,2.79645271e-07,0.279645271,6.75772225e-07,9.20601142,9758.3721052,0.8132668031115978,6.75772225e-07,3.12215544e-07,0.312215544
25,3.70840783e-06,7.13132082,7559.2000692,0.6299868879854787,3.70840783e-06,2.8844064e-07,0.28844064,6.75772225e-07,9.18060512,9731.4414272,0.8110223891697461,6.75772225e-07,3.24172999e-07,0.324172999
26,3.70840783e-06,7.11176895,7538.475087,0.6282596593210423,3.70840783e-06,2.96836057e-07,0.296836057,6.75772225e-07,9.16149284,9711.182410399999,0.8093339942561784,6.75772225e-07,3.36007959e-07,0.336007959
27,3.70840783e-06,7.09617419,7521.9446414,0.6268820050870991,3.70840783e-06,3.04846323e-07,0.304846323,6.75772225e-07,9.14410025,9692.746265,0.8077975182057142,6.75772225e-07,3.47697475e-07,0.34769747500000003
28,3.70840783e-06,7.07715408,7501.7833248,0.6252017525489667,3.70840783e-06,3.12504319e-07,0.31250431900000003,6.75772225e-07,9.12478854,9672.2758524,0.8060915054779657,6.75772225e-07,3.5923981e-07,0.35923981
29,3.70840783e-06,7.05514935,7478.458310999999,0.6232578361660741,3.70840783e-06,3.19829167e-07,0.319829167,6.75772225e-07,9.10357845,9649.793157,0.8042177882620023,6.75772225e-07,3.70646771e-07,0.370646771
30,3.70840783e-06,7.03588119,7458.0340614,0.621555670682008,3.70840783e-06,3.26820582e-07,0.326820582,6.75772225e-07,9.08335487,9628.356162200002,0.8024312201703813,6.75772225e-07,3.819252e-07,0.38192519999999996
31,3.70840783e-06,7.02299671,7444.3765126,0.6204174448661469,3.70840783e-06,3.33478821e-07,0.333478821,6.75772225e-07,9.06604159,9610.0040854,0.8009017504321201,6.75772225e-07,3.9306978e-07,0.39306978000000004
32,3.70840783e-06,7.01507316,7435.9775496,0.6197174717851017,3.70840783e-06,3.39816071e-07,0.339816071,6.75772225e-07,9.05098547,9594.0445982,0.799571680109476,6.75772225e-07,4.04070052e-07,0.404070052
33,3.70840783e-06,7.00905076,7429.5938056,0.6191854478964046,3.70840783e-06,3.45852175e-07,0.345852175,6.75772225e-07,9.03666507,9578.8649742,0.7983066039113325,6.75772225e-07,4.14919831e-07,0.41491983099999996
34,3.70840783e-06,7.00334749,7423.5483394,0.6186816162207122,3.70840783e-06,3.51606284e-07,0.351606284,6.75772225e-07,9.02225743,9563.5928758,0.7970338208581063,6.75772225e-07,4.256188e-07,0.4256188
35,3.70840783e-06,6.9987757,7418.702242,0.6182777404412709,3.70840783e-06,3.57091458e-07,0.35709145800000003,6.75772225e-07,9.00815192,9548.6410352,0.7957877282235657,6.75772225e-07,4.36168682e-07,0.43616868200000003
36,3.70840783e-06,6.99699796,7416.8178376,0.6181206933922717,3.70840783e-06,3.62317925e-07,0.36231792500000004,6.75772225e-07,8.99520246,9534.9146076,0.7946437620197717,6.75772225e-07,4.46568988e-07,0.446568988
37,3.70840783e-06,6.99853982,7418.452209200001,0.6182569026033881,3.70840783e-06,3.67298512e-07,0.367298512,6.75772225e-07,8.98370782,9522.730289199999,0.7936283158401797,6.75772225e-07,4.56816439e-07,0.45681643899999996
38,3.70840783e-06,7.0028348,7423.0048879999995,0.6186363247542708,3.70840783e-06,3.72049684e-07,0.372049684,6.75772225e-07,8.9734673,9511.875338,0.7927236596777393,6.75772225e-07,4.66907394e-07,0.46690739400000003
39,3.70840783e-06,7.00881454,7429.3434124000005,0.6191645800226353,3.70840783e-06,3.76589016e-07,0.376589016,6.75772225e-07,8.96381504,9501.6439424,0.7918709708991931,6.75772225e-07,4.76839564e-07,0.476839564
40,3.70840783e-06,7.01573323,7436.6772238,0.619775782924882,3.70840783e-06,3.80929789e-07,0.38092978899999996,6.75772225e-07,8.95441372,9491.6785432,0.791040450371615,6.75772225e-07,4.8661251e-07,0.48661251
41,3.70840783e-06,7.02391874,7445.3538644,0.6204988977729774,3.70840783e-06,3.85081119e-07,0.38508111899999997,6.75772225e-07,8.94544121,9482.1676826,0.7902478112806256,6.75772225e-07,4.96227235e-07,0.49622723500000004
42,3.70840783e-06,7.03449423,7456.5638837999995,0.6214331454673647,3.70840783e-06,3.89054416e-07,0.38905441599999996,6.75772225e-07,8.9375754,9473.829924,0.7895529389998149,6.75772225e-07,5.05683469e-07,0.505683469
43,3.70840783e-06,7.04755417,7470.4074202,0.6225868715674165,3.70840783e-06,3.92865523e-07,0.392865523,6.75772225e-07,8.93085913,9466.7106778,0.7889596180508677,6.75772225e-07,5.14979093e-07,0.514979093
44,3.70840783e-06,7.0624513,7486.198378,0.6239028965795427,3.70840783e-06,3.96529985e-07,0.39652998500000003,6.75772225e-07,8.92491525,9460.410165,0.7884345306851082,6.75772225e-07,5.24112131e-07,0.524112131
45,3.70840783e-06,7.07887264,7503.6049984,0.6253535715869183,3.70840783e-06,4.00060776e-07,0.400060776,6.75772225e-07,8.91964068,9454.8191208,0.787968570728512,6.75772225e-07,5.33081759e-07,0.533081759
46,3.70840783e-06,7.09544422,7521.1708732,0.6268175189224418,3.70840783e-06,4.03467112e-07,0.403467112,6.75772225e-07,8.91406747,9448.9115182,0.7874762286627698,6.75772225e-07,5.41888591e-07,0.541888591
47,3.70840783e-06,7.11351372,7540.3245432,0.6284137937724708,3.70840783e-06,4.06755535e-07,0.406755535,6.75772225e-07,8.90920031,9443.7523286,0.7870462596487368,6.75772225e-07,5.50534143e-07,0.550534143
48,3.70840783e-06,7.13356792,7561.5819952,0.6301853986922222,3.70840783e-06,4.09937838e-07,0.409937838,6.75772225e-07,8.9053735,9439.69591,0.786708196029996,6.75772225e-07,5.59018122e-07,0.5590181219999999
49,3.70840783e-06,7.15546556,7584.793493599999,0.6321198546543122,3.70840783e-06,4.13026943e-07,0.41302694300000004,6.75772225e-07,8.90250197,9436.652088199999,0.786454522651092,6.75772225e-07,5.67339661e-07,0.567339661
50,3.70840783e-06,7.17823251,7608.9264606,0.6341311061940265,3.70840783e-06,4.16033197e-07,0.416033197,6.75772225e-07,8.89987747,9433.8701182,0.7862226721104628,6.75772225e-07,5.75498535e-07,0.575498535
51,3.70840783e-06,7.20201717,7634.1382002,0.6362322630923629,3.70840783e-06,4.18964133e-07,0.418964133,6.75772225e-07,8.89766393,9431.5237658,0.7860271261223871,6.75772225e-07,5.83495416e-07,0.583495416
52,3.70840783e-06,7.22661611,7660.2130766,0.6384053541717712,3.70840783e-06,4.21828515e-07,0.421828515,6.75772225e-07,8.89577133,9429.517609800001,0.7858599322442409,6.75772225e-07,5.91330963e-07,0.591330963
53,3.70840783e-06,7.25234477,7687.4854562,0.6406782456675484,3.70840783e-06,4.24633471e-07,0.424633471,6.75772225e-07,8.89450792,9428.1783952,0.7857483215406643,6.75772225e-07,5.99006179e-07,0.599006179
54,3.70840783e-06,7.27919178,7715.943286799999,0.6430499331443172,3.70840783e-06,4.27386287e-07,0.427386287,6.75772225e-07,8.8938665,9427.49849,0.7856916579575931,6.75772225e-07,6.06521961e-07,0.606521961
55,3.70840783e-06,7.30701099,7745.4316494,0.645507505587975,3.70840783e-06,4.30093559e-07,0.430093559,6.75772225e-07,8.89372675,9427.350355,0.785679312324881,6.75772225e-07,6.13879164e-07,0.613879164
56,3.70840783e-06,7.3355228,7775.654168,0.6480262628990131,3.70840783e-06,4.32761286e-07,0.432761286,6.75772225e-07,8.89387689,9427.509503399999,0.7856925758189446,6.75772225e-07,6.2107872e-07,0.62107872
57,3.70840783e-06,7.36486356,7806.7553736,0.6506182503512798,3.70840783e-06,4.35395011e-07,0.435395011,6.75772225e-07,8.89451111,9428.1817766,0.7857486033479513,6.75772225e-07,6.2812174e-07,0.62812174
58,3.70840783e-06,7.39500801,7838.7084906,0.6532812364550987,3.70840783e-06,4.38000398e-07,0.438000398,6.75772225e-07,8.89565769,9429.3971514,0.7858498931909212,6.75772225e-07,6.35009456e-07,0.6350094559999999
59,3.70840783e-06,7.42589939,7871.453353399999,0.6560102069842603,3.70840783e-06,4.40582602e-07,0.440582602,6.75772225e-07,8.89729496,9431.1326576,0.7859945310018018,6.75772225e-07,6.41743251e-07,0.6417432510000001
60,3.70840783e-06,7.45747196,7904.9202776,0.6587993544117917,3.70840783e-06,4.43146107e-07,0.443146107,6.75772225e-07,8.89938581,9433.3489586,0.786179238451935,6.75772225e-07,6.48324597e-07,0.648324597
61,3.70840783e-06,7.48959978,7938.9757668,0.6616375530920129,3.70840783e-06,4.45694733e-07,0.44569473299999995,6.75772225e-07,8.90183353,9435.9435418,0.7863954720984617,6.75772225e-07,6.54755017e-07,0.654755017
62,3.70840783e-06,7.5224032,7973.747392,0.6645354348452952,3.70840783e-06,4.4823189e-07,0.44823189,6.75772225e-07,8.90482578,9439.1153268,0.7866598099838487,6.75772225e-07,6.61036115e-07,0.661036115
63,3.70840783e-06,7.55570747,8009.049918199999,0.667477562109446,3.70840783e-06,4.50760941e-07,0.450760941,6.75772225e-07,8.90819656,9442.6883536,0.7869575875282733,6.75772225e-07,6.67169587e-07,0.6671695870000001
64,3.70840783e-06,7.58951755,8044.888603,0.670464373055043,3.70840783e-06,4.53284735e-07,0.453284735,6.75772225e-07,8.91199244,9446.711986400001,0.7872929187647618,6.75772225e-07,6.73157123e-07,0.673157123
65,3.70840783e-06,7.6238752,8081.307712,0.673499556795661,3.70840783e-06,4.55805735e-07,0.455805735,6.75772225e-07,8.91629479,9451.2724774,0.7876729919876523,6.75772225e-07,6.79000532e-07,0.679000532
66,3.70840783e-06,7.65870161,8118.2237066,0.6765761511895177,3.70840783e-06,4.58326003e-07,0.458326003,6.75772225e-07,8.921061,9456.32466,0.7880940429936545,6.75772225e-07,6.84701716e-07,0.684701716
67,3.70840783e-06,7.69395805,8155.595533,0.679690734795791,3.70840783e-06,4.6084716e-07,0.46084716000000003,6.75772225e-07,8.92625146,9461.8265476,0.7885525726020045,6.75772225e-07,6.90262588e-07,0.690262588
68,3.70840783e-06,7.72963072,8193.4085632,0.6828420885108568,3.70840783e-06,4.6337061e-07,0.46337061,6.75772225e-07,8.93190651,9467.8209006,0.789052144482281,6.75772225e-07,6.95685039e-07,0.695685039
69,3.70840783e-06,7.76557832,8231.5130192,0.6860177297736975,3.70840783e-06,4.6589743e-07,0.46589743,6.75772225e-07,8.93786717,9474.139200200001,0.7895787142073745,6.75772225e-07,7.00971009e-07,0.700971009
70,3.70840783e-06,7.80177034,8269.8765604,0.6892149633052143,3.70840783e-06,4.68428287e-07,0.468428287,6.75772225e-07,8.94416499,9480.8148894,0.7901350689308592,6.75772225e-07,7.061224e-07,0.7061224
71,3.70840783e-06,7.83832793,8308.6276058,0.6924444915984526,3.70840783e-06,4.70963652e-07,0.470963652,6.75772225e-07,8.95091535,9487.970271,0.7907314014191207,6.75772225e-07,7.11141217e-07,0.711141217
72,3.70840783e-06,7.87524246,8347.7570076,0.6957055522719431,3.70840783e-06,4.73504028e-07,0.473504028,6.75772225e-07,8.9581261,9495.613666,0.7913684051477708,6.75772225e-07,7.16029363e-07,0.716029363
73,3.70840783e-06,7.9124277,8387.173362,0.698990527694854,3.70840783e-06,4.7604955e-07,0.47604955,6.75772225e-07,8.96573142,9503.675305199999,0.7920402655225693,6.75772225e-07,7.20788748e-07,0.720788748
74,3.70840783e-06,7.94980398,8426.792218800001,0.7022923797522791,3.70840783e-06,4.78599932e-07,0.478599932,6.75772225e-07,8.97366602,9512.0859812,0.7927412147699221,6.75772225e-07,7.25421301e-07,0.7254213009999999
75,3.70840783e-06,7.98733188,8466.5717928,0.705607626048214,3.70840783e-06,4.81154599e-07,0.481154599,6.75772225e-07,8.9819073,9520.821737999999,0.7934692563867928,6.75772225e-07,7.29928948e-07,0.729928948
76,3.70840783e-06,8.02499937,8506.4993322,0.7089352038423266,3.70840783e-06,4.83712804e-07,0.483712804,6.75772225e-07,8.99046033,9529.887949799999,0.7942248382612521,6.75772225e-07,7.34313627e-07,0.734313627
77,3.70840783e-06,8.06286029,8546.6319074,0.7122798694055662,3.70840783e-06,4.86273583e-07,0.486273583,6.75772225e-07,8.99940616,9539.370529599999,0.7950151204185688,6.75772225e-07,7.38577303e-07,0.738577303
78,3.70840783e-06,8.10086758,8586.919634799999,0.7156374654178937,3.70840783e-06,4.88835979e-07,0.4888359789999999,6.75772225e-07,9.00863234,9549.1502804,0.7958301689310258,6.75772225e-07,7.42721826e-07,0.742721826
79,3.70840783e-06,8.13897984,8627.3186304,0.7190043345684383,3.70840783e-06,4.91399136e-07,0.491399136,6.75772225e-07,9.01812373,9559.211153799999,0.7966686463182703,6.75772225e-07,7.46748787e-07,0.746748787
80,3.70840783e-06,8.17712795,8667.755626999999,0.7223743707381793,3.70840783e-06,4.93961704e-07,0.49396170400000006,6.75772225e-07,9.02786743,9569.5394758,0.7975294129834369,6.75772225e-07,7.50659926e-07,0.750659926
81,3.70840783e-06,8.21535167,8708.272770200001,0.7257510863590073,3.70840783e-06,4.96521872e-07,0.496521872,6.75772225e-07,9.03793077,9580.2066162,0.7984184169154378,6.75772225e-07,7.54457178e-07,0.754457178
82,3.70840783e-06,8.25360144,8748.8175264,0.729130103258777,3.70840783e-06,4.99077918e-07,0.49907791799999995,6.75772225e-07,9.04820997,9591.1025682,0.7993264901016587,6.75772225e-07,7.58142418e-07,0.758142418
83,3.70840783e-06,8.29184072,8789.351163199999,0.732508193463111,3.70840783e-06,5.01628249e-07,0.501628249,6.75772225e-07,9.05868149,9602.2023794,0.8002515529986716,6.75772225e-07,7.61717243e-07,0.761717243
84,3.70840783e-06,8.33008985,8829.895241,0.7358871538247418,3.70840783e-06,5.04171076e-07,0.504171076,6.75772225e-07,9.06937114,9613.533408399999,0.8011958856836163,6.75772225e-07,7.65183258e-07,0.7651832580000001
85,3.70840783e-06,8.36832025,8870.419465,0.7392644595623963,3.70840783e-06,5.06704562e-07,0.506704562,6.75772225e-07,9.0802768,9625.093408,0.8021593008739077,6.75772225e-07,7.6854208e-07,0.76854208
86,3.70840783e-06,8.40650227,8910.8924062,0.7426374913700998,3.70840783e-06,5.09226661e-07,0.509226661,6.75772225e-07,9.09137279,9636.8551574,0.8031395299767147,6.75772225e-07,7.71795397e-07,0.771795397
87,3.70840783e-06,8.44460721,8951.2836426,0.7460037138656785,3.70840783e-06,5.11735133e-07,0.511735133,6.75772225e-07,9.10263483,9648.7929198,0.8041344280763866,6.75772225e-07,7.74944893e-07,0.774944893
88,3.70840783e-06,8.48263066,8991.5884996,0.749362737466018,3.70840783e-06,5.14227923e-07,0.514227923,6.75772225e-07,9.11403533,9660.8774498,0.8051415578490839,6.75772225e-07,7.7799213e-07,0.77799213
89,3.70840783e-06,8.52058183,9031.816739799999,0.7527153757902755,3.70840783e-06,5.16703313e-07,0.516703313,6.75772225e-07,9.12556831,9673.1024086,0.8061603910165698,6.75772225e-07,7.80938489e-07,0.780938489
90,3.70840783e-06,8.55837924,9071.8819944,0.7560544308266204,3.70840783e-06,5.191593e-07,0.5191593,6.75772225e-07,9.13726244,9685.4981864,0.8071934603107931,6.75772225e-07,7.83785455e-07,0.783785455
91,3.70840783e-06,8.59602952,9111.7912912,0.7593804882748366,3.70840783e-06,5.21593294e-07,0.521593294,6.75772225e-07,9.149061,9698.00466,0.8082357550391784,6.75772225e-07,7.86534781e-07,0.786534781
92,3.70840783e-06,8.63352757,9151.5392242,0.7626930975966291,3.70840783e-06,5.24003028e-07,0.524003028,6.75772225e-07,9.16094851,9710.6054206,0.8092859076854867,6.75772225e-07,7.89187937e-07,0.789187937
93,3.70840783e-06,8.67086089,9191.1125434,0.7659911545314686,3.70840783e-06,5.2638641e-07,0.52638641,6.75772225e-07,9.17292099,9723.2962494,0.8103435666531655,6.75772225e-07,7.91746317e-07,0.791746317
94,3.70840783e-06,8.70800768,9230.4881408,0.7692727332489929,3.70840783e-06,5.28741439e-07,0.528741439,6.75772225e-07,9.18497521,9736.0737226,0.8114084466012945,6.75772225e-07,7.9421132e-07,0.79421132
95,3.70840783e-06,8.74494686,9269.6436716,0.7725359715242464,3.70840783e-06,5.31066069e-07,0.5310660690000001,6.75772225e-07,9.19710323,9748.9294238,0.8124798461035855,6.75772225e-07,7.9658439e-07,0.79658439
96,3.70840783e-06,8.78165924,9308.5587944,0.7757791740964649,3.70840783e-06,5.33358199e-07,0.533358199,6.75772225e-07,9.20928956,9761.8469336,0.8135563967603913,6.75772225e-07,7.98866992e-07,0.798866992
97,3.70840783e-06,8.81813787,9347.2261422,0.7790017269967947,3.70840783e-06,5.35615735e-07,0.535615735,6.75772225e-07,9.22152122,9774.8124932,0.8146369519075788,6.75772225e-07,8.01060566e-07,0.8010605660000001
98,3.70840783e-06,8.854357,9385.61842,0.7822013554485465,3.70840783e-06,5.3783665e-07,0.53783665,6.75772225e-07,9.23377809,9787.8047754,0.8157197341274008,6.75772225e-07,8.03166509e-07,0.803166509
99,3.70840783e-06,8.89033224,9423.752174399999,0.7853794384522683,3.70840783e-06,5.40019009e-07,0.540019009,6.75772225e-07,9.24606773,9800.8317938,0.8168054112766252,6.75772225e-07,8.05186184e-07,0.805186184
100,3.70840783e-06,8.92604037,9461.602792200001,0.7885339247336025,3.70840783e-06,5.42161043e-07,0.542161043,6.75772225e-07,9.25837965,9813.882429,0.817893056659816,6.75772225e-07,8.07120892e-07,0.807120892
101,3.70840783e-06,8.96145472,9499.1420032,0.791662458242284,3.70840783e-06,5.4426098e-07,0.54426098,6.75772225e-07,9.27069922,9826.941173199999,0.8189813778504506,6.75772225e-07,8.08971975e-07,0.808971975
102,3.70840783e-06,8.99655713,9536.350557799999,0.7947634347086168,3.70840783e-06,5.46317056e-07,0.546317056,6.75772225e-07,9.28301458,9839.9954548,0.8200693271261391,6.75772225e-07,8.10740809e-07,0.810740809
103,3.70840783e-06,9.03135362,9573.234837200001,0.7978373859444721,3.70840783e-06,5.48327594e-07,0.5483275940000001,6.75772225e-07,9.29532674,9853.0463444,0.8211569937111322,6.75772225e-07,8.12428748e-07,0.8124287480000001
104,3.70840783e-06,9.06581815,9609.767239,0.8008820115543155,3.70840783e-06,5.50291033e-07,0.550291033,6.75772225e-07,9.30761649,9866.073479399998,0.822242680577849,6.75772225e-07,8.14037109e-07,0.814037109
105,3.70840783e-06,9.09994558,9645.9423148,0.8038968574662181,3.70840783e-06,5.52205871e-07,0.552205871,6.75772225e-07,9.31988123,9879.0741038,0.8233261580401001,6.75772225e-07,8.1556722e-07,0.8155672199999999
106,3.70840783e-06,9.13373231,9681.756248599999,0.8068816056531471,3.70840783e-06,5.5407072e-07,0.55407072,6.75772225e-07,9.33211801,9892.0450906,0.8244071654924002,6.75772225e-07,8.1702038e-07,0.81702038
107,3.70840783e-06,9.16716917,9717.1993202,0.8098354460295791,3.70840783e-06,5.55884298e-07,0.555884298,6.75772225e-07,9.34432188,9904.9811928,0.8254852656475801,6.75772225e-07,8.18397866e-07,0.818397866
108,3.70840783e-06,9.2002435,9752.258109999999,0.8127572602004504,3.70840783e-06,5.57645441e-07,0.557645441,6.75772225e-07,9.35648347,9917.8724782,0.8265596307519474,6.75772225e-07,8.19700948e-07,0.819700948
109,3.70840783e-06,9.23294298,9786.9195588,0.8156459598065836,3.70840783e-06,5.5935305e-07,0.55935305,6.75772225e-07,9.36859545,9930.711177000001,0.8276296132671278,6.75772225e-07,8.20930902e-07,0.8209309020000001
110,3.70840783e-06,9.26525925,9821.174805,0.8185008063185372,3.70840783e-06,5.61006106e-07,0.561006106,6.75772225e-07,9.38065344,9943.4926464,0.8286948262602322,6.75772225e-07,8.22089004e-07,0.822089004
111,3.70840783e-06,9.29718418,9855.0152308,0.821321081525263,3.70840783e-06,5.62603701e-07,0.562603701,6.75772225e-07,9.39265441,9956.2136746,0.8297550020585083,6.75772225e-07,8.23176528e-07,0.823176528
112,3.70840783e-06,9.32874454,9888.469212400001,0.8241091503111099,3.70840783e-06,5.64145125e-07,0.564145125,6.75772225e-07,9.40458911,9968.8644566,0.830809323509165,6.75772225e-07,8.24194679e-07,0.824194679
113,3.70840783e-06,9.35985897,9921.4505082,0.8268578252651475,3.70840783e-06,5.65629712e-07,0.565629712,6.75772225e-07,9.41646292,9981.450695200001,0.8318582658859338,6.75772225e-07,8.25144667e-07,0.825144667
114,3.70840783e-06,9.39053387,9953.965902200001,0.8295676717687671,3.70840783e-06,5.670566e-07,0.5670566,6.75772225e-07,9.42827261,9993.968966600001,0.8329015438478938,6.75772225e-07,8.2602797e-07,0.8260279700000001
115,3.70840783e-06,9.42084959,9986.1005654,0.8322457880086475,3.70840783e-06,5.68425321e-07,0.568425321,6.75772225e-07,9.44001833,10006.419429799998,0.8339391706461715,6.75772225e-07,8.26845868e-07,0.826845868
116,3.70840783e-06,9.4507744,10017.820864000001,0.8348893709298625,3.70840783e-06,5.69735846e-07,0.569735846,6.75772225e-07,9.45168019,10018.781001399999,0.8349693891814137,6.75772225e-07,8.27599358e-07,0.8275993580000001
117,3.70840783e-06,9.4802607,10049.076342,0.8374942155083183,3.70840783e-06,5.70988015e-07,0.570988015,6.75772225e-07,9.46325801,10031.053490600001,0.8359921835522688,6.75772225e-07,8.28289554e-07,0.828289554
118,3.70840783e-06,9.50928149,10079.8383794,0.8400579365412727,3.70840783e-06,5.72181509e-07,0.572181509,6.75772225e-07,9.47475251,10043.2376606,0.8370076173641426,6.75772225e-07,8.28917769e-07,0.828917769
119,3.70840783e-06,9.53785033,10110.1213498,0.8425817319305474,3.70840783e-06,5.73316046e-07,0.573316046,6.75772225e-07,9.48616702,10055.3370412,0.8380159847920408,6.75772225e-07,8.2948538e-07,0.8294853799999999
120,3.70840783e-06,9.5659901,10139.949506,0.8450676229146145,3.70840783e-06,5.7439159e-07,0.5743915900000001,6.75772225e-07,9.49750271,10067.352872599999,0.8390173891947481,6.75772225e-07,8.29993667e-07,0.829993667
121,3.70840783e-06,9.59371403,10169.336871799998,0.8475167782428172,3.70840783e-06,5.75408403e-07,0.5754084030000001,6.75772225e-07,9.50875902,10079.2845612,0.8400117811013936,6.75772225e-07,8.30443789e-07,0.830443789
122,3.70840783e-06,9.62102951,10198.2912806,0.8499298507539809,3.70840783e-06,5.76366891e-07,0.5763668909999999,6.75772225e-07,9.51992196,10091.1172776,0.840997924623593,6.75772225e-07,8.30836817e-07,0.830836817
123,3.70840783e-06,9.64786592,10226.737875199999,0.8523006018178211,3.70840783e-06,5.77267415e-07,0.577267415,6.75772225e-07,9.53100275,10102.862915000002,0.8419768109455972,6.75772225e-07,8.31173879e-07,0.831173879
124,3.70840783e-06,9.6742256,10254.679135999999,0.8546292381519095,3.70840783e-06,5.7811019e-07,0.5781101900000001,6.75772225e-07,9.54199938,10114.5193428,0.8429482625023127,6.75772225e-07,8.3145636e-07,0.83145636
125,3.70840783e-06,9.70013408,10282.1421248,0.8569180150979501,3.70840783e-06,5.78895639e-07,0.5788956390000001,6.75772225e-07,9.55290795,10126.082427,0.8439119347644549,6.75772225e-07,8.31685564e-07,0.8316855639999999
126,3.70840783e-06,9.72561016,10309.1467696,0.8591685934637778,3.70840783e-06,5.796244e-07,0.5796244,6.75772225e-07,9.56372627,10137.5498462,0.8448676342655792,6.75772225e-07,8.31862652e-07,0.831862652
127,3.70840783e-06,9.75065083,10335.6898798,0.8613807073434576,3.70840783e-06,5.80297249e-07,0.5802972489999999,6.75772225e-07,9.57445471,10148.921992599999,0.845815393691797,6.75772225e-07,8.31988711e-07,0.8319887109999999
128,3.70840783e-06,9.77523882,10361.7531492,0.8635528310906427,3.70840783e-06,5.80914996e-07,0.580914996,6.75772225e-07,9.58509445,10160.200117,0.8467553172853026,6.75772225e-07,8.32064862e-07,0.832064862
129,3.70840783e-06,9.79935938,10387.320942800001,0.8656836616779094,3.70840783e-06,5.81478438e-07,0.581478438,6.75772225e-07,9.59564507,10171.3837742,0.8476873679429419,6.75772225e-07,8.32092302e-07,0.832092302
130,3.70840783e-06,9.82301748,10412.3985288,0.8677736381592436,3.70840783e-06,5.81988415e-07,0.581988415,6.75772225e-07,9.60610768,10182.474140799999,0.8486116437230498,6.75772225e-07,8.32072267e-07,0.832072267
131,3.70840783e-06,9.84621894,10436.9920764,0.8698232746783476,3.70840783e-06,5.82445858e-07,0.582445858,6.75772225e-07,9.61647984,10193.4686304,0.8495279290739713,6.75772225e-07,8.32005958e-07,0.8320059580000001
132,3.70840783e-06,9.86897097,10461.109228199999,0.8718332081726946,3.70840783e-06,5.82851787e-07,0.582851787,6.75772225e-07,9.62676133,10204.3670098,0.850436204560721,6.75772225e-07,8.31894531e-07,0.831894531
133,3.70840783e-06,9.89127419,10484.7506414,0.8738034934136069,3.70840783e-06,5.83207313e-07,0.5832073130000001,6.75772225e-07,9.63695273,10215.1698938,0.8513365214209876,6.75772225e-07,8.3173911e-07,0.83173911
134,3.70840783e-06,9.91312466,10507.9121396,0.8757337823381653,3.70840783e-06,5.83513601e-07,0.583513601,6.75772225e-07,9.64705425,10225.877505,0.8522288982063476,6.75772225e-07,8.31540824e-07,0.831540824
135,3.70840783e-06,9.93451957,10530.5907442,0.8776238267086036,3.70840783e-06,5.83771841e-07,0.5837718409999999,6.75772225e-07,9.65706512,10236.489027200001,0.8531132668943529,6.75772225e-07,8.31300813e-07,0.8313008129999999
136,3.70840783e-06,9.95546149,10552.789179399999,0.8794738535608859,3.70840783e-06,5.83983249e-07,0.5839832490000001,6.75772225e-07,9.666985,10247.0041,0.8539895974491165,6.75772225e-07,8.31020225e-07,0.831020225
137,3.70840783e-06,9.97595005,10574.507053,0.8812838302089011,3.70840783e-06,5.84149092e-07,0.5841490920000001,6.75772225e-07,9.67681075,10257.419394999999,0.8548576124803942,6.75772225e-07,8.30700185e-07,0.830700185
138,3.70840783e-06,9.99598977,10595.7491562,0.883054155953256,3.70840783e-06,5.84270668e-07,0.5842706679999999,6.75772225e-07,9.6865421,10267.734626000001,0.8557172881361583,6.75772225e-07,8.30341808e-07,0.8303418079999999
139,3.70840783e-06,10.0155859,10616.521053999999,0.8847852945833728,3.70840783e-06,5.84349315e-07,0.584349315,6.75772225e-07,9.69618044,10277.9512664,0.8565687472101795,6.75772225e-07,8.29946182e-07,0.829946182
140,3.70840783e-06,10.034734,10636.81804,0.886476853865912,3.70840783e-06,5.84386407e-07,0.584386407,6.75772225e-07,9.7057228,10288.066168,0.8574117273301564,6.75772225e-07,8.29514386e-07,0.829514386
141,3.70840783e-06,10.053418,10656.623080000001,0.8881274141635374,3.70840783e-06,5.84383306e-07,0.584383306,6.75772225e-07,9.71517514,10298.0856484,0.858246755007509,6.75772225e-07,8.29047546e-07,0.829047546
142,3.70840783e-06,10.0716811,10675.981966,0.8897407918006364,3.70840783e-06,5.84341413e-07,0.5843414130000001,6.75772225e-07,9.72452476,10307.9962456,0.85907270831354,6.75772225e-07,8.28546767e-07,0.828546767
143,3.70840783e-06,10.0895189,10694.890034,0.8913165980775033,3.70840783e-06,5.84262252e-07,0.584262252,6.75772225e-07,9.73377253,10317.7988818,0.8598896641047822,6.75772225e-07,8.28012979e-07,0.828012979
144,3.70840783e-06,10.1069159,10713.330854,0.8928534637110821,3.70840783e-06,5.84147295e-07,0.584147295,6.75772225e-07,9.74292027,10327.495486200001,0.8606977831615689,6.75772225e-07,8.27447167e-07,0.827447167
145,3.70840783e-06,10.1238638,10731.295628,0.8943506554723818,3.70840783e-06,5.83997934e-07,0.583997934,6.75772225e-07,9.75196858,10337.0866948,0.8614971184884049,6.75772225e-07,8.26850394e-07,0.826850394
146,3.70840783e-06,10.1403668,10748.788808000001,0.8958085443929402,3.70840783e-06,5.83815558e-07,0.5838155580000001,6.75772225e-07,9.76091345,10346.568257,0.862287315838513,6.75772225e-07,8.26223745e-07,0.826223745
147,3.70840783e-06,10.156444,10765.83064,0.8972288177828449,3.70840783e-06,5.83601579e-07,0.583601579,6.75772225e-07,9.76975534,10355.9406604,0.8630684158486804,6.75772225e-07,8.2556825e-07,0.82556825
148,3.70840783e-06,10.1721023,10782.428438,0.8986120851939082,3.70840783e-06,5.83357474e-07,0.583357474,6.75772225e-07,9.77849096,10365.2004176,0.8638401278775362,6.75772225e-07,8.24884867e-07,0.824884867
149,3.70840783e-06,10.1873187,10798.557822,0.899956314786757,3.70840783e-06,5.83084682e-07,0.583084682,6.75772225e-07,9.78712006,10374.347263599999,0.8646024298398697,6.75772225e-07,8.24174564e-07,0.824174564
150,3.70840783e-06,10.2021338,10814.261828,0.9012650931995887,3.70840783e-06,5.82784606e-07,0.582784606,6.75772225e-07,9.79563615,10383.374319,0.8653547484036144,6.75772225e-07,8.23438318e-07,0.823438318
151,3.70840783e-06,10.2165398,10829.532188,0.9025377313738334,3.70840783e-06,5.82458706e-07,0.5824587059999999,6.75772225e-07,9.80403907,10392.2814142,0.8660970694342354,6.75772225e-07,8.22676964e-07,0.8226769639999999
152,3.70840783e-06,10.2305242,10844.355652,0.9037731250489626,3.70840783e-06,5.82108365e-07,0.582108365,6.75772225e-07,9.81232972,10401.069503199999,0.8668294724384905,6.75772225e-07,8.218914e-07,0.8218913999999999
153,3.70840783e-06,10.2440854,10858.730523999999,0.904971132879628,3.70840783e-06,5.81734919e-07,0.581734919,6.75772225e-07,9.82050773,10409.7381938,0.8675519247302688,6.75772225e-07,8.21082578e-07,0.821082578
154,3.70840783e-06,10.2572316,10872.665496000001,0.9061324792607374,3.70840783e-06,5.81339683e-07,0.581339683,6.75772225e-07,9.82856954,10418.2837124,0.868264111816171,6.75772225e-07,8.20251444e-07,0.820251444
155,3.70840783e-06,10.2699738,10886.172228000001,0.9072581359415551,3.70840783e-06,5.80923964e-07,0.580923964,6.75772225e-07,9.83651207,10426.702794199999,0.8689657616064032,6.75772225e-07,8.19398893e-07,0.819398893
156,3.70840783e-06,10.2823199,10899.259094,0.9083488008147359,3.70840783e-06,5.80489057e-07,0.580489057,6.75772225e-07,9.84433399,10434.9940294,0.8696567566076451,6.75772225e-07,8.18525767e-07,0.8185257669999999
157,3.70840783e-06,10.2942712,10911.927472000001,0.9094045887233749,3.70840783e-06,5.80036226e-07,0.5800362259999999,6.75772225e-07,9.85203478,10443.1568668,0.8703370508826583,6.75772225e-07,8.17632883e-07,0.8176328829999999
158,3.70840783e-06,10.3058265,10924.17609,0.9104253936584611,3.70840783e-06,5.79566696e-07,0.579566696,6.75772225e-07,9.85961339,10451.1901934,0.8710065516735589,6.75772225e-07,8.16721063e-07,0.816721063
159,3.70840783e-06,10.3169869,10936.006114,0.9114113127949209,3.70840783e-06,5.79081644e-07,0.579081644,6.75772225e-07,9.86706778,10459.0918468,0.8716650787650284,6.75772225e-07,8.15791139e-07,0.815791139
160,3.70840783e-06,10.3277571,10947.422526,0.9123627613347135,3.70840783e-06,5.78582213e-07,0.578582213,6.75772225e-07,9.87439567,10466.8594102,0.8723124307399464,6.75772225e-07,8.1484393e-07,0.81484393
161,3.70840783e-06,10.3381439,10958.432534,0.9132803399955662,3.70840783e-06,5.78069514e-07,0.578069514,6.75772225e-07,9.88159548,10474.4912088,0.8729484680197818,6.75772225e-07,8.13880231e-07,0.8138802310000001
162,3.70840783e-06,10.3481529,10969.042074,0.9141645434861965,3.70840783e-06,5.77544621e-07,0.5775446209999999,6.75772225e-07,9.88866635,10481.986331,0.8735731146314104,6.75772225e-07,8.1290081e-07,0.8129008099999999
163,3.70840783e-06,10.3577873,10979.254538,0.9150156544972989,3.70840783e-06,5.77008569e-07,0.577008569,6.75772225e-07,9.89560751,10489.3439606,0.8741863025523836,6.75772225e-07,8.1190642e-07,0.81190642
164,3.70840783e-06,10.3670495,10989.072470000001,0.9158338850468958,3.70840783e-06,5.76462351e-07,0.576462351,6.75772225e-07,9.90241793,10496.5630058,0.874787940791634,6.75772225e-07,8.10897806e-07,0.810897806
165,3.70840783e-06,10.3759428,10998.499368,0.9166195266597662,3.70840783e-06,5.75906916e-07,0.575906916,6.75772225e-07,9.90909632,10503.6420992,0.8753779153894748,6.75772225e-07,8.09875706e-07,0.809875706
166,3.70840783e-06,10.3844714,11007.539684000001,0.917372950367448,3.70840783e-06,5.75343172e-07,0.5753431720000001,6.75772225e-07,9.91564139,10510.5798734,0.8759561123862195,6.75772225e-07,8.08840848e-07,0.808840848
167,3.70840783e-06,10.3926406,11016.199036,0.9180946243764053,3.70840783e-06,5.74771982e-07,0.574771982,6.75772225e-07,9.92205222,10517.3753532,0.8765224505082931,6.75772225e-07,8.07793943e-07,0.807793943
168,3.70840783e-06,10.400455,11024.4823,0.918784955054513,3.70840783e-06,5.74194168e-07,0.574194168,6.75772225e-07,9.92832819,10524.0278814,0.8770768749843737,6.75772225e-07,8.06735684e-07,0.806735684
169,3.70840783e-06,10.4079189,11032.394034,0.9194443222673928,3.70840783e-06,5.7361051e-07,0.57361051,6.75772225e-07,9.93446887,10530.5370022,0.8776193478278987,6.75772225e-07,8.05666753e-07,0.805666753
170,3.70840783e-06,10.4150358,11039.937948,0.9200730352079928,3.70840783e-06,5.73021754e-07,0.573021754,6.75772225e-07,9.94047381,10536.9022386,0.8781498292854892,6.75772225e-07,8.04587823e-07,0.804587823
171,3.70840783e-06,10.4218099,11047.118494,0.9206714649078506,3.70840783e-06,5.72428598e-07,0.572428598,6.75772225e-07,9.94634244,10543.1229864,0.8786682690028652,6.75772225e-07,8.03499554e-07,0.803499554
172,3.70840783e-06,10.428236,11053.93016,0.9212391519945863,3.70840783e-06,5.71831683e-07,0.571831683,6.75772225e-07,9.95206848,10549.192588799999,0.8791741121995369,6.75772225e-07,8.02402609e-07,0.8024026089999999
173,3.70840783e-06,10.4343391,11060.399446000001,0.9217783049892576,3.70840783e-06,5.71231614e-07,0.571231614,6.75772225e-07,9.95766443,10555.1242958,0.8796684631360333,6.75772225e-07,8.01297636e-07,0.8012976359999999
174,3.70840783e-06,10.4401362,11066.544372,0.9222904256861834,3.70840783e-06,5.70629011e-07,0.570629011,6.75772225e-07,9.96312764,10560.9152984,0.8801510877091219,6.75772225e-07,8.00185208e-07,0.800185208
175,3.70840783e-06,10.4455847,11072.319781999999,0.9227717507654817,3.70840783e-06,5.70024427e-07,0.570024427,6.75772225e-07,9.96845139,10566.5584734,0.8806213922683429,6.75772225e-07,7.99065911e-07,0.799065911
176,3.70840783e-06,10.4507102,11077.752811999999,0.9232245417527156,3.70840783e-06,5.69418276e-07,0.5694182760000001,6.75772225e-07,9.97363435,10572.052410999999,0.8810792593203755,6.75772225e-07,7.97940434e-07,0.797940434
177,3.70840783e-06,10.4555102,11082.840812,0.9236485777957794,3.70840783e-06,5.6881103e-07,0.56881103,6.75772225e-07,9.97867759,10577.3982454,0.8815247833899215,6.75772225e-07,7.96809382e-07,0.796809382
178,3.70840783e-06,10.4599707,11087.568942,0.9240426221228805,3.70840783e-06,5.68203046e-07,0.5682030459999999,6.75772225e-07,9.98358407,10582.599114199998,0.8819582259658737,6.75772225e-07,7.95673416e-07,0.795673416
179,3.70840783e-06,10.4642055,11092.05783,0.9244167279218733,3.70840783e-06,5.67594733e-07,0.5675947330000001,6.75772225e-07,9.98836631,10587.6682886,0.8823806930755781,6.75772225e-07,7.94533088e-07,0.794533088
180,3.70840783e-06,10.4681897,11096.281082,0.9247686955057847,3.70840783e-06,5.66986722e-07,0.566986722,6.75772225e-07,9.99302739,10592.6090334,0.8827924568088288,6.75772225e-07,7.93388658e-07,0.793388658
181,3.70840783e-06,10.4718111,11100.119766,0.9250886130321078,3.70840783e-06,5.66379379e-07,0.566379379,6.75772225e-07,9.99754085,10597.393301,0.8831911796669384,6.75772225e-07,7.92240644e-07,0.7922406439999999
182,3.70840783e-06,10.4750548,11103.558088,0.9253751642222923,3.70840783e-06,5.65772662e-07,0.565772662,6.75772225e-07,10.0019025,10602.01665,0.8835764915017776,6.75772225e-07,7.91089916e-07,0.791089916
183,3.70840783e-06,10.4780184,11106.699504,0.9256369711425472,3.70840783e-06,5.6516659e-07,0.56516659,6.75772225e-07,10.006128,10606.49568,0.8839497757309371,6.75772225e-07,7.89937239e-07,0.789937239
184,3.70840783e-06,10.4807529,11109.598074000001,0.9258785391758301,3.70840783e-06,5.64561522e-07,0.564561522,6.75772225e-07,10.010231,10610.84486,0.8843122382069142,6.75772225e-07,7.88783026e-07,0.788783026
185,3.70840783e-06,10.4832631,11112.258886,0.9261002923581838,3.70840783e-06,5.63957907e-07,0.563957907,6.75772225e-07,10.0142151,10615.068006,0.8846641969567414,6.75772225e-07,7.87627566e-07,0.7876275660000001
186,3.70840783e-06,10.4854768,11114.605408000001,0.9262958524807944,3.70840783e-06,5.63356025e-07,0.563356025,6.75772225e-07,10.0180687,10619.152822,0.8850046272266476,6.75772225e-07,7.86471271e-07,0.786471271
187,3.70840783e-06,10.4873864,11116.629584,0.9264645481532597,3.70840783e-06,5.6275583e-07,0.56275583,6.75772225e-07,10.0217884,10623.095704,0.8853332286577692,6.75772225e-07,7.85314785e-07,0.785314785
188,3.70840783e-06,10.4890307,11118.372542000001,0.9266098070002619,3.70840783e-06,5.62157342e-07,0.562157342,6.75772225e-07,10.0253771,10626.899726,0.885650257438549,6.75772225e-07,7.84158713e-07,0.784158713
189,3.70840783e-06,10.4904197,11119.844882000001,0.9267325124302234,3.70840783e-06,5.6156072e-07,0.56156072,6.75772225e-07,10.0288394,10630.569764000002,0.8859561199368615,6.75772225e-07,7.83003531e-07,0.783003531
190,3.70840783e-06,10.491577,11121.071619999999,0.9268347492870227,3.70840783e-06,5.60966106e-07,0.560966106,6.75772225e-07,10.0321817,10634.112602000001,0.8862513815340972,6.75772225e-07,7.81849681e-07,0.781849681
191,3.70840783e-06,10.4924864,11122.035584000001,0.926915086449015,3.70840783e-06,5.60373597e-07,0.560373597,6.75772225e-07,10.0354062,10637.530572000001,0.8865362365801095,6.75772225e-07,7.80697588e-07,0.780697588
192,3.70840783e-06,10.4931496,11122.738576000002,0.9269736740956316,3.70840783e-06,5.59783224e-07,0.559783224,6.75772225e-07,10.0385066,10640.816996,0.8868101285275916,6.75772225e-07,7.79547733e-07,0.779547733
193,3.70840783e-06,10.4935667,11123.180702000001,0.927010521060957,3.70840783e-06,5.59195018e-07,0.559195018,6.75772225e-07,10.0414827,10643.971662,0.8870730397083753,6.75772225e-07,7.78400576e-07,0.778400576
194,3.70840783e-06,10.493749,11123.37394,0.9270266255965091,3.70840783e-06,5.58609016e-07,0.558609016,6.75772225e-07,10.0443376,10646.997856,0.8873252439790715,6.75772225e-07,7.7725657e-07,0.7772565699999999
195,3.70840783e-06,10.4937013,11123.323378,0.927022411738331,3.70840783e-06,5.58025238e-07,0.5580252379999999,6.75772225e-07,10.0470817,10649.906602,0.8875676600844404,6.75772225e-07,7.76116161e-07,0.776116161
196,3.70840783e-06,10.4934289,11123.034634,0.9269983476928872,3.70840783e-06,5.57443607e-07,0.557443607,6.75772225e-07,10.0497099,10652.692493999999,0.8877998374861863,6.75772225e-07,7.7497981e-07,0.77497981
197,3.70840783e-06,10.4929415,11122.51799,0.9269552903663478,3.70840783e-06,5.56864109e-07,0.5568641089999999,6.75772225e-07,10.0522194,10655.352564,0.8880215288299507,6.75772225e-07,7.73847923e-07,0.773847923
198,3.70840783e-06,10.4922408,11121.775248,0.9268933899381447,3.70840783e-06,5.56286753e-07,0.556286753,6.75772225e-07,10.054623,10657.90038,0.8882338648785146,6.75772225e-07,7.72720889e-07,0.772720889
199,3.70840783e-06,10.4913325,11120.812450000001,0.9268131499510793,3.70840783e-06,5.55711551e-07,0.555711551,6.75772225e-07,10.0569171,10660.332126,0.8884365276048464,6.75772225e-07,7.71599126e-07,0.7715991259999999
200,3.70840783e-06,10.4902179,11119.630974,0.9267146852482461,3.70840783e-06,5.55138504e-07,0.555138504,6.75772225e-07,10.0591021,10662.648226000001,0.8886295523452828,6.75772225e-07,7.70483023e-07,0.770483023
201,3.70840783e-06,10.4888983,11118.232198000002,0.9265981106727407,3.70840783e-06,5.54567558e-07,0.554567558,6.75772225e-07,10.0611819,10664.852814,0.8888132836291085,6.75772225e-07,7.69372984e-07,0.7693729840000001
202,3.70840783e-06,10.4873835,11116.62651,0.926464291964817,3.70840783e-06,5.53998637e-07,0.5539986370000001,6.75772225e-07,10.0631573,10666.946738,0.8889877921289977,6.75772225e-07,7.68269413e-07,0.7682694130000001
203,3.70840783e-06,10.4856991,11114.841046,0.9263154906500386,3.70840783e-06,5.53431721e-07,0.553431721,6.75772225e-07,10.0650333,10668.935298,0.8891535195491618,6.75772225e-07,7.67172647e-07,0.767172647
204,3.70840783e-06,10.4838304,11112.860224,0.9261504081180234,3.70840783e-06,5.52866791e-07,0.5528667909999999,6.75772225e-07,10.0668065,10670.81489,0.8893101655307368,6.75772225e-07,7.66082977e-07,0.766082977
205,3.70840783e-06,10.4817583,11110.663798,0.9259673570586833,3.70840783e-06,5.52303787e-07,0.5523037869999999,6.75772225e-07,10.0684778,10672.586468,0.889457809580481,6.75772225e-07,7.65000785e-07,0.765000785
206,3.70840783e-06,10.4794996,11108.269576,0.9257678215981693,3.70840783e-06,5.51742759e-07,0.551742759,6.75772225e-07,10.0700518,10674.254907999999,0.8895968580662689,6.75772225e-07,7.639265e-07,0.7639265
207,3.70840783e-06,10.4770878,11105.713068,0.9255547611546981,3.70840783e-06,5.51183693e-07,0.551183693,6.75772225e-07,10.0715332,10675.825191999998,0.8897277261900594,6.75772225e-07,7.62860462e-07,0.762860462
208,3.70840783e-06,10.4745242,11102.995652,0.9253282905713652,3.70840783e-06,5.50626511e-07,0.550626511,6.75772225e-07,10.0729222,10677.297532,0.8898504316200211,6.75772225e-07,7.61802917e-07,0.761802917
209,3.70840783e-06,10.4717972,11100.105032,0.9250873850943997,3.70840783e-06,5.50071166e-07,0.5500711660000001,6.75772225e-07,10.0742194,10678.672564,0.8899650273606591,6.75772225e-07,7.60754131e-07,0.760754131
210,3.70840783e-06,10.4689034,11097.037604000001,0.9248317443649378,3.70840783e-06,5.49517653e-07,0.549517653,6.75772225e-07,10.0754259,10679.951454,0.8900716105868999,6.75772225e-07,7.5971443e-07,0.75971443
211,3.70840783e-06,10.4658436,11093.794216,0.9245614390556531,3.70840783e-06,5.48965976e-07,0.548965976,6.75772225e-07,10.0765452,10681.137912,0.8901704904916918,6.75772225e-07,7.58684165e-07,0.758684165
212,3.70840783e-06,10.4626472,11090.406031999999,0.9242790663873095,3.70840783e-06,5.48416133e-07,0.548416133,6.75772225e-07,10.0775773,10682.231937999999,0.8902616670750346,6.75772225e-07,7.5766365e-07,0.75766365
213,3.70840783e-06,10.4593187,11086.877822,0.9239850238936977,3.70840783e-06,5.47868137e-07,0.547868137,6.75772225e-07,10.0785247,10683.236181999999,0.8903453611890343,6.75772225e-07,7.56653093e-07,0.7566530929999999
214,3.70840783e-06,10.4558536,11083.204816,0.9236789140410269,3.70840783e-06,5.47321992e-07,0.547321992,6.75772225e-07,10.07939,10684.1534,0.8904218025198808,6.75772225e-07,7.55652712e-07,0.7556527120000001
215,3.70840783e-06,10.4522422,11079.376732,0.9233598799231268,3.70840783e-06,5.46777694e-07,0.546777694,6.75772225e-07,10.0801764,10684.986984,0.8904912737582694,6.75772225e-07,7.54662782e-07,0.754662782
216,3.70840783e-06,10.4485048,11075.415088,0.9230297148590964,3.70840783e-06,5.46235264e-07,0.546235264,6.75772225e-07,10.0808825,10685.73545,0.890553651227021,6.75772225e-07,7.53683588e-07,0.7536835879999999
217,3.70840783e-06,10.444647,11071.32582,0.9226889135576525,3.70840783e-06,5.45694775e-07,0.5456947750000001,6.75772225e-07,10.08151,10686.400599999999,0.8906090851055672,6.75772225e-07,7.52715332e-07,0.7527153320000001
218,3.70840783e-06,10.4406707,11067.110942,0.9223376438663953,3.70840783e-06,5.45156289e-07,0.545156289,6.75772225e-07,10.0820615,10686.98519,0.8906578050800985,6.75772225e-07,7.51758207e-07,0.751758207
219,3.70840783e-06,10.4365776,11062.772256,0.9219760559647571,3.70840783e-06,5.44619844e-07,0.5446198440000001,6.75772225e-07,10.0825397,10687.492082,0.8907000496708888,6.75772225e-07,7.5081242e-07,0.75081242
220,3.70840783e-06,10.4323586,11058.300116,0.9216033459510725,3.70840783e-06,5.44085453e-07,0.544085453,6.75772225e-07,10.0829419,10687.918414,0.8907355803576638,6.75772225e-07,7.49878194e-07,0.749878194
221,3.70840783e-06,10.4280469,11053.729714,0.9212224467413063,3.70840783e-06,5.43553154e-07,0.5435531539999999,6.75772225e-07,10.0832774,10688.274044,0.890765218710257,6.75772225e-07,7.48955733e-07,0.748955733
222,3.70840783e-06,10.4236402,11049.058611999999,0.9208331551515212,3.70840783e-06,5.43023111e-07,0.543023111,6.75772225e-07,10.0835507,10688.563742,0.8907893622624591,6.75772225e-07,7.48045175e-07,0.748045175
223,3.70840783e-06,10.4191364,11044.284583999999,0.9204352856659482,3.70840783e-06,5.42495452e-07,0.542495452,6.75772225e-07,10.0837491,10688.774046,0.8908068890855724,6.75772225e-07,7.47146666e-07,0.747146666
224,3.70840783e-06,10.4145322,11039.404132,0.9200285467598079,3.70840783e-06,5.41970249e-07,0.541970249,6.75772225e-07,10.0838846,10688.917676,0.8908188592697045,6.75772225e-07,7.46260348e-07,0.746260348
225,3.70840783e-06,10.4098307,11034.420542,0.9196132122897113,3.70840783e-06,5.41447545e-07,0.541447545,6.75772225e-07,10.0839518,10688.988908,0.8908247957743075,6.75772225e-07,7.45386399e-07,0.745386399
226,3.70840783e-06,10.405047,11029.34982,0.9191906162023772,3.70840783e-06,5.40927425e-07,0.540927425,6.75772225e-07,10.0839566,10688.993996000001,0.8908252198103507,6.75772225e-07,7.4452496e-07,0.74452496
227,3.70840783e-06,10.400187,11024.19822,0.9187612797087753,3.70840783e-06,5.40410029e-07,0.540410029,6.75772225e-07,10.0839037,10688.937922000001,0.8908205465797927,6.75772225e-07,7.43676129e-07,0.743676129
228,3.70840783e-06,10.3952477,11018.962562,0.9183249377863786,3.70840783e-06,5.39895504e-07,0.539895504,6.75772225e-07,10.0837922,10688.819732,0.8908106965758756,6.75772225e-07,7.42840014e-07,0.742840014
229,3.70840783e-06,10.3902322,11013.646132,0.9178818642917982,3.70840783e-06,5.39383976e-07,0.539383976,6.75772225e-07,10.0836223,10688.639638,0.8907956874667681,6.75772225e-07,7.42016731e-07,0.742016731
230,3.70840783e-06,10.385145,11008.2537,0.9174324567588245,3.70840783e-06,5.38875567e-07,0.538875567,6.75772225e-07,10.0833991,10688.403046,0.8907759697907656,6.75772225e-07,7.41206386e-07,0.741206386
231,3.70840783e-06,10.3799959,11002.795654000001,0.9169775809277123,3.70840783e-06,5.38370408e-07,0.538370408,6.75772225e-07,10.0831131,10688.099886,0.8907507043098664,6.75772225e-07,7.40409055e-07,0.740409055
232,3.70840783e-06,10.3747841,10997.271146,0.9165171661257874,3.70840783e-06,5.37868644e-07,0.537868644,6.75772225e-07,10.0827788,10687.745528,0.8907211719662838,6.75772225e-07,7.39624776e-07,0.739624776
233,3.70840783e-06,10.3695165,10991.68749,0.916051821904862,3.70840783e-06,5.37370429e-07,0.537370429,6.75772225e-07,10.0823943,10687.337958,0.8906872049124176,6.75772225e-07,7.38853625e-07,0.7388536250000001
234,3.70840783e-06,10.3641931,10986.044686,0.9155815482649359,3.70840783e-06,5.36875923e-07,0.536875923,6.75772225e-07,10.0819606,10686.878236,0.89064889148911,6.75772225e-07,7.38095646e-07,0.738095646
235,3.70840783e-06,10.358816,10980.344959999999,0.9151065307217779,3.70840783e-06,5.36385278e-07,0.536385278,6.75772225e-07,10.0814782,10686.366892,0.8906062758667821,6.75772225e-07,7.37350893e-07,0.737350893
236,3.70840783e-06,10.3533906,10974.594036,0.914627246315937,3.70840783e-06,5.35898639e-07,0.535898639,6.75772225e-07,10.0809483,10685.805198,0.8905594640544446,6.75772225e-07,7.36619408e-07,0.7366194079999999
237,3.70840783e-06,10.3479223,10968.797638,0.9141441720879608,3.70840783e-06,5.35416166e-07,0.535416166,6.75772225e-07,10.0803731,10685.195485999999,0.8905086504019507,6.75772225e-07,7.35901219e-07,0.7359012189999999
238,3.70840783e-06,10.3424159,10962.960854,0.913657732073893,3.70840783e-06,5.34938027e-07,0.534938027,6.75772225e-07,10.0797554,10684.540724,0.8904540822636592,6.75772225e-07,7.35196332e-07,0.735196332
239,3.70840783e-06,10.3368722,10957.084532,0.9131679969464072,3.70840783e-06,5.34464387e-07,0.534464387,6.75772225e-07,10.0790964,10683.842184,0.8903958656485801,6.75772225e-07,7.34504748e-07,0.734504748
240,3.70840783e-06,10.3312936,10951.171216,0.9126751787235249,3.70840783e-06,5.33995405e-07,0.5339954050000001,6.75772225e-07,10.0783975,10683.101349999999,0.8903341242338931,6.75772225e-07,7.33826468e-07,0.7338264680000001
241,3.70840783e-06,10.325682,10945.22292,0.9121794452528466,3.70840783e-06,5.3353124e-07,0.53353124,6.75772225e-07,10.0776589,10682.318433999999,0.8902688756877667,6.75772225e-07,7.33161491e-07,0.7331614909999999
242,3.70840783e-06,10.3200406,10939.243036,0.9116810792250675,3.70840783e-06,5.33072046e-07,0.5330720459999999,6.75772225e-07,10.0768859,10681.499054,0.8902005882166651,6.75772225e-07,7.32509817e-07,0.7325098170000001
243,3.70840783e-06,10.3143787,10933.241422000001,0.9111809022100213,3.70840783e-06,5.32617987e-07,0.5326179870000001,6.75772225e-07,10.076074,10680.63844,0.8901288642867978,6.75772225e-07,7.31871427e-07,0.7318714270000001
244,3.70840783e-06,10.3086951,10927.216806,0.910678808198697,3.70840783e-06,5.32169224e-07,0.532169224,6.75772225e-07,10.0752246,10679.738076,0.8900538275753439,6.75772225e-07,7.31246261e-07,0.731246261
245,3.70840783e-06,10.3029948,10921.174488,0.9101752388953062,3.70840783e-06,5.31725905e-07,0.5317259049999999,6.75772225e-07,10.0743446,10678.805276,0.8899760876341155,6.75772225e-07,7.30634271e-07,0.730634271
246,3.70840783e-06,10.2972788,10915.115528,0.9096702826406912,3.70840783e-06,5.31288187e-07,0.531288187,6.75772225e-07,10.0734366,10677.842796,0.8898958741493028,6.75772225e-07,7.30035416e-07,0.730035416
247,3.70840783e-06,10.2915492,10909.042152,0.9091641249506208,3.70840783e-06,5.30856223e-07,0.530856223,6.75772225e-07,10.0725002,10676.850212000001,0.8898131517845684,6.75772225e-07,7.29449654e-07,0.729449654
248,3.70840783e-06,10.2858092,10902.957751999998,0.9086570485157904,3.70840783e-06,5.30430161e-07,0.530430161,6.75772225e-07,10.0715348,10675.826888,0.8897278675354072,6.75772225e-07,7.28876935e-07,0.728876935
249,3.70840783e-06,10.280061,10896.86466,0.9081492476860533,3.70840783e-06,5.30010136e-07,0.530010136,6.75772225e-07,10.0705406,10674.773035999999,0.8896400390699876,6.75772225e-07,7.28317189e-07,0.728317189
250,3.70840783e-06,10.2743081,10890.766586000002,0.9076410316543575,3.70840783e-06,5.29596271e-07,0.529596271,6.75772225e-07,10.0695204,10673.691624,0.8895499137426681,6.75772225e-07,7.27770343e-07,0.727770343
251,3.70840783e-06,10.2685538,10884.667028,0.9071326919454821,3.70840783e-06,5.29188694e-07,0.529188694,6.75772225e-07,10.068477,10672.58562,0.8894577389078072,6.75772225e-07,7.27236317e-07,0.727236317
252,3.70840783e-06,10.2628008,10878.568848,0.9066244670797019,3.70840783e-06,5.2878753e-07,0.52878753,6.75772225e-07,10.0674128,10671.457568,0.8893637265834263,6.75772225e-07,7.26715029e-07,0.726715029
253,3.70840783e-06,10.2570503,10872.473318,0.9061164630660273,3.70840783e-06,5.28392901e-07,0.528392901,6.75772225e-07,10.066328,10670.30768,0.8892678944376939,6.75772225e-07,7.26206392e-07,0.726206392
254,3.70840783e-06,10.2513057,10866.384042,0.9056089802633224,3.70840783e-06,5.2800492e-07,0.52800492,6.75772225e-07,10.0652238,10669.137228,0.8891703484796207,6.75772225e-07,7.25710313e-07,0.725710313
255,3.70840783e-06,10.2455684,10860.302504,0.9051021423487663,3.70840783e-06,5.27623693e-07,0.527623693,6.75772225e-07,10.0641009,10667.946954,0.8890711505477965,6.75772225e-07,7.25226691e-07,0.725226691
256,3.70840783e-06,10.2398405,10854.23093,0.904596134838128,3.70840783e-06,5.2724931e-07,0.5272493100000001,6.75772225e-07,10.0629609,10666.738554,0.8889704419875689,6.75772225e-07,7.24755419e-07,0.724755419
257,3.70840783e-06,10.2341247,10848.172182,0.9040911962516814,3.70840783e-06,5.26881854e-07,0.526881854,6.75772225e-07,10.0618056,10665.513936,0.8888683818124541,6.75772225e-07,7.24296391e-07,0.724296391
258,3.70840783e-06,10.2284228,10842.128168000001,0.903587485602943,3.70840783e-06,5.26521405e-07,0.526521405,6.75772225e-07,10.0606367,10664.274902,0.8887651202018838,6.75772225e-07,7.23849496e-07,0.723849496
259,3.70840783e-06,10.2227373,10836.101538,0.9030852237440183,3.70840783e-06,5.26168038e-07,0.526168038,6.75772225e-07,10.059455,10663.0223,0.8886607278285321,6.75772225e-07,7.23414615e-07,0.723414615
260,3.70840783e-06,10.2170697,10830.093882,0.9025845431861708,3.70840783e-06,5.2582182e-07,0.52582182,6.75772225e-07,10.0582616,10661.757296,0.8885553018673255,6.75772225e-07,7.2299163e-07,0.72299163
261,3.70840783e-06,10.2114224,10824.107744,0.9020856559474223,3.70840783e-06,5.25482803e-07,0.5254828029999999,6.75772225e-07,10.0570584,10660.481904,0.8884490101658642,6.75772225e-07,7.22580415e-07,0.7225804149999999
262,3.70840783e-06,10.205797,10818.144820000001,0.9015887033731202,3.70840783e-06,5.25151035e-07,0.525151035,6.75772225e-07,10.0558463,10659.197078000001,0.8883419322309064,6.75772225e-07,7.22180836e-07,0.7221808359999999
263,3.70840783e-06,10.2001952,10812.206912,0.9010938356426963,3.70840783e-06,5.24826553e-07,0.524826553,6.75772225e-07,10.0546264,10657.903984,0.8882341652373786,6.75772225e-07,7.21792762e-07,0.721792762
264,3.70840783e-06,10.1946193,10806.296457999999,0.9006012559400882,3.70840783e-06,5.2450939e-07,0.52450939,6.75772225e-07,10.0533998,10656.603787999999,0.8881258063602072,6.75772225e-07,7.21416059e-07,0.721416059
265,3.70840783e-06,10.1890703,10800.414518,0.9001110526061382,3.70840783e-06,5.24199569e-07,0.524199569,6.75772225e-07,10.0521676,10655.297656,0.8880169527743192,6.75772225e-07,7.21050588e-07,0.721050588
266,3.70840783e-06,10.1835501,10794.563106,0.8996233934884466,3.70840783e-06,5.23897107e-07,0.5238971069999999,6.75772225e-07,10.0509308,10653.986648,0.8879076928205565,6.75772225e-07,7.2069621e-07,0.72069621
267,3.70840783e-06,10.1780601,10788.743706,0.8991384022641924,3.70840783e-06,5.23602007e-07,0.523602007,6.75772225e-07,10.0496909,10652.672354,0.8877981590101826,6.75772225e-07,7.20352779e-07,0.720352779
268,3.70840783e-06,10.1726025,10782.95865,0.8986562732832292,3.70840783e-06,5.23314264e-07,0.523314264,6.75772225e-07,10.0484489,10651.355834,0.8876884396840399,6.75772225e-07,7.20020147e-07,0.720020147
269,3.70840783e-06,10.1671779,10777.208574,0.8981770595500618,3.70840783e-06,5.23033873e-07,0.5230338729999999,6.75772225e-07,10.0472048,10650.037088,0.8875785348421282,6.75772225e-07,7.19698166e-07,0.719698166
270,3.70840783e-06,10.1617879,10771.495174,0.8977009024100382,3.70840783e-06,5.22760814e-07,0.5227608140000001,6.75772225e-07,10.0459596,10648.717176,0.8874685328252901,6.75772225e-07,7.19386689e-07,0.719386689
271,3.70840783e-06,10.1564339,10765.819934,0.8972279255403376,3.70840783e-06,5.22495059e-07,0.522495059,6.75772225e-07,10.0447145,10647.397369999999,0.8873585396425362,6.75772225e-07,7.19085567e-07,0.7190855669999999
272,3.70840783e-06,10.1511174,10760.184444,0.8967582614522235,3.70840783e-06,5.22236574e-07,0.522236574,6.75772225e-07,10.0434709,10646.079154000001,0.887248678971046,6.75772225e-07,7.18794646e-07,0.718794646
273,3.70840783e-06,10.1458402,10754.590612,0.8962920691592119,3.70840783e-06,5.21985319e-07,0.521985319,6.75772225e-07,10.0422293,10644.763058,0.8871389949812402,6.75772225e-07,7.1851377e-07,0.7185137699999999
274,3.70840783e-06,10.1406036,10749.039816,0.895829463504398,3.70840783e-06,5.21741251e-07,0.521741251,6.75772225e-07,10.0409894,10643.448764,0.8870294611708662,6.75772225e-07,7.18242783e-07,0.718242783
275,3.70840783e-06,10.1354069,10743.531314,0.8953703826491919,3.70840783e-06,5.21504316e-07,0.521504316,6.75772225e-07,10.0397512,10642.136272,0.8869200775399242,6.75772225e-07,7.17981536e-07,0.717981536
276,3.70840783e-06,10.1302519,10738.067013999998,0.8949149856071098,3.70840783e-06,5.21274451e-07,0.5212744509999999,6.75772225e-07,10.0385158,10640.826748000001,0.8868109412633408,6.75772225e-07,7.17729878e-07,0.717729878
277,3.70840783e-06,10.1251406,10732.649036,0.8944634490598369,3.70840783e-06,5.21051593e-07,0.521051593,6.75772225e-07,10.0372845,10639.52157,0.8867021671842108,6.75772225e-07,7.17487657e-07,0.7174876570000001
278,3.70840783e-06,10.1200744,10727.278864,0.8940158966845515,3.70840783e-06,5.20835665e-07,0.520835665,6.75772225e-07,10.0360571,10638.220526000001,0.8865937376343657,6.75772225e-07,7.17254717e-07,0.717254717
279,3.70840783e-06,10.1150541,10721.957346,0.893572399153928,3.70840783e-06,5.20626592e-07,0.520626592,6.75772225e-07,10.0348337,10636.923722,0.8864856614478898,6.75772225e-07,7.17030908e-07,0.717030908
280,3.70840783e-06,10.1100803,10716.685118,0.8931330094724718,3.70840783e-06,5.20424293e-07,0.5204242929999999,6.75772225e-07,10.033614,10635.63084,0.8863779121225305,6.75772225e-07,7.16816079e-07,0.7168160790000001
281,3.70840783e-06,10.1051537,10711.462922,0.8926977894787724,3.70840783e-06,5.20228687e-07,0.520228687,6.75772225e-07,10.0323975,10634.34135,0.8862704454878666,6.75772225e-07,7.16610086e-07,0.716610086
282,3.70840783e-06,10.1002752,10706.291712,0.8922668186795878,3.70840783e-06,5.20039686e-07,0.520039686,6.75772225e-07,10.0311843,10633.055358,0.8861632703779821,6.75772225e-07,7.1641279e-07,0.7164127899999999
283,3.70840783e-06,10.0954463,10701.173078000002,0.8918402295861817,3.70840783e-06,5.19857198e-07,0.5198571980000001,6.75772225e-07,10.0299751,10631.773605999999,0.8860564486314669,6.75772225e-07,7.16224052e-07,0.716224052
284,3.70840783e-06,10.0906681,10696.108186,0.89141811937348,3.70840783e-06,5.1968113e-07,0.51968113,6.75772225e-07,10.0287693,10630.495458000001,0.8859499272438158,6.75772225e-07,7.1604373e-07,0.71604373
285,3.70840783e-06,10.0859414,10691.097883999999,0.8910005587141573,3.70840783e-06,5.19511381e-07,0.5195113809999999,6.75772225e-07,10.0275653,10629.219217999998,0.8858435648696805,6.75772225e-07,7.15871694e-07,0.7158716940000001
286,3.70840783e-06,10.0812677,10686.143762,0.8905876801194769,3.70840783e-06,5.1934786e-07,0.51934786,6.75772225e-07,10.0263632,10627.944992,0.8857373703431459,6.75772225e-07,7.15707819e-07,0.715707819
287,3.70840783e-06,10.0766466,10681.245396,0.8901794482531016,3.70840783e-06,5.1919047e-07,0.51919047,6.75772225e-07,10.0251622,10626.671932000001,0.8856312729915378,6.75772225e-07,7.15551983e-07,0.715551983
288,3.70840783e-06,10.0720788,10676.403528,0.8897759249536211,3.70840783e-06,5.19039112e-07,0.5190391120000001,6.75772225e-07,10.0239615,10625.39919,0.8855252021421821,6.75772225e-07,7.15404069e-07,0.715404069
289,3.70840783e-06,10.0675657,10671.619642,0.8893772338982147,3.70840783e-06,5.18893684e-07,0.518893684,6.75772225e-07,10.0227604,10624.126024,0.8854190959564896,6.75772225e-07,7.15263969e-07,0.715263969
290,3.70840783e-06,10.0631088,10666.895328,0.8889835075981459,3.70840783e-06,5.18754089e-07,0.518754089,6.75772225e-07,10.0215575,10622.85095,0.8853128307572811,6.75772225e-07,7.15131577e-07,0.7151315770000001
291,3.70840783e-06,10.0587091,10662.231646,0.8885948343942569,3.70840783e-06,5.18620231e-07,0.518620231,6.75772225e-07,10.020352,10621.573120000001,0.8852063358718826,6.75772225e-07,7.15006798e-07,0.715006798
292,3.70840783e-06,10.0543668,10657.628808000001,0.8882112319547163,3.70840783e-06,5.18492018e-07,0.518492018,6.75772225e-07,10.0191431,10620.291686,0.8850995406276201,6.75772225e-07,7.14889539e-07,0.714889539
293,3.70840783e-06,10.0500789,10653.083634,0.887832435256997,3.70840783e-06,5.18369351e-07,0.5183693509999999,6.75772225e-07,10.0179245,10618.999969999999,0.8849918884771871,6.75772225e-07,7.14779714e-07,0.7147797140000001
294,3.70840783e-06,10.045853,10648.604179999998,0.8874591156915004,3.70840783e-06,5.18252132e-07,0.518252132,6.75772225e-07,10.0167053,10617.707618,0.8848841833222492,6.75772225e-07,7.14677245e-07,0.714677245
295,3.70840783e-06,10.0416892,10644.190552,0.8870912820923113,3.70840783e-06,5.18140283e-07,0.5181402829999999,6.75772225e-07,10.0154823,10616.411238,0.8847761424721102,6.75772225e-07,7.14582065e-07,0.714582065
296,3.70840783e-06,10.0375862,10639.841371999999,0.886728819616334,3.70840783e-06,5.18033724e-07,0.518033724,6.75772225e-07,10.01425,10615.105000000001,0.8846672800521379,6.75772225e-07,7.14494114e-07,0.7144941140000001
297,3.70840783e-06,10.0335427,10635.555262,0.8863716134204741,3.70840783e-06,5.17932371e-07,0.517932371,6.75772225e-07,10.013005,10613.7853,0.8845572957034681,6.75772225e-07,7.14413335e-07,0.7144133349999999
298,3.70840783e-06,10.0295595,10631.333069999999,0.886019734177405,3.70840783e-06,5.17836138e-07,0.517836138,6.75772225e-07,10.0117474,10612.452244,0.8844461982601854,6.75772225e-07,7.14339675e-07,0.7143396750000001
299,3.70840783e-06,10.0256383,10627.176598,0.8856733320665591,3.70840783e-06,5.1774494e-07,0.51774494,6.75772225e-07,10.0104793,10611.108058,0.8843341732380586,6.75772225e-07,7.14273088e-07,0.714273088
300,3.70840783e-06,10.0217813,10623.088178,0.8853326014377889,3.70840783e-06,5.17658702e-07,0.5176587020000001,6.75772225e-07,10.0091991,10609.751046,0.8842210792917398,6.75772225e-07,7.14213535e-07,0.7142135350000001
301,3.70840783e-06,10.0179898,10619.069188000001,0.8849976571341899,3.70840783e-06,5.17577356e-07,0.5175773560000001,6.75772225e-07,10.0079067,10608.381102,0.8841069075871449,6.75772225e-07,7.14160983e-07,0.714160983
302,3.70840783e-06,10.0142657,10615.121642,0.884668667003362,3.70840783e-06,5.17500847e-07,0.517500847,6.75772225e-07,10.0066012,10606.997272,0.8839915786175159,6.75772225e-07,7.141154e-07,0.7141154000000001
303,3.70840783e-06,10.0106036,10611.239816,0.884345154004757,3.70840783e-06,5.17429113e-07,0.5174291129999999,6.75772225e-07,10.0052792,10605.595952,0.8838747920239887,6.75772225e-07,7.14076756e-07,0.7140767560000001
304,3.70840783e-06,10.007004,10607.42424,0.8840271623087963,3.70840783e-06,5.17362077e-07,0.517362077,6.75772225e-07,10.003942,10604.17852,0.8837566626496586,6.75772225e-07,7.14045028e-07,0.714045028
305,3.70840783e-06,10.0034694,10603.677564,0.8837149127675853,3.70840783e-06,5.17299668e-07,0.5172996679999999,6.75772225e-07,10.0025896,10602.744976,0.8836371904945254,6.75772225e-07,7.14020192e-07,0.714020192
306,3.70840783e-06,10.0000026,10600.002756,0.8834086527354825,3.70840783e-06,5.17241826e-07,0.517241826,6.75772225e-07,10.0012241,10601.297546,0.883516561074358,6.75772225e-07,7.14002222e-07,0.714002222
307,3.70840783e-06,9.99660459,10596.4008654,0.8831084696699221,3.70840783e-06,5.17188502e-07,0.517188502,6.75772225e-07,9.99984418,10599.8348308,0.8833946577792446,6.75772225e-07,7.13991089e-07,0.7139910890000001
308,3.70840783e-06,9.99327335,10592.869751,0.8828141851224022,3.70840783e-06,5.17139653e-07,0.5171396530000001,6.75772225e-07,9.99845105,10598.358113,0.8832715875016044,6.75772225e-07,7.13986761e-07,0.713986761
309,3.70840783e-06,9.99000824,10589.4087344,0.8825257425547839,3.70840783e-06,5.17095221e-07,0.517095221,6.75772225e-07,9.99704387,10596.8665022,0.8831472760351298,6.75772225e-07,7.13989206e-07,0.7139892059999999
310,3.70840783e-06,9.9868091,10586.017646,0.8822431278325324,3.70840783e-06,5.17055139e-07,0.517055139,6.75772225e-07,9.99562473,10595.3622138,0.883021908012181,6.75772225e-07,7.13998388e-07,0.713998388
311,3.70840783e-06,9.98367696,10582.6975776,0.8819664319467155,3.70840783e-06,5.17019349e-07,0.517019349,6.75772225e-07,9.99419357,10593.8451842,0.882895478132308,6.75772225e-07,7.14014266e-07,0.7140142660000001
312,3.70840783e-06,9.98061122,10579.4478932,0.8816956018928276,3.70840783e-06,5.16987797e-07,0.516987797,6.75772225e-07,9.99275308,10592.3182648,0.8827682240323761,6.75772225e-07,7.14036795e-07,0.7140367950000001
313,3.70840783e-06,9.97761307,10576.2698542,0.881430742796471,3.70840783e-06,5.1696043e-07,0.51696043,6.75772225e-07,9.99130442,10590.7826852,0.8826402481877627,6.75772225e-07,7.14065919e-07,0.714065919
314,3.70840783e-06,9.97468204,10573.1629624,0.8811718131374501,3.70840783e-06,5.16937196e-07,0.516937196,6.75772225e-07,9.98985079,10589.2418374,0.882511833289163,6.75772225e-07,7.14101572e-07,0.7141015719999999
315,3.70840783e-06,9.97181778,10570.1268468,0.8809187819964697,3.70840783e-06,5.16918039e-07,0.516918039,6.75772225e-07,9.98839133,10587.694809800001,0.8823829033634527,6.75772225e-07,7.14143678e-07,0.714143678
316,3.70840783e-06,9.96901946,10567.1606276,0.8806715760506311,3.70840783e-06,5.16902896e-07,0.516902896,6.75772225e-07,9.98693046,10586.1462876,0.8822538488771546,6.75772225e-07,7.14192158e-07,0.714192158
317,3.70840783e-06,9.9662885,10564.265809999999,0.8804303207439298,3.70840783e-06,5.16891703e-07,0.516891703,6.75772225e-07,9.98546814,10584.5962284,0.8821246662966352,6.75772225e-07,7.14246921e-07,0.714246921
318,3.70840783e-06,9.96361523,10561.4321438,0.8801941618204215,3.70840783e-06,5.16884384e-07,0.516884384,6.75772225e-07,9.98400087,10583.0409222,0.8819950464289464,6.75772225e-07,7.14307872e-07,0.7143078719999999
319,3.70840783e-06,9.96101313,10558.673917799999,0.8799642901146597,3.70840783e-06,5.1688086e-07,0.51688086,6.75772225e-07,9.98254398,10581.496618800002,0.881866343539201,6.75772225e-07,7.14374906e-07,0.714374906
320,3.70840783e-06,9.95848115,10555.990019,0.8797406128687606,3.70840783e-06,5.16881099e-07,0.516881099,6.75772225e-07,9.9810966,10579.962396,0.8817384807708656,6.75772225e-07,7.14447897e-07,0.714447897
321,3.70840783e-06,9.95601419,10553.375041399999,0.8795226795444279,3.70840783e-06,5.1688505e-07,0.51688505,6.75772225e-07,9.97965814,10578.437628399999,0.8816114060028435,6.75772225e-07,7.14526714e-07,0.714526714
322,3.70840783e-06,9.95360927,10550.8258262,0.879310226885952,3.70840783e-06,5.16892629e-07,0.516892629,6.75772225e-07,9.9782234,10576.916803999999,0.8814846598627549,6.75772225e-07,7.14611219e-07,0.714611219
323,3.70840783e-06,9.95126524,10548.3411544,0.8791031533013639,3.70840783e-06,5.16903746e-07,0.516903746,6.75772225e-07,9.97679767,10575.4055302,0.8813587096736556,6.75772225e-07,7.14701283e-07,0.714701283
324,3.70840783e-06,9.94898483,10545.923919800001,0.8789016999611635,3.70840783e-06,5.16918323e-07,0.516918323,6.75772225e-07,9.97538187,10573.9047822,0.8812336367091202,6.75772225e-07,7.14796766e-07,0.7147967660000001
325,3.70840783e-06,9.94677,10543.576200000001,0.8787060400134012,3.70840783e-06,5.169363e-07,0.5169363,6.75772225e-07,9.97398187,10572.420782199999,0.8811099595298933,6.75772225e-07,7.14897526e-07,0.7148975259999999
326,3.70840783e-06,9.94461323,10541.2900238,0.8785155091349431,3.70840783e-06,5.16957602e-07,0.5169576020000001,6.75772225e-07,9.97258835,10570.943651000001,0.8809868547993247,6.75772225e-07,7.15003413e-07,0.715003413
327,3.70840783e-06,9.94254701,10539.0998306,0.8783329775197559,3.70840783e-06,5.1698218e-07,0.5169821800000001,6.75772225e-07,9.97123609,10569.5102554,0.8808673950119095,6.75772225e-07,7.15114268e-07,0.715114268
328,3.70840783e-06,9.94051769,10536.9487514,0.8781537056816496,3.70840783e-06,5.17010018e-07,0.517010018,6.75772225e-07,9.96987548,10568.0680088,0.880747197578461,6.75772225e-07,7.15229919e-07,0.715229919
329,3.70840783e-06,9.93853449,10534.8465594,0.8779785081231906,3.70840783e-06,5.17040931e-07,0.517040931,6.75772225e-07,9.96851985,10566.631041,0.8806274400824071,6.75772225e-07,7.15350244e-07,0.715350244
330,3.70840783e-06,9.93661983,10532.817019799999,0.8778093654460628,3.70840783e-06,5.17074809e-07,0.517074809,6.75772225e-07,9.96718621,10565.2173826,0.8805096252014755,6.75772225e-07,7.15475102e-07,0.715475102
331,3.70840783e-06,9.93478372,10530.870743200001,0.8776471619420986,3.70840783e-06,5.17111638e-07,0.5171116379999999,6.75772225e-07,9.9658853,10563.838418,0.8803947017163125,6.75772225e-07,7.15604323e-07,0.715604323
332,3.70840783e-06,9.93301897,10529.0001082,0.8774912624406408,3.70840783e-06,5.17151418e-07,0.517151418,6.75772225e-07,9.96461111,10562.487776599999,0.880282138698456,6.75772225e-07,7.15737721e-07,0.715737721
333,3.70840783e-06,9.93131093,10527.1895858,0.8773403727483504,3.70840783e-06,5.171941e-07,0.5171941,6.75772225e-07,9.96335343,10561.1546358,0.880171034187906,6.75772225e-07,7.15875118e-07,0.7158751179999999
334,3.70840783e-06,9.9296523,10525.431438000001,0.8771938479770782,3.70840783e-06,5.17239579e-07,0.517239579,6.75772225e-07,9.96210843,10559.834935800001,0.8800610498392365,6.75772225e-07,7.16016357e-07,0.7160163570000001
335,3.70840783e-06,9.92804566,10523.7283996,0.8770519160461974,3.70840783e-06,5.1728774e-07,0.51728774,6.75772225e-07,9.96088007,10558.5328742,0.8799525354821827,6.75772225e-07,7.16161288e-07,0.716161288
336,3.70840783e-06,9.92649905,10522.088993000001,0.8769152872160801,3.70840783e-06,5.17338499e-07,0.517338499,6.75772225e-07,9.95967605,10557.256613000001,0.8798461713412308,6.75772225e-07,7.16309758e-07,0.716309758
337,3.70840783e-06,9.92501827,10520.5193662,0.8767844738636118,3.70840783e-06,5.17391801e-07,0.517391801,6.75772225e-07,9.95850028,10556.010296800001,0.879742302829074,6.75772225e-07,7.16461596e-07,0.7164615959999999
338,3.70840783e-06,9.92359488,10519.0105728,0.8766587303920833,3.70840783e-06,5.17447594e-07,0.517447594,6.75772225e-07,9.9573477,10554.788562,0.87964048294105,6.75772225e-07,7.16616627e-07,0.7166166270000001
339,3.70840783e-06,9.92223618,10517.5703508,0.8765387016896437,3.70840783e-06,5.17505809e-07,0.517505809,6.75772225e-07,9.95622215,10553.595479,0.8795410509059937,6.75772225e-07,7.16774675e-07,0.716774675
340,3.70840783e-06,9.92093429,10516.1903474,0.8764236916304552,3.70840783e-06,5.17566404e-07,0.517566404,6.75772225e-07,9.95512022,10552.427433199999,0.8794437054816325,6.75772225e-07,7.16935574e-07,0.7169355740000001
341,3.70840783e-06,9.91966998,10514.8501788,0.8763120014201207,3.70840783e-06,5.17629284e-07,0.517629284,6.75772225e-07,9.95402814,10551.2698284,0.8793472302145683,6.75772225e-07,7.17099177e-07,0.7170991769999999
342,3.70840783e-06,9.91845991,10513.5675046,0.8762051028170728,3.70840783e-06,5.17694324e-07,0.517694324,6.75772225e-07,9.95296162,10550.1393172,0.8792530129394333,6.75772225e-07,7.17265353e-07,0.7172653529999999
343,3.70840783e-06,9.91731795,10512.357027,0.8761042211087943,3.70840783e-06,5.17761471e-07,0.517761471,6.75772225e-07,9.95192765,10549.043309,0.8791616711587152,6.75772225e-07,7.17433938e-07,0.717433938
344,3.70840783e-06,9.91624042,10511.2148452,0.8760090312009855,3.70840783e-06,5.17830703e-07,0.517830703,6.75772225e-07,9.95092321,10547.978602599998,0.8790729380830703,6.75772225e-07,7.1760476e-07,0.7176047600000001
345,3.70840783e-06,9.91521887,10510.1320022,0.8759187866135288,3.70840783e-06,5.17901985e-07,0.5179019850000001,6.75772225e-07,9.94994138,10546.9378628,0.8789862023938702,6.75772225e-07,7.17777655e-07,0.717777655
346,3.70840783e-06,9.91424273,10509.0972938,0.8758325535837213,3.70840783e-06,5.17975247e-07,0.517975247,6.75772225e-07,9.94897993,10545.9187258,0.8789012670910361,6.75772225e-07,7.17952482e-07,0.7179524820000001
347,3.70840783e-06,9.91330999,10508.1085894,0.8757501545464699,3.70840783e-06,5.18050387e-07,0.518050387,6.75772225e-07,9.94803529,10544.9174074,0.8788178167977612,6.75772225e-07,7.18129108e-07,0.718129108
348,3.70840783e-06,9.91242689,10507.172503400001,0.8756721407486304,3.70840783e-06,5.18127304e-07,0.518127304,6.75772225e-07,9.94711618,10543.9431508,0.8787366218461903,6.75772225e-07,7.18307391e-07,0.718307391
349,3.70840783e-06,9.91159938,10506.2953428,0.8755990378182146,3.70840783e-06,5.18205936e-07,0.518205936,6.75772225e-07,9.94622696,10543.0005776,0.8786580674023959,6.75772225e-07,7.18487194e-07,0.718487194
350,3.70840783e-06,9.91082797,10505.4776482,0.8755308908090521,3.70840783e-06,5.18286236e-07,0.518286236,6.75772225e-07,9.94536349,10542.0852994,0.8785817877352908,6.75772225e-07,7.18668372e-07,0.718668372
351,3.70840783e-06,9.91011044,10504.7170664,0.8754675036044731,3.70840783e-06,5.18368154e-07,0.518368154,6.75772225e-07,9.94452436,10541.1958216,0.8785076582842876,6.75772225e-07,7.18850778e-07,0.718850778
352,3.70840783e-06,9.90943749,10504.003739400001,0.8754080546346441,3.70840783e-06,5.18451623e-07,0.518451623,6.75772225e-07,9.9437066,10540.328996,0.8784354166770842,6.75772225e-07,7.19034272e-07,0.719034272
353,3.70840783e-06,9.90881125,10503.339925,0.875352732065559,3.70840783e-06,5.18536561e-07,0.5185365609999999,6.75772225e-07,9.94291564,10539.4905784,0.8783655426044548,6.75772225e-07,7.19218722e-07,0.7192187219999999
354,3.70840783e-06,9.90819587,10502.687622200001,0.8752983688780214,3.70840783e-06,5.18622846e-07,0.518622846,6.75772225e-07,9.94212733,10538.6549698,0.8782959026350573,6.75772225e-07,7.19404006e-07,0.719404006
355,3.70840783e-06,9.90765793,10502.1174058,0.8752508468053118,3.70840783e-06,5.18710352e-07,0.5187103519999999,6.75772225e-07,9.94138623,10537.869403800001,0.8782304332368253,6.75772225e-07,7.19590008e-07,0.7195900080000001
356,3.70840783e-06,9.90720058,10501.632614799999,0.8752104441210836,3.70840783e-06,5.1879915e-07,0.51879915,6.75772225e-07,9.94069202,10537.1335412,0.8781691061406888,6.75772225e-07,7.19776563e-07,0.7197765629999999
357,3.70840783e-06,9.90678181,10501.1887186,0.8751734496265516,3.70840783e-06,5.18889259e-07,0.518889259,6.75772225e-07,9.94001767,10536.4187302,0.8781095334936803,6.75772225e-07,7.19963516e-07,0.719963516
358,3.70840783e-06,9.9063857,10500.768842,0.8751384569355062,3.70840783e-06,5.1898055e-07,0.51898055,6.75772225e-07,9.93935156,10535.7126536,0.8780506887752125,6.75772225e-07,7.20150746e-07,0.720150746
359,3.70840783e-06,9.9060107,10500.371342,0.8751053291196419,3.70840783e-06,5.19072858e-07,0.519072858,6.75772225e-07,9.93869425,10535.015904999998,0.877992621456157,6.75772225e-07,7.20338163e-07,0.720338163
360,3.70840783e-06,9.90568641,10500.0275946,0.8750766810678908,3.70840783e-06,5.19166067e-07,0.519166067,6.75772225e-07,9.93806632,10534.350299200001,0.8779371495910487,6.75772225e-07,7.20525675e-07,0.720525675
361,3.70840783e-06,9.90541979,10499.7449774,0.8750531276325154,3.70840783e-06,5.19260171e-07,0.519260171,6.75772225e-07,9.93747286,10533.7212316,0.8778847228347744,6.75772225e-07,7.2071317e-07,0.7207131699999999
362,3.70840783e-06,9.90520437,10499.5166322,0.8750340972482662,3.70840783e-06,5.19355163e-07,0.5193551630000001,6.75772225e-07,9.93690894,10533.1234764,0.8778349056669817,6.75772225e-07,7.20900524e-07,0.720900524
363,3.70840783e-06,9.90503123,10499.3331038,0.8750188019148294,3.70840783e-06,5.19451002e-07,0.5194510019999999,6.75772225e-07,9.93637015,10532.552359,0.8777873085045562,6.75772225e-07,7.21087609e-07,0.721087609
364,3.70840783e-06,9.90487403,10499.166471800001,0.8750049147344192,3.70840783e-06,5.19547574e-07,0.519547574,6.75772225e-07,9.93583937,10531.9897322,0.8777404189522776,6.75772225e-07,7.21274318e-07,0.721274318
365,3.70840783e-06,9.90475345,10499.038657,0.8749942625956539,3.70840783e-06,5.19644734e-07,0.519644734,6.75772225e-07,9.93533107,10531.4509342,0.8776955153021341,6.75772225e-07,7.21460557e-07,0.721460557
366,3.70840783e-06,9.90468471,10498.9657926,0.8749881900461539,3.70840783e-06,5.19742443e-07,0.5197424429999999,6.75772225e-07,9.93485472,10530.9460032,0.8776534341419021,6.75772225e-07,7.2164623e-07,0.7216462299999999
367,3.70840783e-06,9.90464595,10498.924707,0.8749847659551062,3.70840783e-06,5.19840683e-07,0.519840683,6.75772225e-07,9.93439702,10530.4608412,0.8776130005383791,6.75772225e-07,7.21831241e-07,0.721831241
368,3.70840783e-06,9.90465566,10498.9349996,0.874985623744685,3.70840783e-06,5.19939383e-07,0.519939383,6.75772225e-07,9.93396983,10530.008019800001,0.877575262213955,6.75772225e-07,7.22015487e-07,0.722015487
369,3.70840783e-06,9.90468788,10498.9691528,0.8749884700866241,3.70840783e-06,5.20038482e-07,0.520038482,6.75772225e-07,9.93355661,10529.5700066,0.8775387580110977,6.75772225e-07,7.22198864e-07,0.722198864
370,3.70840783e-06,9.90475716,10499.042589600002,0.8749945903401791,3.70840783e-06,5.20137871e-07,0.520137871,6.75772225e-07,9.93316671,10529.1567126,0.877504313916683,6.75772225e-07,7.22381283e-07,0.722381283
371,3.70840783e-06,9.90486603,10499.1579918,0.8750042080076808,3.70840783e-06,5.20237507e-07,0.520237507,6.75772225e-07,9.93280383,10528.7720598,0.8774722567918273,6.75772225e-07,7.22562655e-07,0.722562655
372,3.70840783e-06,9.90499824,10499.2981344,0.8750158875504418,3.70840783e-06,5.2033734e-07,0.5203373400000001,6.75772225e-07,9.932457,10528.404419999999,0.8774416175374906,6.75772225e-07,7.227429e-07,0.7227429
373,3.70840783e-06,9.90516968,10499.4798608,0.8750310327044466,3.70840783e-06,5.20437296e-07,0.520437296,6.75772225e-07,9.93213637,10528.0645522,0.8774132928132224,6.75772225e-07,7.22921921e-07,0.722921921
374,3.70840783e-06,9.90536831,10499.6904086,0.8750485798459535,3.70840783e-06,5.20537319e-07,0.520537319,6.75772225e-07,9.93183549,10527.745619399999,0.8773867128205897,6.75772225e-07,7.23099629e-07,0.723099629
375,3.70840783e-06,9.90559169,10499.9271914,0.8750683134233077,3.70840783e-06,5.20637298e-07,0.520637298,6.75772225e-07,9.93155404,10527.4472824,0.8773618492905231,6.75772225e-07,7.23275961e-07,0.7232759609999999
376,3.70840783e-06,9.90584556,10500.1962936,0.8750907405129437,3.70840783e-06,5.20737166e-07,0.520737166,6.75772225e-07,9.93129484,10527.1725304,0.8773389513441976,6.75772225e-07,7.23450845e-07,0.723450845
377,3.70840783e-06,9.90613051,10500.498340600001,0.8751159132359585,3.70840783e-06,5.20836886e-07,0.520836886,6.75772225e-07,9.93105821,10526.9217026,0.8773180472506831,6.75772225e-07,7.23624194e-07,0.723624194
378,3.70840783e-06,9.90644468,10500.8313608,0.8751436672783854,3.70840783e-06,5.20936418e-07,0.520936418,6.75772225e-07,9.93084238,10526.692922799999,0.8772989806466882,6.75772225e-07,7.23795919e-07,0.723795919
379,3.70840783e-06,9.90678499,10501.1920894,0.8751737305504301,3.70840783e-06,5.210357e-07,0.5210357,6.75772225e-07,9.93064609,10526.4848554,0.8772816402227523,6.75772225e-07,7.23965947e-07,0.723965947
380,3.70840783e-06,9.90714832,10501.577219199999,0.8752058274286647,3.70840783e-06,5.2113466e-07,0.52113466,6.75772225e-07,9.9304676,10526.295656,0.8772658722658093,6.75772225e-07,7.24134218e-07,0.724134218
381,3.70840783e-06,9.90753274,10501.9847044,0.8752397874152636,3.70840783e-06,5.21233217e-07,0.521233217,6.75772225e-07,9.93030512,10526.1234272,0.8772515186457516,6.75772225e-07,7.24300675e-07,0.7243006750000001
382,3.70840783e-06,9.9079448,10502.421488,0.8752761891427439,3.70840783e-06,5.21331311e-07,0.521331311,6.75772225e-07,9.93016329,10525.9730874,0.8772389892640875,6.75772225e-07,7.24465258e-07,0.724465258
383,3.70840783e-06,9.90838322,10502.8862132,0.8753149195348271,3.70840783e-06,5.21428909e-07,0.521428909,6.75772225e-07,9.93004122,10525.8436932,0.8772282054974674,6.75772225e-07,7.24627917e-07,0.724627917
384,3.70840783e-06,9.90884584,10503.3765904,0.8753557877752942,3.70840783e-06,5.21525977e-07,0.521525977,6.75772225e-07,9.92993586,10525.732011600001,0.8772188979063221,6.75772225e-07,7.24788603e-07,0.724788603
385,3.70840783e-06,9.90932807,10503.887754200001,0.8753983883796791,3.70840783e-06,5.21622464e-07,0.521622464,6.75772225e-07,9.92984552,10525.636251200001,0.8772109171946284,6.75772225e-07,7.24947268e-07,0.724947268
386,3.70840783e-06,9.9098279,10504.417574,0.8754425437828882,3.70840783e-06,5.2171831e-07,0.52171831,6.75772225e-07,9.92976762,10525.5536772,0.8772040354430126,6.75772225e-07,7.25103866e-07,0.725103866
387,3.70840783e-06,9.9103483,10504.969198,0.8754885163572238,3.70840783e-06,5.21813449e-07,0.521813449,6.75772225e-07,9.92970349,10525.4856994,0.8771983701447957,6.75772225e-07,7.25258364e-07,0.725258364
388,3.70840783e-06,9.91089025,10505.543665,0.8755363926767108,3.70840783e-06,5.21907847e-07,0.521907847,6.75772225e-07,9.92965374,10525.432964399999,0.8771939751878909,6.75772225e-07,7.25410729e-07,0.725410729
389,3.70840783e-06,9.91145214,10506.1392684,0.8755860305125936,3.70840783e-06,5.22001477e-07,0.522001477,6.75772225e-07,9.9296177,10525.394762,0.8771907913839343,6.75772225e-07,7.25560938e-07,0.725560938
390,3.70840783e-06,9.91203221,10506.754142599999,0.8756372743849893,3.70840783e-06,5.22094303e-07,0.522094303,6.75772225e-07,9.92959071,10525.3661526,0.8771884070646004,6.75772225e-07,7.25708963e-07,0.725708963
391,3.70840783e-06,9.91263087,10507.3887222,0.8756901605136437,3.70840783e-06,5.22186281e-07,0.522186281,6.75772225e-07,9.92957803,10525.3527118,0.8771872869027201,6.75772225e-07,7.25854781e-07,0.725854781
392,3.70840783e-06,9.91324643,10508.0412158,0.875744539602533,3.70840783e-06,5.22277383e-07,0.5222773829999999,6.75772225e-07,9.92957837,10525.3530722,0.8771873169386064,6.75772225e-07,7.25998378e-07,0.725998378
393,3.70840783e-06,9.91387808,10508.7107648,0.8758003400955748,3.70840783e-06,5.22367573e-07,0.5223675729999999,6.75772225e-07,9.92958965,10525.365029,0.8771883134233077,6.75772225e-07,7.26139743e-07,0.726139743
394,3.70840783e-06,9.9145246,10509.396076,0.8758574542169418,3.70840783e-06,5.22456819e-07,0.5224568190000001,6.75772225e-07,9.9296098,10525.386387999999,0.8771900934912801,6.75772225e-07,7.26278857e-07,0.7262788569999999
395,3.70840783e-06,9.91518566,10510.0967996,0.8759158528141558,3.70840783e-06,5.22545081e-07,0.5225450810000001,6.75772225e-07,9.92963841,10525.4167146,0.8771926209227785,6.75772225e-07,7.26415705e-07,0.7264157050000001
396,3.70840783e-06,9.91586076,10510.8124056,0.8759754917167959,3.70840783e-06,5.22632327e-07,0.5226323270000001,6.75772225e-07,9.92967705,10525.457673,0.8771960344129252,6.75772225e-07,7.26550278e-07,0.726550278
397,3.70840783e-06,9.91654918,10511.5421308,0.8760363073194556,3.70840783e-06,5.22718547e-07,0.5227185470000001,6.75772225e-07,9.92972561,10525.5091466,0.8772003242442274,6.75772225e-07,7.26682568e-07,0.7266825680000001
398,3.70840783e-06,9.91725092,10512.2859752,0.8760982996221346,3.70840783e-06,5.22803719e-07,0.522803719,6.75772225e-07,9.92978373,10525.5707538,0.8772054586139822,6.75772225e-07,7.2681257e-07,0.72681257
399,3.70840783e-06,9.91796526,10513.043175600002,0.8761614050194269,3.70840783e-06,5.22887812e-07,0.522887812,6.75772225e-07,9.92985074,10525.641784399999,0.877211378333825,6.75772225e-07,7.26940279e-07,0.726940279
400,3.70840783e-06,9.91869097,10513.8124282,0.8762255148520959,3.70840783e-06,5.22970802e-07,0.522970802,6.75772225e-07,9.92992632,10525.7218992,0.8772180551346864,6.75772225e-07,7.27065687e-07,0.7270656870000001
401,3.70840783e-06,9.91942709,10514.592715399998,0.8762905443129332,3.70840783e-06,5.23052667e-07,0.523052667,6.75772225e-07,9.9300106,10525.811236,0.8772255005008759,6.75772225e-07,7.27188788e-07,0.727188788
402,3.70840783e-06,9.92017237,10515.3827122,0.8763563829758864,3.70840783e-06,5.23133384e-07,0.523133384,6.75772225e-07,9.93010286,10525.9090316,0.877233650826987,6.75772225e-07,7.27309577e-07,0.727309577
403,3.70840783e-06,9.92092703,10516.1826518,0.8764230502759401,3.70840783e-06,5.23212931e-07,0.523212931,6.75772225e-07,9.93020349,10526.0156994,0.8772425405659482,6.75772225e-07,7.27428053e-07,0.727428053
404,3.70840783e-06,9.92169083,10516.992279799999,0.8764905250112925,3.70840783e-06,5.2329129e-07,0.52329129,6.75772225e-07,9.93031227,10526.1310062,0.877252150282774,6.75772225e-07,7.27544216e-07,0.727544216
405,3.70840783e-06,9.92246373,10517.8115538,0.8765588036483102,3.70840783e-06,5.23368447e-07,0.5233684470000001,6.75772225e-07,9.93042877,10526.254496200001,0.8772624419909026,6.75772225e-07,7.27658065e-07,0.727658065
406,3.70840783e-06,9.92324482,10518.6395092,0.8766278057968261,3.70840783e-06,5.23444385e-07,0.523444385,6.75772225e-07,9.93055237,10526.385512199999,0.8772733609190113,6.75772225e-07,7.277696e-07,0.7277696
407,3.70840783e-06,9.92403285,10519.474821,0.8766974210307876,3.70840783e-06,5.23519084e-07,0.523519084,6.75772225e-07,9.9306826,10526.523556,0.8772848655469049,6.75772225e-07,7.27878826e-07,0.727878826
408,3.70840783e-06,9.92482683,10520.3164398,0.876767561892761,3.70840783e-06,5.23592546e-07,0.523592546,6.75772225e-07,9.93081885,10526.667981,0.877296901986669,6.75772225e-07,7.27985747e-07,0.7279857470000001
409,3.70840783e-06,9.92562627,10521.163846200001,0.8768381850957333,3.70840783e-06,5.23664769e-07,0.5236647689999999,6.75772225e-07,9.93096096,10526.8186176,0.8773094561037689,6.75772225e-07,7.28090372e-07,0.7280903719999999
410,3.70840783e-06,9.92643123,10522.0171038,0.876909295940155,3.70840783e-06,5.2373574e-07,0.52373574,6.75772225e-07,9.93110904,10526.9755824,0.8773225376156973,6.75772225e-07,7.2819271e-07,0.72819271
411,3.70840783e-06,9.92724113,10522.8755978,0.8769808431883378,3.70840783e-06,5.23805441e-07,0.523805441,6.75772225e-07,9.93126357,10527.1393842,0.8773361889260587,6.75772225e-07,7.28292768e-07,0.728292768
412,3.70840783e-06,9.92805553,10523.7388618,0.8770527879703108,3.70840783e-06,5.2387386e-07,0.52387386,6.75772225e-07,9.93142494,10527.3104364,0.8773504444877814,6.75772225e-07,7.28390551e-07,0.728390551
413,3.70840783e-06,9.92887194,10524.6042564,0.877124910317377,3.70840783e-06,5.23940994e-07,0.523940994,6.75772225e-07,9.93159219,10527.4877214,0.8773652194936571,6.75772225e-07,7.28486064e-07,0.728486064
414,3.70840783e-06,9.92969246,10525.4740076,0.8771973957453051,3.70840783e-06,5.24006842e-07,0.524006842,6.75772225e-07,9.93176636,10527.672341599999,0.8773806058181611,6.75772225e-07,7.28579313e-07,0.728579313
415,3.70840783e-06,9.93051646,10526.3474476,0.8772701885993642,3.70840783e-06,5.24071401e-07,0.524071401,6.75772225e-07,9.93194684,10527.8636504,0.8773965495733805,6.75772225e-07,7.286703e-07,0.7286703
416,3.70840783e-06,9.93134264,10527.223198400001,0.8773431740364599,3.70840783e-06,5.24134663e-07,0.524134663,6.75772225e-07,9.93213262,10528.060577200002,0.877412961535064,6.75772225e-07,7.28759031e-07,0.728759031
417,3.70840783e-06,9.93216993,10528.100125800001,0.8774162575318903,3.70840783e-06,5.24196624e-07,0.524196624,6.75772225e-07,9.93232305,10528.262433000002,0.8774297842816641,6.75772225e-07,7.28845518e-07,0.728845518
418,3.70840783e-06,9.93299755,10528.977402999999,0.8774893701797986,3.70840783e-06,5.24257284e-07,0.5242572839999999,6.75772225e-07,9.93251785,10528.468921,0.877446993077745,6.75772225e-07,7.28929776e-07,0.7289297760000001
419,3.70840783e-06,9.93383176,10529.8616656,0.8775630649938578,3.70840783e-06,5.24316648e-07,0.524316648,6.75772225e-07,9.93271668,10528.6796808,0.8774645578874205,6.75772225e-07,7.29011804e-07,0.729011804
420,3.70840783e-06,9.93465894,10530.7384764,0.8776361387717956,3.70840783e-06,5.2437472e-07,0.52437472,6.75772225e-07,9.93292126,10528.8965356,0.8774826306569393,6.75772225e-07,7.29091603e-07,0.729091603
421,3.70840783e-06,9.93548659,10531.6157854,0.8777092540699293,3.70840783e-06,5.24431474e-07,0.524431474,6.75772225e-07,9.93313135,10529.119231,0.8775011901844991,6.75772225e-07,7.29169218e-07,0.729169218
422,3.70840783e-06,9.9363206,10532.499836,0.8777829312158201,3.70840783e-06,5.24486934e-07,0.5244869339999999,6.75772225e-07,9.93334545,10529.346177,0.8775201039588365,6.75772225e-07,7.29244643e-07,0.729244643
423,3.70840783e-06,9.9371504,10533.379424,0.8778562364467647,3.70840783e-06,5.24541129e-07,0.524541129,6.75772225e-07,9.93356298,10529.5767588,0.8775393207422632,6.75772225e-07,7.29317873e-07,0.729317873
424,3.70840783e-06,9.93797055,10534.248783,0.877928689188581,3.70840783e-06,5.24594028e-07,0.524594028,6.75772225e-07,9.9337834,10529.810404,0.8775587928307239,6.75772225e-07,7.2938896e-07,0.7293889600000001
425,3.70840783e-06,9.93879528,10535.1229968,0.8780015465314552,3.70840783e-06,5.24645611e-07,0.524645611,6.75772225e-07,9.93400889,10530.0494234,0.8775787128072553,6.75772225e-07,7.29457946e-07,0.729457946
426,3.70840783e-06,9.93962182,10535.9991292,0.8780745637712539,3.70840783e-06,5.24695922e-07,0.5246959219999999,6.75772225e-07,9.93423542,10530.289545200001,0.8775987246582627,6.75772225e-07,7.29524815e-07,0.729524815
427,3.70840783e-06,9.94044597,10536.8727282,0.8781473698764395,3.70840783e-06,5.24744985e-07,0.524744985,6.75772225e-07,9.93446342,10530.5312252,0.8776188663703082,6.75772225e-07,7.29589566e-07,0.729589566
428,3.70840783e-06,9.94126475,10537.740635,0.8782197015913019,3.70840783e-06,5.24792809e-07,0.524792809,6.75772225e-07,9.93469363,10530.7752478,0.8776392033156152,6.75772225e-07,7.29652226e-07,0.729652226
429,3.70840783e-06,9.94207861,10538.6033266,0.8782915986692202,3.70840783e-06,5.24839389e-07,0.5248393889999999,6.75772225e-07,9.93492589,10531.0214434,0.877659721359649,6.75772225e-07,7.29712837e-07,0.729712837
430,3.70840783e-06,9.94288938,10539.4627428,0.8783632227739359,3.70840783e-06,5.24884729e-07,0.524884729,6.75772225e-07,9.93515911,10531.268656600001,0.8776803242108914,6.75772225e-07,7.29771437e-07,0.729771437
431,3.70840783e-06,9.94369809,10540.3199754,0.8784346648965162,3.70840783e-06,5.24928841e-07,0.5249288409999999,6.75772225e-07,9.93539348,10531.5170888,0.8777010286541023,6.75772225e-07,7.29828052e-07,0.729828052
432,3.70840783e-06,9.94450444,10541.1747064,0.8785058985347087,3.70840783e-06,5.24971746e-07,0.524971746,6.75772225e-07,9.93562947,10531.7672382,0.8777218762094778,6.75772225e-07,7.29882695e-07,0.729882695
433,3.70840783e-06,9.94530657,10542.0249642,0.8785767593745468,3.70840783e-06,5.25013463e-07,0.525013463,6.75772225e-07,9.93586665,10532.018649,0.8777428288904557,6.75772225e-07,7.29935384e-07,0.729935384
434,3.70840783e-06,9.94610604,10542.8724024,0.8786473852277444,3.70840783e-06,5.25054002e-07,0.525054002,6.75772225e-07,9.93610268,10532.2688408,0.8777636799794649,6.75772225e-07,7.29986139e-07,0.729986139
435,3.70840783e-06,9.94689656,10543.710353600001,0.8787172204304033,3.70840783e-06,5.25093373e-07,0.5250933729999999,6.75772225e-07,9.93634057,10532.5210042,0.8777846953824409,6.75772225e-07,7.30034989e-07,0.730034989
436,3.70840783e-06,9.94768019,10544.541001399999,0.8787864469646586,3.70840783e-06,5.25131581e-07,0.5251315809999999,6.75772225e-07,9.93657998,10532.7747788,0.8778058450634971,6.75772225e-07,7.30081986e-07,0.730081986
437,3.70840783e-06,9.94846045,10545.368077000001,0.8788553757902756,3.70840783e-06,5.25168648e-07,0.525168648,6.75772225e-07,9.9368199,10533.029094,0.8778270397983828,6.75772225e-07,7.3012716e-07,0.73012716
438,3.70840783e-06,9.94923765,10546.191909000001,0.878924034292915,3.70840783e-06,5.25204597e-07,0.525204597,6.75772225e-07,9.93705896,10533.2824976,0.8778481585601442,6.75772225e-07,7.30170526e-07,0.730170526
439,3.70840783e-06,9.9500107,10547.011342,0.8789923261810587,3.70840783e-06,5.25239446e-07,0.525239446,6.75772225e-07,9.93729766,10533.5355196,0.8778692455192025,6.75772225e-07,7.302121e-07,0.7302120999999999
440,3.70840783e-06,9.95077587,10547.822422199999,0.8790599219433651,3.70840783e-06,5.25273207e-07,0.525273207,6.75772225e-07,9.93753678,10533.7889868,0.8778903695814144,6.75772225e-07,7.30251905e-07,0.730251905
441,3.70840783e-06,9.9515321,10548.624026,0.8791267279385414,3.70840783e-06,5.25305887e-07,0.525305887,6.75772225e-07,9.93777691,10534.0435246,0.8779115828678771,6.75772225e-07,7.30289975e-07,0.7302899749999999
442,3.70840783e-06,9.95228198,10549.4188988,0.8791929729693692,3.70840783e-06,5.25337499e-07,0.525337499,6.75772225e-07,9.93801915,10534.300299,0.8779329825535171,6.75772225e-07,7.30326342e-07,0.730326342
443,3.70840783e-06,9.95302662,10550.2082172,0.8792587550941829,3.70840783e-06,5.25368067e-07,0.5253680669999999,6.75772225e-07,9.93826079,10534.556437399999,0.8779543292346516,6.75772225e-07,7.30361028e-07,0.730361028
444,3.70840783e-06,9.95376455,10550.990423000001,0.8793239444519452,3.70840783e-06,5.25397598e-07,0.525397598,6.75772225e-07,9.93850388,10534.8141128,0.8779758040100076,6.75772225e-07,7.30394039e-07,0.730394039
445,3.70840783e-06,9.95449461,10551.764286599999,0.8793884385672781,3.70840783e-06,5.25426092e-07,0.525426092,6.75772225e-07,9.93875041,10535.075434600001,0.8779975826778611,6.75772225e-07,7.30425382e-07,0.730425382
446,3.70840783e-06,9.95521621,10552.5291826,0.8794521853190854,3.70840783e-06,5.25453553e-07,0.525453553,6.75772225e-07,9.93900323,10535.3434238,0.8780199170096126,6.75772225e-07,7.3045506e-07,0.7304550599999999
447,3.70840783e-06,9.955929,10553.28474,0.879515153788072,3.70840783e-06,5.25480004e-07,0.525480004,6.75772225e-07,9.93926221,10535.617942600002,0.8780427955209528,6.75772225e-07,7.30483078e-07,0.730483078
448,3.70840783e-06,9.95663548,10554.033608799999,0.8795775648263435,3.70840783e-06,5.25505462e-07,0.525505462,6.75772225e-07,9.93952744,10535.8990864,0.8780662261625573,6.75772225e-07,7.30509431e-07,0.7305094310000001
449,3.70840783e-06,9.95732964,10554.7694184,0.879638887505438,3.70840783e-06,5.25529923e-07,0.525529923,6.75772225e-07,9.93979791,10536.185784599998,0.8780901197101753,6.75772225e-07,7.30534106e-07,0.730534106
450,3.70840783e-06,9.95800639,10555.4867734,0.8796986721704678,3.70840783e-06,5.25553334e-07,0.525553334,6.75772225e-07,9.94007316,10536.4775496,0.8781144355270198,6.75772225e-07,7.3055711e-07,0.73055711
451,3.70840783e-06,9.95867442,10556.194885199999,0.8797576865033527,3.70840783e-06,5.2557567e-07,0.52557567,6.75772225e-07,9.94035703,10536.778451799999,0.8781395128419248,6.75772225e-07,7.30578445e-07,0.730578445
452,3.70840783e-06,9.95933695,10556.897167000001,0.8798162149616052,3.70840783e-06,5.25596969e-07,0.525596969,6.75772225e-07,9.94065174,10537.0908444,0.8781655477715606,6.75772225e-07,7.30598079e-07,0.730598079
453,3.70840783e-06,9.95999514,10557.5948484,0.8798743600206018,3.70840783e-06,5.25617263e-07,0.525617263,6.75772225e-07,9.94095771,10537.4151726,0.8781925774190806,6.75772225e-07,7.3061597e-07,0.73061597
454,3.70840783e-06,9.96063618,10558.2743508,0.879930990034153,3.70840783e-06,5.25636547e-07,0.525636547,6.75772225e-07,9.94127125,10537.747524999999,0.8782202758067769,6.75772225e-07,7.3063209e-07,0.73063209
455,3.70840783e-06,9.9612672,10558.943232,0.8799867348724641,3.70840783e-06,5.2565478e-07,0.52565478,6.75772225e-07,9.94159256,10538.0881136,0.878248660602818,6.75772225e-07,7.30646434e-07,0.7306464340000001
456,3.70840783e-06,9.96187987,10559.5926622,0.8800408586563192,3.70840783e-06,5.25671947e-07,0.525671947,6.75772225e-07,9.94192018,10538.435390800001,0.878277602829574,6.75772225e-07,7.30658993e-07,0.7306589929999999
457,3.70840783e-06,9.96248562,10560.2347572,0.8800943711215453,3.70840783e-06,5.25688031e-07,0.525688031,6.75772225e-07,9.94225442,10538.7896852,0.8783071298727059,6.75772225e-07,7.30669773e-07,0.730669773
458,3.70840783e-06,9.96308045,10560.865276999999,0.8801469189047735,3.70840783e-06,5.25703055e-07,0.5257030549999999,6.75772225e-07,9.94259534,10539.151060400001,0.8783372470326646,6.75772225e-07,7.30678753e-07,0.730678753
459,3.70840783e-06,9.96366453,10561.4844018,0.8801985170239471,3.70840783e-06,5.25717026e-07,0.525717026,6.75772225e-07,9.94294126,10539.5177356,0.8783678058968346,6.75772225e-07,7.30685935e-07,0.730685935
460,3.70840783e-06,9.96423725,10562.091485,0.880249111591152,3.70840783e-06,5.2572995e-07,0.52572995,6.75772225e-07,9.94328835,10539.885650999999,0.87839846811979,6.75772225e-07,7.30691331e-07,0.730691331
461,3.70840783e-06,9.96479924,10562.6871944,0.8802987582611188,3.70840783e-06,5.25741831e-07,0.525741831,6.75772225e-07,9.94363519,10540.2533014,0.8784291082575353,6.75772225e-07,7.30694967e-07,0.730694967
462,3.70840783e-06,9.96535132,10563.2723992,0.8803475294733385,3.70840783e-06,5.25752676e-07,0.525752676,6.75772225e-07,9.9439814,10540.620284,0.8784596927405497,6.75772225e-07,7.30696874e-07,0.730696874
463,3.70840783e-06,9.96589253,10563.8460818,0.8803953404206025,3.70840783e-06,5.25762499e-07,0.525762499,6.75772225e-07,9.94432706,10540.9866836,0.8784902286361008,6.75772225e-07,7.3069708e-07,0.73069708
464,3.70840783e-06,9.96642336,10564.4087616,0.8804422343899232,3.70840783e-06,5.25771317e-07,0.525771317,6.75772225e-07,9.94467148,10541.351768800001,0.8785206549890076,6.75772225e-07,7.30695615e-07,0.730695615
465,3.70840783e-06,9.96694333,10564.9599298,0.8804881689776964,3.70840783e-06,5.25779147e-07,0.525779147,6.75772225e-07,9.94501321,10541.714002600002,0.8785508437050484,6.75772225e-07,7.30692513e-07,0.730692513
466,3.70840783e-06,9.96745227,10565.4994062,0.8805331291659791,3.70840783e-06,5.25786011e-07,0.525786011,6.75772225e-07,9.9453512,10542.072272,0.8785807020263389,6.75772225e-07,7.30687817e-07,0.730687817
467,3.70840783e-06,9.9679498,10566.026788,0.880577081385251,3.70840783e-06,5.25791924e-07,0.5257919240000001,6.75772225e-07,9.94568471,10542.425792600001,0.8786101645806561,6.75772225e-07,7.30681573e-07,0.730681573
468,3.70840783e-06,9.96843694,10566.543156400001,0.8806201157431716,3.70840783e-06,5.25796902e-07,0.525796902,6.75772225e-07,9.94601447,10542.7753382,0.8786392958568144,6.75772225e-07,7.3067383e-07,0.73067383
469,3.70840783e-06,9.96891403,10567.0488718,0.8806622622756267,3.70840783e-06,5.25800958e-07,0.525800958,6.75772225e-07,9.94634021,10543.120622600001,0.8786680720027871,6.75772225e-07,7.3066463e-07,0.7306646299999999
470,3.70840783e-06,9.96938029,10567.5431074,0.8807034520767599,3.70840783e-06,5.25804111e-07,0.525804111,6.75772225e-07,9.94666132,10543.4609992,0.8786964391306595,6.75772225e-07,7.30654018e-07,0.730654018
471,3.70840783e-06,9.96983589,10568.026043400001,0.8807437001645141,3.70840783e-06,5.25806384e-07,0.525806384,6.75772225e-07,9.94697724,10543.7958744,0.8787243477695605,6.75772225e-07,7.30642039e-07,0.730642039
472,3.70840783e-06,9.97028002,10568.4968212,0.8807829349828069,3.70840783e-06,5.258078e-07,0.5258078,6.75772225e-07,9.94728725,10544.124485,0.8787517343140834,6.75772225e-07,7.30628742e-07,0.730628742
473,3.70840783e-06,9.97071349,10568.956299399999,0.8808212280877207,3.70840783e-06,5.2580838e-07,0.5258083800000001,6.75772225e-07,9.94759114,10544.4466084,0.8787785802126514,6.75772225e-07,7.30614178e-07,0.7306141780000001
474,3.70840783e-06,9.97113349,10569.401499399999,0.8808583312414888,3.70840783e-06,5.25808138e-07,0.525808138,6.75772225e-07,9.94788763,10544.760887800001,0.8788047723889865,6.75772225e-07,7.30598401e-07,0.730598401
475,3.70840783e-06,9.97154381,10569.8364386,0.8808945792559034,3.70840783e-06,5.25807085e-07,0.525807085,6.75772225e-07,9.94817902,10545.0697612,0.8788305140270257,6.75772225e-07,7.30581463e-07,0.730581463
476,3.70840783e-06,9.97194533,10570.2620498,0.8809300498709057,3.70840783e-06,5.2580525e-07,0.52580525,6.75772225e-07,9.94846484,10545.3727304,0.8788557636065732,6.75772225e-07,7.3056341e-07,0.73056341
477,3.70840783e-06,9.97233709,10570.6773154,0.8809646582792872,3.70840783e-06,5.2580266e-07,0.52580266,6.75772225e-07,9.94874447,10545.669138199999,0.8788804663563069,6.75772225e-07,7.30544286e-07,0.730544286
478,3.70840783e-06,9.97271812,10571.081207199999,0.8809983187904304,3.70840783e-06,5.25799341e-07,0.5257993409999999,6.75772225e-07,9.94901743,10545.9584758,0.8789045798726225,6.75772225e-07,7.30524139e-07,0.730524139
479,3.70840783e-06,9.97308737,10571.4726122,0.8810309386464515,3.70840783e-06,5.2579531e-07,0.52579531,6.75772225e-07,9.94928367,10546.2406902,0.8789280997384779,6.75772225e-07,7.30503018e-07,0.730503018
480,3.70840783e-06,9.97344477,10571.8514562,0.8810625116634915,3.70840783e-06,5.25790587e-07,0.5257905869999999,6.75772225e-07,9.949544,10546.51664,0.878951097509955,6.75772225e-07,7.30480969e-07,0.730480969
481,3.70840783e-06,9.97379115,10572.218619000001,0.8810931111644491,3.70840783e-06,5.25785189e-07,0.5257851889999999,6.75772225e-07,9.94980017,10546.7881802,0.8789737277835282,6.75772225e-07,7.30458032e-07,0.730458032
482,3.70840783e-06,9.97412705,10572.574673,0.8811227848533791,3.70840783e-06,5.25779131e-07,0.5257791310000001,6.75772225e-07,9.95005265,10547.055809,0.8789960320793934,6.75772225e-07,7.30434242e-07,0.7304342420000001
483,3.70840783e-06,9.9744527,10572.919862,0.8811515530486759,3.70840783e-06,5.25772427e-07,0.525772427,6.75772225e-07,9.95030071,10547.3187526,0.8790179459087356,6.75772225e-07,7.30409629e-07,0.7304096290000001
484,3.70840783e-06,9.97476797,10573.2540482,0.8811794042660294,3.70840783e-06,5.25765096e-07,0.525765096,6.75772225e-07,9.95054339,10547.5759934,0.8790393844643462,6.75772225e-07,7.30384227e-07,0.7303842269999999
485,3.70840783e-06,9.97507069,10573.5749314,0.8812061468058119,3.70840783e-06,5.25757152e-07,0.5257571520000001,6.75772225e-07,9.95077915,10547.825899000001,0.8790602117013281,6.75772225e-07,7.30358078e-07,0.730358078
486,3.70840783e-06,9.97536415,10573.885999,0.8812320713093946,3.70840783e-06,5.25748611e-07,0.525748611,6.75772225e-07,9.95101154,10548.0722324,0.8790807412296712,6.75772225e-07,7.30331222e-07,0.730331222
487,3.70840783e-06,9.97564842,10574.1873252,0.8812571839606367,3.70840783e-06,5.25739503e-07,0.525739503,6.75772225e-07,9.95124039,10548.3148134,0.8791009580314327,6.75772225e-07,7.30303685e-07,0.7303036850000001
488,3.70840783e-06,9.97592272,10574.4780832,0.8812814158536809,3.70840783e-06,5.25729856e-07,0.525729856,6.75772225e-07,9.95146432,10548.5521792,0.8791207401962501,6.75772225e-07,7.30275493e-07,0.7302754929999999
489,3.70840783e-06,9.97618608,10574.7572448,0.8813046812979103,3.70840783e-06,5.25719689e-07,0.525719689,6.75772225e-07,9.95168228,10548.7832168,0.8791399949662388,6.75772225e-07,7.3024668e-07,0.73024668
490,3.70840783e-06,9.97643819,10575.0244814,0.8813269529076638,3.70840783e-06,5.25709011e-07,0.525709011,6.75772225e-07,9.9518941,10549.007746000001,0.8791587073234559,6.75772225e-07,7.30217286e-07,0.730217286
491,3.70840783e-06,9.97667931,10575.2800686,0.8813482536515603,3.70840783e-06,5.25697832e-07,0.525697832,6.75772225e-07,9.95210087,10549.226922200001,0.8791769735594194,6.75772225e-07,7.30187349e-07,0.7301873489999999
492,3.70840783e-06,9.97691006,10575.5246636,0.8813686383009223,3.70840783e-06,5.25686165e-07,0.525686165,6.75772225e-07,9.9523037,10549.441922,0.8791948917324639,6.75772225e-07,7.30156902e-07,0.7301569019999999
493,3.70840783e-06,9.97713146,10575.7593476,0.8813881969634086,3.70840783e-06,5.2567403e-07,0.52567403,6.75772225e-07,9.95250292,10549.653095200001,0.879212490995068,6.75772225e-07,7.30125971e-07,0.730125971
494,3.70840783e-06,9.97734381,10575.9844386,0.8814069561412721,3.70840783e-06,5.25661454e-07,0.5256614540000001,6.75772225e-07,9.95269796,10549.8598376,0.8792297209929512,6.75772225e-07,7.30094578e-07,0.730094578
495,3.70840783e-06,9.97754661,10576.199406599999,0.8814248716640913,3.70840783e-06,5.25648465e-07,0.5256484650000001,6.75772225e-07,9.95288861,10550.061926600001,0.8792465631745366,6.75772225e-07,7.3006275e-07,0.73006275
496,3.70840783e-06,9.97773938,10576.4037428,0.8814419011282625,3.70840783e-06,5.25635079e-07,0.525635079,6.75772225e-07,9.95307517,10550.2596802,0.879263044042077,6.75772225e-07,7.30030512e-07,0.730030512
497,3.70840783e-06,9.97792212,10576.5974472,0.8814580445337854,3.70840783e-06,5.25621301e-07,0.5256213009999999,6.75772225e-07,9.95325814,10550.4536284,0.8792792077659936,6.75772225e-07,7.29997889e-07,0.729997889
498,3.70840783e-06,9.97809485,10576.780541,0.8814733036474768,3.70840783e-06,5.25607135e-07,0.525607135,6.75772225e-07,9.95343846,10550.644767599999,0.8792951373866779,6.75772225e-07,7.29964902e-07,0.729964902
499,3.70840783e-06,9.97825772,10576.9531832,0.8814876917204629,3.70840783e-06,5.25592589e-07,0.525592589,6.75772225e-07,9.95361709,10550.834115399999,0.8793109177113387,6.75772225e-07,7.29931567e-07,0.7299315670000001
500,3.70840783e-06,9.97841083,10577.115479799999,0.8815012175868282,3.70840783e-06,5.25577681e-07,0.525577681,6.75772225e-07,9.95379461,10551.022286599999,0.8793265999776647,6.75772225e-07,7.29897894e-07,0.7298978939999999
501,3.70840783e-06,9.97855436,10577.2676216,0.8815138971479243,3.70840783e-06,5.25562438e-07,0.525562438,6.75772225e-07,9.95397154,10551.2098324,0.8793422301228938,6.75772225e-07,7.29863891e-07,0.7298638909999999
502,3.70840783e-06,9.97868839,10577.4096934,0.8815257374710185,3.70840783e-06,5.25546881e-07,0.525546881,6.75772225e-07,9.95414804,10551.3969224,0.8793578222815606,6.75772225e-07,7.29829561e-07,0.729829561
503,3.70840783e-06,9.97881268,10577.541440800002,0.8815367173543086,3.70840783e-06,5.25531019e-07,0.525531019,6.75772225e-07,9.95432445,10551.583917,0.8793734064895516,6.75772225e-07,7.2979491e-07,0.7297949100000001
504,3.70840783e-06,9.97892709,10577.662715400002,0.8815468244300767,3.70840783e-06,5.2551485e-07,0.52551485,6.75772225e-07,9.95450151,10551.771600600001,0.8793890481190902,6.75772225e-07,7.2975994e-07,0.72975994
505,3.70840783e-06,9.97903177,10577.7736762,0.8815560719494491,3.70840783e-06,5.25498367e-07,0.525498367,6.75772225e-07,9.95467988,10551.9606728,0.8794048054751321,6.75772225e-07,7.29724649e-07,0.729724649
506,3.70840783e-06,9.979127,10577.87462,0.8815644846478619,3.70840783e-06,5.25481574e-07,0.525481574,6.75772225e-07,9.95485984,10552.1514304,0.8794207032931132,6.75772225e-07,7.29689034e-07,0.729689034
507,3.70840783e-06,9.9792132,10577.965992,0.8815720996284684,3.70840783e-06,5.25464486e-07,0.5254644860000001,6.75772225e-07,9.955041,10552.34346,0.8794367071201052,6.75772225e-07,7.2965309e-07,0.72965309
508,3.70840783e-06,9.97929065,10578.048089,0.8815789416267049,3.70840783e-06,5.25447124e-07,0.525447124,6.75772225e-07,9.95522267,10552.536030199999,0.8794527560009266,6.75772225e-07,7.29616815e-07,0.729616815
509,3.70840783e-06,9.97935958,10578.121154800001,0.8815850309609652,3.70840783e-06,5.25429507e-07,0.525429507,6.75772225e-07,9.95540458,10552.7288548,0.8794688260835505,6.75772225e-07,7.2958021e-07,0.72958021
510,3.70840783e-06,9.97942007,10578.1852742,0.881590374698516,3.70840783e-06,5.25411643e-07,0.525411643,6.75772225e-07,9.95558651,10552.9217006,0.879484897932991,6.75772225e-07,7.29543277e-07,0.729543277
511,3.70840783e-06,9.97947231,10578.2406486,0.8815949896241181,3.70840783e-06,5.25393542e-07,0.525393542,6.75772225e-07,9.95576858,10553.1146948,0.8795009821501495,6.75772225e-07,7.29506021e-07,0.729506021
512,3.70840783e-06,9.97951584,10578.2867904,0.8815988351009836,3.70840783e-06,5.2537521e-07,0.5253752100000001,6.75772225e-07,9.95595071,10553.3077526,0.8795170716677584,6.75772225e-07,7.29468444e-07,0.729468444
513,3.70840783e-06,9.97955077,10578.3238162,0.8816019208466053,3.70840783e-06,5.25356648e-07,0.5253566479999999,6.75772225e-07,9.95613233,10553.5002698,0.879533116131538,6.75772225e-07,7.29430553e-07,0.729430553
514,3.70840783e-06,9.97957752,10578.3521712,0.881604283964137,3.70840783e-06,5.25337865e-07,0.525337865,6.75772225e-07,9.95631258,10553.6913348,0.8795490395683633,6.75772225e-07,7.29392355e-07,0.729392355
515,3.70840783e-06,9.97959638,10578.3721628,0.8816059500724229,3.70840783e-06,5.25318866e-07,0.525318866,6.75772225e-07,9.95649097,10553.8804282,0.8795647986912222,6.75772225e-07,7.29353862e-07,0.729353862
516,3.70840783e-06,9.97960903,10578.385571800001,0.8816070675840781,3.70840783e-06,5.25299675e-07,0.525299675,6.75772225e-07,9.95666914,10554.0692884,0.8795805383790956,6.75772225e-07,7.29315084e-07,0.729315084
517,3.70840783e-06,9.97961683,10578.3938398,0.8816077566426479,3.70840783e-06,5.25280329e-07,0.525280329,6.75772225e-07,9.95684762,10554.2584772,0.8795963054526301,6.75772225e-07,7.29276025e-07,0.729276025
518,3.70840783e-06,9.97961016,10578.3867696,0.8816071674092298,3.70840783e-06,5.25260855e-07,0.525260855,6.75772225e-07,9.95702244,10554.4437864,0.8796117491986819,6.75772225e-07,7.29236693e-07,0.7292366929999999
519,3.70840783e-06,9.97959253,10578.3680818,0.8816056099601799,3.70840783e-06,5.25241204e-07,0.5252412040000001,6.75772225e-07,9.95719361,10554.6252266,0.8796268705006592,6.75772225e-07,7.29197111e-07,0.7291971110000001
520,3.70840783e-06,9.97955952,10578.3330912,0.8816026938289755,3.70840783e-06,5.25221322e-07,0.525221322,6.75772225e-07,9.95735904,10554.8005824,0.8796414847262017,6.75772225e-07,7.29157308e-07,0.729157308
521,3.70840783e-06,9.9795364,10578.308584,0.8816006513887015,3.70840783e-06,5.25201235e-07,0.525201235,6.75772225e-07,9.95753194,10554.9838564,0.8796567588578363,6.75772225e-07,7.29117295e-07,0.729117295
522,3.70840783e-06,9.97951054,10578.2811724,0.8815983668945194,3.70840783e-06,5.25181023e-07,0.5251810229999999,6.75772225e-07,9.95770506,10555.1673636,0.8796720524244561,6.75772225e-07,7.29077044e-07,0.729077044
523,3.70840783e-06,9.97947949,10578.2482594,0.8815956239113658,3.70840783e-06,5.25160742e-07,0.525160742,6.75772225e-07,9.95787781,10555.3504786,0.8796873133049642,6.75772225e-07,7.29036555e-07,0.729036555
524,3.70840783e-06,9.97943775,10578.204015000001,0.8815919365646081,3.70840783e-06,5.25140411e-07,0.525140411,6.75772225e-07,9.95804729,10555.5301274,0.8797022853109181,6.75772225e-07,7.28995836e-07,0.728995836
525,3.70840783e-06,9.97938112,10578.1439872,0.8815869338227083,3.70840783e-06,5.25119995e-07,0.525119995,6.75772225e-07,9.95821035,10555.702971,0.8797166901686644,6.75772225e-07,7.28954914e-07,0.728954914
526,3.70840783e-06,9.97931429,10578.0731474,0.8815810300042171,3.70840783e-06,5.25099448e-07,0.525099448,6.75772225e-07,9.9583692,10555.871352,0.8797307231114645,6.75772225e-07,7.28913825e-07,0.728913825
527,3.70840783e-06,9.97924232,10577.9968592,0.8815746721137964,3.70840783e-06,5.25078763e-07,0.525078763,6.75772225e-07,9.95852617,10556.037740200001,0.8797445899734813,6.75772225e-07,7.28872591e-07,0.728872591
528,3.70840783e-06,9.97916651,10577.9165006,0.8815679749945412,3.70840783e-06,5.25057965e-07,0.525057965,6.75772225e-07,9.95868162,10556.2025172,0.8797583225574174,6.75772225e-07,7.2883122e-07,0.72883122
529,3.70840783e-06,9.97908764,10577.8328984,0.8815610075523086,3.70840783e-06,5.25037116e-07,0.525037116,6.75772225e-07,9.95883662,10556.3668172,0.8797720153879747,6.75772225e-07,7.28789717e-07,0.728789717
530,3.70840783e-06,9.97900499,10577.7452894,0.8815537061816922,3.70840783e-06,5.25016255e-07,0.525016255,6.75772225e-07,9.95898931,10556.5286686,0.8797855041511862,6.75772225e-07,7.28748091e-07,0.7287480909999999
531,3.70840783e-06,9.9789168,10577.651808,0.8815459154028094,3.70840783e-06,5.24995349e-07,0.524995349,6.75772225e-07,9.95913816,10556.6864496,0.8797986536855633,6.75772225e-07,7.28706354e-07,0.728706354
532,3.70840783e-06,9.97882167,10577.5509702,0.8815375115384808,3.70840783e-06,5.24974378e-07,0.524974378,6.75772225e-07,9.95928265,10556.839609,0.879811418053868,6.75772225e-07,7.28664531e-07,0.728664531
533,3.70840783e-06,9.97871909,10577.4422354,0.8815284495348772,3.70840783e-06,5.2495335e-07,0.52495335,6.75772225e-07,9.95942281,10556.988178599999,0.8798237999063253,6.75772225e-07,7.28622645e-07,0.728622645
534,3.70840783e-06,9.97860988,10577.326472800001,0.8815188018314891,3.70840783e-06,5.24932293e-07,0.524932293,6.75772225e-07,9.95955847,10557.1319782,0.8798357842249924,6.75772225e-07,7.2858072e-07,0.7285807200000001
535,3.70840783e-06,9.97849542,10577.2051452,0.8815086903386787,3.70840783e-06,5.24911241e-07,0.524911241,6.75772225e-07,9.95968982,10557.2712092,0.8798473877946292,6.75772225e-07,7.28538778e-07,0.728538778
536,3.70840783e-06,9.97837681,10577.0794186,0.881498212231373,3.70840783e-06,5.24890215e-07,0.524890215,6.75772225e-07,9.95981739,10557.4064334,0.8798586574358821,6.75772225e-07,7.28496838e-07,0.728496838
537,3.70840783e-06,9.97825435,10576.949611,0.8814873940118244,3.70840783e-06,5.24869222e-07,0.524869222,6.75772225e-07,9.95994096,10557.5374176,0.8798695737137657,6.75772225e-07,7.28454919e-07,0.728454919
538,3.70840783e-06,9.97812758,10576.8152348,0.8814761950432454,3.70840783e-06,5.24848268e-07,0.5248482680000001,6.75772225e-07,9.9600599,10557.663493999999,0.8798800809735493,6.75772225e-07,7.28413044e-07,0.728413044
539,3.70840783e-06,9.97799745,10576.677297,0.8814646992494363,3.70840783e-06,5.2482734e-07,0.52482734,6.75772225e-07,9.96017418,10557.784630799999,0.879890176565008,6.75772225e-07,7.28371237e-07,0.7283712370000001
540,3.70840783e-06,9.97786333,10576.5351298,0.8814528509756664,3.70840783e-06,5.2480643e-07,0.5248064299999999,6.75772225e-07,9.96028382,10557.900849200001,0.8798998622549584,6.75772225e-07,7.28329516e-07,0.728329516
541,3.70840783e-06,9.97772446,10576.387927599999,0.8814405830828953,3.70840783e-06,5.24785554e-07,0.524785554,6.75772225e-07,9.96038869,10558.0120114,0.8799091265590909,6.75772225e-07,7.28287903e-07,0.728287903
542,3.70840783e-06,9.97758061,10576.2354466,0.8814278752527298,3.70840783e-06,5.24764747e-07,0.524764747,6.75772225e-07,9.96048834,10558.1176404,0.8799179297240266,6.75772225e-07,7.28246421e-07,0.728246421
543,3.70840783e-06,9.97743267,10576.078630200001,0.8814148061085194,3.70840783e-06,5.24744039e-07,0.524744039,6.75772225e-07,9.96058278,10558.217746799999,0.8799262726331738,6.75772225e-07,7.28205096e-07,0.728205096
544,3.70840783e-06,9.97728123,10575.918103799999,0.8814014277713605,3.70840783e-06,5.24723457e-07,0.524723457,6.75772225e-07,9.96067237,10558.312712199999,0.8799341870892359,6.75772225e-07,7.2816395e-07,0.72816395
545,3.70840783e-06,9.9771265,10575.75409,0.8813877587928308,3.70840783e-06,5.24703014e-07,0.524703014,6.75772225e-07,9.96075687,10558.4022822,0.8799416518904107,6.75772225e-07,7.28123003e-07,0.728123003
546,3.70840783e-06,9.97696902,10575.587161200001,0.8813738468769846,3.70840783e-06,5.24682689e-07,0.524682689,6.75772225e-07,9.96083654,10558.4867324,0.8799486900053172,6.75772225e-07,7.28082279e-07,0.728082279
547,3.70840783e-06,9.97680847,10575.4169782,0.8813596637547526,3.70840783e-06,5.24662455e-07,0.524662455,6.75772225e-07,9.96091104,10558.5657024,0.8799552713980688,6.75772225e-07,7.28041799e-07,0.728041799
548,3.70840783e-06,9.97664477,10575.2434562,0.8813452023588672,3.70840783e-06,5.24642315e-07,0.524642315,6.75772225e-07,9.96098092,10558.639775200001,0.8799614446561292,6.75772225e-07,7.2800158e-07,0.7280015799999999
549,3.70840783e-06,9.97647654,10575.065132400001,0.8813303407789663,3.70840783e-06,5.24622294e-07,0.524622294,6.75772225e-07,9.96104497,10558.707668199999,0.8799671028870787,6.75772225e-07,7.27961646e-07,0.7279616459999999
550,3.70840783e-06,9.97630478,10574.8830668,0.8813151673558919,3.70840783e-06,5.24602428e-07,0.524602428,6.75772225e-07,9.96110364,10558.769858399999,0.8799722858442968,6.75772225e-07,7.27922019e-07,0.727922019
551,3.70840783e-06,9.97613439,10574.702453400001,0.8813001149597717,3.70840783e-06,5.24582745e-07,0.524582745,6.75772225e-07,9.96116156,10558.831253600001,0.8799774025458832,6.75772225e-07,7.27882716e-07,0.727882716
552,3.70840783e-06,9.97595591,10574.5132646,0.881284347886237,3.70840783e-06,5.24563231e-07,0.5245632309999999,6.75772225e-07,9.96120881,10558.8813386,0.879981576650682,6.75772225e-07,7.27843753e-07,0.727843753
553,3.70840783e-06,9.97577348,10574.3198888,0.8812682318663754,3.70840783e-06,5.24543862e-07,0.524543862,6.75772225e-07,9.96124937,10558.9243322,0.8799851597552459,6.75772225e-07,7.27805168e-07,0.7278051680000001
554,3.70840783e-06,9.97558912,10574.124467200001,0.8812519453486881,3.70840783e-06,5.24524633e-07,0.524524633,6.75772225e-07,9.96128609,10558.9632554,0.8799884036309753,6.75772225e-07,7.27766979e-07,0.727766979
555,3.70840783e-06,9.97540331,10573.927508600002,0.8812355307367794,3.70840783e-06,5.24505554e-07,0.5245055540000001,6.75772225e-07,9.96131972,10558.998903200001,0.8799913745335022,6.75772225e-07,7.27729197e-07,0.7277291969999999
556,3.70840783e-06,9.97521657,10573.7295642,0.8812190339678874,3.70840783e-06,5.24486644e-07,0.524486644,6.75772225e-07,9.96134994,10559.0309364,0.8799940441937565,6.75772225e-07,7.27691834e-07,0.7276918339999999
557,3.70840783e-06,9.9750246,10573.526076,0.88120207517639,3.70840783e-06,5.24467917e-07,0.524467917,6.75772225e-07,9.96137231,10559.0546486,0.8799960203783989,6.75772225e-07,7.27654908e-07,0.7276549080000001
558,3.70840783e-06,9.97483261,10573.3225666,0.8811851146180759,3.70840783e-06,5.24449381e-07,0.524449381,6.75772225e-07,9.96139241,10559.0759546,0.8799977960293293,6.75772225e-07,7.27618439e-07,0.727618439
559,3.70840783e-06,9.97464048,10573.1189088,0.8811681416920438,3.70840783e-06,5.24431037e-07,0.524431037,6.75772225e-07,9.96140999,10559.0945894,0.8799993490613369,6.75772225e-07,7.27582437e-07,0.7275824369999999
560,3.70840783e-06,9.97444713,10572.9139578,0.8811510609901841,3.70840783e-06,5.24412884e-07,0.524412884,6.75772225e-07,9.96142384,10559.1092704,0.8800005725820028,6.75772225e-07,7.27546909e-07,0.7275469090000001
561,3.70840783e-06,9.97425148,10572.7065688,0.8811337771043872,3.70840783e-06,5.24394924e-07,0.524394924,6.75772225e-07,9.96143329,10559.1192874,0.8800014074029627,6.75772225e-07,7.27511862e-07,0.727511862
562,3.70840783e-06,9.97405342,10572.496625200001,0.8811162803171604,3.70840783e-06,5.24377161e-07,0.524377161,6.75772225e-07,9.96143881,10559.1251386,0.8800018950444122,6.75772225e-07,7.27477308e-07,0.727477308
563,3.70840783e-06,9.97385314,10572.2843284,0.8810985874132634,3.70840783e-06,5.24359614e-07,0.5243596140000001,6.75772225e-07,9.96144099,10559.127449399999,0.8800020876274482,6.75772225e-07,7.27443256e-07,0.727443256
564,3.70840783e-06,9.97365,10572.069,0.8810806418545576,3.70840783e-06,5.24342294e-07,0.524342294,6.75772225e-07,9.96143909,10559.125435400001,0.8800019197798481,6.75772225e-07,7.27409717e-07,0.727409717
565,3.70840783e-06,9.97344687,10571.8536822,0.8810626971792603,3.70840783e-06,5.24325197e-07,0.524325197,6.75772225e-07,9.96143553,10559.1216618,0.8800016052864493,6.75772225e-07,7.27376699e-07,0.727376699
566,3.70840783e-06,9.97324422,10571.6388732,0.8810447949075672,3.70840783e-06,5.2430833e-07,0.52430833,6.75772225e-07,9.96143071,10559.1165526,0.8800011794835895,6.75772225e-07,7.273442e-07,0.7273442
567,3.70840783e-06,9.97304164,10571.4241384,0.8810268988197331,3.70840783e-06,5.24291702e-07,0.524291702,6.75772225e-07,9.96142367,10559.1090902,0.8800005575640596,6.75772225e-07,7.27312219e-07,0.727312219
568,3.70840783e-06,9.97284752,10571.2183712,0.8810097500954248,3.70840783e-06,5.24275314e-07,0.524275314,6.75772225e-07,9.96142068,10559.1059208,0.8800002934249412,6.75772225e-07,7.27280752e-07,0.727280752
569,3.70840783e-06,9.97264326,10571.0018556,0.8809917055949755,3.70840783e-06,5.24259165e-07,0.524259165,6.75772225e-07,9.96140838,10559.0928828,0.8799992068325808,6.75772225e-07,7.27249794e-07,0.727249794
570,3.70840783e-06,9.97242535,10570.770871,0.8809724552420289,3.70840783e-06,5.24243251e-07,0.524243251,6.75772225e-07,9.96138516,10559.0682696,0.8799971555582226,6.75772225e-07,7.27219375e-07,0.727219375
571,3.70840783e-06,9.97221367,10570.5464902,0.8809537552525298,3.70840783e-06,5.24227584e-07,0.524227584,6.75772225e-07,9.96136545,10559.047377,0.8799954143602207,6.75772225e-07,7.27189512e-07,0.7271895119999999
572,3.70840783e-06,9.9720017,10570.321802,0.8809350296441865,3.70840783e-06,5.24212176e-07,0.524212176,6.75772225e-07,9.96134536,10559.026081599999,0.8799936395926987,6.75772225e-07,7.27160185e-07,0.727160185
573,3.70840783e-06,9.97179581,10570.1035586,0.8809168411481643,3.70840783e-06,5.24197012e-07,0.5241970119999999,6.75772225e-07,9.96132796,10559.0076376,0.8799921024620426,6.75772225e-07,7.27131395e-07,0.7271313949999999
574,3.70840783e-06,9.97159653,10569.8923218,0.8808992365851097,3.70840783e-06,5.24182088e-07,0.524182088,6.75772225e-07,9.96131282,10558.991589199999,0.87999076498169,6.75772225e-07,7.27103125e-07,0.727103125
575,3.70840783e-06,9.97140006,10569.6840636,0.8808818802598221,3.70840783e-06,5.24167421e-07,0.524167421,6.75772225e-07,9.96129612,10558.9738872,0.8799892896896236,6.75772225e-07,7.2707536e-07,0.72707536
576,3.70840783e-06,9.97118878,10569.460106800001,0.88086321560666,3.70840783e-06,5.24153015e-07,0.524153015,6.75772225e-07,9.96126726,10558.9432956,0.8799867401729148,6.75772225e-07,7.27048105e-07,0.727048105
577,3.70840783e-06,9.97097078,10569.2290268,0.8808439573030374,3.70840783e-06,5.24138859e-07,0.524138859,6.75772225e-07,9.96123468,10558.9087608,0.8799838620282725,6.75772225e-07,7.2702139e-07,0.72702139
578,3.70840783e-06,9.97074808,10568.9929648,0.8808242837974561,3.70840783e-06,5.24124937e-07,0.5241249370000001,6.75772225e-07,9.96119906,10558.871003600001,0.8799807153274696,6.75772225e-07,7.26995233e-07,0.7269952329999999
579,3.70840783e-06,9.97053443,10568.7664958,0.8808054097764978,3.70840783e-06,5.24111231e-07,0.524111231,6.75772225e-07,9.9611692,10558.839352,0.8799780774699184,6.75772225e-07,7.26969632e-07,0.7269696320000001
580,3.70840783e-06,9.97033265,10568.552609,0.8807875843613374,3.70840783e-06,5.24097757e-07,0.524097757,6.75772225e-07,9.96114582,10558.8145692,0.8799760120610252,6.75772225e-07,7.26944552e-07,0.726944552
581,3.70840783e-06,9.97013873,10568.3470538,0.8807704533051977,3.70840783e-06,5.24084553e-07,0.524084553,6.75772225e-07,9.9611224,10558.789744000002,0.8799739431184985,6.75772225e-07,7.2691996e-07,0.7269199599999999
582,3.70840783e-06,9.96993554,10568.131672399999,0.8807525033294497,3.70840783e-06,5.24071625e-07,0.5240716249999999,6.75772225e-07,9.96108987,10558.7552622,0.8799710693908983,6.75772225e-07,7.26895853e-07,0.7268958529999999
583,3.70840783e-06,9.96971324,10567.8960344,0.8807328651602053,3.70840783e-06,5.24058928e-07,0.524058928,6.75772225e-07,9.96104314,10558.705728399998,0.8799669412233372,6.75772225e-07,7.26872279e-07,0.726872279
584,3.70840783e-06,9.96949343,10567.6630358,0.8807134469596583,3.70840783e-06,5.24046425e-07,0.5240464250000001,6.75772225e-07,9.96100029,10558.6603074,0.8799631558182446,6.75772225e-07,7.26849272e-07,0.7268492719999999
585,3.70840783e-06,9.96928526,10567.4423756,0.8806950570465156,3.70840783e-06,5.24034158e-07,0.524034158,6.75772225e-07,9.96096613,10558.624097799999,0.8799601380950713,6.75772225e-07,7.26826799e-07,0.726826799
586,3.70840783e-06,9.96908417,10567.2292202,0.8806772925865366,3.70840783e-06,5.24022161e-07,0.524022161,6.75772225e-07,9.96093204,10558.587962399999,0.8799571265557572,6.75772225e-07,7.26804826e-07,0.726804826
587,3.70840783e-06,9.96888527,10567.0183862,0.8806597215930021,3.70840783e-06,5.24010427e-07,0.524010427,6.75772225e-07,9.9608937,10558.547322,0.8799537395678634,6.75772225e-07,7.26783348e-07,0.726783348
588,3.70840783e-06,9.96868372,10566.8047432,0.8806419164962356,3.70840783e-06,5.23998946e-07,0.523998946,6.75772225e-07,9.96085058,10558.501614800001,0.8799499303107432,6.75772225e-07,7.26762376e-07,0.7267623759999999
589,3.70840783e-06,9.96847641,10566.5849946,0.8806236025562173,3.70840783e-06,5.23987705e-07,0.5239877049999999,6.75772225e-07,9.96080261,10558.4507666,0.8799456926005378,6.75772225e-07,7.26741927e-07,0.7267419270000001
590,3.70840783e-06,9.96827346,10566.3698676,0.8806056737822715,3.70840783e-06,5.23976714e-07,0.523976714,6.75772225e-07,9.96075847,10558.4039782,0.8799417932357584,6.75772225e-07,7.26722002e-07,0.726722002
591,3.70840783e-06,9.96807288,10566.1572528,0.880587954376122,3.70840783e-06,5.23966003e-07,0.523966003,6.75772225e-07,9.96071363,10558.3564478,0.8799378320323895,6.75772225e-07,7.26702589e-07,0.7267025890000001
592,3.70840783e-06,9.96787551,10565.9480406,0.8805705185440763,3.70840783e-06,5.23955575e-07,0.523955575,6.75772225e-07,9.96066676,10558.3067656,0.8799336914971106,6.75772225e-07,7.26683683e-07,0.726683683
593,3.70840783e-06,9.96768467,10565.7457502,0.8805536595777308,3.70840783e-06,5.2394543e-07,0.52394543,6.75772225e-07,9.96061969,10558.256871399999,0.8799295332936632,6.75772225e-07,7.26665278e-07,0.726665278
594,3.70840783e-06,9.96749312,10565.5427072,0.8805367378893874,3.70840783e-06,5.23935578e-07,0.523935578,6.75772225e-07,9.96056939,10558.2035534,0.8799250897492954,6.75772225e-07,7.26647374e-07,0.726647374
595,3.70840783e-06,9.96729517,10565.3328802,0.880519250819653,3.70840783e-06,5.23926025e-07,0.5239260250000001,6.75772225e-07,9.96051365,10558.144468999999,0.8799201656307453,6.75772225e-07,7.26629982e-07,0.726629982
596,3.70840783e-06,9.9671079,10565.134374000001,0.8805027072301147,3.70840783e-06,5.23916793e-07,0.523916793,6.75772225e-07,9.96046296,10558.0907376,0.8799156876334489,6.75772225e-07,7.26613106e-07,0.726613106
597,3.70840783e-06,9.96692724,10564.9428744,0.8804867475735437,3.70840783e-06,5.23907907e-07,0.523907907,6.75772225e-07,9.96041277,10558.0375362,0.8799112538065735,6.75772225e-07,7.26596724e-07,0.7265967240000001
598,3.70840783e-06,9.96675317,10564.758360200001,0.8804713700831239,3.70840783e-06,5.23899374e-07,0.5238993740000001,6.75772225e-07,9.96036194,10557.9836564,0.8799067634415592,6.75772225e-07,7.26580824e-07,0.7265808239999999
599,3.70840783e-06,9.96658007,10564.5748742,0.8804560782833207,3.70840783e-06,5.23891205e-07,0.5238912050000001,6.75772225e-07,9.96030781,10557.9262786,0.8799019815517652,6.75772225e-07,7.26565406e-07,0.7265654060000001
600,3.70840783e-06,9.96640321,10564.3874026,0.8804404543219507,3.70840783e-06,5.2388341e-07,0.52388341,6.75772225e-07,9.96024952,10557.8644912,0.8798968321640673,6.75772225e-07,7.26550479e-07,0.726550479
601,3.70840783e-06,9.96622758,10564.2012348,0.8804249390198168,3.70840783e-06,5.23876014e-07,0.523876014,6.75772225e-07,9.96018995,10557.801347,0.8798915697000913,6.75772225e-07,7.26536053e-07,0.726536053
602,3.70840783e-06,9.96605748,10564.0209288,0.8804099122425407,3.70840783e-06,5.23869036e-07,0.523869036,6.75772225e-07,9.96013057,10557.738404200001,0.8798863240208752,6.75772225e-07,7.26522126e-07,0.726522126
603,3.70840783e-06,9.96589716,10563.850989600001,0.8803957494387025,3.70840783e-06,5.23862491e-07,0.5238624909999999,6.75772225e-07,9.9600727,10557.677061999999,0.8798812117363308,6.75772225e-07,7.26508688e-07,0.726508688
604,3.70840783e-06,9.96574597,10563.690728200001,0.8803823931867544,3.70840783e-06,5.23856383e-07,0.523856383,6.75772225e-07,9.96001541,10557.616334600001,0.8798761506894754,6.75772225e-07,7.26495722e-07,0.726495722
605,3.70840783e-06,9.96559764,10563.5334984,0.8803692895896151,3.70840783e-06,5.23850722e-07,0.523850722,6.75772225e-07,9.95995677,10557.5541762,0.8798709703824825,6.75772225e-07,7.2648322e-07,0.72648322
606,3.70840783e-06,9.96544681,10563.373618599999,0.8803559651403702,3.70840783e-06,5.23845519e-07,0.523845519,6.75772225e-07,9.95989548,10557.4892088,0.8798655559722577,6.75772225e-07,7.26471187e-07,0.726471187
607,3.70840783e-06,9.96529942,10563.2173852,0.8803429445836229,3.70840783e-06,5.23840796e-07,0.523840796,6.75772225e-07,9.95983269,10557.4226514,0.8798600090507693,6.75772225e-07,7.26459632e-07,0.7264596320000001
608,3.70840783e-06,9.96515547,10563.0647982,0.8803302279193731,3.70840783e-06,5.23836567e-07,0.523836567,6.75772225e-07,9.95976807,10557.3541542,0.8798543004655396,6.75772225e-07,7.26448549e-07,0.726448549
609,3.70840783e-06,9.96502105,10562.922313000001,0.8803183531433506,3.70840783e-06,5.23832834e-07,0.5238328339999999,6.75772225e-07,9.95970571,10557.288052599999,0.8798487915306133,6.75772225e-07,7.2643793e-07,0.72643793
610,3.70840783e-06,9.9648953,10562.789018,0.8803072442824307,3.70840783e-06,5.23829584e-07,0.523829584,6.75772225e-07,9.95964475,10557.223435,0.8798434062728665,6.75772225e-07,7.26427766e-07,0.7264277659999999
611,3.70840783e-06,9.96475883,10562.644359799999,0.8802951884076813,3.70840783e-06,5.23826813e-07,0.523826813,6.75772225e-07,9.95957843,10557.153135800001,0.879837547508205,6.75772225e-07,7.26418055e-07,0.726418055
612,3.70840783e-06,9.96462944,10562.5072064,0.8802837579860955,3.70840783e-06,5.2382455e-07,0.5238245499999999,6.75772225e-07,9.95951215,10557.082879,0.879831692277177,6.75772225e-07,7.26408806e-07,0.726408806
613,3.70840783e-06,9.96450636,10562.3767416,0.8802728849952246,3.70840783e-06,5.23822782e-07,0.523822782,6.75772225e-07,9.95944587,10557.0126222,0.8798258370461489,6.75772225e-07,7.26400007e-07,0.726400007
614,3.70840783e-06,9.96438877,10562.2520962,0.880262496995578,3.70840783e-06,5.23821482e-07,0.523821482,6.75772225e-07,9.95938002,10556.942821199998,0.879820019801683,6.75772225e-07,7.26391652e-07,0.726391652
615,3.70840783e-06,9.96427552,10562.132051199998,0.8802524923951868,3.70840783e-06,5.23820626e-07,0.523820626,6.75772225e-07,9.9593147,10556.873582,0.8798142493778638,6.75772225e-07,7.26383732e-07,0.7263837320000001
616,3.70840783e-06,9.96415637,10562.005752199999,0.8802419665838263,3.70840783e-06,5.23820208e-07,0.523820208,6.75772225e-07,9.95924717,10556.8020002,0.8798082837207829,6.75772225e-07,7.26376244e-07,0.726376244
617,3.70840783e-06,9.9640395,10561.881870000001,0.8802316421895863,3.70840783e-06,5.23820251e-07,0.5238202510000001,6.75772225e-07,9.9591792,10556.729952,0.8798022791937314,6.75772225e-07,7.26369191e-07,0.726369191
618,3.70840783e-06,9.96393046,10561.7662876,0.8802220095041412,3.70840783e-06,5.23820726e-07,0.523820726,6.75772225e-07,9.95911187,10556.6585822,0.879796331204819,6.75772225e-07,7.26362567e-07,0.726362567
619,3.70840783e-06,9.96382637,10561.655952199999,0.8802128141058656,3.70840783e-06,5.23821586e-07,0.5238215860000001,6.75772225e-07,9.95904481,10556.5874986,0.8797904070679341,6.75772225e-07,7.26356361e-07,0.726356361
620,3.70840783e-06,9.9637212,10561.544472,0.8802035232994805,3.70840783e-06,5.23822804e-07,0.523822804,6.75772225e-07,9.95897763,10556.5162878,0.879784472330148,6.75772225e-07,7.26350564e-07,0.726350564
621,3.70840783e-06,9.96361683,10561.4338398,0.8801943031657691,3.70840783e-06,5.23824355e-07,0.523824355,6.75772225e-07,9.95891058,10556.4452148,0.8797785490766715,6.75772225e-07,7.26345173e-07,0.726345173
622,3.70840783e-06,9.96351496,10561.325857599999,0.8801853038841634,3.70840783e-06,5.23826215e-07,0.5238262149999999,6.75772225e-07,9.9588436,10556.374216,0.879772632007054,6.75772225e-07,7.26340183e-07,0.726340183
623,3.70840783e-06,9.9634133,10561.218098,0.8801763231541347,3.70840783e-06,5.23828364e-07,0.5238283640000001,6.75772225e-07,9.95877636,10556.302941599999,0.8797666919688173,6.75772225e-07,7.26335587e-07,0.726335587
624,3.70840783e-06,9.96331522,10561.1141332,0.8801676586843216,3.70840783e-06,5.23830779e-07,0.523830779,6.75772225e-07,9.9587088,10556.231328,0.8797607236615113,6.75772225e-07,7.26331381e-07,0.726331381
625,3.70840783e-06,9.96322224,10561.0155744,0.880159444752804,3.70840783e-06,5.2383342e-07,0.52383342,6.75772225e-07,9.95864195,10556.160467,0.8797548180762031,6.75772225e-07,7.26327554e-07,0.726327554
626,3.70840783e-06,9.96311913,10560.9062778,0.880150335928554,3.70840783e-06,5.23836258e-07,0.523836258,6.75772225e-07,9.95857398,10556.0884188,0.8797488135491517,6.75772225e-07,7.26324101e-07,0.726324101
627,3.70840783e-06,9.96301856,10560.7996736,0.8801414514900434,3.70840783e-06,5.23839296e-07,0.523839296,6.75772225e-07,9.95850677,10556.017176199999,0.8797428761611403,6.75772225e-07,7.26321023e-07,0.726321023
628,3.70840783e-06,9.96293805,10560.714333,0.8801343391688293,3.70840783e-06,5.23842442e-07,0.523842442,6.75772225e-07,9.95844426,10555.9509156,0.8797373539750879,6.75772225e-07,7.26318305e-07,0.7263183049999999
629,3.70840783e-06,9.9628347,10560.604782,0.8801252091427771,3.70840783e-06,5.2384564e-07,0.52384564,6.75772225e-07,9.95837631,10555.8788886,0.8797313512148534,6.75772225e-07,7.26315933e-07,0.7263159330000001
630,3.70840783e-06,9.96273221,10560.4961426,0.8801161550898494,3.70840783e-06,5.23848988e-07,0.523848988,6.75772225e-07,9.95830844,10555.8069464,0.879725355521886,6.75772225e-07,7.26313914e-07,0.726313914
631,3.70840783e-06,9.96264607,10560.4048342,0.8801085454096932,3.70840783e-06,5.23852375e-07,0.523852375,6.75772225e-07,9.95824469,10555.7393714,0.8797197237931892,6.75772225e-07,7.26312241e-07,0.726312241
632,3.70840783e-06,9.96254324,10560.2958344,0.880099461320879,3.70840783e-06,5.23855691e-07,0.523855691,6.75772225e-07,9.95817798,10555.668658800001,0.879713830575599,6.75772225e-07,7.26310902e-07,0.726310902
633,3.70840783e-06,9.96244253,10560.189081800001,0.8800905645146505,3.70840783e-06,5.23858976e-07,0.523858976,6.75772225e-07,9.95811233,10555.5990698,0.8797080309993017,6.75772225e-07,7.26309898e-07,0.726309898
634,3.70840783e-06,9.96234563,10560.0863678,0.8800820042870311,3.70840783e-06,5.23862158e-07,0.523862158,6.75772225e-07,9.95804814,10555.5310284,0.8797023604006341,6.75772225e-07,7.26309219e-07,0.726309219
635,3.70840783e-06,9.96224999,10559.9849894,0.880073555368873,3.70840783e-06,5.23865162e-07,0.523865162,6.75772225e-07,9.95798522,10555.4643332,0.8796968019948362,6.75772225e-07,7.26308851e-07,0.726308851
636,3.70840783e-06,9.96215276,10559.8819256,0.8800649659887758,3.70840783e-06,5.23867918e-07,0.523867918,6.75772225e-07,9.95792291,10555.3982846,0.8796912974769522,6.75772225e-07,7.26308786e-07,0.726308786
637,3.70840783e-06,9.96203916,10559.761509599999,0.8800549304690898,3.70840783e-06,5.23870399e-07,0.523870399,6.75772225e-07,9.95785765,10555.329108999998,0.8796855323535833,6.75772225e-07,7.2630902e-07,0.7263090200000001
638,3.70840783e-06,9.96192644,10559.642026399999,0.8800449726893452,3.70840783e-06,5.23872625e-07,0.523872625,6.75772225e-07,9.95779361,10555.2612266,0.8796798750060422,6.75772225e-07,7.26309556e-07,0.726309556
639,3.70840783e-06,9.96181271,10559.5214726,0.8800349256853499,3.70840783e-06,5.23874507e-07,0.523874507,6.75772225e-07,9.95773034,10555.1941604,0.8796742856809496,6.75772225e-07,7.26310389e-07,0.726310389
640,3.70840783e-06,9.96169943,10559.4013958,0.8800249184347336,3.70840783e-06,5.23875956e-07,0.523875956,6.75772225e-07,9.95766859,10555.1287054,0.8796688306339373,6.75772225e-07,7.2631151e-07,0.7263115099999999
641,3.70840783e-06,9.96158265,10559.277609,0.8800146019911693,3.70840783e-06,5.23876889e-07,0.523876889,6.75772225e-07,9.9576079,10555.064374,0.8796634692282177,6.75772225e-07,7.26312907e-07,0.726312907
642,3.70840783e-06,9.9614653,10559.153218000001,0.8800042351933249,3.70840783e-06,5.23877251e-07,0.523877251,6.75772225e-07,9.95754955,10555.002523,0.8796583145400692,6.75772225e-07,7.26314568e-07,0.726314568
643,3.70840783e-06,9.96133188,10559.0117928,0.8799924487581444,3.70840783e-06,5.2387702e-07,0.52387702,6.75772225e-07,9.95748851,10554.937820599998,0.8796529222150549,6.75772225e-07,7.26316486e-07,0.726316486
644,3.70840783e-06,9.96119354,10558.8651524,0.87998022768602,3.70840783e-06,5.23876221e-07,0.523876221,6.75772225e-07,9.95742749,10554.8731394,0.8796475316568576,6.75772225e-07,7.26318661e-07,0.726318661
645,3.70840783e-06,9.9610545,10558.71777,0.8799679447753058,3.70840783e-06,5.23874794e-07,0.523874794,6.75772225e-07,9.95736803,10554.8101118,0.879642278910374,6.75772225e-07,7.26321089e-07,0.726321089
646,3.70840783e-06,9.9609176,10558.572656,0.8799558509139944,3.70840783e-06,5.23872646e-07,0.5238726459999999,6.75772225e-07,9.95731117,10554.7498402,0.8796372558500807,6.75772225e-07,7.26323758e-07,0.726323758
647,3.70840783e-06,9.96077146,10558.4177476,0.8799429407832999,3.70840783e-06,5.23869716e-07,0.523869716,6.75772225e-07,9.9572543,10554.689558,0.8796322319063787,6.75772225e-07,7.26326656e-07,0.7263266559999999
648,3.70840783e-06,9.96062193,10558.2592458,0.8799297311771501,3.70840783e-06,5.23865986e-07,0.523865986,6.75772225e-07,9.95719918,10554.6311308,0.879627362559151,6.75772225e-07,7.26329781e-07,0.726329781
649,3.70840783e-06,9.96047006,10558.0982636,0.8799163148534294,3.70840783e-06,5.23861442e-07,0.523861442,6.75772225e-07,9.95714605,10554.574813000001,0.8796226690101994,6.75772225e-07,7.26333116e-07,0.726333116
650,3.70840783e-06,9.96031492,10557.9338152,0.8799026096551541,3.70840783e-06,5.23856076e-07,0.523856076,6.75772225e-07,9.95709441,10554.5200746,0.8796181070891025,6.75772225e-07,7.26336646e-07,0.726336646
651,3.70840783e-06,9.96015519,10557.7645014,0.8798884989724127,3.70840783e-06,5.23849877e-07,0.5238498770000001,6.75772225e-07,9.95704369,10554.466311400001,0.879613626441581,6.75772225e-07,7.26340363e-07,0.726340363
652,3.70840783e-06,9.95999052,10557.5899512,0.8798739518859103,3.70840783e-06,5.2384283e-07,0.52384283,6.75772225e-07,9.95699375,10554.413375,0.8796092146999162,6.75772225e-07,7.26344263e-07,0.726344263
653,3.70840783e-06,9.95982159,10557.4108854,0.8798590284674198,3.70840783e-06,5.23834918e-07,0.523834918,6.75772225e-07,9.95694521,10554.361922600001,0.8796049266354308,6.75772225e-07,7.26348338e-07,0.7263483380000001
654,3.70840783e-06,9.9596491,10557.228046,0.8798437905555306,3.70840783e-06,5.23826133e-07,0.523826133,6.75772225e-07,9.95689785,10554.311721,0.8796007428131392,6.75772225e-07,7.26352579e-07,0.7263525789999999
655,3.70840783e-06,9.95947388,10557.042312799998,0.8798283114731418,3.70840783e-06,5.23816476e-07,0.523816476,6.75772225e-07,9.95685205,10554.263173,0.8795966968025616,6.75772225e-07,7.26356976e-07,0.726356976
656,3.70840783e-06,9.95929627,10556.8540462,0.8798126212561401,3.70840783e-06,5.23805954e-07,0.523805954,6.75772225e-07,9.95680768,10554.216140800001,0.8795927771193887,6.75772225e-07,7.26361518e-07,0.726361518
657,3.70840783e-06,9.95911648,10556.663468800001,0.8797967384561023,3.70840783e-06,5.23794578e-07,0.523794578,6.75772225e-07,9.95676538,10554.1713028,0.879589040301759,6.75772225e-07,7.26366195e-07,0.726366195
658,3.70840783e-06,9.95893424,10556.4702944,0.8797806392210005,3.70840783e-06,5.23782365e-07,0.5237823650000001,6.75772225e-07,9.95672479,10554.128277400001,0.8795854545469699,6.75772225e-07,7.26370997e-07,0.726370997
659,3.70840783e-06,9.95875021,10556.2752226,0.8797643818557911,3.70840783e-06,5.23769331e-07,0.523769331,6.75772225e-07,9.95668592,10554.0870752,0.8795820207384294,6.75772225e-07,7.26375913e-07,0.726375913
660,3.70840783e-06,9.95856525,10556.079165,0.8797480423335983,3.70840783e-06,5.23755484e-07,0.5237554839999999,6.75772225e-07,9.95664771,10554.0465726,0.879578645234845,6.75772225e-07,7.26380934e-07,0.726380934
661,3.70840783e-06,9.95837478,10555.8772668,0.8797312160533646,3.70840783e-06,5.23740842e-07,0.523740842,6.75772225e-07,9.95661156,10554.0082536,0.8795754517133958,6.75772225e-07,7.26386054e-07,0.726386054
662,3.70840783e-06,9.95818034,10555.671160400001,0.8797140390599869,3.70840783e-06,5.23725455e-07,0.523725455,6.75772225e-07,9.95657697,10553.9715882,0.8795723960036603,6.75772225e-07,7.26391262e-07,0.726391262
663,3.70840783e-06,9.95798567,10555.4648102,0.8796968417482153,3.70840783e-06,5.23709369e-07,0.523709369,6.75772225e-07,9.95654348,10553.936088800001,0.8795694374688516,6.75772225e-07,7.2639655e-07,0.72639655
664,3.70840783e-06,9.95779037,10555.2577922,0.8796795887817132,3.70840783e-06,5.23692622e-07,0.523692622,6.75772225e-07,9.95651186,10553.902571600001,0.8795666441314179,6.75772225e-07,7.26401913e-07,0.726401913
665,3.70840783e-06,9.95759696,10555.0527776,0.8796625027794029,3.70840783e-06,5.23675247e-07,0.5236752469999999,6.75772225e-07,9.95648158,10553.8704748,0.8795639691707129,6.75772225e-07,7.26407341e-07,0.726407341
666,3.70840783e-06,9.95740304,10554.847222400002,0.8796453717232633,3.70840783e-06,5.23657274e-07,0.523657274,6.75772225e-07,9.95645281,10553.8399786,0.8795614276046798,6.75772225e-07,7.26412825e-07,0.7264128249999999
667,3.70840783e-06,9.95720183,10554.6339398,0.879627596662383,3.70840783e-06,5.23638751e-07,0.523638751,6.75772225e-07,9.95642446,10553.8099276,0.8795589231418004,6.75772225e-07,7.26418354e-07,0.726418354
668,3.70840783e-06,9.95700857,10554.4290842,0.8796105239111991,3.70840783e-06,5.23619728e-07,0.523619728,6.75772225e-07,9.9563992,10553.783152,0.8795566916521238,6.75772225e-07,7.26423922e-07,0.726423922
669,3.70840783e-06,9.95681089,10554.2195434,0.8795930606934923,3.70840783e-06,5.23600238e-07,0.523600238,6.75772225e-07,9.95637435,10553.756811000001,0.8795544963821926,6.75772225e-07,7.26429524e-07,0.726429524
670,3.70840783e-06,9.95661203,10554.0087518,0.8795754932335915,3.70840783e-06,5.2358035e-07,0.52358035,6.75772225e-07,9.95635047,10553.7314982,0.8795523868028783,6.75772225e-07,7.26435155e-07,0.726435155
671,3.70840783e-06,9.95640942,10553.7939852,0.8795575944955322,3.70840783e-06,5.2356013e-07,0.5235601299999999,6.75772225e-07,9.9563263,10553.705878,0.8795502516047198,6.75772225e-07,7.26440811e-07,0.7264408109999999
672,3.70840783e-06,9.95621432,10553.587179200002,0.8795403591971986,3.70840783e-06,5.23539632e-07,0.523539632,6.75772225e-07,9.95630512,10553.6834272,0.8795483805456797,6.75772225e-07,7.26446487e-07,0.726446487
673,3.70840783e-06,9.95602144,10553.382726400001,0.8795233200155348,3.70840783e-06,5.23518906e-07,0.5235189060000001,6.75772225e-07,9.95628584,10553.6629904,0.8795466773342401,6.75772225e-07,7.26452174e-07,0.726452174
674,3.70840783e-06,9.95582444,10553.173906400001,0.8795059168696007,3.70840783e-06,5.23497999e-07,0.5234979989999999,6.75772225e-07,9.95626639,10553.6423734,0.8795449591048573,6.75772225e-07,7.26457862e-07,0.726457862
675,3.70840783e-06,9.95562805,10552.965733,0.8794885676115802,3.70840783e-06,5.23476974e-07,0.5234769739999999,6.75772225e-07,9.95624774,10553.6226044,0.8795433115481482,6.75772225e-07,7.26463549e-07,0.726463549
676,3.70840783e-06,9.95543524,10552.7613544,0.8794715346137755,3.70840783e-06,5.23455897e-07,0.5234558970000001,6.75772225e-07,9.95623025,10553.604065000001,0.8795417664668165,6.75772225e-07,7.26469234e-07,0.7264692340000001
677,3.70840783e-06,9.95524406,10552.5587036,0.8794546456115436,3.70840783e-06,5.23434826e-07,0.5234348259999999,6.75772225e-07,9.9562135,10553.58631,0.8795402867577078,6.75772225e-07,7.26474915e-07,0.726474915
678,3.70840783e-06,9.95505548,10552.3588088,0.8794379862955017,3.70840783e-06,5.23413813e-07,0.523413813,6.75772225e-07,9.95619785,10553.569721,0.8795389042235257,6.75772225e-07,7.26480585e-07,0.726480585
679,3.70840783e-06,9.95486569,10552.1576314,0.8794212200870407,3.70840783e-06,5.23392909e-07,0.523392909,6.75772225e-07,9.95618231,10553.553248600001,0.8795375314068363,6.75772225e-07,7.26486241e-07,0.726486241
680,3.70840783e-06,9.95467407,10551.954514199999,0.8794042922148382,3.70840783e-06,5.23372166e-07,0.523372166,6.75772225e-07,9.9561667,10553.536702000001,0.879536152406288,6.75772225e-07,7.26491883e-07,0.726491883
681,3.70840783e-06,9.95447923,10551.7479838,0.8793870798851235,3.70840783e-06,5.23351645e-07,0.523351645,6.75772225e-07,9.95615034,10553.519360400001,0.879534707150108,6.75772225e-07,7.26497516e-07,0.726497516
682,3.70840783e-06,9.95429708,10551.5549048,0.8793709886006977,3.70840783e-06,5.23331421e-07,0.523331421,6.75772225e-07,9.95613676,10553.5049656,0.8795335074814692,6.75772225e-07,7.26503139e-07,0.726503139
683,3.70840783e-06,9.95413034,10551.378160400001,0.879356258648652,3.70840783e-06,5.23311521e-07,0.523311521,6.75772225e-07,9.95612714,10553.4947684,0.8795326576425663,6.75772225e-07,7.26508731e-07,0.7265087309999999
684,3.70840783e-06,9.95395408,10551.1913248,0.8793406876917872,3.70840783e-06,5.23291973e-07,0.5232919730000001,6.75772225e-07,9.95611605,10553.483013000001,0.8795316779426252,6.75772225e-07,7.26514281e-07,0.7265142809999999
685,3.70840783e-06,9.95377236,10550.9987016,0.8793246343939235,3.70840783e-06,5.23272818e-07,0.523272818,6.75772225e-07,9.95610362,10553.4698372,0.8795305798659553,6.75772225e-07,7.26519797e-07,0.726519797
686,3.70840783e-06,9.95359293,10550.8085058,0.8793087833965887,3.70840783e-06,5.23254105e-07,0.523254105,6.75772225e-07,9.95609119,10553.4566614,0.8795294817892855,6.75772225e-07,7.26525288e-07,0.7265252879999999
687,3.70840783e-06,9.95341159,10550.6162854,0.8792927636682452,3.70840783e-06,5.23235888e-07,0.523235888,6.75772225e-07,9.95607669,10553.4412914,0.8795282008470721,6.75772225e-07,7.26530764e-07,0.7265307639999999
688,3.70840783e-06,9.95323665,10550.430848999998,0.8792773093212922,3.70840783e-06,5.23218189e-07,0.5232181890000001,6.75772225e-07,9.95606345,10553.427257,0.8795270312143199,6.75772225e-07,7.26536227e-07,0.726536227
689,3.70840783e-06,9.9530703,10550.254518,0.8792626138221749,3.70840783e-06,5.23201043e-07,0.523201043,6.75772225e-07,9.95605339,10553.4165934,0.8795261425054463,6.75772225e-07,7.26541668e-07,0.726541668
690,3.70840783e-06,9.95289767,10550.0715302,0.8792473635425678,3.70840783e-06,5.23184473e-07,0.523184473,6.75772225e-07,9.95604078,10553.403226800001,0.879525028527425,6.75772225e-07,7.26547079e-07,0.726547079
691,3.70840783e-06,9.95273266,10549.8966196,0.8792327864201791,3.70840783e-06,5.23168489e-07,0.523168489,6.75772225e-07,9.95603066,10553.3924996,0.8795241345181007,6.75772225e-07,7.26552461e-07,0.726552461
692,3.70840783e-06,9.9525721,10549.726426,0.8792186024145385,3.70840783e-06,5.23153111e-07,0.523153111,6.75772225e-07,9.95602207,10553.3833942,0.8795233756702654,6.75772225e-07,7.26557806e-07,0.726557806
693,3.70840783e-06,9.95240669,10549.5510914,0.879203989955813,3.70840783e-06,5.23138356e-07,0.523138356,6.75772225e-07,9.95601079,10553.371437400001,0.8795223791855642,6.75772225e-07,7.26563119e-07,0.726563119
694,3.70840783e-06,9.95224054,10549.3749724,0.8791893121248641,3.70840783e-06,5.23124245e-07,0.523124245,6.75772225e-07,9.95599783,10553.357699799999,0.8795212342882478,6.75772225e-07,7.2656841e-07,0.72656841
695,3.70840783e-06,9.95207231,10549.1966486,0.879174450544963,3.70840783e-06,5.2311078e-07,0.52311078,6.75772225e-07,9.95598373,10553.3427538,0.8795199886823714,6.75772225e-07,7.26573687e-07,0.726573687
696,3.70840783e-06,9.95190533,10549.0196498,0.8791596993911149,3.70840783e-06,5.23097938e-07,0.5230979379999999,6.75772225e-07,9.95597011,10553.3283166,0.8795187854800992,6.75772225e-07,7.26578954e-07,0.7265789539999999
697,3.70840783e-06,9.95174357,10548.8481842,0.8791454093764637,3.70840783e-06,5.2308572e-07,0.52308572,6.75772225e-07,9.95595816,10553.3156496,0.8795177298070336,6.75772225e-07,7.26584209e-07,0.726584209
698,3.70840783e-06,9.95158911,10548.6844566,0.8791317642499613,3.70840783e-06,5.23074137e-07,0.523074137,6.75772225e-07,9.95594873,10553.3056538,0.8795168967528907,6.75772225e-07,7.26589442e-07,0.726589442
699,3.70840783e-06,9.95143527,10548.5213862,0.8791181738947811,3.70840783e-06,5.23063197e-07,0.523063197,6.75772225e-07,9.95593846,10553.2947676,0.8795159894924403,6.75772225e-07,7.26594643e-07,0.726594643
700,3.70840783e-06,9.95127703,10548.3536518,0.8791041948398948,3.70840783e-06,5.23052883e-07,0.523052883,6.75772225e-07,9.95592653,10553.282121799999,0.8795149355861914,6.75772225e-07,7.26599815e-07,0.726599815
701,3.70840783e-06,9.95110975,10548.176335,0.879089417183794,3.70840783e-06,5.23043166e-07,0.523043166,6.75772225e-07,9.95591079,10553.265437400001,0.8795135451013337,6.75772225e-07,7.26604975e-07,0.726604975
702,3.70840783e-06,9.95094711,10548.0039366,0.8790750494292016,3.70840783e-06,5.23034001e-07,0.523034001,6.75772225e-07,9.95589647,10553.250258200002,0.879512280060472,6.75772225e-07,7.26610137e-07,0.726610137
703,3.70840783e-06,9.95078136,10547.8282416,0.8790604069345895,3.70840783e-06,5.2302537e-07,0.52302537,6.75772225e-07,9.95588059,10553.2334254,0.879510877207896,6.75772225e-07,7.266153e-07,0.7266153
704,3.70840783e-06,9.95062807,10547.665754200001,0.8790468651668727,3.70840783e-06,5.23017254e-07,0.523017254,6.75772225e-07,9.95586937,10553.221532200001,0.8795098860236454,6.75772225e-07,7.26620459e-07,0.7266204589999999
705,3.70840783e-06,9.95047994,10547.5087364,0.8790337792379018,3.70840783e-06,5.23009669e-07,0.523009669,6.75772225e-07,9.95586023,10553.211843800002,0.8795090785883468,6.75772225e-07,7.26625589e-07,0.7266255890000001
706,3.70840783e-06,9.950326,10547.34556,0.8790201800486375,3.70840783e-06,5.23002589e-07,0.523002589,6.75772225e-07,9.95584919,10553.2001414,0.8795081033054477,6.75772225e-07,7.26630687e-07,0.726630687
707,3.70840783e-06,9.95016657,10547.176564200001,0.8790060958681489,3.70840783e-06,5.22995963e-07,0.522995963,6.75772225e-07,9.95583584,10553.185990400001,0.879506923955203,6.75772225e-07,7.26635767e-07,0.726635767
708,3.70840783e-06,9.94999244,10546.9919864,0.8789907130772783,3.70840783e-06,5.22989732e-07,0.522989732,6.75772225e-07,9.9558158,10553.164748,0.879505153604723,6.75772225e-07,7.26640853e-07,0.726640853
709,3.70840783e-06,9.94982068,10546.8099208,0.878975539654204,3.70840783e-06,5.22983821e-07,0.522983821,6.75772225e-07,9.95579609,10553.1438554,0.8795034124067213,6.75772225e-07,7.2664597e-07,0.72664597
710,3.70840783e-06,9.94966368,10546.6435008,0.8789616701419621,3.70840783e-06,5.22978226e-07,0.522978226,6.75772225e-07,9.95578249,10553.129439400002,0.879502210971266,6.75772225e-07,7.266511e-07,0.7266511
711,3.70840783e-06,9.9495131,10546.483886,0.8789483677779278,3.70840783e-06,5.22972958e-07,0.522972958,6.75772225e-07,9.95577157,10553.1178642,0.879501246289268,6.75772225e-07,7.2665621e-07,0.72665621
712,3.70840783e-06,9.94934872,10546.3096432,0.8789338463102697,3.70840783e-06,5.22967976e-07,0.522967976,6.75772225e-07,9.95575599,10553.1013494,0.8794998699389448,6.75772225e-07,7.26661302e-07,0.726661302
713,3.70840783e-06,9.94917475,10546.125235,0.8789184776539339,3.70840783e-06,5.22963205e-07,0.522963205,6.75772225e-07,9.95573622,10553.0803932,0.8794981234404925,6.75772225e-07,7.26666407e-07,0.726666407
714,3.70840783e-06,9.9490018,10545.941907999999,0.8789031991052573,3.70840783e-06,5.22958593e-07,0.522958593,6.75772225e-07,9.95571631,10553.0592886,0.8794963645743221,6.75772225e-07,7.26671542e-07,0.726671542
715,3.70840783e-06,9.94882846,10545.758167599999,0.8788878861036521,3.70840783e-06,5.22954104e-07,0.522954104,6.75772225e-07,9.95569587,10553.0376222,0.8794945588875054,6.75772225e-07,7.26676704e-07,0.726676704
716,3.70840783e-06,9.94865619,10545.575561399999,0.8788726676267482,3.70840783e-06,5.22949703e-07,0.522949703,6.75772225e-07,9.95567568,10553.0162208,0.8794927752858993,6.75772225e-07,7.26681893e-07,0.7266818930000001
717,3.70840783e-06,9.94850502,10545.4153212,0.878859313141617,3.70840783e-06,5.22945388e-07,0.522945388,6.75772225e-07,9.95566483,10553.0047198,0.8794918167877602,6.75772225e-07,7.26687086e-07,0.726687086
718,3.70840783e-06,9.94834322,10545.2438132,0.8788450195933322,3.70840783e-06,5.22941171e-07,0.5229411709999999,6.75772225e-07,9.95565004,10552.9890424,0.8794905102267027,6.75772225e-07,7.26692257e-07,0.7266922570000001
719,3.70840783e-06,9.94816024,10545.0498544,0.8788288549860072,3.70840783e-06,5.22936974e-07,0.5229369739999999,6.75772225e-07,9.95562618,10552.9637508,0.8794884024142052,6.75772225e-07,7.2669744e-07,0.72669744
720,3.70840783e-06,9.94797557,10544.8541042,0.8788125410826587,3.70840783e-06,5.22932718e-07,0.522932718,6.75772225e-07,9.95560128,10552.9373568,0.8794862027272318,6.75772225e-07,7.2670267e-07,0.72670267
721,3.70840783e-06,9.94781715,10544.686179,0.8787985461264208,3.70840783e-06,5.22928399e-07,0.522928399,6.75772225e-07,9.95558744,10552.922686400001,0.8794849800899744,6.75772225e-07,7.26707932e-07,0.7267079320000001
722,3.70840783e-06,9.94764687,10544.5056822,0.8787835034477931,3.70840783e-06,5.22924036e-07,0.5229240359999999,6.75772225e-07,9.9555685,10552.90261,0.879483306914421,6.75772225e-07,7.26713192e-07,0.726713192
723,3.70840783e-06,9.94744721,10544.2940426,0.8787658653152185,3.70840783e-06,5.22919549e-07,0.5229195489999999,6.75772225e-07,9.95553687,10552.869082199999,0.8794805126935789,6.75772225e-07,7.26718493e-07,0.726718493
724,3.70840783e-06,9.94727756,10544.1142136,0.8787508782913215,3.70840783e-06,5.22914894e-07,0.522914894,6.75772225e-07,9.95551802,10552.8491012,0.8794788474687015,6.75772225e-07,7.26723853e-07,0.726723853
725,3.70840783e-06,9.94712234,10543.9496804,0.8787371660257788,3.70840783e-06,5.22910138e-07,0.5229101380000001,6.75772225e-07,9.95550512,10552.8354272,0.8794777078718358,6.75772225e-07,7.26729211e-07,0.7267292110000001
726,3.70840783e-06,9.94695486,10543.7721516,0.8787223707015097,3.70840783e-06,5.22905284e-07,0.522905284,6.75772225e-07,9.95548743,10552.8166758,0.8794761451223355,6.75772225e-07,7.26734556e-07,0.7267345559999999
727,3.70840783e-06,9.94676984,10543.5760304,0.8787060258788664,3.70840783e-06,5.22900267e-07,0.522900267,6.75772225e-07,9.955462,10552.78972,0.8794738986147157,6.75772225e-07,7.26739925e-07,0.726739925
728,3.70840783e-06,9.94658044,10543.3752664,0.8786892941233339,3.70840783e-06,5.22895039e-07,0.522895039,6.75772225e-07,9.95543393,10552.7599658,0.8794714188872721,6.75772225e-07,7.26745353e-07,0.7267453530000001
729,3.70840783e-06,9.94640876,10543.1932856,0.878674127767527,3.70840783e-06,5.22889605e-07,0.522889605,6.75772225e-07,9.95541362,10552.7384372,0.8794696246847649,6.75772225e-07,7.26750828e-07,0.726750828
730,3.70840783e-06,9.94625446,10543.0297276,0.8786604967755594,3.70840783e-06,5.22884014e-07,0.5228840140000001,6.75772225e-07,9.9554006,10552.724636,0.8794684744869982,6.75772225e-07,7.26756306e-07,0.726756306
731,3.70840783e-06,9.94609462,10542.8602972,0.8786463763753254,3.70840783e-06,5.22878299e-07,0.5228782989999999,6.75772225e-07,9.95538499,10552.708089400001,0.8794670954864497,6.75772225e-07,7.26761763e-07,0.726761763
732,3.70840783e-06,9.94592088,10542.6761328,0.8786310280373831,3.70840783e-06,5.22872439e-07,0.522872439,6.75772225e-07,9.95536363,10552.6854478,0.8794652085260581,6.75772225e-07,7.26767221e-07,0.726767221
733,3.70840783e-06,9.9457404,10542.484824,0.878615084282164,3.70840783e-06,5.22866402e-07,0.522866402,6.75772225e-07,9.95533898,10552.6593188,0.8794630309242953,6.75772225e-07,7.26772715e-07,0.726772715
734,3.70840783e-06,9.9455658,10542.299748000001,0.8785996599710977,3.70840783e-06,5.22860176e-07,0.522860176,6.75772225e-07,9.95531649,10552.6354794,0.8794610441387518,6.75772225e-07,7.26778251e-07,0.7267782509999999
735,3.70840783e-06,9.94540236,10542.1265016,0.8785852215438312,3.70840783e-06,5.22853786e-07,0.522853786,6.75772225e-07,9.95529829,10552.6161874,0.8794594363354219,6.75772225e-07,7.2678381e-07,0.72678381
736,3.70840783e-06,9.9452499,10541.964894,0.8785717530990135,3.70840783e-06,5.22847284e-07,0.522847284,6.75772225e-07,9.95528458,10552.6016548,0.879458225182474,6.75772225e-07,7.26789364e-07,0.726789364
737,3.70840783e-06,9.94509837,10541.804272200001,0.878558366811179,3.70840783e-06,5.22840728e-07,0.522840728,6.75772225e-07,9.95527117,10552.587440199999,0.8794570405317785,6.75772225e-07,7.26794896e-07,0.726794896
738,3.70840783e-06,9.94494679,10541.6435974,0.8785449761063023,3.70840783e-06,5.2283414e-07,0.52283414,6.75772225e-07,9.95525807,10552.573554199998,0.8794558832667443,6.75772225e-07,7.26800406e-07,0.726800406
739,3.70840783e-06,9.94477745,10541.464097,0.8785300164680665,3.70840783e-06,5.22827494e-07,0.522827494,6.75772225e-07,9.95523649,10552.550679400001,0.8794539768713675,6.75772225e-07,7.26805914e-07,0.726805914
740,3.70840783e-06,9.94463429,10541.3123474,0.8785173695930821,3.70840783e-06,5.22820788e-07,0.522820788,6.75772225e-07,9.9552259,10552.539454,0.8794530413418474,6.75772225e-07,7.26811429e-07,0.7268114290000001
741,3.70840783e-06,9.94449424,10541.163894399999,0.8785049974581172,3.70840783e-06,5.22814135e-07,0.5228141350000001,6.75772225e-07,9.95521607,10552.5290342,0.8794521729513676,6.75772225e-07,7.26816908e-07,0.726816908
742,3.70840783e-06,9.94435387,10541.015102200001,0.878492597054083,3.70840783e-06,5.22807557e-07,0.522807557,6.75772225e-07,9.95520596,10552.518317600001,0.8794512798254519,6.75772225e-07,7.2682235e-07,0.7268223500000001
743,3.70840783e-06,9.94421911,10540.872256600001,0.8784806922421741,3.70840783e-06,5.22801069e-07,0.522801069,6.75772225e-07,9.95519826,10552.510155599999,0.879450599600966,6.75772225e-07,7.26827752e-07,0.7268277519999999
744,3.70840783e-06,9.94409148,10540.736968800002,0.8784694173004707,3.70840783e-06,5.2279472e-07,0.52279472,6.75772225e-07,9.95519319,10552.504781399999,0.8794501517128955,6.75772225e-07,7.26833105e-07,0.726833105
745,3.70840783e-06,9.94396057,10540.5982042,0.8784578526008044,3.70840783e-06,5.22788555e-07,0.522788555,6.75772225e-07,9.95518589,10552.497043399999,0.8794495068247467,6.75772225e-07,7.26838402e-07,0.726838402
746,3.70840783e-06,9.94383691,10540.4671246,0.878446928372245,3.70840783e-06,5.22782597e-07,0.522782597,6.75772225e-07,9.95518117,10552.492040199999,0.879449089855971,6.75772225e-07,7.26843648e-07,0.726843648
747,3.70840783e-06,9.94372255,10540.345903000001,0.8784368257135191,3.70840783e-06,5.227769e-07,0.5227769,6.75772225e-07,9.95518021,10552.4910226,0.8794490050487624,6.75772225e-07,7.26848828e-07,0.726848828
748,3.70840783e-06,9.94361318,10540.2299708,0.878427163875596,3.70840783e-06,5.22771506e-07,0.522771506,6.75772225e-07,9.95518121,10552.4920826,0.8794490933896048,6.75772225e-07,7.26853926e-07,0.726853926
749,3.70840783e-06,9.94351453,10540.1254018,0.8784184490515028,3.70840783e-06,5.22766461e-07,0.522766461,6.75772225e-07,9.95518651,10552.4977006,0.8794495615960691,6.75772225e-07,7.26858932e-07,0.726858932
750,3.70840783e-06,9.94341715,10540.022179,0.8784098464202791,3.70840783e-06,5.22761829e-07,0.522761829,6.75772225e-07,9.95519187,10552.5033822,0.8794500351029838,6.75772225e-07,7.26863829e-07,0.7268638289999999
751,3.70840783e-06,9.94332741,10539.9270546,0.8784019187130907,3.70840783e-06,5.22757643e-07,0.5227576429999999,6.75772225e-07,9.95519999,10552.5119894,0.8794507524306233,6.75772225e-07,7.26868617e-07,0.7268686169999999
752,3.70840783e-06,9.94323997,10539.834368200001,0.8783941941898397,3.70840783e-06,5.2275395e-07,0.52275395,6.75772225e-07,9.95520842,10552.5209252,0.879451497143924,6.75772225e-07,7.26873286e-07,0.726873286
753,3.70840783e-06,9.94316056,10539.7501936,0.8783871790435521,3.70840783e-06,5.22750771e-07,0.522750771,6.75772225e-07,9.9552201,10552.533306,0.879452528964962,6.75772225e-07,7.26877832e-07,0.726877832
754,3.70840783e-06,9.94309037,10539.6757922,0.8783809783998306,3.70840783e-06,5.22748147e-07,0.522748147,6.75772225e-07,9.95523558,10552.5497148,0.8794538964812009,6.75772225e-07,7.26882241e-07,0.726882241
755,3.70840783e-06,9.94302768,10539.6093408,0.8783754403124265,3.70840783e-06,5.22746127e-07,0.522746127,6.75772225e-07,9.95525381,10552.5690386,0.8794555069347562,6.75772225e-07,7.26886497e-07,0.726886497
756,3.70840783e-06,9.94296952,10539.5476912,0.8783703024090381,3.70840783e-06,5.22744755e-07,0.5227447550000001,6.75772225e-07,9.9552734,10552.589804,0.8794572375318569,6.75772225e-07,7.26890589e-07,0.726890589
757,3.70840783e-06,9.9429185,10539.49361,0.8783657952592637,3.70840783e-06,5.22744062e-07,0.522744062,6.75772225e-07,9.95529568,10552.6134208,0.8794592057658235,6.75772225e-07,7.26894512e-07,0.726894512
758,3.70840783e-06,9.94287228,10539.4446168,0.8783617121455324,3.70840783e-06,5.22744076e-07,0.522744076,6.75772225e-07,9.95531968,10552.6388608,0.8794613259460388,6.75772225e-07,7.26898256e-07,0.726898256
759,3.70840783e-06,9.94283246,10539.4024076,0.8783581944131919,3.70840783e-06,5.22744812e-07,0.522744812,6.75772225e-07,9.95534609,10552.6668554,0.8794636590276841,6.75772225e-07,7.26901815e-07,0.726901815
760,3.70840783e-06,9.94279594,10539.3636964,0.8783549682056309,3.70840783e-06,5.22746278e-07,0.5227462780000001,6.75772225e-07,9.95537347,10552.6958782,0.8794660777999463,6.75772225e-07,7.26905183e-07,0.7269051830000001
761,3.70840783e-06,9.94276974,10539.335924399998,0.8783526536755624,3.70840783e-06,5.2274849e-07,0.52274849,6.75772225e-07,9.95540494,10552.729236399999,0.8794688578862536,6.75772225e-07,7.26908354e-07,0.726908354
762,3.70840783e-06,9.94275444,10539.3197064,0.8783513020606751,3.70840783e-06,5.22751497e-07,0.522751497,6.75772225e-07,9.95544088,10552.7673328,0.8794720328561262,6.75772225e-07,7.26911307e-07,0.7269113070000001
763,3.70840783e-06,9.94273859,10539.3029054,0.8783499018583246,3.70840783e-06,5.22755322e-07,0.5227553220000001,6.75772225e-07,9.95547609,10552.8046554,0.8794751433371837,6.75772225e-07,7.26914031e-07,0.726914031
764,3.70840783e-06,9.94272257,10539.285924200001,0.878348486638031,3.70840783e-06,5.22759917e-07,0.522759917,6.75772225e-07,9.95551067,10552.841310200001,0.8794781981635107,6.75772225e-07,7.26916536e-07,0.7269165360000001
765,3.70840783e-06,9.94271496,10539.2778576,0.878347814364221,3.70840783e-06,5.22765259e-07,0.5227652589999999,6.75772225e-07,9.95554857,10552.8814842,0.8794815462814339,6.75772225e-07,7.26918824e-07,0.726918824
766,3.70840783e-06,9.94271415,10539.276999,0.8783477428081387,3.70840783e-06,5.22771371e-07,0.522771371,6.75772225e-07,9.955589,10552.92434,0.8794851179016883,6.75772225e-07,7.26920882e-07,0.726920882
767,3.70840783e-06,9.94271653,10539.279521800001,0.8783479530593435,3.70840783e-06,5.22778246e-07,0.522778246,6.75772225e-07,9.95563033,10552.968149799999,0.8794887690287008,6.75772225e-07,7.26922703e-07,0.726922703
768,3.70840783e-06,9.94272105,10539.284313,0.8783483523599507,3.70840783e-06,5.22785851e-07,0.522785851,6.75772225e-07,9.95567213,10553.0124578,0.8794924616759091,6.75772225e-07,7.26924288e-07,0.726924288
769,3.70840783e-06,9.94273047,10539.2942982,0.8783491845306852,3.70840783e-06,5.22794154e-07,0.522794154,6.75772225e-07,9.95571567,10553.0586102,0.8794963080361831,6.75772225e-07,7.26925637e-07,0.726925637
770,3.70840783e-06,9.9427444,10539.309064000001,0.8783504151186186,3.70840783e-06,5.22803143e-07,0.522803143,6.75772225e-07,9.95576076,10553.1064056,0.8795002913247626,6.75772225e-07,7.26926744e-07,0.726926744
771,3.70840783e-06,9.94276073,10539.3263738,0.8783518577245734,3.70840783e-06,5.22812795e-07,0.522812795,6.75772225e-07,9.95580637,10553.1547522,0.8795043205505801,6.75772225e-07,7.26927609e-07,0.726927609
772,3.70840783e-06,9.94277856,10539.3452736,0.8783534328417916,3.70840783e-06,5.22823068e-07,0.522823068,6.75772225e-07,9.95585207,10553.203194200001,0.8795083577270736,6.75772225e-07,7.26928234e-07,0.7269282340000001
773,3.70840783e-06,9.94279819,10539.3660814,0.878355166972526,3.70840783e-06,5.22833916e-07,0.522833916,6.75772225e-07,9.95589798,10553.2518588,0.8795124134551437,6.75772225e-07,7.26928622e-07,0.7269286220000001
774,3.70840783e-06,9.94282092,10539.3901752,0.8783571749598716,3.70840783e-06,5.22845295e-07,0.522845295,6.75772225e-07,9.95594471,10553.3013926,0.8795165416227047,6.75772225e-07,7.26928775e-07,0.726928775
775,3.70840783e-06,9.94284455,10539.415223,0.8783592624539753,3.70840783e-06,5.22857164e-07,0.522857164,6.75772225e-07,9.95599124,10553.3507144,0.8795206521220971,6.75772225e-07,7.26928696e-07,0.726928696
776,3.70840783e-06,9.94287568,10539.4482208,0.8783620125043963,3.70840783e-06,5.22869491e-07,0.522869491,6.75772225e-07,9.95604079,10553.4032374,0.8795250294108333,6.75772225e-07,7.26928383e-07,0.7269283830000001
777,3.70840783e-06,9.94289823,10539.4721238,0.8783640045903902,3.70840783e-06,5.22882229e-07,0.522882229,6.75772225e-07,9.95608537,10553.4504922,0.8795289676455832,6.75772225e-07,7.26927839e-07,0.7269278389999999
778,3.70840783e-06,9.94292715,10539.502778999999,0.8783665594075496,3.70840783e-06,5.2289528e-07,0.5228952800000001,6.75772225e-07,9.95613239,10553.500333400001,0.8795331214319885,6.75772225e-07,7.26927081e-07,0.7269270809999999
779,3.70840783e-06,9.94295509,10539.5323954,0.8783690276506836,3.70840783e-06,5.22908624e-07,0.522908624,6.75772225e-07,9.95617817,10553.548860199999,0.879537165675749,6.75772225e-07,7.26926107e-07,0.726926107
780,3.70840783e-06,9.94298243,10539.5613758,0.8783714428893122,3.70840783e-06,5.22922194e-07,0.5229221940000001,6.75772225e-07,9.9562229,10553.596274,0.8795411171616254,6.75772225e-07,7.26924926e-07,0.726924926
781,3.70840783e-06,9.94301152,10539.5922112,0.878374012724415,3.70840783e-06,5.2293593e-07,0.52293593,6.75772225e-07,9.95626814,10553.6442284,0.8795451137013314,6.75772225e-07,7.26923545e-07,0.726923545
782,3.70840783e-06,9.94304146,10539.6239476,0.8783766576492334,3.70840783e-06,5.22949787e-07,0.5229497869999999,6.75772225e-07,9.95631283,10553.6915998,0.8795490616535739,6.75772225e-07,7.26921967e-07,0.726921967
783,3.70840783e-06,9.9430716,10539.655896,0.8783793202422207,3.70840783e-06,5.22963716e-07,0.522963716,6.75772225e-07,9.95635663,10553.7380278,0.8795529309824669,6.75772225e-07,7.26920198e-07,0.726920198
784,3.70840783e-06,9.94309928,10539.6852368,0.8783817655167356,3.70840783e-06,5.22977655e-07,0.5229776549999999,6.75772225e-07,9.9563982,10553.782092000001,0.8795566033112816,6.75772225e-07,7.26918247e-07,0.726918247
785,3.70840783e-06,9.94312914,10539.7168884,0.8783844033742869,3.70840783e-06,5.22991545e-07,0.522991545,6.75772225e-07,9.95644072,10553.8271632,0.8795603595638962,6.75772225e-07,7.26916123e-07,0.726916123
786,3.70840783e-06,9.94315656,10539.7459536,0.8783868256801829,3.70840783e-06,5.23005345e-07,0.5230053450000001,6.75772225e-07,9.95648139,10553.8702734,0.8795639523859529,6.75772225e-07,7.2691383e-07,0.72691383
787,3.70840783e-06,9.94318234,10539.7732804,0.8783891031070975,3.70840783e-06,5.23018987e-07,0.5230189869999999,6.75772225e-07,9.95652037,10553.9115922,0.8795673959119858,6.75772225e-07,7.26911382e-07,0.7269113819999999
788,3.70840783e-06,9.94320798,10539.8004588,0.8783913681662942,3.70840783e-06,5.23032415e-07,0.523032415,6.75772225e-07,9.95655834,10553.951840400001,0.8795707502137683,6.75772225e-07,7.26908788e-07,0.726908788
789,3.70840783e-06,9.94323828,10539.8325768,0.878394044893816,3.70840783e-06,5.23045595e-07,0.523045595,6.75772225e-07,9.95659776,10553.9936256,0.8795742326097719,6.75772225e-07,7.26906049e-07,0.726906049
790,3.70840783e-06,9.94325892,10539.8544552,0.8783958682488012,3.70840783e-06,5.2305849e-07,0.52305849,6.75772225e-07,9.95663203,10554.0299518,0.8795772600504376,6.75772225e-07,7.26903171e-07,0.726903171
791,3.70840783e-06,9.94328082,10539.8776692,0.8783978029132475,3.70840783e-06,5.23071024e-07,0.523071024,6.75772225e-07,9.95666604,10554.0660024,0.8795802645224845,6.75772225e-07,7.26900177e-07,0.726900177
792,3.70840783e-06,9.94330564,10539.9039784,0.8783999955329537,3.70840783e-06,5.23083158e-07,0.523083158,6.75772225e-07,9.9567011,10554.103166,0.8795833617524157,6.75772225e-07,7.26897065e-07,0.7268970650000001
793,3.70840783e-06,9.94332482,10539.924309200002,0.8784016899103092,3.70840783e-06,5.23094868e-07,0.523094868,6.75772225e-07,9.95673258,10554.1365348,0.8795861427221314,6.75772225e-07,7.26893842e-07,0.726893842
794,3.70840783e-06,9.94334488,10539.9455728,0.8784034620276057,3.70840783e-06,5.23106107e-07,0.523106107,6.75772225e-07,9.95676392,10554.1697552,0.8795889113241293,6.75772225e-07,7.26890522e-07,0.726890522
795,3.70840783e-06,9.94336006,10539.9616636,0.8784048030415919,3.70840783e-06,5.23116841e-07,0.523116841,6.75772225e-07,9.95679208,10554.1996048,0.8795913990022486,6.75772225e-07,7.26887111e-07,0.726887111
796,3.70840783e-06,9.94337813,10539.980817799998,0.8784063993606123,3.70840783e-06,5.23127029e-07,0.5231270290000001,6.75772225e-07,9.95682124,10554.2305144,0.8795939750212102,6.75772225e-07,7.26883619e-07,0.726883619
797,3.70840783e-06,9.94339406,10539.9977036,0.8784078066302302,3.70840783e-06,5.23136651e-07,0.523136651,6.75772225e-07,9.95684874,10554.2596644,0.8795964043943736,6.75772225e-07,7.26880048e-07,0.7268800480000001
798,3.70840783e-06,9.94340713,10540.0115578,0.8784089612450392,3.70840783e-06,5.23145675e-07,0.523145675,6.75772225e-07,9.95687427,10554.2867262,0.8795986597360776,6.75772225e-07,7.26876406e-07,0.726876406
799,3.70840783e-06,9.94341789,10540.022963399999,0.8784099117925023,3.70840783e-06,5.23154072e-07,0.523154072,6.75772225e-07,9.95689817,10554.3120602,0.8796007710822087,6.75772225e-07,7.26872705e-07,0.726872705
800,3.70840783e-06,9.94342692,10540.0325352,0.8784107095103084,3.70840783e-06,5.23161821e-07,0.523161821,6.75772225e-07,9.95692081,10554.3360586,0.8796027711188784,6.75772225e-07,7.26868953e-07,0.726868953
801,3.70840783e-06,9.94343474,10540.040824400001,0.8784114003356953,3.70840783e-06,5.23168905e-07,0.523168905,6.75772225e-07,9.95694228,10554.3588168,0.8796046677967628,6.75772225e-07,7.26865158e-07,0.726865158
802,3.70840783e-06,9.94344112,10540.047587199999,0.878411963950269,3.70840783e-06,5.23175308e-07,0.523175308,6.75772225e-07,9.95696265,10554.380409,0.8796064672997205,6.75772225e-07,7.26861325e-07,0.726861325
803,3.70840783e-06,9.94344886,10540.0557916,0.8784126477083886,3.70840783e-06,5.23181018e-07,0.5231810179999999,6.75772225e-07,9.95698311,10554.402096599999,0.879608274753354,6.75772225e-07,7.26857457e-07,0.726857457
804,3.70840783e-06,9.94345421,10540.0614626,0.878413120331895,3.70840783e-06,5.23186031e-07,0.5231860309999999,6.75772225e-07,9.95700215,10554.422278999999,0.8796099567629915,6.75772225e-07,7.26853556e-07,0.7268535559999999
805,3.70840783e-06,9.94345577,10540.063116199999,0.8784132581436088,3.70840783e-06,5.23190336e-07,0.523190336,6.75772225e-07,9.95701903,10554.440171799999,0.8796114479564096,6.75772225e-07,7.26849631e-07,0.726849631
806,3.70840783e-06,9.94345091,10540.057964599999,0.8784128288071152,3.70840783e-06,5.2319392e-07,0.52319392,6.75772225e-07,9.95703244,10554.4543864,0.879612632607105,6.75772225e-07,7.26845697e-07,0.726845697
807,3.70840783e-06,9.94345372,10540.0609432,0.8784130770448821,3.70840783e-06,5.23196784e-07,0.523196784,6.75772225e-07,9.95704904,10554.471982399999,0.8796140990650871,6.75772225e-07,7.26841761e-07,0.7268417610000001
808,3.70840783e-06,9.94345362,10540.060837199999,0.8784130682107979,3.70840783e-06,5.23198946e-07,0.523198946,6.75772225e-07,9.95706391,10554.487744600001,0.8796154126934124,6.75772225e-07,7.26837812e-07,0.726837812
809,3.70840783e-06,9.94344497,10540.0516682,0.878412304062512,3.70840783e-06,5.23200403e-07,0.523200403,6.75772225e-07,9.95707444,10554.4989064,0.8796163429224818,6.75772225e-07,7.26833864e-07,0.7268338639999999
810,3.70840783e-06,9.94344154,10540.0480324,0.8784120010534229,3.70840783e-06,5.23201156e-07,0.523201156,6.75772225e-07,9.9570871,10554.512326,0.8796174613175454,6.75772225e-07,7.26829928e-07,0.726829928
811,3.70840783e-06,9.94343552,10540.0416512,0.8784114692415522,3.70840783e-06,5.23201223e-07,0.523201223,6.75772225e-07,9.95709827,10554.524166199999,0.8796184480847539,6.75772225e-07,7.26825999e-07,0.726825999
812,3.70840783e-06,9.9434225,10540.02785,0.8784103190437854,3.70840783e-06,5.23200608e-07,0.523200608,6.75772225e-07,9.95710573,10554.532073800001,0.8796191071074376,6.75772225e-07,7.26822087e-07,0.7268220870000001
813,3.70840783e-06,9.94341612,10540.0210872,0.8784097554292116,3.70840783e-06,5.23199326e-07,0.523199326,6.75772225e-07,9.95711607,10554.5430342,0.8796200205517469,6.75772225e-07,7.26818201e-07,0.726818201
814,3.70840783e-06,9.94340678,10540.0111868,0.8784089303257444,3.70840783e-06,5.23197406e-07,0.5231974060000001,6.75772225e-07,9.95712477,10554.5522562,0.879620789117075,6.75772225e-07,7.2681433e-07,0.72681433
815,3.70840783e-06,9.94339332,10539.9969192,0.878407741258007,3.70840783e-06,5.23194863e-07,0.5231948630000001,6.75772225e-07,9.95713123,10554.5591038,0.8796213597989163,6.75772225e-07,7.26810485e-07,0.726810485
816,3.70840783e-06,9.94337962,10539.9823972,0.8784065309884673,3.70840783e-06,5.23191713e-07,0.523191713,6.75772225e-07,9.95713707,10554.5652942,0.8796218757094353,6.75772225e-07,7.26806673e-07,0.726806673
817,3.70840783e-06,9.94336352,10539.965331200001,0.8784051087009064,3.70840783e-06,5.23187979e-07,0.523187979,6.75772225e-07,9.95714201,10554.5705306,0.8796223121131963,6.75772225e-07,7.26802897e-07,0.726802897
818,3.70840783e-06,9.94334555,10539.946283,0.87840352121597,3.70840783e-06,5.23183682e-07,0.523183682,6.75772225e-07,9.95714578,10554.5745268,0.8796226451581718,6.75772225e-07,7.26799163e-07,0.726799163
819,3.70840783e-06,9.94332935,10539.929111000001,0.8784020900943248,3.70840783e-06,5.23178847e-07,0.523178847,6.75772225e-07,9.9571499,10554.578893999998,0.879623009122442,6.75772225e-07,7.26795475e-07,0.726795475
820,3.70840783e-06,9.943313,10539.91178,0.8784006457215531,3.70840783e-06,5.2317351e-07,0.52317351,6.75772225e-07,9.95715359,10554.582805400001,0.8796233351001503,6.75772225e-07,7.26791827e-07,0.726791827
821,3.70840783e-06,9.94329587,10539.8936222,0.8783991324429243,3.70840783e-06,5.23167703e-07,0.5231677029999999,6.75772225e-07,9.95715669,10554.5860914,0.8796236089567614,6.75772225e-07,7.26788219e-07,0.726788219
822,3.70840783e-06,9.94327783,10539.8744998,0.8783975387741292,3.70840783e-06,5.23161462e-07,0.523161462,6.75772225e-07,9.95715954,10554.589112399999,0.8796238607281619,6.75772225e-07,7.26784652e-07,0.726784652
823,3.70840783e-06,9.94325247,10539.8476182,0.8783952984503682,3.70840783e-06,5.23154803e-07,0.523154803,6.75772225e-07,9.95715846,10554.5879676,0.8796237653200523,6.75772225e-07,7.26781137e-07,0.726781137
824,3.70840783e-06,9.9432284,10539.822104,0.8783931720862941,3.70840783e-06,5.23147732e-07,0.523147732,6.75772225e-07,9.95715788,10554.587352800001,0.8796237140823638,6.75772225e-07,7.26777687e-07,0.726777687
825,3.70840783e-06,9.9432073,10539.799738,0.8783913080945214,3.70840783e-06,5.23140301e-07,0.523140301,6.75772225e-07,9.9571586,10554.588115999999,0.8796237776877701,6.75772225e-07,7.26774297e-07,0.726774297
826,3.70840783e-06,9.9431882,10539.779492,0.8783896207844334,3.70840783e-06,5.23132571e-07,0.523132571,6.75772225e-07,9.95715997,10554.5895682,0.879623898714724,6.75772225e-07,7.26770956e-07,0.726770956
827,3.70840783e-06,9.9431659,10539.755854,0.87838765078365,3.70840783e-06,5.23124575e-07,0.523124575,6.75772225e-07,9.95715947,10554.5890382,0.8796238545443029,6.75772225e-07,7.26767662e-07,0.726767662
828,3.70840783e-06,9.94313867,10539.726990199999,0.8783852452625139,3.70840783e-06,5.23116314e-07,0.523116314,6.75772225e-07,9.95715642,10554.5858052,0.8796235851047339,6.75772225e-07,7.26764426e-07,0.726764426
829,3.70840783e-06,9.94311036,10539.6969816,0.8783827443332684,3.70840783e-06,5.23107798e-07,0.5231077980000001,6.75772225e-07,9.95715277,10554.5819362,0.8796232626606595,6.75772225e-07,7.26761259e-07,0.726761259
830,3.70840783e-06,9.94308081,10539.665658599999,0.8783801338613781,3.70840783e-06,5.23099063e-07,0.523099063,6.75772225e-07,9.95714843,10554.5773358,0.8796228792614039,6.75772225e-07,7.26758165e-07,0.726758165
831,3.70840783e-06,9.94305782,10539.6412892,0.8783781029054137,3.70840783e-06,5.2309016e-07,0.52309016,6.75772225e-07,9.95714724,10554.5760744,0.8796227741358016,6.75772225e-07,7.26755137e-07,0.7267551369999999
832,3.70840783e-06,9.94303603,10539.6181918,0.8783761779584599,3.70840783e-06,5.2308117e-07,0.52308117,6.75772225e-07,9.95714628,10554.5750568,0.879622689328593,6.75772225e-07,7.26752161e-07,0.726752161
833,3.70840783e-06,9.94301009,10539.5906954,0.8783738863970104,3.70840783e-06,5.23072119e-07,0.523072119,6.75772225e-07,9.9571431,10554.571686,0.8796224084047144,6.75772225e-07,7.26749238e-07,0.7267492379999999
834,3.70840783e-06,9.9429808,10539.559648,0.8783712988937393,3.70840783e-06,5.23062995e-07,0.5230629950000001,6.75772225e-07,9.95713809,10554.566375400002,0.8796219658170946,6.75772225e-07,7.2674638e-07,0.7267463799999999
835,3.70840783e-06,9.94294978,10539.5267668,0.878368558560811,3.70840783e-06,5.23053806e-07,0.523053806,6.75772225e-07,9.95713213,10554.5600578,0.8796214393056743,6.75772225e-07,7.26743594e-07,0.726743594
836,3.70840783e-06,9.94291955,10539.494723,0.8783658880171481,3.70840783e-06,5.23044582e-07,0.5230445819999999,6.75772225e-07,9.95712656,10554.5541536,0.8796209472471828,6.75772225e-07,7.26740881e-07,0.726740881
837,3.70840783e-06,9.94288675,10539.459955,0.8783629904375205,3.70840783e-06,5.23035347e-07,0.523035347,6.75772225e-07,9.95711937,10554.546532199998,0.8796203120765264,6.75772225e-07,7.26738243e-07,0.726738243
838,3.70840783e-06,9.94285917,10539.4307202,0.8783605539970898,3.70840783e-06,5.23026126e-07,0.523026126,6.75772225e-07,9.95711459,10554.5414654,0.8796198898073003,6.75772225e-07,7.26735678e-07,0.726735678
839,3.70840783e-06,9.94283479,10539.404877399998,0.8783584002473542,3.70840783e-06,5.23017011e-07,0.523017011,6.75772225e-07,9.95711134,10554.538020400001,0.879619602699563,6.75772225e-07,7.26733171e-07,0.726733171
840,3.70840783e-06,9.94280888,10539.377412799999,0.8783561113361301,3.70840783e-06,5.23008053e-07,0.523008053,6.75772225e-07,9.95710734,10554.533780400001,0.8796192493361937,6.75772225e-07,7.26730719e-07,0.726730719
841,3.70840783e-06,9.94277701,10539.3436306,0.878353295913486,3.70840783e-06,5.22999241e-07,0.5229992410000001,6.75772225e-07,9.95709993,10554.5259258,0.8796185947305522,6.75772225e-07,7.26728329e-07,0.7267283290000001
842,3.70840783e-06,9.94274128,10539.3057568,0.8783501394951905,3.70840783e-06,5.22990522e-07,0.5229905220000001,6.75772225e-07,9.95709063,10554.5160678,0.8796177731607187,6.75772225e-07,7.26726017e-07,0.726726017
843,3.70840783e-06,9.94270872,10539.2712432,0.8783472631173651,3.70840783e-06,5.229819e-07,0.5229819,6.75772225e-07,9.95708274,10554.5077044,0.879617076151473,6.75772225e-07,7.26723785e-07,0.7267237849999999
844,3.70840783e-06,9.9426793,10539.240058,0.8783446641297844,3.70840783e-06,5.22973448e-07,0.522973448,6.75772225e-07,9.95707622,10554.500793199999,0.879616500169181,6.75772225e-07,7.26721625e-07,0.7267216249999999
845,3.70840783e-06,9.94265132,10539.2103992,0.8783421923530167,3.70840783e-06,5.22965224e-07,0.522965224,6.75772225e-07,9.95707028,10554.4944968,0.8796159754245778,6.75772225e-07,7.26719527e-07,0.726719527
846,3.70840783e-06,9.94262305,10539.180433,0.8783396949574047,3.70840783e-06,5.22957251e-07,0.522957251,6.75772225e-07,9.95706411,10554.4879566,0.8796154303615807,6.75772225e-07,7.26717489e-07,0.726717489
847,3.70840783e-06,9.9425924,10539.147944,0.8783369873105881,3.70840783e-06,5.22949529e-07,0.522949529,6.75772225e-07,9.95705663,10554.4800278,0.8796147695720803,6.75772225e-07,7.26715514e-07,0.726715514
848,3.70840783e-06,9.94255911,10539.1126566,0.8783340464439477,3.70840783e-06,5.22942036e-07,0.522942036,6.75772225e-07,9.95704767,10554.4705302,0.8796139780381332,6.75772225e-07,7.26713607e-07,0.726713607
849,3.70840783e-06,9.94252562,10539.0771572,0.8783310879091389,3.70840783e-06,5.22934766e-07,0.522934766,6.75772225e-07,9.95703846,10554.4607676,0.8796131644189756,6.75772225e-07,7.26711775e-07,0.7267117750000001
850,3.70840783e-06,9.94249382,10539.043449199999,0.8783282786703536,3.70840783e-06,5.22927742e-07,0.522927742,6.75772225e-07,9.95702994,10554.4517364,0.8796124117549993,6.75772225e-07,7.26710015e-07,0.726710015
851,3.70840783e-06,9.94246346,10539.0112676,0.8783255966423814,3.70840783e-06,5.22921001e-07,0.5229210009999999,6.75772225e-07,9.95702199,10554.4433094,0.8796117094453029,6.75772225e-07,7.26708322e-07,0.726708322
852,3.70840783e-06,9.94243314,10538.9791284,0.8783229181480426,3.70840783e-06,5.22914559e-07,0.522914559,6.75772225e-07,9.95701394,10554.4347764,0.8796109983015222,6.75772225e-07,7.26706692e-07,0.726706692
853,3.70840783e-06,9.94240178,10538.9458868,0.878320147779228,3.70840783e-06,5.22908408e-07,0.522908408,6.75772225e-07,9.95700525,10554.425565,0.8796102306196026,6.75772225e-07,7.26705126e-07,0.726705126
854,3.70840783e-06,9.94236885,10538.910980999999,0.8783172387152908,3.70840783e-06,5.22902536e-07,0.522902536,6.75772225e-07,9.95699579,10554.4155374,0.8796093949152345,6.75772225e-07,7.26703628e-07,0.726703628
855,3.70840783e-06,9.94233718,10538.877410800002,0.8783144409608151,3.70840783e-06,5.22896948e-07,0.5228969480000001,6.75772225e-07,9.95698663,10554.4058278,0.879608585713119,6.75772225e-07,7.26702199e-07,0.726702199
856,3.70840783e-06,9.94230506,10538.8433636,0.8783116034529602,3.70840783e-06,5.22891667e-07,0.522891667,6.75772225e-07,9.95697714,10554.3957684,0.8796077473585255,6.75772225e-07,7.26700837e-07,0.726700837
857,3.70840783e-06,9.94227335,10538.809751,0.8783088021648507,3.70840783e-06,5.22886682e-07,0.522886682,6.75772225e-07,9.95696767,10554.3857302,0.8796069107707488,6.75772225e-07,7.26699541e-07,0.726699541
858,3.70840783e-06,9.94224264,10538.7771984,0.8783060892175835,3.70840783e-06,5.22881998e-07,0.522881998,6.75772225e-07,9.95695858,10554.3760948,0.8796061077524924,6.75772225e-07,7.26698309e-07,0.726698309
859,3.70840783e-06,9.94221334,10538.7461404,0.878303500830904,3.70840783e-06,5.22877634e-07,0.522877634,6.75772225e-07,9.95695016,10554.3671696,0.8796053639226001,6.75772225e-07,7.26697137e-07,0.7266971369999999
860,3.70840783e-06,9.94218291,10538.7138846,0.8783008126190727,3.70840783e-06,5.22873595e-07,0.5228735950000001,6.75772225e-07,9.95694104,10554.3575024,0.8796045582541183,6.75772225e-07,7.26696023e-07,0.726696023
861,3.70840783e-06,9.94215098,10538.6800388,0.8782979918959778,3.70840783e-06,5.22869855e-07,0.522869855,6.75772225e-07,9.95693099,10554.3468494,0.8796036704286532,6.75772225e-07,7.26694972e-07,0.726694972
862,3.70840783e-06,9.94212008,10538.647284800001,0.8782952621639507,3.70840783e-06,5.22866399e-07,0.522866399,6.75772225e-07,9.95692133,10554.3366098,0.8796028170561165,6.75772225e-07,7.26693985e-07,0.7266939849999999
863,3.70840783e-06,9.94208957,10538.6149442,0.8782925668848519,3.70840783e-06,5.22863235e-07,0.5228632350000001,6.75772225e-07,9.95691173,10554.326433799999,0.8796019689840302,6.75772225e-07,7.26693058e-07,0.726693058
864,3.70840783e-06,9.94205967,10538.583250200001,0.8782899254936671,3.70840783e-06,5.22860361e-07,0.522860361,6.75772225e-07,9.95690232,10554.3164592,0.8796011376967042,6.75772225e-07,7.26692191e-07,0.726692191
865,3.70840783e-06,9.94203276,10538.5547256,0.8782875482416006,3.70840783e-06,5.22857789e-07,0.522857789,6.75772225e-07,9.95689431,10554.307968599998,0.8796004300865572,6.75772225e-07,7.26691379e-07,0.726691379
866,3.70840783e-06,9.94200192,10538.5220352,0.8782848238100238,3.70840783e-06,5.22855512e-07,0.522855512,6.75772225e-07,9.95688412,10554.2971672,0.8795995298933743,6.75772225e-07,7.2669062e-07,0.7266906200000001
867,3.70840783e-06,9.94197027,10538.4884862,0.878282027822365,3.70840783e-06,5.22853481e-07,0.5228534810000001,6.75772225e-07,9.95687344,10554.2858464,0.8795985864131785,6.75772225e-07,7.26689922e-07,0.726689922
868,3.70840783e-06,9.94194077,10538.4572162,0.8782794217675169,3.70840783e-06,5.22851693e-07,0.522851693,6.75772225e-07,9.95686378,10554.275606800002,0.8795977330406419,6.75772225e-07,7.26689285e-07,0.726689285
869,3.70840783e-06,9.94191303,10538.4278118,0.8782769711925514,3.70840783e-06,5.22850166e-07,0.522850166,6.75772225e-07,9.9568549,10554.266194,0.8795969485739621,6.75772225e-07,7.26688702e-07,0.7266887019999999
870,3.70840783e-06,9.94188537,10538.3984922,0.8782745276848533,3.70840783e-06,5.22848903e-07,0.5228489030000001,6.75772225e-07,9.95684589,10554.2566434,0.879596152622973,6.75772225e-07,7.2668817e-07,0.7266881700000001
871,3.70840783e-06,9.94185719,10538.3686214,0.8782720382399172,3.70840783e-06,5.22847883e-07,0.5228478830000001,6.75772225e-07,9.95683646,10554.246647599999,0.87959531956883,6.75772225e-07,7.26687688e-07,0.7266876879999999
872,3.70840783e-06,9.94182922,10538.338973200001,0.8782695673465579,3.70840783e-06,5.22847086e-07,0.5228470860000001,6.75772225e-07,9.95682705,10554.236673,0.8795944882815039,6.75772225e-07,7.26687259e-07,0.726687259
873,3.70840783e-06,9.94180207,10538.3101942,0.8782671688926892,3.70840783e-06,5.22846504e-07,0.522846504,6.75772225e-07,9.95681798,10554.227058800001,0.8795936870300644,6.75772225e-07,7.26686879e-07,0.7266868790000001
874,3.70840783e-06,9.94177554,10538.2820724,0.8782648252101428,3.70840783e-06,5.22846133e-07,0.5228461329999999,6.75772225e-07,9.95680913,10554.2176778,0.8795929052136098,6.75772225e-07,7.26686548e-07,0.726686548
875,3.70840783e-06,9.94174929,10538.2542474,0.8782625062630324,3.70840783e-06,5.22845966e-07,0.522845966,6.75772225e-07,9.95680031,10554.2083286,0.8795921260473807,6.75772225e-07,7.26686263e-07,0.726686263
876,3.70840783e-06,9.94172332,10538.2267192,0.8782602120513577,3.70840783e-06,5.22845992e-07,0.5228459919999999,6.75772225e-07,9.95679153,10554.199021800001,0.8795913504147854,6.75772225e-07,7.26686024e-07,0.7266860239999999
877,3.70840783e-06,9.94169791,10538.1997846,0.8782579673105547,3.70840783e-06,5.22846197e-07,0.522846197,6.75772225e-07,9.95678292,10554.189895200001,0.8795905898001332,6.75772225e-07,7.26685829e-07,0.726685829
878,3.70840783e-06,9.94167318,10538.1735708,0.8782557826415245,3.70840783e-06,5.22846572e-07,0.522846572,6.75772225e-07,9.95677457,10554.1810442,0.8795898521540998,6.75772225e-07,7.26685677e-07,0.726685677
879,3.70840783e-06,9.94164901,10538.147950600001,0.8782536474433662,3.70840783e-06,5.22847107e-07,0.522847107,6.75772225e-07,9.95676644,10554.1724264,0.8795891339430519,6.75772225e-07,7.26685565e-07,0.726685565
880,3.70840783e-06,9.94162526,10538.1227756,0.8782515493483614,3.70840783e-06,5.22847793e-07,0.5228477930000001,6.75772225e-07,9.95675846,10554.1639676,0.8795884289831303,6.75772225e-07,7.26685493e-07,0.726685493
881,3.70840783e-06,9.94160193,10538.0980458,0.8782494883565103,3.70840783e-06,5.22848619e-07,0.522848619,6.75772225e-07,9.95675062,10554.155657199999,0.8795877363909265,6.75772225e-07,7.26685459e-07,0.726685459
882,3.70840783e-06,9.94157922,10538.0739732,0.8782474821359816,3.70840783e-06,5.22849575e-07,0.5228495750000001,6.75772225e-07,9.95674304,10554.1476224,0.8795870667673419,6.75772225e-07,7.26685461e-07,0.726685461
883,3.70840783e-06,9.9415572,10538.050632,0.8782455368706341,3.70840783e-06,5.22850651e-07,0.522850651,6.75772225e-07,9.95673574,10554.1398844,0.8795864218791931,6.75772225e-07,7.26685498e-07,0.7266854979999999
884,3.70840783e-06,9.94153579,10538.0279374,0.8782436454932003,3.70840783e-06,5.22851839e-07,0.522851839,6.75772225e-07,9.95672871,10554.1324326,0.8795858008430717,6.75772225e-07,7.26685567e-07,0.726685567
885,3.70840783e-06,9.94151488,10538.0057728,0.8782417982861876,3.70840783e-06,5.22853127e-07,0.522853127,6.75772225e-07,9.95672189,10554.1252034,0.8795851983585272,6.75772225e-07,7.26685667e-07,0.7266856669999999
886,3.70840783e-06,9.9414943,10537.983958,0.8782399802316531,3.70840783e-06,5.22854505e-07,0.5228545050000001,6.75772225e-07,9.95671522,10554.1181332,0.8795846091251089,6.75772225e-07,7.26685796e-07,0.726685796
887,3.70840783e-06,9.94147436,10537.9628216,0.8782382187152575,3.70840783e-06,5.22855964e-07,0.522855964,6.75772225e-07,9.95670885,10554.111381,0.8795840463939436,6.75772225e-07,7.26685954e-07,0.726685954
888,3.70840783e-06,9.94145526,10537.9425756,0.8782365314051694,3.70840783e-06,5.22857497e-07,0.522857497,6.75772225e-07,9.95670289,10554.1050634,0.8795835198825234,6.75772225e-07,7.26686137e-07,0.726686137
889,3.70840783e-06,9.9414375,10537.92375,0.8782349624718101,3.70840783e-06,5.22859098e-07,0.522859098,6.75772225e-07,9.95669756,10554.0994136,0.879583049025834,6.75772225e-07,7.26686344e-07,0.726686344
890,3.70840783e-06,9.94141991,10537.9051046,0.878233408556394,3.70840783e-06,5.22860761e-07,0.522860761,6.75772225e-07,9.95669233,10554.093869799999,0.8795825870032286,6.75772225e-07,7.2668657e-07,0.7266865699999999
891,3.70840783e-06,9.94140256,10537.8867136,0.8782318758427801,3.70840783e-06,5.22862471e-07,0.522862471,6.75772225e-07,9.95668723,10554.0884638,0.879582136464933,6.75772225e-07,7.26686816e-07,0.726686816
892,3.70840783e-06,9.94138538,10537.8685028,0.8782303581471091,3.70840783e-06,5.22864221e-07,0.5228642210000001,6.75772225e-07,9.95668225,10554.083185,0.8795816965275381,6.75772225e-07,7.26687081e-07,0.726687081
893,3.70840783e-06,9.9413692,10537.851352,0.8782289287922806,3.70840783e-06,5.22866003e-07,0.5228660030000001,6.75772225e-07,9.95667778,10554.0784468,0.8795813016439731,6.75772225e-07,7.26687364e-07,0.726687364
894,3.70840783e-06,9.9413539,10537.835133999999,0.8782275771773934,3.70840783e-06,5.22867814e-07,0.522867814,6.75772225e-07,9.95667375,10554.074175,0.8795809456303786,6.75772225e-07,7.26687661e-07,0.726687661
895,3.70840783e-06,9.94133931,10537.8196686,0.8782262882845041,3.70840783e-06,5.22869649e-07,0.522869649,6.75772225e-07,9.95667009,10554.070295399999,0.8795806223028957,6.75772225e-07,7.2668797e-07,0.7266879700000001
896,3.70840783e-06,9.94132521,10537.8047226,0.8782250426786277,3.70840783e-06,5.22871499e-07,0.522871499,6.75772225e-07,9.95666669,10554.066691400001,0.879580321944032,6.75772225e-07,7.26688289e-07,0.726688289
897,3.70840783e-06,9.94131133,10537.7900098,0.8782238165077364,3.70840783e-06,5.22873361e-07,0.522873361,6.75772225e-07,9.95666346,10554.0632676,0.8795800366031113,6.75772225e-07,7.26688618e-07,0.726688618
898,3.70840783e-06,9.94129856,10537.776473599999,0.8782226883951803,3.70840783e-06,5.22875228e-07,0.5228752280000001,6.75772225e-07,9.95666085,10554.060501,0.8795798060335128,6.75772225e-07,7.26688955e-07,0.726688955
899,3.70840783e-06,9.94128693,10537.7641458,0.8782216609911843,3.70840783e-06,5.22877097e-07,0.5228770970000001,6.75772225e-07,9.95665885,10554.058381,0.8795796293518283,6.75772225e-07,7.26689295e-07,0.726689295
900,3.70840783e-06,9.94127593,10537.7524858,0.8782206892419189,3.70840783e-06,5.22878967e-07,0.522878967,6.75772225e-07,9.95665721,10554.056642599999,0.8795794844728467,6.75772225e-07,7.26689637e-07,0.726689637
901,3.70840783e-06,9.94126475,10537.740635,0.8782197015913019,3.70840783e-06,5.22880831e-07,0.522880831,6.75772225e-07,9.95665537,10554.0546922,0.879579321925697,6.75772225e-07,7.2668998e-07,0.7266899800000001
902,3.70840783e-06,9.94125403,10537.729271799999,0.8782187545774723,3.70840783e-06,5.2288268e-07,0.5228826799999999,6.75772225e-07,9.95665385,10554.053081,0.8795791876476168,6.75772225e-07,7.26690324e-07,0.726690324
903,3.70840783e-06,9.94124442,10537.7190852,0.8782179056219779,3.70840783e-06,5.22884515e-07,0.522884515,6.75772225e-07,9.95665306,10554.052243600001,0.8795791178583514,6.75772225e-07,7.26690666e-07,0.726690666
904,3.70840783e-06,9.94123542,10537.7095452,0.8782171105543971,3.70840783e-06,5.22886336e-07,0.522886336,6.75772225e-07,9.95665256,10554.0517136,0.8795790736879302,6.75772225e-07,7.26691005e-07,0.7266910050000001
905,3.70840783e-06,9.941227,10537.70062,0.8782163667245049,3.70840783e-06,5.2288814e-07,0.52288814,6.75772225e-07,9.95665242,10554.0515652,0.8795790613202122,6.75772225e-07,7.26691338e-07,0.726691338
906,3.70840783e-06,9.94121947,10537.6926382,0.8782157015179624,3.70840783e-06,5.22889928e-07,0.522889928,6.75772225e-07,9.95665283,10554.0519998,0.8795790975399576,6.75772225e-07,7.26691663e-07,0.726691663
907,3.70840783e-06,9.94121187,10537.6845822,0.8782150301275609,3.70840783e-06,5.22891695e-07,0.522891695,6.75772225e-07,9.95665314,10554.052328400001,0.8795791249256187,6.75772225e-07,7.2669198e-07,0.72669198
908,3.70840783e-06,9.94120533,10537.6776498,0.8782144523784522,3.70840783e-06,5.22893438e-07,0.522893438,6.75772225e-07,9.95665404,10554.0532824,0.8795792044323768,6.75772225e-07,7.26692288e-07,0.7266922880000001
909,3.70840783e-06,9.94119928,10537.671236799999,0.8782139179163562,3.70840783e-06,5.22895157e-07,0.522895157,6.75772225e-07,9.95665524,10554.0545544,0.8795793104413875,6.75772225e-07,7.26692584e-07,0.7266925839999999
910,3.70840783e-06,9.94119387,10537.6655022,0.8782134399923993,3.70840783e-06,5.22896852e-07,0.522896852,6.75772225e-07,9.95665678,10554.056186799999,0.8795794464862846,6.75772225e-07,7.26692866e-07,0.726692866
911,3.70840783e-06,9.94118897,10537.6603082,0.8782130071222721,3.70840783e-06,5.22898519e-07,0.5228985190000001,6.75772225e-07,9.95665867,10554.0581902,0.8795796134504766,6.75772225e-07,7.26693134e-07,0.726693134
912,3.70840783e-06,9.94118347,10537.6544782,0.8782125212476394,3.70840783e-06,5.22900162e-07,0.522900162,6.75772225e-07,9.95666027,10554.0598862,0.8795797547958244,6.75772225e-07,7.26693388e-07,0.726693388
913,3.70840783e-06,9.94118089,10537.6517434,0.8782122933282662,3.70840783e-06,5.22901778e-07,0.522901778,6.75772225e-07,9.95666337,10554.0631722,0.8795800286524355,6.75772225e-07,7.26693625e-07,0.726693625
914,3.70840783e-06,9.94117753,10537.6481818,0.878211996503036,3.70840783e-06,5.22903376e-07,0.5229033759999999,6.75772225e-07,9.95666606,10554.0660236,0.8795802662893013,6.75772225e-07,7.26693842e-07,0.726693842
915,3.70840783e-06,9.9411751,10537.645606,0.8782117818347893,3.70840783e-06,5.22904956e-07,0.522904956,6.75772225e-07,9.95666925,10554.069404999998,0.8795805480965881,6.75772225e-07,7.2669404e-07,0.72669404
916,3.70840783e-06,9.94117229,10537.6426274,0.8782115335970225,3.70840783e-06,5.22906501e-07,0.522906501,6.75772225e-07,9.95667233,10554.0726698,0.8795808201863825,6.75772225e-07,7.26694218e-07,0.726694218
917,3.70840783e-06,9.94116898,10537.6391188,0.8782112411888344,3.70840783e-06,5.22908023e-07,0.5229080229999999,6.75772225e-07,9.95667535,10554.075871,0.8795810869757262,6.75772225e-07,7.26694377e-07,0.726694377
918,3.70840783e-06,9.94116674,10537.6367444,0.8782110433053477,3.70840783e-06,5.22909539e-07,0.522909539,6.75772225e-07,9.95667871,10554.0794326,0.8795813838009564,6.75772225e-07,7.26694518e-07,0.726694518
919,3.70840783e-06,9.9411668,10537.636808,0.8782110486057981,3.70840783e-06,5.22911037e-07,0.522911037,6.75772225e-07,9.9566831,10554.084085999999,0.879581771617254,6.75772225e-07,7.26694636e-07,0.726694636
920,3.70840783e-06,9.94116751,10537.6375606,0.8782111113277963,3.70840783e-06,5.22912498e-07,0.5229124980000001,6.75772225e-07,9.95668784,10554.0891104,0.8795821903528467,6.75772225e-07,7.26694729e-07,0.726694729
921,3.70840783e-06,9.94116793,10537.638005800001,0.8782111484309502,3.70840783e-06,5.22913926e-07,0.522913926,6.75772225e-07,9.95669255,10554.094103,0.879582606438214,6.75772225e-07,7.26694795e-07,0.726694795
922,3.70840783e-06,9.94116793,10537.638005800001,0.8782111484309502,3.70840783e-06,5.22915335e-07,0.5229153350000001,6.75772225e-07,9.95669715,10554.098979,0.8795830128060885,6.75772225e-07,7.26694836e-07,0.726694836
923,3.70840783e-06,9.94116805,10537.638133,0.8782111590318511,3.70840783e-06,5.22916734e-07,0.522916734,6.75772225e-07,9.95670172,10554.1038232,0.8795834165237378,6.75772225e-07,7.26694852e-07,0.7266948520000001
924,3.70840783e-06,9.941169,10537.639140000001,0.8782112429556513,3.70840783e-06,5.22918117e-07,0.522918117,6.75772225e-07,9.95670667,10554.1090702,0.8795838538109073,6.75772225e-07,7.26694845e-07,0.726694845
925,3.70840783e-06,9.94117076,10537.6410056,0.8782113984355338,3.70840783e-06,5.22919478e-07,0.522919478,6.75772225e-07,9.95671196,10554.1146776,0.8795843211339631,6.75772225e-07,7.26694811e-07,0.726694811
926,3.70840783e-06,9.94117299,10537.6433694,0.8782115954356121,3.70840783e-06,5.22920813e-07,0.522920813,6.75772225e-07,9.95671749,10554.1205394,0.8795848096588211,6.75772225e-07,7.26694751e-07,0.726694751
927,3.70840783e-06,9.9411754,10537.645924,0.878211808337042,3.70840783e-06,5.22922127e-07,0.522922127,6.75772225e-07,9.95672314,10554.1265284,0.8795853087845801,6.75772225e-07,7.26694664e-07,0.7266946639999999
928,3.70840783e-06,9.94117788,10537.6485528,0.8782120274223308,3.70840783e-06,5.22923429e-07,0.522923429,6.75772225e-07,9.95672884,10554.132570400001,0.8795858123273813,6.75772225e-07,7.26694548e-07,0.726694548
929,3.70840783e-06,9.94118058,10537.651414799999,0.878212265942605,3.70840783e-06,5.22924718e-07,0.522924718,6.75772225e-07,9.95673459,10554.1386654,0.8795863202872244,6.75772225e-07,7.26694406e-07,0.726694406
930,3.70840783e-06,9.94118367,10537.6546902,0.8782125389158077,3.70840783e-06,5.22925992e-07,0.522925992,6.75772225e-07,9.95674045,10554.144877,0.8795868379645604,6.75772225e-07,7.26694237e-07,0.726694237
931,3.70840783e-06,9.94118714,10537.6583684,0.8782128454585306,3.70840783e-06,5.22927245e-07,0.5229272450000001,6.75772225e-07,9.95674647,10554.151258200001,0.8795873697764311,6.75772225e-07,7.26694041e-07,0.726694041
932,3.70840783e-06,9.94119091,10537.662364599999,0.8782131785035061,3.70840783e-06,5.22928478e-07,0.522928478,6.75772225e-07,9.95675262,10554.1577772,0.8795879130726112,6.75772225e-07,7.26693818e-07,0.726693818
933,3.70840783e-06,9.94119488,10537.666572799999,0.87821352921665,3.70840783e-06,5.22929694e-07,0.522929694,6.75772225e-07,9.95675887,10554.1644022,0.8795884652028756,6.75772225e-07,7.26693567e-07,0.726693567
934,3.70840783e-06,9.94119892,10537.6708552,0.878213886113653,3.70840783e-06,5.22930898e-07,0.5229308979999999,6.75772225e-07,9.95676514,10554.1710484,0.8795890190999568,6.75772225e-07,7.26693289e-07,0.726693289
935,3.70840783e-06,9.94120336,10537.6755616,0.8782142783469928,3.70840783e-06,5.2293209e-07,0.5229320900000001,6.75772225e-07,9.95677151,10554.177800599999,0.8795895818311222,6.75772225e-07,7.26692984e-07,0.726692984
936,3.70840783e-06,9.94120803,10537.680511800001,0.8782146908987265,3.70840783e-06,5.22933264e-07,0.522933264,6.75772225e-07,9.95677793,10554.1846058,0.8795901489793299,6.75772225e-07,7.26692652e-07,0.726692652
937,3.70840783e-06,9.94121282,10537.6855892,0.8782151140513611,3.70840783e-06,5.22934419e-07,0.522934419,6.75772225e-07,9.95678438,10554.1914428,0.8795907187777628,6.75772225e-07,7.26692293e-07,0.7266922929999999
938,3.70840783e-06,9.9412177,10537.690761999998,0.8782155451546714,3.70840783e-06,5.22935557e-07,0.522935557,6.75772225e-07,9.95679085,10554.198301,0.8795912903430125,6.75772225e-07,7.26691908e-07,0.726691908
939,3.70840783e-06,9.94122273,10537.6960938,0.8782159895091083,3.70840783e-06,5.2293668e-07,0.5229366799999999,6.75772225e-07,9.95679735,10554.205191000001,0.8795918645584876,6.75772225e-07,7.26691496e-07,0.726691496
940,3.70840783e-06,9.9412282,10537.701892,0.8782164727335157,3.70840783e-06,5.22937783e-07,0.5229377829999999,6.75772225e-07,9.95680384,10554.212070399999,0.879592437890554,6.75772225e-07,7.26691059e-07,0.7266910590000001
941,3.70840783e-06,9.94123361,10537.707626599999,0.8782169506574725,3.70840783e-06,5.2293886e-07,0.52293886,6.75772225e-07,9.95681035,10554.218971,0.8795930129894375,6.75772225e-07,7.26690597e-07,0.726690597
942,3.70840783e-06,9.94123881,10537.7131386,0.8782174100298525,3.70840783e-06,5.22939924e-07,0.522939924,6.75772225e-07,9.9568169,10554.225914,0.8795935916219546,6.75772225e-07,7.26690109e-07,0.726690109
943,3.70840783e-06,9.94124419,10537.718841400001,0.8782178853035842,3.70840783e-06,5.22940983e-07,0.522940983,6.75772225e-07,9.95682341,10554.2328146,0.879594166720838,6.75772225e-07,7.26689598e-07,0.726689598
944,3.70840783e-06,9.94124972,10537.7247032,0.878218373828442,3.70840783e-06,5.22942032e-07,0.522942032,6.75772225e-07,9.9568299,10554.239694,0.8795947400529045,6.75772225e-07,7.26689062e-07,0.7266890619999999
945,3.70840783e-06,9.94125551,10537.7308406,0.878218885321919,3.70840783e-06,5.22943065e-07,0.5229430650000001,6.75772225e-07,9.95683636,10554.246541600001,0.879595310734746,6.75772225e-07,7.26688503e-07,0.726688503
946,3.70840783e-06,9.94126154,10537.737232399999,0.878219418017198,3.70840783e-06,5.22944075e-07,0.522944075,6.75772225e-07,9.95684275,10554.253315,0.8795958752327281,6.75772225e-07,7.26687921e-07,0.726687921
947,3.70840783e-06,9.94126741,10537.7434546,0.8782199365779425,3.70840783e-06,5.22945059e-07,0.522945059,6.75772225e-07,9.9568491,10554.260046,0.8795964361970767,6.75772225e-07,7.26687317e-07,0.726687317
948,3.70840783e-06,9.94127321,10537.7496026,0.8782204489548279,3.70840783e-06,5.22946024e-07,0.522946024,6.75772225e-07,9.95685545,10554.266777,0.8795969971614255,6.75772225e-07,7.26686692e-07,0.726686692
949,3.70840783e-06,9.94127903,10537.7557718,0.8782209630985301,3.70840783e-06,5.22946974e-07,0.522946974,6.75772225e-07,9.9568618,10554.273508,0.8795975581257741,6.75772225e-07,7.26686045e-07,0.726686045
950,3.70840783e-06,9.94128503,10537.7621318,0.8782214931435839,3.70840783e-06,5.22947911e-07,0.5229479109999999,6.75772225e-07,9.95686797,10554.280048199998,0.879598103188771,6.75772225e-07,7.26685377e-07,0.7266853769999999
951,3.70840783e-06,9.94129098,10537.7684388,0.8782220187715956,3.70840783e-06,5.22948833e-07,0.5229488330000001,6.75772225e-07,9.95687419,10554.2866414,0.8795986526688102,6.75772225e-07,7.2668469e-07,0.72668469
952,3.70840783e-06,9.94129693,10537.7747458,0.8782225443996072,3.70840783e-06,5.22949735e-07,0.522949735,6.75772225e-07,9.9568802,10554.293012,0.8795991835972725,6.75772225e-07,7.26683984e-07,0.726683984
953,3.70840783e-06,9.94130286,10537.7810316,0.8782230682608022,3.70840783e-06,5.22950616e-07,0.522950616,6.75772225e-07,9.95688607,10554.2992342,0.8795997021580167,6.75772225e-07,7.2668326e-07,0.72668326
954,3.70840783e-06,9.94130881,10537.787338600001,0.878223593888814,3.70840783e-06,5.22951477e-07,0.522951477,6.75772225e-07,9.95689191,10554.3054246,0.8796002180685358,6.75772225e-07,7.26682518e-07,0.7266825179999999
955,3.70840783e-06,9.94131479,10537.793677399999,0.8782241221670508,3.70840783e-06,5.22952317e-07,0.522952317,6.75772225e-07,9.95689779,10554.3116574,0.8796007375126885,6.75772225e-07,7.2668176e-07,0.72668176
956,3.70840783e-06,9.94132071,10537.799952599999,0.8782246451448372,3.70840783e-06,5.22953137e-07,0.5229531369999999,6.75772225e-07,9.95690352,10554.317731199999,0.8796012437057149,6.75772225e-07,7.26680986e-07,0.726680986
957,3.70840783e-06,9.94132653,10537.8061218,0.8782251592885396,3.70840783e-06,5.22953938e-07,0.522953938,6.75772225e-07,9.95690907,10554.3236142,0.8796017339973898,6.75772225e-07,7.26680196e-07,0.726680196
958,3.70840783e-06,9.94133228,10537.812216799999,0.8782256672483827,3.70840783e-06,5.22954722e-07,0.522954722,6.75772225e-07,9.95691443,10554.3292958,0.8796022075043046,6.75772225e-07,7.26679391e-07,0.726679391
959,3.70840783e-06,9.94133799,10537.818269399999,0.8782261716745923,3.70840783e-06,5.22955488e-07,0.522955488,6.75772225e-07,9.95691974,10554.3349244,0.8796026765941772,6.75772225e-07,7.26678573e-07,0.7266785729999999
960,3.70840783e-06,9.94134375,10537.824375,0.878226680517844,3.70840783e-06,5.22956234e-07,0.5229562339999999,6.75772225e-07,9.95692504,10554.3405424,0.8796031448006414,6.75772225e-07,7.26677743e-07,0.726677743
961,3.70840783e-06,9.94134932,10537.830279200001,0.8782271725763358,3.70840783e-06,5.22956957e-07,0.522956957,6.75772225e-07,9.95693,10554.3458,0.8796035829712192,6.75772225e-07,7.26676901e-07,0.726676901
962,3.70840783e-06,9.94135497,10537.8362682,0.8782276717020948,3.70840783e-06,5.22957661e-07,0.522957661,6.75772225e-07,9.95693507,10554.351174200001,0.8796040308592898,6.75772225e-07,7.26676048e-07,0.726676048
963,3.70840783e-06,9.94136057,10537.8422042,0.8782281664108116,3.70840783e-06,5.22958344e-07,0.522958344,6.75772225e-07,9.95694003,10554.3564318,0.8796044690298677,6.75772225e-07,7.26675184e-07,0.7266751840000001
964,3.70840783e-06,9.94136627,10537.8482462,0.8782286699536127,3.70840783e-06,5.22959009e-07,0.5229590089999999,6.75772225e-07,9.95694489,10554.361583400001,0.8796048983663612,6.75772225e-07,7.26674309e-07,0.7266743090000001
965,3.70840783e-06,9.94137172,10537.8540232,0.8782291514112033,3.70840783e-06,5.22959654e-07,0.522959654,6.75772225e-07,9.95694947,10554.366438199999,0.8796053029674188,6.75772225e-07,7.26673425e-07,0.726673425
966,3.70840783e-06,9.94137695,10537.859567000001,0.8782296134338087,3.70840783e-06,5.22960277e-07,0.522960277,6.75772225e-07,9.9569539,10554.371134,0.8796056943173504,6.75772225e-07,7.26672533e-07,0.726672533
967,3.70840783e-06,9.94138198,10537.864898799999,0.8782300577882453,3.70840783e-06,5.22960873e-07,0.5229608729999999,6.75772225e-07,9.95695813,10554.3756178,0.8796060679991133,6.75772225e-07,7.26671634e-07,0.726671634
968,3.70840783e-06,9.94138694,10537.870156399998,0.8782304959588231,3.70840783e-06,5.22961449e-07,0.5229614490000001,6.75772225e-07,9.95696227,10554.3800062,0.8796064337302003,6.75772225e-07,7.26670729e-07,0.726670729
969,3.70840783e-06,9.94139182,10537.8753292,0.8782309270621337,3.70840783e-06,5.22962003e-07,0.5229620030000001,6.75772225e-07,9.95696629,10554.3842674,0.8796067888603866,6.75772225e-07,7.26669819e-07,0.7266698189999999
970,3.70840783e-06,9.94139672,10537.8805232,0.8782313599322609,3.70840783e-06,5.22962532e-07,0.5229625320000001,6.75772225e-07,9.95697025,10554.388465,0.879607138690122,6.75772225e-07,7.26668904e-07,0.7266689040000001
971,3.70840783e-06,9.94140157,10537.8856642,0.8782317883853461,3.70840783e-06,5.22963034e-07,0.522963034,6.75772225e-07,9.95697404,10554.3924824,0.8796074735019144,6.75772225e-07,7.26667984e-07,0.726667984
972,3.70840783e-06,9.94140625,10537.890625,0.8782322018204881,3.70840783e-06,5.22963519e-07,0.522963519,6.75772225e-07,9.95697767,10554.396330200001,0.879607794179172,6.75772225e-07,7.26667061e-07,0.726667061
973,3.70840783e-06,9.94141059,10537.8952254,0.8782325852197437,3.70840783e-06,5.2296398e-07,0.52296398,6.75772225e-07,9.95698111,10554.3999766,0.8796080980716694,6.75772225e-07,7.26666135e-07,0.726666135
974,3.70840783e-06,9.94141486,10537.8997516,0.8782329624351404,3.70840783e-06,5.22964413e-07,0.522964413,6.75772225e-07,9.95698441,10554.4034746,0.879608389596449,6.75772225e-07,7.26665208e-07,0.726665208
975,3.70840783e-06,9.94141894,10537.9040764,0.8782333228657769,3.70840783e-06,5.2296482e-07,0.52296482,6.75772225e-07,9.95698759,10554.4068454,0.8796086705203277,6.75772225e-07,7.26664279e-07,0.726664279
976,3.70840783e-06,9.9414229,10537.908274,0.8782336726955124,3.70840783e-06,5.22965198e-07,0.522965198,6.75772225e-07,9.95699059,10554.4100254,0.8796089355428546,6.75772225e-07,7.2666335e-07,0.72666335
977,3.70840783e-06,9.94142652,10537.912111200001,0.8782339924893617,3.70840783e-06,5.22965554e-07,0.522965554,6.75772225e-07,9.9569934,10554.413004,0.8796091837806214,6.75772225e-07,7.26662422e-07,0.726662422
978,3.70840783e-06,9.94143022,10537.916033200001,0.8782343193504782,3.70840783e-06,5.22965881e-07,0.522965881,6.75772225e-07,9.95699619,10554.4159614,0.8796094302515715,6.75772225e-07,7.26661495e-07,0.7266614950000001
979,3.70840783e-06,9.94143407,10537.9201142,0.8782346594627211,3.70840783e-06,5.22966173e-07,0.522966173,6.75772225e-07,9.95699891,10554.418844599999,0.8796096705386623,6.75772225e-07,7.26660569e-07,0.726660569
980,3.70840783e-06,9.94143668,10537.9228808,0.8782348900323195,3.70840783e-06,5.22966438e-07,0.522966438,6.75772225e-07,9.95700109,10554.421155400001,0.8796098631216989,6.75772225e-07,7.26659646e-07,0.726659646
981,3.70840783e-06,9.94143941,10537.925774599998,0.8782351312028188,3.70840783e-06,5.22966694e-07,0.522966694,6.75772225e-07,9.9570033,10554.423498,0.8796100583549602,6.75772225e-07,7.26658726e-07,0.7266587259999999
982,3.70840783e-06,9.9414424,10537.928944,0.8782353953419374,3.70840783e-06,5.2296692e-07,0.52296692,6.75772225e-07,9.95700558,10554.4259148,0.8796102597720806,6.75772225e-07,7.26657811e-07,0.726657811
983,3.70840783e-06,9.94144542,10537.9321452,0.8782356621312812,3.70840783e-06,5.22967097e-07,0.522967097,6.75772225e-07,9.95700781,10554.4282786,0.879610456772159,6.75772225e-07,7.266569e-07,0.7266569
984,3.70840783e-06,9.94144816,10537.9350496,0.8782359041851892,3.70840783e-06,5.22967231e-07,0.5229672310000001,6.75772225e-07,9.95700984,10554.4304304,0.8796106361040689,6.75772225e-07,7.26655992e-07,0.726655992
985,3.70840783e-06,9.94145048,10537.9375088,0.8782361091359432,3.70840783e-06,5.22967333e-07,0.522967333,6.75772225e-07,9.95701159,10554.4322854,0.8796107907005429,6.75772225e-07,7.26655089e-07,0.726655089
986,3.70840783e-06,9.94145164,10537.9387384,0.8782362116113204,3.70840783e-06,5.22967417e-07,0.5229674169999999,6.75772225e-07,9.95701287,10554.4336422,0.879610903776821,6.75772225e-07,7.26654192e-07,0.726654192
987,3.70840783e-06,9.94145278,10537.939946800001,0.8782363123198806,3.70840783e-06,5.22967488e-07,0.522967488,6.75772225e-07,9.95701417,10554.4350202,0.8796110186199161,6.75772225e-07,7.26653304e-07,0.7266533039999999
988,3.70840783e-06,9.94145457,10537.941844199999,0.8782364704499882,3.70840783e-06,5.22967518e-07,0.5229675180000001,6.75772225e-07,9.95701578,10554.4367268,0.8796111608486722,6.75772225e-07,7.26652423e-07,0.726652423
989,3.70840783e-06,9.94145626,10537.9436356,0.8782366197460119,3.70840783e-06,5.22967484e-07,0.522967484,6.75772225e-07,9.95701725,10554.438285,0.8796112907097103,6.75772225e-07,7.26651549e-07,0.726651549
990,3.70840783e-06,9.94145753,10537.9449818,0.8782367319388814,3.70840783e-06,5.22967403e-07,0.522967403,6.75772225e-07,9.95701849,10554.439599399999,0.8796114002523547,6.75772225e-07,7.26650682e-07,0.726650682
991,3.70840783e-06,9.94145854,10537.946052399999,0.8782368211631322,3.70840783e-06,5.22967294e-07,0.522967294,6.75772225e-07,9.95701954,10554.440712399999,0.8796114930102391,6.75772225e-07,7.26649822e-07,0.726649822
992,3.70840783e-06,9.94145782,10537.9452892,0.8782367575577258,3.70840783e-06,5.22967166e-07,0.522967166,6.75772225e-07,9.95701991,10554.4411046,0.8796115256963509,6.75772225e-07,7.26648972e-07,0.726648972
993,3.70840783e-06,9.94145734,10537.9447804,0.8782367151541214,3.70840783e-06,5.22967023e-07,0.522967023,6.75772225e-07,9.95702048,10554.441708800001,0.8796115760506311,6.75772225e-07,7.26648133e-07,0.726648133
994,3.70840783e-06,9.94145794,10537.9454164,0.8782367681586268,3.70840783e-06,5.22966822e-07,0.522966822,6.75772225e-07,9.9570216,10554.442895999999,0.8796116749923742,6.75772225e-07,7.26647305e-07,0.7266473050000001
995,3.70840783e-06,9.94145779,10537.945257399999,0.8782367549075004,3.70840783e-06,5.22966548e-07,0.522966548,6.75772225e-07,9.95702226,10554.4435956,0.8796117332973303,6.75772225e-07,7.26646485e-07,0.7266464850000001
996,3.70840783e-06,9.94145748,10537.9449288,0.8782367275218393,3.70840783e-06,5.22966245e-07,0.522966245,6.75772225e-07,9.95702277,10554.4441362,0.8796117783511599,6.75772225e-07,7.26645675e-07,0.726645675
997,3.70840783e-06,9.94145606,10537.9434236,0.8782366020778433,3.70840783e-06,5.22965921e-07,0.522965921,6.75772225e-07,9.95702289,10554.444263399999,0.8796117889520608,6.75772225e-07,7.26644875e-07,0.726644875
998,3.70840783e-06,9.94145439,10537.941653400001,0.8782364545486367,3.70840783e-06,5.22965563e-07,0.5229655630000001,6.75772225e-07,9.95702299,10554.4443694,0.8796117977861452,6.75772225e-07,7.26644087e-07,0.726644087
999,3.70840783e-06,9.94145283,10537.939999799999,0.8782363167369226,3.70840783e-06,5.22965157e-07,0.522965157,6.75772225e-07,9.9570232,10554.444592,0.879611816337722,6.75772225e-07,7.26643312e-07,0.7266433120000001
1000,3.70840783e-06,9.94145122,10537.938293199999,0.8782361745081665,3.70840783e-06,5.22964697e-07,0.5229646969999999,6.75772225e-07,9.95702337,10554.4447722,0.8796118313556653,6.75772225e-07,7.26642548e-07,0.726642548
1001,3.70840783e-06,9.94144954,10537.936512400001,0.8782360260955516,3.70840783e-06,5.22964189e-07,0.522964189,6.75772225e-07,9.95702353,10554.4449418,0.8796118454902001,6.75772225e-07,7.26641794e-07,0.7266417940000001
1002,3.70840783e-06,9.94144725,10537.934084999999,0.8782358237950225,3.70840783e-06,5.22963644e-07,0.522963644,6.75772225e-07,9.95702342,10554.4448252,0.8796118357727074,6.75772225e-07,7.26641052e-07,0.726641052
1003,3.70840783e-06,9.9414439,10537.930534,0.8782355278532008,3.70840783e-06,5.22963068e-07,0.522963068,6.75772225e-07,9.95702292,10554.4442952,0.8796117916022863,6.75772225e-07,7.26640323e-07,0.726640323
1004,3.70840783e-06,9.94144058,10537.9270148,0.8782352345616043,3.70840783e-06,5.22962453e-07,0.522962453,6.75772225e-07,9.95702253,10554.4438818,0.8796117571493577,6.75772225e-07,7.26639607e-07,0.726639607
1005,3.70840783e-06,9.94143752,10537.9237712,0.8782349642386269,3.70840783e-06,5.22961788e-07,0.522961788,6.75772225e-07,9.95702236,10554.4437016,0.8796117421314145,6.75772225e-07,7.26638905e-07,0.7266389050000001
1006,3.70840783e-06,9.94143445,10537.920516999999,0.878234693032241,3.70840783e-06,5.22961073e-07,0.522961073,6.75772225e-07,9.95702221,10554.4435426,0.8796117288802882,6.75772225e-07,7.26638214e-07,0.726638214
1007,3.70840783e-06,9.94143085,10537.916701,0.8782343750052088,3.70840783e-06,5.22960314e-07,0.5229603140000001,6.75772225e-07,9.95702181,10554.4431186,0.8796116935439513,6.75772225e-07,7.26637535e-07,0.726637535
1008,3.70840783e-06,9.94142655,10537.912143,0.8782339951395869,3.70840783e-06,5.22959519e-07,0.522959519,6.75772225e-07,9.9570211,10554.442366000001,0.8796116308219534,6.75772225e-07,7.26636869e-07,0.726636869
1009,3.70840783e-06,9.94142185,10537.907161,0.878233579937628,3.70840783e-06,5.22958689e-07,0.522958689,6.75772225e-07,9.95702033,10554.4415498,0.8796115627995047,6.75772225e-07,7.26636217e-07,0.726636217
1010,3.70840783e-06,9.94141709,10537.9021154,0.8782331594352187,3.70840783e-06,5.22957818e-07,0.522957818,6.75772225e-07,9.95701969,10554.440871399998,0.8796115062613654,6.75772225e-07,7.26635578e-07,0.7266355779999999
1011,3.70840783e-06,9.94141229,10537.8970274,0.8782327353991757,3.70840783e-06,5.22956903e-07,0.522956903,6.75772225e-07,9.95701911,10554.440256599999,0.879611455023677,6.75772225e-07,7.26634952e-07,0.7266349520000001
1012,3.70840783e-06,9.94140721,10537.8916426,0.8782322866276967,3.70840783e-06,5.22955945e-07,0.522955945,6.75772225e-07,9.95701838,10554.439482799999,0.879611390534862,6.75772225e-07,7.26634339e-07,0.726634339
1013,3.70840783e-06,9.94140183,10537.8859398,0.8782318113539651,3.70840783e-06,5.22954949e-07,0.522954949,6.75772225e-07,9.9570176,10554.438656,0.8796113216290052,6.75772225e-07,7.26633739e-07,0.7266337390000001
1014,3.70840783e-06,9.94139613,10537.8798978,0.878231307811164,3.70840783e-06,5.22953913e-07,0.522953913,6.75772225e-07,9.95701679,10554.437797400002,0.8796112500729231,6.75772225e-07,7.26633152e-07,0.726633152
1015,3.70840783e-06,9.94139008,10537.8734848,0.8782307733490681,3.70840783e-06,5.22952841e-07,0.5229528410000001,6.75772225e-07,9.95701584,10554.436790400001,0.8796111661491228,6.75772225e-07,7.26632578e-07,0.7266325779999999
1016,3.70840783e-06,9.94138382,10537.8668492,0.8782302203353952,3.70840783e-06,5.22951735e-07,0.5229517349999999,6.75772225e-07,9.95701497,10554.4358682,0.8796110892925899,6.75772225e-07,7.26632018e-07,0.726632018
1017,3.70840783e-06,9.94137728,10537.8599168,0.8782296425862866,3.70840783e-06,5.22950593e-07,0.522950593,6.75772225e-07,9.95701397,10554.4348082,0.8796110009517476,6.75772225e-07,7.2663147e-07,0.72663147
1018,3.70840783e-06,9.94137062,10537.852857200001,0.878229054236277,3.70840783e-06,5.22949416e-07,0.522949416,6.75772225e-07,9.95701305,10554.433833000001,0.8796109196781727,6.75772225e-07,7.26630936e-07,0.7266309360000001
1019,3.70840783e-06,9.94136377,10537.8455962,0.8782284491015071,3.70840783e-06,5.22948203e-07,0.522948203,6.75772225e-07,9.95701212,10554.4328472,0.8796108375211893,6.75772225e-07,7.26630414e-07,0.726630414
1020,3.70840783e-06,9.94135667,10537.8380702,0.8782278218815266,3.70840783e-06,5.22946958e-07,0.522946958,6.75772225e-07,9.95701114,10554.4318084,0.8796107509471639,6.75772225e-07,7.26629904e-07,0.726629904
1021,3.70840783e-06,9.94134923,10537.8301838,0.87822716462566,3.70840783e-06,5.22945686e-07,0.522945686,6.75772225e-07,9.95701004,10554.4306424,0.8796106537722373,6.75772225e-07,7.26629407e-07,0.726629407
1022,3.70840783e-06,9.94134154,10537.8220324,0.8782264852845825,3.70840783e-06,5.22944387e-07,0.522944387,6.75772225e-07,9.95700897,10554.4295082,0.8796105592475362,6.75772225e-07,7.26628923e-07,0.726628923
1023,3.70840783e-06,9.94133365,10537.813669000001,0.8782257882753368,3.70840783e-06,5.22943058e-07,0.5229430580000001,6.75772225e-07,9.9570079,10554.428374000001,0.8796104647228349,6.75772225e-07,7.26628452e-07,0.726628452
1024,3.70840783e-06,9.94132564,10537.8051784,0.8782250806651899,3.70840783e-06,5.229417e-07,0.5229417,6.75772225e-07,9.95700688,10554.4272928,0.8796103746151755,6.75772225e-07,7.26627992e-07,0.726627992
1025,3.70840783e-06,9.94131753,10537.7965818,0.8782243642209587,3.70840783e-06,5.22940321e-07,0.5229403210000001,6.75772225e-07,9.95700591,10554.426264599999,0.8796102889245585,6.75772225e-07,7.26627545e-07,0.726627545
1026,3.70840783e-06,9.94130913,10537.7876778,0.8782236221578835,3.70840783e-06,5.22938923e-07,0.522938923,6.75772225e-07,9.95700477,10554.4250562,0.8796101882159983,6.75772225e-07,7.26627109e-07,0.726627109
1027,3.70840783e-06,9.9413005,10537.778530000001,0.8782228597764145,3.70840783e-06,5.22937506e-07,0.522937506,6.75772225e-07,9.95700369,10554.423911400001,0.8796100928078888,6.75772225e-07,7.26626684e-07,0.726626684
1028,3.70840783e-06,9.94129166,10537.769159599999,0.8782220788433682,3.70840783e-06,5.22936065e-07,0.522936065,6.75772225e-07,9.95700262,10554.422777200001,0.8796099982831875,6.75772225e-07,7.26626271e-07,0.726626271
1029,3.70840783e-06,9.94128265,10537.759609,0.8782212828923792,3.70840783e-06,5.22934605e-07,0.522934605,6.75772225e-07,9.9570015,10554.42159,0.8796098993414441,6.75772225e-07,7.2662587e-07,0.72662587
1030,3.70840783e-06,9.9412735,10537.749909999999,0.878220474573672,3.70840783e-06,5.22933133e-07,0.522933133,6.75772225e-07,9.95700046,10554.4204876,0.879609807466968,6.75772225e-07,7.2662548e-07,0.7266254799999999
1031,3.70840783e-06,9.94126426,10537.740115600001,0.8782196583042894,3.70840783e-06,5.22931647e-07,0.522931647,6.75772225e-07,9.95699947,10554.419438199999,0.8796097200095341,6.75772225e-07,7.266251e-07,0.7266250999999999
1032,3.70840783e-06,9.94125493,10537.7302258,0.8782188340842305,3.70840783e-06,5.22930156e-07,0.522930156,6.75772225e-07,9.95699854,10554.418452400001,0.879609637852551,6.75772225e-07,7.26624731e-07,0.726624731
1033,3.70840783e-06,9.9412454,10537.720124,0.8782179921960033,3.70840783e-06,5.22928662e-07,0.522928662,6.75772225e-07,9.95699751,10554.4173606,0.8796095468614833,6.75772225e-07,7.26624372e-07,0.726624372
1034,3.70840783e-06,9.9412356,10537.709736,0.8782171264557488,3.70840783e-06,5.22927156e-07,0.5229271560000001,6.75772225e-07,9.95699633,10554.4161098,0.8796094426192894,6.75772225e-07,7.26624023e-07,0.726624023
1035,3.70840783e-06,9.94122566,10537.699199600002,0.8782162483477763,3.70840783e-06,5.22925635e-07,0.522925635,6.75772225e-07,9.95699528,10554.414996799998,0.8796093498614048,6.75772225e-07,7.26623685e-07,0.726623685
1036,3.70840783e-06,9.94121559,10537.6885254,0.8782153587554943,3.70840783e-06,5.22924109e-07,0.522924109,6.75772225e-07,9.95699419,10554.413841399999,0.8796092535698867,6.75772225e-07,7.26623356e-07,0.7266233559999999
1037,3.70840783e-06,9.94120547,10537.6777982,0.8782144647461702,3.70840783e-06,5.22922577e-07,0.522922577,6.75772225e-07,9.9569932,10554.412792,0.8796091661124529,6.75772225e-07,7.26623038e-07,0.7266230379999999
1038,3.70840783e-06,9.94119532,10537.6670392,0.8782135680866207,3.70840783e-06,5.22921049e-07,0.522921049,6.75772225e-07,9.95699245,10554.411997,0.8796090998568211,6.75772225e-07,7.26622728e-07,0.726622728
1039,3.70840783e-06,9.94118515,10537.656259000001,0.8782126696602546,3.70840783e-06,5.22919544e-07,0.522919544,6.75772225e-07,9.9569917,10554.411202,0.8796090336011894,6.75772225e-07,7.26622427e-07,0.726622427
1040,3.70840783e-06,9.9411749,10537.645394,0.8782117641666208,3.70840783e-06,5.22918051e-07,0.522918051,6.75772225e-07,9.95699073,10554.410173799999,0.8796089479105723,6.75772225e-07,7.26622133e-07,0.726622133
1041,3.70840783e-06,9.94116445,10537.634317,0.8782108410048187,3.70840783e-06,5.22916556e-07,0.522916556,6.75772225e-07,9.95698978,10554.4091668,0.8796088639867723,6.75772225e-07,7.26621848e-07,0.726621848
1042,3.70840783e-06,9.94115384,10537.6230704,0.878209903708482,3.70840783e-06,5.2291506e-07,0.52291506,6.75772225e-07,9.95698879,10554.4081174,0.8796087765293383,6.75772225e-07,7.26621573e-07,0.726621573
1043,3.70840783e-06,9.9411431,10537.611686,0.8782089549278356,3.70840783e-06,5.22913566e-07,0.5229135659999999,6.75772225e-07,9.95698788,10554.4071528,0.8796086961391719,6.75772225e-07,7.26621305e-07,0.7266213050000001
1044,3.70840783e-06,9.94113233,10537.600269800001,0.878208003496964,3.70840783e-06,5.22912086e-07,0.522912086,6.75772225e-07,9.95698701,10554.406230600001,0.8796086192826392,6.75772225e-07,7.26621046e-07,0.726621046
1045,3.70840783e-06,9.94112159,10537.5888854,0.8782070547163177,3.70840783e-06,5.22910627e-07,0.522910627,6.75772225e-07,9.95698631,10554.4054886,0.8796085574440494,6.75772225e-07,7.26620794e-07,0.726620794
1046,3.70840783e-06,9.94111096,10537.5776176,0.8782061156531639,3.70840783e-06,5.22909194e-07,0.522909194,6.75772225e-07,9.95698558,10554.404714799999,0.8796084929552345,6.75772225e-07,7.26620549e-07,0.726620549
1047,3.70840783e-06,9.94110031,10537.5663286,0.8782051748231934,3.70840783e-06,5.22907773e-07,0.522907773,6.75772225e-07,9.95698479,10554.4038774,0.8796084231659691,6.75772225e-07,7.26620311e-07,0.726620311
1048,3.70840783e-06,9.9410895,10537.55487,0.878204219858688,3.70840783e-06,5.22906365e-07,0.522906365,6.75772225e-07,9.95698404,10554.4030824,0.8796083569103375,6.75772225e-07,7.2662008e-07,0.72662008
1049,3.70840783e-06,9.94107854,10537.543252399999,0.8782032516430562,3.70840783e-06,5.22904983e-07,0.522904983,6.75772225e-07,9.95698332,10554.4023192,0.879608293304931,6.75772225e-07,7.26619856e-07,0.726619856
1050,3.70840783e-06,9.94106757,10537.531624199999,0.8782022825440162,3.70840783e-06,5.2290363e-07,0.5229036300000001,6.75772225e-07,9.95698258,10554.4015348,0.8796082279327075,6.75772225e-07,7.26619638e-07,0.7266196380000001
1051,3.70840783e-06,9.94105674,10537.520144400001,0.8782013258126942,3.70840783e-06,5.22902298e-07,0.522902298,6.75772225e-07,9.95698185,10554.400761,0.8796081634438928,6.75772225e-07,7.26619427e-07,0.726619427
1052,3.70840783e-06,9.94104598,10537.508738800001,0.878200375265231,3.70840783e-06,5.22900982e-07,0.522900982,6.75772225e-07,9.95698116,10554.4000296,0.8796081024887116,6.75772225e-07,7.26619222e-07,0.7266192220000001
1053,3.70840783e-06,9.94103517,10537.4972802,0.8781994203007255,3.70840783e-06,5.22899687e-07,0.522899687,6.75772225e-07,9.95698053,10554.399361799999,0.8796080468339808,6.75772225e-07,7.26619024e-07,0.726619024
1054,3.70840783e-06,9.94102429,10537.4857474,0.8781984591523613,3.70840783e-06,5.22898426e-07,0.522898426,6.75772225e-07,9.95697995,10554.398747,0.8796079955962923,6.75772225e-07,7.2661883e-07,0.7266188299999999
1055,3.70840783e-06,9.9410134,10537.474203999998,0.8781974971205885,3.70840783e-06,5.22897206e-07,0.522897206,6.75772225e-07,9.95697936,10554.3981216,0.8796079434751953,6.75772225e-07,7.26618642e-07,0.726618642
1056,3.70840783e-06,9.94100259,10537.4627454,0.8781965421560833,3.70840783e-06,5.22896023e-07,0.5228960229999999,6.75772225e-07,9.95697875,10554.397475,0.8796078895872816,6.75772225e-07,7.2661846e-07,0.72661846
1057,3.70840783e-06,9.94099183,10537.4513398,0.87819559160862,3.70840783e-06,5.22894869e-07,0.522894869,6.75772225e-07,9.9569781,10554.396786000001,0.8796078321657342,6.75772225e-07,7.26618283e-07,0.726618283
1058,3.70840783e-06,9.94098114,10537.440008399999,0.8781946472450157,3.70840783e-06,5.22893737e-07,0.5228937370000001,6.75772225e-07,9.95697747,10554.3961182,0.8796077765110035,6.75772225e-07,7.26618111e-07,0.726618111
1059,3.70840783e-06,9.94097041,10537.4286346,0.878193699347778,3.70840783e-06,5.22892633e-07,0.522892633,6.75772225e-07,9.95697688,10554.395492799998,0.8796077243899064,6.75772225e-07,7.26617945e-07,0.726617945
1060,3.70840783e-06,9.94095994,10537.4175364,0.878192774419159,3.70840783e-06,5.22891562e-07,0.522891562,6.75772225e-07,9.95697632,10554.3948992,0.8796076749190349,6.75772225e-07,7.26617784e-07,0.726617784
1061,3.70840783e-06,9.94094929,10537.4062474,0.8781918335891885,3.70840783e-06,5.22890522e-07,0.5228905220000001,6.75772225e-07,9.95697581,10554.394358599999,0.8796076298652051,6.75772225e-07,7.26617627e-07,0.7266176270000001
1062,3.70840783e-06,9.94093866,10537.3949796,0.8781908945260347,3.70840783e-06,5.2288953e-07,0.52288953,6.75772225e-07,9.95697526,10554.3937756,0.879607581277742,6.75772225e-07,7.26617475e-07,0.7266174750000001
1063,3.70840783e-06,9.94092828,10537.3839768,0.8781899775480916,3.70840783e-06,5.22888581e-07,0.522888581,6.75772225e-07,9.95697471,10554.3931926,0.8796075326902787,6.75772225e-07,7.26617328e-07,0.726617328
1064,3.70840783e-06,9.94091802,10537.373101199999,0.8781890711710495,3.70840783e-06,5.22887663e-07,0.522887663,6.75772225e-07,9.95697416,10554.3926096,0.8796074841028154,6.75772225e-07,7.26617185e-07,0.726617185
1065,3.70840783e-06,9.94090773,10537.3621938,0.8781881621437823,3.70840783e-06,5.22886774e-07,0.5228867739999999,6.75772225e-07,9.95697361,10554.3920266,0.8796074355153523,6.75772225e-07,7.26617047e-07,0.726617047
1066,3.70840783e-06,9.94089729,10537.351127400001,0.8781872398653887,3.70840783e-06,5.22885924e-07,0.522885924,6.75772225e-07,9.95697303,10554.391411800001,0.8796073842776637,6.75772225e-07,7.26616913e-07,0.726616913
1067,3.70840783e-06,9.94088716,10537.3403896,0.878186344972656,3.70840783e-06,5.22885117e-07,0.5228851170000001,6.75772225e-07,9.95697248,10554.390828799998,0.8796073356902002,6.75772225e-07,7.26616784e-07,0.726616784
1068,3.70840783e-06,9.94087718,10537.3298108,0.8781854633310499,3.70840783e-06,5.22884344e-07,0.522884344,6.75772225e-07,9.95697192,10554.3902352,0.8796072862193287,6.75772225e-07,7.26616659e-07,0.726616659
1069,3.70840783e-06,9.94086723,10537.3192638,0.878184584339669,3.70840783e-06,5.22883603e-07,0.522883603,6.75772225e-07,9.95697136,10554.3896416,0.8796072367484571,6.75772225e-07,7.26616539e-07,0.726616539
1070,3.70840783e-06,9.94085764,10537.309098400001,0.8781837371509913,3.70840783e-06,5.22882897e-07,0.522882897,6.75772225e-07,9.95697088,10554.3891328,0.8796071943448528,6.75772225e-07,7.26616422e-07,0.726616422
1071,3.70840783e-06,9.94084801,10537.2988906,0.8781828864286797,3.70840783e-06,5.22882225e-07,0.522882225,6.75772225e-07,9.95697039,10554.3886134,0.8796071510578399,6.75772225e-07,7.2661631e-07,0.72661631
1072,3.70840783e-06,9.94083828,10537.2885768,0.8781820268722842,3.70840783e-06,5.22881593e-07,0.522881593,6.75772225e-07,9.95696982,10554.3880092,0.8796071007035599,6.75772225e-07,7.26616201e-07,0.7266162009999999
1073,3.70840783e-06,9.94082849,10537.2781994,0.8781811620154379,3.70840783e-06,5.22880999e-07,0.522880999,6.75772225e-07,9.95696916,10554.3873096,0.879607042398604,6.75772225e-07,7.26616097e-07,0.726616097
1074,3.70840783e-06,9.94081906,10537.2682036,0.8781803289612952,3.70840783e-06,5.22880439e-07,0.522880439,6.75772225e-07,9.95696854,10554.3866524,0.8796069876272817,6.75772225e-07,7.26615997e-07,0.726615997
1075,3.70840783e-06,9.94080986,10537.2584516,0.8781795162255459,3.70840783e-06,5.22879907e-07,0.522879907,6.75772225e-07,9.95696797,10554.386048199998,0.8796069372730014,6.75772225e-07,7.26615902e-07,0.726615902
1076,3.70840783e-06,9.94080074,10537.2487844,0.8781787105570641,3.70840783e-06,5.22879408e-07,0.522879408,6.75772225e-07,9.9569674,10554.385444,0.8796068869187215,6.75772225e-07,7.2661581e-07,0.72661581
1077,3.70840783e-06,9.94079171,10537.2392126,0.878177912839258,3.70840783e-06,5.22878945e-07,0.522878945,6.75772225e-07,9.95696682,10554.3848292,0.8796068356810329,6.75772225e-07,7.26615723e-07,0.726615723
1078,3.70840783e-06,9.94078267,10537.229630200001,0.8781771142380437,3.70840783e-06,5.22878518e-07,0.522878518,6.75772225e-07,9.95696618,10554.3841508,0.8796067791428939,6.75772225e-07,7.26615639e-07,0.726615639
1079,3.70840783e-06,9.94077382,10537.2202492,0.8781763324215892,3.70840783e-06,5.22878123e-07,0.5228781229999999,6.75772225e-07,9.95696554,10554.3834724,0.8796067226047548,6.75772225e-07,7.2661556e-07,0.7266155599999999
1080,3.70840783e-06,9.94076524,10537.2111544,0.8781755744571622,3.70840783e-06,5.22877757e-07,0.5228777569999999,6.75772225e-07,9.95696492,10554.3828152,0.8796066678334326,6.75772225e-07,7.26615485e-07,0.7266154850000001
1081,3.70840783e-06,9.9407567,10537.202102,0.8781748200263689,3.70840783e-06,5.22877417e-07,0.522877417,6.75772225e-07,9.95696427,10554.3821262,0.879606610411885,6.75772225e-07,7.26615413e-07,0.726615413
1082,3.70840783e-06,9.94074813,10537.193017799998,0.8781740629453503,3.70840783e-06,5.22877109e-07,0.522877109,6.75772225e-07,9.95696356,10554.3813736,0.879606547689887,6.75772225e-07,7.26615346e-07,0.726615346
1083,3.70840783e-06,9.94073966,10537.1840396,0.8781733146984161,3.70840783e-06,5.22876833e-07,0.522876833,6.75772225e-07,9.95696284,10554.3806104,0.8796064840844805,6.75772225e-07,7.26615283e-07,0.726615283
1084,3.70840783e-06,9.94073126,10537.1751356,0.8781725726353408,3.70840783e-06,5.22876587e-07,0.522876587,6.75772225e-07,9.95696206,10554.379783600001,0.8796064151786237,6.75772225e-07,7.26615225e-07,0.726615225
1085,3.70840783e-06,9.94072346,10537.166867599999,0.8781718835767707,3.70840783e-06,5.22876366e-07,0.522876366,6.75772225e-07,9.95696144,10554.379126400001,0.8796063604073014,6.75772225e-07,7.26615171e-07,0.7266151710000001
1086,3.70840783e-06,9.94071572,10537.1586632,0.8781711998186513,3.70840783e-06,5.22876166e-07,0.5228761660000001,6.75772225e-07,9.95696078,10554.3784268,0.8796063021023454,6.75772225e-07,7.26615121e-07,0.7266151209999999
1087,3.70840783e-06,9.94070782,10537.1502892,0.8781705019259971,3.70840783e-06,5.22875991e-07,0.522875991,6.75772225e-07,9.95696,10554.3776,0.8796062331964883,6.75772225e-07,7.26615075e-07,0.726615075
1088,3.70840783e-06,9.94069995,10537.141947,0.8781698066835681,3.70840783e-06,5.22875844e-07,0.5228758440000001,6.75772225e-07,9.95695917,10554.3767202,0.8796061598735893,6.75772225e-07,7.26615033e-07,0.726615033
1089,3.70840783e-06,9.94069226,10537.1337956,0.8781691273424909,3.70840783e-06,5.22875723e-07,0.5228757230000001,6.75772225e-07,9.95695834,10554.3758404,0.8796060865506902,6.75772225e-07,7.26614996e-07,0.726614996
1090,3.70840783e-06,9.94068488,10537.125972799999,0.8781684753870744,3.70840783e-06,5.22875623e-07,0.522875623,6.75772225e-07,9.95695757,10554.3750242,0.8796060185282416,6.75772225e-07,7.26614963e-07,0.7266149630000001
1091,3.70840783e-06,9.94067797,10537.1186482,0.8781678649518542,3.70840783e-06,5.22875543e-07,0.522875543,6.75772225e-07,9.9569569,10554.374314,0.8796059593398773,6.75772225e-07,7.26614934e-07,0.726614934
1092,3.70840783e-06,9.94067075,10537.110995000001,0.878167227130973,3.70840783e-06,5.22875482e-07,0.522875482,6.75772225e-07,9.95695606,10554.3734236,0.8796058851335697,6.75772225e-07,7.26614909e-07,0.726614909
1093,3.70840783e-06,9.94066355,10537.103363,0.8781665910769082,3.70840783e-06,5.22875441e-07,0.5228754409999999,6.75772225e-07,9.95695516,10554.372469599999,0.8796058056268116,6.75772225e-07,7.26614888e-07,0.726614888
1094,3.70840783e-06,9.94065651,10537.0959006,0.8781659691573783,3.70840783e-06,5.22875419e-07,0.522875419,6.75772225e-07,9.95695424,10554.3714944,0.8796057243532367,6.75772225e-07,7.26614872e-07,0.726614872
1095,3.70840783e-06,9.9406498,10537.088788,0.8781653763903264,3.70840783e-06,5.22875416e-07,0.522875416,6.75772225e-07,9.9569534,10554.370604,0.8796056501469292,6.75772225e-07,7.26614861e-07,0.726614861
1096,3.70840783e-06,9.94064319,10537.0817814,0.8781647924573589,3.70840783e-06,5.22875428e-07,0.522875428,6.75772225e-07,9.95695254,10554.3696924,0.8796055741738048,6.75772225e-07,7.26614853e-07,0.7266148530000001
1097,3.70840783e-06,9.94063667,10537.0748702,0.878164216475067,3.70840783e-06,5.22875455e-07,0.522875455,6.75772225e-07,9.95695163,10554.368727800002,0.8796054937836384,6.75772225e-07,7.2661485e-07,0.72661485
1098,3.70840783e-06,9.94063025,10537.068065,0.8781636493268594,3.70840783e-06,5.22875497e-07,0.5228754969999999,6.75772225e-07,9.95695071,10554.3677526,0.8796054125100633,6.75772225e-07,7.26614852e-07,0.7266148520000001
1099,3.70840783e-06,9.94062401,10537.0614506,0.8781630980800035,3.70840783e-06,5.22875555e-07,0.5228755549999999,6.75772225e-07,9.9569498,10554.366788000001,0.879605332119897,6.75772225e-07,7.26614857e-07,0.726614857
1100,3.70840783e-06,9.94061789,10537.0549634,0.8781625574340486,3.70840783e-06,5.22875626e-07,0.522875626,6.75772225e-07,9.95694888,10554.3658128,0.879605250846322,6.75772225e-07,7.26614867e-07,0.726614867
1101,3.70840783e-06,9.9406118,10537.048508,0.878162019438319,3.70840783e-06,5.22875709e-07,0.522875709,6.75772225e-07,9.95694792,10554.3647952,0.8796051660391133,6.75772225e-07,7.26614881e-07,0.726614881
1102,3.70840783e-06,9.94060605,10537.042413,0.8781615114784757,3.70840783e-06,5.22875802e-07,0.522875802,6.75772225e-07,9.95694701,10554.363830600001,0.8796050856489469,6.75772225e-07,7.266149e-07,0.7266149
1103,3.70840783e-06,9.94060026,10537.0362756,0.8781609999849987,3.70840783e-06,5.22875905e-07,0.5228759049999999,6.75772225e-07,9.95694601,10554.362770599999,0.8796049973081045,6.75772225e-07,7.26614923e-07,0.726614923
1104,3.70840783e-06,9.94059459,10537.0302654,0.878160499092423,3.70840783e-06,5.22876019e-07,0.522876019,6.75772225e-07,9.95694502,10554.361721199999,0.8796049098506706,6.75772225e-07,7.2661495e-07,0.72661495
1105,3.70840783e-06,9.94058911,10537.0244566,0.878160014984607,3.70840783e-06,5.22876143e-07,0.522876143,6.75772225e-07,9.95694407,10554.3607142,0.8796048259268705,6.75772225e-07,7.26614981e-07,0.726614981
1106,3.70840783e-06,9.94058379,10537.0188174,0.878159545011326,3.70840783e-06,5.22876275e-07,0.522876275,6.75772225e-07,9.95694314,10554.3597284,0.8796047437698872,6.75772225e-07,7.26615016e-07,0.726615016
1107,3.70840783e-06,9.94057858,10537.013294800001,0.8781590847555376,3.70840783e-06,5.22876415e-07,0.522876415,6.75772225e-07,9.95694219,10554.3587214,0.8796046598460869,6.75772225e-07,7.26615056e-07,0.7266150560000001
1108,3.70840783e-06,9.94057342,10537.0078252,0.8781586289167913,3.70840783e-06,5.22876562e-07,0.522876562,6.75772225e-07,9.95694117,10554.3576402,0.8796045697384278,6.75772225e-07,7.266151e-07,0.7266151
1109,3.70840783e-06,9.94056834,10537.0024404,0.8781581801453123,3.70840783e-06,5.22876715e-07,0.522876715,6.75772225e-07,9.95694011,10554.356516599999,0.8796044760971349,6.75772225e-07,7.26615147e-07,0.726615147
1110,3.70840783e-06,9.94056337,10536.9971722,0.878157741091326,3.70840783e-06,5.22876874e-07,0.5228768739999999,6.75772225e-07,9.95693905,10554.355393000002,0.8796043824558423,6.75772225e-07,7.26615199e-07,0.726615199
1111,3.70840783e-06,9.94055862,10536.992137199999,0.8781573214723251,3.70840783e-06,5.22877037e-07,0.522877037,6.75772225e-07,9.95693808,10554.354364800001,0.8796042967652252,6.75772225e-07,7.26615255e-07,0.726615255
1112,3.70840783e-06,9.94055404,10536.9872824,0.8781569168712674,3.70840783e-06,5.22877205e-07,0.522877205,6.75772225e-07,9.95693714,10554.353368400001,0.8796042137248334,6.75772225e-07,7.26615315e-07,0.726615315
1113,3.70840783e-06,9.94054955,10536.982523,0.8781565202208855,3.70840783e-06,5.22877378e-07,0.522877378,6.75772225e-07,9.95693618,10554.3523508,0.8796041289176246,6.75772225e-07,7.26615379e-07,0.7266153790000001
1114,3.70840783e-06,9.94054513,10536.977837800001,0.8781561297543625,3.70840783e-06,5.22877555e-07,0.522877555,6.75772225e-07,9.95693518,10554.351290800001,0.8796040405767825,6.75772225e-07,7.26615446e-07,0.7266154459999999
1115,3.70840783e-06,9.94054076,10536.9732056,0.8781557437048816,3.70840783e-06,5.22877736e-07,0.522877736,6.75772225e-07,9.95693413,10554.3501778,0.8796039478188981,6.75772225e-07,7.26615517e-07,0.726615517
1116,3.70840783e-06,9.94053647,10536.9686582,0.8781553647226681,3.70840783e-06,5.22877919e-07,0.5228779189999999,6.75772225e-07,9.95693308,10554.3490648,0.8796038550610136,6.75772225e-07,7.26615592e-07,0.7266155919999999
1117,3.70840783e-06,9.94053236,10536.9643016,0.8781550016418064,3.70840783e-06,5.22878103e-07,0.5228781029999999,6.75772225e-07,9.95693209,10554.3480154,0.8796037676035797,6.75772225e-07,7.2661567e-07,0.72661567
1118,3.70840783e-06,9.94052841,10536.9601146,0.8781546526954792,3.70840783e-06,5.22878288e-07,0.522878288,6.75772225e-07,9.95693112,10554.3469872,0.8796036819129627,6.75772225e-07,7.26615753e-07,0.726615753
1119,3.70840783e-06,9.94052458,10536.956054799999,0.8781543143500531,3.70840783e-06,5.22878476e-07,0.5228784759999999,6.75772225e-07,9.95693016,10554.3459696,0.8796035971057541,6.75772225e-07,7.26615838e-07,0.7266158380000001
1120,3.70840783e-06,9.94052081,10536.9520586,0.8781539813050776,3.70840783e-06,5.22878666e-07,0.522878666,6.75772225e-07,9.95692918,10554.3449308,0.8796035105317286,6.75772225e-07,7.26615927e-07,0.726615927
1121,3.70840783e-06,9.94051714,10536.9481684,0.8781536570941864,3.70840783e-06,5.22878857e-07,0.5228788569999999,6.75772225e-07,9.9569282,10554.343892,0.8796034239577032,6.75772225e-07,7.26616019e-07,0.7266160190000001
1122,3.70840783e-06,9.94051354,10536.9443524,0.8781533390671541,3.70840783e-06,5.22879048e-07,0.5228790480000001,6.75772225e-07,9.95692722,10554.342853200002,0.8796033373836778,6.75772225e-07,7.26616115e-07,0.726616115
1123,3.70840783e-06,9.94051004,10536.940642399999,0.878153029874206,3.70840783e-06,5.22879239e-07,0.522879239,6.75772225e-07,9.95692625,10554.341825000001,0.8796032516930608,6.75772225e-07,7.26616213e-07,0.726616213
1124,3.70840783e-06,9.94050666,10536.9370596,0.8781527312821591,3.70840783e-06,5.2287943e-07,0.52287943,6.75772225e-07,9.9569253,10554.340818,0.8796031677692605,6.75772225e-07,7.26616315e-07,0.7266163149999999
1125,3.70840783e-06,9.9405034,10536.933604000002,0.8781524432910133,3.70840783e-06,5.22879621e-07,0.522879621,6.75772225e-07,9.95692436,10554.3398216,0.8796030847288687,6.75772225e-07,7.2661642e-07,0.72661642
1126,3.70840783e-06,9.94050027,10536.930286199999,0.8781521667841766,3.70840783e-06,5.22879812e-07,0.522879812,6.75772225e-07,9.95692345,10554.338856999999,0.8796030043387021,6.75772225e-07,7.26616527e-07,0.726616527
1127,3.70840783e-06,9.94049721,10536.9270426,0.8781518964611993,3.70840783e-06,5.22880002e-07,0.522880002,6.75772225e-07,9.95692255,10554.337903,0.879602924831944,6.75772225e-07,7.26616638e-07,0.726616638
1128,3.70840783e-06,9.94049422,10536.9238732,0.8781516323220807,3.70840783e-06,5.22880192e-07,0.522880192,6.75772225e-07,9.95692164,10554.3369384,0.8796028444417776,6.75772225e-07,7.2661675e-07,0.72661675
1129,3.70840783e-06,9.94049123,10536.920703799999,0.8781513681829621,3.70840783e-06,5.2288038e-07,0.52288038,6.75772225e-07,9.95692071,10554.3359526,0.8796027622847943,6.75772225e-07,7.26616866e-07,0.7266168660000001
1130,3.70840783e-06,9.9404884,10536.917704,0.8781511181783784,3.70840783e-06,5.22880567e-07,0.5228805670000001,6.75772225e-07,9.95691982,10554.3350092,0.8796026836614446,6.75772225e-07,7.26616984e-07,0.7266169840000001
1131,3.70840783e-06,9.94048577,10536.914916200001,0.8781508858419633,3.70840783e-06,5.22880753e-07,0.5228807529999999,6.75772225e-07,9.95691897,10554.3341082,0.8796026085717287,6.75772225e-07,7.26617104e-07,0.7266171039999999
1132,3.70840783e-06,9.94048315,10536.912139,0.8781506543889565,3.70840783e-06,5.22880938e-07,0.522880938,6.75772225e-07,9.95691812,10554.3332072,0.8796025334820127,6.75772225e-07,7.26617227e-07,0.726617227
1133,3.70840783e-06,9.94048062,10536.909457200001,0.8781504308866255,3.70840783e-06,5.22881122e-07,0.522881122,6.75772225e-07,9.95691732,10554.3323592,0.8796024628093388,6.75772225e-07,7.26617351e-07,0.726617351
1134,3.70840783e-06,9.94047813,10536.906817800002,0.8781502109179282,3.70840783e-06,5.22881304e-07,0.5228813040000001,6.75772225e-07,9.95691649,10554.3314794,0.8796023894864397,6.75772225e-07,7.26617478e-07,0.7266174780000001
1135,3.70840783e-06,9.94047566,10536.904199600001,0.8781499927160477,3.70840783e-06,5.22881485e-07,0.522881485,6.75772225e-07,9.95691563,10554.3305678,0.8796023135133153,6.75772225e-07,7.26617607e-07,0.726617607
1136,3.70840783e-06,9.94047333,10536.9017298,0.8781497868818849,3.70840783e-06,5.22881663e-07,0.5228816629999999,6.75772225e-07,9.95691483,10554.3297198,0.8796022428406415,6.75772225e-07,7.26617737e-07,0.726617737
1137,3.70840783e-06,9.9404712,10536.899472,0.8781495987158908,3.70840783e-06,5.2288184e-07,0.5228818399999999,6.75772225e-07,9.95691412,10554.328967200001,0.8796021801186436,6.75772225e-07,7.2661787e-07,0.72661787
1138,3.70840783e-06,9.94046914,10536.8972884,0.8781494167337557,3.70840783e-06,5.22882015e-07,0.522882015,6.75772225e-07,9.9569134,10554.328204,0.8796021165132369,6.75772225e-07,7.26618003e-07,0.726618003
1139,3.70840783e-06,9.940467,10536.89502,0.8781492276843532,3.70840783e-06,5.22882189e-07,0.5228821889999999,6.75772225e-07,9.95691263,10554.3273878,0.8796020484907884,6.75772225e-07,7.26618138e-07,0.726618138
1140,3.70840783e-06,9.94046492,10536.8928152,0.8781490439354013,3.70840783e-06,5.22882361e-07,0.522882361,6.75772225e-07,9.95691189,10554.3266034,0.8796019831185652,6.75772225e-07,7.26618275e-07,0.726618275
1141,3.70840783e-06,9.94046305,10536.890833,0.878148878738026,3.70840783e-06,5.22882531e-07,0.5228825309999999,6.75772225e-07,9.95691122,10554.3258932,0.8796019239302009,6.75772225e-07,7.26618413e-07,0.7266184130000001
1142,3.70840783e-06,9.94046129,10536.8889674,0.8781487232581436,3.70840783e-06,5.228827e-07,0.5228827,6.75772225e-07,9.9569106,10554.325236,0.8796018691588786,6.75772225e-07,7.26618552e-07,0.726618552
1143,3.70840783e-06,9.9404595,10536.887069999999,0.8781485651280359,3.70840783e-06,5.22882867e-07,0.522882867,6.75772225e-07,9.95690993,10554.3245258,0.8796018099705143,6.75772225e-07,7.26618691e-07,0.726618691
1144,3.70840783e-06,9.94045774,10536.8852044,0.8781484096481534,3.70840783e-06,5.22883032e-07,0.522883032,6.75772225e-07,9.95690928,10554.3238368,0.8796017525489667,6.75772225e-07,7.26618832e-07,0.726618832
1145,3.70840783e-06,9.94045614,10536.8835084,0.8781482683028058,3.70840783e-06,5.22883195e-07,0.522883195,6.75772225e-07,9.95690868,10554.3232008,0.8796016995444613,6.75772225e-07,7.26618973e-07,0.726618973
1146,3.70840783e-06,9.94045451,10536.8817806,0.8781481243072329,3.70840783e-06,5.22883357e-07,0.522883357,6.75772225e-07,9.95690809,10554.322575400001,0.8796016474233644,6.75772225e-07,7.26619115e-07,0.7266191150000001
1147,3.70840783e-06,9.94045305,10536.880233,0.8781479953296031,3.70840783e-06,5.22883516e-07,0.522883516,6.75772225e-07,9.95690756,10554.3220136,0.879601600602718,6.75772225e-07,7.26619258e-07,0.726619258
1148,3.70840783e-06,9.94045177,10536.878876199999,0.8781478822533247,3.70840783e-06,5.22883675e-07,0.522883675,6.75772225e-07,9.9569071,10554.321526,0.8796015599659305,6.75772225e-07,7.26619401e-07,0.726619401
1149,3.70840783e-06,9.94045031,10536.8773286,0.878147753275695,3.70840783e-06,5.22883832e-07,0.522883832,6.75772225e-07,9.95690653,10554.3209218,0.8796015096116503,6.75772225e-07,7.26619544e-07,0.7266195440000001
1150,3.70840783e-06,9.94044893,10536.8758658,0.8781476313653328,3.70840783e-06,5.22883987e-07,0.522883987,6.75772225e-07,9.956906,10554.32036,0.8796014627910039,6.75772225e-07,7.26619687e-07,0.726619687
1151,3.70840783e-06,9.94044769,10536.874551399998,0.8781475218226882,3.70840783e-06,5.22884141e-07,0.5228841409999999,6.75772225e-07,9.95690554,10554.3198724,0.8796014221542164,6.75772225e-07,7.26619831e-07,0.726619831
1152,3.70840783e-06,9.94044658,10536.8733748,0.8781474237643533,3.70840783e-06,5.22884293e-07,0.5228842929999999,6.75772225e-07,9.95690515,10554.319459,0.879601387701288,6.75772225e-07,7.26619974e-07,0.726619974
1153,3.70840783e-06,9.94044552,10536.8722512,0.8781473301230606,3.70840783e-06,5.22884444e-07,0.522884444,6.75772225e-07,9.95690477,10554.3190562,0.8796013541317679,6.75772225e-07,7.26620117e-07,0.726620117
1154,3.70840783e-06,9.94044449,10536.871159400001,0.878147239131993,3.70840783e-06,5.22884594e-07,0.522884594,6.75772225e-07,9.9569044,10554.318664,0.8796013214456563,6.75772225e-07,7.26620259e-07,0.7266202589999999
1155,3.70840783e-06,9.94044353,10536.8701418,0.8781471543247843,3.70840783e-06,5.22884743e-07,0.522884743,6.75772225e-07,9.95690404,10554.3182824,0.879601289642953,6.75772225e-07,7.26620401e-07,0.7266204009999999
1156,3.70840783e-06,9.94044243,10536.868975799998,0.8781470571498576,3.70840783e-06,5.22884891e-07,0.522884891,6.75772225e-07,9.95690365,10554.317868999999,0.8796012551900244,6.75772225e-07,7.26620542e-07,0.726620542
1157,3.70840783e-06,9.94044152,10536.8680112,0.8781469767596913,3.70840783e-06,5.22885036e-07,0.522885036,6.75772225e-07,9.95690334,10554.3175404,0.8796012278043633,6.75772225e-07,7.26620683e-07,0.726620683
1158,3.70840783e-06,9.94044087,10536.8673222,0.8781469193381437,3.70840783e-06,5.22885181e-07,0.522885181,6.75772225e-07,9.95690312,10554.317307199999,0.879601208369378,6.75772225e-07,7.26620823e-07,0.726620823
1159,3.70840783e-06,9.94044016,10536.866569599999,0.8781468566161457,3.70840783e-06,5.22885325e-07,0.5228853250000001,6.75772225e-07,9.9569029,10554.317073999999,0.8796011889343927,6.75772225e-07,7.26620962e-07,0.7266209619999999
1160,3.70840783e-06,9.9404393,10536.865657999999,0.8781467806430212,3.70840783e-06,5.22885468e-07,0.522885468,6.75772225e-07,9.95690262,10554.3167772,0.879601164198957,6.75772225e-07,7.266211e-07,0.7266211
1161,3.70840783e-06,9.94043866,10536.864979599999,0.8781467241048821,3.70840783e-06,5.2288561e-07,0.52288561,6.75772225e-07,9.95690244,10554.3165864,0.8796011482976054,6.75772225e-07,7.26621237e-07,0.726621237
1162,3.70840783e-06,9.94043812,10536.864407199999,0.8781466764008273,3.70840783e-06,5.2288575e-07,0.5228857499999999,6.75772225e-07,9.95690228,10554.3164168,0.8796011341630706,6.75772225e-07,7.26621372e-07,0.726621372
1163,3.70840783e-06,9.94043759,10536.8638454,0.878146629580181,3.70840783e-06,5.22885891e-07,0.5228858909999999,6.75772225e-07,9.95690215,10554.316278999999,0.879601122678761,6.75772225e-07,7.26621506e-07,0.7266215060000001
1164,3.70840783e-06,9.94043701,10536.8632306,0.8781465783424924,3.70840783e-06,5.2288603e-07,0.52288603,6.75772225e-07,9.956902,10554.31612,0.8796011094276347,6.75772225e-07,7.26621639e-07,0.726621639
1165,3.70840783e-06,9.94043656,10536.8627536,0.8781465385891135,3.70840783e-06,5.22886169e-07,0.5228861690000001,6.75772225e-07,9.95690188,10554.3159928,0.8796010988267337,6.75772225e-07,7.2662177e-07,0.7266217700000001
1166,3.70840783e-06,9.94043622,10536.862393200001,0.8781465085532272,3.70840783e-06,5.22886306e-07,0.522886306,6.75772225e-07,9.95690185,10554.315961,0.8796010961765084,6.75772225e-07,7.26621899e-07,0.726621899
1167,3.70840783e-06,9.9404358,10536.861948,0.8781464714500733,3.70840783e-06,5.22886442e-07,0.5228864419999999,6.75772225e-07,9.9569018,10554.315908,0.8796010917594663,6.75772225e-07,7.26622026e-07,0.726622026
1168,3.70840783e-06,9.94043557,10536.8617042,0.8781464511316796,3.70840783e-06,5.22886578e-07,0.522886578,6.75772225e-07,9.95690182,10554.3159292,0.8796010935262831,6.75772225e-07,7.26622152e-07,0.7266221519999999
1169,3.70840783e-06,9.94043539,10536.8615134,0.8781464352303279,3.70840783e-06,5.22886714e-07,0.522886714,6.75772225e-07,9.95690186,10554.315971600001,0.8796010970599168,6.75772225e-07,7.26622275e-07,0.726622275
1170,3.70840783e-06,9.94043514,10536.8612484,0.8781464131451174,3.70840783e-06,5.22886849e-07,0.522886849,6.75772225e-07,9.95690188,10554.3159928,0.8796010988267337,6.75772225e-07,7.26622397e-07,0.726622397
1171,3.70840783e-06,9.94043489,10536.8609834,0.8781463910599068,3.70840783e-06,5.22886983e-07,0.522886983,6.75772225e-07,9.95690191,10554.316024599999,0.8796011014769588,6.75772225e-07,7.26622516e-07,0.726622516
1172,3.70840783e-06,9.94043481,10536.8608986,0.8781463839926394,3.70840783e-06,5.22887116e-07,0.5228871159999999,6.75772225e-07,9.95690203,10554.3161518,0.87960111207786,6.75772225e-07,7.26622633e-07,0.726622633
1173,3.70840783e-06,9.94043483,10536.8609198,0.8781463857594562,3.70840783e-06,5.22887249e-07,0.522887249,6.75772225e-07,9.95690217,10554.3163002,0.8796011244455779,6.75772225e-07,7.26622748e-07,0.726622748
1174,3.70840783e-06,9.94043482,10536.8609092,0.8781463848760479,3.70840783e-06,5.22887382e-07,0.522887382,6.75772225e-07,9.95690233,10554.3164698,0.8796011385801127,6.75772225e-07,7.2662286e-07,0.72662286
1175,3.70840783e-06,9.94043486,10536.8609516,0.8781463884096815,3.70840783e-06,5.22887515e-07,0.5228875150000001,6.75772225e-07,9.95690252,10554.3166712,0.8796011553648727,6.75772225e-07,7.26622969e-07,0.7266229689999999
1176,3.70840783e-06,9.9404349,10536.860993999999,0.8781463919433151,3.70840783e-06,5.22887647e-07,0.522887647,6.75772225e-07,9.95690268,10554.3168408,0.8796011694994075,6.75772225e-07,7.26623076e-07,0.726623076
1177,3.70840783e-06,9.94043494,10536.8610364,0.8781463954769488,3.70840783e-06,5.22887778e-07,0.5228877780000001,6.75772225e-07,9.95690287,10554.3170422,0.8796011862841675,6.75772225e-07,7.2662318e-07,0.7266231799999999
1178,3.70840783e-06,9.94043509,10536.861195399999,0.8781464087280751,3.70840783e-06,5.22887907e-07,0.522887907,6.75772225e-07,9.95690312,10554.317307199999,0.879601208369378,6.75772225e-07,7.26623281e-07,0.7266232810000001
1179,3.70840783e-06,9.94043527,10536.8613862,0.8781464246294269,3.70840783e-06,5.22888036e-07,0.522888036,6.75772225e-07,9.95690338,10554.3175828,0.8796012313379972,6.75772225e-07,7.2662338e-07,0.7266233799999999
1180,3.70840783e-06,9.94043554,10536.861672399998,0.8781464484814542,3.70840783e-06,5.22888165e-07,0.5228881649999999,6.75772225e-07,9.95690369,10554.317911400001,0.8796012587236584,6.75772225e-07,7.26623476e-07,0.726623476
1181,3.70840783e-06,9.94043583,10536.8619798,0.8781464741002986,3.70840783e-06,5.22888295e-07,0.522888295,6.75772225e-07,9.95690401,10554.318250600001,0.8796012869927279,6.75772225e-07,7.26623568e-07,0.726623568
1182,3.70840783e-06,9.94043613,10536.8622978,0.8781465006025513,3.70840783e-06,5.22888424e-07,0.522888424,6.75772225e-07,9.95690435,10554.318611,0.8796013170286142,6.75772225e-07,7.26623658e-07,0.7266236580000001
1183,3.70840783e-06,9.94043639,10536.8625734,0.8781465235711702,3.70840783e-06,5.22888552e-07,0.522888552,6.75772225e-07,9.95690466,10554.3189396,0.8796013444142752,6.75772225e-07,7.26623744e-07,0.726623744
1184,3.70840783e-06,9.94043679,10536.8629974,0.8781465589075071,3.70840783e-06,5.22888679e-07,0.522888679,6.75772225e-07,9.95690505,10554.319352999999,0.8796013788672037,6.75772225e-07,7.26623828e-07,0.726623828
1185,3.70840783e-06,9.94043714,10536.8633684,0.8781465898268019,3.70840783e-06,5.22888805e-07,0.522888805,6.75772225e-07,9.95690541,10554.3197346,0.8796014106699069,6.75772225e-07,7.26623908e-07,0.726623908
1186,3.70840783e-06,9.94043763,10536.8638878,0.8781466331138147,3.70840783e-06,5.2288893e-07,0.52288893,6.75772225e-07,9.95690585,10554.320201,0.8796014495398776,6.75772225e-07,7.26623986e-07,0.726623986
1187,3.70840783e-06,9.94043807,10536.8643542,0.8781466719837854,3.70840783e-06,5.22889055e-07,0.522889055,6.75772225e-07,9.95690626,10554.320635600001,0.879601485759623,6.75772225e-07,7.26624059e-07,0.7266240589999999
1188,3.70840783e-06,9.94043861,10536.8649266,0.8781467196878401,3.70840783e-06,5.2288918e-07,0.5228891800000001,6.75772225e-07,9.95690673,10554.3211338,0.8796015272798188,6.75772225e-07,7.2662413e-07,0.72662413
1189,3.70840783e-06,9.94043904,10536.8653824,0.8781467576744023,3.70840783e-06,5.22889304e-07,0.522889304,6.75772225e-07,9.95690716,10554.3215896,0.879601565266381,6.75772225e-07,7.26624197e-07,0.7266241969999999
1190,3.70840783e-06,9.94043956,10536.8659336,0.8781468036116403,3.70840783e-06,5.22889428e-07,0.5228894279999999,6.75772225e-07,9.95690761,10554.3220666,0.87960160501976,6.75772225e-07,7.26624261e-07,0.726624261
1191,3.70840783e-06,9.94044015,10536.866559,0.8781468557327373,3.70840783e-06,5.2288955e-07,0.52288955,6.75772225e-07,9.95690811,10554.3225966,0.8796016491901812,6.75772225e-07,7.26624322e-07,0.7266243219999999
1192,3.70840783e-06,9.94044081,10536.8672586,0.8781469140376932,3.70840783e-06,5.2288967e-07,0.52288967,6.75772225e-07,9.95690865,10554.323169000001,0.8796016968942362,6.75772225e-07,7.2662438e-07,0.72662438
1193,3.70840783e-06,9.94044146,10536.8679476,0.8781469714592407,3.70840783e-06,5.22889788e-07,0.522889788,6.75772225e-07,9.95690918,10554.3237308,0.8796017437148825,6.75772225e-07,7.26624433e-07,0.726624433
1194,3.70840783e-06,9.94044204,10536.8685624,0.8781470226969293,3.70840783e-06,5.22889905e-07,0.522889905,6.75772225e-07,9.95690968,10554.3242608,0.8796017878853036,6.75772225e-07,7.26624484e-07,0.726624484
1195,3.70840783e-06,9.9404427,10536.869262,0.8781470810018852,3.70840783e-06,5.22890023e-07,0.522890023,6.75772225e-07,9.95691023,10554.324843800001,0.879601836472767,6.75772225e-07,7.26624531e-07,0.726624531
1196,3.70840783e-06,9.94044335,10536.869951,0.8781471384234327,3.70840783e-06,5.2289014e-07,0.52289014,6.75772225e-07,9.95691077,10554.325416200001,0.8796018841768218,6.75772225e-07,7.26624575e-07,0.726624575
1197,3.70840783e-06,9.94044395,10536.870587000001,0.8781471914279382,3.70840783e-06,5.22890255e-07,0.522890255,6.75772225e-07,9.95691127,10554.3259462,0.8796019283472429,6.75772225e-07,7.26624615e-07,0.726624615
1198,3.70840783e-06,9.94044467,10536.8713502,0.8781472550333445,3.70840783e-06,5.22890367e-07,0.522890367,6.75772225e-07,9.95691184,10554.3265504,0.8796019787015229,6.75772225e-07,7.26624652e-07,0.726624652
1199,3.70840783e-06,9.94044544,10536.872166399999,0.878147323055793,3.70840783e-06,5.22890476e-07,0.5228904759999999,6.75772225e-07,9.95691245,10554.327197,0.8796020325894368,6.75772225e-07,7.26624686e-07,0.7266246860000001
1200,3.70840783e-06,9.9404462,10536.872972000001,0.8781473901948333,3.70840783e-06,5.22890584e-07,0.522890584,6.75772225e-07,9.95691304,10554.3278224,0.8796020847105338,6.75772225e-07,7.26624717e-07,0.7266247170000001
1201,3.70840783e-06,9.94044692,10536.873735199999,0.8781474538002396,3.70840783e-06,5.2289069e-07,0.52289069,6.75772225e-07,9.95691361,10554.328426600001,0.879602135064814,6.75772225e-07,7.26624744e-07,0.726624744
1202,3.70840783e-06,9.94044766,10536.8745196,0.878147519172463,3.70840783e-06,5.22890796e-07,0.522890796,6.75772225e-07,9.95691421,10554.329062600002,0.8796021880693194,6.75772225e-07,7.26624768e-07,0.726624768
1203,3.70840783e-06,9.94044838,10536.8752828,0.8781475827778694,3.70840783e-06,5.228909e-07,0.5228909,6.75772225e-07,9.95691477,10554.3296562,0.879602237540191,6.75772225e-07,7.26624789e-07,0.7266247889999999
1204,3.70840783e-06,9.94044912,10536.8760672,0.8781476481500928,3.70840783e-06,5.22891001e-07,0.522891001,6.75772225e-07,9.95691536,10554.3302816,0.8796022896612878,6.75772225e-07,7.26624806e-07,0.726624806
1205,3.70840783e-06,9.94044988,10536.8768728,0.8781477152891329,3.70840783e-06,5.22891098e-07,0.522891098,6.75772225e-07,9.95691595,10554.330907000001,0.8796023417823849,6.75772225e-07,7.26624821e-07,0.726624821
1206,3.70840783e-06,9.94045064,10536.8776784,0.8781477824281732,3.70840783e-06,5.22891193e-07,0.5228911930000001,6.75772225e-07,9.95691653,10554.3315218,0.8796023930200735,6.75772225e-07,7.26624832e-07,0.726624832
1207,3.70840783e-06,9.94045139,10536.8784734,0.8781478486838048,3.70840783e-06,5.22891286e-07,0.522891286,6.75772225e-07,9.95691711,10554.332136599998,0.8796024442577618,6.75772225e-07,7.26624841e-07,0.7266248409999999
1208,3.70840783e-06,9.94045215,10536.879279,0.878147915822845,3.70840783e-06,5.22891375e-07,0.5228913749999999,6.75772225e-07,9.9569177,10554.332762,0.8796024963788589,6.75772225e-07,7.26624847e-07,0.726624847
1209,3.70840783e-06,9.94045291,10536.8800846,0.8781479829618851,3.70840783e-06,5.22891462e-07,0.5228914619999999,6.75772225e-07,9.95691829,10554.3333874,0.8796025484999559,6.75772225e-07,7.26624849e-07,0.726624849
1210,3.70840783e-06,9.94045368,10536.880900799999,0.8781480509843336,3.70840783e-06,5.22891546e-07,0.5228915460000001,6.75772225e-07,9.95691888,10554.3340128,0.8796026006210528,6.75772225e-07,7.26624849e-07,0.726624849
1211,3.70840783e-06,9.94045444,10536.8817064,0.8781481181233738,3.70840783e-06,5.22891626e-07,0.522891626,6.75772225e-07,9.95691948,10554.3346488,0.8796026536255582,6.75772225e-07,7.26624846e-07,0.726624846
1212,3.70840783e-06,9.94045521,10536.882522599999,0.8781481861458224,3.70840783e-06,5.22891704e-07,0.522891704,6.75772225e-07,9.95692006,10554.3352636,0.8796027048632468,6.75772225e-07,7.2662484e-07,0.7266248399999999
1213,3.70840783e-06,9.94045596,10536.883317599999,0.8781482524014541,3.70840783e-06,5.22891779e-07,0.5228917790000001,6.75772225e-07,9.95692063,10554.3358678,0.8796027552175268,6.75772225e-07,7.26624832e-07,0.726624832
1214,3.70840783e-06,9.94045668,10536.8840808,0.8781483160068606,3.70840783e-06,5.2289185e-07,0.5228918499999999,6.75772225e-07,9.95692117,10554.336440199999,0.8796028029215816,6.75772225e-07,7.26624821e-07,0.726624821
1215,3.70840783e-06,9.94045737,10536.8848122,0.8781483769620418,3.70840783e-06,5.22891917e-07,0.522891917,6.75772225e-07,9.95692169,10554.3369914,0.8796028488588197,6.75772225e-07,7.26624807e-07,0.7266248070000001
1216,3.70840783e-06,9.94045802,10536.885501199999,0.8781484343835891,3.70840783e-06,5.2289198e-07,0.52289198,6.75772225e-07,9.95692221,10554.3375426,0.8796028947960577,6.75772225e-07,7.26624792e-07,0.726624792
1217,3.70840783e-06,9.94045871,10536.8862326,0.8781484953387705,3.70840783e-06,5.22892037e-07,0.522892037,6.75772225e-07,9.95692275,10554.338115,0.8796029425001126,6.75772225e-07,7.26624774e-07,0.726624774
1218,3.70840783e-06,9.94045942,10536.8869852,0.8781485580607686,3.70840783e-06,5.22892091e-07,0.522892091,6.75772225e-07,9.9569233,10554.338698,0.8796029910875758,6.75772225e-07,7.26624754e-07,0.7266247539999999
1219,3.70840783e-06,9.94046013,10536.8877378,0.8781486207827666,3.70840783e-06,5.22892142e-07,0.522892142,6.75772225e-07,9.95692383,10554.3392598,0.8796030379082221,6.75772225e-07,7.26624732e-07,0.726624732
1220,3.70840783e-06,9.94046081,10536.888458599999,0.8781486808545392,3.70840783e-06,5.22892191e-07,0.5228921910000001,6.75772225e-07,9.95692434,10554.339800400001,0.8796030829620519,6.75772225e-07,7.26624707e-07,0.726624707
1221,3.70840783e-06,9.94046146,10536.889147599999,0.8781487382760867,3.70840783e-06,5.22892234e-07,0.522892234,6.75772225e-07,9.95692482,10554.340309199999,0.879603125365656,6.75772225e-07,7.2662468e-07,0.72662468
1222,3.70840783e-06,9.94046206,10536.8897836,0.8781487912805922,3.70840783e-06,5.22892273e-07,0.5228922730000001,6.75772225e-07,9.95692529,10554.3408074,0.8796031668858519,6.75772225e-07,7.26624652e-07,0.726624652
1223,3.70840783e-06,9.94046263,10536.8903878,0.8781488416348724,3.70840783e-06,5.22892307e-07,0.522892307,6.75772225e-07,9.95692575,10554.341295,0.8796032075226394,6.75772225e-07,7.26624622e-07,0.726624622
1224,3.70840783e-06,9.9404632,10536.890992,0.8781488919891525,3.70840783e-06,5.22892336e-07,0.5228923360000001,6.75772225e-07,9.9569262,10554.341772,0.8796032472760185,6.75772225e-07,7.2662459e-07,0.72662459
1225,3.70840783e-06,9.94046378,10536.8916068,0.878148943226841,3.70840783e-06,5.22892361e-07,0.522892361,6.75772225e-07,9.95692664,10554.3422384,0.8796032861459891,6.75772225e-07,7.26624557e-07,0.726624557
1226,3.70840783e-06,9.94046435,10536.892210999998,0.878148993581121,3.70840783e-06,5.22892383e-07,0.522892383,6.75772225e-07,9.95692707,10554.3426942,0.8796033241325514,6.75772225e-07,7.26624522e-07,0.7266245219999999
1227,3.70840783e-06,9.9404649,10536.892794,0.8781490421685844,3.70840783e-06,5.228924e-07,0.5228923999999999,6.75772225e-07,9.95692749,10554.3431394,0.879603361235705,6.75772225e-07,7.26624486e-07,0.7266244860000001
1228,3.70840783e-06,9.94046542,10536.8933452,0.8781490881058224,3.70840783e-06,5.22892413e-07,0.522892413,6.75772225e-07,9.95692789,10554.3435634,0.879603396572042,6.75772225e-07,7.26624448e-07,0.726624448
1229,3.70840783e-06,9.94046591,10536.8938646,0.8781491313928351,3.70840783e-06,5.22892421e-07,0.522892421,6.75772225e-07,9.95692828,10554.343976799999,0.8796034310249704,6.75772225e-07,7.26624409e-07,0.726624409
1230,3.70840783e-06,9.94046637,10536.894352199999,0.8781491720296225,3.70840783e-06,5.22892424e-07,0.522892424,6.75772225e-07,9.95692864,10554.3443584,0.8796034628276737,6.75772225e-07,7.26624369e-07,0.726624369
1231,3.70840783e-06,9.94046682,10536.894829199999,0.8781492117830014,3.70840783e-06,5.22892423e-07,0.522892423,6.75772225e-07,9.956929,10554.34474,0.879603494630377,6.75772225e-07,7.26624328e-07,0.726624328
1232,3.70840783e-06,9.94046725,10536.895284999999,0.8781492497695637,3.70840783e-06,5.22892419e-07,0.522892419,6.75772225e-07,9.95692933,10554.3450898,0.8796035237828549,6.75772225e-07,7.26624285e-07,0.726624285
1233,3.70840783e-06,9.94046767,10536.8957302,0.8781492868727175,3.70840783e-06,5.22892411e-07,0.5228924110000001,6.75772225e-07,9.95692966,10554.3454396,0.8796035529353329,6.75772225e-07,7.26624242e-07,0.726624242
1234,3.70840783e-06,9.94046806,10536.8961436,0.8781493213256462,3.70840783e-06,5.22892398e-07,0.522892398,6.75772225e-07,9.95692998,10554.3457788,0.8796035812044024,6.75772225e-07,7.26624199e-07,0.726624199
1235,3.70840783e-06,9.94046844,10536.8965464,0.8781493548951661,3.70840783e-06,5.2289238e-07,0.52289238,6.75772225e-07,9.95693029,10554.3461074,0.8796036085900636,6.75772225e-07,7.26624154e-07,0.726624154
1236,3.70840783e-06,9.94046881,10536.8969386,0.8781493875812778,3.70840783e-06,5.22892358e-07,0.522892358,6.75772225e-07,9.95693056,10554.3463936,0.879603632442091,6.75772225e-07,7.26624109e-07,0.726624109
1237,3.70840783e-06,9.94046914,10536.8972884,0.8781494167337557,3.70840783e-06,5.22892334e-07,0.522892334,6.75772225e-07,9.95693082,10554.3466692,0.87960365541071,6.75772225e-07,7.26624063e-07,0.726624063
1238,3.70840783e-06,9.94046946,10536.8976276,0.8781494450028252,3.70840783e-06,5.22892307e-07,0.522892307,6.75772225e-07,9.95693108,10554.3469448,0.879603678379329,6.75772225e-07,7.26624017e-07,0.726624017
1239,3.70840783e-06,9.94046974,10536.897924399998,0.878149469738261,3.70840783e-06,5.22892275e-07,0.522892275,6.75772225e-07,9.95693131,10554.3471886,0.8796036986977227,6.75772225e-07,7.2662397e-07,0.72662397
1240,3.70840783e-06,9.94047001,10536.8982106,0.8781494935902886,3.70840783e-06,5.22892239e-07,0.522892239,6.75772225e-07,9.95693154,10554.3474324,0.8796037190161164,6.75772225e-07,7.26623923e-07,0.726623923
1241,3.70840783e-06,9.9404703,10536.898518,0.8781495192091328,3.70840783e-06,5.228922e-07,0.5228922,6.75772225e-07,9.95693178,10554.3476868,0.8796037402179185,6.75772225e-07,7.26623876e-07,0.726623876
1242,3.70840783e-06,9.94047055,10536.898783,0.8781495412943434,3.70840783e-06,5.22892158e-07,0.522892158,6.75772225e-07,9.95693195,10554.347867,0.8796037552358618,6.75772225e-07,7.26623829e-07,0.726623829
1243,3.70840783e-06,9.94047079,10536.899037399999,0.8781495624961454,3.70840783e-06,5.22892115e-07,0.522892115,6.75772225e-07,9.95693215,10554.348079,0.8796037729040301,6.75772225e-07,7.26623781e-07,0.726623781
1244,3.70840783e-06,9.94047101,10536.899270599999,0.8781495819311308,3.70840783e-06,5.22892068e-07,0.522892068,6.75772225e-07,9.95693232,10554.3482592,0.8796037879219734,6.75772225e-07,7.26623733e-07,0.7266237329999999
1245,3.70840783e-06,9.9404712,10536.899472,0.8781495987158908,3.70840783e-06,5.22892019e-07,0.5228920189999999,6.75772225e-07,9.95693249,10554.3484394,0.8796038029399167,6.75772225e-07,7.26623686e-07,0.726623686
1246,3.70840783e-06,9.94047139,10536.899673400001,0.878149615500651,3.70840783e-06,5.22891967e-07,0.522891967,6.75772225e-07,9.95693265,10554.348609,0.8796038170744515,6.75772225e-07,7.26623638e-07,0.7266236380000001
1247,3.70840783e-06,9.94047156,10536.8998536,0.8781496305185941,3.70840783e-06,5.22891913e-07,0.522891913,6.75772225e-07,9.95693276,10554.3487256,0.879603826791944,6.75772225e-07,7.26623591e-07,0.726623591
1248,3.70840783e-06,9.94047163,10536.8999278,0.878149636702453,3.70840783e-06,5.22891858e-07,0.522891858,6.75772225e-07,9.95693281,10554.3487786,0.8796038312089862,6.75772225e-07,7.26623544e-07,0.7266235440000001
1249,3.70840783e-06,9.94047177,10536.9000762,0.878149649070171,3.70840783e-06,5.228918e-07,0.5228918,6.75772225e-07,9.95693292,10554.3488952,0.8796038409264788,6.75772225e-07,7.26623497e-07,0.726623497
1250,3.70840783e-06,9.94047197,10536.9002882,0.8781496667383395,3.70840783e-06,5.22891741e-07,0.522891741,6.75772225e-07,9.9569331,10554.349086,0.8796038568278304,6.75772225e-07,7.26623451e-07,0.726623451
1251,3.70840783e-06,9.94047217,10536.9005002,0.8781496844065079,3.70840783e-06,5.22891681e-07,0.522891681,6.75772225e-07,9.95693325,10554.349245000001,0.8796038700789568,6.75772225e-07,7.26623404e-07,0.726623404
1252,3.70840783e-06,9.94047232,10536.900659199999,0.8781496976576342,3.70840783e-06,5.22891621e-07,0.522891621,6.75772225e-07,9.95693334,10554.3493404,0.8796038780296326,6.75772225e-07,7.26623358e-07,0.726623358
1253,3.70840783e-06,9.94047243,10536.9007758,0.878149707375127,3.70840783e-06,5.22891561e-07,0.522891561,6.75772225e-07,9.9569334,10554.349404,0.8796038833300831,6.75772225e-07,7.26623312e-07,0.7266233120000001
1254,3.70840783e-06,9.94047248,10536.9008288,0.878149711792169,3.70840783e-06,5.22891499e-07,0.522891499,6.75772225e-07,9.9569334,10554.349404,0.8796038833300831,6.75772225e-07,7.26623266e-07,0.7266232659999999
1255,3.70840783e-06,9.94047246,10536.900807600001,0.8781497100253522,3.70840783e-06,5.22891437e-07,0.522891437,6.75772225e-07,9.95693338,10554.349382800001,0.8796038815632663,6.75772225e-07,7.26623222e-07,0.7266232220000001
1256,3.70840783e-06,9.94047252,10536.9008712,0.8781497153258027,3.70840783e-06,5.22891373e-07,0.5228913730000001,6.75772225e-07,9.95693346,10554.349467600001,0.8796038886305337,6.75772225e-07,7.26623178e-07,0.726623178
1257,3.70840783e-06,9.94047263,10536.9009878,0.8781497250432954,3.70840783e-06,5.2289131e-07,0.52289131,6.75772225e-07,9.95693355,10554.349563,0.8796038965812094,6.75772225e-07,7.26623135e-07,0.726623135
1258,3.70840783e-06,9.94047281,10536.9011786,0.8781497409446469,3.70840783e-06,5.2289125e-07,0.52289125,6.75772225e-07,9.95693363,10554.3496478,0.8796039036484768,6.75772225e-07,7.26623091e-07,0.726623091
1259,3.70840783e-06,9.94047295,10536.901327,0.8781497533123649,3.70840783e-06,5.22891191e-07,0.522891191,6.75772225e-07,9.95693366,10554.3496796,0.8796039062987021,6.75772225e-07,7.26623048e-07,0.726623048
1260,3.70840783e-06,9.94047304,10536.9014224,0.8781497612630408,3.70840783e-06,5.22891133e-07,0.522891133,6.75772225e-07,9.95693366,10554.3496796,0.8796039062987021,6.75772225e-07,7.26623006e-07,0.726623006
1261,3.70840783e-06,9.94047306,10536.9014436,0.8781497630298576,3.70840783e-06,5.22891074e-07,0.522891074,6.75772225e-07,9.95693364,10554.3496584,0.8796039045318853,6.75772225e-07,7.26622964e-07,0.726622964
1262,3.70840783e-06,9.94047306,10536.9014436,0.8781497630298576,3.70840783e-06,5.22891016e-07,0.522891016,6.75772225e-07,9.95693364,10554.3496584,0.8796039045318853,6.75772225e-07,7.26622924e-07,0.726622924
1263,3.70840783e-06,9.9404731,10536.901486,0.8781497665634913,3.70840783e-06,5.2289096e-07,0.52289096,6.75772225e-07,9.95693365,10554.349669,0.8796039054152937,6.75772225e-07,7.26622884e-07,0.726622884
1264,3.70840783e-06,9.94047312,10536.9015072,0.8781497683303081,3.70840783e-06,5.22890906e-07,0.5228909060000001,6.75772225e-07,9.9569336,10554.349616,0.8796039009982515,6.75772225e-07,7.26622844e-07,0.726622844
1265,3.70840783e-06,9.94047326,10536.901655599999,0.878149780698026,3.70840783e-06,5.22890855e-07,0.522890855,6.75772225e-07,9.95693365,10554.349669,0.8796039054152937,6.75772225e-07,7.26622806e-07,0.726622806
1266,3.70840783e-06,9.9404734,10536.901804000001,0.878149793065744,3.70840783e-06,5.22890806e-07,0.522890806,6.75772225e-07,9.95693367,10554.3496902,0.8796039071821106,6.75772225e-07,7.26622767e-07,0.726622767
1267,3.70840783e-06,9.94047352,10536.9019312,0.8781498036666451,3.70840783e-06,5.22890761e-07,0.522890761,6.75772225e-07,9.95693367,10554.3496902,0.8796039071821106,6.75772225e-07,7.2662273e-07,0.72662273
1268,3.70840783e-06,9.94047357,10536.9019842,0.8781498080836871,3.70840783e-06,5.22890717e-07,0.522890717,6.75772225e-07,9.95693363,10554.3496478,0.8796039036484768,6.75772225e-07,7.26622693e-07,0.726622693
1269,3.70840783e-06,9.9404736,10536.902016,0.8781498107339124,3.70840783e-06,5.22890674e-07,0.522890674,6.75772225e-07,9.95693358,10554.3495948,0.8796038992314347,6.75772225e-07,7.26622657e-07,0.726622657
1270,3.70840783e-06,9.94047366,10536.9020796,0.878149816034363,3.70840783e-06,5.22890635e-07,0.522890635,6.75772225e-07,9.95693356,10554.349573599999,0.8796038974646178,6.75772225e-07,7.26622621e-07,0.726622621
1271,3.70840783e-06,9.94047375,10536.902175000001,0.8781498239850388,3.70840783e-06,5.22890599e-07,0.522890599,6.75772225e-07,9.95693355,10554.349563,0.8796038965812094,6.75772225e-07,7.26622587e-07,0.726622587
1272,3.70840783e-06,9.94047387,10536.9023022,0.8781498345859399,3.70840783e-06,5.22890568e-07,0.522890568,6.75772225e-07,9.95693354,10554.349552399999,0.879603895697801,6.75772225e-07,7.26622552e-07,0.726622552
1273,3.70840783e-06,9.94047399,10536.9024294,0.8781498451868408,3.70840783e-06,5.2289054e-07,0.52289054,6.75772225e-07,9.9569335,10554.34951,0.8796038921641673,6.75772225e-07,7.26622519e-07,0.726622519
1274,3.70840783e-06,9.94047408,10536.9025248,0.8781498531375167,3.70840783e-06,5.22890515e-07,0.5228905150000001,6.75772225e-07,9.95693344,10554.3494464,0.8796038868637167,6.75772225e-07,7.26622486e-07,0.726622486
1275,3.70840783e-06,9.94047417,10536.9026202,0.8781498610881926,3.70840783e-06,5.22890491e-07,0.5228904910000001,6.75772225e-07,9.9569334,10554.349404,0.8796038833300831,6.75772225e-07,7.26622454e-07,0.726622454
1276,3.70840783e-06,9.94047425,10536.902704999999,0.8781498681554598,3.70840783e-06,5.22890471e-07,0.522890471,6.75772225e-07,9.95693335,10554.349351,0.879603878913041,6.75772225e-07,7.26622423e-07,0.726622423
1277,3.70840783e-06,9.94047434,10536.9028004,0.8781498761061357,3.70840783e-06,5.22890455e-07,0.522890455,6.75772225e-07,9.9569333,10554.349298,0.8796038744959987,6.75772225e-07,7.26622393e-07,0.726622393
1278,3.70840783e-06,9.94047446,10536.9029276,0.8781498867070368,3.70840783e-06,5.22890442e-07,0.5228904419999999,6.75772225e-07,9.95693326,10554.3492556,0.8796038709623651,6.75772225e-07,7.26622363e-07,0.7266223629999999
1279,3.70840783e-06,9.9404746,10536.903076,0.8781498990747547,3.70840783e-06,5.22890433e-07,0.522890433,6.75772225e-07,9.95693323,10554.3492238,0.8796038683121399,6.75772225e-07,7.26622334e-07,0.726622334
1280,3.70840783e-06,9.94047475,10536.903235,0.878149912325881,3.70840783e-06,5.22890429e-07,0.522890429,6.75772225e-07,9.95693319,10554.3491814,0.8796038647785063,6.75772225e-07,7.26622305e-07,0.726622305
1281,3.70840783e-06,9.94047489,10536.9033834,0.878149924693599,3.70840783e-06,5.22890428e-07,0.522890428,6.75772225e-07,9.95693313,10554.349117799999,0.8796038594780555,6.75772225e-07,7.26622277e-07,0.7266222769999999
1282,3.70840783e-06,9.94047502,10536.9035212,0.8781499361779085,3.70840783e-06,5.22890429e-07,0.522890429,6.75772225e-07,9.95693307,10554.3490542,0.8796038541776051,6.75772225e-07,7.2662225e-07,0.72662225
1283,3.70840783e-06,9.94047513,10536.9036378,0.8781499458954012,3.70840783e-06,5.22890434e-07,0.522890434,6.75772225e-07,9.956933,10554.348979999999,0.879603847993746,6.75772225e-07,7.26622224e-07,0.726622224
1284,3.70840783e-06,9.94047526,10536.9037756,0.8781499573797106,3.70840783e-06,5.22890442e-07,0.5228904419999999,6.75772225e-07,9.95693294,10554.3489164,0.8796038426932956,6.75772225e-07,7.26622198e-07,0.726622198
1285,3.70840783e-06,9.94047539,10536.9039134,0.8781499688640201,3.70840783e-06,5.22890454e-07,0.522890454,6.75772225e-07,9.95693287,10554.3488422,0.8796038365094366,6.75772225e-07,7.26622173e-07,0.726622173
1286,3.70840783e-06,9.94047554,10536.904072399999,0.8781499821151464,3.70840783e-06,5.22890469e-07,0.522890469,6.75772225e-07,9.95693281,10554.3487786,0.8796038312089862,6.75772225e-07,7.26622149e-07,0.726622149
1287,3.70840783e-06,9.9404757,10536.904242,0.8781499962496813,3.70840783e-06,5.22890487e-07,0.522890487,6.75772225e-07,9.95693274,10554.3487044,0.8796038250251271,6.75772225e-07,7.26622126e-07,0.726622126
1288,3.70840783e-06,9.94047585,10536.904401,0.8781500095008076,3.70840783e-06,5.22890508e-07,0.522890508,6.75772225e-07,9.95693267,10554.3486302,0.8796038188412683,6.75772225e-07,7.26622103e-07,0.726622103
1289,3.70840783e-06,9.940476,10536.90456,0.878150022751934,3.70840783e-06,5.22890532e-07,0.522890532,6.75772225e-07,9.95693259,10554.348545399998,0.8796038117740007,6.75772225e-07,7.26622081e-07,0.726622081
1290,3.70840783e-06,9.94047615,10536.904719,0.8781500360030603,3.70840783e-06,5.22890558e-07,0.522890558,6.75772225e-07,9.95693251,10554.3484606,0.8796038047067335,6.75772225e-07,7.26622059e-07,0.726622059
1291,3.70840783e-06,9.94047629,10536.904867399999,0.8781500483707781,3.70840783e-06,5.22890587e-07,0.5228905869999999,6.75772225e-07,9.95693242,10554.3483652,0.8796037967560576,6.75772225e-07,7.26622039e-07,0.726622039
1292,3.70840783e-06,9.94047644,10536.9050264,0.8781500616219046,3.70840783e-06,5.22890618e-07,0.5228906179999999,6.75772225e-07,9.95693233,10554.3482698,0.8796037888053819,6.75772225e-07,7.26622019e-07,0.726622019
1293,3.70840783e-06,9.94047659,10536.905185399999,0.8781500748730309,3.70840783e-06,5.22890652e-07,0.522890652,6.75772225e-07,9.95693224,10554.3481744,0.879603780854706,6.75772225e-07,7.26622e-07,0.726622
1294,3.70840783e-06,9.94047673,10536.905333800001,0.8781500872407489,3.70840783e-06,5.22890688e-07,0.522890688,6.75772225e-07,9.95693214,10554.348068399999,0.8796037720206217,6.75772225e-07,7.26621982e-07,0.7266219819999999
1295,3.70840783e-06,9.94047688,10536.9054928,0.8781501004918753,3.70840783e-06,5.22890725e-07,0.522890725,6.75772225e-07,9.95693204,10554.3479624,0.8796037631865374,6.75772225e-07,7.26621964e-07,0.726621964
1296,3.70840783e-06,9.94047702,10536.905641199999,0.878150112859593,3.70840783e-06,5.22890764e-07,0.522890764,6.75772225e-07,9.95693193,10554.347845799999,0.8796037534690448,6.75772225e-07,7.26621947e-07,0.726621947
1297,3.70840783e-06,9.94047716,10536.905789600001,0.8781501252273112,3.70840783e-06,5.22890805e-07,0.522890805,6.75772225e-07,9.95693181,10554.3477186,0.8796037428681438,6.75772225e-07,7.26621931e-07,0.7266219309999999
1298,3.70840783e-06,9.9404773,10536.905938,0.8781501375950289,3.70840783e-06,5.22890846e-07,0.522890846,6.75772225e-07,9.9569317,10554.347602,0.8796037331506511,6.75772225e-07,7.26621916e-07,0.726621916
1299,3.70840783e-06,9.94047742,10536.9060652,0.8781501481959301,3.70840783e-06,5.2289089e-07,0.52289089,6.75772225e-07,9.95693161,10554.3475066,0.8796037251999753,6.75772225e-07,7.26621902e-07,0.726621902
1300,3.70840783e-06,9.94047756,10536.9062136,0.8781501605636479,3.70840783e-06,5.22890936e-07,0.522890936,6.75772225e-07,9.95693147,10554.3473582,0.8796037128322575,6.75772225e-07,7.26621888e-07,0.726621888
1301,3.70840783e-06,9.94047767,10536.9063302,0.8781501702811405,3.70840783e-06,5.2289098e-07,0.52289098,6.75772225e-07,9.95693127,10554.3471462,0.879603695164089,6.75772225e-07,7.26621876e-07,0.726621876
1302,3.70840783e-06,9.94047778,10536.9064468,0.8781501799986332,3.70840783e-06,5.22891022e-07,0.522891022,6.75772225e-07,9.95693116,10554.3470296,0.8796036854465963,6.75772225e-07,7.26621864e-07,0.726621864
1303,3.70840783e-06,9.94047788,10536.9065528,0.8781501888327174,3.70840783e-06,5.22891067e-07,0.522891067,6.75772225e-07,9.95693103,10554.3468918,0.8796036739622868,6.75772225e-07,7.26621853e-07,0.726621853
1304,3.70840783e-06,9.94047799,10536.9066694,0.87815019855021,3.70840783e-06,5.22891114e-07,0.522891114,6.75772225e-07,9.95693089,10554.346743400001,0.879603661594569,6.75772225e-07,7.26621843e-07,0.726621843
1305,3.70840783e-06,9.94047809,10536.906775399999,0.8781502073842943,3.70840783e-06,5.22891159e-07,0.522891159,6.75772225e-07,9.9569307,10554.346542,0.8796036448098088,6.75772225e-07,7.26621834e-07,0.7266218339999999
1306,3.70840783e-06,9.94047818,10536.9068708,0.8781502153349702,3.70840783e-06,5.22891202e-07,0.5228912019999999,6.75772225e-07,9.95693055,10554.346382999998,0.8796036315586824,6.75772225e-07,7.26621826e-07,0.726621826
1307,3.70840783e-06,9.94047826,10536.906955600001,0.8781502224022376,3.70840783e-06,5.22891245e-07,0.5228912450000001,6.75772225e-07,9.95693036,10554.3461816,0.8796036147739225,6.75772225e-07,7.26621819e-07,0.726621819
1308,3.70840783e-06,9.94047832,10536.9070192,0.8781502277026881,3.70840783e-06,5.22891287e-07,0.522891287,6.75772225e-07,9.95693021,10554.346022599999,0.879603601522796,6.75772225e-07,7.26621813e-07,0.726621813
1309,3.70840783e-06,9.94047837,10536.9070722,0.8781502321197302,3.70840783e-06,5.2289133e-07,0.52289133,6.75772225e-07,9.95693,10554.3458,0.8796035829712192,6.75772225e-07,7.26621807e-07,0.726621807
1310,3.70840783e-06,9.94047842,10536.9071252,0.8781502365367723,3.70840783e-06,5.22891369e-07,0.522891369,6.75772225e-07,9.9569298,10554.345588,0.8796035653030508,6.75772225e-07,7.26621803e-07,0.7266218029999999
1311,3.70840783e-06,9.94047845,10536.907157000001,0.8781502391869977,3.70840783e-06,5.22891408e-07,0.522891408,6.75772225e-07,9.95692964,10554.3454184,0.8796035511685161,6.75772225e-07,7.266218e-07,0.7266218000000001
1312,3.70840783e-06,9.94047849,10536.9071994,0.8781502427206314,3.70840783e-06,5.22891447e-07,0.522891447,6.75772225e-07,9.95692941,10554.345174600001,0.8796035308501223,6.75772225e-07,7.26621798e-07,0.726621798
1313,3.70840783e-06,9.94047852,10536.907231199999,0.8781502453708565,3.70840783e-06,5.22891482e-07,0.522891482,6.75772225e-07,9.95692919,10554.3449414,0.879603511415137,6.75772225e-07,7.26621797e-07,0.7266217970000001
1314,3.70840783e-06,9.94047853,10536.9072418,0.878150246254265,3.70840783e-06,5.22891514e-07,0.522891514,6.75772225e-07,9.95692896,10554.344697600001,0.8796034910967434,6.75772225e-07,7.26621797e-07,0.7266217970000001
1315,3.70840783e-06,9.94047851,10536.9072206,0.8781502444874482,3.70840783e-06,5.22891546e-07,0.5228915460000001,6.75772225e-07,9.95692878,10554.3445068,0.8796034751953916,6.75772225e-07,7.26621798e-07,0.726621798
1316,3.70840783e-06,9.9404785,10536.90721,0.8781502436040397,3.70840783e-06,5.22891578e-07,0.5228915780000001,6.75772225e-07,9.95692852,10554.3442312,0.8796034522267727,6.75772225e-07,7.266218e-07,0.7266218000000001
1317,3.70840783e-06,9.94047848,10536.9071888,0.8781502418372229,3.70840783e-06,5.22891604e-07,0.522891604,6.75772225e-07,9.95692825,10554.343945,0.8796034283747453,6.75772225e-07,7.26621804e-07,0.726621804
1318,3.70840783e-06,9.94047844,10536.907146399999,0.8781502383035891,3.70840783e-06,5.22891626e-07,0.522891626,6.75772225e-07,9.956928,10554.34368,0.8796034062895346,6.75772225e-07,7.26621809e-07,0.726621809
1319,3.70840783e-06,9.94047838,10536.9070828,0.8781502330031387,3.70840783e-06,5.22891647e-07,0.522891647,6.75772225e-07,9.95692781,10554.3434786,0.8796033895047746,6.75772225e-07,7.26621814e-07,0.726621814
1320,3.70840783e-06,9.94047833,10536.907029799999,0.8781502285860964,3.70840783e-06,5.22891671e-07,0.522891671,6.75772225e-07,9.95692752,10554.3431712,0.8796033638859303,6.75772225e-07,7.26621821e-07,0.7266218210000001
1321,3.70840783e-06,9.94047827,10536.9069662,0.878150223285646,3.70840783e-06,5.22891687e-07,0.522891687,6.75772225e-07,9.95692723,10554.3428638,0.8796033382670861,6.75772225e-07,7.26621829e-07,0.726621829
1322,3.70840783e-06,9.94047819,10536.9068814,0.8781502162183786,3.70840783e-06,5.22891697e-07,0.5228916969999999,6.75772225e-07,9.95692696,10554.3425776,0.8796033144150587,6.75772225e-07,7.26621839e-07,0.726621839
1323,3.70840783e-06,9.94047809,10536.906775399999,0.8781502073842943,3.70840783e-06,5.22891706e-07,0.522891706,6.75772225e-07,9.9569267,10554.342302000001,0.8796032914464397,6.75772225e-07,7.26621849e-07,0.726621849
1324,3.70840783e-06,9.94047799,10536.9066694,0.87815019855021,3.70840783e-06,5.22891716e-07,0.5228917160000001,6.75772225e-07,9.95692646,10554.3420476,0.8796032702446375,6.75772225e-07,7.26621861e-07,0.7266218609999999
1325,3.70840783e-06,9.94047788,10536.9065528,0.8781501888327174,3.70840783e-06,5.22891726e-07,0.522891726,6.75772225e-07,9.95692612,10554.3416872,0.8796032402087511,6.75772225e-07,7.26621874e-07,0.726621874
1326,3.70840783e-06,9.94047777,10536.906436199999,0.8781501791152247,3.70840783e-06,5.22891727e-07,0.522891727,6.75772225e-07,9.95692582,10554.341369200001,0.8796032137064985,6.75772225e-07,7.26621888e-07,0.726621888
1327,3.70840783e-06,9.94047763,10536.9062878,0.8781501667475069,3.70840783e-06,5.22891722e-07,0.522891722,6.75772225e-07,9.9569255,10554.341030000001,0.879603185437429,6.75772225e-07,7.26621903e-07,0.726621903
1328,3.70840783e-06,9.94047749,10536.9061394,0.8781501543797889,3.70840783e-06,5.22891715e-07,0.522891715,6.75772225e-07,9.95692525,10554.340764999999,0.8796031633522182,6.75772225e-07,7.2662192e-07,0.7266219199999999
1329,3.70840783e-06,9.94047734,10536.905980399999,0.8781501411286625,3.70840783e-06,5.2289171e-07,0.52289171,6.75772225e-07,9.95692492,10554.3404152,0.8796031341997403,6.75772225e-07,7.26621938e-07,0.726621938
1330,3.70840783e-06,9.94047718,10536.9058108,0.878150126994128,3.70840783e-06,5.22891699e-07,0.522891699,6.75772225e-07,9.95692459,10554.3400654,0.8796031050472624,6.75772225e-07,7.26621957e-07,0.726621957
1331,3.70840783e-06,9.94047702,10536.905641199999,0.878150112859593,3.70840783e-06,5.22891685e-07,0.522891685,6.75772225e-07,9.9569243,10554.339758,0.8796030794284181,6.75772225e-07,7.26621978e-07,0.726621978
1332,3.70840783e-06,9.94047686,10536.905471600001,0.8781500987250584,3.70840783e-06,5.22891669e-07,0.522891669,6.75772225e-07,9.95692397,10554.3394082,0.8796030502759401,6.75772225e-07,7.26622e-07,0.726622
1333,3.70840783e-06,9.94047668,10536.9052808,0.8781500828237067,3.70840783e-06,5.2289165e-07,0.52289165,6.75772225e-07,9.95692366,10554.339079599999,0.8796030228902789,6.75772225e-07,7.26622023e-07,0.726622023
1334,3.70840783e-06,9.9404765,10536.90509,0.8781500669223551,3.70840783e-06,5.22891628e-07,0.522891628,6.75772225e-07,9.95692333,10554.3387298,0.879602993737801,6.75772225e-07,7.26622047e-07,0.726622047
1335,3.70840783e-06,9.94047631,10536.9048886,0.8781500501375951,3.70840783e-06,5.22891604e-07,0.522891604,6.75772225e-07,9.95692302,10554.338401199999,0.8796029663521399,6.75772225e-07,7.26622072e-07,0.726622072
1336,3.70840783e-06,9.94047611,10536.904676600001,0.8781500324694267,3.70840783e-06,5.22891578e-07,0.5228915780000001,6.75772225e-07,9.95692268,10554.3380408,0.8796029363162535,6.75772225e-07,7.26622099e-07,0.726622099
1337,3.70840783e-06,9.94047592,10536.9044752,0.8781500156846667,3.70840783e-06,5.22891549e-07,0.522891549,6.75772225e-07,9.95692236,10554.3377016,0.879602908047184,6.75772225e-07,7.26622126e-07,0.726622126
1338,3.70840783e-06,9.94047571,10536.9042526,0.8781499971330896,3.70840783e-06,5.22891518e-07,0.522891518,6.75772225e-07,9.95692202,10554.3373412,0.8796028780112977,6.75772225e-07,7.26622155e-07,0.7266221549999999
1339,3.70840783e-06,9.94047551,10536.9040406,0.8781499794649212,3.70840783e-06,5.22891485e-07,0.522891485,6.75772225e-07,9.9569217,10554.337002,0.8796028497422281,6.75772225e-07,7.26622186e-07,0.726622186
1340,3.70840783e-06,9.9404753,10536.903817999999,0.8781499609133442,3.70840783e-06,5.2289145e-07,0.52289145,6.75772225e-07,9.95692135,10554.336631,0.8796028188229333,6.75772225e-07,7.26622217e-07,0.726622217
1341,3.70840783e-06,9.94047508,10536.9035848,0.878149941478359,3.70840783e-06,5.22891412e-07,0.522891412,6.75772225e-07,9.95692101,10554.3362706,0.879602788787047,6.75772225e-07,7.26622249e-07,0.7266222489999999
1342,3.70840783e-06,9.9404749,10536.903393999999,0.8781499255770073,3.70840783e-06,5.22891373e-07,0.5228913730000001,6.75772225e-07,9.95692074,10554.335984399999,0.8796027649350194,6.75772225e-07,7.26622283e-07,0.726622283
1343,3.70840783e-06,9.94047469,10536.903171400001,0.8781499070254306,3.70840783e-06,5.22891336e-07,0.522891336,6.75772225e-07,9.95692039,10554.3356134,0.8796027340157248,6.75772225e-07,7.26622318e-07,0.726622318
1344,3.70840783e-06,9.94047448,10536.902948800001,0.8781498884738538,3.70840783e-06,5.22891295e-07,0.522891295,6.75772225e-07,9.95692005,10554.335253000001,0.8796027039798384,6.75772225e-07,7.26622353e-07,0.726622353
1345,3.70840783e-06,9.94047425,10536.902704999999,0.8781498681554598,3.70840783e-06,5.22891251e-07,0.522891251,6.75772225e-07,9.95691968,10554.3348608,0.8796026712937266,6.75772225e-07,7.2662239e-07,0.72662239
1346,3.70840783e-06,9.94047404,10536.902482399999,0.878149849603883,3.70840783e-06,5.22891205e-07,0.522891205,6.75772225e-07,9.95691938,10554.334542800001,0.8796026447914741,6.75772225e-07,7.26622428e-07,0.726622428
1347,3.70840783e-06,9.94047383,10536.902259800001,0.8781498310523063,3.70840783e-06,5.22891159e-07,0.522891159,6.75772225e-07,9.95691906,10554.334203600001,0.8796026165224046,6.75772225e-07,7.26622467e-07,0.726622467
1348,3.70840783e-06,9.94047363,10536.9020478,0.8781498133841377,3.70840783e-06,5.22891114e-07,0.522891114,6.75772225e-07,9.95691874,10554.333864400001,0.879602588253335,6.75772225e-07,7.26622507e-07,0.726622507
1349,3.70840783e-06,9.94047346,10536.9018676,0.8781497983661944,3.70840783e-06,5.2289107e-07,0.52289107,6.75772225e-07,9.95691846,10554.3335676,0.8796025635178991,6.75772225e-07,7.26622548e-07,0.726622548
1350,3.70840783e-06,9.94047328,10536.9016768,0.8781497824648429,3.70840783e-06,5.22891026e-07,0.5228910259999999,6.75772225e-07,9.95691814,10554.3332284,0.8796025352488296,6.75772225e-07,7.26622589e-07,0.7266225890000001
1351,3.70840783e-06,9.94047309,10536.9014754,0.8781497656800828,3.70840783e-06,5.22890981e-07,0.522890981,6.75772225e-07,9.95691781,10554.3328786,0.8796025060963516,6.75772225e-07,7.26622632e-07,0.726622632
1352,3.70840783e-06,9.9404729,10536.901274,0.8781497488953228,3.70840783e-06,5.22890935e-07,0.5228909350000001,6.75772225e-07,9.95691751,10554.3325606,0.8796024795940989,6.75772225e-07,7.26622675e-07,0.726622675
1353,3.70840783e-06,9.94047271,10536.9010726,0.8781497321105627,3.70840783e-06,5.22890889e-07,0.522890889,6.75772225e-07,9.95691719,10554.3322214,0.8796024513250293,6.75772225e-07,7.26622719e-07,0.726622719
1354,3.70840783e-06,9.94047253,10536.900881799998,0.878149716209211,3.70840783e-06,5.22890843e-07,0.522890843,6.75772225e-07,9.95691689,10554.3319034,0.8796024248227766,6.75772225e-07,7.26622764e-07,0.726622764
1355,3.70840783e-06,9.94047238,10536.9007228,0.8781497029580847,3.70840783e-06,5.22890799e-07,0.522890799,6.75772225e-07,9.95691662,10554.3316172,0.8796024009707492,6.75772225e-07,7.2662281e-07,0.72662281
1356,3.70840783e-06,9.94047223,10536.9005638,0.8781496897069584,3.70840783e-06,5.22890757e-07,0.522890757,6.75772225e-07,9.95691633,10554.3313098,0.8796023753519049,6.75772225e-07,7.26622856e-07,0.726622856
1357,3.70840783e-06,9.9404721,10536.900425999998,0.8781496782226488,3.70840783e-06,5.22890716e-07,0.522890716,6.75772225e-07,9.95691605,10554.331013,0.8796023506164692,6.75772225e-07,7.26622904e-07,0.7266229040000001
1358,3.70840783e-06,9.94047198,10536.9002988,0.8781496676217478,3.70840783e-06,5.22890676e-07,0.5228906759999999,6.75772225e-07,9.95691579,10554.3307374,0.8796023276478501,6.75772225e-07,7.26622951e-07,0.726622951
1359,3.70840783e-06,9.94047186,10536.9001716,0.8781496570208468,3.70840783e-06,5.22890637e-07,0.522890637,6.75772225e-07,9.9569155,10554.33043,0.8796023020290058,6.75772225e-07,7.26622999e-07,0.7266229989999999
1360,3.70840783e-06,9.94047173,10536.9000338,0.8781496455365373,3.70840783e-06,5.22890598e-07,0.522890598,6.75772225e-07,9.95691523,10554.3301438,0.8796022781769784,6.75772225e-07,7.26623048e-07,0.726623048
1361,3.70840783e-06,9.94047162,10536.8999172,0.8781496358190447,3.70840783e-06,5.22890562e-07,0.522890562,6.75772225e-07,9.95691497,10554.3298682,0.8796022552083594,6.75772225e-07,7.26623098e-07,0.726623098
1362,3.70840783e-06,9.94047154,10536.8998324,0.8781496287517773,3.70840783e-06,5.22890528e-07,0.5228905279999999,6.75772225e-07,9.95691474,10554.3296244,0.8796022348899656,6.75772225e-07,7.26623148e-07,0.7266231479999999
1363,3.70840783e-06,9.94047145,10536.899737,0.8781496208011015,3.70840783e-06,5.22890496e-07,0.522890496,6.75772225e-07,9.95691448,10554.3293488,0.8796022119213467,6.75772225e-07,7.26623198e-07,0.7266231980000001
1364,3.70840783e-06,9.94047139,10536.899673400001,0.878149615500651,3.70840783e-06,5.22890466e-07,0.522890466,6.75772225e-07,9.95691424,10554.3290944,0.8796021907195445,6.75772225e-07,7.26623249e-07,0.726623249
1365,3.70840783e-06,9.94047134,10536.8996204,0.8781496110836088,3.70840783e-06,5.22890439e-07,0.5228904390000001,6.75772225e-07,9.95691401,10554.3288506,0.8796021704011509,6.75772225e-07,7.266233e-07,0.7266233
1366,3.70840783e-06,9.94047131,10536.8995886,0.8781496084333835,3.70840783e-06,5.22890414e-07,0.5228904139999999,6.75772225e-07,9.9569138,10554.328628000001,0.879602151849574,6.75772225e-07,7.26623351e-07,0.726623351
1367,3.70840783e-06,9.94047128,10536.899556800001,0.8781496057831584,3.70840783e-06,5.22890392e-07,0.522890392,6.75772225e-07,9.95691357,10554.3283842,0.8796021315311802,6.75772225e-07,7.26623403e-07,0.7266234030000001
1368,3.70840783e-06,9.94047125,10536.899525,0.8781496031329331,3.70840783e-06,5.22890371e-07,0.522890371,6.75772225e-07,9.95691335,10554.328151000002,0.879602112096195,6.75772225e-07,7.26623455e-07,0.726623455
1369,3.70840783e-06,9.94047124,10536.8995144,0.8781496022495245,3.70840783e-06,5.22890354e-07,0.522890354,6.75772225e-07,9.95691313,10554.3279178,0.8796020926612095,6.75772225e-07,7.26623507e-07,0.726623507
1370,3.70840783e-06,9.94047124,10536.8995144,0.8781496022495245,3.70840783e-06,5.22890339e-07,0.522890339,6.75772225e-07,9.95691293,10554.3277058,0.8796020749930411,6.75772225e-07,7.26623559e-07,0.726623559
1371,3.70840783e-06,9.9404713,10536.899578,0.8781496075499752,3.70840783e-06,5.22890327e-07,0.5228903269999999,6.75772225e-07,9.95691279,10554.3275574,0.8796020626253231,6.75772225e-07,7.26623611e-07,0.726623611
1372,3.70840783e-06,9.94047135,10536.899630999998,0.8781496119670171,3.70840783e-06,5.2289032e-07,0.52289032,6.75772225e-07,9.95691261,10554.3273666,0.8796020467239716,6.75772225e-07,7.26623664e-07,0.726623664
1373,3.70840783e-06,9.94047142,10536.8997052,0.8781496181508761,3.70840783e-06,5.22890315e-07,0.522890315,6.75772225e-07,9.95691243,10554.3271758,0.8796020308226199,6.75772225e-07,7.26623716e-07,0.726623716
1374,3.70840783e-06,9.94047147,10536.899758200001,0.8781496225679184,3.70840783e-06,5.22890313e-07,0.522890313,6.75772225e-07,9.95691223,10554.3269638,0.8796020131544515,6.75772225e-07,7.26623769e-07,0.726623769
1375,3.70840783e-06,9.9404715,10536.89979,0.8781496252181435,3.70840783e-06,5.22890312e-07,0.522890312,6.75772225e-07,9.95691203,10554.3267518,0.8796019954862829,6.75772225e-07,7.26623821e-07,0.726623821
1376,3.70840783e-06,9.94047161,10536.8999066,0.8781496349356362,3.70840783e-06,5.22890315e-07,0.522890315,6.75772225e-07,9.95691191,10554.3266246,0.879601984885382,6.75772225e-07,7.26623874e-07,0.726623874
1377,3.70840783e-06,9.94047174,10536.9000444,0.8781496464199456,3.70840783e-06,5.22890321e-07,0.522890321,6.75772225e-07,9.95691179,10554.3264974,0.8796019742844808,6.75772225e-07,7.26623927e-07,0.726623927
1378,3.70840783e-06,9.94047189,10536.900203399999,0.878149659671072,3.70840783e-06,5.22890332e-07,0.522890332,6.75772225e-07,9.95691166,10554.3263596,0.8796019628001713,6.75772225e-07,7.26623979e-07,0.726623979
1379,3.70840783e-06,9.94047205,10536.900373,0.8781496738056068,3.70840783e-06,5.22890347e-07,0.522890347,6.75772225e-07,9.95691152,10554.326211200001,0.8796019504324536,6.75772225e-07,7.26624031e-07,0.726624031
1380,3.70840783e-06,9.94047218,10536.9005108,0.8781496852899163,3.70840783e-06,5.22890364e-07,0.522890364,6.75772225e-07,9.95691136,10554.3260416,0.8796019362979186,6.75772225e-07,7.26624083e-07,0.7266240829999999
1381,3.70840783e-06,9.94047232,10536.900659199999,0.8781496976576342,3.70840783e-06,5.22890382e-07,0.5228903819999999,6.75772225e-07,9.95691122,10554.3258932,0.8796019239302009,6.75772225e-07,7.26624135e-07,0.726624135
1382,3.70840783e-06,9.94047248,10536.9008288,0.878149711792169,3.70840783e-06,5.22890401e-07,0.5228904010000001,6.75772225e-07,9.9569111,10554.325766,0.8796019133292997,6.75772225e-07,7.26624186e-07,0.726624186
1383,3.70840783e-06,9.94047268,10536.9010408,0.8781497294603374,3.70840783e-06,5.22890425e-07,0.522890425,6.75772225e-07,9.956911,10554.32566,0.8796019044952155,6.75772225e-07,7.26624238e-07,0.726624238
1384,3.70840783e-06,9.94047291,10536.9012846,0.8781497497787313,3.70840783e-06,5.22890453e-07,0.522890453,6.75772225e-07,9.95691092,10554.3255752,0.8796018974279481,6.75772225e-07,7.26624289e-07,0.726624289
1385,3.70840783e-06,9.94047315,10536.901539,0.8781497709805334,3.70840783e-06,5.22890485e-07,0.522890485,6.75772225e-07,9.95691083,10554.3254798,0.8796018894772722,6.75772225e-07,7.2662434e-07,0.7266243400000001
1386,3.70840783e-06,9.9404734,10536.901804000001,0.878149793065744,3.70840783e-06,5.2289052e-07,0.52289052,6.75772225e-07,9.95691074,10554.3253844,0.8796018815265964,6.75772225e-07,7.2662439e-07,0.72662439
1387,3.70840783e-06,9.94047365,10536.902069,0.8781498151509545,3.70840783e-06,5.22890557e-07,0.522890557,6.75772225e-07,9.95691064,10554.3252784,0.8796018726925122,6.75772225e-07,7.2662444e-07,0.72662444
1388,3.70840783e-06,9.9404739,10536.902334,0.8781498372361651,3.70840783e-06,5.22890595e-07,0.522890595,6.75772225e-07,9.95691055,10554.325182999999,0.8796018647418363,6.75772225e-07,7.2662449e-07,0.72662449
1389,3.70840783e-06,9.94047417,10536.9026202,0.8781498610881926,3.70840783e-06,5.22890635e-07,0.522890635,6.75772225e-07,9.95691047,10554.3250982,0.8796018576745691,6.75772225e-07,7.26624539e-07,0.726624539
1390,3.70840783e-06,9.94047445,10536.902917,0.8781498858236283,3.70840783e-06,5.22890678e-07,0.522890678,6.75772225e-07,9.9569104,10554.325024,0.87960185149071,6.75772225e-07,7.26624588e-07,0.726624588
1391,3.70840783e-06,9.94047476,10536.9032456,0.8781499132092895,3.70840783e-06,5.22890723e-07,0.5228907230000001,6.75772225e-07,9.95691034,10554.324960400001,0.8796018461902596,6.75772225e-07,7.26624637e-07,0.726624637
1392,3.70840783e-06,9.94047508,10536.9035848,0.878149941478359,3.70840783e-06,5.22890772e-07,0.522890772,6.75772225e-07,9.95691029,10554.3249074,0.8796018417732174,6.75772225e-07,7.26624685e-07,0.726624685
1393,3.70840783e-06,9.94047542,10536.9039452,0.8781499715142453,3.70840783e-06,5.22890824e-07,0.522890824,6.75772225e-07,9.95691024,10554.3248544,0.8796018373561753,6.75772225e-07,7.26624733e-07,0.726624733
1394,3.70840783e-06,9.94047576,10536.9043056,0.8781500015501317,3.70840783e-06,5.22890877e-07,0.522890877,6.75772225e-07,9.95691018,10554.3247908,0.8796018320557247,6.75772225e-07,7.2662478e-07,0.72662478
1395,3.70840783e-06,9.94047612,10536.9046872,0.878150033352835,3.70840783e-06,5.22890932e-07,0.522890932,6.75772225e-07,9.95691014,10554.3247484,0.8796018285220911,6.75772225e-07,7.26624827e-07,0.726624827
1396,3.70840783e-06,9.94047648,10536.905068799999,0.8781500651555382,3.70840783e-06,5.22890988e-07,0.522890988,6.75772225e-07,9.95691009,10554.324695399999,0.8796018241050488,6.75772225e-07,7.26624873e-07,0.726624873
1397,3.70840783e-06,9.94047685,10536.905461,0.8781500978416499,3.70840783e-06,5.22891045e-07,0.522891045,6.75772225e-07,9.95691005,10554.324653,0.8796018205714152,6.75772225e-07,7.26624918e-07,0.7266249180000001
1398,3.70840783e-06,9.94047723,10536.9058638,0.87815013141117,3.70840783e-06,5.22891104e-07,0.522891104,6.75772225e-07,9.95691002,10554.324621200001,0.8796018179211901,6.75772225e-07,7.26624964e-07,0.726624964
1399,3.70840783e-06,9.94047763,10536.9062878,0.8781501667475069,3.70840783e-06,5.22891165e-07,0.522891165,6.75772225e-07,9.95690999,10554.3245894,0.8796018152709647,6.75772225e-07,7.26625008e-07,0.7266250080000001
1400,3.70840783e-06,9.94047804,10536.906722400001,0.8781502029672523,3.70840783e-06,5.22891228e-07,0.522891228,6.75772225e-07,9.95690997,10554.3245682,0.8796018135041479,6.75772225e-07,7.26625052e-07,0.7266250519999999
1401,3.70840783e-06,9.94047846,10536.9071676,0.8781502400704061,3.70840783e-06,5.22891292e-07,0.522891292,6.75772225e-07,9.95690995,10554.324547,0.8796018117373311,6.75772225e-07,7.26625096e-07,0.726625096
1402,3.70840783e-06,9.94047889,10536.9076234,0.8781502780569682,3.70840783e-06,5.22891357e-07,0.522891357,6.75772225e-07,9.95690993,10554.3245258,0.8796018099705143,6.75772225e-07,7.26625139e-07,0.726625139
1403,3.70840783e-06,9.94047933,10536.908089800001,0.8781503169269389,3.70840783e-06,5.22891423e-07,0.522891423,6.75772225e-07,9.95690991,10554.324504600001,0.8796018082036975,6.75772225e-07,7.26625181e-07,0.7266251810000001
1404,3.70840783e-06,9.94047977,10536.9085562,0.8781503557969095,3.70840783e-06,5.2289149e-07,0.52289149,6.75772225e-07,9.9569099,10554.324493999999,0.8796018073202888,6.75772225e-07,7.26625223e-07,0.726625223
1405,3.70840783e-06,9.94048023,10536.9090438,0.878150396433697,3.70840783e-06,5.22891557e-07,0.522891557,6.75772225e-07,9.95690989,10554.3244834,0.8796018064368805,6.75772225e-07,7.26625264e-07,0.726625264
1406,3.70840783e-06,9.94048069,10536.909531399999,0.8781504370704842,3.70840783e-06,5.22891625e-07,0.522891625,6.75772225e-07,9.95690988,10554.324472799999,0.879601805553472,6.75772225e-07,7.26625305e-07,0.726625305
1407,3.70840783e-06,9.94048117,10536.9100402,0.8781504794740886,3.70840783e-06,5.22891693e-07,0.522891693,6.75772225e-07,9.95690988,10554.324472799999,0.879601805553472,6.75772225e-07,7.26625345e-07,0.726625345
1408,3.70840783e-06,9.94048165,10536.910549,0.8781505218776929,3.70840783e-06,5.22891763e-07,0.522891763,6.75772225e-07,9.95690988,10554.324472799999,0.879601805553472,6.75772225e-07,7.26625384e-07,0.726625384
1409,3.70840783e-06,9.94048214,10536.9110684,0.8781505651647058,3.70840783e-06,5.22891832e-07,0.522891832,6.75772225e-07,9.95690988,10554.324472799999,0.879601805553472,6.75772225e-07,7.26625423e-07,0.726625423
1410,3.70840783e-06,9.94048264,10536.9115984,0.8781506093351269,3.70840783e-06,5.22891902e-07,0.5228919019999999,6.75772225e-07,9.95690988,10554.324472799999,0.879601805553472,6.75772225e-07,7.26625461e-07,0.726625461
1411,3.70840783e-06,9.94048315,10536.912139,0.8781506543889565,3.70840783e-06,5.22891971e-07,0.522891971,6.75772225e-07,9.95690989,10554.3244834,0.8796018064368805,6.75772225e-07,7.26625499e-07,0.7266254990000001
1412,3.70840783e-06,9.94048366,10536.9126796,0.878150699442786,3.70840783e-06,5.22892041e-07,0.5228920410000001,6.75772225e-07,9.95690989,10554.3244834,0.8796018064368805,6.75772225e-07,7.26625536e-07,0.726625536
1413,3.70840783e-06,9.94048418,10536.9132308,0.878150745380024,3.70840783e-06,5.2289211e-07,0.52289211,6.75772225e-07,9.9569099,10554.324493999999,0.8796018073202888,6.75772225e-07,7.26625572e-07,0.726625572
1414,3.70840783e-06,9.94048471,10536.9137926,0.8781507922006705,3.70840783e-06,5.22892179e-07,0.522892179,6.75772225e-07,9.95690992,10554.3245152,0.8796018090871057,6.75772225e-07,7.26625608e-07,0.726625608
1415,3.70840783e-06,9.94048524,10536.9143544,0.8781508390213169,3.70840783e-06,5.22892248e-07,0.522892248,6.75772225e-07,9.95690993,10554.3245258,0.8796018099705143,6.75772225e-07,7.26625644e-07,0.7266256440000001
1416,3.70840783e-06,9.94048578,10536.9149268,0.8781508867253717,3.70840783e-06,5.22892317e-07,0.5228923169999999,6.75772225e-07,9.95690995,10554.324547,0.8796018117373311,6.75772225e-07,7.26625678e-07,0.726625678
1417,3.70840783e-06,9.94048633,10536.915509800001,0.8781509353128351,3.70840783e-06,5.22892385e-07,0.522892385,6.75772225e-07,9.95690996,10554.3245576,0.8796018126207396,6.75772225e-07,7.26625712e-07,0.726625712
1418,3.70840783e-06,9.94048688,10536.9160928,0.8781509839002982,3.70840783e-06,5.22892453e-07,0.5228924530000001,6.75772225e-07,9.95690998,10554.3245788,0.8796018143875564,6.75772225e-07,7.26625746e-07,0.726625746
1419,3.70840783e-06,9.94048743,10536.9166758,0.8781510324877614,3.70840783e-06,5.2289252e-07,0.52289252,6.75772225e-07,9.95691,10554.3246,0.8796018161543732,6.75772225e-07,7.26625779e-07,0.726625779
1420,3.70840783e-06,9.940488,10536.91728,0.8781510828420416,3.70840783e-06,5.22892586e-07,0.522892586,6.75772225e-07,9.95691002,10554.324621200001,0.8796018179211901,6.75772225e-07,7.26625811e-07,0.726625811
1421,3.70840783e-06,9.94048857,10536.9178842,0.8781511331963218,3.70840783e-06,5.22892652e-07,0.522892652,6.75772225e-07,9.95691004,10554.3246424,0.8796018196880069,6.75772225e-07,7.26625843e-07,0.726625843
1422,3.70840783e-06,9.94048913,10536.9184778,0.8781511826671934,3.70840783e-06,5.22892716e-07,0.5228927160000001,6.75772225e-07,9.95691007,10554.3246742,0.879601822338232,6.75772225e-07,7.26625874e-07,0.726625874
1423,3.70840783e-06,9.94048972,10536.9191032,0.8781512347882904,3.70840783e-06,5.22892779e-07,0.522892779,6.75772225e-07,9.9569101,10554.324706,0.8796018249884573,6.75772225e-07,7.26625905e-07,0.726625905
1424,3.70840783e-06,9.94049031,10536.9197286,0.8781512869093874,3.70840783e-06,5.22892841e-07,0.522892841,6.75772225e-07,9.95691013,10554.324737800001,0.8796018276386828,6.75772225e-07,7.26625935e-07,0.7266259350000001
1425,3.70840783e-06,9.94049089,10536.9203434,0.8781513381470758,3.70840783e-06,5.22892904e-07,0.522892904,6.75772225e-07,9.95691015,10554.324759000001,0.8796018294054996,6.75772225e-07,7.26625964e-07,0.726625964
1426,3.70840783e-06,9.94049147,10536.9209582,0.8781513893847644,3.70840783e-06,5.22892967e-07,0.522892967,6.75772225e-07,9.95691017,10554.3247802,0.8796018311723164,6.75772225e-07,7.26625993e-07,0.726625993
1427,3.70840783e-06,9.94049206,10536.9215836,0.8781514415058614,3.70840783e-06,5.22893027e-07,0.5228930270000001,6.75772225e-07,9.9569102,10554.324811999999,0.8796018338225415,6.75772225e-07,7.26626021e-07,0.726626021
1428,3.70840783e-06,9.94049266,10536.922219600001,0.8781514945103668,3.70840783e-06,5.22893084e-07,0.522893084,6.75772225e-07,9.95691023,10554.324843800001,0.879601836472767,6.75772225e-07,7.26626049e-07,0.726626049
1429,3.70840783e-06,9.94049326,10536.9228556,0.8781515475148721,3.70840783e-06,5.22893141e-07,0.522893141,6.75772225e-07,9.95691027,10554.3248862,0.8796018400064006,6.75772225e-07,7.26626076e-07,0.726626076
1430,3.70840783e-06,9.94049387,10536.9235022,0.8781516014027859,3.70840783e-06,5.22893198e-07,0.522893198,6.75772225e-07,9.9569103,10554.324918,0.8796018426566259,6.75772225e-07,7.26626103e-07,0.726626103
1431,3.70840783e-06,9.94049447,10536.9241382,0.8781516544072914,3.70840783e-06,5.22893255e-07,0.522893255,6.75772225e-07,9.95691033,10554.324949799999,0.879601845306851,6.75772225e-07,7.26626129e-07,0.726626129
1432,3.70840783e-06,9.94049509,10536.9247954,0.8781517091786135,3.70840783e-06,5.22893311e-07,0.522893311,6.75772225e-07,9.95691037,10554.3249922,0.8796018488404848,6.75772225e-07,7.26626154e-07,0.726626154
1433,3.70840783e-06,9.9404957,10536.925442,0.8781517630665273,3.70840783e-06,5.22893364e-07,0.522893364,6.75772225e-07,9.95691039,10554.3250134,0.8796018506073018,6.75772225e-07,7.2662618e-07,0.7266261799999999
1434,3.70840783e-06,9.94049631,10536.926088600001,0.8781518169544412,3.70840783e-06,5.22893416e-07,0.522893416,6.75772225e-07,9.95691042,10554.3250452,0.8796018532575268,6.75772225e-07,7.26626204e-07,0.726626204
1435,3.70840783e-06,9.94049693,10536.9267458,0.8781518717257634,3.70840783e-06,5.22893466e-07,0.522893466,6.75772225e-07,9.95691047,10554.3250982,0.8796018576745691,6.75772225e-07,7.26626228e-07,0.726626228
1436,3.70840783e-06,9.94049754,10536.9273924,0.8781519256136773,3.70840783e-06,5.22893516e-07,0.522893516,6.75772225e-07,9.95691051,10554.3251406,0.8796018612082027,6.75772225e-07,7.26626252e-07,0.726626252
1437,3.70840783e-06,9.94049815,10536.928039,0.8781519795015911,3.70840783e-06,5.22893566e-07,0.5228935659999999,6.75772225e-07,9.95691053,10554.3251618,0.8796018629750195,6.75772225e-07,7.26626274e-07,0.726626274
1438,3.70840783e-06,9.94049878,10536.928706800001,0.8781520351563218,3.70840783e-06,5.22893615e-07,0.522893615,6.75772225e-07,9.95691056,10554.325193600002,0.879601865625245,6.75772225e-07,7.26626297e-07,0.7266262969999999
1439,3.70840783e-06,9.94049941,10536.929374599998,0.8781520908110522,3.70840783e-06,5.22893662e-07,0.522893662,6.75772225e-07,9.95691061,10554.3252466,0.879601870042287,6.75772225e-07,7.26626319e-07,0.7266263190000001
1440,3.70840783e-06,9.94050003,10536.9300318,0.8781521455823745,3.70840783e-06,5.22893707e-07,0.522893707,6.75772225e-07,9.95691064,10554.3252784,0.8796018726925122,6.75772225e-07,7.2662634e-07,0.72662634
1441,3.70840783e-06,9.94050066,10536.9306996,0.8781522012371051,3.70840783e-06,5.2289375e-07,0.5228937499999999,6.75772225e-07,9.95691068,10554.3253208,0.8796018762261459,6.75772225e-07,7.26626361e-07,0.726626361
1442,3.70840783e-06,9.94050128,10536.9313568,0.8781522560084274,3.70840783e-06,5.22893793e-07,0.522893793,6.75772225e-07,9.95691072,10554.3253632,0.8796018797597795,6.75772225e-07,7.26626382e-07,0.7266263820000001
1443,3.70840783e-06,9.9405019,10536.932014,0.8781523107797496,3.70840783e-06,5.22893836e-07,0.522893836,6.75772225e-07,9.95691075,10554.325395,0.8796018824100049,6.75772225e-07,7.26626402e-07,0.7266264020000001
1444,3.70840783e-06,9.9405025,10536.932649999999,0.8781523637842549,3.70840783e-06,5.22893879e-07,0.5228938790000001,6.75772225e-07,9.9569108,10554.325448,0.879601886827047,6.75772225e-07,7.26626422e-07,0.7266264219999999
1445,3.70840783e-06,9.94050312,10536.9333072,0.8781524185555774,3.70840783e-06,5.22893922e-07,0.522893922,6.75772225e-07,9.95691083,10554.3254798,0.8796018894772722,6.75772225e-07,7.26626441e-07,0.7266264410000001
1446,3.70840783e-06,9.94050379,10536.934017399999,0.8781524777439416,3.70840783e-06,5.22893964e-07,0.522893964,6.75772225e-07,9.95691087,10554.325522199999,0.8796018930109059,6.75772225e-07,7.26626459e-07,0.726626459
1447,3.70840783e-06,9.94050442,10536.9346852,0.8781525333986723,3.70840783e-06,5.22894001e-07,0.5228940009999999,6.75772225e-07,9.9569109,10554.325554000001,0.8796018956611313,6.75772225e-07,7.26626478e-07,0.726626478
1448,3.70840783e-06,9.94050505,10536.935353,0.878152589053403,3.70840783e-06,5.22894037e-07,0.5228940369999999,6.75772225e-07,9.95691094,10554.3255964,0.879601899194765,6.75772225e-07,7.26626495e-07,0.726626495
1449,3.70840783e-06,9.94050564,10536.935978399999,0.8781526411744998,3.70840783e-06,5.22894072e-07,0.522894072,6.75772225e-07,9.95691098,10554.325638799999,0.8796019027283986,6.75772225e-07,7.26626513e-07,0.726626513
1450,3.70840783e-06,9.94050626,10536.9366356,0.878152695945822,3.70840783e-06,5.22894108e-07,0.522894108,6.75772225e-07,9.95691102,10554.3256812,0.8796019062620323,6.75772225e-07,7.2662653e-07,0.72662653
1451,3.70840783e-06,9.94050689,10536.9373034,0.8781527516005527,3.70840783e-06,5.22894145e-07,0.5228941450000001,6.75772225e-07,9.95691106,10554.325723599999,0.8796019097956659,6.75772225e-07,7.26626546e-07,0.726626546
1452,3.70840783e-06,9.94050754,10536.9379924,0.8781528090221002,3.70840783e-06,5.2289418e-07,0.52289418,6.75772225e-07,9.9569111,10554.325766,0.8796019133292997,6.75772225e-07,7.26626562e-07,0.726626562
1453,3.70840783e-06,9.94050815,10536.938639,0.878152862910014,3.70840783e-06,5.22894213e-07,0.5228942129999999,6.75772225e-07,9.95691113,10554.3257978,0.879601915979525,6.75772225e-07,7.26626578e-07,0.726626578
1454,3.70840783e-06,9.94050876,10536.9392856,0.8781529167979278,3.70840783e-06,5.22894245e-07,0.522894245,6.75772225e-07,9.95691117,10554.3258402,0.8796019195131586,6.75772225e-07,7.26626593e-07,0.726626593
1455,3.70840783e-06,9.94050937,10536.939932199999,0.8781529706858415,3.70840783e-06,5.22894277e-07,0.522894277,6.75772225e-07,9.9569112,10554.325872000001,0.8796019221633841,6.75772225e-07,7.26626608e-07,0.726626608
1456,3.70840783e-06,9.94050999,10536.940589400001,0.878153025457164,3.70840783e-06,5.22894308e-07,0.522894308,6.75772225e-07,9.95691124,10554.3259144,0.8796019256970177,6.75772225e-07,7.26626623e-07,0.7266266229999999
1457,3.70840783e-06,9.9405106,10536.941235999999,0.8781530793450776,3.70840783e-06,5.22894339e-07,0.522894339,6.75772225e-07,9.95691127,10554.3259462,0.8796019283472429,6.75772225e-07,7.26626637e-07,0.726626637
1458,3.70840783e-06,9.94051123,10536.9419038,0.8781531349998083,3.70840783e-06,5.22894369e-07,0.522894369,6.75772225e-07,9.95691131,10554.325988600001,0.8796019318808767,6.75772225e-07,7.26626651e-07,0.726626651
1459,3.70840783e-06,9.94051183,10536.9425398,0.8781531880043137,3.70840783e-06,5.22894398e-07,0.522894398,6.75772225e-07,9.95691134,10554.3260204,0.8796019345311018,6.75772225e-07,7.26626664e-07,0.726626664
1460,3.70840783e-06,9.94051242,10536.943165199998,0.8781532401254105,3.70840783e-06,5.22894426e-07,0.522894426,6.75772225e-07,9.95691138,10554.326062799999,0.8796019380647354,6.75772225e-07,7.26626677e-07,0.7266266769999999
1461,3.70840783e-06,9.94051301,10536.9437906,0.8781532922465076,3.70840783e-06,5.22894454e-07,0.522894454,6.75772225e-07,9.95691141,10554.3260946,0.8796019407149608,6.75772225e-07,7.2662669e-07,0.72662669
1462,3.70840783e-06,9.94051363,10536.9444478,0.8781533470178299,3.70840783e-06,5.22894483e-07,0.522894483,6.75772225e-07,9.95691145,10554.326137,0.8796019442485945,6.75772225e-07,7.26626702e-07,0.726626702
1463,3.70840783e-06,9.94051422,10536.9450732,0.8781533991389269,3.70840783e-06,5.2289451e-07,0.52289451,6.75772225e-07,9.95691148,10554.3261688,0.8796019468988198,6.75772225e-07,7.26626714e-07,0.726626714
1464,3.70840783e-06,9.94051485,10536.945741,0.8781534547936575,3.70840783e-06,5.22894537e-07,0.522894537,6.75772225e-07,9.95691149,10554.3261794,0.8796019477822281,6.75772225e-07,7.26626726e-07,0.726626726
1465,3.70840783e-06,9.94051542,10536.9463452,0.8781535051479376,3.70840783e-06,5.22894562e-07,0.522894562,6.75772225e-07,9.95691153,10554.3262218,0.8796019513158618,6.75772225e-07,7.26626738e-07,0.726626738
1466,3.70840783e-06,9.94051596,10536.9469176,0.8781535528519925,3.70840783e-06,5.22894587e-07,0.5228945869999999,6.75772225e-07,9.95691156,10554.3262536,0.8796019539660872,6.75772225e-07,7.26626749e-07,0.726626749
1467,3.70840783e-06,9.94051655,10536.947543,0.8781536049730895,3.70840783e-06,5.22894612e-07,0.5228946120000001,6.75772225e-07,9.9569116,10554.326296,0.8796019574997208,6.75772225e-07,7.2662676e-07,0.72662676
1468,3.70840783e-06,9.94051713,10536.9481578,0.8781536562107779,3.70840783e-06,5.22894638e-07,0.522894638,6.75772225e-07,9.95691162,10554.326317199999,0.8796019592665376,6.75772225e-07,7.2662677e-07,0.72662677
1469,3.70840783e-06,9.94051772,10536.948783200001,0.878153708331875,3.70840783e-06,5.22894663e-07,0.522894663,6.75772225e-07,9.95691165,10554.326349,0.879601961916763,6.75772225e-07,7.2662678e-07,0.72662678
1470,3.70840783e-06,9.9405183,10536.949398,0.8781537595695635,3.70840783e-06,5.22894687e-07,0.522894687,6.75772225e-07,9.95691167,10554.3263702,0.8796019636835798,6.75772225e-07,7.2662679e-07,0.7266267900000001
1471,3.70840783e-06,9.94051887,10536.9500022,0.8781538099238435,3.70840783e-06,5.2289471e-07,0.52289471,6.75772225e-07,9.9569117,10554.326401999999,0.8796019663338049,6.75772225e-07,7.266268e-07,0.7266268
1472,3.70840783e-06,9.94051941,10536.9505746,0.8781538576278983,3.70840783e-06,5.22894733e-07,0.522894733,6.75772225e-07,9.95691172,10554.3264232,0.879601968100622,6.75772225e-07,7.2662681e-07,0.72662681
1473,3.70840783e-06,9.94052001,10536.9512106,0.8781539106324038,3.70840783e-06,5.22894756e-07,0.522894756,6.75772225e-07,9.95691175,10554.326455,0.8796019707508472,6.75772225e-07,7.26626819e-07,0.726626819
1474,3.70840783e-06,9.94052055,10536.951783,0.8781539583364587,3.70840783e-06,5.22894778e-07,0.5228947780000001,6.75772225e-07,9.95691176,10554.326465600001,0.8796019716342557,6.75772225e-07,7.26626828e-07,0.726626828
1475,3.70840783e-06,9.94052105,10536.952313,0.8781540025068798,3.70840783e-06,5.228948e-07,0.5228948,6.75772225e-07,9.95691177,10554.3264762,0.879601972517664,6.75772225e-07,7.26626837e-07,0.726626837
1476,3.70840783e-06,9.94052155,10536.952843,0.8781540466773009,3.70840783e-06,5.22894821e-07,0.522894821,6.75772225e-07,9.9569118,10554.326508,0.8796019751678893,6.75772225e-07,7.26626846e-07,0.726626846
1477,3.70840783e-06,9.94052209,10536.9534154,0.8781540943813557,3.70840783e-06,5.22894844e-07,0.5228948440000001,6.75772225e-07,9.95691182,10554.3265292,0.8796019769347061,6.75772225e-07,7.26626854e-07,0.7266268539999999
1478,3.70840783e-06,9.94052269,10536.9540514,0.8781541473858612,3.70840783e-06,5.22894866e-07,0.522894866,6.75772225e-07,9.95691183,10554.326539799998,0.8796019778181144,6.75772225e-07,7.26626863e-07,0.726626863
1479,3.70840783e-06,9.94052321,10536.9546026,0.8781541933230992,3.70840783e-06,5.22894888e-07,0.522894888,6.75772225e-07,9.95691185,10554.326561,0.8796019795849314,6.75772225e-07,7.26626871e-07,0.726626871
1480,3.70840783e-06,9.94052376,10536.9551856,0.8781542419105625,3.70840783e-06,5.22894908e-07,0.5228949079999999,6.75772225e-07,9.95691185,10554.326561,0.8796019795849314,6.75772225e-07,7.26626879e-07,0.726626879
1481,3.70840783e-06,9.94052423,10536.955683799999,0.8781542834307582,3.70840783e-06,5.22894928e-07,0.522894928,6.75772225e-07,9.95691187,10554.326582200001,0.8796019813517484,6.75772225e-07,7.26626886e-07,0.7266268859999999
1482,3.70840783e-06,9.94052475,10536.956235,0.8781543293679963,3.70840783e-06,5.22894947e-07,0.5228949469999999,6.75772225e-07,9.95691188,10554.3265928,0.8796019822351567,6.75772225e-07,7.26626894e-07,0.726626894
1483,3.70840783e-06,9.94052522,10536.956733199999,0.8781543708881921,3.70840783e-06,5.22894967e-07,0.5228949669999999,6.75772225e-07,9.9569119,10554.326614,0.8796019840019735,6.75772225e-07,7.26626901e-07,0.726626901
1484,3.70840783e-06,9.94052572,10536.9572632,0.8781544150586134,3.70840783e-06,5.22894987e-07,0.522894987,6.75772225e-07,9.9569119,10554.326614,0.8796019840019735,6.75772225e-07,7.26626909e-07,0.726626909
1485,3.70840783e-06,9.94052621,10536.9577826,0.8781544583456261,3.70840783e-06,5.22895006e-07,0.5228950059999999,6.75772225e-07,9.9569119,10554.326614,0.8796019840019735,6.75772225e-07,7.26626916e-07,0.726626916
1486,3.70840783e-06,9.94052671,10536.9583126,0.8781545025160472,3.70840783e-06,5.22895026e-07,0.5228950259999999,6.75772225e-07,9.9569119,10554.326614,0.8796019840019735,6.75772225e-07,7.26626923e-07,0.726626923
1487,3.70840783e-06,9.94052723,10536.9588638,0.8781545484532852,3.70840783e-06,5.22895044e-07,0.522895044,6.75772225e-07,9.95691189,10554.3266034,0.8796019831185652,6.75772225e-07,7.2662693e-07,0.72662693
1488,3.70840783e-06,9.94052772,10536.959383200001,0.8781545917402981,3.70840783e-06,5.22895061e-07,0.5228950609999999,6.75772225e-07,9.95691189,10554.3266034,0.8796019831185652,6.75772225e-07,7.26626937e-07,0.726626937
1489,3.70840783e-06,9.94052816,10536.9598496,0.8781546306102685,3.70840783e-06,5.22895077e-07,0.522895077,6.75772225e-07,9.95691191,10554.3266246,0.879601984885382,6.75772225e-07,7.26626944e-07,0.7266269439999999
1490,3.70840783e-06,9.94052856,10536.960273600002,0.8781546659466056,3.70840783e-06,5.22895094e-07,0.522895094,6.75772225e-07,9.95691191,10554.3266246,0.879601984885382,6.75772225e-07,7.26626951e-07,0.726626951
1491,3.70840783e-06,9.940529,10536.96074,0.8781547048165761,3.70840783e-06,5.22895112e-07,0.5228951119999999,6.75772225e-07,9.95691191,10554.3266246,0.879601984885382,6.75772225e-07,7.26626957e-07,0.726626957
1492,3.70840783e-06,9.94052948,10536.9612488,0.8781547472201804,3.70840783e-06,5.2289513e-07,0.52289513,6.75772225e-07,9.9569119,10554.326614,0.8796019840019735,6.75772225e-07,7.26626964e-07,0.726626964
1493,3.70840783e-06,9.94052998,10536.961778800001,0.8781547913906017,3.70840783e-06,5.22895147e-07,0.522895147,6.75772225e-07,9.95691187,10554.326582200001,0.8796019813517484,6.75772225e-07,7.2662697e-07,0.72662697
1494,3.70840783e-06,9.94053044,10536.9622664,0.878154832027389,3.70840783e-06,5.22895163e-07,0.522895163,6.75772225e-07,9.95691186,10554.3265716,0.8796019804683399,6.75772225e-07,7.26626977e-07,0.726626977
1495,3.70840783e-06,9.94053083,10536.9626798,0.8781548664803176,3.70840783e-06,5.22895177e-07,0.522895177,6.75772225e-07,9.95691187,10554.326582200001,0.8796019813517484,6.75772225e-07,7.26626984e-07,0.726626984
1496,3.70840783e-06,9.9405312,10536.963072,0.8781548991664292,3.70840783e-06,5.22895192e-07,0.522895192,6.75772225e-07,9.95691187,10554.326582200001,0.8796019813517484,6.75772225e-07,7.2662699e-07,0.7266269900000001
1497,3.70840783e-06,9.94053166,10536.963559599999,0.8781549398032166,3.70840783e-06,5.22895207e-07,0.522895207,6.75772225e-07,9.95691185,10554.326561,0.8796019795849314,6.75772225e-07,7.26626996e-07,0.726626996
1498,3.70840783e-06,9.94053206,10536.9639836,0.8781549751395537,3.70840783e-06,5.22895223e-07,0.522895223,6.75772225e-07,9.95691183,10554.326539799998,0.8796019778181144,6.75772225e-07,7.26627003e-07,0.7266270029999999
1499,3.70840783e-06,9.94053249,10536.9644394,0.8781550131261158,3.70840783e-06,5.22895238e-07,0.522895238,6.75772225e-07,9.95691181,10554.326518599999,0.8796019760512976,6.75772225e-07,7.26627009e-07,0.726627009
1500,3.70840783e-06,9.94053289,10536.9648634,0.8781550484624527,3.70840783e-06,5.22895251e-07,0.522895251,6.75772225e-07,9.95691179,10554.3264974,0.8796019742844808,6.75772225e-07,7.26627016e-07,0.726627016
1501,3.70840783e-06,9.94053329,10536.965287399998,0.8781550837987895,3.70840783e-06,5.22895265e-07,0.5228952649999999,6.75772225e-07,9.95691177,10554.3264762,0.879601972517664,6.75772225e-07,7.26627022e-07,0.7266270220000001
1502,3.70840783e-06,9.94053368,10536.9657008,0.8781551182517181,3.70840783e-06,5.22895278e-07,0.522895278,6.75772225e-07,9.95691175,10554.326455,0.8796019707508472,6.75772225e-07,7.26627028e-07,0.726627028
1503,3.70840783e-06,9.94053407,10536.9661142,0.8781551527046466,3.70840783e-06,5.22895291e-07,0.522895291,6.75772225e-07,9.95691173,10554.326433799999,0.8796019689840302,6.75772225e-07,7.26627035e-07,0.726627035
1504,3.70840783e-06,9.94053444,10536.9665064,0.8781551853907582,3.70840783e-06,5.22895303e-07,0.522895303,6.75772225e-07,9.95691171,10554.3264126,0.8796019672172134,6.75772225e-07,7.26627041e-07,0.726627041
1505,3.70840783e-06,9.94053482,10536.9669092,0.8781552189602784,3.70840783e-06,5.22895315e-07,0.522895315,6.75772225e-07,9.95691168,10554.3263808,0.8796019645669881,6.75772225e-07,7.26627048e-07,0.726627048
1506,3.70840783e-06,9.94053518,10536.9672908,0.8781552507629815,3.70840783e-06,5.22895326e-07,0.522895326,6.75772225e-07,9.95691166,10554.3263596,0.8796019628001713,6.75772225e-07,7.26627054e-07,0.726627054
1507,3.70840783e-06,9.94053554,10536.9676724,0.8781552825656848,3.70840783e-06,5.22895338e-07,0.522895338,6.75772225e-07,9.95691164,10554.3263384,0.8796019610333545,6.75772225e-07,7.26627061e-07,0.726627061
1508,3.70840783e-06,9.94053589,10536.9680434,0.8781553134849795,3.70840783e-06,5.22895349e-07,0.522895349,6.75772225e-07,9.95691161,10554.3263066,0.8796019583831293,6.75772225e-07,7.26627068e-07,0.726627068
1509,3.70840783e-06,9.94053625,10536.968425,0.8781553452876828,3.70840783e-06,5.2289536e-07,0.52289536,6.75772225e-07,9.95691158,10554.3262748,0.879601955732904,6.75772225e-07,7.26627074e-07,0.726627074
1510,3.70840783e-06,9.9405366,10536.968796,0.8781553762069776,3.70840783e-06,5.22895371e-07,0.522895371,6.75772225e-07,9.95691154,10554.3262324,0.8796019521992704,6.75772225e-07,7.26627081e-07,0.7266270810000001
1511,3.70840783e-06,9.94053696,10536.9691776,0.8781554080096808,3.70840783e-06,5.22895381e-07,0.522895381,6.75772225e-07,9.95691151,10554.326200599999,0.8796019495490449,6.75772225e-07,7.26627088e-07,0.726627088
1512,3.70840783e-06,9.94053727,10536.969506200001,0.878155435395342,3.70840783e-06,5.2289539e-07,0.52289539,6.75772225e-07,9.95691148,10554.3261688,0.8796019468988198,6.75772225e-07,7.26627095e-07,0.726627095
1513,3.70840783e-06,9.94053761,10536.9698666,0.8781554654312284,3.70840783e-06,5.22895399e-07,0.522895399,6.75772225e-07,9.95691145,10554.326137,0.8796019442485945,6.75772225e-07,7.26627102e-07,0.726627102
1514,3.70840783e-06,9.94053792,10536.970195200001,0.8781554928168895,3.70840783e-06,5.22895408e-07,0.522895408,6.75772225e-07,9.95691142,10554.326105200002,0.8796019415983694,6.75772225e-07,7.26627109e-07,0.726627109
1515,3.70840783e-06,9.94053825,10536.970545,0.8781555219693674,3.70840783e-06,5.22895417e-07,0.522895417,6.75772225e-07,9.95691139,10554.3260734,0.8796019389481439,6.75772225e-07,7.26627116e-07,0.726627116
1516,3.70840783e-06,9.94053857,10536.9708842,0.8781555502384369,3.70840783e-06,5.22895426e-07,0.522895426,6.75772225e-07,9.95691135,10554.326031,0.8796019354145103,6.75772225e-07,7.26627123e-07,0.726627123
1517,3.70840783e-06,9.94053889,10536.9712234,0.8781555785075065,3.70840783e-06,5.22895434e-07,0.5228954339999999,6.75772225e-07,9.95691131,10554.325988600001,0.8796019318808767,6.75772225e-07,7.2662713e-07,0.72662713
1518,3.70840783e-06,9.94053921,10536.971562600002,0.8781556067765762,3.70840783e-06,5.22895442e-07,0.5228954419999999,6.75772225e-07,9.95691127,10554.3259462,0.8796019283472429,6.75772225e-07,7.26627137e-07,0.726627137
1519,3.70840783e-06,9.94053953,10536.971901800001,0.8781556350456456,3.70840783e-06,5.2289545e-07,0.52289545,6.75772225e-07,9.95691122,10554.3258932,0.8796019239302009,6.75772225e-07,7.26627145e-07,0.7266271449999999
1520,3.70840783e-06,9.9405398,10536.972188,0.878155658897673,3.70840783e-06,5.22895457e-07,0.5228954570000001,6.75772225e-07,9.95691119,10554.325861399999,0.8796019212799754,6.75772225e-07,7.26627152e-07,0.7266271519999999
1521,3.70840783e-06,9.94054007,10536.972474200002,0.8781556827497006,3.70840783e-06,5.22895464e-07,0.522895464,6.75772225e-07,9.95691116,10554.3258296,0.8796019186297502,6.75772225e-07,7.2662716e-07,0.72662716
1522,3.70840783e-06,9.94054036,10536.9727816,0.8781557083685446,3.70840783e-06,5.22895471e-07,0.522895471,6.75772225e-07,9.95691112,10554.3257872,0.8796019150961165,6.75772225e-07,7.26627167e-07,0.7266271670000001
1523,3.70840783e-06,9.94054065,10536.973089000001,0.878155733987389,3.70840783e-06,5.22895478e-07,0.522895478,6.75772225e-07,9.95691108,10554.325744799999,0.8796019115624827,6.75772225e-07,7.26627175e-07,0.726627175
1524,3.70840783e-06,9.94054095,10536.973407000001,0.8781557604896417,3.70840783e-06,5.22895485e-07,0.522895485,6.75772225e-07,9.95691103,10554.3256918,0.8796019071454407,6.75772225e-07,7.26627183e-07,0.726627183
1525,3.70840783e-06,9.94054124,10536.9737144,0.8781557861084859,3.70840783e-06,5.22895492e-07,0.522895492,6.75772225e-07,9.95691099,10554.325649400002,0.8796019036118071,6.75772225e-07,7.26627191e-07,0.7266271910000001
1526,3.70840783e-06,9.94054151,10536.9740006,0.8781558099605132,3.70840783e-06,5.22895498e-07,0.522895498,6.75772225e-07,9.95691095,10554.325606999999,0.8796019000781733,6.75772225e-07,7.26627199e-07,0.7266271990000001
1527,3.70840783e-06,9.94054177,10536.974276199999,0.8781558329291322,3.70840783e-06,5.22895504e-07,0.522895504,6.75772225e-07,9.95691091,10554.3255646,0.8796018965445397,6.75772225e-07,7.26627207e-07,0.7266272069999999
1528,3.70840783e-06,9.94054204,10536.9745624,0.8781558567811598,3.70840783e-06,5.2289551e-07,0.52289551,6.75772225e-07,9.95691087,10554.325522199999,0.8796018930109059,6.75772225e-07,7.26627215e-07,0.726627215
1529,3.70840783e-06,9.9405423,10536.974838,0.8781558797497788,3.70840783e-06,5.22895516e-07,0.5228955160000001,6.75772225e-07,9.95691083,10554.3254798,0.8796018894772722,6.75772225e-07,7.26627223e-07,0.726627223
1530,3.70840783e-06,9.94054258,10536.9751348,0.8781559044852146,3.70840783e-06,5.22895522e-07,0.522895522,6.75772225e-07,9.95691078,10554.3254268,0.8796018850602302,6.75772225e-07,7.26627232e-07,0.7266272319999999
1531,3.70840783e-06,9.94054284,10536.9754104,0.8781559274538336,3.70840783e-06,5.22895527e-07,0.522895527,6.75772225e-07,9.95691074,10554.3253844,0.8796018815265964,6.75772225e-07,7.2662724e-07,0.72662724
1532,3.70840783e-06,9.94054307,10536.9756542,0.8781559477722273,3.70840783e-06,5.22895533e-07,0.522895533,6.75772225e-07,9.9569107,10554.325342,0.8796018779929627,6.75772225e-07,7.26627249e-07,0.726627249
1533,3.70840783e-06,9.94054331,10536.975908600001,0.8781559689740296,3.70840783e-06,5.22895538e-07,0.522895538,6.75772225e-07,9.95691066,10554.325299600001,0.8796018744593291,6.75772225e-07,7.26627257e-07,0.7266272570000001
1534,3.70840783e-06,9.94054359,10536.9762054,0.8781559937094654,3.70840783e-06,5.22895545e-07,0.522895545,6.75772225e-07,9.9569106,10554.325236,0.8796018691588786,6.75772225e-07,7.26627266e-07,0.7266272659999999
1535,3.70840783e-06,9.94054384,10536.9764704,0.878156015794676,3.70840783e-06,5.22895551e-07,0.522895551,6.75772225e-07,9.95691056,10554.325193600002,0.879601865625245,6.75772225e-07,7.26627275e-07,0.726627275
1536,3.70840783e-06,9.94054409,10536.9767354,0.8781560378798865,3.70840783e-06,5.22895557e-07,0.522895557,6.75772225e-07,9.95691052,10554.325151199999,0.8796018620916111,6.75772225e-07,7.26627284e-07,0.726627284
1537,3.70840783e-06,9.94054433,10536.9769898,0.8781560590816886,3.70840783e-06,5.22895561e-07,0.522895561,6.75772225e-07,9.95691048,10554.3251088,0.8796018585579775,6.75772225e-07,7.26627293e-07,0.726627293
1538,3.70840783e-06,9.94054457,10536.9772442,0.8781560802834908,3.70840783e-06,5.22895566e-07,0.522895566,6.75772225e-07,9.95691044,10554.325066399999,0.8796018550243436,6.75772225e-07,7.26627302e-07,0.726627302
1539,3.70840783e-06,9.9405448,10536.977488,0.8781561006018845,3.70840783e-06,5.22895571e-07,0.5228955710000001,6.75772225e-07,9.9569104,10554.325024,0.87960185149071,6.75772225e-07,7.26627311e-07,0.726627311
1540,3.70840783e-06,9.94054506,10536.9777636,0.8781561235705035,3.70840783e-06,5.22895578e-07,0.522895578,6.75772225e-07,9.95691035,10554.324971,0.879601847073668,6.75772225e-07,7.2662732e-07,0.72662732
1541,3.70840783e-06,9.94054528,10536.9779968,0.8781561430054888,3.70840783e-06,5.22895584e-07,0.522895584,6.75772225e-07,9.95691031,10554.3249286,0.8796018435400342,6.75772225e-07,7.26627329e-07,0.7266273289999999
1542,3.70840783e-06,9.94054549,10536.9782194,0.8781561615570657,3.70840783e-06,5.2289559e-07,0.52289559,6.75772225e-07,9.95691027,10554.3248862,0.8796018400064006,6.75772225e-07,7.26627339e-07,0.726627339
1543,3.70840783e-06,9.94054572,10536.9784632,0.8781561818754594,3.70840783e-06,5.22895595e-07,0.522895595,6.75772225e-07,9.95691023,10554.324843800001,0.879601836472767,6.75772225e-07,7.26627348e-07,0.726627348
1544,3.70840783e-06,9.94054595,10536.978707,0.8781562021938532,3.70840783e-06,5.22895601e-07,0.522895601,6.75772225e-07,9.95691019,10554.3248014,0.8796018329391332,6.75772225e-07,7.26627357e-07,0.726627357
1545,3.70840783e-06,9.9405462,10536.978972,0.8781562242790638,3.70840783e-06,5.22895609e-07,0.522895609,6.75772225e-07,9.95691014,10554.3247484,0.8796018285220911,6.75772225e-07,7.26627367e-07,0.726627367
1546,3.70840783e-06,9.94054642,10536.979205200001,0.8781562437140492,3.70840783e-06,5.22895616e-07,0.522895616,6.75772225e-07,9.95691011,10554.3247166,0.8796018258718659,6.75772225e-07,7.26627376e-07,0.726627376
1547,3.70840783e-06,9.94054661,10536.9794066,0.878156260498809,3.70840783e-06,5.22895622e-07,0.5228956220000001,6.75772225e-07,9.95691008,10554.3246848,0.8796018232216405,6.75772225e-07,7.26627386e-07,0.726627386
1548,3.70840783e-06,9.94054681,10536.9796186,0.8781562781669776,3.70840783e-06,5.22895631e-07,0.522895631,6.75772225e-07,9.95691004,10554.3246424,0.8796018196880069,6.75772225e-07,7.26627396e-07,0.726627396
1549,3.70840783e-06,9.94054704,10536.9798624,0.8781562984853712,3.70840783e-06,5.22895641e-07,0.522895641,6.75772225e-07,9.95690999,10554.3245894,0.8796018152709647,6.75772225e-07,7.26627405e-07,0.726627405
1550,3.70840783e-06,9.94054735,10536.980190999999,0.8781563258710323,3.70840783e-06,5.2289565e-07,0.52289565,6.75772225e-07,9.95690992,10554.3245152,0.8796018090871057,6.75772225e-07,7.26627415e-07,0.7266274149999999
1551,3.70840783e-06,9.94054758,10536.9804348,0.8781563461894261,3.70840783e-06,5.22895654e-07,0.522895654,6.75772225e-07,9.95690988,10554.324472799999,0.879601805553472,6.75772225e-07,7.26627425e-07,0.726627425
1552,3.70840783e-06,9.94054775,10536.980615,0.8781563612073694,3.70840783e-06,5.22895658e-07,0.522895658,6.75772225e-07,9.95690986,10554.3244516,0.8796018037866552,6.75772225e-07,7.26627435e-07,0.7266274349999999
1553,3.70840783e-06,9.94054792,10536.980795200001,0.8781563762253126,3.70840783e-06,5.22895664e-07,0.5228956640000001,6.75772225e-07,9.95690984,10554.3244304,0.8796018020198384,6.75772225e-07,7.26627445e-07,0.726627445
1554,3.70840783e-06,9.94054814,10536.981028400001,0.8781563956602979,3.70840783e-06,5.22895673e-07,0.522895673,6.75772225e-07,9.95690981,10554.324398600002,0.8796017993696132,6.75772225e-07,7.26627454e-07,0.7266274540000001
1555,3.70840783e-06,9.94054838,10536.9812828,0.8781564168620999,3.70840783e-06,5.22895683e-07,0.522895683,6.75772225e-07,9.95690977,10554.324356199999,0.8796017958359793,6.75772225e-07,7.26627464e-07,0.726627464
1556,3.70840783e-06,9.94054863,10536.9815478,0.8781564389473105,3.70840783e-06,5.22895691e-07,0.522895691,6.75772225e-07,9.95690972,10554.324303200001,0.8796017914189374,6.75772225e-07,7.26627474e-07,0.7266274739999999
1557,3.70840783e-06,9.94054883,10536.981759799999,0.8781564566154789,3.70840783e-06,5.22895697e-07,0.5228956969999999,6.75772225e-07,9.95690968,10554.3242608,0.8796017878853036,6.75772225e-07,7.26627484e-07,0.726627484
1558,3.70840783e-06,9.94054902,10536.981961200001,0.8781564734002392,3.70840783e-06,5.22895704e-07,0.522895704,6.75772225e-07,9.95690964,10554.3242184,0.8796017843516698,6.75772225e-07,7.26627495e-07,0.7266274949999999
1559,3.70840783e-06,9.94054921,10536.982162600001,0.8781564901849992,3.70840783e-06,5.22895713e-07,0.522895713,6.75772225e-07,9.95690962,10554.3241972,0.879601782584853,6.75772225e-07,7.26627505e-07,0.726627505
1560,3.70840783e-06,9.94054941,10536.982374599998,0.8781565078531675,3.70840783e-06,5.22895723e-07,0.522895723,6.75772225e-07,9.95690959,10554.324165400001,0.879601779934628,6.75772225e-07,7.26627515e-07,0.726627515
1561,3.70840783e-06,9.9405496,10536.982576,0.8781565246379276,3.70840783e-06,5.22895735e-07,0.522895735,6.75772225e-07,9.95690956,10554.3241336,0.8796017772844025,6.75772225e-07,7.26627525e-07,0.7266275249999999
1562,3.70840783e-06,9.94054982,10536.982809199999,0.8781565440729128,3.70840783e-06,5.22895747e-07,0.5228957470000001,6.75772225e-07,9.95690952,10554.3240912,0.8796017737507689,6.75772225e-07,7.26627535e-07,0.726627535
1563,3.70840783e-06,9.94055008,10536.9830848,0.8781565670415319,3.70840783e-06,5.22895757e-07,0.522895757,6.75772225e-07,9.95690948,10554.324048800001,0.8796017702171353,6.75772225e-07,7.26627545e-07,0.726627545
1564,3.70840783e-06,9.94055031,10536.983328600001,0.8781565873599257,3.70840783e-06,5.22895764e-07,0.522895764,6.75772225e-07,9.95690943,10554.3239958,0.879601765800093,6.75772225e-07,7.26627555e-07,0.726627555
1565,3.70840783e-06,9.9405505,10536.983530000001,0.8781566041446858,3.70840783e-06,5.22895769e-07,0.522895769,6.75772225e-07,9.95690941,10554.3239746,0.8796017640332762,6.75772225e-07,7.26627565e-07,0.726627565
1566,3.70840783e-06,9.94055062,10536.9836572,0.8781566147455868,3.70840783e-06,5.22895778e-07,0.5228957780000001,6.75772225e-07,9.9569094,10554.323964000001,0.8796017631498678,6.75772225e-07,7.26627575e-07,0.7266275750000001
1567,3.70840783e-06,9.94055085,10536.983901,0.8781566350639805,3.70840783e-06,5.22895791e-07,0.5228957909999999,6.75772225e-07,9.95690937,10554.3239322,0.8796017604996426,6.75772225e-07,7.26627585e-07,0.7266275849999999
1568,3.70840783e-06,9.94055108,10536.9841448,0.8781566553823743,3.70840783e-06,5.22895803e-07,0.522895803,6.75772225e-07,9.95690933,10554.3238898,0.8796017569660088,6.75772225e-07,7.26627595e-07,0.726627595
1569,3.70840783e-06,9.94055129,10536.9843674,0.8781566739339511,3.70840783e-06,5.22895814e-07,0.522895814,6.75772225e-07,9.9569093,10554.323858,0.8796017543157835,6.75772225e-07,7.26627605e-07,0.726627605
1570,3.70840783e-06,9.94055148,10536.9845688,0.8781566907187112,3.70840783e-06,5.22895825e-07,0.522895825,6.75772225e-07,9.95690926,10554.323815599999,0.8796017507821497,6.75772225e-07,7.26627616e-07,0.7266276159999999
1571,3.70840783e-06,9.94055167,10536.984770199999,0.8781567075034711,3.70840783e-06,5.22895836e-07,0.522895836,6.75772225e-07,9.95690923,10554.3237838,0.8796017481319246,6.75772225e-07,7.26627626e-07,0.726627626
1572,3.70840783e-06,9.94055187,10536.9849822,0.8781567251716396,3.70840783e-06,5.22895848e-07,0.522895848,6.75772225e-07,9.95690921,10554.3237626,0.8796017463651077,6.75772225e-07,7.26627636e-07,0.726627636
1573,3.70840783e-06,9.94055206,10536.9851836,0.8781567419563996,3.70840783e-06,5.22895859e-07,0.522895859,6.75772225e-07,9.95690918,10554.3237308,0.8796017437148825,6.75772225e-07,7.26627646e-07,0.726627646
1574,3.70840783e-06,9.94055225,10536.985385,0.8781567587411597,3.70840783e-06,5.22895872e-07,0.522895872,6.75772225e-07,9.95690915,10554.323698999999,0.879601741064657,6.75772225e-07,7.26627656e-07,0.726627656
1575,3.70840783e-06,9.94055245,10536.985597,0.8781567764093282,3.70840783e-06,5.22895885e-07,0.5228958850000001,6.75772225e-07,9.95690912,10554.3236672,0.8796017384144319,6.75772225e-07,7.26627666e-07,0.7266276660000001
1576,3.70840783e-06,9.94055267,10536.985830200001,0.8781567958443136,3.70840783e-06,5.22895898e-07,0.522895898,6.75772225e-07,9.95690909,10554.3236354,0.8796017357642066,6.75772225e-07,7.26627676e-07,0.726627676
1577,3.70840783e-06,9.94055288,10536.9860528,0.8781568143958904,3.70840783e-06,5.22895909e-07,0.5228959089999999,6.75772225e-07,9.95690906,10554.3236036,0.8796017331139814,6.75772225e-07,7.26627686e-07,0.726627686
1578,3.70840783e-06,9.94055308,10536.986264800002,0.8781568320640589,3.70840783e-06,5.22895919e-07,0.522895919,6.75772225e-07,9.95690904,10554.323582399998,0.8796017313471645,6.75772225e-07,7.26627696e-07,0.7266276960000001
1579,3.70840783e-06,9.94055326,10536.9864556,0.8781568479654104,3.70840783e-06,5.22895929e-07,0.5228959289999999,6.75772225e-07,9.95690902,10554.323561199999,0.8796017295803477,6.75772225e-07,7.26627706e-07,0.7266277059999999
1580,3.70840783e-06,9.94055344,10536.9866464,0.8781568638667621,3.70840783e-06,5.22895941e-07,0.522895941,6.75772225e-07,9.956909,10554.32354,0.8796017278135309,6.75772225e-07,7.26627716e-07,0.726627716
1581,3.70840783e-06,9.94055363,10536.9868478,0.8781568806515221,3.70840783e-06,5.22895954e-07,0.522895954,6.75772225e-07,9.95690897,10554.323508200001,0.8796017251633057,6.75772225e-07,7.26627726e-07,0.726627726
1582,3.70840783e-06,9.94055384,10536.9870704,0.878156899203099,3.70840783e-06,5.22895967e-07,0.522895967,6.75772225e-07,9.95690894,10554.3234764,0.8796017225130803,6.75772225e-07,7.26627735e-07,0.726627735
1583,3.70840783e-06,9.94055404,10536.9872824,0.8781569168712674,3.70840783e-06,5.22895979e-07,0.5228959790000001,6.75772225e-07,9.95690891,10554.323444599999,0.879601719862855,6.75772225e-07,7.26627745e-07,0.726627745
1584,3.70840783e-06,9.94055423,10536.9874838,0.8781569336560274,3.70840783e-06,5.2289599e-07,0.52289599,6.75772225e-07,9.95690889,10554.3234234,0.8796017180960382,6.75772225e-07,7.26627755e-07,0.7266277550000001
1585,3.70840783e-06,9.94055437,10536.9876322,0.8781569460237454,3.70840783e-06,5.22896002e-07,0.522896002,6.75772225e-07,9.95690887,10554.3234022,0.8796017163292214,6.75772225e-07,7.26627765e-07,0.726627765
1586,3.70840783e-06,9.94055456,10536.9878336,0.8781569628085054,3.70840783e-06,5.22896016e-07,0.5228960159999999,6.75772225e-07,9.95690885,10554.323381,0.8796017145624045,6.75772225e-07,7.26627775e-07,0.726627775
1587,3.70840783e-06,9.94055478,10536.988066799999,0.8781569822434906,3.70840783e-06,5.22896031e-07,0.522896031,6.75772225e-07,9.95690882,10554.3233492,0.8796017119121792,6.75772225e-07,7.26627784e-07,0.726627784
1588,3.70840783e-06,9.94055501,10536.988310600002,0.8781570025618846,3.70840783e-06,5.22896043e-07,0.522896043,6.75772225e-07,9.95690879,10554.3233174,0.8796017092619539,6.75772225e-07,7.26627794e-07,0.726627794
1589,3.70840783e-06,9.94055517,10536.9884802,0.8781570166964192,3.70840783e-06,5.22896052e-07,0.522896052,6.75772225e-07,9.95690877,10554.3232962,0.8796017074951371,6.75772225e-07,7.26627804e-07,0.726627804
1590,3.70840783e-06,9.94055531,10536.9886286,0.8781570290641372,3.70840783e-06,5.22896062e-07,0.522896062,6.75772225e-07,9.95690876,10554.3232856,0.8796017066117287,6.75772225e-07,7.26627813e-07,0.726627813
1591,3.70840783e-06,9.9405555,10536.98883,0.8781570458488972,3.70840783e-06,5.22896075e-07,0.5228960749999999,6.75772225e-07,9.95690874,10554.3232644,0.8796017048449118,6.75772225e-07,7.26627823e-07,0.726627823
1592,3.70840783e-06,9.94055572,10536.9890632,0.8781570652838826,3.70840783e-06,5.2289609e-07,0.52289609,6.75772225e-07,9.95690871,10554.3232326,0.8796017021946866,6.75772225e-07,7.26627832e-07,0.726627832
1593,3.70840783e-06,9.94055595,10536.989307,0.8781570856022762,3.70840783e-06,5.22896103e-07,0.522896103,6.75772225e-07,9.95690868,10554.3232008,0.8796016995444613,6.75772225e-07,7.26627842e-07,0.7266278420000001
1594,3.70840783e-06,9.9405561,10536.989466,0.8781570988534027,3.70840783e-06,5.22896112e-07,0.522896112,6.75772225e-07,9.95690866,10554.3231796,0.8796016977776445,6.75772225e-07,7.26627851e-07,0.7266278509999999
1595,3.70840783e-06,9.94055624,10536.9896144,0.8781571112211205,3.70840783e-06,5.2289612e-07,0.52289612,6.75772225e-07,9.95690864,10554.3231584,0.8796016960108276,6.75772225e-07,7.26627861e-07,0.726627861
1596,3.70840783e-06,9.94055639,10536.989773399999,0.8781571244722467,3.70840783e-06,5.22896132e-07,0.522896132,6.75772225e-07,9.95690863,10554.3231478,0.8796016951274191,6.75772225e-07,7.2662787e-07,0.7266278700000001
1597,3.70840783e-06,9.94055659,10536.9899854,0.8781571421404153,3.70840783e-06,5.22896146e-07,0.522896146,6.75772225e-07,9.95690861,10554.323126599998,0.8796016933606022,6.75772225e-07,7.2662788e-07,0.72662788
1598,3.70840783e-06,9.94055682,10536.990229199999,0.8781571624588089,3.70840783e-06,5.22896161e-07,0.5228961609999999,6.75772225e-07,9.95690858,10554.3230948,0.8796016907103771,6.75772225e-07,7.26627889e-07,0.726627889
1599,3.70840783e-06,9.94055699,10536.9904094,0.8781571774767521,3.70840783e-06,5.22896172e-07,0.5228961719999999,6.75772225e-07,9.95690855,10554.323063,0.8796016880601518,6.75772225e-07,7.26627898e-07,0.726627898
1600,3.70840783e-06,9.94055714,10536.990568399999,0.8781571907278785,3.70840783e-06,5.2289618e-07,0.52289618,6.75772225e-07,9.95690854,10554.323052400001,0.8796016871767435,6.75772225e-07,7.26627908e-07,0.726627908
1601,3.70840783e-06,9.94055729,10536.9907274,0.8781572039790049,3.70840783e-06,5.22896189e-07,0.522896189,6.75772225e-07,9.95690853,10554.3230418,0.879601686293335,6.75772225e-07,7.26627917e-07,0.726627917
1602,3.70840783e-06,9.94055748,10536.9909288,0.8781572207637649,3.70840783e-06,5.22896201e-07,0.522896201,6.75772225e-07,9.95690851,10554.3230206,0.8796016845265182,6.75772225e-07,7.26627926e-07,0.726627926
1603,3.70840783e-06,9.94055769,10536.9911514,0.8781572393153418,3.70840783e-06,5.22896214e-07,0.5228962140000001,6.75772225e-07,9.95690848,10554.322988799999,0.8796016818762927,6.75772225e-07,7.26627935e-07,0.726627935
1604,3.70840783e-06,9.94055786,10536.9913316,0.8781572543332851,3.70840783e-06,5.22896224e-07,0.5228962239999999,6.75772225e-07,9.95690846,10554.3229676,0.8796016801094759,6.75772225e-07,7.26627944e-07,0.726627944
1605,3.70840783e-06,9.94055801,10536.9914906,0.8781572675844114,3.70840783e-06,5.22896233e-07,0.522896233,6.75772225e-07,9.95690844,10554.3229464,0.8796016783426591,6.75772225e-07,7.26627953e-07,0.726627953
1606,3.70840783e-06,9.94055815,10536.991639,0.8781572799521293,3.70840783e-06,5.22896241e-07,0.522896241,6.75772225e-07,9.95690843,10554.3229358,0.8796016774592508,6.75772225e-07,7.26627962e-07,0.7266279619999999
1607,3.70840783e-06,9.94055831,10536.9918086,0.8781572940866641,3.70840783e-06,5.22896251e-07,0.5228962509999999,6.75772225e-07,9.95690841,10554.322914600001,0.879601675692434,6.75772225e-07,7.26627971e-07,0.726627971
1608,3.70840783e-06,9.94055851,10536.9920206,0.8781573117548326,3.70840783e-06,5.22896263e-07,0.522896263,6.75772225e-07,9.95690839,10554.3228934,0.8796016739256171,6.75772225e-07,7.2662798e-07,0.7266279800000001
1609,3.70840783e-06,9.94055869,10536.9922114,0.8781573276561842,3.70840783e-06,5.22896274e-07,0.522896274,6.75772225e-07,9.95690837,10554.3228722,0.8796016721588003,6.75772225e-07,7.26627989e-07,0.726627989
1610,3.70840783e-06,9.94055884,10536.9923704,0.8781573409073105,3.70840783e-06,5.22896283e-07,0.522896283,6.75772225e-07,9.95690835,10554.322851,0.8796016703919834,6.75772225e-07,7.26627998e-07,0.726627998
1611,3.70840783e-06,9.94055898,10536.9925188,0.8781573532750284,3.70840783e-06,5.22896291e-07,0.522896291,6.75772225e-07,9.95690834,10554.3228404,0.879601669508575,6.75772225e-07,7.26628006e-07,0.726628006
1612,3.70840783e-06,9.94055914,10536.9926884,0.8781573674095632,3.70840783e-06,5.22896299e-07,0.522896299,6.75772225e-07,9.95690832,10554.3228192,0.8796016677417582,6.75772225e-07,7.26628015e-07,0.7266280150000001
1613,3.70840783e-06,9.9405593,10536.992858,0.878157381544098,3.70840783e-06,5.22896309e-07,0.522896309,6.75772225e-07,9.9569083,10554.322798000001,0.8796016659749413,6.75772225e-07,7.26628024e-07,0.7266280239999999
1614,3.70840783e-06,9.94055948,10536.993048799999,0.8781573974454495,3.70840783e-06,5.22896318e-07,0.522896318,6.75772225e-07,9.95690828,10554.3227768,0.8796016642081244,6.75772225e-07,7.26628032e-07,0.726628032
1615,3.70840783e-06,9.94055964,10536.9932184,0.8781574115799844,3.70840783e-06,5.22896327e-07,0.522896327,6.75772225e-07,9.95690827,10554.322766199999,0.8796016633247159,6.75772225e-07,7.26628041e-07,0.726628041
1616,3.70840783e-06,9.9405598,10536.993388,0.8781574257145192,3.70840783e-06,5.22896333e-07,0.522896333,6.75772225e-07,9.95690825,10554.322745,0.8796016615578991,6.75772225e-07,7.2662805e-07,0.72662805
1617,3.70840783e-06,9.94055994,10536.9935364,0.878157438082237,3.70840783e-06,5.2289634e-07,0.52289634,6.75772225e-07,9.95690823,10554.3227238,0.8796016597910823,6.75772225e-07,7.26628058e-07,0.726628058
1618,3.70840783e-06,9.94056009,10536.9936954,0.8781574513333634,3.70840783e-06,5.22896346e-07,0.522896346,6.75772225e-07,9.95690822,10554.322713200001,0.8796016589076739,6.75772225e-07,7.26628066e-07,0.726628066
1619,3.70840783e-06,9.94056023,10536.9938438,0.8781574637010814,3.70840783e-06,5.22896354e-07,0.522896354,6.75772225e-07,9.95690821,10554.3227026,0.8796016580242655,6.75772225e-07,7.26628075e-07,0.726628075
1620,3.70840783e-06,9.94056038,10536.9940028,0.8781574769522077,3.70840783e-06,5.22896363e-07,0.5228963630000001,6.75772225e-07,9.95690819,10554.3226814,0.8796016562574487,6.75772225e-07,7.26628083e-07,0.7266280829999999
1621,3.70840783e-06,9.94056054,10536.9941724,0.8781574910867425,3.70840783e-06,5.22896372e-07,0.5228963719999999,6.75772225e-07,9.95690817,10554.3226602,0.8796016544906317,6.75772225e-07,7.26628092e-07,0.726628092
1622,3.70840783e-06,9.94056071,10536.994352599999,0.8781575061046855,3.70840783e-06,5.22896379e-07,0.522896379,6.75772225e-07,9.95690815,10554.322639,0.8796016527238149,6.75772225e-07,7.266281e-07,0.7266281
1623,3.70840783e-06,9.94056086,10536.9945116,0.878157519355812,3.70840783e-06,5.22896384e-07,0.522896384,6.75772225e-07,9.95690814,10554.3226284,0.8796016518404064,6.75772225e-07,7.26628108e-07,0.726628108
1624,3.70840783e-06,9.94056099,10536.9946494,0.8781575308401214,3.70840783e-06,5.22896388e-07,0.522896388,6.75772225e-07,9.95690812,10554.3226072,0.8796016500735896,6.75772225e-07,7.26628116e-07,0.726628116
1625,3.70840783e-06,9.94056112,10536.9947872,0.8781575423244309,3.70840783e-06,5.22896392e-07,0.522896392,6.75772225e-07,9.95690811,10554.3225966,0.8796016491901812,6.75772225e-07,7.26628124e-07,0.726628124
1626,3.70840783e-06,9.94056125,10536.994925,0.8781575538087405,3.70840783e-06,5.22896399e-07,0.522896399,6.75772225e-07,9.9569081,10554.322586,0.8796016483067728,6.75772225e-07,7.26628132e-07,0.7266281320000001
1627,3.70840783e-06,9.94056139,10536.9950734,0.8781575661764583,3.70840783e-06,5.22896406e-07,0.522896406,6.75772225e-07,9.95690809,10554.322575400001,0.8796016474233644,6.75772225e-07,7.2662814e-07,0.72662814
1628,3.70840783e-06,9.94056153,10536.9952218,0.8781575785441763,3.70840783e-06,5.22896414e-07,0.522896414,6.75772225e-07,9.95690808,10554.3225648,0.879601646539956,6.75772225e-07,7.26628148e-07,0.726628148
1629,3.70840783e-06,9.94056167,10536.995370199998,0.878157590911894,3.70840783e-06,5.22896422e-07,0.5228964220000001,6.75772225e-07,9.95690807,10554.3225542,0.8796016456565475,6.75772225e-07,7.26628156e-07,0.726628156
1630,3.70840783e-06,9.94056184,10536.9955504,0.8781576059298375,3.70840783e-06,5.22896428e-07,0.5228964279999999,6.75772225e-07,9.95690805,10554.322532999999,0.8796016438897305,6.75772225e-07,7.26628164e-07,0.7266281640000001
1631,3.70840783e-06,9.94056199,10536.9957094,0.8781576191809638,3.70840783e-06,5.22896432e-07,0.522896432,6.75772225e-07,9.95690803,10554.3225118,0.8796016421229137,6.75772225e-07,7.26628172e-07,0.726628172
1632,3.70840783e-06,9.94056212,10536.9958472,0.8781576306652732,3.70840783e-06,5.22896434e-07,0.522896434,6.75772225e-07,9.95690802,10554.3225012,0.8796016412395055,6.75772225e-07,7.26628179e-07,0.726628179
1633,3.70840783e-06,9.94056222,10536.995953200001,0.8781576394993575,3.70840783e-06,5.22896437e-07,0.522896437,6.75772225e-07,9.95690801,10554.3224906,0.8796016403560969,6.75772225e-07,7.26628187e-07,0.726628187
1634,3.70840783e-06,9.94056234,10536.9960804,0.8781576501002586,3.70840783e-06,5.22896443e-07,0.522896443,6.75772225e-07,9.95690801,10554.3224906,0.8796016403560969,6.75772225e-07,7.26628195e-07,0.726628195
1635,3.70840783e-06,9.94056248,10536.9962288,0.8781576624679766,3.70840783e-06,5.22896449e-07,0.522896449,6.75772225e-07,9.956908,10554.32248,0.8796016394726887,6.75772225e-07,7.26628202e-07,0.726628202
1636,3.70840783e-06,9.94056261,10536.9963666,0.878157673952286,3.70840783e-06,5.22896456e-07,0.522896456,6.75772225e-07,9.95690798,10554.322458800001,0.8796016377058717,6.75772225e-07,7.2662821e-07,0.72662821
1637,3.70840783e-06,9.94056274,10536.9965044,0.8781576854365954,3.70840783e-06,5.22896461e-07,0.522896461,6.75772225e-07,9.95690797,10554.322448199999,0.8796016368224632,6.75772225e-07,7.26628217e-07,0.726628217
1638,3.70840783e-06,9.94056287,10536.996642200002,0.8781576969209051,3.70840783e-06,5.22896467e-07,0.522896467,6.75772225e-07,9.95690796,10554.3224376,0.8796016359390548,6.75772225e-07,7.26628224e-07,0.7266282239999999
1639,3.70840783e-06,9.94056301,10536.9967906,0.8781577092886229,3.70840783e-06,5.22896472e-07,0.522896472,6.75772225e-07,9.95690795,10554.322427,0.8796016350556464,6.75772225e-07,7.26628232e-07,0.7266282319999999
1640,3.70840783e-06,9.94056314,10536.9969284,0.8781577207729324,3.70840783e-06,5.22896476e-07,0.522896476,6.75772225e-07,9.95690794,10554.3224164,0.879601634172238,6.75772225e-07,7.26628239e-07,0.726628239
1641,3.70840783e-06,9.94056326,10536.997055599999,0.8781577313738334,3.70840783e-06,5.22896479e-07,0.522896479,6.75772225e-07,9.95690793,10554.3224058,0.8796016332888296,6.75772225e-07,7.26628246e-07,0.726628246
1642,3.70840783e-06,9.94056338,10536.9971828,0.8781577419747345,3.70840783e-06,5.22896482e-07,0.5228964819999999,6.75772225e-07,9.95690793,10554.3224058,0.8796016332888296,6.75772225e-07,7.26628253e-07,0.726628253
1643,3.70840783e-06,9.94056349,10536.9972994,0.8781577516922272,3.70840783e-06,5.22896486e-07,0.5228964859999999,6.75772225e-07,9.95690792,10554.3223952,0.8796016324054212,6.75772225e-07,7.2662826e-07,0.72662826
1644,3.70840783e-06,9.94056361,10536.997426599999,0.8781577622931283,3.70840783e-06,5.2289649e-07,0.5228964899999999,6.75772225e-07,9.95690791,10554.3223846,0.8796016315220128,6.75772225e-07,7.26628267e-07,0.726628267
1645,3.70840783e-06,9.94056373,10536.9975538,0.8781577728940293,3.70840783e-06,5.22896495e-07,0.522896495,6.75772225e-07,9.95690791,10554.3223846,0.8796016315220128,6.75772225e-07,7.26628274e-07,0.7266282740000001
1646,3.70840783e-06,9.94056386,10536.9976916,0.8781577843783388,3.70840783e-06,5.228965e-07,0.5228965,6.75772225e-07,9.9569079,10554.322374,0.8796016306386043,6.75772225e-07,7.26628281e-07,0.726628281
1647,3.70840783e-06,9.94056398,10536.9978188,0.87815779497924,3.70840783e-06,5.22896504e-07,0.522896504,6.75772225e-07,9.95690789,10554.3223634,0.879601629755196,6.75772225e-07,7.26628288e-07,0.726628288
1648,3.70840783e-06,9.9405641,10536.997946,0.878157805580141,3.70840783e-06,5.22896508e-07,0.5228965080000001,6.75772225e-07,9.95690789,10554.3223634,0.879601629755196,6.75772225e-07,7.26628294e-07,0.726628294
1649,3.70840783e-06,9.94056422,10536.9980732,0.8781578161810422,3.70840783e-06,5.22896512e-07,0.522896512,6.75772225e-07,9.95690788,10554.3223528,0.8796016288717875,6.75772225e-07,7.26628301e-07,0.726628301
1650,3.70840783e-06,9.94056432,10536.9981792,0.8781578250151263,3.70840783e-06,5.22896515e-07,0.522896515,6.75772225e-07,9.95690788,10554.3223528,0.8796016288717875,6.75772225e-07,7.26628307e-07,0.726628307
1651,3.70840783e-06,9.94056443,10536.9982958,0.878157834732619,3.70840783e-06,5.22896519e-07,0.522896519,6.75772225e-07,9.95690788,10554.3223528,0.8796016288717875,6.75772225e-07,7.26628314e-07,0.7266283139999999
1652,3.70840783e-06,9.94056454,10536.9984124,0.8781578444501117,3.70840783e-06,5.22896523e-07,0.522896523,6.75772225e-07,9.95690787,10554.322342200001,0.8796016279883792,6.75772225e-07,7.2662832e-07,0.72662832
1653,3.70840783e-06,9.94056466,10536.9985396,0.8781578550510126,3.70840783e-06,5.22896528e-07,0.522896528,6.75772225e-07,9.95690787,10554.322342200001,0.8796016279883792,6.75772225e-07,7.26628327e-07,0.726628327
1654,3.70840783e-06,9.94056478,10536.9986668,0.8781578656519138,3.70840783e-06,5.22896532e-07,0.522896532,6.75772225e-07,9.95690786,10554.322331599999,0.8796016271049705,6.75772225e-07,7.26628333e-07,0.7266283330000001
1655,3.70840783e-06,9.94056489,10536.998783399999,0.8781578753694063,3.70840783e-06,5.22896535e-07,0.522896535,6.75772225e-07,9.95690786,10554.322331599999,0.8796016271049705,6.75772225e-07,7.26628339e-07,0.726628339
1656,3.70840783e-06,9.940565,10536.998899999999,0.878157885086899,3.70840783e-06,5.22896538e-07,0.522896538,6.75772225e-07,9.95690786,10554.322331599999,0.8796016271049705,6.75772225e-07,7.26628345e-07,0.726628345
1657,3.70840783e-06,9.9405651,10536.999006,0.8781578939209833,3.70840783e-06,5.22896542e-07,0.5228965419999999,6.75772225e-07,9.95690786,10554.322331599999,0.8796016271049705,6.75772225e-07,7.26628351e-07,0.726628351
1658,3.70840783e-06,9.94056521,10536.9991226,0.878157903638476,3.70840783e-06,5.22896547e-07,0.522896547,6.75772225e-07,9.95690786,10554.322331599999,0.8796016271049705,6.75772225e-07,7.26628357e-07,0.7266283570000001
1659,3.70840783e-06,9.94056532,10536.999239199999,0.8781579133559685,3.70840783e-06,5.22896551e-07,0.522896551,6.75772225e-07,9.95690786,10554.322331599999,0.8796016271049705,6.75772225e-07,7.26628363e-07,0.726628363
1660,3.70840783e-06,9.94056543,10536.999355799999,0.8781579230734612,3.70840783e-06,5.22896555e-07,0.522896555,6.75772225e-07,9.95690785,10554.322321,0.8796016262215621,6.75772225e-07,7.26628368e-07,0.7266283680000001
1661,3.70840783e-06,9.94056554,10536.999472399999,0.8781579327909539,3.70840783e-06,5.22896559e-07,0.522896559,6.75772225e-07,9.95690785,10554.322321,0.8796016262215621,6.75772225e-07,7.26628374e-07,0.726628374
1662,3.70840783e-06,9.94056564,10536.9995784,0.8781579416250381,3.70840783e-06,5.22896562e-07,0.522896562,6.75772225e-07,9.95690785,10554.322321,0.8796016262215621,6.75772225e-07,7.2662838e-07,0.72662838
1663,3.70840783e-06,9.94056574,10536.9996844,0.8781579504591224,3.70840783e-06,5.22896566e-07,0.522896566,6.75772225e-07,9.95690786,10554.322331599999,0.8796016271049705,6.75772225e-07,7.26628385e-07,0.726628385
1664,3.70840783e-06,9.94056584,10536.9997904,0.8781579592932066,3.70840783e-06,5.22896571e-07,0.522896571,6.75772225e-07,9.95690786,10554.322331599999,0.8796016271049705,6.75772225e-07,7.26628391e-07,0.726628391
1665,3.70840783e-06,9.94056594,10536.9998964,0.8781579681272909,3.70840783e-06,5.22896575e-07,0.522896575,6.75772225e-07,9.95690786,10554.322331599999,0.8796016271049705,6.75772225e-07,7.26628396e-07,0.7266283960000001
1666,3.70840783e-06,9.94056602,10536.9999812,0.8781579751945583,3.70840783e-06,5.2289658e-07,0.5228965799999999,6.75772225e-07,9.95690787,10554.322342200001,0.8796016279883792,6.75772225e-07,7.26628401e-07,0.7266284009999999
1667,3.70840783e-06,9.94056615,10537.000119,0.8781579866788678,3.70840783e-06,5.22896586e-07,0.522896586,6.75772225e-07,9.95690787,10554.322342200001,0.8796016279883792,6.75772225e-07,7.26628406e-07,0.726628406
1668,3.70840783e-06,9.94056626,10537.0002356,0.8781579963963604,3.70840783e-06,5.2289659e-07,0.52289659,6.75772225e-07,9.95690786,10554.322331599999,0.8796016271049705,6.75772225e-07,7.26628411e-07,0.726628411
1669,3.70840783e-06,9.94056634,10537.0003204,0.8781580034636278,3.70840783e-06,5.22896594e-07,0.522896594,6.75772225e-07,9.95690787,10554.322342200001,0.8796016279883792,6.75772225e-07,7.26628416e-07,0.726628416
1670,3.70840783e-06,9.94056643,10537.000415800001,0.8781580114143037,3.70840783e-06,5.228966e-07,0.5228965999999999,6.75772225e-07,9.95690787,10554.322342200001,0.8796016279883792,6.75772225e-07,7.26628421e-07,0.726628421
1671,3.70840783e-06,9.94056656,10537.0005536,0.8781580228986131,3.70840783e-06,5.22896604e-07,0.5228966039999999,6.75772225e-07,9.95690787,10554.322342200001,0.8796016279883792,6.75772225e-07,7.26628426e-07,0.7266284260000001
1672,3.70840783e-06,9.94056665,10537.000649,0.8781580308492889,3.70840783e-06,5.22896608e-07,0.5228966079999999,6.75772225e-07,9.95690788,10554.3223528,0.8796016288717875,6.75772225e-07,7.26628431e-07,0.726628431
1673,3.70840783e-06,9.94056673,10537.0007338,0.8781580379165562,3.70840783e-06,5.22896612e-07,0.522896612,6.75772225e-07,9.95690789,10554.3223634,0.879601629755196,6.75772225e-07,7.26628435e-07,0.726628435
1674,3.70840783e-06,9.94056683,10537.000839799999,0.8781580467506405,3.70840783e-06,5.22896617e-07,0.522896617,6.75772225e-07,9.95690789,10554.3223634,0.879601629755196,6.75772225e-07,7.2662844e-07,0.72662844
1675,3.70840783e-06,9.94056693,10537.000945799999,0.8781580555847246,3.70840783e-06,5.22896622e-07,0.522896622,6.75772225e-07,9.95690789,10554.3223634,0.879601629755196,6.75772225e-07,7.26628444e-07,0.726628444
1676,3.70840783e-06,9.94056703,10537.0010518,0.878158064418809,3.70840783e-06,5.22896627e-07,0.5228966270000001,6.75772225e-07,9.9569079,10554.322374,0.8796016306386043,6.75772225e-07,7.26628448e-07,0.726628448
1677,3.70840783e-06,9.94056713,10537.0011578,0.8781580732528932,3.70840783e-06,5.22896631e-07,0.522896631,6.75772225e-07,9.95690791,10554.3223846,0.8796016315220128,6.75772225e-07,7.26628453e-07,0.726628453
1678,3.70840783e-06,9.94056722,10537.0012532,0.878158081203569,3.70840783e-06,5.22896635e-07,0.5228966349999999,6.75772225e-07,9.95690791,10554.3223846,0.8796016315220128,6.75772225e-07,7.26628457e-07,0.726628457
1679,3.70840783e-06,9.94056731,10537.0013486,0.8781580891542449,3.70840783e-06,5.2289664e-07,0.52289664,6.75772225e-07,9.95690792,10554.3223952,0.8796016324054212,6.75772225e-07,7.26628461e-07,0.726628461
1680,3.70840783e-06,9.94056741,10537.0014546,0.8781580979883291,3.70840783e-06,5.22896644e-07,0.522896644,6.75772225e-07,9.95690793,10554.3224058,0.8796016332888296,6.75772225e-07,7.26628465e-07,0.726628465
1681,3.70840783e-06,9.9405675,10537.00155,0.8781581059390049,3.70840783e-06,5.22896649e-07,0.522896649,6.75772225e-07,9.95690793,10554.3224058,0.8796016332888296,6.75772225e-07,7.26628469e-07,0.726628469
1682,3.70840783e-06,9.9405676,10537.001656,0.8781581147730891,3.70840783e-06,5.22896654e-07,0.5228966540000001,6.75772225e-07,9.95690794,10554.3224164,0.879601634172238,6.75772225e-07,7.26628472e-07,0.726628472
1683,3.70840783e-06,9.94056769,10537.0017514,0.8781581227237648,3.70840783e-06,5.22896659e-07,0.5228966589999999,6.75772225e-07,9.95690795,10554.322427,0.8796016350556464,6.75772225e-07,7.26628476e-07,0.726628476
1684,3.70840783e-06,9.94056777,10537.0018362,0.8781581297910322,3.70840783e-06,5.22896663e-07,0.5228966629999999,6.75772225e-07,9.95690796,10554.3224376,0.8796016359390548,6.75772225e-07,7.2662848e-07,0.72662848
1685,3.70840783e-06,9.94056786,10537.0019316,0.878158137741708,3.70840783e-06,5.22896668e-07,0.522896668,6.75772225e-07,9.95690796,10554.3224376,0.8796016359390548,6.75772225e-07,7.26628483e-07,0.726628483
1686,3.70840783e-06,9.94056795,10537.002027,0.8781581456923839,3.70840783e-06,5.22896672e-07,0.522896672,6.75772225e-07,9.95690797,10554.322448199999,0.8796016368224632,6.75772225e-07,7.26628487e-07,0.7266284869999999
1687,3.70840783e-06,9.94056804,10537.002122400001,0.8781581536430598,3.70840783e-06,5.22896677e-07,0.522896677,6.75772225e-07,9.95690798,10554.322458800001,0.8796016377058717,6.75772225e-07,7.2662849e-07,0.72662849
1688,3.70840783e-06,9.94056813,10537.002217800002,0.8781581615937356,3.70840783e-06,5.22896682e-07,0.5228966820000001,6.75772225e-07,9.95690799,10554.3224694,0.8796016385892801,6.75772225e-07,7.26628493e-07,0.726628493
1689,3.70840783e-06,9.94056822,10537.002313199999,0.8781581695444112,3.70840783e-06,5.22896687e-07,0.5228966869999999,6.75772225e-07,9.956908,10554.32248,0.8796016394726887,6.75772225e-07,7.26628496e-07,0.726628496
1690,3.70840783e-06,9.94056831,10537.0024086,0.8781581774950871,3.70840783e-06,5.22896691e-07,0.5228966909999999,6.75772225e-07,9.95690801,10554.3224906,0.8796016403560969,6.75772225e-07,7.26628499e-07,0.726628499
1691,3.70840783e-06,9.94056839,10537.0024934,0.8781581845623544,3.70840783e-06,5.22896696e-07,0.522896696,6.75772225e-07,9.95690802,10554.3225012,0.8796016412395055,6.75772225e-07,7.26628502e-07,0.726628502
1692,3.70840783e-06,9.94056848,10537.0025888,0.8781581925130303,3.70840783e-06,5.22896701e-07,0.522896701,6.75772225e-07,9.95690803,10554.3225118,0.8796016421229137,6.75772225e-07,7.26628505e-07,0.726628505
1693,3.70840783e-06,9.94056857,10537.0026842,0.8781582004637062,3.70840783e-06,5.22896705e-07,0.522896705,6.75772225e-07,9.95690804,10554.3225224,0.8796016430063223,6.75772225e-07,7.26628508e-07,0.726628508
1694,3.70840783e-06,9.94056865,10537.002768999999,0.8781582075309734,3.70840783e-06,5.2289671e-07,0.52289671,6.75772225e-07,9.95690805,10554.322532999999,0.8796016438897305,6.75772225e-07,7.26628511e-07,0.726628511
1695,3.70840783e-06,9.94056874,10537.0028644,0.8781582154816493,3.70840783e-06,5.22896715e-07,0.522896715,6.75772225e-07,9.95690806,10554.3225436,0.8796016447731391,6.75772225e-07,7.26628513e-07,0.7266285130000001
1696,3.70840783e-06,9.94056882,10537.0029492,0.8781582225489166,3.70840783e-06,5.22896719e-07,0.522896719,6.75772225e-07,9.95690807,10554.3225542,0.8796016456565475,6.75772225e-07,7.26628516e-07,0.726628516
1697,3.70840783e-06,9.94056891,10537.0030446,0.8781582304995925,3.70840783e-06,5.22896724e-07,0.522896724,6.75772225e-07,9.95690808,10554.3225648,0.879601646539956,6.75772225e-07,7.26628518e-07,0.726628518
1698,3.70840783e-06,9.94056899,10537.003129399998,0.8781582375668597,3.70840783e-06,5.22896728e-07,0.522896728,6.75772225e-07,9.95690809,10554.322575400001,0.8796016474233644,6.75772225e-07,7.26628521e-07,0.726628521
1699,3.70840783e-06,9.94056907,10537.0032142,0.8781582446341273,3.70840783e-06,5.22896733e-07,0.5228967330000001,6.75772225e-07,9.9569081,10554.322586,0.8796016483067728,6.75772225e-07,7.26628523e-07,0.726628523
1700,3.70840783e-06,9.94056915,10537.003299,0.8781582517013946,3.70840783e-06,5.22896738e-07,0.522896738,6.75772225e-07,9.95690811,10554.3225966,0.8796016491901812,6.75772225e-07,7.26628525e-07,0.726628525
1701,3.70840783e-06,9.94056924,10537.0033944,0.8781582596520705,3.70840783e-06,5.22896742e-07,0.522896742,6.75772225e-07,9.95690812,10554.3226072,0.8796016500735896,6.75772225e-07,7.26628527e-07,0.726628527
1702,3.70840783e-06,9.94056932,10537.0034792,0.8781582667193379,3.70840783e-06,5.22896746e-07,0.5228967459999999,6.75772225e-07,9.95690813,10554.3226178,0.879601650956998,6.75772225e-07,7.26628529e-07,0.726628529
1703,3.70840783e-06,9.9405694,10537.003563999999,0.8781582737866052,3.70840783e-06,5.22896751e-07,0.522896751,6.75772225e-07,9.95690814,10554.3226284,0.8796016518404064,6.75772225e-07,7.26628531e-07,0.726628531
1704,3.70840783e-06,9.94056948,10537.0036488,0.8781582808538727,3.70840783e-06,5.22896755e-07,0.522896755,6.75772225e-07,9.95690815,10554.322639,0.8796016527238149,6.75772225e-07,7.26628533e-07,0.726628533
1705,3.70840783e-06,9.94056956,10537.0037336,0.87815828792114,3.70840783e-06,5.2289676e-07,0.52289676,6.75772225e-07,9.95690816,10554.322649599999,0.8796016536072232,6.75772225e-07,7.26628535e-07,0.726628535
1706,3.70840783e-06,9.94056963,10537.0038078,0.8781582941049989,3.70840783e-06,5.22896764e-07,0.5228967640000001,6.75772225e-07,9.95690817,10554.3226602,0.8796016544906317,6.75772225e-07,7.26628537e-07,0.7266285370000001
1707,3.70840783e-06,9.94056971,10537.0038926,0.8781583011722663,3.70840783e-06,5.22896768e-07,0.5228967680000001,6.75772225e-07,9.95690818,10554.322670799998,0.87960165537404,6.75772225e-07,7.26628538e-07,0.726628538
1708,3.70840783e-06,9.94056979,10537.0039774,0.8781583082395337,3.70840783e-06,5.22896772e-07,0.5228967720000001,6.75772225e-07,9.9569082,10554.322692000002,0.8796016571408571,6.75772225e-07,7.2662854e-07,0.72662854
1709,3.70840783e-06,9.94056987,10537.0040622,0.8781583153068011,3.70840783e-06,5.22896776e-07,0.522896776,6.75772225e-07,9.95690821,10554.3227026,0.8796016580242655,6.75772225e-07,7.26628541e-07,0.7266285410000001
1710,3.70840783e-06,9.94056994,10537.004136399999,0.87815832149066,3.70840783e-06,5.2289678e-07,0.52289678,6.75772225e-07,9.95690822,10554.322713200001,0.8796016589076739,6.75772225e-07,7.26628543e-07,0.726628543
1711,3.70840783e-06,9.94057002,10537.004221199999,0.8781583285579274,3.70840783e-06,5.22896784e-07,0.522896784,6.75772225e-07,9.95690823,10554.3227238,0.8796016597910823,6.75772225e-07,7.26628544e-07,0.726628544
1712,3.70840783e-06,9.94057009,10537.0042954,0.8781583347417864,3.70840783e-06,5.22896788e-07,0.522896788,6.75772225e-07,9.95690824,10554.3227344,0.8796016606744907,6.75772225e-07,7.26628545e-07,0.726628545
1713,3.70840783e-06,9.94057017,10537.0043802,0.8781583418090538,3.70840783e-06,5.22896792e-07,0.522896792,6.75772225e-07,9.95690825,10554.322745,0.8796016615578991,6.75772225e-07,7.26628546e-07,0.7266285459999999
1714,3.70840783e-06,9.94057024,10537.0044544,0.8781583479929127,3.70840783e-06,5.22896796e-07,0.522896796,6.75772225e-07,9.95690826,10554.3227556,0.8796016624413076,6.75772225e-07,7.26628547e-07,0.726628547
1715,3.70840783e-06,9.94057031,10537.0045286,0.8781583541767718,3.70840783e-06,5.228968e-07,0.5228968,6.75772225e-07,9.95690827,10554.322766199999,0.8796016633247159,6.75772225e-07,7.26628549e-07,0.726628549
1716,3.70840783e-06,9.94057038,10537.0046028,0.8781583603606307,3.70840783e-06,5.22896804e-07,0.5228968039999999,6.75772225e-07,9.95690828,10554.3227768,0.8796016642081244,6.75772225e-07,7.2662855e-07,0.7266285499999999
1717,3.70840783e-06,9.94057046,10537.0046876,0.878158367427898,3.70840783e-06,5.22896807e-07,0.522896807,6.75772225e-07,9.95690829,10554.322787399999,0.8796016650915327,6.75772225e-07,7.2662855e-07,0.7266285499999999
1718,3.70840783e-06,9.94057053,10537.0047618,0.8781583736117571,3.70840783e-06,5.22896811e-07,0.522896811,6.75772225e-07,9.9569083,10554.322798000001,0.8796016659749413,6.75772225e-07,7.26628551e-07,0.726628551
1719,3.70840783e-06,9.9405706,10537.004835999998,0.8781583797956158,3.70840783e-06,5.22896814e-07,0.522896814,6.75772225e-07,9.95690832,10554.3228192,0.8796016677417582,6.75772225e-07,7.26628552e-07,0.726628552
1720,3.70840783e-06,9.94057067,10537.0049102,0.8781583859794749,3.70840783e-06,5.22896818e-07,0.522896818,6.75772225e-07,9.95690832,10554.3228192,0.8796016677417582,6.75772225e-07,7.26628553e-07,0.726628553
1721,3.70840783e-06,9.94057073,10537.0049738,0.8781583912799255,3.70840783e-06,5.22896821e-07,0.522896821,6.75772225e-07,9.95690833,10554.3228298,0.8796016686251664,6.75772225e-07,7.26628554e-07,0.726628554
1722,3.70840783e-06,9.9405708,10537.005047999999,0.8781583974637843,3.70840783e-06,5.22896824e-07,0.522896824,6.75772225e-07,9.95690834,10554.3228404,0.879601669508575,6.75772225e-07,7.26628554e-07,0.726628554
1723,3.70840783e-06,9.94057087,10537.0051222,0.8781584036476434,3.70840783e-06,5.22896828e-07,0.522896828,6.75772225e-07,9.95690836,10554.3228616,0.8796016712753918,6.75772225e-07,7.26628555e-07,0.726628555
1724,3.70840783e-06,9.94057094,10537.005196400001,0.8781584098315025,3.70840783e-06,5.22896831e-07,0.5228968310000001,6.75772225e-07,9.95690836,10554.3228616,0.8796016712753918,6.75772225e-07,7.26628555e-07,0.726628555
1725,3.70840783e-06,9.940571,10537.00526,0.8781584151319529,3.70840783e-06,5.22896834e-07,0.522896834,6.75772225e-07,9.95690837,10554.3228722,0.8796016721588003,6.75772225e-07,7.26628556e-07,0.726628556
1726,3.70840783e-06,9.94057106,10537.0053236,0.8781584204324034,3.70840783e-06,5.22896837e-07,0.522896837,6.75772225e-07,9.95690838,10554.3228828,0.8796016730422086,6.75772225e-07,7.26628556e-07,0.726628556
1727,3.70840783e-06,9.94057113,10537.0053978,0.8781584266162624,3.70840783e-06,5.2289684e-07,0.52289684,6.75772225e-07,9.95690839,10554.3228934,0.8796016739256171,6.75772225e-07,7.26628556e-07,0.726628556
1728,3.70840783e-06,9.9405712,10537.005472,0.8781584328001214,3.70840783e-06,5.22896842e-07,0.522896842,6.75772225e-07,9.9569084,10554.322903999999,0.8796016748090254,6.75772225e-07,7.26628557e-07,0.726628557
1729,3.70840783e-06,9.94057126,10537.005535600001,0.878158438100572,3.70840783e-06,5.22896845e-07,0.522896845,6.75772225e-07,9.95690841,10554.322914600001,0.879601675692434,6.75772225e-07,7.26628557e-07,0.726628557
1730,3.70840783e-06,9.94057131,10537.0055886,0.878158442517614,3.70840783e-06,5.22896848e-07,0.522896848,6.75772225e-07,9.95690842,10554.3229252,0.8796016765758423,6.75772225e-07,7.26628557e-07,0.726628557
1731,3.70840783e-06,9.94057138,10537.0056628,0.878158448701473,3.70840783e-06,5.2289685e-07,0.52289685,6.75772225e-07,9.95690843,10554.3229358,0.8796016774592508,6.75772225e-07,7.26628557e-07,0.726628557
1732,3.70840783e-06,9.94057144,10537.005726399999,0.8781584540019234,3.70840783e-06,5.22896853e-07,0.522896853,6.75772225e-07,9.95690843,10554.3229358,0.8796016774592508,6.75772225e-07,7.26628558e-07,0.726628558
1733,3.70840783e-06,9.9405715,10537.005790000001,0.8781584593023741,3.70840783e-06,5.22896855e-07,0.522896855,6.75772225e-07,9.95690844,10554.3229464,0.8796016783426591,6.75772225e-07,7.26628558e-07,0.726628558
1734,3.70840783e-06,9.94057155,10537.005842999999,0.8781584637194161,3.70840783e-06,5.22896858e-07,0.5228968580000001,6.75772225e-07,9.95690845,10554.322957,0.8796016792260676,6.75772225e-07,7.26628558e-07,0.726628558
1735,3.70840783e-06,9.94057162,10537.0059172,0.8781584699032752,3.70840783e-06,5.2289686e-07,0.52289686,6.75772225e-07,9.95690846,10554.3229676,0.8796016801094759,6.75772225e-07,7.26628558e-07,0.726628558
1736,3.70840783e-06,9.94057167,10537.0059702,0.8781584743203172,3.70840783e-06,5.22896862e-07,0.522896862,6.75772225e-07,9.95690847,10554.3229782,0.8796016809928844,6.75772225e-07,7.26628558e-07,0.726628558
1737,3.70840783e-06,9.94057173,10537.0060338,0.8781584796207679,3.70840783e-06,5.22896865e-07,0.522896865,6.75772225e-07,9.95690848,10554.322988799999,0.8796016818762927,6.75772225e-07,7.26628558e-07,0.726628558
1738,3.70840783e-06,9.94057178,10537.0060868,0.8781584840378099,3.70840783e-06,5.22896867e-07,0.5228968669999999,6.75772225e-07,9.95690848,10554.322988799999,0.8796016818762927,6.75772225e-07,7.26628558e-07,0.726628558
1739,3.70840783e-06,9.94057184,10537.0061504,0.8781584893382605,3.70840783e-06,5.22896869e-07,0.522896869,6.75772225e-07,9.95690849,10554.3229994,0.8796016827597012,6.75772225e-07,7.26628557e-07,0.726628557
1740,3.70840783e-06,9.94057189,10537.006203399998,0.8781584937553024,3.70840783e-06,5.22896871e-07,0.5228968709999999,6.75772225e-07,9.95690849,10554.3229994,0.8796016827597012,6.75772225e-07,7.26628557e-07,0.726628557
1741,3.70840783e-06,9.94057195,10537.006267,0.8781584990557532,3.70840783e-06,5.22896873e-07,0.522896873,6.75772225e-07,9.9569085,10554.32301,0.8796016836431098,6.75772225e-07,7.26628557e-07,0.726628557
1742,3.70840783e-06,9.940572,10537.006319999999,0.8781585034727951,3.70840783e-06,5.22896874e-07,0.522896874,6.75772225e-07,9.95690851,10554.3230206,0.8796016845265182,6.75772225e-07,7.26628557e-07,0.726628557
1743,3.70840783e-06,9.94057205,10537.006373,0.8781585078898374,3.70840783e-06,5.22896876e-07,0.522896876,6.75772225e-07,9.95690851,10554.3230206,0.8796016845265182,6.75772225e-07,7.26628557e-07,0.726628557
1744,3.70840783e-06,9.9405721,10537.006426,0.8781585123068795,3.70840783e-06,5.22896878e-07,0.522896878,6.75772225e-07,9.95690852,10554.323031200001,0.8796016854099267,6.75772225e-07,7.26628556e-07,0.726628556
1745,3.70840783e-06,9.94057215,10537.006479,0.8781585167239215,3.70840783e-06,5.2289688e-07,0.52289688,6.75772225e-07,9.95690853,10554.3230418,0.879601686293335,6.75772225e-07,7.26628556e-07,0.726628556
1746,3.70840783e-06,9.9405722,10537.006532,0.8781585211409636,3.70840783e-06,5.22896881e-07,0.522896881,6.75772225e-07,9.95690853,10554.3230418,0.879601686293335,6.75772225e-07,7.26628556e-07,0.726628556
1747,3.70840783e-06,9.94057225,10537.006585000001,0.8781585255580059,3.70840783e-06,5.22896883e-07,0.522896883,6.75772225e-07,9.95690854,10554.323052400001,0.8796016871767435,6.75772225e-07,7.26628556e-07,0.726628556
1748,3.70840783e-06,9.9405723,10537.006637999999,0.8781585299750478,3.70840783e-06,5.22896884e-07,0.522896884,6.75772225e-07,9.95690854,10554.323052400001,0.8796016871767435,6.75772225e-07,7.26628555e-07,0.726628555
1749,3.70840783e-06,9.94057235,10537.006691,0.87815853439209,3.70840783e-06,5.22896886e-07,0.5228968860000001,6.75772225e-07,9.95690855,10554.323063,0.8796016880601518,6.75772225e-07,7.26628555e-07,0.726628555
1750,3.70840783e-06,9.94057239,10537.0067334,0.8781585379257237,3.70840783e-06,5.22896887e-07,0.522896887,6.75772225e-07,9.95690855,10554.323063,0.8796016880601518,6.75772225e-07,7.26628555e-07,0.726628555
1751,3.70840783e-06,9.94057243,10537.006775799999,0.8781585414593573,3.70840783e-06,5.22896888e-07,0.522896888,6.75772225e-07,9.95690855,10554.323063,0.8796016880601518,6.75772225e-07,7.26628554e-07,0.726628554
1752,3.70840783e-06,9.94057248,10537.0068288,0.8781585458763995,3.70840783e-06,5.2289689e-07,0.5228968900000001,6.75772225e-07,9.95690856,10554.3230736,0.8796016889435603,6.75772225e-07,7.26628554e-07,0.726628554
1753,3.70840783e-06,9.94057253,10537.0068818,0.8781585502934416,3.70840783e-06,5.22896891e-07,0.5228968909999999,6.75772225e-07,9.95690857,10554.3230842,0.8796016898269686,6.75772225e-07,7.26628553e-07,0.726628553
1754,3.70840783e-06,9.94057257,10537.0069242,0.8781585538270754,3.70840783e-06,5.22896892e-07,0.522896892,6.75772225e-07,9.95690857,10554.3230842,0.8796016898269686,6.75772225e-07,7.26628553e-07,0.726628553
1755,3.70840783e-06,9.94057261,10537.0069666,0.878158557360709,3.70840783e-06,5.22896893e-07,0.522896893,6.75772225e-07,9.95690857,10554.3230842,0.8796016898269686,6.75772225e-07,7.26628553e-07,0.726628553
1756,3.70840783e-06,9.94057265,10537.007009,0.8781585608943427,3.70840783e-06,5.22896894e-07,0.522896894,6.75772225e-07,9.95690857,10554.3230842,0.8796016898269686,6.75772225e-07,7.26628552e-07,0.726628552
1757,3.70840783e-06,9.9405727,10537.007062,0.8781585653113849,3.70840783e-06,5.22896895e-07,0.5228968949999999,6.75772225e-07,9.95690858,10554.3230948,0.8796016907103771,6.75772225e-07,7.26628552e-07,0.726628552
1758,3.70840783e-06,9.94057274,10537.0071044,0.8781585688450185,3.70840783e-06,5.22896896e-07,0.522896896,6.75772225e-07,9.95690858,10554.3230948,0.8796016907103771,6.75772225e-07,7.26628551e-07,0.726628551
1759,3.70840783e-06,9.94057277,10537.0071362,0.8781585714952438,3.70840783e-06,5.22896897e-07,0.522896897,6.75772225e-07,9.95690858,10554.3230948,0.8796016907103771,6.75772225e-07,7.26628551e-07,0.726628551
1760,3.70840783e-06,9.94057279,10537.0071574,0.8781585732620606,3.70840783e-06,5.22896898e-07,0.5228968979999999,6.75772225e-07,9.95690858,10554.3230948,0.8796016907103771,6.75772225e-07,7.2662855e-07,0.7266285499999999
1761,3.70840783e-06,9.94057284,10537.0072104,0.8781585776791027,3.70840783e-06,5.22896898e-07,0.5228968979999999,6.75772225e-07,9.95690859,10554.323105399999,0.8796016915937854,6.75772225e-07,7.2662855e-07,0.7266285499999999
1762,3.70840783e-06,9.94057291,10537.0072846,0.8781585838629618,3.70840783e-06,5.228969e-07,0.5228969,6.75772225e-07,9.95690859,10554.323105399999,0.8796016915937854,6.75772225e-07,7.26628549e-07,0.726628549
1763,3.70840783e-06,9.94057292,10537.0072952,0.8781585847463701,3.70840783e-06,5.22896902e-07,0.5228969019999999,6.75772225e-07,9.95690859,10554.323105399999,0.8796016915937854,6.75772225e-07,7.26628549e-07,0.726628549
1764,3.70840783e-06,9.94057298,10537.007358800001,0.8781585900468208,3.70840783e-06,5.22896902e-07,0.5228969019999999,6.75772225e-07,9.95690859,10554.323105399999,0.8796016915937854,6.75772225e-07,7.26628548e-07,0.726628548
1765,3.70840783e-06,9.94057299,10537.0073694,0.8781585909302291,3.70840783e-06,5.22896903e-07,0.522896903,6.75772225e-07,9.95690859,10554.323105399999,0.8796016915937854,6.75772225e-07,7.26628548e-07,0.726628548
1766,3.70840783e-06,9.94057304,10537.0074224,0.8781585953472713,3.70840783e-06,5.22896903e-07,0.522896903,6.75772225e-07,9.9569086,10554.323116,0.8796016924771939,6.75772225e-07,7.26628548e-07,0.726628548
1767,3.70840783e-06,9.9405731,10537.007486,0.8781586006477218,3.70840783e-06,5.22896904e-07,0.522896904,6.75772225e-07,9.9569086,10554.323116,0.8796016924771939,6.75772225e-07,7.26628547e-07,0.726628547
1768,3.70840783e-06,9.94057311,10537.007496600001,0.8781586015311302,3.70840783e-06,5.22896906e-07,0.522896906,6.75772225e-07,9.9569086,10554.323116,0.8796016924771939,6.75772225e-07,7.26628547e-07,0.726628547
1769,3.70840783e-06,9.94057312,10537.0075072,0.8781586024145386,3.70840783e-06,5.22896905e-07,0.522896905,6.75772225e-07,9.9569086,10554.323116,0.8796016924771939,6.75772225e-07,7.26628546e-07,0.7266285459999999
1770,3.70840783e-06,9.94057318,10537.007570799999,0.878158607714989,3.70840783e-06,5.22896905e-07,0.522896905,6.75772225e-07,9.95690861,10554.323126599998,0.8796016933606022,6.75772225e-07,7.26628546e-07,0.7266285459999999
1771,3.70840783e-06,9.94057324,10537.0076344,0.8781586130154397,3.70840783e-06,5.22896907e-07,0.522896907,6.75772225e-07,9.95690861,10554.323126599998,0.8796016933606022,6.75772225e-07,7.26628545e-07,0.726628545
1772,3.70840783e-06,9.94057325,10537.007645,0.8781586138988481,3.70840783e-06,5.22896909e-07,0.522896909,6.75772225e-07,9.95690861,10554.323126599998,0.8796016933606022,6.75772225e-07,7.26628545e-07,0.726628545
1773,3.70840783e-06,9.94057326,10537.0076556,0.8781586147822565,3.70840783e-06,5.22896909e-07,0.522896909,6.75772225e-07,9.95690861,10554.323126599998,0.8796016933606022,6.75772225e-07,7.26628544e-07,0.726628544
1774,3.70840783e-06,9.9405733,10537.007698000001,0.8781586183158904,3.70840783e-06,5.22896909e-07,0.522896909,6.75772225e-07,9.9569086,10554.323116,0.8796016924771939,6.75772225e-07,7.26628544e-07,0.726628544
1775,3.70840783e-06,9.94057331,10537.0077086,0.8781586191992986,3.70840783e-06,5.2289691e-07,0.52289691,6.75772225e-07,9.9569086,10554.323116,0.8796016924771939,6.75772225e-07,7.26628543e-07,0.726628543
1776,3.70840783e-06,9.94057339,10537.0077934,0.878158626266566,3.70840783e-06,5.22896911e-07,0.522896911,6.75772225e-07,9.95690861,10554.323126599998,0.8796016933606022,6.75772225e-07,7.26628543e-07,0.726628543
1777,3.70840783e-06,9.9405734,10537.007804,0.8781586271499745,3.70840783e-06,5.22896912e-07,0.522896912,6.75772225e-07,9.95690861,10554.323126599998,0.8796016933606022,6.75772225e-07,7.26628543e-07,0.726628543
1778,3.70840783e-06,9.94057341,10537.007814600001,0.878158628033383,3.70840783e-06,5.22896912e-07,0.522896912,6.75772225e-07,9.95690861,10554.323126599998,0.8796016933606022,6.75772225e-07,7.26628542e-07,0.726628542
1779,3.70840783e-06,9.94057346,10537.0078676,0.8781586324504249,3.70840783e-06,5.22896912e-07,0.522896912,6.75772225e-07,9.9569086,10554.323116,0.8796016924771939,6.75772225e-07,7.26628542e-07,0.726628542
1780,3.70840783e-06,9.94057347,10537.0078782,0.8781586333338334,3.70840783e-06,5.22896914e-07,0.522896914,6.75772225e-07,9.9569086,10554.323116,0.8796016924771939,6.75772225e-07,7.26628541e-07,0.7266285410000001
1781,3.70840783e-06,9.94057349,10537.0078994,0.8781586351006502,3.70840783e-06,5.22896915e-07,0.522896915,6.75772225e-07,9.9569086,10554.323116,0.8796016924771939,6.75772225e-07,7.26628541e-07,0.7266285410000001
1782,3.70840783e-06,9.94057358,10537.0079948,0.8781586430513261,3.70840783e-06,5.22896916e-07,0.522896916,6.75772225e-07,9.95690861,10554.323126599998,0.8796016933606022,6.75772225e-07,7.26628541e-07,0.7266285410000001
1783,3.70840783e-06,9.94057358,10537.0079948,0.8781586430513261,3.70840783e-06,5.22896916e-07,0.522896916,6.75772225e-07,9.95690861,10554.323126599998,0.8796016933606022,6.75772225e-07,7.2662854e-07,0.72662854
1784,3.70840783e-06,9.94057359,10537.0080054,0.8781586439347344,3.70840783e-06,5.22896915e-07,0.522896915,6.75772225e-07,9.9569086,10554.323116,0.8796016924771939,6.75772225e-07,7.2662854e-07,0.72662854
1785,3.70840783e-06,9.9405736,10537.008016,0.8781586448181429,3.70840783e-06,5.22896915e-07,0.522896915,6.75772225e-07,9.9569086,10554.323116,0.8796016924771939,6.75772225e-07,7.2662854e-07,0.72662854
1786,3.70840783e-06,9.94057367,10537.008090199999,0.8781586510020017,3.70840783e-06,5.22896917e-07,0.5228969170000001,6.75772225e-07,9.95690859,10554.323105399999,0.8796016915937854,6.75772225e-07,7.26628539e-07,0.726628539
1787,3.70840783e-06,9.94057368,10537.0081008,0.8781586518854103,3.70840783e-06,5.22896919e-07,0.522896919,6.75772225e-07,9.95690859,10554.323105399999,0.8796016915937854,6.75772225e-07,7.26628539e-07,0.726628539
1788,3.70840783e-06,9.94057369,10537.0081114,0.8781586527688188,3.70840783e-06,5.22896921e-07,0.522896921,6.75772225e-07,9.95690859,10554.323105399999,0.8796016915937854,6.75772225e-07,7.26628539e-07,0.726628539
1789,3.70840783e-06,9.94057371,10537.0081326,0.8781586545356356,3.70840783e-06,5.22896923e-07,0.522896923,6.75772225e-07,9.9569086,10554.323116,0.8796016924771939,6.75772225e-07,7.26628538e-07,0.726628538
1790,3.70840783e-06,9.94057373,10537.008153800001,0.8781586563024525,3.70840783e-06,5.22896924e-07,0.522896924,6.75772225e-07,9.9569086,10554.323116,0.8796016924771939,6.75772225e-07,7.26628538e-07,0.726628538
1791,3.70840783e-06,9.94057384,10537.008270400001,0.8781586660199452,3.70840783e-06,5.22896924e-07,0.522896924,6.75772225e-07,9.95690861,10554.323126599998,0.8796016933606022,6.75772225e-07,7.26628538e-07,0.726628538
1792,3.70840783e-06,9.94057384,10537.008270400001,0.8781586660199452,3.70840783e-06,5.22896922e-07,0.5228969219999999,6.75772225e-07,9.9569086,10554.323116,0.8796016924771939,6.75772225e-07,7.26628537e-07,0.7266285370000001
1793,3.70840783e-06,9.94057384,10537.008270400001,0.8781586660199452,3.70840783e-06,5.2289692e-07,0.52289692,6.75772225e-07,9.9569086,10554.323116,0.8796016924771939,6.75772225e-07,7.26628537e-07,0.7266285370000001
1794,3.70840783e-06,9.94057384,10537.008270400001,0.8781586660199452,3.70840783e-06,5.22896918e-07,0.522896918,6.75772225e-07,9.95690859,10554.323105399999,0.8796016915937854,6.75772225e-07,7.26628537e-07,0.7266285370000001
1795,3.70840783e-06,9.94057384,10537.008270400001,0.8781586660199452,3.70840783e-06,5.22896918e-07,0.522896918,6.75772225e-07,9.95690859,10554.323105399999,0.8796016915937854,6.75772225e-07,7.26628537e-07,0.7266285370000001
1796,3.70840783e-06,9.94057388,10537.0083128,0.8781586695535788,3.70840783e-06,5.22896921e-07,0.522896921,6.75772225e-07,9.95690857,10554.3230842,0.8796016898269686,6.75772225e-07,7.26628536e-07,0.726628536
1797,3.70840783e-06,9.9405739,10537.008334,0.8781586713203956,3.70840783e-06,5.22896927e-07,0.522896927,6.75772225e-07,9.95690857,10554.3230842,0.8796016898269686,6.75772225e-07,7.26628536e-07,0.726628536
1798,3.70840783e-06,9.94057393,10537.008365799999,0.8781586739706208,3.70840783e-06,5.22896932e-07,0.522896932,6.75772225e-07,9.95690858,10554.3230948,0.8796016907103771,6.75772225e-07,7.26628536e-07,0.726628536
1799,3.70840783e-06,9.94057397,10537.008408200001,0.8781586775042547,3.70840783e-06,5.22896934e-07,0.522896934,6.75772225e-07,9.95690859,10554.323105399999,0.8796016915937854,6.75772225e-07,7.26628536e-07,0.726628536
1800,3.70840783e-06,9.94057399,10537.0084294,0.8781586792710715,3.70840783e-06,5.22896934e-07,0.522896934,6.75772225e-07,9.95690859,10554.323105399999,0.8796016915937854,6.75772225e-07,7.26628536e-07,0.726628536
1801,3.70840783e-06,9.94057399,10537.0084294,0.8781586792710715,3.70840783e-06,5.22896933e-07,0.522896933,6.75772225e-07,9.95690858,10554.3230948,0.8796016907103771,6.75772225e-07,7.26628535e-07,0.726628535
1802,3.70840783e-06,9.94057401,10537.0084506,0.8781586810378883,3.70840783e-06,5.22896933e-07,0.522896933,6.75772225e-07,9.95690858,10554.3230948,0.8796016907103771,6.75772225e-07,7.26628535e-07,0.726628535
1803,3.70840783e-06,9.94057404,10537.008482399999,0.8781586836881135,3.70840783e-06,5.22896934e-07,0.522896934,6.75772225e-07,9.95690857,10554.3230842,0.8796016898269686,6.75772225e-07,7.26628535e-07,0.726628535
1804,3.70840783e-06,9.94057415,10537.008598999999,0.878158693405606,3.70840783e-06,5.22896935e-07,0.522896935,6.75772225e-07,9.95690856,10554.3230736,0.8796016889435603,6.75772225e-07,7.26628535e-07,0.726628535
1805,3.70840783e-06,9.94057414,10537.0085884,0.8781586925221978,3.70840783e-06,5.22896934e-07,0.522896934,6.75772225e-07,9.95690856,10554.3230736,0.8796016889435603,6.75772225e-07,7.26628535e-07,0.726628535
1806,3.70840783e-06,9.94057414,10537.0085884,0.8781586925221978,3.70840783e-06,5.22896931e-07,0.522896931,6.75772225e-07,9.95690855,10554.323063,0.8796016880601518,6.75772225e-07,7.26628535e-07,0.726628535
1807,3.70840783e-06,9.94057413,10537.0085778,0.8781586916387892,3.70840783e-06,5.22896929e-07,0.522896929,6.75772225e-07,9.95690855,10554.323063,0.8796016880601518,6.75772225e-07,7.26628535e-07,0.726628535
1808,3.70840783e-06,9.94057413,10537.0085778,0.8781586916387892,3.70840783e-06,5.22896927e-07,0.522896927,6.75772225e-07,9.95690855,10554.323063,0.8796016880601518,6.75772225e-07,7.26628535e-07,0.726628535
1809,3.70840783e-06,9.94057414,10537.0085884,0.8781586925221978,3.70840783e-06,5.22896928e-07,0.522896928,6.75772225e-07,9.95690856,10554.3230736,0.8796016889435603,6.75772225e-07,7.26628535e-07,0.726628535
1810,3.70840783e-06,9.94057414,10537.0085884,0.8781586925221978,3.70840783e-06,5.22896933e-07,0.522896933,6.75772225e-07,9.95690856,10554.3230736,0.8796016889435603,6.75772225e-07,7.26628535e-07,0.726628535
1811,3.70840783e-06,9.94057417,10537.0086202,0.8781586951724231,3.70840783e-06,5.22896938e-07,0.522896938,6.75772225e-07,9.95690856,10554.3230736,0.8796016889435603,6.75772225e-07,7.26628535e-07,0.726628535
1812,3.70840783e-06,9.94057422,10537.0086732,0.8781586995894651,3.70840783e-06,5.22896943e-07,0.522896943,6.75772225e-07,9.95690857,10554.3230842,0.8796016898269686,6.75772225e-07,7.26628535e-07,0.726628535
1813,3.70840783e-06,9.94057426,10537.0087156,0.8781587031230988,3.70840783e-06,5.22896946e-07,0.522896946,6.75772225e-07,9.95690856,10554.3230736,0.8796016889435603,6.75772225e-07,7.26628535e-07,0.726628535
1814,3.70840783e-06,9.94057428,10537.0087368,0.8781587048899157,3.70840783e-06,5.22896948e-07,0.5228969480000001,6.75772225e-07,9.95690855,10554.323063,0.8796016880601518,6.75772225e-07,7.26628534e-07,0.726628534
1815,3.70840783e-06,9.94057429,10537.008747400001,0.8781587057733242,3.70840783e-06,5.22896949e-07,0.5228969489999999,6.75772225e-07,9.95690854,10554.323052400001,0.8796016871767435,6.75772225e-07,7.26628534e-07,0.726628534
1816,3.70840783e-06,9.94057429,10537.008747400001,0.8781587057733242,3.70840783e-06,5.22896949e-07,0.5228969489999999,6.75772225e-07,9.95690853,10554.3230418,0.879601686293335,6.75772225e-07,7.26628534e-07,0.726628534
1817,3.70840783e-06,9.9405743,10537.008758,0.8781587066567326,3.70840783e-06,5.22896949e-07,0.5228969489999999,6.75772225e-07,9.95690853,10554.3230418,0.879601686293335,6.75772225e-07,7.26628535e-07,0.726628535
1818,3.70840783e-06,9.94057432,10537.0087792,0.8781587084235494,3.70840783e-06,5.2289695e-07,0.5228969499999999,6.75772225e-07,9.95690853,10554.3230418,0.879601686293335,6.75772225e-07,7.26628535e-07,0.726628535
1819,3.70840783e-06,9.94057435,10537.008811,0.8781587110737746,3.70840783e-06,5.22896951e-07,0.522896951,6.75772225e-07,9.95690853,10554.3230418,0.879601686293335,6.75772225e-07,7.26628535e-07,0.726628535
1820,3.70840783e-06,9.94057436,10537.008821599999,0.878158711957183,3.70840783e-06,5.22896952e-07,0.522896952,6.75772225e-07,9.95690852,10554.323031200001,0.8796016854099267,6.75772225e-07,7.26628535e-07,0.726628535
1821,3.70840783e-06,9.94057437,10537.008832200001,0.8781587128405915,3.70840783e-06,5.22896951e-07,0.522896951,6.75772225e-07,9.95690852,10554.323031200001,0.8796016854099267,6.75772225e-07,7.26628535e-07,0.726628535
1822,3.70840783e-06,9.94057438,10537.0088428,0.8781587137239999,3.70840783e-06,5.22896951e-07,0.522896951,6.75772225e-07,9.95690851,10554.3230206,0.8796016845265182,6.75772225e-07,7.26628535e-07,0.726628535
1823,3.70840783e-06,9.94057439,10537.0088534,0.8781587146074084,3.70840783e-06,5.22896951e-07,0.522896951,6.75772225e-07,9.95690851,10554.3230206,0.8796016845265182,6.75772225e-07,7.26628535e-07,0.726628535
1824,3.70840783e-06,9.94057442,10537.0088852,0.8781587172576336,3.70840783e-06,5.22896951e-07,0.522896951,6.75772225e-07,9.95690851,10554.3230206,0.8796016845265182,6.75772225e-07,7.26628536e-07,0.726628536
1825,3.70840783e-06,9.94057445,10537.008917,0.8781587199078588,3.70840783e-06,5.22896953e-07,0.5228969529999999,6.75772225e-07,9.95690851,10554.3230206,0.8796016845265182,6.75772225e-07,7.26628536e-07,0.726628536
1826,3.70840783e-06,9.94057449,10537.0089594,0.8781587234414926,3.70840783e-06,5.22896956e-07,0.522896956,6.75772225e-07,9.95690851,10554.3230206,0.8796016845265182,6.75772225e-07,7.26628536e-07,0.726628536
1827,3.70840783e-06,9.94057449,10537.0089594,0.8781587234414926,3.70840783e-06,5.22896957e-07,0.5228969569999999,6.75772225e-07,9.9569085,10554.32301,0.8796016836431098,6.75772225e-07,7.26628536e-07,0.726628536
1828,3.70840783e-06,9.94057449,10537.0089594,0.8781587234414926,3.70840783e-06,5.22896958e-07,0.522896958,6.75772225e-07,9.95690849,10554.3229994,0.8796016827597012,6.75772225e-07,7.26628536e-07,0.726628536
1829,3.70840783e-06,9.94057449,10537.0089594,0.8781587234414926,3.70840783e-06,5.22896958e-07,0.522896958,6.75772225e-07,9.95690849,10554.3229994,0.8796016827597012,6.75772225e-07,7.26628537e-07,0.7266285370000001
1830,3.70840783e-06,9.94057449,10537.0089594,0.8781587234414926,3.70840783e-06,5.22896958e-07,0.522896958,6.75772225e-07,9.95690848,10554.322988799999,0.8796016818762927,6.75772225e-07,7.26628537e-07,0.7266285370000001
1831,3.70840783e-06,9.9405745,10537.00897,0.878158724324901,3.70840783e-06,5.22896959e-07,0.522896959,6.75772225e-07,9.95690848,10554.322988799999,0.8796016818762927,6.75772225e-07,7.26628537e-07,0.7266285370000001
1832,3.70840783e-06,9.94057453,10537.0090018,0.8781587269751262,3.70840783e-06,5.22896962e-07,0.522896962,6.75772225e-07,9.95690848,10554.322988799999,0.8796016818762927,6.75772225e-07,7.26628537e-07,0.7266285370000001
1833,3.70840783e-06,9.94057459,10537.009065400001,0.878158732275577,3.70840783e-06,5.22896964e-07,0.522896964,6.75772225e-07,9.95690848,10554.322988799999,0.8796016818762927,6.75772225e-07,7.26628538e-07,0.726628538
1834,3.70840783e-06,9.94057459,10537.009065400001,0.878158732275577,3.70840783e-06,5.22896965e-07,0.522896965,6.75772225e-07,9.95690847,10554.3229782,0.8796016809928844,6.75772225e-07,7.26628538e-07,0.726628538
1835,3.70840783e-06,9.94057458,10537.009054799999,0.8781587313921683,3.70840783e-06,5.22896963e-07,0.522896963,6.75772225e-07,9.95690846,10554.3229676,0.8796016801094759,6.75772225e-07,7.26628538e-07,0.726628538
1836,3.70840783e-06,9.94057458,10537.009054799999,0.8781587313921683,3.70840783e-06,5.22896961e-07,0.5228969609999999,6.75772225e-07,9.95690846,10554.3229676,0.8796016801094759,6.75772225e-07,7.26628539e-07,0.726628539
1837,3.70840783e-06,9.94057458,10537.009054799999,0.8781587313921683,3.70840783e-06,5.22896959e-07,0.522896959,6.75772225e-07,9.95690845,10554.322957,0.8796016792260676,6.75772225e-07,7.26628539e-07,0.726628539
1838,3.70840783e-06,9.94057459,10537.009065400001,0.878158732275577,3.70840783e-06,5.2289696e-07,0.52289696,6.75772225e-07,9.95690845,10554.322957,0.8796016792260676,6.75772225e-07,7.26628539e-07,0.726628539
1839,3.70840783e-06,9.94057462,10537.0090972,0.8781587349258021,3.70840783e-06,5.22896962e-07,0.522896962,6.75772225e-07,9.95690845,10554.322957,0.8796016792260676,6.75772225e-07,7.2662854e-07,0.72662854
1840,3.70840783e-06,9.94057467,10537.0091502,0.8781587393428442,3.70840783e-06,5.22896966e-07,0.522896966,6.75772225e-07,9.95690845,10554.322957,0.8796016792260676,6.75772225e-07,7.2662854e-07,0.72662854
1841,3.70840783e-06,9.94057468,10537.009160799998,0.8781587402262525,3.70840783e-06,5.2289697e-07,0.52289697,6.75772225e-07,9.95690844,10554.3229464,0.8796016783426591,6.75772225e-07,7.26628541e-07,0.7266285410000001
1842,3.70840783e-06,9.94057468,10537.009160799998,0.8781587402262525,3.70840783e-06,5.22896971e-07,0.522896971,6.75772225e-07,9.95690843,10554.3229358,0.8796016774592508,6.75772225e-07,7.26628541e-07,0.7266285410000001
1843,3.70840783e-06,9.94057467,10537.0091502,0.8781587393428442,3.70840783e-06,5.22896971e-07,0.522896971,6.75772225e-07,9.95690843,10554.3229358,0.8796016774592508,6.75772225e-07,7.26628542e-07,0.726628542
1844,3.70840783e-06,9.94057467,10537.0091502,0.8781587393428442,3.70840783e-06,5.2289697e-07,0.52289697,6.75772225e-07,9.95690842,10554.3229252,0.8796016765758423,6.75772225e-07,7.26628542e-07,0.726628542
1845,3.70840783e-06,9.94057467,10537.0091502,0.8781587393428442,3.70840783e-06,5.2289697e-07,0.52289697,6.75772225e-07,9.95690842,10554.3229252,0.8796016765758423,6.75772225e-07,7.26628543e-07,0.726628543
1846,3.70840783e-06,9.94057469,10537.009171400001,0.8781587411096611,3.70840783e-06,5.22896971e-07,0.522896971,6.75772225e-07,9.95690841,10554.322914600001,0.879601675692434,6.75772225e-07,7.26628543e-07,0.726628543
1847,3.70840783e-06,9.94057474,10537.0092244,0.8781587455267031,3.70840783e-06,5.22896973e-07,0.522896973,6.75772225e-07,9.95690841,10554.322914600001,0.879601675692434,6.75772225e-07,7.26628544e-07,0.726628544
1848,3.70840783e-06,9.94057473,10537.0092138,0.8781587446432947,3.70840783e-06,5.22896974e-07,0.522896974,6.75772225e-07,9.95690841,10554.322914600001,0.879601675692434,6.75772225e-07,7.26628544e-07,0.726628544
1849,3.70840783e-06,9.94057473,10537.0092138,0.8781587446432947,3.70840783e-06,5.22896974e-07,0.522896974,6.75772225e-07,9.9569084,10554.322903999999,0.8796016748090254,6.75772225e-07,7.26628545e-07,0.726628545
1850,3.70840783e-06,9.94057473,10537.0092138,0.8781587446432947,3.70840783e-06,5.22896973e-07,0.522896973,6.75772225e-07,9.95690839,10554.3228934,0.8796016739256171,6.75772225e-07,7.26628545e-07,0.726628545
1851,3.70840783e-06,9.94057475,10537.009235,0.8781587464101115,3.70840783e-06,5.22896972e-07,0.5228969720000001,6.75772225e-07,9.95690839,10554.3228934,0.8796016739256171,6.75772225e-07,7.26628546e-07,0.7266285459999999
1852,3.70840783e-06,9.94057478,10537.0092668,0.8781587490603368,3.70840783e-06,5.22896972e-07,0.5228969720000001,6.75772225e-07,9.95690839,10554.3228934,0.8796016739256171,6.75772225e-07,7.26628546e-07,0.7266285459999999
1853,3.70840783e-06,9.94057478,10537.0092668,0.8781587490603368,3.70840783e-06,5.22896974e-07,0.522896974,6.75772225e-07,9.95690838,10554.3228828,0.8796016730422086,6.75772225e-07,7.26628547e-07,0.726628547
1854,3.70840783e-06,9.94057481,10537.0092986,0.8781587517105621,3.70840783e-06,5.22896974e-07,0.522896974,6.75772225e-07,9.95690838,10554.3228828,0.8796016730422086,6.75772225e-07,7.26628548e-07,0.726628548
1855,3.70840783e-06,9.94057483,10537.0093198,0.8781587534773789,3.70840783e-06,5.22896976e-07,0.5228969760000001,6.75772225e-07,9.95690837,10554.3228722,0.8796016721588003,6.75772225e-07,7.26628548e-07,0.726628548
1856,3.70840783e-06,9.94057485,10537.009341,0.8781587552441958,3.70840783e-06,5.22896978e-07,0.522896978,6.75772225e-07,9.95690837,10554.3228722,0.8796016721588003,6.75772225e-07,7.26628549e-07,0.726628549
1857,3.70840783e-06,9.94057484,10537.0093304,0.8781587543607874,3.70840783e-06,5.22896979e-07,0.522896979,6.75772225e-07,9.95690836,10554.3228616,0.8796016712753918,6.75772225e-07,7.2662855e-07,0.7266285499999999
1858,3.70840783e-06,9.94057484,10537.0093304,0.8781587543607874,3.70840783e-06,5.22896978e-07,0.522896978,6.75772225e-07,9.95690836,10554.3228616,0.8796016712753918,6.75772225e-07,7.2662855e-07,0.7266285499999999
1859,3.70840783e-06,9.94057483,10537.0093198,0.8781587534773789,3.70840783e-06,5.22896978e-07,0.522896978,6.75772225e-07,9.95690835,10554.322851,0.8796016703919834,6.75772225e-07,7.26628551e-07,0.726628551
1860,3.70840783e-06,9.94057484,10537.0093304,0.8781587543607874,3.70840783e-06,5.22896978e-07,0.522896978,6.75772225e-07,9.95690835,10554.322851,0.8796016703919834,6.75772225e-07,7.26628552e-07,0.726628552
1861,3.70840783e-06,9.94057483,10537.0093198,0.8781587534773789,3.70840783e-06,5.22896979e-07,0.522896979,6.75772225e-07,9.95690834,10554.3228404,0.879601669508575,6.75772225e-07,7.26628552e-07,0.726628552
1862,3.70840783e-06,9.94057486,10537.0093516,0.8781587561276042,3.70840783e-06,5.2289698e-07,0.52289698,6.75772225e-07,9.95690834,10554.3228404,0.879601669508575,6.75772225e-07,7.26628553e-07,0.726628553
1863,3.70840783e-06,9.94057492,10537.0094152,0.8781587614280547,3.70840783e-06,5.22896981e-07,0.5228969809999999,6.75772225e-07,9.95690834,10554.3228404,0.879601669508575,6.75772225e-07,7.26628554e-07,0.726628554
1864,3.70840783e-06,9.94057491,10537.009404600001,0.8781587605446465,3.70840783e-06,5.22896982e-07,0.522896982,6.75772225e-07,9.95690834,10554.3228404,0.879601669508575,6.75772225e-07,7.26628555e-07,0.726628555
1865,3.70840783e-06,9.94057492,10537.0094152,0.8781587614280547,3.70840783e-06,5.22896982e-07,0.522896982,6.75772225e-07,9.95690833,10554.3228298,0.8796016686251664,6.75772225e-07,7.26628555e-07,0.726628555
1866,3.70840783e-06,9.94057492,10537.0094152,0.8781587614280547,3.70840783e-06,5.22896981e-07,0.5228969809999999,6.75772225e-07,9.95690832,10554.3228192,0.8796016677417582,6.75772225e-07,7.26628556e-07,0.726628556
1867,3.70840783e-06,9.94057492,10537.0094152,0.8781587614280547,3.70840783e-06,5.22896979e-07,0.522896979,6.75772225e-07,9.95690832,10554.3228192,0.8796016677417582,6.75772225e-07,7.26628557e-07,0.726628557
1868,3.70840783e-06,9.94057493,10537.0094258,0.8781587623114633,3.70840783e-06,5.22896977e-07,0.522896977,6.75772225e-07,9.95690831,10554.3228086,0.8796016668583496,6.75772225e-07,7.26628558e-07,0.726628558
1869,3.70840783e-06,9.94057495,10537.009447,0.8781587640782801,3.70840783e-06,5.22896977e-07,0.522896977,6.75772225e-07,9.9569083,10554.322798000001,0.8796016659749413,6.75772225e-07,7.26628558e-07,0.726628558
1870,3.70840783e-06,9.94057495,10537.009447,0.8781587640782801,3.70840783e-06,5.22896979e-07,0.522896979,6.75772225e-07,9.9569083,10554.322798000001,0.8796016659749413,6.75772225e-07,7.26628559e-07,0.726628559
1871,3.70840783e-06,9.94057499,10537.0094894,0.8781587676119137,3.70840783e-06,5.22896981e-07,0.5228969809999999,6.75772225e-07,9.9569083,10554.322798000001,0.8796016659749413,6.75772225e-07,7.2662856e-07,0.72662856
1872,3.70840783e-06,9.94057499,10537.0094894,0.8781587676119137,3.70840783e-06,5.22896984e-07,0.522896984,6.75772225e-07,9.95690829,10554.322787399999,0.8796016650915327,6.75772225e-07,7.26628561e-07,0.7266285610000001
1873,3.70840783e-06,9.940575,10537.0095,0.8781587684953222,3.70840783e-06,5.22896985e-07,0.5228969849999999,6.75772225e-07,9.95690829,10554.322787399999,0.8796016650915327,6.75772225e-07,7.26628562e-07,0.726628562
1874,3.70840783e-06,9.940575,10537.0095,0.8781587684953222,3.70840783e-06,5.22896986e-07,0.522896986,6.75772225e-07,9.95690829,10554.322787399999,0.8796016650915327,6.75772225e-07,7.26628563e-07,0.726628563
1875,3.70840783e-06,9.940575,10537.0095,0.8781587684953222,3.70840783e-06,5.22896986e-07,0.522896986,6.75772225e-07,9.95690828,10554.3227768,0.8796016642081244,6.75772225e-07,7.26628563e-07,0.726628563
1876,3.70840783e-06,9.940575,10537.0095,0.8781587684953222,3.70840783e-06,5.22896987e-07,0.522896987,6.75772225e-07,9.95690828,10554.3227768,0.8796016642081244,6.75772225e-07,7.26628564e-07,0.726628564
1877,3.70840783e-06,9.94057502,10537.009521200001,0.8781587702621391,3.70840783e-06,5.22896987e-07,0.522896987,6.75772225e-07,9.95690828,10554.3227768,0.8796016642081244,6.75772225e-07,7.26628565e-07,0.7266285650000001
1878,3.70840783e-06,9.94057502,10537.009521200001,0.8781587702621391,3.70840783e-06,5.22896989e-07,0.522896989,6.75772225e-07,9.95690827,10554.322766199999,0.8796016633247159,6.75772225e-07,7.26628566e-07,0.726628566
1879,3.70840783e-06,9.94057507,10537.0095742,0.878158774679181,3.70840783e-06,5.2289699e-07,0.52289699,6.75772225e-07,9.95690827,10554.322766199999,0.8796016633247159,6.75772225e-07,7.26628567e-07,0.726628567
1880,3.70840783e-06,9.94057507,10537.0095742,0.878158774679181,3.70840783e-06,5.2289699e-07,0.52289699,6.75772225e-07,9.95690826,10554.3227556,0.8796016624413076,6.75772225e-07,7.26628568e-07,0.7266285680000001
1881,3.70840783e-06,9.94057507,10537.0095742,0.878158774679181,3.70840783e-06,5.2289699e-07,0.52289699,6.75772225e-07,9.95690826,10554.3227556,0.8796016624413076,6.75772225e-07,7.26628569e-07,0.7266285690000001
1882,3.70840783e-06,9.94057508,10537.0095848,0.8781587755625895,3.70840783e-06,5.22896989e-07,0.522896989,6.75772225e-07,9.95690825,10554.322745,0.8796016615578991,6.75772225e-07,7.26628569e-07,0.7266285690000001
1883,3.70840783e-06,9.94057508,10537.0095848,0.8781587755625895,3.70840783e-06,5.22896988e-07,0.522896988,6.75772225e-07,9.95690825,10554.322745,0.8796016615578991,6.75772225e-07,7.2662857e-07,0.72662857
1884,3.70840783e-06,9.9405751,10537.009606,0.8781587773294063,3.70840783e-06,5.22896987e-07,0.522896987,6.75772225e-07,9.95690825,10554.322745,0.8796016615578991,6.75772225e-07,7.26628571e-07,0.726628571
1885,3.70840783e-06,9.9405751,10537.009606,0.8781587773294063,3.70840783e-06,5.22896987e-07,0.522896987,6.75772225e-07,9.95690824,10554.3227344,0.8796016606744907,6.75772225e-07,7.26628572e-07,0.7266285720000001
1886,3.70840783e-06,9.94057511,10537.009616599998,0.8781587782128146,3.70840783e-06,5.22896985e-07,0.5228969849999999,6.75772225e-07,9.95690824,10554.3227344,0.8796016606744907,6.75772225e-07,7.26628573e-07,0.7266285729999999
1887,3.70840783e-06,9.94057521,10537.0097226,0.878158787046899,3.70840783e-06,5.22896985e-07,0.5228969849999999,6.75772225e-07,9.95690822,10554.322713200001,0.8796016589076739,6.75772225e-07,7.26628574e-07,0.7266285739999999
1888,3.70840783e-06,9.94057521,10537.0097226,0.878158787046899,3.70840783e-06,5.22896987e-07,0.522896987,6.75772225e-07,9.95690822,10554.322713200001,0.8796016589076739,6.75772225e-07,7.26628575e-07,0.726628575
1889,3.70840783e-06,9.94057521,10537.0097226,0.878158787046899,3.70840783e-06,5.22896988e-07,0.522896988,6.75772225e-07,9.95690822,10554.322713200001,0.8796016589076739,6.75772225e-07,7.26628576e-07,0.726628576
1890,3.70840783e-06,9.94057521,10537.0097226,0.878158787046899,3.70840783e-06,5.22896989e-07,0.522896989,6.75772225e-07,9.95690823,10554.3227238,0.8796016597910823,6.75772225e-07,7.26628577e-07,0.7266285769999999
1891,3.70840783e-06,9.94057521,10537.0097226,0.878158787046899,3.70840783e-06,5.2289699e-07,0.52289699,6.75772225e-07,9.95690823,10554.3227238,0.8796016597910823,6.75772225e-07,7.26628578e-07,0.7266285779999999
1892,3.70840783e-06,9.94057521,10537.0097226,0.878158787046899,3.70840783e-06,5.2289699e-07,0.52289699,6.75772225e-07,9.95690824,10554.3227344,0.8796016606744907,6.75772225e-07,7.26628578e-07,0.7266285779999999
1893,3.70840783e-06,9.94057521,10537.0097226,0.878158787046899,3.70840783e-06,5.22896989e-07,0.522896989,6.75772225e-07,9.95690823,10554.3227238,0.8796016597910823,6.75772225e-07,7.26628579e-07,0.726628579
1894,3.70840783e-06,9.94057521,10537.0097226,0.878158787046899,3.70840783e-06,5.2289699e-07,0.52289699,6.75772225e-07,9.95690823,10554.3227238,0.8796016597910823,6.75772225e-07,7.2662858e-07,0.72662858
1895,3.70840783e-06,9.94057521,10537.0097226,0.878158787046899,3.70840783e-06,5.22896991e-07,0.522896991,6.75772225e-07,9.95690823,10554.3227238,0.8796016597910823,6.75772225e-07,7.26628581e-07,0.7266285809999999
1896,3.70840783e-06,9.94057522,10537.009733199999,0.8781587879303073,3.70840783e-06,5.22896994e-07,0.522896994,6.75772225e-07,9.95690823,10554.3227238,0.8796016597910823,6.75772225e-07,7.26628582e-07,0.726628582
1897,3.70840783e-06,9.94057523,10537.009743800001,0.878158788813716,3.70840783e-06,5.22896996e-07,0.5228969960000001,6.75772225e-07,9.95690823,10554.3227238,0.8796016597910823,6.75772225e-07,7.26628583e-07,0.726628583
1898,3.70840783e-06,9.94057525,10537.009765,0.8781587905805328,3.70840783e-06,5.22896999e-07,0.522896999,6.75772225e-07,9.95690821,10554.3227026,0.8796016580242655,6.75772225e-07,7.26628583e-07,0.726628583
1899,3.70840783e-06,9.94057526,10537.0097756,0.878158791463941,3.70840783e-06,5.22897001e-07,0.522897001,6.75772225e-07,9.95690821,10554.3227026,0.8796016580242655,6.75772225e-07,7.26628584e-07,0.726628584
1900,3.70840783e-06,9.94057528,10537.0097968,0.8781587932307579,3.70840783e-06,5.22897003e-07,0.5228970030000001,6.75772225e-07,9.95690821,10554.3227026,0.8796016580242655,6.75772225e-07,7.26628585e-07,0.7266285849999999
1901,3.70840783e-06,9.94057531,10537.0098286,0.8781587958809832,3.70840783e-06,5.22897003e-07,0.5228970030000001,6.75772225e-07,9.9569082,10554.322692000002,0.8796016571408571,6.75772225e-07,7.26628586e-07,0.726628586
1902,3.70840783e-06,9.94057532,10537.0098392,0.8781587967643917,3.70840783e-06,5.22897004e-07,0.522897004,6.75772225e-07,9.9569082,10554.322692000002,0.8796016571408571,6.75772225e-07,7.26628587e-07,0.726628587
1903,3.70840783e-06,9.94057533,10537.009849799999,0.8781587976478,3.70840783e-06,5.22897003e-07,0.5228970030000001,6.75772225e-07,9.9569082,10554.322692000002,0.8796016571408571,6.75772225e-07,7.26628588e-07,0.726628588
1904,3.70840783e-06,9.94057535,10537.009871,0.8781587994146169,3.70840783e-06,5.22897002e-07,0.522897002,6.75772225e-07,9.9569082,10554.322692000002,0.8796016571408571,6.75772225e-07,7.26628589e-07,0.726628589
1905,3.70840783e-06,9.94057536,10537.0098816,0.8781588002980254,3.70840783e-06,5.22897003e-07,0.5228970030000001,6.75772225e-07,9.9569082,10554.322692000002,0.8796016571408571,6.75772225e-07,7.26628589e-07,0.726628589
1906,3.70840783e-06,9.94057538,10537.0099028,0.8781588020648422,3.70840783e-06,5.22897004e-07,0.522897004,6.75772225e-07,9.95690818,10554.322670799998,0.87960165537404,6.75772225e-07,7.2662859e-07,0.72662859
1907,3.70840783e-06,9.94057539,10537.0099134,0.8781588029482505,3.70840783e-06,5.22897007e-07,0.5228970070000001,6.75772225e-07,9.95690818,10554.322670799998,0.87960165537404,6.75772225e-07,7.26628591e-07,0.726628591
1908,3.70840783e-06,9.9405754,10537.009924,0.878158803831659,3.70840783e-06,5.22897009e-07,0.5228970089999999,6.75772225e-07,9.95690818,10554.322670799998,0.87960165537404,6.75772225e-07,7.26628592e-07,0.726628592
1909,3.70840783e-06,9.94057541,10537.009934599999,0.8781588047150674,3.70840783e-06,5.2289701e-07,0.52289701,6.75772225e-07,9.95690818,10554.322670799998,0.87960165537404,6.75772225e-07,7.26628593e-07,0.726628593
1910,3.70840783e-06,9.94057545,10537.009977000002,0.8781588082487013,3.70840783e-06,5.22897011e-07,0.522897011,6.75772225e-07,9.95690819,10554.3226814,0.8796016562574487,6.75772225e-07,7.26628594e-07,0.726628594
1911,3.70840783e-06,9.94057546,10537.0099876,0.8781588091321096,3.70840783e-06,5.22897012e-07,0.5228970119999999,6.75772225e-07,9.9569082,10554.322692000002,0.8796016571408571,6.75772225e-07,7.26628595e-07,0.726628595
1912,3.70840783e-06,9.94057547,10537.009998200001,0.8781588100155181,3.70840783e-06,5.22897012e-07,0.5228970119999999,6.75772225e-07,9.9569082,10554.322692000002,0.8796016571408571,6.75772225e-07,7.26628596e-07,0.7266285960000001
1913,3.70840783e-06,9.94057548,10537.0100088,0.8781588108989264,3.70840783e-06,5.22897011e-07,0.522897011,6.75772225e-07,9.9569082,10554.322692000002,0.8796016571408571,6.75772225e-07,7.26628596e-07,0.7266285960000001
1914,3.70840783e-06,9.94057548,10537.0100088,0.8781588108989264,3.70840783e-06,5.2289701e-07,0.52289701,6.75772225e-07,9.95690819,10554.3226814,0.8796016562574487,6.75772225e-07,7.26628597e-07,0.726628597
1915,3.70840783e-06,9.94057549,10537.0100194,0.8781588117823349,3.70840783e-06,5.22897011e-07,0.522897011,6.75772225e-07,9.95690819,10554.3226814,0.8796016562574487,6.75772225e-07,7.26628598e-07,0.726628598
1916,3.70840783e-06,9.9405755,10537.01003,0.8781588126657432,3.70840783e-06,5.22897011e-07,0.522897011,6.75772225e-07,9.9569082,10554.322692000002,0.8796016571408571,6.75772225e-07,7.26628599e-07,0.7266285990000001
1917,3.70840783e-06,9.94057552,10537.010051199999,0.87815881443256,3.70840783e-06,5.22897011e-07,0.522897011,6.75772225e-07,9.9569082,10554.322692000002,0.8796016571408571,6.75772225e-07,7.26628599e-07,0.7266285990000001
1918,3.70840783e-06,9.94057553,10537.0100618,0.8781588153159685,3.70840783e-06,5.22897014e-07,0.522897014,6.75772225e-07,9.9569082,10554.322692000002,0.8796016571408571,6.75772225e-07,7.266286e-07,0.7266286000000001
1919,3.70840783e-06,9.94057555,10537.010083000001,0.8781588170827855,3.70840783e-06,5.22897017e-07,0.522897017,6.75772225e-07,9.95690821,10554.3227026,0.8796016580242655,6.75772225e-07,7.26628601e-07,0.726628601
1920,3.70840783e-06,9.94057556,10537.0100936,0.8781588179661938,3.70840783e-06,5.22897018e-07,0.522897018,6.75772225e-07,9.95690821,10554.3227026,0.8796016580242655,6.75772225e-07,7.26628601e-07,0.726628601
1921,3.70840783e-06,9.94057558,10537.010114800001,0.8781588197330108,3.70840783e-06,5.2289702e-07,0.52289702,6.75772225e-07,9.95690818,10554.322670799998,0.87960165537404,6.75772225e-07,7.26628602e-07,0.7266286019999999
1922,3.70840783e-06,9.94057559,10537.0101254,0.8781588206164191,3.70840783e-06,5.22897022e-07,0.522897022,6.75772225e-07,9.95690818,10554.322670799998,0.87960165537404,6.75772225e-07,7.26628602e-07,0.7266286019999999
1923,3.70840783e-06,9.94057561,10537.0101466,0.878158822383236,3.70840783e-06,5.22897024e-07,0.522897024,6.75772225e-07,9.95690818,10554.322670799998,0.87960165537404,6.75772225e-07,7.26628603e-07,0.726628603
1924,3.70840783e-06,9.94057562,10537.0101572,0.8781588232666444,3.70840783e-06,5.22897026e-07,0.522897026,6.75772225e-07,9.95690818,10554.322670799998,0.87960165537404,6.75772225e-07,7.26628604e-07,0.726628604
1925,3.70840783e-06,9.94057564,10537.0101784,0.8781588250334612,3.70840783e-06,5.22897026e-07,0.522897026,6.75772225e-07,9.95690819,10554.3226814,0.8796016562574487,6.75772225e-07,7.26628605e-07,0.7266286049999999
1926,3.70840783e-06,9.94057565,10537.010188999999,0.8781588259168696,3.70840783e-06,5.22897026e-07,0.522897026,6.75772225e-07,9.95690819,10554.3226814,0.8796016562574487,6.75772225e-07,7.26628605e-07,0.7266286049999999
1927,3.70840783e-06,9.94057567,10537.0102102,0.8781588276836865,3.70840783e-06,5.22897026e-07,0.522897026,6.75772225e-07,9.95690817,10554.3226602,0.8796016544906317,6.75772225e-07,7.26628606e-07,0.726628606
1928,3.70840783e-06,9.94057568,10537.0102208,0.8781588285670949,3.70840783e-06,5.22897027e-07,0.5228970270000001,6.75772225e-07,9.95690817,10554.3226602,0.8796016544906317,6.75772225e-07,7.26628607e-07,0.726628607
1929,3.70840783e-06,9.94057569,10537.0102314,0.8781588294505033,3.70840783e-06,5.22897028e-07,0.522897028,6.75772225e-07,9.95690817,10554.3226602,0.8796016544906317,6.75772225e-07,7.26628607e-07,0.726628607
1930,3.70840783e-06,9.94057571,10537.0102526,0.8781588312173201,3.70840783e-06,5.22897029e-07,0.522897029,6.75772225e-07,9.95690818,10554.322670799998,0.87960165537404,6.75772225e-07,7.26628608e-07,0.726628608
1931,3.70840783e-06,9.94057571,10537.0102526,0.8781588312173201,3.70840783e-06,5.2289703e-07,0.52289703,6.75772225e-07,9.95690818,10554.322670799998,0.87960165537404,6.75772225e-07,7.26628609e-07,0.7266286089999999
1932,3.70840783e-06,9.94057572,10537.0102632,0.8781588321007285,3.70840783e-06,5.22897031e-07,0.5228970310000001,6.75772225e-07,9.95690818,10554.322670799998,0.87960165537404,6.75772225e-07,7.2662861e-07,0.72662861
1933,3.70840783e-06,9.94057574,10537.0102844,0.8781588338675453,3.70840783e-06,5.22897032e-07,0.522897032,6.75772225e-07,9.95690817,10554.3226602,0.8796016544906317,6.75772225e-07,7.2662861e-07,0.72662861
1934,3.70840783e-06,9.94057575,10537.010295,0.8781588347509539,3.70840783e-06,5.22897033e-07,0.522897033,6.75772225e-07,9.95690817,10554.3226602,0.8796016544906317,6.75772225e-07,7.26628611e-07,0.726628611
1935,3.70840783e-06,9.94057576,10537.010305599999,0.8781588356343621,3.70840783e-06,5.22897033e-07,0.522897033,6.75772225e-07,9.95690818,10554.322670799998,0.87960165537404,6.75772225e-07,7.26628611e-07,0.726628611
1936,3.70840783e-06,9.94057577,10537.010316200001,0.8781588365177708,3.70840783e-06,5.22897033e-07,0.522897033,6.75772225e-07,9.95690818,10554.322670799998,0.87960165537404,6.75772225e-07,7.26628612e-07,0.726628612
1937,3.70840783e-06,9.94057577,10537.010316200001,0.8781588365177708,3.70840783e-06,5.22897033e-07,0.522897033,6.75772225e-07,9.95690818,10554.322670799998,0.87960165537404,6.75772225e-07,7.26628612e-07,0.726628612
1938,3.70840783e-06,9.94057578,10537.0103268,0.8781588374011792,3.70840783e-06,5.22897034e-07,0.5228970340000001,6.75772225e-07,9.95690819,10554.3226814,0.8796016562574487,6.75772225e-07,7.26628613e-07,0.726628613
1939,3.70840783e-06,9.94057579,10537.010337400001,0.8781588382845876,3.70840783e-06,5.22897035e-07,0.5228970350000001,6.75772225e-07,9.95690819,10554.3226814,0.8796016562574487,6.75772225e-07,7.26628614e-07,0.726628614
1940,3.70840783e-06,9.9405758,10537.010348,0.878158839167996,3.70840783e-06,5.22897035e-07,0.5228970350000001,6.75772225e-07,9.95690819,10554.3226814,0.8796016562574487,6.75772225e-07,7.26628614e-07,0.726628614
1941,3.70840783e-06,9.94057582,10537.0103692,0.8781588409348128,3.70840783e-06,5.22897036e-07,0.522897036,6.75772225e-07,9.95690817,10554.3226602,0.8796016544906317,6.75772225e-07,7.26628615e-07,0.726628615
1942,3.70840783e-06,9.94057583,10537.0103798,0.8781588418182212,3.70840783e-06,5.22897038e-07,0.522897038,6.75772225e-07,9.95690817,10554.3226602,0.8796016544906317,6.75772225e-07,7.26628615e-07,0.726628615
1943,3.70840783e-06,9.94057584,10537.010390399999,0.8781588427016296,3.70840783e-06,5.22897039e-07,0.522897039,6.75772225e-07,9.95690818,10554.322670799998,0.87960165537404,6.75772225e-07,7.26628616e-07,0.726628616
1944,3.70840783e-06,9.94057586,10537.010411599998,0.8781588444684464,3.70840783e-06,5.2289704e-07,0.5228970399999999,6.75772225e-07,9.95690818,10554.322670799998,0.87960165537404,6.75772225e-07,7.26628616e-07,0.726628616
1945,3.70840783e-06,9.94057588,10537.010432800002,0.8781588462352635,3.70840783e-06,5.22897041e-07,0.522897041,6.75772225e-07,9.95690819,10554.3226814,0.8796016562574487,6.75772225e-07,7.26628617e-07,0.726628617
1946,3.70840783e-06,9.94057589,10537.0104434,0.8781588471186719,3.70840783e-06,5.22897043e-07,0.522897043,6.75772225e-07,9.95690819,10554.3226814,0.8796016562574487,6.75772225e-07,7.26628617e-07,0.726628617
1947,3.70840783e-06,9.9405759,10537.010454000001,0.8781588480020803,3.70840783e-06,5.22897044e-07,0.5228970439999999,6.75772225e-07,9.95690819,10554.3226814,0.8796016562574487,6.75772225e-07,7.26628618e-07,0.726628618
1948,3.70840783e-06,9.94057592,10537.0104752,0.8781588497688971,3.70840783e-06,5.22897045e-07,0.522897045,6.75772225e-07,9.95690817,10554.3226602,0.8796016544906317,6.75772225e-07,7.26628618e-07,0.726628618
1949,3.70840783e-06,9.94057594,10537.0104964,0.8781588515357139,3.70840783e-06,5.22897046e-07,0.522897046,6.75772225e-07,9.95690817,10554.3226602,0.8796016544906317,6.75772225e-07,7.26628619e-07,0.726628619
1950,3.70840783e-06,9.94057595,10537.010506999999,0.8781588524191223,3.70840783e-06,5.22897047e-07,0.522897047,6.75772225e-07,9.95690817,10554.3226602,0.8796016544906317,6.75772225e-07,7.26628619e-07,0.726628619
1951,3.70840783e-06,9.94057597,10537.010528199999,0.8781588541859391,3.70840783e-06,5.22897047e-07,0.522897047,6.75772225e-07,9.95690817,10554.3226602,0.8796016544906317,6.75772225e-07,7.2662862e-07,0.7266286200000001
1952,3.70840783e-06,9.94057598,10537.010538800001,0.8781588550693477,3.70840783e-06,5.22897048e-07,0.522897048,6.75772225e-07,9.95690817,10554.3226602,0.8796016544906317,6.75772225e-07,7.2662862e-07,0.7266286200000001
1953,3.70840783e-06,9.94057599,10537.0105494,0.878158855952756,3.70840783e-06,5.22897048e-07,0.522897048,6.75772225e-07,9.95690818,10554.322670799998,0.87960165537404,6.75772225e-07,7.26628621e-07,0.726628621
1954,3.70840783e-06,9.940576,10537.01056,0.8781588568361645,3.70840783e-06,5.22897048e-07,0.522897048,6.75772225e-07,9.95690818,10554.322670799998,0.87960165537404,6.75772225e-07,7.26628621e-07,0.726628621
1955,3.70840783e-06,9.94057601,10537.0105706,0.8781588577195728,3.70840783e-06,5.22897048e-07,0.522897048,6.75772225e-07,9.95690817,10554.3226602,0.8796016544906317,6.75772225e-07,7.26628622e-07,0.726628622
1956,3.70840783e-06,9.94057602,10537.0105812,0.8781588586029813,3.70840783e-06,5.22897048e-07,0.522897048,6.75772225e-07,9.95690818,10554.322670799998,0.87960165537404,6.75772225e-07,7.26628622e-07,0.726628622
1957,3.70840783e-06,9.94057603,10537.0105918,0.8781588594863898,3.70840783e-06,5.22897048e-07,0.522897048,6.75772225e-07,9.95690818,10554.322670799998,0.87960165537404,6.75772225e-07,7.26628623e-07,0.726628623
1958,3.70840783e-06,9.94057604,10537.0106024,0.8781588603697981,3.70840783e-06,5.22897047e-07,0.522897047,6.75772225e-07,9.95690818,10554.322670799998,0.87960165537404,6.75772225e-07,7.26628623e-07,0.726628623
1959,3.70840783e-06,9.94057605,10537.010613,0.8781588612532066,3.70840783e-06,5.22897046e-07,0.522897046,6.75772225e-07,9.95690818,10554.322670799998,0.87960165537404,6.75772225e-07,7.26628624e-07,0.7266286240000001
1960,3.70840783e-06,9.94057605,10537.010613,0.8781588612532066,3.70840783e-06,5.22897047e-07,0.522897047,6.75772225e-07,9.95690818,10554.322670799998,0.87960165537404,6.75772225e-07,7.26628624e-07,0.7266286240000001
1961,3.70840783e-06,9.94057607,10537.0106342,0.8781588630200234,3.70840783e-06,5.22897047e-07,0.522897047,6.75772225e-07,9.95690819,10554.3226814,0.8796016562574487,6.75772225e-07,7.26628624e-07,0.7266286240000001
1962,3.70840783e-06,9.94057608,10537.010644799999,0.8781588639034317,3.70840783e-06,5.22897047e-07,0.522897047,6.75772225e-07,9.95690819,10554.3226814,0.8796016562574487,6.75772225e-07,7.26628625e-07,0.726628625
1963,3.70840783e-06,9.94057608,10537.010644799999,0.8781588639034317,3.70840783e-06,5.22897047e-07,0.522897047,6.75772225e-07,9.95690818,10554.322670799998,0.87960165537404,6.75772225e-07,7.26628625e-07,0.726628625
1964,3.70840783e-06,9.94057609,10537.010655400001,0.8781588647868404,3.70840783e-06,5.22897048e-07,0.522897048,6.75772225e-07,9.95690818,10554.322670799998,0.87960165537404,6.75772225e-07,7.26628626e-07,0.726628626
1965,3.70840783e-06,9.9405761,10537.010666,0.8781588656702487,3.70840783e-06,5.22897049e-07,0.522897049,6.75772225e-07,9.95690818,10554.322670799998,0.87960165537404,6.75772225e-07,7.26628626e-07,0.726628626
1966,3.70840783e-06,9.94057612,10537.0106872,0.8781588674370655,3.70840783e-06,5.22897049e-07,0.522897049,6.75772225e-07,9.95690819,10554.3226814,0.8796016562574487,6.75772225e-07,7.26628626e-07,0.726628626
1967,3.70840783e-06,9.94057613,10537.0106978,0.878158868320474,3.70840783e-06,5.22897049e-07,0.522897049,6.75772225e-07,9.95690819,10554.3226814,0.8796016562574487,6.75772225e-07,7.26628627e-07,0.7266286270000001
1968,3.70840783e-06,9.94057613,10537.0106978,0.878158868320474,3.70840783e-06,5.22897049e-07,0.522897049,6.75772225e-07,9.95690819,10554.3226814,0.8796016562574487,6.75772225e-07,7.26628627e-07,0.7266286270000001
1969,3.70840783e-06,9.94057614,10537.0107084,0.8781588692038823,3.70840783e-06,5.2289705e-07,0.52289705,6.75772225e-07,9.95690819,10554.3226814,0.8796016562574487,6.75772225e-07,7.26628627e-07,0.7266286270000001
1970,3.70840783e-06,9.94057616,10537.0107296,0.8781588709706992,3.70840783e-06,5.22897052e-07,0.522897052,6.75772225e-07,9.9569082,10554.322692000002,0.8796016571408571,6.75772225e-07,7.26628628e-07,0.726628628
1971,3.70840783e-06,9.94057618,10537.0107508,0.878158872737516,3.70840783e-06,5.22897053e-07,0.522897053,6.75772225e-07,9.9569082,10554.322692000002,0.8796016571408571,6.75772225e-07,7.26628628e-07,0.726628628
1972,3.70840783e-06,9.9405762,10537.010772000001,0.878158874504333,3.70840783e-06,5.22897053e-07,0.522897053,6.75772225e-07,9.9569082,10554.322692000002,0.8796016571408571,6.75772225e-07,7.26628628e-07,0.726628628
1973,3.70840783e-06,9.94057621,10537.0107826,0.8781588753877414,3.70840783e-06,5.22897053e-07,0.522897053,6.75772225e-07,9.95690821,10554.3227026,0.8796016580242655,6.75772225e-07,7.26628628e-07,0.726628628
1974,3.70840783e-06,9.9405762,10537.010772000001,0.878158874504333,3.70840783e-06,5.22897054e-07,0.522897054,6.75772225e-07,9.95690813,10554.3226178,0.879601650956998,6.75772225e-07,7.26628629e-07,0.726628629
1975,3.70840783e-06,9.9405762,10537.010772000001,0.878158874504333,3.70840783e-06,5.22897056e-07,0.522897056,6.75772225e-07,9.95690813,10554.3226178,0.879601650956998,6.75772225e-07,7.26628629e-07,0.726628629
1976,3.70840783e-06,9.94057623,10537.0108038,0.8781588771545582,3.70840783e-06,5.22897058e-07,0.522897058,6.75772225e-07,9.95690814,10554.3226284,0.8796016518404064,6.75772225e-07,7.26628629e-07,0.726628629
1977,3.70840783e-06,9.94057624,10537.0108144,0.8781588780379667,3.70840783e-06,5.22897059e-07,0.522897059,6.75772225e-07,9.95690816,10554.322649599999,0.8796016536072232,6.75772225e-07,7.2662863e-07,0.72662863
1978,3.70840783e-06,9.94057624,10537.0108144,0.8781588780379667,3.70840783e-06,5.22897058e-07,0.522897058,6.75772225e-07,9.95690816,10554.322649599999,0.8796016536072232,6.75772225e-07,7.2662863e-07,0.72662863
1979,3.70840783e-06,9.94057623,10537.0108038,0.8781588771545582,3.70840783e-06,5.22897056e-07,0.522897056,6.75772225e-07,9.95690816,10554.322649599999,0.8796016536072232,6.75772225e-07,7.26628631e-07,0.7266286310000001
1980,3.70840783e-06,9.94057626,10537.0108356,0.8781588798047835,3.70840783e-06,5.22897053e-07,0.522897053,6.75772225e-07,9.95690819,10554.3226814,0.8796016562574487,6.75772225e-07,7.26628631e-07,0.7266286310000001
1981,3.70840783e-06,9.94057625,10537.010825,0.878158878921375,3.70840783e-06,5.22897052e-07,0.522897052,6.75772225e-07,9.95690818,10554.322670799998,0.87960165537404,6.75772225e-07,7.26628632e-07,0.7266286319999999
1982,3.70840783e-06,9.94057624,10537.0108144,0.8781588780379667,3.70840783e-06,5.2289705e-07,0.52289705,6.75772225e-07,9.95690817,10554.3226602,0.8796016544906317,6.75772225e-07,7.26628632e-07,0.7266286319999999
1983,3.70840783e-06,9.94057624,10537.0108144,0.8781588780379667,3.70840783e-06,5.22897049e-07,0.522897049,6.75772225e-07,9.95690817,10554.3226602,0.8796016544906317,6.75772225e-07,7.26628633e-07,0.7266286329999999
1984,3.70840783e-06,9.94057625,10537.010825,0.878158878921375,3.70840783e-06,5.22897047e-07,0.522897047,6.75772225e-07,9.95690817,10554.3226602,0.8796016544906317,6.75772225e-07,7.26628633e-07,0.7266286329999999
1985,3.70840783e-06,9.94057625,10537.010825,0.878158878921375,3.70840783e-06,5.22897045e-07,0.522897045,6.75772225e-07,9.95690817,10554.3226602,0.8796016544906317,6.75772225e-07,7.26628633e-07,0.7266286329999999
1986,3.70840783e-06,9.94057625,10537.010825,0.878158878921375,3.70840783e-06,5.22897045e-07,0.522897045,6.75772225e-07,9.95690817,10554.3226602,0.8796016544906317,6.75772225e-07,7.26628634e-07,0.726628634
1987,3.70840783e-06,9.94057626,10537.0108356,0.8781588798047835,3.70840783e-06,5.22897047e-07,0.522897047,6.75772225e-07,9.95690818,10554.322670799998,0.87960165537404,6.75772225e-07,7.26628634e-07,0.726628634
1988,3.70840783e-06,9.94057626,10537.0108356,0.8781588798047835,3.70840783e-06,5.22897049e-07,0.522897049,6.75772225e-07,9.95690818,10554.322670799998,0.87960165537404,6.75772225e-07,7.26628634e-07,0.726628634
1989,3.70840783e-06,9.94057627,10537.010846199999,0.8781588806881918,3.70840783e-06,5.22897051e-07,0.522897051,6.75772225e-07,9.95690818,10554.322670799998,0.87960165537404,6.75772225e-07,7.26628634e-07,0.726628634
1990,3.70840783e-06,9.94057629,10537.010867399998,0.8781588824550086,3.70840783e-06,5.22897053e-07,0.522897053,6.75772225e-07,9.95690819,10554.3226814,0.8796016562574487,6.75772225e-07,7.26628635e-07,0.726628635
1991,3.70840783e-06,9.94057631,10537.010888600002,0.8781588842218256,3.70840783e-06,5.22897055e-07,0.522897055,6.75772225e-07,9.95690817,10554.3226602,0.8796016544906317,6.75772225e-07,7.26628635e-07,0.726628635
1992,3.70840783e-06,9.94057632,10537.0108992,0.878158885105234,3.70840783e-06,5.22897058e-07,0.522897058,6.75772225e-07,9.95690818,10554.322670799998,0.87960165537404,6.75772225e-07,7.26628635e-07,0.726628635
1993,3.70840783e-06,9.94057633,10537.010909800001,0.8781588859886424,3.70840783e-06,5.22897061e-07,0.522897061,6.75772225e-07,9.95690818,10554.322670799998,0.87960165537404,6.75772225e-07,7.26628635e-07,0.726628635
1994,3.70840783e-06,9.94057635,10537.010931,0.8781588877554592,3.70840783e-06,5.22897063e-07,0.522897063,6.75772225e-07,9.95690819,10554.3226814,0.8796016562574487,6.75772225e-07,7.26628635e-07,0.726628635
1995,3.70840783e-06,9.94057636,10537.0109416,0.8781588886388676,3.70840783e-06,5.22897064e-07,0.522897064,6.75772225e-07,9.9569082,10554.322692000002,0.8796016571408571,6.75772225e-07,7.26628635e-07,0.726628635
1996,3.70840783e-06,9.94057638,10537.0109628,0.8781588904056844,3.70840783e-06,5.22897065e-07,0.5228970650000001,6.75772225e-07,9.95690816,10554.322649599999,0.8796016536072232,6.75772225e-07,7.26628635e-07,0.726628635
1997,3.70840783e-06,9.94057639,10537.0109734,0.878158891289093,3.70840783e-06,5.22897068e-07,0.5228970679999999,6.75772225e-07,9.95690817,10554.3226602,0.8796016544906317,6.75772225e-07,7.26628636e-07,0.7266286359999999
1998,3.70840783e-06,9.94057641,10537.010994600001,0.8781588930559099,3.70840783e-06,5.22897069e-07,0.522897069,6.75772225e-07,9.95690817,10554.3226602,0.8796016544906317,6.75772225e-07,7.26628636e-07,0.7266286359999999
1999,3.70840783e-06,9.94057643,10537.0110158,0.8781588948227267,3.70840783e-06,5.2289707e-07,0.52289707,6.75772225e-07,9.95690817,10554.3226602,0.8796016544906317,6.75772225e-07,7.26628637e-07,0.726628637
2000,3.70840783e-06,9.94057643,10537.0110158,0.8781588948227267,3.70840783e-06,5.22897071e-07,0.5228970709999999,6.75772225e-07,9.95690817,10554.3226602,0.8796016544906317,6.75772225e-07,7.26628637e-07,0.726628637
2001,3.70840783e-06,9.94057643,10537.0110158,0.8781588948227267,3.70840783e-06,5.2289707e-07,0.52289707,6.75772225e-07,9.95690815,10554.322639,0.8796016527238149,6.75772225e-07,7.26628637e-07,0.726628637
2002,3.70840783e-06,9.94057642,10537.0110052,0.8781588939393182,3.70840783e-06,5.22897069e-07,0.522897069,6.75772225e-07,9.95690815,10554.322639,0.8796016527238149,6.75772225e-07,7.26628638e-07,0.726628638
2003,3.70840783e-06,9.94057642,10537.0110052,0.8781588939393182,3.70840783e-06,5.22897067e-07,0.5228970669999999,6.75772225e-07,9.95690815,10554.322639,0.8796016527238149,6.75772225e-07,7.26628638e-07,0.726628638
2004,3.70840783e-06,9.94057641,10537.010994600001,0.8781588930559099,3.70840783e-06,5.22897065e-07,0.5228970650000001,6.75772225e-07,9.95690816,10554.322649599999,0.8796016536072232,6.75772225e-07,7.26628638e-07,0.726628638
2005,3.70840783e-06,9.94057642,10537.0110052,0.8781588939393182,3.70840783e-06,5.22897064e-07,0.522897064,6.75772225e-07,9.95690816,10554.322649599999,0.8796016536072232,6.75772225e-07,7.26628639e-07,0.726628639
2006,3.70840783e-06,9.94057642,10537.0110052,0.8781588939393182,3.70840783e-06,5.22897063e-07,0.522897063,6.75772225e-07,9.95690816,10554.322649599999,0.8796016536072232,6.75772225e-07,7.26628639e-07,0.726628639
2007,3.70840783e-06,9.94057642,10537.0110052,0.8781588939393182,3.70840783e-06,5.22897062e-07,0.5228970620000001,6.75772225e-07,9.95690816,10554.322649599999,0.8796016536072232,6.75772225e-07,7.2662864e-07,0.7266286399999999
2008,3.70840783e-06,9.94057643,10537.0110158,0.8781588948227267,3.70840783e-06,5.2289706e-07,0.52289706,6.75772225e-07,9.95690816,10554.322649599999,0.8796016536072232,6.75772225e-07,7.2662864e-07,0.7266286399999999
2009,3.70840783e-06,9.94057642,10537.0110052,0.8781588939393182,3.70840783e-06,5.22897059e-07,0.522897059,6.75772225e-07,9.95690815,10554.322639,0.8796016527238149,6.75772225e-07,7.2662864e-07,0.7266286399999999
2010,3.70840783e-06,9.94057643,10537.0110158,0.8781588948227267,3.70840783e-06,5.22897059e-07,0.522897059,6.75772225e-07,9.95690815,10554.322639,0.8796016527238149,6.75772225e-07,7.2662864e-07,0.7266286399999999
2011,3.70840783e-06,9.94057643,10537.0110158,0.8781588948227267,3.70840783e-06,5.22897059e-07,0.522897059,6.75772225e-07,9.95690815,10554.322639,0.8796016527238149,6.75772225e-07,7.2662864e-07,0.7266286399999999
2012,3.70840783e-06,9.94057644,10537.0110264,0.878158895706135,3.70840783e-06,5.2289706e-07,0.52289706,6.75772225e-07,9.95690818,10554.322670799998,0.87960165537404,6.75772225e-07,7.26628641e-07,0.726628641
2013,3.70840783e-06,9.94057645,10537.011037,0.8781588965895435,3.70840783e-06,5.22897062e-07,0.5228970620000001,6.75772225e-07,9.95690818,10554.322670799998,0.87960165537404,6.75772225e-07,7.26628641e-07,0.726628641
2014,3.70840783e-06,9.94057645,10537.011037,0.8781588965895435,3.70840783e-06,5.22897064e-07,0.522897064,6.75772225e-07,9.95690819,10554.3226814,0.8796016562574487,6.75772225e-07,7.26628641e-07,0.726628641
2015,3.70840783e-06,9.94057646,10537.0110476,0.878158897472952,3.70840783e-06,5.22897066e-07,0.522897066,6.75772225e-07,9.95690819,10554.3226814,0.8796016562574487,6.75772225e-07,7.26628641e-07,0.726628641
2016,3.70840783e-06,9.94057647,10537.0110582,0.8781588983563603,3.70840783e-06,5.22897067e-07,0.5228970669999999,6.75772225e-07,9.9569082,10554.322692000002,0.8796016571408571,6.75772225e-07,7.26628641e-07,0.726628641
2017,3.70840783e-06,9.94057649,10537.0110794,0.8781589001231771,3.70840783e-06,5.22897069e-07,0.522897069,6.75772225e-07,9.95690818,10554.322670799998,0.87960165537404,6.75772225e-07,7.26628641e-07,0.726628641
2018,3.70840783e-06,9.9405765,10537.01109,0.8781589010065856,3.70840783e-06,5.22897072e-07,0.522897072,6.75772225e-07,9.95690818,10554.322670799998,0.87960165537404,6.75772225e-07,7.26628641e-07,0.726628641
2019,3.70840783e-06,9.94057651,10537.011100599999,0.8781589018899939,3.70840783e-06,5.22897074e-07,0.522897074,6.75772225e-07,9.95690819,10554.3226814,0.8796016562574487,6.75772225e-07,7.26628641e-07,0.726628641
2020,3.70840783e-06,9.94057653,10537.0111218,0.8781589036568109,3.70840783e-06,5.22897076e-07,0.522897076,6.75772225e-07,9.9569082,10554.322692000002,0.8796016571408571,6.75772225e-07,7.26628641e-07,0.726628641
2021,3.70840783e-06,9.94057655,10537.011143,0.8781589054236277,3.70840783e-06,5.22897077e-07,0.522897077,6.75772225e-07,9.9569082,10554.322692000002,0.8796016571408571,6.75772225e-07,7.26628641e-07,0.726628641
2022,3.70840783e-06,9.94057656,10537.0111536,0.8781589063070362,3.70840783e-06,5.22897079e-07,0.522897079,6.75772225e-07,9.95690821,10554.3227026,0.8796016580242655,6.75772225e-07,7.26628641e-07,0.726628641
2023,3.70840783e-06,9.94057657,10537.0111642,0.8781589071904445,3.70840783e-06,5.22897081e-07,0.522897081,6.75772225e-07,9.95690821,10554.3227026,0.8796016580242655,6.75772225e-07,7.26628642e-07,0.726628642
2024,3.70840783e-06,9.9405766,10537.011196,0.8781589098406698,3.70840783e-06,5.22897082e-07,0.522897082,6.75772225e-07,9.95690817,10554.3226602,0.8796016544906317,6.75772225e-07,7.26628642e-07,0.726628642
2025,3.70840783e-06,9.94057661,10537.0112066,0.8781589107240783,3.70840783e-06,5.22897082e-07,0.522897082,6.75772225e-07,9.95690816,10554.322649599999,0.8796016536072232,6.75772225e-07,7.26628642e-07,0.726628642
2026,3.70840783e-06,9.94057662,10537.011217199999,0.8781589116074866,3.70840783e-06,5.22897082e-07,0.522897082,6.75772225e-07,9.95690816,10554.322649599999,0.8796016536072232,6.75772225e-07,7.26628643e-07,0.726628643
2027,3.70840783e-06,9.94057663,10537.011227800002,0.8781589124908952,3.70840783e-06,5.22897081e-07,0.522897081,6.75772225e-07,9.95690816,10554.322649599999,0.8796016536072232,6.75772225e-07,7.26628643e-07,0.726628643
2028,3.70840783e-06,9.94057665,10537.011249000001,0.878158914257712,3.70840783e-06,5.2289708e-07,0.52289708,6.75772225e-07,9.95690817,10554.3226602,0.8796016544906317,6.75772225e-07,7.26628643e-07,0.726628643
2029,3.70840783e-06,9.94057666,10537.0112596,0.8781589151411203,3.70840783e-06,5.22897079e-07,0.522897079,6.75772225e-07,9.95690817,10554.3226602,0.8796016544906317,6.75772225e-07,7.26628644e-07,0.726628644
2030,3.70840783e-06,9.94057664,10537.0112384,0.8781589133743035,3.70840783e-06,5.22897077e-07,0.522897077,6.75772225e-07,9.95690818,10554.322670799998,0.87960165537404,6.75772225e-07,7.26628644e-07,0.726628644
2031,3.70840783e-06,9.94057665,10537.011249000001,0.878158914257712,3.70840783e-06,5.22897076e-07,0.522897076,6.75772225e-07,9.95690818,10554.322670799998,0.87960165537404,6.75772225e-07,7.26628644e-07,0.726628644
2032,3.70840783e-06,9.94057663,10537.011227800002,0.8781589124908952,3.70840783e-06,5.22897075e-07,0.5228970749999999,6.75772225e-07,9.95690816,10554.322649599999,0.8796016536072232,6.75772225e-07,7.26628644e-07,0.726628644
2033,3.70840783e-06,9.94057663,10537.011227800002,0.8781589124908952,3.70840783e-06,5.22897074e-07,0.522897074,6.75772225e-07,9.95690816,10554.322649599999,0.8796016536072232,6.75772225e-07,7.26628645e-07,0.726628645
2034,3.70840783e-06,9.94057664,10537.0112384,0.8781589133743035,3.70840783e-06,5.22897073e-07,0.522897073,6.75772225e-07,9.95690815,10554.322639,0.8796016527238149,6.75772225e-07,7.26628645e-07,0.726628645
2035,3.70840783e-06,9.94057663,10537.011227800002,0.8781589124908952,3.70840783e-06,5.22897072e-07,0.522897072,6.75772225e-07,9.95690815,10554.322639,0.8796016527238149,6.75772225e-07,7.26628645e-07,0.726628645
2036,3.70840783e-06,9.94057664,10537.0112384,0.8781589133743035,3.70840783e-06,5.22897071e-07,0.5228970709999999,6.75772225e-07,9.95690817,10554.3226602,0.8796016544906317,6.75772225e-07,7.26628645e-07,0.726628645
2037,3.70840783e-06,9.94057664,10537.0112384,0.8781589133743035,3.70840783e-06,5.2289707e-07,0.52289707,6.75772225e-07,9.95690817,10554.3226602,0.8796016544906317,6.75772225e-07,7.26628645e-07,0.726628645
2038,3.70840783e-06,9.94057663,10537.011227800002,0.8781589124908952,3.70840783e-06,5.22897069e-07,0.522897069,6.75772225e-07,9.95690817,10554.3226602,0.8796016544906317,6.75772225e-07,7.26628645e-07,0.726628645
2039,3.70840783e-06,9.94057663,10537.011227800002,0.8781589124908952,3.70840783e-06,5.22897069e-07,0.522897069,6.75772225e-07,9.95690818,10554.322670799998,0.87960165537404,6.75772225e-07,7.26628644e-07,0.726628644
2040,3.70840783e-06,9.94057663,10537.011227800002,0.8781589124908952,3.70840783e-06,5.22897068e-07,0.5228970679999999,6.75772225e-07,9.95690818,10554.322670799998,0.87960165537404,6.75772225e-07,7.26628644e-07,0.726628644
2041,3.70840783e-06,9.94057663,10537.011227800002,0.8781589124908952,3.70840783e-06,5.22897068e-07,0.5228970679999999,6.75772225e-07,9.95690818,10554.322670799998,0.87960165537404,6.75772225e-07,7.26628644e-07,0.726628644
2042,3.70840783e-06,9.94057665,10537.011249000001,0.878158914257712,3.70840783e-06,5.22897068e-07,0.5228970679999999,6.75772225e-07,9.95690821,10554.3227026,0.8796016580242655,6.75772225e-07,7.26628644e-07,0.726628644
2043,3.70840783e-06,9.94057665,10537.011249000001,0.878158914257712,3.70840783e-06,5.22897071e-07,0.5228970709999999,6.75772225e-07,9.95690821,10554.3227026,0.8796016580242655,6.75772225e-07,7.26628645e-07,0.726628645
2044,3.70840783e-06,9.94057665,10537.011249000001,0.878158914257712,3.70840783e-06,5.22897074e-07,0.522897074,6.75772225e-07,9.95690821,10554.3227026,0.8796016580242655,6.75772225e-07,7.26628645e-07,0.726628645
2045,3.70840783e-06,9.94057665,10537.011249000001,0.878158914257712,3.70840783e-06,5.22897077e-07,0.522897077,6.75772225e-07,9.95690819,10554.3226814,0.8796016562574487,6.75772225e-07,7.26628645e-07,0.726628645
2046,3.70840783e-06,9.94057664,10537.0112384,0.8781589133743035,3.70840783e-06,5.22897079e-07,0.522897079,6.75772225e-07,9.95690818,10554.322670799998,0.87960165537404,6.75772225e-07,7.26628645e-07,0.726628645
2047,3.70840783e-06,9.94057664,10537.0112384,0.8781589133743035,3.70840783e-06,5.22897081e-07,0.522897081,6.75772225e-07,9.95690817,10554.3226602,0.8796016544906317,6.75772225e-07,7.26628645e-07,0.726628645
2048,3.70840783e-06,9.94057663,10537.011227800002,0.8781589124908952,3.70840783e-06,5.22897083e-07,0.522897083,6.75772225e-07,9.95690817,10554.3226602,0.8796016544906317,6.75772225e-07,7.26628645e-07,0.726628645
2049,3.70840783e-06,9.94057667,10537.0112702,0.8781589160245288,3.70840783e-06,5.22897085e-07,0.522897085,6.75772225e-07,9.95690815,10554.322639,0.8796016527238149,6.75772225e-07,7.26628646e-07,0.726628646
2050,3.70840783e-06,9.94057667,10537.0112702,0.8781589160245288,3.70840783e-06,5.22897086e-07,0.5228970860000001,6.75772225e-07,9.95690813,10554.3226178,0.879601650956998,6.75772225e-07,7.26628646e-07,0.726628646
2051,3.70840783e-06,9.94057666,10537.0112596,0.8781589151411203,3.70840783e-06,5.22897087e-07,0.522897087,6.75772225e-07,9.95690812,10554.3226072,0.8796016500735896,6.75772225e-07,7.26628646e-07,0.726628646
2052,3.70840783e-06,9.94057666,10537.0112596,0.8781589151411203,3.70840783e-06,5.22897088e-07,0.522897088,6.75772225e-07,9.95690811,10554.3225966,0.8796016491901812,6.75772225e-07,7.26628647e-07,0.726628647
2053,3.70840783e-06,9.94057667,10537.0112702,0.8781589160245288,3.70840783e-06,5.22897089e-07,0.522897089,6.75772225e-07,9.95690811,10554.3225966,0.8796016491901812,6.75772225e-07,7.26628647e-07,0.726628647
2054,3.70840783e-06,9.94057667,10537.0112702,0.8781589160245288,3.70840783e-06,5.22897089e-07,0.522897089,6.75772225e-07,9.95690812,10554.3226072,0.8796016500735896,6.75772225e-07,7.26628647e-07,0.726628647
2055,3.70840783e-06,9.94057667,10537.0112702,0.8781589160245288,3.70840783e-06,5.22897089e-07,0.522897089,6.75772225e-07,9.95690812,10554.3226072,0.8796016500735896,6.75772225e-07,7.26628648e-07,0.726628648
2056,3.70840783e-06,9.94057669,10537.0112914,0.8781589177913457,3.70840783e-06,5.22897089e-07,0.522897089,6.75772225e-07,9.95690812,10554.3226072,0.8796016500735896,6.75772225e-07,7.26628648e-07,0.726628648
2057,3.70840783e-06,9.94057669,10537.0112914,0.8781589177913457,3.70840783e-06,5.22897089e-07,0.522897089,6.75772225e-07,9.95690813,10554.3226178,0.879601650956998,6.75772225e-07,7.26628648e-07,0.726628648
2058,3.70840783e-06,9.94057669,10537.0112914,0.8781589177913457,3.70840783e-06,5.2289709e-07,0.5228970900000001,6.75772225e-07,9.95690813,10554.3226178,0.879601650956998,6.75772225e-07,7.26628649e-07,0.726628649
2059,3.70840783e-06,9.9405767,10537.011301999999,0.8781589186747539,3.70840783e-06,5.2289709e-07,0.5228970900000001,6.75772225e-07,9.95690815,10554.322639,0.8796016527238149,6.75772225e-07,7.26628649e-07,0.726628649
2060,3.70840783e-06,9.9405767,10537.011301999999,0.8781589186747539,3.70840783e-06,5.22897089e-07,0.522897089,6.75772225e-07,9.95690816,10554.322649599999,0.8796016536072232,6.75772225e-07,7.26628649e-07,0.726628649
2061,3.70840783e-06,9.94057671,10537.0113126,0.8781589195581625,3.70840783e-06,5.22897089e-07,0.522897089,6.75772225e-07,9.95690816,10554.322649599999,0.8796016536072232,6.75772225e-07,7.26628649e-07,0.726628649
2062,3.70840783e-06,9.94057671,10537.0113126,0.8781589195581625,3.70840783e-06,5.22897087e-07,0.522897087,6.75772225e-07,9.95690816,10554.322649599999,0.8796016536072232,6.75772225e-07,7.2662865e-07,0.72662865
2063,3.70840783e-06,9.94057671,10537.0113126,0.8781589195581625,3.70840783e-06,5.22897086e-07,0.5228970860000001,6.75772225e-07,9.95690816,10554.322649599999,0.8796016536072232,6.75772225e-07,7.2662865e-07,0.72662865
2064,3.70840783e-06,9.94057672,10537.011323199999,0.8781589204415707,3.70840783e-06,5.22897084e-07,0.522897084,6.75772225e-07,9.95690816,10554.322649599999,0.8796016536072232,6.75772225e-07,7.2662865e-07,0.72662865
2065,3.70840783e-06,9.94057673,10537.0113338,0.8781589213249793,3.70840783e-06,5.22897082e-07,0.522897082,6.75772225e-07,9.95690816,10554.322649599999,0.8796016536072232,6.75772225e-07,7.2662865e-07,0.72662865
2066,3.70840783e-06,9.94057673,10537.0113338,0.8781589213249793,3.70840783e-06,5.2289708e-07,0.52289708,6.75772225e-07,9.95690816,10554.322649599999,0.8796016536072232,6.75772225e-07,7.2662865e-07,0.72662865
2067,3.70840783e-06,9.94057674,10537.0113444,0.8781589222083878,3.70840783e-06,5.22897079e-07,0.522897079,6.75772225e-07,9.95690816,10554.322649599999,0.8796016536072232,6.75772225e-07,7.26628651e-07,0.7266286510000001
2068,3.70840783e-06,9.94057674,10537.0113444,0.8781589222083878,3.70840783e-06,5.22897077e-07,0.522897077,6.75772225e-07,9.95690816,10554.322649599999,0.8796016536072232,6.75772225e-07,7.26628651e-07,0.7266286510000001
2069,3.70840783e-06,9.94057675,10537.011355,0.8781589230917962,3.70840783e-06,5.22897076e-07,0.522897076,6.75772225e-07,9.95690816,10554.322649599999,0.8796016536072232,6.75772225e-07,7.26628651e-07,0.7266286510000001
2070,3.70840783e-06,9.94057676,10537.011365600001,0.8781589239752047,3.70840783e-06,5.22897075e-07,0.5228970749999999,6.75772225e-07,9.95690816,10554.322649599999,0.8796016536072232,6.75772225e-07,7.26628651e-07,0.7266286510000001
2071,3.70840783e-06,9.94057677,10537.0113762,0.878158924858613,3.70840783e-06,5.22897075e-07,0.5228970749999999,6.75772225e-07,9.95690817,10554.3226602,0.8796016544906317,6.75772225e-07,7.26628651e-07,0.7266286510000001
2072,3.70840783e-06,9.94057678,10537.0113868,0.8781589257420215,3.70840783e-06,5.22897075e-07,0.5228970749999999,6.75772225e-07,9.95690817,10554.3226602,0.8796016544906317,6.75772225e-07,7.26628651e-07,0.7266286510000001
2073,3.70840783e-06,9.94057679,10537.0113974,0.8781589266254298,3.70840783e-06,5.22897076e-07,0.522897076,6.75772225e-07,9.95690817,10554.3226602,0.8796016544906317,6.75772225e-07,7.26628651e-07,0.7266286510000001
2074,3.70840783e-06,9.9405768,10537.011408,0.8781589275088383,3.70840783e-06,5.22897078e-07,0.522897078,6.75772225e-07,9.95690817,10554.3226602,0.8796016544906317,6.75772225e-07,7.26628651e-07,0.7266286510000001
2075,3.70840783e-06,9.94057681,10537.0114186,0.8781589283922466,3.70840783e-06,5.22897079e-07,0.522897079,6.75772225e-07,9.95690817,10554.3226602,0.8796016544906317,6.75772225e-07,7.26628651e-07,0.7266286510000001
2076,3.70840783e-06,9.94057682,10537.0114292,0.8781589292756551,3.70840783e-06,5.22897081e-07,0.522897081,6.75772225e-07,9.95690817,10554.3226602,0.8796016544906317,6.75772225e-07,7.26628651e-07,0.7266286510000001
2077,3.70840783e-06,9.94057683,10537.011439799999,0.8781589301590634,3.70840783e-06,5.22897083e-07,0.522897083,6.75772225e-07,9.95690817,10554.3226602,0.8796016544906317,6.75772225e-07,7.26628651e-07,0.7266286510000001
2078,3.70840783e-06,9.94057684,10537.011450400001,0.8781589310424721,3.70840783e-06,5.22897085e-07,0.522897085,6.75772225e-07,9.95690817,10554.3226602,0.8796016544906317,6.75772225e-07,7.26628651e-07,0.7266286510000001
2079,3.70840783e-06,9.94057685,10537.011461,0.8781589319258803,3.70840783e-06,5.22897087e-07,0.522897087,6.75772225e-07,9.95690817,10554.3226602,0.8796016544906317,6.75772225e-07,7.26628651e-07,0.7266286510000001
2080,3.70840783e-06,9.94057686,10537.0114716,0.8781589328092889,3.70840783e-06,5.22897088e-07,0.522897088,6.75772225e-07,9.95690817,10554.3226602,0.8796016544906317,6.75772225e-07,7.26628651e-07,0.7266286510000001
2081,3.70840783e-06,9.94057687,10537.0114822,0.8781589336926973,3.70840783e-06,5.22897089e-07,0.522897089,6.75772225e-07,9.95690817,10554.3226602,0.8796016544906317,6.75772225e-07,7.26628651e-07,0.7266286510000001
2082,3.70840783e-06,9.94057689,10537.011503400001,0.8781589354595142,3.70840783e-06,5.2289709e-07,0.5228970900000001,6.75772225e-07,9.95690818,10554.322670799998,0.87960165537404,6.75772225e-07,7.26628651e-07,0.7266286510000001
2083,3.70840783e-06,9.9405769,10537.011514,0.8781589363429225,3.70840783e-06,5.22897091e-07,0.522897091,6.75772225e-07,9.95690818,10554.322670799998,0.87960165537404,6.75772225e-07,7.26628651e-07,0.7266286510000001
2084,3.70840783e-06,9.94057691,10537.0115246,0.878158937226331,3.70840783e-06,5.22897091e-07,0.522897091,6.75772225e-07,9.95690818,10554.322670799998,0.87960165537404,6.75772225e-07,7.26628651e-07,0.7266286510000001
2085,3.70840783e-06,9.94057692,10537.0115352,0.8781589381097393,3.70840783e-06,5.22897092e-07,0.522897092,6.75772225e-07,9.95690819,10554.3226814,0.8796016562574487,6.75772225e-07,7.26628651e-07,0.7266286510000001
2086,3.70840783e-06,9.94057693,10537.0115458,0.8781589389931478,3.70840783e-06,5.22897092e-07,0.522897092,6.75772225e-07,9.95690819,10554.3226814,0.8796016562574487,6.75772225e-07,7.26628651e-07,0.7266286510000001
2087,3.70840783e-06,9.94057694,10537.011556399999,0.8781589398765561,3.70840783e-06,5.22897092e-07,0.522897092,6.75772225e-07,9.95690819,10554.3226814,0.8796016562574487,6.75772225e-07,7.2662865e-07,0.72662865
2088,3.70840783e-06,9.94057695,10537.011567000001,0.8781589407599647,3.70840783e-06,5.22897093e-07,0.5228970930000001,6.75772225e-07,9.9569082,10554.322692000002,0.8796016571408571,6.75772225e-07,7.2662865e-07,0.72662865
2089,3.70840783e-06,9.94057696,10537.0115776,0.878158941643373,3.70840783e-06,5.22897093e-07,0.5228970930000001,6.75772225e-07,9.9569082,10554.322692000002,0.8796016571408571,6.75772225e-07,7.2662865e-07,0.72662865
2090,3.70840783e-06,9.94057696,10537.0115776,0.878158941643373,3.70840783e-06,5.22897094e-07,0.5228970940000001,6.75772225e-07,9.95690821,10554.3227026,0.8796016580242655,6.75772225e-07,7.2662865e-07,0.72662865
2091,3.70840783e-06,9.94057697,10537.011588200001,0.8781589425267815,3.70840783e-06,5.22897095e-07,0.5228970949999999,6.75772225e-07,9.95690821,10554.3227026,0.8796016580242655,6.75772225e-07,7.2662865e-07,0.72662865
2092,3.70840783e-06,9.94057698,10537.0115988,0.8781589434101899,3.70840783e-06,5.22897096e-07,0.522897096,6.75772225e-07,9.95690821,10554.3227026,0.8796016580242655,6.75772225e-07,7.2662865e-07,0.72662865
2093,3.70840783e-06,9.94057698,10537.0115988,0.8781589434101899,3.70840783e-06,5.22897097e-07,0.522897097,6.75772225e-07,9.95690822,10554.322713200001,0.8796016589076739,6.75772225e-07,7.2662865e-07,0.72662865
2094,3.70840783e-06,9.94057699,10537.0116094,0.8781589442935983,3.70840783e-06,5.22897098e-07,0.522897098,6.75772225e-07,9.95690822,10554.322713200001,0.8796016589076739,6.75772225e-07,7.2662865e-07,0.72662865
2095,3.70840783e-06,9.94057699,10537.0116094,0.8781589442935983,3.70840783e-06,5.22897099e-07,0.5228970989999999,6.75772225e-07,9.95690822,10554.322713200001,0.8796016589076739,6.75772225e-07,7.26628649e-07,0.726628649
2096,3.70840783e-06,9.94057699,10537.0116094,0.8781589442935983,3.70840783e-06,5.228971e-07,0.5228971,6.75772225e-07,9.95690823,10554.3227238,0.8796016597910823,6.75772225e-07,7.26628649e-07,0.726628649
2097,3.70840783e-06,9.940577,10537.01162,0.8781589451770067,3.70840783e-06,5.22897102e-07,0.522897102,6.75772225e-07,9.95690823,10554.3227238,0.8796016597910823,6.75772225e-07,7.26628649e-07,0.726628649
2098,3.70840783e-06,9.940577,10537.01162,0.8781589451770067,3.70840783e-06,5.22897103e-07,0.522897103,6.75772225e-07,9.95690823,10554.3227238,0.8796016597910823,6.75772225e-07,7.26628649e-07,0.726628649
2099,3.70840783e-06,9.940577,10537.01162,0.8781589451770067,3.70840783e-06,5.22897103e-07,0.522897103,6.75772225e-07,9.95690823,10554.3227238,0.8796016597910823,6.75772225e-07,7.26628649e-07,0.726628649
2100,3.70840783e-06,9.940577,10537.01162,0.8781589451770067,3.70840783e-06,5.22897104e-07,0.522897104,6.75772225e-07,9.95690823,10554.3227238,0.8796016597910823,6.75772225e-07,7.26628649e-07,0.726628649
2101,3.70840783e-06,9.940577,10537.01162,0.8781589451770067,3.70840783e-06,5.22897105e-07,0.522897105,6.75772225e-07,9.95690823,10554.3227238,0.8796016597910823,6.75772225e-07,7.26628649e-07,0.726628649
2102,3.70840783e-06,9.94057699,10537.0116094,0.8781589442935983,3.70840783e-06,5.22897105e-07,0.522897105,6.75772225e-07,9.95690823,10554.3227238,0.8796016597910823,6.75772225e-07,7.26628649e-07,0.726628649
2103,3.70840783e-06,9.94057699,10537.0116094,0.8781589442935983,3.70840783e-06,5.22897105e-07,0.522897105,6.75772225e-07,9.95690823,10554.3227238,0.8796016597910823,6.75772225e-07,7.26628649e-07,0.726628649
2104,3.70840783e-06,9.94057698,10537.0115988,0.8781589434101899,3.70840783e-06,5.22897106e-07,0.522897106,6.75772225e-07,9.95690823,10554.3227238,0.8796016597910823,6.75772225e-07,7.26628649e-07,0.726628649
2105,3.70840783e-06,9.94057698,10537.0115988,0.8781589434101899,3.70840783e-06,5.22897106e-07,0.522897106,6.75772225e-07,9.95690822,10554.322713200001,0.8796016589076739,6.75772225e-07,7.26628649e-07,0.726628649
2106,3.70840783e-06,9.94057697,10537.011588200001,0.8781589425267815,3.70840783e-06,5.22897106e-07,0.522897106,6.75772225e-07,9.95690822,10554.322713200001,0.8796016589076739,6.75772225e-07,7.26628649e-07,0.726628649
2107,3.70840783e-06,9.94057696,10537.0115776,0.878158941643373,3.70840783e-06,5.22897106e-07,0.522897106,6.75772225e-07,9.95690821,10554.3227026,0.8796016580242655,6.75772225e-07,7.26628649e-07,0.726628649
2108,3.70840783e-06,9.94057696,10537.0115776,0.878158941643373,3.70840783e-06,5.22897106e-07,0.522897106,6.75772225e-07,9.95690821,10554.3227026,0.8796016580242655,6.75772225e-07,7.26628649e-07,0.726628649
2109,3.70840783e-06,9.94057695,10537.011567000001,0.8781589407599647,3.70840783e-06,5.22897106e-07,0.522897106,6.75772225e-07,9.9569082,10554.322692000002,0.8796016571408571,6.75772225e-07,7.26628649e-07,0.726628649
2110,3.70840783e-06,9.94057694,10537.011556399999,0.8781589398765561,3.70840783e-06,5.22897106e-07,0.522897106,6.75772225e-07,9.95690819,10554.3226814,0.8796016562574487,6.75772225e-07,7.26628649e-07,0.726628649
2111,3.70840783e-06,9.94057693,10537.0115458,0.8781589389931478,3.70840783e-06,5.22897106e-07,0.522897106,6.75772225e-07,9.95690819,10554.3226814,0.8796016562574487,6.75772225e-07,7.26628649e-07,0.726628649
2112,3.70840783e-06,9.94057693,10537.0115458,0.8781589389931478,3.70840783e-06,5.22897106e-07,0.522897106,6.75772225e-07,9.95690818,10554.322670799998,0.87960165537404,6.75772225e-07,7.26628649e-07,0.726628649
2113,3.70840783e-06,9.94057692,10537.0115352,0.8781589381097393,3.70840783e-06,5.22897106e-07,0.522897106,6.75772225e-07,9.95690817,10554.3226602,0.8796016544906317,6.75772225e-07,7.26628649e-07,0.726628649
2114,3.70840783e-06,9.94057691,10537.0115246,0.878158937226331,3.70840783e-06,5.22897106e-07,0.522897106,6.75772225e-07,9.95690817,10554.3226602,0.8796016544906317,6.75772225e-07,7.26628649e-07,0.726628649
2115,3.70840783e-06,9.9405769,10537.011514,0.8781589363429225,3.70840783e-06,5.22897107e-07,0.522897107,6.75772225e-07,9.95690816,10554.322649599999,0.8796016536072232,6.75772225e-07,7.26628649e-07,0.726628649
2116,3.70840783e-06,9.9405769,10537.011514,0.8781589363429225,3.70840783e-06,5.22897107e-07,0.522897107,6.75772225e-07,9.95690815,10554.322639,0.8796016527238149,6.75772225e-07,7.26628649e-07,0.726628649
2117,3.70840783e-06,9.94057689,10537.011503400001,0.8781589354595142,3.70840783e-06,5.22897108e-07,0.522897108,6.75772225e-07,9.95690814,10554.3226284,0.8796016518404064,6.75772225e-07,7.26628649e-07,0.726628649
2118,3.70840783e-06,9.94057688,10537.0114928,0.8781589345761057,3.70840783e-06,5.22897109e-07,0.522897109,6.75772225e-07,9.95690813,10554.3226178,0.879601650956998,6.75772225e-07,7.2662865e-07,0.72662865
2119,3.70840783e-06,9.94057688,10537.0114928,0.8781589345761057,3.70840783e-06,5.2289711e-07,0.52289711,6.75772225e-07,9.95690813,10554.3226178,0.879601650956998,6.75772225e-07,7.2662865e-07,0.72662865
2120,3.70840783e-06,9.94057687,10537.0114822,0.8781589336926973,3.70840783e-06,5.2289711e-07,0.52289711,6.75772225e-07,9.95690812,10554.3226072,0.8796016500735896,6.75772225e-07,7.2662865e-07,0.72662865
2121,3.70840783e-06,9.94057686,10537.0114716,0.8781589328092889,3.70840783e-06,5.22897111e-07,0.522897111,6.75772225e-07,9.95690811,10554.3225966,0.8796016491901812,6.75772225e-07,7.2662865e-07,0.72662865
2122,3.70840783e-06,9.94057685,10537.011461,0.8781589319258803,3.70840783e-06,5.22897112e-07,0.522897112,6.75772225e-07,9.9569081,10554.322586,0.8796016483067728,6.75772225e-07,7.26628651e-07,0.7266286510000001
2123,3.70840783e-06,9.94057685,10537.011461,0.8781589319258803,3.70840783e-06,5.22897113e-07,0.522897113,6.75772225e-07,9.95690809,10554.322575400001,0.8796016474233644,6.75772225e-07,7.26628651e-07,0.7266286510000001
2124,3.70840783e-06,9.94057684,10537.011450400001,0.8781589310424721,3.70840783e-06,5.22897114e-07,0.522897114,6.75772225e-07,9.95690808,10554.3225648,0.879601646539956,6.75772225e-07,7.26628651e-07,0.7266286510000001
2125,3.70840783e-06,9.94057683,10537.011439799999,0.8781589301590634,3.70840783e-06,5.22897114e-07,0.522897114,6.75772225e-07,9.95690808,10554.3225648,0.879601646539956,6.75772225e-07,7.26628652e-07,0.726628652
2126,3.70840783e-06,9.94057683,10537.011439799999,0.8781589301590634,3.70840783e-06,5.22897114e-07,0.522897114,6.75772225e-07,9.95690807,10554.3225542,0.8796016456565475,6.75772225e-07,7.26628652e-07,0.726628652
2127,3.70840783e-06,9.94057682,10537.0114292,0.8781589292756551,3.70840783e-06,5.22897115e-07,0.522897115,6.75772225e-07,9.95690806,10554.3225436,0.8796016447731391,6.75772225e-07,7.26628652e-07,0.726628652
2128,3.70840783e-06,9.94057681,10537.0114186,0.8781589283922466,3.70840783e-06,5.22897115e-07,0.522897115,6.75772225e-07,9.95690805,10554.322532999999,0.8796016438897305,6.75772225e-07,7.26628653e-07,0.726628653
2129,3.70840783e-06,9.9405768,10537.011408,0.8781589275088383,3.70840783e-06,5.22897115e-07,0.522897115,6.75772225e-07,9.95690804,10554.3225224,0.8796016430063223,6.75772225e-07,7.26628653e-07,0.726628653
2130,3.70840783e-06,9.94057679,10537.0113974,0.8781589266254298,3.70840783e-06,5.22897114e-07,0.522897114,6.75772225e-07,9.95690803,10554.3225118,0.8796016421229137,6.75772225e-07,7.26628654e-07,0.726628654
2131,3.70840783e-06,9.94057678,10537.0113868,0.8781589257420215,3.70840783e-06,5.22897113e-07,0.522897113,6.75772225e-07,9.95690803,10554.3225118,0.8796016421229137,6.75772225e-07,7.26628654e-07,0.726628654
2132,3.70840783e-06,9.94057678,10537.0113868,0.8781589257420215,3.70840783e-06,5.22897113e-07,0.522897113,6.75772225e-07,9.95690802,10554.3225012,0.8796016412395055,6.75772225e-07,7.26628655e-07,0.7266286550000001
2133,3.70840783e-06,9.94057677,10537.0113762,0.878158924858613,3.70840783e-06,5.22897111e-07,0.522897111,6.75772225e-07,9.95690802,10554.3225012,0.8796016412395055,6.75772225e-07,7.26628655e-07,0.7266286550000001
2134,3.70840783e-06,9.94057677,10537.0113762,0.878158924858613,3.70840783e-06,5.2289711e-07,0.52289711,6.75772225e-07,9.95690801,10554.3224906,0.8796016403560969,6.75772225e-07,7.26628656e-07,0.726628656
2135,3.70840783e-06,9.94057676,10537.011365600001,0.8781589239752047,3.70840783e-06,5.22897108e-07,0.522897108,6.75772225e-07,9.95690801,10554.3224906,0.8796016403560969,6.75772225e-07,7.26628656e-07,0.726628656
2136,3.70840783e-06,9.94057676,10537.011365600001,0.8781589239752047,3.70840783e-06,5.22897106e-07,0.522897106,6.75772225e-07,9.95690801,10554.3224906,0.8796016403560969,6.75772225e-07,7.26628657e-07,0.726628657
2137,3.70840783e-06,9.94057676,10537.011365600001,0.8781589239752047,3.70840783e-06,5.22897104e-07,0.522897104,6.75772225e-07,9.95690801,10554.3224906,0.8796016403560969,6.75772225e-07,7.26628658e-07,0.7266286580000001
2138,3.70840783e-06,9.94057676,10537.011365600001,0.8781589239752047,3.70840783e-06,5.22897102e-07,0.522897102,6.75772225e-07,9.95690801,10554.3224906,0.8796016403560969,6.75772225e-07,7.26628658e-07,0.7266286580000001
2139,3.70840783e-06,9.94057676,10537.011365600001,0.8781589239752047,3.70840783e-06,5.228971e-07,0.5228971,6.75772225e-07,9.95690801,10554.3224906,0.8796016403560969,6.75772225e-07,7.26628659e-07,0.7266286590000001
2140,3.70840783e-06,9.94057676,10537.011365600001,0.8781589239752047,3.70840783e-06,5.22897097e-07,0.522897097,6.75772225e-07,9.95690801,10554.3224906,0.8796016403560969,6.75772225e-07,7.2662866e-07,0.72662866
2141,3.70840783e-06,9.94057676,10537.011365600001,0.8781589239752047,3.70840783e-06,5.22897095e-07,0.5228970949999999,6.75772225e-07,9.95690802,10554.3225012,0.8796016412395055,6.75772225e-07,7.2662866e-07,0.72662866
2142,3.70840783e-06,9.94057677,10537.0113762,0.878158924858613,3.70840783e-06,5.22897093e-07,0.5228970930000001,6.75772225e-07,9.95690802,10554.3225012,0.8796016412395055,6.75772225e-07,7.26628661e-07,0.7266286609999999
2143,3.70840783e-06,9.94057677,10537.0113762,0.878158924858613,3.70840783e-06,5.22897091e-07,0.522897091,6.75772225e-07,9.95690802,10554.3225012,0.8796016412395055,6.75772225e-07,7.26628662e-07,0.726628662
2144,3.70840783e-06,9.94057677,10537.0113762,0.878158924858613,3.70840783e-06,5.22897089e-07,0.522897089,6.75772225e-07,9.95690802,10554.3225012,0.8796016412395055,6.75772225e-07,7.26628662e-07,0.726628662
2145,3.70840783e-06,9.94057678,10537.0113868,0.8781589257420215,3.70840783e-06,5.22897087e-07,0.522897087,6.75772225e-07,9.95690803,10554.3225118,0.8796016421229137,6.75772225e-07,7.26628663e-07,0.726628663
2146,3.70840783e-06,9.94057678,10537.0113868,0.8781589257420215,3.70840783e-06,5.22897085e-07,0.522897085,6.75772225e-07,9.95690803,10554.3225118,0.8796016421229137,6.75772225e-07,7.26628664e-07,0.7266286639999999
2147,3.70840783e-06,9.94057679,10537.0113974,0.8781589266254298,3.70840783e-06,5.22897084e-07,0.522897084,6.75772225e-07,9.95690804,10554.3225224,0.8796016430063223,6.75772225e-07,7.26628664e-07,0.7266286639999999
2148,3.70840783e-06,9.9405768,10537.011408,0.8781589275088383,3.70840783e-06,5.22897083e-07,0.522897083,6.75772225e-07,9.95690804,10554.3225224,0.8796016430063223,6.75772225e-07,7.26628665e-07,0.726628665
2149,3.70840783e-06,9.9405768,10537.011408,0.8781589275088383,3.70840783e-06,5.22897081e-07,0.522897081,6.75772225e-07,9.95690804,10554.3225224,0.8796016430063223,6.75772225e-07,7.26628666e-07,0.726628666
2150,3.70840783e-06,9.94057681,10537.0114186,0.8781589283922466,3.70840783e-06,5.2289708e-07,0.52289708,6.75772225e-07,9.95690805,10554.322532999999,0.8796016438897305,6.75772225e-07,7.26628666e-07,0.726628666
2151,3.70840783e-06,9.94057682,10537.0114292,0.8781589292756551,3.70840783e-06,5.2289708e-07,0.52289708,6.75772225e-07,9.95690805,10554.322532999999,0.8796016438897305,6.75772225e-07,7.26628667e-07,0.726628667
2152,3.70840783e-06,9.94057683,10537.011439799999,0.8781589301590634,3.70840783e-06,5.22897079e-07,0.522897079,6.75772225e-07,9.95690806,10554.3225436,0.8796016447731391,6.75772225e-07,7.26628668e-07,0.7266286679999999
2153,3.70840783e-06,9.94057684,10537.011450400001,0.8781589310424721,3.70840783e-06,5.22897078e-07,0.522897078,6.75772225e-07,9.95690806,10554.3225436,0.8796016447731391,6.75772225e-07,7.26628669e-07,0.726628669
2154,3.70840783e-06,9.94057685,10537.011461,0.8781589319258803,3.70840783e-06,5.22897078e-07,0.522897078,6.75772225e-07,9.95690807,10554.3225542,0.8796016456565475,6.75772225e-07,7.26628669e-07,0.726628669
2155,3.70840783e-06,9.94057687,10537.0114822,0.8781589336926973,3.70840783e-06,5.22897078e-07,0.522897078,6.75772225e-07,9.95690808,10554.3225648,0.879601646539956,6.75772225e-07,7.2662867e-07,0.72662867
2156,3.70840783e-06,9.94057688,10537.0114928,0.8781589345761057,3.70840783e-06,5.22897078e-07,0.522897078,6.75772225e-07,9.95690809,10554.322575400001,0.8796016474233644,6.75772225e-07,7.2662867e-07,0.72662867
2157,3.70840783e-06,9.9405769,10537.011514,0.8781589363429225,3.70840783e-06,5.22897078e-07,0.522897078,6.75772225e-07,9.95690809,10554.322575400001,0.8796016474233644,6.75772225e-07,7.26628671e-07,0.726628671
2158,3.70840783e-06,9.94057692,10537.0115352,0.8781589381097393,3.70840783e-06,5.22897078e-07,0.522897078,6.75772225e-07,9.9569081,10554.322586,0.8796016483067728,6.75772225e-07,7.26628671e-07,0.726628671
2159,3.70840783e-06,9.94057694,10537.011556399999,0.8781589398765561,3.70840783e-06,5.22897079e-07,0.522897079,6.75772225e-07,9.95690811,10554.3225966,0.8796016491901812,6.75772225e-07,7.26628672e-07,0.726628672
2160,3.70840783e-06,9.94057696,10537.0115776,0.878158941643373,3.70840783e-06,5.2289708e-07,0.52289708,6.75772225e-07,9.95690812,10554.3226072,0.8796016500735896,6.75772225e-07,7.26628672e-07,0.726628672
2161,3.70840783e-06,9.94057698,10537.0115988,0.8781589434101899,3.70840783e-06,5.22897081e-07,0.522897081,6.75772225e-07,9.95690813,10554.3226178,0.879601650956998,6.75772225e-07,7.26628672e-07,0.726628672
2162,3.70840783e-06,9.940577,10537.01162,0.8781589451770067,3.70840783e-06,5.22897083e-07,0.522897083,6.75772225e-07,9.95690814,10554.3226284,0.8796016518404064,6.75772225e-07,7.26628672e-07,0.726628672
2163,3.70840783e-06,9.94057703,10537.0116518,0.878158947827232,3.70840783e-06,5.22897085e-07,0.522897085,6.75772225e-07,9.95690815,10554.322639,0.8796016527238149,6.75772225e-07,7.26628672e-07,0.726628672
2164,3.70840783e-06,9.94057705,10537.011672999999,0.8781589495940488,3.70840783e-06,5.22897088e-07,0.522897088,6.75772225e-07,9.95690816,10554.322649599999,0.8796016536072232,6.75772225e-07,7.26628672e-07,0.726628672
2165,3.70840783e-06,9.94057708,10537.011704800001,0.8781589522442742,3.70840783e-06,5.2289709e-07,0.5228970900000001,6.75772225e-07,9.95690817,10554.3226602,0.8796016544906317,6.75772225e-07,7.26628672e-07,0.726628672
2166,3.70840783e-06,9.9405771,10537.011726,0.878158954011091,3.70840783e-06,5.22897094e-07,0.5228970940000001,6.75772225e-07,9.95690818,10554.322670799998,0.87960165537404,6.75772225e-07,7.26628672e-07,0.726628672
2167,3.70840783e-06,9.94057712,10537.0117472,0.8781589557779078,3.70840783e-06,5.22897097e-07,0.522897097,6.75772225e-07,9.95690818,10554.322670799998,0.87960165537404,6.75772225e-07,7.26628672e-07,0.726628672
2168,3.70840783e-06,9.94057713,10537.011757799999,0.8781589566613162,3.70840783e-06,5.22897101e-07,0.522897101,6.75772225e-07,9.95690818,10554.322670799998,0.87960165537404,6.75772225e-07,7.26628672e-07,0.726628672
2169,3.70840783e-06,9.94057715,10537.011778999999,0.878158958428133,3.70840783e-06,5.22897105e-07,0.522897105,6.75772225e-07,9.95690819,10554.3226814,0.8796016562574487,6.75772225e-07,7.26628672e-07,0.726628672
2170,3.70840783e-06,9.94057715,10537.011778999999,0.878158958428133,3.70840783e-06,5.22897108e-07,0.522897108,6.75772225e-07,9.95690819,10554.3226814,0.8796016562574487,6.75772225e-07,7.26628671e-07,0.726628671
2171,3.70840783e-06,9.94057716,10537.0117896,0.8781589593115414,3.70840783e-06,5.22897112e-07,0.522897112,6.75772225e-07,9.95690819,10554.3226814,0.8796016562574487,6.75772225e-07,7.26628671e-07,0.726628671
2172,3.70840783e-06,9.94057717,10537.0118002,0.8781589601949499,3.70840783e-06,5.22897115e-07,0.522897115,6.75772225e-07,9.95690819,10554.3226814,0.8796016562574487,6.75772225e-07,7.26628671e-07,0.726628671
2173,3.70840783e-06,9.94057698,10537.0115988,0.8781589434101899,3.70840783e-06,5.22897116e-07,0.522897116,6.75772225e-07,9.95690797,10554.322448199999,0.8796016368224632,6.75772225e-07,7.2662867e-07,0.72662867
2174,3.70840783e-06,9.94057699,10537.0116094,0.8781589442935983,3.70840783e-06,5.22897113e-07,0.522897113,6.75772225e-07,9.95690797,10554.322448199999,0.8796016368224632,6.75772225e-07,7.2662867e-07,0.72662867
2175,3.70840783e-06,9.940577,10537.01162,0.8781589451770067,3.70840783e-06,5.2289711e-07,0.52289711,6.75772225e-07,9.95690798,10554.322458800001,0.8796016377058717,6.75772225e-07,7.2662867e-07,0.72662867
2176,3.70840783e-06,9.940577,10537.01162,0.8781589451770067,3.70840783e-06,5.22897107e-07,0.522897107,6.75772225e-07,9.95690798,10554.322458800001,0.8796016377058717,6.75772225e-07,7.2662867e-07,0.72662867
2177,3.70840783e-06,9.940577,10537.01162,0.8781589451770067,3.70840783e-06,5.22897104e-07,0.522897104,6.75772225e-07,9.95690797,10554.322448199999,0.8796016368224632,6.75772225e-07,7.2662867e-07,0.72662867
2178,3.70840783e-06,9.94057703,10537.0116518,0.878158947827232,3.70840783e-06,5.22897101e-07,0.522897101,6.75772225e-07,9.95690808,10554.3225648,0.879601646539956,6.75772225e-07,7.2662867e-07,0.72662867
2179,3.70840783e-06,9.94057703,10537.0116518,0.878158947827232,3.70840783e-06,5.22897099e-07,0.5228970989999999,6.75772225e-07,9.95690808,10554.3225648,0.879601646539956,6.75772225e-07,7.2662867e-07,0.72662867
2180,3.70840783e-06,9.94057689,10537.011503400001,0.8781589354595142,3.70840783e-06,5.22897098e-07,0.522897098,6.75772225e-07,9.95690815,10554.322639,0.8796016527238149,6.75772225e-07,7.26628671e-07,0.726628671
2181,3.70840783e-06,9.94057689,10537.011503400001,0.8781589354595142,3.70840783e-06,5.22897098e-07,0.522897098,6.75772225e-07,9.95690815,10554.322639,0.8796016527238149,6.75772225e-07,7.26628672e-07,0.726628672
2182,3.70840783e-06,9.94057689,10537.011503400001,0.8781589354595142,3.70840783e-06,5.22897099e-07,0.5228970989999999,6.75772225e-07,9.95690815,10554.322639,0.8796016527238149,6.75772225e-07,7.26628673e-07,0.726628673
2183,3.70840783e-06,9.9405769,10537.011514,0.8781589363429225,3.70840783e-06,5.22897099e-07,0.5228970989999999,6.75772225e-07,9.95690807,10554.3225542,0.8796016456565475,6.75772225e-07,7.26628673e-07,0.726628673
2184,3.70840783e-06,9.9405769,10537.011514,0.8781589363429225,3.70840783e-06,5.22897101e-07,0.522897101,6.75772225e-07,9.95690807,10554.3225542,0.8796016456565475,6.75772225e-07,7.26628674e-07,0.726628674
2185,3.70840783e-06,9.94057705,10537.011672999999,0.8781589495940488,3.70840783e-06,5.22897103e-07,0.522897103,6.75772225e-07,9.956908,10554.32248,0.8796016394726887,6.75772225e-07,7.26628674e-07,0.726628674
2186,3.70840783e-06,9.94057705,10537.011672999999,0.8781589495940488,3.70840783e-06,5.22897106e-07,0.522897106,6.75772225e-07,9.95690799,10554.3224694,0.8796016385892801,6.75772225e-07,7.26628673e-07,0.726628673
2187,3.70840783e-06,9.94057706,10537.011683600002,0.8781589504774574,3.70840783e-06,5.22897108e-07,0.522897108,6.75772225e-07,9.95690799,10554.3224694,0.8796016385892801,6.75772225e-07,7.26628673e-07,0.726628673
2188,3.70840783e-06,9.94057718,10537.0118108,0.8781589610783584,3.70840783e-06,5.22897111e-07,0.522897111,6.75772225e-07,9.95690816,10554.322649599999,0.8796016536072232,6.75772225e-07,7.26628672e-07,0.726628672
2189,3.70840783e-06,9.94057718,10537.0118108,0.8781589610783584,3.70840783e-06,5.22897112e-07,0.522897112,6.75772225e-07,9.95690817,10554.3226602,0.8796016544906317,6.75772225e-07,7.26628672e-07,0.726628672
2190,3.70840783e-06,9.94057719,10537.011821400001,0.8781589619617669,3.70840783e-06,5.22897114e-07,0.522897114,6.75772225e-07,9.95690817,10554.3226602,0.8796016544906317,6.75772225e-07,7.26628672e-07,0.726628672
2191,3.70840783e-06,9.94057716,10537.0117896,0.8781589593115414,3.70840783e-06,5.22897115e-07,0.522897115,6.75772225e-07,9.95690819,10554.3226814,0.8796016562574487,6.75772225e-07,7.26628672e-07,0.726628672
2192,3.70840783e-06,9.94057716,10537.0117896,0.8781589593115414,3.70840783e-06,5.22897115e-07,0.522897115,6.75772225e-07,9.9569082,10554.322692000002,0.8796016571408571,6.75772225e-07,7.26628672e-07,0.726628672
2193,3.70840783e-06,9.94057716,10537.0117896,0.8781589593115414,3.70840783e-06,5.22897115e-07,0.522897115,6.75772225e-07,9.9569082,10554.322692000002,0.8796016571408571,6.75772225e-07,7.26628672e-07,0.726628672
2194,3.70840783e-06,9.94057712,10537.0117472,0.8781589557779078,3.70840783e-06,5.22897114e-07,0.522897114,6.75772225e-07,9.95690815,10554.322639,0.8796016527238149,6.75772225e-07,7.26628672e-07,0.726628672
2195,3.70840783e-06,9.94057712,10537.0117472,0.8781589557779078,3.70840783e-06,5.22897114e-07,0.522897114,6.75772225e-07,9.95690814,10554.3226284,0.8796016518404064,6.75772225e-07,7.26628672e-07,0.726628672
2196,3.70840783e-06,9.94057712,10537.0117472,0.8781589557779078,3.70840783e-06,5.22897113e-07,0.522897113,6.75772225e-07,9.95690813,10554.3226178,0.879601650956998,6.75772225e-07,7.26628672e-07,0.726628672
2197,3.70840783e-06,9.94057713,10537.011757799999,0.8781589566613162,3.70840783e-06,5.22897112e-07,0.522897112,6.75772225e-07,9.95690813,10554.3226178,0.879601650956998,6.75772225e-07,7.26628672e-07,0.726628672
2198,3.70840783e-06,9.94057707,10537.0116942,0.8781589513608657,3.70840783e-06,5.22897111e-07,0.522897111,6.75772225e-07,9.95690806,10554.3225436,0.8796016447731391,6.75772225e-07,7.26628671e-07,0.726628671
2199,3.70840783e-06,9.94057707,10537.0116942,0.8781589513608657,3.70840783e-06,5.22897111e-07,0.522897111,6.75772225e-07,9.95690805,10554.322532999999,0.8796016438897305,6.75772225e-07,7.26628671e-07,0.726628671
2200,3.70840783e-06,9.94057707,10537.0116942,0.8781589513608657,3.70840783e-06,5.22897111e-07,0.522897111,6.75772225e-07,9.95690806,10554.3225436,0.8796016447731391,6.75772225e-07,7.26628671e-07,0.726628671
2201,3.70840783e-06,9.94057708,10537.011704800001,0.8781589522442742,3.70840783e-06,5.2289711e-07,0.52289711,6.75772225e-07,9.95690806,10554.3225436,0.8796016447731391,6.75772225e-07,7.26628671e-07,0.726628671
2202,3.70840783e-06,9.94057708,10537.011704800001,0.8781589522442742,3.70840783e-06,5.22897109e-07,0.522897109,6.75772225e-07,9.95690807,10554.3225542,0.8796016456565475,6.75772225e-07,7.26628671e-07,0.726628671
2203,3.70840783e-06,9.94057709,10537.0117154,0.8781589531276826,3.70840783e-06,5.22897109e-07,0.522897109,6.75772225e-07,9.95690807,10554.3225542,0.8796016456565475,6.75772225e-07,7.26628671e-07,0.726628671
2204,3.70840783e-06,9.9405771,10537.011726,0.878158954011091,3.70840783e-06,5.22897108e-07,0.522897108,6.75772225e-07,9.95690808,10554.3225648,0.879601646539956,6.75772225e-07,7.26628671e-07,0.726628671
2205,3.70840783e-06,9.94057711,10537.0117366,0.8781589548944994,3.70840783e-06,5.22897107e-07,0.522897107,6.75772225e-07,9.95690809,10554.322575400001,0.8796016474233644,6.75772225e-07,7.26628671e-07,0.726628671
2206,3.70840783e-06,9.94057711,10537.0117366,0.8781589548944994,3.70840783e-06,5.22897106e-07,0.522897106,6.75772225e-07,9.95690809,10554.322575400001,0.8796016474233644,6.75772225e-07,7.26628671e-07,0.726628671
2207,3.70840783e-06,9.94057712,10537.0117472,0.8781589557779078,3.70840783e-06,5.22897105e-07,0.522897105,6.75772225e-07,9.9569081,10554.322586,0.8796016483067728,6.75772225e-07,7.26628671e-07,0.726628671
2208,3.70840783e-06,9.94057713,10537.011757799999,0.8781589566613162,3.70840783e-06,5.22897105e-07,0.522897105,6.75772225e-07,9.9569081,10554.322586,0.8796016483067728,6.75772225e-07,7.26628671e-07,0.726628671
2209,3.70840783e-06,9.94057714,10537.0117684,0.8781589575447246,3.70840783e-06,5.22897104e-07,0.522897104,6.75772225e-07,9.95690811,10554.3225966,0.8796016491901812,6.75772225e-07,7.26628671e-07,0.726628671
2210,3.70840783e-06,9.94057715,10537.011778999999,0.878158958428133,3.70840783e-06,5.22897103e-07,0.522897103,6.75772225e-07,9.95690812,10554.3226072,0.8796016500735896,6.75772225e-07,7.26628671e-07,0.726628671
2211,3.70840783e-06,9.94057716,10537.0117896,0.8781589593115414,3.70840783e-06,5.22897103e-07,0.522897103,6.75772225e-07,9.95690813,10554.3226178,0.879601650956998,6.75772225e-07,7.26628671e-07,0.726628671
2212,3.70840783e-06,9.94057717,10537.0118002,0.8781589601949499,3.70840783e-06,5.22897103e-07,0.522897103,6.75772225e-07,9.95690814,10554.3226284,0.8796016518404064,6.75772225e-07,7.26628671e-07,0.726628671
2213,3.70840783e-06,9.94057718,10537.0118108,0.8781589610783584,3.70840783e-06,5.22897102e-07,0.522897102,6.75772225e-07,9.95690815,10554.322639,0.8796016527238149,6.75772225e-07,7.26628671e-07,0.726628671
2214,3.70840783e-06,9.94057719,10537.011821400001,0.8781589619617669,3.70840783e-06,5.22897102e-07,0.522897102,6.75772225e-07,9.95690816,10554.322649599999,0.8796016536072232,6.75772225e-07,7.26628671e-07,0.726628671
2215,3.70840783e-06,9.9405772,10537.011832,0.8781589628451753,3.70840783e-06,5.22897102e-07,0.522897102,6.75772225e-07,9.95690816,10554.322649599999,0.8796016536072232,6.75772225e-07,7.26628671e-07,0.726628671
2216,3.70840783e-06,9.9405772,10537.011832,0.8781589628451753,3.70840783e-06,5.22897102e-07,0.522897102,6.75772225e-07,9.95690817,10554.3226602,0.8796016544906317,6.75772225e-07,7.26628671e-07,0.726628671
2217,3.70840783e-06,9.94057721,10537.0118426,0.8781589637285837,3.70840783e-06,5.22897102e-07,0.522897102,6.75772225e-07,9.95690817,10554.3226602,0.8796016544906317,6.75772225e-07,7.26628671e-07,0.726628671
2218,3.70840783e-06,9.94057722,10537.0118532,0.878158964611992,3.70840783e-06,5.22897102e-07,0.522897102,6.75772225e-07,9.95690818,10554.322670799998,0.87960165537404,6.75772225e-07,7.26628671e-07,0.726628671
2219,3.70840783e-06,9.94057723,10537.0118638,0.8781589654954005,3.70840783e-06,5.22897102e-07,0.522897102,6.75772225e-07,9.95690819,10554.3226814,0.8796016562574487,6.75772225e-07,7.2662867e-07,0.72662867
2220,3.70840783e-06,9.94057723,10537.0118638,0.8781589654954005,3.70840783e-06,5.22897102e-07,0.522897102,6.75772225e-07,9.95690819,10554.3226814,0.8796016562574487,6.75772225e-07,7.2662867e-07,0.72662867
2221,3.70840783e-06,9.94057724,10537.0118744,0.8781589663788089,3.70840783e-06,5.22897102e-07,0.522897102,6.75772225e-07,9.9569082,10554.322692000002,0.8796016571408571,6.75772225e-07,7.2662867e-07,0.72662867
2222,3.70840783e-06,9.94057725,10537.011885,0.8781589672622173,3.70840783e-06,5.22897102e-07,0.522897102,6.75772225e-07,9.9569082,10554.322692000002,0.8796016571408571,6.75772225e-07,7.2662867e-07,0.72662867
2223,3.70840783e-06,9.94057726,10537.011895599999,0.8781589681456257,3.70840783e-06,5.22897102e-07,0.522897102,6.75772225e-07,9.95690821,10554.3227026,0.8796016580242655,6.75772225e-07,7.2662867e-07,0.72662867
2224,3.70840783e-06,9.94057727,10537.011906200001,0.8781589690290342,3.70840783e-06,5.22897103e-07,0.522897103,6.75772225e-07,9.95690821,10554.3227026,0.8796016580242655,6.75772225e-07,7.2662867e-07,0.72662867
2225,3.70840783e-06,9.94057728,10537.0119168,0.8781589699124426,3.70840783e-06,5.22897103e-07,0.522897103,6.75772225e-07,9.95690821,10554.3227026,0.8796016580242655,6.75772225e-07,7.2662867e-07,0.72662867
2226,3.70840783e-06,9.94057729,10537.0119274,0.878158970795851,3.70840783e-06,5.22897104e-07,0.522897104,6.75772225e-07,9.95690821,10554.3227026,0.8796016580242655,6.75772225e-07,7.26628669e-07,0.726628669
2227,3.70840783e-06,9.94057729,10537.0119274,0.878158970795851,3.70840783e-06,5.22897104e-07,0.522897104,6.75772225e-07,9.95690821,10554.3227026,0.8796016580242655,6.75772225e-07,7.26628669e-07,0.726628669
2228,3.70840783e-06,9.9405773,10537.011938,0.8781589716792594,3.70840783e-06,5.22897105e-07,0.522897105,6.75772225e-07,9.95690822,10554.322713200001,0.8796016589076739,6.75772225e-07,7.26628669e-07,0.726628669
2229,3.70840783e-06,9.94057731,10537.0119486,0.8781589725626678,3.70840783e-06,5.22897105e-07,0.522897105,6.75772225e-07,9.95690822,10554.322713200001,0.8796016589076739,6.75772225e-07,7.26628669e-07,0.726628669
2230,3.70840783e-06,9.94057732,10537.0119592,0.8781589734460762,3.70840783e-06,5.22897106e-07,0.522897106,6.75772225e-07,9.95690822,10554.322713200001,0.8796016589076739,6.75772225e-07,7.26628669e-07,0.726628669
2231,3.70840783e-06,9.94057733,10537.0119698,0.8781589743294846,3.70840783e-06,5.22897107e-07,0.522897107,6.75772225e-07,9.95690822,10554.322713200001,0.8796016589076739,6.75772225e-07,7.26628668e-07,0.7266286679999999
2232,3.70840783e-06,9.94057734,10537.0119804,0.8781589752128932,3.70840783e-06,5.22897107e-07,0.522897107,6.75772225e-07,9.95690822,10554.322713200001,0.8796016589076739,6.75772225e-07,7.26628668e-07,0.7266286679999999
2233,3.70840783e-06,9.94057734,10537.0119804,0.8781589752128932,3.70840783e-06,5.22897108e-07,0.522897108,6.75772225e-07,9.95690822,10554.322713200001,0.8796016589076739,6.75772225e-07,7.26628668e-07,0.7266286679999999
2234,3.70840783e-06,9.94057735,10537.011991,0.8781589760963014,3.70840783e-06,5.22897108e-07,0.522897108,6.75772225e-07,9.95690822,10554.322713200001,0.8796016589076739,6.75772225e-07,7.26628668e-07,0.7266286679999999
2235,3.70840783e-06,9.94057735,10537.011991,0.8781589760963014,3.70840783e-06,5.22897108e-07,0.522897108,6.75772225e-07,9.95690821,10554.3227026,0.8796016580242655,6.75772225e-07,7.26628667e-07,0.726628667
2236,3.70840783e-06,9.94057735,10537.011991,0.8781589760963014,3.70840783e-06,5.22897107e-07,0.522897107,6.75772225e-07,9.95690821,10554.3227026,0.8796016580242655,6.75772225e-07,7.26628667e-07,0.726628667
2237,3.70840783e-06,9.94057735,10537.011991,0.8781589760963014,3.70840783e-06,5.22897107e-07,0.522897107,6.75772225e-07,9.95690821,10554.3227026,0.8796016580242655,6.75772225e-07,7.26628667e-07,0.726628667
2238,3.70840783e-06,9.94057734,10537.0119804,0.8781589752128932,3.70840783e-06,5.22897107e-07,0.522897107,6.75772225e-07,9.9569082,10554.322692000002,0.8796016571408571,6.75772225e-07,7.26628666e-07,0.726628666
2239,3.70840783e-06,9.94057734,10537.0119804,0.8781589752128932,3.70840783e-06,5.22897106e-07,0.522897106,6.75772225e-07,9.9569082,10554.322692000002,0.8796016571408571,6.75772225e-07,7.26628666e-07,0.726628666
2240,3.70840783e-06,9.94057733,10537.0119698,0.8781589743294846,3.70840783e-06,5.22897106e-07,0.522897106,6.75772225e-07,9.95690819,10554.3226814,0.8796016562574487,6.75772225e-07,7.26628666e-07,0.726628666
2241,3.70840783e-06,9.94057732,10537.0119592,0.8781589734460762,3.70840783e-06,5.22897106e-07,0.522897106,6.75772225e-07,9.95690819,10554.3226814,0.8796016562574487,6.75772225e-07,7.26628665e-07,0.726628665
2242,3.70840783e-06,9.94057732,10537.0119592,0.8781589734460762,3.70840783e-06,5.22897105e-07,0.522897105,6.75772225e-07,9.95690819,10554.3226814,0.8796016562574487,6.75772225e-07,7.26628665e-07,0.726628665
2243,3.70840783e-06,9.94057731,10537.0119486,0.8781589725626678,3.70840783e-06,5.22897105e-07,0.522897105,6.75772225e-07,9.95690818,10554.322670799998,0.87960165537404,6.75772225e-07,7.26628665e-07,0.726628665
2244,3.70840783e-06,9.9405773,10537.011938,0.8781589716792594,3.70840783e-06,5.22897105e-07,0.522897105,6.75772225e-07,9.95690818,10554.322670799998,0.87960165537404,6.75772225e-07,7.26628665e-07,0.726628665
2245,3.70840783e-06,9.9405773,10537.011938,0.8781589716792594,3.70840783e-06,5.22897105e-07,0.522897105,6.75772225e-07,9.95690817,10554.3226602,0.8796016544906317,6.75772225e-07,7.26628664e-07,0.7266286639999999
2246,3.70840783e-06,9.94057729,10537.0119274,0.878158970795851,3.70840783e-06,5.22897105e-07,0.522897105,6.75772225e-07,9.95690817,10554.3226602,0.8796016544906317,6.75772225e-07,7.26628664e-07,0.7266286639999999
2247,3.70840783e-06,9.94057728,10537.0119168,0.8781589699124426,3.70840783e-06,5.22897105e-07,0.522897105,6.75772225e-07,9.95690817,10554.3226602,0.8796016544906317,6.75772225e-07,7.26628664e-07,0.7266286639999999
2248,3.70840783e-06,9.94057728,10537.0119168,0.8781589699124426,3.70840783e-06,5.22897106e-07,0.522897106,6.75772225e-07,9.95690816,10554.322649599999,0.8796016536072232,6.75772225e-07,7.26628664e-07,0.7266286639999999
2249,3.70840783e-06,9.94057727,10537.011906200001,0.8781589690290342,3.70840783e-06,5.22897106e-07,0.522897106,6.75772225e-07,9.95690816,10554.322649599999,0.8796016536072232,6.75772225e-07,7.26628663e-07,0.726628663
2250,3.70840783e-06,9.94057726,10537.011895599999,0.8781589681456257,3.70840783e-06,5.22897106e-07,0.522897106,6.75772225e-07,9.95690816,10554.322649599999,0.8796016536072232,6.75772225e-07,7.26628663e-07,0.726628663
2251,3.70840783e-06,9.94057726,10537.011895599999,0.8781589681456257,3.70840783e-06,5.22897107e-07,0.522897107,6.75772225e-07,9.95690815,10554.322639,0.8796016527238149,6.75772225e-07,7.26628663e-07,0.726628663
2252,3.70840783e-06,9.94057725,10537.011885,0.8781589672622173,3.70840783e-06,5.22897108e-07,0.522897108,6.75772225e-07,9.95690815,10554.322639,0.8796016527238149,6.75772225e-07,7.26628663e-07,0.726628663
2253,3.70840783e-06,9.94057725,10537.011885,0.8781589672622173,3.70840783e-06,5.22897108e-07,0.522897108,6.75772225e-07,9.95690815,10554.322639,0.8796016527238149,6.75772225e-07,7.26628662e-07,0.726628662
2254,3.70840783e-06,9.94057724,10537.0118744,0.8781589663788089,3.70840783e-06,5.22897109e-07,0.522897109,6.75772225e-07,9.95690814,10554.3226284,0.8796016518404064,6.75772225e-07,7.26628662e-07,0.726628662
2255,3.70840783e-06,9.94057723,10537.0118638,0.8781589654954005,3.70840783e-06,5.2289711e-07,0.52289711,6.75772225e-07,9.95690814,10554.3226284,0.8796016518404064,6.75772225e-07,7.26628662e-07,0.726628662
2256,3.70840783e-06,9.94057722,10537.0118532,0.878158964611992,3.70840783e-06,5.22897111e-07,0.522897111,6.75772225e-07,9.95690814,10554.3226284,0.8796016518404064,6.75772225e-07,7.26628662e-07,0.726628662
2257,3.70840783e-06,9.94057722,10537.0118532,0.878158964611992,3.70840783e-06,5.22897112e-07,0.522897112,6.75772225e-07,9.95690813,10554.3226178,0.879601650956998,6.75772225e-07,7.26628662e-07,0.726628662
2258,3.70840783e-06,9.94057721,10537.0118426,0.8781589637285837,3.70840783e-06,5.22897113e-07,0.522897113,6.75772225e-07,9.95690813,10554.3226178,0.879601650956998,6.75772225e-07,7.26628662e-07,0.726628662
2259,3.70840783e-06,9.9405772,10537.011832,0.8781589628451753,3.70840783e-06,5.22897114e-07,0.522897114,6.75772225e-07,9.95690813,10554.3226178,0.879601650956998,6.75772225e-07,7.26628662e-07,0.726628662
2260,3.70840783e-06,9.94057719,10537.011821400001,0.8781589619617669,3.70840783e-06,5.22897115e-07,0.522897115,6.75772225e-07,9.95690813,10554.3226178,0.879601650956998,6.75772225e-07,7.26628662e-07,0.726628662
2261,3.70840783e-06,9.94057719,10537.011821400001,0.8781589619617669,3.70840783e-06,5.22897116e-07,0.522897116,6.75772225e-07,9.95690813,10554.3226178,0.879601650956998,6.75772225e-07,7.26628662e-07,0.726628662
2262,3.70840783e-06,9.94057722,10537.0118532,0.878158964611992,3.70840783e-06,5.22897117e-07,0.5228971170000001,6.75772225e-07,9.95690814,10554.3226284,0.8796016518404064,6.75772225e-07,7.26628662e-07,0.726628662
2263,3.70840783e-06,9.9405772,10537.011832,0.8781589628451753,3.70840783e-06,5.22897117e-07,0.5228971170000001,6.75772225e-07,9.95690813,10554.3226178,0.879601650956998,6.75772225e-07,7.26628662e-07,0.726628662
2264,3.70840783e-06,9.94057719,10537.011821400001,0.8781589619617669,3.70840783e-06,5.22897118e-07,0.522897118,6.75772225e-07,9.95690813,10554.3226178,0.879601650956998,6.75772225e-07,7.26628662e-07,0.726628662
2265,3.70840783e-06,9.94057718,10537.0118108,0.8781589610783584,3.70840783e-06,5.22897118e-07,0.522897118,6.75772225e-07,9.95690813,10554.3226178,0.879601650956998,6.75772225e-07,7.26628662e-07,0.726628662
2266,3.70840783e-06,9.94057717,10537.0118002,0.8781589601949499,3.70840783e-06,5.22897119e-07,0.522897119,6.75772225e-07,9.95690812,10554.3226072,0.8796016500735896,6.75772225e-07,7.26628662e-07,0.726628662
2267,3.70840783e-06,9.94057717,10537.0118002,0.8781589601949499,3.70840783e-06,5.2289712e-07,0.52289712,6.75772225e-07,9.95690812,10554.3226072,0.8796016500735896,6.75772225e-07,7.26628662e-07,0.726628662
2268,3.70840783e-06,9.94057716,10537.0117896,0.8781589593115414,3.70840783e-06,5.2289712e-07,0.52289712,6.75772225e-07,9.95690812,10554.3226072,0.8796016500735896,6.75772225e-07,7.26628663e-07,0.726628663
2269,3.70840783e-06,9.94057716,10537.0117896,0.8781589593115414,3.70840783e-06,5.2289712e-07,0.52289712,6.75772225e-07,9.95690812,10554.3226072,0.8796016500735896,6.75772225e-07,7.26628663e-07,0.726628663
2270,3.70840783e-06,9.94057715,10537.011778999999,0.878158958428133,3.70840783e-06,5.22897121e-07,0.5228971210000001,6.75772225e-07,9.95690812,10554.3226072,0.8796016500735896,6.75772225e-07,7.26628663e-07,0.726628663
2271,3.70840783e-06,9.94057715,10537.011778999999,0.878158958428133,3.70840783e-06,5.22897121e-07,0.5228971210000001,6.75772225e-07,9.95690812,10554.3226072,0.8796016500735896,6.75772225e-07,7.26628663e-07,0.726628663
2272,3.70840783e-06,9.94057718,10537.0118108,0.8781589610783584,3.70840783e-06,5.22897121e-07,0.5228971210000001,6.75772225e-07,9.95690813,10554.3226178,0.879601650956998,6.75772225e-07,7.26628663e-07,0.726628663
2273,3.70840783e-06,9.94057716,10537.0117896,0.8781589593115414,3.70840783e-06,5.22897121e-07,0.5228971210000001,6.75772225e-07,9.95690812,10554.3226072,0.8796016500735896,6.75772225e-07,7.26628664e-07,0.7266286639999999
2274,3.70840783e-06,9.94057716,10537.0117896,0.8781589593115414,3.70840783e-06,5.22897121e-07,0.5228971210000001,6.75772225e-07,9.95690812,10554.3226072,0.8796016500735896,6.75772225e-07,7.26628664e-07,0.7266286639999999
2275,3.70840783e-06,9.94057719,10537.011821400001,0.8781589619617669,3.70840783e-06,5.22897121e-07,0.5228971210000001,6.75772225e-07,9.95690813,10554.3226178,0.879601650956998,6.75772225e-07,7.26628664e-07,0.7266286639999999
2276,3.70840783e-06,9.94057719,10537.011821400001,0.8781589619617669,3.70840783e-06,5.22897121e-07,0.5228971210000001,6.75772225e-07,9.95690813,10554.3226178,0.879601650956998,6.75772225e-07,7.26628664e-07,0.7266286639999999
2277,3.70840783e-06,9.94057719,10537.011821400001,0.8781589619617669,3.70840783e-06,5.22897121e-07,0.5228971210000001,6.75772225e-07,9.95690814,10554.3226284,0.8796016518404064,6.75772225e-07,7.26628664e-07,0.7266286639999999
2278,3.70840783e-06,9.94057717,10537.0118002,0.8781589601949499,3.70840783e-06,5.2289712e-07,0.52289712,6.75772225e-07,9.95690811,10554.3225966,0.8796016491901812,6.75772225e-07,7.26628665e-07,0.726628665
2279,3.70840783e-06,9.94057717,10537.0118002,0.8781589601949499,3.70840783e-06,5.22897119e-07,0.522897119,6.75772225e-07,9.95690811,10554.3225966,0.8796016491901812,6.75772225e-07,7.26628665e-07,0.726628665
2280,3.70840783e-06,9.94057717,10537.0118002,0.8781589601949499,3.70840783e-06,5.22897119e-07,0.522897119,6.75772225e-07,9.95690811,10554.3225966,0.8796016491901812,6.75772225e-07,7.26628665e-07,0.726628665
2281,3.70840783e-06,9.94057717,10537.0118002,0.8781589601949499,3.70840783e-06,5.22897118e-07,0.522897118,6.75772225e-07,9.95690811,10554.3225966,0.8796016491901812,6.75772225e-07,7.26628665e-07,0.726628665
2282,3.70840783e-06,9.94057717,10537.0118002,0.8781589601949499,3.70840783e-06,5.22897117e-07,0.5228971170000001,6.75772225e-07,9.95690811,10554.3225966,0.8796016491901812,6.75772225e-07,7.26628666e-07,0.726628666
2283,3.70840783e-06,9.94057717,10537.0118002,0.8781589601949499,3.70840783e-06,5.22897117e-07,0.5228971170000001,6.75772225e-07,9.95690811,10554.3225966,0.8796016491901812,6.75772225e-07,7.26628666e-07,0.726628666
2284,3.70840783e-06,9.94057716,10537.0117896,0.8781589593115414,3.70840783e-06,5.22897116e-07,0.522897116,6.75772225e-07,9.9569081,10554.322586,0.8796016483067728,6.75772225e-07,7.26628666e-07,0.726628666
2285,3.70840783e-06,9.94057716,10537.0117896,0.8781589593115414,3.70840783e-06,5.22897116e-07,0.522897116,6.75772225e-07,9.9569081,10554.322586,0.8796016483067728,6.75772225e-07,7.26628666e-07,0.726628666
2286,3.70840783e-06,9.94057716,10537.0117896,0.8781589593115414,3.70840783e-06,5.22897115e-07,0.522897115,6.75772225e-07,9.9569081,10554.322586,0.8796016483067728,6.75772225e-07,7.26628667e-07,0.726628667
2287,3.70840783e-06,9.94057717,10537.0118002,0.8781589601949499,3.70840783e-06,5.22897114e-07,0.522897114,6.75772225e-07,9.9569081,10554.322586,0.8796016483067728,6.75772225e-07,7.26628667e-07,0.726628667
2288,3.70840783e-06,9.94057716,10537.0117896,0.8781589593115414,3.70840783e-06,5.22897114e-07,0.522897114,6.75772225e-07,9.95690809,10554.322575400001,0.8796016474233644,6.75772225e-07,7.26628667e-07,0.726628667
2289,3.70840783e-06,9.94057716,10537.0117896,0.8781589593115414,3.70840783e-06,5.22897113e-07,0.522897113,6.75772225e-07,9.95690809,10554.322575400001,0.8796016474233644,6.75772225e-07,7.26628667e-07,0.726628667
2290,3.70840783e-06,9.94057716,10537.0117896,0.8781589593115414,3.70840783e-06,5.22897113e-07,0.522897113,6.75772225e-07,9.95690809,10554.322575400001,0.8796016474233644,6.75772225e-07,7.26628668e-07,0.7266286679999999
2291,3.70840783e-06,9.94057715,10537.011778999999,0.878158958428133,3.70840783e-06,5.22897112e-07,0.522897112,6.75772225e-07,9.95690809,10554.322575400001,0.8796016474233644,6.75772225e-07,7.26628668e-07,0.7266286679999999
2292,3.70840783e-06,9.94057715,10537.011778999999,0.878158958428133,3.70840783e-06,5.22897112e-07,0.522897112,6.75772225e-07,9.95690808,10554.3225648,0.879601646539956,6.75772225e-07,7.26628668e-07,0.7266286679999999
2293,3.70840783e-06,9.94057715,10537.011778999999,0.878158958428133,3.70840783e-06,5.22897112e-07,0.522897112,6.75772225e-07,9.95690808,10554.3225648,0.879601646539956,6.75772225e-07,7.26628669e-07,0.726628669
2294,3.70840783e-06,9.94057715,10537.011778999999,0.878158958428133,3.70840783e-06,5.22897112e-07,0.522897112,6.75772225e-07,9.95690808,10554.3225648,0.879601646539956,6.75772225e-07,7.26628669e-07,0.726628669
2295,3.70840783e-06,9.94057714,10537.0117684,0.8781589575447246,3.70840783e-06,5.22897112e-07,0.522897112,6.75772225e-07,9.95690808,10554.3225648,0.879601646539956,6.75772225e-07,7.26628669e-07,0.726628669
2296,3.70840783e-06,9.94057714,10537.0117684,0.8781589575447246,3.70840783e-06,5.22897112e-07,0.522897112,6.75772225e-07,9.95690808,10554.3225648,0.879601646539956,6.75772225e-07,7.2662867e-07,0.72662867
2297,3.70840783e-06,9.94057714,10537.0117684,0.8781589575447246,3.70840783e-06,5.22897112e-07,0.522897112,6.75772225e-07,9.95690808,10554.3225648,0.879601646539956,6.75772225e-07,7.2662867e-07,0.72662867
2298,3.70840783e-06,9.94057714,10537.0117684,0.8781589575447246,3.70840783e-06,5.22897112e-07,0.522897112,6.75772225e-07,9.95690808,10554.3225648,0.879601646539956,6.75772225e-07,7.2662867e-07,0.72662867
2299,3.70840783e-06,9.94057714,10537.0117684,0.8781589575447246,3.70840783e-06,5.22897113e-07,0.522897113,6.75772225e-07,9.95690807,10554.3225542,0.8796016456565475,6.75772225e-07,7.2662867e-07,0.72662867
2300,3.70840783e-06,9.94057713,10537.011757799999,0.8781589566613162,3.70840783e-06,5.22897113e-07,0.522897113,6.75772225e-07,9.95690807,10554.3225542,0.8796016456565475,6.75772225e-07,7.26628671e-07,0.726628671
2301,3.70840783e-06,9.94057713,10537.011757799999,0.8781589566613162,3.70840783e-06,5.22897114e-07,0.522897114,6.75772225e-07,9.95690807,10554.3225542,0.8796016456565475,6.75772225e-07,7.26628671e-07,0.726628671
2302,3.70840783e-06,9.94057713,10537.011757799999,0.8781589566613162,3.70840783e-06,5.22897115e-07,0.522897115,6.75772225e-07,9.95690807,10554.3225542,0.8796016456565475,6.75772225e-07,7.26628671e-07,0.726628671
2303,3.70840783e-06,9.94057713,10537.011757799999,0.8781589566613162,3.70840783e-06,5.22897116e-07,0.522897116,6.75772225e-07,9.95690806,10554.3225436,0.8796016447731391,6.75772225e-07,7.26628672e-07,0.726628672
2304,3.70840783e-06,9.94057713,10537.011757799999,0.8781589566613162,3.70840783e-06,5.22897117e-07,0.5228971170000001,6.75772225e-07,9.95690806,10554.3225436,0.8796016447731391,6.75772225e-07,7.26628672e-07,0.726628672
2305,3.70840783e-06,9.94057713,10537.011757799999,0.8781589566613162,3.70840783e-06,5.22897118e-07,0.522897118,6.75772225e-07,9.95690807,10554.3225542,0.8796016456565475,6.75772225e-07,7.26628672e-07,0.726628672
2306,3.70840783e-06,9.94057712,10537.0117472,0.8781589557779078,3.70840783e-06,5.22897119e-07,0.522897119,6.75772225e-07,9.95690806,10554.3225436,0.8796016447731391,6.75772225e-07,7.26628672e-07,0.726628672
2307,3.70840783e-06,9.94057712,10537.0117472,0.8781589557779078,3.70840783e-06,5.2289712e-07,0.52289712,6.75772225e-07,9.95690806,10554.3225436,0.8796016447731391,6.75772225e-07,7.26628673e-07,0.726628673
2308,3.70840783e-06,9.94057712,10537.0117472,0.8781589557779078,3.70840783e-06,5.22897121e-07,0.5228971210000001,6.75772225e-07,9.95690806,10554.3225436,0.8796016447731391,6.75772225e-07,7.26628673e-07,0.726628673
2309,3.70840783e-06,9.94057712,10537.0117472,0.8781589557779078,3.70840783e-06,5.22897123e-07,0.522897123,6.75772225e-07,9.95690806,10554.3225436,0.8796016447731391,6.75772225e-07,7.26628673e-07,0.726628673
2310,3.70840783e-06,9.94057712,10537.0117472,0.8781589557779078,3.70840783e-06,5.22897124e-07,0.522897124,6.75772225e-07,9.95690806,10554.3225436,0.8796016447731391,6.75772225e-07,7.26628673e-07,0.726628673
2311,3.70840783e-06,9.94057712,10537.0117472,0.8781589557779078,3.70840783e-06,5.22897124e-07,0.522897124,6.75772225e-07,9.95690806,10554.3225436,0.8796016447731391,6.75772225e-07,7.26628673e-07,0.726628673
2312,3.70840783e-06,9.94057711,10537.0117366,0.8781589548944994,3.70840783e-06,5.22897125e-07,0.522897125,6.75772225e-07,9.95690806,10554.3225436,0.8796016447731391,6.75772225e-07,7.26628674e-07,0.726628674
2313,3.70840783e-06,9.94057711,10537.0117366,0.8781589548944994,3.70840783e-06,5.22897126e-07,0.5228971259999999,6.75772225e-07,9.95690805,10554.322532999999,0.8796016438897305,6.75772225e-07,7.26628674e-07,0.726628674
2314,3.70840783e-06,9.94057711,10537.0117366,0.8781589548944994,3.70840783e-06,5.22897127e-07,0.5228971269999999,6.75772225e-07,9.95690805,10554.322532999999,0.8796016438897305,6.75772225e-07,7.26628674e-07,0.726628674
2315,3.70840783e-06,9.94057711,10537.0117366,0.8781589548944994,3.70840783e-06,5.22897128e-07,0.522897128,6.75772225e-07,9.95690805,10554.322532999999,0.8796016438897305,6.75772225e-07,7.26628674e-07,0.726628674
2316,3.70840783e-06,9.94057711,10537.0117366,0.8781589548944994,3.70840783e-06,5.22897128e-07,0.522897128,6.75772225e-07,9.95690804,10554.3225224,0.8796016430063223,6.75772225e-07,7.26628674e-07,0.726628674
2317,3.70840783e-06,9.94057711,10537.0117366,0.8781589548944994,3.70840783e-06,5.22897129e-07,0.522897129,6.75772225e-07,9.95690804,10554.3225224,0.8796016430063223,6.75772225e-07,7.26628674e-07,0.726628674
2318,3.70840783e-06,9.94057711,10537.0117366,0.8781589548944994,3.70840783e-06,5.22897129e-07,0.522897129,6.75772225e-07,9.95690804,10554.3225224,0.8796016430063223,6.75772225e-07,7.26628675e-07,0.726628675
2319,3.70840783e-06,9.94057712,10537.0117472,0.8781589557779078,3.70840783e-06,5.22897129e-07,0.522897129,6.75772225e-07,9.95690804,10554.3225224,0.8796016430063223,6.75772225e-07,7.26628675e-07,0.726628675
2320,3.70840783e-06,9.94057712,10537.0117472,0.8781589557779078,3.70840783e-06,5.22897129e-07,0.522897129,6.75772225e-07,9.95690803,10554.3225118,0.8796016421229137,6.75772225e-07,7.26628675e-07,0.726628675
2321,3.70840783e-06,9.94057712,10537.0117472,0.8781589557779078,3.70840783e-06,5.22897129e-07,0.522897129,6.75772225e-07,9.95690803,10554.3225118,0.8796016421229137,6.75772225e-07,7.26628675e-07,0.726628675
2322,3.70840783e-06,9.94057712,10537.0117472,0.8781589557779078,3.70840783e-06,5.22897129e-07,0.522897129,6.75772225e-07,9.95690803,10554.3225118,0.8796016421229137,6.75772225e-07,7.26628675e-07,0.726628675
2323,3.70840783e-06,9.94057711,10537.0117366,0.8781589548944994,3.70840783e-06,5.22897129e-07,0.522897129,6.75772225e-07,9.95690803,10554.3225118,0.8796016421229137,6.75772225e-07,7.26628675e-07,0.726628675
2324,3.70840783e-06,9.94057711,10537.0117366,0.8781589548944994,3.70840783e-06,5.22897129e-07,0.522897129,6.75772225e-07,9.95690803,10554.3225118,0.8796016421229137,6.75772225e-07,7.26628676e-07,0.726628676
2325,3.70840783e-06,9.94057711,10537.0117366,0.8781589548944994,3.70840783e-06,5.2289713e-07,0.5228971299999999,6.75772225e-07,9.95690803,10554.3225118,0.8796016421229137,6.75772225e-07,7.26628676e-07,0.726628676
2326,3.70840783e-06,9.9405771,10537.011726,0.878158954011091,3.70840783e-06,5.2289713e-07,0.5228971299999999,6.75772225e-07,9.95690803,10554.3225118,0.8796016421229137,6.75772225e-07,7.26628676e-07,0.726628676
2327,3.70840783e-06,9.94057711,10537.0117366,0.8781589548944994,3.70840783e-06,5.22897131e-07,0.522897131,6.75772225e-07,9.95690803,10554.3225118,0.8796016421229137,6.75772225e-07,7.26628676e-07,0.726628676
2328,3.70840783e-06,9.94057711,10537.0117366,0.8781589548944994,3.70840783e-06,5.22897131e-07,0.522897131,6.75772225e-07,9.95690803,10554.3225118,0.8796016421229137,6.75772225e-07,7.26628676e-07,0.726628676
2329,3.70840783e-06,9.94057711,10537.0117366,0.8781589548944994,3.70840783e-06,5.22897132e-07,0.522897132,6.75772225e-07,9.95690803,10554.3225118,0.8796016421229137,6.75772225e-07,7.26628677e-07,0.726628677
2330,3.70840783e-06,9.9405771,10537.011726,0.878158954011091,3.70840783e-06,5.22897133e-07,0.522897133,6.75772225e-07,9.95690803,10554.3225118,0.8796016421229137,6.75772225e-07,7.26628677e-07,0.726628677
2331,3.70840783e-06,9.9405771,10537.011726,0.878158954011091,3.70840783e-06,5.22897133e-07,0.522897133,6.75772225e-07,9.95690803,10554.3225118,0.8796016421229137,6.75772225e-07,7.26628677e-07,0.726628677
2332,3.70840783e-06,9.94057711,10537.0117366,0.8781589548944994,3.70840783e-06,5.22897134e-07,0.5228971339999999,6.75772225e-07,9.95690803,10554.3225118,0.8796016421229137,6.75772225e-07,7.26628678e-07,0.726628678
2333,3.70840783e-06,9.94057711,10537.0117366,0.8781589548944994,3.70840783e-06,5.22897134e-07,0.5228971339999999,6.75772225e-07,9.95690802,10554.3225012,0.8796016412395055,6.75772225e-07,7.26628678e-07,0.726628678
2334,3.70840783e-06,9.94057711,10537.0117366,0.8781589548944994,3.70840783e-06,5.22897135e-07,0.522897135,6.75772225e-07,9.95690802,10554.3225012,0.8796016412395055,6.75772225e-07,7.26628678e-07,0.726628678
2335,3.70840783e-06,9.94057712,10537.0117472,0.8781589557779078,3.70840783e-06,5.22897135e-07,0.522897135,6.75772225e-07,9.95690802,10554.3225012,0.8796016412395055,6.75772225e-07,7.26628679e-07,0.726628679
2336,3.70840783e-06,9.94057712,10537.0117472,0.8781589557779078,3.70840783e-06,5.22897135e-07,0.522897135,6.75772225e-07,9.95690802,10554.3225012,0.8796016412395055,6.75772225e-07,7.26628679e-07,0.726628679
2337,3.70840783e-06,9.94057711,10537.0117366,0.8781589548944994,3.70840783e-06,5.22897135e-07,0.522897135,6.75772225e-07,9.95690802,10554.3225012,0.8796016412395055,6.75772225e-07,7.26628679e-07,0.726628679
2338,3.70840783e-06,9.94057711,10537.0117366,0.8781589548944994,3.70840783e-06,5.22897135e-07,0.522897135,6.75772225e-07,9.95690802,10554.3225012,0.8796016412395055,6.75772225e-07,7.2662868e-07,0.72662868
2339,3.70840783e-06,9.94057711,10537.0117366,0.8781589548944994,3.70840783e-06,5.22897136e-07,0.522897136,6.75772225e-07,9.95690802,10554.3225012,0.8796016412395055,6.75772225e-07,7.2662868e-07,0.72662868
2340,3.70840783e-06,9.9405771,10537.011726,0.878158954011091,3.70840783e-06,5.22897136e-07,0.522897136,6.75772225e-07,9.95690802,10554.3225012,0.8796016412395055,6.75772225e-07,7.2662868e-07,0.72662868
2341,3.70840783e-06,9.94057711,10537.0117366,0.8781589548944994,3.70840783e-06,5.22897136e-07,0.522897136,6.75772225e-07,9.95690802,10554.3225012,0.8796016412395055,6.75772225e-07,7.26628681e-07,0.726628681
2342,3.70840783e-06,9.94057711,10537.0117366,0.8781589548944994,3.70840783e-06,5.22897136e-07,0.522897136,6.75772225e-07,9.95690802,10554.3225012,0.8796016412395055,6.75772225e-07,7.26628681e-07,0.726628681
2343,3.70840783e-06,9.94057711,10537.0117366,0.8781589548944994,3.70840783e-06,5.22897136e-07,0.522897136,6.75772225e-07,9.95690802,10554.3225012,0.8796016412395055,6.75772225e-07,7.26628682e-07,0.726628682
2344,3.70840783e-06,9.94057712,10537.0117472,0.8781589557779078,3.70840783e-06,5.22897136e-07,0.522897136,6.75772225e-07,9.95690802,10554.3225012,0.8796016412395055,6.75772225e-07,7.26628682e-07,0.726628682
2345,3.70840783e-06,9.94057712,10537.0117472,0.8781589557779078,3.70840783e-06,5.22897136e-07,0.522897136,6.75772225e-07,9.95690802,10554.3225012,0.8796016412395055,6.75772225e-07,7.26628682e-07,0.726628682
2346,3.70840783e-06,9.94057713,10537.011757799999,0.8781589566613162,3.70840783e-06,5.22897135e-07,0.522897135,6.75772225e-07,9.95690802,10554.3225012,0.8796016412395055,6.75772225e-07,7.26628683e-07,0.726628683
2347,3.70840783e-06,9.94057713,10537.011757799999,0.8781589566613162,3.70840783e-06,5.22897135e-07,0.522897135,6.75772225e-07,9.95690802,10554.3225012,0.8796016412395055,6.75772225e-07,7.26628683e-07,0.726628683
2348,3.70840783e-06,9.94057713,10537.011757799999,0.8781589566613162,3.70840783e-06,5.22897134e-07,0.5228971339999999,6.75772225e-07,9.95690802,10554.3225012,0.8796016412395055,6.75772225e-07,7.26628683e-07,0.726628683
2349,3.70840783e-06,9.94057712,10537.0117472,0.8781589557779078,3.70840783e-06,5.22897134e-07,0.5228971339999999,6.75772225e-07,9.95690802,10554.3225012,0.8796016412395055,6.75772225e-07,7.26628684e-07,0.726628684
2350,3.70840783e-06,9.94057712,10537.0117472,0.8781589557779078,3.70840783e-06,5.22897133e-07,0.522897133,6.75772225e-07,9.95690802,10554.3225012,0.8796016412395055,6.75772225e-07,7.26628684e-07,0.726628684
2351,3.70840783e-06,9.94057712,10537.0117472,0.8781589557779078,3.70840783e-06,5.22897133e-07,0.522897133,6.75772225e-07,9.95690802,10554.3225012,0.8796016412395055,6.75772225e-07,7.26628685e-07,0.726628685
2352,3.70840783e-06,9.94057711,10537.0117366,0.8781589548944994,3.70840783e-06,5.22897133e-07,0.522897133,6.75772225e-07,9.95690802,10554.3225012,0.8796016412395055,6.75772225e-07,7.26628685e-07,0.726628685
2353,3.70840783e-06,9.94057712,10537.0117472,0.8781589557779078,3.70840783e-06,5.22897132e-07,0.522897132,6.75772225e-07,9.95690802,10554.3225012,0.8796016412395055,6.75772225e-07,7.26628685e-07,0.726628685
2354,3.70840783e-06,9.94057713,10537.011757799999,0.8781589566613162,3.70840783e-06,5.22897132e-07,0.522897132,6.75772225e-07,9.95690802,10554.3225012,0.8796016412395055,6.75772225e-07,7.26628686e-07,0.7266286860000001
2355,3.70840783e-06,9.94057713,10537.011757799999,0.8781589566613162,3.70840783e-06,5.22897132e-07,0.522897132,6.75772225e-07,9.95690802,10554.3225012,0.8796016412395055,6.75772225e-07,7.26628686e-07,0.7266286860000001
2356,3.70840783e-06,9.94057714,10537.0117684,0.8781589575447246,3.70840783e-06,5.22897132e-07,0.522897132,6.75772225e-07,9.95690802,10554.3225012,0.8796016412395055,6.75772225e-07,7.26628686e-07,0.7266286860000001
2357,3.70840783e-06,9.94057714,10537.0117684,0.8781589575447246,3.70840783e-06,5.22897131e-07,0.522897131,6.75772225e-07,9.95690802,10554.3225012,0.8796016412395055,6.75772225e-07,7.26628687e-07,0.726628687
2358,3.70840783e-06,9.94057715,10537.011778999999,0.878158958428133,3.70840783e-06,5.22897131e-07,0.522897131,6.75772225e-07,9.95690802,10554.3225012,0.8796016412395055,6.75772225e-07,7.26628687e-07,0.726628687
2359,3.70840783e-06,9.94057715,10537.011778999999,0.878158958428133,3.70840783e-06,5.2289713e-07,0.5228971299999999,6.75772225e-07,9.95690802,10554.3225012,0.8796016412395055,6.75772225e-07,7.26628687e-07,0.726628687
2360,3.70840783e-06,9.94057716,10537.0117896,0.8781589593115414,3.70840783e-06,5.2289713e-07,0.5228971299999999,6.75772225e-07,9.95690802,10554.3225012,0.8796016412395055,6.75772225e-07,7.26628687e-07,0.726628687
2361,3.70840783e-06,9.94057716,10537.0117896,0.8781589593115414,3.70840783e-06,5.22897129e-07,0.522897129,6.75772225e-07,9.95690802,10554.3225012,0.8796016412395055,6.75772225e-07,7.26628688e-07,0.726628688
2362,3.70840783e-06,9.94057716,10537.0117896,0.8781589593115414,3.70840783e-06,5.22897129e-07,0.522897129,6.75772225e-07,9.95690802,10554.3225012,0.8796016412395055,6.75772225e-07,7.26628688e-07,0.726628688
2363,3.70840783e-06,9.94057715,10537.011778999999,0.878158958428133,3.70840783e-06,5.22897128e-07,0.522897128,6.75772225e-07,9.95690802,10554.3225012,0.8796016412395055,6.75772225e-07,7.26628688e-07,0.726628688
2364,3.70840783e-06,9.94057715,10537.011778999999,0.878158958428133,3.70840783e-06,5.22897128e-07,0.522897128,6.75772225e-07,9.95690802,10554.3225012,0.8796016412395055,6.75772225e-07,7.26628688e-07,0.726628688
2365,3.70840783e-06,9.94057714,10537.0117684,0.8781589575447246,3.70840783e-06,5.22897128e-07,0.522897128,6.75772225e-07,9.95690801,10554.3224906,0.8796016403560969,6.75772225e-07,7.26628689e-07,0.7266286890000001
2366,3.70840783e-06,9.94057715,10537.011778999999,0.878158958428133,3.70840783e-06,5.22897128e-07,0.522897128,6.75772225e-07,9.95690802,10554.3225012,0.8796016412395055,6.75772225e-07,7.26628689e-07,0.7266286890000001
2367,3.70840783e-06,9.94057715,10537.011778999999,0.878158958428133,3.70840783e-06,5.22897128e-07,0.522897128,6.75772225e-07,9.95690802,10554.3225012,0.8796016412395055,6.75772225e-07,7.26628689e-07,0.7266286890000001
2368,3.70840783e-06,9.94057714,10537.0117684,0.8781589575447246,3.70840783e-06,5.22897128e-07,0.522897128,6.75772225e-07,9.95690801,10554.3224906,0.8796016403560969,6.75772225e-07,7.26628689e-07,0.7266286890000001
2369,3.70840783e-06,9.94057715,10537.011778999999,0.878158958428133,3.70840783e-06,5.22897128e-07,0.522897128,6.75772225e-07,9.95690801,10554.3224906,0.8796016403560969,6.75772225e-07,7.2662869e-07,0.72662869
2370,3.70840783e-06,9.94057715,10537.011778999999,0.878158958428133,3.70840783e-06,5.22897128e-07,0.522897128,6.75772225e-07,9.95690801,10554.3224906,0.8796016403560969,6.75772225e-07,7.2662869e-07,0.72662869
2371,3.70840783e-06,9.94057716,10537.0117896,0.8781589593115414,3.70840783e-06,5.22897128e-07,0.522897128,6.75772225e-07,9.95690801,10554.3224906,0.8796016403560969,6.75772225e-07,7.2662869e-07,0.72662869
2372,3.70840783e-06,9.94057717,10537.0118002,0.8781589601949499,3.70840783e-06,5.22897127e-07,0.5228971269999999,6.75772225e-07,9.95690801,10554.3224906,0.8796016403560969,6.75772225e-07,7.2662869e-07,0.72662869
2373,3.70840783e-06,9.94057717,10537.0118002,0.8781589601949499,3.70840783e-06,5.22897127e-07,0.5228971269999999,6.75772225e-07,9.95690801,10554.3224906,0.8796016403560969,6.75772225e-07,7.2662869e-07,0.72662869
2374,3.70840783e-06,9.94057718,10537.0118108,0.8781589610783584,3.70840783e-06,5.22897127e-07,0.5228971269999999,6.75772225e-07,9.95690801,10554.3224906,0.8796016403560969,6.75772225e-07,7.2662869e-07,0.72662869
2375,3.70840783e-06,9.94057719,10537.011821400001,0.8781589619617669,3.70840783e-06,5.22897127e-07,0.5228971269999999,6.75772225e-07,9.95690801,10554.3224906,0.8796016403560969,6.75772225e-07,7.2662869e-07,0.72662869
2376,3.70840783e-06,9.94057719,10537.011821400001,0.8781589619617669,3.70840783e-06,5.22897126e-07,0.5228971259999999,6.75772225e-07,9.95690801,10554.3224906,0.8796016403560969,6.75772225e-07,7.2662869e-07,0.72662869
2377,3.70840783e-06,9.9405772,10537.011832,0.8781589628451753,3.70840783e-06,5.22897126e-07,0.5228971259999999,6.75772225e-07,9.95690802,10554.3225012,0.8796016412395055,6.75772225e-07,7.2662869e-07,0.72662869
2378,3.70840783e-06,9.9405772,10537.011832,0.8781589628451753,3.70840783e-06,5.22897126e-07,0.5228971259999999,6.75772225e-07,9.95690802,10554.3225012,0.8796016412395055,6.75772225e-07,7.26628691e-07,0.7266286909999999
2379,3.70840783e-06,9.94057719,10537.011821400001,0.8781589619617669,3.70840783e-06,5.22897126e-07,0.5228971259999999,6.75772225e-07,9.95690802,10554.3225012,0.8796016412395055,6.75772225e-07,7.26628691e-07,0.7266286909999999
2380,3.70840783e-06,9.9405772,10537.011832,0.8781589628451753,3.70840783e-06,5.22897125e-07,0.522897125,6.75772225e-07,9.95690802,10554.3225012,0.8796016412395055,6.75772225e-07,7.26628691e-07,0.7266286909999999
2381,3.70840783e-06,9.94057721,10537.0118426,0.8781589637285837,3.70840783e-06,5.22897125e-07,0.522897125,6.75772225e-07,9.95690803,10554.3225118,0.8796016421229137,6.75772225e-07,7.26628691e-07,0.7266286909999999
2382,3.70840783e-06,9.94057721,10537.0118426,0.8781589637285837,3.70840783e-06,5.22897125e-07,0.522897125,6.75772225e-07,9.95690803,10554.3225118,0.8796016421229137,6.75772225e-07,7.26628691e-07,0.7266286909999999
2383,3.70840783e-06,9.94057719,10537.011821400001,0.8781589619617669,3.70840783e-06,5.22897125e-07,0.522897125,6.75772225e-07,9.95690802,10554.3225012,0.8796016412395055,6.75772225e-07,7.26628691e-07,0.7266286909999999
2384,3.70840783e-06,9.9405772,10537.011832,0.8781589628451753,3.70840783e-06,5.22897125e-07,0.522897125,6.75772225e-07,9.95690803,10554.3225118,0.8796016421229137,6.75772225e-07,7.26628691e-07,0.7266286909999999
2385,3.70840783e-06,9.94057721,10537.0118426,0.8781589637285837,3.70840783e-06,5.22897125e-07,0.522897125,6.75772225e-07,9.95690803,10554.3225118,0.8796016421229137,6.75772225e-07,7.26628691e-07,0.7266286909999999
2386,3.70840783e-06,9.94057722,10537.0118532,0.878158964611992,3.70840783e-06,5.22897125e-07,0.522897125,6.75772225e-07,9.95690803,10554.3225118,0.8796016421229137,6.75772225e-07,7.26628691e-07,0.7266286909999999
2387,3.70840783e-06,9.94057722,10537.0118532,0.878158964611992,3.70840783e-06,5.22897125e-07,0.522897125,6.75772225e-07,9.95690803,10554.3225118,0.8796016421229137,6.75772225e-07,7.26628691e-07,0.7266286909999999
2388,3.70840783e-06,9.9405772,10537.011832,0.8781589628451753,3.70840783e-06,5.22897125e-07,0.522897125,6.75772225e-07,9.95690803,10554.3225118,0.8796016421229137,6.75772225e-07,7.26628691e-07,0.7266286909999999
2389,3.70840783e-06,9.94057721,10537.0118426,0.8781589637285837,3.70840783e-06,5.22897125e-07,0.522897125,6.75772225e-07,9.95690803,10554.3225118,0.8796016421229137,6.75772225e-07,7.26628691e-07,0.7266286909999999
2390,3.70840783e-06,9.94057721,10537.0118426,0.8781589637285837,3.70840783e-06,5.22897125e-07,0.522897125,6.75772225e-07,9.95690803,10554.3225118,0.8796016421229137,6.75772225e-07,7.26628691e-07,0.7266286909999999
2391,3.70840783e-06,9.94057721,10537.0118426,0.8781589637285837,3.70840783e-06,5.22897126e-07,0.5228971259999999,6.75772225e-07,9.95690803,10554.3225118,0.8796016421229137,6.75772225e-07,7.26628691e-07,0.7266286909999999
2392,3.70840783e-06,9.9405772,10537.011832,0.8781589628451753,3.70840783e-06,5.22897126e-07,0.5228971259999999,6.75772225e-07,9.95690803,10554.3225118,0.8796016421229137,6.75772225e-07,7.26628692e-07,0.7266286919999999
2393,3.70840783e-06,9.94057721,10537.0118426,0.8781589637285837,3.70840783e-06,5.22897126e-07,0.5228971259999999,6.75772225e-07,9.95690803,10554.3225118,0.8796016421229137,6.75772225e-07,7.26628692e-07,0.7266286919999999
2394,3.70840783e-06,9.94057721,10537.0118426,0.8781589637285837,3.70840783e-06,5.22897126e-07,0.5228971259999999,6.75772225e-07,9.95690803,10554.3225118,0.8796016421229137,6.75772225e-07,7.26628692e-07,0.7266286919999999
2395,3.70840783e-06,9.94057719,10537.011821400001,0.8781589619617669,3.70840783e-06,5.22897127e-07,0.5228971269999999,6.75772225e-07,9.95690803,10554.3225118,0.8796016421229137,6.75772225e-07,7.26628692e-07,0.7266286919999999
2396,3.70840783e-06,9.9405772,10537.011832,0.8781589628451753,3.70840783e-06,5.22897127e-07,0.5228971269999999,6.75772225e-07,9.95690803,10554.3225118,0.8796016421229137,6.75772225e-07,7.26628692e-07,0.7266286919999999
2397,3.70840783e-06,9.9405772,10537.011832,0.8781589628451753,3.70840783e-06,5.22897128e-07,0.522897128,6.75772225e-07,9.95690803,10554.3225118,0.8796016421229137,6.75772225e-07,7.26628692e-07,0.7266286919999999
2398,3.70840783e-06,9.94057721,10537.0118426,0.8781589637285837,3.70840783e-06,5.22897129e-07,0.522897129,6.75772225e-07,9.95690803,10554.3225118,0.8796016421229137,6.75772225e-07,7.26628692e-07,0.7266286919999999
2399,3.70840783e-06,9.94057722,10537.0118532,0.878158964611992,3.70840783e-06,5.22897129e-07,0.522897129,6.75772225e-07,9.95690804,10554.3225224,0.8796016430063223,6.75772225e-07,7.26628692e-07,0.7266286919999999
2400,3.70840783e-06,9.94057723,10537.0118638,0.8781589654954005,3.70840783e-06,5.2289713e-07,0.5228971299999999,6.75772225e-07,9.95690804,10554.3225224,0.8796016430063223,6.75772225e-07,7.26628692e-07,0.7266286919999999
2401,3.70840783e-06,9.94057723,10537.0118638,0.8781589654954005,3.70840783e-06,5.2289713e-07,0.5228971299999999,6.75772225e-07,9.95690804,10554.3225224,0.8796016430063223,6.75772225e-07,7.26628693e-07,0.726628693
2402,3.70840783e-06,9.94057724,10537.0118744,0.8781589663788089,3.70840783e-06,5.22897131e-07,0.522897131,6.75772225e-07,9.95690804,10554.3225224,0.8796016430063223,6.75772225e-07,7.26628693e-07,0.726628693
2403,3.70840783e-06,9.94057724,10537.0118744,0.8781589663788089,3.70840783e-06,5.22897131e-07,0.522897131,6.75772225e-07,9.95690804,10554.3225224,0.8796016430063223,6.75772225e-07,7.26628693e-07,0.726628693
2404,3.70840783e-06,9.94057724,10537.0118744,0.8781589663788089,3.70840783e-06,5.22897131e-07,0.522897131,6.75772225e-07,9.95690804,10554.3225224,0.8796016430063223,6.75772225e-07,7.26628693e-07,0.726628693
2405,3.70840783e-06,9.94057723,10537.0118638,0.8781589654954005,3.70840783e-06,5.22897132e-07,0.522897132,6.75772225e-07,9.95690804,10554.3225224,0.8796016430063223,6.75772225e-07,7.26628693e-07,0.726628693
2406,3.70840783e-06,9.94057724,10537.0118744,0.8781589663788089,3.70840783e-06,5.22897132e-07,0.522897132,6.75772225e-07,9.95690804,10554.3225224,0.8796016430063223,6.75772225e-07,7.26628693e-07,0.726628693
2407,3.70840783e-06,9.94057724,10537.0118744,0.8781589663788089,3.70840783e-06,5.22897132e-07,0.522897132,6.75772225e-07,9.95690804,10554.3225224,0.8796016430063223,6.75772225e-07,7.26628693e-07,0.726628693
2408,3.70840783e-06,9.94057724,10537.0118744,0.8781589663788089,3.70840783e-06,5.22897133e-07,0.522897133,6.75772225e-07,9.95690804,10554.3225224,0.8796016430063223,6.75772225e-07,7.26628693e-07,0.726628693
2409,3.70840783e-06,9.94057723,10537.0118638,0.8781589654954005,3.70840783e-06,5.22897133e-07,0.522897133,6.75772225e-07,9.95690804,10554.3225224,0.8796016430063223,6.75772225e-07,7.26628693e-07,0.726628693
2410,3.70840783e-06,9.94057724,10537.0118744,0.8781589663788089,3.70840783e-06,5.22897134e-07,0.5228971339999999,6.75772225e-07,9.95690804,10554.3225224,0.8796016430063223,6.75772225e-07,7.26628693e-07,0.726628693
2411,3.70840783e-06,9.94057724,10537.0118744,0.8781589663788089,3.70840783e-06,5.22897134e-07,0.5228971339999999,6.75772225e-07,9.95690804,10554.3225224,0.8796016430063223,6.75772225e-07,7.26628693e-07,0.726628693
2412,3.70840783e-06,9.94057724,10537.0118744,0.8781589663788089,3.70840783e-06,5.22897135e-07,0.522897135,6.75772225e-07,9.95690804,10554.3225224,0.8796016430063223,6.75772225e-07,7.26628694e-07,0.726628694
2413,3.70840783e-06,9.94057723,10537.0118638,0.8781589654954005,3.70840783e-06,5.22897135e-07,0.522897135,6.75772225e-07,9.95690804,10554.3225224,0.8796016430063223,6.75772225e-07,7.26628694e-07,0.726628694
2414,3.70840783e-06,9.94057723,10537.0118638,0.8781589654954005,3.70840783e-06,5.22897136e-07,0.522897136,6.75772225e-07,9.95690804,10554.3225224,0.8796016430063223,6.75772225e-07,7.26628694e-07,0.726628694
2415,3.70840783e-06,9.94057724,10537.0118744,0.8781589663788089,3.70840783e-06,5.22897136e-07,0.522897136,6.75772225e-07,9.95690804,10554.3225224,0.8796016430063223,6.75772225e-07,7.26628694e-07,0.726628694
2416,3.70840783e-06,9.94057725,10537.011885,0.8781589672622173,3.70840783e-06,5.22897137e-07,0.522897137,6.75772225e-07,9.95690804,10554.3225224,0.8796016430063223,6.75772225e-07,7.26628694e-07,0.726628694
2417,3.70840783e-06,9.94057725,10537.011885,0.8781589672622173,3.70840783e-06,5.22897137e-07,0.522897137,6.75772225e-07,9.95690804,10554.3225224,0.8796016430063223,6.75772225e-07,7.26628694e-07,0.726628694
2418,3.70840783e-06,9.94057726,10537.011895599999,0.8781589681456257,3.70840783e-06,5.22897137e-07,0.522897137,6.75772225e-07,9.95690804,10554.3225224,0.8796016430063223,6.75772225e-07,7.26628694e-07,0.726628694
2419,3.70840783e-06,9.94057727,10537.011906200001,0.8781589690290342,3.70840783e-06,5.22897137e-07,0.522897137,6.75772225e-07,9.95690804,10554.3225224,0.8796016430063223,6.75772225e-07,7.26628694e-07,0.726628694
2420,3.70840783e-06,9.94057727,10537.011906200001,0.8781589690290342,3.70840783e-06,5.22897137e-07,0.522897137,6.75772225e-07,9.95690804,10554.3225224,0.8796016430063223,6.75772225e-07,7.26628694e-07,0.726628694
2421,3.70840783e-06,9.94057728,10537.0119168,0.8781589699124426,3.70840783e-06,5.22897137e-07,0.522897137,6.75772225e-07,9.95690804,10554.3225224,0.8796016430063223,6.75772225e-07,7.26628694e-07,0.726628694
2422,3.70840783e-06,9.94057728,10537.0119168,0.8781589699124426,3.70840783e-06,5.22897137e-07,0.522897137,6.75772225e-07,9.95690804,10554.3225224,0.8796016430063223,6.75772225e-07,7.26628694e-07,0.726628694
2423,3.70840783e-06,9.94057729,10537.0119274,0.878158970795851,3.70840783e-06,5.22897137e-07,0.522897137,6.75772225e-07,9.95690804,10554.3225224,0.8796016430063223,6.75772225e-07,7.26628694e-07,0.726628694
2424,3.70840783e-06,9.94057729,10537.0119274,0.878158970795851,3.70840783e-06,5.22897137e-07,0.522897137,6.75772225e-07,9.95690804,10554.3225224,0.8796016430063223,6.75772225e-07,7.26628694e-07,0.726628694
2425,3.70840783e-06,9.94057729,10537.0119274,0.878158970795851,3.70840783e-06,5.22897137e-07,0.522897137,6.75772225e-07,9.95690804,10554.3225224,0.8796016430063223,6.75772225e-07,7.26628694e-07,0.726628694
2426,3.70840783e-06,9.94057728,10537.0119168,0.8781589699124426,3.70840783e-06,5.22897137e-07,0.522897137,6.75772225e-07,9.95690804,10554.3225224,0.8796016430063223,6.75772225e-07,7.26628694e-07,0.726628694
2427,3.70840783e-06,9.94057729,10537.0119274,0.878158970795851,3.70840783e-06,5.22897137e-07,0.522897137,6.75772225e-07,9.95690804,10554.3225224,0.8796016430063223,6.75772225e-07,7.26628694e-07,0.726628694
2428,3.70840783e-06,9.94057729,10537.0119274,0.878158970795851,3.70840783e-06,5.22897136e-07,0.522897136,6.75772225e-07,9.95690804,10554.3225224,0.8796016430063223,6.75772225e-07,7.26628694e-07,0.726628694
2429,3.70840783e-06,9.94057729,10537.0119274,0.878158970795851,3.70840783e-06,5.22897136e-07,0.522897136,6.75772225e-07,9.95690804,10554.3225224,0.8796016430063223,6.75772225e-07,7.26628694e-07,0.726628694
2430,3.70840783e-06,9.94057728,10537.0119168,0.8781589699124426,3.70840783e-06,5.22897136e-07,0.522897136,6.75772225e-07,9.95690804,10554.3225224,0.8796016430063223,6.75772225e-07,7.26628694e-07,0.726628694
2431,3.70840783e-06,9.94057728,10537.0119168,0.8781589699124426,3.70840783e-06,5.22897136e-07,0.522897136,6.75772225e-07,9.95690804,10554.3225224,0.8796016430063223,6.75772225e-07,7.26628694e-07,0.726628694
2432,3.70840783e-06,9.94057726,10537.011895599999,0.8781589681456257,3.70840783e-06,5.22897136e-07,0.522897136,6.75772225e-07,9.95690803,10554.3225118,0.8796016421229137,6.75772225e-07,7.26628694e-07,0.726628694
2433,3.70840783e-06,9.94057727,10537.011906200001,0.8781589690290342,3.70840783e-06,5.22897136e-07,0.522897136,6.75772225e-07,9.95690804,10554.3225224,0.8796016430063223,6.75772225e-07,7.26628694e-07,0.726628694
2434,3.70840783e-06,9.94057727,10537.011906200001,0.8781589690290342,3.70840783e-06,5.22897136e-07,0.522897136,6.75772225e-07,9.95690804,10554.3225224,0.8796016430063223,6.75772225e-07,7.26628694e-07,0.726628694
2435,3.70840783e-06,9.94057725,10537.011885,0.8781589672622173,3.70840783e-06,5.22897136e-07,0.522897136,6.75772225e-07,9.95690803,10554.3225118,0.8796016421229137,6.75772225e-07,7.26628694e-07,0.726628694
2436,3.70840783e-06,9.94057726,10537.011895599999,0.8781589681456257,3.70840783e-06,5.22897136e-07,0.522897136,6.75772225e-07,9.95690804,10554.3225224,0.8796016430063223,6.75772225e-07,7.26628694e-07,0.726628694
2437,3.70840783e-06,9.94057727,10537.011906200001,0.8781589690290342,3.70840783e-06,5.22897137e-07,0.522897137,6.75772225e-07,9.95690804,10554.3225224,0.8796016430063223,6.75772225e-07,7.26628694e-07,0.726628694
2438,3.70840783e-06,9.94057727,10537.011906200001,0.8781589690290342,3.70840783e-06,5.22897137e-07,0.522897137,6.75772225e-07,9.95690804,10554.3225224,0.8796016430063223,6.75772225e-07,7.26628694e-07,0.726628694
2439,3.70840783e-06,9.94057727,10537.011906200001,0.8781589690290342,3.70840783e-06,5.22897137e-07,0.522897137,6.75772225e-07,9.95690804,10554.3225224,0.8796016430063223,6.75772225e-07,7.26628694e-07,0.726628694
2440,3.70840783e-06,9.94057725,10537.011885,0.8781589672622173,3.70840783e-06,5.22897137e-07,0.522897137,6.75772225e-07,9.95690804,10554.3225224,0.8796016430063223,6.75772225e-07,7.26628694e-07,0.726628694
2441,3.70840783e-06,9.94057726,10537.011895599999,0.8781589681456257,3.70840783e-06,5.22897137e-07,0.522897137,6.75772225e-07,9.95690804,10554.3225224,0.8796016430063223,6.75772225e-07,7.26628694e-07,0.726628694
2442,3.70840783e-06,9.94057727,10537.011906200001,0.8781589690290342,3.70840783e-06,5.22897137e-07,0.522897137,6.75772225e-07,9.95690804,10554.3225224,0.8796016430063223,6.75772225e-07,7.26628694e-07,0.726628694
2443,3.70840783e-06,9.94057727,10537.011906200001,0.8781589690290342,3.70840783e-06,5.22897137e-07,0.522897137,6.75772225e-07,9.95690804,10554.3225224,0.8796016430063223,6.75772225e-07,7.26628694e-07,0.726628694
2444,3.70840783e-06,9.94057728,10537.0119168,0.8781589699124426,3.70840783e-06,5.22897137e-07,0.522897137,6.75772225e-07,9.95690804,10554.3225224,0.8796016430063223,6.75772225e-07,7.26628694e-07,0.726628694
2445,3.70840783e-06,9.94057728,10537.0119168,0.8781589699124426,3.70840783e-06,5.22897137e-07,0.522897137,6.75772225e-07,9.95690805,10554.322532999999,0.8796016438897305,6.75772225e-07,7.26628694e-07,0.726628694
2446,3.70840783e-06,9.94057729,10537.0119274,0.878158970795851,3.70840783e-06,5.22897137e-07,0.522897137,6.75772225e-07,9.95690805,10554.322532999999,0.8796016438897305,6.75772225e-07,7.26628694e-07,0.726628694
2447,3.70840783e-06,9.94057729,10537.0119274,0.878158970795851,3.70840783e-06,5.22897137e-07,0.522897137,6.75772225e-07,9.95690805,10554.322532999999,0.8796016438897305,6.75772225e-07,7.26628694e-07,0.726628694
2448,3.70840783e-06,9.94057727,10537.011906200001,0.8781589690290342,3.70840783e-06,5.22897136e-07,0.522897136,6.75772225e-07,9.95690805,10554.322532999999,0.8796016438897305,6.75772225e-07,7.26628695e-07,0.7266286949999999
2449,3.70840783e-06,9.94057728,10537.0119168,0.8781589699124426,3.70840783e-06,5.22897136e-07,0.522897136,6.75772225e-07,9.95690805,10554.322532999999,0.8796016438897305,6.75772225e-07,7.26628695e-07,0.7266286949999999
2450,3.70840783e-06,9.94057728,10537.0119168,0.8781589699124426,3.70840783e-06,5.22897136e-07,0.522897136,6.75772225e-07,9.95690805,10554.322532999999,0.8796016438897305,6.75772225e-07,7.26628695e-07,0.7266286949999999
2451,3.70840783e-06,9.94057726,10537.011895599999,0.8781589681456257,3.70840783e-06,5.22897136e-07,0.522897136,6.75772225e-07,9.95690805,10554.322532999999,0.8796016438897305,6.75772225e-07,7.26628695e-07,0.7266286949999999
2452,3.70840783e-06,9.94057727,10537.011906200001,0.8781589690290342,3.70840783e-06,5.22897137e-07,0.522897137,6.75772225e-07,9.95690805,10554.322532999999,0.8796016438897305,6.75772225e-07,7.26628695e-07,0.7266286949999999
2453,3.70840783e-06,9.94057728,10537.0119168,0.8781589699124426,3.70840783e-06,5.22897137e-07,0.522897137,6.75772225e-07,9.95690805,10554.322532999999,0.8796016438897305,6.75772225e-07,7.26628695e-07,0.7266286949999999
2454,3.70840783e-06,9.94057728,10537.0119168,0.8781589699124426,3.70840783e-06,5.22897137e-07,0.522897137,6.75772225e-07,9.95690805,10554.322532999999,0.8796016438897305,6.75772225e-07,7.26628695e-07,0.7266286949999999
2455,3.70840783e-06,9.94057726,10537.011895599999,0.8781589681456257,3.70840783e-06,5.22897137e-07,0.522897137,6.75772225e-07,9.95690805,10554.322532999999,0.8796016438897305,6.75772225e-07,7.26628695e-07,0.7266286949999999
2456,3.70840783e-06,9.94057727,10537.011906200001,0.8781589690290342,3.70840783e-06,5.22897137e-07,0.522897137,6.75772225e-07,9.95690805,10554.322532999999,0.8796016438897305,6.75772225e-07,7.26628695e-07,0.7266286949999999
2457,3.70840783e-06,9.94057727,10537.011906200001,0.8781589690290342,3.70840783e-06,5.22897137e-07,0.522897137,6.75772225e-07,9.95690805,10554.322532999999,0.8796016438897305,6.75772225e-07,7.26628695e-07,0.7266286949999999
2458,3.70840783e-06,9.94057728,10537.0119168,0.8781589699124426,3.70840783e-06,5.22897137e-07,0.522897137,6.75772225e-07,9.95690805,10554.322532999999,0.8796016438897305,6.75772225e-07,7.26628695e-07,0.7266286949999999
2459,3.70840783e-06,9.94057728,10537.0119168,0.8781589699124426,3.70840783e-06,5.22897137e-07,0.522897137,6.75772225e-07,9.95690805,10554.322532999999,0.8796016438897305,6.75772225e-07,7.26628695e-07,0.7266286949999999
2460,3.70840783e-06,9.94057729,10537.0119274,0.878158970795851,3.70840783e-06,5.22897137e-07,0.522897137,6.75772225e-07,9.95690805,10554.322532999999,0.8796016438897305,6.75772225e-07,7.26628695e-07,0.7266286949999999
2461,3.70840783e-06,9.94057729,10537.0119274,0.878158970795851,3.70840783e-06,5.22897137e-07,0.522897137,6.75772225e-07,9.95690805,10554.322532999999,0.8796016438897305,6.75772225e-07,7.26628695e-07,0.7266286949999999
2462,3.70840783e-06,9.9405773,10537.011938,0.8781589716792594,3.70840783e-06,5.22897137e-07,0.522897137,6.75772225e-07,9.95690805,10554.322532999999,0.8796016438897305,6.75772225e-07,7.26628695e-07,0.7266286949999999
2463,3.70840783e-06,9.9405773,10537.011938,0.8781589716792594,3.70840783e-06,5.22897137e-07,0.522897137,6.75772225e-07,9.95690805,10554.322532999999,0.8796016438897305,6.75772225e-07,7.26628695e-07,0.7266286949999999
2464,3.70840783e-06,9.94057731,10537.0119486,0.8781589725626678,3.70840783e-06,5.22897136e-07,0.522897136,6.75772225e-07,9.95690805,10554.322532999999,0.8796016438897305,6.75772225e-07,7.26628695e-07,0.7266286949999999
2465,3.70840783e-06,9.94057731,10537.0119486,0.8781589725626678,3.70840783e-06,5.22897136e-07,0.522897136,6.75772225e-07,9.95690805,10554.322532999999,0.8796016438897305,6.75772225e-07,7.26628695e-07,0.7266286949999999
2466,3.70840783e-06,9.94057729,10537.0119274,0.878158970795851,3.70840783e-06,5.22897136e-07,0.522897136,6.75772225e-07,9.95690805,10554.322532999999,0.8796016438897305,6.75772225e-07,7.26628695e-07,0.7266286949999999
2467,3.70840783e-06,9.9405773,10537.011938,0.8781589716792594,3.70840783e-06,5.22897136e-07,0.522897136,6.75772225e-07,9.95690805,10554.322532999999,0.8796016438897305,6.75772225e-07,7.26628695e-07,0.7266286949999999
2468,3.70840783e-06,9.9405773,10537.011938,0.8781589716792594,3.70840783e-06,5.22897136e-07,0.522897136,6.75772225e-07,9.95690805,10554.322532999999,0.8796016438897305,6.75772225e-07,7.26628695e-07,0.7266286949999999
2469,3.70840783e-06,9.94057729,10537.0119274,0.878158970795851,3.70840783e-06,5.22897136e-07,0.522897136,6.75772225e-07,9.95690805,10554.322532999999,0.8796016438897305,6.75772225e-07,7.26628695e-07,0.7266286949999999
2470,3.70840783e-06,9.9405773,10537.011938,0.8781589716792594,3.70840783e-06,5.22897136e-07,0.522897136,6.75772225e-07,9.95690805,10554.322532999999,0.8796016438897305,6.75772225e-07,7.26628695e-07,0.7266286949999999
2471,3.70840783e-06,9.9405773,10537.011938,0.8781589716792594,3.70840783e-06,5.22897136e-07,0.522897136,6.75772225e-07,9.95690805,10554.322532999999,0.8796016438897305,6.75772225e-07,7.26628695e-07,0.7266286949999999
2472,3.70840783e-06,9.94057731,10537.0119486,0.8781589725626678,3.70840783e-06,5.22897136e-07,0.522897136,6.75772225e-07,9.95690805,10554.322532999999,0.8796016438897305,6.75772225e-07,7.26628695e-07,0.7266286949999999
2473,3.70840783e-06,9.94057731,10537.0119486,0.8781589725626678,3.70840783e-06,5.22897136e-07,0.522897136,6.75772225e-07,9.95690804,10554.3225224,0.8796016430063223,6.75772225e-07,7.26628695e-07,0.7266286949999999
2474,3.70840783e-06,9.94057731,10537.0119486,0.8781589725626678,3.70840783e-06,5.22897136e-07,0.522897136,6.75772225e-07,9.95690804,10554.3225224,0.8796016430063223,6.75772225e-07,7.26628695e-07,0.7266286949999999
2475,3.70840783e-06,9.94057732,10537.0119592,0.8781589734460762,3.70840783e-06,5.22897135e-07,0.522897135,6.75772225e-07,9.95690804,10554.3225224,0.8796016430063223,6.75772225e-07,7.26628695e-07,0.7266286949999999
2476,3.70840783e-06,9.94057732,10537.0119592,0.8781589734460762,3.70840783e-06,5.22897135e-07,0.522897135,6.75772225e-07,9.95690804,10554.3225224,0.8796016430063223,6.75772225e-07,7.26628695e-07,0.7266286949999999
2477,3.70840783e-06,9.94057733,10537.0119698,0.8781589743294846,3.70840783e-06,5.22897135e-07,0.522897135,6.75772225e-07,9.95690804,10554.3225224,0.8796016430063223,6.75772225e-07,7.26628695e-07,0.7266286949999999
2478,3.70840783e-06,9.94057733,10537.0119698,0.8781589743294846,3.70840783e-06,5.22897134e-07,0.5228971339999999,6.75772225e-07,9.95690804,10554.3225224,0.8796016430063223,6.75772225e-07,7.26628695e-07,0.7266286949999999
2479,3.70840783e-06,9.94057733,10537.0119698,0.8781589743294846,3.70840783e-06,5.22897134e-07,0.5228971339999999,6.75772225e-07,9.95690804,10554.3225224,0.8796016430063223,6.75772225e-07,7.26628695e-07,0.7266286949999999
2480,3.70840783e-06,9.94057732,10537.0119592,0.8781589734460762,3.70840783e-06,5.22897134e-07,0.5228971339999999,6.75772225e-07,9.95690804,10554.3225224,0.8796016430063223,6.75772225e-07,7.26628695e-07,0.7266286949999999
2481,3.70840783e-06,9.94057732,10537.0119592,0.8781589734460762,3.70840783e-06,5.22897134e-07,0.5228971339999999,6.75772225e-07,9.95690804,10554.3225224,0.8796016430063223,6.75772225e-07,7.26628695e-07,0.7266286949999999
2482,3.70840783e-06,9.94057732,10537.0119592,0.8781589734460762,3.70840783e-06,5.22897133e-07,0.522897133,6.75772225e-07,9.95690804,10554.3225224,0.8796016430063223,6.75772225e-07,7.26628695e-07,0.7266286949999999
2483,3.70840783e-06,9.94057731,10537.0119486,0.8781589725626678,3.70840783e-06,5.22897133e-07,0.522897133,6.75772225e-07,9.95690804,10554.3225224,0.8796016430063223,6.75772225e-07,7.26628695e-07,0.7266286949999999
2484,3.70840783e-06,9.94057731,10537.0119486,0.8781589725626678,3.70840783e-06,5.22897133e-07,0.522897133,6.75772225e-07,9.95690804,10554.3225224,0.8796016430063223,6.75772225e-07,7.26628695e-07,0.7266286949999999
2485,3.70840783e-06,9.9405773,10537.011938,0.8781589716792594,3.70840783e-06,5.22897133e-07,0.522897133,6.75772225e-07,9.95690804,10554.3225224,0.8796016430063223,6.75772225e-07,7.26628695e-07,0.7266286949999999
2486,3.70840783e-06,9.94057731,10537.0119486,0.8781589725626678,3.70840783e-06,5.22897133e-07,0.522897133,6.75772225e-07,9.95690804,10554.3225224,0.8796016430063223,6.75772225e-07,7.26628695e-07,0.7266286949999999
2487,3.70840783e-06,9.94057731,10537.0119486,0.8781589725626678,3.70840783e-06,5.22897133e-07,0.522897133,6.75772225e-07,9.95690804,10554.3225224,0.8796016430063223,6.75772225e-07,7.26628695e-07,0.7266286949999999
2488,3.70840783e-06,9.9405773,10537.011938,0.8781589716792594,3.70840783e-06,5.22897133e-07,0.522897133,6.75772225e-07,9.95690804,10554.3225224,0.8796016430063223,6.75772225e-07,7.26628695e-07,0.7266286949999999
2489,3.70840783e-06,9.9405773,10537.011938,0.8781589716792594,3.70840783e-06,5.22897134e-07,0.5228971339999999,6.75772225e-07,9.95690804,10554.3225224,0.8796016430063223,6.75772225e-07,7.26628695e-07,0.7266286949999999
2490,3.70840783e-06,9.94057731,10537.0119486,0.8781589725626678,3.70840783e-06,5.22897134e-07,0.5228971339999999,6.75772225e-07,9.95690804,10554.3225224,0.8796016430063223,6.75772225e-07,7.26628695e-07,0.7266286949999999
2491,3.70840783e-06,9.94057731,10537.0119486,0.8781589725626678,3.70840783e-06,5.22897134e-07,0.5228971339999999,6.75772225e-07,9.95690804,10554.3225224,0.8796016430063223,6.75772225e-07,7.26628695e-07,0.7266286949999999
2492,3.70840783e-06,9.94057732,10537.0119592,0.8781589734460762,3.70840783e-06,5.22897134e-07,0.5228971339999999,6.75772225e-07,9.95690804,10554.3225224,0.8796016430063223,6.75772225e-07,7.26628695e-07,0.7266286949999999
2493,3.70840783e-06,9.94057732,10537.0119592,0.8781589734460762,3.70840783e-06,5.22897134e-07,0.5228971339999999,6.75772225e-07,9.95690804,10554.3225224,0.8796016430063223,6.75772225e-07,7.26628695e-07,0.7266286949999999
2494,3.70840783e-06,9.9405773,10537.011938,0.8781589716792594,3.70840783e-06,5.22897134e-07,0.5228971339999999,6.75772225e-07,9.95690804,10554.3225224,0.8796016430063223,6.75772225e-07,7.26628695e-07,0.7266286949999999
2495,3.70840783e-06,9.94057731,10537.0119486,0.8781589725626678,3.70840783e-06,5.22897134e-07,0.5228971339999999,6.75772225e-07,9.95690804,10554.3225224,0.8796016430063223,6.75772225e-07,7.26628695e-07,0.7266286949999999
2496,3.70840783e-06,9.94057731,10537.0119486,0.8781589725626678,3.70840783e-06,5.22897134e-07,0.5228971339999999,6.75772225e-07,9.95690804,10554.3225224,0.8796016430063223,6.75772225e-07,7.26628695e-07,0.7266286949999999
2497,3.70840783e-06,9.9405773,10537.011938,0.8781589716792594,3.70840783e-06,5.22897135e-07,0.522897135,6.75772225e-07,9.95690804,10554.3225224,0.8796016430063223,6.75772225e-07,7.26628695e-07,0.7266286949999999
2498,3.70840783e-06,9.9405773,10537.011938,0.8781589716792594,3.70840783e-06,5.22897135e-07,0.522897135,6.75772225e-07,9.95690804,10554.3225224,0.8796016430063223,6.75772225e-07,7.26628695e-07,0.7266286949999999
2499,3.70840783e-06,9.94057731,10537.0119486,0.8781589725626678,3.70840783e-06,5.22897135e-07,0.522897135,6.75772225e-07,9.95690805,10554.322532999999,0.8796016438897305,6.75772225e-07,7.26628695e-07,0.7266286949999999
2500,3.70840783e-06,9.94057731,10537.0119486,0.8781589725626678,3.70840783e-06,5.22897135e-07,0.522897135,6.75772225e-07,9.95690805,10554.322532999999,0.8796016438897305,6.75772225e-07,7.26628695e-07,0.7266286949999999
2501,3.70840783e-06,9.94057731,10537.0119486,0.8781589725626678,3.70840783e-06,5.22897135e-07,0.522897135,6.75772225e-07,9.95690805,10554.322532999999,0.8796016438897305,6.75772225e-07,7.26628695e-07,0.7266286949999999
2502,3.70840783e-06,9.94057732,10537.0119592,0.8781589734460762,3.70840783e-06,5.22897135e-07,0.522897135,6.75772225e-07,9.95690805,10554.322532999999,0.8796016438897305,6.75772225e-07,7.26628695e-07,0.7266286949999999
2503,3.70840783e-06,9.94057732,10537.0119592,0.8781589734460762,3.70840783e-06,5.22897135e-07,0.522897135,6.75772225e-07,9.95690805,10554.322532999999,0.8796016438897305,6.75772225e-07,7.26628695e-07,0.7266286949999999
2504,3.70840783e-06,9.94057733,10537.0119698,0.8781589743294846,3.70840783e-06,5.22897135e-07,0.522897135,6.75772225e-07,9.95690805,10554.322532999999,0.8796016438897305,6.75772225e-07,7.26628695e-07,0.7266286949999999
2505,3.70840783e-06,9.94057733,10537.0119698,0.8781589743294846,3.70840783e-06,5.22897135e-07,0.522897135,6.75772225e-07,9.95690805,10554.322532999999,0.8796016438897305,6.75772225e-07,7.26628695e-07,0.7266286949999999
2506,3.70840783e-06,9.94057733,10537.0119698,0.8781589743294846,3.70840783e-06,5.22897135e-07,0.522897135,6.75772225e-07,9.95690805,10554.322532999999,0.8796016438897305,6.75772225e-07,7.26628695e-07,0.7266286949999999
2507,3.70840783e-06,9.94057734,10537.0119804,0.8781589752128932,3.70840783e-06,5.22897135e-07,0.522897135,6.75772225e-07,9.95690805,10554.322532999999,0.8796016438897305,6.75772225e-07,7.26628695e-07,0.7266286949999999
2508,3.70840783e-06,9.94057734,10537.0119804,0.8781589752128932,3.70840783e-06,5.22897135e-07,0.522897135,6.75772225e-07,9.95690805,10554.322532999999,0.8796016438897305,6.75772225e-07,7.26628695e-07,0.7266286949999999
2509,3.70840783e-06,9.94057735,10537.011991,0.8781589760963014,3.70840783e-06,5.22897134e-07,0.5228971339999999,6.75772225e-07,9.95690805,10554.322532999999,0.8796016438897305,6.75772225e-07,7.26628695e-07,0.7266286949999999
2510,3.70840783e-06,9.94057735,10537.011991,0.8781589760963014,3.70840783e-06,5.22897134e-07,0.5228971339999999,6.75772225e-07,9.95690805,10554.322532999999,0.8796016438897305,6.75772225e-07,7.26628695e-07,0.7266286949999999
2511,3.70840783e-06,9.94057734,10537.0119804,0.8781589752128932,3.70840783e-06,5.22897134e-07,0.5228971339999999,6.75772225e-07,9.95690806,10554.3225436,0.8796016447731391,6.75772225e-07,7.26628695e-07,0.7266286949999999
2512,3.70840783e-06,9.94057734,10537.0119804,0.8781589752128932,3.70840783e-06,5.22897134e-07,0.5228971339999999,6.75772225e-07,9.95690806,10554.3225436,0.8796016447731391,6.75772225e-07,7.26628695e-07,0.7266286949999999
2513,3.70840783e-06,9.94057734,10537.0119804,0.8781589752128932,3.70840783e-06,5.22897133e-07,0.522897133,6.75772225e-07,9.95690806,10554.3225436,0.8796016447731391,6.75772225e-07,7.26628695e-07,0.7266286949999999
2514,3.70840783e-06,9.94057733,10537.0119698,0.8781589743294846,3.70840783e-06,5.22897133e-07,0.522897133,6.75772225e-07,9.95690806,10554.3225436,0.8796016447731391,6.75772225e-07,7.26628695e-07,0.7266286949999999
2515,3.70840783e-06,9.94057733,10537.0119698,0.8781589743294846,3.70840783e-06,5.22897133e-07,0.522897133,6.75772225e-07,9.95690806,10554.3225436,0.8796016447731391,6.75772225e-07,7.26628695e-07,0.7266286949999999
2516,3.70840783e-06,9.94057732,10537.0119592,0.8781589734460762,3.70840783e-06,5.22897133e-07,0.522897133,6.75772225e-07,9.95690806,10554.3225436,0.8796016447731391,6.75772225e-07,7.26628695e-07,0.7266286949999999
2517,3.70840783e-06,9.94057733,10537.0119698,0.8781589743294846,3.70840783e-06,5.22897134e-07,0.5228971339999999,6.75772225e-07,9.95690806,10554.3225436,0.8796016447731391,6.75772225e-07,7.26628695e-07,0.7266286949999999
2518,3.70840783e-06,9.94057733,10537.0119698,0.8781589743294846,3.70840783e-06,5.22897134e-07,0.5228971339999999,6.75772225e-07,9.95690806,10554.3225436,0.8796016447731391,6.75772225e-07,7.26628695e-07,0.7266286949999999
2519,3.70840783e-06,9.94057732,10537.0119592,0.8781589734460762,3.70840783e-06,5.22897134e-07,0.5228971339999999,6.75772225e-07,9.95690806,10554.3225436,0.8796016447731391,6.75772225e-07,7.26628695e-07,0.7266286949999999
2520,3.70840783e-06,9.94057732,10537.0119592,0.8781589734460762,3.70840783e-06,5.22897134e-07,0.5228971339999999,6.75772225e-07,9.95690806,10554.3225436,0.8796016447731391,6.75772225e-07,7.26628695e-07,0.7266286949999999
2521,3.70840783e-06,9.94057733,10537.0119698,0.8781589743294846,3.70840783e-06,5.22897134e-07,0.5228971339999999,6.75772225e-07,9.95690806,10554.3225436,0.8796016447731391,6.75772225e-07,7.26628695e-07,0.7266286949999999
2522,3.70840783e-06,9.94057733,10537.0119698,0.8781589743294846,3.70840783e-06,5.22897134e-07,0.5228971339999999,6.75772225e-07,9.95690806,10554.3225436,0.8796016447731391,6.75772225e-07,7.26628695e-07,0.7266286949999999
2523,3.70840783e-06,9.94057733,10537.0119698,0.8781589743294846,3.70840783e-06,5.22897134e-07,0.5228971339999999,6.75772225e-07,9.95690806,10554.3225436,0.8796016447731391,6.75772225e-07,7.26628695e-07,0.7266286949999999
2524,3.70840783e-06,9.94057732,10537.0119592,0.8781589734460762,3.70840783e-06,5.22897134e-07,0.5228971339999999,6.75772225e-07,9.95690806,10554.3225436,0.8796016447731391,6.75772225e-07,7.26628695e-07,0.7266286949999999
2525,3.70840783e-06,9.94057732,10537.0119592,0.8781589734460762,3.70840783e-06,5.22897135e-07,0.522897135,6.75772225e-07,9.95690806,10554.3225436,0.8796016447731391,6.75772225e-07,7.26628695e-07,0.7266286949999999
2526,3.70840783e-06,9.94057733,10537.0119698,0.8781589743294846,3.70840783e-06,5.22897135e-07,0.522897135,6.75772225e-07,9.95690806,10554.3225436,0.8796016447731391,6.75772225e-07,7.26628695e-07,0.7266286949999999
2527,3.70840783e-06,9.94057733,10537.0119698,0.8781589743294846,3.70840783e-06,5.22897135e-07,0.522897135,6.75772225e-07,9.95690806,10554.3225436,0.8796016447731391,6.75772225e-07,7.26628695e-07,0.7266286949999999
2528,3.70840783e-06,9.94057733,10537.0119698,0.8781589743294846,3.70840783e-06,5.22897135e-07,0.522897135,6.75772225e-07,9.95690806,10554.3225436,0.8796016447731391,6.75772225e-07,7.26628695e-07,0.7266286949999999
2529,3.70840783e-06,9.94057732,10537.0119592,0.8781589734460762,3.70840783e-06,5.22897135e-07,0.522897135,6.75772225e-07,9.95690806,10554.3225436,0.8796016447731391,6.75772225e-07,7.26628695e-07,0.7266286949999999
2530,3.70840783e-06,9.94057732,10537.0119592,0.8781589734460762,3.70840783e-06,5.22897135e-07,0.522897135,6.75772225e-07,9.95690806,10554.3225436,0.8796016447731391,6.75772225e-07,7.26628695e-07,0.7266286949999999
2531,3.70840783e-06,9.94057733,10537.0119698,0.8781589743294846,3.70840783e-06,5.22897136e-07,0.522897136,6.75772225e-07,9.95690806,10554.3225436,0.8796016447731391,6.75772225e-07,7.26628695e-07,0.7266286949999999
2532,3.70840783e-06,9.94057733,10537.0119698,0.8781589743294846,3.70840783e-06,5.22897136e-07,0.522897136,6.75772225e-07,9.95690806,10554.3225436,0.8796016447731391,6.75772225e-07,7.26628695e-07,0.7266286949999999
2533,3.70840783e-06,9.94057732,10537.0119592,0.8781589734460762,3.70840783e-06,5.22897136e-07,0.522897136,6.75772225e-07,9.95690806,10554.3225436,0.8796016447731391,6.75772225e-07,7.26628695e-07,0.7266286949999999
2534,3.70840783e-06,9.94057732,10537.0119592,0.8781589734460762,3.70840783e-06,5.22897136e-07,0.522897136,6.75772225e-07,9.95690806,10554.3225436,0.8796016447731391,6.75772225e-07,7.26628695e-07,0.7266286949999999
2535,3.70840783e-06,9.94057733,10537.0119698,0.8781589743294846,3.70840783e-06,5.22897136e-07,0.522897136,6.75772225e-07,9.95690806,10554.3225436,0.8796016447731391,6.75772225e-07,7.26628695e-07,0.7266286949999999
2536,3.70840783e-06,9.94057733,10537.0119698,0.8781589743294846,3.70840783e-06,5.22897136e-07,0.522897136,6.75772225e-07,9.95690806,10554.3225436,0.8796016447731391,6.75772225e-07,7.26628695e-07,0.7266286949999999
2537,3.70840783e-06,9.94057734,10537.0119804,0.8781589752128932,3.70840783e-06,5.22897136e-07,0.522897136,6.75772225e-07,9.95690806,10554.3225436,0.8796016447731391,6.75772225e-07,7.26628695e-07,0.7266286949999999
2538,3.70840783e-06,9.94057734,10537.0119804,0.8781589752128932,3.70840783e-06,5.22897136e-07,0.522897136,6.75772225e-07,9.95690805,10554.322532999999,0.8796016438897305,6.75772225e-07,7.26628695e-07,0.7266286949999999
2539,3.70840783e-06,9.94057734,10537.0119804,0.8781589752128932,3.70840783e-06,5.22897136e-07,0.522897136,6.75772225e-07,9.95690805,10554.322532999999,0.8796016438897305,6.75772225e-07,7.26628695e-07,0.7266286949999999
2540,3.70840783e-06,9.94057735,10537.011991,0.8781589760963014,3.70840783e-06,5.22897136e-07,0.522897136,6.75772225e-07,9.95690805,10554.322532999999,0.8796016438897305,6.75772225e-07,7.26628695e-07,0.7266286949999999
2541,3.70840783e-06,9.94057735,10537.011991,0.8781589760963014,3.70840783e-06,5.22897136e-07,0.522897136,6.75772225e-07,9.95690805,10554.322532999999,0.8796016438897305,6.75772225e-07,7.26628695e-07,0.7266286949999999
2542,3.70840783e-06,9.94057735,10537.011991,0.8781589760963014,3.70840783e-06,5.22897136e-07,0.522897136,6.75772225e-07,9.95690805,10554.322532999999,0.8796016438897305,6.75772225e-07,7.26628695e-07,0.7266286949999999
2543,3.70840783e-06,9.94057736,10537.0120016,0.87815897697971,3.70840783e-06,5.22897135e-07,0.522897135,6.75772225e-07,9.95690805,10554.322532999999,0.8796016438897305,6.75772225e-07,7.26628695e-07,0.7266286949999999
2544,3.70840783e-06,9.94057736,10537.0120016,0.87815897697971,3.70840783e-06,5.22897135e-07,0.522897135,6.75772225e-07,9.95690805,10554.322532999999,0.8796016438897305,6.75772225e-07,7.26628695e-07,0.7266286949999999
2545,3.70840783e-06,9.94057737,10537.012012199999,0.8781589778631184,3.70840783e-06,5.22897135e-07,0.522897135,6.75772225e-07,9.95690805,10554.322532999999,0.8796016438897305,6.75772225e-07,7.26628695e-07,0.7266286949999999
2546,3.70840783e-06,9.94057737,10537.012012199999,0.8781589778631184,3.70840783e-06,5.22897135e-07,0.522897135,6.75772225e-07,9.95690805,10554.322532999999,0.8796016438897305,6.75772225e-07,7.26628695e-07,0.7266286949999999
2547,3.70840783e-06,9.94057737,10537.012012199999,0.8781589778631184,3.70840783e-06,5.22897134e-07,0.5228971339999999,6.75772225e-07,9.95690805,10554.322532999999,0.8796016438897305,6.75772225e-07,7.26628695e-07,0.7266286949999999
2548,3.70840783e-06,9.94057736,10537.0120016,0.87815897697971,3.70840783e-06,5.22897134e-07,0.5228971339999999,6.75772225e-07,9.95690805,10554.322532999999,0.8796016438897305,6.75772225e-07,7.26628695e-07,0.7266286949999999
2549,3.70840783e-06,9.94057737,10537.012012199999,0.8781589778631184,3.70840783e-06,5.22897134e-07,0.5228971339999999,6.75772225e-07,9.95690805,10554.322532999999,0.8796016438897305,6.75772225e-07,7.26628695e-07,0.7266286949999999
2550,3.70840783e-06,9.94057738,10537.012022800001,0.8781589787465269,3.70840783e-06,5.22897134e-07,0.5228971339999999,6.75772225e-07,9.95690806,10554.3225436,0.8796016447731391,6.75772225e-07,7.26628695e-07,0.7266286949999999
2551,3.70840783e-06,9.94057738,10537.012022800001,0.8781589787465269,3.70840783e-06,5.22897134e-07,0.5228971339999999,6.75772225e-07,9.95690806,10554.3225436,0.8796016447731391,6.75772225e-07,7.26628695e-07,0.7266286949999999
2552,3.70840783e-06,9.94057736,10537.0120016,0.87815897697971,3.70840783e-06,5.22897133e-07,0.522897133,6.75772225e-07,9.95690806,10554.3225436,0.8796016447731391,6.75772225e-07,7.26628695e-07,0.7266286949999999
2553,3.70840783e-06,9.94057737,10537.012012199999,0.8781589778631184,3.70840783e-06,5.22897133e-07,0.522897133,6.75772225e-07,9.95690806,10554.3225436,0.8796016447731391,6.75772225e-07,7.26628695e-07,0.7266286949999999
2554,3.70840783e-06,9.94057737,10537.012012199999,0.8781589778631184,3.70840783e-06,5.22897133e-07,0.522897133,6.75772225e-07,9.95690806,10554.3225436,0.8796016447731391,6.75772225e-07,7.26628695e-07,0.7266286949999999
2555,3.70840783e-06,9.94057737,10537.012012199999,0.8781589778631184,3.70840783e-06,5.22897133e-07,0.522897133,6.75772225e-07,9.95690806,10554.3225436,0.8796016447731391,6.75772225e-07,7.26628695e-07,0.7266286949999999
2556,3.70840783e-06,9.94057736,10537.0120016,0.87815897697971,3.70840783e-06,5.22897133e-07,0.522897133,6.75772225e-07,9.95690806,10554.3225436,0.8796016447731391,6.75772225e-07,7.26628695e-07,0.7266286949999999
2557,3.70840783e-06,9.94057737,10537.012012199999,0.8781589778631184,3.70840783e-06,5.22897133e-07,0.522897133,6.75772225e-07,9.95690806,10554.3225436,0.8796016447731391,6.75772225e-07,7.26628695e-07,0.7266286949999999
2558,3.70840783e-06,9.94057737,10537.012012199999,0.8781589778631184,3.70840783e-06,5.22897133e-07,0.522897133,6.75772225e-07,9.95690806,10554.3225436,0.8796016447731391,6.75772225e-07,7.26628695e-07,0.7266286949999999
2559,3.70840783e-06,9.94057735,10537.011991,0.8781589760963014,3.70840783e-06,5.22897133e-07,0.522897133,6.75772225e-07,9.95690806,10554.3225436,0.8796016447731391,6.75772225e-07,7.26628695e-07,0.7266286949999999
2560,3.70840783e-06,9.94057736,10537.0120016,0.87815897697971,3.70840783e-06,5.22897133e-07,0.522897133,6.75772225e-07,9.95690806,10554.3225436,0.8796016447731391,6.75772225e-07,7.26628695e-07,0.7266286949999999
2561,3.70840783e-06,9.94057736,10537.0120016,0.87815897697971,3.70840783e-06,5.22897133e-07,0.522897133,6.75772225e-07,9.95690806,10554.3225436,0.8796016447731391,6.75772225e-07,7.26628694e-07,0.726628694
2562,3.70840783e-06,9.94057736,10537.0120016,0.87815897697971,3.70840783e-06,5.22897133e-07,0.522897133,6.75772225e-07,9.95690806,10554.3225436,0.8796016447731391,6.75772225e-07,7.26628694e-07,0.726628694
2563,3.70840783e-06,9.94057735,10537.011991,0.8781589760963014,3.70840783e-06,5.22897133e-07,0.522897133,6.75772225e-07,9.95690806,10554.3225436,0.8796016447731391,6.75772225e-07,7.26628694e-07,0.726628694
2564,3.70840783e-06,9.94057736,10537.0120016,0.87815897697971,3.70840783e-06,5.22897133e-07,0.522897133,6.75772225e-07,9.95690806,10554.3225436,0.8796016447731391,6.75772225e-07,7.26628694e-07,0.726628694
2565,3.70840783e-06,9.94057736,10537.0120016,0.87815897697971,3.70840783e-06,5.22897133e-07,0.522897133,6.75772225e-07,9.95690806,10554.3225436,0.8796016447731391,6.75772225e-07,7.26628694e-07,0.726628694
2566,3.70840783e-06,9.94057734,10537.0119804,0.8781589752128932,3.70840783e-06,5.22897133e-07,0.522897133,6.75772225e-07,9.95690806,10554.3225436,0.8796016447731391,6.75772225e-07,7.26628694e-07,0.726628694
2567,3.70840783e-06,9.94057735,10537.011991,0.8781589760963014,3.70840783e-06,5.22897133e-07,0.522897133,6.75772225e-07,9.95690806,10554.3225436,0.8796016447731391,6.75772225e-07,7.26628695e-07,0.7266286949999999
2568,3.70840783e-06,9.94057735,10537.011991,0.8781589760963014,3.70840783e-06,5.22897133e-07,0.522897133,6.75772225e-07,9.95690806,10554.3225436,0.8796016447731391,6.75772225e-07,7.26628695e-07,0.7266286949999999
2569,3.70840783e-06,9.94057736,10537.0120016,0.87815897697971,3.70840783e-06,5.22897133e-07,0.522897133,6.75772225e-07,9.95690806,10554.3225436,0.8796016447731391,6.75772225e-07,7.26628695e-07,0.7266286949999999
2570,3.70840783e-06,9.94057736,10537.0120016,0.87815897697971,3.70840783e-06,5.22897133e-07,0.522897133,6.75772225e-07,9.95690806,10554.3225436,0.8796016447731391,6.75772225e-07,7.26628694e-07,0.726628694
2571,3.70840783e-06,9.94057736,10537.0120016,0.87815897697971,3.70840783e-06,5.22897133e-07,0.522897133,6.75772225e-07,9.95690806,10554.3225436,0.8796016447731391,6.75772225e-07,7.26628694e-07,0.726628694
2572,3.70840783e-06,9.94057737,10537.012012199999,0.8781589778631184,3.70840783e-06,5.22897133e-07,0.522897133,6.75772225e-07,9.95690806,10554.3225436,0.8796016447731391,6.75772225e-07,7.26628694e-07,0.726628694
2573,3.70840783e-06,9.94057737,10537.012012199999,0.8781589778631184,3.70840783e-06,5.22897133e-07,0.522897133,6.75772225e-07,9.95690806,10554.3225436,0.8796016447731391,6.75772225e-07,7.26628694e-07,0.726628694
2574,3.70840783e-06,9.94057737,10537.012012199999,0.8781589778631184,3.70840783e-06,5.22897133e-07,0.522897133,6.75772225e-07,9.95690806,10554.3225436,0.8796016447731391,6.75772225e-07,7.26628694e-07,0.726628694
2575,3.70840783e-06,9.94057738,10537.012022800001,0.8781589787465269,3.70840783e-06,5.22897132e-07,0.522897132,6.75772225e-07,9.95690806,10554.3225436,0.8796016447731391,6.75772225e-07,7.26628694e-07,0.726628694
2576,3.70840783e-06,9.94057738,10537.012022800001,0.8781589787465269,3.70840783e-06,5.22897132e-07,0.522897132,6.75772225e-07,9.95690806,10554.3225436,0.8796016447731391,6.75772225e-07,7.26628694e-07,0.726628694
2577,3.70840783e-06,9.94057737,10537.012012199999,0.8781589778631184,3.70840783e-06,5.22897132e-07,0.522897132,6.75772225e-07,9.95690807,10554.3225542,0.8796016456565475,6.75772225e-07,7.26628694e-07,0.726628694
2578,3.70840783e-06,9.94057737,10537.012012199999,0.8781589778631184,3.70840783e-06,5.22897132e-07,0.522897132,6.75772225e-07,9.95690807,10554.3225542,0.8796016456565475,6.75772225e-07,7.26628694e-07,0.726628694
2579,3.70840783e-06,9.94057736,10537.0120016,0.87815897697971,3.70840783e-06,5.22897132e-07,0.522897132,6.75772225e-07,9.95690807,10554.3225542,0.8796016456565475,6.75772225e-07,7.26628694e-07,0.726628694
2580,3.70840783e-06,9.94057736,10537.0120016,0.87815897697971,3.70840783e-06,5.22897132e-07,0.522897132,6.75772225e-07,9.95690807,10554.3225542,0.8796016456565475,6.75772225e-07,7.26628694e-07,0.726628694
2581,3.70840783e-06,9.94057737,10537.012012199999,0.8781589778631184,3.70840783e-06,5.22897132e-07,0.522897132,6.75772225e-07,9.95690807,10554.3225542,0.8796016456565475,6.75772225e-07,7.26628694e-07,0.726628694
2582,3.70840783e-06,9.94057737,10537.012012199999,0.8781589778631184,3.70840783e-06,5.22897131e-07,0.522897131,6.75772225e-07,9.95690807,10554.3225542,0.8796016456565475,6.75772225e-07,7.26628694e-07,0.726628694
2583,3.70840783e-06,9.94057737,10537.012012199999,0.8781589778631184,3.70840783e-06,5.22897131e-07,0.522897131,6.75772225e-07,9.95690807,10554.3225542,0.8796016456565475,6.75772225e-07,7.26628694e-07,0.726628694
2584,3.70840783e-06,9.94057738,10537.012022800001,0.8781589787465269,3.70840783e-06,5.22897131e-07,0.522897131,6.75772225e-07,9.95690807,10554.3225542,0.8796016456565475,6.75772225e-07,7.26628694e-07,0.726628694
2585,3.70840783e-06,9.94057738,10537.012022800001,0.8781589787465269,3.70840783e-06,5.22897131e-07,0.522897131,6.75772225e-07,9.95690807,10554.3225542,0.8796016456565475,6.75772225e-07,7.26628694e-07,0.726628694
2586,3.70840783e-06,9.94057738,10537.012022800001,0.8781589787465269,3.70840783e-06,5.22897131e-07,0.522897131,6.75772225e-07,9.95690807,10554.3225542,0.8796016456565475,6.75772225e-07,7.26628694e-07,0.726628694
2587,3.70840783e-06,9.94057739,10537.0120334,0.8781589796299353,3.70840783e-06,5.22897131e-07,0.522897131,6.75772225e-07,9.95690807,10554.3225542,0.8796016456565475,6.75772225e-07,7.26628694e-07,0.726628694
2588,3.70840783e-06,9.94057739,10537.0120334,0.8781589796299353,3.70840783e-06,5.22897131e-07,0.522897131,6.75772225e-07,9.95690807,10554.3225542,0.8796016456565475,6.75772225e-07,7.26628694e-07,0.726628694
2589,3.70840783e-06,9.94057739,10537.0120334,0.8781589796299353,3.70840783e-06,5.22897131e-07,0.522897131,6.75772225e-07,9.95690807,10554.3225542,0.8796016456565475,6.75772225e-07,7.26628694e-07,0.726628694
2590,3.70840783e-06,9.9405774,10537.012044000001,0.8781589805133437,3.70840783e-06,5.22897131e-07,0.522897131,6.75772225e-07,9.95690807,10554.3225542,0.8796016456565475,6.75772225e-07,7.26628694e-07,0.726628694
2591,3.70840783e-06,9.9405774,10537.012044000001,0.8781589805133437,3.70840783e-06,5.2289713e-07,0.5228971299999999,6.75772225e-07,9.95690807,10554.3225542,0.8796016456565475,6.75772225e-07,7.26628694e-07,0.726628694
2592,3.70840783e-06,9.9405774,10537.012044000001,0.8781589805133437,3.70840783e-06,5.2289713e-07,0.5228971299999999,6.75772225e-07,9.95690807,10554.3225542,0.8796016456565475,6.75772225e-07,7.26628694e-07,0.726628694
2593,3.70840783e-06,9.94057739,10537.0120334,0.8781589796299353,3.70840783e-06,5.2289713e-07,0.5228971299999999,6.75772225e-07,9.95690808,10554.3225648,0.879601646539956,6.75772225e-07,7.26628694e-07,0.726628694
2594,3.70840783e-06,9.94057739,10537.0120334,0.8781589796299353,3.70840783e-06,5.2289713e-07,0.5228971299999999,6.75772225e-07,9.95690808,10554.3225648,0.879601646539956,6.75772225e-07,7.26628694e-07,0.726628694
2595,3.70840783e-06,9.94057738,10537.012022800001,0.8781589787465269,3.70840783e-06,5.2289713e-07,0.5228971299999999,6.75772225e-07,9.95690808,10554.3225648,0.879601646539956,6.75772225e-07,7.26628694e-07,0.726628694
2596,3.70840783e-06,9.94057738,10537.012022800001,0.8781589787465269,3.70840783e-06,5.2289713e-07,0.5228971299999999,6.75772225e-07,9.95690808,10554.3225648,0.879601646539956,6.75772225e-07,7.26628694e-07,0.726628694
2597,3.70840783e-06,9.94057738,10537.012022800001,0.8781589787465269,3.70840783e-06,5.2289713e-07,0.5228971299999999,6.75772225e-07,9.95690808,10554.3225648,0.879601646539956,6.75772225e-07,7.26628694e-07,0.726628694
2598,3.70840783e-06,9.94057738,10537.012022800001,0.8781589787465269,3.70840783e-06,5.2289713e-07,0.5228971299999999,6.75772225e-07,9.95690808,10554.3225648,0.879601646539956,6.75772225e-07,7.26628693e-07,0.726628693
2599,3.70840783e-06,9.94057737,10537.012012199999,0.8781589778631184,3.70840783e-06,5.2289713e-07,0.5228971299999999,6.75772225e-07,9.95690807,10554.3225542,0.8796016456565475,6.75772225e-07,7.26628693e-07,0.726628693
2600,3.70840783e-06,9.94057737,10537.012012199999,0.8781589778631184,3.70840783e-06,5.2289713e-07,0.5228971299999999,6.75772225e-07,9.95690807,10554.3225542,0.8796016456565475,6.75772225e-07,7.26628693e-07,0.726628693
2601,3.70840783e-06,9.94057736,10537.0120016,0.87815897697971,3.70840783e-06,5.2289713e-07,0.5228971299999999,6.75772225e-07,9.95690807,10554.3225542,0.8796016456565475,6.75772225e-07,7.26628693e-07,0.726628693
2602,3.70840783e-06,9.94057736,10537.0120016,0.87815897697971,3.70840783e-06,5.2289713e-07,0.5228971299999999,6.75772225e-07,9.95690807,10554.3225542,0.8796016456565475,6.75772225e-07,7.26628693e-07,0.726628693
2603,3.70840783e-06,9.94057736,10537.0120016,0.87815897697971,3.70840783e-06,5.22897131e-07,0.522897131,6.75772225e-07,9.95690807,10554.3225542,0.8796016456565475,6.75772225e-07,7.26628693e-07,0.726628693
2604,3.70840783e-06,9.94057736,10537.0120016,0.87815897697971,3.70840783e-06,5.22897131e-07,0.522897131,6.75772225e-07,9.95690807,10554.3225542,0.8796016456565475,6.75772225e-07,7.26628693e-07,0.726628693
2605,3.70840783e-06,9.94057737,10537.012012199999,0.8781589778631184,3.70840783e-06,5.22897131e-07,0.522897131,6.75772225e-07,9.95690807,10554.3225542,0.8796016456565475,6.75772225e-07,7.26628693e-07,0.726628693
2606,3.70840783e-06,9.94057737,10537.012012199999,0.8781589778631184,3.70840783e-06,5.22897131e-07,0.522897131,6.75772225e-07,9.95690807,10554.3225542,0.8796016456565475,6.75772225e-07,7.26628693e-07,0.726628693
2607,3.70840783e-06,9.94057737,10537.012012199999,0.8781589778631184,3.70840783e-06,5.22897131e-07,0.522897131,6.75772225e-07,9.95690807,10554.3225542,0.8796016456565475,6.75772225e-07,7.26628693e-07,0.726628693
2608,3.70840783e-06,9.94057738,10537.012022800001,0.8781589787465269,3.70840783e-06,5.22897131e-07,0.522897131,6.75772225e-07,9.95690807,10554.3225542,0.8796016456565475,6.75772225e-07,7.26628693e-07,0.726628693
2609,3.70840783e-06,9.94057738,10537.012022800001,0.8781589787465269,3.70840783e-06,5.22897131e-07,0.522897131,6.75772225e-07,9.95690807,10554.3225542,0.8796016456565475,6.75772225e-07,7.26628693e-07,0.726628693
2610,3.70840783e-06,9.94057738,10537.012022800001,0.8781589787465269,3.70840783e-06,5.22897131e-07,0.522897131,6.75772225e-07,9.95690807,10554.3225542,0.8796016456565475,6.75772225e-07,7.26628693e-07,0.726628693
2611,3.70840783e-06,9.94057738,10537.012022800001,0.8781589787465269,3.70840783e-06,5.22897131e-07,0.522897131,6.75772225e-07,9.95690807,10554.3225542,0.8796016456565475,6.75772225e-07,7.26628693e-07,0.726628693
2612,3.70840783e-06,9.94057737,10537.012012199999,0.8781589778631184,3.70840783e-06,5.22897131e-07,0.522897131,6.75772225e-07,9.95690807,10554.3225542,0.8796016456565475,6.75772225e-07,7.26628693e-07,0.726628693
2613,3.70840783e-06,9.94057737,10537.012012199999,0.8781589778631184,3.70840783e-06,5.22897131e-07,0.522897131,6.75772225e-07,9.95690807,10554.3225542,0.8796016456565475,6.75772225e-07,7.26628693e-07,0.726628693
2614,3.70840783e-06,9.94057737,10537.012012199999,0.8781589778631184,3.70840783e-06,5.22897131e-07,0.522897131,6.75772225e-07,9.95690807,10554.3225542,0.8796016456565475,6.75772225e-07,7.26628693e-07,0.726628693
2615,3.70840783e-06,9.94057736,10537.0120016,0.87815897697971,3.70840783e-06,5.22897131e-07,0.522897131,6.75772225e-07,9.95690807,10554.3225542,0.8796016456565475,6.75772225e-07,7.26628693e-07,0.726628693
2616,3.70840783e-06,9.94057737,10537.012012199999,0.8781589778631184,3.70840783e-06,5.22897131e-07,0.522897131,6.75772225e-07,9.95690807,10554.3225542,0.8796016456565475,6.75772225e-07,7.26628693e-07,0.726628693
2617,3.70840783e-06,9.94057737,10537.012012199999,0.8781589778631184,3.70840783e-06,5.22897131e-07,0.522897131,6.75772225e-07,9.95690807,10554.3225542,0.8796016456565475,6.75772225e-07,7.26628693e-07,0.726628693
2618,3.70840783e-06,9.94057737,10537.012012199999,0.8781589778631184,3.70840783e-06,5.22897131e-07,0.522897131,6.75772225e-07,9.95690807,10554.3225542,0.8796016456565475,6.75772225e-07,7.26628693e-07,0.726628693
2619,3.70840783e-06,9.94057736,10537.0120016,0.87815897697971,3.70840783e-06,5.22897131e-07,0.522897131,6.75772225e-07,9.95690808,10554.3225648,0.879601646539956,6.75772225e-07,7.26628693e-07,0.726628693
2620,3.70840783e-06,9.94057737,10537.012012199999,0.8781589778631184,3.70840783e-06,5.22897131e-07,0.522897131,6.75772225e-07,9.95690808,10554.3225648,0.879601646539956,6.75772225e-07,7.26628693e-07,0.726628693
2621,3.70840783e-06,9.94057737,10537.012012199999,0.8781589778631184,3.70840783e-06,5.22897131e-07,0.522897131,6.75772225e-07,9.95690807,10554.3225542,0.8796016456565475,6.75772225e-07,7.26628693e-07,0.726628693
2622,3.70840783e-06,9.94057737,10537.012012199999,0.8781589778631184,3.70840783e-06,5.22897131e-07,0.522897131,6.75772225e-07,9.95690807,10554.3225542,0.8796016456565475,6.75772225e-07,7.26628693e-07,0.726628693
2623,3.70840783e-06,9.94057738,10537.012022800001,0.8781589787465269,3.70840783e-06,5.22897131e-07,0.522897131,6.75772225e-07,9.95690807,10554.3225542,0.8796016456565475,6.75772225e-07,7.26628693e-07,0.726628693
2624,3.70840783e-06,9.94057738,10537.012022800001,0.8781589787465269,3.70840783e-06,5.22897131e-07,0.522897131,6.75772225e-07,9.95690807,10554.3225542,0.8796016456565475,6.75772225e-07,7.26628693e-07,0.726628693
2625,3.70840783e-06,9.94057738,10537.012022800001,0.8781589787465269,3.70840783e-06,5.22897131e-07,0.522897131,6.75772225e-07,9.95690807,10554.3225542,0.8796016456565475,6.75772225e-07,7.26628693e-07,0.726628693
2626,3.70840783e-06,9.94057738,10537.012022800001,0.8781589787465269,3.70840783e-06,5.22897131e-07,0.522897131,6.75772225e-07,9.95690807,10554.3225542,0.8796016456565475,6.75772225e-07,7.26628693e-07,0.726628693
2627,3.70840783e-06,9.94057738,10537.012022800001,0.8781589787465269,3.70840783e-06,5.22897131e-07,0.522897131,6.75772225e-07,9.95690807,10554.3225542,0.8796016456565475,6.75772225e-07,7.26628693e-07,0.726628693
2628,3.70840783e-06,9.94057737,10537.012012199999,0.8781589778631184,3.70840783e-06,5.22897131e-07,0.522897131,6.75772225e-07,9.95690808,10554.3225648,0.879601646539956,6.75772225e-07,7.26628693e-07,0.726628693
2629,3.70840783e-06,9.94057738,10537.012022800001,0.8781589787465269,3.70840783e-06,5.22897131e-07,0.522897131,6.75772225e-07,9.95690808,10554.3225648,0.879601646539956,6.75772225e-07,7.26628693e-07,0.726628693
2630,3.70840783e-06,9.94057738,10537.012022800001,0.8781589787465269,3.70840783e-06,5.22897131e-07,0.522897131,6.75772225e-07,9.95690808,10554.3225648,0.879601646539956,6.75772225e-07,7.26628693e-07,0.726628693
2631,3.70840783e-06,9.94057737,10537.012012199999,0.8781589778631184,3.70840783e-06,5.22897131e-07,0.522897131,6.75772225e-07,9.95690808,10554.3225648,0.879601646539956,6.75772225e-07,7.26628693e-07,0.726628693
2632,3.70840783e-06,9.94057737,10537.012012199999,0.8781589778631184,3.70840783e-06,5.22897132e-07,0.522897132,6.75772225e-07,9.95690808,10554.3225648,0.879601646539956,6.75772225e-07,7.26628693e-07,0.726628693
2633,3.70840783e-06,9.94057738,10537.012022800001,0.8781589787465269,3.70840783e-06,5.22897132e-07,0.522897132,6.75772225e-07,9.95690808,10554.3225648,0.879601646539956,6.75772225e-07,7.26628693e-07,0.726628693
2634,3.70840783e-06,9.94057738,10537.012022800001,0.8781589787465269,3.70840783e-06,5.22897132e-07,0.522897132,6.75772225e-07,9.95690808,10554.3225648,0.879601646539956,6.75772225e-07,7.26628693e-07,0.726628693
2635,3.70840783e-06,9.94057738,10537.012022800001,0.8781589787465269,3.70840783e-06,5.22897132e-07,0.522897132,6.75772225e-07,9.95690808,10554.3225648,0.879601646539956,6.75772225e-07,7.26628693e-07,0.726628693
2636,3.70840783e-06,9.94057738,10537.012022800001,0.8781589787465269,3.70840783e-06,5.22897132e-07,0.522897132,6.75772225e-07,9.95690808,10554.3225648,0.879601646539956,6.75772225e-07,7.26628693e-07,0.726628693
2637,3.70840783e-06,9.94057738,10537.012022800001,0.8781589787465269,3.70840783e-06,5.22897132e-07,0.522897132,6.75772225e-07,9.95690808,10554.3225648,0.879601646539956,6.75772225e-07,7.26628693e-07,0.726628693
2638,3.70840783e-06,9.94057739,10537.0120334,0.8781589796299353,3.70840783e-06,5.22897132e-07,0.522897132,6.75772225e-07,9.95690808,10554.3225648,0.879601646539956,6.75772225e-07,7.26628693e-07,0.726628693
2639,3.70840783e-06,9.94057739,10537.0120334,0.8781589796299353,3.70840783e-06,5.22897132e-07,0.522897132,6.75772225e-07,9.95690808,10554.3225648,0.879601646539956,6.75772225e-07,7.26628693e-07,0.726628693
2640,3.70840783e-06,9.94057739,10537.0120334,0.8781589796299353,3.70840783e-06,5.22897132e-07,0.522897132,6.75772225e-07,9.95690807,10554.3225542,0.8796016456565475,6.75772225e-07,7.26628693e-07,0.726628693
2641,3.70840783e-06,9.94057739,10537.0120334,0.8781589796299353,3.70840783e-06,5.22897132e-07,0.522897132,6.75772225e-07,9.95690807,10554.3225542,0.8796016456565475,6.75772225e-07,7.26628693e-07,0.726628693
2642,3.70840783e-06,9.94057739,10537.0120334,0.8781589796299353,3.70840783e-06,5.22897132e-07,0.522897132,6.75772225e-07,9.95690807,10554.3225542,0.8796016456565475,6.75772225e-07,7.26628693e-07,0.726628693
2643,3.70840783e-06,9.9405774,10537.012044000001,0.8781589805133437,3.70840783e-06,5.22897131e-07,0.522897131,6.75772225e-07,9.95690807,10554.3225542,0.8796016456565475,6.75772225e-07,7.26628693e-07,0.726628693
2644,3.70840783e-06,9.9405774,10537.012044000001,0.8781589805133437,3.70840783e-06,5.22897131e-07,0.522897131,6.75772225e-07,9.95690807,10554.3225542,0.8796016456565475,6.75772225e-07,7.26628693e-07,0.726628693
2645,3.70840783e-06,9.9405774,10537.012044000001,0.8781589805133437,3.70840783e-06,5.22897131e-07,0.522897131,6.75772225e-07,9.95690807,10554.3225542,0.8796016456565475,6.75772225e-07,7.26628693e-07,0.726628693
2646,3.70840783e-06,9.9405774,10537.012044000001,0.8781589805133437,3.70840783e-06,5.22897131e-07,0.522897131,6.75772225e-07,9.95690807,10554.3225542,0.8796016456565475,6.75772225e-07,7.26628693e-07,0.726628693
2647,3.70840783e-06,9.94057741,10537.0120546,0.8781589813967521,3.70840783e-06,5.2289713e-07,0.5228971299999999,6.75772225e-07,9.95690807,10554.3225542,0.8796016456565475,6.75772225e-07,7.26628692e-07,0.7266286919999999
2648,3.70840783e-06,9.94057741,10537.0120546,0.8781589813967521,3.70840783e-06,5.2289713e-07,0.5228971299999999,6.75772225e-07,9.95690807,10554.3225542,0.8796016456565475,6.75772225e-07,7.26628692e-07,0.7266286919999999
2649,3.70840783e-06,9.94057741,10537.0120546,0.8781589813967521,3.70840783e-06,5.2289713e-07,0.5228971299999999,6.75772225e-07,9.95690807,10554.3225542,0.8796016456565475,6.75772225e-07,7.26628692e-07,0.7266286919999999
2650,3.70840783e-06,9.9405774,10537.012044000001,0.8781589805133437,3.70840783e-06,5.2289713e-07,0.5228971299999999,6.75772225e-07,9.95690808,10554.3225648,0.879601646539956,6.75772225e-07,7.26628692e-07,0.7266286919999999
2651,3.70840783e-06,9.94057741,10537.0120546,0.8781589813967521,3.70840783e-06,5.2289713e-07,0.5228971299999999,6.75772225e-07,9.95690808,10554.3225648,0.879601646539956,6.75772225e-07,7.26628692e-07,0.7266286919999999
2652,3.70840783e-06,9.94057741,10537.0120546,0.8781589813967521,3.70840783e-06,5.22897129e-07,0.522897129,6.75772225e-07,9.95690808,10554.3225648,0.879601646539956,6.75772225e-07,7.26628692e-07,0.7266286919999999
2653,3.70840783e-06,9.9405774,10537.012044000001,0.8781589805133437,3.70840783e-06,5.2289713e-07,0.5228971299999999,6.75772225e-07,9.95690808,10554.3225648,0.879601646539956,6.75772225e-07,7.26628692e-07,0.7266286919999999
2654,3.70840783e-06,9.9405774,10537.012044000001,0.8781589805133437,3.70840783e-06,5.2289713e-07,0.5228971299999999,6.75772225e-07,9.95690808,10554.3225648,0.879601646539956,6.75772225e-07,7.26628692e-07,0.7266286919999999
2655,3.70840783e-06,9.94057739,10537.0120334,0.8781589796299353,3.70840783e-06,5.2289713e-07,0.5228971299999999,6.75772225e-07,9.95690808,10554.3225648,0.879601646539956,6.75772225e-07,7.26628692e-07,0.7266286919999999
2656,3.70840783e-06,9.94057739,10537.0120334,0.8781589796299353,3.70840783e-06,5.2289713e-07,0.5228971299999999,6.75772225e-07,9.95690808,10554.3225648,0.879601646539956,6.75772225e-07,7.26628692e-07,0.7266286919999999
2657,3.70840783e-06,9.94057738,10537.012022800001,0.8781589787465269,3.70840783e-06,5.2289713e-07,0.5228971299999999,6.75772225e-07,9.95690808,10554.3225648,0.879601646539956,6.75772225e-07,7.26628692e-07,0.7266286919999999
2658,3.70840783e-06,9.94057738,10537.012022800001,0.8781589787465269,3.70840783e-06,5.2289713e-07,0.5228971299999999,6.75772225e-07,9.95690808,10554.3225648,0.879601646539956,6.75772225e-07,7.26628692e-07,0.7266286919999999
2659,3.70840783e-06,9.94057738,10537.012022800001,0.8781589787465269,3.70840783e-06,5.2289713e-07,0.5228971299999999,6.75772225e-07,9.95690807,10554.3225542,0.8796016456565475,6.75772225e-07,7.26628692e-07,0.7266286919999999
2660,3.70840783e-06,9.94057738,10537.012022800001,0.8781589787465269,3.70840783e-06,5.2289713e-07,0.5228971299999999,6.75772225e-07,9.95690807,10554.3225542,0.8796016456565475,6.75772225e-07,7.26628692e-07,0.7266286919999999
2661,3.70840783e-06,9.94057739,10537.0120334,0.8781589796299353,3.70840783e-06,5.22897129e-07,0.522897129,6.75772225e-07,9.95690808,10554.3225648,0.879601646539956,6.75772225e-07,7.26628692e-07,0.7266286919999999
2662,3.70840783e-06,9.9405774,10537.012044000001,0.8781589805133437,3.70840783e-06,5.22897129e-07,0.522897129,6.75772225e-07,9.95690808,10554.3225648,0.879601646539956,6.75772225e-07,7.26628692e-07,0.7266286919999999
2663,3.70840783e-06,9.9405774,10537.012044000001,0.8781589805133437,3.70840783e-06,5.22897129e-07,0.522897129,6.75772225e-07,9.95690808,10554.3225648,0.879601646539956,6.75772225e-07,7.26628692e-07,0.7266286919999999
2664,3.70840783e-06,9.94057739,10537.0120334,0.8781589796299353,3.70840783e-06,5.22897129e-07,0.522897129,6.75772225e-07,9.95690807,10554.3225542,0.8796016456565475,6.75772225e-07,7.26628691e-07,0.7266286909999999
2665,3.70840783e-06,9.9405774,10537.012044000001,0.8781589805133437,3.70840783e-06,5.22897128e-07,0.522897128,6.75772225e-07,9.95690807,10554.3225542,0.8796016456565475,6.75772225e-07,7.26628691e-07,0.7266286909999999
2666,3.70840783e-06,9.9405774,10537.012044000001,0.8781589805133437,3.70840783e-06,5.22897128e-07,0.522897128,6.75772225e-07,9.95690807,10554.3225542,0.8796016456565475,6.75772225e-07,7.26628691e-07,0.7266286909999999
2667,3.70840783e-06,9.9405774,10537.012044000001,0.8781589805133437,3.70840783e-06,5.22897128e-07,0.522897128,6.75772225e-07,9.95690807,10554.3225542,0.8796016456565475,6.75772225e-07,7.26628691e-07,0.7266286909999999
2668,3.70840783e-06,9.94057741,10537.0120546,0.8781589813967521,3.70840783e-06,5.22897128e-07,0.522897128,6.75772225e-07,9.95690807,10554.3225542,0.8796016456565475,6.75772225e-07,7.26628691e-07,0.7266286909999999
2669,3.70840783e-06,9.94057741,10537.0120546,0.8781589813967521,3.70840783e-06,5.22897127e-07,0.5228971269999999,6.75772225e-07,9.95690808,10554.3225648,0.879601646539956,6.75772225e-07,7.26628691e-07,0.7266286909999999
2670,3.70840783e-06,9.94057741,10537.0120546,0.8781589813967521,3.70840783e-06,5.22897127e-07,0.5228971269999999,6.75772225e-07,9.95690808,10554.3225648,0.879601646539956,6.75772225e-07,7.26628691e-07,0.7266286909999999
2671,3.70840783e-06,9.94057741,10537.0120546,0.8781589813967521,3.70840783e-06,5.22897126e-07,0.5228971259999999,6.75772225e-07,9.95690808,10554.3225648,0.879601646539956,6.75772225e-07,7.26628691e-07,0.7266286909999999
2672,3.70840783e-06,9.9405774,10537.012044000001,0.8781589805133437,3.70840783e-06,5.22897126e-07,0.5228971259999999,6.75772225e-07,9.95690807,10554.3225542,0.8796016456565475,6.75772225e-07,7.26628691e-07,0.7266286909999999
2673,3.70840783e-06,9.9405774,10537.012044000001,0.8781589805133437,3.70840783e-06,5.22897126e-07,0.5228971259999999,6.75772225e-07,9.95690807,10554.3225542,0.8796016456565475,6.75772225e-07,7.26628691e-07,0.7266286909999999
2674,3.70840783e-06,9.9405774,10537.012044000001,0.8781589805133437,3.70840783e-06,5.22897125e-07,0.522897125,6.75772225e-07,9.95690807,10554.3225542,0.8796016456565475,6.75772225e-07,7.26628691e-07,0.7266286909999999
2675,3.70840783e-06,9.9405774,10537.012044000001,0.8781589805133437,3.70840783e-06,5.22897125e-07,0.522897125,6.75772225e-07,9.95690807,10554.3225542,0.8796016456565475,6.75772225e-07,7.26628691e-07,0.7266286909999999
2676,3.70840783e-06,9.9405774,10537.012044000001,0.8781589805133437,3.70840783e-06,5.22897125e-07,0.522897125,6.75772225e-07,9.95690807,10554.3225542,0.8796016456565475,6.75772225e-07,7.26628691e-07,0.7266286909999999
2677,3.70840783e-06,9.9405774,10537.012044000001,0.8781589805133437,3.70840783e-06,5.22897125e-07,0.522897125,6.75772225e-07,9.95690807,10554.3225542,0.8796016456565475,6.75772225e-07,7.26628691e-07,0.7266286909999999
2678,3.70840783e-06,9.9405774,10537.012044000001,0.8781589805133437,3.70840783e-06,5.22897125e-07,0.522897125,6.75772225e-07,9.95690807,10554.3225542,0.8796016456565475,6.75772225e-07,7.26628691e-07,0.7266286909999999
2679,3.70840783e-06,9.9405774,10537.012044000001,0.8781589805133437,3.70840783e-06,5.22897125e-07,0.522897125,6.75772225e-07,9.95690807,10554.3225542,0.8796016456565475,6.75772225e-07,7.26628691e-07,0.7266286909999999
2680,3.70840783e-06,9.9405774,10537.012044000001,0.8781589805133437,3.70840783e-06,5.22897125e-07,0.522897125,6.75772225e-07,9.95690807,10554.3225542,0.8796016456565475,6.75772225e-07,7.2662869e-07,0.72662869
2681,3.70840783e-06,9.9405774,10537.012044000001,0.8781589805133437,3.70840783e-06,5.22897125e-07,0.522897125,6.75772225e-07,9.95690807,10554.3225542,0.8796016456565475,6.75772225e-07,7.2662869e-07,0.72662869
2682,3.70840783e-06,9.9405774,10537.012044000001,0.8781589805133437,3.70840783e-06,5.22897125e-07,0.522897125,6.75772225e-07,9.95690807,10554.3225542,0.8796016456565475,6.75772225e-07,7.2662869e-07,0.72662869
2683,3.70840783e-06,9.9405774,10537.012044000001,0.8781589805133437,3.70840783e-06,5.22897125e-07,0.522897125,6.75772225e-07,9.95690807,10554.3225542,0.8796016456565475,6.75772225e-07,7.2662869e-07,0.72662869
2684,3.70840783e-06,9.9405774,10537.012044000001,0.8781589805133437,3.70840783e-06,5.22897125e-07,0.522897125,6.75772225e-07,9.95690807,10554.3225542,0.8796016456565475,6.75772225e-07,7.2662869e-07,0.72662869
2685,3.70840783e-06,9.9405774,10537.012044000001,0.8781589805133437,3.70840783e-06,5.22897125e-07,0.522897125,6.75772225e-07,9.95690807,10554.3225542,0.8796016456565475,6.75772225e-07,7.2662869e-07,0.72662869
2686,3.70840783e-06,9.94057739,10537.0120334,0.8781589796299353,3.70840783e-06,5.22897125e-07,0.522897125,6.75772225e-07,9.95690807,10554.3225542,0.8796016456565475,6.75772225e-07,7.2662869e-07,0.72662869
2687,3.70840783e-06,9.94057739,10537.0120334,0.8781589796299353,3.70840783e-06,5.22897125e-07,0.522897125,6.75772225e-07,9.95690807,10554.3225542,0.8796016456565475,6.75772225e-07,7.2662869e-07,0.72662869
2688,3.70840783e-06,9.9405774,10537.012044000001,0.8781589805133437,3.70840783e-06,5.22897125e-07,0.522897125,6.75772225e-07,9.95690807,10554.3225542,0.8796016456565475,6.75772225e-07,7.2662869e-07,0.72662869
2689,3.70840783e-06,9.9405774,10537.012044000001,0.8781589805133437,3.70840783e-06,5.22897125e-07,0.522897125,6.75772225e-07,9.95690807,10554.3225542,0.8796016456565475,6.75772225e-07,7.2662869e-07,0.72662869
2690,3.70840783e-06,9.9405774,10537.012044000001,0.8781589805133437,3.70840783e-06,5.22897125e-07,0.522897125,6.75772225e-07,9.95690807,10554.3225542,0.8796016456565475,6.75772225e-07,7.2662869e-07,0.72662869
2691,3.70840783e-06,9.9405774,10537.012044000001,0.8781589805133437,3.70840783e-06,5.22897126e-07,0.5228971259999999,6.75772225e-07,9.95690807,10554.3225542,0.8796016456565475,6.75772225e-07,7.2662869e-07,0.72662869
2692,3.70840783e-06,9.9405774,10537.012044000001,0.8781589805133437,3.70840783e-06,5.22897126e-07,0.5228971259999999,6.75772225e-07,9.95690808,10554.3225648,0.879601646539956,6.75772225e-07,7.2662869e-07,0.72662869
2693,3.70840783e-06,9.9405774,10537.012044000001,0.8781589805133437,3.70840783e-06,5.22897126e-07,0.5228971259999999,6.75772225e-07,9.95690808,10554.3225648,0.879601646539956,6.75772225e-07,7.2662869e-07,0.72662869
2694,3.70840783e-06,9.9405774,10537.012044000001,0.8781589805133437,3.70840783e-06,5.22897126e-07,0.5228971259999999,6.75772225e-07,9.95690807,10554.3225542,0.8796016456565475,6.75772225e-07,7.2662869e-07,0.72662869
2695,3.70840783e-06,9.9405774,10537.012044000001,0.8781589805133437,3.70840783e-06,5.22897125e-07,0.522897125,6.75772225e-07,9.95690807,10554.3225542,0.8796016456565475,6.75772225e-07,7.2662869e-07,0.72662869
2696,3.70840783e-06,9.9405774,10537.012044000001,0.8781589805133437,3.70840783e-06,5.22897125e-07,0.522897125,6.75772225e-07,9.95690807,10554.3225542,0.8796016456565475,6.75772225e-07,7.2662869e-07,0.72662869
2697,3.70840783e-06,9.9405774,10537.012044000001,0.8781589805133437,3.70840783e-06,5.22897125e-07,0.522897125,6.75772225e-07,9.95690807,10554.3225542,0.8796016456565475,6.75772225e-07,7.2662869e-07,0.72662869
2698,3.70840783e-06,9.9405774,10537.012044000001,0.8781589805133437,3.70840783e-06,5.22897125e-07,0.522897125,6.75772225e-07,9.95690807,10554.3225542,0.8796016456565475,6.75772225e-07,7.2662869e-07,0.72662869
2699,3.70840783e-06,9.9405774,10537.012044000001,0.8781589805133437,3.70840783e-06,5.22897125e-07,0.522897125,6.75772225e-07,9.95690807,10554.3225542,0.8796016456565475,6.75772225e-07,7.2662869e-07,0.72662869
2700,3.70840783e-06,9.9405774,10537.012044000001,0.8781589805133437,3.70840783e-06,5.22897125e-07,0.522897125,6.75772225e-07,9.95690807,10554.3225542,0.8796016456565475,6.75772225e-07,7.2662869e-07,0.72662869
2701,3.70840783e-06,9.94057741,10537.0120546,0.8781589813967521,3.70840783e-06,5.22897125e-07,0.522897125,6.75772225e-07,9.95690808,10554.3225648,0.879601646539956,6.75772225e-07,7.2662869e-07,0.72662869
2702,3.70840783e-06,9.94057743,10537.0120758,0.8781589831635689,3.70840783e-06,5.22897125e-07,0.522897125,6.75772225e-07,9.9569081,10554.322586,0.8796016483067728,6.75772225e-07,7.2662869e-07,0.72662869
2703,3.70840783e-06,9.94057743,10537.0120758,0.8781589831635689,3.70840783e-06,5.22897125e-07,0.522897125,6.75772225e-07,9.9569081,10554.322586,0.8796016483067728,6.75772225e-07,7.26628689e-07,0.7266286890000001
2704,3.70840783e-06,9.94057742,10537.0120652,0.8781589822801605,3.70840783e-06,5.22897125e-07,0.522897125,6.75772225e-07,9.9569081,10554.322586,0.8796016483067728,6.75772225e-07,7.26628689e-07,0.7266286890000001
2705,3.70840783e-06,9.94057743,10537.0120758,0.8781589831635689,3.70840783e-06,5.22897125e-07,0.522897125,6.75772225e-07,9.9569081,10554.322586,0.8796016483067728,6.75772225e-07,7.26628689e-07,0.7266286890000001
2706,3.70840783e-06,9.94057743,10537.0120758,0.8781589831635689,3.70840783e-06,5.22897125e-07,0.522897125,6.75772225e-07,9.9569081,10554.322586,0.8796016483067728,6.75772225e-07,7.26628689e-07,0.7266286890000001
2707,3.70840783e-06,9.94057743,10537.0120758,0.8781589831635689,3.70840783e-06,5.22897124e-07,0.522897124,6.75772225e-07,9.95690811,10554.3225966,0.8796016491901812,6.75772225e-07,7.26628689e-07,0.7266286890000001
2708,3.70840783e-06,9.94057743,10537.0120758,0.8781589831635689,3.70840783e-06,5.22897125e-07,0.522897125,6.75772225e-07,9.95690811,10554.3225966,0.8796016491901812,6.75772225e-07,7.26628689e-07,0.7266286890000001
2709,3.70840783e-06,9.94057742,10537.0120652,0.8781589822801605,3.70840783e-06,5.22897125e-07,0.522897125,6.75772225e-07,9.9569081,10554.322586,0.8796016483067728,6.75772225e-07,7.26628689e-07,0.7266286890000001
2710,3.70840783e-06,9.94057743,10537.0120758,0.8781589831635689,3.70840783e-06,5.22897124e-07,0.522897124,6.75772225e-07,9.9569081,10554.322586,0.8796016483067728,6.75772225e-07,7.26628689e-07,0.7266286890000001
2711,3.70840783e-06,9.94057743,10537.0120758,0.8781589831635689,3.70840783e-06,5.22897124e-07,0.522897124,6.75772225e-07,9.9569081,10554.322586,0.8796016483067728,6.75772225e-07,7.26628689e-07,0.7266286890000001
2712,3.70840783e-06,9.94057743,10537.0120758,0.8781589831635689,3.70840783e-06,5.22897124e-07,0.522897124,6.75772225e-07,9.9569081,10554.322586,0.8796016483067728,6.75772225e-07,7.26628689e-07,0.7266286890000001
2713,3.70840783e-06,9.94057742,10537.0120652,0.8781589822801605,3.70840783e-06,5.22897124e-07,0.522897124,6.75772225e-07,9.95690809,10554.322575400001,0.8796016474233644,6.75772225e-07,7.26628689e-07,0.7266286890000001
2714,3.70840783e-06,9.94057742,10537.0120652,0.8781589822801605,3.70840783e-06,5.22897124e-07,0.522897124,6.75772225e-07,9.95690809,10554.322575400001,0.8796016474233644,6.75772225e-07,7.26628689e-07,0.7266286890000001
2715,3.70840783e-06,9.94057743,10537.0120758,0.8781589831635689,3.70840783e-06,5.22897124e-07,0.522897124,6.75772225e-07,9.9569081,10554.322586,0.8796016483067728,6.75772225e-07,7.26628689e-07,0.7266286890000001
2716,3.70840783e-06,9.94057743,10537.0120758,0.8781589831635689,3.70840783e-06,5.22897124e-07,0.522897124,6.75772225e-07,9.9569081,10554.322586,0.8796016483067728,6.75772225e-07,7.26628689e-07,0.7266286890000001
2717,3.70840783e-06,9.94057742,10537.0120652,0.8781589822801605,3.70840783e-06,5.22897124e-07,0.522897124,6.75772225e-07,9.95690809,10554.322575400001,0.8796016474233644,6.75772225e-07,7.26628689e-07,0.7266286890000001
2718,3.70840783e-06,9.94057742,10537.0120652,0.8781589822801605,3.70840783e-06,5.22897124e-07,0.522897124,6.75772225e-07,9.95690809,10554.322575400001,0.8796016474233644,6.75772225e-07,7.26628689e-07,0.7266286890000001
2719,3.70840783e-06,9.94057743,10537.0120758,0.8781589831635689,3.70840783e-06,5.22897124e-07,0.522897124,6.75772225e-07,9.95690809,10554.322575400001,0.8796016474233644,6.75772225e-07,7.26628689e-07,0.7266286890000001
2720,3.70840783e-06,9.94057743,10537.0120758,0.8781589831635689,3.70840783e-06,5.22897124e-07,0.522897124,6.75772225e-07,9.95690809,10554.322575400001,0.8796016474233644,6.75772225e-07,7.26628689e-07,0.7266286890000001
2721,3.70840783e-06,9.94057743,10537.0120758,0.8781589831635689,3.70840783e-06,5.22897124e-07,0.522897124,6.75772225e-07,9.95690809,10554.322575400001,0.8796016474233644,6.75772225e-07,7.26628689e-07,0.7266286890000001
2722,3.70840783e-06,9.94057742,10537.0120652,0.8781589822801605,3.70840783e-06,5.22897125e-07,0.522897125,6.75772225e-07,9.95690808,10554.3225648,0.879601646539956,6.75772225e-07,7.26628688e-07,0.726628688
2723,3.70840783e-06,9.94057742,10537.0120652,0.8781589822801605,3.70840783e-06,5.22897125e-07,0.522897125,6.75772225e-07,9.95690809,10554.322575400001,0.8796016474233644,6.75772225e-07,7.26628688e-07,0.726628688
2724,3.70840783e-06,9.94057743,10537.0120758,0.8781589831635689,3.70840783e-06,5.22897125e-07,0.522897125,6.75772225e-07,9.95690809,10554.322575400001,0.8796016474233644,6.75772225e-07,7.26628688e-07,0.726628688
2725,3.70840783e-06,9.94057743,10537.0120758,0.8781589831635689,3.70840783e-06,5.22897125e-07,0.522897125,6.75772225e-07,9.95690809,10554.322575400001,0.8796016474233644,6.75772225e-07,7.26628688e-07,0.726628688
2726,3.70840783e-06,9.94057743,10537.0120758,0.8781589831635689,3.70840783e-06,5.22897125e-07,0.522897125,6.75772225e-07,9.9569081,10554.322586,0.8796016483067728,6.75772225e-07,7.26628688e-07,0.726628688
2727,3.70840783e-06,9.94057743,10537.0120758,0.8781589831635689,3.70840783e-06,5.22897125e-07,0.522897125,6.75772225e-07,9.9569081,10554.322586,0.8796016483067728,6.75772225e-07,7.26628688e-07,0.726628688
2728,3.70840783e-06,9.94057743,10537.0120758,0.8781589831635689,3.70840783e-06,5.22897125e-07,0.522897125,6.75772225e-07,9.9569081,10554.322586,0.8796016483067728,6.75772225e-07,7.26628688e-07,0.726628688
2729,3.70840783e-06,9.94057743,10537.0120758,0.8781589831635689,3.70840783e-06,5.22897125e-07,0.522897125,6.75772225e-07,9.9569081,10554.322586,0.8796016483067728,6.75772225e-07,7.26628688e-07,0.726628688
2730,3.70840783e-06,9.94057743,10537.0120758,0.8781589831635689,3.70840783e-06,5.22897125e-07,0.522897125,6.75772225e-07,9.95690809,10554.322575400001,0.8796016474233644,6.75772225e-07,7.26628688e-07,0.726628688
2731,3.70840783e-06,9.94057743,10537.0120758,0.8781589831635689,3.70840783e-06,5.22897125e-07,0.522897125,6.75772225e-07,9.95690809,10554.322575400001,0.8796016474233644,6.75772225e-07,7.26628688e-07,0.726628688
2732,3.70840783e-06,9.94057743,10537.0120758,0.8781589831635689,3.70840783e-06,5.22897126e-07,0.5228971259999999,6.75772225e-07,9.95690809,10554.322575400001,0.8796016474233644,6.75772225e-07,7.26628688e-07,0.726628688
2733,3.70840783e-06,9.94057743,10537.0120758,0.8781589831635689,3.70840783e-06,5.22897126e-07,0.5228971259999999,6.75772225e-07,9.95690809,10554.322575400001,0.8796016474233644,6.75772225e-07,7.26628688e-07,0.726628688
2734,3.70840783e-06,9.94057743,10537.0120758,0.8781589831635689,3.70840783e-06,5.22897126e-07,0.5228971259999999,6.75772225e-07,9.95690808,10554.3225648,0.879601646539956,6.75772225e-07,7.26628688e-07,0.726628688
2735,3.70840783e-06,9.94057743,10537.0120758,0.8781589831635689,3.70840783e-06,5.22897126e-07,0.5228971259999999,6.75772225e-07,9.95690809,10554.322575400001,0.8796016474233644,6.75772225e-07,7.26628688e-07,0.726628688
2736,3.70840783e-06,9.94057743,10537.0120758,0.8781589831635689,3.70840783e-06,5.22897126e-07,0.5228971259999999,6.75772225e-07,9.95690809,10554.322575400001,0.8796016474233644,6.75772225e-07,7.26628688e-07,0.726628688
2737,3.70840783e-06,9.94057743,10537.0120758,0.8781589831635689,3.70840783e-06,5.22897126e-07,0.5228971259999999,6.75772225e-07,9.95690809,10554.322575400001,0.8796016474233644,6.75772225e-07,7.26628688e-07,0.726628688
2738,3.70840783e-06,9.94057743,10537.0120758,0.8781589831635689,3.70840783e-06,5.22897126e-07,0.5228971259999999,6.75772225e-07,9.95690808,10554.3225648,0.879601646539956,6.75772225e-07,7.26628688e-07,0.726628688
2739,3.70840783e-06,9.94057743,10537.0120758,0.8781589831635689,3.70840783e-06,5.22897126e-07,0.5228971259999999,6.75772225e-07,9.95690808,10554.3225648,0.879601646539956,6.75772225e-07,7.26628687e-07,0.726628687
2740,3.70840783e-06,9.94057743,10537.0120758,0.8781589831635689,3.70840783e-06,5.22897127e-07,0.5228971269999999,6.75772225e-07,9.95690808,10554.3225648,0.879601646539956,6.75772225e-07,7.26628687e-07,0.726628687
2741,3.70840783e-06,9.94057743,10537.0120758,0.8781589831635689,3.70840783e-06,5.22897127e-07,0.5228971269999999,6.75772225e-07,9.95690809,10554.322575400001,0.8796016474233644,6.75772225e-07,7.26628687e-07,0.726628687
2742,3.70840783e-06,9.94057743,10537.0120758,0.8781589831635689,3.70840783e-06,5.22897127e-07,0.5228971269999999,6.75772225e-07,9.95690809,10554.322575400001,0.8796016474233644,6.75772225e-07,7.26628687e-07,0.726628687
2743,3.70840783e-06,9.94057743,10537.0120758,0.8781589831635689,3.70840783e-06,5.22897127e-07,0.5228971269999999,6.75772225e-07,9.9569081,10554.322586,0.8796016483067728,6.75772225e-07,7.26628687e-07,0.726628687
2744,3.70840783e-06,9.94057743,10537.0120758,0.8781589831635689,3.70840783e-06,5.22897127e-07,0.5228971269999999,6.75772225e-07,9.9569081,10554.322586,0.8796016483067728,6.75772225e-07,7.26628687e-07,0.726628687
2745,3.70840783e-06,9.94057743,10537.0120758,0.8781589831635689,3.70840783e-06,5.22897127e-07,0.5228971269999999,6.75772225e-07,9.9569081,10554.322586,0.8796016483067728,6.75772225e-07,7.26628687e-07,0.726628687
2746,3.70840783e-06,9.94057743,10537.0120758,0.8781589831635689,3.70840783e-06,5.22897127e-07,0.5228971269999999,6.75772225e-07,9.95690811,10554.3225966,0.8796016491901812,6.75772225e-07,7.26628687e-07,0.726628687
2747,3.70840783e-06,9.94057743,10537.0120758,0.8781589831635689,3.70840783e-06,5.22897127e-07,0.5228971269999999,6.75772225e-07,9.95690811,10554.3225966,0.8796016491901812,6.75772225e-07,7.26628687e-07,0.726628687
2748,3.70840783e-06,9.94057743,10537.0120758,0.8781589831635689,3.70840783e-06,5.22897127e-07,0.5228971269999999,6.75772225e-07,9.95690811,10554.3225966,0.8796016491901812,6.75772225e-07,7.26628687e-07,0.726628687
2749,3.70840783e-06,9.94057743,10537.0120758,0.8781589831635689,3.70840783e-06,5.22897127e-07,0.5228971269999999,6.75772225e-07,9.95690811,10554.3225966,0.8796016491901812,6.75772225e-07,7.26628687e-07,0.726628687
2750,3.70840783e-06,9.94057744,10537.0120864,0.8781589840469773,3.70840783e-06,5.22897127e-07,0.5228971269999999,6.75772225e-07,9.95690812,10554.3226072,0.8796016500735896,6.75772225e-07,7.26628687e-07,0.726628687
2751,3.70840783e-06,9.94057744,10537.0120864,0.8781589840469773,3.70840783e-06,5.22897127e-07,0.5228971269999999,6.75772225e-07,9.95690812,10554.3226072,0.8796016500735896,6.75772225e-07,7.26628686e-07,0.7266286860000001
2752,3.70840783e-06,9.94057744,10537.0120864,0.8781589840469773,3.70840783e-06,5.22897127e-07,0.5228971269999999,6.75772225e-07,9.95690812,10554.3226072,0.8796016500735896,6.75772225e-07,7.26628686e-07,0.7266286860000001
2753,3.70840783e-06,9.94057744,10537.0120864,0.8781589840469773,3.70840783e-06,5.22897127e-07,0.5228971269999999,6.75772225e-07,9.95690812,10554.3226072,0.8796016500735896,6.75772225e-07,7.26628686e-07,0.7266286860000001
2754,3.70840783e-06,9.94057744,10537.0120864,0.8781589840469773,3.70840783e-06,5.22897127e-07,0.5228971269999999,6.75772225e-07,9.95690812,10554.3226072,0.8796016500735896,6.75772225e-07,7.26628686e-07,0.7266286860000001
2755,3.70840783e-06,9.94057744,10537.0120864,0.8781589840469773,3.70840783e-06,5.22897127e-07,0.5228971269999999,6.75772225e-07,9.95690812,10554.3226072,0.8796016500735896,6.75772225e-07,7.26628686e-07,0.7266286860000001
2756,3.70840783e-06,9.94057744,10537.0120864,0.8781589840469773,3.70840783e-06,5.22897127e-07,0.5228971269999999,6.75772225e-07,9.95690813,10554.3226178,0.879601650956998,6.75772225e-07,7.26628686e-07,0.7266286860000001
2757,3.70840783e-06,9.94057744,10537.0120864,0.8781589840469773,3.70840783e-06,5.22897127e-07,0.5228971269999999,6.75772225e-07,9.95690813,10554.3226178,0.879601650956998,6.75772225e-07,7.26628686e-07,0.7266286860000001
2758,3.70840783e-06,9.94057744,10537.0120864,0.8781589840469773,3.70840783e-06,5.22897127e-07,0.5228971269999999,6.75772225e-07,9.95690813,10554.3226178,0.879601650956998,6.75772225e-07,7.26628686e-07,0.7266286860000001
2759,3.70840783e-06,9.94057744,10537.0120864,0.8781589840469773,3.70840783e-06,5.22897127e-07,0.5228971269999999,6.75772225e-07,9.95690813,10554.3226178,0.879601650956998,6.75772225e-07,7.26628686e-07,0.7266286860000001
2760,3.70840783e-06,9.94057744,10537.0120864,0.8781589840469773,3.70840783e-06,5.22897127e-07,0.5228971269999999,6.75772225e-07,9.95690813,10554.3226178,0.879601650956998,6.75772225e-07,7.26628686e-07,0.7266286860000001
2761,3.70840783e-06,9.94057744,10537.0120864,0.8781589840469773,3.70840783e-06,5.22897126e-07,0.5228971259999999,6.75772225e-07,9.95690813,10554.3226178,0.879601650956998,6.75772225e-07,7.26628686e-07,0.7266286860000001
2762,3.70840783e-06,9.94057744,10537.0120864,0.8781589840469773,3.70840783e-06,5.22897126e-07,0.5228971259999999,6.75772225e-07,9.95690813,10554.3226178,0.879601650956998,6.75772225e-07,7.26628686e-07,0.7266286860000001
2763,3.70840783e-06,9.94057744,10537.0120864,0.8781589840469773,3.70840783e-06,5.22897126e-07,0.5228971259999999,6.75772225e-07,9.95690813,10554.3226178,0.879601650956998,6.75772225e-07,7.26628686e-07,0.7266286860000001
2764,3.70840783e-06,9.94057744,10537.0120864,0.8781589840469773,3.70840783e-06,5.22897126e-07,0.5228971259999999,6.75772225e-07,9.95690813,10554.3226178,0.879601650956998,6.75772225e-07,7.26628686e-07,0.7266286860000001
2765,3.70840783e-06,9.94057744,10537.0120864,0.8781589840469773,3.70840783e-06,5.22897126e-07,0.5228971259999999,6.75772225e-07,9.95690813,10554.3226178,0.879601650956998,6.75772225e-07,7.26628686e-07,0.7266286860000001
2766,3.70840783e-06,9.94057744,10537.0120864,0.8781589840469773,3.70840783e-06,5.22897126e-07,0.5228971259999999,6.75772225e-07,9.95690813,10554.3226178,0.879601650956998,6.75772225e-07,7.26628686e-07,0.7266286860000001
2767,3.70840783e-06,9.94057744,10537.0120864,0.8781589840469773,3.70840783e-06,5.22897125e-07,0.522897125,6.75772225e-07,9.95690813,10554.3226178,0.879601650956998,6.75772225e-07,7.26628686e-07,0.7266286860000001
2768,3.70840783e-06,9.94057744,10537.0120864,0.8781589840469773,3.70840783e-06,5.22897125e-07,0.522897125,6.75772225e-07,9.95690813,10554.3226178,0.879601650956998,6.75772225e-07,7.26628686e-07,0.7266286860000001
2769,3.70840783e-06,9.94057744,10537.0120864,0.8781589840469773,3.70840783e-06,5.22897125e-07,0.522897125,6.75772225e-07,9.95690813,10554.3226178,0.879601650956998,6.75772225e-07,7.26628686e-07,0.7266286860000001
2770,3.70840783e-06,9.94057744,10537.0120864,0.8781589840469773,3.70840783e-06,5.22897125e-07,0.522897125,6.75772225e-07,9.95690812,10554.3226072,0.8796016500735896,6.75772225e-07,7.26628686e-07,0.7266286860000001
2771,3.70840783e-06,9.94057744,10537.0120864,0.8781589840469773,3.70840783e-06,5.22897125e-07,0.522897125,6.75772225e-07,9.95690812,10554.3226072,0.8796016500735896,6.75772225e-07,7.26628686e-07,0.7266286860000001
2772,3.70840783e-06,9.94057744,10537.0120864,0.8781589840469773,3.70840783e-06,5.22897124e-07,0.522897124,6.75772225e-07,9.95690812,10554.3226072,0.8796016500735896,6.75772225e-07,7.26628686e-07,0.7266286860000001
2773,3.70840783e-06,9.94057743,10537.0120758,0.8781589831635689,3.70840783e-06,5.22897124e-07,0.522897124,6.75772225e-07,9.95690811,10554.3225966,0.8796016491901812,6.75772225e-07,7.26628686e-07,0.7266286860000001
2774,3.70840783e-06,9.94057743,10537.0120758,0.8781589831635689,3.70840783e-06,5.22897124e-07,0.522897124,6.75772225e-07,9.95690811,10554.3225966,0.8796016491901812,6.75772225e-07,7.26628686e-07,0.7266286860000001
2775,3.70840783e-06,9.94057743,10537.0120758,0.8781589831635689,3.70840783e-06,5.22897124e-07,0.522897124,6.75772225e-07,9.95690811,10554.3225966,0.8796016491901812,6.75772225e-07,7.26628686e-07,0.7266286860000001
2776,3.70840783e-06,9.94057743,10537.0120758,0.8781589831635689,3.70840783e-06,5.22897124e-07,0.522897124,6.75772225e-07,9.95690811,10554.3225966,0.8796016491901812,6.75772225e-07,7.26628686e-07,0.7266286860000001
2777,3.70840783e-06,9.94057743,10537.0120758,0.8781589831635689,3.70840783e-06,5.22897124e-07,0.522897124,6.75772225e-07,9.9569081,10554.322586,0.8796016483067728,6.75772225e-07,7.26628686e-07,0.7266286860000001
2778,3.70840783e-06,9.94057743,10537.0120758,0.8781589831635689,3.70840783e-06,5.22897124e-07,0.522897124,6.75772225e-07,9.9569081,10554.322586,0.8796016483067728,6.75772225e-07,7.26628686e-07,0.7266286860000001
2779,3.70840783e-06,9.94057743,10537.0120758,0.8781589831635689,3.70840783e-06,5.22897123e-07,0.522897123,6.75772225e-07,9.9569081,10554.322586,0.8796016483067728,6.75772225e-07,7.26628686e-07,0.7266286860000001
2780,3.70840783e-06,9.94057743,10537.0120758,0.8781589831635689,3.70840783e-06,5.22897123e-07,0.522897123,6.75772225e-07,9.9569081,10554.322586,0.8796016483067728,6.75772225e-07,7.26628686e-07,0.7266286860000001
2781,3.70840783e-06,9.94057743,10537.0120758,0.8781589831635689,3.70840783e-06,5.22897123e-07,0.522897123,6.75772225e-07,9.95690809,10554.322575400001,0.8796016474233644,6.75772225e-07,7.26628686e-07,0.7266286860000001
2782,3.70840783e-06,9.94057743,10537.0120758,0.8781589831635689,3.70840783e-06,5.22897123e-07,0.522897123,6.75772225e-07,9.95690809,10554.322575400001,0.8796016474233644,6.75772225e-07,7.26628686e-07,0.7266286860000001
2783,3.70840783e-06,9.94057743,10537.0120758,0.8781589831635689,3.70840783e-06,5.22897123e-07,0.522897123,6.75772225e-07,9.95690809,10554.322575400001,0.8796016474233644,6.75772225e-07,7.26628685e-07,0.726628685
2784,3.70840783e-06,9.94057743,10537.0120758,0.8781589831635689,3.70840783e-06,5.22897123e-07,0.522897123,6.75772225e-07,9.95690809,10554.322575400001,0.8796016474233644,6.75772225e-07,7.26628685e-07,0.726628685
2785,3.70840783e-06,9.94057743,10537.0120758,0.8781589831635689,3.70840783e-06,5.22897123e-07,0.522897123,6.75772225e-07,9.95690809,10554.322575400001,0.8796016474233644,6.75772225e-07,7.26628685e-07,0.726628685
2786,3.70840783e-06,9.94057743,10537.0120758,0.8781589831635689,3.70840783e-06,5.22897123e-07,0.522897123,6.75772225e-07,9.95690809,10554.322575400001,0.8796016474233644,6.75772225e-07,7.26628685e-07,0.726628685
2787,3.70840783e-06,9.94057743,10537.0120758,0.8781589831635689,3.70840783e-06,5.22897122e-07,0.522897122,6.75772225e-07,9.95690809,10554.322575400001,0.8796016474233644,6.75772225e-07,7.26628685e-07,0.726628685
2788,3.70840783e-06,9.94057742,10537.0120652,0.8781589822801605,3.70840783e-06,5.22897122e-07,0.522897122,6.75772225e-07,9.95690809,10554.322575400001,0.8796016474233644,6.75772225e-07,7.26628685e-07,0.726628685
2789,3.70840783e-06,9.94057742,10537.0120652,0.8781589822801605,3.70840783e-06,5.22897122e-07,0.522897122,6.75772225e-07,9.95690809,10554.322575400001,0.8796016474233644,6.75772225e-07,7.26628685e-07,0.726628685
2790,3.70840783e-06,9.94057742,10537.0120652,0.8781589822801605,3.70840783e-06,5.22897122e-07,0.522897122,6.75772225e-07,9.95690808,10554.3225648,0.879601646539956,6.75772225e-07,7.26628685e-07,0.726628685
2791,3.70840783e-06,9.94057742,10537.0120652,0.8781589822801605,3.70840783e-06,5.22897122e-07,0.522897122,6.75772225e-07,9.95690808,10554.3225648,0.879601646539956,6.75772225e-07,7.26628685e-07,0.726628685
2792,3.70840783e-06,9.94057742,10537.0120652,0.8781589822801605,3.70840783e-06,5.22897122e-07,0.522897122,6.75772225e-07,9.95690808,10554.3225648,0.879601646539956,6.75772225e-07,7.26628685e-07,0.726628685
2793,3.70840783e-06,9.94057741,10537.0120546,0.8781589813967521,3.70840783e-06,5.22897122e-07,0.522897122,6.75772225e-07,9.95690808,10554.3225648,0.879601646539956,6.75772225e-07,7.26628685e-07,0.726628685
2794,3.70840783e-06,9.94057741,10537.0120546,0.8781589813967521,3.70840783e-06,5.22897122e-07,0.522897122,6.75772225e-07,9.95690808,10554.3225648,0.879601646539956,6.75772225e-07,7.26628685e-07,0.726628685
2795,3.70840783e-06,9.94057741,10537.0120546,0.8781589813967521,3.70840783e-06,5.22897122e-07,0.522897122,6.75772225e-07,9.95690808,10554.3225648,0.879601646539956,6.75772225e-07,7.26628684e-07,0.726628684
2796,3.70840783e-06,9.94057741,10537.0120546,0.8781589813967521,3.70840783e-06,5.22897122e-07,0.522897122,6.75772225e-07,9.95690808,10554.3225648,0.879601646539956,6.75772225e-07,7.26628684e-07,0.726628684
2797,3.70840783e-06,9.9405774,10537.012044000001,0.8781589805133437,3.70840783e-06,5.22897122e-07,0.522897122,6.75772225e-07,9.95690808,10554.3225648,0.879601646539956,6.75772225e-07,7.26628684e-07,0.726628684
2798,3.70840783e-06,9.9405774,10537.012044000001,0.8781589805133437,3.70840783e-06,5.22897122e-07,0.522897122,6.75772225e-07,9.95690808,10554.3225648,0.879601646539956,6.75772225e-07,7.26628684e-07,0.726628684
2799,3.70840783e-06,9.9405774,10537.012044000001,0.8781589805133437,3.70840783e-06,5.22897122e-07,0.522897122,6.75772225e-07,9.95690808,10554.3225648,0.879601646539956,6.75772225e-07,7.26628684e-07,0.726628684
2800,3.70840783e-06,9.9405774,10537.012044000001,0.8781589805133437,3.70840783e-06,5.22897122e-07,0.522897122,6.75772225e-07,9.95690808,10554.3225648,0.879601646539956,6.75772225e-07,7.26628684e-07,0.726628684
2801,3.70840783e-06,9.9405774,10537.012044000001,0.8781589805133437,3.70840783e-06,5.22897122e-07,0.522897122,6.75772225e-07,9.95690808,10554.3225648,0.879601646539956,6.75772225e-07,7.26628684e-07,0.726628684
2802,3.70840783e-06,9.94057741,10537.0120546,0.8781589813967521,3.70840783e-06,5.22897122e-07,0.522897122,6.75772225e-07,9.95690808,10554.3225648,0.879601646539956,6.75772225e-07,7.26628684e-07,0.726628684
2803,3.70840783e-06,9.94057741,10537.0120546,0.8781589813967521,3.70840783e-06,5.22897122e-07,0.522897122,6.75772225e-07,9.95690808,10554.3225648,0.879601646539956,6.75772225e-07,7.26628684e-07,0.726628684
2804,3.70840783e-06,9.94057741,10537.0120546,0.8781589813967521,3.70840783e-06,5.22897122e-07,0.522897122,6.75772225e-07,9.95690808,10554.3225648,0.879601646539956,6.75772225e-07,7.26628684e-07,0.726628684
2805,3.70840783e-06,9.9405774,10537.012044000001,0.8781589805133437,3.70840783e-06,5.22897122e-07,0.522897122,6.75772225e-07,9.95690807,10554.3225542,0.8796016456565475,6.75772225e-07,7.26628684e-07,0.726628684
2806,3.70840783e-06,9.9405774,10537.012044000001,0.8781589805133437,3.70840783e-06,5.22897122e-07,0.522897122,6.75772225e-07,9.95690807,10554.3225542,0.8796016456565475,6.75772225e-07,7.26628684e-07,0.726628684
2807,3.70840783e-06,9.9405774,10537.012044000001,0.8781589805133437,3.70840783e-06,5.22897122e-07,0.522897122,6.75772225e-07,9.95690807,10554.3225542,0.8796016456565475,6.75772225e-07,7.26628684e-07,0.726628684
2808,3.70840783e-06,9.9405774,10537.012044000001,0.8781589805133437,3.70840783e-06,5.22897122e-07,0.522897122,6.75772225e-07,9.95690807,10554.3225542,0.8796016456565475,6.75772225e-07,7.26628684e-07,0.726628684
2809,3.70840783e-06,9.9405774,10537.012044000001,0.8781589805133437,3.70840783e-06,5.22897122e-07,0.522897122,6.75772225e-07,9.95690807,10554.3225542,0.8796016456565475,6.75772225e-07,7.26628684e-07,0.726628684
2810,3.70840783e-06,9.9405774,10537.012044000001,0.8781589805133437,3.70840783e-06,5.22897122e-07,0.522897122,6.75772225e-07,9.95690807,10554.3225542,0.8796016456565475,6.75772225e-07,7.26628683e-07,0.726628683
2811,3.70840783e-06,9.9405774,10537.012044000001,0.8781589805133437,3.70840783e-06,5.22897122e-07,0.522897122,6.75772225e-07,9.95690807,10554.3225542,0.8796016456565475,6.75772225e-07,7.26628683e-07,0.726628683
2812,3.70840783e-06,9.9405774,10537.012044000001,0.8781589805133437,3.70840783e-06,5.22897122e-07,0.522897122,6.75772225e-07,9.95690807,10554.3225542,0.8796016456565475,6.75772225e-07,7.26628683e-07,0.726628683
2813,3.70840783e-06,9.9405774,10537.012044000001,0.8781589805133437,3.70840783e-06,5.22897122e-07,0.522897122,6.75772225e-07,9.95690807,10554.3225542,0.8796016456565475,6.75772225e-07,7.26628683e-07,0.726628683
2814,3.70840783e-06,9.94057739,10537.0120334,0.8781589796299353,3.70840783e-06,5.22897122e-07,0.522897122,6.75772225e-07,9.95690806,10554.3225436,0.8796016447731391,6.75772225e-07,7.26628683e-07,0.726628683
2815,3.70840783e-06,9.94057739,10537.0120334,0.8781589796299353,3.70840783e-06,5.22897122e-07,0.522897122,6.75772225e-07,9.95690806,10554.3225436,0.8796016447731391,6.75772225e-07,7.26628683e-07,0.726628683
2816,3.70840783e-06,9.94057739,10537.0120334,0.8781589796299353,3.70840783e-06,5.22897122e-07,0.522897122,6.75772225e-07,9.95690806,10554.3225436,0.8796016447731391,6.75772225e-07,7.26628683e-07,0.726628683
2817,3.70840783e-06,9.94057739,10537.0120334,0.8781589796299353,3.70840783e-06,5.22897122e-07,0.522897122,6.75772225e-07,9.95690806,10554.3225436,0.8796016447731391,6.75772225e-07,7.26628683e-07,0.726628683
2818,3.70840783e-06,9.94057739,10537.0120334,0.8781589796299353,3.70840783e-06,5.22897122e-07,0.522897122,6.75772225e-07,9.95690806,10554.3225436,0.8796016447731391,6.75772225e-07,7.26628683e-07,0.726628683
2819,3.70840783e-06,9.94057739,10537.0120334,0.8781589796299353,3.70840783e-06,5.22897122e-07,0.522897122,6.75772225e-07,9.95690806,10554.3225436,0.8796016447731391,6.75772225e-07,7.26628683e-07,0.726628683
2820,3.70840783e-06,9.94057739,10537.0120334,0.8781589796299353,3.70840783e-06,5.22897122e-07,0.522897122,6.75772225e-07,9.95690806,10554.3225436,0.8796016447731391,6.75772225e-07,7.26628683e-07,0.726628683
2821,3.70840783e-06,9.94057739,10537.0120334,0.8781589796299353,3.70840783e-06,5.22897122e-07,0.522897122,6.75772225e-07,9.95690806,10554.3225436,0.8796016447731391,6.75772225e-07,7.26628683e-07,0.726628683
2822,3.70840783e-06,9.94057738,10537.012022800001,0.8781589787465269,3.70840783e-06,5.22897122e-07,0.522897122,6.75772225e-07,9.95690806,10554.3225436,0.8796016447731391,6.75772225e-07,7.26628683e-07,0.726628683
2823,3.70840783e-06,9.94057738,10537.012022800001,0.8781589787465269,3.70840783e-06,5.22897122e-07,0.522897122,6.75772225e-07,9.95690806,10554.3225436,0.8796016447731391,6.75772225e-07,7.26628683e-07,0.726628683
2824,3.70840783e-06,9.94057738,10537.012022800001,0.8781589787465269,3.70840783e-06,5.22897122e-07,0.522897122,6.75772225e-07,9.95690806,10554.3225436,0.8796016447731391,6.75772225e-07,7.26628683e-07,0.726628683
2825,3.70840783e-06,9.94057738,10537.012022800001,0.8781589787465269,3.70840783e-06,5.22897122e-07,0.522897122,6.75772225e-07,9.95690806,10554.3225436,0.8796016447731391,6.75772225e-07,7.26628683e-07,0.726628683
2826,3.70840783e-06,9.9405774,10537.012044000001,0.8781589805133437,3.70840783e-06,5.22897122e-07,0.522897122,6.75772225e-07,9.95690808,10554.3225648,0.879601646539956,6.75772225e-07,7.26628683e-07,0.726628683
2827,3.70840783e-06,9.9405774,10537.012044000001,0.8781589805133437,3.70840783e-06,5.22897122e-07,0.522897122,6.75772225e-07,9.95690809,10554.322575400001,0.8796016474233644,6.75772225e-07,7.26628683e-07,0.726628683
2828,3.70840783e-06,9.9405774,10537.012044000001,0.8781589805133437,3.70840783e-06,5.22897122e-07,0.522897122,6.75772225e-07,9.95690809,10554.322575400001,0.8796016474233644,6.75772225e-07,7.26628683e-07,0.726628683
2829,3.70840783e-06,9.9405774,10537.012044000001,0.8781589805133437,3.70840783e-06,5.22897122e-07,0.522897122,6.75772225e-07,9.95690809,10554.322575400001,0.8796016474233644,6.75772225e-07,7.26628683e-07,0.726628683
2830,3.70840783e-06,9.9405774,10537.012044000001,0.8781589805133437,3.70840783e-06,5.22897122e-07,0.522897122,6.75772225e-07,9.95690809,10554.322575400001,0.8796016474233644,6.75772225e-07,7.26628683e-07,0.726628683
2831,3.70840783e-06,9.9405774,10537.012044000001,0.8781589805133437,3.70840783e-06,5.22897122e-07,0.522897122,6.75772225e-07,9.9569081,10554.322586,0.8796016483067728,6.75772225e-07,7.26628683e-07,0.726628683
2832,3.70840783e-06,9.9405774,10537.012044000001,0.8781589805133437,3.70840783e-06,5.22897122e-07,0.522897122,6.75772225e-07,9.9569081,10554.322586,0.8796016483067728,6.75772225e-07,7.26628683e-07,0.726628683
2833,3.70840783e-06,9.9405774,10537.012044000001,0.8781589805133437,3.70840783e-06,5.22897122e-07,0.522897122,6.75772225e-07,9.9569081,10554.322586,0.8796016483067728,6.75772225e-07,7.26628683e-07,0.726628683
2834,3.70840783e-06,9.9405774,10537.012044000001,0.8781589805133437,3.70840783e-06,5.22897122e-07,0.522897122,6.75772225e-07,9.9569081,10554.322586,0.8796016483067728,6.75772225e-07,7.26628683e-07,0.726628683
2835,3.70840783e-06,9.9405774,10537.012044000001,0.8781589805133437,3.70840783e-06,5.22897122e-07,0.522897122,6.75772225e-07,9.95690811,10554.3225966,0.8796016491901812,6.75772225e-07,7.26628683e-07,0.726628683
2836,3.70840783e-06,9.9405774,10537.012044000001,0.8781589805133437,3.70840783e-06,5.22897122e-07,0.522897122,6.75772225e-07,9.95690811,10554.3225966,0.8796016491901812,6.75772225e-07,7.26628683e-07,0.726628683
2837,3.70840783e-06,9.9405774,10537.012044000001,0.8781589805133437,3.70840783e-06,5.22897122e-07,0.522897122,6.75772225e-07,9.95690811,10554.3225966,0.8796016491901812,6.75772225e-07,7.26628683e-07,0.726628683
2838,3.70840783e-06,9.9405774,10537.012044000001,0.8781589805133437,3.70840783e-06,5.22897122e-07,0.522897122,6.75772225e-07,9.95690811,10554.3225966,0.8796016491901812,6.75772225e-07,7.26628683e-07,0.726628683
2839,3.70840783e-06,9.9405774,10537.012044000001,0.8781589805133437,3.70840783e-06,5.22897122e-07,0.522897122,6.75772225e-07,9.9569081,10554.322586,0.8796016483067728,6.75772225e-07,7.26628683e-07,0.726628683
2840,3.70840783e-06,9.9405774,10537.012044000001,0.8781589805133437,3.70840783e-06,5.22897122e-07,0.522897122,6.75772225e-07,9.95690811,10554.3225966,0.8796016491901812,6.75772225e-07,7.26628683e-07,0.726628683
2841,3.70840783e-06,9.9405774,10537.012044000001,0.8781589805133437,3.70840783e-06,5.22897122e-07,0.522897122,6.75772225e-07,9.95690811,10554.3225966,0.8796016491901812,6.75772225e-07,7.26628683e-07,0.726628683
2842,3.70840783e-06,9.9405774,10537.012044000001,0.8781589805133437,3.70840783e-06,5.22897122e-07,0.522897122,6.75772225e-07,9.95690811,10554.3225966,0.8796016491901812,6.75772225e-07,7.26628683e-07,0.726628683
2843,3.70840783e-06,9.9405774,10537.012044000001,0.8781589805133437,3.70840783e-06,5.22897122e-07,0.522897122,6.75772225e-07,9.95690811,10554.3225966,0.8796016491901812,6.75772225e-07,7.26628683e-07,0.726628683
2844,3.70840783e-06,9.9405774,10537.012044000001,0.8781589805133437,3.70840783e-06,5.22897122e-07,0.522897122,6.75772225e-07,9.95690811,10554.3225966,0.8796016491901812,6.75772225e-07,7.26628683e-07,0.726628683
2845,3.70840783e-06,9.9405774,10537.012044000001,0.8781589805133437,3.70840783e-06,5.22897121e-07,0.5228971210000001,6.75772225e-07,9.95690811,10554.3225966,0.8796016491901812,6.75772225e-07,7.26628683e-07,0.726628683
2846,3.70840783e-06,9.9405774,10537.012044000001,0.8781589805133437,3.70840783e-06,5.22897121e-07,0.5228971210000001,6.75772225e-07,9.95690811,10554.3225966,0.8796016491901812,6.75772225e-07,7.26628683e-07,0.726628683
2847,3.70840783e-06,9.9405774,10537.012044000001,0.8781589805133437,3.70840783e-06,5.22897121e-07,0.5228971210000001,6.75772225e-07,9.95690811,10554.3225966,0.8796016491901812,6.75772225e-07,7.26628683e-07,0.726628683
2848,3.70840783e-06,9.9405774,10537.012044000001,0.8781589805133437,3.70840783e-06,5.22897121e-07,0.5228971210000001,6.75772225e-07,9.9569081,10554.322586,0.8796016483067728,6.75772225e-07,7.26628683e-07,0.726628683
2849,3.70840783e-06,9.9405774,10537.012044000001,0.8781589805133437,3.70840783e-06,5.22897121e-07,0.5228971210000001,6.75772225e-07,9.95690811,10554.3225966,0.8796016491901812,6.75772225e-07,7.26628683e-07,0.726628683
2850,3.70840783e-06,9.9405774,10537.012044000001,0.8781589805133437,3.70840783e-06,5.22897121e-07,0.5228971210000001,6.75772225e-07,9.95690811,10554.3225966,0.8796016491901812,6.75772225e-07,7.26628684e-07,0.726628684
2851,3.70840783e-06,9.9405774,10537.012044000001,0.8781589805133437,3.70840783e-06,5.22897121e-07,0.5228971210000001,6.75772225e-07,9.9569081,10554.322586,0.8796016483067728,6.75772225e-07,7.26628684e-07,0.726628684
2852,3.70840783e-06,9.9405774,10537.012044000001,0.8781589805133437,3.70840783e-06,5.22897121e-07,0.5228971210000001,6.75772225e-07,9.9569081,10554.322586,0.8796016483067728,6.75772225e-07,7.26628684e-07,0.726628684
2853,3.70840783e-06,9.9405774,10537.012044000001,0.8781589805133437,3.70840783e-06,5.22897121e-07,0.5228971210000001,6.75772225e-07,9.9569081,10554.322586,0.8796016483067728,6.75772225e-07,7.26628684e-07,0.726628684
2854,3.70840783e-06,9.9405774,10537.012044000001,0.8781589805133437,3.70840783e-06,5.22897121e-07,0.5228971210000001,6.75772225e-07,9.9569081,10554.322586,0.8796016483067728,6.75772225e-07,7.26628684e-07,0.726628684
2855,3.70840783e-06,9.9405774,10537.012044000001,0.8781589805133437,3.70840783e-06,5.22897121e-07,0.5228971210000001,6.75772225e-07,9.95690811,10554.3225966,0.8796016491901812,6.75772225e-07,7.26628684e-07,0.726628684
2856,3.70840783e-06,9.9405774,10537.012044000001,0.8781589805133437,3.70840783e-06,5.22897121e-07,0.5228971210000001,6.75772225e-07,9.95690811,10554.3225966,0.8796016491901812,6.75772225e-07,7.26628684e-07,0.726628684
2857,3.70840783e-06,9.9405774,10537.012044000001,0.8781589805133437,3.70840783e-06,5.22897121e-07,0.5228971210000001,6.75772225e-07,9.9569081,10554.322586,0.8796016483067728,6.75772225e-07,7.26628684e-07,0.726628684
2858,3.70840783e-06,9.9405774,10537.012044000001,0.8781589805133437,3.70840783e-06,5.22897121e-07,0.5228971210000001,6.75772225e-07,9.95690811,10554.3225966,0.8796016491901812,6.75772225e-07,7.26628684e-07,0.726628684
2859,3.70840783e-06,9.9405774,10537.012044000001,0.8781589805133437,3.70840783e-06,5.22897121e-07,0.5228971210000001,6.75772225e-07,9.95690811,10554.3225966,0.8796016491901812,6.75772225e-07,7.26628684e-07,0.726628684
2860,3.70840783e-06,9.9405774,10537.012044000001,0.8781589805133437,3.70840783e-06,5.22897121e-07,0.5228971210000001,6.75772225e-07,9.95690811,10554.3225966,0.8796016491901812,6.75772225e-07,7.26628684e-07,0.726628684
2861,3.70840783e-06,9.9405774,10537.012044000001,0.8781589805133437,3.70840783e-06,5.22897121e-07,0.5228971210000001,6.75772225e-07,9.95690811,10554.3225966,0.8796016491901812,6.75772225e-07,7.26628684e-07,0.726628684
2862,3.70840783e-06,9.9405774,10537.012044000001,0.8781589805133437,3.70840783e-06,5.22897121e-07,0.5228971210000001,6.75772225e-07,9.95690812,10554.3226072,0.8796016500735896,6.75772225e-07,7.26628684e-07,0.726628684
2863,3.70840783e-06,9.9405774,10537.012044000001,0.8781589805133437,3.70840783e-06,5.22897121e-07,0.5228971210000001,6.75772225e-07,9.95690812,10554.3226072,0.8796016500735896,6.75772225e-07,7.26628684e-07,0.726628684
2864,3.70840783e-06,9.9405774,10537.012044000001,0.8781589805133437,3.70840783e-06,5.22897121e-07,0.5228971210000001,6.75772225e-07,9.95690812,10554.3226072,0.8796016500735896,6.75772225e-07,7.26628684e-07,0.726628684
2865,3.70840783e-06,9.9405774,10537.012044000001,0.8781589805133437,3.70840783e-06,5.22897121e-07,0.5228971210000001,6.75772225e-07,9.95690812,10554.3226072,0.8796016500735896,6.75772225e-07,7.26628684e-07,0.726628684
2866,3.70840783e-06,9.9405774,10537.012044000001,0.8781589805133437,3.70840783e-06,5.22897121e-07,0.5228971210000001,6.75772225e-07,9.95690812,10554.3226072,0.8796016500735896,6.75772225e-07,7.26628684e-07,0.726628684
2867,3.70840783e-06,9.9405774,10537.012044000001,0.8781589805133437,3.70840783e-06,5.22897121e-07,0.5228971210000001,6.75772225e-07,9.95690812,10554.3226072,0.8796016500735896,6.75772225e-07,7.26628684e-07,0.726628684
2868,3.70840783e-06,9.9405774,10537.012044000001,0.8781589805133437,3.70840783e-06,5.22897121e-07,0.5228971210000001,6.75772225e-07,9.95690811,10554.3225966,0.8796016491901812,6.75772225e-07,7.26628684e-07,0.726628684
2869,3.70840783e-06,9.9405774,10537.012044000001,0.8781589805133437,3.70840783e-06,5.22897121e-07,0.5228971210000001,6.75772225e-07,9.95690811,10554.3225966,0.8796016491901812,6.75772225e-07,7.26628684e-07,0.726628684
2870,3.70840783e-06,9.9405774,10537.012044000001,0.8781589805133437,3.70840783e-06,5.22897121e-07,0.5228971210000001,6.75772225e-07,9.9569081,10554.322586,0.8796016483067728,6.75772225e-07,7.26628684e-07,0.726628684
2871,3.70840783e-06,9.9405774,10537.012044000001,0.8781589805133437,3.70840783e-06,5.22897121e-07,0.5228971210000001,6.75772225e-07,9.9569081,10554.322586,0.8796016483067728,6.75772225e-07,7.26628684e-07,0.726628684
2872,3.70840783e-06,9.9405774,10537.012044000001,0.8781589805133437,3.70840783e-06,5.22897121e-07,0.5228971210000001,6.75772225e-07,9.9569081,10554.322586,0.8796016483067728,6.75772225e-07,7.26628684e-07,0.726628684
2873,3.70840783e-06,9.9405774,10537.012044000001,0.8781589805133437,3.70840783e-06,5.22897121e-07,0.5228971210000001,6.75772225e-07,9.9569081,10554.322586,0.8796016483067728,6.75772225e-07,7.26628684e-07,0.726628684
2874,3.70840783e-06,9.9405774,10537.012044000001,0.8781589805133437,3.70840783e-06,5.22897121e-07,0.5228971210000001,6.75772225e-07,9.95690809,10554.322575400001,0.8796016474233644,6.75772225e-07,7.26628684e-07,0.726628684
2875,3.70840783e-06,9.9405774,10537.012044000001,0.8781589805133437,3.70840783e-06,5.22897121e-07,0.5228971210000001,6.75772225e-07,9.95690809,10554.322575400001,0.8796016474233644,6.75772225e-07,7.26628684e-07,0.726628684
2876,3.70840783e-06,9.9405774,10537.012044000001,0.8781589805133437,3.70840783e-06,5.22897121e-07,0.5228971210000001,6.75772225e-07,9.95690809,10554.322575400001,0.8796016474233644,6.75772225e-07,7.26628684e-07,0.726628684
2877,3.70840783e-06,9.9405774,10537.012044000001,0.8781589805133437,3.70840783e-06,5.22897121e-07,0.5228971210000001,6.75772225e-07,9.95690809,10554.322575400001,0.8796016474233644,6.75772225e-07,7.26628684e-07,0.726628684
2878,3.70840783e-06,9.9405774,10537.012044000001,0.8781589805133437,3.70840783e-06,5.22897121e-07,0.5228971210000001,6.75772225e-07,9.95690809,10554.322575400001,0.8796016474233644,6.75772225e-07,7.26628684e-07,0.726628684
2879,3.70840783e-06,9.9405774,10537.012044000001,0.8781589805133437,3.70840783e-06,5.22897121e-07,0.5228971210000001,6.75772225e-07,9.95690809,10554.322575400001,0.8796016474233644,6.75772225e-07,7.26628684e-07,0.726628684
2880,3.70840783e-06,9.9405774,10537.012044000001,0.8781589805133437,3.70840783e-06,5.22897121e-07,0.5228971210000001,6.75772225e-07,9.95690809,10554.322575400001,0.8796016474233644,6.75772225e-07,7.26628684e-07,0.726628684
2881,3.70840783e-06,9.9405774,10537.012044000001,0.8781589805133437,3.70840783e-06,5.22897121e-07,0.5228971210000001,6.75772225e-07,9.95690809,10554.322575400001,0.8796016474233644,6.75772225e-07,7.26628684e-07,0.726628684
2882,3.70840783e-06,9.9405774,10537.012044000001,0.8781589805133437,3.70840783e-06,5.22897121e-07,0.5228971210000001,6.75772225e-07,9.95690809,10554.322575400001,0.8796016474233644,6.75772225e-07,7.26628684e-07,0.726628684
2883,3.70840783e-06,9.9405774,10537.012044000001,0.8781589805133437,3.70840783e-06,5.22897121e-07,0.5228971210000001,6.75772225e-07,9.95690809,10554.322575400001,0.8796016474233644,6.75772225e-07,7.26628684e-07,0.726628684
2884,3.70840783e-06,9.9405774,10537.012044000001,0.8781589805133437,3.70840783e-06,5.22897121e-07,0.5228971210000001,6.75772225e-07,9.95690809,10554.322575400001,0.8796016474233644,6.75772225e-07,7.26628684e-07,0.726628684
2885,3.70840783e-06,9.9405774,10537.012044000001,0.8781589805133437,3.70840783e-06,5.22897121e-07,0.5228971210000001,6.75772225e-07,9.95690809,10554.322575400001,0.8796016474233644,6.75772225e-07,7.26628684e-07,0.726628684
2886,3.70840783e-06,9.9405774,10537.012044000001,0.8781589805133437,3.70840783e-06,5.22897121e-07,0.5228971210000001,6.75772225e-07,9.95690808,10554.3225648,0.879601646539956,6.75772225e-07,7.26628684e-07,0.726628684
2887,3.70840783e-06,9.9405774,10537.012044000001,0.8781589805133437,3.70840783e-06,5.22897121e-07,0.5228971210000001,6.75772225e-07,9.95690807,10554.3225542,0.8796016456565475,6.75772225e-07,7.26628684e-07,0.726628684
2888,3.70840783e-06,9.9405774,10537.012044000001,0.8781589805133437,3.70840783e-06,5.22897121e-07,0.5228971210000001,6.75772225e-07,9.95690807,10554.3225542,0.8796016456565475,6.75772225e-07,7.26628684e-07,0.726628684
2889,3.70840783e-06,9.9405774,10537.012044000001,0.8781589805133437,3.70840783e-06,5.22897121e-07,0.5228971210000001,6.75772225e-07,9.95690806,10554.3225436,0.8796016447731391,6.75772225e-07,7.26628684e-07,0.726628684
2890,3.70840783e-06,9.9405774,10537.012044000001,0.8781589805133437,3.70840783e-06,5.22897122e-07,0.522897122,6.75772225e-07,9.95690806,10554.3225436,0.8796016447731391,6.75772225e-07,7.26628684e-07,0.726628684
2891,3.70840783e-06,9.9405774,10537.012044000001,0.8781589805133437,3.70840783e-06,5.22897122e-07,0.522897122,6.75772225e-07,9.95690806,10554.3225436,0.8796016447731391,6.75772225e-07,7.26628684e-07,0.726628684
2892,3.70840783e-06,9.9405774,10537.012044000001,0.8781589805133437,3.70840783e-06,5.22897122e-07,0.522897122,6.75772225e-07,9.95690806,10554.3225436,0.8796016447731391,6.75772225e-07,7.26628683e-07,0.726628683
2893,3.70840783e-06,9.9405774,10537.012044000001,0.8781589805133437,3.70840783e-06,5.22897122e-07,0.522897122,6.75772225e-07,9.95690805,10554.322532999999,0.8796016438897305,6.75772225e-07,7.26628683e-07,0.726628683
2894,3.70840783e-06,9.9405774,10537.012044000001,0.8781589805133437,3.70840783e-06,5.22897122e-07,0.522897122,6.75772225e-07,9.95690805,10554.322532999999,0.8796016438897305,6.75772225e-07,7.26628683e-07,0.726628683
2895,3.70840783e-06,9.9405774,10537.012044000001,0.8781589805133437,3.70840783e-06,5.22897122e-07,0.522897122,6.75772225e-07,9.95690805,10554.322532999999,0.8796016438897305,6.75772225e-07,7.26628683e-07,0.726628683
2896,3.70840783e-06,9.9405774,10537.012044000001,0.8781589805133437,3.70840783e-06,5.22897122e-07,0.522897122,6.75772225e-07,9.95690806,10554.3225436,0.8796016447731391,6.75772225e-07,7.26628683e-07,0.726628683
2897,3.70840783e-06,9.9405774,10537.012044000001,0.8781589805133437,3.70840783e-06,5.22897122e-07,0.522897122,6.75772225e-07,9.95690806,10554.3225436,0.8796016447731391,6.75772225e-07,7.26628683e-07,0.726628683
2898,3.70840783e-06,9.9405774,10537.012044000001,0.8781589805133437,3.70840783e-06,5.22897122e-07,0.522897122,6.75772225e-07,9.95690806,10554.3225436,0.8796016447731391,6.75772225e-07,7.26628683e-07,0.726628683
2899,3.70840783e-06,9.9405774,10537.012044000001,0.8781589805133437,3.70840783e-06,5.22897122e-07,0.522897122,6.75772225e-07,9.95690806,10554.3225436,0.8796016447731391,6.75772225e-07,7.26628683e-07,0.726628683
2900,3.70840783e-06,9.9405774,10537.012044000001,0.8781589805133437,3.70840783e-06,5.22897122e-07,0.522897122,6.75772225e-07,9.95690806,10554.3225436,0.8796016447731391,6.75772225e-07,7.26628683e-07,0.726628683
2901,3.70840783e-06,9.9405774,10537.012044000001,0.8781589805133437,3.70840783e-06,5.22897122e-07,0.522897122,6.75772225e-07,9.95690806,10554.3225436,0.8796016447731391,6.75772225e-07,7.26628683e-07,0.726628683
2902,3.70840783e-06,9.9405774,10537.012044000001,0.8781589805133437,3.70840783e-06,5.22897122e-07,0.522897122,6.75772225e-07,9.95690806,10554.3225436,0.8796016447731391,6.75772225e-07,7.26628683e-07,0.726628683
2903,3.70840783e-06,9.9405774,10537.012044000001,0.8781589805133437,3.70840783e-06,5.22897122e-07,0.522897122,6.75772225e-07,9.95690805,10554.322532999999,0.8796016438897305,6.75772225e-07,7.26628683e-07,0.726628683
2904,3.70840783e-06,9.9405774,10537.012044000001,0.8781589805133437,3.70840783e-06,5.22897122e-07,0.522897122,6.75772225e-07,9.95690805,10554.322532999999,0.8796016438897305,6.75772225e-07,7.26628683e-07,0.726628683
2905,3.70840783e-06,9.9405774,10537.012044000001,0.8781589805133437,3.70840783e-06,5.22897122e-07,0.522897122,6.75772225e-07,9.95690805,10554.322532999999,0.8796016438897305,6.75772225e-07,7.26628683e-07,0.726628683
2906,3.70840783e-06,9.9405774,10537.012044000001,0.8781589805133437,3.70840783e-06,5.22897122e-07,0.522897122,6.75772225e-07,9.95690804,10554.3225224,0.8796016430063223,6.75772225e-07,7.26628682e-07,0.726628682
2907,3.70840783e-06,9.9405774,10537.012044000001,0.8781589805133437,3.70840783e-06,5.22897122e-07,0.522897122,6.75772225e-07,9.95690804,10554.3225224,0.8796016430063223,6.75772225e-07,7.26628682e-07,0.726628682
2908,3.70840783e-06,9.9405774,10537.012044000001,0.8781589805133437,3.70840783e-06,5.22897122e-07,0.522897122,6.75772225e-07,9.95690804,10554.3225224,0.8796016430063223,6.75772225e-07,7.26628682e-07,0.726628682
2909,3.70840783e-06,9.9405774,10537.012044000001,0.8781589805133437,3.70840783e-06,5.22897122e-07,0.522897122,6.75772225e-07,9.95690804,10554.3225224,0.8796016430063223,6.75772225e-07,7.26628682e-07,0.726628682
2910,3.70840783e-06,9.9405774,10537.012044000001,0.8781589805133437,3.70840783e-06,5.22897122e-07,0.522897122,6.75772225e-07,9.95690803,10554.3225118,0.8796016421229137,6.75772225e-07,7.26628682e-07,0.726628682
2911,3.70840783e-06,9.9405774,10537.012044000001,0.8781589805133437,3.70840783e-06,5.22897122e-07,0.522897122,6.75772225e-07,9.95690804,10554.3225224,0.8796016430063223,6.75772225e-07,7.26628682e-07,0.726628682
2912,3.70840783e-06,9.9405774,10537.012044000001,0.8781589805133437,3.70840783e-06,5.22897122e-07,0.522897122,6.75772225e-07,9.95690804,10554.3225224,0.8796016430063223,6.75772225e-07,7.26628682e-07,0.726628682
2913,3.70840783e-06,9.9405774,10537.012044000001,0.8781589805133437,3.70840783e-06,5.22897122e-07,0.522897122,6.75772225e-07,9.95690805,10554.322532999999,0.8796016438897305,6.75772225e-07,7.26628682e-07,0.726628682
2914,3.70840783e-06,9.9405774,10537.012044000001,0.8781589805133437,3.70840783e-06,5.22897122e-07,0.522897122,6.75772225e-07,9.95690805,10554.322532999999,0.8796016438897305,6.75772225e-07,7.26628682e-07,0.726628682
2915,3.70840783e-06,9.9405774,10537.012044000001,0.8781589805133437,3.70840783e-06,5.22897122e-07,0.522897122,6.75772225e-07,9.95690806,10554.3225436,0.8796016447731391,6.75772225e-07,7.26628682e-07,0.726628682
2916,3.70840783e-06,9.9405774,10537.012044000001,0.8781589805133437,3.70840783e-06,5.22897122e-07,0.522897122,6.75772225e-07,9.95690806,10554.3225436,0.8796016447731391,6.75772225e-07,7.26628682e-07,0.726628682
2917,3.70840783e-06,9.9405774,10537.012044000001,0.8781589805133437,3.70840783e-06,5.22897122e-07,0.522897122,6.75772225e-07,9.95690807,10554.3225542,0.8796016456565475,6.75772225e-07,7.26628682e-07,0.726628682
2918,3.70840783e-06,9.9405774,10537.012044000001,0.8781589805133437,3.70840783e-06,5.22897122e-07,0.522897122,6.75772225e-07,9.95690807,10554.3225542,0.8796016456565475,6.75772225e-07,7.26628682e-07,0.726628682
2919,3.70840783e-06,9.9405774,10537.012044000001,0.8781589805133437,3.70840783e-06,5.22897122e-07,0.522897122,6.75772225e-07,9.95690808,10554.3225648,0.879601646539956,6.75772225e-07,7.26628682e-07,0.726628682
2920,3.70840783e-06,9.9405774,10537.012044000001,0.8781589805133437,3.70840783e-06,5.22897122e-07,0.522897122,6.75772225e-07,9.95690808,10554.3225648,0.879601646539956,6.75772225e-07,7.26628682e-07,0.726628682
2921,3.70840783e-06,9.9405774,10537.012044000001,0.8781589805133437,3.70840783e-06,5.22897122e-07,0.522897122,6.75772225e-07,9.95690808,10554.3225648,0.879601646539956,6.75772225e-07,7.26628682e-07,0.726628682
2922,3.70840783e-06,9.9405774,10537.012044000001,0.8781589805133437,3.70840783e-06,5.22897122e-07,0.522897122,6.75772225e-07,9.95690809,10554.322575400001,0.8796016474233644,6.75772225e-07,7.26628682e-07,0.726628682
2923,3.70840783e-06,9.9405774,10537.012044000001,0.8781589805133437,3.70840783e-06,5.22897122e-07,0.522897122,6.75772225e-07,9.95690809,10554.322575400001,0.8796016474233644,6.75772225e-07,7.26628682e-07,0.726628682
2924,3.70840783e-06,9.9405774,10537.012044000001,0.8781589805133437,3.70840783e-06,5.22897122e-07,0.522897122,6.75772225e-07,9.9569081,10554.322586,0.8796016483067728,6.75772225e-07,7.26628682e-07,0.726628682
2925,3.70840783e-06,9.9405774,10537.012044000001,0.8781589805133437,3.70840783e-06,5.22897122e-07,0.522897122,6.75772225e-07,9.9569081,10554.322586,0.8796016483067728,6.75772225e-07,7.26628682e-07,0.726628682
2926,3.70840783e-06,9.9405774,10537.012044000001,0.8781589805133437,3.70840783e-06,5.22897122e-07,0.522897122,6.75772225e-07,9.95690811,10554.3225966,0.8796016491901812,6.75772225e-07,7.26628682e-07,0.726628682
2927,3.70840783e-06,9.9405774,10537.012044000001,0.8781589805133437,3.70840783e-06,5.22897122e-07,0.522897122,6.75772225e-07,9.95690811,10554.3225966,0.8796016491901812,6.75772225e-07,7.26628682e-07,0.726628682
2928,3.70840783e-06,9.9405774,10537.012044000001,0.8781589805133437,3.70840783e-06,5.22897122e-07,0.522897122,6.75772225e-07,9.95690812,10554.3226072,0.8796016500735896,6.75772225e-07,7.26628682e-07,0.726628682
2929,3.70840783e-06,9.9405774,10537.012044000001,0.8781589805133437,3.70840783e-06,5.22897122e-07,0.522897122,6.75772225e-07,9.95690812,10554.3226072,0.8796016500735896,6.75772225e-07,7.26628682e-07,0.726628682
2930,3.70840783e-06,9.9405774,10537.012044000001,0.8781589805133437,3.70840783e-06,5.22897122e-07,0.522897122,6.75772225e-07,9.95690812,10554.3226072,0.8796016500735896,6.75772225e-07,7.26628682e-07,0.726628682
2931,3.70840783e-06,9.9405774,10537.012044000001,0.8781589805133437,3.70840783e-06,5.22897122e-07,0.522897122,6.75772225e-07,9.95690813,10554.3226178,0.879601650956998,6.75772225e-07,7.26628682e-07,0.726628682
2932,3.70840783e-06,9.9405774,10537.012044000001,0.8781589805133437,3.70840783e-06,5.22897122e-07,0.522897122,6.75772225e-07,9.95690813,10554.3226178,0.879601650956998,6.75772225e-07,7.26628682e-07,0.726628682
2933,3.70840783e-06,9.9405774,10537.012044000001,0.8781589805133437,3.70840783e-06,5.22897122e-07,0.522897122,6.75772225e-07,9.95690814,10554.3226284,0.8796016518404064,6.75772225e-07,7.26628682e-07,0.726628682
2934,3.70840783e-06,9.9405774,10537.012044000001,0.8781589805133437,3.70840783e-06,5.22897122e-07,0.522897122,6.75772225e-07,9.95690814,10554.3226284,0.8796016518404064,6.75772225e-07,7.26628683e-07,0.726628683
2935,3.70840783e-06,9.9405774,10537.012044000001,0.8781589805133437,3.70840783e-06,5.22897122e-07,0.522897122,6.75772225e-07,9.95690814,10554.3226284,0.8796016518404064,6.75772225e-07,7.26628683e-07,0.726628683
2936,3.70840783e-06,9.9405774,10537.012044000001,0.8781589805133437,3.70840783e-06,5.22897123e-07,0.522897123,6.75772225e-07,9.95690814,10554.3226284,0.8796016518404064,6.75772225e-07,7.26628683e-07,0.726628683
2937,3.70840783e-06,9.9405774,10537.012044000001,0.8781589805133437,3.70840783e-06,5.22897123e-07,0.522897123,6.75772225e-07,9.95690815,10554.322639,0.8796016527238149,6.75772225e-07,7.26628683e-07,0.726628683
2938,3.70840783e-06,9.9405774,10537.012044000001,0.8781589805133437,3.70840783e-06,5.22897123e-07,0.522897123,6.75772225e-07,9.95690815,10554.322639,0.8796016527238149,6.75772225e-07,7.26628683e-07,0.726628683
2939,3.70840783e-06,9.9405774,10537.012044000001,0.8781589805133437,3.70840783e-06,5.22897123e-07,0.522897123,6.75772225e-07,9.95690815,10554.322639,0.8796016527238149,6.75772225e-07,7.26628683e-07,0.726628683
2940,3.70840783e-06,9.9405774,10537.012044000001,0.8781589805133437,3.70840783e-06,5.22897123e-07,0.522897123,6.75772225e-07,9.95690815,10554.322639,0.8796016527238149,6.75772225e-07,7.26628684e-07,0.726628684
2941,3.70840783e-06,9.9405774,10537.012044000001,0.8781589805133437,3.70840783e-06,5.22897123e-07,0.522897123,6.75772225e-07,9.95690815,10554.322639,0.8796016527238149,6.75772225e-07,7.26628684e-07,0.726628684
2942,3.70840783e-06,9.9405774,10537.012044000001,0.8781589805133437,3.70840783e-06,5.22897123e-07,0.522897123,6.75772225e-07,9.95690814,10554.3226284,0.8796016518404064,6.75772225e-07,7.26628684e-07,0.726628684
2943,3.70840783e-06,9.9405774,10537.012044000001,0.8781589805133437,3.70840783e-06,5.22897123e-07,0.522897123,6.75772225e-07,9.95690814,10554.3226284,0.8796016518404064,6.75772225e-07,7.26628684e-07,0.726628684
2944,3.70840783e-06,9.9405774,10537.012044000001,0.8781589805133437,3.70840783e-06,5.22897122e-07,0.522897122,6.75772225e-07,9.95690814,10554.3226284,0.8796016518404064,6.75772225e-07,7.26628684e-07,0.726628684
2945,3.70840783e-06,9.9405774,10537.012044000001,0.8781589805133437,3.70840783e-06,5.22897122e-07,0.522897122,6.75772225e-07,9.95690813,10554.3226178,0.879601650956998,6.75772225e-07,7.26628684e-07,0.726628684
2946,3.70840783e-06,9.9405774,10537.012044000001,0.8781589805133437,3.70840783e-06,5.22897122e-07,0.522897122,6.75772225e-07,9.95690813,10554.3226178,0.879601650956998,6.75772225e-07,7.26628684e-07,0.726628684
2947,3.70840783e-06,9.9405774,10537.012044000001,0.8781589805133437,3.70840783e-06,5.22897122e-07,0.522897122,6.75772225e-07,9.95690812,10554.3226072,0.8796016500735896,6.75772225e-07,7.26628684e-07,0.726628684
2948,3.70840783e-06,9.9405774,10537.012044000001,0.8781589805133437,3.70840783e-06,5.22897122e-07,0.522897122,6.75772225e-07,9.95690812,10554.3226072,0.8796016500735896,6.75772225e-07,7.26628684e-07,0.726628684
2949,3.70840783e-06,9.9405774,10537.012044000001,0.8781589805133437,3.70840783e-06,5.22897122e-07,0.522897122,6.75772225e-07,9.95690812,10554.3226072,0.8796016500735896,6.75772225e-07,7.26628684e-07,0.726628684
2950,3.70840783e-06,9.9405774,10537.012044000001,0.8781589805133437,3.70840783e-06,5.22897122e-07,0.522897122,6.75772225e-07,9.95690811,10554.3225966,0.8796016491901812,6.75772225e-07,7.26628684e-07,0.726628684
2951,3.70840783e-06,9.9405774,10537.012044000001,0.8781589805133437,3.70840783e-06,5.22897122e-07,0.522897122,6.75772225e-07,9.95690811,10554.3225966,0.8796016491901812,6.75772225e-07,7.26628684e-07,0.726628684
2952,3.70840783e-06,9.9405774,10537.012044000001,0.8781589805133437,3.70840783e-06,5.22897122e-07,0.522897122,6.75772225e-07,9.95690811,10554.3225966,0.8796016491901812,6.75772225e-07,7.26628684e-07,0.726628684
2953,3.70840783e-06,9.9405774,10537.012044000001,0.8781589805133437,3.70840783e-06,5.22897122e-07,0.522897122,6.75772225e-07,9.9569081,10554.322586,0.8796016483067728,6.75772225e-07,7.26628684e-07,0.726628684
2954,3.70840783e-06,9.9405774,10537.012044000001,0.8781589805133437,3.70840783e-06,5.22897122e-07,0.522897122,6.75772225e-07,9.9569081,10554.322586,0.8796016483067728,6.75772225e-07,7.26628684e-07,0.726628684
2955,3.70840783e-06,9.9405774,10537.012044000001,0.8781589805133437,3.70840783e-06,5.22897122e-07,0.522897122,6.75772225e-07,9.95690809,10554.322575400001,0.8796016474233644,6.75772225e-07,7.26628684e-07,0.726628684
2956,3.70840783e-06,9.9405774,10537.012044000001,0.8781589805133437,3.70840783e-06,5.22897122e-07,0.522897122,6.75772225e-07,9.95690809,10554.322575400001,0.8796016474233644,6.75772225e-07,7.26628684e-07,0.726628684
2957,3.70840783e-06,9.9405774,10537.012044000001,0.8781589805133437,3.70840783e-06,5.22897121e-07,0.5228971210000001,6.75772225e-07,9.95690809,10554.322575400001,0.8796016474233644,6.75772225e-07,7.26628684e-07,0.726628684
2958,3.70840783e-06,9.9405774,10537.012044000001,0.8781589805133437,3.70840783e-06,5.22897121e-07,0.5228971210000001,6.75772225e-07,9.95690808,10554.3225648,0.879601646539956,6.75772225e-07,7.26628684e-07,0.726628684
2959,3.70840783e-06,9.9405774,10537.012044000001,0.8781589805133437,3.70840783e-06,5.22897121e-07,0.5228971210000001,6.75772225e-07,9.95690808,10554.3225648,0.879601646539956,6.75772225e-07,7.26628684e-07,0.726628684
2960,3.70840783e-06,9.9405774,10537.012044000001,0.8781589805133437,3.70840783e-06,5.22897121e-07,0.5228971210000001,6.75772225e-07,9.95690808,10554.3225648,0.879601646539956,6.75772225e-07,7.26628684e-07,0.726628684
2961,3.70840783e-06,9.9405774,10537.012044000001,0.8781589805133437,3.70840783e-06,5.22897121e-07,0.5228971210000001,6.75772225e-07,9.95690807,10554.3225542,0.8796016456565475,6.75772225e-07,7.26628684e-07,0.726628684
2962,3.70840783e-06,9.9405774,10537.012044000001,0.8781589805133437,3.70840783e-06,5.22897121e-07,0.5228971210000001,6.75772225e-07,9.95690807,10554.3225542,0.8796016456565475,6.75772225e-07,7.26628684e-07,0.726628684
2963,3.70840783e-06,9.9405774,10537.012044000001,0.8781589805133437,3.70840783e-06,5.22897121e-07,0.5228971210000001,6.75772225e-07,9.95690808,10554.3225648,0.879601646539956,6.75772225e-07,7.26628684e-07,0.726628684
2964,3.70840783e-06,9.9405774,10537.012044000001,0.8781589805133437,3.70840783e-06,5.22897121e-07,0.5228971210000001,6.75772225e-07,9.95690808,10554.3225648,0.879601646539956,6.75772225e-07,7.26628684e-07,0.726628684
2965,3.70840783e-06,9.9405774,10537.012044000001,0.8781589805133437,3.70840783e-06,5.22897121e-07,0.5228971210000001,6.75772225e-07,9.95690808,10554.3225648,0.879601646539956,6.75772225e-07,7.26628684e-07,0.726628684
2966,3.70840783e-06,9.9405774,10537.012044000001,0.8781589805133437,3.70840783e-06,5.22897121e-07,0.5228971210000001,6.75772225e-07,9.95690807,10554.3225542,0.8796016456565475,6.75772225e-07,7.26628684e-07,0.726628684
2967,3.70840783e-06,9.9405774,10537.012044000001,0.8781589805133437,3.70840783e-06,5.22897121e-07,0.5228971210000001,6.75772225e-07,9.95690807,10554.3225542,0.8796016456565475,6.75772225e-07,7.26628684e-07,0.726628684
2968,3.70840783e-06,9.9405774,10537.012044000001,0.8781589805133437,3.70840783e-06,5.22897121e-07,0.5228971210000001,6.75772225e-07,9.95690807,10554.3225542,0.8796016456565475,6.75772225e-07,7.26628684e-07,0.726628684
2969,3.70840783e-06,9.9405774,10537.012044000001,0.8781589805133437,3.70840783e-06,5.22897121e-07,0.5228971210000001,6.75772225e-07,9.95690807,10554.3225542,0.8796016456565475,6.75772225e-07,7.26628684e-07,0.726628684
2970,3.70840783e-06,9.9405774,10537.012044000001,0.8781589805133437,3.70840783e-06,5.22897121e-07,0.5228971210000001,6.75772225e-07,9.95690806,10554.3225436,0.8796016447731391,6.75772225e-07,7.26628684e-07,0.726628684
2971,3.70840783e-06,9.9405774,10537.012044000001,0.8781589805133437,3.70840783e-06,5.22897121e-07,0.5228971210000001,6.75772225e-07,9.95690806,10554.3225436,0.8796016447731391,6.75772225e-07,7.26628684e-07,0.726628684
2972,3.70840783e-06,9.9405774,10537.012044000001,0.8781589805133437,3.70840783e-06,5.22897121e-07,0.5228971210000001,6.75772225e-07,9.95690806,10554.3225436,0.8796016447731391,6.75772225e-07,7.26628684e-07,0.726628684
2973,3.70840783e-06,9.9405774,10537.012044000001,0.8781589805133437,3.70840783e-06,5.22897121e-07,0.5228971210000001,6.75772225e-07,9.95690806,10554.3225436,0.8796016447731391,6.75772225e-07,7.26628684e-07,0.726628684
2974,3.70840783e-06,9.9405774,10537.012044000001,0.8781589805133437,3.70840783e-06,5.22897121e-07,0.5228971210000001,6.75772225e-07,9.95690806,10554.3225436,0.8796016447731391,6.75772225e-07,7.26628684e-07,0.726628684
2975,3.70840783e-06,9.9405774,10537.012044000001,0.8781589805133437,3.70840783e-06,5.22897121e-07,0.5228971210000001,6.75772225e-07,9.95690806,10554.3225436,0.8796016447731391,6.75772225e-07,7.26628684e-07,0.726628684
2976,3.70840783e-06,9.9405774,10537.012044000001,0.8781589805133437,3.70840783e-06,5.22897121e-07,0.5228971210000001,6.75772225e-07,9.95690806,10554.3225436,0.8796016447731391,6.75772225e-07,7.26628683e-07,0.726628683
2977,3.70840783e-06,9.94057741,10537.0120546,0.8781589813967521,3.70840783e-06,5.22897121e-07,0.5228971210000001,6.75772225e-07,9.95690806,10554.3225436,0.8796016447731391,6.75772225e-07,7.26628683e-07,0.726628683
2978,3.70840783e-06,9.94057741,10537.0120546,0.8781589813967521,3.70840783e-06,5.22897121e-07,0.5228971210000001,6.75772225e-07,9.95690806,10554.3225436,0.8796016447731391,6.75772225e-07,7.26628683e-07,0.726628683
2979,3.70840783e-06,9.94057741,10537.0120546,0.8781589813967521,3.70840783e-06,5.22897121e-07,0.5228971210000001,6.75772225e-07,9.95690807,10554.3225542,0.8796016456565475,6.75772225e-07,7.26628683e-07,0.726628683
2980,3.70840783e-06,9.94057741,10537.0120546,0.8781589813967521,3.70840783e-06,5.22897121e-07,0.5228971210000001,6.75772225e-07,9.95690807,10554.3225542,0.8796016456565475,6.75772225e-07,7.26628683e-07,0.726628683
2981,3.70840783e-06,9.94057741,10537.0120546,0.8781589813967521,3.70840783e-06,5.22897121e-07,0.5228971210000001,6.75772225e-07,9.95690807,10554.3225542,0.8796016456565475,6.75772225e-07,7.26628683e-07,0.726628683
2982,3.70840783e-06,9.94057741,10537.0120546,0.8781589813967521,3.70840783e-06,5.22897121e-07,0.5228971210000001,6.75772225e-07,9.95690807,10554.3225542,0.8796016456565475,6.75772225e-07,7.26628683e-07,0.726628683
2983,3.70840783e-06,9.94057741,10537.0120546,0.8781589813967521,3.70840783e-06,5.22897121e-07,0.5228971210000001,6.75772225e-07,9.95690807,10554.3225542,0.8796016456565475,6.75772225e-07,7.26628683e-07,0.726628683
2984,3.70840783e-06,9.94057741,10537.0120546,0.8781589813967521,3.70840783e-06,5.22897121e-07,0.5228971210000001,6.75772225e-07,9.95690806,10554.3225436,0.8796016447731391,6.75772225e-07,7.26628683e-07,0.726628683
2985,3.70840783e-06,9.94057741,10537.0120546,0.8781589813967521,3.70840783e-06,5.22897121e-07,0.5228971210000001,6.75772225e-07,9.95690806,10554.3225436,0.8796016447731391,6.75772225e-07,7.26628683e-07,0.726628683
2986,3.70840783e-06,9.94057741,10537.0120546,0.8781589813967521,3.70840783e-06,5.22897121e-07,0.5228971210000001,6.75772225e-07,9.95690806,10554.3225436,0.8796016447731391,6.75772225e-07,7.26628683e-07,0.726628683
2987,3.70840783e-06,9.94057741,10537.0120546,0.8781589813967521,3.70840783e-06,5.22897121e-07,0.5228971210000001,6.75772225e-07,9.95690806,10554.3225436,0.8796016447731391,6.75772225e-07,7.26628683e-07,0.726628683
2988,3.70840783e-06,9.94057741,10537.0120546,0.8781589813967521,3.70840783e-06,5.22897121e-07,0.5228971210000001,6.75772225e-07,9.95690806,10554.3225436,0.8796016447731391,6.75772225e-07,7.26628683e-07,0.726628683
2989,3.70840783e-06,9.94057741,10537.0120546,0.8781589813967521,3.70840783e-06,5.22897121e-07,0.5228971210000001,6.75772225e-07,9.95690806,10554.3225436,0.8796016447731391,6.75772225e-07,7.26628683e-07,0.726628683
2990,3.70840783e-06,9.94057741,10537.0120546,0.8781589813967521,3.70840783e-06,5.22897121e-07,0.5228971210000001,6.75772225e-07,9.95690806,10554.3225436,0.8796016447731391,6.75772225e-07,7.26628683e-07,0.726628683
2991,3.70840783e-06,9.94057741,10537.0120546,0.8781589813967521,3.70840783e-06,5.22897121e-07,0.5228971210000001,6.75772225e-07,9.95690806,10554.3225436,0.8796016447731391,6.75772225e-07,7.26628683e-07,0.726628683
2992,3.70840783e-06,9.94057741,10537.0120546,0.8781589813967521,3.70840783e-06,5.22897121e-07,0.5228971210000001,6.75772225e-07,9.95690806,10554.3225436,0.8796016447731391,6.75772225e-07,7.26628683e-07,0.726628683
2993,3.70840783e-06,9.94057741,10537.0120546,0.8781589813967521,3.70840783e-06,5.22897121e-07,0.5228971210000001,6.75772225e-07,9.95690806,10554.3225436,0.8796016447731391,6.75772225e-07,7.26628683e-07,0.726628683
2994,3.70840783e-06,9.94057741,10537.0120546,0.8781589813967521,3.70840783e-06,5.22897121e-07,0.5228971210000001,6.75772225e-07,9.95690806,10554.3225436,0.8796016447731391,6.75772225e-07,7.26628683e-07,0.726628683
2995,3.70840783e-06,9.94057741,10537.0120546,0.8781589813967521,3.70840783e-06,5.22897121e-07,0.5228971210000001,6.75772225e-07,9.95690806,10554.3225436,0.8796016447731391,6.75772225e-07,7.26628683e-07,0.726628683
2996,3.70840783e-06,9.94057741,10537.0120546,0.8781589813967521,3.70840783e-06,5.22897121e-07,0.5228971210000001,6.75772225e-07,9.95690806,10554.3225436,0.8796016447731391,6.75772225e-07,7.26628683e-07,0.726628683
2997,3.70840783e-06,9.94057741,10537.0120546,0.8781589813967521,3.70840783e-06,5.22897121e-07,0.5228971210000001,6.75772225e-07,9.95690806,10554.3225436,0.8796016447731391,6.75772225e-07,7.26628682e-07,0.726628682
2998,3.70840783e-06,9.94057741,10537.0120546,0.8781589813967521,3.70840783e-06,5.22897121e-07,0.5228971210000001,6.75772225e-07,9.95690807,10554.3225542,0.8796016456565475,6.75772225e-07,7.26628682e-07,0.726628682
2999,3.70840783e-06,9.94057741,10537.0120546,0.8781589813967521,3.70840783e-06,5.22897121e-07,0.5228971210000001,6.75772225e-07,9.95690807,10554.3225542,0.8796016456565475,6.75772225e-07,7.26628682e-07,0.726628682
3000,3.70840783e-06,9.94057741,10537.0120546,0.8781589813967521,3.70840783e-06,5.22897121e-07,0.5228971210000001,6.75772225e-07,9.95690807,10554.3225542,0.8796016456565475,6.75772225e-07,7.26628682e-07,0.726628682
