scan,side,vessel,loc,L_mm,ds_pct,bed,band_cohort,ffr_clean,flip_clean,run_id,error_type,protocol,status,n_territories,n_empty,meas_same_point,C,scale_min,scale_max,fit_at_bound,fit_nfev,ffr,dFFR,flip,outlet_flow_residual,inflow_mls,inflow_clean_mls,converged,mass_err
102,left,LAD,mid,20.0,80,leaky,"[0.65, 0.7)",0.6863863434213395,1,102_left_LAD_mid_20mm_80ds_leaky_T1_missed_branch_D_perterritory,T1_missed_branch,D_perterritory,skipped: no deletable downstream branch,,,,,,,,,,,,,,,,
102,left,LAD,mid,20.0,80,leaky,"[0.65, 0.7)",0.6863863434213395,1,102_left_LAD_mid_20mm_80ds_leaky_T2_truncation_D_perterritory,T2_truncation,D_perterritory,ok,7.0,0.0,True,54.81655308689661,0.9890861510782655,1.0038540499924564,False,4.0,0.6865793197211654,0.0001929762998258422,0.0,7.66661802953944e-14,3.8494221994649886,3.8494221994649886,True,6.172386392620866e-12
102,left,LAD,mid,20.0,80,leaky,"[0.65, 0.7)",0.6863863434213395,1,102_left_LAD_mid_20mm_80ds_leaky_T3_stenosis_length_D_perterritory,T3_stenosis_length,D_perterritory,ok,7.0,0.0,True,54.60609845356183,0.9999999999219841,1.0071093402462856,False,28.0,0.6690876144515799,-0.01729872896975959,0.0,6.14777456883407e-11,3.849422199404945,3.8494221994649886,True,3.0040076658006644e-12
102,left,LAD,mid,20.0,80,leaky,"[0.65, 0.7)",0.6863863434213395,1,102_left_LAD_mid_20mm_80ds_leaky_T4_taper_D_perterritory,T4_taper,D_perterritory,ok,7.0,0.0,True,54.16827426983466,0.9919821375976983,1.0184688563749578,False,6.0,0.6760451262556412,-0.010341217165698358,0.0,1.4536218540547494e-14,3.8494221994649886,3.8494221994649886,True,6.175466974756857e-12
102,left,LAD,mid,20.0,80,discrete,"[0.65, 0.7)",0.46793368211558145,1,102_left_LAD_mid_20mm_80ds_discrete_T1_missed_branch_D_perterritory,T1_missed_branch,D_perterritory,skipped: no deletable downstream branch,,,,,,,,,,,,,,,,
102,left,LAD,mid,20.0,80,discrete,"[0.65, 0.7)",0.46793368211558145,1,102_left_LAD_mid_20mm_80ds_discrete_T2_truncation_D_perterritory,T2_truncation,D_perterritory,ok,5.0,0.0,True,71.65973988256309,1.0937824013982578,1.3912324032027827,False,5.0,0.26078231950590053,-0.20715136260968092,0.0,5.773675841026354e-14,3.3196120524180137,3.3196120524180137,True,6.504034051143197e-12
102,left,LAD,mid,20.0,80,discrete,"[0.65, 0.7)",0.46793368211558145,1,102_left_LAD_mid_20mm_80ds_discrete_T3_stenosis_length_D_perterritory,T3_stenosis_length,D_perterritory,ok,5.0,0.0,True,51.508101534724524,0.999999999937539,1.0209393525283128,False,19.0,0.45046319004524693,-0.01747049207033452,0.0,3.8042736964504964e-11,3.31961205239657,3.3196120524180137,True,6.940102870074011e-12
102,left,LAD,mid,20.0,80,discrete,"[0.65, 0.7)",0.46793368211558145,1,102_left_LAD_mid_20mm_80ds_discrete_T4_taper_D_perterritory,T4_taper,D_perterritory,ok,5.0,0.0,True,48.42926761170096,0.9402262201229065,1.0529945061503179,False,6.0,0.49179268902946766,0.023859006913886205,0.0,5.4900501219736425e-14,3.3196120524180137,3.3196120524180137,True,6.4930621616100795e-12
280,left,LAD,prox,20.0,80,leaky,"[0.65, 0.7)",0.6818151296140292,1,280_left_LAD_prox_20mm_80ds_leaky_T1_missed_branch_D_perterritory,T1_missed_branch,D_perterritory,skipped: no deletable downstream branch,,,,,,,,,,,,,,,,
280,left,LAD,prox,20.0,80,leaky,"[0.65, 0.7)",0.6818151296140292,1,280_left_LAD_prox_20mm_80ds_leaky_T2_truncation_D_perterritory,T2_truncation,D_perterritory,ok,6.0,0.0,True,58.952006216669254,0.9949803627909005,1.042093333068671,False,6.0,0.6517100871179161,-0.03010504249611312,0.0,5.898897864161073e-14,1.3272413697182375,1.3272413697275147,True,7.197513426786861e-12
280,left,LAD,prox,20.0,80,leaky,"[0.65, 0.7)",0.6818151296140292,1,280_left_LAD_prox_20mm_80ds_leaky_T3_stenosis_length_D_perterritory,T3_stenosis_length,D_perterritory,ok,6.0,0.0,True,56.570754601289416,0.9999999999472117,1.0092861933000528,False,35.0,0.6636521073871904,-0.018163022226838854,0.0,3.4679805909799006e-11,1.3272413697089605,1.3272413697275147,True,9.996138693288465e-12
280,left,LAD,prox,20.0,80,leaky,"[0.65, 0.7)",0.6818151296140292,1,280_left_LAD_prox_20mm_80ds_leaky_T4_taper_D_perterritory,T4_taper,D_perterritory,ok,6.0,0.0,True,54.83838194272647,0.9693768861530414,1.012848547115679,False,5.0,0.6698345622572268,-0.011980567356802418,0.0,3.756192139137793e-14,1.3272413697228762,1.3272413697275147,True,3.815581964909696e-12
280,left,LAD,prox,20.0,80,discrete,"[0.65, 0.7)",0.6142179175355617,1,280_left_LAD_prox_20mm_80ds_discrete_T1_missed_branch_D_perterritory,T1_missed_branch,D_perterritory,skipped: no deletable downstream branch,,,,,,,,,,,,,,,,
280,left,LAD,prox,20.0,80,discrete,"[0.65, 0.7)",0.6142179175355617,1,280_left_LAD_prox_20mm_80ds_discrete_T2_truncation_D_perterritory,T2_truncation,D_perterritory,ok,4.0,0.0,True,137.52056499075007,0.9861768296362589,1.016006935403348,False,4.0,0.6020551514613874,-0.012162766074174214,0.0,5.521007890587464e-14,1.240765588537694,1.2407655885400135,True,1.945267023439701e-12
280,left,LAD,prox,20.0,80,discrete,"[0.65, 0.7)",0.6142179175355617,1,280_left_LAD_prox_20mm_80ds_discrete_T3_stenosis_length_D_perterritory,T3_stenosis_length,D_perterritory,ok,4.0,0.0,True,135.35396285081254,0.9999999998438743,1.0164510547629642,False,42.0,0.5950539461924497,-0.019163971343111985,0.0,8.346823023596826e-11,1.2407655884936275,1.2407655885400135,True,2.4635839168581648e-12
280,left,LAD,prox,20.0,80,discrete,"[0.65, 0.7)",0.6142179175355617,1,280_left_LAD_prox_20mm_80ds_discrete_T4_taper_D_perterritory,T4_taper,D_perterritory,ok,4.0,0.0,True,123.98338226255844,0.9159937370966553,1.2305237706585226,False,6.0,0.5344718190231406,-0.07974609851242109,0.0,2.884313136001648e-14,1.2407655885400135,1.2407655885400135,True,5.0688217754036775e-14
306,left,LAD,prox,20.0,80,leaky,"[0.65, 0.7)",0.6923660688675906,1,306_left_LAD_prox_20mm_80ds_leaky_T1_missed_branch_D_perterritory,T1_missed_branch,D_perterritory,ok,5.0,0.0,True,70.62628517307527,0.8306386837189413,1.2072099237914904,False,8.0,0.6986858869066568,0.006319818039066227,0.0,5.087570539524249e-14,0.7879321601243268,0.7879321601287625,True,9.098728734858057e-12
306,left,LAD,prox,20.0,80,leaky,"[0.65, 0.7)",0.6923660688675906,1,306_left_LAD_prox_20mm_80ds_leaky_T2_truncation_D_perterritory,T2_truncation,D_perterritory,ok,5.0,0.0,True,91.19979135117832,0.9442647062808985,1.0726045474109993,False,9.0,0.6910923324264021,-0.0012737364411884444,0.0,5.791239261496069e-15,0.7879321601331983,0.7879321601287625,True,2.1052677273621147e-12
306,left,LAD,prox,20.0,80,leaky,"[0.65, 0.7)",0.6923660688675906,1,306_left_LAD_prox_20mm_80ds_leaky_T3_stenosis_length_D_perterritory,T3_stenosis_length,D_perterritory,ok,5.0,0.0,True,85.02648210033489,0.999999999916294,1.0320584561470751,False,26.0,0.6706128430339852,-0.021753225833605394,0.0,8.440366768854564e-11,0.7879321601487236,0.7879321601287625,True,1.0748058924474425e-11
306,left,LAD,prox,20.0,80,leaky,"[0.65, 0.7)",0.6923660688675906,1,306_left_LAD_prox_20mm_80ds_leaky_T4_taper_D_perterritory,T4_taper,D_perterritory,ok,5.0,0.0,True,82.21042522223786,0.952950654310063,0.9668802376812679,False,11.0,0.6959636878494493,0.00359761898185873,0.0,1.1884725808043632e-13,0.7879321601221088,0.7879321601287625,True,1.207932128363431e-11
306,left,LAD,prox,20.0,80,discrete,"[0.65, 0.7)",0.6882332650555112,1,306_left_LAD_prox_20mm_80ds_discrete_T1_missed_branch_D_perterritory,T1_missed_branch,D_perterritory,ok,4.0,0.0,True,178.57588206703346,0.8418622269123188,1.2210893612701788,False,8.0,0.687094966406778,-0.0011382986487331603,0.0,1.2930592393600145e-13,0.7767649594761981,0.7767649594773071,True,1.961550946340552e-11
306,left,LAD,prox,20.0,80,discrete,"[0.65, 0.7)",0.6882332650555112,1,306_left_LAD_prox_20mm_80ds_discrete_T2_truncation_D_perterritory,T2_truncation,D_perterritory,ok,4.0,0.0,True,198.7970876225633,0.9371912766293499,1.0534634167965842,False,7.0,0.6897150914839786,0.001481826428467392,0.0,7.420260250567105e-14,0.776764959479525,0.7767649594773071,True,2.394573547634944e-11
306,left,LAD,prox,20.0,80,discrete,"[0.65, 0.7)",0.6882332650555112,1,306_left_LAD_prox_20mm_80ds_discrete_T3_stenosis_length_D_perterritory,T3_stenosis_length,D_perterritory,ok,4.0,0.0,True,212.12007898488588,0.9999999998680628,1.0363118880302142,False,28.0,0.6655267876646644,-0.022706477390846747,0.0,6.431434908510998e-11,0.77676495945291,0.7767649594773071,True,1.5010623245058356e-11
306,left,LAD,prox,20.0,80,discrete,"[0.65, 0.7)",0.6882332650555112,1,306_left_LAD_prox_20mm_80ds_discrete_T4_taper_D_perterritory,T4_taper,D_perterritory,ok,4.0,0.0,True,191.7754658490431,0.9040891685822288,1.4027946918390033,False,9.0,0.5605446814884051,-0.1276885835671061,0.0,2.326674471616012e-13,0.776764959479525,0.7767649594773071,True,2.3799068289557132e-11
335,left,LAD,prox,10.0,70,leaky,"[0.65, 0.7)",0.6901801724038662,1,335_left_LAD_prox_10mm_70ds_leaky_T1_missed_branch_D_perterritory,T1_missed_branch,D_perterritory,skipped: no deletable downstream branch,,,,,,,,,,,,,,,,
335,left,LAD,prox,10.0,70,leaky,"[0.65, 0.7)",0.6901801724038662,1,335_left_LAD_prox_10mm_70ds_leaky_T2_truncation_D_perterritory,T2_truncation,D_perterritory,ok,6.0,0.0,True,27.48804449008863,0.9628203449308514,1.5716642951321638,False,9.0,0.6891430862994363,-0.001037086104429874,0.0,3.1912939240093817e-13,6.138045008904316,6.106114021278376,True,3.648645634386031e-13
335,left,LAD,prox,10.0,70,leaky,"[0.65, 0.7)",0.6901801724038662,1,335_left_LAD_prox_10mm_70ds_leaky_T3_stenosis_length_D_perterritory,T3_stenosis_length,D_perterritory,ok,6.0,0.0,True,28.54958012337657,0.9999999996362702,1.0341792013202638,False,29.0,0.6695776827706386,-0.02060248963322764,0.0,1.4784164584386646e-09,6.106114024509306,6.106114021278376,True,5.2421843005645995e-12
335,left,LAD,prox,10.0,70,leaky,"[0.65, 0.7)",0.6901801724038662,1,335_left_LAD_prox_10mm_70ds_leaky_T4_taper_D_perterritory,T4_taper,D_perterritory,ok,6.0,0.0,True,28.624494255334888,0.9265535830430177,1.4671543558199736,False,8.0,0.600401698085291,-0.08977847431857522,0.0,1.9822231328248558e-13,6.1039500659625325,6.106114021278376,True,7.664850520728107e-12
335,left,LAD,prox,10.0,70,discrete,"[0.65, 0.7)",0.41924026429638195,1,335_left_LAD_prox_10mm_70ds_discrete_T1_missed_branch_D_perterritory,T1_missed_branch,D_perterritory,skipped: no deletable downstream branch,,,,,,,,,,,,,,,,
335,left,LAD,prox,10.0,70,discrete,"[0.65, 0.7)",0.41924026429638195,1,335_left_LAD_prox_10mm_70ds_discrete_T2_truncation_D_perterritory,T2_truncation,D_perterritory,ok,4.0,0.0,True,28.525205575096177,0.31592163972877385,1.8959800573241443,False,8.0,0.4190578323514583,-0.00018243194492362225,0.0,3.1880446935340157e-13,4.006974041908921,4.006974041908921,True,2.3491734771390363e-12
335,left,LAD,prox,10.0,70,discrete,"[0.65, 0.7)",0.41924026429638195,1,335_left_LAD_prox_10mm_70ds_discrete_T3_stenosis_length_D_perterritory,T3_stenosis_length,D_perterritory,ok,4.0,0.0,True,15.045097897999725,1.0000000016155441,1.1572479908662234,False,18.0,0.38846937769594564,-0.03077088660043631,0.0,3.1131270288435235e-09,4.006974051998685,4.006974041908921,True,1.2753139163045599e-12
335,left,LAD,prox,10.0,70,discrete,"[0.65, 0.7)",0.41924026429638195,1,335_left_LAD_prox_10mm_70ds_discrete_T4_taper_D_perterritory,T4_taper,D_perterritory,ok,4.0,0.0,True,13.397801008832424,0.8904950765526328,999.999999999999,True,24.0,0.23535807686861884,-0.1838821874277631,0.0,0.013812833008896774,3.9863093062855333,4.006974041908921,True,8.493683103618884e-12
368,left,LAD,mid,10.0,80,leaky,"[0.65, 0.7)",0.6582249758998878,1,368_left_LAD_mid_10mm_80ds_leaky_T1_missed_branch_D_perterritory,T1_missed_branch,D_perterritory,skipped: no deletable downstream branch,,,,,,,,,,,,,,,,
368,left,LAD,mid,10.0,80,leaky,"[0.65, 0.7)",0.6582249758998878,1,368_left_LAD_mid_10mm_80ds_leaky_T2_truncation_D_perterritory,T2_truncation,D_perterritory,ok,6.0,0.0,True,33.57408352287072,0.980488820249103,1.0919748537362937,False,6.0,0.6250721777571172,-0.03315279814277061,0.0,2.0131903018890865e-14,3.2778720384047775,3.2661202554604634,True,7.669332587429091e-12
368,left,LAD,mid,10.0,80,leaky,"[0.65, 0.7)",0.6582249758998878,1,368_left_LAD_mid_10mm_80ds_leaky_T3_stenosis_length_D_perterritory,T3_stenosis_length,D_perterritory,ok,6.0,0.0,True,34.242370041269666,0.9999999999604782,1.0135523120090082,False,29.0,0.6317325926338737,-0.026492383266014108,0.0,4.2838718826472295e-11,3.266120255485279,3.2661202554604634,True,2.2858155282436606e-12
368,left,LAD,mid,10.0,80,leaky,"[0.65, 0.7)",0.6582249758998878,1,368_left_LAD_mid_10mm_80ds_leaky_T4_taper_D_perterritory,T4_taper,D_perterritory,ok,6.0,0.0,True,33.70187591465031,0.9842198252262165,1.0393408259675523,False,5.0,0.6478147972086369,-0.010410178691250938,0.0,3.559846328830657e-14,3.2755887822084793,3.2661202554604634,True,5.073526480306419e-13
368,left,LAD,mid,10.0,80,discrete,"[0.65, 0.7)",0.38978599684908216,1,368_left_LAD_mid_10mm_80ds_discrete_T1_missed_branch_D_perterritory,T1_missed_branch,D_perterritory,skipped: no deletable downstream branch,,,,,,,,,,,,,,,,
368,left,LAD,mid,10.0,80,discrete,"[0.65, 0.7)",0.38978599684908216,1,368_left_LAD_mid_10mm_80ds_discrete_T2_truncation_D_perterritory,T2_truncation,D_perterritory,ok,4.0,0.0,True,74.13749658809556,1.1585120790928198,1.27026091881754,False,6.0,0.2418305818014656,-0.14795541504761656,0.0,1.8085690613043554e-14,2.718523812983854,2.718523812983854,True,3.8780589405354846e-12
368,left,LAD,mid,10.0,80,discrete,"[0.65, 0.7)",0.38978599684908216,1,368_left_LAD_mid_10mm_80ds_discrete_T3_stenosis_length_D_perterritory,T3_stenosis_length,D_perterritory,ok,4.0,0.0,True,58.363990806793105,0.9999999999735678,1.030719336298547,False,36.0,0.3681900594794053,-0.021595937369676854,0.0,5.662097482485093e-11,2.718523813116202,2.718523812983854,True,1.320141552026826e-11
368,left,LAD,mid,10.0,80,discrete,"[0.65, 0.7)",0.38978599684908216,1,368_left_LAD_mid_10mm_80ds_discrete_T4_taper_D_perterritory,T4_taper,D_perterritory,ok,4.0,0.0,True,54.44961168323061,0.9329316061247647,1.0281487035618175,False,6.0,0.3955764118722181,0.005790415023135931,0.0,8.542484148131704e-14,2.718523812983854,2.718523812983854,True,3.872917899076533e-12
621,left,LAD,mid,20.0,80,leaky,"[0.65, 0.7)",0.6852727455068993,1,621_left_LAD_mid_20mm_80ds_leaky_T1_missed_branch_D_perterritory,T1_missed_branch,D_perterritory,skipped: no deletable downstream branch,,,,,,,,,,,,,,,,
621,left,LAD,mid,20.0,80,leaky,"[0.65, 0.7)",0.6852727455068993,1,621_left_LAD_mid_20mm_80ds_leaky_T2_truncation_D_perterritory,T2_truncation,D_perterritory,ok,6.0,0.0,True,53.9426624053673,0.9964831188187465,1.0012458350579747,False,5.0,0.681337356895709,-0.00393538861119036,0.0,3.5304170147302544e-14,3.912076643983568,3.912489346548923,True,1.6152203449886249e-13
621,left,LAD,mid,20.0,80,leaky,"[0.65, 0.7)",0.6852727455068993,1,621_left_LAD_mid_20mm_80ds_leaky_T3_stenosis_length_D_perterritory,T3_stenosis_length,D_perterritory,ok,6.0,0.0,True,53.875532980865515,0.9999999999296049,1.0039239458681108,False,32.0,0.6673743323407814,-0.017898413166117955,0.0,5.195459227440314e-11,3.912489346566452,3.912489346548923,True,4.515212076791694e-12
621,left,LAD,mid,20.0,80,leaky,"[0.65, 0.7)",0.6852727455068993,1,621_left_LAD_mid_20mm_80ds_leaky_T4_taper_D_perterritory,T4_taper,D_perterritory,ok,6.0,0.0,True,53.57698449224455,0.9944593272417332,1.009558165084821,False,5.0,0.6744388537460159,-0.010833891760883452,0.0,9.725779069137543e-15,3.9143373081118553,3.912489346548923,True,1.3852361166247909e-11
621,left,LAD,mid,20.0,80,discrete,"[0.65, 0.7)",0.37371539003679843,1,621_left_LAD_mid_20mm_80ds_discrete_T1_missed_branch_D_perterritory,T1_missed_branch,D_perterritory,skipped: no deletable downstream branch,,,,,,,,,,,,,,,,
621,left,LAD,mid,20.0,80,discrete,"[0.65, 0.7)",0.37371539003679843,1,621_left_LAD_mid_20mm_80ds_discrete_T2_truncation_D_perterritory,T2_truncation,D_perterritory,ok,4.0,0.0,True,94.29861470613868,1.0568423631996735,1.0919711967429222,False,6.0,0.2772833208235816,-0.09643206921321684,0.0,7.022283449124963e-14,3.3647263018266846,3.36472630183837,True,3.615475999299535e-12
621,left,LAD,mid,20.0,80,discrete,"[0.65, 0.7)",0.37371539003679843,1,621_left_LAD_mid_20mm_80ds_discrete_T3_stenosis_length_D_perterritory,T3_stenosis_length,D_perterritory,ok,4.0,0.0,True,86.35632055809265,0.9999999998988056,1.0109382957040254,False,32.0,0.35896609264368823,-0.014749297393110206,0.0,5.017049577230225e-11,3.364726301756571,3.36472630183837,True,5.797172333352199e-12
621,left,LAD,mid,20.0,80,discrete,"[0.65, 0.7)",0.37371539003679843,1,621_left_LAD_mid_20mm_80ds_discrete_T4_taper_D_perterritory,T4_taper,D_perterritory,ok,4.0,0.0,True,81.74839410896666,0.9466405421241514,1.0080449504746383,False,5.0,0.39111339286905294,0.01739800283225451,0.0,8.456691967159173e-14,3.36472630183837,3.36472630183837,True,7.202883096337465e-12
661,left,LAD,prox,20.0,80,leaky,"[0.65, 0.7)",0.673375197119784,1,661_left_LAD_prox_20mm_80ds_leaky_T1_missed_branch_D_perterritory,T1_missed_branch,D_perterritory,ok,6.0,0.0,True,70.49511098601246,0.9167527532789755,1.4468075346516265,False,10.0,0.6731906537863784,-0.0001845433334055624,0.0,6.729385102360386e-13,0.8833356344461092,0.8833356344480754,True,1.728098532743283e-11
661,left,LAD,prox,20.0,80,leaky,"[0.65, 0.7)",0.673375197119784,1,661_left_LAD_prox_20mm_80ds_leaky_T2_truncation_D_perterritory,T2_truncation,D_perterritory,ok,6.0,0.0,True,78.15391771949261,0.9467732862221866,1.016351605766401,False,13.0,0.6734016158766196,2.6418756835622226e-05,0.0,1.2412873694564288e-13,0.8833356344480754,0.8833356344480754,True,1.9276821487330295e-11
661,left,LAD,prox,20.0,80,leaky,"[0.65, 0.7)",0.673375197119784,1,661_left_LAD_prox_20mm_80ds_leaky_T3_stenosis_length_D_perterritory,T3_stenosis_length,D_perterritory,ok,6.0,0.0,True,76.89653587998127,0.9999999999446781,1.0469685377744644,False,33.0,0.6457462379771929,-0.027628959142591114,0.0,3.5809796198355664e-11,0.8833356344461092,0.8833356344480754,True,8.228584011765473e-12
661,left,LAD,prox,20.0,80,leaky,"[0.65, 0.7)",0.673375197119784,1,661_left_LAD_prox_20mm_80ds_leaky_T4_taper_D_perterritory,T4_taper,D_perterritory,ok,6.0,0.0,True,75.41628488864288,0.44660087972564094,1.382514920270197,False,10.0,0.6029579193969935,-0.0704172777227905,0.0,8.478108554458829e-14,0.8833356344569238,0.8833356344480754,True,2.929843373231239e-11
661,left,LAD,prox,20.0,80,discrete,"[0.65, 0.7)",0.6154665754809217,1,661_left_LAD_prox_20mm_80ds_discrete_T1_missed_branch_D_perterritory,T1_missed_branch,D_perterritory,ok,4.0,0.0,True,237.63368134694687,0.8863555175469171,1.7639406377491804,False,8.0,0.6152031078688378,-0.0002634676120838453,0.0,3.9270357536517187e-14,0.8264155952502258,0.8264155952482595,True,1.7521484730606925e-12
661,left,LAD,prox,20.0,80,discrete,"[0.65, 0.7)",0.6154665754809217,1,661_left_LAD_prox_20mm_80ds_discrete_T2_truncation_D_perterritory,T2_truncation,D_perterritory,ok,4.0,0.0,True,270.361956058527,0.9684520033573432,1.0084294874759303,False,8.0,0.6154562449584233,-1.0330522498325223e-05,0.0,8.738926576776447e-14,0.8264155952502258,0.8264155952482595,True,1.8027552767210446e-12
661,left,LAD,prox,20.0,80,discrete,"[0.65, 0.7)",0.6154665754809217,1,661_left_LAD_prox_20mm_80ds_discrete_T3_stenosis_length_D_perterritory,T3_stenosis_length,D_perterritory,ok,4.0,0.0,True,268.1019936612156,0.9999999999819614,1.0607641974174602,False,28.0,0.5842877149796446,-0.03117886050127705,0.0,2.8032064797576786e-11,0.8264155952433437,0.8264155952482595,True,4.172434872963057e-12
661,left,LAD,prox,20.0,80,discrete,"[0.65, 0.7)",0.6154665754809217,1,661_left_LAD_prox_20mm_80ds_discrete_T4_taper_D_perterritory,T4_taper,D_perterritory,ok,4.0,0.0,True,248.55052254672546,0.9270745030743898,1.506329790207745,False,8.0,0.48767979835010766,-0.127786777130814,0.0,1.7767424046629354e-13,0.8264155952482595,0.8264155952482595,True,5.392507255871601e-13
690,left,LAD,prox,20.0,75,leaky,"[0.65, 0.7)",0.6812592831442441,1,690_left_LAD_prox_20mm_75ds_leaky_T1_missed_branch_D_perterritory,T1_missed_branch,D_perterritory,ok,5.0,1.0,True,33.68758055671793,0.8724766254255175,0.9500784863820746,False,12.0,0.7364631346841148,0.05520385153987073,0.0,0.4472135954999579,2.0997425049097522,2.1533031020754505,True,1.1601135356670685e-11
690,left,LAD,prox,20.0,75,leaky,"[0.65, 0.7)",0.6812592831442441,1,690_left_LAD_prox_20mm_75ds_leaky_T2_truncation_D_perterritory,T2_truncation,D_perterritory,ok,5.0,0.0,True,37.465081446935244,0.8615193145378401,1.0566628494966948,False,8.0,0.6812116357562276,-4.764738801654733e-05,0.0,8.60358642965348e-14,2.136278796979298,2.1533031020754505,True,1.303491294317938e-12
690,left,LAD,prox,20.0,75,leaky,"[0.65, 0.7)",0.6812592831442441,1,690_left_LAD_prox_20mm_75ds_leaky_T3_stenosis_length_D_perterritory,T3_stenosis_length,D_perterritory,ok,5.0,0.0,True,35.45582917107084,1.0000000000390494,1.0312541491850722,False,31.0,0.6624609578427143,-0.018798325301529806,0.0,3.7033934960473714e-11,2.1533031021189073,2.1533031020754505,True,5.66248163750258e-12
690,left,LAD,prox,20.0,75,leaky,"[0.65, 0.7)",0.6812592831442441,1,690_left_LAD_prox_20mm_75ds_leaky_T4_taper_D_perterritory,T4_taper,D_perterritory,ok,5.0,0.0,True,33.560191127754564,0.9465643325169197,1.4056683492462427,False,6.0,0.5820694005552514,-0.09918988258899275,0.0,1.0489553267114773e-13,2.2007948990526507,2.1533031020754505,True,8.807500405108712e-12
690,left,LAD,prox,20.0,75,discrete,"[0.65, 0.7)",0.5306034137141777,1,690_left_LAD_prox_20mm_75ds_discrete_T1_missed_branch_D_perterritory,T1_missed_branch,D_perterritory,ok,4.0,1.0,True,72.5763080580673,0.6203010041395518,0.846054721432152,False,12.0,0.6934669627124087,0.16286354899823097,0.0,0.5,1.4969700633659375,1.6797476287517212,True,1.1956021441898542e-12
690,left,LAD,prox,20.0,75,discrete,"[0.65, 0.7)",0.5306034137141777,1,690_left_LAD_prox_20mm_75ds_discrete_T2_truncation_D_perterritory,T2_truncation,D_perterritory,ok,4.0,0.0,True,86.53237665178527,0.9687394295233172,1.008918187971895,False,9.0,0.5305764284323112,-2.6985281866509503e-05,0.0,1.4831270214292267e-13,1.6797476287481,1.6797476287517212,True,3.564250085527606e-12
690,left,LAD,prox,20.0,75,discrete,"[0.65, 0.7)",0.5306034137141777,1,690_left_LAD_prox_20mm_75ds_discrete_T3_stenosis_length_D_perterritory,T3_stenosis_length,D_perterritory,ok,4.0,0.0,True,85.76748608896669,0.9999999999860145,1.0570784183903734,False,20.0,0.5064510999609863,-0.02415231375319149,0.0,2.0649021355249094e-11,1.6797476287517212,1.6797476287517212,True,2.179672619765835e-12
690,left,LAD,prox,20.0,75,discrete,"[0.65, 0.7)",0.5306034137141777,1,690_left_LAD_prox_20mm_75ds_discrete_T4_taper_D_perterritory,T4_taper,D_perterritory,ok,4.0,0.0,True,76.01681759091416,0.886312763231266,1.5203772023807862,False,10.0,0.40880666385389236,-0.12179674986028538,0.0,5.09100561902272e-14,1.6797476287553426,1.6797476287517212,True,7.753280824785967e-12
935,left,LAD,prox,20.0,75,leaky,"[0.65, 0.7)",0.6622409979552577,1,935_left_LAD_prox_20mm_75ds_leaky_T1_missed_branch_D_perterritory,T1_missed_branch,D_perterritory,skipped: no deletable downstream branch,,,,,,,,,,,,,,,,
935,left,LAD,prox,20.0,75,leaky,"[0.65, 0.7)",0.6622409979552577,1,935_left_LAD_prox_20mm_75ds_leaky_T2_truncation_D_perterritory,T2_truncation,D_perterritory,ok,4.0,0.0,True,31.34221626921281,0.55587179782971,1.4587310526212591,False,6.0,0.726079691889587,0.06383869393432928,0.0,4.1126317572956514e-14,1.722954388602584,1.7229543885959304,True,8.637703343574013e-13
935,left,LAD,prox,20.0,75,leaky,"[0.65, 0.7)",0.6622409979552577,1,935_left_LAD_prox_20mm_75ds_leaky_T3_stenosis_length_D_perterritory,T3_stenosis_length,D_perterritory,ok,4.0,0.0,True,31.247882589769244,0.999999999943693,1.022171440018672,False,29.0,0.6492785948844085,-0.012962403070849171,0.0,2.7482931610934175e-11,1.722954388582624,1.7229543885959304,True,4.2403159228813226e-12
935,left,LAD,prox,20.0,75,leaky,"[0.65, 0.7)",0.6622409979552577,1,935_left_LAD_prox_20mm_75ds_leaky_T4_taper_D_perterritory,T4_taper,D_perterritory,ok,4.0,0.0,True,31.31012716556743,0.7403331076132248,1.2617216454857951,False,8.0,0.6587732370894296,-0.003467760865828118,0.0,1.3449205383714893e-13,1.7229543885959304,1.7229543885959304,True,4.643810232425452e-12
935,left,LAD,prox,20.0,75,discrete,"[0.65, 0.7)",0.6518228268718375,1,935_left_LAD_prox_20mm_75ds_discrete_T1_missed_branch_D_perterritory,T1_missed_branch,D_perterritory,skipped: no deletable downstream branch,,,,,,,,,,,,,,,,
935,left,LAD,prox,20.0,75,discrete,"[0.65, 0.7)",0.6518228268718375,1,935_left_LAD_prox_20mm_75ds_discrete_T2_truncation_D_perterritory,T2_truncation,D_perterritory,ok,3.0,0.0,True,56.75767736658648,0.593699304513504,1.560967867066199,False,7.0,0.6545148792645054,0.0026920523926678985,0.0,7.920810663460618e-14,1.6362339258741967,1.6362339258741967,True,1.1577740545393719e-12
935,left,LAD,prox,20.0,75,discrete,"[0.65, 0.7)",0.6518228268718375,1,935_left_LAD_prox_20mm_75ds_discrete_T3_stenosis_length_D_perterritory,T3_stenosis_length,D_perterritory,ok,3.0,0.0,True,36.36056741722686,1.0000000002068694,1.0346636811944439,False,7.0,0.6359779888848669,-0.01584483798697056,0.0,9.621105117054483e-11,1.6362339259906296,1.6362339258741967,True,3.149129897954598e-12
935,left,LAD,prox,20.0,75,discrete,"[0.65, 0.7)",0.6518228268718375,1,935_left_LAD_prox_20mm_75ds_discrete_T4_taper_D_perterritory,T4_taper,D_perterritory,ok,3.0,0.0,True,30.66946425893925,0.8434814536037332,1.6267018416709036,False,7.0,0.5178618655948986,-0.1339609612769389,0.0,2.8817324153492687e-13,1.6362339258741967,1.6362339258741967,True,1.3126874843721047e-12
151,left,LCX,prox,20.0,70,leaky,"[0.65, 0.7)",0.6572112009187837,1,151_left_LCX_prox_20mm_70ds_leaky_T1_missed_branch_D_perterritory,T1_missed_branch,D_perterritory,ok,4.0,0.0,True,28.65660007712911,0.9831886558934371,1.0503367645892414,False,11.0,0.657248774130672,3.757321188824214e-05,0.0,6.552205278695724e-14,7.213143969567071,7.165421533803225,True,1.7387725661528964e-12
151,left,LCX,prox,20.0,70,leaky,"[0.65, 0.7)",0.6572112009187837,1,151_left_LCX_prox_20mm_70ds_leaky_T2_truncation_D_perterritory,T2_truncation,D_perterritory,ok,4.0,0.0,True,28.616036313024814,0.9817974785239035,1.053063323665247,False,14.0,0.6572531250186927,4.192409990899648e-05,0.0,6.867358910333673e-14,7.217166340660007,7.165421533803225,True,1.0184817100392083e-12
151,left,LCX,prox,20.0,70,leaky,"[0.65, 0.7)",0.6572112009187837,1,151_left_LCX_prox_20mm_70ds_leaky_T3_stenosis_length_D_perterritory,T3_stenosis_length,D_perterritory,ok,4.0,0.0,True,29.14678300497928,0.9999999999168689,1.0200373222092185,False,28.0,0.645604938679127,-0.011606262239656662,0.0,7.557429148277729e-11,7.1654215340649055,7.165421533803225,True,8.570074254264525e-12
151,left,LCX,prox,20.0,70,leaky,"[0.65, 0.7)",0.6572112009187837,1,151_left_LCX_prox_20mm_70ds_leaky_T4_taper_D_perterritory,T4_taper,D_perterritory,ok,4.0,0.0,True,27.40360590019142,0.9402158899470205,1.3930720102482907,False,11.0,0.5657223756290889,-0.09148882528969482,0.0,3.6443662685802323e-13,7.34288896431805,7.165421533803225,True,4.565487800419727e-12
151,left,LCX,prox,20.0,70,discrete,"[0.65, 0.7)",0.5301650931584379,1,151_left_LCX_prox_20mm_70ds_discrete_T1_missed_branch_D_perterritory,T1_missed_branch,D_perterritory,ok,4.0,0.0,True,25.217501864652867,0.8670541287622735,1.3837534520339665,False,8.0,0.5301650931560246,-2.4132917886277028e-12,0.0,2.955673523681379e-13,5.691860527370604,5.691860527360539,True,1.9561702255556362e-12
151,left,LCX,prox,20.0,70,discrete,"[0.65, 0.7)",0.5301650931584379,1,151_left_LCX_prox_20mm_70ds_discrete_T2_truncation_D_perterritory,T2_truncation,D_perterritory,ok,4.0,0.0,True,51.07767746042511,0.5671611823077815,1.7562053278580427,False,8.0,0.5301650931556808,-2.7570168370516512e-12,0.0,1.8265330658652677e-13,5.691860527340411,5.691860527360539,True,3.60563319857276e-12
151,left,LCX,prox,20.0,70,discrete,"[0.65, 0.7)",0.5301650931584379,1,151_left_LCX_prox_20mm_70ds_discrete_T3_stenosis_length_D_perterritory,T3_stenosis_length,D_perterritory,ok,4.0,0.0,True,29.084114852957377,0.9999999999709436,1.0390562298518664,False,25.0,0.516221430084503,-0.013943663073934798,0.0,1.0723470705224217e-11,5.691860527280023,5.691860527360539,True,2.7545614968133174e-12
151,left,LCX,prox,20.0,70,discrete,"[0.65, 0.7)",0.5301650931584379,1,151_left_LCX_prox_20mm_70ds_discrete_T4_taper_D_perterritory,T4_taper,D_perterritory,ok,4.0,0.0,True,25.84020174260774,0.88846443748585,1.8956647662323778,False,6.0,0.4047467498937289,-0.12541834326470896,0.0,2.9734038030876584e-13,5.691860527360539,5.691860527360539,True,1.7336921360033063e-13
196,left,LCX,prox,10.0,75,leaky,"[0.65, 0.7)",0.6917072416558843,1,196_left_LCX_prox_10mm_75ds_leaky_T1_missed_branch_D_perterritory,T1_missed_branch,D_perterritory,skipped: fewer than 2 shared territories to match,,,,,,,,,,,,,,,,
196,left,LCX,prox,10.0,75,leaky,"[0.65, 0.7)",0.6917072416558843,1,196_left_LCX_prox_10mm_75ds_leaky_T2_truncation_D_perterritory,T2_truncation,D_perterritory,ok,4.0,2.0,True,32.45221441499979,0.30183007859660194,0.7454029965017195,False,9.0,0.873695021773769,0.18198778011788475,1.0,0.7071067811865476,0.24673928521452682,0.4401322904543589,True,5.3526525055723434e-11
196,left,LCX,prox,10.0,75,leaky,"[0.65, 0.7)",0.6917072416558843,1,196_left_LCX_prox_10mm_75ds_leaky_T3_stenosis_length_D_perterritory,T3_stenosis_length,D_perterritory,ok,4.0,0.0,True,33.81344511223917,1.0471589834121404,1.0483573207782262,False,6.0,0.6631185993890139,-0.028588642266870412,0.0,1.5069415966882559e-13,0.4401322904588422,0.4401322904543589,True,1.773555613463805e-11
196,left,LCX,prox,10.0,75,leaky,"[0.65, 0.7)",0.6917072416558843,1,196_left_LCX_prox_10mm_75ds_leaky_T4_taper_D_perterritory,T4_taper,D_perterritory,ok,4.0,0.0,True,26.192005945083153,1.0741199180812224,1.0870200538544417,False,9.0,0.6264934003235707,-0.06521384133231356,0.0,5.120699199240018e-14,0.4401322904588422,0.4401322904543589,True,1.7829134765320436e-11
196,left,LCX,prox,10.0,75,discrete,"[0.65, 0.7)",0.6956874757195652,1,196_left_LCX_prox_10mm_75ds_discrete_T1_missed_branch_D_perterritory,T1_missed_branch,D_perterritory,skipped: fewer than 2 shared territories to match,,,,,,,,,,,,,,,,
196,left,LCX,prox,10.0,75,discrete,"[0.65, 0.7)",0.6956874757195652,1,196_left_LCX_prox_10mm_75ds_discrete_T2_truncation_D_perterritory,T2_truncation,D_perterritory,ok,3.0,2.0,True,233.318765488288,1.8447507540747876,1.8447507540747876,False,8.0,0.6482429290126105,-0.04744454670695475,0.0,0.816496580927726,0.477456001809383,0.43660908460975506,True,1.8071405709652483e-11
196,left,LCX,prox,10.0,75,discrete,"[0.65, 0.7)",0.6956874757195652,1,196_left_LCX_prox_10mm_75ds_discrete_T3_stenosis_length_D_perterritory,T3_stenosis_length,D_perterritory,ok,3.0,0.0,True,136.91006156944061,1.0479419945044723,1.0492416633281547,False,14.0,0.6673276667624394,-0.028359808957125865,0.0,6.310675186159502e-13,0.4366090846155833,0.43660908460975506,True,7.259213290851574e-12
196,left,LCX,prox,10.0,75,discrete,"[0.65, 0.7)",0.6956874757195652,1,196_left_LCX_prox_10mm_75ds_discrete_T4_taper_D_perterritory,T4_taper,D_perterritory,ok,3.0,0.0,True,107.94611288625025,1.0804114050412594,1.0948452263443802,False,5.0,0.6313055891190197,-0.06438188660054556,0.0,2.2151738424980702e-13,0.4366090846133417,0.43660908460975506,True,1.3245163310842416e-11
273,left,LCX,prox,10.0,75,leaky,"[0.65, 0.7)",0.6821480290516462,1,273_left_LCX_prox_10mm_75ds_leaky_T1_missed_branch_D_perterritory,T1_missed_branch,D_perterritory,ok,6.0,0.0,True,25.57090266656252,0.9927250956652697,1.0030198698424593,False,5.0,0.6821480290511472,-4.989342272665453e-13,0.0,1.0838512085275873e-13,2.7047168868457296,2.7047168868457296,True,5.189833387060486e-12
273,left,LCX,prox,10.0,75,leaky,"[0.65, 0.7)",0.6821480290516462,1,273_left_LCX_prox_10mm_75ds_leaky_T2_truncation_D_perterritory,T2_truncation,D_perterritory,ok,6.0,0.0,True,25.263229747929202,0.9909513850170918,1.0091123635185457,False,11.0,0.6814145640652307,-0.0007334649864154663,0.0,1.1715793761984208e-13,2.7047168868415423,2.7047168868457296,True,6.5882886724869656e-12
273,left,LCX,prox,10.0,75,leaky,"[0.65, 0.7)",0.6821480290516462,1,273_left_LCX_prox_10mm_75ds_leaky_T3_stenosis_length_D_perterritory,T3_stenosis_length,D_perterritory,ok,6.0,0.0,True,25.49391436341024,0.9999999999417367,1.0348764701646362,False,31.0,0.661568595057861,-0.020579433993785146,0.0,4.1249698521383747e-11,2.7047168868792273,2.7047168868457296,True,6.934653367424003e-12
273,left,LCX,prox,10.0,75,leaky,"[0.65, 0.7)",0.6821480290516462,1,273_left_LCX_prox_10mm_75ds_leaky_T4_taper_D_perterritory,T4_taper,D_perterritory,ok,6.0,0.0,True,24.81022458720473,0.9461976139986048,1.1236728151108872,False,8.0,0.638267547231251,-0.04388048182039517,0.0,6.069168849799811e-14,2.704716886837355,2.7047168868457296,True,8.161335565043964e-12
273,left,LCX,prox,10.0,75,discrete,"[0.65, 0.7)",0.5873464507730677,1,273_left_LCX_prox_10mm_75ds_discrete_T1_missed_branch_D_perterritory,T1_missed_branch,D_perterritory,ok,4.0,0.0,True,51.13066063765856,0.7160579298207671,1.807068690230766,False,11.0,0.5873464507703705,-2.6971758160243553e-12,0.0,9.050570167135371e-13,2.3294909179422945,2.3294909179381076,True,3.6083126091356023e-12
273,left,LCX,prox,10.0,75,discrete,"[0.65, 0.7)",0.5873464507730677,1,273_left_LCX_prox_10mm_75ds_discrete_T2_truncation_D_perterritory,T2_truncation,D_perterritory,ok,4.0,0.0,True,120.84068706701046,0.7031270152120835,1.692310076580516,False,8.0,0.586384845329562,-0.0009616054435056531,0.0,4.415466253216524e-13,2.3294909179339203,2.3294909179381076,True,8.238013853264482e-12
273,left,LCX,prox,10.0,75,discrete,"[0.65, 0.7)",0.5873464507730677,1,273_left_LCX_prox_10mm_75ds_discrete_T3_stenosis_length_D_perterritory,T3_stenosis_length,D_perterritory,ok,4.0,0.0,True,71.40575993684769,0.9999999999621642,1.052550291270413,False,24.0,0.5634088368231719,-0.023937613949895797,0.0,4.680253907777014e-11,2.3294909179716052,2.3294909179381076,True,3.0021699054721865e-12
273,left,LCX,prox,10.0,75,discrete,"[0.65, 0.7)",0.5873464507730677,1,273_left_LCX_prox_10mm_75ds_discrete_T4_taper_D_perterritory,T4_taper,D_perterritory,ok,4.0,0.0,True,64.1714548425427,0.8986873733897067,1.4084175308725522,False,5.0,0.49641845549932334,-0.09092799527374434,0.0,9.383371289426041e-14,2.3294909179422945,2.3294909179381076,True,4.373717762784057e-12
659,left,LCX,prox,10.0,75,leaky,"[0.65, 0.7)",0.660187657649558,1,659_left_LCX_prox_10mm_75ds_leaky_T1_missed_branch_D_perterritory,T1_missed_branch,D_perterritory,ok,7.0,1.0,True,28.611950583263464,0.4075017430762014,0.9817769515050808,False,6.0,0.7786250682674966,0.11843741061793855,0.0,0.3779644730092272,1.641517605280173,1.7906066034328643,True,1.2364148969290526e-11
659,left,LCX,prox,10.0,75,leaky,"[0.65, 0.7)",0.660187657649558,1,659_left_LCX_prox_10mm_75ds_leaky_T2_truncation_D_perterritory,T2_truncation,D_perterritory,ok,7.0,0.0,True,29.892117404946504,0.8953200647987771,1.0259760673495475,False,10.0,0.660163468238357,-2.4189411200969957e-05,0.0,1.0539064981072115e-13,1.7867616426754795,1.7906066034328643,True,8.885077133255381e-13
659,left,LCX,prox,10.0,75,leaky,"[0.65, 0.7)",0.660187657649558,1,659_left_LCX_prox_10mm_75ds_leaky_T3_stenosis_length_D_perterritory,T3_stenosis_length,D_perterritory,ok,7.0,0.0,True,29.135205109004602,0.9999999999280123,1.054585728008957,False,33.0,0.629214087259968,-0.030973570389590033,0.0,5.0537568135510465e-11,1.7906066034581951,1.7906066034328643,True,1.82476127795077e-13
659,left,LCX,prox,10.0,75,leaky,"[0.65, 0.7)",0.660187657649558,1,659_left_LCX_prox_10mm_75ds_leaky_T4_taper_D_perterritory,T4_taper,D_perterritory,ok,7.0,0.0,True,29.273755890934616,0.5161179997747258,1.377417598316643,False,9.0,0.6065502527445166,-0.05363740490504143,0.0,1.910089941612698e-13,1.78988792793392,1.7906066034328643,True,8.663228801598641e-12
659,left,LCX,prox,10.0,75,discrete,"[0.65, 0.7)",0.5179218224237284,1,659_left_LCX_prox_10mm_75ds_discrete_T1_missed_branch_D_perterritory,T1_missed_branch,D_perterritory,ok,5.0,1.0,True,81.69327460581856,0.5193585129717497,0.8006788715874684,False,5.0,0.7636091971976845,0.24568737477395608,0.0,0.4472135954999579,1.2959474040296164,1.490907156956863,True,2.316853315530901e-12
659,left,LCX,prox,10.0,75,discrete,"[0.65, 0.7)",0.5179218224237284,1,659_left_LCX_prox_10mm_75ds_discrete_T2_truncation_D_perterritory,T2_truncation,D_perterritory,ok,5.0,0.0,True,106.97608565902082,0.9109941176411975,1.0488489806629167,False,8.0,0.517921822423732,3.552713678800501e-15,0.0,8.006497525012911e-14,1.490907156956863,1.490907156956863,True,1.968721463826127e-12
659,left,LCX,prox,10.0,75,discrete,"[0.65, 0.7)",0.5179218224237284,1,659_left_LCX_prox_10mm_75ds_discrete_T3_stenosis_length_D_perterritory,T3_stenosis_length,D_perterritory,ok,5.0,0.0,True,101.9937928446317,0.9999999999507739,1.100099381535416,False,34.0,0.4776299782977993,-0.04029184412592912,0.0,2.2680839008122237e-11,1.4909071569289993,1.490907156956863,True,5.127964773920127e-12
659,left,LCX,prox,10.0,75,discrete,"[0.65, 0.7)",0.5179218224237284,1,659_left_LCX_prox_10mm_75ds_discrete_T4_taper_D_perterritory,T4_taper,D_perterritory,ok,5.0,0.0,True,92.12607731937611,0.9032518033691732,1.3772429785910911,False,5.0,0.43394837765460237,-0.08397344476912605,0.0,4.487102292156655e-14,1.4909071569619292,1.490907156956863,True,1.4434828826777964e-12
754,left,LCX,mid,20.0,75,leaky,"[0.65, 0.7)",0.6845323514814051,1,754_left_LCX_mid_20mm_75ds_leaky_T1_missed_branch_D_perterritory,T1_missed_branch,D_perterritory,ok,6.0,0.0,True,40.05030476834906,0.9606298982820595,1.1995940225716226,False,11.0,0.684159154300224,-0.00037319718118111744,0.0,9.188073341243739e-14,3.0346062079801563,3.0346062079801563,True,3.657787039420227e-12
754,left,LCX,mid,20.0,75,leaky,"[0.65, 0.7)",0.6845323514814051,1,754_left_LCX_mid_20mm_75ds_leaky_T2_truncation_D_perterritory,T2_truncation,D_perterritory,ok,6.0,0.0,True,42.28248113541404,0.9439332910801023,1.014169949196648,False,8.0,0.6844542660880791,-7.80853933259884e-05,0.0,9.749226474340457e-14,3.0346062079801563,3.0346062079801563,True,3.6598804731869225e-12
754,left,LCX,mid,20.0,75,leaky,"[0.65, 0.7)",0.6845323514814051,1,754_left_LCX_mid_20mm_75ds_leaky_T3_stenosis_length_D_perterritory,T3_stenosis_length,D_perterritory,ok,6.0,0.0,True,41.691711698722166,0.9999999999159578,1.0375576415849674,False,35.0,0.6619670783717877,-0.022565273109617423,0.0,6.521957073238434e-11,3.0346062079543676,3.0346062079801563,True,1.633897142468936e-11
754,left,LCX,mid,20.0,75,leaky,"[0.65, 0.7)",0.6845323514814051,1,754_left_LCX_mid_20mm_75ds_leaky_T4_taper_D_perterritory,T4_taper,D_perterritory,ok,6.0,0.0,True,40.11854585262396,0.9539399088601469,1.3581650993935275,False,7.0,0.6121102221632124,-0.0724221293181927,0.0,8.046650166630298e-14,3.034606208016997,3.0346062079801563,True,8.486222241073149e-12
754,left,LCX,mid,20.0,75,discrete,"[0.65, 0.7)",0.46741904153828834,1,754_left_LCX_mid_20mm_75ds_discrete_T1_missed_branch_D_perterritory,T1_missed_branch,D_perterritory,ok,4.0,0.0,True,47.8933301350813,0.8443229227080614,1.3291735792221442,False,6.0,0.4663990744999023,-0.001019967038386027,0.0,3.7633218961043474e-14,2.3401415292749754,2.3401415292823438,True,6.898557518750302e-12
754,left,LCX,mid,20.0,75,discrete,"[0.65, 0.7)",0.46741904153828834,1,754_left_LCX_mid_20mm_75ds_discrete_T2_truncation_D_perterritory,T2_truncation,D_perterritory,ok,4.0,0.0,True,74.03649275781362,0.741441081477036,1.3052069625567744,False,8.0,0.46637353348680327,-0.0010455080514850668,0.0,6.163234657300822e-13,2.3401415292823438,2.3401415292823438,True,4.074742183067684e-12
754,left,LCX,mid,20.0,75,discrete,"[0.65, 0.7)",0.46741904153828834,1,754_left_LCX_mid_20mm_75ds_discrete_T3_stenosis_length_D_perterritory,T3_stenosis_length,D_perterritory,ok,4.0,0.0,True,56.72394867768004,0.9999999999537115,1.0958239638881417,False,25.0,0.43514155493558154,-0.032277486602706795,0.0,4.084919650761536e-11,2.3401415293228687,2.3401415292823438,True,4.180252939945258e-12
754,left,LCX,mid,20.0,75,discrete,"[0.65, 0.7)",0.46741904153828834,1,754_left_LCX_mid_20mm_75ds_discrete_T4_taper_D_perterritory,T4_taper,D_perterritory,ok,4.0,0.0,True,51.85050871660009,0.9140849663202895,1.7526486885160133,False,7.0,0.3455839563613101,-0.12183508517697822,0.0,2.3828022720856385e-13,2.3401415292749754,2.3401415292823438,True,6.960090378721316e-12
847,left,LCX,prox,10.0,75,leaky,"[0.65, 0.7)",0.6711367070591225,1,847_left_LCX_prox_10mm_75ds_leaky_T1_missed_branch_D_perterritory,T1_missed_branch,D_perterritory,ok,5.0,1.0,True,26.807776220906927,0.7830966431255163,1.0000350051075118,False,5.0,0.7255075788996858,0.05437087184056322,0.0,0.4472135954999579,4.170046270863216,4.290682064018802,True,6.590533826600435e-12
847,left,LCX,prox,10.0,75,leaky,"[0.65, 0.7)",0.6711367070591225,1,847_left_LCX_prox_10mm_75ds_leaky_T2_truncation_D_perterritory,T2_truncation,D_perterritory,ok,5.0,2.0,True,26.31899463478943,0.6230433640505691,0.9817121259261096,False,5.0,0.7828368512339435,0.11170014417482099,0.0,0.6324555320336759,3.986011149666447,4.290682064018802,True,2.6734801056183946e-12
847,left,LCX,prox,10.0,75,leaky,"[0.65, 0.7)",0.6711367070591225,1,847_left_LCX_prox_10mm_75ds_leaky_T3_stenosis_length_D_perterritory,T3_stenosis_length,D_perterritory,ok,5.0,0.0,True,26.805295703685307,0.9999999999204386,1.0389622545105726,False,26.0,0.6488219060779707,-0.022314800981151794,0.0,3.256982550825053e-11,4.290682063930699,4.290682064018802,True,9.75235964908015e-12
847,left,LCX,prox,10.0,75,leaky,"[0.65, 0.7)",0.6711367070591225,1,847_left_LCX_prox_10mm_75ds_leaky_T4_taper_D_perterritory,T4_taper,D_perterritory,ok,5.0,0.0,True,26.632458721876496,0.9245659536144698,1.2973410287524325,False,9.0,0.6491434209066901,-0.021993286152432456,0.0,2.8297011807037043e-13,4.295002795531831,4.290682064018802,True,5.261658748221238e-12
847,left,LCX,prox,10.0,75,discrete,"[0.65, 0.7)",0.44051553885642986,1,847_left_LCX_prox_10mm_75ds_discrete_T1_missed_branch_D_perterritory,T1_missed_branch,D_perterritory,ok,4.0,1.0,True,16.149000384465722,0.2786943496530367,0.6886716608260203,False,5.0,0.8580956875799085,0.41758014872347865,1.0,0.5,2.595451813118311,3.139222598122348,True,9.446118405236798e-12
847,left,LCX,prox,10.0,75,discrete,"[0.65, 0.7)",0.44051553885642986,1,847_left_LCX_prox_10mm_75ds_discrete_T2_truncation_D_perterritory,T2_truncation,D_perterritory,ok,4.0,2.0,True,66.67059486159795,2.844323667889669,2.844334357124218,False,12.0,0.3186842711345936,-0.12183126772183628,0.0,0.7071067811865476,3.3012122399443395,3.139222598122348,True,1.0043661321176178e-11
847,left,LCX,prox,10.0,75,discrete,"[0.65, 0.7)",0.44051553885642986,1,847_left_LCX_prox_10mm_75ds_discrete_T3_stenosis_length_D_perterritory,T3_stenosis_length,D_perterritory,ok,4.0,0.0,True,23.442083279745702,0.9999999998992303,1.1416483961450228,False,30.0,0.40446379052663484,-0.03605174832979502,0.0,7.966783855583104e-11,3.139222598203108,3.139222598122348,True,2.5848997262382673e-13
847,left,LCX,prox,10.0,75,discrete,"[0.65, 0.7)",0.44051553885642986,1,847_left_LCX_prox_10mm_75ds_discrete_T4_taper_D_perterritory,T4_taper,D_perterritory,ok,4.0,0.0,True,20.931298914919353,0.8928941453341009,1.6870138856400039,False,8.0,0.36827639152100644,-0.07223914733542341,0.0,4.1574520701042335e-14,3.139222598122348,3.139222598122348,True,6.736793728237398e-12
908,left,LCX,mid,20.0,80,leaky,"[0.65, 0.7)",0.6508847721608673,1,908_left_LCX_mid_20mm_80ds_leaky_T1_missed_branch_D_perterritory,T1_missed_branch,D_perterritory,ok,6.0,0.0,True,64.4025500256945,0.9057928935078841,1.1296000175942111,False,9.0,0.6719432075727031,0.02105843541183583,0.0,7.00663740387169e-14,0.7505337325238548,0.7505337325244639,True,8.229703560060102e-12
908,left,LCX,mid,20.0,80,leaky,"[0.65, 0.7)",0.6508847721608673,1,908_left_LCX_mid_20mm_80ds_leaky_T2_truncation_D_perterritory,T2_truncation,D_perterritory,ok,6.0,0.0,True,70.41515925565037,0.9903575374507394,1.0096836401412914,False,6.0,0.6525594449243605,0.0016746727634932013,0.0,9.353335979094328e-14,0.7505337325275089,0.7505337325244639,True,3.341849043202678e-12
908,left,LCX,mid,20.0,80,leaky,"[0.65, 0.7)",0.6508847721608673,1,908_left_LCX_mid_20mm_80ds_leaky_T3_stenosis_length_D_perterritory,T3_stenosis_length,D_perterritory,ok,6.0,0.0,True,71.10074553166085,0.9999999999609188,1.0375402224664958,False,39.0,0.6204792411483091,-0.030405531012558162,0.0,3.7915193293253836e-11,0.7505337325329899,0.7505337325244639,True,3.0372751023524934e-13
908,left,LCX,mid,20.0,80,leaky,"[0.65, 0.7)",0.6508847721608673,1,908_left_LCX_mid_20mm_80ds_leaky_T4_taper_D_perterritory,T4_taper,D_perterritory,ok,6.0,0.0,True,70.0845428904064,0.9290407151755803,0.9857075670071167,False,9.0,0.6635459580843242,0.012661185923456886,0.0,6.51673539480025e-14,0.7505337325195919,0.7505337325244639,True,1.379907577412982e-11
908,left,LCX,mid,20.0,80,discrete,"[0.65, 0.7)",0.6826155765763128,1,908_left_LCX_mid_20mm_80ds_discrete_T1_missed_branch_D_perterritory,T1_missed_branch,D_perterritory,ok,4.0,0.0,True,269.44500953855044,0.8795823647862185,1.310085197349353,False,6.0,0.6991505610181874,0.016534984441874623,0.0,8.821927994685533e-14,0.7689135359488377,0.7689135359451836,True,1.2193027874213477e-11
908,left,LCX,mid,20.0,80,discrete,"[0.65, 0.7)",0.6826155765763128,1,908_left_LCX_mid_20mm_80ds_discrete_T2_truncation_D_perterritory,T2_truncation,D_perterritory,ok,4.0,0.0,True,372.39511449037076,0.7666377533504873,1.2156550087873448,False,6.0,0.669455644398092,-0.013159932178220757,0.0,4.4912659098971526e-14,0.7689135359464017,0.7689135359451836,True,9.085560059753219e-12
908,left,LCX,mid,20.0,80,discrete,"[0.65, 0.7)",0.6826155765763128,1,908_left_LCX_mid_20mm_80ds_discrete_T3_stenosis_length_D_perterritory,T3_stenosis_length,D_perterritory,ok,4.0,0.0,True,306.33289197884153,0.9999999999460844,1.040513623957448,False,35.0,0.6520731125804478,-0.03054246399586502,0.0,3.6468467737647266e-11,0.7689135359305675,0.7689135359451836,True,2.180611526185036e-12
908,left,LCX,mid,20.0,80,discrete,"[0.65, 0.7)",0.6826155765763128,1,908_left_LCX_mid_20mm_80ds_discrete_T4_taper_D_perterritory,T4_taper,D_perterritory,ok,4.0,0.0,True,287.15210160159853,0.9373857953896575,1.36050944232704,False,7.0,0.5739299948539209,-0.10868558172239184,0.0,1.3244332327601996e-13,0.7689135359524917,0.7689135359451836,True,1.6938157527489313e-11
935,left,LCX,prox,20.0,75,leaky,"[0.65, 0.7)",0.6939103772009737,1,935_left_LCX_prox_20mm_75ds_leaky_T1_missed_branch_D_perterritory,T1_missed_branch,D_perterritory,skipped: no deletable downstream branch,,,,,,,,,,,,,,,,
935,left,LCX,prox,20.0,75,leaky,"[0.65, 0.7)",0.6939103772009737,1,935_left_LCX_prox_20mm_75ds_leaky_T2_truncation_D_perterritory,T2_truncation,D_perterritory,ok,4.0,0.0,True,36.86278905204285,0.5625794802631296,1.1796891820155502,False,8.0,0.8366408540961782,0.14273047689520446,1.0,1.538262633400891e-14,2.090312483719551,2.090312483719551,True,1.0311996225258839e-11
935,left,LCX,prox,20.0,75,leaky,"[0.65, 0.7)",0.6939103772009737,1,935_left_LCX_prox_20mm_75ds_leaky_T3_stenosis_length_D_perterritory,T3_stenosis_length,D_perterritory,ok,4.0,0.0,True,31.247882589769244,0.9999999999448512,1.0233147299762413,False,26.0,0.6730296791280805,-0.020880698072893167,0.0,3.47554072634545e-11,2.0903124837528173,2.090312483719551,True,2.293535784110192e-13
935,left,LCX,prox,20.0,75,leaky,"[0.65, 0.7)",0.6939103772009737,1,935_left_LCX_prox_20mm_75ds_leaky_T4_taper_D_perterritory,T4_taper,D_perterritory,ok,4.0,0.0,True,30.378383113581567,0.9721741313610652,1.1519965606324694,False,5.0,0.6479990322923027,-0.04591134490867099,0.0,3.758295109688161e-14,2.0903124837162244,2.090312483719551,True,1.1888700772294505e-11
935,left,LCX,prox,20.0,75,discrete,"[0.65, 0.7)",0.5490173611120316,1,935_left_LCX_prox_20mm_75ds_discrete_T1_missed_branch_D_perterritory,T1_missed_branch,D_perterritory,skipped: no deletable downstream branch,,,,,,,,,,,,,,,,
935,left,LCX,prox,20.0,75,discrete,"[0.65, 0.7)",0.5490173611120316,1,935_left_LCX_prox_20mm_75ds_discrete_T2_truncation_D_perterritory,T2_truncation,D_perterritory,ok,3.0,0.0,True,48.35382601252187,0.5253558077552556,1.3298424487626175,False,9.0,0.6651524367531753,0.11613507564114367,0.0,1.8310193062281678e-13,1.8359762201153016,1.8359762201153016,True,4.384236576469442e-12
935,left,LCX,prox,20.0,75,discrete,"[0.65, 0.7)",0.5490173611120316,1,935_left_LCX_prox_20mm_75ds_discrete_T3_stenosis_length_D_perterritory,T3_stenosis_length,D_perterritory,ok,3.0,0.0,True,36.36056741722686,0.9999999999967988,1.0871654331530456,False,32.0,0.515918229951517,-0.03309913116051455,0.0,1.445611460079627e-11,1.8359762201319347,1.8359762201153016,True,4.533022885584578e-12
935,left,LCX,prox,20.0,75,discrete,"[0.65, 0.7)",0.5490173611120316,1,935_left_LCX_prox_20mm_75ds_discrete_T4_taper_D_perterritory,T4_taper,D_perterritory,ok,3.0,0.0,True,33.2889802861454,0.9155242244754935,1.690128896049468,False,7.0,0.45019659350760244,-0.09882076760442915,0.0,1.1757680205990476e-13,1.8359762201153016,1.8359762201153016,True,4.338101286808604e-12
42,right,RCA,prox,20.0,70,leaky,"[0.65, 0.7)",0.6866563001124545,1,42_right_RCA_prox_20mm_70ds_leaky_T1_missed_branch_D_perterritory,T1_missed_branch,D_perterritory,skipped: fewer than 2 shared territories to match,,,,,,,,,,,,,,,,
42,right,RCA,prox,20.0,70,leaky,"[0.65, 0.7)",0.6866563001124545,1,42_right_RCA_prox_20mm_70ds_leaky_T2_truncation_D_perterritory,T2_truncation,D_perterritory,skipped: fewer than 2 shared territories to match,,,,,,,,,,,,,,,,
42,right,RCA,prox,20.0,70,leaky,"[0.65, 0.7)",0.6866563001124545,1,42_right_RCA_prox_20mm_70ds_leaky_T3_stenosis_length_D_perterritory,T3_stenosis_length,D_perterritory,ok,4.0,0.0,True,31.473768863186645,1.0269286775627806,1.0277351846635188,False,14.0,0.6708864964707425,-0.015769803641711988,0.0,8.372428088436701e-13,0.678995198319056,0.6831526181047551,True,4.490928091486479e-13
42,right,RCA,prox,20.0,70,leaky,"[0.65, 0.7)",0.6866563001124545,1,42_right_RCA_prox_20mm_70ds_leaky_T4_taper_D_perterritory,T4_taper,D_perterritory,ok,4.0,0.0,True,30.74976173110971,1.3749035606050986,1.3957486549754754,False,7.0,0.6272527498593238,-0.05940355025313071,0.0,1.2640542219650042e-13,0.6705414018128575,0.6831526181047551,True,1.9554452548414063e-12
42,right,RCA,prox,20.0,70,discrete,"[0.65, 0.7)",0.6729886269683414,1,42_right_RCA_prox_20mm_70ds_discrete_T1_missed_branch_D_perterritory,T1_missed_branch,D_perterritory,skipped: fewer than 2 shared territories to match,,,,,,,,,,,,,,,,
42,right,RCA,prox,20.0,70,discrete,"[0.65, 0.7)",0.6729886269683414,1,42_right_RCA_prox_20mm_70ds_discrete_T2_truncation_D_perterritory,T2_truncation,D_perterritory,skipped: fewer than 2 shared territories to match,,,,,,,,,,,,,,,,
42,right,RCA,prox,20.0,70,discrete,"[0.65, 0.7)",0.6729886269683414,1,42_right_RCA_prox_20mm_70ds_discrete_T3_stenosis_length_D_perterritory,T3_stenosis_length,D_perterritory,ok,3.0,0.0,True,88.85329118843325,1.0364515944553259,1.0371975272110625,False,5.0,0.6535659932919042,-0.01942263367643715,0.0,2.3470458625207696e-14,0.6426551113244501,0.6426551113268253,True,5.30668214379279e-13
42,right,RCA,prox,20.0,70,discrete,"[0.65, 0.7)",0.6729886269683414,1,42_right_RCA_prox_20mm_70ds_discrete_T4_taper_D_perterritory,T4_taper,D_perterritory,ok,3.0,0.0,True,81.80978802095773,1.3584249468053482,1.3697397352800245,False,7.0,0.5967012831585775,-0.07628734380976387,0.0,7.590121071100194e-14,0.6426551113252418,0.6426551113268253,True,1.6752047202116924e-12
69,right,RCA,prox,10.0,70,leaky,"[0.65, 0.7)",0.668481877130445,1,69_right_RCA_prox_10mm_70ds_leaky_T1_missed_branch_D_perterritory,T1_missed_branch,D_perterritory,skipped: fewer than 2 shared territories to match,,,,,,,,,,,,,,,,
69,right,RCA,prox,10.0,70,leaky,"[0.65, 0.7)",0.668481877130445,1,69_right_RCA_prox_10mm_70ds_leaky_T2_truncation_D_perterritory,T2_truncation,D_perterritory,skipped: fewer than 2 shared territories to match,,,,,,,,,,,,,,,,
69,right,RCA,prox,10.0,70,leaky,"[0.65, 0.7)",0.668481877130445,1,69_right_RCA_prox_10mm_70ds_leaky_T3_stenosis_length_D_perterritory,T3_stenosis_length,D_perterritory,ok,2.0,0.0,True,19.305752021322252,1.0117298523627842,1.011943776546397,False,15.0,0.6616065118093867,-0.006875365321058369,0.0,6.428555865945801e-13,2.1345340848154595,2.148057686873786,True,1.2517792295383724e-12
69,right,RCA,prox,10.0,70,leaky,"[0.65, 0.7)",0.668481877130445,1,69_right_RCA_prox_10mm_70ds_leaky_T4_taper_D_perterritory,T4_taper,D_perterritory,ok,2.0,0.0,True,19.282462565478706,1.3419070473232055,1.3517501648843853,False,8.0,0.6376343277258879,-0.03084754940455714,0.0,4.849555132072708e-13,2.039817749201741,2.148057686873786,True,7.536775282341696e-14
69,right,RCA,prox,10.0,70,discrete,"[0.65, 0.7)",0.6933521217714697,1,69_right_RCA_prox_10mm_70ds_discrete_T1_missed_branch_D_perterritory,T1_missed_branch,D_perterritory,skipped: fewer than 2 shared territories to match,,,,,,,,,,,,,,,,
69,right,RCA,prox,10.0,70,discrete,"[0.65, 0.7)",0.6933521217714697,1,69_right_RCA_prox_10mm_70ds_discrete_T2_truncation_D_perterritory,T2_truncation,D_perterritory,skipped: fewer than 2 shared territories to match,,,,,,,,,,,,,,,,
69,right,RCA,prox,10.0,70,discrete,"[0.65, 0.7)",0.6933521217714697,1,69_right_RCA_prox_10mm_70ds_discrete_T3_stenosis_length_D_perterritory,T3_stenosis_length,D_perterritory,ok,2.0,0.0,True,25.440083617320873,1.0203264632523772,1.0237966640276535,False,10.0,0.6830232770343846,-0.010328844737085063,0.0,1.8965917606920145e-12,2.058871787727882,2.058871787771423,True,8.521665631405917e-12
69,right,RCA,prox,10.0,70,discrete,"[0.65, 0.7)",0.6933521217714697,1,69_right_RCA_prox_10mm_70ds_discrete_T4_taper_D_perterritory,T4_taper,D_perterritory,ok,2.0,0.0,True,22.82757160483007,1.3544799393355424,1.4776220123252983,False,9.0,0.6314048728304873,-0.06194724894098236,0.0,1.6451612322957734e-13,2.058871787727882,2.058871787771423,True,1.0232498978170178e-11
341,right,RCA,prox,10.0,70,leaky,"[0.65, 0.7)",0.6757528490901287,1,341_right_RCA_prox_10mm_70ds_leaky_T1_missed_branch_D_perterritory,T1_missed_branch,D_perterritory,skipped: fewer than 2 shared territories to match,,,,,,,,,,,,,,,,
341,right,RCA,prox,10.0,70,leaky,"[0.65, 0.7)",0.6757528490901287,1,341_right_RCA_prox_10mm_70ds_leaky_T2_truncation_D_perterritory,T2_truncation,D_perterritory,skipped: fewer than 2 shared territories to match,,,,,,,,,,,,,,,,
341,right,RCA,prox,10.0,70,leaky,"[0.65, 0.7)",0.6757528490901287,1,341_right_RCA_prox_10mm_70ds_leaky_T3_stenosis_length_D_perterritory,T3_stenosis_length,D_perterritory,ok,4.0,0.0,True,20.36040694205199,1.0158522699233958,1.0167666927965298,False,13.0,0.6663134729283693,-0.009439376161759383,0.0,7.528904996495826e-14,1.9398529854529867,1.9501528414068057,True,1.6425169896548116e-11
341,right,RCA,prox,10.0,70,leaky,"[0.65, 0.7)",0.6757528490901287,1,341_right_RCA_prox_10mm_70ds_leaky_T4_taper_D_perterritory,T4_taper,D_perterritory,ok,4.0,0.0,True,20.268122995522,1.3461741929401403,1.381661481552318,False,8.0,0.6323154427333852,-0.043437406356743424,0.0,2.854128407134592e-12,1.987752347791787,1.9501528414068057,True,2.405119035354869e-11
341,right,RCA,prox,10.0,70,discrete,"[0.65, 0.7)",0.6744386976753943,1,341_right_RCA_prox_10mm_70ds_discrete_T1_missed_branch_D_perterritory,T1_missed_branch,D_perterritory,skipped: fewer than 2 shared territories to match,,,,,,,,,,,,,,,,
341,right,RCA,prox,10.0,70,discrete,"[0.65, 0.7)",0.6744386976753943,1,341_right_RCA_prox_10mm_70ds_discrete_T2_truncation_D_perterritory,T2_truncation,D_perterritory,skipped: fewer than 2 shared territories to match,,,,,,,,,,,,,,,,
341,right,RCA,prox,10.0,70,discrete,"[0.65, 0.7)",0.6744386976753943,1,341_right_RCA_prox_10mm_70ds_discrete_T3_stenosis_length_D_perterritory,T3_stenosis_length,D_perterritory,ok,3.0,0.0,True,26.85418041911954,1.026568751438738,1.0298825663895457,False,10.0,0.6613911952422579,-0.01304750243313646,0.0,8.164725360932629e-14,1.7105213629733687,1.7105213629633065,True,7.766435002838643e-12
341,right,RCA,prox,10.0,70,discrete,"[0.65, 0.7)",0.6744386976753943,1,341_right_RCA_prox_10mm_70ds_discrete_T4_taper_D_perterritory,T4_taper,D_perterritory,ok,3.0,0.0,True,22.67560046646136,1.2522074182699983,1.3564243107963119,False,12.0,0.621290539029668,-0.05314815864572631,0.0,1.4672861462560633e-12,1.7105213629633065,1.7105213629633065,True,4.868954948010531e-13
465,right,RCA,prox,20.0,70,leaky,"[0.65, 0.7)",0.6961915527206975,1,465_right_RCA_prox_20mm_70ds_leaky_T1_missed_branch_D_perterritory,T1_missed_branch,D_perterritory,skipped: fewer than 2 shared territories to match,,,,,,,,,,,,,,,,
465,right,RCA,prox,20.0,70,leaky,"[0.65, 0.7)",0.6961915527206975,1,465_right_RCA_prox_20mm_70ds_leaky_T2_truncation_D_perterritory,T2_truncation,D_perterritory,skipped: fewer than 2 shared territories to match,,,,,,,,,,,,,,,,
465,right,RCA,prox,20.0,70,leaky,"[0.65, 0.7)",0.6961915527206975,1,465_right_RCA_prox_20mm_70ds_leaky_T3_stenosis_length_D_perterritory,T3_stenosis_length,D_perterritory,ok,4.0,0.0,True,28.852954924697595,1.0271254194429547,1.0279698294797937,False,5.0,0.6803141023877728,-0.01587745033292476,0.0,1.2578382283973862e-13,0.5377496483272334,0.5421157758647942,True,4.434226285515366e-12
465,right,RCA,prox,20.0,70,leaky,"[0.65, 0.7)",0.6961915527206975,1,465_right_RCA_prox_20mm_70ds_leaky_T4_taper_D_perterritory,T4_taper,D_perterritory,ok,4.0,0.0,True,28.353017609161615,1.3640105633167194,1.384538016752468,False,8.0,0.647926245540133,-0.04826530718056454,0.0,9.633308215477587e-14,0.5140631505601956,0.5421157758647942,True,3.2826733200550183e-12
465,right,RCA,prox,20.0,70,discrete,"[0.65, 0.7)",0.6785436061264084,1,465_right_RCA_prox_20mm_70ds_discrete_T1_missed_branch_D_perterritory,T1_missed_branch,D_perterritory,skipped: fewer than 2 shared territories to match,,,,,,,,,,,,,,,,
465,right,RCA,prox,20.0,70,discrete,"[0.65, 0.7)",0.6785436061264084,1,465_right_RCA_prox_20mm_70ds_discrete_T2_truncation_D_perterritory,T2_truncation,D_perterritory,skipped: fewer than 2 shared territories to match,,,,,,,,,,,,,,,,
465,right,RCA,prox,20.0,70,discrete,"[0.65, 0.7)",0.6785436061264084,1,465_right_RCA_prox_20mm_70ds_discrete_T3_stenosis_length_D_perterritory,T3_stenosis_length,D_perterritory,ok,2.0,0.0,True,68.90389408831845,1.038479191145524,1.043550761090543,False,17.0,0.6579299434255386,-0.02061366270086984,0.0,4.804137443107327e-13,0.5013157554187874,0.5013157554232881,True,5.166012055748303e-13
465,right,RCA,prox,20.0,70,discrete,"[0.65, 0.7)",0.6785436061264084,1,465_right_RCA_prox_20mm_70ds_discrete_T4_taper_D_perterritory,T4_taper,D_perterritory,ok,2.0,0.0,True,64.29303979044622,1.3891701393360611,1.5115100996093034,False,7.0,0.5979125952434606,-0.08063101088294777,0.0,2.89801608933538e-13,0.5013157554210377,0.5013157554232881,True,4.810347121062763e-12
544,right,RCA,mid,10.0,70,leaky,"[0.65, 0.7)",0.6974176878645417,1,544_right_RCA_mid_10mm_70ds_leaky_T1_missed_branch_D_perterritory,T1_missed_branch,D_perterritory,skipped: fewer than 2 shared territories to match,,,,,,,,,,,,,,,,
544,right,RCA,mid,10.0,70,leaky,"[0.65, 0.7)",0.6974176878645417,1,544_right_RCA_mid_10mm_70ds_leaky_T2_truncation_D_perterritory,T2_truncation,D_perterritory,skipped: fewer than 2 shared territories to match,,,,,,,,,,,,,,,,
544,right,RCA,mid,10.0,70,leaky,"[0.65, 0.7)",0.6974176878645417,1,544_right_RCA_mid_10mm_70ds_leaky_T3_stenosis_length_D_perterritory,T3_stenosis_length,D_perterritory,ok,2.0,0.0,True,22.508165008230208,1.0238240546407413,1.0238646328192795,False,4.0,0.6828696486540297,-0.014548039210512065,0.0,9.429795752966309e-14,1.5117250831119504,1.5197998552358445,True,5.019106627276435e-12
544,right,RCA,mid,10.0,70,leaky,"[0.65, 0.7)",0.6974176878645417,1,544_right_RCA_mid_10mm_70ds_leaky_T4_taper_D_perterritory,T4_taper,D_perterritory,ok,2.0,0.0,True,22.259567155527435,1.3234317492956476,1.3244015981194208,False,6.0,0.6591831071704098,-0.03823458069413188,0.0,4.4843706769491173e-14,1.5939520229759359,1.5197998552358445,True,2.128938447345458e-12
544,right,RCA,mid,10.0,70,discrete,"[0.65, 0.7)",0.553614003275893,1,544_right_RCA_mid_10mm_70ds_discrete_T1_missed_branch_D_perterritory,T1_missed_branch,D_perterritory,skipped: fewer than 2 shared territories to match,,,,,,,,,,,,,,,,
544,right,RCA,mid,10.0,70,discrete,"[0.65, 0.7)",0.553614003275893,1,544_right_RCA_mid_10mm_70ds_discrete_T2_truncation_D_perterritory,T2_truncation,D_perterritory,skipped: fewer than 2 shared territories to match,,,,,,,,,,,,,,,,
544,right,RCA,mid,10.0,70,discrete,"[0.65, 0.7)",0.553614003275893,1,544_right_RCA_mid_10mm_70ds_discrete_T3_stenosis_length_D_perterritory,T3_stenosis_length,D_perterritory,ok,2.0,0.0,True,28.142652357401214,1.0614833153753593,1.0623217671231318,False,6.0,0.5283005269566117,-0.02531347631928138,0.0,1.4989148800738837e-13,1.006567114527192,1.006567114534998,True,1.4221252456757227e-11
544,right,RCA,mid,10.0,70,discrete,"[0.65, 0.7)",0.553614003275893,1,544_right_RCA_mid_10mm_70ds_discrete_T4_taper_D_perterritory,T4_taper,D_perterritory,ok,2.0,0.0,True,22.218036993148807,1.2095926228570475,1.2203805531323613,False,5.0,0.4831183961767694,-0.07049560709912367,0.0,2.9413004550392643e-13,1.006567114534998,1.006567114534998,True,6.610455697462392e-12
675,right,RCA,mid,10.0,70,leaky,"[0.65, 0.7)",0.6772620373504136,1,675_right_RCA_mid_10mm_70ds_leaky_T1_missed_branch_D_perterritory,T1_missed_branch,D_perterritory,skipped: fewer than 2 shared territories to match,,,,,,,,,,,,,,,,
675,right,RCA,mid,10.0,70,leaky,"[0.65, 0.7)",0.6772620373504136,1,675_right_RCA_mid_10mm_70ds_leaky_T2_truncation_D_perterritory,T2_truncation,D_perterritory,skipped: fewer than 2 shared territories to match,,,,,,,,,,,,,,,,
675,right,RCA,mid,10.0,70,leaky,"[0.65, 0.7)",0.6772620373504136,1,675_right_RCA_mid_10mm_70ds_leaky_T3_stenosis_length_D_perterritory,T3_stenosis_length,D_perterritory,ok,2.0,0.0,True,19.51525784152459,1.018989820247036,1.0191088077219266,False,9.0,0.6660147608245152,-0.011247276525898409,0.0,9.25021264393337e-13,2.2516477958981445,2.2626063776450573,True,1.166620543768144e-11
675,right,RCA,mid,10.0,70,leaky,"[0.65, 0.7)",0.6772620373504136,1,675_right_RCA_mid_10mm_70ds_leaky_T4_taper_D_perterritory,T4_taper,D_perterritory,ok,2.0,0.0,True,19.5757731895289,1.3730761496593356,1.376301073368011,False,9.0,0.6284840674668468,-0.04877796988356675,0.0,4.601940419725472e-14,2.5151503367077703,2.2626063776450573,True,2.454901633073879e-12
675,right,RCA,mid,10.0,70,discrete,"[0.65, 0.7)",0.6349820932443611,1,675_right_RCA_mid_10mm_70ds_discrete_T1_missed_branch_D_perterritory,T1_missed_branch,D_perterritory,skipped: fewer than 2 shared territories to match,,,,,,,,,,,,,,,,
675,right,RCA,mid,10.0,70,discrete,"[0.65, 0.7)",0.6349820932443611,1,675_right_RCA_mid_10mm_70ds_discrete_T2_truncation_D_perterritory,T2_truncation,D_perterritory,skipped: fewer than 2 shared territories to match,,,,,,,,,,,,,,,,
675,right,RCA,mid,10.0,70,discrete,"[0.65, 0.7)",0.6349820932443611,1,675_right_RCA_mid_10mm_70ds_discrete_T3_stenosis_length_D_perterritory,T3_stenosis_length,D_perterritory,ok,2.0,0.0,True,17.61651349987676,1.0381873781698954,1.043821033420717,False,7.0,0.618674912169438,-0.016307181074923016,0.0,2.0961518535380898e-13,1.6991755541773639,1.6991755541842692,True,4.491452831933e-12
675,right,RCA,mid,10.0,70,discrete,"[0.65, 0.7)",0.6349820932443611,1,675_right_RCA_mid_10mm_70ds_discrete_T4_taper_D_perterritory,T4_taper,D_perterritory,ok,2.0,0.0,True,13.013588783322598,1.1159928760096849,1.1444992496462705,False,5.0,0.5934270943344717,-0.04155499890988934,0.0,5.006685593033911e-13,1.6991755541865712,1.6991755541842692,True,2.1734444336428158e-13
725,right,RCA,prox,20.0,70,leaky,"[0.65, 0.7)",0.6944037961762072,1,725_right_RCA_prox_20mm_70ds_leaky_T1_missed_branch_D_perterritory,T1_missed_branch,D_perterritory,skipped: fewer than 2 shared territories to match,,,,,,,,,,,,,,,,
725,right,RCA,prox,20.0,70,leaky,"[0.65, 0.7)",0.6944037961762072,1,725_right_RCA_prox_20mm_70ds_leaky_T2_truncation_D_perterritory,T2_truncation,D_perterritory,skipped: fewer than 2 shared territories to match,,,,,,,,,,,,,,,,
725,right,RCA,prox,20.0,70,leaky,"[0.65, 0.7)",0.6944037961762072,1,725_right_RCA_prox_20mm_70ds_leaky_T3_stenosis_length_D_perterritory,T3_stenosis_length,D_perterritory,ok,2.0,0.0,True,22.525685463777734,1.0247081242872447,1.0248190114441333,False,7.0,0.6801526772482391,-0.014251118927968043,0.0,6.72387291573931e-14,0.6163174453367952,0.6229441650314104,True,3.67688889614688e-12
725,right,RCA,prox,20.0,70,leaky,"[0.65, 0.7)",0.6944037961762072,1,725_right_RCA_prox_20mm_70ds_leaky_T4_taper_D_perterritory,T4_taper,D_perterritory,ok,2.0,0.0,True,22.504810157152423,1.3428356948919187,1.345460722225075,False,6.0,0.6652914767438175,-0.029112319432389677,0.0,1.3263926717654777e-13,0.552833567180655,0.6229441650314104,True,1.793592145528211e-12
725,right,RCA,prox,20.0,70,discrete,"[0.65, 0.7)",0.6719223324641386,1,725_right_RCA_prox_20mm_70ds_discrete_T1_missed_branch_D_perterritory,T1_missed_branch,D_perterritory,skipped: fewer than 2 shared territories to match,,,,,,,,,,,,,,,,
725,right,RCA,prox,20.0,70,discrete,"[0.65, 0.7)",0.6719223324641386,1,725_right_RCA_prox_20mm_70ds_discrete_T2_truncation_D_perterritory,T2_truncation,D_perterritory,skipped: fewer than 2 shared territories to match,,,,,,,,,,,,,,,,
725,right,RCA,prox,20.0,70,discrete,"[0.65, 0.7)",0.6719223324641386,1,725_right_RCA_prox_20mm_70ds_discrete_T3_stenosis_length_D_perterritory,T3_stenosis_length,D_perterritory,ok,2.0,0.0,True,80.25186355202267,1.0433520919094676,1.0453264709028818,False,6.0,0.6509610085765423,-0.020961323887596306,0.0,1.6124561267031702e-13,0.5313324487162543,0.5313324487141325,True,2.284043555236895e-12
725,right,RCA,prox,20.0,70,discrete,"[0.65, 0.7)",0.6719223324641386,1,725_right_RCA_prox_20mm_70ds_discrete_T4_taper_D_perterritory,T4_taper,D_perterritory,ok,2.0,0.0,True,77.29161979556936,1.5351706549706114,1.5875117929319362,False,7.0,0.577708633922078,-0.09421369854206052,0.0,5.0616258182953355e-14,0.5313324487151935,0.5313324487141325,True,7.61215004451436e-14
928,right,RCA,prox,10.0,70,leaky,"[0.65, 0.7)",0.692855121479809,1,928_right_RCA_prox_10mm_70ds_leaky_T1_missed_branch_D_perterritory,T1_missed_branch,D_perterritory,skipped: fewer than 2 shared territories to match,,,,,,,,,,,,,,,,
928,right,RCA,prox,10.0,70,leaky,"[0.65, 0.7)",0.692855121479809,1,928_right_RCA_prox_10mm_70ds_leaky_T2_truncation_D_perterritory,T2_truncation,D_perterritory,skipped: fewer than 2 shared territories to match,,,,,,,,,,,,,,,,
928,right,RCA,prox,10.0,70,leaky,"[0.65, 0.7)",0.692855121479809,1,928_right_RCA_prox_10mm_70ds_leaky_T3_stenosis_length_D_perterritory,T3_stenosis_length,D_perterritory,ok,4.0,0.0,True,25.371901572106495,1.017531596657216,1.017897486722665,False,13.0,0.6822671378179672,-0.010587983661841771,0.0,2.447729447864484e-13,1.5878662066863756,1.5973315370309848,True,3.3765482099852227e-12
928,right,RCA,prox,10.0,70,leaky,"[0.65, 0.7)",0.692855121479809,1,928_right_RCA_prox_10mm_70ds_leaky_T4_taper_D_perterritory,T4_taper,D_perterritory,ok,4.0,0.0,True,25.021473221399223,1.3266103938415732,1.3388182137404039,False,8.0,0.6551808333304164,-0.037674288149392554,0.0,2.6400508207651513e-13,1.586247631614973,1.5973315370309848,True,3.563417528642698e-12
928,right,RCA,prox,10.0,70,discrete,"[0.65, 0.7)",0.6576089616331994,1,928_right_RCA_prox_10mm_70ds_discrete_T1_missed_branch_D_perterritory,T1_missed_branch,D_perterritory,skipped: fewer than 2 shared territories to match,,,,,,,,,,,,,,,,
928,right,RCA,prox,10.0,70,discrete,"[0.65, 0.7)",0.6576089616331994,1,928_right_RCA_prox_10mm_70ds_discrete_T2_truncation_D_perterritory,T2_truncation,D_perterritory,skipped: fewer than 2 shared territories to match,,,,,,,,,,,,,,,,
928,right,RCA,prox,10.0,70,discrete,"[0.65, 0.7)",0.6576089616331994,1,928_right_RCA_prox_10mm_70ds_discrete_T3_stenosis_length_D_perterritory,T3_stenosis_length,D_perterritory,ok,3.0,0.0,True,37.63669563143868,1.029462124059893,1.0328964533894132,False,5.0,0.642074828181293,-0.015534133451906351,0.0,2.31889692924252e-13,1.3668857242273103,1.3668857242371382,True,5.065891186857093e-13
928,right,RCA,prox,10.0,70,discrete,"[0.65, 0.7)",0.6576089616331994,1,928_right_RCA_prox_10mm_70ds_discrete_T4_taper_D_perterritory,T4_taper,D_perterritory,ok,3.0,0.0,True,32.8372299424305,1.2392128121735417,1.3236732294854865,False,9.0,0.5983066640996317,-0.05930229753356764,0.0,2.1533113489303034e-13,1.3668857242223964,1.3668857242371382,True,4.084936355214924e-12
3,left,LAD,prox,20.0,70,leaky,"[0.7, 0.75)",0.7059680087026113,1,3_left_LAD_prox_20mm_70ds_leaky_T1_missed_branch_D_perterritory,T1_missed_branch,D_perterritory,skipped: no deletable downstream branch,,,,,,,,,,,,,,,,
3,left,LAD,prox,20.0,70,leaky,"[0.7, 0.75)",0.7059680087026113,1,3_left_LAD_prox_20mm_70ds_leaky_T2_truncation_D_perterritory,T2_truncation,D_perterritory,ok,5.0,0.0,True,36.67909331198163,0.951991612612706,1.0210803323818378,False,6.0,0.7212163233088756,0.015248314606264302,0.0,8.482185390250844e-16,1.2807771966339392,1.280777196636927,True,1.3867203946902581e-11
3,left,LAD,prox,20.0,70,leaky,"[0.7, 0.75)",0.7059680087026113,1,3_left_LAD_prox_20mm_70ds_leaky_T3_stenosis_length_D_perterritory,T3_stenosis_length,D_perterritory,ok,5.0,0.0,True,38.528798810859406,0.9999999999138791,1.0195039434261899,False,25.0,0.6868495704323627,-0.019118438270248617,0.0,3.903732539051223e-11,1.2807771966130237,1.280777196636927,True,1.1005573077636954e-11
3,left,LAD,prox,20.0,70,leaky,"[0.7, 0.75)",0.7059680087026113,1,3_left_LAD_prox_20mm_70ds_leaky_T4_taper_D_perterritory,T4_taper,D_perterritory,ok,5.0,0.0,True,34.6829710750614,0.9002234109657452,1.2209102761293629,False,6.0,0.6298049339906757,-0.07616307471193562,0.0,3.0210218734184076e-14,1.308757708239801,1.280777196636927,True,8.180008685294045e-12
3,left,LAD,prox,20.0,70,discrete,"[0.7, 0.75)",0.6862574337237526,1,3_left_LAD_prox_20mm_70ds_discrete_T1_missed_branch_D_perterritory,T1_missed_branch,D_perterritory,skipped: no deletable downstream branch,,,,,,,,,,,,,,,,
3,left,LAD,prox,20.0,70,discrete,"[0.7, 0.75)",0.6862574337237526,1,3_left_LAD_prox_20mm_70ds_discrete_T2_truncation_D_perterritory,T2_truncation,D_perterritory,ok,4.0,0.0,True,164.05605478123354,0.9703297012603447,1.0035182523311668,False,8.0,0.6868194248367541,0.000561991113001481,0.0,7.095474428079973e-14,1.2184067425532636,1.2184067425512717,True,6.446389770622067e-12
3,left,LAD,prox,20.0,70,discrete,"[0.7, 0.75)",0.6862574337237526,1,3_left_LAD_prox_20mm_70ds_discrete_T3_stenosis_length_D_perterritory,T3_stenosis_length,D_perterritory,ok,4.0,0.0,True,169.07248594796636,0.9999999999157472,1.0431672640597045,False,33.0,0.661954668276728,-0.024302765447024588,0.0,3.8521034147523134e-11,1.2184067425174088,1.2184067425512717,True,8.914166006441877e-12
3,left,LAD,prox,20.0,70,discrete,"[0.7, 0.75)",0.6862574337237526,1,3_left_LAD_prox_20mm_70ds_discrete_T4_taper_D_perterritory,T4_taper,D_perterritory,ok,4.0,0.0,True,151.70931203074426,0.8973033736395933,1.3592843177874199,False,9.0,0.5838346592733946,-0.10242277445035797,0.0,1.2200826807055523e-13,1.2184067425552556,1.2184067425512717,True,4.77252872936811e-12
102,left,LAD,prox,10.0,80,leaky,"[0.7, 0.75)",0.7068839111769367,1,102_left_LAD_prox_10mm_80ds_leaky_T1_missed_branch_D_perterritory,T1_missed_branch,D_perterritory,ok,7.0,0.0,True,54.18588335120805,0.9923046122273113,1.0141306203800957,False,9.0,0.7094141534216316,0.0025302422446948913,0.0,5.09057895437926e-14,3.7007371630591934,3.7007371630591934,True,8.139509601205262e-12
102,left,LAD,prox,10.0,80,leaky,"[0.7, 0.75)",0.7068839111769367,1,102_left_LAD_prox_10mm_80ds_leaky_T2_truncation_D_perterritory,T2_truncation,D_perterritory,ok,7.0,0.0,True,56.17590670538912,0.9363667878537956,1.0287478559407262,False,9.0,0.6963799008378136,-0.010504010339123071,0.0,5.313360441451051e-14,3.7007371630591934,3.7007371630591934,True,8.138365190092107e-12
102,left,LAD,prox,10.0,80,leaky,"[0.7, 0.75)",0.7068839111769367,1,102_left_LAD_prox_10mm_80ds_leaky_T3_stenosis_length_D_perterritory,T3_stenosis_length,D_perterritory,ok,7.0,0.0,True,54.60609845356183,0.9999999999328286,1.0227462623795407,False,35.0,0.6890595533869984,-0.017824357789938294,0.0,6.301642274558544e-11,3.700737163089215,3.7007371630591934,True,4.824837253023311e-13
102,left,LAD,prox,10.0,80,leaky,"[0.7, 0.75)",0.7068839111769367,1,102_left_LAD_prox_10mm_80ds_leaky_T4_taper_D_perterritory,T4_taper,D_perterritory,ok,7.0,0.0,True,54.25458858990229,0.985839104647517,0.9935628094001557,False,6.0,0.7044313880747315,-0.0024525231022052285,0.0,5.1519176161253615e-14,3.7007371630591934,3.7007371630591934,True,8.138937395648685e-12
102,left,LAD,prox,10.0,80,discrete,"[0.7, 0.75)",0.5899903197695724,1,102_left_LAD_prox_10mm_80ds_discrete_T1_missed_branch_D_perterritory,T1_missed_branch,D_perterritory,ok,5.0,0.0,True,43.78258358737457,0.8500135373433352,1.8415622778516973,False,6.0,0.587624710295871,-0.0023656094737013467,0.0,1.1202502892893197e-13,3.1952057522630324,3.1952057522630324,True,5.244638726820735e-12
102,left,LAD,prox,10.0,80,discrete,"[0.7, 0.75)",0.5899903197695724,1,102_left_LAD_prox_10mm_80ds_discrete_T2_truncation_D_perterritory,T2_truncation,D_perterritory,ok,5.0,0.0,True,73.54564392187761,0.5747700080049779,1.4278461393554271,False,7.0,0.5886702901096174,-0.0013200296599550354,0.0,9.143348371803875e-14,3.1952057522630324,3.1952057522630324,True,5.216671208337132e-12
102,left,LAD,prox,10.0,80,discrete,"[0.7, 0.75)",0.5899903197695724,1,102_left_LAD_prox_10mm_80ds_discrete_T3_stenosis_length_D_perterritory,T3_stenosis_length,D_perterritory,ok,5.0,0.0,True,51.508101534724524,0.9999999999478584,1.0610410096126428,False,36.0,0.5651624956367036,-0.02482782413286877,0.0,4.157105824753044e-11,3.1952057522887656,3.1952057522630324,True,2.390096176740544e-12
102,left,LAD,prox,10.0,80,discrete,"[0.7, 0.75)",0.5899903197695724,1,102_left_LAD_prox_10mm_80ds_discrete_T4_taper_D_perterritory,T4_taper,D_perterritory,ok,5.0,0.0,True,47.97147556144118,0.9313384522452441,1.7328618386237482,False,7.0,0.4728914388893155,-0.11709888088025688,0.0,6.060197521626444e-14,3.1952057522630324,3.1952057522630324,True,5.3147563442511874e-12
509,left,LAD,mid,20.0,70,leaky,"[0.7, 0.75)",0.7229653353462286,1,509_left_LAD_mid_20mm_70ds_leaky_T1_missed_branch_D_perterritory,T1_missed_branch,D_perterritory,ok,6.0,0.0,True,29.986023320954875,0.96443324612652,1.1080671717191197,False,7.0,0.7568438841625902,0.03387854881636154,0.0,3.952624614533605e-14,5.817907771763031,5.753301099267881,True,2.0152948314838013e-11
509,left,LAD,mid,20.0,70,leaky,"[0.7, 0.75)",0.7229653353462286,1,509_left_LAD_mid_20mm_70ds_leaky_T2_truncation_D_perterritory,T2_truncation,D_perterritory,ok,6.0,0.0,True,30.628427647112307,0.9850772546091209,1.0397967269051795,False,7.0,0.7361532060800892,0.013187870733860518,0.0,7.067128476986516e-14,5.779839845367539,5.753301099267881,True,1.5412616516378586e-11
509,left,LAD,mid,20.0,70,leaky,"[0.7, 0.75)",0.7229653353462286,1,509_left_LAD_mid_20mm_70ds_leaky_T3_stenosis_length_D_perterritory,T3_stenosis_length,D_perterritory,ok,6.0,0.0,True,31.0927965778101,0.9999999999215008,1.0112128442967925,False,33.0,0.7108459800810367,-0.012119355265191922,0.0,5.397545084624013e-11,5.753301099249566,5.753301099267881,True,7.777926069136465e-13
509,left,LAD,mid,20.0,70,leaky,"[0.7, 0.75)",0.7229653353462286,1,509_left_LAD_mid_20mm_70ds_leaky_T4_taper_D_perterritory,T4_taper,D_perterritory,ok,6.0,0.0,True,30.524743143548385,0.9817452973201605,1.077945888501899,False,6.0,0.7003888132038957,-0.022576522142332967,0.0,2.2325954938463817e-14,5.785875649350688,5.753301099267881,True,1.0112789398956218e-11
593,left,LAD,prox,10.0,70,leaky,"[0.7, 0.75)",0.7027019120639673,1,593_left_LAD_prox_10mm_70ds_leaky_T1_missed_branch_D_perterritory,T1_missed_branch,D_perterritory,ok,6.0,0.0,True,29.103102653088424,0.9549882568143316,1.165641979524258,False,8.0,0.7024964944502476,-0.0002054176137196162,0.0,4.564244436484467e-14,1.6291881820855054,1.6291881820814462,True,1.5527143670639531e-12
593,left,LAD,prox,10.0,70,leaky,"[0.7, 0.75)",0.7027019120639673,1,593_left_LAD_prox_10mm_70ds_leaky_T2_truncation_D_perterritory,T2_truncation,D_perterritory,ok,6.0,0.0,True,33.41585156575936,0.789056923816116,1.0965066583160388,False,9.0,0.7027086007293948,6.688665427523333e-06,0.0,7.414622792017093e-14,1.6291881820814462,1.6291881820814462,True,4.104697782688918e-12
593,left,LAD,prox,10.0,70,leaky,"[0.7, 0.75)",0.7027019120639673,1,593_left_LAD_prox_10mm_70ds_leaky_T3_stenosis_length_D_perterritory,T3_stenosis_length,D_perterritory,ok,6.0,0.0,True,30.474827774501705,0.99999999989957,1.0410015053385597,False,29.0,0.6778401865732824,-0.024861725490684883,0.0,4.9725940834788213e-11,1.6291881820408536,1.6291881820814462,True,2.2733110899625683e-13
593,left,LAD,prox,10.0,70,leaky,"[0.7, 0.75)",0.7027019120639673,1,593_left_LAD_prox_10mm_70ds_leaky_T4_taper_D_perterritory,T4_taper,D_perterritory,ok,6.0,0.0,True,30.04426410237925,0.6911541326692622,1.4289361902913769,False,9.0,0.6183163373111118,-0.08438557475285546,0.0,1.5529344579510812e-13,1.6291881820855054,1.6291881820814462,True,1.6529272229995222e-12
593,left,LAD,prox,10.0,70,discrete,"[0.7, 0.75)",0.5995222954940786,1,593_left_LAD_prox_10mm_70ds_discrete_T1_missed_branch_D_perterritory,T1_missed_branch,D_perterritory,ok,4.0,0.0,True,81.5126248886438,0.8267993554349786,1.5198245886939725,False,8.0,0.598447438945681,-0.0010748565483976735,0.0,2.557492932394645e-14,1.3500081640585944,1.3500081640585944,True,9.714154295510994e-13
593,left,LAD,prox,10.0,70,discrete,"[0.7, 0.75)",0.5995222954940786,1,593_left_LAD_prox_10mm_70ds_discrete_T2_truncation_D_perterritory,T2_truncation,D_perterritory,ok,4.0,0.0,True,110.90771993761827,0.8487628271661574,1.124959863364565,False,7.0,0.5992622895095147,-0.0002600059845639935,0.0,7.368887250436471e-14,1.3500081640585944,1.3500081640585944,True,9.050649166009759e-13
593,left,LAD,prox,10.0,70,discrete,"[0.7, 0.75)",0.5995222954940786,1,593_left_LAD_prox_10mm_70ds_discrete_T3_stenosis_length_D_perterritory,T3_stenosis_length,D_perterritory,ok,4.0,0.0,True,98.5881572751831,1.000000000013326,1.0645416738619549,False,25.0,0.5690703823881506,-0.030451913105928097,0.0,3.6026149069537394e-11,1.3500081640910684,1.3500081640585944,True,1.3161871256527051e-12
593,left,LAD,prox,10.0,70,discrete,"[0.7, 0.75)",0.5995222954940786,1,593_left_LAD_prox_10mm_70ds_discrete_T4_taper_D_perterritory,T4_taper,D_perterritory,ok,4.0,0.0,True,87.54206381072312,0.8879571971953227,1.4664798149562197,False,9.0,0.47963669419848753,-0.11988560129559112,0.0,2.2166331721122874e-13,1.3500081640585944,1.3500081640585944,True,7.993432954936868e-13
757,left,LAD,mid,20.0,75,leaky,"[0.7, 0.75)",0.7083176253488,1,757_left_LAD_mid_20mm_75ds_leaky_T1_missed_branch_D_perterritory,T1_missed_branch,D_perterritory,skipped: no deletable downstream branch,,,,,,,,,,,,,,,,
757,left,LAD,mid,20.0,75,leaky,"[0.7, 0.75)",0.7083176253488,1,757_left_LAD_mid_20mm_75ds_leaky_T2_truncation_D_perterritory,T2_truncation,D_perterritory,ok,6.0,0.0,True,35.732291872898074,0.9824913579034532,1.0357511843392389,False,7.0,0.684728096382994,-0.023589528965806017,0.0,2.956822744084731e-14,2.8293790719225305,2.829379071930172,True,4.395658711112224e-12
757,left,LAD,mid,20.0,75,leaky,"[0.7, 0.75)",0.7083176253488,1,757_left_LAD_mid_20mm_75ds_leaky_T3_stenosis_length_D_perterritory,T3_stenosis_length,D_perterritory,ok,6.0,0.0,True,34.49891481002122,0.9999999999407077,1.008343167874632,False,33.0,0.6938596731851382,-0.014457952163661858,0.0,7.660365857796572e-11,2.8293790719416343,2.829379071930172,True,6.265826930665237e-13
757,left,LAD,mid,20.0,75,leaky,"[0.7, 0.75)",0.7083176253488,1,757_left_LAD_mid_20mm_75ds_leaky_T4_taper_D_perterritory,T4_taper,D_perterritory,ok,6.0,0.0,True,34.419927751984254,0.9701984440973462,0.9977104480396792,False,5.0,0.7067337779003103,-0.001583847448489717,0.0,8.974904276328724e-14,2.829379071914889,2.829379071930172,True,1.660758475785665e-12
757,left,LAD,mid,20.0,75,discrete,"[0.7, 0.75)",0.6145358324898776,1,757_left_LAD_mid_20mm_75ds_discrete_T1_missed_branch_D_perterritory,T1_missed_branch,D_perterritory,skipped: no deletable downstream branch,,,,,,,,,,,,,,,,
757,left,LAD,mid,20.0,75,discrete,"[0.7, 0.75)",0.6145358324898776,1,757_left_LAD_mid_20mm_75ds_discrete_T2_truncation_D_perterritory,T2_truncation,D_perterritory,ok,4.0,0.0,True,79.02224616627723,0.7182062092459061,1.2291047260576087,False,6.0,0.6055139135549643,-0.009021918934913331,0.0,5.6492969068120534e-14,2.5993629774366567,2.5993629774366567,True,1.0860808921481286e-11
757,left,LAD,mid,20.0,75,discrete,"[0.7, 0.75)",0.6145358324898776,1,757_left_LAD_mid_20mm_75ds_discrete_T3_stenosis_length_D_perterritory,T3_stenosis_length,D_perterritory,ok,4.0,0.0,True,64.29252486868529,0.9999999999519514,1.0303027399288578,False,27.0,0.5950363528881554,-0.01949947960172227,0.0,2.7377311719614694e-11,2.5993629774290152,2.5993629774366567,True,1.295170078742448e-11
757,left,LAD,mid,20.0,75,discrete,"[0.7, 0.75)",0.6145358324898776,1,757_left_LAD_mid_20mm_75ds_discrete_T4_taper_D_perterritory,T4_taper,D_perterritory,ok,4.0,0.0,True,60.15348536263136,0.9356217614019039,1.7383339720420734,False,6.0,0.45209641621813446,-0.1624394162717432,0.0,2.0183577262767593e-13,2.5993629774366567,2.5993629774366567,True,1.0779669347786846e-11
832,left,LAD,mid,10.0,75,leaky,"[0.7, 0.75)",0.74527128566722,1,832_left_LAD_mid_10mm_75ds_leaky_T1_missed_branch_D_perterritory,T1_missed_branch,D_perterritory,ok,6.0,0.0,True,37.372118011626995,0.9462242483115807,1.2588553303392922,False,6.0,0.7501885030688731,0.004917217401653073,0.0,5.3094559242464664e-14,2.110326917688574,2.100294463017338,True,1.5606271606114204e-11
832,left,LAD,mid,10.0,75,leaky,"[0.7, 0.75)",0.74527128566722,1,832_left_LAD_mid_10mm_75ds_leaky_T2_truncation_D_perterritory,T2_truncation,D_perterritory,ok,6.0,0.0,True,41.228562903680256,0.8637164408821516,1.043855996515082,False,5.0,0.7426942596496683,-0.00257702601755172,0.0,6.700924661441485e-14,2.092877918063165,2.100294463017338,True,4.104889058926683e-12
832,left,LAD,mid,10.0,75,leaky,"[0.7, 0.75)",0.74527128566722,1,832_left_LAD_mid_10mm_75ds_leaky_T3_stenosis_length_D_perterritory,T3_stenosis_length,D_perterritory,ok,6.0,0.0,True,39.49625515702235,0.9999999999715473,1.0395610953837924,False,30.0,0.7182218257817873,-0.027049459885432725,0.0,9.27744731354537e-11,2.100294463131194,2.100294463017338,True,7.425017713301853e-12
832,left,LAD,mid,10.0,75,leaky,"[0.7, 0.75)",0.74527128566722,1,832_left_LAD_mid_10mm_75ds_leaky_T4_taper_D_perterritory,T4_taper,D_perterritory,ok,6.0,0.0,True,39.433686212213566,0.9833854154733719,0.9984395190094911,False,8.0,0.7444753421706601,-0.00079594349655987,0.0,2.1857489548923618e-14,2.100574532103023,2.100294463017338,True,1.2019335983061736e-11
832,left,LAD,mid,10.0,75,discrete,"[0.7, 0.75)",0.6218010941116071,1,832_left_LAD_mid_10mm_75ds_discrete_T1_missed_branch_D_perterritory,T1_missed_branch,D_perterritory,ok,4.0,0.0,True,64.52885187969991,0.8266726967555372,1.9226783231620548,False,8.0,0.6185940340315506,-0.0032070600800565563,0.0,5.572596798384123e-13,1.899916164315431,1.899916164315431,True,1.1163606666364015e-11
832,left,LAD,mid,10.0,75,discrete,"[0.7, 0.75)",0.6218010941116071,1,832_left_LAD_mid_10mm_75ds_discrete_T2_truncation_D_perterritory,T2_truncation,D_perterritory,ok,4.0,0.0,True,84.72154823678956,0.8438355704259599,1.0853593193441582,False,7.0,0.6211290177682832,-0.0006720763433238908,0.0,1.395865037300939e-13,1.899916164315431,1.899916164315431,True,1.1004000784371689e-11
832,left,LAD,mid,10.0,75,discrete,"[0.7, 0.75)",0.6218010941116071,1,832_left_LAD_mid_10mm_75ds_discrete_T3_stenosis_length_D_perterritory,T3_stenosis_length,D_perterritory,ok,4.0,0.0,True,78.05852562079134,0.9999999999675712,1.0741425395507478,False,37.0,0.5859859359229587,-0.035815158188648444,0.0,8.892259689204485e-11,1.899916164369363,1.899916164315431,True,6.120974739529115e-12
832,left,LAD,mid,10.0,75,discrete,"[0.7, 0.75)",0.6218010941116071,1,832_left_LAD_mid_10mm_75ds_discrete_T4_taper_D_perterritory,T4_taper,D_perterritory,ok,4.0,0.0,True,73.2504978352303,0.9384048347400386,1.4245605418712033,False,7.0,0.5334311470928721,-0.08836994701873502,0.0,1.012929638835943e-13,1.899916164315431,1.899916164315431,True,1.090034612637388e-11
928,left,LAD,prox,20.0,70,leaky,"[0.7, 0.75)",0.7335815807118081,1,928_left_LAD_prox_20mm_70ds_leaky_T1_missed_branch_D_perterritory,T1_missed_branch,D_perterritory,ok,6.0,0.0,True,36.036395000024,0.9426695547952595,1.0375952666204764,False,6.0,0.7760254605416357,0.04244387982982756,0.0,4.2590902210745396e-14,2.9186814421197456,2.885931556474577,True,1.1573607674007888e-11
928,left,LAD,prox,20.0,70,leaky,"[0.7, 0.75)",0.7335815807118081,1,928_left_LAD_prox_20mm_70ds_leaky_T2_truncation_D_perterritory,T2_truncation,D_perterritory,ok,6.0,0.0,True,37.818055858353084,0.989242613735524,1.0054989143113704,False,5.0,0.7410972305307466,0.007515649818938486,0.0,2.6077989829258062e-14,2.8917872932349935,2.885931556474577,True,1.4708028144550506e-11
928,left,LAD,prox,20.0,70,leaky,"[0.7, 0.75)",0.7335815807118081,1,928_left_LAD_prox_20mm_70ds_leaky_T3_stenosis_length_D_perterritory,T3_stenosis_length,D_perterritory,ok,6.0,0.0,True,38.229581628291314,0.999999999954421,1.0089476359747889,False,34.0,0.7202178431317157,-0.01336373758009246,0.0,5.1545248442475966e-11,2.8859315564805437,2.885931556474577,True,5.030074471948782e-12
928,left,LAD,prox,20.0,70,leaky,"[0.7, 0.75)",0.7335815807118081,1,928_left_LAD_prox_20mm_70ds_leaky_T4_taper_D_perterritory,T4_taper,D_perterritory,ok,6.0,0.0,True,37.38964806904548,0.9780439272972896,1.0066122077505302,False,5.0,0.7364619876561325,0.002880406944324343,0.0,3.457859859685719e-14,2.8980201388061544,2.885931556474577,True,8.699125748489503e-12
928,left,LAD,prox,20.0,70,discrete,"[0.7, 0.75)",0.6454574209165405,1,928_left_LAD_prox_20mm_70ds_discrete_T1_missed_branch_D_perterritory,T1_missed_branch,D_perterritory,ok,4.0,0.0,True,46.339739968915865,0.8208604291937802,2.0140000171357446,False,7.0,0.6403065598973314,-0.00515086101920903,0.0,7.287530209792524e-14,2.577617403824605,2.577617403824605,True,5.550072303757987e-12
928,left,LAD,prox,20.0,70,discrete,"[0.7, 0.75)",0.6454574209165405,1,928_left_LAD_prox_20mm_70ds_discrete_T2_truncation_D_perterritory,T2_truncation,D_perterritory,ok,4.0,0.0,True,79.41577937773182,0.6165827041105854,1.4067681602981839,False,6.0,0.642640572735608,-0.0028168481809324186,0.0,1.0015680087312332e-13,2.577617403824605,2.577617403824605,True,5.617766130962708e-12
928,left,LAD,prox,20.0,70,discrete,"[0.7, 0.75)",0.6454574209165405,1,928_left_LAD_prox_20mm_70ds_discrete_T3_stenosis_length_D_perterritory,T3_stenosis_length,D_perterritory,ok,4.0,0.0,True,56.45264203371106,0.9999999998146105,1.0413739693312924,False,37.0,0.6244250130450184,-0.021032407871522052,0.0,8.382368658813728e-11,2.577617403747036,2.577617403824605,True,5.769748631535289e-12
928,left,LAD,prox,20.0,70,discrete,"[0.7, 0.75)",0.6454574209165405,1,928_left_LAD_prox_20mm_70ds_discrete_T4_taper_D_perterritory,T4_taper,D_perterritory,ok,4.0,0.0,True,52.647546380608,0.9325966772143323,1.3927576243575164,False,5.0,0.5660187066460133,-0.07943871427052718,0.0,1.8882163784599748e-13,2.577617403824605,2.577617403824605,True,5.438016016977355e-12
984,left,LAD,prox,20.0,70,leaky,"[0.7, 0.75)",0.7171943250496631,1,984_left_LAD_prox_20mm_70ds_leaky_T1_missed_branch_D_perterritory,T1_missed_branch,D_perterritory,ok,7.0,1.0,True,29.161831649245098,0.8196725909545994,0.9732028849786072,False,5.0,0.7813845420431151,0.06419021699345206,0.0,0.3779644730092272,5.660450493135598,5.8443948522862845,True,2.534910983478876e-13
984,left,LAD,prox,20.0,70,leaky,"[0.7, 0.75)",0.7171943250496631,1,984_left_LAD_prox_20mm_70ds_leaky_T2_truncation_D_perterritory,T2_truncation,D_perterritory,ok,7.0,0.0,True,29.45230137061283,0.9830371628553609,1.1748899350291058,False,6.0,0.7171873230205269,-7.00202913617165e-06,0.0,5.83378674023975e-14,5.87770865404486,5.8443948522862845,True,1.124773707313693e-12
984,left,LAD,prox,20.0,70,leaky,"[0.7, 0.75)",0.7171943250496631,1,984_left_LAD_prox_20mm_70ds_leaky_T3_stenosis_length_D_perterritory,T3_stenosis_length,D_perterritory,ok,7.0,0.0,True,29.960747272494842,1.0000000000119564,1.019824115863785,False,31.0,0.7046365606866656,-0.012557764362997492,0.0,2.2405926132810585e-11,5.844394852388237,5.8443948522862845,True,5.178378252973267e-12
984,left,LAD,prox,20.0,70,leaky,"[0.7, 0.75)",0.7171943250496631,1,984_left_LAD_prox_20mm_70ds_leaky_T4_taper_D_perterritory,T4_taper,D_perterritory,ok,7.0,0.0,True,30.032863998694026,0.82226154790303,1.3437014115782187,False,9.0,0.6754773747609313,-0.04171695028873179,0.0,2.81383000651799e-13,5.839761021884463,5.8443948522862845,True,7.371083711337515e-12
984,left,LAD,prox,20.0,70,discrete,"[0.7, 0.75)",0.5148407603548314,1,984_left_LAD_prox_20mm_70ds_discrete_T1_missed_branch_D_perterritory,T1_missed_branch,D_perterritory,ok,5.0,1.0,True,31.54747513552862,0.5644555664511082,0.8550083183840788,False,11.0,0.7052386001415776,0.19039783978674618,0.0,0.4472135954999579,4.090063478629603,4.4379801736024005,True,3.202936001038376e-12
984,left,LAD,prox,20.0,70,discrete,"[0.7, 0.75)",0.5148407603548314,1,984_left_LAD_prox_20mm_70ds_discrete_T2_truncation_D_perterritory,T2_truncation,D_perterritory,ok,5.0,0.0,True,50.73068274832533,0.5934456868306152,1.3752721577610156,False,5.0,0.5148407603550438,2.1238566461079245e-13,0.0,6.509665343431012e-14,4.4379801736024005,4.4379801736024005,True,3.948893639257965e-12
984,left,LAD,prox,20.0,70,discrete,"[0.7, 0.75)",0.5148407603548314,1,984_left_LAD_prox_20mm_70ds_discrete_T3_stenosis_length_D_perterritory,T3_stenosis_length,D_perterritory,ok,5.0,0.0,True,36.88774070086757,0.9999999620983235,1.0545108050534244,False,16.0,0.495687211418297,-0.01915354893653437,0.0,1.1766201002801992e-08,4.437980131150809,4.4379801736024005,True,3.2293514265523303e-13
984,left,LAD,prox,20.0,70,discrete,"[0.7, 0.75)",0.5148407603548314,1,984_left_LAD_prox_20mm_70ds_discrete_T4_taper_D_perterritory,T4_taper,D_perterritory,ok,5.0,0.0,True,33.35441066970346,0.9042139755910468,1.6007285380887597,False,7.0,0.421249407191952,-0.09359135316287942,0.0,1.5962204294843795e-13,4.4379801736024005,4.4379801736024005,True,3.878084574967741e-12
466,left,LCX,prox,10.0,80,leaky,"[0.7, 0.75)",0.726858255744957,1,466_left_LCX_prox_10mm_80ds_leaky_T1_missed_branch_D_perterritory,T1_missed_branch,D_perterritory,skipped: no deletable downstream branch,,,,,,,,,,,,,,,,
466,left,LCX,prox,10.0,80,leaky,"[0.7, 0.75)",0.726858255744957,1,466_left_LCX_prox_10mm_80ds_leaky_T2_truncation_D_perterritory,T2_truncation,D_perterritory,ok,6.0,0.0,True,44.27634180875487,0.9839497858029596,1.0046429405977768,False,7.0,0.7137758997246626,-0.013082356020294394,0.0,7.48460833080741e-14,1.1733085905274718,1.1733085905274718,True,9.428253044808974e-12
466,left,LCX,prox,10.0,80,leaky,"[0.7, 0.75)",0.726858255744957,1,466_left_LCX_prox_10mm_80ds_leaky_T3_stenosis_length_D_perterritory,T3_stenosis_length,D_perterritory,ok,6.0,0.0,True,44.07171943338376,0.9999999999473965,1.0607247551692072,False,30.0,0.6893219530734158,-0.03753630267154118,0.0,3.759410018892749e-11,1.1733085905010638,1.1733085905274718,True,5.728782698220946e-12
466,left,LCX,prox,10.0,80,leaky,"[0.7, 0.75)",0.726858255744957,1,466_left_LCX_prox_10mm_80ds_leaky_T4_taper_D_perterritory,T4_taper,D_perterritory,ok,6.0,0.0,True,46.48016174185023,0.7576995532571441,1.054648249249883,False,7.0,0.7772948689175926,0.05043661317263559,0.0,5.83172130643149e-14,1.1733085905274718,1.1733085905274718,True,9.375913967799123e-12
466,left,LCX,prox,10.0,80,discrete,"[0.7, 0.75)",0.46044272967016275,1,466_left_LCX_prox_10mm_80ds_discrete_T1_missed_branch_D_perterritory,T1_missed_branch,D_perterritory,skipped: no deletable downstream branch,,,,,,,,,,,,,,,,
466,left,LCX,prox,10.0,80,discrete,"[0.7, 0.75)",0.46044272967016275,1,466_left_LCX_prox_10mm_80ds_discrete_T2_truncation_D_perterritory,T2_truncation,D_perterritory,ok,4.0,0.0,True,166.87202095630076,1.0084056429200954,1.030033433372105,False,6.0,0.4249858167664787,-0.03545691290368408,0.0,8.48995585259838e-14,0.8349125071784886,0.8349125071784886,True,1.4755262327566622e-11
466,left,LCX,prox,10.0,80,discrete,"[0.7, 0.75)",0.46044272967016275,1,466_left_LCX_prox_10mm_80ds_discrete_T3_stenosis_length_D_perterritory,T3_stenosis_length,D_perterritory,ok,4.0,0.0,True,165.48104637046924,0.9999999999508878,1.18880159747062,False,36.0,0.4009129911608033,-0.05952973850935944,0.0,2.538861027038528e-11,0.8349125071740874,0.8349125071784886,True,1.5884673398179767e-11
466,left,LCX,prox,10.0,80,discrete,"[0.7, 0.75)",0.46044272967016275,1,466_left_LCX_prox_10mm_80ds_discrete_T4_taper_D_perterritory,T4_taper,D_perterritory,ok,4.0,0.0,True,155.3991298139088,0.9390750978575033,0.9720583291575415,False,9.0,0.5023121003612929,0.04186937069113017,0.0,8.116879149559476e-14,0.8349125071784886,0.8349125071784886,True,1.475488188368479e-11
618,left,LCX,prox,10.0,75,leaky,"[0.7, 0.75)",0.7036854684481214,1,618_left_LCX_prox_10mm_75ds_leaky_T1_missed_branch_D_perterritory,T1_missed_branch,D_perterritory,ok,6.0,1.0,True,56.56343944158591,0.7273637657080431,0.8560678112122352,False,5.0,0.8172311805878189,0.11354571213969744,1.0,0.408248290463863,1.1690657484716773,1.3253160499602386,True,2.7258943391109846e-11
618,left,LCX,prox,10.0,75,leaky,"[0.7, 0.75)",0.7036854684481214,1,618_left_LCX_prox_10mm_75ds_leaky_T2_truncation_D_perterritory,T2_truncation,D_perterritory,ok,6.0,0.0,True,58.19850440801868,0.880965775231384,1.3878117598254616,False,9.0,0.7037222599828705,3.679153474911434e-05,0.0,1.064438230833579e-13,1.3253160499713128,1.3253160499602386,True,7.410250186853592e-12
618,left,LCX,prox,10.0,75,leaky,"[0.7, 0.75)",0.7036854684481214,1,618_left_LCX_prox_10mm_75ds_leaky_T3_stenosis_length_D_perterritory,T3_stenosis_length,D_perterritory,ok,6.0,0.0,True,66.06216273581578,0.9999999999673215,1.037587146972628,False,29.0,0.6804835304181349,-0.02320193802998649,0.0,2.864421671981128e-11,1.325316049989031,1.3253160499602386,True,8.817108026557308e-12
618,left,LCX,prox,10.0,75,leaky,"[0.7, 0.75)",0.7036854684481214,1,618_left_LCX_prox_10mm_75ds_leaky_T4_taper_D_perterritory,T4_taper,D_perterritory,ok,6.0,0.0,True,63.56340575714869,0.6812272733246773,1.258185863560399,False,7.0,0.6747011731666827,-0.028984295281438754,0.0,4.545462340404374e-14,1.3253160499978902,1.3253160499602386,True,1.2750717698034231e-11
618,left,LCX,prox,10.0,75,discrete,"[0.7, 0.75)",0.6781264301166304,1,618_left_LCX_prox_10mm_75ds_discrete_T1_missed_branch_D_perterritory,T1_missed_branch,D_perterritory,ok,4.0,1.0,True,117.57301011849631,0.720857542563699,0.8562201997933292,False,13.0,0.7895111697261912,0.11138473960956075,0.0,0.5,1.1141596347116292,1.2538703457073859,True,1.0403936314005212e-11
618,left,LCX,prox,10.0,75,discrete,"[0.7, 0.75)",0.6781264301166304,1,618_left_LCX_prox_10mm_75ds_discrete_T2_truncation_D_perterritory,T2_truncation,D_perterritory,ok,4.0,0.0,True,172.7609322148624,0.7961356042098712,1.2583250984510874,False,12.0,0.678126430118048,1.4175327578413999e-12,0.0,1.1646254043555524e-13,1.2538703457118157,1.2538703457073859,True,2.402876983005082e-12
618,left,LCX,prox,10.0,75,discrete,"[0.7, 0.75)",0.6781264301166304,1,618_left_LCX_prox_10mm_75ds_discrete_T3_stenosis_length_D_perterritory,T3_stenosis_length,D_perterritory,ok,4.0,0.0,True,137.2943545571121,0.9999999999717758,1.0453813364782032,False,28.0,0.6524925956178079,-0.025633834498822505,0.0,1.6085010406765182e-11,1.2538703457096008,1.2538703457073859,True,3.907968329128184e-13
618,left,LCX,prox,10.0,75,discrete,"[0.7, 0.75)",0.6781264301166304,1,618_left_LCX_prox_10mm_75ds_discrete_T4_taper_D_perterritory,T4_taper,D_perterritory,ok,4.0,0.0,True,122.04349293010026,0.8889185088767239,1.1733000097446837,False,7.0,0.6410685260550057,-0.03705790406162468,0.0,1.6753190721106864e-14,1.2538703457118157,1.2538703457073859,True,2.479381289534552e-12
621,left,LCX,prox,20.0,70,leaky,"[0.7, 0.75)",0.7299126812673163,1,621_left_LCX_prox_20mm_70ds_leaky_T1_missed_branch_D_perterritory,T1_missed_branch,D_perterritory,ok,6.0,0.0,True,51.35042205395367,0.9531372157773411,1.2510081095129033,False,6.0,0.7299459603153645,3.327904804817372e-05,0.0,6.816353840121792e-14,3.7814558322749456,3.7651471783118344,True,4.959506951023901e-12
621,left,LCX,prox,20.0,70,leaky,"[0.7, 0.75)",0.7299126812673163,1,621_left_LCX_prox_20mm_70ds_leaky_T2_truncation_D_perterritory,T2_truncation,D_perterritory,ok,6.0,0.0,True,50.22986361968195,0.9323411043908025,1.4133612050153705,False,8.0,0.730001372732938,8.869146562162644e-05,0.0,5.94588888841744e-14,3.7892182866946076,3.7651471783118344,True,6.03842251171541e-12
621,left,LCX,prox,20.0,70,leaky,"[0.7, 0.75)",0.7299126812673163,1,621_left_LCX_prox_20mm_70ds_leaky_T3_stenosis_length_D_perterritory,T3_stenosis_length,D_perterritory,ok,6.0,0.0,True,53.875532980865515,0.9999999999710373,1.0245151997253206,False,43.0,0.713925083418385,-0.015987597848931334,0.0,2.438258406388685e-11,3.76514717828262,3.7651471783118344,True,1.572348900660356e-11
621,left,LCX,prox,20.0,70,leaky,"[0.7, 0.75)",0.7299126812673163,1,621_left_LCX_prox_20mm_70ds_leaky_T4_taper_D_perterritory,T4_taper,D_perterritory,ok,6.0,0.0,True,52.44945435634089,0.8508239710635015,1.4013574273076457,False,8.0,0.6408966979262692,-0.0890159833410471,0.0,2.8924938367356644e-14,3.774164654052752,3.7651471783118344,True,3.585257288088184e-13
621,left,LCX,prox,20.0,70,discrete,"[0.7, 0.75)",0.5597428027660892,1,621_left_LCX_prox_20mm_70ds_discrete_T1_missed_branch_D_perterritory,T1_missed_branch,D_perterritory,ok,4.0,0.0,True,78.74513424006335,0.9118630081869855,1.2075256279439168,False,7.0,0.5598332295240713,9.042675798209832e-05,0.0,1.0842419319222675e-13,3.137425591764534,3.137425591764534,True,1.0663959007631578e-11
621,left,LCX,prox,20.0,70,discrete,"[0.7, 0.75)",0.5597428027660892,1,621_left_LCX_prox_20mm_70ds_discrete_T2_truncation_D_perterritory,T2_truncation,D_perterritory,ok,4.0,0.0,True,95.63430643638064,0.8463111049036096,1.107438411205183,False,9.0,0.5596735446136223,-6.925815246694444e-05,0.0,6.703848516976395e-14,3.1374255917528484,3.137425591764534,True,6.9699978405055724e-12
621,left,LCX,prox,20.0,70,discrete,"[0.7, 0.75)",0.5597428027660892,1,621_left_LCX_prox_20mm_70ds_discrete_T3_stenosis_length_D_perterritory,T3_stenosis_length,D_perterritory,ok,4.0,0.0,True,86.35632055809265,0.999999999952184,1.0497996533937761,False,34.0,0.5374772519111867,-0.02226555085490256,0.0,2.7076841378307806e-11,3.137425591787905,3.137425591764534,True,6.7803389535353166e-12
621,left,LCX,prox,20.0,70,discrete,"[0.7, 0.75)",0.5597428027660892,1,621_left_LCX_prox_20mm_70ds_discrete_T4_taper_D_perterritory,T4_taper,D_perterritory,ok,4.0,0.0,True,78.0985564239335,0.9043756834381607,1.6475255768624641,False,6.0,0.413347759267672,-0.14639504349841725,0.0,2.0702903410948588e-13,3.137425591764534,3.137425591764534,True,1.0852133020677798e-11
669,left,LCX,prox,20.0,65,leaky,"[0.7, 0.75)",0.7221598716743519,1,669_left_LCX_prox_20mm_65ds_leaky_T1_missed_branch_D_perterritory,T1_missed_branch,D_perterritory,ok,4.0,0.0,True,28.816825517362517,0.9236018203042118,1.3930734503034936,False,6.0,0.722114996545131,-4.4875129220911525e-05,0.0,1.0021137654345934e-13,2.8789415096951485,2.7677594367947185,True,4.397070018298486e-12
669,left,LCX,prox,20.0,65,leaky,"[0.7, 0.75)",0.7221598716743519,1,669_left_LCX_prox_20mm_65ds_leaky_T2_truncation_D_perterritory,T2_truncation,D_perterritory,ok,4.0,0.0,True,29.273810335475936,0.9382391452121316,1.2876646633475708,False,6.0,0.7221241603281242,-3.5711346227707e-05,0.0,8.916263701383786e-14,2.8562371753786366,2.7677594367947185,True,9.522398269579996e-13
669,left,LCX,prox,20.0,65,leaky,"[0.7, 0.75)",0.7221598716743519,1,669_left_LCX_prox_20mm_65ds_leaky_T3_stenosis_length_D_perterritory,T3_stenosis_length,D_perterritory,ok,4.0,0.0,True,31.202015999234273,0.999999999959945,1.0248893437042315,False,33.0,0.7062379892603307,-0.01592188241402126,0.0,1.949607308585508e-11,2.7677594367807217,2.7677594367947185,True,6.698813464805571e-12
669,left,LCX,prox,20.0,65,leaky,"[0.7, 0.75)",0.7221598716743519,1,669_left_LCX_prox_20mm_65ds_leaky_T4_taper_D_perterritory,T4_taper,D_perterritory,ok,4.0,0.0,True,29.315783836845785,0.9395835657567201,1.3143829588784597,False,8.0,0.6528624399577422,-0.06929743171660974,0.0,2.9452763800009925e-13,2.8541872923176865,2.7677594367947185,True,7.750406748020482e-12
669,left,LCX,prox,20.0,65,discrete,"[0.7, 0.75)",0.5196752845983726,1,669_left_LCX_prox_20mm_65ds_discrete_T1_missed_branch_D_perterritory,T1_missed_branch,D_perterritory,ok,4.0,0.0,True,47.8049035159946,0.8402484227232659,1.2620880009198472,False,5.0,0.5196752845981655,-2.071676163950542e-13,0.0,1.449742817718897e-13,2.054648919026911,2.054648919026911,True,6.380216730354935e-12
669,left,LCX,prox,20.0,65,discrete,"[0.7, 0.75)",0.5196752845983726,1,669_left_LCX_prox_20mm_65ds_discrete_T2_truncation_D_perterritory,T2_truncation,D_perterritory,ok,4.0,0.0,True,62.09818128583877,0.9054984304470654,1.0914758746897237,False,6.0,0.519675284596871,-1.5016876631079867e-12,0.0,6.647814959844477e-14,2.054648919026911,2.054648919026911,True,6.351152970493854e-12
669,left,LCX,prox,20.0,65,discrete,"[0.7, 0.75)",0.5196752845983726,1,669_left_LCX_prox_20mm_65ds_discrete_T3_stenosis_length_D_perterritory,T3_stenosis_length,D_perterritory,ok,4.0,0.0,True,56.893773583133814,0.9999999998985867,1.056799899446594,False,28.0,0.49654914722014204,-0.023126137378230605,0.0,4.4221801965823925e-11,2.054648918988419,2.054648919026911,True,9.33482619044994e-12
669,left,LCX,prox,20.0,65,discrete,"[0.7, 0.75)",0.5196752845983726,1,669_left_LCX_prox_20mm_65ds_discrete_T4_taper_D_perterritory,T4_taper,D_perterritory,ok,4.0,0.0,True,49.82489694106328,0.8757530710853202,1.526414686232473,False,7.0,0.4000586367568488,-0.11961664784152387,0.0,1.053286001523801e-13,2.0546489190304102,2.054648919026911,True,4.558063275226905e-12
738,left,LCX,prox,10.0,80,leaky,"[0.7, 0.75)",0.711864329184395,1,738_left_LCX_prox_10mm_80ds_leaky_T1_missed_branch_D_perterritory,T1_missed_branch,D_perterritory,ok,6.0,0.0,True,68.7729902078956,0.9509515275354646,1.4889349179261924,False,7.0,0.7127169981872942,0.0008526690028991535,0.0,1.6865014642248937e-13,2.42398408358759,2.4239840835827247,True,1.3047328321468431e-11
738,left,LCX,prox,10.0,80,leaky,"[0.7, 0.75)",0.711864329184395,1,738_left_LCX_prox_10mm_80ds_leaky_T2_truncation_D_perterritory,T2_truncation,D_perterritory,ok,6.0,0.0,True,68.03606577303664,0.9407617798614356,1.6609891897385107,False,11.0,0.7130490260991129,0.0011846969147178976,0.0,7.600505277886542e-14,2.4239840836216455,2.4239840835827247,True,9.999177779034063e-13
738,left,LCX,prox,10.0,80,leaky,"[0.7, 0.75)",0.711864329184395,1,738_left_LCX_prox_10mm_80ds_leaky_T3_stenosis_length_D_perterritory,T3_stenosis_length,D_perterritory,ok,6.0,0.0,True,72.32018480072432,0.9999999999586421,1.0566682998221668,False,30.0,0.6770710131135449,-0.03479331607085012,0.0,3.487588676379471e-11,2.4239840836021855,2.4239840835827247,True,1.8503458387547177e-11
738,left,LCX,prox,10.0,80,leaky,"[0.7, 0.75)",0.711864329184395,1,738_left_LCX_prox_10mm_80ds_leaky_T4_taper_D_perterritory,T4_taper,D_perterritory,ok,6.0,0.0,True,71.46207558296015,0.988134582065369,1.1232207228536384,False,9.0,0.6774362419948209,-0.03442808718957413,0.0,1.4059086533078518e-13,2.4239840835778597,2.4239840835827247,True,1.711968260560146e-11
738,left,LCX,prox,10.0,80,discrete,"[0.7, 0.75)",0.3788048491244712,1,738_left_LCX_prox_10mm_80ds_discrete_T1_missed_branch_D_perterritory,T1_missed_branch,D_perterritory,ok,4.0,0.0,True,44.213634175880635,0.653818412305914,2.4797829971622143,False,7.0,0.378804849122795,-1.6762147225790613e-12,0.0,2.0811322802433617e-14,1.7663577103197825,1.7663577103197825,True,3.2009059602649005e-13
738,left,LCX,prox,10.0,80,discrete,"[0.7, 0.75)",0.3788048491244712,1,738_left_LCX_prox_10mm_80ds_discrete_T2_truncation_D_perterritory,T2_truncation,D_perterritory,ok,4.0,0.0,True,53.377902998808835,0.7893369645224076,1.3430731487736582,False,6.0,0.37710965966084065,-0.0016951894636305642,0.0,1.0317260426859564e-13,1.7663577102905919,1.7663577103197825,True,1.679684393985642e-11
738,left,LCX,prox,10.0,80,discrete,"[0.7, 0.75)",0.3788048491244712,1,738_left_LCX_prox_10mm_80ds_discrete_T3_stenosis_length_D_perterritory,T3_stenosis_length,D_perterritory,ok,4.0,0.0,True,67.62372142434327,1.000000000000587,1.259201408582204,False,31.0,0.32237852331975675,-0.05642632580471446,0.0,7.347832481117666e-11,1.7663577103732986,1.7663577103197825,True,7.095101776802177e-12
738,left,LCX,prox,10.0,80,discrete,"[0.7, 0.75)",0.3788048491244712,1,738_left_LCX_prox_10mm_80ds_discrete_T4_taper_D_perterritory,T4_taper,D_perterritory,ok,4.0,0.0,True,60.62993785978052,0.8965779549356141,2.2986356488509783,False,6.0,0.25087966690217434,-0.12792518222229687,0.0,3.952876819439584e-13,1.7663577103197825,1.7663577103197825,True,4.941623358880869e-13
806,left,LCX,mid,20.0,70,leaky,"[0.7, 0.75)",0.7461372510130705,1,806_left_LCX_mid_20mm_70ds_leaky_T1_missed_branch_D_perterritory,T1_missed_branch,D_perterritory,ok,5.0,0.0,True,27.003481835895812,0.9892744284048847,1.0017502376907874,False,8.0,0.745821400203789,-0.0003158508092815371,0.0,6.760070742525761e-14,3.8965826801759533,3.8974680239943558,True,7.270220920768671e-12
806,left,LCX,mid,20.0,70,leaky,"[0.7, 0.75)",0.7461372510130705,1,806_left_LCX_mid_20mm_70ds_leaky_T2_truncation_D_perterritory,T2_truncation,D_perterritory,ok,5.0,0.0,True,26.978863783667627,0.9965157431383058,1.0008370151333656,False,10.0,0.7456580470075725,-0.0004792040054979463,0.0,1.352923041326204e-13,3.8970442401744934,3.8974680239943558,True,5.985892366040712e-13
806,left,LCX,mid,20.0,70,leaky,"[0.7, 0.75)",0.7461372510130705,1,806_left_LCX_mid_20mm_70ds_leaky_T3_stenosis_length_D_perterritory,T3_stenosis_length,D_perterritory,ok,5.0,0.0,True,26.956300080990722,0.9999999998844162,1.015827638623047,False,42.0,0.734307690665261,-0.011829560347809465,0.0,5.1416362250700584e-11,3.897468023911134,3.8974680239943558,True,4.0205870652607693e-14
806,left,LCX,mid,20.0,70,leaky,"[0.7, 0.75)",0.7461372510130705,1,806_left_LCX_mid_20mm_70ds_leaky_T4_taper_D_perterritory,T4_taper,D_perterritory,ok,5.0,0.0,True,26.173890818289436,0.9710057339869252,1.3465276806167996,False,7.0,0.6710179242009975,-0.075119326812073,0.0,4.0691580124172337e-14,4.071432569226877,3.8974680239943558,True,1.4060168429894352e-11
806,left,LCX,mid,20.0,70,discrete,"[0.7, 0.75)",0.6447626446231018,1,806_left_LCX_mid_20mm_70ds_discrete_T1_missed_branch_D_perterritory,T1_missed_branch,D_perterritory,ok,4.0,0.0,True,25.232208912576727,0.7238186191958573,2.3490432437596147,False,6.0,0.6264768970680418,-0.018285747555060072,0.0,6.294312045968451e-14,3.2135733963402937,3.213573396352183,True,8.42717251158958e-12
806,left,LCX,mid,20.0,70,discrete,"[0.7, 0.75)",0.6447626446231018,1,806_left_LCX_mid_20mm_70ds_discrete_T2_truncation_D_perterritory,T2_truncation,D_perterritory,ok,4.0,0.0,True,39.03865291448769,0.7833677181223905,1.1198743616041886,False,6.0,0.6410987722396447,-0.003663872383457112,0.0,1.203199554783164e-13,3.2135733963402937,3.213573396352183,True,8.524301658046503e-12
806,left,LCX,mid,20.0,70,discrete,"[0.7, 0.75)",0.6447626446231018,1,806_left_LCX_mid_20mm_70ds_discrete_T3_stenosis_length_D_perterritory,T3_stenosis_length,D_perterritory,ok,4.0,0.0,True,34.85985058053025,0.9999999999347199,1.0403108560677958,False,9.0,0.6289055603658955,-0.015857084257206333,0.0,3.078055664550269e-11,3.2135733962927384,3.213573396352183,True,9.667974294489686e-12
806,left,LCX,mid,20.0,70,discrete,"[0.7, 0.75)",0.6447626446231018,1,806_left_LCX_mid_20mm_70ds_discrete_T4_taper_D_perterritory,T4_taper,D_perterritory,ok,4.0,0.0,True,29.537294207228754,0.8473155712183638,1.6469515428783699,False,7.0,0.5393509822562825,-0.10541166236681931,0.0,2.971882794896526e-13,3.213573396352183,3.213573396352183,True,4.8729310586587e-12
812,left,LCX,mid,20.0,80,leaky,"[0.7, 0.75)",0.7024119659174024,1,812_left_LCX_mid_20mm_80ds_leaky_T1_missed_branch_D_perterritory,T1_missed_branch,D_perterritory,ok,5.0,0.0,True,77.32609446035869,0.9825129921318642,1.008143406938937,False,5.0,0.7470409514737917,0.04462898555638928,0.0,2.56053034678669e-15,2.9510082475027746,2.947092350622115,True,1.3972990736362835e-11
812,left,LCX,mid,20.0,80,leaky,"[0.7, 0.75)",0.7024119659174024,1,812_left_LCX_mid_20mm_80ds_leaky_T2_truncation_D_perterritory,T2_truncation,D_perterritory,ok,5.0,0.0,True,78.95025334704947,0.9988373274768444,1.0031455483214824,False,5.0,0.6947428107454157,-0.007669155171986741,0.0,1.3477661739236922e-14,2.9464024511850133,2.947092350622115,True,1.987021384035636e-11
812,left,LCX,mid,20.0,80,leaky,"[0.7, 0.75)",0.7024119659174024,1,812_left_LCX_mid_20mm_80ds_leaky_T3_stenosis_length_D_perterritory,T3_stenosis_length,D_perterritory,ok,5.0,0.0,True,78.7026412619371,0.9999999999295041,1.0047704447815877,False,39.0,0.6847838289714456,-0.017628136945956774,0.0,4.48067475102178e-11,2.9470923505945295,2.947092350622115,True,1.7651475511152045e-12
812,left,LCX,mid,20.0,80,leaky,"[0.7, 0.75)",0.7024119659174024,1,812_left_LCX_mid_20mm_80ds_leaky_T4_taper_D_perterritory,T4_taper,D_perterritory,ok,5.0,0.0,True,78.9353371683226,0.9868387520873879,1.0029560601512209,False,4.0,0.7004665994043818,-0.0019453665130205744,0.0,7.343814023014977e-14,2.946443888313729,2.947092350622115,True,1.449527647627219e-11
812,left,LCX,mid,20.0,80,discrete,"[0.7, 0.75)",0.3858568731400977,1,812_left_LCX_mid_20mm_80ds_discrete_T1_missed_branch_D_perterritory,T1_missed_branch,D_perterritory,ok,4.0,0.0,True,50.999754656927045,0.83867556242455,0.948535871870662,False,5.0,0.5368974048076841,0.1510405316675864,0.0,2.768540207473532e-14,2.3572489297024375,2.3572489297024375,True,4.45462815352178e-12
812,left,LCX,mid,20.0,80,discrete,"[0.7, 0.75)",0.3858568731400977,1,812_left_LCX_mid_20mm_80ds_discrete_T2_truncation_D_perterritory,T2_truncation,D_perterritory,ok,4.0,0.0,True,71.97207223291818,1.0995225553482408,1.1835589909176882,False,6.0,0.2929416901951191,-0.09291518294497858,0.0,2.4355457327143092e-14,2.3572489297024375,2.3572489297024375,True,4.44366855372486e-12
812,left,LCX,mid,20.0,80,discrete,"[0.7, 0.75)",0.3858568731400977,1,812_left_LCX_mid_20mm_80ds_discrete_T3_stenosis_length_D_perterritory,T3_stenosis_length,D_perterritory,ok,4.0,0.0,True,60.80987325956077,0.9999999999564013,1.021795067885076,False,30.0,0.3690534206620525,-0.01680345247804521,0.0,2.475358293935631e-11,2.357248929686346,2.3572489297024375,True,1.0928517653308018e-11
812,left,LCX,mid,20.0,80,discrete,"[0.7, 0.75)",0.3858568731400977,1,812_left_LCX_mid_20mm_80ds_discrete_T4_taper_D_perterritory,T4_taper,D_perterritory,ok,4.0,0.0,True,57.270320175289946,0.9417931185423001,1.0181211075029335,False,5.0,0.3878327173533321,0.001975844213234379,0.0,1.1490779271662125e-13,2.3572489296955412,2.3572489297024375,True,7.283642225711918e-12
907,left,LCX,prox,20.0,75,leaky,"[0.7, 0.75)",0.7443903190358148,1,907_left_LCX_prox_20mm_75ds_leaky_T1_missed_branch_D_perterritory,T1_missed_branch,D_perterritory,ok,5.0,0.0,True,68.0434577452844,0.980273441663666,1.0511661768076759,False,10.0,0.7443129611562878,-7.73578795270069e-05,0.0,7.11068659531759e-14,2.0043333860363792,2.0012185832656395,True,7.672951922052936e-12
907,left,LCX,prox,20.0,75,leaky,"[0.7, 0.75)",0.7443903190358148,1,907_left_LCX_prox_20mm_75ds_leaky_T2_truncation_D_perterritory,T2_truncation,D_perterritory,ok,5.0,0.0,True,69.4245400957171,0.9991771386431519,1.0001675022668066,False,9.0,0.7443149018907145,-7.541714510028719e-05,0.0,7.690661997613961e-14,2.001192660980944,2.0012185832656395,True,1.5220575898141716e-11
907,left,LCX,prox,20.0,75,leaky,"[0.7, 0.75)",0.7443903190358148,1,907_left_LCX_prox_20mm_75ds_leaky_T3_stenosis_length_D_perterritory,T3_stenosis_length,D_perterritory,ok,5.0,0.0,True,69.41291177966897,0.9999999999513687,1.023337742120442,False,44.0,0.7287637526603933,-0.01562656637542148,0.0,2.930673297715527e-11,2.0012185832419203,2.0012185832656395,True,4.992335018536416e-12
907,left,LCX,prox,20.0,75,leaky,"[0.7, 0.75)",0.7443903190358148,1,907_left_LCX_prox_20mm_75ds_leaky_T4_taper_D_perterritory,T4_taper,D_perterritory,ok,5.0,0.0,True,66.805277510067,0.15749285444722635,1.4343531808592993,False,13.0,0.6779417734235328,-0.06644854561228197,0.0,3.591156117083062e-13,2.0072595267007833,2.0012185832656395,True,1.4535265360593091e-11
907,left,LCX,prox,20.0,75,discrete,"[0.7, 0.75)",0.6791954688545927,1,907_left_LCX_prox_20mm_75ds_discrete_T1_missed_branch_D_perterritory,T1_missed_branch,D_perterritory,ok,4.0,0.0,True,83.16918433567989,0.8604379303551543,1.7890947057465114,False,14.0,0.6776325259068761,-0.001562942947716639,0.0,1.2182226005252554e-13,1.7646218675532057,1.7646218675650653,True,2.9181737855836764e-11
907,left,LCX,prox,20.0,75,discrete,"[0.7, 0.75)",0.6791954688545927,1,907_left_LCX_prox_20mm_75ds_discrete_T2_truncation_D_perterritory,T2_truncation,D_perterritory,ok,4.0,0.0,True,121.24872073356424,0.6371605710415994,1.2543948718523532,False,12.0,0.6784584558768044,-0.0007370129777882761,0.0,1.9595178395613393e-13,1.7646218675650653,1.7646218675650653,True,2.245310306162794e-11
907,left,LCX,prox,20.0,75,discrete,"[0.7, 0.75)",0.6791954688545927,1,907_left_LCX_prox_20mm_75ds_discrete_T3_stenosis_length_D_perterritory,T3_stenosis_length,D_perterritory,ok,4.0,0.0,True,96.65913298461058,0.9999999940661659,1.0322760842468268,False,30.0,0.6609494702345667,-0.01824599862002596,0.0,2.4663008309111384e-09,1.764621863117745,1.7646218675650653,True,3.572136951518736e-11
907,left,LCX,prox,20.0,75,discrete,"[0.7, 0.75)",0.6791954688545927,1,907_left_LCX_prox_20mm_75ds_discrete_T4_taper_D_perterritory,T4_taper,D_perterritory,ok,4.0,0.0,True,89.11746060814296,0.9219766188295082,1.3430490991096804,False,8.0,0.5950094188484214,-0.0841860500061713,0.0,6.852895065517159e-14,1.7646218675650653,1.7646218675650653,True,2.2590025397594276e-11
87,right,RCA,mid,10.0,70,leaky,"[0.7, 0.75)",0.7439819861950906,1,87_right_RCA_mid_10mm_70ds_leaky_T1_missed_branch_D_perterritory,T1_missed_branch,D_perterritory,skipped: fewer than 2 shared territories to match,,,,,,,,,,,,,,,,
87,right,RCA,mid,10.0,70,leaky,"[0.7, 0.75)",0.7439819861950906,1,87_right_RCA_mid_10mm_70ds_leaky_T2_truncation_D_perterritory,T2_truncation,D_perterritory,ok,2.0,0.0,True,19.55205769915075,0.5896670191222774,0.9228209284016601,False,7.0,0.8038862552949515,0.05990426909986091,1.0,8.765486111332875e-14,0.7116830895557308,0.8024181059555131,True,1.586394607324509e-11
87,right,RCA,mid,10.0,70,leaky,"[0.7, 0.75)",0.7439819861950906,1,87_right_RCA_mid_10mm_70ds_leaky_T3_stenosis_length_D_perterritory,T3_stenosis_length,D_perterritory,ok,2.0,0.0,True,19.425297128965042,1.0250031851289827,1.0250034237467605,False,13.0,0.7277797394928468,-0.016202246702243794,0.0,1.605317690590918e-13,0.7950416429816097,0.8024181059555131,True,7.454564907709408e-12
87,right,RCA,mid,10.0,70,leaky,"[0.7, 0.75)",0.7439819861950906,1,87_right_RCA_mid_10mm_70ds_leaky_T4_taper_D_perterritory,T4_taper,D_perterritory,ok,2.0,0.0,True,19.522416999112426,1.3136653447371587,1.3137341056834044,False,6.0,0.7195907082726245,-0.024391277922466092,0.0,1.0976852015305408e-13,0.9182576822926862,0.8024181059555131,True,1.1065759850904905e-11
87,right,RCA,mid,10.0,70,discrete,"[0.7, 0.75)",0.6953980361597171,1,87_right_RCA_mid_10mm_70ds_discrete_T1_missed_branch_D_perterritory,T1_missed_branch,D_perterritory,skipped: no deletable downstream branch,,,,,,,,,,,,,,,,
87,right,RCA,mid,10.0,70,discrete,"[0.7, 0.75)",0.6953980361597171,1,87_right_RCA_mid_10mm_70ds_discrete_T2_truncation_D_perterritory,T2_truncation,D_perterritory,skipped: fewer than 2 shared territories to match,,,,,,,,,,,,,,,,
87,right,RCA,mid,10.0,70,discrete,"[0.7, 0.75)",0.6953980361597171,1,87_right_RCA_mid_10mm_70ds_discrete_T3_stenosis_length_D_perterritory,T3_stenosis_length,D_perterritory,skipped: fewer than 2 shared territories to match,,,,,,,,,,,,,,,,
87,right,RCA,mid,10.0,70,discrete,"[0.7, 0.75)",0.6953980361597171,1,87_right_RCA_mid_10mm_70ds_discrete_T4_taper_D_perterritory,T4_taper,D_perterritory,skipped: fewer than 2 shared territories to match,,,,,,,,,,,,,,,,
112,right,RCA,mid,10.0,70,leaky,"[0.7, 0.75)",0.7410743516142462,1,112_right_RCA_mid_10mm_70ds_leaky_T1_missed_branch_D_perterritory,T1_missed_branch,D_perterritory,skipped: fewer than 2 shared territories to match,,,,,,,,,,,,,,,,
112,right,RCA,mid,10.0,70,leaky,"[0.7, 0.75)",0.7410743516142462,1,112_right_RCA_mid_10mm_70ds_leaky_T2_truncation_D_perterritory,T2_truncation,D_perterritory,skipped: fewer than 2 shared territories to match,,,,,,,,,,,,,,,,
112,right,RCA,mid,10.0,70,leaky,"[0.7, 0.75)",0.7410743516142462,1,112_right_RCA_mid_10mm_70ds_leaky_T3_stenosis_length_D_perterritory,T3_stenosis_length,D_perterritory,ok,2.0,0.0,True,19.98832858478948,1.021866722783087,1.0224600983016907,False,10.0,0.7271200341274836,-0.013954317486762569,0.0,2.616170714016715e-13,1.242896296454894,1.2503844171677247,True,2.123040672387844e-12
112,right,RCA,mid,10.0,70,leaky,"[0.7, 0.75)",0.7410743516142462,1,112_right_RCA_mid_10mm_70ds_leaky_T4_taper_D_perterritory,T4_taper,D_perterritory,ok,2.0,0.0,True,20.302931974564284,1.3507752482141042,1.3664716837710127,False,5.0,0.7108280029833667,-0.030246348630879494,0.0,2.888559674910388e-14,1.3113612100471153,1.2503844171677247,True,2.8246032061677144e-12
112,right,RCA,mid,10.0,70,discrete,"[0.7, 0.75)",0.5955147019350555,1,112_right_RCA_mid_10mm_70ds_discrete_T1_missed_branch_D_perterritory,T1_missed_branch,D_perterritory,skipped: no deletable downstream branch,,,,,,,,,,,,,,,,
112,right,RCA,mid,10.0,70,discrete,"[0.7, 0.75)",0.5955147019350555,1,112_right_RCA_mid_10mm_70ds_discrete_T2_truncation_D_perterritory,T2_truncation,D_perterritory,skipped: fewer than 2 shared territories to match,,,,,,,,,,,,,,,,
112,right,RCA,mid,10.0,70,discrete,"[0.7, 0.75)",0.5955147019350555,1,112_right_RCA_mid_10mm_70ds_discrete_T3_stenosis_length_D_perterritory,T3_stenosis_length,D_perterritory,skipped: fewer than 2 shared territories to match,,,,,,,,,,,,,,,,
112,right,RCA,mid,10.0,70,discrete,"[0.7, 0.75)",0.5955147019350555,1,112_right_RCA_mid_10mm_70ds_discrete_T4_taper_D_perterritory,T4_taper,D_perterritory,skipped: fewer than 2 shared territories to match,,,,,,,,,,,,,,,,
211,right,RCA,mid,10.0,70,leaky,"[0.7, 0.75)",0.7493448127650046,1,211_right_RCA_mid_10mm_70ds_leaky_T1_missed_branch_D_perterritory,T1_missed_branch,D_perterritory,skipped: fewer than 2 shared territories to match,,,,,,,,,,,,,,,,
211,right,RCA,mid,10.0,70,leaky,"[0.7, 0.75)",0.7493448127650046,1,211_right_RCA_mid_10mm_70ds_leaky_T2_truncation_D_perterritory,T2_truncation,D_perterritory,skipped: fewer than 2 shared territories to match,,,,,,,,,,,,,,,,
211,right,RCA,mid,10.0,70,leaky,"[0.7, 0.75)",0.7493448127650046,1,211_right_RCA_mid_10mm_70ds_leaky_T3_stenosis_length_D_perterritory,T3_stenosis_length,D_perterritory,ok,2.0,0.0,True,19.088238291837154,1.0244743826754865,1.0248160194184341,False,10.0,0.7336398398157875,-0.015704972949217133,0.0,2.389581750921643e-13,0.7661212012569087,0.7720230174036338,True,1.2743148022685815e-11
211,right,RCA,mid,10.0,70,leaky,"[0.7, 0.75)",0.7493448127650046,1,211_right_RCA_mid_10mm_70ds_leaky_T4_taper_D_perterritory,T4_taper,D_perterritory,ok,2.0,0.0,True,19.16985001608813,1.3494791870027916,1.3577290121490766,False,7.0,0.712898718293331,-0.036446094471673685,0.0,9.984608777814308e-14,0.8265763410021373,0.7720230174036338,True,8.17723763138174e-12
211,right,RCA,mid,10.0,70,discrete,"[0.7, 0.75)",0.715739883983029,1,211_right_RCA_mid_10mm_70ds_discrete_T1_missed_branch_D_perterritory,T1_missed_branch,D_perterritory,skipped: fewer than 2 shared territories to match,,,,,,,,,,,,,,,,
211,right,RCA,mid,10.0,70,discrete,"[0.7, 0.75)",0.715739883983029,1,211_right_RCA_mid_10mm_70ds_discrete_T2_truncation_D_perterritory,T2_truncation,D_perterritory,skipped: fewer than 2 shared territories to match,,,,,,,,,,,,,,,,
211,right,RCA,mid,10.0,70,discrete,"[0.7, 0.75)",0.715739883983029,1,211_right_RCA_mid_10mm_70ds_discrete_T3_stenosis_length_D_perterritory,T3_stenosis_length,D_perterritory,ok,2.0,0.0,True,67.68578966968299,1.0383393046408977,1.0399705836166222,False,9.0,0.6944283625736233,-0.02131152140940573,0.0,6.492719136843188e-13,0.6796014291272254,0.6796014291272254,True,1.694498560602645e-11
211,right,RCA,mid,10.0,70,discrete,"[0.7, 0.75)",0.715739883983029,1,211_right_RCA_mid_10mm_70ds_discrete_T4_taper_D_perterritory,T4_taper,D_perterritory,ok,2.0,0.0,True,55.57134706391753,1.1506126969041668,1.1768327904941325,False,5.0,0.6660612851640871,-0.04967859881894188,0.0,1.6704261248156507e-13,0.6796014291311837,0.6796014291272254,True,1.1605081026809906e-11
448,right,RCA,prox,20.0,65,leaky,"[0.7, 0.75)",0.7294638345345844,1,448_right_RCA_prox_20mm_65ds_leaky_T1_missed_branch_D_perterritory,T1_missed_branch,D_perterritory,skipped: fewer than 2 shared territories to match,,,,,,,,,,,,,,,,
448,right,RCA,prox,20.0,65,leaky,"[0.7, 0.75)",0.7294638345345844,1,448_right_RCA_prox_20mm_65ds_leaky_T2_truncation_D_perterritory,T2_truncation,D_perterritory,skipped: fewer than 2 shared territories to match,,,,,,,,,,,,,,,,
448,right,RCA,prox,20.0,65,leaky,"[0.7, 0.75)",0.7294638345345844,1,448_right_RCA_prox_20mm_65ds_leaky_T3_stenosis_length_D_perterritory,T3_stenosis_length,D_perterritory,ok,2.0,0.0,True,21.392723290164206,1.0093292654934454,1.009439809871826,False,4.0,0.7235356024666466,-0.0059282320679378,0.0,1.1681651250263884e-13,2.73189098166571,2.745065966549434,True,1.7911958130012357e-11
448,right,RCA,prox,20.0,65,leaky,"[0.7, 0.75)",0.7294638345345844,1,448_right_RCA_prox_20mm_65ds_leaky_T4_taper_D_perterritory,T4_taper,D_perterritory,ok,2.0,0.0,True,21.33703222554997,1.3061845151938454,1.3122982355907864,False,7.0,0.7102164094591663,-0.0192474250754181,0.0,5.605618896257109e-13,2.69746354411563,2.745065966549434,True,9.535097894449215e-12
448,right,RCA,prox,20.0,65,discrete,"[0.7, 0.75)",0.7112645914059437,1,448_right_RCA_prox_20mm_65ds_discrete_T1_missed_branch_D_perterritory,T1_missed_branch,D_perterritory,skipped: fewer than 2 shared territories to match,,,,,,,,,,,,,,,,
448,right,RCA,prox,20.0,65,discrete,"[0.7, 0.75)",0.7112645914059437,1,448_right_RCA_prox_20mm_65ds_discrete_T2_truncation_D_perterritory,T2_truncation,D_perterritory,skipped: fewer than 2 shared territories to match,,,,,,,,,,,,,,,,
448,right,RCA,prox,20.0,65,discrete,"[0.7, 0.75)",0.7112645914059437,1,448_right_RCA_prox_20mm_65ds_discrete_T3_stenosis_length_D_perterritory,T3_stenosis_length,D_perterritory,ok,2.0,0.0,True,10.119554446834803,1.024449666644398,1.0317442133340202,False,7.0,0.7023015977996417,-0.008962993606301928,0.0,1.6231020206620489e-13,2.1406580622522533,2.140658062273726,True,3.1817281092085164e-12
448,right,RCA,prox,20.0,65,discrete,"[0.7, 0.75)",0.7112645914059437,1,448_right_RCA_prox_20mm_65ds_discrete_T4_taper_D_perterritory,T4_taper,D_perterritory,ok,2.0,0.0,True,7.199204518762341,1.3511234696144778,1.9756513743076742,False,9.0,0.6699171627695953,-0.04134742863634833,0.0,1.989153656719049e-13,2.140658062273726,2.140658062273726,True,1.3532533432886429e-11
512,right,RCA,mid,10.0,70,leaky,"[0.7, 0.75)",0.7244537161865423,1,512_right_RCA_mid_10mm_70ds_leaky_T1_missed_branch_D_perterritory,T1_missed_branch,D_perterritory,skipped: fewer than 2 shared territories to match,,,,,,,,,,,,,,,,
512,right,RCA,mid,10.0,70,leaky,"[0.7, 0.75)",0.7244537161865423,1,512_right_RCA_mid_10mm_70ds_leaky_T2_truncation_D_perterritory,T2_truncation,D_perterritory,skipped: fewer than 2 shared territories to match,,,,,,,,,,,,,,,,
512,right,RCA,mid,10.0,70,leaky,"[0.7, 0.75)",0.7244537161865423,1,512_right_RCA_mid_10mm_70ds_leaky_T3_stenosis_length_D_perterritory,T3_stenosis_length,D_perterritory,ok,2.0,0.0,True,22.878022166226806,1.022902148885144,1.0235420257042376,False,5.0,0.7102108654242653,-0.014242850762277048,0.0,5.55111291804824e-14,1.1256533357343645,1.1330188886388024,True,1.1569398100294094e-12
512,right,RCA,mid,10.0,70,leaky,"[0.7, 0.75)",0.7244537161865423,1,512_right_RCA_mid_10mm_70ds_leaky_T4_taper_D_perterritory,T4_taper,D_perterritory,ok,2.0,0.0,True,22.711451486143154,1.3413836187332433,1.3580543904002624,False,7.0,0.6862777727025681,-0.03817594348397424,0.0,2.6361895682180188e-14,1.1851319334817771,1.1330188886388024,True,1.980121127504934e-12
512,right,RCA,mid,10.0,70,discrete,"[0.7, 0.75)",0.6497051064550233,1,512_right_RCA_mid_10mm_70ds_discrete_T1_missed_branch_D_perterritory,T1_missed_branch,D_perterritory,skipped: fewer than 2 shared territories to match,,,,,,,,,,,,,,,,
512,right,RCA,mid,10.0,70,discrete,"[0.7, 0.75)",0.6497051064550233,1,512_right_RCA_mid_10mm_70ds_discrete_T2_truncation_D_perterritory,T2_truncation,D_perterritory,skipped: fewer than 2 shared territories to match,,,,,,,,,,,,,,,,
512,right,RCA,mid,10.0,70,discrete,"[0.7, 0.75)",0.6497051064550233,1,512_right_RCA_mid_10mm_70ds_discrete_T3_stenosis_length_D_perterritory,T3_stenosis_length,D_perterritory,ok,2.0,0.0,True,34.49376151506706,1.046078297541135,1.054654566304757,False,10.0,0.6278752274454665,-0.021829879009556796,0.0,8.357196711177856e-14,0.8647512824145843,0.86475128241099,True,1.8827293453480897e-11
512,right,RCA,mid,10.0,70,discrete,"[0.7, 0.75)",0.6497051064550233,1,512_right_RCA_mid_10mm_70ds_discrete_T4_taper_D_perterritory,T4_taper,D_perterritory,ok,2.0,0.0,True,26.98031465559927,1.1458135853158435,1.2851891837442386,False,6.0,0.5976586606683576,-0.05204644578666573,0.0,7.745989395577892e-14,0.8647512824073955,0.86475128241099,True,1.0381709182132744e-11
768,right,RCA,mid,10.0,70,leaky,"[0.7, 0.75)",0.7184596208671434,1,768_right_RCA_mid_10mm_70ds_leaky_T1_missed_branch_D_perterritory,T1_missed_branch,D_perterritory,skipped: fewer than 2 shared territories to match,,,,,,,,,,,,,,,,
768,right,RCA,mid,10.0,70,leaky,"[0.7, 0.75)",0.7184596208671434,1,768_right_RCA_mid_10mm_70ds_leaky_T2_truncation_D_perterritory,T2_truncation,D_perterritory,skipped: fewer than 2 shared territories to match,,,,,,,,,,,,,,,,
768,right,RCA,mid,10.0,70,leaky,"[0.7, 0.75)",0.7184596208671434,1,768_right_RCA_mid_10mm_70ds_leaky_T3_stenosis_length_D_perterritory,T3_stenosis_length,D_perterritory,ok,6.0,0.0,True,25.29254134121101,1.0320608841470538,1.0342592552992107,False,9.0,0.698216466263583,-0.02024315460356041,0.0,9.316881775650964e-14,0.6557515764607259,0.6563015054353714,True,9.36610161685029e-12
768,right,RCA,mid,10.0,70,leaky,"[0.7, 0.75)",0.7184596208671434,1,768_right_RCA_mid_10mm_70ds_leaky_T4_taper_D_perterritory,T4_taper,D_perterritory,ok,6.0,0.0,True,24.951167909285427,1.4327814972975974,1.4889804553155395,False,8.0,0.6282369239704203,-0.09022269689672313,0.0,8.454720122054878e-14,0.7888170243232128,0.6563015054353714,True,2.0504777591700514e-11
768,right,RCA,mid,10.0,70,discrete,"[0.7, 0.75)",0.7160357909532242,1,768_right_RCA_mid_10mm_70ds_discrete_T1_missed_branch_D_perterritory,T1_missed_branch,D_perterritory,skipped: fewer than 2 shared territories to match,,,,,,,,,,,,,,,,
768,right,RCA,mid,10.0,70,discrete,"[0.7, 0.75)",0.7160357909532242,1,768_right_RCA_mid_10mm_70ds_discrete_T2_truncation_D_perterritory,T2_truncation,D_perterritory,skipped: fewer than 2 shared territories to match,,,,,,,,,,,,,,,,
768,right,RCA,mid,10.0,70,discrete,"[0.7, 0.75)",0.7160357909532242,1,768_right_RCA_mid_10mm_70ds_discrete_T3_stenosis_length_D_perterritory,T3_stenosis_length,D_perterritory,ok,2.0,0.0,True,77.87684946469464,1.0349106670124955,1.0353180572184082,False,6.0,0.6952622231285402,-0.02077356782468398,0.0,2.204795122898162e-13,0.6350323394322569,0.6350323394281526,True,1.4412665409482339e-11
768,right,RCA,mid,10.0,70,discrete,"[0.7, 0.75)",0.7160357909532242,1,768_right_RCA_mid_10mm_70ds_discrete_T4_taper_D_perterritory,T4_taper,D_perterritory,ok,2.0,0.0,True,62.737775418115866,1.0790962737109406,1.0998647229635004,False,6.0,0.6654388948310458,-0.050596896122178436,0.0,7.437889912209702e-14,0.6350323394349929,0.6350323394281526,True,1.0401301654284005e-11
830,right,RCA,prox,10.0,70,leaky,"[0.7, 0.75)",0.7481974433486884,1,830_right_RCA_prox_10mm_70ds_leaky_T1_missed_branch_D_perterritory,T1_missed_branch,D_perterritory,skipped: fewer than 2 shared territories to match,,,,,,,,,,,,,,,,
830,right,RCA,prox,10.0,70,leaky,"[0.7, 0.75)",0.7481974433486884,1,830_right_RCA_prox_10mm_70ds_leaky_T2_truncation_D_perterritory,T2_truncation,D_perterritory,skipped: fewer than 2 shared territories to match,,,,,,,,,,,,,,,,
830,right,RCA,prox,10.0,70,leaky,"[0.7, 0.75)",0.7481974433486884,1,830_right_RCA_prox_10mm_70ds_leaky_T3_stenosis_length_D_perterritory,T3_stenosis_length,D_perterritory,ok,2.0,0.0,True,23.333905134756844,1.0287705086467256,1.029177396547492,False,6.0,0.7296849620805167,-0.018512481268171732,0.0,1.559119563462534e-13,0.5799361254224219,0.5856889786328847,True,2.744214335006648e-12
830,right,RCA,prox,10.0,70,leaky,"[0.7, 0.75)",0.7481974433486884,1,830_right_RCA_prox_10mm_70ds_leaky_T4_taper_D_perterritory,T4_taper,D_perterritory,ok,2.0,0.0,True,23.36694585148667,1.34050789889803,1.3486249799352938,False,6.0,0.7122648927883736,-0.03593255056031486,0.0,1.6357223705268727e-14,0.555904880828145,0.5856889786328847,True,2.033760208515221e-12
830,right,RCA,prox,10.0,70,discrete,"[0.7, 0.75)",0.720264192115257,1,830_right_RCA_prox_10mm_70ds_discrete_T1_missed_branch_D_perterritory,T1_missed_branch,D_perterritory,skipped: fewer than 2 shared territories to match,,,,,,,,,,,,,,,,
830,right,RCA,prox,10.0,70,discrete,"[0.7, 0.75)",0.720264192115257,1,830_right_RCA_prox_10mm_70ds_discrete_T2_truncation_D_perterritory,T2_truncation,D_perterritory,skipped: fewer than 2 shared territories to match,,,,,,,,,,,,,,,,
830,right,RCA,prox,10.0,70,discrete,"[0.7, 0.75)",0.720264192115257,1,830_right_RCA_prox_10mm_70ds_discrete_T3_stenosis_length_D_perterritory,T3_stenosis_length,D_perterritory,ok,2.0,0.0,True,73.3147363956921,1.0433469656829721,1.045731791291129,False,7.0,0.6954194407317571,-0.024844751383499952,0.0,2.5874634505980323e-13,0.5316042820857324,0.5316042820837222,True,2.0299309301424095e-12
830,right,RCA,prox,10.0,70,discrete,"[0.7, 0.75)",0.720264192115257,1,830_right_RCA_prox_10mm_70ds_discrete_T4_taper_D_perterritory,T4_taper,D_perterritory,ok,2.0,0.0,True,68.32343330530962,1.3327727246533374,1.3744379628558263,False,8.0,0.6519058319447633,-0.06835836017049379,0.0,3.5223294608139057e-13,0.5316042820837222,0.5316042820837222,True,1.6592773331122805e-12
984,right,RCA,mid,20.0,65,leaky,"[0.7, 0.75)",0.7223314960301115,1,984_right_RCA_mid_20mm_65ds_leaky_T1_missed_branch_D_perterritory,T1_missed_branch,D_perterritory,ok,4.0,1.0,True,20.77020868519472,0.33990603438245426,0.8344315652231029,False,11.0,0.8008577020095712,0.0785262059794597,1.0,0.5,2.4372182564865867,2.787913323950811,True,6.6270830327696245e-12
984,right,RCA,mid,20.0,65,leaky,"[0.7, 0.75)",0.7223314960301115,1,984_right_RCA_mid_20mm_65ds_leaky_T2_truncation_D_perterritory,T2_truncation,D_perterritory,skipped: fewer than 2 shared territories to match,,,,,,,,,,,,,,,,
984,right,RCA,mid,20.0,65,leaky,"[0.7, 0.75)",0.7223314960301115,1,984_right_RCA_mid_20mm_65ds_leaky_T3_stenosis_length_D_perterritory,T3_stenosis_length,D_perterritory,ok,4.0,0.0,True,22.128834715545686,1.0101263833887748,1.0106675221453592,False,7.0,0.7157357446701964,-0.006595751359915081,0.0,3.630666632928839e-14,2.782625645358308,2.787913323950811,True,2.4869073336073804e-11
984,right,RCA,mid,20.0,65,leaky,"[0.7, 0.75)",0.7223314960301115,1,984_right_RCA_mid_20mm_65ds_leaky_T4_taper_D_perterritory,T4_taper,D_perterritory,ok,4.0,0.0,True,22.392899257872212,1.4064085556616528,1.4432846864050197,False,7.0,0.6561946736456904,-0.06613682238442109,0.0,8.321449299552877e-14,3.1127558351310958,2.787913323950811,True,1.657476624136187e-11
984,right,RCA,mid,20.0,65,discrete,"[0.7, 0.75)",0.7055991175949672,1,984_right_RCA_mid_20mm_65ds_discrete_T1_missed_branch_D_perterritory,T1_missed_branch,D_perterritory,ok,3.0,1.0,True,11.748926567403025,0.31441437665704786,0.3379368668243876,False,9.0,0.8929821062144954,0.18738298861952818,1.0,0.5773502691896257,1.1902393693213982,2.233609888576202,True,1.8046891088727193e-11
984,right,RCA,mid,20.0,65,discrete,"[0.7, 0.75)",0.7055991175949672,1,984_right_RCA_mid_20mm_65ds_discrete_T2_truncation_D_perterritory,T2_truncation,D_perterritory,skipped: fewer than 2 shared territories to match,,,,,,,,,,,,,,,,
984,right,RCA,mid,20.0,65,discrete,"[0.7, 0.75)",0.7055991175949672,1,984_right_RCA_mid_20mm_65ds_discrete_T3_stenosis_length_D_perterritory,T3_stenosis_length,D_perterritory,ok,3.0,0.0,True,25.275684256293033,1.0153328526709282,1.020087508034706,False,11.0,0.6975399555091839,-0.008059162085783278,0.0,2.8503418775152136e-13,2.233609888605906,2.233609888576202,True,1.575589590288162e-11
984,right,RCA,mid,20.0,65,discrete,"[0.7, 0.75)",0.7055991175949672,1,984_right_RCA_mid_20mm_65ds_discrete_T4_taper_D_perterritory,T4_taper,D_perterritory,ok,3.0,0.0,True,19.879344559248413,1.1424932186604493,1.3978756592507748,False,8.0,0.6567314719139365,-0.048867645681030636,0.0,3.639658505528626e-13,2.233609888576202,2.233609888576202,True,3.086673599287823e-12
997,right,RCA,mid,10.0,70,leaky,"[0.7, 0.75)",0.7120392381384401,1,997_right_RCA_mid_10mm_70ds_leaky_T1_missed_branch_D_perterritory,T1_missed_branch,D_perterritory,skipped: fewer than 2 shared territories to match,,,,,,,,,,,,,,,,
997,right,RCA,mid,10.0,70,leaky,"[0.7, 0.75)",0.7120392381384401,1,997_right_RCA_mid_10mm_70ds_leaky_T2_truncation_D_perterritory,T2_truncation,D_perterritory,skipped: fewer than 2 shared territories to match,,,,,,,,,,,,,,,,
997,right,RCA,mid,10.0,70,leaky,"[0.7, 0.75)",0.7120392381384401,1,997_right_RCA_mid_10mm_70ds_leaky_T3_stenosis_length_D_perterritory,T3_stenosis_length,D_perterritory,ok,4.0,0.0,True,20.801065668263284,1.0182770090365163,1.0195623753194047,False,8.0,0.7004471710015592,-0.01159206713688088,0.0,2.71985147709857e-13,1.4377541121754833,1.4451332861129518,True,1.274316258405604e-11
997,right,RCA,mid,10.0,70,leaky,"[0.7, 0.75)",0.7120392381384401,1,997_right_RCA_mid_10mm_70ds_leaky_T4_taper_D_perterritory,T4_taper,D_perterritory,ok,4.0,0.0,True,20.57572791579113,1.319212460154626,1.359918972182799,False,7.0,0.6718169621832815,-0.04022227595515859,0.0,4.623840084405686e-13,1.6300031619088937,1.4451332861129518,True,2.535247837542474e-12
997,right,RCA,mid,10.0,70,discrete,"[0.7, 0.75)",0.6522478803921966,1,997_right_RCA_mid_10mm_70ds_discrete_T1_missed_branch_D_perterritory,T1_missed_branch,D_perterritory,skipped: fewer than 2 shared territories to match,,,,,,,,,,,,,,,,
997,right,RCA,mid,10.0,70,discrete,"[0.7, 0.75)",0.6522478803921966,1,997_right_RCA_mid_10mm_70ds_discrete_T2_truncation_D_perterritory,T2_truncation,D_perterritory,skipped: fewer than 2 shared territories to match,,,,,,,,,,,,,,,,
997,right,RCA,mid,10.0,70,discrete,"[0.7, 0.75)",0.6522478803921966,1,997_right_RCA_mid_10mm_70ds_discrete_T3_stenosis_length_D_perterritory,T3_stenosis_length,D_perterritory,ok,3.0,0.0,True,47.734785078944306,1.0333403522130917,1.0413476585885801,False,6.0,0.6351787175320438,-0.01706916286015281,0.0,2.6106114754474766e-13,1.1235416882937244,1.123541688273836,True,1.6637529830429838e-11
997,right,RCA,mid,10.0,70,discrete,"[0.7, 0.75)",0.6522478803921966,1,997_right_RCA_mid_10mm_70ds_discrete_T4_taper_D_perterritory,T4_taper,D_perterritory,ok,3.0,0.0,True,35.5447265410573,1.0659966764345468,1.229887222269598,False,5.0,0.5942329252951711,-0.05801495509702548,0.0,2.414579113513452e-13,1.12354168828378,1.123541688273836,True,7.819214954190335e-12
14,left,LAD,prox,20.0,80,leaky,"[0.75, 0.8)",0.7989630917042669,1,14_left_LAD_prox_20mm_80ds_leaky_T1_missed_branch_D_perterritory,T1_missed_branch,D_perterritory,ok,5.0,1.0,True,117.42088384150767,0.9265863405115295,0.9649865672346116,False,11.0,0.8295753914968698,0.030612299792602826,1.0,0.4472135954999579,0.6519135145054225,0.6717017843018542,True,1.3600450332910901e-11
14,left,LAD,prox,20.0,80,leaky,"[0.75, 0.8)",0.7989630917042669,1,14_left_LAD_prox_20mm_80ds_leaky_T2_truncation_D_perterritory,T2_truncation,D_perterritory,ok,5.0,0.0,True,121.05293275920693,0.9948896876505323,1.0449953714351576,False,8.0,0.7989630917042698,2.886579864025407e-15,0.0,2.909612301890961e-14,0.671701784299315,0.6717017843018542,True,1.394851615228348e-11
14,left,LAD,prox,20.0,80,leaky,"[0.75, 0.8)",0.7989630917042669,1,14_left_LAD_prox_20mm_80ds_leaky_T3_stenosis_length_D_perterritory,T3_stenosis_length,D_perterritory,ok,5.0,0.0,True,121.6747286275238,1.0000000000029745,1.0251422949879025,False,27.0,0.7808716104451522,-0.01809148125911475,0.0,3.904591621621597e-11,0.6717017843170894,0.6717017843018542,True,1.4058540609751831e-11
14,left,LAD,prox,20.0,80,leaky,"[0.75, 0.8)",0.7989630917042669,1,14_left_LAD_prox_20mm_80ds_leaky_T4_taper_D_perterritory,T4_taper,D_perterritory,ok,5.0,0.0,True,119.58443289652789,0.8831354599323747,1.4331724139558752,False,8.0,0.7810986700922741,-0.017864421611992864,0.0,3.574089508864726e-14,0.671701784299315,0.6717017843018542,True,1.396932306981203e-11
14,left,LAD,prox,20.0,80,discrete,"[0.75, 0.8)",0.7612248637889698,1,14_left_LAD_prox_20mm_80ds_discrete_T1_missed_branch_D_perterritory,T1_missed_branch,D_perterritory,ok,4.0,1.0,True,234.85723377655341,0.6752837726458831,0.8178849203202001,False,9.0,0.9078854718222545,0.14666060803328473,1.0,0.5,0.553707661896127,0.6489710340754125,True,2.123060157450755e-11
14,left,LAD,prox,20.0,80,discrete,"[0.75, 0.8)",0.7612248637889698,1,14_left_LAD_prox_20mm_80ds_discrete_T2_truncation_D_perterritory,T2_truncation,D_perterritory,ok,4.0,0.0,True,374.48017432446807,0.42193118746675523,1.3044719700536498,False,9.0,0.7612248637889915,2.1649348980190553e-14,0.0,8.0198749845418e-14,0.648971034076682,0.6489710340754125,True,1.966453870910453e-11
14,left,LAD,prox,20.0,80,discrete,"[0.75, 0.8)",0.7612248637889698,1,14_left_LAD_prox_20mm_80ds_discrete_T3_stenosis_length_D_perterritory,T3_stenosis_length,D_perterritory,ok,4.0,0.0,True,287.0741441144977,0.9999999999718624,1.0321702623270186,False,27.0,0.7396172972089912,-0.021607566579978643,0.0,1.9165143738287914e-11,0.6489710340868388,0.6489710340754125,True,1.5205181061987715e-11
14,left,LAD,prox,20.0,80,discrete,"[0.75, 0.8)",0.7612248637889698,1,14_left_LAD_prox_20mm_80ds_discrete_T4_taper_D_perterritory,T4_taper,D_perterritory,ok,4.0,0.0,True,270.1439759279442,0.9410251026306232,1.218325786905489,False,7.0,0.7216254828672402,-0.039599380921729654,0.0,8.924490736123449e-14,0.648971034076682,0.6489710340754125,True,1.95661597290779e-11
252,left,LAD,prox,20.0,75,leaky,"[0.75, 0.8)",0.7518575059239083,1,252_left_LAD_prox_20mm_75ds_leaky_T1_missed_branch_D_perterritory,T1_missed_branch,D_perterritory,ok,6.0,1.0,True,45.97312531757866,0.9168054963411203,0.97329678667967,False,11.0,0.7931034398195841,0.04124593389567577,0.0,0.408248290463863,2.287001244302046,2.346969423514317,True,3.0644279809829793e-12
252,left,LAD,prox,20.0,75,leaky,"[0.75, 0.8)",0.7518575059239083,1,252_left_LAD_prox_20mm_75ds_leaky_T2_truncation_D_perterritory,T2_truncation,D_perterritory,ok,6.0,2.0,True,46.441456684964436,0.7585505984702141,0.9831657644501242,False,5.0,0.8319356025299515,0.08007809660604315,1.0,0.5773502691896257,2.2050495379887565,2.346969423514317,True,7.946949631245118e-12
252,left,LAD,prox,20.0,75,leaky,"[0.75, 0.8)",0.7518575059239083,1,252_left_LAD_prox_20mm_75ds_leaky_T3_stenosis_length_D_perterritory,T3_stenosis_length,D_perterritory,ok,6.0,0.0,True,47.23281717677242,1.0000000000529938,1.02269418046866,False,33.0,0.7368144511706805,-0.015043054753227869,0.0,5.838432269217651e-11,2.34696942360647,2.346969423514317,True,1.2368574487325546e-11
252,left,LAD,prox,20.0,75,leaky,"[0.75, 0.8)",0.7518575059239083,1,252_left_LAD_prox_20mm_75ds_leaky_T4_taper_D_perterritory,T4_taper,D_perterritory,ok,6.0,0.0,True,46.8098202797999,0.9750998345582419,1.290375875092995,False,7.0,0.7274289385444056,-0.02442856737950272,0.0,8.116079783380617e-14,2.3469694234682406,2.346969423514317,True,2.639316146592263e-11
252,left,LAD,prox,20.0,75,discrete,"[0.75, 0.8)",0.5312064655635267,1,252_left_LAD_prox_20mm_75ds_discrete_T1_missed_branch_D_perterritory,T1_missed_branch,D_perterritory,ok,4.0,1.0,True,36.26439406181203,0.4150947142458912,0.7484847479316739,False,5.0,0.8170604582664073,0.2858539927028806,1.0,0.5,1.4858105468184784,1.7776143913440685,True,3.095712992025871e-11
252,left,LAD,prox,20.0,75,discrete,"[0.75, 0.8)",0.5312064655635267,1,252_left_LAD_prox_20mm_75ds_discrete_T2_truncation_D_perterritory,T2_truncation,D_perterritory,ok,4.0,2.0,True,52.81824335428246,1.0903870878212039,1.090387619313488,False,4.0,0.49370068690364927,-0.03750577865987742,0.0,0.7071067811865476,1.8065641975045073,1.7776143913440685,True,1.834746951118839e-11
252,left,LAD,prox,20.0,75,discrete,"[0.75, 0.8)",0.5312064655635267,1,252_left_LAD_prox_20mm_75ds_discrete_T3_stenosis_length_D_perterritory,T3_stenosis_length,D_perterritory,ok,4.0,0.0,True,48.440850275240706,0.9999999612860644,1.0806597240884368,False,14.0,0.5043574723962142,-0.026848993167312485,0.0,1.553490978075693e-08,1.7776143712575996,1.7776143913440685,True,2.3829280041920797e-11
252,left,LAD,prox,20.0,75,discrete,"[0.75, 0.8)",0.5312064655635267,1,252_left_LAD_prox_20mm_75ds_discrete_T4_taper_D_perterritory,T4_taper,D_perterritory,ok,4.0,0.0,True,43.45173044444161,0.8970059401837414,1.584876721999633,False,7.0,0.4574797057611937,-0.07372675980233301,0.0,8.919582258489609e-14,1.7776143913440685,1.7776143913440685,True,1.3675664116363395e-11
272,left,LAD,mid,10.0,75,leaky,"[0.75, 0.8)",0.7520908559692313,1,272_left_LAD_mid_10mm_75ds_leaky_T1_missed_branch_D_perterritory,T1_missed_branch,D_perterritory,skipped: no deletable downstream branch,,,,,,,,,,,,,,,,
272,left,LAD,mid,10.0,75,leaky,"[0.75, 0.8)",0.7520908559692313,1,272_left_LAD_mid_10mm_75ds_leaky_T2_truncation_D_perterritory,T2_truncation,D_perterritory,ok,6.0,0.0,True,22.00192968410271,0.997373204276627,1.0018132576778556,False,5.0,0.749903673117836,-0.0021871828513952973,0.0,6.755160326118828e-15,5.548590308690975,5.551373289574776,True,1.3747402635325305e-11
272,left,LAD,mid,10.0,75,leaky,"[0.75, 0.8)",0.7520908559692313,1,272_left_LAD_mid_10mm_75ds_leaky_T3_stenosis_length_D_perterritory,T3_stenosis_length,D_perterritory,ok,6.0,0.0,True,21.962070679952106,0.9999999999803656,1.0041766925472984,False,26.0,0.7336778219162291,-0.01841303405300221,0.0,5.116833913207601e-11,5.551373289582859,5.551373289574776,True,3.545062180098e-12
272,left,LAD,mid,10.0,75,leaky,"[0.75, 0.8)",0.7520908559692313,1,272_left_LAD_mid_10mm_75ds_leaky_T4_taper_D_perterritory,T4_taper,D_perterritory,ok,6.0,0.0,True,21.96818185000869,1.000278002002686,1.0045823645545726,False,5.0,0.7295039651462268,-0.02258689082300447,0.0,1.3692309771883082e-14,5.550945948741012,5.551373289574776,True,5.371410035628462e-12
549,left,LAD,prox,20.0,70,leaky,"[0.75, 0.8)",0.7760290703542608,1,549_left_LAD_prox_20mm_70ds_leaky_T1_missed_branch_D_perterritory,T1_missed_branch,D_perterritory,skipped: no deletable downstream branch,,,,,,,,,,,,,,,,
549,left,LAD,prox,20.0,70,leaky,"[0.75, 0.8)",0.7760290703542608,1,549_left_LAD_prox_20mm_70ds_leaky_T2_truncation_D_perterritory,T2_truncation,D_perterritory,ok,5.0,0.0,True,27.400221541367625,0.6993217681667675,1.076205958264238,False,8.0,0.7826035662424143,0.006574495888153509,0.0,7.536340984538609e-14,1.5280755733588944,1.5452131609707456,True,3.409028137373717e-14
549,left,LAD,prox,20.0,70,leaky,"[0.75, 0.8)",0.7760290703542608,1,549_left_LAD_prox_20mm_70ds_leaky_T3_stenosis_length_D_perterritory,T3_stenosis_length,D_perterritory,ok,5.0,0.0,True,25.459598448719532,0.9999999999233927,1.0233952003089872,False,34.0,0.7601575161182242,-0.01587155423603659,0.0,4.7341583896662515e-11,1.5452131609467352,1.5452131609707456,True,9.776536335624178e-13
549,left,LAD,prox,20.0,70,leaky,"[0.75, 0.8)",0.7760290703542608,1,549_left_LAD_prox_20mm_70ds_leaky_T4_taper_D_perterritory,T4_taper,D_perterritory,ok,5.0,0.0,True,24.691644704101574,0.9698769807310751,1.4093711324258789,False,8.0,0.6845116978644609,-0.09151737248979996,0.0,1.2280731616281941e-13,1.5836067155863045,1.5452131609707456,True,3.2774516129651176e-13
549,left,LAD,prox,20.0,70,discrete,"[0.75, 0.8)",0.6405279893253747,1,549_left_LAD_prox_20mm_70ds_discrete_T1_missed_branch_D_perterritory,T1_missed_branch,D_perterritory,skipped: no deletable downstream branch,,,,,,,,,,,,,,,,
549,left,LAD,prox,20.0,70,discrete,"[0.75, 0.8)",0.6405279893253747,1,549_left_LAD_prox_20mm_70ds_discrete_T2_truncation_D_perterritory,T2_truncation,D_perterritory,ok,4.0,0.0,True,69.845138268644,0.8644941322290473,1.0256216752764045,False,5.0,,,1.0,1.4991974378088097e-13,1.3336849200326126,1.3336849200326126,True,2.1719079805611524e-12
549,left,LAD,prox,20.0,70,discrete,"[0.75, 0.8)",0.6405279893253747,1,549_left_LAD_prox_20mm_70ds_discrete_T3_stenosis_length_D_perterritory,T3_stenosis_length,D_perterritory,ok,4.0,0.0,True,68.10029463340858,1.000000000003952,1.0484105365187593,False,26.0,0.6180803709049922,-0.022447618420382454,0.0,7.862564384107581e-11,1.3336849200986414,1.3336849200326126,True,2.3341778800094107e-12
549,left,LAD,prox,20.0,70,discrete,"[0.75, 0.8)",0.6405279893253747,1,549_left_LAD_prox_20mm_70ds_discrete_T4_taper_D_perterritory,T4_taper,D_perterritory,ok,4.0,0.0,True,61.66286869000518,0.9054713936546108,1.533803946004821,False,5.0,0.5357730714331869,-0.10475491789218783,0.0,2.2274454060729139e-13,1.3336849200326126,1.3336849200326126,True,2.136341975177301e-12
667,left,LAD,prox,20.0,70,leaky,"[0.75, 0.8)",0.789358124089005,1,667_left_LAD_prox_20mm_70ds_leaky_T1_missed_branch_D_perterritory,T1_missed_branch,D_perterritory,skipped: no deletable downstream branch,,,,,,,,,,,,,,,,
667,left,LAD,prox,20.0,70,leaky,"[0.75, 0.8)",0.789358124089005,1,667_left_LAD_prox_20mm_70ds_leaky_T2_truncation_D_perterritory,T2_truncation,D_perterritory,ok,4.0,0.0,True,35.40671583804075,0.8071897444884001,1.0435319829560405,False,5.0,0.7936291817831648,0.004271057694159808,0.0,5.883631785342095e-14,1.353166305748994,1.3642485241661466,True,2.5749015577224107e-12
667,left,LAD,prox,20.0,70,leaky,"[0.75, 0.8)",0.789358124089005,1,667_left_LAD_prox_20mm_70ds_leaky_T3_stenosis_length_D_perterritory,T3_stenosis_length,D_perterritory,ok,4.0,0.0,True,33.929357773291486,1.0000000000048381,1.0203809574536757,False,32.0,0.7749896262023588,-0.014368497886646181,0.0,4.657750546087194e-11,1.3642485242138693,1.3642485241661466,True,5.699511899445319e-12
667,left,LAD,prox,20.0,70,leaky,"[0.75, 0.8)",0.789358124089005,1,667_left_LAD_prox_20mm_70ds_leaky_T4_taper_D_perterritory,T4_taper,D_perterritory,ok,4.0,0.0,True,34.32922383768747,1.0120498235845112,1.4253242224879203,False,7.0,0.70973568212055,-0.07962244196845492,0.0,1.3067987847729688e-13,1.4844378915468472,1.3642485241661466,True,4.533770204017086e-12
667,left,LAD,prox,20.0,70,discrete,"[0.75, 0.8)",0.817430780827171,0,667_left_LAD_prox_20mm_70ds_discrete_T1_missed_branch_D_perterritory,T1_missed_branch,D_perterritory,skipped: no deletable downstream branch,,,,,,,,,,,,,,,,
667,left,LAD,prox,20.0,70,discrete,"[0.75, 0.8)",0.817430780827171,0,667_left_LAD_prox_20mm_70ds_discrete_T2_truncation_D_perterritory,T2_truncation,D_perterritory,ok,4.0,0.0,True,122.46698394041768,0.8498273084498471,1.030206162411078,False,5.0,0.8181160102088737,0.0006852293817026789,0.0,1.0994829300610181e-13,1.3865603834096178,1.3865603834096178,True,1.0513991478211046e-11
667,left,LAD,prox,20.0,70,discrete,"[0.75, 0.8)",0.817430780827171,0,667_left_LAD_prox_20mm_70ds_discrete_T3_stenosis_length_D_perterritory,T3_stenosis_length,D_perterritory,ok,4.0,0.0,True,118.8761904256299,0.9999999999646183,1.0185563055723152,False,26.0,0.8046772683813231,-0.012753512445847881,0.0,5.697980240774777e-11,1.3865603834803182,1.3865603834096178,True,8.88139359120197e-12
667,left,LAD,prox,20.0,70,discrete,"[0.75, 0.8)",0.817430780827171,0,667_left_LAD_prox_20mm_70ds_discrete_T4_taper_D_perterritory,T4_taper,D_perterritory,ok,4.0,0.0,True,111.15571022012846,0.9350544446466078,1.262448169293842,False,5.0,0.7671168244154156,-0.0503139564117554,1.0,1.3195771266088084e-13,1.3865603834096178,1.3865603834096178,True,1.0486501523152101e-11
727,left,LAD,prox,10.0,65,leaky,"[0.75, 0.8)",0.7784241540577511,1,727_left_LAD_prox_10mm_65ds_leaky_T1_missed_branch_D_perterritory,T1_missed_branch,D_perterritory,skipped: no deletable downstream branch,,,,,,,,,,,,,,,,
727,left,LAD,prox,10.0,65,leaky,"[0.75, 0.8)",0.7784241540577511,1,727_left_LAD_prox_10mm_65ds_leaky_T2_truncation_D_perterritory,T2_truncation,D_perterritory,ok,4.0,0.0,True,23.67633004474644,0.8530731252077979,1.0367911732492279,False,7.0,0.779174796528588,0.0007506424708368931,0.0,5.418500535712596e-14,2.1401017130346074,2.16509051931904,True,4.765125464063978e-12
727,left,LAD,prox,10.0,65,leaky,"[0.75, 0.8)",0.7784241540577511,1,727_left_LAD_prox_10mm_65ds_leaky_T3_stenosis_length_D_perterritory,T3_stenosis_length,D_perterritory,ok,4.0,0.0,True,22.835380290818758,0.999999999947317,1.0275639620913968,False,31.0,0.7600407888856366,-0.018383365172114474,0.0,2.5012038238920205e-11,2.165090519301359,2.16509051931904,True,2.1380330362531303e-12
727,left,LAD,prox,10.0,65,leaky,"[0.75, 0.8)",0.7784241540577511,1,727_left_LAD_prox_10mm_65ds_leaky_T4_taper_D_perterritory,T4_taper,D_perterritory,ok,4.0,0.0,True,22.279774036689513,0.7240729815567157,1.337088352231495,False,7.0,0.726717920826577,-0.05170623323117407,0.0,4.6114835990502265e-14,2.1312955965894256,2.16509051931904,True,7.438429555550356e-12
727,left,LAD,prox,10.0,65,discrete,"[0.75, 0.8)",0.6248077275260355,1,727_left_LAD_prox_10mm_65ds_discrete_T1_missed_branch_D_perterritory,T1_missed_branch,D_perterritory,skipped: no deletable downstream branch,,,,,,,,,,,,,,,,
727,left,LAD,prox,10.0,65,discrete,"[0.75, 0.8)",0.6248077275260355,1,727_left_LAD_prox_10mm_65ds_discrete_T2_truncation_D_perterritory,T2_truncation,D_perterritory,ok,3.0,0.0,True,67.04702348209865,0.48287849339633715,1.4385592071200657,False,7.0,0.6248080983169393,3.7079090375868873e-07,0.0,5.160514593785092e-14,1.496523490216559,1.4965234902190847,True,2.7933536494852215e-12
727,left,LAD,prox,10.0,65,discrete,"[0.75, 0.8)",0.6248077275260355,1,727_left_LAD_prox_10mm_65ds_discrete_T3_stenosis_length_D_perterritory,T3_stenosis_length,D_perterritory,ok,3.0,0.0,True,46.607065702271186,1.0000000000610243,1.0763117002410723,False,34.0,0.5987669771137464,-0.02604075041228915,0.0,2.75090241727739e-11,1.4965234902418176,1.4965234902190847,True,1.4899961465266665e-12
727,left,LAD,prox,10.0,65,discrete,"[0.75, 0.8)",0.6248077275260355,1,727_left_LAD_prox_10mm_65ds_discrete_T4_taper_D_perterritory,T4_taper,D_perterritory,ok,3.0,0.0,True,39.26340615405493,0.8424346300810317,1.783042897093955,False,7.0,0.5291686809365761,-0.09563904658945943,0.0,4.107243561299285e-14,1.496523490216559,1.4965234902190847,True,2.792221648614147e-12
757,left,LAD,prox,20.0,60,leaky,"[0.75, 0.8)",0.7939888469484601,1,757_left_LAD_prox_20mm_60ds_leaky_T1_missed_branch_D_perterritory,T1_missed_branch,D_perterritory,ok,6.0,1.0,True,22.714151400202574,0.565320996776956,0.6580986669367045,False,10.0,0.9144214151325493,0.1204325681840892,1.0,0.408248290463863,1.7342743399450484,2.5466248343478552,True,3.778932502311597e-12
757,left,LAD,prox,20.0,60,leaky,"[0.75, 0.8)",0.7939888469484601,1,757_left_LAD_prox_20mm_60ds_leaky_T2_truncation_D_perterritory,T2_truncation,D_perterritory,ok,6.0,0.0,True,35.47198316879561,0.9613255021209148,1.0282057671707308,False,8.0,0.7938192624702599,-0.00016958447820014655,0.0,6.05943176603401e-14,2.5466248343440347,2.5466248343478552,True,2.2770482242613504e-12
757,left,LAD,prox,20.0,60,leaky,"[0.75, 0.8)",0.7939888469484601,1,757_left_LAD_prox_20mm_60ds_leaky_T3_stenosis_length_D_perterritory,T3_stenosis_length,D_perterritory,ok,6.0,0.0,True,34.49891481002122,0.9999999999481208,1.0107552271517062,False,24.0,0.7862054624285346,-0.00778338451992544,0.0,2.1757312490362238e-11,2.546624834332573,2.5466248343478552,True,2.9850086603455254e-12
757,left,LAD,prox,20.0,60,leaky,"[0.75, 0.8)",0.7939888469484601,1,757_left_LAD_prox_20mm_60ds_leaky_T4_taper_D_perterritory,T4_taper,D_perterritory,ok,6.0,0.0,True,32.75209619564022,0.259401556988677,1.3024092898662132,False,8.0,0.7277078541377638,-0.06628099281069622,0.0,1.1641534129308563e-13,2.5466248343440347,2.5466248343478552,True,2.0585234384974437e-12
757,left,LAD,prox,20.0,60,discrete,"[0.75, 0.8)",0.813123027032851,0,757_left_LAD_prox_20mm_60ds_discrete_T1_missed_branch_D_perterritory,T1_missed_branch,D_perterritory,ok,4.0,1.0,True,36.87484132480536,0.48134267112157575,0.5732098538105022,False,11.0,0.9412126381755168,0.12808961114266582,0.0,0.5,1.619995584051661,2.567875772940626,True,7.936511205923766e-12
757,left,LAD,prox,20.0,60,discrete,"[0.75, 0.8)",0.813123027032851,0,757_left_LAD_prox_20mm_60ds_discrete_T2_truncation_D_perterritory,T2_truncation,D_perterritory,ok,4.0,0.0,True,100.97436136390566,0.559396890256998,1.5705459004781406,False,9.0,0.8126111114609879,-0.0005119155718631418,0.0,9.026881317158807e-14,2.567875772940626,2.567875772940626,True,4.8802409317006835e-12
757,left,LAD,prox,20.0,60,discrete,"[0.75, 0.8)",0.813123027032851,0,757_left_LAD_prox_20mm_60ds_discrete_T3_stenosis_length_D_perterritory,T3_stenosis_length,D_perterritory,ok,4.0,0.0,True,64.29252486868529,0.9999999999417294,1.0110954180258254,False,6.0,0.8057837977264337,-0.007339229306417283,0.0,3.839777154614281e-11,2.567875772940626,2.567875772940626,True,4.717456281494919e-12
757,left,LAD,prox,20.0,60,discrete,"[0.75, 0.8)",0.813123027032851,0,757_left_LAD_prox_20mm_60ds_discrete_T4_taper_D_perterritory,T4_taper,D_perterritory,ok,4.0,0.0,True,55.21302276753899,0.8587782620189123,1.2049717817347219,False,7.0,0.7521828555109993,-0.060940171521851716,1.0,9.397394347834418e-14,2.567875772940626,2.567875772940626,True,4.883209648725713e-12
806,left,LAD,mid,10.0,70,leaky,"[0.75, 0.8)",0.7514881195927823,1,806_left_LAD_mid_10mm_70ds_leaky_T1_missed_branch_D_perterritory,T1_missed_branch,D_perterritory,ok,5.0,1.0,True,26.387086668989287,0.9269533115590943,0.9788713318217105,False,9.0,0.7894247536685932,0.03793663407581094,0.0,0.4472135954999579,3.918692783285751,3.9756705838477773,True,1.2865361948150368e-12
806,left,LAD,mid,10.0,70,leaky,"[0.75, 0.8)",0.7514881195927823,1,806_left_LAD_mid_10mm_70ds_leaky_T2_truncation_D_perterritory,T2_truncation,D_perterritory,ok,5.0,0.0,True,27.03032494027431,0.9516534510354617,1.0027459961411656,False,5.0,0.7514882133969645,9.380418219961939e-08,0.0,5.288325717687963e-14,3.9742829291429813,3.9756705838477773,True,4.526636147319661e-12
806,left,LAD,mid,10.0,70,leaky,"[0.75, 0.8)",0.7514881195927823,1,806_left_LAD_mid_10mm_70ds_leaky_T3_stenosis_length_D_perterritory,T3_stenosis_length,D_perterritory,ok,5.0,0.0,True,26.956300080990722,0.9999998791258807,1.0259970333278414,False,15.0,0.7343295692190991,-0.01715855037368319,0.0,6.793493090899759e-08,3.9756704438925747,3.9756705838477773,True,7.48459105375677e-12
806,left,LAD,mid,10.0,70,leaky,"[0.75, 0.8)",0.7514881195927823,1,806_left_LAD_mid_10mm_70ds_leaky_T4_taper_D_perterritory,T4_taper,D_perterritory,ok,5.0,0.0,True,28.0319331034011,0.9287957208050136,1.327301893496034,False,8.0,0.7401985904103922,-0.011289529182390123,0.0,5.2425901651531073e-14,3.9562274378189453,3.9756705838477773,True,1.107331282656083e-12
806,left,LAD,mid,10.0,70,discrete,"[0.75, 0.8)",0.5381050489419817,1,806_left_LAD_mid_10mm_70ds_discrete_T1_missed_branch_D_perterritory,T1_missed_branch,D_perterritory,ok,4.0,1.0,True,26.692042359701993,0.4133755238351892,0.7655981115258166,False,5.0,0.8623663940549697,0.324261345112988,1.0,0.5,2.544693382553155,2.981374894615053,True,3.733551994128865e-12
806,left,LAD,mid,10.0,70,discrete,"[0.75, 0.8)",0.5381050489419817,1,806_left_LAD_mid_10mm_70ds_discrete_T2_truncation_D_perterritory,T2_truncation,D_perterritory,ok,4.0,0.0,True,45.39654909404883,0.4597219431264244,1.3022588547634208,False,7.0,0.5381050489402562,-1.7255086248724183e-12,0.0,1.8489256699384358e-13,2.9813748946209975,2.981374894615053,True,9.701015310973973e-12
806,left,LAD,mid,10.0,70,discrete,"[0.75, 0.8)",0.5381050489419817,1,806_left_LAD_mid_10mm_70ds_discrete_T3_stenosis_length_D_perterritory,T3_stenosis_length,D_perterritory,ok,4.0,0.0,True,34.85985058053025,0.9999998783314613,1.0901321974696498,False,19.0,0.5066490808523417,-0.03145596808964002,0.0,5.1382607871385126e-08,2.9813747384851093,2.981374894615053,True,9.30425874733413e-12
806,left,LAD,mid,10.0,70,discrete,"[0.75, 0.8)",0.5381050489419817,1,806_left_LAD_mid_10mm_70ds_discrete_T4_taper_D_perterritory,T4_taper,D_perterritory,ok,4.0,0.0,True,31.999290908762998,0.9179411378960687,1.4873125987705804,False,6.0,0.4768439387087676,-0.06126111023321412,0.0,1.7651158992666974e-13,2.9813748946209975,2.981374894615053,True,9.771758243788913e-12
808,left,LAD,mid,10.0,70,leaky,"[0.75, 0.8)",0.7805159397595058,1,808_left_LAD_mid_10mm_70ds_leaky_T1_missed_branch_D_perterritory,T1_missed_branch,D_perterritory,skipped: no deletable downstream branch,,,,,,,,,,,,,,,,
808,left,LAD,mid,10.0,70,leaky,"[0.75, 0.8)",0.7805159397595058,1,808_left_LAD_mid_10mm_70ds_leaky_T2_truncation_D_perterritory,T2_truncation,D_perterritory,ok,6.0,0.0,True,22.597965063464944,0.9688330310329301,1.0075608466923236,False,10.0,0.7856026889199508,0.005086749160444937,0.0,1.0104695735014564e-13,2.850953972524224,2.851041654108793,True,6.852728987105539e-13
808,left,LAD,mid,10.0,70,leaky,"[0.75, 0.8)",0.7805159397595058,1,808_left_LAD_mid_10mm_70ds_leaky_T3_stenosis_length_D_perterritory,T3_stenosis_length,D_perterritory,ok,6.0,0.0,True,22.428387004101058,0.9999999999746563,1.0211681168818736,False,34.0,0.7624559894564421,-0.018059950303063732,0.0,7.745551891571593e-11,2.8510416542256123,2.851041654108793,True,4.97338631163855e-12
808,left,LAD,mid,10.0,70,leaky,"[0.75, 0.8)",0.7805159397595058,1,808_left_LAD_mid_10mm_70ds_leaky_T4_taper_D_perterritory,T4_taper,D_perterritory,ok,6.0,0.0,True,22.159113285948784,0.9879940995382132,1.0521349115501988,False,5.0,0.7657894911939772,-0.014726448565528627,0.0,7.662545304241802e-14,2.8511836414399414,2.851041654108793,True,1.01824568032661e-12
808,left,LAD,mid,10.0,70,discrete,"[0.75, 0.8)",0.6755964869466118,1,808_left_LAD_mid_10mm_70ds_discrete_T1_missed_branch_D_perterritory,T1_missed_branch,D_perterritory,skipped: no deletable downstream branch,,,,,,,,,,,,,,,,
808,left,LAD,mid,10.0,70,discrete,"[0.75, 0.8)",0.6755964869466118,1,808_left_LAD_mid_10mm_70ds_discrete_T2_truncation_D_perterritory,T2_truncation,D_perterritory,ok,4.0,0.0,True,66.4316565048613,0.6353533353445007,1.3046862716198318,False,7.0,0.6822119347692942,0.006615447822682419,0.0,1.865706451830468e-13,2.6185213394389395,2.6185213394389395,True,1.8003144740282673e-12
808,left,LAD,mid,10.0,70,discrete,"[0.75, 0.8)",0.6755964869466118,1,808_left_LAD_mid_10mm_70ds_discrete_T3_stenosis_length_D_perterritory,T3_stenosis_length,D_perterritory,ok,4.0,0.0,True,50.917724781747026,0.9999999998175302,1.0462517584703352,False,37.0,0.6506414751742473,-0.024955011772364477,0.0,9.093170851718162e-11,2.61852133925073,2.6185213394389395,True,2.1799154148501514e-12
808,left,LAD,mid,10.0,70,discrete,"[0.75, 0.8)",0.6755964869466118,1,808_left_LAD_mid_10mm_70ds_discrete_T4_taper_D_perterritory,T4_taper,D_perterritory,ok,4.0,0.0,True,46.92601401708828,0.9216046910624931,1.3516788280876897,False,6.0,0.63600407141826,-0.0395924155283518,0.0,1.0937929462002317e-13,2.6185213394389395,2.6185213394389395,True,1.9465263403944117e-12
3,left,LCX,prox,20.0,75,leaky,"[0.75, 0.8)",0.7938597455749853,1,3_left_LCX_prox_20mm_75ds_leaky_T1_missed_branch_D_perterritory,T1_missed_branch,D_perterritory,skipped: no deletable downstream branch,,,,,,,,,,,,,,,,
3,left,LCX,prox,20.0,75,leaky,"[0.75, 0.8)",0.7938597455749853,1,3_left_LCX_prox_20mm_75ds_leaky_T2_truncation_D_perterritory,T2_truncation,D_perterritory,ok,5.0,0.0,True,35.652797332876325,0.9253544993161833,1.333403822481025,False,5.0,0.7958412444606172,0.001981498885631927,0.0,8.920210659317806e-14,1.3704732532910975,1.3704732532881094,True,1.0011933235196064e-11
3,left,LCX,prox,20.0,75,leaky,"[0.75, 0.8)",0.7938597455749853,1,3_left_LCX_prox_20mm_75ds_leaky_T3_stenosis_length_D_perterritory,T3_stenosis_length,D_perterritory,ok,5.0,0.0,True,38.528798810859406,0.999999999927529,1.022166644663647,False,29.0,0.777702984060692,-0.01615676151429324,0.0,4.091906190816052e-11,1.3704732532711779,1.3704732532881094,True,1.1307538831031737e-11
3,left,LCX,prox,20.0,75,leaky,"[0.75, 0.8)",0.7938597455749853,1,3_left_LCX_prox_20mm_75ds_leaky_T4_taper_D_perterritory,T4_taper,D_perterritory,ok,5.0,0.0,True,36.73206873370175,0.9533014445714884,1.343530468796912,False,6.0,0.7111331160051342,-0.0827266295698511,0.0,5.44318411121635e-14,1.3704732532930892,1.3704732532881094,True,8.590398174935973e-12
3,left,LCX,prox,20.0,75,discrete,"[0.75, 0.8)",0.7175983172908743,1,3_left_LCX_prox_20mm_75ds_discrete_T1_missed_branch_D_perterritory,T1_missed_branch,D_perterritory,skipped: no deletable downstream branch,,,,,,,,,,,,,,,,
3,left,LCX,prox,20.0,75,discrete,"[0.75, 0.8)",0.7175983172908743,1,3_left_LCX_prox_20mm_75ds_discrete_T2_truncation_D_perterritory,T2_truncation,D_perterritory,ok,4.0,0.0,True,173.21383262200501,0.9131988641152554,1.0244945039449602,False,6.0,0.7168786170883883,-0.0007197002024860177,0.0,5.248615601499515e-14,1.2694168616315675,1.2694168616325636,True,9.758865654193932e-12
3,left,LCX,prox,20.0,75,discrete,"[0.75, 0.8)",0.7175983172908743,1,3_left_LCX_prox_20mm_75ds_discrete_T3_stenosis_length_D_perterritory,T3_stenosis_length,D_perterritory,ok,4.0,0.0,True,169.07248594796636,1.0000000004417675,1.0328062757761194,False,18.0,0.6972076984527475,-0.02039061883812676,0.0,8.9644650322217e-09,1.2694168663992724,1.2694168616325636,True,1.5692154489265114e-11
3,left,LCX,prox,20.0,75,discrete,"[0.75, 0.8)",0.7175983172908743,1,3_left_LCX_prox_20mm_75ds_discrete_T4_taper_D_perterritory,T4_taper,D_perterritory,ok,4.0,0.0,True,158.3752812217778,0.9367300677378388,1.4141364334084934,False,6.0,0.6038150703387694,-0.11378324695210495,0.0,8.807653577708277e-14,1.2694168616325636,1.2694168616325636,True,8.93379686005275e-12
69,left,LCX,prox,20.0,70,leaky,"[0.75, 0.8)",0.7782882201782779,1,69_left_LCX_prox_20mm_70ds_leaky_T1_missed_branch_D_perterritory,T1_missed_branch,D_perterritory,ok,6.0,1.0,True,30.02945885699423,0.6529571152445874,1.001112160272403,False,10.0,0.8428749129919049,0.06458669281362694,1.0,0.408248290463863,2.719786610625759,2.9975574102743017,True,3.2790844203724543e-12
69,left,LCX,prox,20.0,70,leaky,"[0.75, 0.8)",0.7782882201782779,1,69_left_LCX_prox_20mm_70ds_leaky_T2_truncation_D_perterritory,T2_truncation,D_perterritory,ok,6.0,0.0,True,30.02349732113268,0.528535021674906,1.4703660325482235,False,7.0,0.8196945408202706,0.04140632064199268,1.0,1.8471653531555675e-13,2.9975574102743017,2.9975574102743017,True,2.18203941525149e-12
69,left,LCX,prox,20.0,70,leaky,"[0.75, 0.8)",0.7782882201782779,1,69_left_LCX_prox_20mm_70ds_leaky_T3_stenosis_length_D_perterritory,T3_stenosis_length,D_perterritory,ok,6.0,0.0,True,29.99464739262367,0.9999999999941294,1.013945379233212,False,41.0,0.7684895286707473,-0.009798691507530655,0.0,8.64136446385083e-12,2.997557410303691,2.9975574102743017,True,7.446400242183824e-12
69,left,LCX,prox,20.0,70,leaky,"[0.75, 0.8)",0.7782882201782779,1,69_left_LCX_prox_20mm_70ds_leaky_T4_taper_D_perterritory,T4_taper,D_perterritory,ok,6.0,0.0,True,29.129555984982456,0.8939498217021556,1.2541512435496318,False,6.0,0.7551524481961838,-0.023135771982094155,0.0,5.375027064282982e-14,2.997557410285322,2.9975574102743017,True,1.5976755832409433e-12
69,left,LCX,prox,20.0,70,discrete,"[0.75, 0.8)",0.7225927808216989,1,69_left_LCX_prox_20mm_70ds_discrete_T1_missed_branch_D_perterritory,T1_missed_branch,D_perterritory,ok,4.0,1.0,True,24.65409796400338,0.5428159040505814,0.7210294587187565,False,7.0,0.9020738197146574,0.17948103889295852,1.0,0.5,2.194451422043813,2.755688252009413,True,1.0458357599221923e-12
69,left,LCX,prox,20.0,70,discrete,"[0.75, 0.8)",0.7225927808216989,1,69_left_LCX_prox_20mm_70ds_discrete_T2_truncation_D_perterritory,T2_truncation,D_perterritory,ok,4.0,0.0,True,42.53215075663488,0.5832653032383572,1.2440284567630395,False,8.0,0.7225927808230072,1.3082868122182845e-12,0.0,1.8815010193612923e-13,2.7556882520057395,2.755688252009413,True,6.857870106473617e-12
69,left,LCX,prox,20.0,70,discrete,"[0.75, 0.8)",0.7225927808216989,1,69_left_LCX_prox_20mm_70ds_discrete_T3_stenosis_length_D_perterritory,T3_stenosis_length,D_perterritory,ok,4.0,0.0,True,34.18904971619685,0.999999999936238,1.0222836362104786,False,6.0,0.7106818274616887,-0.011910953360010135,0.0,3.020393034764095e-11,2.755688251913897,2.755688252009413,True,2.6120828365718754e-12
69,left,LCX,prox,20.0,70,discrete,"[0.75, 0.8)",0.7225927808216989,1,69_left_LCX_prox_20mm_70ds_discrete_T4_taper_D_perterritory,T4_taper,D_perterritory,ok,4.0,0.0,True,30.738068968290314,0.8990618114117802,1.4113644639702885,False,5.0,0.6389878188667212,-0.08360496195497769,0.0,7.709295767503887e-14,2.755688252009413,2.755688252009413,True,8.234608047697696e-12
95,left,LCX,prox,20.0,70,leaky,"[0.75, 0.8)",0.7849695955944478,1,95_left_LCX_prox_20mm_70ds_leaky_T1_missed_branch_D_perterritory,T1_missed_branch,D_perterritory,ok,6.0,0.0,True,49.741958097696596,0.9475331393585921,1.2938442631811577,False,7.0,0.7842957148176011,-0.0006738807768467137,0.0,6.770922238371961e-14,1.322212393698076,1.322212393698076,True,1.2805631818185909e-11
95,left,LCX,prox,20.0,70,leaky,"[0.75, 0.8)",0.7849695955944478,1,95_left_LCX_prox_20mm_70ds_leaky_T2_truncation_D_perterritory,T2_truncation,D_perterritory,ok,6.0,0.0,True,54.20650143101913,0.8848694651705198,1.0325780978262171,False,6.0,0.784886764008965,-8.283158548283431e-05,0.0,8.785415912998186e-14,1.322212393698076,1.322212393698076,True,1.2795381931540872e-11
95,left,LCX,prox,20.0,70,leaky,"[0.75, 0.8)",0.7849695955944478,1,95_left_LCX_prox_20mm_70ds_leaky_T3_stenosis_length_D_perterritory,T3_stenosis_length,D_perterritory,ok,6.0,0.0,True,52.49627272283916,0.9999999999419705,1.0210118976696674,False,32.0,0.77005079488259,-0.014918800711857805,0.0,3.9425272731332575e-11,1.3222123936700463,1.322212393698076,True,5.321452868154322e-12
95,left,LCX,prox,20.0,70,leaky,"[0.75, 0.8)",0.7849695955944478,1,95_left_LCX_prox_20mm_70ds_leaky_T4_taper_D_perterritory,T4_taper,D_perterritory,ok,6.0,0.0,True,51.602158778473616,0.8725966885728694,1.291951840725406,False,8.0,0.7472461814678357,-0.037723414126612065,0.0,6.030053652968537e-14,1.322212393688733,1.322212393698076,True,5.804478776229914e-12
95,left,LCX,prox,20.0,70,discrete,"[0.75, 0.8)",0.7152754708494292,1,95_left_LCX_prox_20mm_70ds_discrete_T1_missed_branch_D_perterritory,T1_missed_branch,D_perterritory,ok,4.0,0.0,True,108.74426787593924,0.8277084512488919,1.9293441400642513,False,7.0,0.7117932498873147,-0.0034822209621144795,0.0,2.779465003882955e-13,1.2215005661303195,1.2215005661303195,True,8.31291548546136e-12
95,left,LCX,prox,20.0,70,discrete,"[0.75, 0.8)",0.7152754708494292,1,95_left_LCX_prox_20mm_70ds_discrete_T2_truncation_D_perterritory,T2_truncation,D_perterritory,ok,4.0,0.0,True,150.83616629277304,0.7769176165564023,1.1480914997483496,False,9.0,0.7141562045434304,-0.0011192663059987895,0.0,1.0597005979687074e-13,1.2215005661303195,1.2215005661303195,True,8.067612361255325e-12
95,left,LCX,prox,20.0,70,discrete,"[0.75, 0.8)",0.7152754708494292,1,95_left_LCX_prox_20mm_70ds_discrete_T3_stenosis_length_D_perterritory,T3_stenosis_length,D_perterritory,ok,4.0,0.0,True,131.3799173028482,1.0000000000000366,1.031203948497729,False,29.0,0.6960203321080775,-0.019255138741351763,0.0,8.539436876940102e-11,1.2215005661817075,1.2215005661303195,True,6.974409886585051e-12
95,left,LCX,prox,20.0,70,discrete,"[0.75, 0.8)",0.7152754708494292,1,95_left_LCX_prox_20mm_70ds_discrete_T4_taper_D_perterritory,T4_taper,D_perterritory,ok,4.0,0.0,True,119.66954342474394,0.9108663324006333,1.2367126538782423,False,7.0,0.655162971222682,-0.06011249962674725,0.0,1.8007004091815753e-13,1.2215005661303195,1.2215005661303195,True,8.022018918381694e-12
196,left,LCX,prox,10.0,70,leaky,"[0.75, 0.8)",0.7999697829846284,1,196_left_LCX_prox_10mm_70ds_leaky_T1_missed_branch_D_perterritory,T1_missed_branch,D_perterritory,skipped: fewer than 2 shared territories to match,,,,,,,,,,,,,,,,
196,left,LCX,prox,10.0,70,leaky,"[0.75, 0.8)",0.7999697829846284,1,196_left_LCX_prox_10mm_70ds_leaky_T2_truncation_D_perterritory,T2_truncation,D_perterritory,ok,4.0,2.0,True,32.45221441499979,0.33547109135987635,0.8292950326296606,False,9.0,0.9169571230338411,0.11698734004921274,1.0,0.7071067811865476,0.28873024845254847,0.5150355585411114,True,2.976075994320993e-11
196,left,LCX,prox,10.0,70,leaky,"[0.75, 0.8)",0.7999697829846284,1,196_left_LCX_prox_10mm_70ds_leaky_T3_stenosis_length_D_perterritory,T3_stenosis_length,D_perterritory,ok,4.0,0.0,True,33.81344511223917,1.0247365207738528,1.0253513864911148,False,5.0,0.7820380571582909,-0.017931725826337508,0.0,9.804582431390767e-15,0.5150355585482848,0.5150355585411114,True,6.874061222617991e-12
196,left,LCX,prox,10.0,70,leaky,"[0.75, 0.8)",0.7999697829846284,1,196_left_LCX_prox_10mm_70ds_leaky_T4_taper_D_perterritory,T4_taper,D_perterritory,ok,4.0,0.0,True,26.192005945083153,1.0219253380593745,1.0323742399043523,False,8.0,0.7576733840208066,-0.04229639896382176,0.0,4.487903988828891e-13,0.515035558542008,0.5150355585411114,True,1.950076480424268e-11
196,left,LCX,prox,10.0,70,discrete,"[0.75, 0.8)",0.8031425387505218,0,196_left_LCX_prox_10mm_70ds_discrete_T1_missed_branch_D_perterritory,T1_missed_branch,D_perterritory,skipped: fewer than 2 shared territories to match,,,,,,,,,,,,,,,,
196,left,LCX,prox,10.0,70,discrete,"[0.75, 0.8)",0.8031425387505218,0,196_left_LCX_prox_10mm_70ds_discrete_T2_truncation_D_perterritory,T2_truncation,D_perterritory,ok,3.0,2.0,True,233.318765488288,1.7951483417396554,1.7951483417396554,False,10.0,0.7661616872754528,-0.03698085147506902,1.0,0.816496580927726,0.5678732929025445,0.5099000036095752,True,1.5099717473002637e-11
196,left,LCX,prox,10.0,70,discrete,"[0.75, 0.8)",0.8031425387505218,0,196_left_LCX_prox_10mm_70ds_discrete_T3_stenosis_length_D_perterritory,T3_stenosis_length,D_perterritory,ok,3.0,0.0,True,136.91006156944061,1.0251382988328175,1.0258045555248254,False,5.0,0.7853896054946053,-0.017752933255916425,1.0,1.8087173352329337e-13,0.5099000036122652,0.5099000036095752,True,5.6288902165878656e-12
196,left,LCX,prox,10.0,70,discrete,"[0.75, 0.8)",0.8031425387505218,0,196_left_LCX_prox_10mm_70ds_discrete_T4_taper_D_perterritory,T4_taper,D_perterritory,ok,3.0,0.0,True,107.94611288625025,1.0266497501932943,1.0383223285745828,False,7.0,0.7615103888710039,-0.04163214987951791,1.0,7.311615882376173e-14,0.5099000036077819,0.5099000036095752,True,1.4529048563454179e-11
306,left,LCX,prox,10.0,80,leaky,"[0.75, 0.8)",0.7927884719615377,1,306_left_LCX_prox_10mm_80ds_leaky_T1_missed_branch_D_perterritory,T1_missed_branch,D_perterritory,ok,5.0,1.0,True,79.13628584667605,0.24038078688587539,0.9305812394371584,False,7.0,0.9339139343305054,0.14112546236896772,1.0,0.4472135954999579,0.7248024429686722,0.8756044997320015,True,3.1772393259540445e-13
306,left,LCX,prox,10.0,80,leaky,"[0.75, 0.8)",0.7927884719615377,1,306_left_LCX_prox_10mm_80ds_leaky_T2_truncation_D_perterritory,T2_truncation,D_perterritory,ok,5.0,2.0,True,80.13510263225339,0.14873869026605993,0.9422597182761738,False,12.0,0.9806789471734468,0.18789047521190916,1.0,0.6324555320336759,0.6556318680725561,0.8756044997320015,True,1.5998661769081103e-11
306,left,LCX,prox,10.0,80,leaky,"[0.75, 0.8)",0.7927884719615377,1,306_left_LCX_prox_10mm_80ds_leaky_T3_stenosis_length_D_perterritory,T3_stenosis_length,D_perterritory,ok,5.0,0.0,True,85.02648210033489,1.000000000011961,1.0377536758507895,False,32.0,0.76616433013803,-0.026624141823507697,0.0,5.903806989560556e-11,0.8756044998051923,0.8756044997320015,True,6.388386201525345e-12
306,left,LCX,prox,10.0,80,leaky,"[0.75, 0.8)",0.7927884719615377,1,306_left_LCX_prox_10mm_80ds_leaky_T4_taper_D_perterritory,T4_taper,D_perterritory,ok,5.0,0.0,True,85.61431484353213,0.4524191890801921,1.2772527230165227,False,9.0,0.7800368889570976,-0.012751583004440126,0.0,1.261958702723214e-12,0.8756044997286745,0.8756044997320015,True,2.323621155367848e-12
306,left,LCX,prox,10.0,80,discrete,"[0.75, 0.8)",0.7987717890850622,1,306_left_LCX_prox_10mm_80ds_discrete_T1_missed_branch_D_perterritory,T1_missed_branch,D_perterritory,ok,4.0,1.0,True,180.0705421538302,0.7324705623218126,0.8488106596894459,False,5.0,0.9151720185223813,0.11640022943731909,1.0,0.5,0.7600365244496698,0.8700673237770797,True,1.9253888942661682e-11
306,left,LCX,prox,10.0,80,discrete,"[0.75, 0.8)",0.7987717890850622,1,306_left_LCX_prox_10mm_80ds_discrete_T2_truncation_D_perterritory,T2_truncation,D_perterritory,ok,4.0,2.0,True,305.23061807473806,1.4390761620095929,1.439078505060379,False,5.0,0.6620125663929066,-0.13675922269215557,0.0,0.7071067811865476,0.952391031806199,0.8700673237770797,True,2.2440825764293806e-11
306,left,LCX,prox,10.0,80,discrete,"[0.75, 0.8)",0.7987717890850622,1,306_left_LCX_prox_10mm_80ds_discrete_T3_stenosis_length_D_perterritory,T3_stenosis_length,D_perterritory,ok,4.0,0.0,True,212.12007898488588,0.9999999999383149,1.0383839015454503,False,22.0,0.7721661652771182,-0.026605623807943957,0.0,3.753910157109271e-11,0.8700673237460291,0.8700673237770797,True,1.139779614469379e-11
306,left,LCX,prox,10.0,80,discrete,"[0.75, 0.8)",0.7987717890850622,1,306_left_LCX_prox_10mm_80ds_discrete_T4_taper_D_perterritory,T4_taper,D_perterritory,ok,4.0,0.0,True,199.7907569388341,0.9418757427158537,1.1782757942767275,False,6.0,0.7847775547747864,-0.0139942343102758,0.0,1.3269562881106375e-13,0.8700673237792977,0.8700673237770797,True,2.4181649580513754e-11
569,left,LCX,mid,10.0,80,leaky,"[0.75, 0.8)",0.7934075807755684,1,569_left_LCX_mid_10mm_80ds_leaky_T1_missed_branch_D_perterritory,T1_missed_branch,D_perterritory,skipped: no deletable downstream branch,,,,,,,,,,,,,,,,
569,left,LCX,mid,10.0,80,leaky,"[0.75, 0.8)",0.7934075807755684,1,569_left_LCX_mid_10mm_80ds_leaky_T2_truncation_D_perterritory,T2_truncation,D_perterritory,ok,6.0,0.0,True,48.13310165335745,0.9937403530524203,1.055952305576668,False,8.0,0.8047873594642853,0.011379778688716868,1.0,3.552856570711225e-14,2.5492818733739186,2.5492818733739186,True,1.1884894064976045e-11
569,left,LCX,mid,10.0,80,leaky,"[0.75, 0.8)",0.7934075807755684,1,569_left_LCX_mid_10mm_80ds_leaky_T3_stenosis_length_D_perterritory,T3_stenosis_length,D_perterritory,ok,6.0,0.0,True,48.43629576429046,0.9999999999057674,1.0433901399245886,False,34.0,0.7632950736731465,-0.03011250710242186,0.0,6.305451192211579e-11,2.549281873435298,2.5492818733739186,True,6.091550212750866e-12
569,left,LCX,mid,10.0,80,leaky,"[0.75, 0.8)",0.7934075807755684,1,569_left_LCX_mid_10mm_80ds_leaky_T4_taper_D_perterritory,T4_taper,D_perterritory,ok,6.0,0.0,True,48.4437910343505,1.0001547449065158,1.0583559540925287,False,12.0,0.7494379234812985,-0.04396965729426994,0.0,1.9610240271426786e-13,2.5492818733807385,2.5492818733739186,True,9.230442124468715e-12
569,left,LCX,mid,10.0,80,discrete,"[0.75, 0.8)",0.4901562528157456,1,569_left_LCX_mid_10mm_80ds_discrete_T1_missed_branch_D_perterritory,T1_missed_branch,D_perterritory,skipped: no deletable downstream branch,,,,,,,,,,,,,,,,
569,left,LCX,mid,10.0,80,discrete,"[0.75, 0.8)",0.4901562528157456,1,569_left_LCX_mid_10mm_80ds_discrete_T2_truncation_D_perterritory,T2_truncation,D_perterritory,ok,4.0,0.0,True,109.73885443126382,0.6618961002119969,1.1109446536763514,False,8.0,0.519670312778124,0.029514059962378436,0.0,8.238792110279357e-14,2.2019084906607524,2.2019084906675723,True,8.31488557883149e-12
569,left,LCX,mid,10.0,80,discrete,"[0.75, 0.8)",0.4901562528157456,1,569_left_LCX_mid_10mm_80ds_discrete_T3_stenosis_length_D_perterritory,T3_stenosis_length,D_perterritory,ok,4.0,0.0,True,98.7797673521517,0.9999999999803645,1.1666621123793401,False,30.0,0.43515169258815584,-0.05500456022758976,0.0,9.840819019312907e-12,2.201908490674392,2.2019084906675723,True,2.017653243613278e-12
569,left,LCX,mid,10.0,80,discrete,"[0.75, 0.8)",0.4901562528157456,1,569_left_LCX_mid_10mm_80ds_discrete_T4_taper_D_perterritory,T4_taper,D_perterritory,ok,4.0,0.0,True,91.83175930026762,0.9296616276983735,1.8671267976143056,False,6.0,0.3811192842561097,-0.1090369685596359,0.0,2.2456006600000172e-13,2.2019084906675723,2.2019084906675723,True,5.232819270344411e-12
698,left,LCX,prox,20.0,75,leaky,"[0.75, 0.8)",0.7735671109398052,1,698_left_LCX_prox_20mm_75ds_leaky_T1_missed_branch_D_perterritory,T1_missed_branch,D_perterritory,skipped: no deletable downstream branch,,,,,,,,,,,,,,,,
698,left,LCX,prox,20.0,75,leaky,"[0.75, 0.8)",0.7735671109398052,1,698_left_LCX_prox_20mm_75ds_leaky_T2_truncation_D_perterritory,T2_truncation,D_perterritory,ok,3.0,0.0,True,48.19335934418033,0.9017872119596533,1.0161104550685864,False,7.0,0.796261302339784,0.022694191399978747,0.0,4.841616828914936e-14,2.2308693009798626,2.2308693009798626,True,2.853198877514439e-11
698,left,LCX,prox,20.0,75,leaky,"[0.75, 0.8)",0.7735671109398052,1,698_left_LCX_prox_20mm_75ds_leaky_T3_stenosis_length_D_perterritory,T3_stenosis_length,D_perterritory,ok,3.0,0.0,True,47.42925250279736,0.9999999999647515,1.0149203840557899,False,28.0,0.756339526972093,-0.01722758396771229,0.0,4.00254854781263e-11,2.2308693009990535,2.2308693009798626,True,1.1986541128325823e-11
698,left,LCX,prox,20.0,75,leaky,"[0.75, 0.8)",0.7735671109398052,1,698_left_LCX_prox_20mm_75ds_leaky_T4_taper_D_perterritory,T4_taper,D_perterritory,ok,3.0,0.0,True,46.520099442637985,0.9808313854386377,1.1298670146242833,False,6.0,0.7386413716953822,-0.03492573924442299,0.0,2.0827191012973438e-14,2.23086930097438,2.2308693009798626,True,3.098249120455519e-11
698,left,LCX,prox,20.0,75,discrete,"[0.75, 0.8)",0.7193376563795163,1,698_left_LCX_prox_20mm_75ds_discrete_T1_missed_branch_D_perterritory,T1_missed_branch,D_perterritory,skipped: no deletable downstream branch,,,,,,,,,,,,,,,,
698,left,LCX,prox,20.0,75,discrete,"[0.75, 0.8)",0.7193376563795163,1,698_left_LCX_prox_20mm_75ds_discrete_T2_truncation_D_perterritory,T2_truncation,D_perterritory,ok,3.0,0.0,True,93.22170798521232,0.6381985666395046,1.1094974077691953,False,8.0,0.7197063146245721,0.00036865824505583067,0.0,1.1403287633807515e-13,2.1420307992476837,2.1420307992476837,True,3.4701357381232575e-12
698,left,LCX,prox,20.0,75,discrete,"[0.75, 0.8)",0.7193376563795163,1,698_left_LCX_prox_20mm_75ds_discrete_T3_stenosis_length_D_perterritory,T3_stenosis_length,D_perterritory,ok,3.0,0.0,True,84.02156447814353,0.9999999999640552,1.037924538329373,False,32.0,0.6961007988688305,-0.023236857510685827,0.0,3.5857066908671395e-11,2.142030799212044,2.1420307992476837,True,5.9645367679167035e-12
698,left,LCX,prox,20.0,75,discrete,"[0.75, 0.8)",0.7193376563795163,1,698_left_LCX_prox_20mm_75ds_discrete_T4_taper_D_perterritory,T4_taper,D_perterritory,ok,3.0,0.0,True,81.43108907535216,0.9691689220632496,1.3503462206350156,False,5.0,0.6590829806317062,-0.06025467574781007,0.0,1.3796101990245645e-13,2.1420307992476837,2.1420307992476837,True,3.5037476733680273e-12
937,left,LCX,mid,10.0,75,leaky,"[0.75, 0.8)",0.7512881047664169,1,937_left_LCX_mid_10mm_75ds_leaky_T1_missed_branch_D_perterritory,T1_missed_branch,D_perterritory,ok,4.0,0.0,True,39.17916335243603,0.9305038464258311,1.118938802775611,False,7.0,0.7507302435020202,-0.0005578612643967196,0.0,1.7936994825136699e-13,1.1865898634423548,1.1800336543283405,True,1.6834084879737337e-12
937,left,LCX,mid,10.0,75,leaky,"[0.75, 0.8)",0.7512881047664169,1,937_left_LCX_mid_10mm_75ds_leaky_T2_truncation_D_perterritory,T2_truncation,D_perterritory,ok,4.0,0.0,True,42.022537715868026,0.9980252015594522,1.0024316154305153,False,5.0,0.7517861557632547,0.0004980509968377511,0.0,5.6838437046704085e-14,1.1802073509594755,1.1800336543283405,True,9.198202334041113e-12
937,left,LCX,mid,10.0,75,leaky,"[0.75, 0.8)",0.7512881047664169,1,937_left_LCX_mid_10mm_75ds_leaky_T3_stenosis_length_D_perterritory,T3_stenosis_length,D_perterritory,ok,4.0,0.0,True,42.10569794343767,0.9999999999153522,1.0347503083995846,False,30.0,0.7281316987744655,-0.023156405991951456,0.0,6.746174639674178e-11,1.180033654338874,1.1800336543283405,True,4.846971910762259e-13
937,left,LCX,mid,10.0,75,leaky,"[0.75, 0.8)",0.7512881047664169,1,937_left_LCX_mid_10mm_75ds_leaky_T4_taper_D_perterritory,T4_taper,D_perterritory,ok,4.0,0.0,True,41.47394618019382,0.9849978477292634,0.9890339107306595,False,10.0,0.751849299375958,0.0005611946095410714,0.0,5.642221041600748e-14,1.1813706452101622,1.1800336543283405,True,8.517323652375523e-12
937,left,LCX,mid,10.0,75,discrete,"[0.75, 0.8)",0.8080014144879734,0,937_left_LCX_mid_10mm_75ds_discrete_T1_missed_branch_D_perterritory,T1_missed_branch,D_perterritory,ok,4.0,0.0,True,111.12279517213753,0.8283259062182674,1.7498496487444337,False,6.0,0.8057316560383536,-0.002269758449619741,0.0,2.4721048769941375e-14,1.219701440104484,1.219701440104484,True,3.366217599305853e-12
937,left,LCX,mid,10.0,75,discrete,"[0.75, 0.8)",0.8080014144879734,0,937_left_LCX_mid_10mm_75ds_discrete_T2_truncation_D_perterritory,T2_truncation,D_perterritory,ok,4.0,0.0,True,161.45416223916698,0.7396294286753997,1.2035034309774708,False,7.0,0.807146856634504,-0.0008545578534693288,0.0,9.113674473527636e-14,1.219701440108434,1.219701440104484,True,6.423748061989437e-14
937,left,LCX,mid,10.0,75,discrete,"[0.75, 0.8)",0.8080014144879734,0,937_left_LCX_mid_10mm_75ds_discrete_T3_stenosis_length_D_perterritory,T3_stenosis_length,D_perterritory,ok,4.0,0.0,True,134.1534706785507,0.9999999999639282,1.0278250179542379,False,35.0,0.788388044882339,-0.019613369605634312,1.0,2.3514212680738783e-11,1.219701440095267,1.219701440104484,True,3.396252961891727e-12
937,left,LCX,mid,10.0,75,discrete,"[0.75, 0.8)",0.8080014144879734,0,937_left_LCX_mid_10mm_75ds_discrete_T4_taper_D_perterritory,T4_taper,D_perterritory,ok,4.0,0.0,True,126.00529698986067,0.9392622967748997,1.227502427503934,False,7.0,0.7653317857111858,-0.042669628776787594,1.0,1.9737054800100648e-13,1.2197014401031672,1.219701440104484,True,4.563812575844473e-12
139,right,RCA,prox,10.0,70,leaky,"[0.75, 0.8)",0.7653476008737953,1,139_right_RCA_prox_10mm_70ds_leaky_T1_missed_branch_D_perterritory,T1_missed_branch,D_perterritory,skipped: fewer than 2 shared territories to match,,,,,,,,,,,,,,,,
139,right,RCA,prox,10.0,70,leaky,"[0.75, 0.8)",0.7653476008737953,1,139_right_RCA_prox_10mm_70ds_leaky_T2_truncation_D_perterritory,T2_truncation,D_perterritory,skipped: fewer than 2 shared territories to match,,,,,,,,,,,,,,,,
139,right,RCA,prox,10.0,70,leaky,"[0.75, 0.8)",0.7653476008737953,1,139_right_RCA_prox_10mm_70ds_leaky_T3_stenosis_length_D_perterritory,T3_stenosis_length,D_perterritory,ok,2.0,0.0,True,24.71355237674216,1.0351484511579625,1.0355255855774799,False,8.0,0.742923965709867,-0.022423635163928313,0.0,4.1643518435118654e-13,0.4491277334174491,0.44964971264711273,True,8.937993796842167e-12
139,right,RCA,prox,10.0,70,leaky,"[0.75, 0.8)",0.7653476008737953,1,139_right_RCA_prox_10mm_70ds_leaky_T4_taper_D_perterritory,T4_taper,D_perterritory,ok,2.0,0.0,True,25.132429219869937,1.4871688126635292,1.4945319041525127,False,7.0,0.6838593061213291,-0.08148829475246622,0.0,4.572036073091019e-13,0.49477729695826056,0.44964971264711273,True,8.552463648312153e-12
139,right,RCA,prox,10.0,70,discrete,"[0.75, 0.8)",0.7727666439871779,1,139_right_RCA_prox_10mm_70ds_discrete_T1_missed_branch_D_perterritory,T1_missed_branch,D_perterritory,skipped: fewer than 2 shared territories to match,,,,,,,,,,,,,,,,
139,right,RCA,prox,10.0,70,discrete,"[0.75, 0.8)",0.7727666439871779,1,139_right_RCA_prox_10mm_70ds_discrete_T2_truncation_D_perterritory,T2_truncation,D_perterritory,skipped: fewer than 2 shared territories to match,,,,,,,,,,,,,,,,
139,right,RCA,prox,10.0,70,discrete,"[0.75, 0.8)",0.7727666439871779,1,139_right_RCA_prox_10mm_70ds_discrete_T3_stenosis_length_D_perterritory,T3_stenosis_length,D_perterritory,ok,2.0,0.0,True,90.72705678999645,1.0376850406560487,1.0387109188158776,False,8.0,0.7503654818454368,-0.022401162141741038,0.0,1.112083023718846e-12,0.4354129598055645,0.4354129598022007,True,7.354051289256895e-12
139,right,RCA,prox,10.0,70,discrete,"[0.75, 0.8)",0.7727666439871779,1,139_right_RCA_prox_10mm_70ds_discrete_T4_taper_D_perterritory,T4_taper,D_perterritory,ok,2.0,0.0,True,80.89420793499104,1.2457818234281999,1.2593800340724528,False,5.0,0.7252197765173939,-0.04754686746978398,0.0,1.6125441989108616e-13,0.4354129597984631,0.4354129598022007,True,7.714549959675295e-12
272,right,RCA,prox,10.0,65,leaky,"[0.75, 0.8)",0.789015916688185,1,272_right_RCA_prox_10mm_65ds_leaky_T1_missed_branch_D_perterritory,T1_missed_branch,D_perterritory,skipped: fewer than 2 shared territories to match,,,,,,,,,,,,,,,,
272,right,RCA,prox,10.0,65,leaky,"[0.75, 0.8)",0.789015916688185,1,272_right_RCA_prox_10mm_65ds_leaky_T2_truncation_D_perterritory,T2_truncation,D_perterritory,skipped: fewer than 2 shared territories to match,,,,,,,,,,,,,,,,
272,right,RCA,prox,10.0,65,leaky,"[0.75, 0.8)",0.789015916688185,1,272_right_RCA_prox_10mm_65ds_leaky_T3_stenosis_length_D_perterritory,T3_stenosis_length,D_perterritory,ok,4.0,0.0,True,22.051489735725877,1.0119400108525316,1.0124484357969208,False,14.0,0.7805376103716156,-0.008478306316569428,0.0,1.6976699888244706e-13,1.7734993073870977,1.7755494782328298,True,8.45982546044527e-12
272,right,RCA,prox,10.0,65,leaky,"[0.75, 0.8)",0.789015916688185,1,272_right_RCA_prox_10mm_65ds_leaky_T4_taper_D_perterritory,T4_taper,D_perterritory,ok,4.0,0.0,True,22.630583340796754,1.427065856262957,1.4558171325292963,False,9.0,0.7185209677834596,-0.07049494890472541,0.0,3.5101808902859424e-13,1.9679200085915594,1.7755494782328298,True,2.0248698014484032e-11
272,right,RCA,prox,10.0,65,discrete,"[0.75, 0.8)",0.8107983997131876,0,272_right_RCA_prox_10mm_65ds_discrete_T1_missed_branch_D_perterritory,T1_missed_branch,D_perterritory,skipped: fewer than 2 shared territories to match,,,,,,,,,,,,,,,,
272,right,RCA,prox,10.0,65,discrete,"[0.75, 0.8)",0.8107983997131876,0,272_right_RCA_prox_10mm_65ds_discrete_T2_truncation_D_perterritory,T2_truncation,D_perterritory,skipped: fewer than 2 shared territories to match,,,,,,,,,,,,,,,,
272,right,RCA,prox,10.0,65,discrete,"[0.75, 0.8)",0.8107983997131876,0,272_right_RCA_prox_10mm_65ds_discrete_T3_stenosis_length_D_perterritory,T3_stenosis_length,D_perterritory,ok,3.0,0.0,True,36.546737571134315,1.0137753219324304,1.0150205334929074,False,11.0,0.8023950459246886,-0.00840335378849899,0.0,2.0648833439018827e-13,1.6090081133004779,1.609008113320349,True,1.222532439176904e-11
272,right,RCA,prox,10.0,65,discrete,"[0.75, 0.8)",0.8107983997131876,0,272_right_RCA_prox_10mm_65ds_discrete_T4_taper_D_perterritory,T4_taper,D_perterritory,ok,3.0,0.0,True,31.65241706465414,1.2050609267531796,1.2360291416717637,False,7.0,0.7775535900507332,-0.033244809662454355,1.0,1.1392464748912889e-13,1.6090081133071017,1.609008113320349,True,7.790531772034075e-12
423,right,RCA,mid,10.0,65,leaky,"[0.75, 0.8)",0.7933744303779764,1,423_right_RCA_mid_10mm_65ds_leaky_T1_missed_branch_D_perterritory,T1_missed_branch,D_perterritory,skipped: fewer than 2 shared territories to match,,,,,,,,,,,,,,,,
423,right,RCA,mid,10.0,65,leaky,"[0.75, 0.8)",0.7933744303779764,1,423_right_RCA_mid_10mm_65ds_leaky_T2_truncation_D_perterritory,T2_truncation,D_perterritory,skipped: fewer than 2 shared territories to match,,,,,,,,,,,,,,,,
423,right,RCA,mid,10.0,65,leaky,"[0.75, 0.8)",0.7933744303779764,1,423_right_RCA_mid_10mm_65ds_leaky_T3_stenosis_length_D_perterritory,T3_stenosis_length,D_perterritory,ok,2.0,0.0,True,19.284342629296408,1.0044564693117741,1.0045311226831448,False,9.0,0.7901967609764915,-0.003177669401484895,0.0,8.026139305496876e-14,1.5219435774633183,1.5256020489334632,True,8.26486028209304e-12
423,right,RCA,mid,10.0,65,leaky,"[0.75, 0.8)",0.7933744303779764,1,423_right_RCA_mid_10mm_65ds_leaky_T4_taper_D_perterritory,T4_taper,D_perterritory,ok,2.0,0.0,True,19.377139794343503,1.2935827639331618,1.3018817208250244,False,7.0,0.775826131277656,-0.017548299100320408,0.0,1.1711246597404094e-13,1.633020982847966,1.5256020489334632,True,1.0055339697371555e-11
423,right,RCA,mid,10.0,65,discrete,"[0.75, 0.8)",0.7655690208772087,1,423_right_RCA_mid_10mm_65ds_discrete_T1_missed_branch_D_perterritory,T1_missed_branch,D_perterritory,skipped: fewer than 2 shared territories to match,,,,,,,,,,,,,,,,
423,right,RCA,mid,10.0,65,discrete,"[0.75, 0.8)",0.7655690208772087,1,423_right_RCA_mid_10mm_65ds_discrete_T2_truncation_D_perterritory,T2_truncation,D_perterritory,skipped: fewer than 2 shared territories to match,,,,,,,,,,,,,,,,
423,right,RCA,mid,10.0,65,discrete,"[0.75, 0.8)",0.7655690208772087,1,423_right_RCA_mid_10mm_65ds_discrete_T3_stenosis_length_D_perterritory,T3_stenosis_length,D_perterritory,ok,2.0,0.0,True,33.826332079892204,1.0059487156521416,1.0066252503247923,False,6.0,0.7619452506062934,-0.0036237702709153163,0.0,5.4002460112297476e-14,1.3581313674932818,1.3581313674932818,True,1.714015560650944e-12
423,right,RCA,mid,10.0,65,discrete,"[0.75, 0.8)",0.7655690208772087,1,423_right_RCA_mid_10mm_65ds_discrete_T4_taper_D_perterritory,T4_taper,D_perterritory,ok,2.0,0.0,True,26.155183967947366,1.0656547199823658,1.132027553873446,False,6.0,0.7248270512087415,-0.040741969668467215,0.0,1.3172858030217262e-13,1.3581313674975708,1.3581313674932818,True,1.2914755652530642e-12
466,right,RCA,mid,20.0,65,leaky,"[0.75, 0.8)",0.7763159134920398,1,466_right_RCA_mid_20mm_65ds_leaky_T1_missed_branch_D_perterritory,T1_missed_branch,D_perterritory,skipped: fewer than 2 shared territories to match,,,,,,,,,,,,,,,,
466,right,RCA,mid,20.0,65,leaky,"[0.75, 0.8)",0.7763159134920398,1,466_right_RCA_mid_20mm_65ds_leaky_T2_truncation_D_perterritory,T2_truncation,D_perterritory,skipped: fewer than 2 shared territories to match,,,,,,,,,,,,,,,,
466,right,RCA,mid,20.0,65,leaky,"[0.75, 0.8)",0.7763159134920398,1,466_right_RCA_mid_20mm_65ds_leaky_T3_stenosis_length_D_perterritory,T3_stenosis_length,D_perterritory,ok,4.0,0.0,True,20.892762864282368,1.0128935360495748,1.0136022954143349,False,6.0,0.7674935506665186,-0.00882236282552118,0.0,1.1353711601460028e-13,1.247476821764516,1.2527628902916252,True,4.0671916828696135e-13
466,right,RCA,mid,20.0,65,leaky,"[0.75, 0.8)",0.7763159134920398,1,466_right_RCA_mid_20mm_65ds_leaky_T4_taper_D_perterritory,T4_taper,D_perterritory,ok,4.0,0.0,True,20.911060286214802,1.3225351363845372,1.3534012330511425,False,7.0,0.7461279698977116,-0.030187943594328193,0.0,5.664407793629362e-14,1.2093796061266702,1.2527628902916252,True,1.2757537051291307e-12
466,right,RCA,mid,20.0,65,discrete,"[0.75, 0.8)",0.7267784554150869,1,466_right_RCA_mid_20mm_65ds_discrete_T1_missed_branch_D_perterritory,T1_missed_branch,D_perterritory,skipped: fewer than 2 shared territories to match,,,,,,,,,,,,,,,,
466,right,RCA,mid,20.0,65,discrete,"[0.75, 0.8)",0.7267784554150869,1,466_right_RCA_mid_20mm_65ds_discrete_T2_truncation_D_perterritory,T2_truncation,D_perterritory,skipped: fewer than 2 shared territories to match,,,,,,,,,,,,,,,,
466,right,RCA,mid,20.0,65,discrete,"[0.75, 0.8)",0.7267784554150869,1,466_right_RCA_mid_20mm_65ds_discrete_T3_stenosis_length_D_perterritory,T3_stenosis_length,D_perterritory,ok,2.0,0.0,True,33.04970029111093,1.0231468749318127,1.023273778972364,False,4.0,0.7144945002190366,-0.0122839551960503,0.0,6.687282808385631e-14,1.0682355160773465,1.0682355160686234,True,1.611723555808185e-11
466,right,RCA,mid,20.0,65,discrete,"[0.75, 0.8)",0.7267784554150869,1,466_right_RCA_mid_20mm_65ds_discrete_T4_taper_D_perterritory,T4_taper,D_perterritory,ok,2.0,0.0,True,29.337404267786237,1.3248276996361743,1.3294211879005209,False,5.0,0.6682710583286461,-0.058507397086440815,0.0,2.017780017077857e-13,1.0682355160686234,1.0682355160686234,True,7.694961563233873e-12
473,right,RCA,mid,20.0,65,leaky,"[0.75, 0.8)",0.763075308350928,1,473_right_RCA_mid_20mm_65ds_leaky_T1_missed_branch_D_perterritory,T1_missed_branch,D_perterritory,skipped: fewer than 2 shared territories to match,,,,,,,,,,,,,,,,
473,right,RCA,mid,20.0,65,leaky,"[0.75, 0.8)",0.763075308350928,1,473_right_RCA_mid_20mm_65ds_leaky_T2_truncation_D_perterritory,T2_truncation,D_perterritory,skipped: fewer than 2 shared territories to match,,,,,,,,,,,,,,,,
473,right,RCA,mid,20.0,65,leaky,"[0.75, 0.8)",0.763075308350928,1,473_right_RCA_mid_20mm_65ds_leaky_T3_stenosis_length_D_perterritory,T3_stenosis_length,D_perterritory,ok,4.0,0.0,True,21.43783044766504,1.0124317310814464,1.0128109889559476,False,5.0,0.754539861876089,-0.008535446474838948,0.0,2.115120457894267e-14,1.9349118521059907,1.9417256705263506,True,1.1215708664717012e-11
473,right,RCA,mid,20.0,65,leaky,"[0.75, 0.8)",0.763075308350928,1,473_right_RCA_mid_20mm_65ds_leaky_T4_taper_D_perterritory,T4_taper,D_perterritory,ok,4.0,0.0,True,21.468174406462538,1.322059707325717,1.3374733893931396,False,6.0,0.7273842189746652,-0.03569108937626275,0.0,6.987859790171817e-14,2.0607895230670352,1.9417256705263506,True,3.5761100661158183e-12
473,right,RCA,mid,20.0,65,discrete,"[0.75, 0.8)",0.6732095080193574,1,473_right_RCA_mid_20mm_65ds_discrete_T1_missed_branch_D_perterritory,T1_missed_branch,D_perterritory,skipped: fewer than 2 shared territories to match,,,,,,,,,,,,,,,,
473,right,RCA,mid,20.0,65,discrete,"[0.75, 0.8)",0.6732095080193574,1,473_right_RCA_mid_20mm_65ds_discrete_T2_truncation_D_perterritory,T2_truncation,D_perterritory,skipped: fewer than 2 shared territories to match,,,,,,,,,,,,,,,,
473,right,RCA,mid,20.0,65,discrete,"[0.75, 0.8)",0.6732095080193574,1,473_right_RCA_mid_20mm_65ds_discrete_T3_stenosis_length_D_perterritory,T3_stenosis_length,D_perterritory,ok,2.0,0.0,True,20.774000671064456,1.0272221860356665,1.0313146602594903,False,5.0,0.6601249835537393,-0.013084524465618141,0.0,1.8131749693969543e-13,1.4470008718144567,1.4470008718043694,True,1.2048407140902635e-11
473,right,RCA,mid,20.0,65,discrete,"[0.75, 0.8)",0.6732095080193574,1,473_right_RCA_mid_20mm_65ds_discrete_T4_taper_D_perterritory,T4_taper,D_perterritory,ok,2.0,0.0,True,15.629867356321133,1.1155814811814602,1.181627382699741,False,10.0,0.625097912070529,-0.04811159594882841,0.0,4.128208320650875e-13,1.4470008718077318,1.4470008718043694,True,6.812991551649811e-12
546,right,RCA,prox,10.0,70,leaky,"[0.75, 0.8)",0.7545015584209329,1,546_right_RCA_prox_10mm_70ds_leaky_T1_missed_branch_D_perterritory,T1_missed_branch,D_perterritory,skipped: fewer than 2 shared territories to match,,,,,,,,,,,,,,,,
546,right,RCA,prox,10.0,70,leaky,"[0.75, 0.8)",0.7545015584209329,1,546_right_RCA_prox_10mm_70ds_leaky_T2_truncation_D_perterritory,T2_truncation,D_perterritory,skipped: fewer than 2 shared territories to match,,,,,,,,,,,,,,,,
546,right,RCA,prox,10.0,70,leaky,"[0.75, 0.8)",0.7545015584209329,1,546_right_RCA_prox_10mm_70ds_leaky_T3_stenosis_length_D_perterritory,T3_stenosis_length,D_perterritory,ok,2.0,0.0,True,24.189681973746076,1.0278875743910914,1.028037229491359,False,5.0,0.7368330772998389,-0.017668481121093982,0.0,6.722827069341152e-14,0.5720166735927247,0.5780543654195439,True,1.0346975870066145e-12
546,right,RCA,prox,10.0,70,leaky,"[0.75, 0.8)",0.7545015584209329,1,546_right_RCA_prox_10mm_70ds_leaky_T4_taper_D_perterritory,T4_taper,D_perterritory,ok,2.0,0.0,True,24.015229951565956,1.3351587272765444,1.3382624932012968,False,7.0,0.7233200715104924,-0.031181486910440537,0.0,1.1088674742635837e-13,0.5574318254021233,0.5780543654195439,True,1.1265776342090176e-11
546,right,RCA,prox,10.0,70,discrete,"[0.75, 0.8)",0.7277633998379051,1,546_right_RCA_prox_10mm_70ds_discrete_T1_missed_branch_D_perterritory,T1_missed_branch,D_perterritory,skipped: fewer than 2 shared territories to match,,,,,,,,,,,,,,,,
546,right,RCA,prox,10.0,70,discrete,"[0.75, 0.8)",0.7277633998379051,1,546_right_RCA_prox_10mm_70ds_discrete_T2_truncation_D_perterritory,T2_truncation,D_perterritory,skipped: fewer than 2 shared territories to match,,,,,,,,,,,,,,,,
546,right,RCA,prox,10.0,70,discrete,"[0.75, 0.8)",0.7277633998379051,1,546_right_RCA_prox_10mm_70ds_discrete_T3_stenosis_length_D_perterritory,T3_stenosis_length,D_perterritory,ok,2.0,0.0,True,69.1746325242096,1.0441350818127693,1.0449984232431764,False,12.0,0.7036493793940918,-0.024114020443813278,0.0,1.2867053399287636e-12,0.5284640588231956,0.5284640588226984,True,6.1604400117986005e-12
546,right,RCA,prox,10.0,70,discrete,"[0.75, 0.8)",0.7277633998379051,1,546_right_RCA_prox_10mm_70ds_discrete_T4_taper_D_perterritory,T4_taper,D_perterritory,ok,2.0,0.0,True,61.819619558307075,1.2882866825889734,1.3026438082241956,False,8.0,0.6715462706255341,-0.056217129212370986,0.0,4.827033175273372e-13,0.528464058822201,0.5284640588226984,True,3.4741131066992572e-12
725,right,RCA,prox,20.0,65,leaky,"[0.75, 0.8)",0.7866163221521221,1,725_right_RCA_prox_20mm_65ds_leaky_T1_missed_branch_D_perterritory,T1_missed_branch,D_perterritory,skipped: fewer than 2 shared territories to match,,,,,,,,,,,,,,,,
725,right,RCA,prox,20.0,65,leaky,"[0.75, 0.8)",0.7866163221521221,1,725_right_RCA_prox_20mm_65ds_leaky_T2_truncation_D_perterritory,T2_truncation,D_perterritory,skipped: fewer than 2 shared territories to match,,,,,,,,,,,,,,,,
725,right,RCA,prox,20.0,65,leaky,"[0.75, 0.8)",0.7866163221521221,1,725_right_RCA_prox_20mm_65ds_leaky_T3_stenosis_length_D_perterritory,T3_stenosis_length,D_perterritory,ok,2.0,0.0,True,22.525685463777734,1.0163650069522476,1.0164378496485356,False,6.0,0.7757293671573552,-0.010886954994766884,0.0,6.304560806172728e-14,0.6905911093557888,0.6956564598249734,True,1.892694097888238e-12
725,right,RCA,prox,20.0,65,leaky,"[0.75, 0.8)",0.7866163221521221,1,725_right_RCA_prox_20mm_65ds_leaky_T4_taper_D_perterritory,T4_taper,D_perterritory,ok,2.0,0.0,True,22.504810157152423,1.3211132493845918,1.323559873446418,False,6.0,0.7633209245635741,-0.023295397588547928,0.0,7.814074915548006e-14,0.6216093762503816,0.6956564598249734,True,2.6539215895476834e-12
725,right,RCA,prox,20.0,65,discrete,"[0.75, 0.8)",0.7679642588180372,1,725_right_RCA_prox_20mm_65ds_discrete_T1_missed_branch_D_perterritory,T1_missed_branch,D_perterritory,skipped: fewer than 2 shared territories to match,,,,,,,,,,,,,,,,
725,right,RCA,prox,20.0,65,discrete,"[0.75, 0.8)",0.7679642588180372,1,725_right_RCA_prox_20mm_65ds_discrete_T2_truncation_D_perterritory,T2_truncation,D_perterritory,skipped: fewer than 2 shared territories to match,,,,,,,,,,,,,,,,
725,right,RCA,prox,20.0,65,discrete,"[0.75, 0.8)",0.7679642588180372,1,725_right_RCA_prox_20mm_65ds_discrete_T3_stenosis_length_D_perterritory,T3_stenosis_length,D_perterritory,ok,2.0,0.0,True,80.25186355202267,1.0252168959474497,1.026344491350816,False,8.0,0.7536525205048594,-0.01431173831317778,0.0,1.9033391975018856e-13,0.6128346512195002,0.612834651214196,True,1.098986604046232e-11
725,right,RCA,prox,20.0,65,discrete,"[0.75, 0.8)",0.7679642588180372,1,725_right_RCA_prox_20mm_65ds_discrete_T4_taper_D_perterritory,T4_taper,D_perterritory,ok,2.0,0.0,True,77.29161979556936,1.397369471690675,1.4348185657793642,False,6.0,0.7014658556647834,-0.06649840315325384,0.0,2.2521176130943114e-13,0.6128346512131352,0.612834651214196,True,1.8728210639812742e-13
812,right,RCA,prox,10.0,65,leaky,"[0.75, 0.8)",0.7842647995005492,1,812_right_RCA_prox_10mm_65ds_leaky_T1_missed_branch_D_perterritory,T1_missed_branch,D_perterritory,skipped: fewer than 2 shared territories to match,,,,,,,,,,,,,,,,
812,right,RCA,prox,10.0,65,leaky,"[0.75, 0.8)",0.7842647995005492,1,812_right_RCA_prox_10mm_65ds_leaky_T2_truncation_D_perterritory,T2_truncation,D_perterritory,skipped: fewer than 2 shared territories to match,,,,,,,,,,,,,,,,
812,right,RCA,prox,10.0,65,leaky,"[0.75, 0.8)",0.7842647995005492,1,812_right_RCA_prox_10mm_65ds_leaky_T3_stenosis_length_D_perterritory,T3_stenosis_length,D_perterritory,ok,4.0,0.0,True,19.940525220610144,1.0095955295590024,1.0101497781441588,False,5.0,0.7777346071696509,-0.0065301923308982435,0.0,3.641235467043881e-14,2.282100890254416,2.289097500731732,True,7.715193676708414e-12
812,right,RCA,prox,10.0,65,leaky,"[0.75, 0.8)",0.7842647995005492,1,812_right_RCA_prox_10mm_65ds_leaky_T4_taper_D_perterritory,T4_taper,D_perterritory,ok,4.0,0.0,True,19.892343803558962,1.34052206513654,1.3747677473965785,False,7.0,0.7481054783420299,-0.036159321158519275,0.0,7.211341570009066e-13,2.3156586127816836,2.289097500731732,True,3.927432439509963e-12
812,right,RCA,prox,10.0,65,discrete,"[0.75, 0.8)",0.8025623801586237,0,812_right_RCA_prox_10mm_65ds_discrete_T1_missed_branch_D_perterritory,T1_missed_branch,D_perterritory,skipped: fewer than 2 shared territories to match,,,,,,,,,,,,,,,,
812,right,RCA,prox,10.0,65,discrete,"[0.75, 0.8)",0.8025623801586237,0,812_right_RCA_prox_10mm_65ds_discrete_T2_truncation_D_perterritory,T2_truncation,D_perterritory,skipped: fewer than 2 shared territories to match,,,,,,,,,,,,,,,,
812,right,RCA,prox,10.0,65,discrete,"[0.75, 0.8)",0.8025623801586237,0,812_right_RCA_prox_10mm_65ds_discrete_T3_stenosis_length_D_perterritory,T3_stenosis_length,D_perterritory,ok,3.0,0.0,True,29.096122124906593,1.0117102381831906,1.016161621394871,False,7.0,0.7950857950401119,-0.0074765851185117915,1.0,1.2378277417024244e-13,2.009292252093365,2.009292252072115,True,8.059343218357889e-12
812,right,RCA,prox,10.0,65,discrete,"[0.75, 0.8)",0.8025623801586237,0,812_right_RCA_prox_10mm_65ds_discrete_T4_taper_D_perterritory,T4_taper,D_perterritory,ok,3.0,0.0,True,25.654680230369127,1.202931350554292,1.4821733094475038,False,7.0,0.7649862949174887,-0.03757608524113498,1.0,1.0443665675857688e-13,2.0092922520853964,2.009292252072115,True,1.217986054698864e-11
244,left,LAD,prox,10.0,65,leaky,"[0.8, 0.85)",0.8144980637893514,0,244_left_LAD_prox_10mm_65ds_leaky_T1_missed_branch_D_perterritory,T1_missed_branch,D_perterritory,ok,6.0,1.0,True,20.277692429486585,0.9281256410473592,1.0006426608147105,False,11.0,0.8252929148123636,0.010794851023012142,0.0,0.408248290463863,3.5397237968056623,3.631107444241681,True,4.763855284176684e-12
244,left,LAD,prox,10.0,65,leaky,"[0.8, 0.85)",0.8144980637893514,0,244_left_LAD_prox_10mm_65ds_leaky_T2_truncation_D_perterritory,T2_truncation,D_perterritory,ok,6.0,0.0,True,20.292973825437056,0.782848670819985,1.0637333058668823,False,7.0,0.8284394660978093,0.013941402308457862,0.0,1.46622221256629e-13,3.6301155277591377,3.631107444241681,True,5.474505385989191e-12
244,left,LAD,prox,10.0,65,leaky,"[0.8, 0.85)",0.8144980637893514,0,244_left_LAD_prox_10mm_65ds_leaky_T3_stenosis_length_D_perterritory,T3_stenosis_length,D_perterritory,ok,6.0,0.0,True,20.263660099465593,0.9999999998018947,1.013441686519649,False,39.0,0.8046430739459621,-0.009854989843389284,0.0,9.847121802894464e-11,3.631107444136634,3.631107444241681,True,1.404876061455115e-12
244,left,LAD,prox,10.0,65,leaky,"[0.8, 0.85)",0.8144980637893514,0,244_left_LAD_prox_10mm_65ds_leaky_T4_taper_D_perterritory,T4_taper,D_perterritory,ok,6.0,0.0,True,20.83430456484433,0.8719033941133103,1.2828657814392308,False,8.0,0.81715119572935,0.0026531319399986097,0.0,2.7786294950465195e-14,3.6122996650687575,3.631107444241681,True,3.1139713153678795e-13
244,left,LAD,prox,10.0,65,discrete,"[0.8, 0.85)",0.8299260063712371,0,244_left_LAD_prox_10mm_65ds_discrete_T1_missed_branch_D_perterritory,T1_missed_branch,D_perterritory,skipped: no deletable downstream branch,,,,,,,,,,,,,,,,
244,left,LAD,prox,10.0,65,discrete,"[0.8, 0.85)",0.8299260063712371,0,244_left_LAD_prox_10mm_65ds_discrete_T2_truncation_D_perterritory,T2_truncation,D_perterritory,ok,3.0,0.0,True,37.59224758456942,0.6989292650703298,1.1675826145479056,False,5.0,0.8299260063705692,-6.679101716144942e-13,0.0,5.4724935885107086e-14,3.5066136897588414,3.5066136897625926,True,1.453182660400872e-12
244,left,LAD,prox,10.0,65,discrete,"[0.8, 0.85)",0.8299260063712371,0,244_left_LAD_prox_10mm_65ds_discrete_T3_stenosis_length_D_perterritory,T3_stenosis_length,D_perterritory,ok,3.0,0.0,True,32.19664897042739,1.0000000000030236,1.016232899067358,False,30.0,0.8201024250042221,-0.009823581367015,0.0,2.5698865553247996e-10,3.5066136902765708,3.5066136897625926,True,1.918172125089687e-12
244,left,LAD,prox,10.0,65,discrete,"[0.8, 0.85)",0.8299260063712371,0,244_left_LAD_prox_10mm_65ds_discrete_T4_taper_D_perterritory,T4_taper,D_perterritory,ok,3.0,0.0,True,29.98180811386454,0.9312089634359823,1.3424315904619837,False,6.0,0.7860550330690226,-0.043870973302214566,1.0,1.4733914205087655e-13,3.5066136897625926,3.5066136897625926,True,2.5090106870956965e-12
461,left,LAD,prox,20.0,65,leaky,"[0.8, 0.85)",0.848613376588042,0,461_left_LAD_prox_20mm_65ds_leaky_T1_missed_branch_D_perterritory,T1_missed_branch,D_perterritory,ok,6.0,1.0,True,41.4692061037468,0.8481752661686248,0.8913672750218887,False,12.0,0.8888328628651925,0.04021948627715044,0.0,0.408248290463863,2.8214101100185416,3.1362621032358042,True,1.3016322528662709e-11
461,left,LAD,prox,20.0,65,leaky,"[0.8, 0.85)",0.848613376588042,0,461_left_LAD_prox_20mm_65ds_leaky_T2_truncation_D_perterritory,T2_truncation,D_perterritory,ok,6.0,0.0,True,44.201659391095774,0.9502512230467394,1.1554743955212206,False,7.0,0.8486072970018065,-6.07958623555227e-06,0.0,4.784774296827278e-14,3.1362621032358042,3.1362621032358042,True,7.39039302383331e-12
461,left,LAD,prox,20.0,65,leaky,"[0.8, 0.85)",0.848613376588042,0,461_left_LAD_prox_20mm_65ds_leaky_T3_stenosis_length_D_perterritory,T3_stenosis_length,D_perterritory,ok,6.0,0.0,True,46.51576164182596,0.9999999999540046,1.0063807484395004,False,40.0,0.8436425865504004,-0.00497079003764167,0.0,2.678965754047924e-11,3.1362621032358042,3.1362621032358042,True,3.398786763939128e-12
461,left,LAD,prox,20.0,65,leaky,"[0.8, 0.85)",0.848613376588042,0,461_left_LAD_prox_20mm_65ds_leaky_T4_taper_D_perterritory,T4_taper,D_perterritory,ok,6.0,0.0,True,43.4745273869874,0.9206203076360532,1.208789407526335,False,7.0,0.821273070606628,-0.027340305981414015,0.0,4.968731320603971e-14,3.136262103276707,3.1362621032358042,True,5.647044574379308e-12
461,left,LAD,prox,20.0,65,discrete,"[0.8, 0.85)",0.891496212328155,0,461_left_LAD_prox_20mm_65ds_discrete_T1_missed_branch_D_perterritory,T1_missed_branch,D_perterritory,ok,4.0,1.0,True,41.5369919123861,0.7550231619250025,0.8081988940261524,False,5.0,0.9422781020400004,0.050781889711845385,0.0,0.5,2.6749005562123815,3.1508325453607005,True,2.180011368472911e-11
461,left,LAD,prox,20.0,65,discrete,"[0.8, 0.85)",0.891496212328155,0,461_left_LAD_prox_20mm_65ds_discrete_T2_truncation_D_perterritory,T2_truncation,D_perterritory,ok,4.0,0.0,True,126.74743410990266,0.4254033633949123,2.4668184421756156,False,8.0,0.8914962123387138,1.0558776075697551e-11,0.0,3.9709633985452936e-14,3.1508325453607005,3.1508325453607005,True,1.1381518023603385e-11
461,left,LAD,prox,20.0,65,discrete,"[0.8, 0.85)",0.891496212328155,0,461_left_LAD_prox_20mm_65ds_discrete_T3_stenosis_length_D_perterritory,T3_stenosis_length,D_perterritory,ok,4.0,0.0,True,51.38093340915685,0.9999999999328225,1.0059752920803913,False,29.0,0.8872302067804914,-0.004266005547663654,0.0,3.911592809891931e-11,3.1508325453061636,3.1508325453607005,True,2.9525411858376054e-12
461,left,LAD,prox,20.0,65,discrete,"[0.8, 0.85)",0.891496212328155,0,461_left_LAD_prox_20mm_65ds_discrete_T4_taper_D_perterritory,T4_taper,D_perterritory,ok,4.0,0.0,True,46.32011750767102,0.9015040100344934,1.1918576320388867,False,6.0,0.8673653046086593,-0.024130907719495664,0.0,1.1695096935214488e-13,3.1508325453425217,3.1508325453607005,True,1.7244259938500737e-11
751,left,LAD,prox,20.0,70,leaky,"[0.8, 0.85)",0.843069970488292,0,751_left_LAD_prox_20mm_70ds_leaky_T1_missed_branch_D_perterritory,T1_missed_branch,D_perterritory,skipped: no deletable downstream branch,,,,,,,,,,,,,,,,
751,left,LAD,prox,20.0,70,leaky,"[0.8, 0.85)",0.843069970488292,0,751_left_LAD_prox_20mm_70ds_leaky_T2_truncation_D_perterritory,T2_truncation,D_perterritory,ok,6.0,0.0,True,41.724475308884564,0.7816540329635385,1.1334655679199417,False,6.0,0.878456728898031,0.03538675840973893,0.0,2.062273812696928e-14,2.500039601868961,2.500039601868961,True,4.04248540807491e-12
751,left,LAD,prox,20.0,70,leaky,"[0.8, 0.85)",0.843069970488292,0,751_left_LAD_prox_20mm_70ds_leaky_T3_stenosis_length_D_perterritory,T3_stenosis_length,D_perterritory,ok,6.0,0.0,True,41.660825283942536,0.999999999963728,1.010425935895082,False,28.0,0.8328363504169148,-0.01023362007137718,0.0,4.7668795816352e-11,2.5000396018581132,2.500039601868961,True,1.622720015258668e-12
751,left,LAD,prox,20.0,70,leaky,"[0.8, 0.85)",0.843069970488292,0,751_left_LAD_prox_20mm_70ds_leaky_T4_taper_D_perterritory,T4_taper,D_perterritory,ok,6.0,0.0,True,41.670476677690516,0.9687182287510389,1.0754270897410407,False,6.0,0.8259730108303172,-0.017096959657974864,0.0,6.673282769604219e-14,2.500039601868961,2.500039601868961,True,4.060442222107343e-12
751,left,LAD,prox,20.0,70,discrete,"[0.8, 0.85)",0.8414550321615244,0,751_left_LAD_prox_20mm_70ds_discrete_T1_missed_branch_D_perterritory,T1_missed_branch,D_perterritory,skipped: no deletable downstream branch,,,,,,,,,,,,,,,,
751,left,LAD,prox,20.0,70,discrete,"[0.8, 0.85)",0.8414550321615244,0,751_left_LAD_prox_20mm_70ds_discrete_T2_truncation_D_perterritory,T2_truncation,D_perterritory,ok,4.0,0.0,True,88.08152687135687,0.49761120379774376,1.2295996132304265,False,7.0,0.8384651512859058,-0.002989880875618578,0.0,9.888652522659052e-14,2.394834316169607,2.3948343161641827,True,3.845158984026752e-12
751,left,LAD,prox,20.0,70,discrete,"[0.8, 0.85)",0.8414550321615244,0,751_left_LAD_prox_20mm_70ds_discrete_T3_stenosis_length_D_perterritory,T3_stenosis_length,D_perterritory,ok,4.0,0.0,True,71.63431569399263,0.9999999985678608,1.0155771200452566,False,30.0,0.8307862776780098,-0.010668754483514564,0.0,5.736938299777237e-10,2.3948343150495224,2.3948343161641827,True,4.3168068272084024e-13
751,left,LAD,prox,20.0,70,discrete,"[0.8, 0.85)",0.8414550321615244,0,751_left_LAD_prox_20mm_70ds_discrete_T4_taper_D_perterritory,T4_taper,D_perterritory,ok,4.0,0.0,True,69.01613050546226,0.9634506847287714,1.323586875266463,False,6.0,0.8182591351296269,-0.023195897031897506,0.0,9.725822182747892e-14,2.394834316169607,2.3948343161641827,True,3.932697672206545e-12
825,left,LAD,prox,20.0,75,leaky,"[0.8, 0.85)",0.8278094056820986,0,825_left_LAD_prox_20mm_75ds_leaky_T1_missed_branch_D_perterritory,T1_missed_branch,D_perterritory,skipped: no deletable downstream branch,,,,,,,,,,,,,,,,
825,left,LAD,prox,20.0,75,leaky,"[0.8, 0.85)",0.8278094056820986,0,825_left_LAD_prox_20mm_75ds_leaky_T2_truncation_D_perterritory,T2_truncation,D_perterritory,ok,3.0,0.0,True,60.92088440206589,0.8112062897879839,1.0584755987810406,False,7.0,0.8682843316020096,0.040474925919910976,0.0,2.5567939153096827e-14,1.683413386290003,1.6834133862876945,True,2.6727440647316634e-11
825,left,LAD,prox,20.0,75,leaky,"[0.8, 0.85)",0.8278094056820986,0,825_left_LAD_prox_20mm_75ds_leaky_T3_stenosis_length_D_perterritory,T3_stenosis_length,D_perterritory,ok,3.0,0.0,True,57.55530356318473,1.0000000000514218,1.0156637725190958,False,30.0,0.8155043040950363,-0.012305101587062328,0.0,2.9088147281841443e-11,1.6834133863038536,1.6834133862876945,True,2.745023567690361e-11
825,left,LAD,prox,20.0,75,leaky,"[0.8, 0.85)",0.8278094056820986,0,825_left_LAD_prox_20mm_75ds_leaky_T4_taper_D_perterritory,T4_taper,D_perterritory,ok,3.0,0.0,True,55.19965149218072,0.9591587343598666,1.2882594419047007,False,7.0,0.7710938560038543,-0.056715549678244326,1.0,1.063859554961601e-13,1.9186107317661194,1.6834133862876945,True,5.905489858548507e-12
825,left,LAD,prox,20.0,75,discrete,"[0.8, 0.85)",0.7555256469117124,1,825_left_LAD_prox_20mm_75ds_discrete_T1_missed_branch_D_perterritory,T1_missed_branch,D_perterritory,skipped: no deletable downstream branch,,,,,,,,,,,,,,,,
825,left,LAD,prox,20.0,75,discrete,"[0.8, 0.85)",0.7555256469117124,1,825_left_LAD_prox_20mm_75ds_discrete_T2_truncation_D_perterritory,T2_truncation,D_perterritory,ok,3.0,0.0,True,121.47643098843474,0.8575234931149854,1.2260939923592764,False,6.0,0.7864658721207527,0.030940225209040273,0.0,1.1043766848351215e-13,1.5654293242061885,1.5654293242108053,True,2.6358902078303934e-11
825,left,LAD,prox,20.0,75,discrete,"[0.8, 0.85)",0.7555256469117124,1,825_left_LAD_prox_20mm_75ds_discrete_T3_stenosis_length_D_perterritory,T3_stenosis_length,D_perterritory,ok,3.0,0.0,True,141.65959529244276,0.9999999999871657,1.0243336826703082,False,26.0,0.7402891891131939,-0.015236457798518566,0.0,6.914741106373452e-12,1.565429324208497,1.5654293242108053,True,2.964289237768178e-11
825,left,LAD,prox,20.0,75,discrete,"[0.8, 0.85)",0.7555256469117124,1,825_left_LAD_prox_20mm_75ds_discrete_T4_taper_D_perterritory,T4_taper,D_perterritory,ok,3.0,0.0,True,119.17666979105618,0.8412890743124881,1.211894835280267,False,8.0,0.6739239025577768,-0.08160174435393563,0.0,8.347305168009518e-14,1.5654293242246557,1.5654293242108053,True,3.814620473926166e-11
937,left,LAD,prox,20.0,70,leaky,"[0.8, 0.85)",0.8488047659248895,0,937_left_LAD_prox_20mm_70ds_leaky_T1_missed_branch_D_perterritory,T1_missed_branch,D_perterritory,ok,4.0,0.0,True,42.13188341337768,0.9953344037503004,1.0006218238691205,False,8.0,0.8488047317249552,-3.419993432896007e-08,0.0,1.2032454043922894e-13,1.252858993588854,1.2529135398541236,True,5.1223203550536415e-12
937,left,LAD,prox,20.0,70,leaky,"[0.8, 0.85)",0.8488047659248895,0,937_left_LAD_prox_20mm_70ds_leaky_T2_truncation_D_perterritory,T2_truncation,D_perterritory,ok,4.0,0.0,True,42.52121988825288,0.9609135763756415,1.0098673601788832,False,6.0,0.848804904653269,1.3872837945072547e-07,0.0,2.6906070559141735e-14,1.2520559012131698,1.2529135398541236,True,8.613710450520208e-13
937,left,LAD,prox,20.0,70,leaky,"[0.8, 0.85)",0.8488047659248895,0,937_left_LAD_prox_20mm_70ds_leaky_T3_stenosis_length_D_perterritory,T3_stenosis_length,D_perterritory,ok,4.0,0.0,True,42.10569794343767,0.999999999957336,1.0145193807353055,False,28.0,0.8376415979295062,-0.011163167995383305,0.0,2.4145006771965985e-11,1.2529135398422735,1.2529135398541236,True,2.4030218488934446e-12
937,left,LAD,prox,20.0,70,leaky,"[0.8, 0.85)",0.8488047659248895,0,937_left_LAD_prox_20mm_70ds_leaky_T4_taper_D_perterritory,T4_taper,D_perterritory,ok,4.0,0.0,True,38.977205746002504,0.9256896177176592,1.2389529763592273,False,5.0,0.7976411715964522,-0.05116359432843731,1.0,8.083444252104451e-14,1.2455520183596582,1.2529135398541236,True,3.2737425237785398e-12
937,left,LAD,prox,20.0,70,discrete,"[0.8, 0.85)",0.7615666330873045,1,937_left_LAD_prox_20mm_70ds_discrete_T1_missed_branch_D_perterritory,T1_missed_branch,D_perterritory,ok,4.0,0.0,True,110.9228687544311,0.826835624851013,1.8601100354546856,False,7.0,0.7615666330870351,-2.694511280765255e-13,0.0,2.569854892603463e-14,1.1505581013909996,1.1505581013883661,True,1.82520676873368e-12
937,left,LAD,prox,20.0,70,discrete,"[0.8, 0.85)",0.7615666330873045,1,937_left_LAD_prox_20mm_70ds_discrete_T2_truncation_D_perterritory,T2_truncation,D_perterritory,ok,4.0,0.0,True,138.8869857449124,0.9275717322252052,1.0352843280343176,False,5.0,0.761566633087425,1.2045919817182948e-13,0.0,2.1704882029623185e-14,1.1505581013883661,1.1505581013883661,True,4.0937858381603475e-12
937,left,LAD,prox,20.0,70,discrete,"[0.8, 0.85)",0.7615666330873045,1,937_left_LAD_prox_20mm_70ds_discrete_T3_stenosis_length_D_perterritory,T3_stenosis_length,D_perterritory,ok,4.0,0.0,True,134.1534706785507,0.9999999999611191,1.0239406613588022,False,33.0,0.7459366328537569,-0.01563000023354766,0.0,3.29702538045813e-11,1.1505581014094333,1.1505581013883661,True,1.663796429271767e-12
937,left,LAD,prox,20.0,70,discrete,"[0.8, 0.85)",0.7615666330873045,1,937_left_LAD_prox_20mm_70ds_discrete_T4_taper_D_perterritory,T4_taper,D_perterritory,ok,4.0,0.0,True,121.76292879125349,0.9076390508227205,1.279564343799829,False,6.0,0.6802181185895544,-0.08134851449775016,0.0,5.176441504720692e-14,1.1505581013909996,1.1505581013883661,True,1.845820175822333e-12
958,left,LAD,prox,20.0,75,leaky,"[0.8, 0.85)",0.8197884866294805,0,958_left_LAD_prox_20mm_75ds_leaky_T1_missed_branch_D_perterritory,T1_missed_branch,D_perterritory,ok,5.0,0.0,True,61.78139371829377,0.9988398728592135,1.0002854791332751,False,7.0,0.8197469255866738,-4.156104280661488e-05,0.0,3.880328023276708e-14,2.695829843296465,2.695829843300273,True,2.545909409705044e-11
958,left,LAD,prox,20.0,75,leaky,"[0.8, 0.85)",0.8197884866294805,0,958_left_LAD_prox_20mm_75ds_leaky_T2_truncation_D_perterritory,T2_truncation,D_perterritory,ok,5.0,0.0,True,63.508871945982726,0.9596691826325098,1.0282546019173207,False,10.0,0.8176303472103496,-0.0021581394191309,0.0,3.1312074626538694e-14,2.695829843288849,2.695829843300273,True,2.8313926117738127e-11
958,left,LAD,prox,20.0,75,leaky,"[0.8, 0.85)",0.8197884866294805,0,958_left_LAD_prox_20mm_75ds_leaky_T3_stenosis_length_D_perterritory,T3_stenosis_length,D_perterritory,ok,5.0,0.0,True,61.76376145320568,0.9999999999269757,1.0100309632626658,False,34.0,0.81114586620934,-0.008642620420140412,0.0,3.630566831519901e-11,2.6958298433345442,2.695829843300273,True,1.8934549266942672e-11
958,left,LAD,prox,20.0,75,leaky,"[0.8, 0.85)",0.8197884866294805,0,958_left_LAD_prox_20mm_75ds_leaky_T4_taper_D_perterritory,T4_taper,D_perterritory,ok,5.0,0.0,True,54.08219566456504,0.8756298902802505,1.1686985389305742,False,9.0,0.762399909645665,-0.0573885769838155,1.0,2.8613423867471626e-13,2.6958298433040806,2.695829843300273,True,2.2445276273778912e-11
958,left,LAD,prox,20.0,75,discrete,"[0.8, 0.85)",0.8093917303864714,0,958_left_LAD_prox_20mm_75ds_discrete_T1_missed_branch_D_perterritory,T1_missed_branch,D_perterritory,ok,4.0,0.0,True,42.31433593953544,0.796833388664924,1.8507365645978464,False,5.0,0.8056042546758169,-0.00378747571065452,0.0,1.587365827455803e-13,2.578102156321522,2.578102156321522,True,7.751457123438534e-12
958,left,LAD,prox,20.0,75,discrete,"[0.8, 0.85)",0.8093917303864714,0,958_left_LAD_prox_20mm_75ds_discrete_T2_truncation_D_perterritory,T2_truncation,D_perterritory,ok,4.0,0.0,True,65.68166468217302,0.7436858212196876,1.2368702540115046,False,5.0,0.808007361976734,-0.0013843684097374354,0.0,6.801927705243037e-14,2.578102156317714,2.578102156321522,True,9.304672634453663e-12
958,left,LAD,prox,20.0,75,discrete,"[0.8, 0.85)",0.8093917303864714,0,958_left_LAD_prox_20mm_75ds_discrete_T3_stenosis_length_D_perterritory,T3_stenosis_length,D_perterritory,ok,4.0,0.0,True,53.103116086062975,0.9999999999889838,1.0144644791673774,False,32.0,0.8002317562059943,-0.009159974180477093,0.0,4.181667955351478e-11,2.578102156390065,2.578102156321522,True,3.746773069696218e-12
958,left,LAD,prox,20.0,75,discrete,"[0.8, 0.85)",0.8093917303864714,0,958_left_LAD_prox_20mm_75ds_discrete_T4_taper_D_perterritory,T4_taper,D_perterritory,ok,4.0,0.0,True,46.894376950857364,0.8830814537296939,1.270174430097309,False,6.0,0.746164624417857,-0.06322710596861436,1.0,1.9655470760780224e-14,2.578102156310098,2.578102156321522,True,1.2313688870878657e-11
984,left,LAD,prox,20.0,65,leaky,"[0.8, 0.85)",0.8069786916075056,0,984_left_LAD_prox_20mm_65ds_leaky_T1_missed_branch_D_perterritory,T1_missed_branch,D_perterritory,ok,7.0,1.0,True,29.161831649245098,0.8181514736094504,0.9731834090296336,False,5.0,0.8526001834993654,0.04562149189185982,0.0,0.3779644730092272,5.7498485069171625,5.965900239581266,True,8.01255354444287e-12
984,left,LAD,prox,20.0,65,leaky,"[0.8, 0.85)",0.8069786916075056,0,984_left_LAD_prox_20mm_65ds_leaky_T2_truncation_D_perterritory,T2_truncation,D_perterritory,ok,7.0,0.0,True,29.45230137061283,0.9830371631012438,1.1748354740876943,False,5.0,0.8069715701742608,-7.121433244772213e-06,0.0,6.369023801032204e-14,5.999213113623903,5.965900239581266,True,5.088511916624464e-13
984,left,LAD,prox,20.0,65,leaky,"[0.8, 0.85)",0.8069786916075056,0,984_left_LAD_prox_20mm_65ds_leaky_T3_stenosis_length_D_perterritory,T3_stenosis_length,D_perterritory,ok,7.0,0.0,True,29.960747272494842,0.9999999999407534,1.0119736219501734,False,40.0,0.7982982121464406,-0.008680479461064983,1.0,3.294904288929488e-11,5.965900239558611,5.965900239581266,True,5.975189016542223e-12
984,left,LAD,prox,20.0,65,leaky,"[0.8, 0.85)",0.8069786916075056,0,984_left_LAD_prox_20mm_65ds_leaky_T4_taper_D_perterritory,T4_taper,D_perterritory,ok,7.0,0.0,True,30.032863998694026,0.8205633565374129,1.311026774600683,False,7.0,0.7765621766222156,-0.030416514985289966,1.0,7.89450903718563e-14,5.961266538210759,5.965900239581266,True,9.208531592035303e-12
984,left,LAD,prox,20.0,65,discrete,"[0.8, 0.85)",0.6241084746272008,1,984_left_LAD_prox_20mm_65ds_discrete_T1_missed_branch_D_perterritory,T1_missed_branch,D_perterritory,ok,5.0,1.0,True,31.54747513552862,0.648257007856806,0.8549566907059563,False,11.0,0.7698647736476683,0.1457562990204675,0.0,0.4472135954999579,4.305280645985951,4.7344421804656,True,1.11218701974584e-12
984,left,LAD,prox,20.0,65,discrete,"[0.8, 0.85)",0.6241084746272008,1,984_left_LAD_prox_20mm_65ds_discrete_T2_truncation_D_perterritory,T2_truncation,D_perterritory,ok,5.0,0.0,True,50.73068274832533,0.5916074695938076,1.3752721577617286,False,5.0,0.6241084746296397,2.438937940496544e-12,0.0,7.774114059756293e-14,4.7344421804656,4.7344421804656,True,1.95207294443773e-12
984,left,LAD,prox,20.0,65,discrete,"[0.8, 0.85)",0.6241084746272008,1,984_left_LAD_prox_20mm_65ds_discrete_T3_stenosis_length_D_perterritory,T3_stenosis_length,D_perterritory,ok,5.0,0.0,True,36.88774070086757,1.0000000000644689,1.0313420822408763,False,34.0,0.6102106091727295,-0.013897865454471248,0.0,7.23092895382404e-11,4.734442180771456,4.7344421804656,True,1.3110430332614393e-12
984,left,LAD,prox,20.0,65,discrete,"[0.8, 0.85)",0.6241084746272008,1,984_left_LAD_prox_20mm_65ds_discrete_T4_taper_D_perterritory,T4_taper,D_perterritory,ok,5.0,0.0,True,33.35441066970346,0.9042139755910545,1.4062900207839912,False,7.0,0.5509943223151188,-0.07311415231208196,0.0,1.7305311215020025e-13,4.7344421804656,4.7344421804656,True,1.920763920033312e-12
985,left,LAD,mid,20.0,70,leaky,"[0.8, 0.85)",0.8269927143967378,0,985_left_LAD_mid_20mm_70ds_leaky_T1_missed_branch_D_perterritory,T1_missed_branch,D_perterritory,skipped: no deletable downstream branch,,,,,,,,,,,,,,,,
985,left,LAD,mid,20.0,70,leaky,"[0.8, 0.85)",0.8269927143967378,0,985_left_LAD_mid_20mm_70ds_leaky_T2_truncation_D_perterritory,T2_truncation,D_perterritory,ok,6.0,0.0,True,36.15992498451035,0.9286138366669467,1.0171919651516947,False,6.0,0.8371416186898444,0.010148904293106553,0.0,7.664328187903726e-15,3.570260155119549,3.570260155119549,True,1.834511206487854e-12
985,left,LAD,mid,20.0,70,leaky,"[0.8, 0.85)",0.8269927143967378,0,985_left_LAD_mid_20mm_70ds_leaky_T3_stenosis_length_D_perterritory,T3_stenosis_length,D_perterritory,ok,6.0,0.0,True,35.548771739579415,0.9999999999516541,1.0067126661915389,False,36.0,0.8164911107284496,-0.010501603668288229,0.0,3.5179645246876206e-11,3.5702601551000606,3.570260155119549,True,4.5320078011154895e-12
985,left,LAD,mid,20.0,70,leaky,"[0.8, 0.85)",0.8269927143967378,0,985_left_LAD_mid_20mm_70ds_leaky_T4_taper_D_perterritory,T4_taper,D_perterritory,ok,6.0,0.0,True,34.84151404093209,0.9801045812826225,1.0939563413065243,False,6.0,0.8067030161850189,-0.020289698211718887,0.0,5.589588053327136e-14,3.570260155119549,3.570260155119549,True,1.8162431996466561e-12
985,left,LAD,mid,20.0,70,discrete,"[0.8, 0.85)",0.7513272665771367,1,985_left_LAD_mid_20mm_70ds_discrete_T1_missed_branch_D_perterritory,T1_missed_branch,D_perterritory,skipped: no deletable downstream branch,,,,,,,,,,,,,,,,
985,left,LAD,mid,20.0,70,discrete,"[0.8, 0.85)",0.7513272665771367,1,985_left_LAD_mid_20mm_70ds_discrete_T2_truncation_D_perterritory,T2_truncation,D_perterritory,ok,4.0,0.0,True,69.59388571914216,0.8348828393772807,1.3795803933407749,False,6.0,0.5731965479371737,-0.178130718639963,0.0,9.760783160540587e-14,3.180448157915376,3.1804481579075805,True,1.1864780033048136e-12
985,left,LAD,mid,20.0,70,discrete,"[0.8, 0.85)",0.7513272665771367,1,985_left_LAD_mid_20mm_70ds_discrete_T3_stenosis_length_D_perterritory,T3_stenosis_length,D_perterritory,ok,4.0,0.0,True,50.44569062818743,0.9999999999459173,1.008031279660024,False,32.0,0.7392853077261438,-0.012041958850992907,0.0,2.5092905610754835e-11,3.180448157911478,3.1804481579075805,True,3.4945838654058795e-12
985,left,LAD,mid,20.0,70,discrete,"[0.8, 0.85)",0.7513272665771367,1,985_left_LAD_mid_20mm_70ds_discrete_T4_taper_D_perterritory,T4_taper,D_perterritory,ok,4.0,0.0,True,48.458614253254055,0.9606095912219117,1.0702918323708352,False,6.0,0.7459861079686653,-0.005341158608471397,0.0,4.723967221136013e-14,3.180448157915376,3.1804481579075805,True,1.0852744923607444e-12
43,left,LCX,prox,10.0,65,leaky,"[0.8, 0.85)",0.8180729234834703,0,43_left_LCX_prox_10mm_65ds_leaky_T1_missed_branch_D_perterritory,T1_missed_branch,D_perterritory,ok,5.0,0.0,True,30.965342251439967,0.9418251963943537,1.2143326125715352,False,8.0,0.8180537045161065,-1.9218967363787698e-05,0.0,7.96893395334818e-14,3.802414229447983,3.7701579802399814,True,1.7866839451981855e-11
43,left,LCX,prox,10.0,65,leaky,"[0.8, 0.85)",0.8180729234834703,0,43_left_LCX_prox_10mm_65ds_leaky_T2_truncation_D_perterritory,T2_truncation,D_perterritory,skipped: truncation point falls at the start of its segment,,,,,,,,,,,,,,,,
43,left,LCX,prox,10.0,65,leaky,"[0.8, 0.85)",0.8180729234834703,0,43_left_LCX_prox_10mm_65ds_leaky_T3_stenosis_length_D_perterritory,T3_stenosis_length,D_perterritory,ok,5.0,0.0,True,32.878690660013916,0.9999999999310856,1.0144967492252264,False,37.0,0.8073704849423298,-0.010702438541140502,0.0,3.0421208590269186e-11,3.770157980132879,3.7701579802399814,True,1.349545532581414e-11
43,left,LCX,prox,10.0,65,leaky,"[0.8, 0.85)",0.8180729234834703,0,43_left_LCX_prox_10mm_65ds_leaky_T4_taper_D_perterritory,T4_taper,D_perterritory,ok,5.0,0.0,True,31.98594942024024,0.511613895026448,1.2457455937908137,False,8.0,0.8007924929601807,-0.017280430523289536,0.0,1.5355048876581453e-13,3.74141026131832,3.7701579802399814,True,1.4906914910824914e-12
43,left,LCX,prox,10.0,65,discrete,"[0.8, 0.85)",0.7052326789560881,1,43_left_LCX_prox_10mm_65ds_discrete_T1_missed_branch_D_perterritory,T1_missed_branch,D_perterritory,ok,4.0,0.0,True,54.083036476493156,0.8681389451649438,1.2518575947955164,False,5.0,0.7052326789564664,3.7825298448979083e-13,0.0,3.7408680244976835e-14,3.222616447263571,3.222616447263571,True,2.9632597001898043e-12
43,left,LCX,prox,10.0,65,discrete,"[0.8, 0.85)",0.7052326789560881,1,43_left_LCX_prox_10mm_65ds_discrete_T2_truncation_D_perterritory,T2_truncation,D_perterritory,skipped: truncation point falls at the start of its segment,,,,,,,,,,,,,,,,
43,left,LCX,prox,10.0,65,discrete,"[0.8, 0.85)",0.7052326789560881,1,43_left_LCX_prox_10mm_65ds_discrete_T3_stenosis_length_D_perterritory,T3_stenosis_length,D_perterritory,ok,4.0,0.0,True,62.29767340547205,0.9999999999431651,1.0252446172612726,False,41.0,0.6910460846985714,-0.014186594257516671,0.0,3.19329911480866e-11,3.2226164471921694,3.222616447263571,True,4.6692236069884784e-12
43,left,LCX,prox,10.0,65,discrete,"[0.8, 0.85)",0.7052326789560881,1,43_left_LCX_prox_10mm_65ds_discrete_T4_taper_D_perterritory,T4_taper,D_perterritory,ok,4.0,0.0,True,55.29515394016226,0.8875958108462114,1.241524894757444,False,11.0,0.6528320655939378,-0.052400613362150295,0.0,8.013664100778817e-14,3.222616447263571,3.222616447263571,True,3.00925672409731e-12
52,left,LCX,prox,10.0,65,leaky,"[0.8, 0.85)",0.8420513514993033,0,52_left_LCX_prox_10mm_65ds_leaky_T1_missed_branch_D_perterritory,T1_missed_branch,D_perterritory,ok,6.0,1.0,True,31.744925689729833,0.841870610878177,0.9489190321488272,False,5.0,0.8845403692464336,0.04248901774713032,0.0,0.408248290463863,2.960759548448706,3.107942074586897,True,7.970795356310086e-12
52,left,LCX,prox,10.0,65,leaky,"[0.8, 0.85)",0.8420513514993033,0,52_left_LCX_prox_10mm_65ds_leaky_T2_truncation_D_perterritory,T2_truncation,D_perterritory,ok,6.0,0.0,True,32.26027193414299,0.9644467052003152,1.1802636048024693,False,7.0,0.8420468229498749,-4.528549428450823e-06,0.0,2.7366267414956217e-14,3.1222782660077386,3.107942074586897,True,8.118529426252415e-12
52,left,LCX,prox,10.0,65,leaky,"[0.8, 0.85)",0.8420513514993033,0,52_left_LCX_prox_10mm_65ds_leaky_T3_stenosis_length_D_perterritory,T3_stenosis_length,D_perterritory,ok,6.0,0.0,True,33.449673962956034,0.9999999999265312,1.014532189597743,False,37.0,0.830995091978888,-0.011056259520415335,0.0,3.962999287918823e-11,3.1079420745672297,3.107942074586897,True,6.3681276454613195e-12
52,left,LCX,prox,10.0,65,leaky,"[0.8, 0.85)",0.8420513514993033,0,52_left_LCX_prox_10mm_65ds_leaky_T4_taper_D_perterritory,T4_taper,D_perterritory,ok,6.0,0.0,True,33.2559782822183,0.6852567914623643,1.2815928387441249,False,10.0,0.8195188803073021,-0.02253247119200119,0.0,3.7331305480303134e-13,3.1102068464528374,3.107942074586897,True,6.35436715868301e-12
52,left,LCX,prox,10.0,65,discrete,"[0.8, 0.85)",0.7842260012807736,1,52_left_LCX_prox_10mm_65ds_discrete_T1_missed_branch_D_perterritory,T1_missed_branch,D_perterritory,ok,4.0,1.0,True,77.39108145623706,0.795933673056465,0.891471313331413,False,11.0,0.8653470482876884,0.0811210470069148,1.0,0.5,2.659677683226833,2.9186051124651495,True,5.8517642898899976e-12
52,left,LCX,prox,10.0,65,discrete,"[0.8, 0.85)",0.7842260012807736,1,52_left_LCX_prox_10mm_65ds_discrete_T2_truncation_D_perterritory,T2_truncation,D_perterritory,ok,4.0,0.0,True,102.73948969754022,0.7291104134424078,1.183717262662588,False,5.0,0.7842260012811412,3.6759484345338933e-13,0.0,5.809859369234017e-14,2.9186051124690833,2.9186051124651495,True,2.2072561487746735e-12
52,left,LCX,prox,10.0,65,discrete,"[0.8, 0.85)",0.7842260012807736,1,52_left_LCX_prox_10mm_65ds_discrete_T3_stenosis_length_D_perterritory,T3_stenosis_length,D_perterritory,ok,4.0,0.0,True,86.79394390721383,0.9999999999167711,1.0206705408651915,False,27.0,0.7705260594575364,-0.013699941823237194,0.0,4.681419979858607e-11,2.9186051123707464,2.9186051124651495,True,1.6455384082537731e-12
52,left,LCX,prox,10.0,65,discrete,"[0.8, 0.85)",0.7842260012807736,1,52_left_LCX_prox_10mm_65ds_discrete_T4_taper_D_perterritory,T4_taper,D_perterritory,ok,4.0,0.0,True,80.0172118117405,0.9219216020103876,1.2123471436224678,False,5.0,0.7492627666163186,-0.034963234664454945,0.0,2.3518646377809274e-14,2.918605112457283,2.9186051124651495,True,1.7944204546616244e-12
129,left,LCX,prox,10.0,75,leaky,"[0.8, 0.85)",0.8182297016600121,0,129_left_LCX_prox_10mm_75ds_leaky_T1_missed_branch_D_perterritory,T1_missed_branch,D_perterritory,ok,6.0,1.0,True,45.18167644310657,0.7410387243541835,1.0005630009622706,False,5.0,0.8652211746937238,0.04699147303371176,0.0,0.408248290463863,2.784909343800862,2.958763589697711,True,1.9240896079985968e-11
129,left,LCX,prox,10.0,75,leaky,"[0.8, 0.85)",0.8182297016600121,0,129_left_LCX_prox_10mm_75ds_leaky_T2_truncation_D_perterritory,T2_truncation,D_perterritory,ok,6.0,0.0,True,45.152476856834596,0.9942024051233093,1.0007474141217614,False,8.0,0.818391922939876,0.00016222127986387225,0.0,3.721041874718934e-14,2.958761492190033,2.958763589697711,True,3.634891612479152e-12
129,left,LCX,prox,10.0,75,leaky,"[0.8, 0.85)",0.8182297016600121,0,129_left_LCX_prox_10mm_75ds_leaky_T3_stenosis_length_D_perterritory,T3_stenosis_length,D_perterritory,ok,6.0,0.0,True,45.15145568223958,0.999999999963768,1.0179854736701304,False,36.0,0.8048395151010612,-0.013390186558950856,0.0,3.2004220837054505e-11,2.958763589726936,2.958763589697711,True,8.809961028758477e-12
129,left,LCX,prox,10.0,75,leaky,"[0.8, 0.85)",0.8182297016600121,0,129_left_LCX_prox_10mm_75ds_leaky_T4_taper_D_perterritory,T4_taper,D_perterritory,ok,6.0,0.0,True,45.456195569511316,0.8753372785978973,1.2682161512671237,False,6.0,0.80991832121973,-0.008311380440282123,0.0,5.288544900342111e-14,2.958141836362403,2.958763589697711,True,1.3658395648030815e-13
129,left,LCX,prox,10.0,75,discrete,"[0.8, 0.85)",0.6130803807669778,1,129_left_LCX_prox_10mm_75ds_discrete_T1_missed_branch_D_perterritory,T1_missed_branch,D_perterritory,ok,4.0,1.0,True,53.78038063582032,0.6302485523842862,0.8493097428057604,False,5.0,0.8041395565078195,0.19105917574084175,1.0,0.5,2.2505033443065012,2.5230584619651673,True,3.098111083156354e-11
129,left,LCX,prox,10.0,75,discrete,"[0.8, 0.85)",0.6130803807669778,1,129_left_LCX_prox_10mm_75ds_discrete_T2_truncation_D_perterritory,T2_truncation,D_perterritory,ok,4.0,0.0,True,63.40021663384245,0.996283094619132,1.001409125993874,False,8.0,0.6130803807709804,4.002576048378614e-12,0.0,9.709976600103355e-14,2.523058461961514,2.5230584619651673,True,2.0056053422788677e-11
129,left,LCX,prox,10.0,75,discrete,"[0.8, 0.85)",0.6130803807669778,1,129_left_LCX_prox_10mm_75ds_discrete_T3_stenosis_length_D_perterritory,T3_stenosis_length,D_perterritory,ok,4.0,0.0,True,63.31100345317961,1.000000000012121,1.044826792148439,False,31.0,0.5903142736140355,-0.02276610715294225,0.0,2.686824528585195e-11,2.523058461990739,2.5230584619651673,True,1.6731954178093737e-11
129,left,LCX,prox,10.0,75,discrete,"[0.8, 0.85)",0.6130803807669778,1,129_left_LCX_prox_10mm_75ds_discrete_T4_taper_D_perterritory,T4_taper,D_perterritory,ok,4.0,0.0,True,58.38006416767019,0.9221156036619033,1.3680595268530071,False,7.0,0.525324376122507,-0.08775600464447075,0.0,9.340171547201774e-14,2.523058461961514,2.5230584619651673,True,1.9980181440840763e-11
368,left,LCX,mid,10.0,70,leaky,"[0.8, 0.85)",0.8270370768673332,0,368_left_LCX_mid_10mm_70ds_leaky_T1_missed_branch_D_perterritory,T1_missed_branch,D_perterritory,ok,6.0,0.0,True,33.537444496447776,0.9794191137853262,1.1371691973867704,False,10.0,0.8319034079155788,0.004866331048245631,0.0,1.147990143853115e-13,3.324807921991086,3.312398561366504,True,9.005563134775441e-12
368,left,LCX,mid,10.0,70,leaky,"[0.8, 0.85)",0.8270370768673332,0,368_left_LCX_mid_10mm_70ds_leaky_T2_truncation_D_perterritory,T2_truncation,D_perterritory,ok,6.0,0.0,True,34.26643742188264,0.9951681808491875,1.0007026671478654,False,6.0,0.8268550575267735,-0.0001820193405597248,0.0,1.5893849333970872e-14,3.311983896243158,3.312398561366504,True,4.9548599371873275e-12
368,left,LCX,mid,10.0,70,leaky,"[0.8, 0.85)",0.8270370768673332,0,368_left_LCX_mid_10mm_70ds_leaky_T3_stenosis_length_D_perterritory,T3_stenosis_length,D_perterritory,ok,6.0,0.0,True,34.242370041269666,0.999999999964352,1.0230672278868926,False,38.0,0.8075354839392721,-0.019501592928061084,0.0,5.536627547453791e-11,3.3123985613334166,3.312398561366504,True,8.926402441853758e-12
368,left,LCX,mid,10.0,70,leaky,"[0.8, 0.85)",0.8270370768673332,0,368_left_LCX_mid_10mm_70ds_leaky_T4_taper_D_perterritory,T4_taper,D_perterritory,ok,6.0,0.0,True,34.380855260626,0.9581080712070369,1.0040431908927911,False,6.0,0.8315367183261663,0.004499641458833081,0.0,6.088824458407511e-14,3.3100204912294635,3.312398561366504,True,6.12290992839919e-12
368,left,LCX,mid,10.0,70,discrete,"[0.8, 0.85)",0.630953933383683,1,368_left_LCX_mid_10mm_70ds_discrete_T1_missed_branch_D_perterritory,T1_missed_branch,D_perterritory,ok,4.0,0.0,True,49.534840373680076,0.8487226402604763,1.7719131992486137,False,5.0,0.6299952923152321,-0.0009586410684508939,0.0,9.583878031365494e-14,2.903104804288043,2.903104804288043,True,1.4432447698932754e-11
368,left,LCX,mid,10.0,70,discrete,"[0.8, 0.85)",0.630953933383683,1,368_left_LCX_mid_10mm_70ds_discrete_T2_truncation_D_perterritory,T2_truncation,D_perterritory,ok,4.0,0.0,True,71.33547480959064,0.6754979755641182,1.222251491433113,False,6.0,0.6305546272014908,-0.00039930618219219394,0.0,1.2807646538058305e-13,2.903104804288043,2.903104804288043,True,1.4489196565869153e-11
368,left,LCX,mid,10.0,70,discrete,"[0.8, 0.85)",0.630953933383683,1,368_left_LCX_mid_10mm_70ds_discrete_T3_stenosis_length_D_perterritory,T3_stenosis_length,D_perterritory,ok,4.0,0.0,True,58.363990806793105,0.9999999999741216,1.067804624631915,False,35.0,0.5973760900234388,-0.033577843360244164,0.0,3.903444672042419e-11,2.9031048043169947,2.903104804288043,True,1.588268031115158e-11
368,left,LCX,mid,10.0,70,discrete,"[0.8, 0.85)",0.630953933383683,1,368_left_LCX_mid_10mm_70ds_discrete_T4_taper_D_perterritory,T4_taper,D_perterritory,ok,4.0,0.0,True,55.092935899276306,0.9439542282441681,1.2701468498841548,False,7.0,0.5944007871907669,-0.03655314619291605,0.0,6.481665440555057e-14,2.9031048042839074,2.903104804288043,True,1.29725867441118e-11
466,left,LCX,prox,10.0,75,leaky,"[0.8, 0.85)",0.8430276832073551,0,466_left_LCX_prox_10mm_75ds_leaky_T1_missed_branch_D_perterritory,T1_missed_branch,D_perterritory,skipped: no deletable downstream branch,,,,,,,,,,,,,,,,
466,left,LCX,prox,10.0,75,leaky,"[0.8, 0.85)",0.8430276832073551,0,466_left_LCX_prox_10mm_75ds_leaky_T2_truncation_D_perterritory,T2_truncation,D_perterritory,ok,6.0,0.0,True,44.27634180875487,0.9741739770204607,1.0046429405977777,False,8.0,0.8355376680161346,-0.0074900151912205,0.0,2.6892424743258366e-14,1.2052131916723257,1.2052131916723257,True,8.5493026114141e-12
466,left,LCX,prox,10.0,75,leaky,"[0.8, 0.85)",0.8430276832073551,0,466_left_LCX_prox_10mm_75ds_leaky_T3_stenosis_length_D_perterritory,T3_stenosis_length,D_perterritory,ok,6.0,0.0,True,44.07171943338376,0.9999999999434276,1.027527259623705,False,25.0,0.8224523603503583,-0.020575322856996814,0.0,4.0143259319978073e-11,1.205213191680028,1.2052131916723257,True,1.1248962166284412e-11
466,left,LCX,prox,10.0,75,leaky,"[0.8, 0.85)",0.8430276832073551,0,466_left_LCX_prox_10mm_75ds_leaky_T4_taper_D_perterritory,T4_taper,D_perterritory,ok,6.0,0.0,True,46.48016174185023,0.797464116880178,1.0546482492498974,False,7.0,0.8682689074589914,0.02524122425163633,0.0,3.7552977457987854e-14,1.2052131916745261,1.2052131916723257,True,1.040436317638565e-11
466,left,LCX,prox,10.0,75,discrete,"[0.8, 0.85)",0.6152436193568277,1,466_left_LCX_prox_10mm_75ds_discrete_T1_missed_branch_D_perterritory,T1_missed_branch,D_perterritory,skipped: no deletable downstream branch,,,,,,,,,,,,,,,,
466,left,LCX,prox,10.0,75,discrete,"[0.8, 0.85)",0.6152436193568277,1,466_left_LCX_prox_10mm_75ds_discrete_T2_truncation_D_perterritory,T2_truncation,D_perterritory,ok,4.0,0.0,True,166.87202095630076,0.9708210246457881,1.00840564292009,False,5.0,0.5904424786676742,-0.02480114068915351,0.0,1.3265450399183396e-13,0.9428252200464639,0.9428252200497649,True,1.3339536122432587e-11
466,left,LCX,prox,10.0,75,discrete,"[0.8, 0.85)",0.6152436193568277,1,466_left_LCX_prox_10mm_75ds_discrete_T3_stenosis_length_D_perterritory,T3_stenosis_length,D_perterritory,ok,4.0,0.0,True,165.48104637046924,0.9999999999582402,1.080286353510703,False,34.0,0.5772240467973039,-0.03801957255952382,0.0,3.493857981398206e-11,0.9428252200508652,0.9428252200497649,True,1.4941380995456062e-11
466,left,LCX,prox,10.0,75,discrete,"[0.8, 0.85)",0.6152436193568277,1,466_left_LCX_prox_10mm_75ds_discrete_T4_taper_D_perterritory,T4_taper,D_perterritory,ok,4.0,0.0,True,155.3991298139088,0.9390750978574902,1.0300932551482715,False,6.0,0.6430568579404049,0.027813238583577204,0.0,1.461930134957186e-13,0.9428252200464639,0.9428252200497649,True,1.3101685067944965e-11
544,left,LCX,prox,10.0,65,leaky,"[0.8, 0.85)",0.8221576368501025,0,544_left_LCX_prox_10mm_65ds_leaky_T1_missed_branch_D_perterritory,T1_missed_branch,D_perterritory,ok,6.0,1.0,True,19.80365956973523,0.4850691551953734,1.0001350351424378,False,6.0,0.9065573571319329,0.0843997202818304,0.0,0.408248290463863,3.759506775253336,4.048518358940706,True,9.447008238462225e-13
544,left,LCX,prox,10.0,65,leaky,"[0.8, 0.85)",0.8221576368501025,0,544_left_LCX_prox_10mm_65ds_leaky_T2_truncation_D_perterritory,T2_truncation,D_perterritory,ok,6.0,0.0,True,19.838435561919372,0.49796366904054556,2.357905335458931,False,8.0,0.8329503901548084,0.010792753304705971,0.0,4.1907827815654584e-13,4.046166290151055,4.048518358940706,True,3.899833976870801e-12
544,left,LCX,prox,10.0,65,leaky,"[0.8, 0.85)",0.8221576368501025,0,544_left_LCX_prox_10mm_65ds_leaky_T3_stenosis_length_D_perterritory,T3_stenosis_length,D_perterritory,ok,6.0,0.0,True,19.79816529965139,0.9999999999300845,1.0191303094593638,False,30.0,0.8084481504498756,-0.013709486400226845,0.0,3.874807389282583e-11,4.048518358826824,4.048518358940706,True,1.7762818603774102e-12
544,left,LCX,prox,10.0,65,leaky,"[0.8, 0.85)",0.8221576368501025,0,544_left_LCX_prox_10mm_65ds_leaky_T4_taper_D_perterritory,T4_taper,D_perterritory,ok,6.0,0.0,True,19.814104605916423,0.7591449756463269,1.2718140869739547,False,8.0,0.8182057586584994,-0.003951878191603031,0.0,2.689442140513244e-13,4.060928574705142,4.048518358940706,True,2.5029731944471905e-13
544,left,LCX,prox,10.0,65,discrete,"[0.8, 0.85)",0.6421651276293745,1,544_left_LCX_prox_10mm_65ds_discrete_T1_missed_branch_D_perterritory,T1_missed_branch,D_perterritory,ok,4.0,1.0,True,23.365645496129098,0.4693525562682721,0.7306003712867053,False,5.0,0.8810445759652835,0.23887944833590902,1.0,0.5,2.7453699232423685,3.3576023383684994,True,1.5176044676827447e-11
544,left,LCX,prox,10.0,65,discrete,"[0.8, 0.85)",0.6421651276293745,1,544_left_LCX_prox_10mm_65ds_discrete_T2_truncation_D_perterritory,T2_truncation,D_perterritory,ok,4.0,0.0,True,43.198689809646076,0.5305273732551204,1.3512427496419543,False,8.0,0.642165127626897,-2.477462679451037e-12,0.0,1.1619482823949415e-13,3.3576023383684994,3.3576023383684994,True,7.896528274210005e-12
544,left,LCX,prox,10.0,65,discrete,"[0.8, 0.85)",0.6421651276293745,1,544_left_LCX_prox_10mm_65ds_discrete_T3_stenosis_length_D_perterritory,T3_stenosis_length,D_perterritory,ok,4.0,0.0,True,31.96959970462312,0.9999999753060904,1.051763310982238,False,20.0,0.6209796870845461,-0.021185440544828404,0.0,9.587731001386896e-09,3.3576023204888896,3.3576023383684994,True,8.680971707132873e-12
544,left,LCX,prox,10.0,65,discrete,"[0.8, 0.85)",0.6421651276293745,1,544_left_LCX_prox_10mm_65ds_discrete_T4_taper_D_perterritory,T4_taper,D_perterritory,ok,4.0,0.0,True,28.628556889173602,0.8954931295256006,1.5032959159372865,False,9.0,0.5753150429750632,-0.0668500846543113,0.0,3.732742003508525e-14,3.3576023383684994,3.3576023383684994,True,7.963254524662172e-12
580,left,LCX,prox,20.0,60,leaky,"[0.8, 0.85)",0.8119529109011485,0,580_left_LCX_prox_20mm_60ds_leaky_T1_missed_branch_D_perterritory,T1_missed_branch,D_perterritory,ok,6.0,1.0,True,27.524047520809816,0.7767011610865383,0.8621879961009176,False,5.0,0.8935467072683183,0.08159379636716979,0.0,0.408248290463863,1.5069006787225758,1.7107439523723067,True,6.170482441063339e-13
580,left,LCX,prox,20.0,60,leaky,"[0.8, 0.85)",0.8119529109011485,0,580_left_LCX_prox_20mm_60ds_leaky_T2_truncation_D_perterritory,T2_truncation,D_perterritory,ok,6.0,2.0,True,25.833054856011383,0.14886604613222368,0.8087781053349203,False,13.0,0.9835910600254983,0.17163814912434983,0.0,0.5773502691896257,1.183319772779557,1.7107439523723067,True,1.1013463331084307e-11
580,left,LCX,prox,20.0,60,leaky,"[0.8, 0.85)",0.8119529109011485,0,580_left_LCX_prox_20mm_60ds_leaky_T3_stenosis_length_D_perterritory,T3_stenosis_length,D_perterritory,ok,6.0,0.0,True,31.91245282379593,0.9999999999218903,1.01617966688722,False,25.0,0.8001245371238939,-0.011828373777254653,0.0,3.905571871554486e-11,1.7107439523276429,1.7107439523723067,True,3.1851423132450886e-12
580,left,LCX,prox,20.0,60,leaky,"[0.8, 0.85)",0.8119529109011485,0,580_left_LCX_prox_20mm_60ds_leaky_T4_taper_D_perterritory,T4_taper,D_perterritory,ok,6.0,0.0,True,30.75111819704002,0.546175327612431,1.265495852174443,False,7.0,0.776859761688964,-0.03509314921218454,1.0,7.569233672826341e-14,1.7119586706425733,1.7107439523723067,True,4.541903277746277e-12
580,left,LCX,prox,20.0,60,discrete,"[0.8, 0.85)",0.808593811761861,0,580_left_LCX_prox_20mm_60ds_discrete_T1_missed_branch_D_perterritory,T1_missed_branch,D_perterritory,ok,4.0,1.0,True,64.43178483956181,0.6946022614064952,0.7974360680140298,False,7.0,0.9172200440734626,0.10862623231160162,0.0,0.5,1.3733708477369495,1.6581836371040701,True,3.8207954660513173e-13
580,left,LCX,prox,20.0,60,discrete,"[0.8, 0.85)",0.808593811761861,0,580_left_LCX_prox_20mm_60ds_discrete_T2_truncation_D_perterritory,T2_truncation,D_perterritory,ok,4.0,2.0,True,104.00498529814294,1.2882386981492877,1.2882595536291797,False,13.0,0.7420450907226198,-0.06654872103924114,1.0,0.7071067811865476,1.8024005677879824,1.6581836371040701,True,1.0789985764832717e-12
580,left,LCX,prox,20.0,60,discrete,"[0.8, 0.85)",0.808593811761861,0,580_left_LCX_prox_20mm_60ds_discrete_T3_stenosis_length_D_perterritory,T3_stenosis_length,D_perterritory,ok,4.0,0.0,True,80.75591003212435,0.9999999999497406,1.0173703168885628,False,24.0,0.7965275265504616,-0.012066285211399408,1.0,2.6139250651163586e-11,1.6581836370572793,1.6581836371040701,True,4.4313613119903374e-13
580,left,LCX,prox,20.0,60,discrete,"[0.8, 0.85)",0.808593811761861,0,580_left_LCX_prox_20mm_60ds_discrete_T4_taper_D_perterritory,T4_taper,D_perterritory,ok,4.0,0.0,True,74.7636729898681,0.9257981609039966,1.212993902945847,False,9.0,0.7717207413776379,-0.03687307038422305,1.0,2.912875795374379e-13,1.6581836371104506,1.6581836371040701,True,7.86304837732334e-12
667,left,LCX,mid,10.0,70,leaky,"[0.8, 0.85)",0.8087949733967116,0,667_left_LCX_mid_10mm_70ds_leaky_T1_missed_branch_D_perterritory,T1_missed_branch,D_perterritory,ok,4.0,0.0,True,31.78966417309047,0.93695143775209,1.1629048310307009,False,7.0,0.810077714494943,0.0012827410982314547,0.0,1.2555687622467968e-13,1.4165964081615006,1.3987202898919,True,7.521726653122156e-12
667,left,LCX,mid,10.0,70,leaky,"[0.8, 0.85)",0.8087949733967116,0,667_left_LCX_mid_10mm_70ds_leaky_T2_truncation_D_perterritory,T2_truncation,D_perterritory,ok,4.0,0.0,True,34.27689413591754,0.9789798074692624,1.0102405634193907,False,5.0,0.8086305377999508,-0.00016443559676082575,0.0,6.011852042691345e-14,1.3960274484265658,1.3987202898919,True,7.664253624481888e-12
667,left,LCX,mid,10.0,70,leaky,"[0.8, 0.85)",0.8087949733967116,0,667_left_LCX_mid_10mm_70ds_leaky_T3_stenosis_length_D_perterritory,T3_stenosis_length,D_perterritory,ok,4.0,0.0,True,33.929357773291486,0.9999999999711309,1.0292083868091577,False,27.0,0.7872582707786946,-0.02153670261801699,1.0,1.4629282596528806e-11,1.3987202898883648,1.3987202898919,True,6.460750459793905e-12
667,left,LCX,mid,10.0,70,leaky,"[0.8, 0.85)",0.8087949733967116,0,667_left_LCX_mid_10mm_70ds_leaky_T4_taper_D_perterritory,T4_taper,D_perterritory,ok,4.0,0.0,True,32.02021494027457,0.9438264745407758,1.267757519590572,False,7.0,0.7533477196907168,-0.05544725370599479,1.0,6.303059487906527e-14,1.4552661478575535,1.3987202898919,True,3.5622716869110907e-12
667,left,LCX,mid,10.0,70,discrete,"[0.8, 0.85)",0.7063878950315855,1,667_left_LCX_mid_10mm_70ds_discrete_T1_missed_branch_D_perterritory,T1_missed_branch,D_perterritory,ok,4.0,0.0,True,99.91188387186305,0.8404701018272246,1.2516290488624435,False,6.0,0.7089881022524227,0.002600207220837203,0.0,8.138433398642977e-14,1.2764565525162037,1.2764565525162037,True,9.602853707626052e-12
667,left,LCX,mid,10.0,70,discrete,"[0.8, 0.85)",0.7063878950315855,1,667_left_LCX_mid_10mm_70ds_discrete_T2_truncation_D_perterritory,T2_truncation,D_perterritory,ok,4.0,0.0,True,139.29471615930134,0.8609558178898074,1.1717629548908302,False,7.0,0.7049554303558053,-0.0014324646757801762,0.0,9.190901608142484e-14,1.2764565525162037,1.2764565525162037,True,9.449400486937547e-12
667,left,LCX,mid,10.0,70,discrete,"[0.8, 0.85)",0.7063878950315855,1,667_left_LCX_mid_10mm_70ds_discrete_T3_stenosis_length_D_perterritory,T3_stenosis_length,D_perterritory,ok,4.0,0.0,True,118.8761904256299,1.0000000000272509,1.048183558559063,False,30.0,0.6769119674600859,-0.02947592757149964,0.0,2.7841664765798456e-11,1.276456552533879,1.2764565525162037,True,1.0295466892753227e-11
667,left,LCX,mid,10.0,70,discrete,"[0.8, 0.85)",0.7063878950315855,1,667_left_LCX_mid_10mm_70ds_discrete_T4_taper_D_perterritory,T4_taper,D_perterritory,ok,4.0,0.0,True,104.69696919771407,0.8807227824415615,1.2398895616453611,False,6.0,0.6208598788651255,-0.08552801616646,0.0,1.0242409724181248e-13,1.2764565525162037,1.2764565525162037,True,9.443925939604876e-12
832,left,LCX,prox,10.0,75,leaky,"[0.8, 0.85)",0.8109079326085847,0,832_left_LCX_prox_10mm_75ds_leaky_T1_missed_branch_D_perterritory,T1_missed_branch,D_perterritory,ok,6.0,0.0,True,39.51196359423745,0.9976646970609975,1.0003976829004078,False,10.0,0.8109043426387463,-3.589969838402318e-06,0.0,4.924131928035045e-14,2.1319006796139512,2.131970852788296,True,6.84591047661192e-12
832,left,LCX,prox,10.0,75,leaky,"[0.8, 0.85)",0.8109079326085847,0,832_left_LCX_prox_10mm_75ds_leaky_T2_truncation_D_perterritory,T2_truncation,D_perterritory,ok,6.0,0.0,True,39.57496521181745,0.9521884376691355,1.03674618943774,False,6.0,0.8080936351256032,-0.002814297482981565,0.0,7.735974844694345e-14,2.1316197968674033,2.131970852788296,True,1.1626925248622334e-12
832,left,LCX,prox,10.0,75,leaky,"[0.8, 0.85)",0.8109079326085847,0,832_left_LCX_prox_10mm_75ds_leaky_T3_stenosis_length_D_perterritory,T3_stenosis_length,D_perterritory,ok,6.0,0.0,True,39.49625515702235,0.9999999999517021,1.0277794511903882,False,34.0,0.7906565618542002,-0.020251370754384546,1.0,6.559365223171881e-11,2.1319708527942884,2.131970852788296,True,1.1878289755858565e-11
832,left,LCX,prox,10.0,75,leaky,"[0.8, 0.85)",0.8109079326085847,0,832_left_LCX_prox_10mm_75ds_leaky_T4_taper_D_perterritory,T4_taper,D_perterritory,ok,6.0,0.0,True,39.51541925522117,0.9045626381491801,1.102959850067365,False,6.0,0.7925468250481847,-0.018361107560399992,1.0,5.72923637984934e-14,2.1318852498841485,2.131970852788296,True,5.109886066911689e-12
832,left,LCX,prox,10.0,75,discrete,"[0.8, 0.85)",0.6770505174870417,1,832_left_LCX_prox_10mm_75ds_discrete_T1_missed_branch_D_perterritory,T1_missed_branch,D_perterritory,ok,4.0,0.0,True,64.42129983583574,0.8252948582297608,1.8104166957783392,False,6.0,0.6770505174894054,2.3636648194269583e-12,0.0,1.3463614238500817e-13,1.9261292236569088,1.9261292236569088,True,1.0494412319283291e-11
832,left,LCX,prox,10.0,75,discrete,"[0.8, 0.85)",0.6770505174870417,1,832_left_LCX_prox_10mm_75ds_discrete_T2_truncation_D_perterritory,T2_truncation,D_perterritory,ok,4.0,0.0,True,125.67263996567519,0.5580502776299506,1.609979678276189,False,6.0,0.6744721511684875,-0.002578366318554237,0.0,1.2372991685691523e-13,1.926129223662901,1.9261292236569088,True,1.3653202282759583e-11
832,left,LCX,prox,10.0,75,discrete,"[0.8, 0.85)",0.6770505174870417,1,832_left_LCX_prox_10mm_75ds_discrete_T3_stenosis_length_D_perterritory,T3_stenosis_length,D_perterritory,ok,4.0,0.0,True,78.05852562079134,0.9999999999602903,1.0516697293984416,False,19.0,0.6485815071073697,-0.028469010379671977,0.0,2.0410208788202144e-11,1.926129223650916,1.9261292236569088,True,1.0628538859602205e-11
832,left,LCX,prox,10.0,75,discrete,"[0.8, 0.85)",0.6770505174870417,1,832_left_LCX_prox_10mm_75ds_discrete_T4_taper_D_perterritory,T4_taper,D_perterritory,ok,4.0,0.0,True,73.11907156577303,0.9367211458871976,1.3133524775434235,False,10.0,0.6130234773851844,-0.06402704010185734,0.0,1.9781547548074448e-13,1.9261292236569088,1.9261292236569088,True,1.0527834014567633e-11
85,right,RCA,prox,10.0,60,leaky,"[0.8, 0.85)",0.82526860539585,0,85_right_RCA_prox_10mm_60ds_leaky_T1_missed_branch_D_perterritory,T1_missed_branch,D_perterritory,skipped: fewer than 2 shared territories to match,,,,,,,,,,,,,,,,
85,right,RCA,prox,10.0,60,leaky,"[0.8, 0.85)",0.82526860539585,0,85_right_RCA_prox_10mm_60ds_leaky_T2_truncation_D_perterritory,T2_truncation,D_perterritory,skipped: fewer than 2 shared territories to match,,,,,,,,,,,,,,,,
85,right,RCA,prox,10.0,60,leaky,"[0.8, 0.85)",0.82526860539585,0,85_right_RCA_prox_10mm_60ds_leaky_T3_stenosis_length_D_perterritory,T3_stenosis_length,D_perterritory,ok,2.0,0.0,True,20.972020956314037,1.0069650667014813,1.0071420322525133,False,11.0,0.8202538288232696,-0.005014776572580426,0.0,2.0463109815409162e-13,2.5792143870852278,2.588229455018711,True,7.962236062659614e-12
85,right,RCA,prox,10.0,60,leaky,"[0.8, 0.85)",0.82526860539585,0,85_right_RCA_prox_10mm_60ds_leaky_T4_taper_D_perterritory,T4_taper,D_perterritory,ok,2.0,0.0,True,20.94556464773641,1.2619753299324663,1.2706675524760087,False,5.0,0.8295822678532362,0.00431366245738618,0.0,1.0302115669123185e-13,2.2237340082184067,2.588229455018711,True,1.1364321401721355e-12
85,right,RCA,prox,10.0,60,discrete,"[0.8, 0.85)",0.8884976304763302,0,85_right_RCA_prox_10mm_60ds_discrete_T1_missed_branch_D_perterritory,T1_missed_branch,D_perterritory,skipped: no deletable downstream branch,,,,,,,,,,,,,,,,
85,right,RCA,prox,10.0,60,discrete,"[0.8, 0.85)",0.8884976304763302,0,85_right_RCA_prox_10mm_60ds_discrete_T2_truncation_D_perterritory,T2_truncation,D_perterritory,skipped: fewer than 2 shared territories to match,,,,,,,,,,,,,,,,
85,right,RCA,prox,10.0,60,discrete,"[0.8, 0.85)",0.8884976304763302,0,85_right_RCA_prox_10mm_60ds_discrete_T3_stenosis_length_D_perterritory,T3_stenosis_length,D_perterritory,skipped: fewer than 2 shared territories to match,,,,,,,,,,,,,,,,
85,right,RCA,prox,10.0,60,discrete,"[0.8, 0.85)",0.8884976304763302,0,85_right_RCA_prox_10mm_60ds_discrete_T4_taper_D_perterritory,T4_taper,D_perterritory,skipped: fewer than 2 shared territories to match,,,,,,,,,,,,,,,,
88,right,RCA,prox,10.0,65,leaky,"[0.8, 0.85)",0.8236344692971898,0,88_right_RCA_prox_10mm_65ds_leaky_T1_missed_branch_D_perterritory,T1_missed_branch,D_perterritory,skipped: fewer than 2 shared territories to match,,,,,,,,,,,,,,,,
88,right,RCA,prox,10.0,65,leaky,"[0.8, 0.85)",0.8236344692971898,0,88_right_RCA_prox_10mm_65ds_leaky_T2_truncation_D_perterritory,T2_truncation,D_perterritory,skipped: fewer than 2 shared territories to match,,,,,,,,,,,,,,,,
88,right,RCA,prox,10.0,65,leaky,"[0.8, 0.85)",0.8236344692971898,0,88_right_RCA_prox_10mm_65ds_leaky_T3_stenosis_length_D_perterritory,T3_stenosis_length,D_perterritory,ok,2.0,0.0,True,22.572043679934243,1.016286085347063,1.016395078773336,False,5.0,0.8118825812927848,-0.011751888004404965,0.0,5.710837598252472e-15,0.7952567357097058,0.8000422514507614,True,7.968060116780327e-12
88,right,RCA,prox,10.0,65,leaky,"[0.8, 0.85)",0.8236344692971898,0,88_right_RCA_prox_10mm_65ds_leaky_T4_taper_D_perterritory,T4_taper,D_perterritory,ok,2.0,0.0,True,22.6453797297283,1.3253602296991018,1.3290374314408706,False,7.0,0.7939643226482883,-0.02967014664890144,1.0,7.765034403193696e-13,0.8223185547441687,0.8000422514507614,True,4.120861878963051e-12
88,right,RCA,prox,10.0,65,discrete,"[0.8, 0.85)",0.7971856211985577,1,88_right_RCA_prox_10mm_65ds_discrete_T1_missed_branch_D_perterritory,T1_missed_branch,D_perterritory,skipped: fewer than 2 shared territories to match,,,,,,,,,,,,,,,,
88,right,RCA,prox,10.0,65,discrete,"[0.8, 0.85)",0.7971856211985577,1,88_right_RCA_prox_10mm_65ds_discrete_T2_truncation_D_perterritory,T2_truncation,D_perterritory,skipped: fewer than 2 shared territories to match,,,,,,,,,,,,,,,,
88,right,RCA,prox,10.0,65,discrete,"[0.8, 0.85)",0.7971856211985577,1,88_right_RCA_prox_10mm_65ds_discrete_T3_stenosis_length_D_perterritory,T3_stenosis_length,D_perterritory,ok,2.0,0.0,True,57.142346958161966,1.0232423693331008,1.023352489642472,False,9.0,0.7821957287712564,-0.01498989242730131,0.0,3.1549159889449923e-13,0.7448970982926061,0.7448970982965099,True,1.704889290938481e-11
88,right,RCA,prox,10.0,65,discrete,"[0.8, 0.85)",0.7971856211985577,1,88_right_RCA_prox_10mm_65ds_discrete_T4_taper_D_perterritory,T4_taper,D_perterritory,ok,2.0,0.0,True,48.29209429581129,1.1248007152429373,1.1272372321130242,False,7.0,0.7661903254875702,-0.03099529571098758,0.0,5.412693483169684e-13,0.7448970982965099,0.7448970982965099,True,1.2659490583796666e-11
324,right,RCA,prox,10.0,60,leaky,"[0.8, 0.85)",0.8327913936684643,0,324_right_RCA_prox_10mm_60ds_leaky_T1_missed_branch_D_perterritory,T1_missed_branch,D_perterritory,skipped: fewer than 2 shared territories to match,,,,,,,,,,,,,,,,
324,right,RCA,prox,10.0,60,leaky,"[0.8, 0.85)",0.8327913936684643,0,324_right_RCA_prox_10mm_60ds_leaky_T2_truncation_D_perterritory,T2_truncation,D_perterritory,skipped: fewer than 2 shared territories to match,,,,,,,,,,,,,,,,
324,right,RCA,prox,10.0,60,leaky,"[0.8, 0.85)",0.8327913936684643,0,324_right_RCA_prox_10mm_60ds_leaky_T3_stenosis_length_D_perterritory,T3_stenosis_length,D_perterritory,ok,5.0,0.0,True,21.513225157700955,1.0067819284623327,1.0071152702243118,False,6.0,0.8278204067714809,-0.004970986896983387,0.0,9.220280478257369e-15,2.6787126233136864,2.687405192038376,True,4.200994209982193e-12
324,right,RCA,prox,10.0,60,leaky,"[0.8, 0.85)",0.8327913936684643,0,324_right_RCA_prox_10mm_60ds_leaky_T4_taper_D_perterritory,T4_taper,D_perterritory,ok,5.0,0.0,True,21.700355577087837,1.2636512872912335,1.2853792350630902,False,6.0,0.838342002284956,0.0055506086164917035,0.0,1.3149070756670254e-13,2.030079051602074,2.687405192038376,True,5.041110128519491e-12
324,right,RCA,prox,10.0,60,discrete,"[0.8, 0.85)",0.8261533966031388,0,324_right_RCA_prox_10mm_60ds_discrete_T1_missed_branch_D_perterritory,T1_missed_branch,D_perterritory,skipped: fewer than 2 shared territories to match,,,,,,,,,,,,,,,,
324,right,RCA,prox,10.0,60,discrete,"[0.8, 0.85)",0.8261533966031388,0,324_right_RCA_prox_10mm_60ds_discrete_T2_truncation_D_perterritory,T2_truncation,D_perterritory,skipped: fewer than 2 shared territories to match,,,,,,,,,,,,,,,,
324,right,RCA,prox,10.0,60,discrete,"[0.8, 0.85)",0.8261533966031388,0,324_right_RCA_prox_10mm_60ds_discrete_T3_stenosis_length_D_perterritory,T3_stenosis_length,D_perterritory,ok,3.0,0.0,True,30.712141998605215,1.0108518782923765,1.012965325375278,False,7.0,0.8198674305738148,-0.006285966029323964,0.0,4.8197413652147894e-14,2.304293676411733,2.30429367642744,True,7.918050284607531e-12
324,right,RCA,prox,10.0,60,discrete,"[0.8, 0.85)",0.8261533966031388,0,324_right_RCA_prox_10mm_60ds_discrete_T4_taper_D_perterritory,T4_taper,D_perterritory,ok,3.0,0.0,True,37.22267839462825,1.937207683195452,2.2695344788189415,False,11.0,0.7448041310853909,-0.0813492655177479,1.0,3.09835362388321e-13,2.3042936764023088,2.30429367642744,True,4.160372002579074e-12
363,right,RCA,prox,10.0,65,leaky,"[0.8, 0.85)",0.8352033151943398,0,363_right_RCA_prox_10mm_65ds_leaky_T1_missed_branch_D_perterritory,T1_missed_branch,D_perterritory,skipped: fewer than 2 shared territories to match,,,,,,,,,,,,,,,,
363,right,RCA,prox,10.0,65,leaky,"[0.8, 0.85)",0.8352033151943398,0,363_right_RCA_prox_10mm_65ds_leaky_T2_truncation_D_perterritory,T2_truncation,D_perterritory,skipped: fewer than 2 shared territories to match,,,,,,,,,,,,,,,,
363,right,RCA,prox,10.0,65,leaky,"[0.8, 0.85)",0.8352033151943398,0,363_right_RCA_prox_10mm_65ds_leaky_T3_stenosis_length_D_perterritory,T3_stenosis_length,D_perterritory,ok,2.0,0.0,True,21.887757436317568,1.0175731021045138,1.0181054255335404,False,6.0,0.8223255512097547,-0.012877763984585067,0.0,1.56528603020059e-14,0.6602309628180456,0.6645645202774024,True,6.786241339691327e-12
363,right,RCA,prox,10.0,65,leaky,"[0.8, 0.85)",0.8352033151943398,0,363_right_RCA_prox_10mm_65ds_leaky_T4_taper_D_perterritory,T4_taper,D_perterritory,ok,2.0,0.0,True,22.00685344966924,1.3209256949419494,1.33734227390216,False,6.0,0.808225924089073,-0.026977391105266757,0.0,1.801941383683987e-13,0.6676470714495998,0.6645645202774024,True,2.6558307102412343e-12
363,right,RCA,prox,10.0,65,discrete,"[0.8, 0.85)",0.8064014883773148,0,363_right_RCA_prox_10mm_65ds_discrete_T1_missed_branch_D_perterritory,T1_missed_branch,D_perterritory,skipped: no deletable downstream branch,,,,,,,,,,,,,,,,
363,right,RCA,prox,10.0,65,discrete,"[0.8, 0.85)",0.8064014883773148,0,363_right_RCA_prox_10mm_65ds_discrete_T2_truncation_D_perterritory,T2_truncation,D_perterritory,skipped: fewer than 2 shared territories to match,,,,,,,,,,,,,,,,
363,right,RCA,prox,10.0,65,discrete,"[0.8, 0.85)",0.8064014883773148,0,363_right_RCA_prox_10mm_65ds_discrete_T3_stenosis_length_D_perterritory,T3_stenosis_length,D_perterritory,skipped: fewer than 2 shared territories to match,,,,,,,,,,,,,,,,
363,right,RCA,prox,10.0,65,discrete,"[0.8, 0.85)",0.8064014883773148,0,363_right_RCA_prox_10mm_65ds_discrete_T4_taper_D_perterritory,T4_taper,D_perterritory,skipped: fewer than 2 shared territories to match,,,,,,,,,,,,,,,,
496,right,RCA,mid,10.0,65,leaky,"[0.8, 0.85)",0.8011667459151817,0,496_right_RCA_mid_10mm_65ds_leaky_T1_missed_branch_D_perterritory,T1_missed_branch,D_perterritory,skipped: fewer than 2 shared territories to match,,,,,,,,,,,,,,,,
496,right,RCA,mid,10.0,65,leaky,"[0.8, 0.85)",0.8011667459151817,0,496_right_RCA_mid_10mm_65ds_leaky_T2_truncation_D_perterritory,T2_truncation,D_perterritory,skipped: fewer than 2 shared territories to match,,,,,,,,,,,,,,,,
496,right,RCA,mid,10.0,65,leaky,"[0.8, 0.85)",0.8011667459151817,0,496_right_RCA_mid_10mm_65ds_leaky_T3_stenosis_length_D_perterritory,T3_stenosis_length,D_perterritory,ok,2.0,0.0,True,22.545319913335003,1.0175498913126158,1.0178791396998694,False,8.0,0.7888836753531405,-0.012283070562041143,1.0,3.716164910662622e-13,0.9695117585777807,0.9745269036749677,True,1.6181016185789264e-11
496,right,RCA,mid,10.0,65,leaky,"[0.8, 0.85)",0.8011667459151817,0,496_right_RCA_mid_10mm_65ds_leaky_T4_taper_D_perterritory,T4_taper,D_perterritory,ok,2.0,0.0,True,22.39916239580415,1.3080634929266652,1.3181648568356992,False,7.0,0.7743483424753087,-0.026818403439872962,1.0,1.5473049710016387e-13,1.002303857922459,0.9745269036749677,True,5.302914582248299e-12
496,right,RCA,mid,10.0,65,discrete,"[0.8, 0.85)",0.7191825629958245,1,496_right_RCA_mid_10mm_65ds_discrete_T1_missed_branch_D_perterritory,T1_missed_branch,D_perterritory,skipped: fewer than 2 shared territories to match,,,,,,,,,,,,,,,,
496,right,RCA,mid,10.0,65,discrete,"[0.8, 0.85)",0.7191825629958245,1,496_right_RCA_mid_10mm_65ds_discrete_T2_truncation_D_perterritory,T2_truncation,D_perterritory,skipped: fewer than 2 shared territories to match,,,,,,,,,,,,,,,,
496,right,RCA,mid,10.0,65,discrete,"[0.8, 0.85)",0.7191825629958245,1,496_right_RCA_mid_10mm_65ds_discrete_T3_stenosis_length_D_perterritory,T3_stenosis_length,D_perterritory,ok,2.0,0.0,True,44.46240468006553,1.0342275766916504,1.0379794680540793,False,6.0,0.700346652269121,-0.018835910726703542,0.0,1.0454555177018785e-13,0.795313158512978,0.7953131585189691,True,6.706498455065223e-12
496,right,RCA,mid,10.0,65,discrete,"[0.8, 0.85)",0.7191825629958245,1,496_right_RCA_mid_10mm_65ds_discrete_T4_taper_D_perterritory,T4_taper,D_perterritory,ok,2.0,0.0,True,35.50026921091937,1.1187807686589268,1.1870147954151562,False,9.0,0.6745226734747365,-0.044659889521088014,0.0,4.131517550772829e-13,0.7953131585117797,0.7953131585189691,True,7.903992372881476e-12
869,right,RCA,mid,20.0,60,leaky,"[0.8, 0.85)",0.833029857749337,0,869_right_RCA_mid_20mm_60ds_leaky_T1_missed_branch_D_perterritory,T1_missed_branch,D_perterritory,skipped: fewer than 2 shared territories to match,,,,,,,,,,,,,,,,
869,right,RCA,mid,20.0,60,leaky,"[0.8, 0.85)",0.833029857749337,0,869_right_RCA_mid_20mm_60ds_leaky_T2_truncation_D_perterritory,T2_truncation,D_perterritory,skipped: fewer than 2 shared territories to match,,,,,,,,,,,,,,,,
869,right,RCA,mid,20.0,60,leaky,"[0.8, 0.85)",0.833029857749337,0,869_right_RCA_mid_20mm_60ds_leaky_T3_stenosis_length_D_perterritory,T3_stenosis_length,D_perterritory,ok,2.0,0.0,True,21.258775265299807,1.0087316923261687,1.008803976299888,False,11.0,0.8265742700771302,-0.006455587672206775,0.0,3.4171625227769855e-13,1.5555540531331329,1.5591619021550198,True,4.3981018217870005e-12
869,right,RCA,mid,20.0,60,leaky,"[0.8, 0.85)",0.833029857749337,0,869_right_RCA_mid_20mm_60ds_leaky_T4_taper_D_perterritory,T4_taper,D_perterritory,ok,2.0,0.0,True,21.358398595001574,1.3237700939928796,1.3287634570475193,False,6.0,0.8021398097533664,-0.030890047995970615,0.0,7.132047235114913e-14,1.587584017209227,1.5591619021550198,True,9.597242407361897e-12
869,right,RCA,mid,20.0,60,discrete,"[0.8, 0.85)",0.7942343778818618,1,869_right_RCA_mid_20mm_60ds_discrete_T1_missed_branch_D_perterritory,T1_missed_branch,D_perterritory,skipped: fewer than 2 shared territories to match,,,,,,,,,,,,,,,,
869,right,RCA,mid,20.0,60,discrete,"[0.8, 0.85)",0.7942343778818618,1,869_right_RCA_mid_20mm_60ds_discrete_T2_truncation_D_perterritory,T2_truncation,D_perterritory,skipped: fewer than 2 shared territories to match,,,,,,,,,,,,,,,,
869,right,RCA,mid,20.0,60,discrete,"[0.8, 0.85)",0.7942343778818618,1,869_right_RCA_mid_20mm_60ds_discrete_T3_stenosis_length_D_perterritory,T3_stenosis_length,D_perterritory,ok,2.0,0.0,True,29.669101020847794,1.0144614925652384,1.0145555024547526,False,8.0,0.7858760239038892,-0.008358353977972577,0.0,1.690256397421785e-13,1.3203095950672137,1.3203095950606005,True,7.517579295801912e-12
869,right,RCA,mid,20.0,60,discrete,"[0.8, 0.85)",0.7942343778818618,1,869_right_RCA_mid_20mm_60ds_discrete_T4_taper_D_perterritory,T4_taper,D_perterritory,ok,2.0,0.0,True,25.150547716952005,1.2118818440546903,1.2200712721599631,False,7.0,0.7533388604578707,-0.04089551742399111,0.0,1.8400181190361008e-13,1.3203095950672137,1.3203095950606005,True,7.532174357158756e-12
984,right,RCA,prox,20.0,55,leaky,"[0.8, 0.85)",0.845480610309071,0,984_right_RCA_prox_20mm_55ds_leaky_T1_missed_branch_D_perterritory,T1_missed_branch,D_perterritory,ok,4.0,1.0,True,20.77020868519472,0.36051577650488664,0.8859488925333898,False,11.0,0.8866504602990003,0.04116984998992934,0.0,0.5,2.664409075909596,3.1169229755746435,True,9.708864319310724e-12
984,right,RCA,prox,20.0,55,leaky,"[0.8, 0.85)",0.845480610309071,0,984_right_RCA_prox_20mm_55ds_leaky_T2_truncation_D_perterritory,T2_truncation,D_perterritory,skipped: fewer than 2 shared territories to match,,,,,,,,,,,,,,,,
984,right,RCA,prox,20.0,55,leaky,"[0.8, 0.85)",0.845480610309071,0,984_right_RCA_prox_20mm_55ds_leaky_T3_stenosis_length_D_perterritory,T3_stenosis_length,D_perterritory,ok,4.0,0.0,True,22.128834715545686,1.0043263792600983,1.0045578792085974,False,4.0,0.8421452276765529,-0.0033353826325180913,0.0,4.022898379878435e-14,3.1129610498986433,3.1169229755746435,True,6.541935253261387e-12
984,right,RCA,prox,20.0,55,leaky,"[0.8, 0.85)",0.845480610309071,0,984_right_RCA_prox_20mm_55ds_leaky_T4_taper_D_perterritory,T4_taper,D_perterritory,ok,4.0,0.0,True,22.03189204084591,1.279201742648589,1.3052498339256582,False,7.0,0.8257737333724023,-0.019706876936668616,0.0,2.232529896954547e-13,2.8310553365811133,3.1169229755746435,True,5.5558710247725585e-12
984,right,RCA,prox,20.0,55,discrete,"[0.8, 0.85)",0.8539988625364572,0,984_right_RCA_prox_20mm_55ds_discrete_T1_missed_branch_D_perterritory,T1_missed_branch,D_perterritory,ok,3.0,1.0,True,11.748926567403025,0.3829117049670139,0.39970493688831255,False,10.0,0.9462374925811187,0.09223863004466148,0.0,0.5773502691896257,1.442403314899616,2.6980166704063286,True,1.8336923369152615e-11
984,right,RCA,prox,20.0,55,discrete,"[0.8, 0.85)",0.8539988625364572,0,984_right_RCA_prox_20mm_55ds_discrete_T2_truncation_D_perterritory,T2_truncation,D_perterritory,skipped: fewer than 2 shared territories to match,,,,,,,,,,,,,,,,
984,right,RCA,prox,20.0,55,discrete,"[0.8, 0.85)",0.8539988625364572,0,984_right_RCA_prox_20mm_55ds_discrete_T3_stenosis_length_D_perterritory,T3_stenosis_length,D_perterritory,ok,3.0,0.0,True,25.275684256293033,1.0055264985234127,1.007183190131424,False,10.0,0.8504690692740879,-0.0035297932623692407,0.0,1.3326216295601988e-13,2.698016670385536,2.6980166704063286,True,6.285366323582236e-12
984,right,RCA,prox,20.0,55,discrete,"[0.8, 0.85)",0.8539988625364572,0,984_right_RCA_prox_20mm_55ds_discrete_T4_taper_D_perterritory,T4_taper,D_perterritory,ok,3.0,0.0,True,25.873943995316843,1.4591411340352753,1.757880776725831,False,8.0,0.8108785385307616,-0.04312032400569554,0.0,1.6675537557900047e-13,2.6980166703498902,2.6980166704063286,True,6.857376884925891e-12
997,right,RCA,prox,20.0,60,leaky,"[0.8, 0.85)",0.8453723451146437,0,997_right_RCA_prox_20mm_60ds_leaky_T1_missed_branch_D_perterritory,T1_missed_branch,D_perterritory,skipped: fewer than 2 shared territories to match,,,,,,,,,,,,,,,,
997,right,RCA,prox,20.0,60,leaky,"[0.8, 0.85)",0.8453723451146437,0,997_right_RCA_prox_20mm_60ds_leaky_T2_truncation_D_perterritory,T2_truncation,D_perterritory,skipped: fewer than 2 shared territories to match,,,,,,,,,,,,,,,,
997,right,RCA,prox,20.0,60,leaky,"[0.8, 0.85)",0.8453723451146437,0,997_right_RCA_prox_20mm_60ds_leaky_T3_stenosis_length_D_perterritory,T3_stenosis_length,D_perterritory,ok,4.0,0.0,True,20.801065668263284,1.0080065517947683,1.0085635565807467,False,10.0,0.8392767506118625,-0.0060955945027811875,0.0,2.683981048795605e-13,1.5815055246495753,1.5868733207819967,True,6.84358990410533e-12
997,right,RCA,prox,20.0,60,leaky,"[0.8, 0.85)",0.8453723451146437,0,997_right_RCA_prox_20mm_60ds_leaky_T4_taper_D_perterritory,T4_taper,D_perterritory,ok,4.0,0.0,True,20.66168238035531,1.2834312613290226,1.3188435480941219,False,7.0,0.824638908538309,-0.02073343657633464,0.0,7.021412732623117e-13,1.5579412030716753,1.5868733207819967,True,5.7263871700461585e-12
997,right,RCA,prox,20.0,60,discrete,"[0.8, 0.85)",0.837650672909647,0,997_right_RCA_prox_20mm_60ds_discrete_T1_missed_branch_D_perterritory,T1_missed_branch,D_perterritory,skipped: fewer than 2 shared territories to match,,,,,,,,,,,,,,,,
997,right,RCA,prox,20.0,60,discrete,"[0.8, 0.85)",0.837650672909647,0,997_right_RCA_prox_20mm_60ds_discrete_T2_truncation_D_perterritory,T2_truncation,D_perterritory,skipped: fewer than 2 shared territories to match,,,,,,,,,,,,,,,,
997,right,RCA,prox,20.0,60,discrete,"[0.8, 0.85)",0.837650672909647,0,997_right_RCA_prox_20mm_60ds_discrete_T3_stenosis_length_D_perterritory,T3_stenosis_length,D_perterritory,ok,3.0,0.0,True,47.734785078944306,1.0109228342914847,1.0134759429987747,False,5.0,0.8303975228097759,-0.007253150099871153,0.0,9.10230630371858e-14,1.4249579853123386,1.424957985272562,True,7.646258115028323e-12
997,right,RCA,prox,20.0,60,discrete,"[0.8, 0.85)",0.837650672909647,0,997_right_RCA_prox_20mm_60ds_discrete_T4_taper_D_perterritory,T4_taper,D_perterritory,ok,3.0,0.0,True,41.811310356165336,1.1900023348903577,1.3441856842331765,False,7.0,0.8031150426083985,-0.03453563030124851,0.0,1.2677658451677442e-13,1.4249579853023944,1.424957985272562,True,7.147980007685246e-13
138,left,LAD,prox,20.0,70,leaky,"[0.85, 0.9)",0.8582096493829331,0,138_left_LAD_prox_20mm_70ds_leaky_T1_missed_branch_D_perterritory,T1_missed_branch,D_perterritory,ok,6.0,1.0,True,44.835717530935355,0.7116213216474042,1.0005326476259173,False,9.0,0.8825307329128779,0.024321083529944776,0.0,0.408248290463863,1.4519471643473723,1.548648618591791,True,1.0134721315971256e-12
138,left,LAD,prox,20.0,70,leaky,"[0.85, 0.9)",0.8582096493829331,0,138_left_LAD_prox_20mm_70ds_leaky_T2_truncation_D_perterritory,T2_truncation,D_perterritory,ok,6.0,0.0,True,44.94568931102761,0.7982992346786202,1.2793727263965207,False,7.0,0.869415164912432,0.011205515529498888,0.0,4.182304761158663e-14,1.5484895603145314,1.548648618591791,True,4.320662963181954e-12
138,left,LAD,prox,20.0,70,leaky,"[0.85, 0.9)",0.8582096493829331,0,138_left_LAD_prox_20mm_70ds_leaky_T3_stenosis_length_D_perterritory,T3_stenosis_length,D_perterritory,ok,6.0,0.0,True,44.80620192106741,0.9999999999573338,1.010744862220822,False,28.0,0.8498452405075392,-0.008364408875393914,0.0,3.904854146216632e-11,1.5486486186242097,1.548648618591791,True,1.1966029504004282e-11
138,left,LAD,prox,20.0,70,leaky,"[0.85, 0.9)",0.8582096493829331,0,138_left_LAD_prox_20mm_70ds_leaky_T4_taper_D_perterritory,T4_taper,D_perterritory,ok,6.0,0.0,True,44.28965507646814,0.804492643372641,1.2660134357423234,False,6.0,0.840462147865825,-0.017747501517108133,0.0,4.506188662810897e-14,1.5492463644422925,1.548648618591791,True,3.3003881780553576e-12
138,left,LAD,prox,20.0,70,discrete,"[0.85, 0.9)",0.8017739925178171,0,138_left_LAD_prox_20mm_70ds_discrete_T1_missed_branch_D_perterritory,T1_missed_branch,D_perterritory,ok,4.0,1.0,True,107.10680504805337,0.7668334058984142,0.8492170460794218,False,5.0,0.8754315153434311,0.073657522825614,0.0,0.5,1.2641195403023002,1.4495948123740656,True,1.0924954680476756e-11
138,left,LAD,prox,20.0,70,discrete,"[0.85, 0.9)",0.8017739925178171,0,138_left_LAD_prox_20mm_70ds_discrete_T2_truncation_D_perterritory,T2_truncation,D_perterritory,ok,4.0,0.0,True,131.63703313558014,0.9156481319507193,1.0439717057081177,False,7.0,0.8017739925269247,9.107603560210009e-12,0.0,6.671560721588556e-14,1.4495948123740656,1.4495948123740656,True,7.272203553066464e-12
138,left,LAD,prox,20.0,70,discrete,"[0.85, 0.9)",0.8017739925178171,0,138_left_LAD_prox_20mm_70ds_discrete_T3_stenosis_length_D_perterritory,T3_stenosis_length,D_perterritory,ok,4.0,0.0,True,126.09252953488101,0.9999999999332223,1.0161238049409211,False,28.0,0.7909228429677864,-0.010851149550030748,1.0,3.2125620385239894e-11,1.4495948123549955,1.4495948123740656,True,4.288937694765984e-12
138,left,LAD,prox,20.0,70,discrete,"[0.85, 0.9)",0.8017739925178171,0,138_left_LAD_prox_20mm_70ds_discrete_T4_taper_D_perterritory,T4_taper,D_perterritory,ok,4.0,0.0,True,114.03842401495601,0.9044026988403685,1.2082685831421713,False,9.0,0.7597953600114394,-0.04197863250637768,1.0,1.322799034698827e-13,1.4495948123683446,1.4495948123740656,True,3.2698767492764887e-12
274,left,LAD,mid,20.0,70,leaky,"[0.85, 0.9)",0.888832395803417,0,274_left_LAD_mid_20mm_70ds_leaky_T1_missed_branch_D_perterritory,T1_missed_branch,D_perterritory,skipped: no deletable downstream branch,,,,,,,,,,,,,,,,
274,left,LAD,mid,20.0,70,leaky,"[0.85, 0.9)",0.888832395803417,0,274_left_LAD_mid_20mm_70ds_leaky_T2_truncation_D_perterritory,T2_truncation,D_perterritory,ok,7.0,0.0,True,64.23045386175981,0.8807775243294653,1.078214415047352,False,6.0,0.9130346315175351,0.02420223571411806,0.0,1.0883594763890949e-14,1.3337631237471619,1.3337631237471619,True,1.8631842433135316e-11
274,left,LAD,mid,20.0,70,leaky,"[0.85, 0.9)",0.888832395803417,0,274_left_LAD_mid_20mm_70ds_leaky_T3_stenosis_length_D_perterritory,T3_stenosis_length,D_perterritory,ok,7.0,0.0,True,59.57113257379287,0.9999999999339768,1.0049249188911444,False,38.0,0.8809785485888016,-0.00785384721461535,0.0,3.399318652129311e-11,1.3337631237109782,1.3337631237471619,True,6.5594792646619074e-12
274,left,LAD,mid,20.0,70,leaky,"[0.85, 0.9)",0.888832395803417,0,274_left_LAD_mid_20mm_70ds_leaky_T4_taper_D_perterritory,T4_taper,D_perterritory,ok,7.0,0.0,True,62.04457187327199,0.9417686615890991,1.0415207700880313,False,5.0,0.8931028476163977,0.004270451812980691,0.0,4.6797522064294156e-14,1.3337631237518814,1.3337631237471619,True,2.214886009412068e-11
274,left,LAD,mid,20.0,70,discrete,"[0.85, 0.9)",0.9174765896839817,0,274_left_LAD_mid_20mm_70ds_discrete_T1_missed_branch_D_perterritory,T1_missed_branch,D_perterritory,skipped: no deletable downstream branch,,,,,,,,,,,,,,,,
274,left,LAD,mid,20.0,70,discrete,"[0.85, 0.9)",0.9174765896839817,0,274_left_LAD_mid_20mm_70ds_discrete_T2_truncation_D_perterritory,T2_truncation,D_perterritory,ok,5.0,0.0,True,139.16099796736577,0.6864821883760911,1.1110948873882234,False,7.0,0.9015966672696166,-0.01587992241436509,0.0,1.821853324464923e-14,1.3170129944781825,1.3170129944781825,True,4.188977152719707e-12
274,left,LAD,mid,20.0,70,discrete,"[0.85, 0.9)",0.9174765896839817,0,274_left_LAD_mid_20mm_70ds_discrete_T3_stenosis_length_D_perterritory,T3_stenosis_length,D_perterritory,ok,5.0,0.0,True,125.24672694200072,0.9999999998936998,1.0079814392555484,False,34.0,0.9109210497175487,-0.006555539966432988,0.0,5.1876124005423647e-11,1.3170129944026687,1.3170129944781825,True,3.6125566603731944e-12
274,left,LAD,mid,20.0,70,discrete,"[0.85, 0.9)",0.9174765896839817,0,274_left_LAD_mid_20mm_70ds_discrete_T4_taper_D_perterritory,T4_taper,D_perterritory,ok,5.0,0.0,True,121.7179361835018,0.9718252856209716,1.1725416024117141,False,5.0,0.9150468913467884,-0.002429698337193309,0.0,6.627101168467816e-14,1.3170129944781825,1.3170129944781825,True,4.1516746271206985e-12
324,left,LAD,prox,10.0,55,leaky,"[0.85, 0.9)",0.8998029883209366,0,324_left_LAD_prox_10mm_55ds_leaky_T1_missed_branch_D_perterritory,T1_missed_branch,D_perterritory,ok,6.0,0.0,True,27.008114645667504,0.9347191462403737,1.616556460780772,False,6.0,0.8973648279249467,-0.0024381603959899856,0.0,2.96013436115267e-14,3.54986755467204,3.5471912481812753,True,1.6526110065605741e-12
324,left,LAD,prox,10.0,55,leaky,"[0.85, 0.9)",0.8998029883209366,0,324_left_LAD_prox_10mm_55ds_leaky_T2_truncation_D_perterritory,T2_truncation,D_perterritory,ok,6.0,0.0,True,29.330877491470382,0.9203094463448916,1.0151069917095386,False,5.0,0.8999033652408963,0.00010037691995967712,0.0,6.258386416882726e-14,3.546620956102439,3.5471912481812753,True,9.749323619386722e-12
324,left,LAD,prox,10.0,55,leaky,"[0.85, 0.9)",0.8998029883209366,0,324_left_LAD_prox_10mm_55ds_leaky_T3_stenosis_length_D_perterritory,T3_stenosis_length,D_perterritory,ok,6.0,0.0,True,28.89436922520189,0.9999999999347998,1.0078179467610422,False,27.0,0.8933923661483412,-0.00641062217259547,0.0,3.621885132915666e-11,3.547191248102811,3.5471912481812753,True,3.940150436953405e-12
324,left,LAD,prox,10.0,55,leaky,"[0.85, 0.9)",0.8998029883209366,0,324_left_LAD_prox_10mm_55ds_leaky_T4_taper_D_perterritory,T4_taper,D_perterritory,ok,6.0,0.0,True,28.49174391107974,0.8762002220085179,1.26608129935191,False,6.0,0.8793399434998715,-0.02046304482106509,0.0,7.189165139015746e-14,3.5477327649161285,3.5471912481812753,True,2.6706945465805396e-12
324,left,LAD,prox,10.0,55,discrete,"[0.85, 0.9)",0.8079700496084503,0,324_left_LAD_prox_10mm_55ds_discrete_T1_missed_branch_D_perterritory,T1_missed_branch,D_perterritory,ok,4.0,0.0,True,43.39402812287455,0.8441007865262401,2.15372461028121,False,7.0,0.8025901826697941,-0.005379866938656219,0.0,1.6305768442664675e-13,3.2681802503340522,3.2681802503518846,True,4.429701702198685e-12
324,left,LAD,prox,10.0,55,discrete,"[0.85, 0.9)",0.8079700496084503,0,324_left_LAD_prox_10mm_55ds_discrete_T2_truncation_D_perterritory,T2_truncation,D_perterritory,ok,4.0,0.0,True,63.11888014055141,0.6832669705079343,1.2277886768339554,False,6.0,0.8057243167899145,-0.002245732818535795,0.0,8.399472896857954e-14,3.2681802503340522,3.2681802503518846,True,4.325513065491323e-12
324,left,LAD,prox,10.0,55,discrete,"[0.85, 0.9)",0.8079700496084503,0,324_left_LAD_prox_10mm_55ds_discrete_T3_stenosis_length_D_perterritory,T3_stenosis_length,D_perterritory,ok,4.0,0.0,True,51.40858629151512,0.9999999981109313,1.016186885606796,False,12.0,0.7974475229312008,-0.01052252667724951,1.0,8.661310511379919e-10,3.2681802475877935,3.2681802503518846,True,5.686185564581996e-12
324,left,LAD,prox,10.0,55,discrete,"[0.85, 0.9)",0.8079700496084503,0,324_left_LAD_prox_10mm_55ds_discrete_T4_taper_D_perterritory,T4_taper,D_perterritory,ok,4.0,0.0,True,46.75804368233204,0.9095376289318724,1.249367962511835,False,6.0,0.7591362013547117,-0.0488338482537386,1.0,1.0089556433628232e-14,3.268180250326919,3.2681802503518846,True,2.1889980737121817e-12
335,left,LAD,prox,20.0,55,leaky,"[0.85, 0.9)",0.8662276409741712,0,335_left_LAD_prox_20mm_55ds_leaky_T1_missed_branch_D_perterritory,T1_missed_branch,D_perterritory,skipped: no deletable downstream branch,,,,,,,,,,,,,,,,
335,left,LAD,prox,20.0,55,leaky,"[0.85, 0.9)",0.8662276409741712,0,335_left_LAD_prox_20mm_55ds_leaky_T2_truncation_D_perterritory,T2_truncation,D_perterritory,ok,6.0,0.0,True,27.58321996795685,0.966153809550763,1.497182113720485,False,6.0,0.8618151888798536,-0.004412452094317509,0.0,9.811343133572053e-14,6.334297069663725,6.305329725875558,True,8.338884963850035e-13
335,left,LAD,prox,20.0,55,leaky,"[0.85, 0.9)",0.8662276409741712,0,335_left_LAD_prox_20mm_55ds_leaky_T3_stenosis_length_D_perterritory,T3_stenosis_length,D_perterritory,ok,6.0,0.0,True,28.54958012337657,0.9999999999853155,1.0092491060453892,False,23.0,0.8588629986700009,-0.007364642304170221,0.0,7.277080552012948e-12,6.305329725930693,6.305329725875558,True,3.4126724417844927e-12
335,left,LAD,prox,20.0,55,leaky,"[0.85, 0.9)",0.8662276409741712,0,335_left_LAD_prox_20mm_55ds_leaky_T4_taper_D_perterritory,T4_taper,D_perterritory,ok,6.0,0.0,True,28.622338061374325,0.927419580301643,1.32105068267357,False,5.0,0.8259146174651002,-0.040313023509070955,0.0,6.915142616385898e-14,6.303227929820659,6.305329725875558,True,4.183140592193265e-12
335,left,LAD,prox,20.0,55,discrete,"[0.85, 0.9)",0.6684785827576603,1,335_left_LAD_prox_20mm_55ds_discrete_T1_missed_branch_D_perterritory,T1_missed_branch,D_perterritory,skipped: no deletable downstream branch,,,,,,,,,,,,,,,,
335,left,LAD,prox,20.0,55,discrete,"[0.85, 0.9)",0.6684785827576603,1,335_left_LAD_prox_20mm_55ds_discrete_T2_truncation_D_perterritory,T2_truncation,D_perterritory,ok,4.0,0.0,True,29.157067992715852,0.3077824485922289,1.9379779507370942,False,7.0,0.6642634142233625,-0.0042151685342977085,0.0,1.2771251137987894e-13,4.747999024271666,4.747999024271666,True,1.9500671965401377e-12
335,left,LAD,prox,20.0,55,discrete,"[0.85, 0.9)",0.6684785827576603,1,335_left_LAD_prox_20mm_55ds_discrete_T3_stenosis_length_D_perterritory,T3_stenosis_length,D_perterritory,ok,4.0,0.0,True,15.045097897999725,1.000000000063005,1.031188531999422,False,33.0,0.6569879866537287,-0.01149059610393155,0.0,3.697744865015737e-11,4.747999024437071,4.747999024271666,True,1.5060348799394696e-12
335,left,LAD,prox,20.0,55,discrete,"[0.85, 0.9)",0.6684785827576603,1,335_left_LAD_prox_20mm_55ds_discrete_T4_taper_D_perterritory,T4_taper,D_perterritory,ok,4.0,0.0,True,13.399474245738997,0.8906206085585506,2.171128960620934,False,6.0,0.5560717080197171,-0.1124068747379432,0.0,2.5226849475625303e-13,4.747999024271666,4.747999024271666,True,2.0171447983971586e-12
488,left,LAD,prox,20.0,65,leaky,"[0.85, 0.9)",0.8826693580396421,0,488_left_LAD_prox_20mm_65ds_leaky_T1_missed_branch_D_perterritory,T1_missed_branch,D_perterritory,ok,6.0,0.0,True,39.5506595101998,0.9919764580405451,1.0195627963490865,False,7.0,0.8873052148597783,0.0046358568201362305,0.0,8.393728184368461e-15,5.415715272445546,5.415715272457161,True,1.142459777749694e-11
488,left,LAD,prox,20.0,65,leaky,"[0.85, 0.9)",0.8826693580396421,0,488_left_LAD_prox_20mm_65ds_leaky_T2_truncation_D_perterritory,T2_truncation,D_perterritory,ok,6.0,0.0,True,40.542013299830714,0.9631929083012072,1.0168407620264137,False,6.0,0.8731881369711907,-0.009481221068451395,0.0,3.3735825941740455e-14,5.4157152724513535,5.415715272457161,True,1.0325555412640825e-11
488,left,LAD,prox,20.0,65,leaky,"[0.85, 0.9)",0.8826693580396421,0,488_left_LAD_prox_20mm_65ds_leaky_T3_stenosis_length_D_perterritory,T3_stenosis_length,D_perterritory,ok,6.0,0.0,True,39.870562642508965,0.9999999998747254,1.0035633425117743,False,37.0,0.8766656744614766,-0.006003683578165497,0.0,5.7662525401425925e-11,5.415715272625576,5.415715272457161,True,1.4267061977776025e-12
488,left,LAD,prox,20.0,65,leaky,"[0.85, 0.9)",0.8826693580396421,0,488_left_LAD_prox_20mm_65ds_leaky_T4_taper_D_perterritory,T4_taper,D_perterritory,ok,6.0,0.0,True,39.05117569899019,0.9199037594008271,1.1519178820527403,False,6.0,0.8552434763613795,-0.027425881678262543,0.0,3.149844399974653e-14,5.4157152725268505,5.415715272457161,True,3.613999135348392e-12
488,left,LAD,prox,20.0,65,discrete,"[0.85, 0.9)",0.8210732919595802,0,488_left_LAD_prox_20mm_65ds_discrete_T1_missed_branch_D_perterritory,T1_missed_branch,D_perterritory,skipped: no deletable downstream branch,,,,,,,,,,,,,,,,
488,left,LAD,prox,20.0,65,discrete,"[0.85, 0.9)",0.8210732919595802,0,488_left_LAD_prox_20mm_65ds_discrete_T2_truncation_D_perterritory,T2_truncation,D_perterritory,ok,4.0,0.0,True,42.64528111966978,0.6746478979697279,1.1217883439506775,False,5.0,0.8210732919590936,-4.866107516932061e-13,0.0,1.2271851851291659e-13,4.766308119046884,4.766308119046884,True,5.972209205627316e-12
488,left,LAD,prox,20.0,65,discrete,"[0.85, 0.9)",0.8210732919595802,0,488_left_LAD_prox_20mm_65ds_discrete_T3_stenosis_length_D_perterritory,T3_stenosis_length,D_perterritory,ok,4.0,0.0,True,38.01544324259884,1.0000000001149991,1.0148047933495772,False,37.0,0.8122209900182105,-0.008852301941369767,0.0,7.590055521507815e-11,4.766308119412751,4.766308119046884,True,3.5986798906347037e-13
488,left,LAD,prox,20.0,65,discrete,"[0.85, 0.9)",0.8210732919595802,0,488_left_LAD_prox_20mm_65ds_discrete_T4_taper_D_perterritory,T4_taper,D_perterritory,ok,4.0,0.0,True,36.45263165219158,0.9588900863148043,1.4289851867745624,False,6.0,0.7616176785940088,-0.05945561336557148,1.0,6.901095407203529e-14,4.766308119035268,4.766308119046884,True,8.46036313911184e-12
549,left,LAD,prox,20.0,60,leaky,"[0.85, 0.9)",0.8908926652948389,0,549_left_LAD_prox_20mm_60ds_leaky_T1_missed_branch_D_perterritory,T1_missed_branch,D_perterritory,skipped: no deletable downstream branch,,,,,,,,,,,,,,,,
549,left,LAD,prox,20.0,60,leaky,"[0.85, 0.9)",0.8908926652948389,0,549_left_LAD_prox_20mm_60ds_leaky_T2_truncation_D_perterritory,T2_truncation,D_perterritory,ok,5.0,0.0,True,27.400221541367625,0.6992605970292103,1.0762059582048797,False,6.0,0.8986050056438599,0.0077123403490210185,0.0,1.6577626182442533e-14,1.5841002989160842,1.601236967549206,True,1.1461490940200706e-12
549,left,LAD,prox,20.0,60,leaky,"[0.85, 0.9)",0.8908926652948389,0,549_left_LAD_prox_20mm_60ds_leaky_T3_stenosis_length_D_perterritory,T3_stenosis_length,D_perterritory,ok,5.0,0.0,True,25.459598448719532,0.9999999999530859,1.008788821798095,False,24.0,0.8838794275088538,-0.00701323778598506,0.0,5.3892032369880025e-11,1.601236967597227,1.601236967549206,True,2.1658035097077815e-12
549,left,LAD,prox,20.0,60,leaky,"[0.85, 0.9)",0.8908926652948389,0,549_left_LAD_prox_20mm_60ds_leaky_T4_taper_D_perterritory,T4_taper,D_perterritory,ok,5.0,0.0,True,24.691644704101574,0.9698838096276449,1.2906717477759297,False,6.0,0.8481909469735234,-0.04270171832131553,0.0,6.979394983673843e-14,1.6458992924680012,1.601236967549206,True,1.1502032024539354e-13
549,left,LAD,prox,20.0,60,discrete,"[0.85, 0.9)",0.8057861264076955,0,549_left_LAD_prox_20mm_60ds_discrete_T1_missed_branch_D_perterritory,T1_missed_branch,D_perterritory,skipped: no deletable downstream branch,,,,,,,,,,,,,,,,
549,left,LAD,prox,20.0,60,discrete,"[0.85, 0.9)",0.8057861264076955,0,549_left_LAD_prox_20mm_60ds_discrete_T2_truncation_D_perterritory,T2_truncation,D_perterritory,ok,4.0,0.0,True,69.845138268644,0.8640259115870087,1.0256216752750784,False,5.0,,,0.0,1.281996657004701e-13,1.4742746692639552,1.4742746692639552,True,1.0305849926160352e-12
549,left,LAD,prox,20.0,60,discrete,"[0.85, 0.9)",0.8057861264076955,0,549_left_LAD_prox_20mm_60ds_discrete_T3_stenosis_length_D_perterritory,T3_stenosis_length,D_perterritory,ok,4.0,0.0,True,68.10029463340858,1.0000000000006992,1.0179109672455136,False,30.0,0.7948155270587244,-0.010970599348971155,1.0,3.9052512236135346e-11,1.474274669301972,1.4742746692639552,True,2.6759300922566746e-12
549,left,LAD,prox,20.0,60,discrete,"[0.85, 0.9)",0.8057861264076955,0,549_left_LAD_prox_20mm_60ds_discrete_T4_taper_D_perterritory,T4_taper,D_perterritory,ok,4.0,0.0,True,61.66286869000518,0.9054713936546525,1.3006927553741157,False,7.0,0.751448340523578,-0.05433778588411753,1.0,6.260970286573251e-14,1.4742746692639552,1.4742746692639552,True,1.1397480022868627e-12
751,left,LAD,prox,10.0,70,leaky,"[0.85, 0.9)",0.8841832660500959,0,751_left_LAD_prox_10mm_70ds_leaky_T1_missed_branch_D_perterritory,T1_missed_branch,D_perterritory,skipped: no deletable downstream branch,,,,,,,,,,,,,,,,
751,left,LAD,prox,10.0,70,leaky,"[0.85, 0.9)",0.8841832660500959,0,751_left_LAD_prox_10mm_70ds_leaky_T2_truncation_D_perterritory,T2_truncation,D_perterritory,ok,6.0,0.0,True,41.726750027759586,0.8257513852092692,1.1033049057977804,False,6.0,0.9072426668156878,0.023059400765591875,0.0,4.2319051343226864e-14,2.515707992934572,2.515707992934572,True,1.566654124661265e-12
751,left,LAD,prox,10.0,70,leaky,"[0.85, 0.9)",0.8841832660500959,0,751_left_LAD_prox_10mm_70ds_leaky_T3_stenosis_length_D_perterritory,T3_stenosis_length,D_perterritory,ok,6.0,0.0,True,41.660825283942536,0.999999999938523,1.011675968526204,False,34.0,0.8722549475876583,-0.011928318462437582,0.0,4.533227096076354e-11,2.5157079928911785,2.515707992934572,True,2.506545590208889e-12
751,left,LAD,prox,10.0,70,leaky,"[0.85, 0.9)",0.8841832660500959,0,751_left_LAD_prox_10mm_70ds_leaky_T4_taper_D_perterritory,T4_taper,D_perterritory,ok,6.0,0.0,True,41.668959843527226,0.9812251257705035,1.0429743220711427,False,5.0,0.8747908721521291,-0.009392393897966755,0.0,6.536137583180357e-14,2.5157079929562687,2.515707992934572,True,1.0203285319863641e-11
751,left,LAD,prox,10.0,70,discrete,"[0.85, 0.9)",0.882908436596412,0,751_left_LAD_prox_10mm_70ds_discrete_T1_missed_branch_D_perterritory,T1_missed_branch,D_perterritory,skipped: no deletable downstream branch,,,,,,,,,,,,,,,,
751,left,LAD,prox,10.0,70,discrete,"[0.85, 0.9)",0.882908436596412,0,751_left_LAD_prox_10mm_70ds_discrete_T2_truncation_D_perterritory,T2_truncation,D_perterritory,ok,4.0,0.0,True,96.13220128489955,0.4188734916257013,1.3419853369655983,False,7.0,0.8827138578449828,-0.00019457875142925296,0.0,6.103093914812986e-14,2.410214898610836,2.410214898610836,True,3.923767487100432e-13
751,left,LAD,prox,10.0,70,discrete,"[0.85, 0.9)",0.882908436596412,0,751_left_LAD_prox_10mm_70ds_discrete_T3_stenosis_length_D_perterritory,T3_stenosis_length,D_perterritory,ok,4.0,0.0,True,71.63431569399263,0.9999999999455497,1.0172146401780586,False,33.0,0.8705612521259519,-0.012347184470460126,0.0,2.4969392916650972e-11,2.41021489858914,2.410214898610836,True,2.6677401697131666e-12
751,left,LAD,prox,10.0,70,discrete,"[0.85, 0.9)",0.882908436596412,0,751_left_LAD_prox_10mm_70ds_discrete_T4_taper_D_perterritory,T4_taper,D_perterritory,ok,4.0,0.0,True,69.08881643482296,0.9644653650347754,1.2992020086157645,False,8.0,0.868848265135486,-0.014060171460926085,0.0,5.952018841348031e-14,2.410214898610836,2.410214898610836,True,4.088941756597719e-13
758,left,LAD,mid,20.0,75,leaky,"[0.85, 0.9)",0.8668445330418655,0,758_left_LAD_mid_20mm_75ds_leaky_T1_missed_branch_D_perterritory,T1_missed_branch,D_perterritory,skipped: no deletable downstream branch,,,,,,,,,,,,,,,,
758,left,LAD,mid,20.0,75,leaky,"[0.85, 0.9)",0.8668445330418655,0,758_left_LAD_mid_20mm_75ds_leaky_T2_truncation_D_perterritory,T2_truncation,D_perterritory,ok,6.0,0.0,True,66.15605779498557,0.8747600302189262,1.0325831230954323,False,5.0,0.8667791284944084,-6.54045474570708e-05,0.0,3.847837404918333e-14,0.972420350294354,0.972420350294354,True,2.722552035560512e-11
758,left,LAD,mid,20.0,75,leaky,"[0.85, 0.9)",0.8668445330418655,0,758_left_LAD_mid_20mm_75ds_leaky_T3_stenosis_length_D_perterritory,T3_stenosis_length,D_perterritory,ok,6.0,0.0,True,64.06850578446938,0.9999999999548002,1.014800424249644,False,45.0,0.8547598972797885,-0.012084635762076967,0.0,6.674359757279279e-11,0.9724203503514375,0.972420350294354,True,1.4763970061196428e-11
758,left,LAD,mid,20.0,75,leaky,"[0.85, 0.9)",0.8668445330418655,0,758_left_LAD_mid_20mm_75ds_leaky_T4_taper_D_perterritory,T4_taper,D_perterritory,ok,6.0,0.0,True,63.421154866723334,0.9898959573066375,1.1041127007305953,False,7.0,0.826055602463449,-0.04078893057841648,0.0,3.998150017897229e-14,0.972420350294354,0.972420350294354,True,2.7242288190862485e-11
758,left,LAD,mid,20.0,75,discrete,"[0.85, 0.9)",0.7558268731024625,1,758_left_LAD_mid_20mm_75ds_discrete_T1_missed_branch_D_perterritory,T1_missed_branch,D_perterritory,skipped: no deletable downstream branch,,,,,,,,,,,,,,,,
758,left,LAD,mid,20.0,75,discrete,"[0.85, 0.9)",0.7558268731024625,1,758_left_LAD_mid_20mm_75ds_discrete_T2_truncation_D_perterritory,T2_truncation,D_perterritory,ok,4.0,0.0,True,198.13031481292373,0.6009313303458436,1.1567353858554077,False,8.0,0.7558737691555295,4.689605306695821e-05,0.0,9.935122382533608e-14,0.9128877772538228,0.9128877772538228,True,9.744975920718456e-12
758,left,LAD,mid,20.0,75,discrete,"[0.85, 0.9)",0.7558268731024625,1,758_left_LAD_mid_20mm_75ds_discrete_T3_stenosis_length_D_perterritory,T3_stenosis_length,D_perterritory,ok,4.0,0.0,True,171.28404407409565,0.9999999999709579,1.0303640665914027,False,29.0,0.7362412218555829,-0.01958565124687961,0.0,1.474677045657725e-11,0.9128877772420124,0.9128877772538228,True,1.0927302774096563e-11
758,left,LAD,mid,20.0,75,discrete,"[0.85, 0.9)",0.7558268731024625,1,758_left_LAD_mid_20mm_75ds_discrete_T4_taper_D_perterritory,T4_taper,D_perterritory,ok,4.0,0.0,True,160.39820618249462,0.936445697843903,1.3135207982062707,False,7.0,0.6779352506051274,-0.07789162249733517,0.0,4.867208706334706e-14,0.9128877772538228,0.9128877772538228,True,9.76643270587137e-12
52,left,LCX,prox,10.0,60,leaky,"[0.85, 0.9)",0.8929531222168584,0,52_left_LCX_prox_10mm_60ds_leaky_T1_missed_branch_D_perterritory,T1_missed_branch,D_perterritory,ok,6.0,1.0,True,31.744925689729833,0.848248880666975,0.94891106991085,False,5.0,0.9210147736321143,0.02806165141525585,0.0,0.408248290463863,3.0044304794106864,3.1624800364373407,True,3.823929845877877e-12
52,left,LCX,prox,10.0,60,leaky,"[0.85, 0.9)",0.8929531222168584,0,52_left_LCX_prox_10mm_60ds_leaky_T2_truncation_D_perterritory,T2_truncation,D_perterritory,ok,6.0,0.0,True,32.26027193414299,0.9644467052761639,1.180263206798338,False,6.0,0.8929485825112136,-4.539705644845959e-06,0.0,3.8856837919308225e-14,3.176815964901994,3.1624800364373407,True,1.1119384599576414e-11
52,left,LCX,prox,10.0,60,leaky,"[0.85, 0.9)",0.8929531222168584,0,52_left_LCX_prox_10mm_60ds_leaky_T3_stenosis_length_D_perterritory,T3_stenosis_length,D_perterritory,ok,6.0,0.0,True,33.449673962956034,0.9999999999281639,1.0092408581682302,False,29.0,0.8854283155524133,-0.007524806664445105,0.0,3.2473736201458446e-11,3.162480036405873,3.1624800364373407,True,8.154199952512831e-12
52,left,LCX,prox,10.0,60,leaky,"[0.85, 0.9)",0.8929531222168584,0,52_left_LCX_prox_10mm_60ds_leaky_T4_taper_D_perterritory,T4_taper,D_perterritory,ok,6.0,0.0,True,33.2559782822183,0.6834162087367613,1.2687016358403982,False,7.0,0.8770171889524446,-0.015935933264413782,0.0,8.590722180979293e-14,3.164744766801273,3.1624800364373407,True,9.519250220285398e-12
52,left,LCX,prox,10.0,60,discrete,"[0.85, 0.9)",0.8498658669673254,0,52_left_LCX_prox_10mm_60ds_discrete_T1_missed_branch_D_perterritory,T1_missed_branch,D_perterritory,ok,4.0,1.0,True,77.39108145623706,0.8297295218425267,0.8914539586751704,False,12.0,0.9046475252907235,0.0547816583233981,0.0,0.5,2.7283168438512004,3.0104862670526855,True,5.573841635293392e-12
52,left,LCX,prox,10.0,60,discrete,"[0.85, 0.9)",0.8498658669673254,0,52_left_LCX_prox_10mm_60ds_discrete_T2_truncation_D_perterritory,T2_truncation,D_perterritory,ok,4.0,0.0,True,102.73948969754022,0.7291104134427125,1.1837172626626216,False,6.0,0.8498658669673489,2.353672812205332e-14,0.0,8.321217184168544e-14,3.0104862670526855,3.0104862670526855,True,3.4053102559591867e-12
52,left,LCX,prox,10.0,60,discrete,"[0.85, 0.9)",0.8498658669673254,0,52_left_LCX_prox_10mm_60ds_discrete_T3_stenosis_length_D_perterritory,T3_stenosis_length,D_perterritory,ok,4.0,0.0,True,86.79394390721383,1.0000000000044886,1.0129758581996386,False,34.0,0.8404198684310195,-0.0094459985363059,0.0,2.6997403394720592e-11,3.0104862671274213,3.0104862670526855,True,2.1397491940780557e-13
52,left,LCX,prox,10.0,60,discrete,"[0.85, 0.9)",0.8498658669673254,0,52_left_LCX_prox_10mm_60ds_discrete_T4_taper_D_perterritory,T4_taper,D_perterritory,ok,4.0,0.0,True,80.0172118117405,0.9219216020103269,1.189212516309501,False,7.0,0.8249874790742966,-0.024878387893028764,0.0,2.179146885279703e-13,3.0104862670448185,3.0104862670526855,True,9.086548353010768e-13
69,left,LCX,prox,20.0,65,leaky,"[0.85, 0.9)",0.8545218085711722,0,69_left_LCX_prox_20mm_65ds_leaky_T1_missed_branch_D_perterritory,T1_missed_branch,D_perterritory,ok,6.0,1.0,True,30.02945885699423,0.6608167512352106,1.0011070569956977,False,9.0,0.8974667166782659,0.04294490810709373,0.0,0.408248290463863,2.790307508584158,3.097345085771122,True,3.787702096221043e-12
69,left,LCX,prox,20.0,65,leaky,"[0.85, 0.9)",0.8545218085711722,0,69_left_LCX_prox_20mm_65ds_leaky_T2_truncation_D_perterritory,T2_truncation,D_perterritory,ok,6.0,0.0,True,30.02349732113268,0.5408258409671797,1.5129559823187184,False,7.0,0.881070675027988,0.026548866456815756,0.0,5.319096166685833e-14,3.0973450857637745,3.097345085771122,True,4.0637737312680147e-13
69,left,LCX,prox,20.0,65,leaky,"[0.85, 0.9)",0.8545218085711722,0,69_left_LCX_prox_20mm_65ds_leaky_T3_stenosis_length_D_perterritory,T3_stenosis_length,D_perterritory,ok,6.0,0.0,True,29.99464739262367,0.9999999999468857,1.008559872388394,False,39.0,0.8478373220990361,-0.006684486472136153,0.0,3.322840272568631e-11,3.0973450857380587,3.097345085771122,True,1.0713212377102707e-12
69,left,LCX,prox,20.0,65,leaky,"[0.85, 0.9)",0.8545218085711722,0,69_left_LCX_prox_20mm_65ds_leaky_T4_taper_D_perterritory,T4_taper,D_perterritory,ok,6.0,0.0,True,29.129555984982456,0.903039385497106,1.2411607446811155,False,9.0,0.836883387455611,-0.017638421115561242,0.0,5.432821463650555e-15,3.097345085756427,3.097345085771122,True,2.807723075304689e-12
69,left,LCX,prox,20.0,65,discrete,"[0.85, 0.9)",0.8098749392279531,0,69_left_LCX_prox_20mm_65ds_discrete_T1_missed_branch_D_perterritory,T1_missed_branch,D_perterritory,ok,4.0,1.0,True,24.65409796400338,0.6051223378461138,0.721018888909959,False,6.0,0.9283178903689734,0.11844295114102033,0.0,0.5,2.2621488227715374,2.896178652769228,True,7.427713157305614e-12
69,left,LCX,prox,20.0,65,discrete,"[0.85, 0.9)",0.8098749392279531,0,69_left_LCX_prox_20mm_65ds_discrete_T2_truncation_D_perterritory,T2_truncation,D_perterritory,ok,4.0,0.0,True,42.53215075663488,0.5832653032394112,1.244028456763178,False,7.0,0.8098749392278807,-7.238654120556021e-14,0.0,1.8839928685638833e-14,2.8961786527765754,2.896178652769228,True,9.088664417728262e-12
69,left,LCX,prox,20.0,65,discrete,"[0.85, 0.9)",0.8098749392279531,0,69_left_LCX_prox_20mm_65ds_discrete_T3_stenosis_length_D_perterritory,T3_stenosis_length,D_perterritory,ok,4.0,0.0,True,34.18904971619685,1.0000000000479181,1.0132205674669286,False,22.0,0.8018121896764557,-0.008062749551497328,0.0,7.068450730543014e-11,2.8961786529198488,2.896178652769228,True,9.421344162891161e-12
69,left,LCX,prox,20.0,65,discrete,"[0.85, 0.9)",0.8098749392279531,0,69_left_LCX_prox_20mm_65ds_discrete_T4_taper_D_perterritory,T4_taper,D_perterritory,ok,4.0,0.0,True,30.738068968290314,0.8990618114117329,1.3089737822534984,False,7.0,0.7526769302473933,-0.05719800898055971,1.0,4.786582769464829e-14,2.896178652769228,2.896178652769228,True,6.564977802331828e-12
151,left,LCX,prox,20.0,55,leaky,"[0.85, 0.9)",0.8837622706415558,0,151_left_LCX_prox_20mm_55ds_leaky_T1_missed_branch_D_perterritory,T1_missed_branch,D_perterritory,ok,4.0,0.0,True,28.65660007712911,0.9831886564999986,1.0502310679462232,False,9.0,0.8838161489119698,5.3878270414031704e-05,0.0,1.1992972762067935e-13,7.8051967593132074,7.757478071091841,True,2.3141159824957467e-12
151,left,LCX,prox,20.0,55,leaky,"[0.85, 0.9)",0.8837622706415558,0,151_left_LCX_prox_20mm_55ds_leaky_T2_truncation_D_perterritory,T2_truncation,D_perterritory,ok,4.0,0.0,True,28.616036313024814,0.9817974791809284,1.0529579266705738,False,5.0,0.8838223277443279,6.005710277212639e-05,0.0,1.1026228950184813e-13,7.809218814558972,7.757478071091841,True,8.495039261197005e-13
151,left,LCX,prox,20.0,55,leaky,"[0.85, 0.9)",0.8837622706415558,0,151_left_LCX_prox_20mm_55ds_leaky_T3_stenosis_length_D_perterritory,T3_stenosis_length,D_perterritory,ok,4.0,0.0,True,29.14678300497928,0.999999999985696,1.0051162744488367,False,31.0,0.879622320933078,-0.0041399497084777526,0.0,1.3095589829813912e-11,7.757478071031453,7.757478071091841,True,9.70211696018637e-12
151,left,LCX,prox,20.0,55,leaky,"[0.85, 0.9)",0.8837622706415558,0,151_left_LCX_prox_20mm_55ds_leaky_T4_taper_D_perterritory,T4_taper,D_perterritory,ok,4.0,0.0,True,27.40360590019142,0.9402158921041933,1.2220280269094825,False,7.0,0.8533712133916226,-0.030391057249933184,0.0,4.271428744971408e-13,7.934931565512017,7.757478071091841,True,2.0627858649573516e-12
151,left,LCX,prox,20.0,55,discrete,"[0.85, 0.9)",0.8043192857464542,0,151_left_LCX_prox_20mm_55ds_discrete_T1_missed_branch_D_perterritory,T1_missed_branch,D_perterritory,ok,4.0,0.0,True,25.217501864652867,0.8670541287577055,1.3814792678097025,False,5.0,0.8043192857497036,3.249400748472908e-12,0.0,1.0934263954409494e-13,6.780787896455351,6.780787896475481,True,2.621249866033363e-12
151,left,LCX,prox,20.0,55,discrete,"[0.85, 0.9)",0.8043192857464542,0,151_left_LCX_prox_20mm_55ds_discrete_T2_truncation_D_perterritory,T2_truncation,D_perterritory,ok,4.0,0.0,True,51.07767746042511,0.5665224359526565,1.756205327845278,False,8.0,0.8043192857502187,3.764544231898981e-12,0.0,1.0720248724565567e-13,6.780787896455351,6.780787896475481,True,2.5434268262631197e-12
151,left,LCX,prox,20.0,55,discrete,"[0.85, 0.9)",0.8043192857464542,0,151_left_LCX_prox_20mm_55ds_discrete_T3_stenosis_length_D_perterritory,T3_stenosis_length,D_perterritory,ok,4.0,0.0,True,29.084114852957377,1.0000000000321643,1.009840310223193,False,35.0,0.7986234919226266,-0.005695793823827566,1.0,7.515852677055797e-09,6.780787909267582,6.780787896475481,True,8.124575436746004e-13
151,left,LCX,prox,20.0,55,discrete,"[0.85, 0.9)",0.8043192857464542,0,151_left_LCX_prox_20mm_55ds_discrete_T4_taper_D_perterritory,T4_taper,D_perterritory,ok,4.0,0.0,True,25.84020174260774,0.8884644374859084,1.3181928031511094,False,5.0,0.7528384319597244,-0.05148085378672973,1.0,5.070010528537181e-14,6.780787896475481,6.780787896475481,True,3.5151530323084187e-13
473,left,LCX,prox,20.0,60,leaky,"[0.85, 0.9)",0.8932944654019146,0,473_left_LCX_prox_20mm_60ds_leaky_T1_missed_branch_D_perterritory,T1_missed_branch,D_perterritory,ok,5.0,1.0,True,40.858749218162295,0.8623983062339491,0.9009505279591725,False,11.0,0.9306887351839563,0.037394269782041745,0.0,0.4472135954999579,3.183904339046225,3.5031323548119304,True,4.270142689164942e-12
473,left,LCX,prox,20.0,60,leaky,"[0.85, 0.9)",0.8932944654019146,0,473_left_LCX_prox_20mm_60ds_leaky_T2_truncation_D_perterritory,T2_truncation,D_perterritory,ok,5.0,0.0,True,45.700343331971226,0.9734855190788457,1.0078317015045575,False,6.0,0.8932253318943021,-6.913350761250658e-05,0.0,5.033449114579166e-14,3.5026977551530467,3.5031323548119304,True,1.791340289780201e-11
473,left,LCX,prox,20.0,60,leaky,"[0.85, 0.9)",0.8932944654019146,0,473_left_LCX_prox_20mm_60ds_leaky_T3_stenosis_length_D_perterritory,T3_stenosis_length,D_perterritory,ok,5.0,0.0,True,45.34520986812143,0.9999999999886748,1.0060812129231815,False,33.0,0.8882679815228628,-0.005026483879051802,0.0,4.055207726639423e-11,3.5031323548671116,3.5031323548119304,True,9.639441383023204e-12
473,left,LCX,prox,20.0,60,leaky,"[0.85, 0.9)",0.8932944654019146,0,473_left_LCX_prox_20mm_60ds_leaky_T4_taper_D_perterritory,T4_taper,D_perterritory,ok,5.0,0.0,True,44.00717452184355,0.7899117152441276,1.246397575463914,False,8.0,0.8687685586228415,-0.02452590677907307,0.0,1.6813323444760435e-13,3.5048327947217928,3.5031323548119304,True,4.365146638763288e-12
473,left,LCX,prox,20.0,60,discrete,"[0.85, 0.9)",0.8495675228490984,0,473_left_LCX_prox_20mm_60ds_discrete_T1_missed_branch_D_perterritory,T1_missed_branch,D_perterritory,ok,4.0,1.0,True,37.43438407945101,0.7509841680938615,0.8211177579331274,False,5.0,0.9165974707563592,0.0670299479072608,0.0,0.5,2.6986472418351686,3.207917999782042,True,4.979126930880768e-12
473,left,LCX,prox,20.0,60,discrete,"[0.85, 0.9)",0.8495675228490984,0,473_left_LCX_prox_20mm_60ds_discrete_T2_truncation_D_perterritory,T2_truncation,D_perterritory,ok,4.0,0.0,True,50.313241330572346,0.8313084937828394,1.1038424209040887,False,6.0,0.8495308545176138,-3.6668331484635e-05,0.0,5.6320146205640254e-14,3.207917999782042,3.207917999782042,True,7.857434774238636e-12
473,left,LCX,prox,20.0,60,discrete,"[0.85, 0.9)",0.8495675228490984,0,473_left_LCX_prox_20mm_60ds_discrete_T3_stenosis_length_D_perterritory,T3_stenosis_length,D_perterritory,ok,4.0,0.0,True,45.58009402226481,0.9999999998719121,1.0090218343033013,False,34.0,0.8432042486613572,-0.006363274187741186,0.0,5.13715399326088e-11,3.2079179997673273,3.207917999782042,True,1.4292726135206949e-11
473,left,LCX,prox,20.0,60,discrete,"[0.85, 0.9)",0.8495675228490984,0,473_left_LCX_prox_20mm_60ds_discrete_T4_taper_D_perterritory,T4_taper,D_perterritory,ok,4.0,0.0,True,41.03129884830155,0.9002021546568644,1.2019423576058017,False,7.0,0.8121276452027367,-0.0374398776463617,0.0,1.9458896217816324e-13,3.207917999782042,3.207917999782042,True,7.877106085841593e-12
569,left,LCX,prox,20.0,75,leaky,"[0.85, 0.9)",0.8514114708233574,0,569_left_LCX_prox_20mm_75ds_leaky_T1_missed_branch_D_perterritory,T1_missed_branch,D_perterritory,skipped: no deletable downstream branch,,,,,,,,,,,,,,,,
569,left,LCX,prox,20.0,75,leaky,"[0.85, 0.9)",0.8514114708233574,0,569_left_LCX_prox_20mm_75ds_leaky_T2_truncation_D_perterritory,T2_truncation,D_perterritory,ok,6.0,0.0,True,47.965520772896824,0.9902805327293194,1.2446440480506442,False,7.0,0.7745912499204703,-0.07682022090288709,1.0,5.399306437984714e-14,2.56095207800758,2.56095207800758,True,3.959068373712835e-12
569,left,LCX,prox,20.0,75,leaky,"[0.85, 0.9)",0.8514114708233574,0,569_left_LCX_prox_20mm_75ds_leaky_T3_stenosis_length_D_perterritory,T3_stenosis_length,D_perterritory,ok,6.0,0.0,True,48.43629576429046,0.9999999999307055,1.0181329567362185,False,35.0,0.8375488796748305,-0.013862591148526948,0.0,3.519385884030976e-11,2.5609520779462005,2.56095207800758,True,5.8327628046866505e-12
569,left,LCX,prox,20.0,75,leaky,"[0.85, 0.9)",0.8514114708233574,0,569_left_LCX_prox_20mm_75ds_leaky_T4_taper_D_perterritory,T4_taper,D_perterritory,ok,6.0,0.0,True,48.44316551377814,1.0001418306123118,1.061663237821468,False,7.0,0.8040973960716463,-0.04731407475171112,0.0,4.117551920680472e-14,2.56095207800758,2.56095207800758,True,3.940877165646485e-12
569,left,LCX,prox,20.0,75,discrete,"[0.85, 0.9)",0.608992938566228,1,569_left_LCX_prox_20mm_75ds_discrete_T1_missed_branch_D_perterritory,T1_missed_branch,D_perterritory,skipped: no deletable downstream branch,,,,,,,,,,,,,,,,
569,left,LCX,prox,20.0,75,discrete,"[0.85, 0.9)",0.608992938566228,1,569_left_LCX_prox_20mm_75ds_discrete_T2_truncation_D_perterritory,T2_truncation,D_perterritory,ok,4.0,0.0,True,108.70893604109011,1.100518243311253,1.1868505749736624,False,7.0,0.39397004258032986,-0.2150228959858982,0.0,3.9481645318705845e-14,2.2750129872969747,2.2750129872969747,True,3.663629283666287e-12
569,left,LCX,prox,20.0,75,discrete,"[0.85, 0.9)",0.608992938566228,1,569_left_LCX_prox_20mm_75ds_discrete_T3_stenosis_length_D_perterritory,T3_stenosis_length,D_perterritory,ok,4.0,0.0,True,98.7797673521517,0.9999999999709797,1.0651680549796803,False,41.0,0.5793779169108103,-0.02961502165541774,0.0,1.4006976013807877e-11,2.2750129872628753,2.2750129872969747,True,5.010124741503488e-12
569,left,LCX,prox,20.0,75,discrete,"[0.85, 0.9)",0.608992938566228,1,569_left_LCX_prox_20mm_75ds_discrete_T4_taper_D_perterritory,T4_taper,D_perterritory,ok,4.0,0.0,True,94.1373084383189,0.9530019250065405,1.6817486017991745,False,6.0,0.4830414479633016,-0.12595149060292643,0.0,1.0055503188839899e-13,2.2750129872969747,2.2750129872969747,True,3.7073768894417735e-12
754,left,LCX,mid,20.0,65,leaky,"[0.85, 0.9)",0.8591877433895424,0,754_left_LCX_mid_20mm_65ds_leaky_T1_missed_branch_D_perterritory,T1_missed_branch,D_perterritory,ok,6.0,0.0,True,40.05030476834906,0.9606298982820658,1.199594022577954,False,8.0,0.8587109161489814,-0.00047682724056097303,0.0,6.502089121331426e-15,3.1572330456685296,3.1572330456685296,True,1.6644162711801356e-11
754,left,LCX,mid,20.0,65,leaky,"[0.85, 0.9)",0.8591877433895424,0,754_left_LCX_mid_20mm_65ds_leaky_T2_truncation_D_perterritory,T2_truncation,D_perterritory,ok,6.0,0.0,True,42.28248113541404,0.9439332910767274,1.0141699491966505,False,8.0,0.8590879751080378,-9.976828150459749e-05,0.0,1.8519163985771958e-13,3.1572330456685296,3.1572330456685296,True,1.6721294164821494e-11
754,left,LCX,mid,20.0,65,leaky,"[0.85, 0.9)",0.8591877433895424,0,754_left_LCX_mid_20mm_65ds_leaky_T3_stenosis_length_D_perterritory,T3_stenosis_length,D_perterritory,ok,6.0,0.0,True,41.691711698722166,0.9999999999427933,1.0121484346356417,False,39.0,0.8496278804473992,-0.009559862942143171,0.0,3.7967184181187634e-11,3.1572330454916933,3.1572330456685296,True,8.748316472862827e-12
754,left,LCX,mid,20.0,65,leaky,"[0.85, 0.9)",0.8591877433895424,0,754_left_LCX_mid_20mm_65ds_leaky_T4_taper_D_perterritory,T4_taper,D_perterritory,ok,6.0,0.0,True,40.11854585262396,0.953940185266336,1.2501209883612516,False,6.0,0.8272996304219116,-0.03188811296763083,0.0,1.1425987176363924e-15,3.157233045642741,3.1572330456685296,True,8.472387083116081e-12
754,left,LCX,mid,20.0,65,discrete,"[0.85, 0.9)",0.6940339336336625,1,754_left_LCX_mid_20mm_65ds_discrete_T1_missed_branch_D_perterritory,T1_missed_branch,D_perterritory,ok,4.0,0.0,True,47.8933301350813,0.8443229227080659,1.3291735792283028,False,6.0,0.6924527619018028,-0.0015811717318596763,0.0,5.666470262301114e-14,2.687806262504285,2.687806262511653,True,8.495836007076152e-12
754,left,LCX,mid,20.0,65,discrete,"[0.85, 0.9)",0.6940339336336625,1,754_left_LCX_mid_20mm_65ds_discrete_T2_truncation_D_perterritory,T2_truncation,D_perterritory,ok,4.0,0.0,True,74.03649275781362,0.7414410814713168,1.3052069625566982,False,9.0,0.6924131677582945,-0.0016207658753679688,0.0,1.6231155717130942e-13,2.687806262511653,2.687806262511653,True,1.1391807110833132e-11
754,left,LCX,mid,20.0,65,discrete,"[0.85, 0.9)",0.6940339336336625,1,754_left_LCX_mid_20mm_65ds_discrete_T3_stenosis_length_D_perterritory,T3_stenosis_length,D_perterritory,ok,4.0,0.0,True,56.72394867768004,0.9999999999275058,1.0298660816124627,False,30.0,0.6774425172482186,-0.016591416385443924,0.0,3.999876490643328e-11,2.687806262504285,2.687806262511653,True,7.168785099186479e-12
754,left,LCX,mid,20.0,65,discrete,"[0.85, 0.9)",0.6940339336336625,1,754_left_LCX_mid_20mm_65ds_discrete_T4_taper_D_perterritory,T4_taper,D_perterritory,ok,4.0,0.0,True,51.85050871660009,0.9140849663200843,1.319449499866325,False,5.0,0.6246208271402341,-0.06941310649342836,0.0,1.744358698102825e-13,2.687806262496917,2.687806262511653,True,5.9258763410177646e-12
847,left,LCX,prox,10.0,60,leaky,"[0.85, 0.9)",0.8965099572956278,0,847_left_LCX_prox_10mm_60ds_leaky_T1_missed_branch_D_perterritory,T1_missed_branch,D_perterritory,ok,5.0,1.0,True,26.807776220906927,0.8021854409045288,1.0000139385193094,False,5.0,0.9149887818800144,0.018478824584386655,0.0,0.4472135954999579,4.377719632870289,4.542499603450475,True,2.9328797847345173e-12
847,left,LCX,prox,10.0,60,leaky,"[0.85, 0.9)",0.8965099572956278,0,847_left_LCX_prox_10mm_60ds_leaky_T2_truncation_D_perterritory,T2_truncation,D_perterritory,ok,5.0,2.0,True,26.31899463478943,0.6394780696660198,0.9816577933104661,False,9.0,0.9360660711982316,0.03955611390260383,0.0,0.6324555320336759,4.121836684126111,4.542499603450475,True,9.08551782467016e-12
847,left,LCX,prox,10.0,60,leaky,"[0.85, 0.9)",0.8965099572956278,0,847_left_LCX_prox_10mm_60ds_leaky_T3_stenosis_length_D_perterritory,T3_stenosis_length,D_perterritory,ok,5.0,0.0,True,26.805295703685307,0.9999999999502267,1.0085181376661716,False,33.0,0.8896470995414603,-0.006862857754167506,0.0,4.5591339409957185e-11,4.54249960350921,4.542499603450475,True,7.979545201027948e-12
847,left,LCX,prox,10.0,60,leaky,"[0.85, 0.9)",0.8965099572956278,0,847_left_LCX_prox_10mm_60ds_leaky_T4_taper_D_perterritory,T4_taper,D_perterritory,ok,5.0,0.0,True,26.632458721876496,0.9223164669062556,1.2669254892650366,False,6.0,0.8851381763685875,-0.011371780927040276,0.0,6.267861171758176e-14,4.546820112915962,4.542499603450475,True,5.523536507359993e-13
847,left,LCX,prox,10.0,60,discrete,"[0.85, 0.9)",0.7448989071371322,1,847_left_LCX_prox_10mm_60ds_discrete_T1_missed_branch_D_perterritory,T1_missed_branch,D_perterritory,ok,4.0,1.0,True,16.149000384465722,0.49537030612067445,0.6884995028123257,False,8.0,0.928995970116529,0.18409706297939676,1.0,0.5,2.9106424866622937,3.8844709529137194,True,1.4863310922857148e-11
847,left,LCX,prox,10.0,60,discrete,"[0.85, 0.9)",0.7448989071371322,1,847_left_LCX_prox_10mm_60ds_discrete_T2_truncation_D_perterritory,T2_truncation,D_perterritory,ok,4.0,2.0,True,66.67059486159795,2.8450745144209377,2.8451151764840534,False,12.0,0.6030412954675745,-0.1418576116695578,0.0,0.7071067811865476,4.500309994300339,3.8844709529137194,True,6.538832137748461e-12
847,left,LCX,prox,10.0,60,discrete,"[0.85, 0.9)",0.7448989071371322,1,847_left_LCX_prox_10mm_60ds_discrete_T3_stenosis_length_D_perterritory,T3_stenosis_length,D_perterritory,ok,4.0,0.0,True,23.442083279745702,0.9999999999514344,1.0251674846216512,False,30.0,0.7321942580837701,-0.012704649053362105,0.0,1.895407364221832e-11,3.8844709528770096,3.8844709529137194,True,8.611475168373066e-12
847,left,LCX,prox,10.0,60,discrete,"[0.85, 0.9)",0.7448989071371322,1,847_left_LCX_prox_10mm_60ds_discrete_T4_taper_D_perterritory,T4_taper,D_perterritory,ok,4.0,0.0,True,20.931298914919353,0.8928941453340996,1.3265446906906584,False,7.0,0.7077693047618906,-0.037129602375241655,0.0,2.2908604270482526e-13,3.8844709529210606,3.8844709529137194,True,7.324507518038363e-12
928,left,LCX,prox,20.0,65,leaky,"[0.85, 0.9)",0.8807640690865188,0,928_left_LCX_prox_20mm_65ds_leaky_T1_missed_branch_D_perterritory,T1_missed_branch,D_perterritory,ok,6.0,1.0,True,37.565998207805535,0.5159652554058377,0.9819896809161548,False,6.0,0.9243080187570156,0.043543949670496795,0.0,0.408248290463863,2.7998197960449596,3.006415156590805,True,5.227437250169379e-12
928,left,LCX,prox,20.0,65,leaky,"[0.85, 0.9)",0.8807640690865188,0,928_left_LCX_prox_20mm_65ds_leaky_T2_truncation_D_perterritory,T2_truncation,D_perterritory,ok,6.0,0.0,True,38.2725071603679,0.9864538911296663,1.001122083990263,False,7.0,0.8808597303928737,9.566130635485504e-05,0.0,2.4998548772687654e-14,3.0058116951363947,3.006415156590805,True,1.018518072127489e-11
928,left,LCX,prox,20.0,65,leaky,"[0.85, 0.9)",0.8807640690865188,0,928_left_LCX_prox_20mm_65ds_leaky_T3_stenosis_length_D_perterritory,T3_stenosis_length,D_perterritory,ok,6.0,0.0,True,38.229581628291314,1.0000000000026767,1.008883786296955,False,35.0,0.873585438350178,-0.007178630736340841,0.0,1.3156711065016271e-11,3.0064151566116886,3.006415156590805,True,1.2775583873963004e-12
928,left,LCX,prox,20.0,65,leaky,"[0.85, 0.9)",0.8807640690865188,0,928_left_LCX_prox_20mm_65ds_leaky_T4_taper_D_perterritory,T4_taper,D_perterritory,ok,6.0,0.0,True,38.14961556057811,0.706694771390394,1.2854943248113377,False,8.0,0.8556611889746353,-0.025102880111883552,0.0,2.922618055242401e-14,3.0075429663191584,3.006415156590805,True,4.7485270092948024e-12
928,left,LCX,prox,20.0,65,discrete,"[0.85, 0.9)",0.7539563986104564,1,928_left_LCX_prox_20mm_65ds_discrete_T1_missed_branch_D_perterritory,T1_missed_branch,D_perterritory,ok,4.0,1.0,True,45.6801168288192,0.6673173662350032,0.8080275465692949,False,5.0,0.8872389687384528,0.13328257012799638,1.0,0.5,2.254966085097552,2.651199615575535,True,2.726510473162776e-12
928,left,LCX,prox,20.0,65,discrete,"[0.85, 0.9)",0.7539563986104564,1,928_left_LCX_prox_20mm_65ds_discrete_T2_truncation_D_perterritory,T2_truncation,D_perterritory,ok,4.0,0.0,True,68.49390587633698,0.6153413543500756,1.2132984995730391,False,8.0,0.7539563986094064,-1.0499379143880105e-12,0.0,1.0006576493316021e-13,2.651199615575535,2.651199615575535,True,6.183737579694853e-13
928,left,LCX,prox,20.0,65,discrete,"[0.85, 0.9)",0.7539563986104564,1,928_left_LCX_prox_20mm_65ds_discrete_T3_stenosis_length_D_perterritory,T3_stenosis_length,D_perterritory,ok,4.0,0.0,True,56.45264203371106,0.999999999942959,1.0199179710805983,False,35.0,0.7417122045343679,-0.012244194076088455,0.0,3.2666082344913625e-11,2.6511996155576347,2.651199615575535,True,5.119834395002794e-13
928,left,LCX,prox,20.0,65,discrete,"[0.85, 0.9)",0.7539563986104564,1,928_left_LCX_prox_20mm_65ds_discrete_T4_taper_D_perterritory,T4_taper,D_perterritory,ok,4.0,0.0,True,51.985405551595875,0.9208675392118484,1.2842189425869652,False,5.0,0.6963481914115013,-0.0576082071989551,0.0,1.0672088142128831e-13,2.651199615575535,2.651199615575535,True,5.698112101981799e-13
125,right,RCA,mid,10.0,55,leaky,"[0.85, 0.9)",0.880341158387144,0,125_right_RCA_mid_10mm_55ds_leaky_T1_missed_branch_D_perterritory,T1_missed_branch,D_perterritory,ok,4.0,1.0,True,23.741868250030862,0.736093339667518,0.7380798802371824,False,5.0,0.9172724922360749,0.03693133384893088,0.0,0.5,1.1354704777580409,1.4433955700025445,True,2.3332056419308305e-11
125,right,RCA,mid,10.0,55,leaky,"[0.85, 0.9)",0.880341158387144,0,125_right_RCA_mid_10mm_55ds_leaky_T2_truncation_D_perterritory,T2_truncation,D_perterritory,skipped: fewer than 2 shared territories to match,,,,,,,,,,,,,,,,
125,right,RCA,mid,10.0,55,leaky,"[0.85, 0.9)",0.880341158387144,0,125_right_RCA_mid_10mm_55ds_leaky_T3_stenosis_length_D_perterritory,T3_stenosis_length,D_perterritory,ok,4.0,0.0,True,30.612537808936445,1.0063114331411878,1.0064235822981393,False,12.0,0.8752822371739644,-0.005058921213179635,0.0,2.7334404173042418e-14,1.4432340927020504,1.4433955700025445,True,5.3014605539308465e-12
125,right,RCA,mid,10.0,55,leaky,"[0.85, 0.9)",0.880341158387144,0,125_right_RCA_mid_10mm_55ds_leaky_T4_taper_D_perterritory,T4_taper,D_perterritory,ok,4.0,0.0,True,29.50092540956489,1.2689147968268384,1.2782714583270065,False,7.0,0.8419492016128078,-0.038391956774336156,0.0,1.854038941254494e-13,1.635248265218429,1.4433955700025445,True,1.4152626358704177e-12
125,right,RCA,mid,10.0,55,discrete,"[0.85, 0.9)",0.8815572828608873,0,125_right_RCA_mid_10mm_55ds_discrete_T1_missed_branch_D_perterritory,T1_missed_branch,D_perterritory,ok,3.0,1.0,True,35.24243397576627,0.6180965185964374,0.6189076913965532,False,9.0,0.9329018662141864,0.051344583353299056,0.0,0.5773502691896257,0.958916514919967,1.4137127129861387,True,1.5979974327399774e-11
125,right,RCA,mid,10.0,55,discrete,"[0.85, 0.9)",0.8815572828608873,0,125_right_RCA_mid_10mm_55ds_discrete_T2_truncation_D_perterritory,T2_truncation,D_perterritory,skipped: fewer than 2 shared territories to match,,,,,,,,,,,,,,,,
125,right,RCA,mid,10.0,55,discrete,"[0.85, 0.9)",0.8815572828608873,0,125_right_RCA_mid_10mm_55ds_discrete_T3_stenosis_length_D_perterritory,T3_stenosis_length,D_perterritory,ok,3.0,0.0,True,52.95345327333392,1.0065294922334538,1.0069391183508796,False,8.0,0.8765108288450404,-0.005046454015846913,0.0,1.4714430325478016e-14,1.4137127129771707,1.4137127129861387,True,5.209052996291337e-12
125,right,RCA,mid,10.0,55,discrete,"[0.85, 0.9)",0.8815572828608873,0,125_right_RCA_mid_10mm_55ds_discrete_T4_taper_D_perterritory,T4_taper,D_perterritory,ok,3.0,0.0,True,44.1800254964354,1.0648337289962073,1.0925121573424368,False,8.0,0.8591316109586319,-0.022425671902255417,0.0,8.663425498200471e-14,1.4137127129610283,1.4137127129861387,True,6.29022807478595e-12
335,right,RCA,prox,10.0,55,leaky,"[0.85, 0.9)",0.8991175716995895,0,335_right_RCA_prox_10mm_55ds_leaky_T1_missed_branch_D_perterritory,T1_missed_branch,D_perterritory,skipped: fewer than 2 shared territories to match,,,,,,,,,,,,,,,,
335,right,RCA,prox,10.0,55,leaky,"[0.85, 0.9)",0.8991175716995895,0,335_right_RCA_prox_10mm_55ds_leaky_T2_truncation_D_perterritory,T2_truncation,D_perterritory,skipped: fewer than 2 shared territories to match,,,,,,,,,,,,,,,,
335,right,RCA,prox,10.0,55,leaky,"[0.85, 0.9)",0.8991175716995895,0,335_right_RCA_prox_10mm_55ds_leaky_T3_stenosis_length_D_perterritory,T3_stenosis_length,D_perterritory,ok,2.0,0.0,True,19.510606295303354,1.0048342552392362,1.0048945708342585,False,6.0,0.8951946710538431,-0.003922900645746408,0.0,1.0219228887163387e-13,2.41601262179397,2.4237060575054206,True,1.4512725858839417e-12
335,right,RCA,prox,10.0,55,leaky,"[0.85, 0.9)",0.8991175716995895,0,335_right_RCA_prox_10mm_55ds_leaky_T4_taper_D_perterritory,T4_taper,D_perterritory,ok,2.0,0.0,True,19.554632485081996,1.265690009159415,1.2713047502691648,False,8.0,0.8937755997390452,-0.005341971960544312,0.0,3.0245312890381405e-13,2.3675636273733165,2.4237060575054206,True,7.57747653132757e-12
335,right,RCA,prox,10.0,55,discrete,"[0.85, 0.9)",0.8935580847407559,0,335_right_RCA_prox_10mm_55ds_discrete_T1_missed_branch_D_perterritory,T1_missed_branch,D_perterritory,skipped: fewer than 2 shared territories to match,,,,,,,,,,,,,,,,
335,right,RCA,prox,10.0,55,discrete,"[0.85, 0.9)",0.8935580847407559,0,335_right_RCA_prox_10mm_55ds_discrete_T2_truncation_D_perterritory,T2_truncation,D_perterritory,skipped: fewer than 2 shared territories to match,,,,,,,,,,,,,,,,
335,right,RCA,prox,10.0,55,discrete,"[0.85, 0.9)",0.8935580847407559,0,335_right_RCA_prox_10mm_55ds_discrete_T3_stenosis_length_D_perterritory,T3_stenosis_length,D_perterritory,ok,2.0,0.0,True,19.065356421917944,1.007092736940248,1.0079904182887045,False,6.0,0.8888594750192026,-0.004698609721553337,0.0,1.778100082181016e-13,2.1502583773729533,2.150258377364909,True,3.653227740209333e-12
335,right,RCA,prox,10.0,55,discrete,"[0.85, 0.9)",0.8935580847407559,0,335_right_RCA_prox_10mm_55ds_discrete_T4_taper_D_perterritory,T4_taper,D_perterritory,ok,2.0,0.0,True,15.6870180191734,1.1231012159894616,1.1990355279328706,False,8.0,0.8767882761563973,-0.016769808584358614,0.0,1.8555628954902386e-13,2.1502583773729533,2.150258377364909,True,3.661106169668486e-12
544,right,RCA,prox,10.0,60,leaky,"[0.85, 0.9)",0.8518900880948385,0,544_right_RCA_prox_10mm_60ds_leaky_T1_missed_branch_D_perterritory,T1_missed_branch,D_perterritory,skipped: fewer than 2 shared territories to match,,,,,,,,,,,,,,,,
544,right,RCA,prox,10.0,60,leaky,"[0.85, 0.9)",0.8518900880948385,0,544_right_RCA_prox_10mm_60ds_leaky_T2_truncation_D_perterritory,T2_truncation,D_perterritory,skipped: fewer than 2 shared territories to match,,,,,,,,,,,,,,,,
544,right,RCA,prox,10.0,60,leaky,"[0.85, 0.9)",0.8518900880948385,0,544_right_RCA_prox_10mm_60ds_leaky_T3_stenosis_length_D_perterritory,T3_stenosis_length,D_perterritory,ok,2.0,0.0,True,22.508165008230208,1.008716443985199,1.0087310692300446,False,8.0,0.8452521354008219,-0.006637952694016569,0.0,3.956322157213956e-14,1.638445865210298,1.6448385308487699,True,3.0953782968192064e-13
544,right,RCA,prox,10.0,60,leaky,"[0.85, 0.9)",0.8518900880948385,0,544_right_RCA_prox_10mm_60ds_leaky_T4_taper_D_perterritory,T4_taper,D_perterritory,ok,2.0,0.0,True,22.47698446671636,1.269394801633749,1.270171762414371,False,7.0,0.845181659904198,-0.006708428190640436,0.0,8.316201977809138e-14,1.4557487418701875,1.6448385308487699,True,4.17974682140845e-12
544,right,RCA,prox,10.0,60,discrete,"[0.85, 0.9)",0.8137559910562498,0,544_right_RCA_prox_10mm_60ds_discrete_T1_missed_branch_D_perterritory,T1_missed_branch,D_perterritory,skipped: fewer than 2 shared territories to match,,,,,,,,,,,,,,,,
544,right,RCA,prox,10.0,60,discrete,"[0.85, 0.9)",0.8137559910562498,0,544_right_RCA_prox_10mm_60ds_discrete_T2_truncation_D_perterritory,T2_truncation,D_perterritory,skipped: fewer than 2 shared territories to match,,,,,,,,,,,,,,,,
544,right,RCA,prox,10.0,60,discrete,"[0.85, 0.9)",0.8137559910562498,0,544_right_RCA_prox_10mm_60ds_discrete_T3_stenosis_length_D_perterritory,T3_stenosis_length,D_perterritory,ok,2.0,0.0,True,28.142652357401214,1.0143194691807886,1.0145059551816724,False,4.0,0.804640530096267,-0.009115460959982835,0.0,1.194000585402033e-13,1.4871731293757597,1.487173129381614,True,7.662135803891443e-12
544,right,RCA,prox,10.0,60,discrete,"[0.85, 0.9)",0.8137559910562498,0,544_right_RCA_prox_10mm_60ds_discrete_T4_taper_D_perterritory,T4_taper,D_perterritory,ok,2.0,0.0,True,27.59668545270867,1.3739869302307977,1.3836542839223416,False,6.0,0.7649029586019997,-0.0488530324542501,1.0,2.16138945867765e-13,1.4871731293835655,1.487173129381614,True,2.5100468296498746e-12
621,right,RCA,prox,20.0,55,leaky,"[0.85, 0.9)",0.891095291507532,0,621_right_RCA_prox_20mm_55ds_leaky_T1_missed_branch_D_perterritory,T1_missed_branch,D_perterritory,skipped: fewer than 2 shared territories to match,,,,,,,,,,,,,,,,
621,right,RCA,prox,20.0,55,leaky,"[0.85, 0.9)",0.891095291507532,0,621_right_RCA_prox_20mm_55ds_leaky_T2_truncation_D_perterritory,T2_truncation,D_perterritory,skipped: fewer than 2 shared territories to match,,,,,,,,,,,,,,,,
621,right,RCA,prox,20.0,55,leaky,"[0.85, 0.9)",0.891095291507532,0,621_right_RCA_prox_20mm_55ds_leaky_T3_stenosis_length_D_perterritory,T3_stenosis_length,D_perterritory,ok,4.0,0.0,True,19.964349579045674,1.0054004222627142,1.0055678205892276,False,9.0,0.8866922489591084,-0.004403042548423608,0.0,9.598661544486825e-14,1.7992336052004412,1.8036542909471118,True,2.2043182904593736e-11
621,right,RCA,prox,20.0,55,leaky,"[0.85, 0.9)",0.891095291507532,0,621_right_RCA_prox_20mm_55ds_leaky_T4_taper_D_perterritory,T4_taper,D_perterritory,ok,4.0,0.0,True,20.324502207579226,1.2995706866253702,1.3146479550506291,False,7.0,0.8758392316721476,-0.015256059835384361,0.0,2.1423945974938747e-13,1.7405016841285805,1.8036542909471118,True,1.0118639470394419e-11
621,right,RCA,prox,20.0,55,discrete,"[0.85, 0.9)",0.8612926561400469,0,621_right_RCA_prox_20mm_55ds_discrete_T1_missed_branch_D_perterritory,T1_missed_branch,D_perterritory,skipped: fewer than 2 shared territories to match,,,,,,,,,,,,,,,,
621,right,RCA,prox,20.0,55,discrete,"[0.85, 0.9)",0.8612926561400469,0,621_right_RCA_prox_20mm_55ds_discrete_T2_truncation_D_perterritory,T2_truncation,D_perterritory,skipped: fewer than 2 shared territories to match,,,,,,,,,,,,,,,,
621,right,RCA,prox,20.0,55,discrete,"[0.85, 0.9)",0.8612926561400469,0,621_right_RCA_prox_20mm_55ds_discrete_T3_stenosis_length_D_perterritory,T3_stenosis_length,D_perterritory,ok,3.0,0.0,True,41.53272919330821,1.0076917015876097,1.008183284885702,False,4.0,0.8555984996621603,-0.005694156477886625,0.0,6.885695373104488e-14,1.7000986082071365,1.7000986082049574,True,1.2155089684897024e-11
621,right,RCA,prox,20.0,55,discrete,"[0.85, 0.9)",0.8612926561400469,0,621_right_RCA_prox_20mm_55ds_discrete_T4_taper_D_perterritory,T4_taper,D_perterritory,ok,3.0,0.0,True,37.15038955032305,1.16281447720336,1.1956136591878297,False,4.0,0.8314592707728631,-0.02983338536718383,0.0,8.805475095997452e-14,1.7000986081897052,1.7000986082049574,True,1.745035778199487e-12
683,right,RCA,prox,20.0,55,leaky,"[0.85, 0.9)",0.87687326483708,0,683_right_RCA_prox_20mm_55ds_leaky_T1_missed_branch_D_perterritory,T1_missed_branch,D_perterritory,skipped: fewer than 2 shared territories to match,,,,,,,,,,,,,,,,
683,right,RCA,prox,20.0,55,leaky,"[0.85, 0.9)",0.87687326483708,0,683_right_RCA_prox_20mm_55ds_leaky_T2_truncation_D_perterritory,T2_truncation,D_perterritory,skipped: fewer than 2 shared territories to match,,,,,,,,,,,,,,,,
683,right,RCA,prox,20.0,55,leaky,"[0.85, 0.9)",0.87687326483708,0,683_right_RCA_prox_20mm_55ds_leaky_T3_stenosis_length_D_perterritory,T3_stenosis_length,D_perterritory,ok,2.0,0.0,True,19.854113502224394,1.0042504305751296,1.0042839709974487,False,6.0,0.873533449604511,-0.003339815232568988,0.0,5.2578389578734425e-14,3.440190844617116,3.4461748422681038,True,3.750005707777075e-12
683,right,RCA,prox,20.0,55,leaky,"[0.85, 0.9)",0.87687326483708,0,683_right_RCA_prox_20mm_55ds_leaky_T4_taper_D_perterritory,T4_taper,D_perterritory,ok,2.0,0.0,True,20.391499804968674,1.3291271007434262,1.3331253685619904,False,7.0,0.8578757529437876,-0.01899751189329235,0.0,1.6235219931187847e-13,3.3889823736749163,3.4461748422681038,True,4.419390519611835e-12
683,right,RCA,prox,20.0,55,discrete,"[0.85, 0.9)",0.868519856817167,0,683_right_RCA_prox_20mm_55ds_discrete_T1_missed_branch_D_perterritory,T1_missed_branch,D_perterritory,skipped: fewer than 2 shared territories to match,,,,,,,,,,,,,,,,
683,right,RCA,prox,20.0,55,discrete,"[0.85, 0.9)",0.868519856817167,0,683_right_RCA_prox_20mm_55ds_discrete_T2_truncation_D_perterritory,T2_truncation,D_perterritory,skipped: fewer than 2 shared territories to match,,,,,,,,,,,,,,,,
683,right,RCA,prox,20.0,55,discrete,"[0.85, 0.9)",0.868519856817167,0,683_right_RCA_prox_20mm_55ds_discrete_T3_stenosis_length_D_perterritory,T3_stenosis_length,D_perterritory,ok,2.0,0.0,True,12.308790106959835,1.0066477138395884,1.008397302101953,False,6.0,0.8646132582446862,-0.003906598572480879,0.0,2.6929862940099707e-13,2.8788658827523483,2.8788658827523483,True,1.3607884287078268e-11
683,right,RCA,prox,20.0,55,discrete,"[0.85, 0.9)",0.868519856817167,0,683_right_RCA_prox_20mm_55ds_discrete_T4_taper_D_perterritory,T4_taper,D_perterritory,ok,2.0,0.0,True,10.441782616962035,1.2423266404698934,1.4794119842002296,False,9.0,0.8409501257506808,-0.02756973106648619,0.0,7.571092291394068e-14,2.878865882737895,2.8788658827523483,True,1.883228206757293e-11
813,right,RCA,mid,10.0,60,leaky,"[0.85, 0.9)",0.880660486513654,0,813_right_RCA_mid_10mm_60ds_leaky_T1_missed_branch_D_perterritory,T1_missed_branch,D_perterritory,skipped: fewer than 2 shared territories to match,,,,,,,,,,,,,,,,
813,right,RCA,mid,10.0,60,leaky,"[0.85, 0.9)",0.880660486513654,0,813_right_RCA_mid_10mm_60ds_leaky_T2_truncation_D_perterritory,T2_truncation,D_perterritory,skipped: fewer than 2 shared territories to match,,,,,,,,,,,,,,,,
813,right,RCA,mid,10.0,60,leaky,"[0.85, 0.9)",0.880660486513654,0,813_right_RCA_mid_10mm_60ds_leaky_T3_stenosis_length_D_perterritory,T3_stenosis_length,D_perterritory,ok,2.0,0.0,True,20.61950035356748,1.0116097654352192,1.0118400346652103,False,7.0,0.8714293824806305,-0.009231104033023518,0.0,8.81815648238698e-14,0.7443686340615042,0.7458681295304093,True,5.49374194868005e-12
813,right,RCA,mid,10.0,60,leaky,"[0.85, 0.9)",0.880660486513654,0,813_right_RCA_mid_10mm_60ds_leaky_T4_taper_D_perterritory,T4_taper,D_perterritory,ok,2.0,0.0,True,21.069376562026267,1.3386699343325754,1.3494327811123674,False,5.0,0.8473055982548118,-0.03335488825884225,0.0,4.42818437677698e-14,0.8594247139256644,0.7458681295304093,True,5.609559302053358e-12
813,right,RCA,mid,10.0,60,discrete,"[0.85, 0.9)",0.8522608578181484,0,813_right_RCA_mid_10mm_60ds_discrete_T1_missed_branch_D_perterritory,T1_missed_branch,D_perterritory,skipped: fewer than 2 shared territories to match,,,,,,,,,,,,,,,,
813,right,RCA,mid,10.0,60,discrete,"[0.85, 0.9)",0.8522608578181484,0,813_right_RCA_mid_10mm_60ds_discrete_T2_truncation_D_perterritory,T2_truncation,D_perterritory,skipped: fewer than 2 shared territories to match,,,,,,,,,,,,,,,,
813,right,RCA,mid,10.0,60,discrete,"[0.85, 0.9)",0.8522608578181484,0,813_right_RCA_mid_10mm_60ds_discrete_T3_stenosis_length_D_perterritory,T3_stenosis_length,D_perterritory,ok,2.0,0.0,True,68.64463652569498,1.0153251313469542,1.0160922180824272,False,7.0,0.8409873076102079,-0.01127355020794052,0.0,3.005160262416562e-15,0.691381004760823,0.691381004760823,True,6.778654988907806e-12
813,right,RCA,mid,10.0,60,discrete,"[0.85, 0.9)",0.8522608578181484,0,813_right_RCA_mid_10mm_60ds_discrete_T4_taper_D_perterritory,T4_taper,D_perterritory,ok,2.0,0.0,True,53.9693733906376,1.0090311290750344,1.0300628043887674,False,7.0,0.8280212155277121,-0.024239642290436292,0.0,1.5946608875187035e-13,0.6913810047627814,0.691381004760823,True,9.769967746388177e-12
825,right,RCA,mid,10.0,55,leaky,"[0.85, 0.9)",0.8970155347964515,0,825_right_RCA_mid_10mm_55ds_leaky_T1_missed_branch_D_perterritory,T1_missed_branch,D_perterritory,ok,3.0,1.0,True,20.846092769839554,0.9525464152217586,0.9544291029622499,False,7.0,0.903468841838313,0.0064533070418615335,0.0,0.5773502691896257,1.994170041612376,2.003271573626608,True,1.5095779355444414e-12
825,right,RCA,mid,10.0,55,leaky,"[0.85, 0.9)",0.8970155347964515,0,825_right_RCA_mid_10mm_55ds_leaky_T2_truncation_D_perterritory,T2_truncation,D_perterritory,skipped: fewer than 2 shared territories to match,,,,,,,,,,,,,,,,
825,right,RCA,mid,10.0,55,leaky,"[0.85, 0.9)",0.8970155347964515,0,825_right_RCA_mid_10mm_55ds_leaky_T3_stenosis_length_D_perterritory,T3_stenosis_length,D_perterritory,ok,3.0,0.0,True,21.64079788476979,1.0070187027281512,1.0070873496996064,False,5.0,0.8913032501437758,-0.005712284652675703,0.0,5.164633042035549e-14,1.9999309468008726,2.003271573626608,True,1.2740027154757494e-11
825,right,RCA,mid,10.0,55,leaky,"[0.85, 0.9)",0.8970155347964515,0,825_right_RCA_mid_10mm_55ds_leaky_T4_taper_D_perterritory,T4_taper,D_perterritory,ok,3.0,0.0,True,21.547449398352718,1.2768334154400198,1.2815416403349702,False,6.0,0.879752643964076,-0.01726289083237542,0.0,1.6645266187628202e-13,2.1477556220488987,2.003271573626608,True,5.955737199168924e-12
825,right,RCA,mid,10.0,55,discrete,"[0.85, 0.9)",0.784623353703434,1,825_right_RCA_mid_10mm_55ds_discrete_T1_missed_branch_D_perterritory,T1_missed_branch,D_perterritory,ok,3.0,1.0,True,28.76750734713829,0.5774707900719086,0.5963741538739422,False,8.0,0.8792769897690433,0.09465363606560939,1.0,0.5773502691896257,1.1742280591819003,1.7004220178318032,True,9.536286818510779e-12
825,right,RCA,mid,10.0,55,discrete,"[0.85, 0.9)",0.784623353703434,1,825_right_RCA_mid_10mm_55ds_discrete_T2_truncation_D_perterritory,T2_truncation,D_perterritory,skipped: fewer than 2 shared territories to match,,,,,,,,,,,,,,,,
825,right,RCA,mid,10.0,55,discrete,"[0.85, 0.9)",0.784623353703434,1,825_right_RCA_mid_10mm_55ds_discrete_T3_stenosis_length_D_perterritory,T3_stenosis_length,D_perterritory,ok,3.0,0.0,True,42.025169938240566,1.0146781979765278,1.0164891419991569,False,5.0,0.7745075700160463,-0.010115783687387636,0.0,1.7269870802297478e-13,1.7004220178242657,1.7004220178318032,True,6.701979221121763e-12
825,right,RCA,mid,10.0,55,discrete,"[0.85, 0.9)",0.784623353703434,1,825_right_RCA_mid_10mm_55ds_discrete_T4_taper_D_perterritory,T4_taper,D_perterritory,ok,3.0,0.0,True,32.32535278404989,0.9964790550518101,1.0510542050941434,False,5.0,0.7500881455887274,-0.03453520811470656,0.0,1.616462131610833e-13,1.7004220178167282,1.7004220178318032,True,1.9354880624177524e-12
869,right,RCA,prox,10.0,60,leaky,"[0.85, 0.9)",0.8623334928847053,0,869_right_RCA_prox_10mm_60ds_leaky_T1_missed_branch_D_perterritory,T1_missed_branch,D_perterritory,skipped: fewer than 2 shared territories to match,,,,,,,,,,,,,,,,
869,right,RCA,prox,10.0,60,leaky,"[0.85, 0.9)",0.8623334928847053,0,869_right_RCA_prox_10mm_60ds_leaky_T2_truncation_D_perterritory,T2_truncation,D_perterritory,skipped: fewer than 2 shared territories to match,,,,,,,,,,,,,,,,
869,right,RCA,prox,10.0,60,leaky,"[0.85, 0.9)",0.8623334928847053,0,869_right_RCA_prox_10mm_60ds_leaky_T3_stenosis_length_D_perterritory,T3_stenosis_length,D_perterritory,ok,2.0,0.0,True,21.258775265299807,1.0086821125455123,1.0087543489068866,False,10.0,0.8557289893702382,-0.006604503514467064,0.0,2.0033925074427017e-13,1.5539774850884276,1.559208306918649,True,3.196042242492961e-12
869,right,RCA,prox,10.0,60,leaky,"[0.85, 0.9)",0.8623334928847053,0,869_right_RCA_prox_10mm_60ds_leaky_T4_taper_D_perterritory,T4_taper,D_perterritory,ok,2.0,0.0,True,21.322600881044913,1.3051482863447885,1.3099072020124556,False,8.0,0.8424095990240957,-0.019923893860609554,0.0,1.229126900220941e-13,1.4949424526592754,1.559208306918649,True,2.5494123465362396e-12
869,right,RCA,prox,10.0,60,discrete,"[0.85, 0.9)",0.8547630266063907,0,869_right_RCA_prox_10mm_60ds_discrete_T1_missed_branch_D_perterritory,T1_missed_branch,D_perterritory,skipped: fewer than 2 shared territories to match,,,,,,,,,,,,,,,,
869,right,RCA,prox,10.0,60,discrete,"[0.85, 0.9)",0.8547630266063907,0,869_right_RCA_prox_10mm_60ds_discrete_T2_truncation_D_perterritory,T2_truncation,D_perterritory,skipped: fewer than 2 shared territories to match,,,,,,,,,,,,,,,,
869,right,RCA,prox,10.0,60,discrete,"[0.85, 0.9)",0.8547630266063907,0,869_right_RCA_prox_10mm_60ds_discrete_T3_stenosis_length_D_perterritory,T3_stenosis_length,D_perterritory,ok,2.0,0.0,True,29.669101020847794,1.0125759971245971,1.0126538668860023,False,8.0,0.8470277598585251,-0.007735266747865621,0.0,4.6656854691257214e-14,1.4026665303957726,1.4026665303858532,True,2.1846628393311813e-12
869,right,RCA,prox,10.0,60,discrete,"[0.85, 0.9)",0.8547630266063907,0,869_right_RCA_prox_10mm_60ds_discrete_T4_taper_D_perterritory,T4_taper,D_perterritory,ok,2.0,0.0,True,27.151609755141475,1.2944526289824563,1.3042547635819162,False,8.0,0.8214147201751747,-0.033348306431216,0.0,3.5043727417119654e-13,1.4026665304023853,1.4026665303858532,True,2.1408820208976176e-12
980,right,RCA,prox,20.0,55,leaky,"[0.85, 0.9)",0.8797366964552499,0,980_right_RCA_prox_20mm_55ds_leaky_T1_missed_branch_D_perterritory,T1_missed_branch,D_perterritory,skipped: fewer than 2 shared territories to match,,,,,,,,,,,,,,,,
980,right,RCA,prox,20.0,55,leaky,"[0.85, 0.9)",0.8797366964552499,0,980_right_RCA_prox_20mm_55ds_leaky_T2_truncation_D_perterritory,T2_truncation,D_perterritory,skipped: fewer than 2 shared territories to match,,,,,,,,,,,,,,,,
980,right,RCA,prox,20.0,55,leaky,"[0.85, 0.9)",0.8797366964552499,0,980_right_RCA_prox_20mm_55ds_leaky_T3_stenosis_length_D_perterritory,T3_stenosis_length,D_perterritory,ok,2.0,0.0,True,19.37724240128248,1.0041687366083338,1.0043037756993496,False,5.0,0.8764305022338406,-0.00330619422140932,0.0,4.46981707097162e-14,2.7722953437624906,2.778131723634431,True,6.448161042995959e-12
980,right,RCA,prox,20.0,55,leaky,"[0.85, 0.9)",0.8797366964552499,0,980_right_RCA_prox_20mm_55ds_leaky_T4_taper_D_perterritory,T4_taper,D_perterritory,ok,2.0,0.0,True,19.367103756867838,1.285969368681794,1.302645314901283,False,8.0,0.8627301764728375,-0.017006519982412427,0.0,4.897875181092583e-13,2.67866374934516,2.778131723634431,True,8.151383434990378e-12
980,right,RCA,prox,20.0,55,discrete,"[0.85, 0.9)",0.9169549224027105,0,980_right_RCA_prox_20mm_55ds_discrete_T1_missed_branch_D_perterritory,T1_missed_branch,D_perterritory,skipped: fewer than 2 shared territories to match,,,,,,,,,,,,,,,,
980,right,RCA,prox,20.0,55,discrete,"[0.85, 0.9)",0.9169549224027105,0,980_right_RCA_prox_20mm_55ds_discrete_T2_truncation_D_perterritory,T2_truncation,D_perterritory,skipped: fewer than 2 shared territories to match,,,,,,,,,,,,,,,,
980,right,RCA,prox,20.0,55,discrete,"[0.85, 0.9)",0.9169549224027105,0,980_right_RCA_prox_20mm_55ds_discrete_T3_stenosis_length_D_perterritory,T3_stenosis_length,D_perterritory,ok,2.0,0.0,True,17.565604657651757,1.0051348153311972,1.0069941195221106,False,12.0,0.9139783541608946,-0.0029765682418159134,0.0,3.4446775907213953e-13,2.215024994481888,2.215024994433731,True,1.9788607832286896e-11
980,right,RCA,prox,20.0,55,discrete,"[0.85, 0.9)",0.9169549224027105,0,980_right_RCA_prox_20mm_55ds_discrete_T4_taper_D_perterritory,T4_taper,D_perterritory,ok,2.0,0.0,True,15.62501324862698,1.215776762777149,1.757348907727575,False,11.0,0.8972943474039001,-0.019660574998810354,0.0,3.3977608103302655e-13,2.215024994433731,2.215024994433731,True,1.95503705543724e-12
43,left,LAD,mid,20.0,60,leaky,"[0.9, 0.95)",0.9034876645677342,0,43_left_LAD_mid_20mm_60ds_leaky_T1_missed_branch_D_perterritory,T1_missed_branch,D_perterritory,skipped: no deletable downstream branch,,,,,,,,,,,,,,,,
43,left,LAD,mid,20.0,60,leaky,"[0.9, 0.95)",0.9034876645677342,0,43_left_LAD_mid_20mm_60ds_leaky_T2_truncation_D_perterritory,T2_truncation,D_perterritory,ok,5.0,0.0,True,33.235389520819965,0.9794133078235796,1.010845325481259,False,5.0,0.909850658808485,0.006362994240750819,0.0,1.058644633100148e-14,3.9740512831002213,3.979653355192779,True,1.4994463733455868e-12
43,left,LAD,mid,20.0,60,leaky,"[0.9, 0.95)",0.9034876645677342,0,43_left_LAD_mid_20mm_60ds_leaky_T3_stenosis_length_D_perterritory,T3_stenosis_length,D_perterritory,ok,5.0,0.0,True,32.878690660013916,0.9999999999476359,1.001921470344629,False,38.0,0.898801371573028,-0.004686292994706243,0.0,6.68696687032493e-11,3.979653355174929,3.979653355192779,True,1.0036299152259616e-11
43,left,LAD,mid,20.0,60,leaky,"[0.9, 0.95)",0.9034876645677342,0,43_left_LAD_mid_20mm_60ds_leaky_T4_taper_D_perterritory,T4_taper,D_perterritory,ok,5.0,0.0,True,31.87552969995593,0.9694991817591444,1.0415167250615238,False,5.0,0.8955821426562149,-0.007905521911519275,0.0,2.01618964116434e-14,3.9960802460910783,3.979653355192779,True,9.081257213168807e-12
43,left,LAD,mid,20.0,60,discrete,"[0.9, 0.95)",0.8920328181692848,0,43_left_LAD_mid_20mm_60ds_discrete_T1_missed_branch_D_perterritory,T1_missed_branch,D_perterritory,skipped: no deletable downstream branch,,,,,,,,,,,,,,,,
43,left,LAD,mid,20.0,60,discrete,"[0.9, 0.95)",0.8920328181692848,0,43_left_LAD_mid_20mm_60ds_discrete_T2_truncation_D_perterritory,T2_truncation,D_perterritory,ok,4.0,0.0,True,67.46279673375524,0.8268038020647935,1.0829103728266887,False,6.0,0.8581142431584621,-0.03391857501082274,0.0,1.189447514133174e-14,3.815963380167557,3.815963380167557,True,3.743095823137088e-12
43,left,LAD,mid,20.0,60,discrete,"[0.9, 0.95)",0.8920328181692848,0,43_left_LAD_mid_20mm_60ds_discrete_T3_stenosis_length_D_perterritory,T3_stenosis_length,D_perterritory,ok,4.0,0.0,True,62.29767340547205,0.9999999999716064,1.0040637403346515,False,32.0,0.8868403855955644,-0.005192432573720374,0.0,3.605739674801325e-11,3.815963380274659,3.815963380167557,True,4.545076799644421e-12
43,left,LAD,mid,20.0,60,discrete,"[0.9, 0.95)",0.8920328181692848,0,43_left_LAD_mid_20mm_60ds_discrete_T4_taper_D_perterritory,T4_taper,D_perterritory,ok,4.0,0.0,True,59.59160938459259,0.9565623582237619,1.1022875648712975,False,5.0,0.8801923507273957,-0.011840467441889158,0.0,1.486205030450354e-14,3.815963380167557,3.815963380167557,True,3.7577459046366465e-12
211,left,LAD,mid,10.0,65,leaky,"[0.9, 0.95)",0.9067462515427116,0,211_left_LAD_mid_10mm_65ds_leaky_T1_missed_branch_D_perterritory,T1_missed_branch,D_perterritory,ok,6.0,0.0,True,32.89243164326993,0.9921667305400123,1.0014092147374596,False,6.0,0.9066676085093602,-7.864303335136658e-05,0.0,6.130039320734578e-14,1.5884044581686176,1.5887203138548696,True,1.3919425491412411e-11
211,left,LAD,mid,10.0,65,leaky,"[0.9, 0.95)",0.9067462515427116,0,211_left_LAD_mid_10mm_65ds_leaky_T2_truncation_D_perterritory,T2_truncation,D_perterritory,ok,6.0,0.0,True,33.05293188231458,0.9677012758376375,1.0062931921164673,False,6.0,0.9077488216079024,0.0010025700651907776,0.0,4.144000444225316e-14,1.5873166307079438,1.5887203138548696,True,2.940277603775652e-12
211,left,LAD,mid,10.0,65,leaky,"[0.9, 0.95)",0.9067462515427116,0,211_left_LAD_mid_10mm_65ds_leaky_T3_stenosis_length_D_perterritory,T3_stenosis_length,D_perterritory,ok,6.0,0.0,True,32.846121170315016,0.9999999999611411,1.0107456998300497,False,36.0,0.8972833859412774,-0.009462865601434167,0.0,2.1717730774788293e-11,1.588720313832136,1.5887203138548696,True,1.6332246655102185e-11
211,left,LAD,mid,10.0,65,leaky,"[0.9, 0.95)",0.9067462515427116,0,211_left_LAD_mid_10mm_65ds_leaky_T4_taper_D_perterritory,T4_taper,D_perterritory,ok,6.0,0.0,True,32.9892261703633,0.9709646155754682,1.0043546451214178,False,7.0,0.9091714808040734,0.0024252292613617943,0.0,5.093346178920101e-15,1.5877471443971742,1.5887203138548696,True,6.7017217944267225e-12
211,left,LAD,mid,10.0,65,discrete,"[0.9, 0.95)",0.8346010935165081,0,211_left_LAD_mid_10mm_65ds_discrete_T1_missed_branch_D_perterritory,T1_missed_branch,D_perterritory,ok,4.0,0.0,True,91.66525467695968,0.7752435845982398,2.3629733765889696,False,6.0,0.8346010935160435,-4.64628335805628e-13,0.0,1.931154833270123e-13,1.4985399072133578,1.4985399072133578,True,1.016398337206341e-11
211,left,LAD,mid,10.0,65,discrete,"[0.9, 0.95)",0.8346010935165081,0,211_left_LAD_mid_10mm_65ds_discrete_T2_truncation_D_perterritory,T2_truncation,D_perterritory,ok,4.0,0.0,True,142.76641785375617,0.7404495951737436,1.207423138977621,False,6.0,0.8339011090594161,-0.0006999844570920732,0.0,6.034531405141222e-14,1.4985399072095689,1.4985399072133578,True,7.458891630574771e-12
211,left,LAD,mid,10.0,65,discrete,"[0.9, 0.95)",0.8346010935165081,0,211_left_LAD_mid_10mm_65ds_discrete_T3_stenosis_length_D_perterritory,T3_stenosis_length,D_perterritory,ok,4.0,0.0,True,118.24058463435738,1.0000000000084157,1.0213841619762067,False,37.0,0.8199072613449573,-0.014693832171550847,0.0,4.7738982062396155e-11,1.4985399072493526,1.4985399072133578,True,3.720967232704618e-12
211,left,LAD,mid,10.0,65,discrete,"[0.9, 0.95)",0.8346010935165081,0,211_left_LAD_mid_10mm_65ds_discrete_T4_taper_D_perterritory,T4_taper,D_perterritory,ok,4.0,0.0,True,110.03747268797576,0.9306235505196493,1.221873109059459,False,7.0,0.8071158266298493,-0.027485266886658866,0.0,6.318367696314392e-14,1.4985399072133578,1.4985399072133578,True,1.003991344838146e-11
244,left,LAD,prox,10.0,55,leaky,"[0.9, 0.95)",0.9110970633597502,0,244_left_LAD_prox_10mm_55ds_leaky_T1_missed_branch_D_perterritory,T1_missed_branch,D_perterritory,ok,6.0,1.0,True,20.277692429486585,0.9274526656160144,1.0006363294766734,False,10.0,0.9163105582326214,0.0052134948728712605,0.0,0.408248290463863,3.6610525676062737,3.7640071250773315,True,1.758360548027235e-12
244,left,LAD,prox,10.0,55,leaky,"[0.9, 0.95)",0.9110970633597502,0,244_left_LAD_prox_10mm_55ds_leaky_T2_truncation_D_perterritory,T2_truncation,D_perterritory,ok,6.0,0.0,True,20.292973825437056,0.7909470894857509,1.072987667624869,False,5.0,0.9178815377398966,0.006784474380146399,0.0,6.223693489045828e-14,3.763015239714828,3.7640071250773315,True,1.0836035328922067e-12
244,left,LAD,prox,10.0,55,leaky,"[0.9, 0.95)",0.9110970633597502,0,244_left_LAD_prox_10mm_55ds_leaky_T3_stenosis_length_D_perterritory,T3_stenosis_length,D_perterritory,ok,6.0,0.0,True,20.263660099465593,0.9999999999412879,1.0059574734046959,False,28.0,0.9061366861300082,-0.0049603772297419635,0.0,4.38402350086076e-11,3.764007125159868,3.7640071250773315,True,5.147785734888263e-12
244,left,LAD,prox,10.0,55,leaky,"[0.9, 0.95)",0.9110970633597502,0,244_left_LAD_prox_10mm_55ds_leaky_T4_taper_D_perterritory,T4_taper,D_perterritory,ok,6.0,0.0,True,20.83430456484433,0.8855936913593597,1.290799905673433,False,6.0,0.908956574483437,-0.002140488876313129,0.0,6.141347640636527e-15,3.745199936100942,3.7640071250773315,True,4.638643075026867e-12
244,left,LAD,prox,10.0,55,discrete,"[0.9, 0.95)",0.9092999290349547,0,244_left_LAD_prox_10mm_55ds_discrete_T1_missed_branch_D_perterritory,T1_missed_branch,D_perterritory,skipped: no deletable downstream branch,,,,,,,,,,,,,,,,
244,left,LAD,prox,10.0,55,discrete,"[0.9, 0.95)",0.9092999290349547,0,244_left_LAD_prox_10mm_55ds_discrete_T2_truncation_D_perterritory,T2_truncation,D_perterritory,ok,3.0,0.0,True,37.59224758456942,0.6989292650699563,1.1675826145478112,False,6.0,0.9092999290345477,-4.070077608275824e-13,0.0,5.0726816023431524e-14,3.602316339198851,3.602316339198851,True,8.884600045736579e-13
244,left,LAD,prox,10.0,55,discrete,"[0.9, 0.95)",0.9092999290349547,0,244_left_LAD_prox_10mm_55ds_discrete_T3_stenosis_length_D_perterritory,T3_stenosis_length,D_perterritory,ok,3.0,0.0,True,32.19664897042739,0.9999999975572735,1.0067061166335585,False,32.0,0.9047832993059476,-0.004516629729007127,0.0,1.1455721938145935e-09,3.6023163370529003,3.602316339198851,True,2.9192089356498154e-13
244,left,LAD,prox,10.0,55,discrete,"[0.9, 0.95)",0.9092999290349547,0,244_left_LAD_prox_10mm_55ds_discrete_T4_taper_D_perterritory,T4_taper,D_perterritory,ok,3.0,0.0,True,29.98180811386454,0.9312089633241196,1.2876888645196678,False,5.0,0.8851843700854596,-0.02411555894949513,0.0,3.0421006730791586e-14,3.602316339213858,3.602316339198851,True,5.001570135558435e-12
274,left,LAD,prox,20.0,65,leaky,"[0.9, 0.95)",0.9374334478132164,0,274_left_LAD_prox_20mm_65ds_leaky_T1_missed_branch_D_perterritory,T1_missed_branch,D_perterritory,skipped: no deletable downstream branch,,,,,,,,,,,,,,,,
274,left,LAD,prox,20.0,65,leaky,"[0.9, 0.95)",0.9374334478132164,0,274_left_LAD_prox_20mm_65ds_leaky_T2_truncation_D_perterritory,T2_truncation,D_perterritory,ok,7.0,0.0,True,68.03348561386288,0.8298657810297547,1.1420545938016606,False,6.0,0.9557942327506528,0.018360784937436425,0.0,1.1830304929317732e-14,1.337998343104268,1.3379983430838163,True,2.97572918586636e-11
274,left,LAD,prox,20.0,65,leaky,"[0.9, 0.95)",0.9374334478132164,0,274_left_LAD_prox_20mm_65ds_leaky_T3_stenosis_length_D_perterritory,T3_stenosis_length,D_perterritory,ok,7.0,0.0,True,59.57113257379287,0.9999999999102974,1.0038230754961195,False,24.0,0.9334072726508691,-0.0040261751623472675,0.0,5.5295520475946016e-11,1.3379983430633646,1.3379983430838163,True,1.4051236787016923e-11
274,left,LAD,prox,20.0,65,leaky,"[0.9, 0.95)",0.9374334478132164,0,274_left_LAD_prox_20mm_65ds_leaky_T4_taper_D_perterritory,T4_taper,D_perterritory,ok,7.0,0.0,True,55.682307971366164,0.9347196463386038,1.1271911612669183,False,6.0,0.9219714576742006,-0.015461990139015724,0.0,3.6828306146954646e-14,1.3379983430838163,1.3379983430838163,True,1.4524290713294286e-11
274,left,LAD,prox,20.0,65,discrete,"[0.9, 0.95)",0.9712395139801422,0,274_left_LAD_prox_20mm_65ds_discrete_T1_missed_branch_D_perterritory,T1_missed_branch,D_perterritory,skipped: no deletable downstream branch,,,,,,,,,,,,,,,,
274,left,LAD,prox,20.0,65,discrete,"[0.9, 0.95)",0.9712395139801422,0,274_left_LAD_prox_20mm_65ds_discrete_T2_truncation_D_perterritory,T2_truncation,D_perterritory,ok,5.0,0.0,True,166.53692464451927,0.45591230593560855,1.3296708721310118,False,7.0,0.9746388228012641,0.003399308821121938,0.0,1.5103267077952636e-14,1.3280444745696802,1.3280444745696802,True,2.5990539670591214e-14
274,left,LAD,prox,20.0,65,discrete,"[0.9, 0.95)",0.9712395139801422,0,274_left_LAD_prox_20mm_65ds_discrete_T3_stenosis_length_D_perterritory,T3_stenosis_length,D_perterritory,ok,5.0,0.0,True,125.24672694200072,0.9999999999576581,1.0023920077075616,False,30.0,0.9691621818062767,-0.0020773321738655204,0.0,3.204906378655566e-11,1.328044474566534,1.3280444745696802,True,2.667458516259819e-12
274,left,LAD,prox,20.0,65,discrete,"[0.9, 0.95)",0.9712395139801422,0,274_left_LAD_prox_20mm_65ds_discrete_T4_taper_D_perterritory,T4_taper,D_perterritory,ok,5.0,0.0,True,121.31482600032017,0.9686067569374662,1.1981717231462226,False,6.0,0.9641857332865679,-0.007053780693574319,0.0,8.107606196636968e-15,1.3280444745838391,1.3280444745696802,True,1.0634117004249013e-11
328,left,LAD,mid,10.0,70,leaky,"[0.9, 0.95)",0.9424845435866378,0,328_left_LAD_mid_10mm_70ds_leaky_T1_missed_branch_D_perterritory,T1_missed_branch,D_perterritory,ok,5.0,0.0,True,72.7412977395334,0.9992131725585457,1.0004708095910473,False,4.0,0.9424874391044732,2.895517835388439e-06,0.0,7.265968827349647e-14,0.6348550354803442,0.6348550354840544,True,2.608890150779402e-12
328,left,LAD,mid,10.0,70,leaky,"[0.9, 0.95)",0.9424845435866378,0,328_left_LAD_mid_10mm_70ds_leaky_T2_truncation_D_perterritory,T2_truncation,D_perterritory,ok,5.0,0.0,True,72.8282599945276,0.9952908778053615,1.0016668729052884,False,7.0,0.9425786296454927,9.408605885485866e-05,0.0,5.725543368748201e-14,0.6348550354821992,0.6348550354840544,True,3.3322013176769247e-13
328,left,LAD,mid,10.0,70,leaky,"[0.9, 0.95)",0.9424845435866378,0,328_left_LAD_mid_10mm_70ds_leaky_T3_stenosis_length_D_perterritory,T3_stenosis_length,D_perterritory,ok,5.0,0.0,True,72.70706655526303,0.9999999999568766,1.0070014905419253,False,31.0,0.9363528628552583,-0.006131680731379485,0.0,4.585524739077852e-11,0.6348550354757062,0.6348550354840544,True,6.911732693188048e-12
328,left,LAD,mid,10.0,70,leaky,"[0.9, 0.95)",0.9424845435866378,0,328_left_LAD_mid_10mm_70ds_leaky_T4_taper_D_perterritory,T4_taper,D_perterritory,ok,5.0,0.0,True,70.9588670189382,0.9759555759960787,1.0465764538063071,False,7.0,0.9340509879188984,-0.0084335556677394,0.0,4.868213816272698e-14,0.6348550354775613,0.6348550354840544,True,6.874875010925008e-12
328,left,LAD,mid,10.0,70,discrete,"[0.9, 0.95)",0.9370395845087099,0,328_left_LAD_mid_10mm_70ds_discrete_T1_missed_branch_D_perterritory,T1_missed_branch,D_perterritory,ok,4.0,0.0,True,271.4993578111353,0.8518467029365344,1.3830495917243342,False,7.0,0.933746272775626,-0.0032933117330838924,0.0,2.719206728382828e-13,0.6300251246142561,0.6300251246124009,True,1.9124703450627718e-13
328,left,LAD,mid,10.0,70,discrete,"[0.9, 0.95)",0.9370395845087099,0,328_left_LAD_mid_10mm_70ds_discrete_T2_truncation_D_perterritory,T2_truncation,D_perterritory,ok,4.0,0.0,True,298.70559288332686,0.9372080158780982,1.0909918965618999,False,5.0,0.937572456047572,0.0005328715388620564,0.0,4.459536320227221e-14,0.6300251246142561,0.6300251246124009,True,4.940828483729832e-14
328,left,LAD,mid,10.0,70,discrete,"[0.9, 0.95)",0.9370395845087099,0,328_left_LAD_mid_10mm_70ds_discrete_T3_stenosis_length_D_perterritory,T3_stenosis_length,D_perterritory,ok,4.0,0.0,True,318.7185638862233,0.9999999999449743,1.007487614274834,False,38.0,0.9307597794519362,-0.006279805056773724,0.0,4.3885466293286983e-11,0.6300251246198215,0.6300251246124009,True,5.3655044557363564e-12
328,left,LAD,mid,10.0,70,discrete,"[0.9, 0.95)",0.9370395845087099,0,328_left_LAD_mid_10mm_70ds_discrete_T4_taper_D_perterritory,T4_taper,D_perterritory,ok,4.0,0.0,True,294.847286561914,0.925102331557867,1.1560065496799685,False,6.0,0.9236435027311493,-0.013396081777560687,0.0,8.785837176013272e-14,0.6300251246151837,0.6300251246124009,True,1.5975345430702938e-12
461,left,LAD,mid,10.0,55,leaky,"[0.9, 0.95)",0.9315545420789503,0,461_left_LAD_mid_10mm_55ds_leaky_T1_missed_branch_D_perterritory,T1_missed_branch,D_perterritory,ok,6.0,0.0,True,45.50610420087223,0.9782942941205479,1.0605892296687198,False,5.0,0.9317767843251007,0.000222242246150417,0.0,6.584929865019114e-14,3.364321509362551,3.364321509362551,True,2.7502021948804364e-12
461,left,LAD,mid,10.0,55,leaky,"[0.9, 0.95)",0.9315545420789503,0,461_left_LAD_mid_10mm_55ds_leaky_T2_truncation_D_perterritory,T2_truncation,D_perterritory,ok,6.0,0.0,True,46.892279791043904,0.9789188024790646,1.0080944208153684,False,6.0,0.9314432263045486,-0.00011131577440171014,0.0,3.311549970377167e-14,3.3643215093670955,3.364321509362551,True,4.124359157355518e-12
461,left,LAD,mid,10.0,55,leaky,"[0.9, 0.95)",0.9315545420789503,0,461_left_LAD_mid_10mm_55ds_leaky_T3_stenosis_length_D_perterritory,T3_stenosis_length,D_perterritory,ok,6.0,0.0,True,46.51576164182596,0.9999999999441678,1.0042541917027359,False,26.0,0.92785097837933,-0.003703563699620327,0.0,2.7427765689199608e-11,3.3643215093307375,3.364321509362551,True,4.550730505143402e-12
461,left,LAD,mid,10.0,55,leaky,"[0.9, 0.95)",0.9315545420789503,0,461_left_LAD_mid_10mm_55ds_leaky_T4_taper_D_perterritory,T4_taper,D_perterritory,ok,6.0,0.0,True,45.2874348570051,0.8727668514646854,1.229179788578478,False,6.0,0.9204720946782714,-0.011082447400678874,0.0,5.830724778515738e-14,3.3643215093216488,3.364321509362551,True,9.320374436271716e-12
461,left,LAD,mid,10.0,55,discrete,"[0.9, 0.95)",0.9171984217058722,0,461_left_LAD_mid_10mm_55ds_discrete_T1_missed_branch_D_perterritory,T1_missed_branch,D_perterritory,ok,4.0,0.0,True,42.41320760057118,0.825465883666954,2.098800907030281,False,6.0,0.9164583617506772,-0.0007400599551949938,0.0,4.926195947880115e-14,3.20603417677499,3.20603417677499,True,5.996406222561139e-12
461,left,LAD,mid,10.0,55,discrete,"[0.9, 0.95)",0.9171984217058722,0,461_left_LAD_mid_10mm_55ds_discrete_T2_truncation_D_perterritory,T2_truncation,D_perterritory,ok,4.0,0.0,True,68.4785006615243,0.6324590767598731,1.3327609313014235,False,7.0,0.9168301065531981,-0.00036831515267410353,0.0,3.375571139169888e-14,3.20603417677499,3.20603417677499,True,6.053473336172189e-12
461,left,LAD,mid,10.0,55,discrete,"[0.9, 0.95)",0.9171984217058722,0,461_left_LAD_mid_10mm_55ds_discrete_T3_stenosis_length_D_perterritory,T3_stenosis_length,D_perterritory,ok,4.0,0.0,True,51.38093340915685,0.9999999970644396,1.0055765536835157,False,30.0,0.9130587816746335,-0.004139640031238678,0.0,1.3316423166174198e-09,3.206034173475526,3.20603417677499,True,1.3006546323904157e-12
461,left,LAD,mid,10.0,55,discrete,"[0.9, 0.95)",0.9171984217058722,0,461_left_LAD_mid_10mm_55ds_discrete_T4_taper_D_perterritory,T4_taper,D_perterritory,ok,4.0,0.0,True,46.36094011916233,0.9022985189852599,1.1711323823369024,False,7.0,0.9022878727846847,-0.014910548921187483,0.0,1.208822029414131e-14,3.20603417677499,3.20603417677499,True,6.042509052770066e-12
808,left,LAD,prox,20.0,40,leaky,"[0.9, 0.95)",0.9440592174677793,0,808_left_LAD_prox_20mm_40ds_leaky_T1_missed_branch_D_perterritory,T1_missed_branch,D_perterritory,ok,6.0,1.0,True,20.31565746750367,0.877634030002574,0.9056619305851887,False,12.0,0.957289143807426,0.013229926339646703,0.0,0.408248290463863,2.647813036744136,2.9321486833527386,True,3.54288228083374e-12
808,left,LAD,prox,20.0,40,leaky,"[0.9, 0.95)",0.9440592174677793,0,808_left_LAD_prox_20mm_40ds_leaky_T2_truncation_D_perterritory,T2_truncation,D_perterritory,ok,6.0,0.0,True,23.000342984772708,0.9234857322931452,1.0255013612440742,False,5.0,0.9445295963416638,0.0004703788738844583,0.0,2.2728136823139997e-14,2.9318581284620486,2.9321486833527386,True,1.1853834770673085e-12
808,left,LAD,prox,20.0,40,leaky,"[0.9, 0.95)",0.9440592174677793,0,808_left_LAD_prox_20mm_40ds_leaky_T3_stenosis_length_D_perterritory,T3_stenosis_length,D_perterritory,ok,6.0,0.0,True,22.428387004101058,0.9999999999457827,1.0025959234905195,False,24.0,0.9417996214735808,-0.00225959599419856,0.0,5.948799001983633e-11,2.932148683404659,2.9321486833527386,True,3.6548831610468594e-12
808,left,LAD,prox,20.0,40,leaky,"[0.9, 0.95)",0.9440592174677793,0,808_left_LAD_prox_20mm_40ds_leaky_T4_taper_D_perterritory,T4_taper,D_perterritory,ok,6.0,0.0,True,22.671021859903465,0.7598728271088694,1.286164265379394,False,7.0,0.9290684396108717,-0.014990777856907611,0.0,4.770424341575849e-15,2.9320236338543113,2.9321486833527386,True,3.865784454398645e-12
808,left,LAD,prox,20.0,40,discrete,"[0.9, 0.95)",0.9239483785794377,0,808_left_LAD_prox_20mm_40ds_discrete_T1_missed_branch_D_perterritory,T1_missed_branch,D_perterritory,ok,4.0,1.0,True,36.82600629302652,0.692303148207782,0.7229523283760163,False,7.0,0.9586229225724853,0.03467454399304759,0.0,0.5,2.1340984985801783,2.8140082694120316,True,1.9640811060391775e-12
808,left,LAD,prox,20.0,40,discrete,"[0.9, 0.95)",0.9239483785794377,0,808_left_LAD_prox_20mm_40ds_discrete_T2_truncation_D_perterritory,T2_truncation,D_perterritory,ok,4.0,0.0,True,71.57269009098093,0.597205110409873,1.4056537364497963,False,7.0,0.9239483785795131,7.538414337204813e-14,0.0,9.447995511241593e-14,2.8140082694087867,2.8140082694120316,True,8.503415224490906e-14
808,left,LAD,prox,20.0,40,discrete,"[0.9, 0.95)",0.9239483785794377,0,808_left_LAD_prox_20mm_40ds_discrete_T3_stenosis_length_D_perterritory,T3_stenosis_length,D_perterritory,ok,4.0,0.0,True,50.917724781747026,0.9999999999475353,1.0038495606138123,False,30.0,0.921002804960411,-0.002945573619026698,0.0,3.087202448915976e-11,2.8140082693990514,2.8140082694120316,True,2.4288161928019292e-12
808,left,LAD,prox,20.0,40,discrete,"[0.9, 0.95)",0.9239483785794377,0,808_left_LAD_prox_20mm_40ds_discrete_T4_taper_D_perterritory,T4_taper,D_perterritory,ok,4.0,0.0,True,45.21865619512773,0.8880729920464913,1.1559009559316393,False,5.0,0.9022876471832415,-0.021660731396196176,0.0,3.9684890296635036e-14,2.8140082694022963,2.8140082694120316,True,2.115770110197679e-12
947,left,LAD,prox,10.0,60,leaky,"[0.9, 0.95)",0.9178242899019257,0,947_left_LAD_prox_10mm_60ds_leaky_T1_missed_branch_D_perterritory,T1_missed_branch,D_perterritory,ok,5.0,0.0,True,31.266986095764466,0.9518107597553211,1.1633099164078728,False,8.0,0.9184515056786556,0.0006272157767299724,0.0,9.316052881393364e-14,2.931142574132813,2.92834696462305,True,2.7668108078589934e-12
947,left,LAD,prox,10.0,60,leaky,"[0.9, 0.95)",0.9178242899019257,0,947_left_LAD_prox_10mm_60ds_leaky_T2_truncation_D_perterritory,T2_truncation,D_perterritory,ok,5.0,0.0,True,32.43416440764488,0.987339755518355,1.0178324929878697,False,5.0,0.9306160548704013,0.012791764968475672,0.0,5.029738374136728e-14,2.9290549955795315,2.92834696462305,True,2.397616356225469e-12
947,left,LAD,prox,10.0,60,leaky,"[0.9, 0.95)",0.9178242899019257,0,947_left_LAD_prox_10mm_60ds_leaky_T3_stenosis_length_D_perterritory,T3_stenosis_length,D_perterritory,ok,5.0,0.0,True,32.85007154108506,0.9999999999416023,1.0062409850537928,False,33.0,0.9124442245086277,-0.005380065393297939,0.0,5.252566457388711e-11,2.9283469646592226,2.92834696462305,True,1.1964658304861823e-11
947,left,LAD,prox,10.0,60,leaky,"[0.9, 0.95)",0.9178242899019257,0,947_left_LAD_prox_10mm_60ds_leaky_T4_taper_D_perterritory,T4_taper,D_perterritory,ok,5.0,0.0,True,31.697474045740574,0.9651073249429318,1.2430157826426949,False,6.0,0.8923715110611325,-0.02545277884079311,0.0,6.816555085338063e-14,3.0564001124269984,2.92834696462305,True,9.794753420237538e-12
947,left,LAD,prox,10.0,60,discrete,"[0.9, 0.95)",0.8810122192255136,0,947_left_LAD_prox_10mm_60ds_discrete_T1_missed_branch_D_perterritory,T1_missed_branch,D_perterritory,ok,4.0,0.0,True,40.496900584779496,0.8038962478433102,1.9773780946606738,False,7.0,0.8810122192433119,1.779820735237081e-11,0.0,2.360579942342982e-13,2.7088137219429798,2.708813721936951,True,7.699962031609412e-12
947,left,LAD,prox,10.0,60,discrete,"[0.9, 0.95)",0.8810122192255136,0,947_left_LAD_prox_10mm_60ds_discrete_T2_truncation_D_perterritory,T2_truncation,D_perterritory,ok,4.0,0.0,True,72.04809074115893,0.608347925158351,1.4302129045621355,False,7.0,0.8952432089296755,0.014230989704161812,0.0,4.630976687060881e-14,2.7088137219490083,2.708813721936951,True,9.944956951522294e-12
947,left,LAD,prox,10.0,60,discrete,"[0.9, 0.95)",0.8810122192255136,0,947_left_LAD_prox_10mm_60ds_discrete_T3_stenosis_length_D_perterritory,T3_stenosis_length,D_perterritory,ok,4.0,0.0,True,50.3757800753647,0.9999999998890564,1.009867169010051,False,34.0,0.8740735432648291,-0.006938675960684537,0.0,1.9369764794656757e-10,2.7088137221057553,2.708813721936951,True,3.986863322996227e-12
947,left,LAD,prox,10.0,60,discrete,"[0.9, 0.95)",0.8810122192255136,0,947_left_LAD_prox_10mm_60ds_discrete_T4_taper_D_perterritory,T4_taper,D_perterritory,ok,4.0,0.0,True,44.88046251322809,0.8909134994253666,1.209275894575525,False,6.0,0.8442679577231266,-0.03674426150238708,0.0,2.6026263545818336e-14,2.7088137219309223,2.708813721936951,True,3.293149105007431e-12
45,left,LCX,prox,10.0,50,leaky,"[0.9, 0.95)",0.9252616933507415,0,45_left_LCX_prox_10mm_50ds_leaky_T1_missed_branch_D_perterritory,T1_missed_branch,D_perterritory,ok,5.0,1.0,True,25.11229865433283,0.9129509225237341,0.9238950630361117,False,11.0,0.93550141368354,0.010239720332798519,0.0,0.4472135954999579,2.77546166211274,2.9350944636250533,True,3.779122273252983e-12
45,left,LCX,prox,10.0,50,leaky,"[0.9, 0.95)",0.9252616933507415,0,45_left_LCX_prox_10mm_50ds_leaky_T2_truncation_D_perterritory,T2_truncation,D_perterritory,ok,5.0,0.0,True,21.735710910278957,0.7997797041360462,1.85559537089297,False,6.0,0.915247626096817,-0.010014067253924508,0.0,1.3169463390743542e-14,3.1431522903268605,2.9350944636250533,True,1.7516536421403896e-15
45,left,LCX,prox,10.0,50,leaky,"[0.9, 0.95)",0.9252616933507415,0,45_left_LCX_prox_10mm_50ds_leaky_T3_stenosis_length_D_perterritory,T3_stenosis_length,D_perterritory,ok,5.0,0.0,True,27.179259548706895,0.9999999999652344,1.004300233064398,False,24.0,0.9216227194147036,-0.003638973936037848,0.0,4.337684380881435e-11,2.9350944636913257,2.9350944636250533,True,3.763908573038021e-12
45,left,LCX,prox,10.0,50,leaky,"[0.9, 0.95)",0.9252616933507415,0,45_left_LCX_prox_10mm_50ds_leaky_T4_taper_D_perterritory,T4_taper,D_perterritory,ok,5.0,0.0,True,26.27033802812425,0.96666277640426,1.254910321818655,False,7.0,0.8958246888184823,-0.02943700453225917,0.0,3.300854608797961e-14,3.2211587702008635,2.9350944636250533,True,2.298393840119389e-12
45,left,LCX,prox,10.0,50,discrete,"[0.9, 0.95)",0.9263499633663559,0,45_left_LCX_prox_10mm_50ds_discrete_T1_missed_branch_D_perterritory,T1_missed_branch,D_perterritory,ok,4.0,1.0,True,69.56082910810439,0.7521042084613246,0.7789454981011363,False,5.0,0.9554475560369661,0.029097592670610184,0.0,0.5,2.3288780543785075,2.893880927159603,True,8.255639369826324e-12
45,left,LCX,prox,10.0,50,discrete,"[0.9, 0.95)",0.9263499633663559,0,45_left_LCX_prox_10mm_50ds_discrete_T2_truncation_D_perterritory,T2_truncation,D_perterritory,ok,4.0,0.0,True,104.15171749941545,0.8384690632620024,1.1665622960082644,False,5.0,0.9263499633662885,-6.7390537594747e-14,0.0,4.824986195495286e-14,2.893880927159603,2.893880927159603,True,1.9989804898265605e-12
45,left,LCX,prox,10.0,50,discrete,"[0.9, 0.95)",0.9263499633663559,0,45_left_LCX_prox_10mm_50ds_discrete_T3_stenosis_length_D_perterritory,T3_stenosis_length,D_perterritory,ok,4.0,0.0,True,89.28088783240213,1.0000000000024536,1.00462022784072,False,5.0,0.9227669515710687,-0.0035830117952871943,0.0,2.3942726599232887e-12,2.893880927152239,2.893880927159603,True,1.9891751092899736e-12
45,left,LCX,prox,10.0,50,discrete,"[0.9, 0.95)",0.9263499633663559,0,45_left_LCX_prox_10mm_50ds_discrete_T4_taper_D_perterritory,T4_taper,D_perterritory,ok,4.0,0.0,True,78.23989121534025,0.8763341529735733,1.1434431552422655,False,5.0,0.902201261030493,-0.02414870233586286,0.0,1.1485545182865486e-13,2.893880927152239,2.893880927159603,True,6.304713339332846e-13
273,left,LCX,prox,10.0,60,leaky,"[0.9, 0.95)",0.9100693894793818,0,273_left_LCX_prox_10mm_60ds_leaky_T1_missed_branch_D_perterritory,T1_missed_branch,D_perterritory,ok,6.0,0.0,True,25.57090266656252,0.992717414803515,1.0030198698426072,False,4.0,0.9100693894791231,-2.5868196473766147e-13,0.0,9.014201194341025e-14,2.9814434070790097,2.9814434070790097,True,6.5876066665647115e-12
273,left,LCX,prox,10.0,60,leaky,"[0.9, 0.95)",0.9100693894793818,0,273_left_LCX_prox_10mm_60ds_leaky_T2_truncation_D_perterritory,T2_truncation,D_perterritory,ok,6.0,0.0,True,25.263229747929202,0.9909513850171144,1.007877536937605,False,8.0,0.9098899788763382,-0.000179410603043606,0.0,2.3103279613588748e-14,2.9814434070790097,2.9814434070790097,True,6.543286811471058e-12
273,left,LCX,prox,10.0,60,leaky,"[0.9, 0.95)",0.9100693894793818,0,273_left_LCX_prox_10mm_60ds_leaky_T3_stenosis_length_D_perterritory,T3_stenosis_length,D_perterritory,ok,6.0,0.0,True,25.49391436341024,0.999999999890823,1.0070004305729217,False,27.0,0.9042816631227893,-0.005787726356592415,0.0,4.8542422121136093e-11,2.9814434070287628,2.9814434070790097,True,7.329111934601282e-12
273,left,LCX,prox,10.0,60,leaky,"[0.9, 0.95)",0.9100693894793818,0,273_left_LCX_prox_10mm_60ds_leaky_T4_taper_D_perterritory,T4_taper,D_perterritory,ok,6.0,0.0,True,24.81022458720473,0.9461986303917999,1.074593569529906,False,5.0,0.8958601119162308,-0.014209277563150935,0.0,4.082588646641168e-14,2.981443407087384,2.9814434070790097,True,3.7495733815666566e-12
273,left,LCX,prox,10.0,60,discrete,"[0.9, 0.95)",0.8645484265240099,0,273_left_LCX_prox_10mm_60ds_discrete_T1_missed_branch_D_perterritory,T1_missed_branch,D_perterritory,ok,4.0,0.0,True,51.13066063765856,0.7160579298207868,1.8619727498660477,False,7.0,0.8645484264435677,-8.044220844993788e-11,0.0,3.76607033614465e-14,2.7879384423295615,2.7879384423169995,True,2.513811101125319e-12
273,left,LCX,prox,10.0,60,discrete,"[0.9, 0.95)",0.8645484265240099,0,273_left_LCX_prox_10mm_60ds_discrete_T2_truncation_D_perterritory,T2_truncation,D_perterritory,ok,4.0,0.0,True,120.84068706701046,0.7002702872043315,1.6923100765803978,False,7.0,0.8642665807170353,-0.00028184580697454553,0.0,1.4799842053153282e-13,2.7879384423295615,2.7879384423169995,True,2.4255512358996836e-12
273,left,LCX,prox,10.0,60,discrete,"[0.9, 0.95)",0.8645484265240099,0,273_left_LCX_prox_10mm_60ds_discrete_T3_stenosis_length_D_perterritory,T3_stenosis_length,D_perterritory,ok,4.0,0.0,True,71.40575993684769,0.9999999999929958,1.0104041292043968,False,25.0,0.8570562406183474,-0.007492185905662474,0.0,1.7594136619757627e-11,2.7879384423379356,2.7879384423169995,True,7.526242276636373e-12
273,left,LCX,prox,10.0,60,discrete,"[0.9, 0.95)",0.8645484265240099,0,273_left_LCX_prox_10mm_60ds_discrete_T4_taper_D_perterritory,T4_taper,D_perterritory,ok,4.0,0.0,True,64.1714548425427,0.8986873733897329,1.1811623212185336,False,8.0,0.8356769425787219,-0.028871483945287935,0.0,3.798928702197123e-13,2.7879384423379356,2.7879384423169995,True,8.982454097721394e-13
406,left,LCX,prox,10.0,60,leaky,"[0.9, 0.95)",0.9172301735883338,0,406_left_LCX_prox_10mm_60ds_leaky_T1_missed_branch_D_perterritory,T1_missed_branch,D_perterritory,skipped: no deletable downstream branch,,,,,,,,,,,,,,,,
406,left,LCX,prox,10.0,60,leaky,"[0.9, 0.95)",0.9172301735883338,0,406_left_LCX_prox_10mm_60ds_leaky_T2_truncation_D_perterritory,T2_truncation,D_perterritory,ok,6.0,0.0,True,39.313406323217286,0.8630755193975131,1.0211355028434108,False,6.0,0.9180524137063634,0.0008222401180295602,0.0,1.3988155555622622e-14,2.4077302937984557,2.4077302937984557,True,1.61905899159128e-11
406,left,LCX,prox,10.0,60,leaky,"[0.9, 0.95)",0.9172301735883338,0,406_left_LCX_prox_10mm_60ds_leaky_T3_stenosis_length_D_perterritory,T3_stenosis_length,D_perterritory,ok,6.0,0.0,True,38.4996958912565,0.999999999967376,1.0081613275299934,False,33.0,0.9103023676798377,-0.006927805908496065,0.0,4.366940149543683e-11,2.40773029384683,2.4077302937984557,True,1.5692796776784612e-11
406,left,LCX,prox,10.0,60,leaky,"[0.9, 0.95)",0.9172301735883338,0,406_left_LCX_prox_10mm_60ds_leaky_T4_taper_D_perterritory,T4_taper,D_perterritory,ok,6.0,0.0,True,38.686269321193436,0.8470142287593312,1.2797371026922966,False,6.0,0.8988231212545941,-0.018407052333739737,0.0,1.6646600765625724e-14,2.4077302938032927,2.4077302937984557,True,1.8212017036454947e-11
406,left,LCX,prox,10.0,60,discrete,"[0.9, 0.95)",0.8075716556349084,0,406_left_LCX_prox_10mm_60ds_discrete_T1_missed_branch_D_perterritory,T1_missed_branch,D_perterritory,skipped: no deletable downstream branch,,,,,,,,,,,,,,,,
406,left,LCX,prox,10.0,60,discrete,"[0.9, 0.95)",0.8075716556349084,0,406_left_LCX_prox_10mm_60ds_discrete_T2_truncation_D_perterritory,T2_truncation,D_perterritory,ok,4.0,0.0,True,59.5373356761887,0.5649674756907985,1.3200358511076786,False,6.0,0.8075716556349086,2.220446049250313e-16,0.0,2.5413268512990208e-14,2.16300918458464,2.16300918458464,True,1.663748913019838e-11
406,left,LCX,prox,10.0,60,discrete,"[0.9, 0.95)",0.8075716556349084,0,406_left_LCX_prox_10mm_60ds_discrete_T3_stenosis_length_D_perterritory,T3_stenosis_length,D_perterritory,ok,4.0,0.0,True,45.10281718957215,0.9999999999401786,1.0189240379783655,False,18.0,0.7951891631677016,-0.012382492467206796,1.0,2.8244875154452987e-11,2.1630091845604524,2.16300918458464,True,1.7946997289589937e-11
406,left,LCX,prox,10.0,60,discrete,"[0.9, 0.95)",0.8075716556349084,0,406_left_LCX_prox_10mm_60ds_discrete_T4_taper_D_perterritory,T4_taper,D_perterritory,ok,4.0,0.0,True,40.47978228703273,0.8975000855687465,1.2327250859752703,False,6.0,0.7583569512550637,-0.049214704379844654,1.0,1.348011743898894e-13,2.16300918458464,2.16300918458464,True,1.674517894592131e-11
580,left,LCX,prox,10.0,40,leaky,"[0.9, 0.95)",0.943240132975194,0,580_left_LCX_prox_10mm_40ds_leaky_T1_missed_branch_D_perterritory,T1_missed_branch,D_perterritory,ok,6.0,1.0,True,27.524047520809816,0.8390760641850875,0.8621367554212468,False,5.0,0.9655361125690683,0.022295979593874304,0.0,0.408248290463863,1.568795399506761,1.808113030060572,True,1.3429301862566935e-12
580,left,LCX,prox,10.0,40,leaky,"[0.9, 0.95)",0.943240132975194,0,580_left_LCX_prox_10mm_40ds_leaky_T2_truncation_D_perterritory,T2_truncation,D_perterritory,ok,6.0,2.0,True,26.08189902876797,0.1575631608641899,0.8164444393067881,False,14.0,0.9936678840414472,0.05042775106625319,0.0,0.5773502691896257,1.1894619441990462,1.808113030060572,True,3.138857735731583e-11
580,left,LCX,prox,10.0,40,leaky,"[0.9, 0.95)",0.943240132975194,0,580_left_LCX_prox_10mm_40ds_leaky_T3_stenosis_length_D_perterritory,T3_stenosis_length,D_perterritory,ok,6.0,0.0,True,31.91245282379593,0.9999999999314172,1.0038257578368273,False,24.0,0.9399281563380671,-0.003311976637126901,0.0,3.126296596061321e-11,1.808113030045684,1.808113030060572,True,9.142629073600596e-12
580,left,LCX,prox,10.0,40,leaky,"[0.9, 0.95)",0.943240132975194,0,580_left_LCX_prox_10mm_40ds_leaky_T4_taper_D_perterritory,T4_taper,D_perterritory,ok,6.0,0.0,True,30.759370273220092,0.5365281691659466,1.221875484160989,False,7.0,0.9327561575171197,-0.010483975458074335,0.0,5.056527778675729e-14,1.809318700151649,1.808113030060572,True,1.1905060090779732e-11
580,left,LCX,prox,10.0,40,discrete,"[0.9, 0.95)",0.942056570769775,0,580_left_LCX_prox_10mm_40ds_discrete_T1_missed_branch_D_perterritory,T1_missed_branch,D_perterritory,ok,4.0,1.0,True,64.43178483956181,0.768726049219241,0.7973630605483266,False,5.0,0.9720667685486383,0.030010197778863268,0.0,0.5,1.4246755455587101,1.7586924927714118,True,1.8053342407369142e-12
580,left,LCX,prox,10.0,40,discrete,"[0.9, 0.95)",0.942056570769775,0,580_left_LCX_prox_10mm_40ds_discrete_T2_truncation_D_perterritory,T2_truncation,D_perterritory,ok,4.0,2.0,True,100.4586990817005,1.2444432713038016,1.2444712788077241,False,12.0,0.9210364829515132,-0.021020087818261812,0.0,0.7071067811865476,1.9590369441439872,1.7586924927714118,True,7.299954606632922e-12
580,left,LCX,prox,10.0,40,discrete,"[0.9, 0.95)",0.942056570769775,0,580_left_LCX_prox_10mm_40ds_discrete_T3_stenosis_length_D_perterritory,T3_stenosis_length,D_perterritory,ok,4.0,0.0,True,80.75591003212435,0.9999999998954902,1.004082178529506,False,32.0,0.9386869838930192,-0.0033695868767558146,0.0,6.544213727674411e-11,1.758692492758651,1.7586924927714118,True,9.83144217849052e-12
580,left,LCX,prox,10.0,40,discrete,"[0.9, 0.95)",0.942056570769775,0,580_left_LCX_prox_10mm_40ds_discrete_T4_taper_D_perterritory,T4_taper,D_perterritory,ok,4.0,0.0,True,74.76619142604957,0.925829346685658,1.165793282437871,False,7.0,0.9310397464672192,-0.011016824302555794,0.0,1.3226727698704686e-13,1.7586924927714118,1.7586924927714118,True,1.3397645755066654e-12
659,left,LCX,prox,10.0,55,leaky,"[0.9, 0.95)",0.9228799397088068,0,659_left_LCX_prox_10mm_55ds_leaky_T1_missed_branch_D_perterritory,T1_missed_branch,D_perterritory,ok,7.0,1.0,True,28.611950583263464,0.39194343408220245,0.9816614104687742,False,10.0,0.9475964808561725,0.024716541147365767,0.0,0.3779644730092272,1.75801804158045,1.9730880901124541,True,4.8310013907746355e-12
659,left,LCX,prox,10.0,55,leaky,"[0.9, 0.95)",0.9228799397088068,0,659_left_LCX_prox_10mm_55ds_leaky_T2_truncation_D_perterritory,T2_truncation,D_perterritory,ok,7.0,0.0,True,29.892117404946504,0.8953213315118439,1.0259760669640647,False,6.0,0.9228440161291018,-3.5923579704943975e-05,0.0,3.555692518251293e-14,1.9692437027822143,1.9730880901124541,True,1.7889152178846579e-12
659,left,LCX,prox,10.0,55,leaky,"[0.9, 0.95)",0.9228799397088068,0,659_left_LCX_prox_10mm_55ds_leaky_T3_stenosis_length_D_perterritory,T3_stenosis_length,D_perterritory,ok,7.0,0.0,True,29.135205109004602,0.99999999996967,1.0069867117663553,False,36.0,0.9169242488634121,-0.005955690845394712,0.0,5.109178167465953e-11,1.9730880901631151,1.9730880901124541,True,6.881567129303358e-12
659,left,LCX,prox,10.0,55,leaky,"[0.9, 0.95)",0.9228799397088068,0,659_left_LCX_prox_10mm_55ds_leaky_T4_taper_D_perterritory,T4_taper,D_perterritory,ok,7.0,0.0,True,29.273755890934616,0.5107208097377038,1.2737538354564124,False,7.0,0.9092964944025482,-0.013583445306258546,0.0,2.969007372527649e-14,1.9723695217924602,1.9730880901124541,True,7.091927722674156e-12
659,left,LCX,prox,10.0,55,discrete,"[0.9, 0.95)",0.8620561225241797,0,659_left_LCX_prox_10mm_55ds_discrete_T1_missed_branch_D_perterritory,T1_missed_branch,D_perterritory,ok,5.0,1.0,True,81.69327460581856,0.7437539717608843,0.8004670377429822,False,5.0,0.9228514891289482,0.060795366604768475,0.0,0.4472135954999579,1.541127023895533,1.8811932496326138,True,7.143125471360714e-12
659,left,LCX,prox,10.0,55,discrete,"[0.9, 0.95)",0.8620561225241797,0,659_left_LCX_prox_10mm_55ds_discrete_T2_truncation_D_perterritory,T2_truncation,D_perterritory,ok,5.0,0.0,True,106.97608565902082,0.910994117641023,1.0488489806627896,False,6.0,0.8620561225241787,-9.992007221626409e-16,0.0,8.038427551622745e-14,1.8811932496326138,1.8811932496326138,True,6.032407310123886e-13
659,left,LCX,prox,10.0,55,discrete,"[0.9, 0.95)",0.8620561225241797,0,659_left_LCX_prox_10mm_55ds_discrete_T3_stenosis_length_D_perterritory,T3_stenosis_length,D_perterritory,ok,5.0,0.0,True,101.9937928446317,0.9999999999990421,1.0118878507256621,False,47.0,0.8529819471493358,-0.009074175374843896,0.0,6.504608792134513e-11,1.8811932496883412,1.8811932496326138,True,1.933432132032441e-12
659,left,LCX,prox,10.0,55,discrete,"[0.9, 0.95)",0.8620561225241797,0,659_left_LCX_prox_10mm_55ds_discrete_T4_taper_D_perterritory,T4_taper,D_perterritory,ok,5.0,0.0,True,92.12607731937611,0.9032518033691795,1.1507447908134354,False,5.0,0.836518120531143,-0.025538001993036685,0.0,3.33550620142724e-14,1.8811932496326138,1.8811932496326138,True,5.609159474966846e-13
690,left,LCX,prox,10.0,40,leaky,"[0.9, 0.95)",0.9397268135215956,0,690_left_LCX_prox_10mm_40ds_leaky_T1_missed_branch_D_perterritory,T1_missed_branch,D_perterritory,ok,5.0,1.0,True,31.306792940323508,0.859371269760872,0.8827914720896606,False,13.0,0.9632358608485603,0.023509047326964683,0.0,0.4472135954999579,2.1859818127231194,2.4191349790256376,True,1.2691844236471288e-11
690,left,LCX,prox,10.0,40,leaky,"[0.9, 0.95)",0.9397268135215956,0,690_left_LCX_prox_10mm_40ds_leaky_T2_truncation_D_perterritory,T2_truncation,D_perterritory,ok,5.0,0.0,True,35.29874794656932,0.9955701599151995,1.0234388913361574,False,5.0,0.9397263530488076,-4.6047278801086833e-07,0.0,7.53554620891788e-15,2.4205474676521233,2.4191349790256376,True,8.493084073363044e-12
690,left,LCX,prox,10.0,40,leaky,"[0.9, 0.95)",0.9397268135215956,0,690_left_LCX_prox_10mm_40ds_leaky_T3_stenosis_length_D_perterritory,T3_stenosis_length,D_perterritory,ok,5.0,0.0,True,35.45582917107084,0.9999999999716973,1.0022338749447006,False,24.0,0.9378033189679502,-0.0019234945536453774,0.0,1.3243888289800848e-11,2.4191349790075307,2.4191349790256376,True,3.783074346005973e-12
690,left,LCX,prox,10.0,40,leaky,"[0.9, 0.95)",0.9397268135215956,0,690_left_LCX_prox_10mm_40ds_leaky_T4_taper_D_perterritory,T4_taper,D_perterritory,ok,5.0,0.0,True,34.71299296637067,0.8904053466453323,1.2453861151237127,False,6.0,0.9270023474808825,-0.01272446604071309,0.0,5.160973466559605e-15,2.4259273355839324,2.4191349790256376,True,3.665115898942707e-12
690,left,LCX,prox,10.0,40,discrete,"[0.9, 0.95)",0.9291481353319536,0,690_left_LCX_prox_10mm_40ds_discrete_T1_missed_branch_D_perterritory,T1_missed_branch,D_perterritory,ok,4.0,1.0,True,63.12420268377872,0.6918685625964578,0.7356283654447967,False,7.0,0.9773345847053474,0.04818644937339378,0.0,0.5,1.7755965354579661,2.3508650590290823,True,3.3190151100411997e-12
690,left,LCX,prox,10.0,40,discrete,"[0.9, 0.95)",0.9291481353319536,0,690_left_LCX_prox_10mm_40ds_discrete_T2_truncation_D_perterritory,T2_truncation,D_perterritory,ok,4.0,0.0,True,120.03035611433486,0.3713678577180596,1.3994855345279267,False,8.0,0.929148135335637,3.683386928798882e-12,0.0,2.7034076716245162e-14,2.3508650590218396,2.3508650590290823,True,2.157697986605387e-12
690,left,LCX,prox,10.0,40,discrete,"[0.9, 0.95)",0.9291481353319536,0,690_left_LCX_prox_10mm_40ds_discrete_T3_stenosis_length_D_perterritory,T3_stenosis_length,D_perterritory,ok,4.0,0.0,True,85.76748608896669,1.0000000000178697,1.002682451371632,False,24.0,0.9271093418934451,-0.002038793438508546,0.0,5.5361493726744393e-11,2.350865059155831,2.3508650590290823,True,2.026546267841745e-12
690,left,LCX,prox,10.0,40,discrete,"[0.9, 0.95)",0.9291481353319536,0,690_left_LCX_prox_10mm_40ds_discrete_T4_taper_D_perterritory,T4_taper,D_perterritory,ok,4.0,0.0,True,79.13623351289837,0.9226833748025342,1.1975701785700295,False,6.0,0.9115060036439611,-0.017642131687992557,0.0,4.4013519650123405e-14,2.3508650590218396,2.3508650590290823,True,2.1461681651857707e-12
789,left,LCX,prox,10.0,55,leaky,"[0.9, 0.95)",0.9302176984071355,0,789_left_LCX_prox_10mm_55ds_leaky_T1_missed_branch_D_perterritory,T1_missed_branch,D_perterritory,skipped: no deletable downstream branch,,,,,,,,,,,,,,,,
789,left,LCX,prox,10.0,55,leaky,"[0.9, 0.95)",0.9302176984071355,0,789_left_LCX_prox_10mm_55ds_leaky_T2_truncation_D_perterritory,T2_truncation,D_perterritory,ok,4.0,0.0,True,31.114991415357416,0.9077200677209014,1.03687037881757,False,6.0,0.9385788097094846,0.008361111302349067,0.0,8.325883162103063e-15,1.9756899970871669,1.9756899970890376,True,5.334658260265643e-12
789,left,LCX,prox,10.0,55,leaky,"[0.9, 0.95)",0.9302176984071355,0,789_left_LCX_prox_10mm_55ds_leaky_T3_stenosis_length_D_perterritory,T3_stenosis_length,D_perterritory,ok,4.0,0.0,True,30.008564282490575,0.9999999999661076,1.0040685175264732,False,38.0,0.9254996152562024,-0.004718083150933139,0.0,4.277208426274969e-11,1.9756899970946495,1.9756899970890376,True,5.1344424435183935e-12
789,left,LCX,prox,10.0,55,leaky,"[0.9, 0.95)",0.9302176984071355,0,789_left_LCX_prox_10mm_55ds_leaky_T4_taper_D_perterritory,T4_taper,D_perterritory,ok,4.0,0.0,True,29.161104792308297,0.9717594123394651,1.0820472377384416,False,5.0,0.9227571286300167,-0.007460569777118842,0.0,8.549245736349243e-14,1.9756899970815553,1.9756899970890376,True,8.116457675360113e-12
789,left,LCX,prox,10.0,55,discrete,"[0.9, 0.95)",0.9468054916376629,0,789_left_LCX_prox_10mm_55ds_discrete_T1_missed_branch_D_perterritory,T1_missed_branch,D_perterritory,skipped: no deletable downstream branch,,,,,,,,,,,,,,,,
789,left,LCX,prox,10.0,55,discrete,"[0.9, 0.95)",0.9468054916376629,0,789_left_LCX_prox_10mm_55ds_discrete_T2_truncation_D_perterritory,T2_truncation,D_perterritory,ok,3.0,0.0,True,105.54816058603262,0.4883955231086947,1.277502373165286,False,6.0,0.9467589996643054,-4.649197335748756e-05,0.0,1.0677624939600078e-13,1.8409227181128662,1.8409227181128662,True,5.53343705397876e-12
789,left,LCX,prox,10.0,55,discrete,"[0.9, 0.95)",0.9468054916376629,0,789_left_LCX_prox_10mm_55ds_discrete_T3_stenosis_length_D_perterritory,T3_stenosis_length,D_perterritory,ok,3.0,0.0,True,82.62071586179704,1.000000000588063,1.0047969808184183,False,22.0,0.9429539249908776,-0.0038515666467853205,0.0,7.011856811826967e-09,1.8409227301016118,1.8409227181128662,True,5.660543304292218e-12
789,left,LCX,prox,10.0,55,discrete,"[0.9, 0.95)",0.9468054916376629,0,789_left_LCX_prox_10mm_55ds_discrete_T4_taper_D_perterritory,T4_taper,D_perterritory,ok,3.0,0.0,True,78.51281684380474,0.950280036003748,1.3414820280480613,False,6.0,0.9378800986692428,-0.008925392968420098,0.0,8.066507779467754e-14,1.8409227181128662,1.8409227181128662,True,5.72242857418845e-12
844,left,LCX,prox,10.0,65,leaky,"[0.9, 0.95)",0.9479613990225274,0,844_left_LCX_prox_10mm_65ds_leaky_T1_missed_branch_D_perterritory,T1_missed_branch,D_perterritory,ok,5.0,1.0,True,82.50374373655444,0.9181578402427639,0.9511189845677919,False,10.0,0.9642402295281522,0.01627883050562484,0.0,0.4472135954999579,1.899258420970037,1.9995607252529957,True,7.627834029012569e-12
844,left,LCX,prox,10.0,65,leaky,"[0.9, 0.95)",0.9479613990225274,0,844_left_LCX_prox_10mm_65ds_leaky_T2_truncation_D_perterritory,T2_truncation,D_perterritory,ok,5.0,2.0,True,85.61751750947286,0.579816641973277,0.986849205962432,False,13.0,0.9796783489811675,0.03171694995864005,0.0,0.6324555320336759,1.799977059600901,1.9995607252529957,True,2.37544005999333e-11
844,left,LCX,prox,10.0,65,leaky,"[0.9, 0.95)",0.9479613990225274,0,844_left_LCX_prox_10mm_65ds_leaky_T3_stenosis_length_D_perterritory,T3_stenosis_length,D_perterritory,ok,5.0,0.0,True,86.7291344286257,1.000000000030139,1.0056016686010614,False,39.0,0.9430442879942612,-0.004917111028266197,0.0,4.154300652202251e-11,1.9995607253700247,1.9995607252529957,True,2.6338345147651136e-11
844,left,LCX,prox,10.0,65,leaky,"[0.9, 0.95)",0.9479613990225274,0,844_left_LCX_prox_10mm_65ds_leaky_T4_taper_D_perterritory,T4_taper,D_perterritory,ok,5.0,0.0,True,87.03117493791876,0.8556173396893448,1.2577219555471082,False,5.0,0.9440762087941237,-0.003885190228403723,0.0,6.129008377184884e-14,1.9995607252269891,1.9995607252529957,True,7.903494509576898e-12
844,left,LCX,prox,10.0,65,discrete,"[0.9, 0.95)",0.8862426393013865,0,844_left_LCX_prox_10mm_65ds_discrete_T1_missed_branch_D_perterritory,T1_missed_branch,D_perterritory,ok,4.0,1.0,True,63.22240844157884,0.7293469114351521,0.8026716646872456,False,5.0,0.956248861778181,0.07000622247679456,0.0,0.5,1.5119341776348798,1.8488256993742163,True,3.246344675854293e-11
844,left,LCX,prox,10.0,65,discrete,"[0.9, 0.95)",0.8862426393013865,0,844_left_LCX_prox_10mm_65ds_discrete_T2_truncation_D_perterritory,T2_truncation,D_perterritory,ok,4.0,2.0,True,95.7374553918202,1.21658136909022,1.2165980757916335,False,12.0,0.833737451820467,-0.05250518748091948,0.0,0.7071067811865476,2.0097861683849234,1.8488256993742163,True,3.510608642541017e-11
844,left,LCX,prox,10.0,65,discrete,"[0.9, 0.95)",0.8862426393013865,0,844_left_LCX_prox_10mm_65ds_discrete_T3_stenosis_length_D_perterritory,T3_stenosis_length,D_perterritory,ok,4.0,0.0,True,78.71683434384178,0.9999999999867831,1.0115854139303464,False,32.0,0.8773437308705356,-0.008898908430850838,0.0,1.658656202071758e-11,1.848825699392421,1.8488256993742163,True,2.893034536536957e-11
844,left,LCX,prox,10.0,65,discrete,"[0.9, 0.95)",0.8862426393013865,0,844_left_LCX_prox_10mm_65ds_discrete_T4_taper_D_perterritory,T4_taper,D_perterritory,ok,4.0,0.0,True,73.23355461162552,0.9303417143494751,1.1715704642234064,False,5.0,0.875714520548534,-0.010528118752852422,0.0,8.012245209414147e-14,1.8488256993742163,1.8488256993742163,True,2.999943012745049e-11
908,left,LCX,mid,20.0,55,leaky,"[0.9, 0.95)",0.9475678018142292,0,908_left_LCX_mid_20mm_55ds_leaky_T1_missed_branch_D_perterritory,T1_missed_branch,D_perterritory,ok,6.0,0.0,True,64.4025500256945,0.9057928935079639,1.1689631806408558,False,6.0,0.9514267104319023,0.003858908617673129,0.0,3.0115351592280396e-14,0.8522118105239886,0.8522118105118086,True,1.201280225447441e-12
908,left,LCX,mid,20.0,55,leaky,"[0.9, 0.95)",0.9475678018142292,0,908_left_LCX_mid_20mm_55ds_leaky_T2_truncation_D_perterritory,T2_truncation,D_perterritory,ok,6.0,0.0,True,70.41515925565037,0.9903575374507994,1.0125959915624536,False,6.0,0.9478905956008112,0.00032279378658206515,0.0,2.7221119986147435e-14,0.8522118105215526,0.8522118105118086,True,4.07061178060528e-12
908,left,LCX,mid,20.0,55,leaky,"[0.9, 0.95)",0.9475678018142292,0,908_left_LCX_mid_20mm_55ds_leaky_T3_stenosis_length_D_perterritory,T3_stenosis_length,D_perterritory,ok,6.0,0.0,True,71.10074553166085,0.9999999998936049,1.0035507604209049,False,35.0,0.9434297845542717,-0.004138017259957438,0.0,5.1352417800206726e-11,0.8522118105026737,0.8522118105118086,True,5.76835656103984e-12
908,left,LCX,mid,20.0,55,leaky,"[0.9, 0.95)",0.9475678018142292,0,908_left_LCX_mid_20mm_55ds_leaky_T4_taper_D_perterritory,T4_taper,D_perterritory,ok,6.0,0.0,True,70.0845428904064,0.9857075670071459,1.0181157961898546,False,5.0,0.9437934358385027,-0.003774365975726446,0.0,6.236310579162598e-14,0.8522118105227706,0.8522118105118086,True,2.5986117691068965e-12
908,left,LCX,mid,20.0,55,discrete,"[0.9, 0.95)",0.9523147857917086,0,908_left_LCX_mid_20mm_55ds_discrete_T1_missed_branch_D_perterritory,T1_missed_branch,D_perterritory,ok,4.0,0.0,True,269.44500953855044,0.8795823647862087,1.3421789722055857,False,6.0,0.9563606704663165,0.004045884674607869,0.0,1.53363440952382e-14,0.8500328341762301,0.850032834172576,True,9.525514045451554e-12
908,left,LCX,mid,20.0,55,discrete,"[0.9, 0.95)",0.9523147857917086,0,908_left_LCX_mid_20mm_55ds_discrete_T2_truncation_D_perterritory,T2_truncation,D_perterritory,ok,4.0,0.0,True,372.39511449037076,0.7489489584554568,1.21565500878728,False,6.0,0.9485083755481429,-0.00380641024356565,0.0,1.621379461139197e-14,0.850032834172576,0.850032834172576,True,5.220137146383676e-12
908,left,LCX,mid,20.0,55,discrete,"[0.9, 0.95)",0.9523147857917086,0,908_left_LCX_mid_20mm_55ds_discrete_T3_stenosis_length_D_perterritory,T3_stenosis_length,D_perterritory,ok,4.0,0.0,True,306.33289197884153,0.9999999999780115,1.003411289273437,False,44.0,0.9486000480090752,-0.003714737782633426,0.0,3.20475328487959e-11,0.850032834174403,0.850032834172576,True,6.938426581439101e-12
908,left,LCX,mid,20.0,55,discrete,"[0.9, 0.95)",0.9523147857917086,0,908_left_LCX_mid_20mm_55ds_discrete_T4_taper_D_perterritory,T4_taper,D_perterritory,ok,4.0,0.0,True,287.15210160159853,0.9373857953896655,1.1566746732243698,False,6.0,0.939520142868291,-0.012794642923417587,0.0,5.594965870442629e-14,0.8500328341762301,0.850032834172576,True,9.468341529997121e-12
3,right,RCA,prox,10.0,40,leaky,"[0.9, 0.95)",0.9473911866085007,0,3_right_RCA_prox_10mm_40ds_leaky_T1_missed_branch_D_perterritory,T1_missed_branch,D_perterritory,skipped: fewer than 2 shared territories to match,,,,,,,,,,,,,,,,
3,right,RCA,prox,10.0,40,leaky,"[0.9, 0.95)",0.9473911866085007,0,3_right_RCA_prox_10mm_40ds_leaky_T2_truncation_D_perterritory,T2_truncation,D_perterritory,skipped: fewer than 2 shared territories to match,,,,,,,,,,,,,,,,
3,right,RCA,prox,10.0,40,leaky,"[0.9, 0.95)",0.9473911866085007,0,3_right_RCA_prox_10mm_40ds_leaky_T3_stenosis_length_D_perterritory,T3_stenosis_length,D_perterritory,ok,2.0,0.0,True,19.53412618606072,1.0018251223224204,1.0018902124215538,False,10.0,0.9458142731400936,-0.0015769134684071595,0.0,1.2456517452524989e-13,1.9296601369945494,1.9314497909355537,True,2.258859714726512e-12
3,right,RCA,prox,10.0,40,leaky,"[0.9, 0.95)",0.9473911866085007,0,3_right_RCA_prox_10mm_40ds_leaky_T4_taper_D_perterritory,T4_taper,D_perterritory,ok,2.0,0.0,True,19.58925209881886,1.2763327601592447,1.2933010028542684,False,5.0,0.9362895147078113,-0.011101671900689447,0.0,7.259507322259408e-14,2.023340105913492,1.9314497909355537,True,2.7106359022105436e-12
3,right,RCA,prox,10.0,40,discrete,"[0.9, 0.95)",0.9367046751333644,0,3_right_RCA_prox_10mm_40ds_discrete_T1_missed_branch_D_perterritory,T1_missed_branch,D_perterritory,skipped: fewer than 2 shared territories to match,,,,,,,,,,,,,,,,
3,right,RCA,prox,10.0,40,discrete,"[0.9, 0.95)",0.9367046751333644,0,3_right_RCA_prox_10mm_40ds_discrete_T2_truncation_D_perterritory,T2_truncation,D_perterritory,skipped: fewer than 2 shared territories to match,,,,,,,,,,,,,,,,
3,right,RCA,prox,10.0,40,discrete,"[0.9, 0.95)",0.9367046751333644,0,3_right_RCA_prox_10mm_40ds_discrete_T3_stenosis_length_D_perterritory,T3_stenosis_length,D_perterritory,ok,2.0,0.0,True,31.48803426703132,1.002363774303999,1.0029432290508944,False,6.0,0.9349197141388992,-0.0017849609944652345,0.0,8.563264083462874e-14,1.7610719975607845,1.7610719975653166,True,2.9491028891966033e-12
3,right,RCA,prox,10.0,40,discrete,"[0.9, 0.95)",0.9367046751333644,0,3_right_RCA_prox_10mm_40ds_discrete_T4_taper_D_perterritory,T4_taper,D_perterritory,ok,2.0,0.0,True,24.415616143670363,1.0169779148550298,1.1412517657741252,False,7.0,0.9216237190000212,-0.01508095613334326,0.0,1.9098523150884685e-13,1.7610719975653166,1.7610719975653166,True,5.795036477272091e-12
95,right,RCA,mid,10.0,40,leaky,"[0.9, 0.95)",0.9498106535559999,0,95_right_RCA_mid_10mm_40ds_leaky_T1_missed_branch_D_perterritory,T1_missed_branch,D_perterritory,skipped: fewer than 2 shared territories to match,,,,,,,,,,,,,,,,
95,right,RCA,mid,10.0,40,leaky,"[0.9, 0.95)",0.9498106535559999,0,95_right_RCA_mid_10mm_40ds_leaky_T2_truncation_D_perterritory,T2_truncation,D_perterritory,skipped: fewer than 2 shared territories to match,,,,,,,,,,,,,,,,
95,right,RCA,mid,10.0,40,leaky,"[0.9, 0.95)",0.9498106535559999,0,95_right_RCA_mid_10mm_40ds_leaky_T3_stenosis_length_D_perterritory,T3_stenosis_length,D_perterritory,ok,2.0,0.0,True,19.591781629998003,1.0024645067164446,1.002480598030582,False,4.0,0.9477100914461152,-0.0021005621098847405,0.0,5.856132090917341e-14,1.721116725444733,1.7227651048824795,True,8.880693161153443e-13
95,right,RCA,mid,10.0,40,leaky,"[0.9, 0.95)",0.9498106535559999,0,95_right_RCA_mid_10mm_40ds_leaky_T4_taper_D_perterritory,T4_taper,D_perterritory,ok,2.0,0.0,True,19.629740578393125,1.271422310106968,1.2744621824342632,False,6.0,0.946101479368205,-0.003709174187794928,0.0,5.869949193265215e-14,1.7341362239051215,1.7227651048824795,True,5.237735032828439e-12
95,right,RCA,mid,10.0,40,discrete,"[0.9, 0.95)",0.9171969575972199,0,95_right_RCA_mid_10mm_40ds_discrete_T1_missed_branch_D_perterritory,T1_missed_branch,D_perterritory,skipped: no deletable downstream branch,,,,,,,,,,,,,,,,
95,right,RCA,mid,10.0,40,discrete,"[0.9, 0.95)",0.9171969575972199,0,95_right_RCA_mid_10mm_40ds_discrete_T2_truncation_D_perterritory,T2_truncation,D_perterritory,skipped: fewer than 2 shared territories to match,,,,,,,,,,,,,,,,
95,right,RCA,mid,10.0,40,discrete,"[0.9, 0.95)",0.9171969575972199,0,95_right_RCA_mid_10mm_40ds_discrete_T3_stenosis_length_D_perterritory,T3_stenosis_length,D_perterritory,skipped: fewer than 2 shared territories to match,,,,,,,,,,,,,,,,
95,right,RCA,mid,10.0,40,discrete,"[0.9, 0.95)",0.9171969575972199,0,95_right_RCA_mid_10mm_40ds_discrete_T4_taper_D_perterritory,T4_taper,D_perterritory,skipped: fewer than 2 shared territories to match,,,,,,,,,,,,,,,,
272,right,RCA,prox,10.0,50,leaky,"[0.9, 0.95)",0.932948904378872,0,272_right_RCA_prox_10mm_50ds_leaky_T1_missed_branch_D_perterritory,T1_missed_branch,D_perterritory,skipped: fewer than 2 shared territories to match,,,,,,,,,,,,,,,,
272,right,RCA,prox,10.0,50,leaky,"[0.9, 0.95)",0.932948904378872,0,272_right_RCA_prox_10mm_50ds_leaky_T2_truncation_D_perterritory,T2_truncation,D_perterritory,skipped: fewer than 2 shared territories to match,,,,,,,,,,,,,,,,
272,right,RCA,prox,10.0,50,leaky,"[0.9, 0.95)",0.932948904378872,0,272_right_RCA_prox_10mm_50ds_leaky_T3_stenosis_length_D_perterritory,T3_stenosis_length,D_perterritory,ok,4.0,0.0,True,22.051489735725877,1.0037039681510667,1.003862226657383,False,6.0,0.9297768508965215,-0.003172053482350501,0.0,8.115626466611098e-14,2.109971719322658,2.1107385779415777,True,2.3408129455997425e-12
272,right,RCA,prox,10.0,50,leaky,"[0.9, 0.95)",0.932948904378872,0,272_right_RCA_prox_10mm_50ds_leaky_T4_taper_D_perterritory,T4_taper,D_perterritory,ok,4.0,0.0,True,22.630583340796754,1.3227094312986927,1.3432889055425419,False,7.0,0.9093067923236366,-0.023642112055235365,0.0,1.3143084168446292e-13,2.3555939860361663,2.1107385779415777,True,9.02410982975211e-12
272,right,RCA,prox,10.0,50,discrete,"[0.9, 0.95)",0.9413125065883802,0,272_right_RCA_prox_10mm_50ds_discrete_T1_missed_branch_D_perterritory,T1_missed_branch,D_perterritory,skipped: fewer than 2 shared territories to match,,,,,,,,,,,,,,,,
272,right,RCA,prox,10.0,50,discrete,"[0.9, 0.95)",0.9413125065883802,0,272_right_RCA_prox_10mm_50ds_discrete_T2_truncation_D_perterritory,T2_truncation,D_perterritory,skipped: fewer than 2 shared territories to match,,,,,,,,,,,,,,,,
272,right,RCA,prox,10.0,50,discrete,"[0.9, 0.95)",0.9413125065883802,0,272_right_RCA_prox_10mm_50ds_discrete_T3_stenosis_length_D_perterritory,T3_stenosis_length,D_perterritory,ok,3.0,0.0,True,36.546737571134315,1.004093921083865,1.0044789645385397,False,6.0,0.9383551186435848,-0.0029573879447953866,0.0,1.182733964631507e-13,1.8826271600278564,1.8826271600212323,True,1.089932918365621e-12
272,right,RCA,prox,10.0,50,discrete,"[0.9, 0.95)",0.9413125065883802,0,272_right_RCA_prox_10mm_50ds_discrete_T4_taper_D_perterritory,T4_taper,D_perterritory,ok,3.0,0.0,True,31.65241706465414,1.1535046541017175,1.1754901109297262,False,8.0,0.9305662287483554,-0.010746277840024798,0.0,7.277766432153688e-14,1.8826271599881133,1.8826271600212323,True,2.2010346061519496e-11
616,right,RCA,prox,20.0,40,leaky,"[0.9, 0.95)",0.9457589114061966,0,616_right_RCA_prox_20mm_40ds_leaky_T1_missed_branch_D_perterritory,T1_missed_branch,D_perterritory,skipped: fewer than 2 shared territories to match,,,,,,,,,,,,,,,,
616,right,RCA,prox,20.0,40,leaky,"[0.9, 0.95)",0.9457589114061966,0,616_right_RCA_prox_20mm_40ds_leaky_T2_truncation_D_perterritory,T2_truncation,D_perterritory,skipped: fewer than 2 shared territories to match,,,,,,,,,,,,,,,,
616,right,RCA,prox,20.0,40,leaky,"[0.9, 0.95)",0.9457589114061966,0,616_right_RCA_prox_20mm_40ds_leaky_T3_stenosis_length_D_perterritory,T3_stenosis_length,D_perterritory,ok,2.0,0.0,True,23.010752483628035,1.002310965517706,1.0023235140151505,False,10.0,0.9438210235394726,-0.0019378878667239974,0.0,2.1670779846232164e-13,1.7677718384180046,1.7697785465061222,True,5.358126952145446e-12
616,right,RCA,prox,20.0,40,leaky,"[0.9, 0.95)",0.9457589114061966,0,616_right_RCA_prox_20mm_40ds_leaky_T4_taper_D_perterritory,T4_taper,D_perterritory,ok,2.0,0.0,True,22.936339173013177,1.275691110430464,1.2782840440038077,False,7.0,0.9396759547724078,-0.006082956633788772,0.0,1.1372917042707876e-13,1.5654472020616088,1.7697785465061222,True,6.410180626281367e-12
616,right,RCA,prox,20.0,40,discrete,"[0.9, 0.95)",0.9357294975302815,0,616_right_RCA_prox_20mm_40ds_discrete_T1_missed_branch_D_perterritory,T1_missed_branch,D_perterritory,skipped: fewer than 2 shared territories to match,,,,,,,,,,,,,,,,
616,right,RCA,prox,20.0,40,discrete,"[0.9, 0.95)",0.9357294975302815,0,616_right_RCA_prox_20mm_40ds_discrete_T2_truncation_D_perterritory,T2_truncation,D_perterritory,skipped: fewer than 2 shared territories to match,,,,,,,,,,,,,,,,
616,right,RCA,prox,20.0,40,discrete,"[0.9, 0.95)",0.9357294975302815,0,616_right_RCA_prox_20mm_40ds_discrete_T3_stenosis_length_D_perterritory,T3_stenosis_length,D_perterritory,ok,2.0,0.0,True,26.061841985762968,1.0034133590945407,1.003507024076792,False,9.0,0.933455467995266,-0.0022740295350154316,0.0,2.625350680331373e-13,1.6504070000683722,1.6504070000655493,True,9.038050589198357e-12
616,right,RCA,prox,20.0,40,discrete,"[0.9, 0.95)",0.9357294975302815,0,616_right_RCA_prox_20mm_40ds_discrete_T4_taper_D_perterritory,T4_taper,D_perterritory,ok,2.0,0.0,True,25.27180930513402,1.3578976919873225,1.3783779250806723,False,4.0,0.9175576447195997,-0.018171852810681788,0.0,1.259034419017971e-13,1.6504070000613147,1.6504070000655493,True,5.145739255282436e-12
625,right,RCA,prox,10.0,50,leaky,"[0.9, 0.95)",0.9297056153617812,0,625_right_RCA_prox_10mm_50ds_leaky_T1_missed_branch_D_perterritory,T1_missed_branch,D_perterritory,skipped: fewer than 2 shared territories to match,,,,,,,,,,,,,,,,
625,right,RCA,prox,10.0,50,leaky,"[0.9, 0.95)",0.9297056153617812,0,625_right_RCA_prox_10mm_50ds_leaky_T2_truncation_D_perterritory,T2_truncation,D_perterritory,skipped: fewer than 2 shared territories to match,,,,,,,,,,,,,,,,
625,right,RCA,prox,10.0,50,leaky,"[0.9, 0.95)",0.9297056153617812,0,625_right_RCA_prox_10mm_50ds_leaky_T3_stenosis_length_D_perterritory,T3_stenosis_length,D_perterritory,ok,4.0,0.0,True,21.972547064868106,1.00346672689871,1.0036238982985584,False,6.0,0.9268031995507336,-0.002902415811047554,0.0,6.58728879274147e-14,2.4850741700021834,2.4880753063461456,True,1.2391364271002585e-11
625,right,RCA,prox,10.0,50,leaky,"[0.9, 0.95)",0.9297056153617812,0,625_right_RCA_prox_10mm_50ds_leaky_T4_taper_D_perterritory,T4_taper,D_perterritory,ok,4.0,0.0,True,22.16179607606507,1.2991915388171282,1.320629622936966,False,6.0,0.915030556974601,-0.014675058387180195,0.0,1.2420286177705397e-13,2.5645802421557216,2.4880753063461456,True,1.398526706729758e-11
625,right,RCA,prox,10.0,50,discrete,"[0.9, 0.95)",0.9294913667919642,0,625_right_RCA_prox_10mm_50ds_discrete_T1_missed_branch_D_perterritory,T1_missed_branch,D_perterritory,skipped: fewer than 2 shared territories to match,,,,,,,,,,,,,,,,
625,right,RCA,prox,10.0,50,discrete,"[0.9, 0.95)",0.9294913667919642,0,625_right_RCA_prox_10mm_50ds_discrete_T2_truncation_D_perterritory,T2_truncation,D_perterritory,skipped: fewer than 2 shared territories to match,,,,,,,,,,,,,,,,
625,right,RCA,prox,10.0,50,discrete,"[0.9, 0.95)",0.9294913667919642,0,625_right_RCA_prox_10mm_50ds_discrete_T3_stenosis_length_D_perterritory,T3_stenosis_length,D_perterritory,ok,3.0,0.0,True,26.973967798658613,1.0047972716538895,1.0053809269872978,False,6.0,0.926441923618654,-0.00304944317331024,0.0,9.525577856004668e-14,2.199853503050335,2.1998535030542463,True,2.40246092163178e-12
625,right,RCA,prox,10.0,50,discrete,"[0.9, 0.95)",0.9294913667919642,0,625_right_RCA_prox_10mm_50ds_discrete_T4_taper_D_perterritory,T4_taper,D_perterritory,ok,3.0,0.0,True,22.556717175319008,1.1633651480675549,1.2214986283742983,False,5.0,0.9169083813451587,-0.012582985446805472,0.0,1.8823435984587412e-13,2.199853503034688,2.1998535030542463,True,9.760779607949162e-12
683,right,RCA,mid,10.0,40,leaky,"[0.9, 0.95)",0.9459034405436669,0,683_right_RCA_mid_10mm_40ds_leaky_T1_missed_branch_D_perterritory,T1_missed_branch,D_perterritory,skipped: fewer than 2 shared territories to match,,,,,,,,,,,,,,,,
683,right,RCA,mid,10.0,40,leaky,"[0.9, 0.95)",0.9459034405436669,0,683_right_RCA_mid_10mm_40ds_leaky_T2_truncation_D_perterritory,T2_truncation,D_perterritory,skipped: fewer than 2 shared territories to match,,,,,,,,,,,,,,,,
683,right,RCA,mid,10.0,40,leaky,"[0.9, 0.95)",0.9459034405436669,0,683_right_RCA_mid_10mm_40ds_leaky_T3_stenosis_length_D_perterritory,T3_stenosis_length,D_perterritory,ok,2.0,0.0,True,19.854113502224394,1.0018070671241306,1.0018214657086832,False,5.0,0.9443403796014184,-0.001563060942248562,0.0,8.696479608330979e-14,3.752684650722254,3.7543112372661396,True,1.7267110481154534e-12
683,right,RCA,mid,10.0,40,leaky,"[0.9, 0.95)",0.9459034405436669,0,683_right_RCA_mid_10mm_40ds_leaky_T4_taper_D_perterritory,T4_taper,D_perterritory,ok,2.0,0.0,True,20.123295375771846,1.2933018842001902,1.2970475490584559,False,8.0,0.9321638360714383,-0.013739604472228661,0.0,8.616629463167733e-14,4.162955587505913,3.7543112372661396,True,3.296403358145945e-12
683,right,RCA,mid,10.0,40,discrete,"[0.9, 0.95)",0.9119444931994573,0,683_right_RCA_mid_10mm_40ds_discrete_T1_missed_branch_D_perterritory,T1_missed_branch,D_perterritory,skipped: fewer than 2 shared territories to match,,,,,,,,,,,,,,,,
683,right,RCA,mid,10.0,40,discrete,"[0.9, 0.95)",0.9119444931994573,0,683_right_RCA_mid_10mm_40ds_discrete_T2_truncation_D_perterritory,T2_truncation,D_perterritory,skipped: fewer than 2 shared territories to match,,,,,,,,,,,,,,,,
683,right,RCA,mid,10.0,40,discrete,"[0.9, 0.95)",0.9119444931994573,0,683_right_RCA_mid_10mm_40ds_discrete_T3_stenosis_length_D_perterritory,T3_stenosis_length,D_perterritory,ok,2.0,0.0,True,12.308790106959835,1.0032996914034749,1.0041855705753107,False,6.0,0.9098135586545181,-0.002130934544939178,0.0,1.8529565797146918e-13,3.1463160150240017,3.1463160150095484,True,1.3499746032263347e-11
683,right,RCA,mid,10.0,40,discrete,"[0.9, 0.95)",0.9119444931994573,0,683_right_RCA_mid_10mm_40ds_discrete_T4_taper_D_perterritory,T4_taper,D_perterritory,ok,2.0,0.0,True,8.759342203039798,1.0017407429514922,1.1749619347236058,False,5.0,0.8925206804530825,-0.019423812746374725,0.0,1.831630255351646e-13,3.1463160150095484,3.1463160150095484,True,1.8098597594738323e-11
830,right,RCA,prox,10.0,55,leaky,"[0.9, 0.95)",0.9122247290465796,0,830_right_RCA_prox_10mm_55ds_leaky_T1_missed_branch_D_perterritory,T1_missed_branch,D_perterritory,skipped: fewer than 2 shared territories to match,,,,,,,,,,,,,,,,
830,right,RCA,prox,10.0,55,leaky,"[0.9, 0.95)",0.9122247290465796,0,830_right_RCA_prox_10mm_55ds_leaky_T2_truncation_D_perterritory,T2_truncation,D_perterritory,skipped: fewer than 2 shared territories to match,,,,,,,,,,,,,,,,
830,right,RCA,prox,10.0,55,leaky,"[0.9, 0.95)",0.9122247290465796,0,830_right_RCA_prox_10mm_55ds_leaky_T3_stenosis_length_D_perterritory,T3_stenosis_length,D_perterritory,ok,2.0,0.0,True,23.333905134756844,1.0084394498717013,1.008556431634853,False,11.0,0.9053729378270662,-0.006851791219513403,0.0,1.4314827034544719e-13,0.7011179384846454,0.7032489363207199,True,9.140920072612299e-13
830,right,RCA,prox,10.0,55,leaky,"[0.9, 0.95)",0.9122247290465796,0,830_right_RCA_prox_10mm_55ds_leaky_T4_taper_D_perterritory,T4_taper,D_perterritory,ok,2.0,0.0,True,23.36694585148667,1.2900395325980916,1.296885311295713,False,6.0,0.8975733904399851,-0.01465133860659451,0.0,1.0774336567293808e-13,0.6758276402168925,0.7032489363207199,True,1.7446310159785544e-12
830,right,RCA,prox,10.0,55,discrete,"[0.9, 0.95)",0.8998002422378761,0,830_right_RCA_prox_10mm_55ds_discrete_T1_missed_branch_D_perterritory,T1_missed_branch,D_perterritory,skipped: fewer than 2 shared territories to match,,,,,,,,,,,,,,,,
830,right,RCA,prox,10.0,55,discrete,"[0.9, 0.95)",0.8998002422378761,0,830_right_RCA_prox_10mm_55ds_discrete_T2_truncation_D_perterritory,T2_truncation,D_perterritory,skipped: fewer than 2 shared territories to match,,,,,,,,,,,,,,,,
830,right,RCA,prox,10.0,55,discrete,"[0.9, 0.95)",0.8998002422378761,0,830_right_RCA_prox_10mm_55ds_discrete_T3_stenosis_length_D_perterritory,T3_stenosis_length,D_perterritory,ok,2.0,0.0,True,73.3147363956921,1.0106510443756203,1.011217693820344,False,5.0,0.891795770233785,-0.008004472004091157,0.0,1.5931592005346738e-13,0.6751891970159012,0.6751891970159012,True,1.2273831741274278e-12
830,right,RCA,prox,10.0,55,discrete,"[0.9, 0.95)",0.8998002422378761,0,830_right_RCA_prox_10mm_55ds_discrete_T4_taper_D_perterritory,T4_taper,D_perterritory,ok,2.0,0.0,True,68.32343330530962,1.213663704637844,1.2421122795564967,False,5.0,0.8761971861478387,-0.023603056090037433,0.0,8.075856851189624e-14,0.6751891970169064,0.6751891970159012,True,2.9550030066721373e-12
890,right,RCA,mid,20.0,50,leaky,"[0.9, 0.95)",0.9016317958507888,0,890_right_RCA_mid_20mm_50ds_leaky_T1_missed_branch_D_perterritory,T1_missed_branch,D_perterritory,ok,4.0,1.0,True,21.736460437421254,0.3354156695425044,0.9340240356999308,False,13.0,0.9200727907552708,0.018440994904482033,0.0,0.5,1.2968121021863823,1.4194359056551067,True,1.2761057998181485e-11
890,right,RCA,mid,20.0,50,leaky,"[0.9, 0.95)",0.9016317958507888,0,890_right_RCA_mid_20mm_50ds_leaky_T2_truncation_D_perterritory,T2_truncation,D_perterritory,skipped: fewer than 2 shared territories to match,,,,,,,,,,,,,,,,
890,right,RCA,mid,20.0,50,leaky,"[0.9, 0.95)",0.9016317958507888,0,890_right_RCA_mid_20mm_50ds_leaky_T3_stenosis_length_D_perterritory,T3_stenosis_length,D_perterritory,ok,4.0,0.0,True,22.653298802352317,1.00487017833446,1.0050704961501673,False,5.0,0.897619825463377,-0.004011970387411745,0.0,5.546606283140377e-14,1.4177143439519246,1.4194359056551067,True,1.0087428814002145e-11
890,right,RCA,mid,20.0,50,leaky,"[0.9, 0.95)",0.9016317958507888,0,890_right_RCA_mid_20mm_50ds_leaky_T4_taper_D_perterritory,T4_taper,D_perterritory,ok,4.0,0.0,True,22.517412574082215,1.2760244906290674,1.296158766107855,False,7.0,0.8821164902150656,-0.019515305635723235,0.0,2.0143872730313464e-13,1.4921740385219646,1.4194359056551067,True,7.175099001118801e-12
890,right,RCA,mid,20.0,50,discrete,"[0.9, 0.95)",0.8525386503843819,0,890_right_RCA_mid_20mm_50ds_discrete_T1_missed_branch_D_perterritory,T1_missed_branch,D_perterritory,ok,3.0,1.0,True,35.897307033917464,0.5796615672781736,0.584785012491591,False,9.0,0.913664146137408,0.06112549575302606,0.0,0.5773502691896257,0.8497975031947409,1.2829937191634921,True,8.287700507127449e-12
890,right,RCA,mid,20.0,50,discrete,"[0.9, 0.95)",0.8525386503843819,0,890_right_RCA_mid_20mm_50ds_discrete_T2_truncation_D_perterritory,T2_truncation,D_perterritory,skipped: fewer than 2 shared territories to match,,,,,,,,,,,,,,,,
890,right,RCA,mid,20.0,50,discrete,"[0.9, 0.95)",0.8525386503843819,0,890_right_RCA_mid_20mm_50ds_discrete_T3_stenosis_length_D_perterritory,T3_stenosis_length,D_perterritory,ok,3.0,0.0,True,55.17765406846021,1.008092079665243,1.0095426127288856,False,9.0,0.8466796652966231,-0.005858985087758839,0.0,4.1556186556366874e-13,1.2829937191598488,1.2829937191634921,True,3.0261935144307325e-12
890,right,RCA,mid,20.0,50,discrete,"[0.9, 0.95)",0.8525386503843819,0,890_right_RCA_mid_20mm_50ds_discrete_T4_taper_D_perterritory,T4_taper,D_perterritory,ok,3.0,0.0,True,44.319978842739346,1.0476899401259054,1.135946999212152,False,5.0,0.8239713775867902,-0.028567272797591747,0.0,3.855850681830298e-14,1.2829937191707788,1.2829937191634921,True,1.1993035142471068e-11
