scan,side,vessel,loc,L_mm,ds_pct,bed,band_cohort,ffr_clean,flip_clean,n_outlets_clean,run_id,error_type,protocol,status,meas_same_point,n_outlets_shared,n_territories,C_clean,C,C_abs,C_ratio,ffr,dFFR,flip,flip_dir,outlet_flow_residual,inflow_mls,inflow_clean_mls,converged,iters,mass_err,w_sum,r_ref_root_mm,L_resolved_mm,n_outlets,info_t5_kind,info_t5_sign,info_spacing_mm,info_r_fit_throat_mm,info_dDS_requested_pp,fit_n_basins,fit_loss_at_Cstart,fit_loss,fit_at_bound
80,left,LAD,prox,10.0,70,leaky,"[0.65, 0.7)",0.688224672817487,1,3,80_left_LAD_prox_10mm_70ds_leaky_clean_none,clean,,ok,True,3,2,12.816770030116283,12.816770030116283,12.816770030116283,1.0,0.688224672817487,0.0,0.0,,0.0,1.4023821249906943,1.4023821249906943,True,27.0,9.579373769857732e-13,2.0541152713538785e-09,1.1469546235329269,131.31057232390026,3,,,,,,,,,
80,left,LAD,prox,10.0,70,leaky,"[0.65, 0.7)",0.688224672817487,1,3,80_left_LAD_prox_10mm_70ds_leaky_T5_vox_narrow_A_fixed,T5_vox_narrow,A_fixed,ok,True,3,2,12.816770030116283,12.816770030116283,12.816770030116283,1.0,0.5189415272822938,-0.1692831455351932,0.0,,0.18868091038494328,1.2074761692654672,1.4023821249906943,True,27.0,6.60979334305103e-13,2.0541152713538785e-09,1.1469546235329269,131.31057232390026,3,vox,1.0,0.318359375,1.1752995272056355,6.771877458270654,,,,
80,left,LAD,prox,10.0,70,leaky,"[0.65, 0.7)",0.688224672817487,1,3,80_left_LAD_prox_10mm_70ds_leaky_T5_vox_narrow_B_rederived,T5_vox_narrow,B_rederived,ok,True,3,2,12.816770030116283,12.816770030116283,12.816770030116283,1.0,0.5189415272822938,-0.1692831455351932,0.0,,0.18868091038494328,1.2074761692654672,1.4023821249906943,True,27.0,6.60979334305103e-13,2.0541152713538785e-09,1.1469546235329269,131.31057232390026,3,vox,1.0,0.318359375,1.1752995272056355,6.771877458270654,,,,
80,left,LAD,prox,10.0,70,leaky,"[0.65, 0.7)",0.688224672817487,1,3,80_left_LAD_prox_10mm_70ds_leaky_T5_vox_narrow_C_flowmatched,T5_vox_narrow,C_flowmatched,ok,True,3,2,12.816770030116283,12.0126140108371,12.0126140108371,0.9372575136021312,0.5001918320877752,-0.18803284072971183,0.0,,0.18242287987350062,1.2621762266792647,1.4023821249906943,True,27.0,6.571641867958819e-13,2.0541152713538785e-09,1.1469546235329269,131.31057232390026,3,vox,1.0,0.318359375,1.1752995272056355,6.771877458270654,1.0,0.035600485943691,0.03327810710134164,False
80,left,LAD,prox,10.0,70,leaky,"[0.65, 0.7)",0.688224672817487,1,3,80_left_LAD_prox_10mm_70ds_leaky_T5_vox_wide_A_fixed,T5_vox_wide,A_fixed,ok,True,3,2,12.816770030116283,12.816770030116283,12.816770030116283,1.0,0.8017974405749096,0.11357276775742264,1.0,to_negative,0.12638448726640342,1.5329363460226697,1.4023821249906943,True,27.0,2.3939482245957436e-13,2.0541152713538785e-09,1.1469546235329269,131.31057232390026,3,vox,-1.0,0.318359375,1.1752995272056355,-6.771877458270654,,,,
80,left,LAD,prox,10.0,70,leaky,"[0.65, 0.7)",0.688224672817487,1,3,80_left_LAD_prox_10mm_70ds_leaky_T5_vox_wide_B_rederived,T5_vox_wide,B_rederived,ok,True,3,2,12.816770030116283,12.816770030116283,12.816770030116283,1.0,0.8017974405749096,0.11357276775742264,1.0,to_negative,0.12638448726640342,1.5329363460226697,1.4023821249906943,True,27.0,2.3939482245957436e-13,2.0541152713538785e-09,1.1469546235329269,131.31057232390026,3,vox,-1.0,0.318359375,1.1752995272056355,-6.771877458270654,,,,
80,left,LAD,prox,10.0,70,leaky,"[0.65, 0.7)",0.688224672817487,1,3,80_left_LAD_prox_10mm_70ds_leaky_T5_vox_wide_C_flowmatched,T5_vox_wide,C_flowmatched,ok,True,3,2,12.816770030116283,14.161519704126643,14.161519704126643,1.1049211049937329,0.8224747131646916,0.13425004034720456,1.0,to_negative,0.09415016629028383,1.4131505279986016,1.4023821249906943,True,27.0,2.0807938136341364e-12,2.0541152713538785e-09,1.1469546235329269,131.31057232390026,3,vox,-1.0,0.318359375,1.1752995272056355,-6.771877458270654,1.0,0.01597303862159169,0.008864253812488098,False
80,left,LAD,prox,10.0,70,discrete,"[0.65, 0.7)",0.6624404164930308,1,3,80_left_LAD_prox_10mm_70ds_discrete_clean_none,clean,,ok,True,3,2,54.198715503814505,54.198715503814505,54.198715503814505,1.0,0.6624404164930308,0.0,0.0,,0.0,1.3400726651066035,1.3400726651066035,True,27.0,2.51646795659989e-12,9.351620629745717e-09,1.1469546235329269,131.31057232390026,3,,,,,,,,,
80,left,LAD,prox,10.0,70,discrete,"[0.65, 0.7)",0.6624404164930308,1,3,80_left_LAD_prox_10mm_70ds_discrete_T5_vox_narrow_A_fixed,T5_vox_narrow,A_fixed,ok,True,3,2,54.198715503814505,54.198715503814505,54.198715503814505,1.0,0.49417866506872626,-0.1682617514243045,0.0,,0.19548030375560072,1.1300851581950266,1.3400726651066035,True,27.0,3.389375534850558e-12,9.351620629745717e-09,1.1469546235329269,131.31057232390026,3,vox,1.0,0.318359375,1.1752995272056355,6.771877458270654,,,,
80,left,LAD,prox,10.0,70,discrete,"[0.65, 0.7)",0.6624404164930308,1,3,80_left_LAD_prox_10mm_70ds_discrete_T5_vox_narrow_B_rederived,T5_vox_narrow,B_rederived,ok,True,3,2,54.198715503814505,54.198715503814505,54.198715503814505,1.0,0.49417866506872626,-0.1682617514243045,0.0,,0.19548030375560072,1.1300851581950266,1.3400726651066035,True,27.0,3.389375534850558e-12,9.351620629745717e-09,1.1469546235329269,131.31057232390026,3,vox,1.0,0.318359375,1.1752995272056355,6.771877458270654,,,,
80,left,LAD,prox,10.0,70,discrete,"[0.65, 0.7)",0.6624404164930308,1,3,80_left_LAD_prox_10mm_70ds_discrete_T5_vox_narrow_C_flowmatched,T5_vox_narrow,C_flowmatched,ok,True,3,2,54.198715503814505,50.43882870790151,50.43882870790151,0.9306277508431288,0.4750852137051421,-0.18735520278788864,0.0,,0.18949301057856538,1.178919146828719,1.3400726651066035,True,27.0,6.009568466276768e-12,9.351620629745717e-09,1.1469546235329269,131.31057232390026,3,vox,1.0,0.318359375,1.1752995272056355,6.771877458270654,1.0,0.03821254915638193,0.03590760105812829,False
80,left,LAD,prox,10.0,70,discrete,"[0.65, 0.7)",0.6624404164930308,1,3,80_left_LAD_prox_10mm_70ds_discrete_T5_vox_wide_A_fixed,T5_vox_wide,A_fixed,ok,True,3,2,54.198715503814505,54.198715503814505,54.198715503814505,1.0,0.7794255936031972,0.11698517711016643,0.0,,0.13568207083455774,1.4858241256864448,1.3400726651066035,True,27.0,2.6750824921183103e-12,9.351620629745717e-09,1.1469546235329269,131.31057232390026,3,vox,-1.0,0.318359375,1.1752995272056355,-6.771877458270654,,,,
80,left,LAD,prox,10.0,70,discrete,"[0.65, 0.7)",0.6624404164930308,1,3,80_left_LAD_prox_10mm_70ds_discrete_T5_vox_wide_B_rederived,T5_vox_wide,B_rederived,ok,True,3,2,54.198715503814505,54.198715503814505,54.198715503814505,1.0,0.7794255936031972,0.11698517711016643,0.0,,0.13568207083455774,1.4858241256864448,1.3400726651066035,True,27.0,2.6750824921183103e-12,9.351620629745717e-09,1.1469546235329269,131.31057232390026,3,vox,-1.0,0.318359375,1.1752995272056355,-6.771877458270654,,,,
80,left,LAD,prox,10.0,70,discrete,"[0.65, 0.7)",0.6624404164930308,1,3,80_left_LAD_prox_10mm_70ds_discrete_T5_vox_wide_C_flowmatched,T5_vox_wide,C_flowmatched,ok,True,3,2,54.198715503814505,61.0290148582301,61.0290148582301,1.1260232699414228,0.8040456421310578,0.14160522563802702,1.0,to_negative,0.10048729603684436,1.3623212990476652,1.3400726651066035,True,27.0,4.218621958812483e-13,9.351620629745717e-09,1.1469546235329269,131.31057232390026,3,vox,-1.0,0.318359375,1.1752995272056355,-6.771877458270654,1.0,0.018409624345953942,0.010097696664796398,False
271,left,LAD,prox,10.0,80,leaky,"[0.65, 0.7)",0.6651130777494536,1,7,271_left_LAD_prox_10mm_80ds_leaky_clean_none,clean,,ok,True,7,2,33.90755888201462,33.90755888201462,33.90755888201462,1.0,0.6651130777494536,0.0,0.0,,0.0,1.034916779640663,1.034916779640663,True,27.0,1.0982030932191911e-11,3.716934795187437e-09,1.02388652267293,112.98481524013965,7,,,,,,,,,
271,left,LAD,prox,10.0,80,leaky,"[0.65, 0.7)",0.6651130777494536,1,7,271_left_LAD_prox_10mm_80ds_leaky_T5_vox_narrow_A_fixed,T5_vox_narrow,A_fixed,ok,True,7,2,33.90755888201462,33.90755888201462,33.90755888201462,1.0,0.40324207622372055,-0.26187100152573306,0.0,,0.17872654038184566,0.8913149748351807,1.034916779640663,True,28.0,1.3761440766031409e-11,3.716934795187437e-09,1.02388652267293,112.98481524013965,7,vox,1.0,0.318359375,1.2233728061943967,6.505771858505166,,,,
271,left,LAD,prox,10.0,80,leaky,"[0.65, 0.7)",0.6651130777494536,1,7,271_left_LAD_prox_10mm_80ds_leaky_T5_vox_narrow_B_rederived,T5_vox_narrow,B_rederived,ok,True,7,2,33.90755888201462,33.90755888201462,33.90755888201462,1.0,0.40324207622372055,-0.26187100152573306,0.0,,0.17872654038184566,0.8913149748351807,1.034916779640663,True,28.0,1.3761440766031409e-11,3.716934795187437e-09,1.02388652267293,112.98481524013965,7,vox,1.0,0.318359375,1.2233728061943967,6.505771858505166,,,,
271,left,LAD,prox,10.0,80,leaky,"[0.65, 0.7)",0.6651130777494536,1,7,271_left_LAD_prox_10mm_80ds_leaky_T5_vox_narrow_C_flowmatched,T5_vox_narrow,C_flowmatched,ok,True,7,2,33.90755888201462,30.74783116545997,30.74783116545997,0.9068134710744205,0.37832026537727326,-0.28679281237218035,0.0,,0.16031186447078982,0.9654741548117383,1.034916779640663,True,28.0,7.166853832011302e-12,3.716934795187437e-09,1.02388652267293,112.98481524013965,7,vox,1.0,0.318359375,1.2233728061943967,6.505771858505166,1.0,0.031943176236863505,0.025699893890100883,False
271,left,LAD,prox,10.0,80,leaky,"[0.65, 0.7)",0.6651130777494536,1,7,271_left_LAD_prox_10mm_80ds_leaky_T5_vox_wide_A_fixed,T5_vox_wide,A_fixed,ok,True,7,2,33.90755888201462,33.90755888201462,33.90755888201462,1.0,0.8242089249292681,0.1590958471798145,1.0,to_negative,0.10768933481881646,1.1214421651992004,1.034916779640663,True,27.0,1.4258116200505106e-11,3.716934795187437e-09,1.02388652267293,112.98481524013965,7,vox,-1.0,0.318359375,1.2233728061943967,-6.505771858505166,,,,
271,left,LAD,prox,10.0,80,leaky,"[0.65, 0.7)",0.6651130777494536,1,7,271_left_LAD_prox_10mm_80ds_leaky_T5_vox_wide_B_rederived,T5_vox_wide,B_rederived,ok,True,7,2,33.90755888201462,33.90755888201462,33.90755888201462,1.0,0.8242089249292681,0.1590958471798145,1.0,to_negative,0.10768933481881646,1.1214421651992004,1.034916779640663,True,27.0,1.4258116200505106e-11,3.716934795187437e-09,1.02388652267293,112.98481524013965,7,vox,-1.0,0.318359375,1.2233728061943967,-6.505771858505166,,,,
271,left,LAD,prox,10.0,80,leaky,"[0.65, 0.7)",0.6651130777494536,1,7,271_left_LAD_prox_10mm_80ds_leaky_T5_vox_wide_C_flowmatched,T5_vox_wide,C_flowmatched,ok,True,7,2,33.90755888201462,36.81493124703658,36.81493124703658,1.0857440777479297,0.8402069306807246,0.175093852931271,1.0,to_negative,0.0766628143083377,1.0426677502133246,1.034916779640663,True,27.0,7.568859752259234e-12,3.716934795187437e-09,1.02388652267293,112.98481524013965,7,vox,-1.0,0.318359375,1.2233728061943967,-6.505771858505166,1.0,0.011596992833719153,0.005877187097674668,False
271,left,LAD,prox,10.0,80,discrete,"[0.65, 0.7)",0.6377326058038232,1,6,271_left_LAD_prox_10mm_80ds_discrete_clean_none,clean,,ok,True,6,2,159.66806038312183,159.66806038312183,159.66806038312183,1.0,0.6377326058038232,0.0,0.0,,0.0,0.9830093697698472,0.9830093697698472,True,27.0,7.875263308266524e-12,1.8117143728464652e-08,1.02388652267293,112.98481524013965,6,,,,,,,,,
271,left,LAD,prox,10.0,80,discrete,"[0.65, 0.7)",0.6377326058038232,1,6,271_left_LAD_prox_10mm_80ds_discrete_T5_vox_narrow_A_fixed,T5_vox_narrow,A_fixed,ok,True,6,2,159.66806038312183,159.66806038312183,159.66806038312183,1.0,0.37933074334185435,-0.25840186246196883,0.0,,0.2023479562201862,0.8265016476132178,0.9830093697698472,True,28.0,1.0924422965701085e-11,1.8117143728464652e-08,1.02388652267293,112.98481524013965,6,vox,1.0,0.318359375,1.2233728061943967,6.505771858505166,,,,
271,left,LAD,prox,10.0,80,discrete,"[0.65, 0.7)",0.6377326058038232,1,6,271_left_LAD_prox_10mm_80ds_discrete_T5_vox_narrow_B_rederived,T5_vox_narrow,B_rederived,ok,True,6,2,159.66806038312183,159.66806038312183,159.66806038312183,1.0,0.37933074334185435,-0.25840186246196883,0.0,,0.2023479562201862,0.8265016476132178,0.9830093697698472,True,28.0,1.0924422965701085e-11,1.8117143728464652e-08,1.02388652267293,112.98481524013965,6,vox,1.0,0.318359375,1.2233728061943967,6.505771858505166,,,,
271,left,LAD,prox,10.0,80,discrete,"[0.65, 0.7)",0.6377326058038232,1,6,271_left_LAD_prox_10mm_80ds_discrete_T5_vox_narrow_C_flowmatched,T5_vox_narrow,C_flowmatched,ok,True,6,2,159.66806038312183,142.10119811164424,142.10119811164424,0.889978858455936,0.35185425780163626,-0.2858783480021869,0.0,,0.18363696405644592,0.9011760411148425,0.9830093697698472,True,28.0,7.226336209151375e-12,1.8117143728464652e-08,1.02388652267293,112.98481524013965,6,vox,1.0,0.318359375,1.2233728061943967,6.505771858505166,1.0,0.04094469538648639,0.03372253456786841,False
271,left,LAD,prox,10.0,80,discrete,"[0.65, 0.7)",0.6377326058038232,1,6,271_left_LAD_prox_10mm_80ds_discrete_T5_vox_wide_A_fixed,T5_vox_wide,A_fixed,ok,True,6,2,159.66806038312183,159.66806038312183,159.66806038312183,1.0,0.8047468316934615,0.16701422588963832,1.0,to_negative,0.1298120001469102,1.0834135478686469,0.9830093697698472,True,27.0,1.5598846254843728e-11,1.8117143728464652e-08,1.02388652267293,112.98481524013965,6,vox,-1.0,0.318359375,1.2233728061943967,-6.505771858505166,,,,
271,left,LAD,prox,10.0,80,discrete,"[0.65, 0.7)",0.6377326058038232,1,6,271_left_LAD_prox_10mm_80ds_discrete_T5_vox_wide_B_rederived,T5_vox_wide,B_rederived,ok,True,6,2,159.66806038312183,159.66806038312183,159.66806038312183,1.0,0.8047468316934615,0.16701422588963832,1.0,to_negative,0.1298120001469102,1.0834135478686469,0.9830093697698472,True,27.0,1.5598846254843728e-11,1.8117143728464652e-08,1.02388652267293,112.98481524013965,6,vox,-1.0,0.318359375,1.2233728061943967,-6.505771858505166,,,,
271,left,LAD,prox,10.0,80,discrete,"[0.65, 0.7)",0.6377326058038232,1,6,271_left_LAD_prox_10mm_80ds_discrete_T5_vox_wide_C_flowmatched,T5_vox_wide,C_flowmatched,ok,True,6,2,159.66806038312183,177.98068994604668,177.98068994604668,1.1146918771292387,0.8268275598149689,0.18909495401114573,1.0,to_negative,0.09031311484618006,0.9908895904647018,0.9830093697698472,True,27.0,1.2269669118950843e-11,1.8117143728464652e-08,1.02388652267293,112.98481524013965,6,vox,-1.0,0.318359375,1.2233728061943967,-6.505771858505166,1.0,0.01685115538214141,0.008156458713219308,False
328,left,LAD,mid,10.0,80,leaky,"[0.65, 0.7)",0.6545533725166699,1,5,328_left_LAD_mid_10mm_80ds_leaky_clean_none,clean,,ok,True,5,2,35.62133292488755,35.62133292488755,35.62133292488755,1.0,0.6545533725166699,0.0,0.0,,0.0,1.120054153634309,1.120054153634309,True,28.0,1.3813531929991427e-11,4.22798457835634e-09,1.0474807937180834,279.5697648075753,5,,,,,,,,,
328,left,LAD,mid,10.0,80,leaky,"[0.65, 0.7)",0.6545533725166699,1,5,328_left_LAD_mid_10mm_80ds_leaky_T5_vox_narrow_A_fixed,T5_vox_narrow,A_fixed,ok,True,5,2,35.62133292488755,35.62133292488755,35.62133292488755,1.0,0.36418578835914867,-0.29036758415752123,0.0,,0.23524945824092516,0.9599019497653948,1.120054153634309,True,28.0,1.4867608481823493e-11,4.22798457835634e-09,1.0474807937180834,279.5697648075753,5,vox,1.0,0.353515625,1.2127746545498086,7.28733123820162,,,,
328,left,LAD,mid,10.0,80,leaky,"[0.65, 0.7)",0.6545533725166699,1,5,328_left_LAD_mid_10mm_80ds_leaky_T5_vox_narrow_B_rederived,T5_vox_narrow,B_rederived,ok,True,5,2,35.62133292488755,35.62133292488755,35.62133292488755,1.0,0.36418578835914867,-0.29036758415752123,0.0,,0.23524945824092516,0.9599019497653948,1.120054153634309,True,28.0,1.4867608481823493e-11,4.22798457835634e-09,1.0474807937180834,279.5697648075753,5,vox,1.0,0.353515625,1.2127746545498086,7.28733123820162,,,,
328,left,LAD,mid,10.0,80,leaky,"[0.65, 0.7)",0.6545533725166699,1,5,328_left_LAD_mid_10mm_80ds_leaky_T5_vox_narrow_C_flowmatched,T5_vox_narrow,C_flowmatched,ok,True,5,2,35.62133292488755,31.973603996715262,31.973603996715262,0.8975970681427329,0.3395836882333534,-0.3149696842833165,0.0,,0.2193427276679518,1.0510856233449037,1.120054153634309,True,28.0,1.6862721768462642e-12,4.22798457835634e-09,1.0474807937180834,279.5697648075753,5,vox,1.0,0.353515625,1.2127746545498086,7.28733123820162,1.0,0.05534230760264879,0.04811123218081727,False
328,left,LAD,mid,10.0,80,leaky,"[0.65, 0.7)",0.6545533725166699,1,5,328_left_LAD_mid_10mm_80ds_leaky_T5_vox_wide_A_fixed,T5_vox_wide,A_fixed,ok,True,5,2,35.62133292488755,35.62133292488755,35.62133292488755,1.0,0.8265386162949346,0.17198524377826474,1.0,to_negative,0.13932536791910324,1.2149035311341296,1.120054153634309,True,28.0,7.402540273364005e-12,4.22798457835634e-09,1.0474807937180834,279.5697648075753,5,vox,-1.0,0.353515625,1.2127746545498086,-7.28733123820162,,,,
328,left,LAD,mid,10.0,80,leaky,"[0.65, 0.7)",0.6545533725166699,1,5,328_left_LAD_mid_10mm_80ds_leaky_T5_vox_wide_B_rederived,T5_vox_wide,B_rederived,ok,True,5,2,35.62133292488755,35.62133292488755,35.62133292488755,1.0,0.8265386162949346,0.17198524377826474,1.0,to_negative,0.13932536791910324,1.2149035311341296,1.120054153634309,True,28.0,7.402540273364005e-12,4.22798457835634e-09,1.0474807937180834,279.5697648075753,5,vox,-1.0,0.353515625,1.2127746545498086,-7.28733123820162,,,,
328,left,LAD,mid,10.0,80,leaky,"[0.65, 0.7)",0.6545533725166699,1,5,328_left_LAD_mid_10mm_80ds_leaky_T5_vox_wide_C_flowmatched,T5_vox_wide,C_flowmatched,ok,True,5,2,35.62133292488755,39.6782479793071,39.6782479793071,1.1138900406386845,0.8466668242526333,0.1921134517359634,1.0,to_negative,0.09857377713050365,1.1035560158973996,1.120054153634309,True,28.0,5.160421565004577e-12,4.22798457835634e-09,1.0474807937180834,279.5697648075753,5,vox,-1.0,0.353515625,1.2127746545498086,-7.28733123820162,1.0,0.01941155814579348,0.009716789537774204,False
328,left,LAD,mid,10.0,80,discrete,"[0.65, 0.7)",0.6483321819897733,1,5,328_left_LAD_mid_10mm_80ds_discrete_clean_none,clean,,ok,True,5,2,153.0100420437035,153.0100420437035,153.0100420437035,1.0,0.6483321819897733,0.0,0.0,,0.0,1.1027292329418448,1.1027292329418448,True,28.0,4.3372129746773826e-12,1.890207171775754e-08,1.0474807937180834,279.5697648075753,5,,,,,,,,,
328,left,LAD,mid,10.0,80,discrete,"[0.65, 0.7)",0.6483321819897733,1,5,328_left_LAD_mid_10mm_80ds_discrete_T5_vox_narrow_A_fixed,T5_vox_narrow,A_fixed,ok,True,5,2,153.0100420437035,153.0100420437035,153.0100420437035,1.0,0.360379547470793,-0.2879526345189803,0.0,,0.21321010695090617,0.9421253452132693,1.1027292329418448,True,28.0,1.8163382615538604e-12,1.890207171775754e-08,1.0474807937180834,279.5697648075753,5,vox,1.0,0.353515625,1.2127746545498086,7.28733123820162,,,,
328,left,LAD,mid,10.0,80,discrete,"[0.65, 0.7)",0.6483321819897733,1,5,328_left_LAD_mid_10mm_80ds_discrete_T5_vox_narrow_B_rederived,T5_vox_narrow,B_rederived,ok,True,5,2,153.0100420437035,153.0100420437035,153.0100420437035,1.0,0.360379547470793,-0.2879526345189803,0.0,,0.21321010695090617,0.9421253452132693,1.1027292329418448,True,28.0,1.8163382615538604e-12,1.890207171775754e-08,1.0474807937180834,279.5697648075753,5,vox,1.0,0.353515625,1.2127746545498086,7.28733123820162,,,,
328,left,LAD,mid,10.0,80,discrete,"[0.65, 0.7)",0.6483321819897733,1,5,328_left_LAD_mid_10mm_80ds_discrete_T5_vox_narrow_C_flowmatched,T5_vox_narrow,C_flowmatched,ok,True,5,2,153.0100420437035,136.39892792851367,136.39892792851367,0.8914377521022753,0.33630755251381517,-0.3120246294759581,0.0,,0.194025743714053,1.0339307056579776,1.1027292329418448,True,28.0,3.0403884982765984e-12,1.890207171775754e-08,1.0474807937180834,279.5697648075753,5,vox,1.0,0.353515625,1.2127746545498086,7.28733123820162,1.0,0.04545854970601684,0.037645989223791386,False
328,left,LAD,mid,10.0,80,discrete,"[0.65, 0.7)",0.6483321819897733,1,5,328_left_LAD_mid_10mm_80ds_discrete_T5_vox_wide_A_fixed,T5_vox_wide,A_fixed,ok,True,5,2,153.0100420437035,153.0100420437035,153.0100420437035,1.0,0.8194326189438973,0.17110043695412402,1.0,to_negative,0.12651286714796664,1.1980270519632745,1.1027292329418448,True,27.0,4.499142278147801e-12,1.890207171775754e-08,1.0474807937180834,279.5697648075753,5,vox,-1.0,0.353515625,1.2127746545498086,-7.28733123820162,,,,
328,left,LAD,mid,10.0,80,discrete,"[0.65, 0.7)",0.6483321819897733,1,5,328_left_LAD_mid_10mm_80ds_discrete_T5_vox_wide_B_rederived,T5_vox_wide,B_rederived,ok,True,5,2,153.0100420437035,153.0100420437035,153.0100420437035,1.0,0.8194326189438973,0.17110043695412402,1.0,to_negative,0.12651286714796664,1.1980270519632745,1.1027292329418448,True,27.0,4.499142278147801e-12,1.890207171775754e-08,1.0474807937180834,279.5697648075753,5,vox,-1.0,0.353515625,1.2127746545498086,-7.28733123820162,,,,
328,left,LAD,mid,10.0,80,discrete,"[0.65, 0.7)",0.6483321819897733,1,5,328_left_LAD_mid_10mm_80ds_discrete_T5_vox_wide_C_flowmatched,T5_vox_wide,C_flowmatched,ok,True,5,2,153.0100420437035,169.26614844645772,169.26614844645772,1.1062420883337256,0.8374705217851122,0.1891383397953389,1.0,to_negative,0.09029540002908998,1.0994566604619014,1.1027292329418448,True,28.0,9.081984090680154e-12,1.890207171775754e-08,1.0474807937180834,279.5697648075753,5,vox,-1.0,0.353515625,1.2127746545498086,-7.28733123820162,1.0,0.016005505553999055,0.008153259266413382,False
454,left,LAD,mid,10.0,75,leaky,"[0.65, 0.7)",0.6944816669880712,1,4,454_left_LAD_mid_10mm_75ds_leaky_clean_none,clean,,ok,True,4,2,24.788132400713966,24.788132400713966,24.788132400713966,1.0,0.6944816669880712,0.0,0.0,,0.0,2.4199664920316315,2.4199664920316315,True,28.0,6.255879953761867e-12,5.973891495865187e-09,1.3286419155652993,235.24604023102498,4,,,,,,,,,
454,left,LAD,mid,10.0,75,leaky,"[0.65, 0.7)",0.6944816669880712,1,4,454_left_LAD_mid_10mm_75ds_leaky_T5_vox_narrow_A_fixed,T5_vox_narrow,A_fixed,ok,True,4,2,24.788132400713966,24.788132400713966,24.788132400713966,1.0,0.43164423264067114,-0.2628374343474001,0.0,,0.10781499675185044,2.2571424928992427,2.4199664920316315,True,28.0,3.3751587910693987e-12,5.973891495865187e-09,1.3286419155652993,235.24604023102498,4,vox,1.0,0.361328125,1.098594041938712,8.222512393257583,,,,
454,left,LAD,mid,10.0,75,leaky,"[0.65, 0.7)",0.6944816669880712,1,4,454_left_LAD_mid_10mm_75ds_leaky_T5_vox_narrow_B_rederived,T5_vox_narrow,B_rederived,ok,True,4,2,24.788132400713966,24.788132400713966,24.788132400713966,1.0,0.43164423264067114,-0.2628374343474001,0.0,,0.10781499675185044,2.2571424928992427,2.4199664920316315,True,28.0,3.3751587910693987e-12,5.973891495865187e-09,1.3286419155652993,235.24604023102498,4,vox,1.0,0.361328125,1.098594041938712,8.222512393257583,,,,
454,left,LAD,mid,10.0,75,leaky,"[0.65, 0.7)",0.6944816669880712,1,4,454_left_LAD_mid_10mm_75ds_leaky_T5_vox_narrow_C_flowmatched,T5_vox_narrow,C_flowmatched,ok,True,4,2,24.788132400713966,22.993417321519228,22.993417321519228,0.9275978097025557,0.4122590599797472,-0.282222607008324,0.0,,0.08747707658266304,2.4104329639556363,2.4199664920316315,True,28.0,8.143936115475948e-12,5.973891495865187e-09,1.3286419155652993,235.24604023102498,4,vox,1.0,0.361328125,1.098594041938712,8.222512393257583,1.0,0.01162407352460152,0.007652238927449095,False
454,left,LAD,mid,10.0,75,leaky,"[0.65, 0.7)",0.6944816669880712,1,4,454_left_LAD_mid_10mm_75ds_leaky_T5_vox_wide_A_fixed,T5_vox_wide,A_fixed,ok,True,4,2,24.788132400713966,24.788132400713966,24.788132400713966,1.0,0.8421328741865393,0.14765120719846803,1.0,to_negative,0.06058251234679006,2.5114592052560707,2.4199664920316315,True,28.0,8.229320973938591e-14,5.973891495865187e-09,1.3286419155652993,235.24604023102498,4,vox,-1.0,0.361328125,1.098594041938712,-8.222512393257583,,,,
454,left,LAD,mid,10.0,75,leaky,"[0.65, 0.7)",0.6944816669880712,1,4,454_left_LAD_mid_10mm_75ds_leaky_T5_vox_wide_B_rederived,T5_vox_wide,B_rederived,ok,True,4,2,24.788132400713966,24.788132400713966,24.788132400713966,1.0,0.8421328741865393,0.14765120719846803,1.0,to_negative,0.06058251234679006,2.5114592052560707,2.4199664920316315,True,28.0,8.229320973938591e-14,5.973891495865187e-09,1.3286419155652993,235.24604023102498,4,vox,-1.0,0.361328125,1.098594041938712,-8.222512393257583,,,,
454,left,LAD,mid,10.0,75,leaky,"[0.65, 0.7)",0.6944816669880712,1,4,454_left_LAD_mid_10mm_75ds_leaky_T5_vox_wide_C_flowmatched,T5_vox_wide,C_flowmatched,ok,True,4,2,24.788132400713966,25.97954435032722,25.97954435032722,1.048063804499404,0.8502745066240696,0.15579283963599833,1.0,to_negative,0.04231496458130291,2.4066267702469966,2.4199664920316315,True,28.0,9.086690710040393e-12,5.973891495865187e-09,1.3286419155652993,235.24604023102498,4,vox,-1.0,0.361328125,1.098594041938712,-8.222512393257583,1.0,0.00367024080224897,0.0017905562275169198,False
454,left,LAD,mid,10.0,75,discrete,"[0.65, 0.7)",0.6555474376194944,1,4,454_left_LAD_mid_10mm_75ds_discrete_clean_none,clean,,ok,True,4,2,43.30333545941178,43.30333545941178,43.30333545941178,1.0,0.6555474376194944,0.0,0.0,,0.0,2.282804212073097,2.282804212073097,True,27.0,5.542920245038165e-12,1.1399104644314572e-08,1.3286419155652993,235.24604023102498,4,,,,,,,,,
454,left,LAD,mid,10.0,75,discrete,"[0.65, 0.7)",0.6555474376194944,1,4,454_left_LAD_mid_10mm_75ds_discrete_T5_vox_narrow_A_fixed,T5_vox_narrow,A_fixed,ok,True,4,2,43.30333545941178,43.30333545941178,43.30333545941178,1.0,0.39529088307142646,-0.26025655454806795,0.0,,0.12677898607966215,2.096900437584925,2.282804212073097,True,28.0,2.5557615236373905e-12,1.1399104644314572e-08,1.3286419155652993,235.24604023102498,4,vox,1.0,0.361328125,1.098594041938712,8.222512393257583,,,,
454,left,LAD,mid,10.0,75,discrete,"[0.65, 0.7)",0.6555474376194944,1,4,454_left_LAD_mid_10mm_75ds_discrete_T5_vox_narrow_B_rederived,T5_vox_narrow,B_rederived,ok,True,4,2,43.30333545941178,43.30333545941178,43.30333545941178,1.0,0.39529088307142646,-0.26025655454806795,0.0,,0.12677898607966215,2.096900437584925,2.282804212073097,True,28.0,2.5557615236373905e-12,1.1399104644314572e-08,1.3286419155652993,235.24604023102498,4,vox,1.0,0.361328125,1.098594041938712,8.222512393257583,,,,
454,left,LAD,mid,10.0,75,discrete,"[0.65, 0.7)",0.6555474376194944,1,4,454_left_LAD_mid_10mm_75ds_discrete_T5_vox_narrow_C_flowmatched,T5_vox_narrow,C_flowmatched,ok,True,4,2,43.30333545941178,39.49571526895106,39.49571526895106,0.9120709721303201,0.37671852271825357,-0.27882891490124084,0.0,,0.10693310914963738,2.251296114733513,2.282804212073097,True,27.0,3.685105725358691e-12,1.1399104644314572e-08,1.3286419155652993,235.24604023102498,4,vox,1.0,0.361328125,1.098594041938712,8.222512393257583,1.0,0.01607291131138717,0.011434689832408262,False
454,left,LAD,mid,10.0,75,discrete,"[0.65, 0.7)",0.6555474376194944,1,4,454_left_LAD_mid_10mm_75ds_discrete_T5_vox_wide_A_fixed,T5_vox_wide,A_fixed,ok,True,4,2,43.30333545941178,43.30333545941178,43.30333545941178,1.0,0.8162204844733668,0.1606730468538724,1.0,to_negative,0.07778249282403363,2.3968614281846685,2.282804212073097,True,27.0,2.3265597846731438e-12,1.1399104644314572e-08,1.3286419155652993,235.24604023102498,4,vox,-1.0,0.361328125,1.098594041938712,-8.222512393257583,,,,
454,left,LAD,mid,10.0,75,discrete,"[0.65, 0.7)",0.6555474376194944,1,4,454_left_LAD_mid_10mm_75ds_discrete_T5_vox_wide_B_rederived,T5_vox_wide,B_rederived,ok,True,4,2,43.30333545941178,43.30333545941178,43.30333545941178,1.0,0.8162204844733668,0.1606730468538724,1.0,to_negative,0.07778249282403363,2.3968614281846685,2.282804212073097,True,27.0,2.3265597846731438e-12,1.1399104644314572e-08,1.3286419155652993,235.24604023102498,4,vox,-1.0,0.361328125,1.098594041938712,-8.222512393257583,,,,
454,left,LAD,mid,10.0,75,discrete,"[0.65, 0.7)",0.6555474376194944,1,4,454_left_LAD_mid_10mm_75ds_discrete_T5_vox_wide_C_flowmatched,T5_vox_wide,C_flowmatched,ok,True,4,2,43.30333545941178,46.26317394388843,46.26317394388843,1.0683512817910046,0.8269927913042366,0.17144535368474223,1.0,to_negative,0.05633998407996829,2.273769880787108,2.282804212073097,True,27.0,3.166450621278005e-13,1.1399104644314572e-08,1.3286419155652993,235.24604023102498,4,vox,-1.0,0.361328125,1.098594041938712,-8.222512393257583,1.0,0.006050116189920843,0.0031741938061310804,False
790,left,LAD,prox,20.0,75,leaky,"[0.65, 0.7)",0.6605994016123056,1,5,790_left_LAD_prox_20mm_75ds_leaky_clean_none,clean,,ok,True,5,2,34.06154725436453,34.06154725436453,34.06154725436453,1.0,0.6605994016123056,0.0,0.0,,0.0,1.0634690160893183,1.0634690160893183,True,27.0,4.6389049125165294e-12,4.027111212118919e-09,1.0489838069686013,177.8803934065712,5,,,,,,,,,
790,left,LAD,prox,20.0,75,leaky,"[0.65, 0.7)",0.6605994016123056,1,5,790_left_LAD_prox_20mm_75ds_leaky_T5_vox_narrow_A_fixed,T5_vox_narrow,A_fixed,ok,True,5,2,34.06154725436453,34.06154725436453,34.06154725436453,1.0,0.44314494883920214,-0.21745445277310343,0.0,,0.24051533606728517,0.9046886547520682,1.0634690160893183,True,27.0,2.3997773283960984e-12,4.027111212118919e-09,1.0489838069686013,177.8803934065712,5,vox,1.0,0.318359375,1.1899920693155548,6.688266737422673,,,,
790,left,LAD,prox,20.0,75,leaky,"[0.65, 0.7)",0.6605994016123056,1,5,790_left_LAD_prox_20mm_75ds_leaky_T5_vox_narrow_B_rederived,T5_vox_narrow,B_rederived,ok,True,5,2,34.06154725436453,34.06154725436453,34.06154725436453,1.0,0.44314494883920214,-0.21745445277310343,0.0,,0.24051533606728517,0.9046886547520682,1.0634690160893183,True,27.0,2.3997773283960984e-12,4.027111212118919e-09,1.0489838069686013,177.8803934065712,5,vox,1.0,0.318359375,1.1899920693155548,6.688266737422673,,,,
790,left,LAD,prox,20.0,75,leaky,"[0.65, 0.7)",0.6605994016123056,1,5,790_left_LAD_prox_20mm_75ds_leaky_T5_vox_narrow_C_flowmatched,T5_vox_narrow,C_flowmatched,ok,True,5,2,34.06154725436453,31.63260272318605,31.63260272318605,0.9286895421091818,0.4240721869180344,-0.23652721469427118,0.0,,0.2338638313261637,0.9572809451437752,1.0634690160893183,True,28.0,1.4309947783837647e-12,4.027111212118919e-09,1.0489838069686013,177.8803934065712,5,vox,1.0,0.318359375,1.1899920693155548,6.688266737422673,1.0,0.057847626883559135,0.054692291602552345,False
790,left,LAD,prox,20.0,75,leaky,"[0.65, 0.7)",0.6605994016123056,1,5,790_left_LAD_prox_20mm_75ds_leaky_T5_vox_wide_A_fixed,T5_vox_wide,A_fixed,ok,True,5,2,34.06154725436453,34.06154725436453,34.06154725436453,1.0,0.8028752661427431,0.1422758645304375,1.0,to_negative,0.15735013746402474,1.1673464319409883,1.0634690160893183,True,27.0,1.5544283013213119e-12,4.027111212118919e-09,1.0489838069686013,177.8803934065712,5,vox,-1.0,0.318359375,1.1899920693155548,-6.688266737422673,,,,
790,left,LAD,prox,20.0,75,leaky,"[0.65, 0.7)",0.6605994016123056,1,5,790_left_LAD_prox_20mm_75ds_leaky_T5_vox_wide_B_rederived,T5_vox_wide,B_rederived,ok,True,5,2,34.06154725436453,34.06154725436453,34.06154725436453,1.0,0.8028752661427431,0.1422758645304375,1.0,to_negative,0.15735013746402474,1.1673464319409883,1.0634690160893183,True,27.0,1.5544283013213119e-12,4.027111212118919e-09,1.0489838069686013,177.8803934065712,5,vox,-1.0,0.318359375,1.1899920693155548,-6.688266737422673,,,,
790,left,LAD,prox,20.0,75,leaky,"[0.65, 0.7)",0.6605994016123056,1,5,790_left_LAD_prox_20mm_75ds_leaky_T5_vox_wide_C_flowmatched,T5_vox_wide,C_flowmatched,ok,True,5,2,34.06154725436453,38.546605546228726,38.546605546228726,1.1316751191121976,0.826703000802298,0.1661035991899924,1.0,to_negative,0.1139414456088652,1.0496292823773332,1.0634690160893183,True,27.0,1.2211669671881192e-12,4.027111212118919e-09,1.0489838069686013,177.8803934065712,5,vox,-1.0,0.318359375,1.1899920693155548,-6.688266737422673,1.0,0.024759065759947477,0.012982653027437986,False
790,left,LAD,prox,20.0,75,discrete,"[0.65, 0.7)",0.7009561345616275,1,5,790_left_LAD_prox_20mm_75ds_discrete_clean_none,clean,,ok,True,5,2,139.70436698905075,139.70436698905075,139.70436698905075,1.0,0.7009561345616275,0.0,0.0,,0.0,1.1026754823471219,1.1026754823471219,True,27.0,1.937879640832629e-12,1.7606834916183443e-08,1.0489838069686013,177.8803934065712,5,,,,,,,,,
790,left,LAD,prox,20.0,75,discrete,"[0.65, 0.7)",0.7009561345616275,1,5,790_left_LAD_prox_20mm_75ds_discrete_T5_vox_narrow_A_fixed,T5_vox_narrow,A_fixed,ok,True,5,2,139.70436698905075,139.70436698905075,139.70436698905075,1.0,0.48621590739824677,-0.21474022716338076,0.0,,0.23497574515673228,0.9686067428394378,1.1026754823471219,True,27.0,6.14064004776978e-12,1.7606834916183443e-08,1.0489838069686013,177.8803934065712,5,vox,1.0,0.318359375,1.1899920693155548,6.688266737422673,,,,
790,left,LAD,prox,20.0,75,discrete,"[0.65, 0.7)",0.7009561345616275,1,5,790_left_LAD_prox_20mm_75ds_discrete_T5_vox_narrow_B_rederived,T5_vox_narrow,B_rederived,ok,True,5,2,139.70436698905075,139.70436698905075,139.70436698905075,1.0,0.48621590739824677,-0.21474022716338076,0.0,,0.23497574515673228,0.9686067428394378,1.1026754823471219,True,27.0,6.14064004776978e-12,1.7606834916183443e-08,1.0489838069686013,177.8803934065712,5,vox,1.0,0.318359375,1.1899920693155548,6.688266737422673,,,,
790,left,LAD,prox,20.0,75,discrete,"[0.65, 0.7)",0.7009561345616275,1,5,790_left_LAD_prox_20mm_75ds_discrete_T5_vox_narrow_C_flowmatched,T5_vox_narrow,C_flowmatched,ok,True,5,2,139.70436698905075,128.68713145081873,128.68713145081873,0.9211389323349105,0.4657104120060694,-0.23524572255555815,0.0,,0.22798646304756165,1.0282092994075536,1.1026754823471219,True,27.0,2.906346246464631e-12,1.7606834916183443e-08,1.0489838069686013,177.8803934065712,5,vox,1.0,0.318359375,1.1899920693155548,6.688266737422673,1.0,0.05521360081196159,0.051977827332937196,False
790,left,LAD,prox,20.0,75,discrete,"[0.65, 0.7)",0.7009561345616275,1,5,790_left_LAD_prox_20mm_75ds_discrete_T5_vox_wide_A_fixed,T5_vox_wide,A_fixed,ok,True,5,2,139.70436698905075,139.70436698905075,139.70436698905075,1.0,0.8302735392244198,0.1293174046627923,1.0,to_negative,0.14136196796113662,1.1833315544954763,1.1026754823471219,True,27.0,3.2572641301060047e-12,1.7606834916183443e-08,1.0489838069686013,177.8803934065712,5,vox,-1.0,0.318359375,1.1899920693155548,-6.688266737422673,,,,
790,left,LAD,prox,20.0,75,discrete,"[0.65, 0.7)",0.7009561345616275,1,5,790_left_LAD_prox_20mm_75ds_discrete_T5_vox_wide_B_rederived,T5_vox_wide,B_rederived,ok,True,5,2,139.70436698905075,139.70436698905075,139.70436698905075,1.0,0.8302735392244198,0.1293174046627923,1.0,to_negative,0.14136196796113662,1.1833315544954763,1.1026754823471219,True,27.0,3.2572641301060047e-12,1.7606834916183443e-08,1.0489838069686013,177.8803934065712,5,vox,-1.0,0.318359375,1.1899920693155548,-6.688266737422673,,,,
790,left,LAD,prox,20.0,75,discrete,"[0.65, 0.7)",0.7009561345616275,1,5,790_left_LAD_prox_20mm_75ds_discrete_T5_vox_wide_C_flowmatched,T5_vox_wide,C_flowmatched,ok,True,5,2,139.70436698905075,157.57656546826684,157.57656546826684,1.127928703049181,0.8495712560627124,0.1486151215010849,1.0,to_negative,0.100078972577758,1.071964542320157,1.1026754823471219,True,27.0,6.3146340487454926e-12,1.7606834916183443e-08,1.0489838069686013,177.8803934065712,5,vox,-1.0,0.318359375,1.1899920693155548,-6.688266737422673,1.0,0.019983205985845416,0.010015800752219637,False
806,left,LAD,prox,10.0,65,leaky,"[0.65, 0.7)",0.6513576318569986,1,5,806_left_LAD_prox_10mm_65ds_leaky_clean_none,clean,,ok,True,5,2,13.237702256623395,13.237702256623395,13.237702256623395,1.0,0.6513576318569986,0.0,0.0,,0.0,7.198508949136116,7.198508949136116,True,27.0,2.468671131613703e-12,1.0178744849989467e-08,1.9553309511565757,290.6595818048363,5,,,,,,,,,
806,left,LAD,prox,10.0,65,leaky,"[0.65, 0.7)",0.6513576318569986,1,5,806_left_LAD_prox_10mm_65ds_leaky_T5_vox_narrow_A_fixed,T5_vox_narrow,A_fixed,ok,True,5,2,13.237702256623395,13.237702256623395,13.237702256623395,1.0,0.5253552450293567,-0.12600238682764187,0.0,,0.07558892521626145,6.815711921757069,7.198508949136116,True,27.0,2.1411601334937545e-12,1.0178744849989467e-08,1.9553309511565757,290.6595818048363,5,vox,1.0,0.33984375000000006,1.4497888794449987,5.860228251476474,,,,
806,left,LAD,prox,10.0,65,leaky,"[0.65, 0.7)",0.6513576318569986,1,5,806_left_LAD_prox_10mm_65ds_leaky_T5_vox_narrow_B_rederived,T5_vox_narrow,B_rederived,ok,True,5,2,13.237702256623395,13.237702256623395,13.237702256623395,1.0,0.5253552450293567,-0.12600238682764187,0.0,,0.07558892521626145,6.815711921757069,7.198508949136116,True,27.0,2.1411601334937545e-12,1.0178744849989467e-08,1.9553309511565757,290.6595818048363,5,vox,1.0,0.33984375000000006,1.4497888794449987,5.860228251476474,,,,
806,left,LAD,prox,10.0,65,leaky,"[0.65, 0.7)",0.6513576318569986,1,5,806_left_LAD_prox_10mm_65ds_leaky_T5_vox_narrow_C_flowmatched,T5_vox_narrow,C_flowmatched,ok,True,5,2,13.237702256623395,12.480613790057902,12.480613790057902,0.9428081662596174,0.5077986059376437,-0.14355902591935488,0.0,,0.06083692201481536,7.145270960253027,7.198508949136116,True,27.0,3.693848250579059e-12,1.0178744849989467e-08,1.9553309511565757,290.6595818048363,5,vox,1.0,0.33984375000000006,1.4497888794449987,5.860228251476474,1.0,0.005713685615349566,0.0037011310802367255,False
806,left,LAD,prox,10.0,65,leaky,"[0.65, 0.7)",0.6513576318569986,1,5,806_left_LAD_prox_10mm_65ds_leaky_T5_vox_wide_A_fixed,T5_vox_wide,A_fixed,ok,True,5,2,13.237702256623395,13.237702256623395,13.237702256623395,1.0,0.7520353537798773,0.10067772192287872,0.0,,0.060405168349587826,7.504412476362671,7.198508949136116,True,27.0,2.3395967353858754e-12,1.0178744849989467e-08,1.9553309511565757,290.6595818048363,5,vox,-1.0,0.33984375000000006,1.4497888794449987,-5.860228251476474,,,,
806,left,LAD,prox,10.0,65,leaky,"[0.65, 0.7)",0.6513576318569986,1,5,806_left_LAD_prox_10mm_65ds_leaky_T5_vox_wide_B_rederived,T5_vox_wide,B_rederived,ok,True,5,2,13.237702256623395,13.237702256623395,13.237702256623395,1.0,0.7520353537798773,0.10067772192287872,0.0,,0.060405168349587826,7.504412476362671,7.198508949136116,True,27.0,2.3395967353858754e-12,1.0178744849989467e-08,1.9553309511565757,290.6595818048363,5,vox,-1.0,0.33984375000000006,1.4497888794449987,-5.860228251476474,,,,
806,left,LAD,prox,10.0,65,leaky,"[0.65, 0.7)",0.6513576318569986,1,5,806_left_LAD_prox_10mm_65ds_leaky_T5_vox_wide_C_flowmatched,T5_vox_wide,C_flowmatched,ok,True,5,2,13.237702256623395,13.932158612631214,13.932158612631214,1.052460490691302,0.7651764497086242,0.11381881785162562,0.0,,0.042715425957681324,7.189280840244833,7.198508949136116,True,27.0,8.406376399747957e-13,1.0178744849989467e-08,1.9553309511565757,290.6595818048363,5,vox,-1.0,0.33984375000000006,1.4497888794449987,-5.860228251476474,1.0,0.003648784363342047,0.0018246076147461552,False
806,left,LAD,prox,10.0,65,discrete,"[0.65, 0.7)",0.6231539229997125,1,5,806_left_LAD_prox_10mm_65ds_discrete_clean_none,clean,,ok,True,5,2,13.21756456354074,13.21756456354074,13.21756456354074,1.0,0.6231539229997125,0.0,0.0,,0.0,5.390924586811079,5.390924586811079,True,25.0,1.0179935513634986e-12,1.6208342919861586e-08,1.9553309511565757,290.6595818048363,5,,,,,,,,,
806,left,LAD,prox,10.0,65,discrete,"[0.65, 0.7)",0.6231539229997125,1,5,806_left_LAD_prox_10mm_65ds_discrete_T5_vox_narrow_A_fixed,T5_vox_narrow,A_fixed,ok,True,5,2,13.21756456354074,13.21756456354074,13.21756456354074,1.0,0.4984855347739795,-0.124668388225733,0.0,,0.15531029095576146,4.972439780834642,5.390924586811079,True,25.0,3.5283672019721075e-12,1.6208342919861586e-08,1.9553309511565757,290.6595818048363,5,vox,1.0,0.33984375000000006,1.4497888794449987,5.860228251476474,,,,
806,left,LAD,prox,10.0,65,discrete,"[0.65, 0.7)",0.6231539229997125,1,5,806_left_LAD_prox_10mm_65ds_discrete_T5_vox_narrow_B_rederived,T5_vox_narrow,B_rederived,ok,True,5,2,13.21756456354074,13.21756456354074,13.21756456354074,1.0,0.4984855347739795,-0.124668388225733,0.0,,0.15531029095576146,4.972439780834642,5.390924586811079,True,25.0,3.5283672019721075e-12,1.6208342919861586e-08,1.9553309511565757,290.6595818048363,5,vox,1.0,0.33984375000000006,1.4497888794449987,5.860228251476474,,,,
806,left,LAD,prox,10.0,65,discrete,"[0.65, 0.7)",0.6231539229997125,1,5,806_left_LAD_prox_10mm_65ds_discrete_T5_vox_narrow_C_flowmatched,T5_vox_narrow,C_flowmatched,ok,True,5,2,13.21756456354074,10.384575527206762,10.384575527206762,0.7856648232951718,0.4502772418222795,-0.172876681177433,0.0,,0.13967002056787237,5.343627205669061,5.390924586811079,True,25.0,4.059035528775276e-12,1.6208342919861586e-08,1.9553309511565757,290.6595818048363,5,vox,1.0,0.33984375000000006,1.4497888794449987,5.860228251476474,1.0,0.02412128647676328,0.019507714645429892,False
806,left,LAD,prox,10.0,65,discrete,"[0.65, 0.7)",0.6231539229997125,1,5,806_left_LAD_prox_10mm_65ds_discrete_T5_vox_wide_A_fixed,T5_vox_wide,A_fixed,ok,True,5,2,13.21756456354074,13.21756456354074,13.21756456354074,1.0,0.7260261276023899,0.10287220460267743,0.0,,0.1281568828754868,5.736244317981179,5.390924586811079,True,25.0,2.336624560313232e-12,1.6208342919861586e-08,1.9553309511565757,290.6595818048363,5,vox,-1.0,0.33984375000000006,1.4497888794449987,-5.860228251476474,,,,
806,left,LAD,prox,10.0,65,discrete,"[0.65, 0.7)",0.6231539229997125,1,5,806_left_LAD_prox_10mm_65ds_discrete_T5_vox_wide_B_rederived,T5_vox_wide,B_rederived,ok,True,5,2,13.21756456354074,13.21756456354074,13.21756456354074,1.0,0.7260261276023899,0.10287220460267743,0.0,,0.1281568828754868,5.736244317981179,5.390924586811079,True,25.0,2.336624560313232e-12,1.6208342919861586e-08,1.9553309511565757,290.6595818048363,5,vox,-1.0,0.33984375000000006,1.4497888794449987,-5.860228251476474,,,,
806,left,LAD,prox,10.0,65,discrete,"[0.65, 0.7)",0.6231539229997125,1,5,806_left_LAD_prox_10mm_65ds_discrete_T5_vox_wide_C_flowmatched,T5_vox_wide,C_flowmatched,ok,True,5,2,13.21756456354074,16.66075685402619,16.66075685402619,1.2605012651107552,0.7703982557217295,0.14724433272201698,0.0,,0.07631600731485927,5.212512633821434,5.390924586811079,True,25.0,3.287536119282007e-12,1.6208342919861586e-08,1.9553309511565757,290.6595818048363,5,vox,-1.0,0.33984375000000006,1.4497888794449987,-5.860228251476474,1.0,0.01642418662836124,0.005824132972481653,False
844,left,LAD,mid,10.0,80,leaky,"[0.65, 0.7)",0.6762330418562996,1,5,844_left_LAD_mid_10mm_80ds_leaky_clean_none,clean,,ok,True,5,2,42.87981173240246,42.87981173240246,42.87981173240246,1.0,0.6762330418562996,0.0,0.0,,0.0,3.856602447844591,3.856602447844591,True,28.0,1.048061493416776e-11,1.5602038035222808e-08,1.5308056708365034,260.2657338451194,5,,,,,,,,,
844,left,LAD,mid,10.0,80,leaky,"[0.65, 0.7)",0.6762330418562996,1,5,844_left_LAD_mid_10mm_80ds_leaky_T5_vox_narrow_A_fixed,T5_vox_narrow,A_fixed,ok,True,5,2,42.87981173240246,42.87981173240246,42.87981173240246,1.0,0.3431463619384843,-0.3330866799178153,0.0,,0.04524453973730792,3.6713320737943045,3.856602447844591,True,28.0,1.7007764493688596e-11,1.5602038035222808e-08,1.5308056708365034,260.2657338451194,5,vox,1.0,0.40429687500000006,1.2517406060131957,8.074693611795677,,,,
844,left,LAD,mid,10.0,80,leaky,"[0.65, 0.7)",0.6762330418562996,1,5,844_left_LAD_mid_10mm_80ds_leaky_T5_vox_narrow_B_rederived,T5_vox_narrow,B_rederived,ok,True,5,2,42.87981173240246,42.87981173240246,42.87981173240246,1.0,0.3431463619384843,-0.3330866799178153,0.0,,0.04524453973730792,3.6713320737943045,3.856602447844591,True,28.0,1.7007764493688596e-11,1.5602038035222808e-08,1.5308056708365034,260.2657338451194,5,vox,1.0,0.40429687500000006,1.2517406060131957,8.074693611795677,,,,
844,left,LAD,mid,10.0,80,leaky,"[0.65, 0.7)",0.6762330418562996,1,5,844_left_LAD_mid_10mm_80ds_leaky_T5_vox_narrow_C_flowmatched,T5_vox_narrow,C_flowmatched,ok,True,5,2,42.87981173240246,41.507626715430504,41.507626715430504,0.9679992760804252,0.3355742078885096,-0.34065883396779,0.0,,0.03357390996128225,3.785501253120297,3.856602447844591,True,28.0,8.996603470196075e-12,1.5602038035222808e-08,1.5308056708365034,260.2657338451194,5,vox,1.0,0.40429687500000006,1.2517406060131957,8.074693611795677,1.0,0.002047068376040836,0.0011272074300882873,False
844,left,LAD,mid,10.0,80,leaky,"[0.65, 0.7)",0.6762330418562996,1,5,844_left_LAD_mid_10mm_80ds_leaky_T5_vox_wide_A_fixed,T5_vox_wide,A_fixed,ok,True,5,2,42.87981173240246,42.87981173240246,42.87981173240246,1.0,0.8567041145117147,0.18047107265541507,1.0,to_negative,0.024386812420756743,3.956463201856833,3.856602447844591,True,28.0,1.3941865948660113e-11,1.5602038035222808e-08,1.5308056708365034,260.2657338451194,5,vox,-1.0,0.40429687500000006,1.2517406060131957,-8.074693611795677,,,,
844,left,LAD,mid,10.0,80,leaky,"[0.65, 0.7)",0.6762330418562996,1,5,844_left_LAD_mid_10mm_80ds_leaky_T5_vox_wide_B_rederived,T5_vox_wide,B_rederived,ok,True,5,2,42.87981173240246,42.87981173240246,42.87981173240246,1.0,0.8567041145117147,0.18047107265541507,1.0,to_negative,0.024386812420756743,3.956463201856833,3.856602447844591,True,28.0,1.3941865948660113e-11,1.5602038035222808e-08,1.5308056708365034,260.2657338451194,5,vox,-1.0,0.40429687500000006,1.2517406060131957,-8.074693611795677,,,,
844,left,LAD,mid,10.0,80,leaky,"[0.65, 0.7)",0.6762330418562996,1,5,844_left_LAD_mid_10mm_80ds_leaky_T5_vox_wide_C_flowmatched,T5_vox_wide,C_flowmatched,ok,True,5,2,42.87981173240246,43.66028980637183,43.66028980637183,1.0182015275356164,0.8598388069645241,0.18360576510822446,1.0,to_negative,0.01710537872191838,3.8889932674599677,3.856602447844591,True,28.0,2.289192723297313e-11,1.5602038035222808e-08,1.5308056708365034,260.2657338451194,5,vox,-1.0,0.40429687500000006,1.2517406060131957,-8.074693611795677,1.0,0.0005947166200451754,0.0002925939812202581,False
844,left,LAD,mid,10.0,80,discrete,"[0.65, 0.7)",0.36915944934224476,1,5,844_left_LAD_mid_10mm_80ds_discrete_clean_none,clean,,ok,True,5,2,37.25418340605663,37.25418340605663,37.25418340605663,1.0,0.36915944934224476,0.0,0.0,,0.0,2.6679679373178997,2.6679679373178997,True,27.0,1.3426808241487824e-11,1.4775682557397498e-08,1.5308056708365034,260.2657338451194,5,,,,,,,,,
844,left,LAD,mid,10.0,80,discrete,"[0.65, 0.7)",0.36915944934224476,1,5,844_left_LAD_mid_10mm_80ds_discrete_T5_vox_narrow_A_fixed,T5_vox_narrow,A_fixed,ok,True,5,2,37.25418340605663,37.25418340605663,37.25418340605663,1.0,0.16483569325405842,-0.20432375608818634,0.0,,0.1861840525058101,2.3298007780998957,2.6679679373178997,True,27.0,3.7193015965825536e-11,1.4775682557397498e-08,1.5308056708365034,260.2657338451194,5,vox,1.0,0.40429687500000006,1.2517406060131957,8.074693611795677,,,,
844,left,LAD,mid,10.0,80,discrete,"[0.65, 0.7)",0.36915944934224476,1,5,844_left_LAD_mid_10mm_80ds_discrete_T5_vox_narrow_B_rederived,T5_vox_narrow,B_rederived,ok,True,5,2,37.25418340605663,37.25418340605663,37.25418340605663,1.0,0.16483569325405842,-0.20432375608818634,0.0,,0.1861840525058101,2.3298007780998957,2.6679679373178997,True,27.0,3.7193015965825536e-11,1.4775682557397498e-08,1.5308056708365034,260.2657338451194,5,vox,1.0,0.40429687500000006,1.2517406060131957,8.074693611795677,,,,
844,left,LAD,mid,10.0,80,discrete,"[0.65, 0.7)",0.36915944934224476,1,5,844_left_LAD_mid_10mm_80ds_discrete_T5_vox_narrow_C_flowmatched,T5_vox_narrow,C_flowmatched,ok,True,5,2,37.25418340605663,32.47112906546907,32.47112906546907,0.8716102755909568,0.1530189388957446,-0.21614051044650015,0.0,,0.16002369867459917,2.577599295921482,2.6679679373178997,True,27.0,1.3231278671673737e-11,1.4775682557397498e-08,1.5308056708365034,260.2657338451194,5,vox,1.0,0.40429687500000006,1.2517406060131957,8.074693611795677,1.0,0.03466450140748625,0.025607584137498918,False
844,left,LAD,mid,10.0,80,discrete,"[0.65, 0.7)",0.36915944934224476,1,5,844_left_LAD_mid_10mm_80ds_discrete_T5_vox_wide_A_fixed,T5_vox_wide,A_fixed,ok,True,5,2,37.25418340605663,37.25418340605663,37.25418340605663,1.0,0.5883704289919387,0.21921097964969394,0.0,,0.19600507572098427,3.023973060720297,2.6679679373178997,True,27.0,1.723674183337423e-11,1.4775682557397498e-08,1.5308056708365034,260.2657338451194,5,vox,-1.0,0.40429687500000006,1.2517406060131957,-8.074693611795677,,,,
844,left,LAD,mid,10.0,80,discrete,"[0.65, 0.7)",0.36915944934224476,1,5,844_left_LAD_mid_10mm_80ds_discrete_T5_vox_wide_B_rederived,T5_vox_wide,B_rederived,ok,True,5,2,37.25418340605663,37.25418340605663,37.25418340605663,1.0,0.5883704289919387,0.21921097964969394,0.0,,0.19600507572098427,3.023973060720297,2.6679679373178997,True,27.0,1.723674183337423e-11,1.4775682557397498e-08,1.5308056708365034,260.2657338451194,5,vox,-1.0,0.40429687500000006,1.2517406060131957,-8.074693611795677,,,,
844,left,LAD,mid,10.0,80,discrete,"[0.65, 0.7)",0.36915944934224476,1,5,844_left_LAD_mid_10mm_80ds_discrete_T5_vox_wide_C_flowmatched,T5_vox_wide,C_flowmatched,ok,True,5,2,37.25418340605663,44.800309763905055,44.800309763905055,1.2025578248648876,0.6355995331389123,0.2664400837966675,0.0,,0.1441926212953829,2.6626761642599988,2.6679679373178997,True,27.0,1.9280693651635722e-11,1.4775682557397498e-08,1.5308056708365034,260.2657338451194,5,vox,-1.0,0.40429687500000006,1.2517406060131957,-8.074693611795677,1.0,0.03841798970838878,0.02079151203603371,False
890,left,LAD,prox,10.0,80,leaky,"[0.65, 0.7)",0.6815629426263271,1,3,890_left_LAD_prox_10mm_80ds_leaky_clean_none,clean,,ok,True,3,2,19.61693301402243,19.61693301402243,19.61693301402243,1.0,0.6815629426263271,0.0,0.0,,0.0,0.5946836251729507,0.5946836251729507,True,27.0,6.438738643508942e-12,1.420813232621365e-09,0.8848956232943009,61.4318777588072,3,,,,,,,,,
890,left,LAD,prox,10.0,80,leaky,"[0.65, 0.7)",0.6815629426263271,1,3,890_left_LAD_prox_10mm_80ds_leaky_T5_vox_narrow_A_fixed,T5_vox_narrow,A_fixed,ok,True,3,2,19.61693301402243,19.61693301402243,19.61693301402243,1.0,0.44336228816691226,-0.23820065445941485,0.0,,0.2690612840804784,0.44565368309325154,0.5946836251729507,True,27.0,1.2417083923916849e-11,1.420813232621365e-09,0.8848956232943009,61.4318777588072,3,vox,1.0,0.318359375,1.316580740506983,6.045192771037492,,,,
890,left,LAD,prox,10.0,80,leaky,"[0.65, 0.7)",0.6815629426263271,1,3,890_left_LAD_prox_10mm_80ds_leaky_T5_vox_narrow_B_rederived,T5_vox_narrow,B_rederived,ok,True,3,2,19.61693301402243,19.61693301402243,19.61693301402243,1.0,0.44336228816691226,-0.23820065445941485,0.0,,0.2690612840804784,0.44565368309325154,0.5946836251729507,True,27.0,1.2417083923916849e-11,1.420813232621365e-09,0.8848956232943009,61.4318777588072,3,vox,1.0,0.318359375,1.316580740506983,6.045192771037492,,,,
890,left,LAD,prox,10.0,80,leaky,"[0.65, 0.7)",0.6815629426263271,1,3,890_left_LAD_prox_10mm_80ds_leaky_T5_vox_narrow_C_flowmatched,T5_vox_narrow,C_flowmatched,ok,True,3,2,19.61693301402243,18.41662503056868,18.41662503056868,0.9388126582990444,0.4268914522033208,-0.2546714904230063,0.0,,0.264948572608577,0.46267443539649306,0.5946836251729507,True,27.0,1.0979472592054436e-11,1.420813232621365e-09,0.8848956232943009,61.4318777588072,3,vox,1.0,0.318359375,1.316580740506983,6.045192771037492,1.0,0.07239397459103591,0.0701977461273224,False
890,left,LAD,prox,10.0,80,leaky,"[0.65, 0.7)",0.6815629426263271,1,3,890_left_LAD_prox_10mm_80ds_leaky_T5_vox_wide_A_fixed,T5_vox_wide,A_fixed,ok,True,3,2,19.61693301402243,19.61693301402243,19.61693301402243,1.0,0.8277900468621836,0.1462271042358565,1.0,to_negative,0.16517189057415807,0.6861704303815422,0.5946836251729507,True,27.0,6.133754311516929e-12,1.420813232621365e-09,0.8848956232943009,61.4318777588072,3,vox,-1.0,0.318359375,1.316580740506983,-6.045192771037492,,,,
890,left,LAD,prox,10.0,80,leaky,"[0.65, 0.7)",0.6815629426263271,1,3,890_left_LAD_prox_10mm_80ds_leaky_T5_vox_wide_B_rederived,T5_vox_wide,B_rederived,ok,True,3,2,19.61693301402243,19.61693301402243,19.61693301402243,1.0,0.8277900468621836,0.1462271042358565,1.0,to_negative,0.16517189057415807,0.6861704303815422,0.5946836251729507,True,27.0,6.133754311516929e-12,1.420813232621365e-09,0.8848956232943009,61.4318777588072,3,vox,-1.0,0.318359375,1.316580740506983,-6.045192771037492,,,,
890,left,LAD,prox,10.0,80,leaky,"[0.65, 0.7)",0.6815629426263271,1,3,890_left_LAD_prox_10mm_80ds_leaky_T5_vox_wide_C_flowmatched,T5_vox_wide,C_flowmatched,ok,True,3,2,19.61693301402243,22.38363038782032,22.38363038782032,1.1410361839855507,0.852310778383544,0.17074783575721686,1.0,to_negative,0.11925830423484585,0.6172787904974774,0.5946836251729507,True,27.0,3.067649694589548e-11,1.420813232621365e-09,0.8848956232943009,61.4318777588072,3,vox,-1.0,0.318359375,1.316580740506983,-6.045192771037492,1.0,0.027281753435841646,0.01422254312897105,False
890,left,LAD,prox,10.0,80,discrete,"[0.65, 0.7)",0.715520027334789,1,3,890_left_LAD_prox_10mm_80ds_discrete_clean_none,clean,,ok,True,3,2,121.29690781621565,121.29690781621565,121.29690781621565,1.0,0.715520027334789,0.0,0.0,,0.0,0.6273087207849635,0.6273087207849635,True,27.0,7.755415237310527e-12,9.159183505522767e-09,0.8848956232943009,61.4318777588072,3,,,,,,,,,
890,left,LAD,prox,10.0,80,discrete,"[0.65, 0.7)",0.715520027334789,1,3,890_left_LAD_prox_10mm_80ds_discrete_T5_vox_narrow_A_fixed,T5_vox_narrow,A_fixed,ok,True,3,2,121.29690781621565,121.29690781621565,121.29690781621565,1.0,0.47736234765458124,-0.2381576796802078,0.0,,0.25517104345476416,0.4957799729851791,0.6273087207849635,True,27.0,1.3878669254168514e-11,9.159183505522767e-09,0.8848956232943009,61.4318777588072,3,vox,1.0,0.318359375,1.316580740506983,6.045192771037492,,,,
890,left,LAD,prox,10.0,80,discrete,"[0.65, 0.7)",0.715520027334789,1,3,890_left_LAD_prox_10mm_80ds_discrete_T5_vox_narrow_B_rederived,T5_vox_narrow,B_rederived,ok,True,3,2,121.29690781621565,121.29690781621565,121.29690781621565,1.0,0.47736234765458124,-0.2381576796802078,0.0,,0.25517104345476416,0.4957799729851791,0.6273087207849635,True,27.0,1.3878669254168514e-11,9.159183505522767e-09,0.8848956232943009,61.4318777588072,3,vox,1.0,0.318359375,1.316580740506983,6.045192771037492,,,,
890,left,LAD,prox,10.0,80,discrete,"[0.65, 0.7)",0.715520027334789,1,3,890_left_LAD_prox_10mm_80ds_discrete_T5_vox_narrow_C_flowmatched,T5_vox_narrow,C_flowmatched,ok,True,3,2,121.29690781621565,113.20870776385713,113.20870776385713,0.933318992231744,0.4597580923813008,-0.25576193495348826,0.0,,0.2502917136886939,0.5178524113565318,0.6273087207849635,True,27.0,1.426299682704825e-12,9.159183505522767e-09,0.8848956232943009,61.4318777588072,3,vox,1.0,0.318359375,1.316580740506983,6.045192771037492,1.0,0.06511226141779315,0.06264594194122314,False
890,left,LAD,prox,10.0,80,discrete,"[0.65, 0.7)",0.715520027334789,1,3,890_left_LAD_prox_10mm_80ds_discrete_T5_vox_wide_A_fixed,T5_vox_wide,A_fixed,ok,True,3,2,121.29690781621565,121.29690781621565,121.29690781621565,1.0,0.8507199683008967,0.13519994096610766,1.0,to_negative,0.14485827229106815,0.7019763903886895,0.6273087207849635,True,27.0,1.7802166509327763e-11,9.159183505522767e-09,0.8848956232943009,61.4318777588072,3,vox,-1.0,0.318359375,1.316580740506983,-6.045192771037492,,,,
890,left,LAD,prox,10.0,80,discrete,"[0.65, 0.7)",0.715520027334789,1,3,890_left_LAD_prox_10mm_80ds_discrete_T5_vox_wide_B_rederived,T5_vox_wide,B_rederived,ok,True,3,2,121.29690781621565,121.29690781621565,121.29690781621565,1.0,0.8507199683008967,0.13519994096610766,1.0,to_negative,0.14485827229106815,0.7019763903886895,0.6273087207849635,True,27.0,1.7802166509327763e-11,9.159183505522767e-09,0.8848956232943009,61.4318777588072,3,vox,-1.0,0.318359375,1.316580740506983,-6.045192771037492,,,,
890,left,LAD,prox,10.0,80,discrete,"[0.65, 0.7)",0.715520027334789,1,3,890_left_LAD_prox_10mm_80ds_discrete_T5_vox_wide_C_flowmatched,T5_vox_wide,C_flowmatched,ok,True,3,2,121.29690781621565,136.5126304614925,136.5126304614925,1.1254419664871518,0.8693493046094901,0.15382927727470108,1.0,to_negative,0.10500529979803722,0.6386429629655584,0.6273087207849635,True,27.0,2.137848373725832e-11,9.159183505522767e-09,0.8848956232943009,61.4318777588072,3,vox,-1.0,0.318359375,1.316580740506983,-6.045192771037492,1.0,0.02098391905115324,0.011026112985675676,False
95,left,LCX,prox,10.0,70,leaky,"[0.65, 0.7)",0.6618006907155267,1,6,95_left_LCX_prox_10mm_70ds_leaky_clean_none,clean,,ok,True,6,2,25.8261436792141,25.8261436792141,25.8261436792141,1.0,0.6618006907155267,0.0,0.0,,0.0,2.517291840694981,2.517291840694981,True,28.0,4.825206305945536e-12,6.744352492045124e-09,1.3660465792849028,206.3798827491029,6,,,,,,,,,
95,left,LCX,prox,10.0,70,leaky,"[0.65, 0.7)",0.6618006907155267,1,6,95_left_LCX_prox_10mm_70ds_leaky_T5_vox_narrow_A_fixed,T5_vox_narrow,A_fixed,ok,True,6,2,25.8261436792141,25.8261436792141,25.8261436792141,1.0,0.46279299252880696,-0.19900769818671976,0.0,,0.12166843745989363,2.30140195337679,2.517291840694981,True,28.0,9.599502293752361e-12,6.744352492045124e-09,1.3660465792849028,206.3798827491029,6,vox,1.0,0.34179687500000006,1.1084291804838478,7.7090372803700475,,,,
95,left,LCX,prox,10.0,70,leaky,"[0.65, 0.7)",0.6618006907155267,1,6,95_left_LCX_prox_10mm_70ds_leaky_T5_vox_narrow_B_rederived,T5_vox_narrow,B_rederived,ok,True,6,2,25.8261436792141,25.8261436792141,25.8261436792141,1.0,0.46279299252880696,-0.19900769818671976,0.0,,0.12166843745989363,2.30140195337679,2.517291840694981,True,28.0,9.599502293752361e-12,6.744352492045124e-09,1.3660465792849028,206.3798827491029,6,vox,1.0,0.34179687500000006,1.1084291804838478,7.7090372803700475,,,,
95,left,LCX,prox,10.0,70,leaky,"[0.65, 0.7)",0.6618006907155267,1,6,95_left_LCX_prox_10mm_70ds_leaky_T5_vox_narrow_C_flowmatched,T5_vox_narrow,C_flowmatched,ok,True,6,2,25.8261436792141,23.93693184792634,23.93693184792634,0.9268488607995985,0.4418188791154523,-0.2199818116000744,0.0,,0.10444172416292616,2.452993613692264,2.517291840694981,True,28.0,4.328408331178257e-12,6.744352492045124e-09,1.3660465792849028,206.3798827491029,6,vox,1.0,0.34179687500000006,1.1084291804838478,7.7090372803700475,1.0,0.014803208673932047,0.010908073746124753,False
95,left,LCX,prox,10.0,70,leaky,"[0.65, 0.7)",0.6618006907155267,1,6,95_left_LCX_prox_10mm_70ds_leaky_T5_vox_wide_A_fixed,T5_vox_wide,A_fixed,ok,True,6,2,25.8261436792141,25.8261436792141,25.8261436792141,1.0,0.7961146532461022,0.13431396253057548,0.0,,0.08212739380592629,2.6630196411665006,2.517291840694981,True,28.0,4.594555268743274e-13,6.744352492045124e-09,1.3660465792849028,206.3798827491029,6,vox,-1.0,0.34179687500000006,1.1084291804838478,-7.7090372803700475,,,,
95,left,LCX,prox,10.0,70,leaky,"[0.65, 0.7)",0.6618006907155267,1,6,95_left_LCX_prox_10mm_70ds_leaky_T5_vox_wide_B_rederived,T5_vox_wide,B_rederived,ok,True,6,2,25.8261436792141,25.8261436792141,25.8261436792141,1.0,0.7961146532461022,0.13431396253057548,0.0,,0.08212739380592629,2.6630196411665006,2.517291840694981,True,28.0,4.594555268743274e-13,6.744352492045124e-09,1.3660465792849028,206.3798827491029,6,vox,-1.0,0.34179687500000006,1.1084291804838478,-7.7090372803700475,,,,
95,left,LCX,prox,10.0,70,leaky,"[0.65, 0.7)",0.6618006907155267,1,6,95_left_LCX_prox_10mm_70ds_leaky_T5_vox_wide_C_flowmatched,T5_vox_wide,C_flowmatched,ok,True,6,2,25.8261436792141,27.49657905253238,27.49657905253238,1.0646800154938623,0.8097023510206094,0.14790166030508267,1.0,to_negative,0.059221209660015386,2.5191167688401634,2.517291840694981,True,28.0,1.1955085533209559e-12,6.744352492045124e-09,1.3660465792849028,206.3798827491029,6,vox,-1.0,0.34179687500000006,1.1084291804838478,-7.7090372803700475,1.0,0.0067449088133536995,0.0035071516735954997,False
95,left,LCX,prox,10.0,70,discrete,"[0.65, 0.7)",0.5706478518874942,1,6,95_left_LCX_prox_10mm_70ds_discrete_clean_none,clean,,ok,True,6,2,62.66427330076762,62.66427330076762,62.66427330076762,1.0,0.5706478518874942,0.0,0.0,,0.0,2.211457927874171,2.211457927874171,True,27.0,2.6487758473288973e-12,1.7388743624116294e-08,1.3660465792849028,206.3798827491029,6,,,,,,,,,
95,left,LCX,prox,10.0,70,discrete,"[0.65, 0.7)",0.5706478518874942,1,6,95_left_LCX_prox_10mm_70ds_discrete_T5_vox_narrow_A_fixed,T5_vox_narrow,A_fixed,ok,True,6,2,62.66427330076762,62.66427330076762,62.66427330076762,1.0,0.381476103681994,-0.1891717482055002,0.0,,0.25969089485496816,1.9271606578683433,2.211457927874171,True,27.0,4.746637119497353e-12,1.7388743624116294e-08,1.3660465792849028,206.3798827491029,6,vox,1.0,0.34179687500000006,1.1084291804838478,7.7090372803700475,,,,
95,left,LCX,prox,10.0,70,discrete,"[0.65, 0.7)",0.5706478518874942,1,6,95_left_LCX_prox_10mm_70ds_discrete_T5_vox_narrow_B_rederived,T5_vox_narrow,B_rederived,ok,True,6,2,62.66427330076762,62.66427330076762,62.66427330076762,1.0,0.381476103681994,-0.1891717482055002,0.0,,0.25969089485496816,1.9271606578683433,2.211457927874171,True,27.0,4.746637119497353e-12,1.7388743624116294e-08,1.3660465792849028,206.3798827491029,6,vox,1.0,0.34179687500000006,1.1084291804838478,7.7090372803700475,,,,
95,left,LCX,prox,10.0,70,discrete,"[0.65, 0.7)",0.5706478518874942,1,6,95_left_LCX_prox_10mm_70ds_discrete_T5_vox_narrow_C_flowmatched,T5_vox_narrow,C_flowmatched,ok,True,6,2,62.66427330076762,58.97664003358078,58.97664003358078,0.9411525407868782,0.3674605952593422,-0.203187256628152,0.0,,0.25652893502270163,2.0115281770699056,2.211457927874171,True,27.0,5.389942755188289e-14,1.7388743624116294e-08,1.3660465792849028,206.3798827491029,6,vox,1.0,0.34179687500000006,1.1084291804838478,7.7090372803700475,1.0,0.06743936087057412,0.06580709450388149,False
95,left,LCX,prox,10.0,70,discrete,"[0.65, 0.7)",0.5706478518874942,1,6,95_left_LCX_prox_10mm_70ds_discrete_T5_vox_wide_A_fixed,T5_vox_wide,A_fixed,ok,True,6,2,62.66427330076762,62.66427330076762,62.66427330076762,1.0,0.7213118006987933,0.15066394881129908,0.0,,0.20682821859420802,2.4378836445099825,2.211457927874171,True,27.0,5.61681221175154e-12,1.7388743624116294e-08,1.3660465792849028,206.3798827491029,6,vox,-1.0,0.34179687500000006,1.1084291804838478,-7.7090372803700475,,,,
95,left,LCX,prox,10.0,70,discrete,"[0.65, 0.7)",0.5706478518874942,1,6,95_left_LCX_prox_10mm_70ds_discrete_T5_vox_wide_B_rederived,T5_vox_wide,B_rederived,ok,True,6,2,62.66427330076762,62.66427330076762,62.66427330076762,1.0,0.7213118006987933,0.15066394881129908,0.0,,0.20682821859420802,2.4378836445099825,2.211457927874171,True,27.0,5.61681221175154e-12,1.7388743624116294e-08,1.3660465792849028,206.3798827491029,6,vox,-1.0,0.34179687500000006,1.1084291804838478,-7.7090372803700475,,,,
95,left,LCX,prox,10.0,70,discrete,"[0.65, 0.7)",0.5706478518874942,1,6,95_left_LCX_prox_10mm_70ds_discrete_T5_vox_wide_C_flowmatched,T5_vox_wide,C_flowmatched,ok,True,6,2,62.66427330076762,75.40938782011463,75.40938782011463,1.2033872547787272,0.7664010726044754,0.1957532207169812,0.0,,0.15394609662242717,2.1165224723609692,2.211457927874171,True,27.0,6.1822943720452095e-12,1.7388743624116294e-08,1.3660465792849028,206.3798827491029,6,vox,-1.0,0.34179687500000006,1.1084291804838478,-7.7090372803700475,1.0,0.0427779120068535,0.023699400665281686,False
151,left,LCX,prox,20.0,60,leaky,"[0.65, 0.7)",0.6517120882078548,1,7,151_left_LCX_prox_20mm_60ds_leaky_clean_none,clean,,ok,True,7,2,14.306455416997071,14.306455416997071,14.306455416997071,1.0,0.6517120882078548,0.0,0.0,,0.0,14.35234958225078,14.35234958225078,True,28.0,8.097135573328555e-14,2.10505857972349e-08,2.426839061230081,459.54163960282256,7,,,,,,,,,
151,left,LCX,prox,20.0,60,leaky,"[0.65, 0.7)",0.6517120882078548,1,7,151_left_LCX_prox_20mm_60ds_leaky_T5_vox_narrow_A_fixed,T5_vox_narrow,A_fixed,ok,True,7,2,14.306455416997071,14.306455416997071,14.306455416997071,1.0,0.5282198871339778,-0.12349220107387693,0.0,,0.14637998964666946,13.704842159070319,14.35234958225078,True,28.0,2.9629498114647206e-13,2.10505857972349e-08,2.426839061230081,459.54163960282256,7,vox,1.0,0.412109375,1.6392163807849434,6.285158259623118,,,,
151,left,LCX,prox,20.0,60,leaky,"[0.65, 0.7)",0.6517120882078548,1,7,151_left_LCX_prox_20mm_60ds_leaky_T5_vox_narrow_B_rederived,T5_vox_narrow,B_rederived,ok,True,7,2,14.306455416997071,14.306455416997071,14.306455416997071,1.0,0.5282198871339778,-0.12349220107387693,0.0,,0.14637998964666946,13.704842159070319,14.35234958225078,True,28.0,2.9629498114647206e-13,2.10505857972349e-08,2.426839061230081,459.54163960282256,7,vox,1.0,0.412109375,1.6392163807849434,6.285158259623118,,,,
151,left,LCX,prox,20.0,60,leaky,"[0.65, 0.7)",0.6517120882078548,1,7,151_left_LCX_prox_20mm_60ds_leaky_T5_vox_narrow_C_flowmatched,T5_vox_narrow,C_flowmatched,ok,True,7,2,14.306455416997071,13.548008052875296,13.548008052875296,0.9469856549358351,0.5123126731146583,-0.13939941509319642,0.0,,0.140786905482538,14.361042135093726,14.35234958225078,True,28.0,1.882683124387394e-13,2.10505857972349e-08,2.426839061230081,459.54163960282256,7,vox,1.0,0.412109375,1.6392163807849434,6.285158259623118,1.0,0.021427101368959055,0.01982095275534909,False
151,left,LCX,prox,20.0,60,leaky,"[0.65, 0.7)",0.6517120882078548,1,7,151_left_LCX_prox_20mm_60ds_leaky_T5_vox_wide_A_fixed,T5_vox_wide,A_fixed,ok,True,7,2,14.306455416997071,14.306455416997071,14.306455416997071,1.0,0.7533804864155831,0.10166839820772833,0.0,,0.12047448548940642,14.8852647969859,14.35234958225078,True,28.0,1.8249152426193917e-12,2.10505857972349e-08,2.426839061230081,459.54163960282256,7,vox,-1.0,0.412109375,1.6392163807849434,-6.285158259623118,,,,
151,left,LCX,prox,20.0,60,leaky,"[0.65, 0.7)",0.6517120882078548,1,7,151_left_LCX_prox_20mm_60ds_leaky_T5_vox_wide_B_rederived,T5_vox_wide,B_rederived,ok,True,7,2,14.306455416997071,14.306455416997071,14.306455416997071,1.0,0.7533804864155831,0.10166839820772833,0.0,,0.12047448548940642,14.8852647969859,14.35234958225078,True,28.0,1.8249152426193917e-12,2.10505857972349e-08,2.426839061230081,459.54163960282256,7,vox,-1.0,0.412109375,1.6392163807849434,-6.285158259623118,,,,
151,left,LCX,prox,20.0,60,leaky,"[0.65, 0.7)",0.6517120882078548,1,7,151_left_LCX_prox_20mm_60ds_leaky_T5_vox_wide_C_flowmatched,T5_vox_wide,C_flowmatched,ok,True,7,2,14.306455416997071,15.710365809634977,15.710365809634977,1.0981312527609013,0.7766220408149315,0.12490995260707671,0.0,,0.0948289320024371,13.701323921029744,14.35234958225078,True,28.0,4.105425452713189e-12,2.10505857972349e-08,2.426839061230081,459.54163960282256,7,vox,-1.0,0.412109375,1.6392163807849434,-6.285158259623118,1.0,0.014514101653937198,0.00899252634472284,False
151,left,LCX,prox,20.0,60,discrete,"[0.65, 0.7)",0.5334896206810512,1,7,151_left_LCX_prox_20mm_60ds_discrete_clean_none,clean,,ok,True,7,2,11.069942025538607,11.069942025538607,11.069942025538607,1.0,0.5334896206810512,0.0,0.0,,0.0,10.497175268821984,10.497175268821984,True,26.0,1.362234110543896e-12,2.5725261923324312e-08,2.426839061230081,459.54163960282256,7,,,,,,,,,
151,left,LCX,prox,20.0,60,discrete,"[0.65, 0.7)",0.5334896206810512,1,7,151_left_LCX_prox_20mm_60ds_discrete_T5_vox_narrow_A_fixed,T5_vox_narrow,A_fixed,ok,True,7,2,11.069942025538607,11.069942025538607,11.069942025538607,1.0,0.41677162944175555,-0.11671799123929566,0.0,,0.17190792542805358,9.598225452833386,10.497175268821984,True,26.0,1.0517505256554206e-12,2.5725261923324312e-08,2.426839061230081,459.54163960282256,7,vox,1.0,0.412109375,1.6392163807849434,6.285158259623118,,,,
151,left,LCX,prox,20.0,60,discrete,"[0.65, 0.7)",0.5334896206810512,1,7,151_left_LCX_prox_20mm_60ds_discrete_T5_vox_narrow_B_rederived,T5_vox_narrow,B_rederived,ok,True,7,2,11.069942025538607,11.069942025538607,11.069942025538607,1.0,0.41677162944175555,-0.11671799123929566,0.0,,0.17190792542805358,9.598225452833386,10.497175268821984,True,26.0,1.0517505256554206e-12,2.5725261923324312e-08,2.426839061230081,459.54163960282256,7,vox,1.0,0.412109375,1.6392163807849434,6.285158259623118,,,,
151,left,LCX,prox,20.0,60,discrete,"[0.65, 0.7)",0.5334896206810512,1,7,151_left_LCX_prox_20mm_60ds_discrete_T5_vox_narrow_C_flowmatched,T5_vox_narrow,C_flowmatched,ok,True,7,2,11.069942025538607,10.03653080678816,10.03653080678816,0.9066470974855746,0.4019326630952475,-0.1315569575858037,0.0,,0.16793309537946643,9.968927315515511,10.497175268821984,True,26.0,4.772443922560518e-12,2.5725261923324312e-08,2.426839061230081,459.54163960282256,7,vox,1.0,0.412109375,1.6392163807849434,6.285158259623118,1.0,0.02955233482497723,0.028201524523728972,False
151,left,LCX,prox,20.0,60,discrete,"[0.65, 0.7)",0.5334896206810512,1,7,151_left_LCX_prox_20mm_60ds_discrete_T5_vox_wide_A_fixed,T5_vox_wide,A_fixed,ok,True,7,2,11.069942025538607,11.069942025538607,11.069942025538607,1.0,0.6432525309997036,0.10976291031865237,0.0,,0.16123436913135422,11.34031028873026,10.497175268821984,True,26.0,5.935043775275982e-13,2.5725261923324312e-08,2.426839061230081,459.54163960282256,7,vox,-1.0,0.412109375,1.6392163807849434,-6.285158259623118,,,,
151,left,LCX,prox,20.0,60,discrete,"[0.65, 0.7)",0.5334896206810512,1,7,151_left_LCX_prox_20mm_60ds_discrete_T5_vox_wide_B_rederived,T5_vox_wide,B_rederived,ok,True,7,2,11.069942025538607,11.069942025538607,11.069942025538607,1.0,0.6432525309997036,0.10976291031865237,0.0,,0.16123436913135422,11.34031028873026,10.497175268821984,True,26.0,5.935043775275982e-13,2.5725261923324312e-08,2.426839061230081,459.54163960282256,7,vox,-1.0,0.412109375,1.6392163807849434,-6.285158259623118,,,,
151,left,LCX,prox,20.0,60,discrete,"[0.65, 0.7)",0.5334896206810512,1,7,151_left_LCX_prox_20mm_60ds_discrete_T5_vox_wide_C_flowmatched,T5_vox_wide,C_flowmatched,ok,True,7,2,11.069942025538607,13.988600392775837,13.988600392775837,1.263656156509566,0.6855702702117891,0.15208064953073785,0.0,,0.12892190511640841,10.243451590597125,10.497175268821984,True,26.0,1.924035315869948e-12,2.5725261923324312e-08,2.426839061230081,459.54163960282256,7,vox,-1.0,0.412109375,1.6392163807849434,-6.285158259623118,1.0,0.025996521789185788,0.01662085761884421,False
509,left,LCX,mid,20.0,60,leaky,"[0.65, 0.7)",0.696824610629801,1,7,509_left_LCX_mid_20mm_60ds_leaky_clean_none,clean,,ok,True,7,2,15.278807718379019,15.278807718379019,15.278807718379019,1.0,0.696824610629801,0.0,0.0,,0.0,10.857722153027053,10.857722153027053,True,27.0,3.700110586921865e-12,1.6772428636180967e-08,2.2027592708021,386.1103217001474,7,,,,,,,,,
509,left,LCX,mid,20.0,60,leaky,"[0.65, 0.7)",0.696824610629801,1,7,509_left_LCX_mid_20mm_60ds_leaky_T5_vox_narrow_A_fixed,T5_vox_narrow,A_fixed,ok,True,7,2,15.278807718379019,15.278807718379019,15.278807718379019,1.0,0.5877157462869375,-0.10910886434286349,0.0,,0.10543238563536861,10.443154103484758,10.857722153027053,True,27.0,4.832469433786409e-12,1.6772428636180967e-08,2.2027592708021,386.1103217001474,7,vox,1.0,0.373046875,1.5658607634899795,5.955939437561417,,,,
509,left,LCX,mid,20.0,60,leaky,"[0.65, 0.7)",0.696824610629801,1,7,509_left_LCX_mid_20mm_60ds_leaky_T5_vox_narrow_B_rederived,T5_vox_narrow,B_rederived,ok,True,7,2,15.278807718379019,15.278807718379019,15.278807718379019,1.0,0.5877157462869375,-0.10910886434286349,0.0,,0.10543238563536861,10.443154103484758,10.857722153027053,True,27.0,4.832469433786409e-12,1.6772428636180967e-08,2.2027592708021,386.1103217001474,7,vox,1.0,0.373046875,1.5658607634899795,5.955939437561417,,,,
509,left,LCX,mid,20.0,60,leaky,"[0.65, 0.7)",0.696824610629801,1,7,509_left_LCX_mid_20mm_60ds_leaky_T5_vox_narrow_C_flowmatched,T5_vox_narrow,C_flowmatched,ok,True,7,2,15.278807718379019,14.376877935565487,14.376877935565487,0.9409685755958175,0.5693661515486321,-0.12745845908116882,0.0,,0.0955020154380859,10.992008060630658,10.857722153027053,True,27.0,3.013006181851632e-13,1.6772428636180967e-08,2.2027592708021,386.1103217001474,7,vox,1.0,0.373046875,1.5658607634899795,5.955939437561417,1.0,0.01111598794076508,0.009120634952736396,False
509,left,LCX,mid,20.0,60,leaky,"[0.65, 0.7)",0.696824610629801,1,7,509_left_LCX_mid_20mm_60ds_leaky_T5_vox_wide_A_fixed,T5_vox_wide,A_fixed,ok,True,7,2,15.278807718379019,15.278807718379019,15.278807718379019,1.0,0.7796905963695261,0.08286598573972515,0.0,,0.0800626733490119,11.172534532497808,10.857722153027053,True,27.0,6.319236697293627e-12,1.6772428636180967e-08,2.2027592708021,386.1103217001474,7,vox,-1.0,0.373046875,1.5658607634899795,-5.955939437561417,,,,
509,left,LCX,mid,20.0,60,leaky,"[0.65, 0.7)",0.696824610629801,1,7,509_left_LCX_mid_20mm_60ds_leaky_T5_vox_wide_B_rederived,T5_vox_wide,B_rederived,ok,True,7,2,15.278807718379019,15.278807718379019,15.278807718379019,1.0,0.7796905963695261,0.08286598573972515,0.0,,0.0800626733490119,11.172534532497808,10.857722153027053,True,27.0,6.319236697293627e-12,1.6772428636180967e-08,2.2027592708021,386.1103217001474,7,vox,-1.0,0.373046875,1.5658607634899795,-5.955939437561417,,,,
509,left,LCX,mid,20.0,60,leaky,"[0.65, 0.7)",0.696824610629801,1,7,509_left_LCX_mid_20mm_60ds_leaky_T5_vox_wide_C_flowmatched,T5_vox_wide,C_flowmatched,ok,True,7,2,15.278807718379019,16.295894485936003,16.295894485936003,1.0665684643922524,0.7943977216617316,0.09757311103193067,0.0,,0.05995628800498527,10.556326096662895,10.857722153027053,True,27.0,3.194008331086269e-12,1.6772428636180967e-08,2.2027592708021,386.1103217001474,7,vox,-1.0,0.373046875,1.5658607634899795,-5.955939437561417,1.0,0.00641003166379058,0.0035947564713367406,False
618,left,LCX,mid,20.0,70,leaky,"[0.65, 0.7)",0.6733561008776611,1,7,618_left_LCX_mid_20mm_70ds_leaky_clean_none,clean,,ok,True,7,2,32.41898606655042,32.41898606655042,32.41898606655042,1.0,0.6733561008776611,0.0,0.0,,0.0,2.8573568284405035,2.8573568284405035,True,28.0,6.737176680434095e-12,9.379776055863993e-09,1.4111444269819906,284.0692489618476,7,,,,,,,,,
618,left,LCX,mid,20.0,70,leaky,"[0.65, 0.7)",0.6733561008776611,1,7,618_left_LCX_mid_20mm_70ds_leaky_T5_vox_narrow_A_fixed,T5_vox_narrow,A_fixed,ok,True,7,2,32.41898606655042,32.41898606655042,32.41898606655042,1.0,0.49874787201723225,-0.17460822886042882,0.0,,0.07774074449315904,2.683437376091933,2.8573568284405035,True,28.0,7.010477833263917e-12,9.379776055863993e-09,1.4111444269819906,284.0692489618476,7,vox,1.0,0.318359375,1.1757049036647462,6.769542552890054,,,,
618,left,LCX,mid,20.0,70,leaky,"[0.65, 0.7)",0.6733561008776611,1,7,618_left_LCX_mid_20mm_70ds_leaky_T5_vox_narrow_B_rederived,T5_vox_narrow,B_rederived,ok,True,7,2,32.41898606655042,32.41898606655042,32.41898606655042,1.0,0.49874787201723225,-0.17460822886042882,0.0,,0.07774074449315904,2.683437376091933,2.8573568284405035,True,28.0,7.010477833263917e-12,9.379776055863993e-09,1.4111444269819906,284.0692489618476,7,vox,1.0,0.318359375,1.1757049036647462,6.769542552890054,,,,
618,left,LCX,mid,20.0,70,leaky,"[0.65, 0.7)",0.6733561008776611,1,7,618_left_LCX_mid_20mm_70ds_leaky_T5_vox_narrow_C_flowmatched,T5_vox_narrow,C_flowmatched,ok,True,7,2,32.41898606655042,30.767460989918135,30.767460989918135,0.9490568559657605,0.48417509016539734,-0.18918101071226373,0.0,,0.06335247051448127,2.8076984610004434,2.8573568284405035,True,28.0,6.889971353609786e-12,9.379776055863993e-09,1.4111444269819906,284.0692489618476,7,vox,1.0,0.318359375,1.1757049036647462,6.769542552890054,1.0,0.006043623354350637,0.004013535520288219,False
618,left,LCX,mid,20.0,70,leaky,"[0.65, 0.7)",0.6733561008776611,1,7,618_left_LCX_mid_20mm_70ds_leaky_T5_vox_wide_A_fixed,T5_vox_wide,A_fixed,ok,True,7,2,32.41898606655042,32.41898606655042,32.41898606655042,1.0,0.7895871298670456,0.11623102898938453,0.0,,0.05176089819176367,2.973154884216462,2.8573568284405035,True,28.0,5.2671138029072066e-12,9.379776055863993e-09,1.4111444269819906,284.0692489618476,7,vox,-1.0,0.318359375,1.1757049036647462,-6.769542552890054,,,,
618,left,LCX,mid,20.0,70,leaky,"[0.65, 0.7)",0.6733561008776611,1,7,618_left_LCX_mid_20mm_70ds_leaky_T5_vox_wide_B_rederived,T5_vox_wide,B_rederived,ok,True,7,2,32.41898606655042,32.41898606655042,32.41898606655042,1.0,0.7895871298670456,0.11623102898938453,0.0,,0.05176089819176367,2.973154884216462,2.8573568284405035,True,28.0,5.2671138029072066e-12,9.379776055863993e-09,1.4111444269819906,284.0692489618476,7,vox,-1.0,0.318359375,1.1757049036647462,-6.769542552890054,,,,
618,left,LCX,mid,20.0,70,leaky,"[0.65, 0.7)",0.6733561008776611,1,7,618_left_LCX_mid_20mm_70ds_leaky_T5_vox_wide_C_flowmatched,T5_vox_wide,C_flowmatched,ok,True,7,2,32.41898606655042,33.69585808922547,33.69585808922547,1.0393865502164028,0.797602582893483,0.12424648201582189,0.0,,0.03752175380184261,2.8713318955004903,2.8573568284405035,True,28.0,1.8011013173242716e-12,9.379776055863993e-09,1.4111444269819906,284.0692489618476,7,vox,-1.0,0.318359375,1.1757049036647462,-6.769542552890054,1.0,0.002679190581618123,0.0014078820083660902,False
618,left,LCX,mid,20.0,70,discrete,"[0.65, 0.7)",0.5500957703896835,1,7,618_left_LCX_mid_20mm_70ds_discrete_clean_none,clean,,ok,True,7,2,63.351053587808714,63.351053587808714,63.351053587808714,1.0,0.5500957703896835,0.0,0.0,,0.0,2.444464685667857,2.444464685667857,True,28.0,1.1310452792969618e-11,2.0678210589146228e-08,1.4111444269819906,284.0692489618476,7,,,,,,,,,
618,left,LCX,mid,20.0,70,discrete,"[0.65, 0.7)",0.5500957703896835,1,7,618_left_LCX_mid_20mm_70ds_discrete_T5_vox_narrow_A_fixed,T5_vox_narrow,A_fixed,ok,True,7,2,63.351053587808714,63.351053587808714,63.351053587808714,1.0,0.384705733038534,-0.1653900373511495,0.0,,0.1527583817438411,2.183945307245133,2.444464685667857,True,28.0,1.0732455450538496e-11,2.0678210589146228e-08,1.4111444269819906,284.0692489618476,7,vox,1.0,0.318359375,1.1757049036647462,6.769542552890054,,,,
618,left,LCX,mid,20.0,70,discrete,"[0.65, 0.7)",0.5500957703896835,1,7,618_left_LCX_mid_20mm_70ds_discrete_T5_vox_narrow_B_rederived,T5_vox_narrow,B_rederived,ok,True,7,2,63.351053587808714,63.351053587808714,63.351053587808714,1.0,0.384705733038534,-0.1653900373511495,0.0,,0.1527583817438411,2.183945307245133,2.444464685667857,True,28.0,1.0732455450538496e-11,2.0678210589146228e-08,1.4111444269819906,284.0692489618476,7,vox,1.0,0.318359375,1.1757049036647462,6.769542552890054,,,,
618,left,LCX,mid,20.0,70,discrete,"[0.65, 0.7)",0.5500957703896835,1,7,618_left_LCX_mid_20mm_70ds_discrete_T5_vox_narrow_C_flowmatched,T5_vox_narrow,C_flowmatched,ok,True,7,2,63.351053587808714,56.829881792409154,56.829881792409154,0.8970629306683781,0.36052193275288025,-0.18957383763680324,0.0,,0.1355181496826207,2.34777109080021,2.444464685667857,True,28.0,5.788743072930095e-13,2.0678210589146228e-08,1.4111444269819906,284.0692489618476,7,vox,1.0,0.318359375,1.1757049036647462,6.769542552890054,1.0,0.023335123192997083,0.018365168893401188,False
618,left,LCX,mid,20.0,70,discrete,"[0.65, 0.7)",0.5500957703896835,1,7,618_left_LCX_mid_20mm_70ds_discrete_T5_vox_wide_A_fixed,T5_vox_wide,A_fixed,ok,True,7,2,63.351053587808714,63.351053587808714,63.351053587808714,1.0,0.684603532291983,0.13450776190229952,0.0,,0.12411608739953336,2.6561365139008295,2.444464685667857,True,27.0,1.1801088190327464e-11,2.0678210589146228e-08,1.4111444269819906,284.0692489618476,7,vox,-1.0,0.318359375,1.1757049036647462,-6.769542552890054,,,,
618,left,LCX,mid,20.0,70,discrete,"[0.65, 0.7)",0.5500957703896835,1,7,618_left_LCX_mid_20mm_70ds_discrete_T5_vox_wide_B_rederived,T5_vox_wide,B_rederived,ok,True,7,2,63.351053587808714,63.351053587808714,63.351053587808714,1.0,0.684603532291983,0.13450776190229952,0.0,,0.12411608739953336,2.6561365139008295,2.444464685667857,True,27.0,1.1801088190327464e-11,2.0678210589146228e-08,1.4111444269819906,284.0692489618476,7,vox,-1.0,0.318359375,1.1757049036647462,-6.769542552890054,,,,
618,left,LCX,mid,20.0,70,discrete,"[0.65, 0.7)",0.5500957703896835,1,7,618_left_LCX_mid_20mm_70ds_discrete_T5_vox_wide_C_flowmatched,T5_vox_wide,C_flowmatched,ok,True,7,2,63.351053587808714,71.23285471970765,71.23285471970765,1.1244146811382425,0.713433082942517,0.16333731255283346,0.0,,0.08902429678438471,2.442592752422682,2.444464685667857,True,27.0,6.7272842122215136e-12,2.0678210589146228e-08,1.4111444269819906,284.0692489618476,7,vox,-1.0,0.318359375,1.1757049036647462,-6.769542552890054,1.0,0.015404803151368605,0.00792532541795421,False
667,left,LCX,prox,10.0,65,leaky,"[0.65, 0.7)",0.6775368323996085,1,7,667_left_LCX_prox_10mm_65ds_leaky_clean_none,clean,,ok,True,7,2,16.547136347095837,16.547136347095837,16.547136347095837,1.0,0.6775368323996085,0.0,0.0,,0.0,2.5698731321845774,2.5698731321845774,True,27.0,2.724317686289415e-12,4.57949774046586e-09,1.3846759436819507,161.49393418533364,7,,,,,,,,,
667,left,LCX,prox,10.0,65,leaky,"[0.65, 0.7)",0.6775368323996085,1,7,667_left_LCX_prox_10mm_65ds_leaky_T5_vox_narrow_A_fixed,T5_vox_narrow,A_fixed,ok,True,7,2,16.547136347095837,16.547136347095837,16.547136347095837,1.0,0.4874577113368308,-0.1900791210627777,0.0,,0.2160940317513742,2.3124331691642586,2.5698731321845774,True,28.0,2.5803658572712123e-12,4.57949774046586e-09,1.3846759436819507,161.49393418533364,7,vox,1.0,0.361328125,1.0531793391953597,8.577079694614465,,,,
667,left,LCX,prox,10.0,65,leaky,"[0.65, 0.7)",0.6775368323996085,1,7,667_left_LCX_prox_10mm_65ds_leaky_T5_vox_narrow_B_rederived,T5_vox_narrow,B_rederived,ok,True,7,2,16.547136347095837,16.547136347095837,16.547136347095837,1.0,0.4874577113368308,-0.1900791210627777,0.0,,0.2160940317513742,2.3124331691642586,2.5698731321845774,True,28.0,2.5803658572712123e-12,4.57949774046586e-09,1.3846759436819507,161.49393418533364,7,vox,1.0,0.361328125,1.0531793391953597,8.577079694614465,,,,
667,left,LCX,prox,10.0,65,leaky,"[0.65, 0.7)",0.6775368323996085,1,7,667_left_LCX_prox_10mm_65ds_leaky_T5_vox_narrow_C_flowmatched,T5_vox_narrow,C_flowmatched,ok,True,7,2,16.547136347095837,15.489338937354676,15.489338937354676,0.9360736874615279,0.4692412390486153,-0.20829559335099318,0.0,,0.21065850745644807,2.436947776795559,2.5698731321845774,True,28.0,3.1045795715917443e-12,4.57949774046586e-09,1.3846759436819507,161.49393418533364,7,vox,1.0,0.361328125,1.0531793391953597,8.577079694614465,1.0,0.04669663055856392,0.044377006763778384,False
667,left,LCX,prox,10.0,65,leaky,"[0.65, 0.7)",0.6775368323996085,1,7,667_left_LCX_prox_10mm_65ds_leaky_T5_vox_wide_A_fixed,T5_vox_wide,A_fixed,ok,True,7,2,16.547136347095837,16.547136347095837,16.547136347095837,1.0,0.8055807763904408,0.1280439439908323,1.0,to_negative,0.14556849770597552,2.743293694995447,2.5698731321845774,True,27.0,2.778112659546362e-12,4.57949774046586e-09,1.3846759436819507,161.49393418533364,7,vox,-1.0,0.361328125,1.0531793391953597,-8.577079694614465,,,,
667,left,LCX,prox,10.0,65,leaky,"[0.65, 0.7)",0.6775368323996085,1,7,667_left_LCX_prox_10mm_65ds_leaky_T5_vox_wide_B_rederived,T5_vox_wide,B_rederived,ok,True,7,2,16.547136347095837,16.547136347095837,16.547136347095837,1.0,0.8055807763904408,0.1280439439908323,1.0,to_negative,0.14556849770597552,2.743293694995447,2.5698731321845774,True,27.0,2.778112659546362e-12,4.57949774046586e-09,1.3846759436819507,161.49393418533364,7,vox,-1.0,0.361328125,1.0531793391953597,-8.577079694614465,,,,
667,left,LCX,prox,10.0,65,leaky,"[0.65, 0.7)",0.6775368323996085,1,7,667_left_LCX_prox_10mm_65ds_leaky_T5_vox_wide_C_flowmatched,T5_vox_wide,C_flowmatched,ok,True,7,2,16.547136347095837,18.614874005593126,18.614874005593126,1.1249604532847277,0.8289599138654267,0.15142308146581818,1.0,to_negative,0.10692245498433392,2.4779909218501164,2.5698731321845774,True,27.0,5.06939796005222e-12,4.57949774046586e-09,1.3846759436819507,161.49393418533364,7,vox,-1.0,0.361328125,1.0531793391953597,-8.577079694614465,1.0,0.021190187524374602,0.011432411379876915,False
667,left,LCX,prox,10.0,65,discrete,"[0.65, 0.7)",0.5406013087270256,1,6,667_left_LCX_prox_10mm_65ds_discrete_clean_none,clean,,ok,True,6,2,56.09072057058699,56.09072057058699,56.09072057058699,1.0,0.5406013087270256,0.0,0.0,,0.0,2.0587459946043727,2.0587459946043727,True,27.0,6.895386180088939e-12,1.6554383303320186e-08,1.3846759436819507,161.49393418533364,6,,,,,,,,,
667,left,LCX,prox,10.0,65,discrete,"[0.65, 0.7)",0.5406013087270256,1,6,667_left_LCX_prox_10mm_65ds_discrete_T5_vox_narrow_A_fixed,T5_vox_narrow,A_fixed,ok,True,6,2,56.09072057058699,56.09072057058699,56.09072057058699,1.0,0.3644767190390211,-0.17612458968800448,0.0,,0.25675760493337446,1.6787790032808823,2.0587459946043727,True,27.0,9.569099523973283e-12,1.6554383303320186e-08,1.3846759436819507,161.49393418533364,6,vox,1.0,0.361328125,1.0531793391953597,8.577079694614465,,,,
667,left,LCX,prox,10.0,65,discrete,"[0.65, 0.7)",0.5406013087270256,1,6,667_left_LCX_prox_10mm_65ds_discrete_T5_vox_narrow_B_rederived,T5_vox_narrow,B_rederived,ok,True,6,2,56.09072057058699,56.09072057058699,56.09072057058699,1.0,0.3644767190390211,-0.17612458968800448,0.0,,0.25675760493337446,1.6787790032808823,2.0587459946043727,True,27.0,9.569099523973283e-12,1.6554383303320186e-08,1.3846759436819507,161.49393418533364,6,vox,1.0,0.361328125,1.0531793391953597,8.577079694614465,,,,
667,left,LCX,prox,10.0,65,discrete,"[0.65, 0.7)",0.5406013087270256,1,6,667_left_LCX_prox_10mm_65ds_discrete_T5_vox_narrow_C_flowmatched,T5_vox_narrow,C_flowmatched,ok,True,6,2,56.09072057058699,53.216394942504095,53.216394942504095,0.9487557728115523,0.3529016803924899,-0.18769962833453568,0.0,,0.25428710804882365,1.734225107991031,2.0587459946043727,True,27.0,8.972548422828855e-12,1.6554383303320186e-08,1.3846759436819507,161.49393418533364,6,vox,1.0,0.361328125,1.0531793391953597,8.577079694614465,1.0,0.06592446769112278,0.06466193331983411,False
667,left,LCX,prox,10.0,65,discrete,"[0.65, 0.7)",0.5406013087270256,1,6,667_left_LCX_prox_10mm_65ds_discrete_T5_vox_wide_A_fixed,T5_vox_wide,A_fixed,ok,True,6,2,56.09072057058699,56.09072057058699,56.09072057058699,1.0,0.6907331430342104,0.1501318343071848,0.0,,0.2188648971143731,2.382636833552749,2.0587459946043727,True,27.0,5.601827974117965e-12,1.6554383303320186e-08,1.3846759436819507,161.49393418533364,6,vox,-1.0,0.361328125,1.0531793391953597,-8.577079694614465,,,,
667,left,LCX,prox,10.0,65,discrete,"[0.65, 0.7)",0.5406013087270256,1,6,667_left_LCX_prox_10mm_65ds_discrete_T5_vox_wide_B_rederived,T5_vox_wide,B_rederived,ok,True,6,2,56.09072057058699,56.09072057058699,56.09072057058699,1.0,0.6907331430342104,0.1501318343071848,0.0,,0.2188648971143731,2.382636833552749,2.0587459946043727,True,27.0,5.601827974117965e-12,1.6554383303320186e-08,1.3846759436819507,161.49393418533364,6,vox,-1.0,0.361328125,1.0531793391953597,-8.577079694614465,,,,
667,left,LCX,prox,10.0,65,discrete,"[0.65, 0.7)",0.5406013087270256,1,6,667_left_LCX_prox_10mm_65ds_discrete_T5_vox_wide_C_flowmatched,T5_vox_wide,C_flowmatched,ok,True,6,2,56.09072057058699,68.09368634065925,68.09368634065925,1.2139920052367166,0.7396269744034863,0.19902566567646074,0.0,,0.16844324671529187,2.081931097372792,2.0587459946043727,True,27.0,9.809552014963498e-12,1.6554383303320186e-08,1.3846759436819507,161.49393418533364,6,vox,-1.0,0.361328125,1.0531793391953597,-8.577079694614465,1.0,0.047901843188885115,0.028373127363988688,False
754,left,LCX,mid,10.0,70,leaky,"[0.65, 0.7)",0.6597473221032089,1,6,754_left_LCX_mid_10mm_70ds_leaky_clean_none,clean,,ok,True,6,2,20.61042958413189,20.61042958413189,20.61042958413189,1.0,0.6597473221032089,0.0,0.0,,0.0,6.024094607492507,6.024094607492507,True,28.0,1.3667050044452743e-12,1.2130698054569936e-08,1.7967065991263973,298.98352816446317,6,,,,,,,,,
754,left,LCX,mid,10.0,70,leaky,"[0.65, 0.7)",0.6597473221032089,1,6,754_left_LCX_mid_10mm_70ds_leaky_T5_vox_narrow_A_fixed,T5_vox_narrow,A_fixed,ok,True,6,2,20.61042958413189,20.61042958413189,20.61042958413189,1.0,0.5114178314125701,-0.14832949069063872,0.0,,0.060819274304984766,5.816366964750022,6.024094607492507,True,28.0,8.510571244479375e-13,1.2130698054569936e-08,1.7967065991263973,298.98352816446317,6,vox,1.0,0.294921875,1.2229674992499393,6.028816693429693,,,,
754,left,LCX,mid,10.0,70,leaky,"[0.65, 0.7)",0.6597473221032089,1,6,754_left_LCX_mid_10mm_70ds_leaky_T5_vox_narrow_B_rederived,T5_vox_narrow,B_rederived,ok,True,6,2,20.61042958413189,20.61042958413189,20.61042958413189,1.0,0.5114178314125701,-0.14832949069063872,0.0,,0.060819274304984766,5.816366964750022,6.024094607492507,True,28.0,8.510571244479375e-13,1.2130698054569936e-08,1.7967065991263973,298.98352816446317,6,vox,1.0,0.294921875,1.2229674992499393,6.028816693429693,,,,
754,left,LCX,mid,10.0,70,leaky,"[0.65, 0.7)",0.6597473221032089,1,6,754_left_LCX_mid_10mm_70ds_leaky_T5_vox_narrow_C_flowmatched,T5_vox_narrow,C_flowmatched,ok,True,6,2,20.61042958413189,19.77031669959726,19.77031669959726,0.9592384583200809,0.49941838834900554,-0.16032893375420332,0.0,,0.048675657294912855,6.039522782527541,6.024094607492507,True,28.0,4.67587911799215e-13,1.2130698054569936e-08,1.7967065991263973,298.98352816446317,6,vox,1.0,0.294921875,1.2229674992499393,6.028816693429693,1.0,0.00369898412698498,0.002369319613091803,False
754,left,LCX,mid,10.0,70,leaky,"[0.65, 0.7)",0.6597473221032089,1,6,754_left_LCX_mid_10mm_70ds_leaky_T5_vox_wide_A_fixed,T5_vox_wide,A_fixed,ok,True,6,2,20.61042958413189,20.61042958413189,20.61042958413189,1.0,0.768726371975061,0.10897904987185214,0.0,,0.044684483825786506,6.176714029467708,6.024094607492507,True,28.0,4.251131141835646e-12,1.2130698054569936e-08,1.7967065991263973,298.98352816446317,6,vox,-1.0,0.294921875,1.2229674992499393,-6.028816693429693,,,,
754,left,LCX,mid,10.0,70,leaky,"[0.65, 0.7)",0.6597473221032089,1,6,754_left_LCX_mid_10mm_70ds_leaky_T5_vox_wide_B_rederived,T5_vox_wide,B_rederived,ok,True,6,2,20.61042958413189,20.61042958413189,20.61042958413189,1.0,0.768726371975061,0.10897904987185214,0.0,,0.044684483825786506,6.176714029467708,6.024094607492507,True,28.0,4.251131141835646e-12,1.2130698054569936e-08,1.7967065991263973,298.98352816446317,6,vox,-1.0,0.294921875,1.2229674992499393,-6.028816693429693,,,,
754,left,LCX,mid,10.0,70,leaky,"[0.65, 0.7)",0.6597473221032089,1,6,754_left_LCX_mid_10mm_70ds_leaky_T5_vox_wide_C_flowmatched,T5_vox_wide,C_flowmatched,ok,True,6,2,20.61042958413189,21.303099819382677,21.303099819382677,1.0336077534154882,0.7766397016795354,0.11689237957632659,0.0,,0.03266370884271172,5.991526065105427,6.024094607492507,True,28.0,4.774126377479825e-13,1.2130698054569936e-08,1.7967065991263973,298.98352816446317,6,vox,-1.0,0.294921875,1.2229674992499393,-6.028816693429693,1.0,0.0019967030947769756,0.0010669178753614438,False
844,left,LCX,mid,20.0,75,leaky,"[0.65, 0.7)",0.6549668298467842,1,5,844_left_LCX_mid_20mm_75ds_leaky_clean_none,clean,,ok,True,5,2,42.87981173240246,42.87981173240246,42.87981173240246,1.0,0.6549668298467842,0.0,0.0,,0.0,3.8349030264416246,3.8349030264416246,True,28.0,1.0406731035351544e-11,1.5602038035222808e-08,1.5308056708365034,260.2657338451194,5,,,,,,,,,
844,left,LCX,mid,20.0,75,leaky,"[0.65, 0.7)",0.6549668298467842,1,5,844_left_LCX_mid_20mm_75ds_leaky_T5_vox_narrow_A_fixed,T5_vox_narrow,A_fixed,ok,True,5,2,42.87981173240246,42.87981173240246,42.87981173240246,1.0,0.3656040082947657,-0.28936282155201853,0.0,,0.16818392157957884,3.6532340416332767,3.8349030264416246,True,28.0,2.2895088148302464e-11,1.5602038035222808e-08,1.5308056708365034,260.2657338451194,5,vox,1.0,0.40429687500000006,1.148589789118018,8.7998534992735,,,,
844,left,LCX,mid,20.0,75,leaky,"[0.65, 0.7)",0.6549668298467842,1,5,844_left_LCX_mid_20mm_75ds_leaky_T5_vox_narrow_B_rederived,T5_vox_narrow,B_rederived,ok,True,5,2,42.87981173240246,42.87981173240246,42.87981173240246,1.0,0.3656040082947657,-0.28936282155201853,0.0,,0.16818392157957884,3.6532340416332767,3.8349030264416246,True,28.0,2.2895088148302464e-11,1.5602038035222808e-08,1.5308056708365034,260.2657338451194,5,vox,1.0,0.40429687500000006,1.148589789118018,8.7998534992735,,,,
844,left,LCX,mid,20.0,75,leaky,"[0.65, 0.7)",0.6549668298467842,1,5,844_left_LCX_mid_20mm_75ds_leaky_T5_vox_narrow_C_flowmatched,T5_vox_narrow,C_flowmatched,ok,True,5,2,42.87981173240246,38.84694473270493,38.84694473270493,0.9059495171092352,0.34324076980296814,-0.3117260600438161,0.0,,0.14616282802483738,4.009356799354767,3.8349030264416246,True,28.0,1.1599875082800436e-11,1.5602038035222808e-08,1.5308056708365034,260.2657338451194,5,vox,1.0,0.40429687500000006,1.148589789118018,8.7998534992735,1.0,0.02828583147788593,0.02136357229621819,False
844,left,LCX,mid,20.0,75,leaky,"[0.65, 0.7)",0.6549668298467842,1,5,844_left_LCX_mid_20mm_75ds_leaky_T5_vox_wide_A_fixed,T5_vox_wide,A_fixed,ok,True,5,2,42.87981173240246,42.87981173240246,42.87981173240246,1.0,0.8181338879009222,0.163167058054138,1.0,to_negative,0.09487028754848807,3.937380056534256,3.8349030264416246,True,28.0,1.2668126634660833e-11,1.5602038035222808e-08,1.5308056708365034,260.2657338451194,5,vox,-1.0,0.40429687500000006,1.148589789118018,-8.7998534992735,,,,
844,left,LCX,mid,20.0,75,leaky,"[0.65, 0.7)",0.6549668298467842,1,5,844_left_LCX_mid_20mm_75ds_leaky_T5_vox_wide_B_rederived,T5_vox_wide,B_rederived,ok,True,5,2,42.87981173240246,42.87981173240246,42.87981173240246,1.0,0.8181338879009222,0.163167058054138,1.0,to_negative,0.09487028754848807,3.937380056534256,3.8349030264416246,True,28.0,1.2668126634660833e-11,1.5602038035222808e-08,1.5308056708365034,260.2657338451194,5,vox,-1.0,0.40429687500000006,1.148589789118018,-8.7998534992735,,,,
844,left,LCX,mid,20.0,75,leaky,"[0.65, 0.7)",0.6549668298467842,1,5,844_left_LCX_mid_20mm_75ds_leaky_T5_vox_wide_C_flowmatched,T5_vox_wide,C_flowmatched,ok,True,5,2,42.87981173240246,46.03806561204251,46.03806561204251,1.0736536321416144,0.8308152742475433,0.17584844440075909,1.0,to_negative,0.067143289515717,3.6792498614719955,3.8349030264416246,True,28.0,7.210802053767368e-12,1.5602038035222808e-08,1.5308056708365034,260.2657338451194,5,vox,-1.0,0.40429687500000006,1.148589789118018,-8.7998534992735,1.0,0.009000371459532811,0.004508221326991394,False
844,left,LCX,mid,20.0,75,discrete,"[0.65, 0.7)",0.4027019573312155,1,5,844_left_LCX_mid_20mm_75ds_discrete_clean_none,clean,,ok,True,5,2,37.25418340605663,37.25418340605663,37.25418340605663,1.0,0.4027019573312155,0.0,0.0,,0.0,2.807409928089819,2.807409928089819,True,27.0,1.4377091881822596e-11,1.4775682557397498e-08,1.5308056708365034,260.2657338451194,5,,,,,,,,,
844,left,LCX,mid,20.0,75,discrete,"[0.65, 0.7)",0.4027019573312155,1,5,844_left_LCX_mid_20mm_75ds_discrete_T5_vox_narrow_A_fixed,T5_vox_narrow,A_fixed,ok,True,5,2,37.25418340605663,37.25418340605663,37.25418340605663,1.0,0.20048549006951627,-0.20221646726169923,0.0,,0.4111940728869226,2.4772407491645665,2.807409928089819,True,27.0,2.669587014470924e-11,1.4775682557397498e-08,1.5308056708365034,260.2657338451194,5,vox,1.0,0.40429687500000006,1.148589789118018,8.7998534992735,,,,
844,left,LCX,mid,20.0,75,discrete,"[0.65, 0.7)",0.4027019573312155,1,5,844_left_LCX_mid_20mm_75ds_discrete_T5_vox_narrow_B_rederived,T5_vox_narrow,B_rederived,ok,True,5,2,37.25418340605663,37.25418340605663,37.25418340605663,1.0,0.20048549006951627,-0.20221646726169923,0.0,,0.4111940728869226,2.4772407491645665,2.807409928089819,True,27.0,2.669587014470924e-11,1.4775682557397498e-08,1.5308056708365034,260.2657338451194,5,vox,1.0,0.40429687500000006,1.148589789118018,8.7998534992735,,,,
844,left,LCX,mid,20.0,75,discrete,"[0.65, 0.7)",0.4027019573312155,1,5,844_left_LCX_mid_20mm_75ds_discrete_T5_vox_narrow_C_flowmatched,T5_vox_narrow,C_flowmatched,ok,True,5,2,37.25418340605663,35.86789751151515,35.86789751151515,0.962788450375318,0.1960577084136134,-0.2066442489176021,0.0,,0.41060897250477807,2.545625492543464,2.807409928089819,True,27.0,2.446891168444315e-11,1.4775682557397498e-08,1.5308056708365034,260.2657338451194,5,vox,1.0,0.40429687500000006,1.148589789118018,8.7998534992735,1.0,0.16908056557733583,0.16859972830142958,False
844,left,LCX,mid,20.0,75,discrete,"[0.65, 0.7)",0.4027019573312155,1,5,844_left_LCX_mid_20mm_75ds_discrete_T5_vox_wide_A_fixed,T5_vox_wide,A_fixed,ok,True,5,2,37.25418340605663,37.25418340605663,37.25418340605663,1.0,0.5966167339191895,0.19391477658797396,0.0,,0.3924930052627184,3.122563014024577,2.807409928089819,True,27.0,2.008248141635667e-11,1.4775682557397498e-08,1.5308056708365034,260.2657338451194,5,vox,-1.0,0.40429687500000006,1.148589789118018,-8.7998534992735,,,,
844,left,LCX,mid,20.0,75,discrete,"[0.65, 0.7)",0.4027019573312155,1,5,844_left_LCX_mid_20mm_75ds_discrete_T5_vox_wide_B_rederived,T5_vox_wide,B_rederived,ok,True,5,2,37.25418340605663,37.25418340605663,37.25418340605663,1.0,0.5966167339191895,0.19391477658797396,0.0,,0.3924930052627184,3.122563014024577,2.807409928089819,True,27.0,2.008248141635667e-11,1.4775682557397498e-08,1.5308056708365034,260.2657338451194,5,vox,-1.0,0.40429687500000006,1.148589789118018,-8.7998534992735,,,,
844,left,LCX,mid,20.0,75,discrete,"[0.65, 0.7)",0.4027019573312155,1,5,844_left_LCX_mid_20mm_75ds_discrete_T5_vox_wide_C_flowmatched,T5_vox_wide,C_flowmatched,ok,True,5,2,37.25418340605663,57.42890770978501,57.42890770978501,1.5415425184289089,0.7059583871494959,0.3032564298182804,0.0,,0.2757376484277243,2.2788386031889276,2.807409928089819,True,27.0,2.9835958799784226e-11,1.4775682557397498e-08,1.5308056708365034,260.2657338451194,5,vox,-1.0,0.40429687500000006,1.148589789118018,-8.7998534992735,1.0,0.1540507591801603,0.07603125076045128,False
932,left,LCX,prox,10.0,70,leaky,"[0.65, 0.7)",0.6797448460913936,1,5,932_left_LCX_prox_10mm_70ds_leaky_clean_none,clean,,ok,True,5,2,18.044616187625895,18.044616187625895,18.044616187625895,1.0,0.6797448460913936,0.0,0.0,,0.0,3.071415617880994,3.071415617880994,True,28.0,1.0403913187655164e-11,5.743684735156685e-09,1.4537975061948025,260.91870863990056,5,,,,,,,,,
932,left,LCX,prox,10.0,70,leaky,"[0.65, 0.7)",0.6797448460913936,1,5,932_left_LCX_prox_10mm_70ds_leaky_T5_vox_narrow_A_fixed,T5_vox_narrow,A_fixed,ok,True,5,2,18.044616187625895,18.044616187625895,18.044616187625895,1.0,0.5095635275057032,-0.1701813185856904,0.0,,0.1458034469016481,2.864858084556481,3.071415617880994,True,28.0,1.4799270821439008e-11,5.743684735156685e-09,1.4537975061948025,260.91870863990056,5,vox,1.0,0.318359375,1.1920805220150867,6.67654930016487,,,,
932,left,LCX,prox,10.0,70,leaky,"[0.65, 0.7)",0.6797448460913936,1,5,932_left_LCX_prox_10mm_70ds_leaky_T5_vox_narrow_B_rederived,T5_vox_narrow,B_rederived,ok,True,5,2,18.044616187625895,18.044616187625895,18.044616187625895,1.0,0.5095635275057032,-0.1701813185856904,0.0,,0.1458034469016481,2.864858084556481,3.071415617880994,True,28.0,1.4799270821439008e-11,5.743684735156685e-09,1.4537975061948025,260.91870863990056,5,vox,1.0,0.318359375,1.1920805220150867,6.67654930016487,,,,
932,left,LCX,prox,10.0,70,leaky,"[0.65, 0.7)",0.6797448460913936,1,5,932_left_LCX_prox_10mm_70ds_leaky_T5_vox_narrow_C_flowmatched,T5_vox_narrow,C_flowmatched,ok,True,5,2,18.044616187625895,16.727614590157092,16.727614590157092,0.9270141529321119,0.4883248712715796,-0.19141997481981404,0.0,,0.1333609869518796,3.052969204765123,3.071415617880994,True,28.0,1.819488404738448e-12,5.743684735156685e-09,1.4537975061948025,260.91870863990056,5,vox,1.0,0.318359375,1.1920805220150867,6.67654930016487,1.0,0.021258645128401716,0.017785152840779396,False
932,left,LCX,prox,10.0,70,leaky,"[0.65, 0.7)",0.6797448460913936,1,5,932_left_LCX_prox_10mm_70ds_leaky_T5_vox_wide_A_fixed,T5_vox_wide,A_fixed,ok,True,5,2,18.044616187625895,18.044616187625895,18.044616187625895,1.0,0.7979228843742339,0.11817803828284024,0.0,,0.10124519281289769,3.214848147991768,3.071415617880994,True,28.0,8.590347332433296e-12,5.743684735156685e-09,1.4537975061948025,260.91870863990056,5,vox,-1.0,0.318359375,1.1920805220150867,-6.67654930016487,,,,
932,left,LCX,prox,10.0,70,leaky,"[0.65, 0.7)",0.6797448460913936,1,5,932_left_LCX_prox_10mm_70ds_leaky_T5_vox_wide_B_rederived,T5_vox_wide,B_rederived,ok,True,5,2,18.044616187625895,18.044616187625895,18.044616187625895,1.0,0.7979228843742339,0.11817803828284024,0.0,,0.10124519281289769,3.214848147991768,3.071415617880994,True,28.0,8.590347332433296e-12,5.743684735156685e-09,1.4537975061948025,260.91870863990056,5,vox,-1.0,0.318359375,1.1920805220150867,-6.67654930016487,,,,
932,left,LCX,prox,10.0,70,leaky,"[0.65, 0.7)",0.6797448460913936,1,5,932_left_LCX_prox_10mm_70ds_leaky_T5_vox_wide_C_flowmatched,T5_vox_wide,C_flowmatched,ok,True,5,2,18.044616187625895,19.510994033192695,19.510994033192695,1.081264008628367,0.8143106767284222,0.13456583063702854,1.0,to_negative,0.07499022166324673,3.000591185388373,3.071415617880994,True,28.0,3.455778111587371e-12,5.743684735156685e-09,1.4537975061948025,260.91870863990056,5,vox,-1.0,0.318359375,1.1920805220150867,-6.67654930016487,1.0,0.01025058906772083,0.00562353334510288,False
932,left,LCX,prox,10.0,70,discrete,"[0.65, 0.7)",0.5715659130683637,1,5,932_left_LCX_prox_10mm_70ds_discrete_clean_none,clean,,ok,True,5,2,44.804863494030606,44.804863494030606,44.804863494030606,1.0,0.5715659130683637,0.0,0.0,,0.0,2.5338621280647633,2.5338621280647633,True,27.0,2.5026271514079953e-12,1.6538973127306995e-08,1.4537975061948025,260.91870863990056,5,,,,,,,,,
932,left,LCX,prox,10.0,70,discrete,"[0.65, 0.7)",0.5715659130683637,1,5,932_left_LCX_prox_10mm_70ds_discrete_T5_vox_narrow_A_fixed,T5_vox_narrow,A_fixed,ok,True,5,2,44.804863494030606,44.804863494030606,44.804863494030606,1.0,0.40756378078809796,-0.16400213228026572,0.0,,0.22352167972135406,2.246670747968307,2.5338621280647633,True,28.0,4.192428455297933e-13,1.6538973127306995e-08,1.4537975061948025,260.91870863990056,5,vox,1.0,0.318359375,1.1920805220150867,6.67654930016487,,,,
932,left,LCX,prox,10.0,70,discrete,"[0.65, 0.7)",0.5715659130683637,1,5,932_left_LCX_prox_10mm_70ds_discrete_T5_vox_narrow_B_rederived,T5_vox_narrow,B_rederived,ok,True,5,2,44.804863494030606,44.804863494030606,44.804863494030606,1.0,0.40756378078809796,-0.16400213228026572,0.0,,0.22352167972135406,2.246670747968307,2.5338621280647633,True,28.0,4.192428455297933e-13,1.6538973127306995e-08,1.4537975061948025,260.91870863990056,5,vox,1.0,0.318359375,1.1920805220150867,6.67654930016487,,,,
932,left,LCX,prox,10.0,70,discrete,"[0.65, 0.7)",0.5715659130683637,1,5,932_left_LCX_prox_10mm_70ds_discrete_T5_vox_narrow_C_flowmatched,T5_vox_narrow,C_flowmatched,ok,True,5,2,44.804863494030606,41.97939522661022,41.97939522661022,0.9369383578682965,0.39416022504663567,-0.17740568802172801,0.0,,0.2201403856248203,2.33912766626589,2.5338621280647633,True,28.0,6.769013556366027e-12,1.6538973127306995e-08,1.4537975061948025,260.91870863990056,5,vox,1.0,0.318359375,1.1920805220150867,6.67654930016487,1.0,0.04996194130545559,0.048461789383044594,False
932,left,LCX,prox,10.0,70,discrete,"[0.65, 0.7)",0.5715659130683637,1,5,932_left_LCX_prox_10mm_70ds_discrete_T5_vox_wide_A_fixed,T5_vox_wide,A_fixed,ok,True,5,2,44.804863494030606,44.804863494030606,44.804863494030606,1.0,0.7065057195061588,0.13493980643779513,0.0,,0.1830932438735991,2.769109113781921,2.5338621280647633,True,27.0,2.512857159388223e-13,1.6538973127306995e-08,1.4537975061948025,260.91870863990056,5,vox,-1.0,0.318359375,1.1920805220150867,-6.67654930016487,,,,
932,left,LCX,prox,10.0,70,discrete,"[0.65, 0.7)",0.5715659130683637,1,5,932_left_LCX_prox_10mm_70ds_discrete_T5_vox_wide_B_rederived,T5_vox_wide,B_rederived,ok,True,5,2,44.804863494030606,44.804863494030606,44.804863494030606,1.0,0.7065057195061588,0.13493980643779513,0.0,,0.1830932438735991,2.769109113781921,2.5338621280647633,True,27.0,2.512857159388223e-13,1.6538973127306995e-08,1.4537975061948025,260.91870863990056,5,vox,-1.0,0.318359375,1.1920805220150867,-6.67654930016487,,,,
932,left,LCX,prox,10.0,70,discrete,"[0.65, 0.7)",0.5715659130683637,1,5,932_left_LCX_prox_10mm_70ds_discrete_T5_vox_wide_C_flowmatched,T5_vox_wide,C_flowmatched,ok,True,5,2,44.804863494030606,53.518843078401225,53.518843078401225,1.1944873592915106,0.7450185698374044,0.17345265676904076,0.0,,0.14334886933566612,2.460378186582017,2.5338621280647633,True,27.0,5.026333389458597e-14,1.6538973127306995e-08,1.4537975061948025,260.91870863990056,5,vox,-1.0,0.318359375,1.1920805220150867,-6.67654930016487,1.0,0.03352313595215723,0.02054889833981388,False
973,left,LCX,prox,10.0,70,leaky,"[0.65, 0.7)",0.6871519314272377,1,7,973_left_LCX_prox_10mm_70ds_leaky_clean_none,clean,,ok,True,7,2,14.990746855925224,14.990746855925224,14.990746855925224,1.0,0.6871519314272377,0.0,0.0,,0.0,7.977921098762758,7.977921098762758,True,28.0,1.2512174228384556e-11,1.111835092366762e-08,1.9445972218199494,164.106052869753,7,,,,,,,,,
973,left,LCX,prox,10.0,70,leaky,"[0.65, 0.7)",0.6871519314272377,1,7,973_left_LCX_prox_10mm_70ds_leaky_T5_vox_narrow_A_fixed,T5_vox_narrow,A_fixed,ok,True,7,2,14.990746855925224,14.990746855925224,14.990746855925224,1.0,0.46446355354907903,-0.2226883778781587,0.0,,0.043172592880401026,7.779130117197631,7.977921098762758,True,28.0,1.2912925965682237e-11,1.111835092366762e-08,1.9445972218199494,164.106052869753,7,vox,1.0,0.357421875,1.0492283340872153,8.516303443876733,,,,
973,left,LCX,prox,10.0,70,leaky,"[0.65, 0.7)",0.6871519314272377,1,7,973_left_LCX_prox_10mm_70ds_leaky_T5_vox_narrow_B_rederived,T5_vox_narrow,B_rederived,ok,True,7,2,14.990746855925224,14.990746855925224,14.990746855925224,1.0,0.46446355354907903,-0.2226883778781587,0.0,,0.043172592880401026,7.779130117197631,7.977921098762758,True,28.0,1.2912925965682237e-11,1.111835092366762e-08,1.9445972218199494,164.106052869753,7,vox,1.0,0.357421875,1.0492283340872153,8.516303443876733,,,,
973,left,LCX,prox,10.0,70,leaky,"[0.65, 0.7)",0.6871519314272377,1,7,973_left_LCX_prox_10mm_70ds_leaky_T5_vox_narrow_C_flowmatched,T5_vox_narrow,C_flowmatched,ok,True,7,2,14.990746855925224,14.544985777240756,14.544985777240756,0.9702642514766849,0.45623055094610204,-0.2309213804811357,0.0,,0.032739761007309805,8.005949580594725,7.977921098762758,True,28.0,1.1436603808788816e-11,1.111835092366762e-08,1.9445972218199494,164.106052869753,7,vox,1.0,0.357421875,1.0492283340872153,8.516303443876733,1.0,0.0018638727760168533,0.0010718919508157635,False
973,left,LCX,prox,10.0,70,leaky,"[0.65, 0.7)",0.6871519314272377,1,7,973_left_LCX_prox_10mm_70ds_leaky_T5_vox_wide_A_fixed,T5_vox_wide,A_fixed,ok,True,7,2,14.990746855925224,14.990746855925224,14.990746855925224,1.0,0.8250756136164441,0.13792368218920636,1.0,to_negative,0.026740552567311997,8.101049693503207,7.977921098762758,True,28.0,1.2890170996870867e-11,1.111835092366762e-08,1.9445972218199494,164.106052869753,7,vox,-1.0,0.357421875,1.0492283340872153,-8.516303443876733,,,,
973,left,LCX,prox,10.0,70,leaky,"[0.65, 0.7)",0.6871519314272377,1,7,973_left_LCX_prox_10mm_70ds_leaky_T5_vox_wide_B_rederived,T5_vox_wide,B_rederived,ok,True,7,2,14.990746855925224,14.990746855925224,14.990746855925224,1.0,0.8250756136164441,0.13792368218920636,1.0,to_negative,0.026740552567311997,8.101049693503207,7.977921098762758,True,28.0,1.2890170996870867e-11,1.111835092366762e-08,1.9445972218199494,164.106052869753,7,vox,-1.0,0.357421875,1.0492283340872153,-8.516303443876733,,,,
973,left,LCX,prox,10.0,70,leaky,"[0.65, 0.7)",0.6871519314272377,1,7,973_left_LCX_prox_10mm_70ds_leaky_T5_vox_wide_C_flowmatched,T5_vox_wide,C_flowmatched,ok,True,7,2,14.990746855925224,15.284259053401332,15.284259053401332,1.019579557996478,0.828818200511156,0.14166626908391822,1.0,to_negative,0.01909142171115003,7.951365219221135,7.977921098762758,True,28.0,1.051397533923035e-11,1.111835092366762e-08,1.9445972218199494,164.106052869753,7,vox,-1.0,0.357421875,1.0492283340872153,-8.516303443876733,1.0,0.0007150571516051763,0.0003644823829529707,False
973,left,LCX,prox,10.0,70,discrete,"[0.65, 0.7)",0.3746029451283853,1,7,973_left_LCX_prox_10mm_70ds_discrete_clean_none,clean,,ok,True,7,2,23.448617200064824,23.448617200064824,23.448617200064824,1.0,0.3746029451283853,0.0,0.0,,0.0,6.384847350776632,6.384847350776632,True,28.0,1.607106006752051e-11,2.1439219609748993e-08,1.9445972218199494,164.106052869753,7,,,,,,,,,
973,left,LCX,prox,10.0,70,discrete,"[0.65, 0.7)",0.3746029451283853,1,7,973_left_LCX_prox_10mm_70ds_discrete_T5_vox_narrow_A_fixed,T5_vox_narrow,A_fixed,ok,True,7,2,23.448617200064824,23.448617200064824,23.448617200064824,1.0,0.22495178192532003,-0.1496511632030653,0.0,,0.1420707815051928,5.977315873554597,6.384847350776632,True,28.0,1.7116898598501415e-11,2.1439219609748993e-08,1.9445972218199494,164.106052869753,7,vox,1.0,0.357421875,1.0492283340872153,8.516303443876733,,,,
973,left,LCX,prox,10.0,70,discrete,"[0.65, 0.7)",0.3746029451283853,1,7,973_left_LCX_prox_10mm_70ds_discrete_T5_vox_narrow_B_rederived,T5_vox_narrow,B_rederived,ok,True,7,2,23.448617200064824,23.448617200064824,23.448617200064824,1.0,0.22495178192532003,-0.1496511632030653,0.0,,0.1420707815051928,5.977315873554597,6.384847350776632,True,28.0,1.7116898598501415e-11,2.1439219609748993e-08,1.9445972218199494,164.106052869753,7,vox,1.0,0.357421875,1.0492283340872153,8.516303443876733,,,,
973,left,LCX,prox,10.0,70,discrete,"[0.65, 0.7)",0.3746029451283853,1,7,973_left_LCX_prox_10mm_70ds_discrete_T5_vox_narrow_C_flowmatched,T5_vox_narrow,C_flowmatched,ok,True,7,2,23.448617200064824,20.751529188158983,20.751529188158983,0.8849788032746603,0.21049266960539245,-0.16411027552299287,0.0,,0.11657182672860635,6.524315712268727,6.384847350776632,True,28.0,1.6135690166630593e-11,2.1439219609748993e-08,1.9445972218199494,164.106052869753,7,vox,1.0,0.357421875,1.0492283340872153,8.516303443876733,1.0,0.020184106957496232,0.01358899078684422,False
973,left,LCX,prox,10.0,70,discrete,"[0.65, 0.7)",0.3746029451283853,1,7,973_left_LCX_prox_10mm_70ds_discrete_T5_vox_wide_A_fixed,T5_vox_wide,A_fixed,ok,True,7,2,23.448617200064824,23.448617200064824,23.448617200064824,1.0,0.5329657530210012,0.15836280789261592,0.0,,0.15034106598116959,6.8161022228715495,6.384847350776632,True,28.0,1.510618850796146e-11,2.1439219609748993e-08,1.9445972218199494,164.106052869753,7,vox,-1.0,0.357421875,1.0492283340872153,-8.516303443876733,,,,
973,left,LCX,prox,10.0,70,discrete,"[0.65, 0.7)",0.3746029451283853,1,7,973_left_LCX_prox_10mm_70ds_discrete_T5_vox_wide_B_rederived,T5_vox_wide,B_rederived,ok,True,7,2,23.448617200064824,23.448617200064824,23.448617200064824,1.0,0.5329657530210012,0.15836280789261592,0.0,,0.15034106598116959,6.8161022228715495,6.384847350776632,True,28.0,1.510618850796146e-11,2.1439219609748993e-08,1.9445972218199494,164.106052869753,7,vox,-1.0,0.357421875,1.0492283340872153,-8.516303443876733,,,,
973,left,LCX,prox,10.0,70,discrete,"[0.65, 0.7)",0.3746029451283853,1,7,973_left_LCX_prox_10mm_70ds_discrete_T5_vox_wide_C_flowmatched,T5_vox_wide,C_flowmatched,ok,True,7,2,23.448617200064824,27.17870695808844,27.17870695808844,1.1590750416622992,0.5698650631589036,0.1952621180305183,0.0,,0.10994347020741654,6.148869590551342,6.384847350776632,True,28.0,1.8332198451707237e-11,2.1439219609748993e-08,1.9445972218199494,164.106052869753,7,vox,-1.0,0.357421875,1.0492283340872153,-8.516303443876733,1.0,0.022602436120354386,0.012087566641249088,False
284,right,RCA,prox,20.0,60,leaky,"[0.65, 0.7)",0.6698010887766785,1,3,284_right_RCA_prox_20mm_60ds_leaky_clean_none,clean,,ok,True,3,2,11.164392449161415,11.164392449161415,11.164392449161415,1.0,0.6698010887766785,0.0,0.0,,0.0,2.247738466484292,2.247738466484292,True,26.0,4.294067382785613e-12,3.3130870170540986e-09,1.3975343861287446,131.02452666999108,3,,,,,,,,,
284,right,RCA,prox,20.0,60,leaky,"[0.65, 0.7)",0.6698010887766785,1,3,284_right_RCA_prox_20mm_60ds_leaky_T5_vox_narrow_A_fixed,T5_vox_narrow,A_fixed,ok,True,3,2,11.164392449161415,11.164392449161415,11.164392449161415,1.0,0.5340764317446814,-0.1357246570319971,0.0,,0.22096156942357997,1.8691648465955104,2.247738466484292,True,26.0,2.547218992047921e-12,3.3130870170540986e-09,1.3975343861287446,131.02452666999108,3,vox,1.0,0.365234375,1.3016016016690255,7.0150953742616995,,,,
284,right,RCA,prox,20.0,60,leaky,"[0.65, 0.7)",0.6698010887766785,1,3,284_right_RCA_prox_20mm_60ds_leaky_T5_vox_narrow_B_rederived,T5_vox_narrow,B_rederived,ok,True,3,2,11.164392449161415,11.164392449161415,11.164392449161415,1.0,0.5340764317446814,-0.1357246570319971,0.0,,0.22096156942357997,1.8691648465955104,2.247738466484292,True,26.0,2.547218992047921e-12,3.3130870170540986e-09,1.3975343861287446,131.02452666999108,3,vox,1.0,0.365234375,1.3016016016690255,7.0150953742616995,,,,
284,right,RCA,prox,20.0,60,leaky,"[0.65, 0.7)",0.6698010887766785,1,3,284_right_RCA_prox_20mm_60ds_leaky_T5_vox_narrow_C_flowmatched,T5_vox_narrow,C_flowmatched,ok,True,3,2,11.164392449161415,4.759190640041821,4.759190640041821,0.4262829940557397,0.328641748452591,-0.34115934032408757,0.0,,0.12274141527191834,2.9064318201656905,2.247738466484292,True,27.0,3.052333624864516e-12,3.3130870170540986e-09,1.3975343861287446,131.02452666999108,3,vox,1.0,0.365234375,1.3016016016690255,7.0150953742616995,1.0,0.04882401516213155,0.015065455022953509,False
284,right,RCA,prox,20.0,60,leaky,"[0.65, 0.7)",0.6698010887766785,1,3,284_right_RCA_prox_20mm_60ds_leaky_T5_vox_wide_A_fixed,T5_vox_wide,A_fixed,ok,True,3,2,11.164392449161415,11.164392449161415,11.164392449161415,1.0,0.7727673058373496,0.1029662170606711,0.0,,0.16763038799927374,2.534958339485451,2.247738466484292,True,26.0,4.9406055172663194e-12,3.3130870170540986e-09,1.3975343861287446,131.02452666999108,3,vox,-1.0,0.365234375,1.3016016016690255,-7.0150953742616995,,,,
284,right,RCA,prox,20.0,60,leaky,"[0.65, 0.7)",0.6698010887766785,1,3,284_right_RCA_prox_20mm_60ds_leaky_T5_vox_wide_B_rederived,T5_vox_wide,B_rederived,ok,True,3,2,11.164392449161415,11.164392449161415,11.164392449161415,1.0,0.7727673058373496,0.1029662170606711,0.0,,0.16763038799927374,2.534958339485451,2.247738466484292,True,26.0,4.9406055172663194e-12,3.3130870170540986e-09,1.3975343861287446,131.02452666999108,3,vox,-1.0,0.365234375,1.3016016016690255,-7.0150953742616995,,,,
284,right,RCA,prox,20.0,60,leaky,"[0.65, 0.7)",0.6698010887766785,1,3,284_right_RCA_prox_20mm_60ds_leaky_T5_vox_wide_C_flowmatched,T5_vox_wide,C_flowmatched,ok,True,3,2,11.164392449161415,14.426762842962441,14.426762842962441,1.292212084863254,0.8245601116312714,0.15475902285459286,1.0,to_negative,0.0029220579898112642,2.098442717992721,2.247738466484292,True,26.0,1.251309894701371e-13,3.3130870170540986e-09,1.3975343861287446,131.02452666999108,3,vox,-1.0,0.365234375,1.3016016016690255,-7.0150953742616995,2.0,0.028099946980787056,8.538422895819846e-06,False
284,right,RCA,prox,20.0,60,discrete,"[0.65, 0.7)",0.6273911248709175,1,3,284_right_RCA_prox_20mm_60ds_discrete_clean_none,clean,,ok,True,3,2,21.924463870372627,21.924463870372627,21.924463870372627,1.0,0.6273911248709175,0.0,0.0,,0.0,1.8454208172826918,1.8454208172826918,True,21.0,1.598438801160026e-13,9.430872079636555e-09,1.3975343861287446,131.02452666999108,3,,,,,,,,,
284,right,RCA,prox,20.0,60,discrete,"[0.65, 0.7)",0.6273911248709175,1,3,284_right_RCA_prox_20mm_60ds_discrete_T5_vox_narrow_A_fixed,T5_vox_narrow,A_fixed,ok,True,3,2,21.924463870372627,21.924463870372627,21.924463870372627,1.0,0.49265018252539156,-0.13474094234552597,0.0,,0.23562882334661875,1.4105864815265439,1.8454208172826918,True,18.0,4.979503778814649e-13,9.430872079636555e-09,1.3975343861287446,131.02452666999108,3,vox,1.0,0.365234375,1.3016016016690255,7.0150953742616995,,,,
284,right,RCA,prox,20.0,60,discrete,"[0.65, 0.7)",0.6273911248709175,1,3,284_right_RCA_prox_20mm_60ds_discrete_T5_vox_narrow_B_rederived,T5_vox_narrow,B_rederived,ok,True,3,2,21.924463870372627,21.924463870372627,21.924463870372627,1.0,0.49265018252539156,-0.13474094234552597,0.0,,0.23562882334661875,1.4105864815265439,1.8454208172826918,True,18.0,4.979503778814649e-13,9.430872079636555e-09,1.3975343861287446,131.02452666999108,3,vox,1.0,0.365234375,1.3016016016690255,7.0150953742616995,,,,
284,right,RCA,prox,20.0,60,discrete,"[0.65, 0.7)",0.6273911248709175,1,3,284_right_RCA_prox_20mm_60ds_discrete_T5_vox_narrow_C_flowmatched,T5_vox_narrow,C_flowmatched,ok,True,3,2,21.924463870372627,8.929439398898825,8.929439398898825,0.407281995659904,0.36408951727773853,-0.263301607593179,0.0,,0.1666376642587838,1.6189125690540762,1.8454208172826918,True,15.0,6.454462331879536e-12,9.430872079636555e-09,1.3975343861287446,131.02452666999108,3,vox,1.0,0.365234375,1.3016016016690255,7.0150953742616995,1.0,0.05552094239171207,0.027768111149623152,False
284,right,RCA,prox,20.0,60,discrete,"[0.65, 0.7)",0.6273911248709175,1,3,284_right_RCA_prox_20mm_60ds_discrete_T5_vox_wide_A_fixed,T5_vox_wide,A_fixed,ok,True,3,2,21.924463870372627,21.924463870372627,21.924463870372627,1.0,0.7354403068284664,0.10804918195754887,0.0,,0.1889514884267974,2.1941158274780355,1.8454208172826918,True,23.0,1.994321425840733e-12,9.430872079636555e-09,1.3975343861287446,131.02452666999108,3,vox,-1.0,0.365234375,1.3016016016690255,-7.0150953742616995,,,,
284,right,RCA,prox,20.0,60,discrete,"[0.65, 0.7)",0.6273911248709175,1,3,284_right_RCA_prox_20mm_60ds_discrete_T5_vox_wide_B_rederived,T5_vox_wide,B_rederived,ok,True,3,2,21.924463870372627,21.924463870372627,21.924463870372627,1.0,0.7354403068284664,0.10804918195754887,0.0,,0.1889514884267974,2.1941158274780355,1.8454208172826918,True,23.0,1.994321425840733e-12,9.430872079636555e-09,1.3975343861287446,131.02452666999108,3,vox,-1.0,0.365234375,1.3016016016690255,-7.0150953742616995,,,,
284,right,RCA,prox,20.0,60,discrete,"[0.65, 0.7)",0.6273911248709175,1,3,284_right_RCA_prox_20mm_60ds_discrete_T5_vox_wide_C_flowmatched,T5_vox_wide,C_flowmatched,ok,True,3,2,21.924463870372627,32.44590658591604,32.44590658591604,1.4798950969907843,0.7979396976349652,0.17054857276404767,0.0,,0.03337221492730796,1.8362051107736905,1.8454208172826918,True,25.0,1.1022653273257357e-12,9.430872079636555e-09,1.3975343861287446,131.02452666999108,3,vox,-1.0,0.365234375,1.3016016016690255,-7.0150953742616995,1.0,0.035702664978702156,0.0011137047291544361,False
300,right,RCA,mid,20.0,60,leaky,"[0.65, 0.7)",0.6864947273120777,1,2,300_right_RCA_mid_20mm_60ds_leaky_clean_none,clean,,ok,True,2,2,9.249435054311807,9.249435054311807,9.249435054311807,1.0,0.6864947273120777,0.0,0.0,,0.0,1.7027070614950213,1.7027070614950213,True,27.0,2.3431728393147527e-12,1.910298547301816e-09,1.2407960868088022,106.62540766204664,2,,,,,,,,,
300,right,RCA,mid,20.0,60,leaky,"[0.65, 0.7)",0.6864947273120777,1,2,300_right_RCA_mid_20mm_60ds_leaky_T5_vox_narrow_A_fixed,T5_vox_narrow,A_fixed,ok,True,2,2,9.249435054311807,9.249435054311807,9.249435054311807,1.0,0.5277577839538361,-0.15873694335824162,0.0,,0.2515883471243942,1.4291990785513011,1.7027070614950213,True,27.0,3.2952044662019157e-12,1.910298547301816e-09,1.2407960868088022,106.62540766204664,2,vox,1.0,0.37890625,1.1201937220575684,8.456266147073787,,,,
300,right,RCA,mid,20.0,60,leaky,"[0.65, 0.7)",0.6864947273120777,1,2,300_right_RCA_mid_20mm_60ds_leaky_T5_vox_narrow_B_rederived,T5_vox_narrow,B_rederived,ok,True,2,2,9.249435054311807,9.249435054311807,9.249435054311807,1.0,0.5277577839538361,-0.15873694335824162,0.0,,0.2515883471243942,1.4291990785513011,1.7027070614950213,True,27.0,3.2952044662019157e-12,1.910298547301816e-09,1.2407960868088022,106.62540766204664,2,vox,1.0,0.37890625,1.1201937220575684,8.456266147073787,,,,
300,right,RCA,mid,20.0,60,leaky,"[0.65, 0.7)",0.6864947273120777,1,2,300_right_RCA_mid_20mm_60ds_leaky_T5_vox_narrow_C_flowmatched,T5_vox_narrow,C_flowmatched,ok,True,2,2,9.249435054311807,3.4294588413435627,3.4294588413435627,0.3707749523301807,0.2942119801276236,-0.3922827471844541,0.0,,0.1285104743846886,2.6654627014573156,1.7027070614950213,True,27.0,2.0024958946920192e-12,1.910298547301816e-09,1.2407960868088022,106.62540766204664,2,vox,1.0,0.37890625,1.1201937220575684,8.456266147073787,1.0,0.06329669640878469,0.016514942026577703,False
300,right,RCA,mid,20.0,60,leaky,"[0.65, 0.7)",0.6864947273120777,1,2,300_right_RCA_mid_20mm_60ds_leaky_T5_vox_wide_A_fixed,T5_vox_wide,A_fixed,ok,True,2,2,9.249435054311807,9.249435054311807,9.249435054311807,1.0,0.7917719033970992,0.10527717608502152,0.0,,0.1668578855104051,1.8841220263681715,1.7027070614950213,True,27.0,2.55374683249833e-12,1.910298547301816e-09,1.2407960868088022,106.62540766204664,2,vox,-1.0,0.37890625,1.1201937220575684,-8.456266147073787,,,,
300,right,RCA,mid,20.0,60,leaky,"[0.65, 0.7)",0.6864947273120777,1,2,300_right_RCA_mid_20mm_60ds_leaky_T5_vox_wide_B_rederived,T5_vox_wide,B_rederived,ok,True,2,2,9.249435054311807,9.249435054311807,9.249435054311807,1.0,0.7917719033970992,0.10527717608502152,0.0,,0.1668578855104051,1.8841220263681715,1.7027070614950213,True,27.0,2.55374683249833e-12,1.910298547301816e-09,1.2407960868088022,106.62540766204664,2,vox,-1.0,0.37890625,1.1201937220575684,-8.456266147073787,,,,
300,right,RCA,mid,20.0,60,leaky,"[0.65, 0.7)",0.6864947273120777,1,2,300_right_RCA_mid_20mm_60ds_leaky_T5_vox_wide_C_flowmatched,T5_vox_wide,C_flowmatched,ok,True,2,2,9.249435054311807,11.649667368344392,11.649667368344392,1.2595004235327507,0.833829553265767,0.1473348259536893,1.0,to_negative,0.000979921416856993,1.5658027622631927,1.7027070614950213,True,27.0,5.425805002847862e-13,1.910298547301816e-09,1.2407960868088022,106.62540766204664,2,vox,-1.0,0.37890625,1.1201937220575684,-8.456266147073787,2.0,0.027841553957003454,9.60245983215017e-07,False
300,right,RCA,mid,20.0,60,discrete,"[0.65, 0.7)",0.6247855861377192,1,1,300_right_RCA_mid_20mm_60ds_discrete_clean_none,clean,,ok,True,1,0,6.990513601829879,6.990513601829879,6.990513601829879,1.0,0.6247855861377192,0.0,0.0,,0.0,1.2554812698225322,1.2554812698225322,True,22.0,7.320484355359548e-12,2.7043055948431716e-09,1.2407960868088022,106.62540766204664,1,,,,,,,,,
300,right,RCA,mid,20.0,60,discrete,"[0.65, 0.7)",0.6247855861377192,1,1,300_right_RCA_mid_20mm_60ds_discrete_T5_vox_narrow_A_fixed,T5_vox_narrow,A_fixed,ok,True,1,0,6.990513601829879,6.990513601829879,6.990513601829879,1.0,0.46465972289290286,-0.1601258632448163,0.0,,,0.9023111780907268,1.2554812698225322,True,19.0,8.900400799808479e-12,2.7043055948431716e-09,1.2407960868088022,106.62540766204664,1,vox,1.0,0.37890625,1.1201937220575684,8.456266147073787,,,,
300,right,RCA,mid,20.0,60,discrete,"[0.65, 0.7)",0.6247855861377192,1,1,300_right_RCA_mid_20mm_60ds_discrete_T5_vox_narrow_B_rederived,T5_vox_narrow,B_rederived,ok,True,1,0,6.990513601829879,6.990513601829879,6.990513601829879,1.0,0.46465972289290286,-0.1601258632448163,0.0,,,0.9023111780907268,1.2554812698225322,True,19.0,8.900400799808479e-12,2.7043055948431716e-09,1.2407960868088022,106.62540766204664,1,vox,1.0,0.37890625,1.1201937220575684,8.456266147073787,,,,
300,right,RCA,mid,20.0,60,discrete,"[0.65, 0.7)",0.6247855861377192,1,1,300_right_RCA_mid_20mm_60ds_discrete_T5_vox_narrow_C_flowmatched,T5_vox_narrow,C_flowmatched,skipped: fewer than 2 shared territories to match,True,1,0,,,,,,,,,,,,,,,2.7043055948431716e-09,1.2407960868088022,106.62540766204664,1,vox,1.0,0.37890625,1.1201937220575684,8.456266147073787,,,,
300,right,RCA,mid,20.0,60,discrete,"[0.65, 0.7)",0.6247855861377192,1,1,300_right_RCA_mid_20mm_60ds_discrete_T5_vox_wide_A_fixed,T5_vox_wide,A_fixed,ok,True,1,0,6.990513601829879,6.990513601829879,6.990513601829879,1.0,0.7431305208027797,0.11834493466506057,0.0,,,1.5165002619094239,1.2554812698225322,True,24.0,4.7886816479287126e-12,2.7043055948431716e-09,1.2407960868088022,106.62540766204664,1,vox,-1.0,0.37890625,1.1201937220575684,-8.456266147073787,,,,
300,right,RCA,mid,20.0,60,discrete,"[0.65, 0.7)",0.6247855861377192,1,1,300_right_RCA_mid_20mm_60ds_discrete_T5_vox_wide_B_rederived,T5_vox_wide,B_rederived,ok,True,1,0,6.990513601829879,6.990513601829879,6.990513601829879,1.0,0.7431305208027797,0.11834493466506057,0.0,,,1.5165002619094239,1.2554812698225322,True,24.0,4.7886816479287126e-12,2.7043055948431716e-09,1.2407960868088022,106.62540766204664,1,vox,-1.0,0.37890625,1.1201937220575684,-8.456266147073787,,,,
300,right,RCA,mid,20.0,60,discrete,"[0.65, 0.7)",0.6247855861377192,1,1,300_right_RCA_mid_20mm_60ds_discrete_T5_vox_wide_C_flowmatched,T5_vox_wide,C_flowmatched,skipped: fewer than 2 shared territories to match,True,1,0,,,,,,,,,,,,,,,2.7043055948431716e-09,1.2407960868088022,106.62540766204664,1,vox,-1.0,0.37890625,1.1201937220575684,-8.456266147073787,,,,
316,right,RCA,mid,10.0,60,leaky,"[0.65, 0.7)",0.6679946813856243,1,4,316_right_RCA_mid_10mm_60ds_leaky_clean_none,clean,,ok,True,4,2,13.471810744644909,13.471810744644909,13.471810744644909,1.0,0.6679946813856243,0.0,0.0,,0.0,2.6761781909130073,2.6761781909130073,True,26.0,1.2909903939279616e-11,4.463596347806778e-09,1.4602275596639016,107.23452389104483,4,,,,,,,,,
316,right,RCA,mid,10.0,60,leaky,"[0.65, 0.7)",0.6679946813856243,1,4,316_right_RCA_mid_10mm_60ds_leaky_T5_vox_narrow_A_fixed,T5_vox_narrow,A_fixed,ok,True,4,2,13.471810744644909,13.471810744644909,13.471810744644909,1.0,0.5307516390399846,-0.13724304234563978,0.0,,0.2240925449686625,2.2752187094654026,2.6761781909130073,True,27.0,1.4683161147190467e-11,4.463596347806778e-09,1.4602275596639016,107.23452389104483,4,vox,1.0,0.369140625,1.271647276782339,7.257134736568617,,,,
316,right,RCA,mid,10.0,60,leaky,"[0.65, 0.7)",0.6679946813856243,1,4,316_right_RCA_mid_10mm_60ds_leaky_T5_vox_narrow_B_rederived,T5_vox_narrow,B_rederived,ok,True,4,2,13.471810744644909,13.471810744644909,13.471810744644909,1.0,0.5307516390399846,-0.13724304234563978,0.0,,0.2240925449686625,2.2752187094654026,2.6761781909130073,True,27.0,1.4683161147190467e-11,4.463596347806778e-09,1.4602275596639016,107.23452389104483,4,vox,1.0,0.369140625,1.271647276782339,7.257134736568617,,,,
316,right,RCA,mid,10.0,60,leaky,"[0.65, 0.7)",0.6679946813856243,1,4,316_right_RCA_mid_10mm_60ds_leaky_T5_vox_narrow_C_flowmatched,T5_vox_narrow,C_flowmatched,ok,True,4,2,13.471810744644909,3.080890333139382,3.080890333139382,0.22869162813648095,0.21214110376934647,-0.45585357761627787,0.0,,0.02271922662534261,5.627239056119352,2.6761781909130073,True,28.0,2.7273392543384342e-12,4.463596347806778e-09,1.4602275596639016,107.23452389104483,4,vox,1.0,0.369140625,1.271647276782339,7.257134736568617,1.0,0.05021746871053202,0.0005161632584536765,False
316,right,RCA,mid,10.0,60,leaky,"[0.65, 0.7)",0.6679946813856243,1,4,316_right_RCA_mid_10mm_60ds_leaky_T5_vox_wide_A_fixed,T5_vox_wide,A_fixed,ok,True,4,2,13.471810744644909,13.471810744644909,13.471810744644909,1.0,0.7717450713884365,0.10375039000281217,0.0,,0.16940522841707428,2.9792990676071334,2.6761781909130073,True,26.0,1.0950902988247228e-11,4.463596347806778e-09,1.4602275596639016,107.23452389104483,4,vox,-1.0,0.369140625,1.271647276782339,-7.257134736568617,,,,
316,right,RCA,mid,10.0,60,leaky,"[0.65, 0.7)",0.6679946813856243,1,4,316_right_RCA_mid_10mm_60ds_leaky_T5_vox_wide_B_rederived,T5_vox_wide,B_rederived,ok,True,4,2,13.471810744644909,13.471810744644909,13.471810744644909,1.0,0.7717450713884365,0.10375039000281217,0.0,,0.16940522841707428,2.9792990676071334,2.6761781909130073,True,26.0,1.0950902988247228e-11,4.463596347806778e-09,1.4602275596639016,107.23452389104483,4,vox,-1.0,0.369140625,1.271647276782339,-7.257134736568617,,,,
316,right,RCA,mid,10.0,60,leaky,"[0.65, 0.7)",0.6679946813856243,1,4,316_right_RCA_mid_10mm_60ds_leaky_T5_vox_wide_C_flowmatched,T5_vox_wide,C_flowmatched,ok,True,4,2,13.471810744644909,17.035447700850252,17.035447700850252,1.2645254616289723,0.8231341621293149,0.15513948074369055,1.0,to_negative,0.001330047619367986,2.4888331494884075,2.6761781909130073,True,26.0,5.060757057282242e-13,4.463596347806778e-09,1.4602275596639016,107.23452389104483,4,vox,-1.0,0.369140625,1.271647276782339,-7.257134736568617,1.0,0.02869813141504111,1.769026669786447e-06,False
316,right,RCA,mid,10.0,60,discrete,"[0.65, 0.7)",0.5908194943686347,1,4,316_right_RCA_mid_10mm_60ds_discrete_clean_none,clean,,ok,True,4,2,28.380609504627873,28.380609504627873,28.380609504627873,1.0,0.5908194943686347,0.0,0.0,,0.0,2.0474398636137274,2.0474398636137274,True,19.0,1.0736432086627963e-11,1.0821254788275716e-08,1.4602275596639016,107.23452389104483,4,,,,,,,,,
316,right,RCA,mid,10.0,60,discrete,"[0.65, 0.7)",0.5908194943686347,1,4,316_right_RCA_mid_10mm_60ds_discrete_T5_vox_narrow_A_fixed,T5_vox_narrow,A_fixed,ok,True,4,2,28.380609504627873,28.380609504627873,28.380609504627873,1.0,0.4552438753402555,-0.13557561902837917,0.0,,0.2532874142969752,1.5288491146284948,2.0474398636137274,True,15.0,1.201877759368647e-11,1.0821254788275716e-08,1.4602275596639016,107.23452389104483,4,vox,1.0,0.369140625,1.271647276782339,7.257134736568617,,,,
316,right,RCA,mid,10.0,60,discrete,"[0.65, 0.7)",0.5908194943686347,1,4,316_right_RCA_mid_10mm_60ds_discrete_T5_vox_narrow_B_rederived,T5_vox_narrow,B_rederived,ok,True,4,2,28.380609504627873,28.380609504627873,28.380609504627873,1.0,0.4552438753402555,-0.13557561902837917,0.0,,0.2532874142969752,1.5288491146284948,2.0474398636137274,True,15.0,1.201877759368647e-11,1.0821254788275716e-08,1.4602275596639016,107.23452389104483,4,vox,1.0,0.369140625,1.271647276782339,7.257134736568617,,,,
316,right,RCA,mid,10.0,60,discrete,"[0.65, 0.7)",0.5908194943686347,1,4,316_right_RCA_mid_10mm_60ds_discrete_T5_vox_narrow_C_flowmatched,T5_vox_narrow,C_flowmatched,ok,True,4,2,28.380609504627873,6.130009444197766,6.130009444197766,0.2159928751071459,0.22126142314548394,-0.36955807122315076,0.0,,0.13343210395874386,1.8664702616875366,2.0474398636137274,True,13.0,1.0451709009464385e-11,1.0821254788275716e-08,1.4602275596639016,107.23452389104483,4,vox,1.0,0.369140625,1.271647276782339,7.257134736568617,1.0,0.06415451424124757,0.01780412636685703,False
316,right,RCA,mid,10.0,60,discrete,"[0.65, 0.7)",0.5908194943686347,1,4,316_right_RCA_mid_10mm_60ds_discrete_T5_vox_wide_A_fixed,T5_vox_wide,A_fixed,ok,True,4,2,28.380609504627873,28.380609504627873,28.380609504627873,1.0,0.7052568921916441,0.11443739782300943,0.0,,0.21379620319045356,2.48517473272383,2.0474398636137274,True,22.0,7.227903921371654e-12,1.0821254788275716e-08,1.4602275596639016,107.23452389104483,4,vox,-1.0,0.369140625,1.271647276782339,-7.257134736568617,,,,
316,right,RCA,mid,10.0,60,discrete,"[0.65, 0.7)",0.5908194943686347,1,4,316_right_RCA_mid_10mm_60ds_discrete_T5_vox_wide_B_rederived,T5_vox_wide,B_rederived,ok,True,4,2,28.380609504627873,28.380609504627873,28.380609504627873,1.0,0.7052568921916441,0.11443739782300943,0.0,,0.21379620319045356,2.48517473272383,2.0474398636137274,True,22.0,7.227903921371654e-12,1.0821254788275716e-08,1.4602275596639016,107.23452389104483,4,vox,-1.0,0.369140625,1.271647276782339,-7.257134736568617,,,,
316,right,RCA,mid,10.0,60,discrete,"[0.65, 0.7)",0.5908194943686347,1,4,316_right_RCA_mid_10mm_60ds_discrete_T5_vox_wide_C_flowmatched,T5_vox_wide,C_flowmatched,ok,True,4,2,28.380609504627873,41.01013001270593,41.01013001270593,1.4450052598771224,0.7869568850873387,0.19613739071870406,0.0,,0.009213836192204911,2.038059309041977,2.0474398636137274,True,23.0,6.883708753288307e-12,1.0821254788275716e-08,1.4602275596639016,107.23452389104483,4,vox,-1.0,0.369140625,1.271647276782339,-7.257134736568617,1.0,0.0457088164986537,8.489477737678509e-05,False
328,right,RCA,prox,20.0,60,leaky,"[0.65, 0.7)",0.6676898336422874,1,4,328_right_RCA_prox_20mm_60ds_leaky_clean_none,clean,,ok,True,4,2,13.057923244632237,13.057923244632237,13.057923244632237,1.0,0.6676898336422874,0.0,0.0,,0.0,2.8305485810575655,2.8305485810575655,True,25.0,2.9396521271660156e-12,5.405513879701392e-09,1.562508855762671,170.68992751058346,4,,,,,,,,,
328,right,RCA,prox,20.0,60,leaky,"[0.65, 0.7)",0.6676898336422874,1,4,328_right_RCA_prox_20mm_60ds_leaky_T5_vox_narrow_A_fixed,T5_vox_narrow,A_fixed,ok,True,4,2,13.057923244632237,13.057923244632237,13.057923244632237,1.0,0.552139479782883,-0.11555035385940438,0.0,,0.18213164354883832,2.37138302659064,2.8305485810575655,True,25.0,2.701066455867286e-12,5.405513879701392e-09,1.562508855762671,170.68992751058346,4,vox,1.0,0.353515625,1.5101687301567532,5.85225375715642,,,,
328,right,RCA,prox,20.0,60,leaky,"[0.65, 0.7)",0.6676898336422874,1,4,328_right_RCA_prox_20mm_60ds_leaky_T5_vox_narrow_B_rederived,T5_vox_narrow,B_rederived,ok,True,4,2,13.057923244632237,13.057923244632237,13.057923244632237,1.0,0.552139479782883,-0.11555035385940438,0.0,,0.18213164354883832,2.37138302659064,2.8305485810575655,True,25.0,2.701066455867286e-12,5.405513879701392e-09,1.562508855762671,170.68992751058346,4,vox,1.0,0.353515625,1.5101687301567532,5.85225375715642,,,,
328,right,RCA,prox,20.0,60,leaky,"[0.65, 0.7)",0.6676898336422874,1,4,328_right_RCA_prox_20mm_60ds_leaky_T5_vox_narrow_C_flowmatched,T5_vox_narrow,C_flowmatched,ok,True,4,2,13.057923244632237,4.360299923228478,4.360299923228478,0.3339198616457545,0.31297927161756967,-0.35471056202471773,0.0,,0.01908100251657015,3.580267855897901,2.8305485810575655,True,26.0,4.853041042279758e-12,5.405513879701392e-09,1.562508855762671,170.68992751058346,4,vox,1.0,0.353515625,1.5101687301567532,5.85225375715642,1.0,0.0331719355818011,0.0003640846570373564,False
328,right,RCA,prox,20.0,60,leaky,"[0.65, 0.7)",0.6676898336422874,1,4,328_right_RCA_prox_20mm_60ds_leaky_T5_vox_wide_A_fixed,T5_vox_wide,A_fixed,ok,True,4,2,13.057923244632237,13.057923244632237,13.057923244632237,1.0,0.7612305434904887,0.09354070984820129,0.0,,0.14539582915589744,3.19790836892543,2.8305485810575655,True,25.0,4.082985306521616e-13,5.405513879701392e-09,1.562508855762671,170.68992751058346,4,vox,-1.0,0.353515625,1.5101687301567532,-5.85225375715642,,,,
328,right,RCA,prox,20.0,60,leaky,"[0.65, 0.7)",0.6676898336422874,1,4,328_right_RCA_prox_20mm_60ds_leaky_T5_vox_wide_B_rederived,T5_vox_wide,B_rederived,ok,True,4,2,13.057923244632237,13.057923244632237,13.057923244632237,1.0,0.7612305434904887,0.09354070984820129,0.0,,0.14539582915589744,3.19790836892543,2.8305485810575655,True,25.0,4.082985306521616e-13,5.405513879701392e-09,1.562508855762671,170.68992751058346,4,vox,-1.0,0.353515625,1.5101687301567532,-5.85225375715642,,,,
328,right,RCA,prox,20.0,60,leaky,"[0.65, 0.7)",0.6676898336422874,1,4,328_right_RCA_prox_20mm_60ds_leaky_T5_vox_wide_C_flowmatched,T5_vox_wide,C_flowmatched,ok,True,4,2,13.057923244632237,16.582130501667002,16.582130501667002,1.2698903333256666,0.8104630422941937,0.14277320865190635,1.0,to_negative,0.0021615929636655644,2.748654366322568,2.8305485810575655,True,25.0,7.0113193757836835e-12,5.405513879701392e-09,1.562508855762671,170.68992751058346,4,vox,-1.0,0.353515625,1.5101687301567532,-5.85225375715642,1.0,0.02113994713593092,4.672484140568479e-06,False
328,right,RCA,prox,20.0,60,discrete,"[0.65, 0.7)",0.6753819532194054,1,4,328_right_RCA_prox_20mm_60ds_discrete_clean_none,clean,,ok,True,4,2,23.39482494531338,23.39482494531338,23.39482494531338,1.0,0.6753819532194054,0.0,0.0,,0.0,2.4725774474625783,2.4725774474625783,True,22.0,3.505356178700972e-12,1.087219934468104e-08,1.562508855762671,170.68992751058346,4,,,,,,,,,
328,right,RCA,prox,20.0,60,discrete,"[0.65, 0.7)",0.6753819532194054,1,4,328_right_RCA_prox_20mm_60ds_discrete_T5_vox_narrow_A_fixed,T5_vox_narrow,A_fixed,ok,True,4,2,23.39482494531338,23.39482494531338,23.39482494531338,1.0,0.5586602691911478,-0.11672168402825767,0.0,,0.1785213823214311,2.032654929174997,2.4725774474625783,True,21.0,3.4866344345782367e-12,1.087219934468104e-08,1.562508855762671,170.68992751058346,4,vox,1.0,0.353515625,1.5101687301567532,5.85225375715642,,,,
328,right,RCA,prox,20.0,60,discrete,"[0.65, 0.7)",0.6753819532194054,1,4,328_right_RCA_prox_20mm_60ds_discrete_T5_vox_narrow_B_rederived,T5_vox_narrow,B_rederived,ok,True,4,2,23.39482494531338,23.39482494531338,23.39482494531338,1.0,0.5586602691911478,-0.11672168402825767,0.0,,0.1785213823214311,2.032654929174997,2.4725774474625783,True,21.0,3.4866344345782367e-12,1.087219934468104e-08,1.562508855762671,170.68992751058346,4,vox,1.0,0.353515625,1.5101687301567532,5.85225375715642,,,,
328,right,RCA,prox,20.0,60,discrete,"[0.65, 0.7)",0.6753819532194054,1,4,328_right_RCA_prox_20mm_60ds_discrete_T5_vox_narrow_C_flowmatched,T5_vox_narrow,C_flowmatched,ok,True,4,2,23.39482494531338,11.701974028604168,11.701974028604168,0.5001949814096981,0.43004724613965684,-0.24533470707974858,0.0,,0.05416001833376845,2.3589219796313907,2.4725774474625783,True,21.0,1.0005301678515824e-11,1.087219934468104e-08,1.562508855762671,170.68992751058346,4,vox,1.0,0.353515625,1.5101687301567532,5.85225375715642,1.0,0.03186988394595458,0.0029333075859141345,False
328,right,RCA,prox,20.0,60,discrete,"[0.65, 0.7)",0.6753819532194054,1,4,328_right_RCA_prox_20mm_60ds_discrete_T5_vox_wide_A_fixed,T5_vox_wide,A_fixed,ok,True,4,2,23.39482494531338,23.39482494531338,23.39482494531338,1.0,0.76859136283673,0.0932094096173246,0.0,,0.13978260279804827,2.8166028380225328,2.4725774474625783,True,22.0,1.4747729134049316e-12,1.087219934468104e-08,1.562508855762671,170.68992751058346,4,vox,-1.0,0.353515625,1.5101687301567532,-5.85225375715642,,,,
328,right,RCA,prox,20.0,60,discrete,"[0.65, 0.7)",0.6753819532194054,1,4,328_right_RCA_prox_20mm_60ds_discrete_T5_vox_wide_B_rederived,T5_vox_wide,B_rederived,ok,True,4,2,23.39482494531338,23.39482494531338,23.39482494531338,1.0,0.76859136283673,0.0932094096173246,0.0,,0.13978260279804827,2.8166028380225328,2.4725774474625783,True,22.0,1.4747729134049316e-12,1.087219934468104e-08,1.562508855762671,170.68992751058346,4,vox,-1.0,0.353515625,1.5101687301567532,-5.85225375715642,,,,
328,right,RCA,prox,20.0,60,discrete,"[0.65, 0.7)",0.6753819532194054,1,4,328_right_RCA_prox_20mm_60ds_discrete_T5_vox_wide_C_flowmatched,T5_vox_wide,C_flowmatched,ok,True,4,2,23.39482494531338,30.15318912600517,30.15318912600517,1.2888828703138329,0.8103519211820082,0.13496996796260274,1.0,to_negative,0.013773857104819005,2.490665242096039,2.4725774474625783,True,23.0,5.144945906802262e-12,1.087219934468104e-08,1.562508855762671,170.68992751058346,4,vox,-1.0,0.353515625,1.5101687301567532,-5.85225375715642,1.0,0.019539176044996935,0.00018971913954397298,False
507,right,RCA,prox,20.0,60,leaky,"[0.65, 0.7)",0.6946030744331642,1,2,507_right_RCA_prox_20mm_60ds_leaky_clean_none,clean,,ok,True,2,2,9.479788294958711,9.479788294958711,9.479788294958711,1.0,0.6946030744331642,0.0,0.0,,0.0,1.4355163594757852,1.4355163594757852,True,26.0,8.116200217834879e-13,1.804998321317048e-09,1.2028447927290193,130.80492889571295,2,,,,,,,,,
507,right,RCA,prox,20.0,60,leaky,"[0.65, 0.7)",0.6946030744331642,1,2,507_right_RCA_prox_20mm_60ds_leaky_T5_vox_narrow_A_fixed,T5_vox_narrow,A_fixed,ok,True,2,2,9.479788294958711,9.479788294958711,9.479788294958711,1.0,0.5440104719100979,-0.15059260252306628,0.0,,0.2356516504242718,1.1519266639316683,1.4355163594757852,True,26.0,4.19131525514884e-14,1.804998321317048e-09,1.2028447927290193,130.80492889571295,2,vox,1.0,0.36328125,1.1565407846543656,7.852754844883557,,,,
507,right,RCA,prox,20.0,60,leaky,"[0.65, 0.7)",0.6946030744331642,1,2,507_right_RCA_prox_20mm_60ds_leaky_T5_vox_narrow_B_rederived,T5_vox_narrow,B_rederived,ok,True,2,2,9.479788294958711,9.479788294958711,9.479788294958711,1.0,0.5440104719100979,-0.15059260252306628,0.0,,0.2356516504242718,1.1519266639316683,1.4355163594757852,True,26.0,4.19131525514884e-14,1.804998321317048e-09,1.2028447927290193,130.80492889571295,2,vox,1.0,0.36328125,1.1565407846543656,7.852754844883557,,,,
507,right,RCA,prox,20.0,60,leaky,"[0.65, 0.7)",0.6946030744331642,1,2,507_right_RCA_prox_20mm_60ds_leaky_T5_vox_narrow_C_flowmatched,T5_vox_narrow,C_flowmatched,ok,True,2,2,9.479788294958711,3.0992717038476054,3.0992717038476054,0.3269346959462985,0.293014022554063,-0.40158905187910116,0.0,,0.08907672883639829,1.911873005806145,1.4355163594757852,True,27.0,3.811679928306539e-12,1.804998321317048e-09,1.2028447927290193,130.80492889571295,2,vox,1.0,0.36328125,1.1565407846543656,7.852754844883557,1.0,0.055531700347683205,0.007934663620193232,False
507,right,RCA,prox,20.0,60,leaky,"[0.65, 0.7)",0.6946030744331642,1,2,507_right_RCA_prox_20mm_60ds_leaky_T5_vox_wide_A_fixed,T5_vox_wide,A_fixed,ok,True,2,2,9.479788294958711,9.479788294958711,9.479788294958711,1.0,0.799421899405357,0.10481882497219286,0.0,,0.16402352231379902,1.632946673853022,1.4355163594757852,True,26.0,5.2334392175348225e-12,1.804998321317048e-09,1.2028447927290193,130.80492889571295,2,vox,-1.0,0.36328125,1.1565407846543656,-7.852754844883557,,,,
507,right,RCA,prox,20.0,60,leaky,"[0.65, 0.7)",0.6946030744331642,1,2,507_right_RCA_prox_20mm_60ds_leaky_T5_vox_wide_B_rederived,T5_vox_wide,B_rederived,ok,True,2,2,9.479788294958711,9.479788294958711,9.479788294958711,1.0,0.799421899405357,0.10481882497219286,0.0,,0.16402352231379902,1.632946673853022,1.4355163594757852,True,26.0,5.2334392175348225e-12,1.804998321317048e-09,1.2028447927290193,130.80492889571295,2,vox,-1.0,0.36328125,1.1565407846543656,-7.852754844883557,,,,
507,right,RCA,prox,20.0,60,leaky,"[0.65, 0.7)",0.6946030744331642,1,2,507_right_RCA_prox_20mm_60ds_leaky_T5_vox_wide_C_flowmatched,T5_vox_wide,C_flowmatched,ok,True,2,2,9.479788294958711,11.936959590071451,11.936959590071451,1.2592010727095506,0.8403114315849791,0.14570835715181496,1.0,to_negative,0.0009704509790829091,1.3759922780545877,1.4355163594757852,True,26.0,1.2965647944454479e-12,1.804998321317048e-09,1.2028447927290193,130.80492889571295,2,vox,-1.0,0.36328125,1.1565407846543656,-7.852754844883557,1.0,0.02690371587222532,9.41775102802977e-07,False
507,right,RCA,prox,20.0,60,discrete,"[0.65, 0.7)",0.6786740632744016,1,2,507_right_RCA_prox_20mm_60ds_discrete_clean_none,clean,,ok,True,2,2,25.03599893325257,25.03599893325257,25.03599893325257,1.0,0.6786740632744016,0.0,0.0,,0.0,1.2458860713790356,1.2458860713790356,True,22.0,2.116756212192967e-12,6.045929885315668e-09,1.2028447927290193,130.80492889571295,2,,,,,,,,,
507,right,RCA,prox,20.0,60,discrete,"[0.65, 0.7)",0.6786740632744016,1,2,507_right_RCA_prox_20mm_60ds_discrete_T5_vox_narrow_A_fixed,T5_vox_narrow,A_fixed,ok,True,2,2,25.03599893325257,25.03599893325257,25.03599893325257,1.0,0.5278597072619499,-0.15081435601245174,0.0,,0.24203157849474322,0.9443422989019927,1.2458860713790356,True,20.0,5.760135614462447e-12,6.045929885315668e-09,1.2028447927290193,130.80492889571295,2,vox,1.0,0.36328125,1.1565407846543656,7.852754844883557,,,,
507,right,RCA,prox,20.0,60,discrete,"[0.65, 0.7)",0.6786740632744016,1,2,507_right_RCA_prox_20mm_60ds_discrete_T5_vox_narrow_B_rederived,T5_vox_narrow,B_rederived,ok,True,2,2,25.03599893325257,25.03599893325257,25.03599893325257,1.0,0.5278597072619499,-0.15081435601245174,0.0,,0.24203157849474322,0.9443422989019927,1.2458860713790356,True,20.0,5.760135614462447e-12,6.045929885315668e-09,1.2028447927290193,130.80492889571295,2,vox,1.0,0.36328125,1.1565407846543656,7.852754844883557,,,,
507,right,RCA,prox,20.0,60,discrete,"[0.65, 0.7)",0.6786740632744016,1,2,507_right_RCA_prox_20mm_60ds_discrete_T5_vox_narrow_C_flowmatched,T5_vox_narrow,C_flowmatched,ok,True,2,2,25.03599893325257,4.584838559054811,4.584838559054811,0.18312984320211295,0.3155825007162842,-0.3630915625581174,0.0,,0.06607783720510924,1.196336606735485,1.2458860713790356,True,16.0,3.734817418116797e-14,6.045929885315668e-09,1.2028447927290193,130.80492889571295,2,vox,1.0,0.36328125,1.1565407846543656,7.852754844883557,1.0,0.05857928498865704,0.004366280569704919,False
507,right,RCA,prox,20.0,60,discrete,"[0.65, 0.7)",0.6786740632744016,1,2,507_right_RCA_prox_20mm_60ds_discrete_T5_vox_wide_A_fixed,T5_vox_wide,A_fixed,ok,True,2,2,25.03599893325257,25.03599893325257,25.03599893325257,1.0,0.7862613074845607,0.10758724421015908,0.0,,0.17265936234832488,1.4609999660162067,1.2458860713790356,True,25.0,1.846398522598055e-12,6.045929885315668e-09,1.2028447927290193,130.80492889571295,2,vox,-1.0,0.36328125,1.1565407846543656,-7.852754844883557,,,,
507,right,RCA,prox,20.0,60,discrete,"[0.65, 0.7)",0.6786740632744016,1,2,507_right_RCA_prox_20mm_60ds_discrete_T5_vox_wide_B_rederived,T5_vox_wide,B_rederived,ok,True,2,2,25.03599893325257,25.03599893325257,25.03599893325257,1.0,0.7862613074845607,0.10758724421015908,0.0,,0.17265936234832488,1.4609999660162067,1.2458860713790356,True,25.0,1.846398522598055e-12,6.045929885315668e-09,1.2028447927290193,130.80492889571295,2,vox,-1.0,0.36328125,1.1565407846543656,-7.852754844883557,,,,
507,right,RCA,prox,20.0,60,discrete,"[0.65, 0.7)",0.6786740632744016,1,2,507_right_RCA_prox_20mm_60ds_discrete_T5_vox_wide_C_flowmatched,T5_vox_wide,C_flowmatched,ok,True,2,2,25.03599893325257,33.755475646295004,33.755475646295004,1.34827756369095,0.8291133756207956,0.15043931234639396,1.0,to_negative,0.0071930359788133095,1.246780719475995,1.2458860713790356,True,26.0,3.123091653329813e-12,6.045929885315668e-09,1.2028447927290193,130.80492889571295,2,vox,-1.0,0.36328125,1.1565407846543656,-7.852754844883557,1.0,0.02981125540653015,5.173976659250275e-05,False
812,right,RCA,mid,10.0,60,leaky,"[0.65, 0.7)",0.677206166798,1,3,812_right_RCA_mid_10mm_60ds_leaky_clean_none,clean,,ok,True,3,2,9.536861586777645,9.536861586777645,9.536861586777645,1.0,0.677206166798,0.0,0.0,,0.0,4.025067104833124,4.025067104833124,True,26.0,1.8348216501141863e-12,5.593110484729966e-09,1.7560581308540546,231.10718294641347,3,,,,,,,,,
812,right,RCA,mid,10.0,60,leaky,"[0.65, 0.7)",0.677206166798,1,3,812_right_RCA_mid_10mm_60ds_leaky_T5_vox_narrow_A_fixed,T5_vox_narrow,A_fixed,ok,True,3,2,9.536861586777645,9.536861586777645,9.536861586777645,1.0,0.5502036199017065,-0.12700254689629353,0.0,,0.19434100814000077,3.393157408312621,4.025067104833124,True,26.0,2.4507398151636064e-12,5.593110484729966e-09,1.7560581308540546,231.10718294641347,3,vox,1.0,0.4453125,1.6783784366998171,6.633076460330583,,,,
812,right,RCA,mid,10.0,60,leaky,"[0.65, 0.7)",0.677206166798,1,3,812_right_RCA_mid_10mm_60ds_leaky_T5_vox_narrow_B_rederived,T5_vox_narrow,B_rederived,ok,True,3,2,9.536861586777645,9.536861586777645,9.536861586777645,1.0,0.5502036199017065,-0.12700254689629353,0.0,,0.19434100814000077,3.393157408312621,4.025067104833124,True,26.0,2.4507398151636064e-12,5.593110484729966e-09,1.7560581308540546,231.10718294641347,3,vox,1.0,0.4453125,1.6783784366998171,6.633076460330583,,,,
812,right,RCA,mid,10.0,60,leaky,"[0.65, 0.7)",0.677206166798,1,3,812_right_RCA_mid_10mm_60ds_leaky_T5_vox_narrow_C_flowmatched,T5_vox_narrow,C_flowmatched,ok,True,3,2,9.536861586777645,3.4098308973390266,3.4098308973390266,0.35754224451223837,0.32893666398768345,-0.3482695028103166,0.0,,0.08655053471347661,5.4630231971578995,4.025067104833124,True,27.0,1.1028591928649094e-12,5.593110484729966e-09,1.7560581308540546,231.10718294641347,3,vox,1.0,0.4453125,1.6783784366998171,6.633076460330583,1.0,0.03776842744487185,0.00749099505918872,False
812,right,RCA,mid,10.0,60,leaky,"[0.65, 0.7)",0.677206166798,1,3,812_right_RCA_mid_10mm_60ds_leaky_T5_vox_wide_A_fixed,T5_vox_wide,A_fixed,ok,True,3,2,9.536861586777645,9.536861586777645,9.536861586777645,1.0,0.7740030082297266,0.09679684143172651,0.0,,0.14519041895700846,4.499681248876207,4.025067104833124,True,26.0,6.79556788684022e-14,5.593110484729966e-09,1.7560581308540546,231.10718294641347,3,vox,-1.0,0.4453125,1.6783784366998171,-6.633076460330583,,,,
812,right,RCA,mid,10.0,60,leaky,"[0.65, 0.7)",0.677206166798,1,3,812_right_RCA_mid_10mm_60ds_leaky_T5_vox_wide_B_rederived,T5_vox_wide,B_rederived,ok,True,3,2,9.536861586777645,9.536861586777645,9.536861586777645,1.0,0.7740030082297266,0.09679684143172651,0.0,,0.14519041895700846,4.499681248876207,4.025067104833124,True,26.0,6.79556788684022e-14,5.593110484729966e-09,1.7560581308540546,231.10718294641347,3,vox,-1.0,0.4453125,1.6783784366998171,-6.633076460330583,,,,
812,right,RCA,mid,10.0,60,leaky,"[0.65, 0.7)",0.677206166798,1,3,812_right_RCA_mid_10mm_60ds_leaky_T5_vox_wide_C_flowmatched,T5_vox_wide,C_flowmatched,ok,True,3,2,9.536861586777645,12.394703270072505,12.394703270072505,1.2996626990221927,0.8254676191511782,0.1482614523531781,1.0,to_negative,0.00515695091600797,3.799106282346741,4.025067104833124,True,26.0,7.178063394427371e-12,5.593110484729966e-09,1.7560581308540546,231.10718294641347,3,vox,-1.0,0.4453125,1.6783784366998171,-6.633076460330583,2.0,0.021080257756911643,2.6594142750115442e-05,False
812,right,RCA,mid,10.0,60,discrete,"[0.65, 0.7)",0.7022501339612212,1,3,812_right_RCA_mid_10mm_60ds_discrete_clean_none,clean,,ok,True,3,2,12.101055525953836,12.101055525953836,12.101055525953836,1.0,0.7022501339612212,0.0,0.0,,0.0,3.06979159118747,3.06979159118747,True,24.0,6.63793322992795e-12,9.171823290159111e-09,1.7560581308540546,231.10718294641347,3,,,,,,,,,
812,right,RCA,mid,10.0,60,discrete,"[0.65, 0.7)",0.7022501339612212,1,3,812_right_RCA_mid_10mm_60ds_discrete_T5_vox_narrow_A_fixed,T5_vox_narrow,A_fixed,ok,True,3,2,12.101055525953836,12.101055525953836,12.101055525953836,1.0,0.5734057459353993,-0.12884438802582188,0.0,,0.17872816883218673,2.5087976820391544,3.06979159118747,True,23.0,1.1699214481068033e-11,9.171823290159111e-09,1.7560581308540546,231.10718294641347,3,vox,1.0,0.4453125,1.6783784366998171,6.633076460330583,,,,
812,right,RCA,mid,10.0,60,discrete,"[0.65, 0.7)",0.7022501339612212,1,3,812_right_RCA_mid_10mm_60ds_discrete_T5_vox_narrow_B_rederived,T5_vox_narrow,B_rederived,ok,True,3,2,12.101055525953836,12.101055525953836,12.101055525953836,1.0,0.5734057459353993,-0.12884438802582188,0.0,,0.17872816883218673,2.5087976820391544,3.06979159118747,True,23.0,1.1699214481068033e-11,9.171823290159111e-09,1.7560581308540546,231.10718294641347,3,vox,1.0,0.4453125,1.6783784366998171,6.633076460330583,,,,
812,right,RCA,mid,10.0,60,discrete,"[0.65, 0.7)",0.7022501339612212,1,3,812_right_RCA_mid_10mm_60ds_discrete_T5_vox_narrow_C_flowmatched,T5_vox_narrow,C_flowmatched,ok,True,3,2,12.101055525953836,6.448610818159602,6.448610818159602,0.5328965563647644,0.4746162574889072,-0.22763387647231398,0.0,,0.1275945245221212,2.810910933303621,3.06979159118747,True,22.0,1.0847096264983654e-11,9.171823290159111e-09,1.7560581308540546,231.10718294641347,3,vox,1.0,0.4453125,1.6783784366998171,6.633076460330583,1.0,0.03194375833410665,0.016280362688026184,False
812,right,RCA,mid,10.0,60,discrete,"[0.65, 0.7)",0.7022501339612212,1,3,812_right_RCA_mid_10mm_60ds_discrete_T5_vox_wide_A_fixed,T5_vox_wide,A_fixed,ok,True,3,2,12.101055525953836,12.101055525953836,12.101055525953836,1.0,0.7960138601225568,0.09376372616133566,0.0,,0.12559051554665565,3.466444090998743,3.06979159118747,True,24.0,5.191871576270079e-12,9.171823290159111e-09,1.7560581308540546,231.10718294641347,3,vox,-1.0,0.4453125,1.6783784366998171,-6.633076460330583,,,,
812,right,RCA,mid,10.0,60,discrete,"[0.65, 0.7)",0.7022501339612212,1,3,812_right_RCA_mid_10mm_60ds_discrete_T5_vox_wide_B_rederived,T5_vox_wide,B_rederived,ok,True,3,2,12.101055525953836,12.101055525953836,12.101055525953836,1.0,0.7960138601225568,0.09376372616133566,0.0,,0.12559051554665565,3.466444090998743,3.06979159118747,True,24.0,5.191871576270079e-12,9.171823290159111e-09,1.7560581308540546,231.10718294641347,3,vox,-1.0,0.4453125,1.6783784366998171,-6.633076460330583,,,,
812,right,RCA,mid,10.0,60,discrete,"[0.65, 0.7)",0.7022501339612212,1,3,812_right_RCA_mid_10mm_60ds_discrete_T5_vox_wide_C_flowmatched,T5_vox_wide,C_flowmatched,ok,True,3,2,12.101055525953836,16.67321137093349,16.67321137093349,1.3778311598664668,0.8361536185321362,0.13390348457091505,1.0,to_negative,0.03211438369594849,3.0501833180639277,3.06979159118747,True,24.0,1.0267921616136565e-12,9.171823290159111e-09,1.7560581308540546,231.10718294641347,3,vox,-1.0,0.4453125,1.6783784366998171,-6.633076460330583,1.0,0.015772977595274754,0.001031333640170602,False
874,right,RCA,prox,10.0,65,leaky,"[0.65, 0.7)",0.6603120004513904,1,2,874_right_RCA_prox_10mm_65ds_leaky_clean_none,clean,,ok,True,2,2,9.189130916019781,9.189130916019781,9.189130916019781,1.0,0.6603120004513904,0.0,0.0,,0.0,1.139376730210335,1.139376730210335,True,25.0,2.3492002621726967e-13,1.4680227604876308e-09,1.1365213442614515,101.53133536642389,2,,,,,,,,,
874,right,RCA,prox,10.0,65,leaky,"[0.65, 0.7)",0.6603120004513904,1,2,874_right_RCA_prox_10mm_65ds_leaky_T5_vox_narrow_A_fixed,T5_vox_narrow,A_fixed,ok,True,2,2,9.189130916019781,9.189130916019781,9.189130916019781,1.0,0.4765364099367234,-0.18377559051466696,0.0,,0.30388364120094546,0.8387020984719998,1.139376730210335,True,26.0,9.861995987618697e-13,1.4680227604876308e-09,1.1365213442614515,101.53133536642389,2,vox,1.0,0.36328125,1.1042977772645286,8.224259286745307,,,,
874,right,RCA,prox,10.0,65,leaky,"[0.65, 0.7)",0.6603120004513904,1,2,874_right_RCA_prox_10mm_65ds_leaky_T5_vox_narrow_B_rederived,T5_vox_narrow,B_rederived,ok,True,2,2,9.189130916019781,9.189130916019781,9.189130916019781,1.0,0.4765364099367234,-0.18377559051466696,0.0,,0.30388364120094546,0.8387020984719998,1.139376730210335,True,26.0,9.861995987618697e-13,1.4680227604876308e-09,1.1365213442614515,101.53133536642389,2,vox,1.0,0.36328125,1.1042977772645286,8.224259286745307,,,,
874,right,RCA,prox,10.0,65,leaky,"[0.65, 0.7)",0.6603120004513904,1,2,874_right_RCA_prox_10mm_65ds_leaky_T5_vox_narrow_C_flowmatched,T5_vox_narrow,C_flowmatched,ok,True,2,2,9.189130916019781,3.1725663597264493,3.1725663597264493,0.34525205797161806,0.2547499698108791,-0.4055620306405113,0.0,,0.2072734078251246,1.2749852254583356,1.139376730210335,True,26.0,5.313615511067031e-12,1.4680227604876308e-09,1.1365213442614515,101.53133536642389,2,vox,1.0,0.36328125,1.1042977772645286,8.224259286745307,1.0,0.09234526738954496,0.042962265591440424,False
874,right,RCA,prox,10.0,65,leaky,"[0.65, 0.7)",0.6603120004513904,1,2,874_right_RCA_prox_10mm_65ds_leaky_T5_vox_wide_A_fixed,T5_vox_wide,A_fixed,ok,True,2,2,9.189130916019781,9.189130916019781,9.189130916019781,1.0,0.7923711328103432,0.13205913235895284,0.0,,0.2183674659005092,1.355453858211867,1.139376730210335,True,25.0,1.3572985537577582e-12,1.4680227604876308e-09,1.1365213442614515,101.53133536642389,2,vox,-1.0,0.36328125,1.1042977772645286,-8.224259286745307,,,,
874,right,RCA,prox,10.0,65,leaky,"[0.65, 0.7)",0.6603120004513904,1,2,874_right_RCA_prox_10mm_65ds_leaky_T5_vox_wide_B_rederived,T5_vox_wide,B_rederived,ok,True,2,2,9.189130916019781,9.189130916019781,9.189130916019781,1.0,0.7923711328103432,0.13205913235895284,0.0,,0.2183674659005092,1.355453858211867,1.139376730210335,True,25.0,1.3572985537577582e-12,1.4680227604876308e-09,1.1365213442614515,101.53133536642389,2,vox,-1.0,0.36328125,1.1042977772645286,-8.224259286745307,,,,
874,right,RCA,prox,10.0,65,leaky,"[0.65, 0.7)",0.6603120004513904,1,2,874_right_RCA_prox_10mm_65ds_leaky_T5_vox_wide_C_flowmatched,T5_vox_wide,C_flowmatched,ok,True,2,2,9.189130916019781,12.419349541266973,12.419349541266973,1.351526020770454,0.850622831940902,0.19031083148951167,1.0,to_negative,0.004423863289220123,1.0907598780657928,1.139376730210335,True,26.0,1.7297719946893276e-12,1.4680227604876308e-09,1.1365213442614515,101.53133536642389,2,vox,-1.0,0.36328125,1.1042977772645286,-8.224259286745307,1.0,0.04768435016381005,1.9570566401709487e-05,False
874,right,RCA,prox,10.0,65,discrete,"[0.65, 0.7)",0.6361850663944697,1,2,874_right_RCA_prox_10mm_65ds_discrete_clean_none,clean,,ok,True,2,2,30.42709461470972,30.42709461470972,30.42709461470972,1.0,0.6361850663944697,0.0,0.0,,0.0,1.0331279983746553,1.0331279983746553,True,20.0,7.063609125442562e-12,5.400542890003763e-09,1.1365213442614515,101.53133536642389,2,,,,,,,,,
874,right,RCA,prox,10.0,65,discrete,"[0.65, 0.7)",0.6361850663944697,1,2,874_right_RCA_prox_10mm_65ds_discrete_T5_vox_narrow_A_fixed,T5_vox_narrow,A_fixed,ok,True,2,2,30.42709461470972,30.42709461470972,30.42709461470972,1.0,0.4536440358867625,-0.1825410305077072,0.0,,0.31438469299289445,0.7083283697849037,1.0331279983746553,True,16.0,9.361772687194198e-12,5.400542890003763e-09,1.1365213442614515,101.53133536642389,2,vox,1.0,0.36328125,1.1042977772645286,8.224259286745307,,,,
874,right,RCA,prox,10.0,65,discrete,"[0.65, 0.7)",0.6361850663944697,1,2,874_right_RCA_prox_10mm_65ds_discrete_T5_vox_narrow_B_rederived,T5_vox_narrow,B_rederived,ok,True,2,2,30.42709461470972,30.42709461470972,30.42709461470972,1.0,0.4536440358867625,-0.1825410305077072,0.0,,0.31438469299289445,0.7083283697849037,1.0331279983746553,True,16.0,9.361772687194198e-12,5.400542890003763e-09,1.1365213442614515,101.53133536642389,2,vox,1.0,0.36328125,1.1042977772645286,8.224259286745307,,,,
874,right,RCA,prox,10.0,65,discrete,"[0.65, 0.7)",0.6361850663944697,1,2,874_right_RCA_prox_10mm_65ds_discrete_T5_vox_narrow_C_flowmatched,T5_vox_narrow,C_flowmatched,ok,True,2,2,30.42709461470972,4.546288139995084,4.546288139995084,0.14941578213639956,0.1985012397861147,-0.43768382660835503,0.0,,0.16331615551202086,0.8843438404898796,1.0331279983746553,True,13.0,4.061591259393145e-12,5.400542890003763e-09,1.1365213442614515,101.53133536642389,2,vox,1.0,0.36328125,1.1042977772645286,8.224259286745307,1.0,0.09883773518823649,0.026672166651226584,False
874,right,RCA,prox,10.0,65,discrete,"[0.65, 0.7)",0.6361850663944697,1,2,874_right_RCA_prox_10mm_65ds_discrete_T5_vox_wide_A_fixed,T5_vox_wide,A_fixed,ok,True,2,2,30.42709461470972,30.42709461470972,30.42709461470972,1.0,0.7730730770163171,0.1368880106218474,0.0,,0.2357579283630703,1.2766961150047211,1.0331279983746553,True,23.0,6.5713755103625476e-12,5.400542890003763e-09,1.1365213442614515,101.53133536642389,2,vox,-1.0,0.36328125,1.1042977772645286,-8.224259286745307,,,,
874,right,RCA,prox,10.0,65,discrete,"[0.65, 0.7)",0.6361850663944697,1,2,874_right_RCA_prox_10mm_65ds_discrete_T5_vox_wide_B_rederived,T5_vox_wide,B_rederived,ok,True,2,2,30.42709461470972,30.42709461470972,30.42709461470972,1.0,0.7730730770163171,0.1368880106218474,0.0,,0.2357579283630703,1.2766961150047211,1.0331279983746553,True,23.0,6.5713755103625476e-12,5.400542890003763e-09,1.1365213442614515,101.53133536642389,2,vox,-1.0,0.36328125,1.1042977772645286,-8.224259286745307,,,,
874,right,RCA,prox,10.0,65,discrete,"[0.65, 0.7)",0.6361850663944697,1,2,874_right_RCA_prox_10mm_65ds_discrete_T5_vox_wide_C_flowmatched,T5_vox_wide,C_flowmatched,ok,True,2,2,30.42709461470972,43.093497580715145,43.093497580715145,1.4162869681248489,0.8381783485221947,0.20199328212772505,1.0,to_negative,0.006312501227270953,1.0330984751161538,1.0331279983746553,True,25.0,1.1245278807289087e-11,5.400542890003763e-09,1.1365213442614515,101.53133536642389,2,vox,-1.0,0.36328125,1.1042977772645286,-8.224259286745307,1.0,0.05558180078604659,3.9847671744297285e-05,False
901,right,RCA,prox,20.0,60,leaky,"[0.65, 0.7)",0.6942671508765675,1,2,901_right_RCA_prox_20mm_60ds_leaky_clean_none,clean,,ok,True,2,2,10.041767841029543,10.041767841029543,10.041767841029543,1.0,0.6942671508765675,0.0,0.0,,0.0,1.3558374775935007,1.3558374775935007,True,25.0,6.403487035014378e-14,1.8277653410962607e-09,1.1807649280456272,130.87168868289132,2,,,,,,,,,
901,right,RCA,prox,20.0,60,leaky,"[0.65, 0.7)",0.6942671508765675,1,2,901_right_RCA_prox_20mm_60ds_leaky_T5_vox_narrow_A_fixed,T5_vox_narrow,A_fixed,ok,True,2,2,10.041767841029543,10.041767841029543,10.041767841029543,1.0,0.5406672948399313,-0.15359985603663628,0.0,,0.24048390096852207,1.076254276079859,1.3558374775935007,True,26.0,3.716698908717387e-13,1.8277653410962607e-09,1.1807649280456272,130.87168868289132,2,vox,1.0,0.365234375,1.1383401077421742,8.021205009731656,,,,
901,right,RCA,prox,20.0,60,leaky,"[0.65, 0.7)",0.6942671508765675,1,2,901_right_RCA_prox_20mm_60ds_leaky_T5_vox_narrow_B_rederived,T5_vox_narrow,B_rederived,ok,True,2,2,10.041767841029543,10.041767841029543,10.041767841029543,1.0,0.5406672948399313,-0.15359985603663628,0.0,,0.24048390096852207,1.076254276079859,1.3558374775935007,True,26.0,3.716698908717387e-13,1.8277653410962607e-09,1.1807649280456272,130.87168868289132,2,vox,1.0,0.365234375,1.1383401077421742,8.021205009731656,,,,
901,right,RCA,prox,20.0,60,leaky,"[0.65, 0.7)",0.6942671508765675,1,2,901_right_RCA_prox_20mm_60ds_leaky_T5_vox_narrow_C_flowmatched,T5_vox_narrow,C_flowmatched,ok,True,2,2,10.041767841029543,3.241674814137918,3.241674814137918,0.3228191355801711,0.29021321869853095,-0.4040539321780366,0.0,,0.09428299585903242,1.7499278940555123,1.3558374775935007,True,27.0,1.166533438216116e-12,1.8277653410962607e-09,1.1807649280456272,130.87168868289132,2,vox,1.0,0.365234375,1.1383401077421742,8.021205009731656,1.0,0.05783250662503792,0.008889283308154326,False
901,right,RCA,prox,20.0,60,leaky,"[0.65, 0.7)",0.6942671508765675,1,2,901_right_RCA_prox_20mm_60ds_leaky_T5_vox_wide_A_fixed,T5_vox_wide,A_fixed,ok,True,2,2,10.041767841029543,10.041767841029543,10.041767841029543,1.0,0.7996093781778529,0.1053422273012854,0.0,,0.164929254569603,1.5476041001369678,1.3558374775935007,True,26.0,2.4186021435233227e-12,1.8277653410962607e-09,1.1807649280456272,130.87168868289132,2,vox,-1.0,0.365234375,1.1383401077421742,-8.021205009731656,,,,
901,right,RCA,prox,20.0,60,leaky,"[0.65, 0.7)",0.6942671508765675,1,2,901_right_RCA_prox_20mm_60ds_leaky_T5_vox_wide_B_rederived,T5_vox_wide,B_rederived,ok,True,2,2,10.041767841029543,10.041767841029543,10.041767841029543,1.0,0.7996093781778529,0.1053422273012854,0.0,,0.164929254569603,1.5476041001369678,1.3558374775935007,True,26.0,2.4186021435233227e-12,1.8277653410962607e-09,1.1807649280456272,130.87168868289132,2,vox,-1.0,0.365234375,1.1383401077421742,-8.021205009731656,,,,
901,right,RCA,prox,20.0,60,leaky,"[0.65, 0.7)",0.6942671508765675,1,2,901_right_RCA_prox_20mm_60ds_leaky_T5_vox_wide_C_flowmatched,T5_vox_wide,C_flowmatched,ok,True,2,2,10.041767841029543,12.65636322535055,12.65636322535055,1.2603720207151237,0.8403213601100396,0.146054209233472,1.0,to_negative,0.0023430413217911663,1.3051503886542155,1.3558374775935007,True,26.0,1.503715859757657e-12,1.8277653410962607e-09,1.1807649280456272,130.87168868289132,2,vox,-1.0,0.365234375,1.1383401077421742,-8.021205009731656,1.0,0.027201659012884908,5.4898426356208964e-06,False
901,right,RCA,prox,20.0,60,discrete,"[0.65, 0.7)",0.6847846422134388,1,2,901_right_RCA_prox_20mm_60ds_discrete_clean_none,clean,,ok,True,2,2,23.55120012596927,23.55120012596927,23.55120012596927,1.0,0.6847846422134388,0.0,0.0,,0.0,1.1895774331641649,1.1895774331641649,True,23.0,9.140524728164459e-12,5.404257613259935e-09,1.1807649280456272,130.87168868289132,2,,,,,,,,,
901,right,RCA,prox,20.0,60,discrete,"[0.65, 0.7)",0.6847846422134388,1,2,901_right_RCA_prox_20mm_60ds_discrete_T5_vox_narrow_A_fixed,T5_vox_narrow,A_fixed,ok,True,2,2,23.55120012596927,23.55120012596927,23.55120012596927,1.0,0.5310484215664668,-0.153736220646972,0.0,,0.2443247203709408,0.8989342594458298,1.1895774331641649,True,20.0,8.117953455739628e-12,5.404257613259935e-09,1.1807649280456272,130.87168868289132,2,vox,1.0,0.365234375,1.1383401077421742,8.021205009731656,,,,
901,right,RCA,prox,20.0,60,discrete,"[0.65, 0.7)",0.6847846422134388,1,2,901_right_RCA_prox_20mm_60ds_discrete_T5_vox_narrow_B_rederived,T5_vox_narrow,B_rederived,ok,True,2,2,23.55120012596927,23.55120012596927,23.55120012596927,1.0,0.5310484215664668,-0.153736220646972,0.0,,0.2443247203709408,0.8989342594458298,1.1895774331641649,True,20.0,8.117953455739628e-12,5.404257613259935e-09,1.1807649280456272,130.87168868289132,2,vox,1.0,0.365234375,1.1383401077421742,8.021205009731656,,,,
901,right,RCA,prox,20.0,60,discrete,"[0.65, 0.7)",0.6847846422134388,1,2,901_right_RCA_prox_20mm_60ds_discrete_T5_vox_narrow_C_flowmatched,T5_vox_narrow,C_flowmatched,ok,True,2,2,23.55120012596927,3.227236017803558,3.227236017803558,0.13703063965071455,0.3040320764658793,-0.3807525657475595,0.0,,0.05669042478373611,1.1561402999892012,1.1895774331641649,True,15.0,3.152360499701016e-12,5.404257613259935e-09,1.1807649280456272,130.87168868289132,2,vox,1.0,0.365234375,1.1383401077421742,8.021205009731656,1.0,0.05969456898433841,0.003213804262160441,False
901,right,RCA,prox,20.0,60,discrete,"[0.65, 0.7)",0.6847846422134388,1,2,901_right_RCA_prox_20mm_60ds_discrete_T5_vox_wide_A_fixed,T5_vox_wide,A_fixed,ok,True,2,2,23.55120012596927,23.55120012596927,23.55120012596927,1.0,0.7918730518343237,0.10708840962088484,0.0,,0.17018985913337184,1.3920314489378525,1.1895774331641649,True,25.0,5.721754754424799e-12,5.404257613259935e-09,1.1807649280456272,130.87168868289132,2,vox,-1.0,0.365234375,1.1383401077421742,-8.021205009731656,,,,
901,right,RCA,prox,20.0,60,discrete,"[0.65, 0.7)",0.6847846422134388,1,2,901_right_RCA_prox_20mm_60ds_discrete_T5_vox_wide_B_rederived,T5_vox_wide,B_rederived,ok,True,2,2,23.55120012596927,23.55120012596927,23.55120012596927,1.0,0.7918730518343237,0.10708840962088484,0.0,,0.17018985913337184,1.3920314489378525,1.1895774331641649,True,25.0,5.721754754424799e-12,5.404257613259935e-09,1.1807649280456272,130.87168868289132,2,vox,-1.0,0.365234375,1.1383401077421742,-8.021205009731656,,,,
901,right,RCA,prox,20.0,60,discrete,"[0.65, 0.7)",0.6847846422134388,1,2,901_right_RCA_prox_20mm_60ds_discrete_T5_vox_wide_C_flowmatched,T5_vox_wide,C_flowmatched,ok,True,2,2,23.55120012596927,31.627351438248535,31.627351438248535,1.342918886047506,0.8330069632451389,0.14822232103170008,1.0,to_negative,0.005359227044115139,1.1895605935341598,1.1895774331641649,True,26.0,5.685405690229557e-12,5.404257613259935e-09,1.1807649280456272,130.87168868289132,2,vox,-1.0,0.365234375,1.1383401077421742,-8.021205009731656,1.0,0.028964588151836952,2.8721314510375092e-05,False
417,left,LAD,mid,20.0,60,leaky,"[0.7, 0.75)",0.7395761815750975,1,6,417_left_LAD_mid_20mm_60ds_leaky_clean_none,clean,,ok,True,6,2,18.592393072088143,18.592393072088143,18.592393072088143,1.0,0.7395761815750975,0.0,0.0,,0.0,4.810205292472187,4.810205292472187,True,28.0,1.6261105869350095e-11,8.788390710267481e-09,1.664320018565435,332.68813235617654,6,,,,,,,,,
417,left,LAD,mid,20.0,60,leaky,"[0.7, 0.75)",0.7395761815750975,1,6,417_left_LAD_mid_20mm_60ds_leaky_T5_vox_narrow_A_fixed,T5_vox_narrow,A_fixed,ok,True,6,2,18.592393072088143,18.592393072088143,18.592393072088143,1.0,0.6129071959999463,-0.12666898557515127,0.0,,0.06126491345169877,4.61455954790583,4.810205292472187,True,28.0,1.6042848471556144e-11,8.788390710267481e-09,1.664320018565435,332.68813235617654,6,vox,1.0,0.349609375,1.1823937923087413,7.391982630367015,,,,
417,left,LAD,mid,20.0,60,leaky,"[0.7, 0.75)",0.7395761815750975,1,6,417_left_LAD_mid_20mm_60ds_leaky_T5_vox_narrow_B_rederived,T5_vox_narrow,B_rederived,ok,True,6,2,18.592393072088143,18.592393072088143,18.592393072088143,1.0,0.6129071959999463,-0.12666898557515127,0.0,,0.06126491345169877,4.61455954790583,4.810205292472187,True,28.0,1.6042848471556144e-11,8.788390710267481e-09,1.664320018565435,332.68813235617654,6,vox,1.0,0.349609375,1.1823937923087413,7.391982630367015,,,,
417,left,LAD,mid,20.0,60,leaky,"[0.7, 0.75)",0.7395761815750975,1,6,417_left_LAD_mid_20mm_60ds_leaky_T5_vox_narrow_C_flowmatched,T5_vox_narrow,C_flowmatched,ok,True,6,2,18.592393072088143,17.86070788448532,17.86070788448532,0.9606459918975536,0.6015051160874401,-0.13807106548765746,0.0,,0.05044685943038893,4.780013916959287,4.810205292472187,True,28.0,1.3288455184039791e-11,8.788390710267481e-09,1.664320018565435,332.68813235617654,6,vox,1.0,0.349609375,1.1823937923087413,7.391982630367015,1.0,0.003753389620244141,0.0025448856263894206,False
417,left,LAD,mid,20.0,60,leaky,"[0.7, 0.75)",0.7395761815750975,1,6,417_left_LAD_mid_20mm_60ds_leaky_T5_vox_wide_A_fixed,T5_vox_wide,A_fixed,ok,True,6,2,18.592393072088143,18.592393072088143,18.592393072088143,1.0,0.8200700356750926,0.0804938540999951,1.0,to_negative,0.03891931393153176,4.934491735119717,4.810205292472187,True,28.0,1.5973064921739537e-11,8.788390710267481e-09,1.664320018565435,332.68813235617654,6,vox,-1.0,0.349609375,1.1823937923087413,-7.391982630367015,,,,
417,left,LAD,mid,20.0,60,leaky,"[0.7, 0.75)",0.7395761815750975,1,6,417_left_LAD_mid_20mm_60ds_leaky_T5_vox_wide_B_rederived,T5_vox_wide,B_rederived,ok,True,6,2,18.592393072088143,18.592393072088143,18.592393072088143,1.0,0.8200700356750926,0.0804938540999951,1.0,to_negative,0.03891931393153176,4.934491735119717,4.810205292472187,True,28.0,1.5973064921739537e-11,8.788390710267481e-09,1.664320018565435,332.68813235617654,6,vox,-1.0,0.349609375,1.1823937923087413,-7.391982630367015,,,,
417,left,LAD,mid,20.0,60,leaky,"[0.7, 0.75)",0.7395761815750975,1,6,417_left_LAD_mid_20mm_60ds_leaky_T5_vox_wide_C_flowmatched,T5_vox_wide,C_flowmatched,ok,True,6,2,18.592393072088143,19.125832840203483,19.125832840203483,1.028691291435537,0.8252708978999601,0.08569471632486259,1.0,to_negative,0.028852694375706034,4.808346489128442,4.810205292472187,True,28.0,1.6179488780480924e-11,8.788390710267481e-09,1.664320018565435,332.68813235617654,6,vox,-1.0,0.349609375,1.1823937923087413,-7.391982630367015,1.0,0.0015147129969011223,0.0008324779727378987,False
417,left,LAD,mid,20.0,60,discrete,"[0.7, 0.75)",0.6510914173869305,1,6,417_left_LAD_mid_20mm_60ds_discrete_clean_none,clean,,ok,True,6,2,43.465791309325745,43.465791309325745,43.465791309325745,1.0,0.6510914173869305,0.0,0.0,,0.0,4.286477023702973,4.286477023702973,True,27.0,1.778689801126933e-11,2.3516120503870104e-08,1.664320018565435,332.68813235617654,6,,,,,,,,,
417,left,LAD,mid,20.0,60,discrete,"[0.7, 0.75)",0.6510914173869305,1,6,417_left_LAD_mid_20mm_60ds_discrete_T5_vox_narrow_A_fixed,T5_vox_narrow,A_fixed,ok,True,6,2,43.465791309325745,43.465791309325745,43.465791309325745,1.0,0.5145726485515738,-0.13651876883535674,0.0,,0.07612058602871082,3.982151473204399,4.286477023702973,True,27.0,1.585627053062901e-11,2.3516120503870104e-08,1.664320018565435,332.68813235617654,6,vox,1.0,0.349609375,1.1823937923087413,7.391982630367015,,,,
417,left,LAD,mid,20.0,60,discrete,"[0.7, 0.75)",0.6510914173869305,1,6,417_left_LAD_mid_20mm_60ds_discrete_T5_vox_narrow_B_rederived,T5_vox_narrow,B_rederived,ok,True,6,2,43.465791309325745,43.465791309325745,43.465791309325745,1.0,0.5145726485515738,-0.13651876883535674,0.0,,0.07612058602871082,3.982151473204399,4.286477023702973,True,27.0,1.585627053062901e-11,2.3516120503870104e-08,1.664320018565435,332.68813235617654,6,vox,1.0,0.349609375,1.1823937923087413,7.391982630367015,,,,
417,left,LAD,mid,20.0,60,discrete,"[0.7, 0.75)",0.6510914173869305,1,6,417_left_LAD_mid_20mm_60ds_discrete_T5_vox_narrow_C_flowmatched,T5_vox_narrow,C_flowmatched,ok,True,6,2,43.465791309325745,41.21854540212934,41.21854540212934,0.9482985161548352,0.5012469553792891,-0.14984446200764145,0.0,,0.06592265216435542,4.124889069477737,4.286477023702973,True,27.0,1.7056724802224088e-11,2.3516120503870104e-08,1.664320018565435,332.68813235617654,6,vox,1.0,0.349609375,1.1823937923087413,7.391982630367015,1.0,0.005794343617354363,0.004345796068382595,False
417,left,LAD,mid,20.0,60,discrete,"[0.7, 0.75)",0.6510914173869305,1,6,417_left_LAD_mid_20mm_60ds_discrete_T5_vox_wide_A_fixed,T5_vox_wide,A_fixed,ok,True,6,2,43.465791309325745,43.465791309325745,43.465791309325745,1.0,0.751153857046758,0.10006243965982742,0.0,,0.055760050648893826,4.509402371412631,4.286477023702973,True,27.0,1.5420108921698277e-11,2.3516120503870104e-08,1.664320018565435,332.68813235617654,6,vox,-1.0,0.349609375,1.1823937923087413,-7.391982630367015,,,,
417,left,LAD,mid,20.0,60,discrete,"[0.7, 0.75)",0.6510914173869305,1,6,417_left_LAD_mid_20mm_60ds_discrete_T5_vox_wide_B_rederived,T5_vox_wide,B_rederived,ok,True,6,2,43.465791309325745,43.465791309325745,43.465791309325745,1.0,0.751153857046758,0.10006243965982742,0.0,,0.055760050648893826,4.509402371412631,4.286477023702973,True,27.0,1.5420108921698277e-11,2.3516120503870104e-08,1.664320018565435,332.68813235617654,6,vox,-1.0,0.349609375,1.1823937923087413,-7.391982630367015,,,,
417,left,LAD,mid,20.0,60,discrete,"[0.7, 0.75)",0.6510914173869305,1,6,417_left_LAD_mid_20mm_60ds_discrete_T5_vox_wide_C_flowmatched,T5_vox_wide,C_flowmatched,ok,True,6,2,43.465791309325745,45.536147039534804,45.536147039534804,1.0476318426018132,0.7607925286220111,0.10970111123508053,0.0,,0.04294508200933059,4.361061251671381,4.286477023702973,True,27.0,1.85449247716464e-11,2.3516120503870104e-08,1.664320018565435,332.68813235617654,6,vox,-1.0,0.349609375,1.1823937923087413,-7.391982630367015,1.0,0.003109183248367205,0.00184428006878813,False
686,left,LAD,mid,20.0,70,leaky,"[0.7, 0.75)",0.7301183671912844,1,6,686_left_LAD_mid_20mm_70ds_leaky_clean_none,clean,,ok,True,6,2,23.795563008469745,23.795563008469745,23.795563008469745,1.0,0.7301183671912844,0.0,0.0,,0.0,3.0820803965489607,3.0820803965489607,True,28.0,1.6308119394403257e-12,7.002600754446584e-09,1.421129208409341,199.23820373501488,6,,,,,,,,,
686,left,LAD,mid,20.0,70,leaky,"[0.7, 0.75)",0.7301183671912844,1,6,686_left_LAD_mid_20mm_70ds_leaky_T5_vox_narrow_A_fixed,T5_vox_narrow,A_fixed,ok,True,6,2,23.795563008469745,23.795563008469745,23.795563008469745,1.0,0.5366658224845042,-0.1934525447067802,0.0,,0.053381991822791436,2.971889766179031,3.0820803965489607,True,28.0,5.577742137817931e-12,7.002600754446584e-09,1.421129208409341,199.23820373501488,6,vox,1.0,0.318359375,1.0450154096012223,7.6161406825925635,,,,
686,left,LAD,mid,20.0,70,leaky,"[0.7, 0.75)",0.7301183671912844,1,6,686_left_LAD_mid_20mm_70ds_leaky_T5_vox_narrow_B_rederived,T5_vox_narrow,B_rederived,ok,True,6,2,23.795563008469745,23.795563008469745,23.795563008469745,1.0,0.5366658224845042,-0.1934525447067802,0.0,,0.053381991822791436,2.971889766179031,3.0820803965489607,True,28.0,5.577742137817931e-12,7.002600754446584e-09,1.421129208409341,199.23820373501488,6,vox,1.0,0.318359375,1.0450154096012223,7.6161406825925635,,,,
686,left,LAD,mid,20.0,70,leaky,"[0.7, 0.75)",0.7301183671912844,1,6,686_left_LAD_mid_20mm_70ds_leaky_T5_vox_narrow_C_flowmatched,T5_vox_narrow,C_flowmatched,ok,True,6,2,23.795563008469745,22.908827894059556,22.908827894059556,0.9627352748873995,0.5263103735431289,-0.2038079936481555,0.0,,0.04115824233672864,3.0772499659566037,3.0820803965489607,True,28.0,7.1270780175195105e-12,7.002600754446584e-09,1.421129208409341,199.23820373501488,6,vox,1.0,0.318359375,1.0450154096012223,7.6161406825925635,1.0,0.0028496370509685717,0.0016940009122488823,False
686,left,LAD,mid,20.0,70,leaky,"[0.7, 0.75)",0.7301183671912844,1,6,686_left_LAD_mid_20mm_70ds_leaky_T5_vox_wide_A_fixed,T5_vox_wide,A_fixed,ok,True,6,2,23.795563008469745,23.795563008469745,23.795563008469745,1.0,0.8385118586429742,0.10839349145168975,1.0,to_negative,0.02989101918152134,3.143781171087302,3.0820803965489607,True,28.0,4.7886019262415855e-12,7.002600754446584e-09,1.421129208409341,199.23820373501488,6,vox,-1.0,0.318359375,1.0450154096012223,-7.6161406825925635,,,,
686,left,LAD,mid,20.0,70,leaky,"[0.7, 0.75)",0.7301183671912844,1,6,686_left_LAD_mid_20mm_70ds_leaky_T5_vox_wide_B_rederived,T5_vox_wide,B_rederived,ok,True,6,2,23.795563008469745,23.795563008469745,23.795563008469745,1.0,0.8385118586429742,0.10839349145168975,1.0,to_negative,0.02989101918152134,3.143781171087302,3.0820803965489607,True,28.0,4.7886019262415855e-12,7.002600754446584e-09,1.421129208409341,199.23820373501488,6,vox,-1.0,0.318359375,1.0450154096012223,-7.6161406825925635,,,,
686,left,LAD,mid,20.0,70,leaky,"[0.7, 0.75)",0.7301183671912844,1,6,686_left_LAD_mid_20mm_70ds_leaky_T5_vox_wide_C_flowmatched,T5_vox_wide,C_flowmatched,ok,True,6,2,23.795563008469745,24.33209379776458,24.33209379776458,1.022547513967367,0.8421297947301181,0.11201142753883364,1.0,to_negative,0.021228748565161628,3.078535314139068,3.0820803965489607,True,28.0,1.0147219994932772e-12,7.002600754446584e-09,1.421129208409341,199.23820373501488,6,vox,-1.0,0.318359375,1.0450154096012223,-7.6161406825925635,1.0,0.0008934730277100767,0.0004506597656428519,False
686,left,LAD,mid,20.0,70,discrete,"[0.7, 0.75)",0.5731368090353456,1,6,686_left_LAD_mid_20mm_70ds_discrete_clean_none,clean,,ok,True,6,2,54.44095944065626,54.44095944065626,54.44095944065626,1.0,0.5731368090353456,0.0,0.0,,0.0,2.6893081098886915,2.6893081098886915,True,28.0,1.1589069017276693e-12,1.7152643200334922e-08,1.421129208409341,199.23820373501488,6,,,,,,,,,
686,left,LAD,mid,20.0,70,discrete,"[0.7, 0.75)",0.5731368090353456,1,6,686_left_LAD_mid_20mm_70ds_discrete_T5_vox_narrow_A_fixed,T5_vox_narrow,A_fixed,ok,True,6,2,54.44095944065626,54.44095944065626,54.44095944065626,1.0,0.3803253349138642,-0.19281147412148136,0.0,,0.12882689903493377,2.4846443100414066,2.6893081098886915,True,28.0,6.573371175484364e-12,1.7152643200334922e-08,1.421129208409341,199.23820373501488,6,vox,1.0,0.318359375,1.0450154096012223,7.6161406825925635,,,,
686,left,LAD,mid,20.0,70,discrete,"[0.7, 0.75)",0.5731368090353456,1,6,686_left_LAD_mid_20mm_70ds_discrete_T5_vox_narrow_B_rederived,T5_vox_narrow,B_rederived,ok,True,6,2,54.44095944065626,54.44095944065626,54.44095944065626,1.0,0.3803253349138642,-0.19281147412148136,0.0,,0.12882689903493377,2.4846443100414066,2.6893081098886915,True,28.0,6.573371175484364e-12,1.7152643200334922e-08,1.421129208409341,199.23820373501488,6,vox,1.0,0.318359375,1.0450154096012223,7.6161406825925635,,,,
686,left,LAD,mid,20.0,70,discrete,"[0.7, 0.75)",0.5731368090353456,1,6,686_left_LAD_mid_20mm_70ds_discrete_T5_vox_narrow_C_flowmatched,T5_vox_narrow,C_flowmatched,ok,True,6,2,54.44095944065626,50.160027752658,50.160027752658,0.9213656090564547,0.36329309859183784,-0.20984371044350775,0.0,,0.1130479349564945,2.650178254702512,2.6893081098886915,True,28.0,9.524484544912837e-13,1.7152643200334922e-08,1.421129208409341,199.23820373501488,6,vox,1.0,0.318359375,1.0450154096012223,7.6161406825925635,1.0,0.01659636991495702,0.01277983559792781,False
686,left,LAD,mid,20.0,70,discrete,"[0.7, 0.75)",0.5731368090353456,1,6,686_left_LAD_mid_20mm_70ds_discrete_T5_vox_wide_A_fixed,T5_vox_wide,A_fixed,ok,True,6,2,54.44095944065626,54.44095944065626,54.44095944065626,1.0,0.7196273940785056,0.14649058504316004,0.0,,0.09775417969252628,2.844607520717175,2.6893081098886915,True,27.0,4.214458666670907e-12,1.7152643200334922e-08,1.421129208409341,199.23820373501488,6,vox,-1.0,0.318359375,1.0450154096012223,-7.6161406825925635,,,,
686,left,LAD,mid,20.0,70,discrete,"[0.7, 0.75)",0.5731368090353456,1,6,686_left_LAD_mid_20mm_70ds_discrete_T5_vox_wide_B_rederived,T5_vox_wide,B_rederived,ok,True,6,2,54.44095944065626,54.44095944065626,54.44095944065626,1.0,0.7196273940785056,0.14649058504316004,0.0,,0.09775417969252628,2.844607520717175,2.6893081098886915,True,27.0,4.214458666670907e-12,1.7152643200334922e-08,1.421129208409341,199.23820373501488,6,vox,-1.0,0.318359375,1.0450154096012223,-7.6161406825925635,,,,
686,left,LAD,mid,20.0,70,discrete,"[0.7, 0.75)",0.5731368090353456,1,6,686_left_LAD_mid_20mm_70ds_discrete_T5_vox_wide_C_flowmatched,T5_vox_wide,C_flowmatched,ok,True,6,2,54.44095944065626,58.94183039379545,58.94183039379545,1.082674350330754,0.7367983676954434,0.1636615586600978,0.0,,0.0736540017319083,2.6686483613933896,2.6893081098886915,True,27.0,9.390322871700525e-13,1.7152643200334922e-08,1.421129208409341,199.23820373501488,6,vox,-1.0,0.318359375,1.0450154096012223,-7.6161406825925635,1.0,0.009555879647358717,0.00542491197112395,False
698,left,LAD,prox,20.0,65,leaky,"[0.7, 0.75)",0.7066379707204921,1,5,698_left_LAD_prox_20mm_65ds_leaky_clean_none,clean,,ok,True,5,2,23.387251868657945,23.387251868657945,23.387251868657945,1.0,0.7066379707204921,0.0,0.0,,0.0,3.93399029306583,3.93399029306583,True,27.0,1.2631889061116129e-11,9.750285056556489e-09,1.5990016957705064,227.8543698286447,5,,,,,,,,,
698,left,LAD,prox,20.0,65,leaky,"[0.7, 0.75)",0.7066379707204921,1,5,698_left_LAD_prox_20mm_65ds_leaky_T5_vox_narrow_A_fixed,T5_vox_narrow,A_fixed,ok,True,5,2,23.387251868657945,23.387251868657945,23.387251868657945,1.0,0.5672902429434995,-0.13934772777699256,0.0,,0.07367116505417613,3.6070219174886797,3.93399029306583,True,27.0,1.5521250206513595e-11,9.750285056556489e-09,1.5990016957705064,227.8543698286447,5,vox,1.0,0.373046875,1.4587809313461757,6.39312707933036,,,,
698,left,LAD,prox,20.0,65,leaky,"[0.7, 0.75)",0.7066379707204921,1,5,698_left_LAD_prox_20mm_65ds_leaky_T5_vox_narrow_B_rederived,T5_vox_narrow,B_rederived,ok,True,5,2,23.387251868657945,23.387251868657945,23.387251868657945,1.0,0.5672902429434995,-0.13934772777699256,0.0,,0.07367116505417613,3.6070219174886797,3.93399029306583,True,27.0,1.5521250206513595e-11,9.750285056556489e-09,1.5990016957705064,227.8543698286447,5,vox,1.0,0.373046875,1.4587809313461757,6.39312707933036,,,,
698,left,LAD,prox,20.0,65,leaky,"[0.7, 0.75)",0.7066379707204921,1,5,698_left_LAD_prox_20mm_65ds_leaky_T5_vox_narrow_C_flowmatched,T5_vox_narrow,C_flowmatched,ok,True,5,2,23.387251868657945,22.285107469091898,22.285107469091898,0.9528741381947886,0.5530158660166398,-0.1536221047038523,0.0,,0.061307138162726066,3.745679351296374,3.93399029306583,True,27.0,4.230326159339323e-12,9.750285056556489e-09,1.5990016957705064,227.8543698286447,5,vox,1.0,0.373046875,1.4587809313461757,6.39312707933036,1.0,0.005427440560439662,0.003758565189703583,False
698,left,LAD,prox,20.0,65,leaky,"[0.7, 0.75)",0.7066379707204921,1,5,698_left_LAD_prox_20mm_65ds_leaky_T5_vox_wide_A_fixed,T5_vox_wide,A_fixed,ok,True,5,2,23.387251868657945,23.387251868657945,23.387251868657945,1.0,0.8067140002925909,0.10007602957209882,1.0,to_negative,0.05288504921249422,4.168705444118929,3.93399029306583,True,27.0,8.809643182133395e-12,9.750285056556489e-09,1.5990016957705064,227.8543698286447,5,vox,-1.0,0.373046875,1.4587809313461757,-6.39312707933036,,,,
698,left,LAD,prox,20.0,65,leaky,"[0.7, 0.75)",0.7066379707204921,1,5,698_left_LAD_prox_20mm_65ds_leaky_T5_vox_wide_B_rederived,T5_vox_wide,B_rederived,ok,True,5,2,23.387251868657945,23.387251868657945,23.387251868657945,1.0,0.8067140002925909,0.10007602957209882,1.0,to_negative,0.05288504921249422,4.168705444118929,3.93399029306583,True,27.0,8.809643182133395e-12,9.750285056556489e-09,1.5990016957705064,227.8543698286447,5,vox,-1.0,0.373046875,1.4587809313461757,-6.39312707933036,,,,
698,left,LAD,prox,20.0,65,leaky,"[0.7, 0.75)",0.7066379707204921,1,5,698_left_LAD_prox_20mm_65ds_leaky_T5_vox_wide_C_flowmatched,T5_vox_wide,C_flowmatched,ok,True,5,2,23.387251868657945,24.325516917631685,24.325516917631685,1.0401186532835498,0.8150319731173977,0.10839400239690566,1.0,to_negative,0.03889015030288613,4.030389919114174,3.93399029306583,True,27.0,5.425320123412688e-12,9.750285056556489e-09,1.5990016957705064,227.8543698286447,5,vox,-1.0,0.373046875,1.4587809313461757,-6.39312707933036,1.0,0.0027968284302079356,0.0015124437905810742,False
698,left,LAD,prox,20.0,65,discrete,"[0.7, 0.75)",0.6169221381293148,1,5,698_left_LAD_prox_20mm_65ds_discrete_clean_none,clean,,ok,True,5,2,39.46052790911947,39.46052790911947,39.46052790911947,1.0,0.6169221381293148,0.0,0.0,,0.0,3.211296176813654,3.211296176813654,True,26.0,2.694376687729842e-12,1.8113700290908056e-08,1.5990016957705064,227.8543698286447,5,,,,,,,,,
698,left,LAD,prox,20.0,65,discrete,"[0.7, 0.75)",0.6169221381293148,1,5,698_left_LAD_prox_20mm_65ds_discrete_T5_vox_narrow_A_fixed,T5_vox_narrow,A_fixed,ok,True,5,2,39.46052790911947,39.46052790911947,39.46052790911947,1.0,0.4764699097304601,-0.14045222839885474,0.0,,0.12545850457321028,2.7598081195103643,3.211296176813654,True,27.0,1.1165652569562897e-12,1.8113700290908056e-08,1.5990016957705064,227.8543698286447,5,vox,1.0,0.373046875,1.4587809313461757,6.39312707933036,,,,
698,left,LAD,prox,20.0,65,discrete,"[0.7, 0.75)",0.6169221381293148,1,5,698_left_LAD_prox_20mm_65ds_discrete_T5_vox_narrow_B_rederived,T5_vox_narrow,B_rederived,ok,True,5,2,39.46052790911947,39.46052790911947,39.46052790911947,1.0,0.4764699097304601,-0.14045222839885474,0.0,,0.12545850457321028,2.7598081195103643,3.211296176813654,True,27.0,1.1165652569562897e-12,1.8113700290908056e-08,1.5990016957705064,227.8543698286447,5,vox,1.0,0.373046875,1.4587809313461757,6.39312707933036,,,,
698,left,LAD,prox,20.0,65,discrete,"[0.7, 0.75)",0.6169221381293148,1,5,698_left_LAD_prox_20mm_65ds_discrete_T5_vox_narrow_C_flowmatched,T5_vox_narrow,C_flowmatched,ok,True,5,2,39.46052790911947,36.669356775219796,36.669356775219796,0.9292667563817709,0.4589259586441681,-0.15799617948514677,0.0,,0.11465721102516109,2.8767070900836216,3.211296176813654,True,27.0,4.035520369317947e-12,1.8113700290908056e-08,1.5990016957705064,227.8543698286447,5,vox,1.0,0.373046875,1.4587809313461757,6.39312707933036,1.0,0.015739836369746223,0.013146276040068322,False
698,left,LAD,prox,20.0,65,discrete,"[0.7, 0.75)",0.6169221381293148,1,5,698_left_LAD_prox_20mm_65ds_discrete_T5_vox_wide_A_fixed,T5_vox_wide,A_fixed,ok,True,5,2,39.46052790911947,39.46052790911947,39.46052790911947,1.0,0.7317499763528232,0.1148278382235084,0.0,,0.10234011974495887,3.579588003685933,3.211296176813654,True,26.0,5.602182431496667e-13,1.8113700290908056e-08,1.5990016957705064,227.8543698286447,5,vox,-1.0,0.373046875,1.4587809313461757,-6.39312707933036,,,,
698,left,LAD,prox,20.0,65,discrete,"[0.7, 0.75)",0.6169221381293148,1,5,698_left_LAD_prox_20mm_65ds_discrete_T5_vox_wide_B_rederived,T5_vox_wide,B_rederived,ok,True,5,2,39.46052790911947,39.46052790911947,39.46052790911947,1.0,0.7317499763528232,0.1148278382235084,0.0,,0.10234011974495887,3.579588003685933,3.211296176813654,True,26.0,5.602182431496667e-13,1.8113700290908056e-08,1.5990016957705064,227.8543698286447,5,vox,-1.0,0.373046875,1.4587809313461757,-6.39312707933036,,,,
698,left,LAD,prox,20.0,65,discrete,"[0.7, 0.75)",0.6169221381293148,1,5,698_left_LAD_prox_20mm_65ds_discrete_T5_vox_wide_C_flowmatched,T5_vox_wide,C_flowmatched,ok,True,5,2,39.46052790911947,43.01775450503077,43.01775450503077,1.090146452275141,0.7509357617300566,0.13401362360074176,0.0,,0.07936436318754646,3.382159156235924,3.211296176813654,True,26.0,2.3597848524627253e-12,1.8113700290908056e-08,1.5990016957705064,227.8543698286447,5,vox,-1.0,0.373046875,1.4587809313461757,-6.39312707933036,1.0,0.01047350010941252,0.006298702144164779,False
751,left,LAD,mid,10.0,70,leaky,"[0.7, 0.75)",0.7392904749170162,1,6,751_left_LAD_mid_10mm_70ds_leaky_clean_none,clean,,ok,True,6,2,20.55980304681025,20.55980304681025,20.55980304681025,1.0,0.7392904749170162,0.0,0.0,,0.0,4.974476811178464,4.974476811178464,True,28.0,4.248891679490891e-12,9.553198531700238e-09,1.6585736505532331,225.46219372880356,6,,,,,,,,,
751,left,LAD,mid,10.0,70,leaky,"[0.7, 0.75)",0.7392904749170162,1,6,751_left_LAD_mid_10mm_70ds_leaky_T5_vox_narrow_A_fixed,T5_vox_narrow,A_fixed,ok,True,6,2,20.55980304681025,20.55980304681025,20.55980304681025,1.0,0.5342823468675523,-0.2050081280494639,0.0,,0.026272464186740202,4.853025240241139,4.974476811178464,True,28.0,3.665628155140378e-12,9.553198531700238e-09,1.6585736505532331,225.46219372880356,6,vox,1.0,0.345703125,1.0163299710331575,8.503712742244849,,,,
751,left,LAD,mid,10.0,70,leaky,"[0.7, 0.75)",0.7392904749170162,1,6,751_left_LAD_mid_10mm_70ds_leaky_T5_vox_narrow_B_rederived,T5_vox_narrow,B_rederived,ok,True,6,2,20.55980304681025,20.55980304681025,20.55980304681025,1.0,0.5342823468675523,-0.2050081280494639,0.0,,0.026272464186740202,4.853025240241139,4.974476811178464,True,28.0,3.665628155140378e-12,9.553198531700238e-09,1.6585736505532331,225.46219372880356,6,vox,1.0,0.345703125,1.0163299710331575,8.503712742244849,,,,
751,left,LAD,mid,10.0,70,leaky,"[0.7, 0.75)",0.7392904749170162,1,6,751_left_LAD_mid_10mm_70ds_leaky_T5_vox_narrow_C_flowmatched,T5_vox_narrow,C_flowmatched,ok,True,6,2,20.55980304681025,20.17322900594185,20.17322900594185,0.9811975805415911,0.5289604123877035,-0.21033006252931263,0.0,,0.01931477294710905,4.940502336857185,4.974476811178464,True,28.0,3.4347636957272405e-12,9.553198531700238e-09,1.6585736505532331,225.46219372880356,6,vox,1.0,0.345703125,1.0163299710331575,8.503712742244849,1.0,0.0006902423744435466,0.0003730604539983756,False
751,left,LAD,mid,10.0,70,leaky,"[0.7, 0.75)",0.7392904749170162,1,6,751_left_LAD_mid_10mm_70ds_leaky_T5_vox_wide_A_fixed,T5_vox_wide,A_fixed,ok,True,6,2,20.55980304681025,20.55980304681025,20.55980304681025,1.0,0.8430819587202267,0.10379148380321057,1.0,to_negative,0.01330309351397693,5.035973958684009,4.974476811178464,True,28.0,3.227353502074638e-12,9.553198531700238e-09,1.6585736505532331,225.46219372880356,6,vox,-1.0,0.345703125,1.0163299710331575,-8.503712742244849,,,,
751,left,LAD,mid,10.0,70,leaky,"[0.7, 0.75)",0.7392904749170162,1,6,751_left_LAD_mid_10mm_70ds_leaky_T5_vox_wide_B_rederived,T5_vox_wide,B_rederived,ok,True,6,2,20.55980304681025,20.55980304681025,20.55980304681025,1.0,0.8430819587202267,0.10379148380321057,1.0,to_negative,0.01330309351397693,5.035973958684009,4.974476811178464,True,28.0,3.227353502074638e-12,9.553198531700238e-09,1.6585736505532331,225.46219372880356,6,vox,-1.0,0.345703125,1.0163299710331575,-8.503712742244849,,,,
751,left,LAD,mid,10.0,70,leaky,"[0.7, 0.75)",0.7392904749170162,1,6,751_left_LAD_mid_10mm_70ds_leaky_T5_vox_wide_C_flowmatched,T5_vox_wide,C_flowmatched,ok,True,6,2,20.55980304681025,20.76178344291922,20.76178344291922,1.0098240433358776,0.84465550800304,0.10536503308602385,1.0,to_negative,0.009402173078478447,4.989101904971882,4.974476811178464,True,28.0,1.0167922840081967e-12,9.553198531700238e-09,1.6585736505532331,225.46219372880356,6,vox,-1.0,0.345703125,1.0163299710331575,-8.503712742244849,1.0,0.00017697229704161506,8.84008585976649e-05,False
751,left,LAD,mid,10.0,70,discrete,"[0.7, 0.75)",0.6446403491928286,1,6,751_left_LAD_mid_10mm_70ds_discrete_clean_none,clean,,ok,True,6,2,29.735900447064683,29.735900447064683,29.735900447064683,1.0,0.6446403491928286,0.0,0.0,,0.0,4.459067049877252,4.459067049877252,True,28.0,3.6737768274529796e-13,1.900260963376702e-08,1.6585736505532331,225.46219372880356,6,,,,,,,,,
751,left,LAD,mid,10.0,70,discrete,"[0.7, 0.75)",0.6446403491928286,1,6,751_left_LAD_mid_10mm_70ds_discrete_T5_vox_narrow_A_fixed,T5_vox_narrow,A_fixed,ok,True,6,2,29.735900447064683,29.735900447064683,29.735900447064683,1.0,0.43453755021564316,-0.21010279897718548,0.0,,0.054757205257443764,4.2771449978364195,4.459067049877252,True,28.0,1.947099745652062e-12,1.900260963376702e-08,1.6585736505532331,225.46219372880356,6,vox,1.0,0.345703125,1.0163299710331575,8.503712742244849,,,,
751,left,LAD,mid,10.0,70,discrete,"[0.7, 0.75)",0.6446403491928286,1,6,751_left_LAD_mid_10mm_70ds_discrete_T5_vox_narrow_B_rederived,T5_vox_narrow,B_rederived,ok,True,6,2,29.735900447064683,29.735900447064683,29.735900447064683,1.0,0.43453755021564316,-0.21010279897718548,0.0,,0.054757205257443764,4.2771449978364195,4.459067049877252,True,28.0,1.947099745652062e-12,1.900260963376702e-08,1.6585736505532331,225.46219372880356,6,vox,1.0,0.345703125,1.0163299710331575,8.503712742244849,,,,
751,left,LAD,mid,10.0,70,discrete,"[0.7, 0.75)",0.6446403491928286,1,6,751_left_LAD_mid_10mm_70ds_discrete_T5_vox_narrow_C_flowmatched,T5_vox_narrow,C_flowmatched,ok,True,6,2,29.735900447064683,28.080725081537473,28.080725081537473,0.9443374728647036,0.42266467503889255,-0.2219756741539361,0.0,,0.042805745792691016,4.427257626647281,4.459067049877252,True,28.0,6.003692607554136e-13,1.900260963376702e-08,1.6585736505532331,225.46219372880356,6,vox,1.0,0.345703125,1.0163299710331575,8.503712742244849,1.0,0.0029983515276058273,0.0018323318728684845,False
751,left,LAD,mid,10.0,70,discrete,"[0.7, 0.75)",0.6446403491928286,1,6,751_left_LAD_mid_10mm_70ds_discrete_T5_vox_wide_A_fixed,T5_vox_wide,A_fixed,ok,True,6,2,29.735900447064683,29.735900447064683,29.735900447064683,1.0,0.7752883427793231,0.13064799358649448,0.0,,0.034049613028059825,4.572191440413417,4.459067049877252,True,28.0,2.483192091355223e-12,1.900260963376702e-08,1.6585736505532331,225.46219372880356,6,vox,-1.0,0.345703125,1.0163299710331575,-8.503712742244849,,,,
751,left,LAD,mid,10.0,70,discrete,"[0.7, 0.75)",0.6446403491928286,1,6,751_left_LAD_mid_10mm_70ds_discrete_T5_vox_wide_B_rederived,T5_vox_wide,B_rederived,ok,True,6,2,29.735900447064683,29.735900447064683,29.735900447064683,1.0,0.7752883427793231,0.13064799358649448,0.0,,0.034049613028059825,4.572191440413417,4.459067049877252,True,28.0,2.483192091355223e-12,1.900260963376702e-08,1.6585736505532331,225.46219372880356,6,vox,-1.0,0.345703125,1.0163299710331575,-8.503712742244849,,,,
751,left,LAD,mid,10.0,70,discrete,"[0.7, 0.75)",0.6446403491928286,1,6,751_left_LAD_mid_10mm_70ds_discrete_T5_vox_wide_C_flowmatched,T5_vox_wide,C_flowmatched,ok,True,6,2,29.735900447064683,30.86224124684971,30.86224124684971,1.0378781467132674,0.7816720406861726,0.13703169149334393,0.0,,0.024355223417733152,4.466035830556474,4.459067049877252,True,28.0,1.657637385788764e-13,1.900260963376702e-08,1.6585736505532331,225.46219372880356,6,vox,-1.0,0.345703125,1.0163299710331575,-8.503712742244849,1.0,0.0011593761473606213,0.0005931769077276973,False
757,left,LAD,prox,10.0,55,leaky,"[0.7, 0.75)",0.7068151618726094,1,6,757_left_LAD_prox_10mm_55ds_leaky_clean_none,clean,,ok,True,6,2,16.855889962900807,16.855889962900807,16.855889962900807,1.0,0.7068151618726094,0.0,0.0,,0.0,4.697638211106419,4.697638211106419,True,26.0,4.439602261831765e-12,9.427932336168874e-09,1.752943395189078,300.5886150067936,6,,,,,,,,,
757,left,LAD,prox,10.0,55,leaky,"[0.7, 0.75)",0.7068151618726094,1,6,757_left_LAD_prox_10mm_55ds_leaky_T5_vox_narrow_A_fixed,T5_vox_narrow,A_fixed,ok,True,6,2,16.855889962900807,16.855889962900807,16.855889962900807,1.0,0.6021809110081788,-0.10463425086443057,0.0,,0.10865653191740562,4.167797241521292,4.697638211106419,True,27.0,4.258132841508921e-12,9.427932336168874e-09,1.752943395189078,300.5886150067936,6,vox,1.0,0.359375,1.4943168448504671,6.01236279371464,,,,
757,left,LAD,prox,10.0,55,leaky,"[0.7, 0.75)",0.7068151618726094,1,6,757_left_LAD_prox_10mm_55ds_leaky_T5_vox_narrow_B_rederived,T5_vox_narrow,B_rederived,ok,True,6,2,16.855889962900807,16.855889962900807,16.855889962900807,1.0,0.6021809110081788,-0.10463425086443057,0.0,,0.10865653191740562,4.167797241521292,4.697638211106419,True,27.0,4.258132841508921e-12,9.427932336168874e-09,1.752943395189078,300.5886150067936,6,vox,1.0,0.359375,1.4943168448504671,6.01236279371464,,,,
757,left,LAD,prox,10.0,55,leaky,"[0.7, 0.75)",0.7068151618726094,1,6,757_left_LAD_prox_10mm_55ds_leaky_T5_vox_narrow_C_flowmatched,T5_vox_narrow,C_flowmatched,ok,True,6,2,16.855889962900807,15.986615763117095,15.986615763117095,0.948429053482376,0.5859107579917573,-0.12090440388085211,0.0,,0.10111944040770272,4.300987045224654,4.697638211106419,True,27.0,4.410256441454131e-12,9.427932336168874e-09,1.752943395189078,300.5886150067936,6,vox,1.0,0.359375,1.4943168448504671,6.01236279371464,1.0,0.011806241928318188,0.010225141228366944,False
757,left,LAD,prox,10.0,55,leaky,"[0.7, 0.75)",0.7068151618726094,1,6,757_left_LAD_prox_10mm_55ds_leaky_T5_vox_wide_A_fixed,T5_vox_wide,A_fixed,ok,True,6,2,16.855889962900807,16.855889962900807,16.855889962900807,1.0,0.7909254298035331,0.08411026793092369,0.0,,0.08733779842815191,5.123522812650028,4.697638211106419,True,26.0,4.8310503709580925e-12,9.427932336168874e-09,1.752943395189078,300.5886150067936,6,vox,-1.0,0.359375,1.4943168448504671,-6.01236279371464,,,,
757,left,LAD,prox,10.0,55,leaky,"[0.7, 0.75)",0.7068151618726094,1,6,757_left_LAD_prox_10mm_55ds_leaky_T5_vox_wide_B_rederived,T5_vox_wide,B_rederived,ok,True,6,2,16.855889962900807,16.855889962900807,16.855889962900807,1.0,0.7909254298035331,0.08411026793092369,0.0,,0.08733779842815191,5.123522812650028,4.697638211106419,True,26.0,4.8310503709580925e-12,9.427932336168874e-09,1.752943395189078,300.5886150067936,6,vox,-1.0,0.359375,1.4943168448504671,-6.01236279371464,,,,
757,left,LAD,prox,10.0,55,leaky,"[0.7, 0.75)",0.7068151618726094,1,6,757_left_LAD_prox_10mm_55ds_leaky_T5_vox_wide_C_flowmatched,T5_vox_wide,C_flowmatched,ok,True,6,2,16.855889962900807,18.02736080286437,18.02736080286437,1.0694991983539242,0.8066298391689244,0.09981467729631499,1.0,to_negative,0.06753989217029832,4.873007991656991,4.697638211106419,True,26.0,5.495015113333522e-12,9.427932336168874e-09,1.752943395189078,300.5886150067936,6,vox,-1.0,0.359375,1.4943168448504671,-6.01236279371464,1.0,0.007627891034276495,0.004561637034375525,False
757,left,LAD,prox,10.0,55,discrete,"[0.7, 0.75)",0.7355420685818436,1,6,757_left_LAD_prox_10mm_55ds_discrete_clean_none,clean,,ok,True,6,2,29.401135644235225,29.401135644235225,29.401135644235225,1.0,0.7355420685818436,0.0,0.0,,0.0,4.709325329997834,4.709325329997834,True,27.0,1.7286624060998615e-12,1.8692203174460453e-08,1.752943395189078,300.5886150067936,6,,,,,,,,,
757,left,LAD,prox,10.0,55,discrete,"[0.7, 0.75)",0.7355420685818436,1,6,757_left_LAD_prox_10mm_55ds_discrete_T5_vox_narrow_A_fixed,T5_vox_narrow,A_fixed,ok,True,6,2,29.401135644235225,29.401135644235225,29.401135644235225,1.0,0.6335395857031118,-0.10200248287873181,0.0,,0.10574685421523833,4.244108063134196,4.709325329997834,True,27.0,5.065303682545371e-13,1.8692203174460453e-08,1.752943395189078,300.5886150067936,6,vox,1.0,0.359375,1.4943168448504671,6.01236279371464,,,,
757,left,LAD,prox,10.0,55,discrete,"[0.7, 0.75)",0.7355420685818436,1,6,757_left_LAD_prox_10mm_55ds_discrete_T5_vox_narrow_B_rederived,T5_vox_narrow,B_rederived,ok,True,6,2,29.401135644235225,29.401135644235225,29.401135644235225,1.0,0.6335395857031118,-0.10200248287873181,0.0,,0.10574685421523833,4.244108063134196,4.709325329997834,True,27.0,5.065303682545371e-13,1.8692203174460453e-08,1.752943395189078,300.5886150067936,6,vox,1.0,0.359375,1.4943168448504671,6.01236279371464,,,,
757,left,LAD,prox,10.0,55,discrete,"[0.7, 0.75)",0.7355420685818436,1,6,757_left_LAD_prox_10mm_55ds_discrete_T5_vox_narrow_C_flowmatched,T5_vox_narrow,C_flowmatched,ok,True,6,2,29.401135644235225,27.506128680738566,27.506128680738566,0.9355464705028079,0.6160488214717983,-0.11949324711004528,0.0,,0.0974213858676937,4.396255363183577,4.709325329997834,True,27.0,1.4893503996852177e-12,1.8692203174460453e-08,1.752943395189078,300.5886150067936,6,vox,1.0,0.359375,1.4943168448504671,6.01236279371464,1.0,0.01118239717641887,0.00949092642438207,False
757,left,LAD,prox,10.0,55,discrete,"[0.7, 0.75)",0.7355420685818436,1,6,757_left_LAD_prox_10mm_55ds_discrete_T5_vox_wide_A_fixed,T5_vox_wide,A_fixed,ok,True,6,2,29.401135644235225,29.401135644235225,29.401135644235225,1.0,0.8144673289264001,0.07892526034455649,1.0,to_negative,0.08174678260185136,5.068957917251336,4.709325329997834,True,26.0,2.1773389092778867e-13,1.8692203174460453e-08,1.752943395189078,300.5886150067936,6,vox,-1.0,0.359375,1.4943168448504671,-6.01236279371464,,,,
757,left,LAD,prox,10.0,55,discrete,"[0.7, 0.75)",0.7355420685818436,1,6,757_left_LAD_prox_10mm_55ds_discrete_T5_vox_wide_B_rederived,T5_vox_wide,B_rederived,ok,True,6,2,29.401135644235225,29.401135644235225,29.401135644235225,1.0,0.8144673289264001,0.07892526034455649,1.0,to_negative,0.08174678260185136,5.068957917251336,4.709325329997834,True,26.0,2.1773389092778867e-13,1.8692203174460453e-08,1.752943395189078,300.5886150067936,6,vox,-1.0,0.359375,1.4943168448504671,-6.01236279371464,,,,
757,left,LAD,prox,10.0,55,discrete,"[0.7, 0.75)",0.7355420685818436,1,6,757_left_LAD_prox_10mm_55ds_discrete_T5_vox_wide_C_flowmatched,T5_vox_wide,C_flowmatched,ok,True,6,2,29.401135644235225,31.750838070163873,31.750838070163873,1.0799187641715928,0.8287760220042186,0.09323395342237506,1.0,to_negative,0.061330431487496846,4.8174270736105305,4.709325329997834,True,27.0,1.92354555686445e-13,1.8692203174460453e-08,1.752943395189078,300.5886150067936,6,vox,-1.0,0.359375,1.4943168448504671,-6.01236279371464,1.0,0.0066825364657543485,0.0037614218264425446,False
847,left,LAD,mid,20.0,60,leaky,"[0.7, 0.75)",0.7467475443148439,1,4,847_left_LAD_mid_20mm_60ds_leaky_clean_none,clean,,ok,True,4,2,13.147447141683255,13.147447141683255,13.147447141683255,1.0,0.7467475443148439,0.0,0.0,,0.0,8.432384892038497,8.432384892038497,True,27.0,5.631828934373884e-12,1.141425629287953e-08,2.034603617465009,292.9064621769661,4,,,,,,,,,
847,left,LAD,mid,20.0,60,leaky,"[0.7, 0.75)",0.7467475443148439,1,4,847_left_LAD_mid_20mm_60ds_leaky_T5_vox_narrow_A_fixed,T5_vox_narrow,A_fixed,ok,True,4,2,13.147447141683255,13.147447141683255,13.147447141683255,1.0,0.6160044838828166,-0.13074306043202732,0.0,,0.04528061283043369,8.132798913389284,8.432384892038497,True,27.0,5.807833904872044e-12,1.141425629287953e-08,2.034603617465009,292.9064621769661,4,vox,1.0,0.40234375000000006,1.3763723961661658,7.308046701617847,,,,
847,left,LAD,mid,20.0,60,leaky,"[0.7, 0.75)",0.7467475443148439,1,4,847_left_LAD_mid_20mm_60ds_leaky_T5_vox_narrow_B_rederived,T5_vox_narrow,B_rederived,ok,True,4,2,13.147447141683255,13.147447141683255,13.147447141683255,1.0,0.6160044838828166,-0.13074306043202732,0.0,,0.04528061283043369,8.132798913389284,8.432384892038497,True,27.0,5.807833904872044e-12,1.141425629287953e-08,2.034603617465009,292.9064621769661,4,vox,1.0,0.40234375000000006,1.3763723961661658,7.308046701617847,,,,
847,left,LAD,mid,20.0,60,leaky,"[0.7, 0.75)",0.7467475443148439,1,4,847_left_LAD_mid_20mm_60ds_leaky_T5_vox_narrow_C_flowmatched,T5_vox_narrow,C_flowmatched,ok,True,4,2,13.147447141683255,12.709560313906996,12.709560313906996,0.9666941556746813,0.6062271838958883,-0.14052036041895566,0.0,,0.036355673716507345,8.358932517519575,8.432384892038497,True,27.0,2.7027449643618675e-12,1.141425629287953e-08,2.034603617465009,292.9064621769661,4,vox,1.0,0.40234375000000006,1.3763723961661658,7.308046701617847,1.0,0.002050333898299636,0.001321735011381143,False
847,left,LAD,mid,20.0,60,leaky,"[0.7, 0.75)",0.7467475443148439,1,4,847_left_LAD_mid_20mm_60ds_leaky_T5_vox_wide_A_fixed,T5_vox_wide,A_fixed,ok,True,4,2,13.147447141683255,13.147447141683255,13.147447141683255,1.0,0.8324051984217926,0.0856576541069487,1.0,to_negative,0.02966670071316218,8.62866597048522,8.432384892038497,True,27.0,5.361771997813034e-12,1.141425629287953e-08,2.034603617465009,292.9064621769661,4,vox,-1.0,0.40234375000000006,1.3763723961661658,-7.308046701617847,,,,
847,left,LAD,mid,20.0,60,leaky,"[0.7, 0.75)",0.7467475443148439,1,4,847_left_LAD_mid_20mm_60ds_leaky_T5_vox_wide_B_rederived,T5_vox_wide,B_rederived,ok,True,4,2,13.147447141683255,13.147447141683255,13.147447141683255,1.0,0.8324051984217926,0.0856576541069487,1.0,to_negative,0.02966670071316218,8.62866597048522,8.432384892038497,True,27.0,5.361771997813034e-12,1.141425629287953e-08,2.034603617465009,292.9064621769661,4,vox,-1.0,0.40234375000000006,1.3763723961661658,-7.308046701617847,,,,
847,left,LAD,mid,20.0,60,leaky,"[0.7, 0.75)",0.7467475443148439,1,4,847_left_LAD_mid_20mm_60ds_leaky_T5_vox_wide_C_flowmatched,T5_vox_wide,C_flowmatched,ok,True,4,2,13.147447141683255,13.463251662364938,13.463251662364938,1.0240202160372596,0.8366571194531173,0.08990957513827336,1.0,to_negative,0.021793124319189745,8.456088701002102,8.432384892038497,True,27.0,8.659158240578519e-12,1.141425629287953e-08,2.034603617465009,292.9064621769661,4,vox,-1.0,0.40234375000000006,1.3763723961661658,-7.308046701617847,1.0,0.0008801131312043374,0.0004749402675916594,False
847,left,LAD,mid,20.0,60,discrete,"[0.7, 0.75)",0.7496488028966147,1,4,847_left_LAD_mid_20mm_60ds_discrete_clean_none,clean,,ok,True,4,2,9.778513906734604,9.778513906734604,9.778513906734604,1.0,0.7496488028966147,0.0,0.0,,0.0,7.054558890325549,7.054558890325549,True,24.0,1.6887687222328873e-12,1.1550886654202933e-08,2.034603617465009,292.9064621769661,4,,,,,,,,,
847,left,LAD,mid,20.0,60,discrete,"[0.7, 0.75)",0.7496488028966147,1,4,847_left_LAD_mid_20mm_60ds_discrete_T5_vox_narrow_A_fixed,T5_vox_narrow,A_fixed,ok,True,4,2,9.778513906734604,9.778513906734604,9.778513906734604,1.0,0.6208384628313607,-0.12881034006525405,0.0,,0.060592924949677565,6.761863495139271,7.054558890325549,True,24.0,2.3741702950452866e-12,1.1550886654202933e-08,2.034603617465009,292.9064621769661,4,vox,1.0,0.40234375000000006,1.3763723961661658,7.308046701617847,,,,
847,left,LAD,mid,20.0,60,discrete,"[0.7, 0.75)",0.7496488028966147,1,4,847_left_LAD_mid_20mm_60ds_discrete_T5_vox_narrow_B_rederived,T5_vox_narrow,B_rederived,ok,True,4,2,9.778513906734604,9.778513906734604,9.778513906734604,1.0,0.6208384628313607,-0.12881034006525405,0.0,,0.060592924949677565,6.761863495139271,7.054558890325549,True,24.0,2.3741702950452866e-12,1.1550886654202933e-08,2.034603617465009,292.9064621769661,4,vox,1.0,0.40234375000000006,1.3763723961661658,7.308046701617847,,,,
847,left,LAD,mid,20.0,60,discrete,"[0.7, 0.75)",0.7496488028966147,1,4,847_left_LAD_mid_20mm_60ds_discrete_T5_vox_narrow_C_flowmatched,T5_vox_narrow,C_flowmatched,ok,True,4,2,9.778513906734604,9.049622656520008,9.049622656520008,0.9254599157738479,0.6072850639981141,-0.14236373889850062,0.0,,0.04926580960429269,7.006920516813681,7.054558890325549,True,24.0,6.889247216118546e-13,1.1550886654202933e-08,2.034603617465009,292.9064621769661,4,vox,1.0,0.40234375000000006,1.3763723961661658,7.308046701617847,1.0,0.003671502553957258,0.0024271199959664184,False
847,left,LAD,mid,20.0,60,discrete,"[0.7, 0.75)",0.7496488028966147,1,4,847_left_LAD_mid_20mm_60ds_discrete_T5_vox_wide_A_fixed,T5_vox_wide,A_fixed,ok,True,4,2,9.778513906734604,9.778513906734604,9.778513906734604,1.0,0.8334315572151145,0.0837827543184998,1.0,to_negative,0.039411725244656734,7.244938048537131,7.054558890325549,True,25.0,1.504680089481786e-13,1.1550886654202933e-08,2.034603617465009,292.9064621769661,4,vox,-1.0,0.40234375000000006,1.3763723961661658,-7.308046701617847,,,,
847,left,LAD,mid,20.0,60,discrete,"[0.7, 0.75)",0.7496488028966147,1,4,847_left_LAD_mid_20mm_60ds_discrete_T5_vox_wide_B_rederived,T5_vox_wide,B_rederived,ok,True,4,2,9.778513906734604,9.778513906734604,9.778513906734604,1.0,0.8334315572151145,0.0837827543184998,1.0,to_negative,0.039411725244656734,7.244938048537131,7.054558890325549,True,25.0,1.504680089481786e-13,1.1550886654202933e-08,2.034603617465009,292.9064621769661,4,vox,-1.0,0.40234375000000006,1.3763723961661658,-7.308046701617847,,,,
847,left,LAD,mid,20.0,60,discrete,"[0.7, 0.75)",0.7496488028966147,1,4,847_left_LAD_mid_20mm_60ds_discrete_T5_vox_wide_C_flowmatched,T5_vox_wide,C_flowmatched,ok,True,4,2,9.778513906734604,10.318387172641723,10.318387172641723,1.0552101547388812,0.8393670454518267,0.08971824255521199,1.0,to_negative,0.02819060301858256,7.050186720175468,7.054558890325549,True,25.0,2.867821414303895e-12,1.1550886654202933e-08,2.034603617465009,292.9064621769661,4,vox,-1.0,0.40234375000000006,1.3763723961661658,-7.308046701617847,1.0,0.0015532840867603127,0.0007947100985513161,False
928,left,LAD,prox,20.0,60,leaky,"[0.7, 0.75)",0.7320961480594511,1,5,928_left_LAD_prox_20mm_60ds_leaky_clean_none,clean,,ok,True,5,2,18.805484078083754,18.805484078083754,18.805484078083754,1.0,0.7320961480594511,0.0,0.0,,0.0,5.770363347518952,5.770363347518952,True,28.0,4.673360465824045e-12,1.0588796743148463e-08,1.7645866189142574,310.9730651918262,5,,,,,,,,,
928,left,LAD,prox,20.0,60,leaky,"[0.7, 0.75)",0.7320961480594511,1,5,928_left_LAD_prox_20mm_60ds_leaky_T5_vox_narrow_A_fixed,T5_vox_narrow,A_fixed,ok,True,5,2,18.805484078083754,18.805484078083754,18.805484078083754,1.0,0.5737515216162352,-0.1583446264432159,0.0,,0.05315153675608031,5.525814721961494,5.770363347518952,True,28.0,1.2802490730193568e-12,1.0588796743148463e-08,1.7645866189142574,310.9730651918262,5,vox,1.0,0.388671875,1.153431768922326,8.424249389349312,,,,
928,left,LAD,prox,20.0,60,leaky,"[0.7, 0.75)",0.7320961480594511,1,5,928_left_LAD_prox_20mm_60ds_leaky_T5_vox_narrow_B_rederived,T5_vox_narrow,B_rederived,ok,True,5,2,18.805484078083754,18.805484078083754,18.805484078083754,1.0,0.5737515216162352,-0.1583446264432159,0.0,,0.05315153675608031,5.525814721961494,5.770363347518952,True,28.0,1.2802490730193568e-12,1.0588796743148463e-08,1.7645866189142574,310.9730651918262,5,vox,1.0,0.388671875,1.153431768922326,8.424249389349312,,,,
928,left,LAD,prox,20.0,60,leaky,"[0.7, 0.75)",0.7320961480594511,1,5,928_left_LAD_prox_20mm_60ds_leaky_T5_vox_narrow_C_flowmatched,T5_vox_narrow,C_flowmatched,ok,True,5,2,18.805484078083754,18.118915502810495,18.118915502810495,0.9634910448238129,0.5629276667305697,-0.1691684813288814,0.0,,0.04201728307790111,5.710928753637565,5.770363347518952,True,28.0,8.3390254861947e-12,1.0588796743148463e-08,1.7645866189142574,310.9730651918262,5,vox,1.0,0.388671875,1.153431768922326,8.424249389349312,1.0,0.002825085859532956,0.0017654520772484752,False
928,left,LAD,prox,20.0,60,leaky,"[0.7, 0.75)",0.7320961480594511,1,5,928_left_LAD_prox_20mm_60ds_leaky_T5_vox_wide_A_fixed,T5_vox_wide,A_fixed,ok,True,5,2,18.805484078083754,18.805484078083754,18.805484078083754,1.0,0.8308972674420498,0.09880111938259872,1.0,to_negative,0.033161564887036435,5.9229387116893735,5.770363347518952,True,28.0,4.561411860011841e-12,1.0588796743148463e-08,1.7645866189142574,310.9730651918262,5,vox,-1.0,0.388671875,1.153431768922326,-8.424249389349312,,,,
928,left,LAD,prox,20.0,60,leaky,"[0.7, 0.75)",0.7320961480594511,1,5,928_left_LAD_prox_20mm_60ds_leaky_T5_vox_wide_B_rederived,T5_vox_wide,B_rederived,ok,True,5,2,18.805484078083754,18.805484078083754,18.805484078083754,1.0,0.8308972674420498,0.09880111938259872,1.0,to_negative,0.033161564887036435,5.9229387116893735,5.770363347518952,True,28.0,4.561411860011841e-12,1.0588796743148463e-08,1.7645866189142574,310.9730651918262,5,vox,-1.0,0.388671875,1.153431768922326,-8.424249389349312,,,,
928,left,LAD,prox,20.0,60,leaky,"[0.7, 0.75)",0.7320961480594511,1,5,928_left_LAD_prox_20mm_60ds_leaky_T5_vox_wide_C_flowmatched,T5_vox_wide,C_flowmatched,ok,True,5,2,18.805484078083754,19.27618639723036,19.27618639723036,1.0250300559768717,0.8352713924035535,0.10317524434410241,1.0,to_negative,0.02391935501495285,5.789328362339729,5.770363347518952,True,28.0,2.5754837240725306e-12,1.0588796743148463e-08,1.7645866189142574,310.9730651918262,5,vox,-1.0,0.388671875,1.153431768922326,-8.424249389349312,1.0,0.0010996893857571277,0.00057213554433135,False
928,left,LAD,prox,20.0,60,discrete,"[0.7, 0.75)",0.6471924940212462,1,5,928_left_LAD_prox_20mm_60ds_discrete_clean_none,clean,,ok,True,5,2,25.15945313919205,25.15945313919205,25.15945313919205,1.0,0.6471924940212462,0.0,0.0,,0.0,4.887877500039705,4.887877500039705,True,27.0,2.002395867213107e-12,1.710687579565468e-08,1.7645866189142574,310.9730651918262,5,,,,,,,,,
928,left,LAD,prox,20.0,60,discrete,"[0.7, 0.75)",0.6471924940212462,1,5,928_left_LAD_prox_20mm_60ds_discrete_T5_vox_narrow_A_fixed,T5_vox_narrow,A_fixed,ok,True,5,2,25.15945313919205,25.15945313919205,25.15945313919205,1.0,0.4842566312696082,-0.16293586275163802,0.0,,0.0973806258514111,4.536029945192804,4.887877500039705,True,27.0,1.939983949698306e-12,1.710687579565468e-08,1.7645866189142574,310.9730651918262,5,vox,1.0,0.388671875,1.153431768922326,8.424249389349312,,,,
928,left,LAD,prox,20.0,60,discrete,"[0.7, 0.75)",0.6471924940212462,1,5,928_left_LAD_prox_20mm_60ds_discrete_T5_vox_narrow_B_rederived,T5_vox_narrow,B_rederived,ok,True,5,2,25.15945313919205,25.15945313919205,25.15945313919205,1.0,0.4842566312696082,-0.16293586275163802,0.0,,0.0973806258514111,4.536029945192804,4.887877500039705,True,27.0,1.939983949698306e-12,1.710687579565468e-08,1.7645866189142574,310.9730651918262,5,vox,1.0,0.388671875,1.153431768922326,8.424249389349312,,,,
928,left,LAD,prox,20.0,60,discrete,"[0.7, 0.75)",0.6471924940212462,1,5,928_left_LAD_prox_20mm_60ds_discrete_T5_vox_narrow_C_flowmatched,T5_vox_narrow,C_flowmatched,ok,True,5,2,25.15945313919205,23.544745559131556,23.544745559131556,0.9358210382742704,0.4695139186355882,-0.177678575385658,0.0,,0.08812155412974998,4.720127597754929,4.887877500039705,True,27.0,1.3589845563937367e-12,1.710687579565468e-08,1.7645866189142574,310.9730651918262,5,vox,1.0,0.388671875,1.153431768922326,8.424249389349312,1.0,0.009482986291212516,0.007765408302242456,False
928,left,LAD,prox,20.0,60,discrete,"[0.7, 0.75)",0.6471924940212462,1,5,928_left_LAD_prox_20mm_60ds_discrete_T5_vox_wide_A_fixed,T5_vox_wide,A_fixed,ok,True,5,2,25.15945313919205,25.15945313919205,25.15945313919205,1.0,0.7658911783370281,0.1186986843157819,0.0,,0.07094168075638276,5.144198037861544,4.887877500039705,True,27.0,1.8560240704534574e-12,1.710687579565468e-08,1.7645866189142574,310.9730651918262,5,vox,-1.0,0.388671875,1.153431768922326,-8.424249389349312,,,,
928,left,LAD,prox,20.0,60,discrete,"[0.7, 0.75)",0.6471924940212462,1,5,928_left_LAD_prox_20mm_60ds_discrete_T5_vox_wide_B_rederived,T5_vox_wide,B_rederived,ok,True,5,2,25.15945313919205,25.15945313919205,25.15945313919205,1.0,0.7658911783370281,0.1186986843157819,0.0,,0.07094168075638276,5.144198037861544,4.887877500039705,True,27.0,1.8560240704534574e-12,1.710687579565468e-08,1.7645866189142574,310.9730651918262,5,vox,-1.0,0.388671875,1.153431768922326,-8.424249389349312,,,,
928,left,LAD,prox,20.0,60,discrete,"[0.7, 0.75)",0.6471924940212462,1,5,928_left_LAD_prox_20mm_60ds_discrete_T5_vox_wide_C_flowmatched,T5_vox_wide,C_flowmatched,ok,True,5,2,25.15945313919205,26.853143972225812,26.853143972225812,1.0673182689489948,0.7776470867463493,0.13045459272510307,0.0,,0.05566495652220366,4.929536218409368,4.887877500039705,True,27.0,4.35378093731802e-12,1.710687579565468e-08,1.7645866189142574,310.9730651918262,5,vox,-1.0,0.388671875,1.153431768922326,-8.424249389349312,1.0,0.005032722068540527,0.0030985873846188236,False
935,left,LAD,mid,20.0,65,leaky,"[0.7, 0.75)",0.7181450358652174,1,3,935_left_LAD_mid_20mm_65ds_leaky_clean_none,clean,,ok,True,3,2,15.304555031428219,15.304555031428219,15.304555031428219,1.0,0.7181450358652174,0.0,0.0,,0.0,4.220126182154317,4.220126182154317,True,28.0,4.971453024144335e-12,6.2432838624454555e-09,1.5802876615926238,254.40192107395683,3,,,,,,,,,
935,left,LAD,mid,20.0,65,leaky,"[0.7, 0.75)",0.7181450358652174,1,3,935_left_LAD_mid_20mm_65ds_leaky_T5_vox_narrow_A_fixed,T5_vox_narrow,A_fixed,ok,True,3,2,15.304555031428219,15.304555031428219,15.304555031428219,1.0,0.5219771380098703,-0.19616789785534705,0.0,,0.03850195974600298,4.046900066599249,4.220126182154317,True,28.0,6.256310116314398e-12,6.2432838624454555e-09,1.5802876615926238,254.40192107395683,3,vox,1.0,0.3828125,1.055613105153943,9.066117551282517,,,,
935,left,LAD,mid,20.0,65,leaky,"[0.7, 0.75)",0.7181450358652174,1,3,935_left_LAD_mid_20mm_65ds_leaky_T5_vox_narrow_B_rederived,T5_vox_narrow,B_rederived,ok,True,3,2,15.304555031428219,15.304555031428219,15.304555031428219,1.0,0.5219771380098703,-0.19616789785534705,0.0,,0.03850195974600298,4.046900066599249,4.220126182154317,True,28.0,6.256310116314398e-12,6.2432838624454555e-09,1.5802876615926238,254.40192107395683,3,vox,1.0,0.3828125,1.055613105153943,9.066117551282517,,,,
935,left,LAD,mid,20.0,65,leaky,"[0.7, 0.75)",0.7181450358652174,1,3,935_left_LAD_mid_20mm_65ds_leaky_T5_vox_narrow_C_flowmatched,T5_vox_narrow,C_flowmatched,ok,True,3,2,15.304555031428219,14.882083673369118,14.882083673369118,0.9723957111336105,0.5143423847203205,-0.20380265114489693,0.0,,0.02887114269829955,4.151118945663959,4.220126182154317,True,28.0,2.638357549218899e-13,6.2432838624454555e-09,1.5802876615926238,254.40192107395683,3,vox,1.0,0.3828125,1.055613105153943,9.066117551282517,1.0,0.0014824009042828338,0.0008335428807055754,False
935,left,LAD,mid,20.0,65,leaky,"[0.7, 0.75)",0.7181450358652174,1,3,935_left_LAD_mid_20mm_65ds_leaky_T5_vox_wide_A_fixed,T5_vox_wide,A_fixed,ok,True,3,2,15.304555031428219,15.304555031428219,15.304555031428219,1.0,0.8279269804321793,0.10978194456696189,1.0,to_negative,0.021549967168911027,4.317082730016525,4.220126182154317,True,28.0,3.6513738870003525e-12,6.2432838624454555e-09,1.5802876615926238,254.40192107395683,3,vox,-1.0,0.3828125,1.055613105153943,-9.066117551282517,,,,
935,left,LAD,mid,20.0,65,leaky,"[0.7, 0.75)",0.7181450358652174,1,3,935_left_LAD_mid_20mm_65ds_leaky_T5_vox_wide_B_rederived,T5_vox_wide,B_rederived,ok,True,3,2,15.304555031428219,15.304555031428219,15.304555031428219,1.0,0.8279269804321793,0.10978194456696189,1.0,to_negative,0.021549967168911027,4.317082730016525,4.220126182154317,True,28.0,3.6513738870003525e-12,6.2432838624454555e-09,1.5802876615926238,254.40192107395683,3,vox,-1.0,0.3828125,1.055613105153943,-9.066117551282517,,,,
935,left,LAD,mid,20.0,65,leaky,"[0.7, 0.75)",0.7181450358652174,1,3,935_left_LAD_mid_20mm_65ds_leaky_T5_vox_wide_C_flowmatched,T5_vox_wide,C_flowmatched,ok,True,3,2,15.304555031428219,15.553257758632496,15.553257758632496,1.0162502422771234,0.8306410239927703,0.1124959881275529,1.0,to_negative,0.015241926004457545,4.2525912447142735,4.220126182154317,True,28.0,1.358410523808164e-13,6.2432838624454555e-09,1.5802876615926238,254.40192107395683,3,vox,-1.0,0.3828125,1.055613105153943,-9.066117551282517,1.0,0.0004644010849811432,0.00023231630832535916,False
3,left,LCX,prox,20.0,70,leaky,"[0.7, 0.75)",0.736652010513968,1,6,3_left_LCX_prox_20mm_70ds_leaky_clean_none,clean,,ok,True,6,2,18.81624962968749,18.81624962968749,18.81624962968749,1.0,0.736652010513968,0.0,0.0,,0.0,2.689849211061113,2.689849211061113,True,28.0,7.255291123564653e-12,5.046613436378008e-09,1.3715239444999106,295.46932795733807,6,,,,,,,,,
3,left,LCX,prox,20.0,70,leaky,"[0.7, 0.75)",0.736652010513968,1,6,3_left_LCX_prox_20mm_70ds_leaky_T5_vox_narrow_A_fixed,T5_vox_narrow,A_fixed,ok,True,6,2,18.81624962968749,18.81624962968749,18.81624962968749,1.0,0.5495390491377811,-0.18711296137618694,0.0,,0.09274698977014297,2.552495167863006,2.689849211061113,True,28.0,5.345360448143482e-12,5.046613436378008e-09,1.3715239444999106,295.46932795733807,6,vox,1.0,0.361328125,1.1749327814894515,7.68827227166876,,,,
3,left,LCX,prox,20.0,70,leaky,"[0.7, 0.75)",0.736652010513968,1,6,3_left_LCX_prox_20mm_70ds_leaky_T5_vox_narrow_B_rederived,T5_vox_narrow,B_rederived,ok,True,6,2,18.81624962968749,18.81624962968749,18.81624962968749,1.0,0.5495390491377811,-0.18711296137618694,0.0,,0.09274698977014297,2.552495167863006,2.689849211061113,True,28.0,5.345360448143482e-12,5.046613436378008e-09,1.3715239444999106,295.46932795733807,6,vox,1.0,0.361328125,1.1749327814894515,7.68827227166876,,,,
3,left,LCX,prox,20.0,70,leaky,"[0.7, 0.75)",0.736652010513968,1,6,3_left_LCX_prox_20mm_70ds_leaky_T5_vox_narrow_C_flowmatched,T5_vox_narrow,C_flowmatched,ok,True,6,2,18.81624962968749,17.643090871317177,17.643090871317177,0.9376518285280744,0.5322309723607207,-0.2044210381532473,0.0,,0.0757373028624214,2.6992565479024164,2.689849211061113,True,28.0,4.672987139306708e-12,5.046613436378008e-09,1.3715239444999106,295.46932795733807,6,vox,1.0,0.361328125,1.1749327814894515,7.68827227166876,1.0,0.008602004111423004,0.0057361390448741455,False
3,left,LCX,prox,20.0,70,leaky,"[0.7, 0.75)",0.736652010513968,1,6,3_left_LCX_prox_20mm_70ds_leaky_T5_vox_wide_A_fixed,T5_vox_wide,A_fixed,ok,True,6,2,18.81624962968749,18.81624962968749,18.81624962968749,1.0,0.8379857677337037,0.1013337572197357,1.0,to_negative,0.050177044941967355,2.76415911591508,2.689849211061113,True,28.0,4.335584585281757e-12,5.046613436378008e-09,1.3715239444999106,295.46932795733807,6,vox,-1.0,0.361328125,1.1749327814894515,-7.68827227166876,,,,
3,left,LCX,prox,20.0,70,leaky,"[0.7, 0.75)",0.736652010513968,1,6,3_left_LCX_prox_20mm_70ds_leaky_T5_vox_wide_B_rederived,T5_vox_wide,B_rederived,ok,True,6,2,18.81624962968749,18.81624962968749,18.81624962968749,1.0,0.8379857677337037,0.1013337572197357,1.0,to_negative,0.050177044941967355,2.76415911591508,2.689849211061113,True,28.0,4.335584585281757e-12,5.046613436378008e-09,1.3715239444999106,295.46932795733807,6,vox,-1.0,0.361328125,1.1749327814894515,-7.68827227166876,,,,
3,left,LCX,prox,20.0,70,leaky,"[0.7, 0.75)",0.736652010513968,1,6,3_left_LCX_prox_20mm_70ds_leaky_T5_vox_wide_C_flowmatched,T5_vox_wide,C_flowmatched,ok,True,6,2,18.81624962968749,19.560847933249374,19.560847933249374,1.0395720889239846,0.8441139662136892,0.10746195569972117,1.0,to_negative,0.035377062830046165,2.6684359925000143,2.689849211061113,True,28.0,4.379378066267742e-12,5.046613436378008e-09,1.3715239444999106,295.46932795733807,6,vox,-1.0,0.361328125,1.1749327814894515,-7.68827227166876,1.0,0.002517735839108212,0.001251536574481034,False
3,left,LCX,prox,20.0,70,discrete,"[0.7, 0.75)",0.6532602675222462,1,6,3_left_LCX_prox_20mm_70ds_discrete_clean_none,clean,,ok,True,6,2,79.87632889555573,79.87632889555573,79.87632889555573,1.0,0.6532602675222462,0.0,0.0,,0.0,2.4080269829864616,2.4080269829864616,True,27.0,7.990090448662388e-12,2.2853256204906536e-08,1.3715239444999106,295.46932795733807,6,,,,,,,,,
3,left,LCX,prox,20.0,70,discrete,"[0.7, 0.75)",0.6532602675222462,1,6,3_left_LCX_prox_20mm_70ds_discrete_T5_vox_narrow_A_fixed,T5_vox_narrow,A_fixed,ok,True,6,2,79.87632889555573,79.87632889555573,79.87632889555573,1.0,0.4576761342384693,-0.19558413328377688,0.0,,0.14641477433192432,2.2073298975368725,2.4080269829864616,True,27.0,7.55673011651702e-12,2.2853256204906536e-08,1.3715239444999106,295.46932795733807,6,vox,1.0,0.361328125,1.1749327814894515,7.68827227166876,,,,
3,left,LCX,prox,20.0,70,discrete,"[0.7, 0.75)",0.6532602675222462,1,6,3_left_LCX_prox_20mm_70ds_discrete_T5_vox_narrow_B_rederived,T5_vox_narrow,B_rederived,ok,True,6,2,79.87632889555573,79.87632889555573,79.87632889555573,1.0,0.4576761342384693,-0.19558413328377688,0.0,,0.14641477433192432,2.2073298975368725,2.4080269829864616,True,27.0,7.55673011651702e-12,2.2853256204906536e-08,1.3715239444999106,295.46932795733807,6,vox,1.0,0.361328125,1.1749327814894515,7.68827227166876,,,,
3,left,LCX,prox,20.0,70,discrete,"[0.7, 0.75)",0.6532602675222462,1,6,3_left_LCX_prox_20mm_70ds_discrete_T5_vox_narrow_C_flowmatched,T5_vox_narrow,C_flowmatched,ok,True,6,2,79.87632889555573,72.01954126280451,72.01954126280451,0.9016380980274574,0.4335627917600744,-0.2196974757621718,0.0,,0.12769309819121502,2.381378323284577,2.4080269829864616,True,27.0,6.114670337707857e-12,2.2853256204906536e-08,1.3715239444999106,295.46932795733807,6,vox,1.0,0.361328125,1.1749327814894515,7.68827227166876,1.0,0.02143728614266833,0.016305527325671282,False
3,left,LCX,prox,20.0,70,discrete,"[0.7, 0.75)",0.6532602675222462,1,6,3_left_LCX_prox_20mm_70ds_discrete_T5_vox_wide_A_fixed,T5_vox_wide,A_fixed,ok,True,6,2,79.87632889555573,79.87632889555573,79.87632889555573,1.0,0.7783153415163528,0.12505507399410665,0.0,,0.09311778163023077,2.535667565174913,2.4080269829864616,True,27.0,8.853757116600955e-12,2.2853256204906536e-08,1.3715239444999106,295.46932795733807,6,vox,-1.0,0.361328125,1.1749327814894515,-7.68827227166876,,,,
3,left,LCX,prox,20.0,70,discrete,"[0.7, 0.75)",0.6532602675222462,1,6,3_left_LCX_prox_20mm_70ds_discrete_T5_vox_wide_B_rederived,T5_vox_wide,B_rederived,ok,True,6,2,79.87632889555573,79.87632889555573,79.87632889555573,1.0,0.7783153415163528,0.12505507399410665,0.0,,0.09311778163023077,2.535667565174913,2.4080269829864616,True,27.0,8.853757116600955e-12,2.2853256204906536e-08,1.3715239444999106,295.46932795733807,6,vox,-1.0,0.361328125,1.1749327814894515,-7.68827227166876,,,,
3,left,LCX,prox,20.0,70,discrete,"[0.7, 0.75)",0.6532602675222462,1,6,3_left_LCX_prox_20mm_70ds_discrete_T5_vox_wide_C_flowmatched,T5_vox_wide,C_flowmatched,ok,True,6,2,79.87632889555573,86.77159236108884,86.77159236108884,1.086324240996969,0.7933776189165737,0.14011735139432746,0.0,,0.06571403726310704,2.3762945132612074,2.4080269829864616,True,27.0,6.004598097308265e-12,2.2853256204906536e-08,1.3715239444999106,295.46932795733807,6,vox,-1.0,0.361328125,1.1749327814894515,-7.68827227166876,1.0,0.008670921255735342,0.00431833469341702,False
45,left,LCX,prox,20.0,55,leaky,"[0.7, 0.75)",0.7265838141317569,1,9,45_left_LCX_prox_20mm_55ds_leaky_clean_none,clean,,ok,True,9,2,13.100898032725956,13.100898032725956,13.100898032725956,1.0,0.7265838141317569,0.0,0.0,,0.0,5.124945919182331,5.124945919182331,True,27.0,2.6973119164925143e-13,7.594804953901334e-09,1.7578668570521276,304.3767329059062,9,,,,,,,,,
45,left,LCX,prox,20.0,55,leaky,"[0.7, 0.75)",0.7265838141317569,1,9,45_left_LCX_prox_20mm_55ds_leaky_T5_vox_narrow_A_fixed,T5_vox_narrow,A_fixed,ok,True,9,2,13.100898032725956,13.100898032725956,13.100898032725956,1.0,0.6136481443241458,-0.11293566980761105,0.0,,0.11898371190739752,4.654820976271263,5.124945919182331,True,27.0,8.12127483068995e-13,7.594804953901334e-09,1.7578668570521276,304.3767329059062,9,vox,1.0,0.40039062500000006,1.4786832142446265,6.7693780037351745,,,,
45,left,LCX,prox,20.0,55,leaky,"[0.7, 0.75)",0.7265838141317569,1,9,45_left_LCX_prox_20mm_55ds_leaky_T5_vox_narrow_B_rederived,T5_vox_narrow,B_rederived,ok,True,9,2,13.100898032725956,13.100898032725956,13.100898032725956,1.0,0.6136481443241458,-0.11293566980761105,0.0,,0.11898371190739752,4.654820976271263,5.124945919182331,True,27.0,8.12127483068995e-13,7.594804953901334e-09,1.7578668570521276,304.3767329059062,9,vox,1.0,0.40039062500000006,1.4786832142446265,6.7693780037351745,,,,
45,left,LCX,prox,20.0,55,leaky,"[0.7, 0.75)",0.7265838141317569,1,9,45_left_LCX_prox_20mm_55ds_leaky_T5_vox_narrow_C_flowmatched,T5_vox_narrow,C_flowmatched,ok,True,9,2,13.100898032725956,12.358286000671598,12.358286000671598,0.9433159444337847,0.5966925547964755,-0.12989125933528134,0.0,,0.1109117405333128,4.845707973558281,5.124945919182331,True,27.0,1.9402873152545027e-13,7.594804953901334e-09,1.7578668570521276,304.3767329059062,9,vox,1.0,0.40039062500000006,1.4786832142446265,6.7693780037351745,1.0,0.01415712369926257,0.012301414188128903,False
45,left,LCX,prox,20.0,55,leaky,"[0.7, 0.75)",0.7265838141317569,1,9,45_left_LCX_prox_20mm_55ds_leaky_T5_vox_wide_A_fixed,T5_vox_wide,A_fixed,ok,True,9,2,13.100898032725956,13.100898032725956,13.100898032725956,1.0,0.8100905487003995,0.08350673456864266,1.0,to_negative,0.08796590715814205,5.472514224154262,5.124945919182331,True,27.0,1.6716184655984508e-14,7.594804953901334e-09,1.7578668570521276,304.3767329059062,9,vox,-1.0,0.40039062500000006,1.4786832142446265,-6.7693780037351745,,,,
45,left,LCX,prox,20.0,55,leaky,"[0.7, 0.75)",0.7265838141317569,1,9,45_left_LCX_prox_20mm_55ds_leaky_T5_vox_wide_B_rederived,T5_vox_wide,B_rederived,ok,True,9,2,13.100898032725956,13.100898032725956,13.100898032725956,1.0,0.8100905487003995,0.08350673456864266,1.0,to_negative,0.08796590715814205,5.472514224154262,5.124945919182331,True,27.0,1.6716184655984508e-14,7.594804953901334e-09,1.7578668570521276,304.3767329059062,9,vox,-1.0,0.40039062500000006,1.4786832142446265,-6.7693780037351745,,,,
45,left,LCX,prox,20.0,55,leaky,"[0.7, 0.75)",0.7265838141317569,1,9,45_left_LCX_prox_20mm_55ds_leaky_T5_vox_wide_C_flowmatched,T5_vox_wide,C_flowmatched,ok,True,9,2,13.100898032725956,14.044427079321046,14.044427079321046,1.072020180924862,0.8239640441836267,0.0973802300518698,1.0,to_negative,0.06656370122048723,5.174714643202981,5.124945919182331,True,27.0,3.3518164491850127e-12,7.594804953901334e-09,1.7578668570521276,304.3767329059062,9,vox,-1.0,0.40039062500000006,1.4786832142446265,-6.7693780037351745,1.0,0.007738000822154867,0.0044307263201702925,False
45,left,LCX,prox,20.0,55,discrete,"[0.7, 0.75)",0.7294791176846105,1,9,45_left_LCX_prox_20mm_55ds_discrete_clean_none,clean,,ok,True,9,2,39.97592556169734,39.97592556169734,39.97592556169734,1.0,0.7294791176846105,0.0,0.0,,0.0,4.9880435863285255,4.9880435863285255,True,27.0,8.716483813760253e-13,2.6658173413466972e-08,1.7578668570521276,304.3767329059062,9,,,,,,,,,
45,left,LCX,prox,20.0,55,discrete,"[0.7, 0.75)",0.7294791176846105,1,9,45_left_LCX_prox_20mm_55ds_discrete_T5_vox_narrow_A_fixed,T5_vox_narrow,A_fixed,ok,True,9,2,39.97592556169734,39.97592556169734,39.97592556169734,1.0,0.6175375283159688,-0.11194158936864174,0.0,,0.11742986085742314,4.5293376283388636,4.9880435863285255,True,27.0,5.923178340808447e-12,2.6658173413466972e-08,1.7578668570521276,304.3767329059062,9,vox,1.0,0.40039062500000006,1.4786832142446265,6.7693780037351745,,,,
45,left,LCX,prox,20.0,55,discrete,"[0.7, 0.75)",0.7294791176846105,1,9,45_left_LCX_prox_20mm_55ds_discrete_T5_vox_narrow_B_rederived,T5_vox_narrow,B_rederived,ok,True,9,2,39.97592556169734,39.97592556169734,39.97592556169734,1.0,0.6175375283159688,-0.11194158936864174,0.0,,0.11742986085742314,4.5293376283388636,4.9880435863285255,True,27.0,5.923178340808447e-12,2.6658173413466972e-08,1.7578668570521276,304.3767329059062,9,vox,1.0,0.40039062500000006,1.4786832142446265,6.7693780037351745,,,,
45,left,LCX,prox,20.0,55,discrete,"[0.7, 0.75)",0.7294791176846105,1,9,45_left_LCX_prox_20mm_55ds_discrete_T5_vox_narrow_C_flowmatched,T5_vox_narrow,C_flowmatched,ok,True,9,2,39.97592556169734,37.18416624308419,37.18416624308419,0.9301639854640902,0.5992623155425182,-0.1302168021420923,0.0,,0.1085782114333376,4.720449178319217,4.9880435863285255,True,27.0,5.378147404214909e-12,2.6658173413466972e-08,1.7578668570521276,304.3767329059062,9,vox,1.0,0.40039062500000006,1.4786832142446265,6.7693780037351745,1.0,0.013789772220993759,0.011789227998062562,False
45,left,LCX,prox,20.0,55,discrete,"[0.7, 0.75)",0.7294791176846105,1,9,45_left_LCX_prox_20mm_55ds_discrete_T5_vox_wide_A_fixed,T5_vox_wide,A_fixed,ok,True,9,2,39.97592556169734,39.97592556169734,39.97592556169734,1.0,0.8116459600059965,0.08216684232138605,1.0,to_negative,0.08618272834649106,5.324691612886974,4.9880435863285255,True,27.0,1.3211297739612937e-12,2.6658173413466972e-08,1.7578668570521276,304.3767329059062,9,vox,-1.0,0.40039062500000006,1.4786832142446265,-6.7693780037351745,,,,
45,left,LCX,prox,20.0,55,discrete,"[0.7, 0.75)",0.7294791176846105,1,9,45_left_LCX_prox_20mm_55ds_discrete_T5_vox_wide_B_rederived,T5_vox_wide,B_rederived,ok,True,9,2,39.97592556169734,39.97592556169734,39.97592556169734,1.0,0.8116459600059965,0.08216684232138605,1.0,to_negative,0.08618272834649106,5.324691612886974,4.9880435863285255,True,27.0,1.3211297739612937e-12,2.6658173413466972e-08,1.7578668570521276,304.3767329059062,9,vox,-1.0,0.40039062500000006,1.4786832142446265,-6.7693780037351745,,,,
45,left,LCX,prox,20.0,55,discrete,"[0.7, 0.75)",0.7294791176846105,1,9,45_left_LCX_prox_20mm_55ds_discrete_T5_vox_wide_C_flowmatched,T5_vox_wide,C_flowmatched,ok,True,9,2,39.97592556169734,43.3729783891824,43.3729783891824,1.084977465305767,0.8258038882500297,0.09632477056541922,1.0,to_negative,0.0638964581806535,5.035243768506573,4.9880435863285255,True,27.0,2.9601821596126494e-12,2.6658173413466972e-08,1.7578668570521276,304.3767329059062,9,vox,-1.0,0.40039062500000006,1.4786832142446265,-6.7693780037351745,1.0,0.007427462665245074,0.004082757368032001,False
324,left,LCX,mid,20.0,65,leaky,"[0.7, 0.75)",0.7095920278380714,1,6,324_left_LCX_mid_20mm_65ds_leaky_clean_none,clean,,ok,True,6,2,14.238011832493541,14.238011832493541,14.238011832493541,1.0,0.7095920278380714,0.0,0.0,,0.0,6.898038989440764,6.898038989440764,True,28.0,2.9297252624225544e-12,9.417878541022206e-09,1.8639310584777176,214.71376310420814,6,,,,,,,,,
324,left,LCX,mid,20.0,65,leaky,"[0.7, 0.75)",0.7095920278380714,1,6,324_left_LCX_mid_20mm_65ds_leaky_T5_vox_narrow_A_fixed,T5_vox_narrow,A_fixed,ok,True,6,2,14.238011832493541,14.238011832493541,14.238011832493541,1.0,0.5289203020894554,-0.180671725748616,0.0,,0.03232481248160066,6.716860769641224,6.898038989440764,True,28.0,2.3729268054093547e-12,9.417878541022206e-09,1.8639310584777176,214.71376310420814,6,vox,1.0,0.357421875,1.0720746232227645,8.334818007480528,,,,
324,left,LCX,mid,20.0,65,leaky,"[0.7, 0.75)",0.7095920278380714,1,6,324_left_LCX_mid_20mm_65ds_leaky_T5_vox_narrow_B_rederived,T5_vox_narrow,B_rederived,ok,True,6,2,14.238011832493541,14.238011832493541,14.238011832493541,1.0,0.5289203020894554,-0.180671725748616,0.0,,0.03232481248160066,6.716860769641224,6.898038989440764,True,28.0,2.3729268054093547e-12,9.417878541022206e-09,1.8639310584777176,214.71376310420814,6,vox,1.0,0.357421875,1.0720746232227645,8.334818007480528,,,,
324,left,LCX,mid,20.0,65,leaky,"[0.7, 0.75)",0.7095920278380714,1,6,324_left_LCX_mid_20mm_65ds_leaky_T5_vox_narrow_C_flowmatched,T5_vox_narrow,C_flowmatched,ok,True,6,2,14.238011832493541,13.885251030700024,13.885251030700024,0.9752240125978504,0.5219036467721948,-0.1876883810658766,0.0,,0.023235220790926985,6.871826760115104,6.898038989440764,True,28.0,3.2824586784263164e-12,9.417878541022206e-09,1.8639310584777176,214.71376310420814,6,vox,1.0,0.357421875,1.0720746232227645,8.334818007480528,1.0,0.0010448935019706455,0.0005398754852031256,False
324,left,LCX,mid,20.0,65,leaky,"[0.7, 0.75)",0.7095920278380714,1,6,324_left_LCX_mid_20mm_65ds_leaky_T5_vox_wide_A_fixed,T5_vox_wide,A_fixed,ok,True,6,2,14.238011832493541,14.238011832493541,14.238011832493541,1.0,0.8188848229645472,0.10929279512647583,1.0,to_negative,0.019553791583497147,7.0076365671156795,6.898038989440764,True,28.0,2.170876241509873e-12,9.417878541022206e-09,1.8639310584777176,214.71376310420814,6,vox,-1.0,0.357421875,1.0720746232227645,-8.334818007480528,,,,
324,left,LCX,mid,20.0,65,leaky,"[0.7, 0.75)",0.7095920278380714,1,6,324_left_LCX_mid_20mm_65ds_leaky_T5_vox_wide_B_rederived,T5_vox_wide,B_rederived,ok,True,6,2,14.238011832493541,14.238011832493541,14.238011832493541,1.0,0.8188848229645472,0.10929279512647583,1.0,to_negative,0.019553791583497147,7.0076365671156795,6.898038989440764,True,28.0,2.170876241509873e-12,9.417878541022206e-09,1.8639310584777176,214.71376310420814,6,vox,-1.0,0.357421875,1.0720746232227645,-8.334818007480528,,,,
324,left,LCX,mid,20.0,65,leaky,"[0.7, 0.75)",0.7095920278380714,1,6,324_left_LCX_mid_20mm_65ds_leaky_T5_vox_wide_C_flowmatched,T5_vox_wide,C_flowmatched,ok,True,6,2,14.238011832493541,14.458500204957145,14.458500204957145,1.015485896138983,0.8216712289396142,0.11207920110154279,1.0,to_negative,0.013347001382439671,6.908536193363989,6.898038989440764,True,28.0,3.541740256183069e-12,9.417878541022206e-09,1.8639310584777176,214.71376310420814,6,vox,-1.0,0.357421875,1.0720746232227645,-8.334818007480528,1.0,0.0003823507652908439,0.00017814244590284647,False
324,left,LCX,mid,20.0,65,discrete,"[0.7, 0.75)",0.5589645287125465,1,6,324_left_LCX_mid_20mm_65ds_discrete_clean_none,clean,,ok,True,6,2,23.445863577022383,23.445863577022383,23.445863577022383,1.0,0.5589645287125465,0.0,0.0,,0.0,6.1540772084052175,6.1540772084052175,True,27.0,3.0167428046829464e-12,1.804503709460821e-08,1.8639310584777176,214.71376310420814,6,,,,,,,,,
324,left,LCX,mid,20.0,65,discrete,"[0.7, 0.75)",0.5589645287125465,1,6,324_left_LCX_mid_20mm_65ds_discrete_T5_vox_narrow_A_fixed,T5_vox_narrow,A_fixed,ok,True,6,2,23.445863577022383,23.445863577022383,23.445863577022383,1.0,0.3847140259107189,-0.17425050280182763,0.0,,0.06409170293224574,5.85391594625256,6.1540772084052175,True,27.0,4.063906549907592e-12,1.804503709460821e-08,1.8639310584777176,214.71376310420814,6,vox,1.0,0.357421875,1.0720746232227645,8.334818007480528,,,,
324,left,LCX,mid,20.0,65,discrete,"[0.7, 0.75)",0.5589645287125465,1,6,324_left_LCX_mid_20mm_65ds_discrete_T5_vox_narrow_B_rederived,T5_vox_narrow,B_rederived,ok,True,6,2,23.445863577022383,23.445863577022383,23.445863577022383,1.0,0.3847140259107189,-0.17425050280182763,0.0,,0.06409170293224574,5.85391594625256,6.1540772084052175,True,27.0,4.063906549907592e-12,1.804503709460821e-08,1.8639310584777176,214.71376310420814,6,vox,1.0,0.357421875,1.0720746232227645,8.334818007480528,,,,
324,left,LCX,mid,20.0,65,discrete,"[0.7, 0.75)",0.5589645287125465,1,6,324_left_LCX_mid_20mm_65ds_discrete_T5_vox_narrow_C_flowmatched,T5_vox_narrow,C_flowmatched,ok,True,6,2,23.445863577022383,21.949119199136305,21.949119199136305,0.9361616869871695,0.3719968032435547,-0.18696772546899182,0.0,,0.04375877149681953,6.144828456203115,6.1540772084052175,True,27.0,4.6530907040460186e-12,1.804503709460821e-08,1.8639310584777176,214.71376310420814,6,vox,1.0,0.357421875,1.0720746232227645,8.334818007480528,1.0,0.004107746384755237,0.0019148300829108654,False
324,left,LCX,mid,20.0,65,discrete,"[0.7, 0.75)",0.5589645287125465,1,6,324_left_LCX_mid_20mm_65ds_discrete_T5_vox_wide_A_fixed,T5_vox_wide,A_fixed,ok,True,6,2,23.445863577022383,23.445863577022383,23.445863577022383,1.0,0.6956077235194346,0.13664319480688802,0.0,,0.050259223982016654,6.38945669406015,6.1540772084052175,True,27.0,2.4060962815441573e-12,1.804503709460821e-08,1.8639310584777176,214.71376310420814,6,vox,-1.0,0.357421875,1.0720746232227645,-8.334818007480528,,,,
324,left,LCX,mid,20.0,65,discrete,"[0.7, 0.75)",0.5589645287125465,1,6,324_left_LCX_mid_20mm_65ds_discrete_T5_vox_wide_B_rederived,T5_vox_wide,B_rederived,ok,True,6,2,23.445863577022383,23.445863577022383,23.445863577022383,1.0,0.6956077235194346,0.13664319480688802,0.0,,0.050259223982016654,6.38945669406015,6.1540772084052175,True,27.0,2.4060962815441573e-12,1.804503709460821e-08,1.8639310584777176,214.71376310420814,6,vox,-1.0,0.357421875,1.0720746232227645,-8.334818007480528,,,,
324,left,LCX,mid,20.0,65,discrete,"[0.7, 0.75)",0.5589645287125465,1,6,324_left_LCX_mid_20mm_65ds_discrete_T5_vox_wide_C_flowmatched,T5_vox_wide,C_flowmatched,ok,True,6,2,23.445863577022383,24.67994502927727,24.67994502927727,1.0526353592479452,0.7062917866481409,0.1473272579355943,0.0,,0.0319043362035012,6.150613342086204,6.1540772084052175,True,27.0,2.905102146490781e-12,1.804503709460821e-08,1.8639310584777176,214.71376310420814,6,vox,-1.0,0.357421875,1.0720746232227645,-8.334818007480528,1.0,0.0025259895952745182,0.0010178866685860372,False
618,left,LCX,mid,10.0,70,leaky,"[0.7, 0.75)",0.7216971589575297,1,7,618_left_LCX_mid_10mm_70ds_leaky_clean_none,clean,,ok,True,7,2,32.41898606655042,32.41898606655042,32.41898606655042,1.0,0.7216971589575297,0.0,0.0,,0.0,2.9023157059419677,2.9023157059419677,True,28.0,8.038641506644884e-12,9.379776055863993e-09,1.4111444269819906,284.0692489618476,7,,,,,,,,,
618,left,LCX,mid,10.0,70,leaky,"[0.7, 0.75)",0.7216971589575297,1,7,618_left_LCX_mid_10mm_70ds_leaky_T5_vox_narrow_A_fixed,T5_vox_narrow,A_fixed,ok,True,7,2,32.41898606655042,32.41898606655042,32.41898606655042,1.0,0.5564032220466449,-0.1652939369108848,0.0,,0.07127636292381984,2.738326356461884,2.9023157059419677,True,28.0,7.238051593998485e-12,9.379776055863993e-09,1.4111444269819906,284.0692489618476,7,vox,1.0,0.318359375,1.1757049036647462,6.769542552890054,,,,
618,left,LCX,mid,10.0,70,leaky,"[0.7, 0.75)",0.7216971589575297,1,7,618_left_LCX_mid_10mm_70ds_leaky_T5_vox_narrow_B_rederived,T5_vox_narrow,B_rederived,ok,True,7,2,32.41898606655042,32.41898606655042,32.41898606655042,1.0,0.5564032220466449,-0.1652939369108848,0.0,,0.07127636292381984,2.738326356461884,2.9023157059419677,True,28.0,7.238051593998485e-12,9.379776055863993e-09,1.4111444269819906,284.0692489618476,7,vox,1.0,0.318359375,1.1757049036647462,6.769542552890054,,,,
618,left,LCX,mid,10.0,70,leaky,"[0.7, 0.75)",0.7216971589575297,1,7,618_left_LCX_mid_10mm_70ds_leaky_T5_vox_narrow_C_flowmatched,T5_vox_narrow,C_flowmatched,ok,True,7,2,32.41898606655042,30.897007609953512,30.897007609953512,0.9530528668147562,0.5421416427838616,-0.17955551617366816,0.0,,0.0580099944305385,2.854109003316159,2.9023157059419677,True,28.0,4.0971502278758246e-12,9.379776055863993e-09,1.4111444269819906,284.0692489618476,7,vox,1.0,0.318359375,1.1757049036647462,6.769542552890054,1.0,0.005080319911648079,0.003365159453831108,False
618,left,LCX,mid,10.0,70,leaky,"[0.7, 0.75)",0.7216971589575297,1,7,618_left_LCX_mid_10mm_70ds_leaky_T5_vox_wide_A_fixed,T5_vox_wide,A_fixed,ok,True,7,2,32.41898606655042,32.41898606655042,32.41898606655042,1.0,0.8257152601627002,0.10401810120517052,1.0,to_negative,0.04485603168126552,3.005518382881866,2.9023157059419677,True,28.0,5.651595845997444e-12,9.379776055863993e-09,1.4111444269819906,284.0692489618476,7,vox,-1.0,0.318359375,1.1757049036647462,-6.769542552890054,,,,
618,left,LCX,mid,10.0,70,leaky,"[0.7, 0.75)",0.7216971589575297,1,7,618_left_LCX_mid_10mm_70ds_leaky_T5_vox_wide_B_rederived,T5_vox_wide,B_rederived,ok,True,7,2,32.41898606655042,32.41898606655042,32.41898606655042,1.0,0.8257152601627002,0.10401810120517052,1.0,to_negative,0.04485603168126552,3.005518382881866,2.9023157059419677,True,28.0,5.651595845997444e-12,9.379776055863993e-09,1.4111444269819906,284.0692489618476,7,vox,-1.0,0.318359375,1.1757049036647462,-6.769542552890054,,,,
618,left,LCX,mid,10.0,70,leaky,"[0.7, 0.75)",0.7216971589575297,1,7,618_left_LCX_mid_10mm_70ds_leaky_T5_vox_wide_C_flowmatched,T5_vox_wide,C_flowmatched,ok,True,7,2,32.41898606655042,33.519562542222516,33.519562542222516,1.033948516261823,0.8321645451637276,0.11046738620619789,1.0,to_negative,0.032503276851851635,2.9159056566360304,2.9023157059419677,True,28.0,3.1735714520438323e-13,9.379776055863993e-09,1.4111444269819906,284.0692489618476,7,vox,-1.0,0.318359375,1.1757049036647462,-6.769542552890054,1.0,0.002012063578190696,0.0010564630061081146,False
618,left,LCX,mid,10.0,70,discrete,"[0.7, 0.75)",0.5976674986655175,1,7,618_left_LCX_mid_10mm_70ds_discrete_clean_none,clean,,ok,True,7,2,63.351053587808714,63.351053587808714,63.351053587808714,1.0,0.5976674986655175,0.0,0.0,,0.0,2.509849361080108,2.509849361080108,True,27.0,7.868092180555557e-12,2.0678210589146228e-08,1.4111444269819906,284.0692489618476,7,,,,,,,,,
618,left,LCX,mid,10.0,70,discrete,"[0.7, 0.75)",0.5976674986655175,1,7,618_left_LCX_mid_10mm_70ds_discrete_T5_vox_narrow_A_fixed,T5_vox_narrow,A_fixed,ok,True,7,2,63.351053587808714,63.351053587808714,63.351053587808714,1.0,0.4318869031146572,-0.16578059555086028,0.0,,0.14355975274214378,2.251743008755312,2.509849361080108,True,28.0,7.762032026816494e-12,2.0678210589146228e-08,1.4111444269819906,284.0692489618476,7,vox,1.0,0.318359375,1.1757049036647462,6.769542552890054,,,,
618,left,LCX,mid,10.0,70,discrete,"[0.7, 0.75)",0.5976674986655175,1,7,618_left_LCX_mid_10mm_70ds_discrete_T5_vox_narrow_B_rederived,T5_vox_narrow,B_rederived,ok,True,7,2,63.351053587808714,63.351053587808714,63.351053587808714,1.0,0.4318869031146572,-0.16578059555086028,0.0,,0.14355975274214378,2.251743008755312,2.509849361080108,True,28.0,7.762032026816494e-12,2.0678210589146228e-08,1.4111444269819906,284.0692489618476,7,vox,1.0,0.318359375,1.1757049036647462,6.769542552890054,,,,
618,left,LCX,mid,10.0,70,discrete,"[0.7, 0.75)",0.5976674986655175,1,7,618_left_LCX_mid_10mm_70ds_discrete_T5_vox_narrow_C_flowmatched,T5_vox_narrow,C_flowmatched,ok,True,7,2,63.351053587808714,57.217436974052724,57.217436974052724,0.9031805113508586,0.40684398131235605,-0.19082351735316144,0.0,,0.1274953068762342,2.4075421595408546,2.509849361080108,True,28.0,5.776962591827708e-13,2.0678210589146228e-08,1.4111444269819906,284.0692489618476,7,vox,1.0,0.318359375,1.1757049036647462,6.769542552890054,1.0,0.02060940260738546,0.016255053275465132,False
618,left,LCX,mid,10.0,70,discrete,"[0.7, 0.75)",0.5976674986655175,1,7,618_left_LCX_mid_10mm_70ds_discrete_T5_vox_wide_A_fixed,T5_vox_wide,A_fixed,ok,True,7,2,63.351053587808714,63.351053587808714,63.351053587808714,1.0,0.7271034775329206,0.1294359788674031,0.0,,0.1119899428059358,2.7111962921132284,2.509849361080108,True,27.0,7.42576355145481e-12,2.0678210589146228e-08,1.4111444269819906,284.0692489618476,7,vox,-1.0,0.318359375,1.1757049036647462,-6.769542552890054,,,,
618,left,LCX,mid,10.0,70,discrete,"[0.7, 0.75)",0.5976674986655175,1,7,618_left_LCX_mid_10mm_70ds_discrete_T5_vox_wide_B_rederived,T5_vox_wide,B_rederived,ok,True,7,2,63.351053587808714,63.351053587808714,63.351053587808714,1.0,0.7271034775329206,0.1294359788674031,0.0,,0.1119899428059358,2.7111962921132284,2.509849361080108,True,27.0,7.42576355145481e-12,2.0678210589146228e-08,1.4111444269819906,284.0692489618476,7,vox,-1.0,0.318359375,1.1757049036647462,-6.769542552890054,,,,
618,left,LCX,mid,10.0,70,discrete,"[0.7, 0.75)",0.5976674986655175,1,7,618_left_LCX_mid_10mm_70ds_discrete_T5_vox_wide_C_flowmatched,T5_vox_wide,C_flowmatched,ok,True,7,2,63.351053587808714,70.38753470813663,70.38753470813663,1.1110712564641863,0.7524225161470917,0.15475501748157416,0.0,,0.08026623381568938,2.5134654689587936,2.509849361080108,True,27.0,2.5896614708106745e-12,2.0678210589146228e-08,1.4111444269819906,284.0692489618476,7,vox,-1.0,0.318359375,1.1757049036647462,-6.769542552890054,1.0,0.012541747289676773,0.006442668290954917,False
669,left,LCX,prox,10.0,55,leaky,"[0.7, 0.75)",0.7395545551094493,1,6,669_left_LCX_prox_10mm_55ds_leaky_clean_none,clean,,ok,True,6,2,15.24517388402984,15.24517388402984,15.24517388402984,1.0,0.7395545551094493,0.0,0.0,,0.0,5.604481948075887,5.604481948075887,True,28.0,1.0735113575328496e-12,8.537542426235641e-09,1.7531607694882088,296.80131826703604,6,,,,,,,,,
669,left,LCX,prox,10.0,55,leaky,"[0.7, 0.75)",0.7395545551094493,1,6,669_left_LCX_prox_10mm_55ds_leaky_T5_vox_narrow_A_fixed,T5_vox_narrow,A_fixed,ok,True,6,2,15.24517388402984,15.24517388402984,15.24517388402984,1.0,0.5903027638238083,-0.14925179128564103,0.0,,0.1542241489343375,5.297633103144552,5.604481948075887,True,28.0,1.0411967845122961e-12,8.537542426235641e-09,1.7531607694882088,296.80131826703604,6,vox,1.0,0.390625,1.0839448790770174,9.009337272127215,,,,
669,left,LCX,prox,10.0,55,leaky,"[0.7, 0.75)",0.7395545551094493,1,6,669_left_LCX_prox_10mm_55ds_leaky_T5_vox_narrow_B_rederived,T5_vox_narrow,B_rederived,ok,True,6,2,15.24517388402984,15.24517388402984,15.24517388402984,1.0,0.5903027638238083,-0.14925179128564103,0.0,,0.1542241489343375,5.297633103144552,5.604481948075887,True,28.0,1.0411967845122961e-12,8.537542426235641e-09,1.7531607694882088,296.80131826703604,6,vox,1.0,0.390625,1.0839448790770174,9.009337272127215,,,,
669,left,LCX,prox,10.0,55,leaky,"[0.7, 0.75)",0.7395545551094493,1,6,669_left_LCX_prox_10mm_55ds_leaky_T5_vox_narrow_C_flowmatched,T5_vox_narrow,C_flowmatched,ok,True,6,2,15.24517388402984,14.216794119758733,14.216794119758733,0.9325439137595937,0.5699628442760908,-0.16959171083335856,0.0,,0.14561967144878052,5.623010848512793,5.604481948075887,True,28.0,3.594196537400051e-13,8.537542426235641e-09,1.7531607694882088,296.80131826703604,6,vox,1.0,0.390625,1.0839448790770174,9.009337272127215,1.0,0.02378508811452072,0.021205088712850786,False
669,left,LCX,prox,10.0,55,leaky,"[0.7, 0.75)",0.7395545551094493,1,6,669_left_LCX_prox_10mm_55ds_leaky_T5_vox_wide_A_fixed,T5_vox_wide,A_fixed,ok,True,6,2,15.24517388402984,15.24517388402984,15.24517388402984,1.0,0.8352942180176196,0.09573966290817026,1.0,to_negative,0.09890877881661064,5.801273724259412,5.604481948075887,True,28.0,1.8689036649859394e-12,8.537542426235641e-09,1.7531607694882088,296.80131826703604,6,vox,-1.0,0.390625,1.0839448790770174,-9.009337272127215,,,,
669,left,LCX,prox,10.0,55,leaky,"[0.7, 0.75)",0.7395545551094493,1,6,669_left_LCX_prox_10mm_55ds_leaky_T5_vox_wide_B_rederived,T5_vox_wide,B_rederived,ok,True,6,2,15.24517388402984,15.24517388402984,15.24517388402984,1.0,0.8352942180176196,0.09573966290817026,1.0,to_negative,0.09890877881661064,5.801273724259412,5.604481948075887,True,28.0,1.8689036649859394e-12,8.537542426235641e-09,1.7531607694882088,296.80131826703604,6,vox,-1.0,0.390625,1.0839448790770174,-9.009337272127215,,,,
669,left,LCX,prox,10.0,55,leaky,"[0.7, 0.75)",0.7395545551094493,1,6,669_left_LCX_prox_10mm_55ds_leaky_T5_vox_wide_C_flowmatched,T5_vox_wide,C_flowmatched,ok,True,6,2,15.24517388402984,16.51465568233983,16.51465568233983,1.0832710605970746,0.8490844571709907,0.10952990206154134,1.0,to_negative,0.07196706125566907,5.3948519646965,5.604481948075887,True,28.0,3.153969368536995e-12,8.537542426235641e-09,1.7531607694882088,296.80131826703604,6,vox,-1.0,0.390625,1.0839448790770174,-9.009337272127215,1.0,0.009782946526993205,0.005179257905777224,False
832,left,LCX,mid,10.0,70,leaky,"[0.7, 0.75)",0.7423877889281273,1,6,832_left_LCX_mid_10mm_70ds_leaky_clean_none,clean,,ok,True,6,2,19.474414029188857,19.474414029188857,19.474414029188857,1.0,0.7423877889281273,0.0,0.0,,0.0,4.203791063882121,4.203791063882121,True,28.0,8.920079044156645e-13,7.850087303814934e-09,1.5810006040489004,223.4633773824923,6,,,,,,,,,
832,left,LCX,mid,10.0,70,leaky,"[0.7, 0.75)",0.7423877889281273,1,6,832_left_LCX_mid_10mm_70ds_leaky_T5_vox_narrow_A_fixed,T5_vox_narrow,A_fixed,ok,True,6,2,19.474414029188857,19.474414029188857,19.474414029188857,1.0,0.5514885719247679,-0.19089921700335943,0.0,,0.06840276689371157,4.029292470121972,4.203791063882121,True,28.0,2.3742109011015723e-12,7.850087303814934e-09,1.5810006040489004,223.4633773824923,6,vox,1.0,0.3515625,1.1480407587742327,7.655705978056139,,,,
832,left,LCX,mid,10.0,70,leaky,"[0.7, 0.75)",0.7423877889281273,1,6,832_left_LCX_mid_10mm_70ds_leaky_T5_vox_narrow_B_rederived,T5_vox_narrow,B_rederived,ok,True,6,2,19.474414029188857,19.474414029188857,19.474414029188857,1.0,0.5514885719247679,-0.19089921700335943,0.0,,0.06840276689371157,4.029292470121972,4.203791063882121,True,28.0,2.3742109011015723e-12,7.850087303814934e-09,1.5810006040489004,223.4633773824923,6,vox,1.0,0.3515625,1.1480407587742327,7.655705978056139,,,,
832,left,LCX,mid,10.0,70,leaky,"[0.7, 0.75)",0.7423877889281273,1,6,832_left_LCX_mid_10mm_70ds_leaky_T5_vox_narrow_C_flowmatched,T5_vox_narrow,C_flowmatched,ok,True,6,2,19.474414029188857,18.570628222422663,18.570628222422663,0.9535911167642029,0.5375420620327765,-0.20484572689535074,0.0,,0.054318262439177124,4.206140160891493,4.203791063882121,True,28.0,2.2584778775996763e-12,7.850087303814934e-09,1.5810006040489004,223.4633773824923,6,vox,1.0,0.3515625,1.1480407587742327,7.655705978056139,1.0,0.004678938518715443,0.0029504736344113202,False
832,left,LCX,mid,10.0,70,leaky,"[0.7, 0.75)",0.7423877889281273,1,6,832_left_LCX_mid_10mm_70ds_leaky_T5_vox_wide_A_fixed,T5_vox_wide,A_fixed,ok,True,6,2,19.474414029188857,19.474414029188857,19.474414029188857,1.0,0.8531157156185535,0.11072792669042619,1.0,to_negative,0.039675982746015956,4.305006314488224,4.203791063882121,True,28.0,6.898241944684842e-13,7.850087303814934e-09,1.5810006040489004,223.4633773824923,6,vox,-1.0,0.3515625,1.1480407587742327,-7.655705978056139,,,,
832,left,LCX,mid,10.0,70,leaky,"[0.7, 0.75)",0.7423877889281273,1,6,832_left_LCX_mid_10mm_70ds_leaky_T5_vox_wide_B_rederived,T5_vox_wide,B_rederived,ok,True,6,2,19.474414029188857,19.474414029188857,19.474414029188857,1.0,0.8531157156185535,0.11072792669042619,1.0,to_negative,0.039675982746015956,4.305006314488224,4.203791063882121,True,28.0,6.898241944684842e-13,7.850087303814934e-09,1.5810006040489004,223.4633773824923,6,vox,-1.0,0.3515625,1.1480407587742327,-7.655705978056139,,,,
832,left,LCX,mid,10.0,70,leaky,"[0.7, 0.75)",0.7423877889281273,1,6,832_left_LCX_mid_10mm_70ds_leaky_T5_vox_wide_C_flowmatched,T5_vox_wide,C_flowmatched,ok,True,6,2,19.474414029188857,20.061065588151934,20.061065588151934,1.0301242213544286,0.8581773288825955,0.11578953995446817,1.0,to_negative,0.028184839335706483,4.187045171321235,4.203791063882121,True,28.0,3.184178351143902e-12,7.850087303814934e-09,1.5810006040489004,223.4633773824923,6,vox,-1.0,0.3515625,1.1480407587742327,-7.655705978056139,1.0,0.001574183606862156,0.0007943851683795875,False
832,left,LCX,mid,10.0,70,discrete,"[0.7, 0.75)",0.5888450225306562,1,6,832_left_LCX_mid_10mm_70ds_discrete_clean_none,clean,,ok,True,6,2,36.51019512289879,36.51019512289879,36.51019512289879,1.0,0.5888450225306562,0.0,0.0,,0.0,3.6393523001264443,3.6393523001264443,True,27.0,6.7571045650914524e-12,1.631517754035813e-08,1.5810006040489004,223.4633773824923,6,,,,,,,,,
832,left,LCX,mid,10.0,70,discrete,"[0.7, 0.75)",0.5888450225306562,1,6,832_left_LCX_mid_10mm_70ds_discrete_T5_vox_narrow_A_fixed,T5_vox_narrow,A_fixed,ok,True,6,2,36.51019512289879,36.51019512289879,36.51019512289879,1.0,0.40010884125463186,-0.18873618127602432,0.0,,0.13362364247644853,3.3432174984990977,3.6393523001264443,True,28.0,7.368935249337316e-12,1.631517754035813e-08,1.5810006040489004,223.4633773824923,6,vox,1.0,0.3515625,1.1480407587742327,7.655705978056139,,,,
832,left,LCX,mid,10.0,70,discrete,"[0.7, 0.75)",0.5888450225306562,1,6,832_left_LCX_mid_10mm_70ds_discrete_T5_vox_narrow_B_rederived,T5_vox_narrow,B_rederived,ok,True,6,2,36.51019512289879,36.51019512289879,36.51019512289879,1.0,0.40010884125463186,-0.18873618127602432,0.0,,0.13362364247644853,3.3432174984990977,3.6393523001264443,True,28.0,7.368935249337316e-12,1.631517754035813e-08,1.5810006040489004,223.4633773824923,6,vox,1.0,0.3515625,1.1480407587742327,7.655705978056139,,,,
832,left,LCX,mid,10.0,70,discrete,"[0.7, 0.75)",0.5888450225306562,1,6,832_left_LCX_mid_10mm_70ds_discrete_T5_vox_narrow_C_flowmatched,T5_vox_narrow,C_flowmatched,ok,True,6,2,36.51019512289879,33.20170525301656,33.20170525301656,0.9093817532679473,0.3789973904376371,-0.2098476320930191,0.0,,0.11636671241613326,3.5805698650735795,3.6393523001264443,True,28.0,4.146962110754052e-12,1.631517754035813e-08,1.5810006040489004,223.4633773824923,6,vox,1.0,0.3515625,1.1480407587742327,7.655705978056139,1.0,0.01785527782867374,0.013541211758539062,False
832,left,LCX,mid,10.0,70,discrete,"[0.7, 0.75)",0.5888450225306562,1,6,832_left_LCX_mid_10mm_70ds_discrete_T5_vox_wide_A_fixed,T5_vox_wide,A_fixed,ok,True,6,2,36.51019512289879,36.51019512289879,36.51019512289879,1.0,0.7358300510061228,0.14698502847546657,0.0,,0.10406417025424129,3.869977821881094,3.6393523001264443,True,27.0,2.007063731064603e-12,1.631517754035813e-08,1.5810006040489004,223.4633773824923,6,vox,-1.0,0.3515625,1.1480407587742327,-7.655705978056139,,,,
832,left,LCX,mid,10.0,70,discrete,"[0.7, 0.75)",0.5888450225306562,1,6,832_left_LCX_mid_10mm_70ds_discrete_T5_vox_wide_B_rederived,T5_vox_wide,B_rederived,ok,True,6,2,36.51019512289879,36.51019512289879,36.51019512289879,1.0,0.7358300510061228,0.14698502847546657,0.0,,0.10406417025424129,3.869977821881094,3.6393523001264443,True,27.0,2.007063731064603e-12,1.631517754035813e-08,1.5810006040489004,223.4633773824923,6,vox,-1.0,0.3515625,1.1480407587742327,-7.655705978056139,,,,
832,left,LCX,mid,10.0,70,discrete,"[0.7, 0.75)",0.5888450225306562,1,6,832_left_LCX_mid_10mm_70ds_discrete_T5_vox_wide_C_flowmatched,T5_vox_wide,C_flowmatched,ok,True,6,2,36.51019512289879,40.07303689439105,40.07303689439105,1.0975848460820108,0.757143690959781,0.16829866842912478,0.0,,0.07580264315970141,3.607383458097964,3.6393523001264443,True,27.0,3.826740244896382e-12,1.631517754035813e-08,1.5810006040489004,223.4633773824923,6,vox,-1.0,0.3515625,1.1480407587742327,-7.655705978056139,1.0,0.010829351530703718,0.005746040709997026,False
837,left,LCX,prox,20.0,80,leaky,"[0.7, 0.75)",0.7285192773708635,1,5,837_left_LCX_prox_20mm_80ds_leaky_clean_none,clean,,ok,True,5,2,69.50175702112614,69.50175702112614,69.50175702112614,1.0,0.7285192773708635,0.0,0.0,,0.0,1.2863067889386355,1.2863067889386355,True,28.0,5.188156426264643e-12,8.320918730502281e-09,1.0569612954024623,168.10273986986618,5,,,,,,,,,
837,left,LCX,prox,20.0,80,leaky,"[0.7, 0.75)",0.7285192773708635,1,5,837_left_LCX_prox_20mm_80ds_leaky_T5_vox_narrow_A_fixed,T5_vox_narrow,A_fixed,ok,True,5,2,69.50175702112614,69.50175702112614,69.50175702112614,1.0,0.44432893004329077,-0.28419034732757276,0.0,,0.06905402841169848,1.2305066757014473,1.2863067889386355,True,28.0,1.9611408165273584e-11,8.320918730502281e-09,1.0569612954024623,168.10273986986618,5,vox,1.0,0.318359375,1.0469225080332576,7.602266943282842,,,,
837,left,LCX,prox,20.0,80,leaky,"[0.7, 0.75)",0.7285192773708635,1,5,837_left_LCX_prox_20mm_80ds_leaky_T5_vox_narrow_B_rederived,T5_vox_narrow,B_rederived,ok,True,5,2,69.50175702112614,69.50175702112614,69.50175702112614,1.0,0.44432893004329077,-0.28419034732757276,0.0,,0.06905402841169848,1.2305066757014473,1.2863067889386355,True,28.0,1.9611408165273584e-11,8.320918730502281e-09,1.0569612954024623,168.10273986986618,5,vox,1.0,0.318359375,1.0469225080332576,7.602266943282842,,,,
837,left,LCX,prox,20.0,80,leaky,"[0.7, 0.75)",0.7285192773708635,1,5,837_left_LCX_prox_20mm_80ds_leaky_T5_vox_narrow_C_flowmatched,T5_vox_narrow,C_flowmatched,ok,True,5,2,69.50175702112614,66.28814352054111,66.28814352054111,0.9537621257602423,0.43264304443516083,-0.2958762329357027,0.0,,0.05350388072694204,1.286929316963464,1.2863067889386355,True,28.0,9.013794355091975e-13,8.320918730502281e-09,1.0569612954024623,168.10273986986618,5,vox,1.0,0.318359375,1.0469225080332576,7.602266943282842,1.0,0.0047684588398836615,0.0028626652528428395,False
837,left,LCX,prox,20.0,80,leaky,"[0.7, 0.75)",0.7285192773708635,1,5,837_left_LCX_prox_20mm_80ds_leaky_T5_vox_wide_A_fixed,T5_vox_wide,A_fixed,ok,True,5,2,69.50175702112614,69.50175702112614,69.50175702112614,1.0,0.8800075786244858,0.15148830125362223,1.0,to_negative,0.036594102296242444,1.3158771862019982,1.2863067889386355,True,28.0,1.1541901037572809e-11,8.320918730502281e-09,1.0569612954024623,168.10273986986618,5,vox,-1.0,0.318359375,1.0469225080332576,-7.602266943282842,,,,
837,left,LCX,prox,20.0,80,leaky,"[0.7, 0.75)",0.7285192773708635,1,5,837_left_LCX_prox_20mm_80ds_leaky_T5_vox_wide_B_rederived,T5_vox_wide,B_rederived,ok,True,5,2,69.50175702112614,69.50175702112614,69.50175702112614,1.0,0.8800075786244858,0.15148830125362223,1.0,to_negative,0.036594102296242444,1.3158771862019982,1.2863067889386355,True,28.0,1.1541901037572809e-11,8.320918730502281e-09,1.0569612954024623,168.10273986986618,5,vox,-1.0,0.318359375,1.0469225080332576,-7.602266943282842,,,,
837,left,LCX,prox,20.0,80,leaky,"[0.7, 0.75)",0.7285192773708635,1,5,837_left_LCX_prox_20mm_80ds_leaky_T5_vox_wide_C_flowmatched,T5_vox_wide,C_flowmatched,ok,True,5,2,69.50175702112614,71.37451990260963,71.37451990260963,1.026945547303419,0.883211250330089,0.15469197295922543,1.0,to_negative,0.025702769629992028,1.2823959280264958,1.2863067889386355,True,28.0,9.229280219408027e-12,8.320918730502281e-09,1.0569612954024623,168.10273986986618,5,vox,-1.0,0.318359375,1.0469225080332576,-7.602266943282842,1.0,0.0013391283228678566,0.0006606323666524405,False
837,left,LCX,prox,20.0,80,discrete,"[0.7, 0.75)",0.66648292085801,1,5,837_left_LCX_prox_20mm_80ds_discrete_clean_none,clean,,ok,True,5,2,119.69119433178983,119.69119433178983,119.69119433178983,1.0,0.66648292085801,0.0,0.0,,0.0,1.2290526138098747,1.2290526138098747,True,28.0,8.771308857579909e-12,1.492190896807143e-08,1.0569612954024623,168.10273986986618,5,,,,,,,,,
837,left,LCX,prox,20.0,80,discrete,"[0.7, 0.75)",0.66648292085801,1,5,837_left_LCX_prox_20mm_80ds_discrete_T5_vox_narrow_A_fixed,T5_vox_narrow,A_fixed,ok,True,5,2,119.69119433178983,119.69119433178983,119.69119433178983,1.0,0.3875896390467572,-0.2788932818112528,0.0,,0.09421380176881158,1.1577936891292617,1.2290526138098747,True,28.0,1.7971747732696134e-11,1.492190896807143e-08,1.0569612954024623,168.10273986986618,5,vox,1.0,0.318359375,1.0469225080332576,7.602266943282842,,,,
837,left,LCX,prox,20.0,80,discrete,"[0.7, 0.75)",0.66648292085801,1,5,837_left_LCX_prox_20mm_80ds_discrete_T5_vox_narrow_B_rederived,T5_vox_narrow,B_rederived,ok,True,5,2,119.69119433178983,119.69119433178983,119.69119433178983,1.0,0.3875896390467572,-0.2788932818112528,0.0,,0.09421380176881158,1.1577936891292617,1.2290526138098747,True,28.0,1.7971747732696134e-11,1.492190896807143e-08,1.0569612954024623,168.10273986986618,5,vox,1.0,0.318359375,1.0469225080332576,7.602266943282842,,,,
837,left,LCX,prox,20.0,80,discrete,"[0.7, 0.75)",0.66648292085801,1,5,837_left_LCX_prox_20mm_80ds_discrete_T5_vox_narrow_C_flowmatched,T5_vox_narrow,C_flowmatched,ok,True,5,2,119.69119433178983,111.5348984455555,111.5348984455555,0.9318555058977465,0.3725720189194917,-0.29391090193851827,0.0,,0.07271739893166768,1.2320916912524484,1.2290526138098747,True,28.0,1.8681633218001324e-11,1.492190896807143e-08,1.0569612954024623,168.10273986986618,5,vox,1.0,0.318359375,1.0469225080332576,7.602266943282842,1.0,0.008876240443732924,0.005287820107387303,False
837,left,LCX,prox,20.0,80,discrete,"[0.7, 0.75)",0.66648292085801,1,5,837_left_LCX_prox_20mm_80ds_discrete_T5_vox_wide_A_fixed,T5_vox_wide,A_fixed,ok,True,5,2,119.69119433178983,119.69119433178983,119.69119433178983,1.0,0.8427700088750617,0.17628708801705173,1.0,to_negative,0.059552086105362195,1.274095033229868,1.2290526138098747,True,28.0,1.0450337148221944e-11,1.492190896807143e-08,1.0569612954024623,168.10273986986618,5,vox,-1.0,0.318359375,1.0469225080332576,-7.602266943282842,,,,
837,left,LCX,prox,20.0,80,discrete,"[0.7, 0.75)",0.66648292085801,1,5,837_left_LCX_prox_20mm_80ds_discrete_T5_vox_wide_B_rederived,T5_vox_wide,B_rederived,ok,True,5,2,119.69119433178983,119.69119433178983,119.69119433178983,1.0,0.8427700088750617,0.17628708801705173,1.0,to_negative,0.059552086105362195,1.274095033229868,1.2290526138098747,True,28.0,1.0450337148221944e-11,1.492190896807143e-08,1.0569612954024623,168.10273986986618,5,vox,-1.0,0.318359375,1.0469225080332576,-7.602266943282842,,,,
837,left,LCX,prox,20.0,80,discrete,"[0.7, 0.75)",0.66648292085801,1,5,837_left_LCX_prox_20mm_80ds_discrete_T5_vox_wide_C_flowmatched,T5_vox_wide,C_flowmatched,ok,True,5,2,119.69119433178983,125.50473077859388,125.50473077859388,1.0485711290564004,0.8496140026808516,0.18313108182284166,1.0,to_negative,0.040332073550382486,1.2206107971654538,1.2290526138098747,True,28.0,4.200777150350631e-12,1.492190896807143e-08,1.0569612954024623,168.10273986986618,5,vox,-1.0,0.318359375,1.0469225080332576,-7.602266943282842,1.0,0.003546450959500473,0.0016266761568734626,False
932,left,LCX,prox,20.0,65,leaky,"[0.7, 0.75)",0.7308637108100912,1,5,932_left_LCX_prox_20mm_65ds_leaky_clean_none,clean,,ok,True,5,2,18.044616187625895,18.044616187625895,18.044616187625895,1.0,0.7308637108100912,0.0,0.0,,0.0,3.135694871037637,3.135694871037637,True,28.0,1.0417817263410283e-11,5.743684735156685e-09,1.4537975061948025,260.91870863990056,5,,,,,,,,,
932,left,LCX,prox,20.0,65,leaky,"[0.7, 0.75)",0.7308637108100912,1,5,932_left_LCX_prox_20mm_65ds_leaky_T5_vox_narrow_A_fixed,T5_vox_narrow,A_fixed,ok,True,5,2,18.044616187625895,18.044616187625895,18.044616187625895,1.0,0.5896655894168954,-0.14119812139319576,0.0,,0.11397432654494719,2.9638684086580533,3.135694871037637,True,28.0,6.65038978839336e-12,5.743684735156685e-09,1.4537975061948025,260.91870863990056,5,vox,1.0,0.318359375,1.1920805220150867,6.67654930016487,,,,
932,left,LCX,prox,20.0,65,leaky,"[0.7, 0.75)",0.7308637108100912,1,5,932_left_LCX_prox_20mm_65ds_leaky_T5_vox_narrow_B_rederived,T5_vox_narrow,B_rederived,ok,True,5,2,18.044616187625895,18.044616187625895,18.044616187625895,1.0,0.5896655894168954,-0.14119812139319576,0.0,,0.11397432654494719,2.9638684086580533,3.135694871037637,True,28.0,6.65038978839336e-12,5.743684735156685e-09,1.4537975061948025,260.91870863990056,5,vox,1.0,0.318359375,1.1920805220150867,6.67654930016487,,,,
932,left,LCX,prox,20.0,65,leaky,"[0.7, 0.75)",0.7308637108100912,1,5,932_left_LCX_prox_20mm_65ds_leaky_T5_vox_narrow_C_flowmatched,T5_vox_narrow,C_flowmatched,ok,True,5,2,18.044616187625895,16.897339617276696,16.897339617276696,0.9364200070303549,0.571461161112682,-0.1594025496974092,0.0,,0.10130526593304894,3.133065638274994,3.135694871037637,True,28.0,5.913831481333276e-12,5.743684735156685e-09,1.4537975061948025,260.91870863990056,5,vox,1.0,0.318359375,1.1920805220150867,6.67654930016487,1.0,0.012990147111374254,0.010262756905765766,False
932,left,LCX,prox,20.0,65,leaky,"[0.7, 0.75)",0.7308637108100912,1,5,932_left_LCX_prox_20mm_65ds_leaky_T5_vox_wide_A_fixed,T5_vox_wide,A_fixed,ok,True,5,2,18.044616187625895,18.044616187625895,18.044616187625895,1.0,0.8240058599761675,0.09314214916607633,1.0,to_negative,0.07517298599941476,3.2490248519484206,3.135694871037637,True,28.0,1.0274204247714473e-11,5.743684735156685e-09,1.4537975061948025,260.91870863990056,5,vox,-1.0,0.318359375,1.1920805220150867,-6.67654930016487,,,,
932,left,LCX,prox,20.0,65,leaky,"[0.7, 0.75)",0.7308637108100912,1,5,932_left_LCX_prox_20mm_65ds_leaky_T5_vox_wide_B_rederived,T5_vox_wide,B_rederived,ok,True,5,2,18.044616187625895,18.044616187625895,18.044616187625895,1.0,0.8240058599761675,0.09314214916607633,1.0,to_negative,0.07517298599941476,3.2490248519484206,3.135694871037637,True,28.0,1.0274204247714473e-11,5.743684735156685e-09,1.4537975061948025,260.91870863990056,5,vox,-1.0,0.318359375,1.1920805220150867,-6.67654930016487,,,,
932,left,LCX,prox,20.0,65,leaky,"[0.7, 0.75)",0.7308637108100912,1,5,932_left_LCX_prox_20mm_65ds_leaky_T5_vox_wide_C_flowmatched,T5_vox_wide,C_flowmatched,ok,True,5,2,18.044616187625895,19.10886198059998,19.10886198059998,1.058978577427648,0.8341083999871269,0.10324468917703578,1.0,to_negative,0.055240240050827456,3.08637814433441,3.135694871037637,True,28.0,6.8842497489829085e-12,5.743684735156685e-09,1.4537975061948025,260.91870863990056,5,vox,-1.0,0.318359375,1.1920805220150867,-6.67654930016487,1.0,0.0056509778240682075,0.0030514841208730418,False
932,left,LCX,prox,20.0,65,discrete,"[0.7, 0.75)",0.6327871076634484,1,5,932_left_LCX_prox_20mm_65ds_discrete_clean_none,clean,,ok,True,5,2,44.804863494030606,44.804863494030606,44.804863494030606,1.0,0.6327871076634484,0.0,0.0,,0.0,2.645797831601206,2.645797831601206,True,27.0,9.274534958367033e-12,1.6538973127306995e-08,1.4537975061948025,260.91870863990056,5,,,,,,,,,
932,left,LCX,prox,20.0,65,discrete,"[0.7, 0.75)",0.6327871076634484,1,5,932_left_LCX_prox_20mm_65ds_discrete_T5_vox_narrow_A_fixed,T5_vox_narrow,A_fixed,ok,True,5,2,44.804863494030606,44.804863494030606,44.804863494030606,1.0,0.48572731797544977,-0.1470597896879986,0.0,,0.1789531196173935,2.387541887147361,2.645797831601206,True,28.0,4.585427758229784e-13,1.6538973127306995e-08,1.4537975061948025,260.91870863990056,5,vox,1.0,0.318359375,1.1920805220150867,6.67654930016487,,,,
932,left,LCX,prox,20.0,65,discrete,"[0.7, 0.75)",0.6327871076634484,1,5,932_left_LCX_prox_20mm_65ds_discrete_T5_vox_narrow_B_rederived,T5_vox_narrow,B_rederived,ok,True,5,2,44.804863494030606,44.804863494030606,44.804863494030606,1.0,0.48572731797544977,-0.1470597896879986,0.0,,0.1789531196173935,2.387541887147361,2.645797831601206,True,28.0,4.585427758229784e-13,1.6538973127306995e-08,1.4537975061948025,260.91870863990056,5,vox,1.0,0.318359375,1.1920805220150867,6.67654930016487,,,,
932,left,LCX,prox,20.0,65,discrete,"[0.7, 0.75)",0.6327871076634484,1,5,932_left_LCX_prox_20mm_65ds_discrete_T5_vox_narrow_C_flowmatched,T5_vox_narrow,C_flowmatched,ok,True,5,2,44.804863494030606,41.56939982297565,41.56939982297565,0.9277876681515608,0.46919190867323224,-0.16359519899021613,0.0,,0.17307920437616786,2.5007051286198068,2.645797831601206,True,28.0,8.618839787502242e-12,1.6538973127306995e-08,1.4537975061948025,260.91870863990056,5,vox,1.0,0.318359375,1.1920805220150867,6.67654930016487,1.0,0.03202421902079714,0.029956410987487286,False
932,left,LCX,prox,20.0,65,discrete,"[0.7, 0.75)",0.6327871076634484,1,5,932_left_LCX_prox_20mm_65ds_discrete_T5_vox_wide_A_fixed,T5_vox_wide,A_fixed,ok,True,5,2,44.804863494030606,44.804863494030606,44.804863494030606,1.0,0.7453971924395607,0.11261008477611234,0.0,,0.13650134459383842,2.84278955629899,2.645797831601206,True,27.0,2.711570161571618e-12,1.6538973127306995e-08,1.4537975061948025,260.91870863990056,5,vox,-1.0,0.318359375,1.1920805220150867,-6.67654930016487,,,,
932,left,LCX,prox,20.0,65,discrete,"[0.7, 0.75)",0.6327871076634484,1,5,932_left_LCX_prox_20mm_65ds_discrete_T5_vox_wide_B_rederived,T5_vox_wide,B_rederived,ok,True,5,2,44.804863494030606,44.804863494030606,44.804863494030606,1.0,0.7453971924395607,0.11261008477611234,0.0,,0.13650134459383842,2.84278955629899,2.645797831601206,True,27.0,2.711570161571618e-12,1.6538973127306995e-08,1.4537975061948025,260.91870863990056,5,vox,-1.0,0.318359375,1.1920805220150867,-6.67654930016487,,,,
932,left,LCX,prox,20.0,65,discrete,"[0.7, 0.75)",0.6327871076634484,1,5,932_left_LCX_prox_20mm_65ds_discrete_T5_vox_wide_C_flowmatched,T5_vox_wide,C_flowmatched,ok,True,5,2,44.804863494030606,50.99457517680326,50.99457517680326,1.1381482098164928,0.7698669815332475,0.13707987386979914,0.0,,0.10503752985587311,2.6026061065664945,2.645797831601206,True,27.0,1.0856713391892853e-11,1.6538973127306995e-08,1.4537975061948025,260.91870863990056,5,vox,-1.0,0.318359375,1.1920805220150867,-6.67654930016487,1.0,0.018632617075925822,0.011032882678223435,False
129,right,RCA,prox,20.0,55,leaky,"[0.7, 0.75)",0.7388750019602945,1,2,129_right_RCA_prox_20mm_55ds_leaky_clean_none,clean,,ok,True,2,2,9.341357356059754,9.341357356059754,9.341357356059754,1.0,0.7388750019602945,0.0,0.0,,0.0,3.2055867397475315,3.2055867397475315,True,23.0,5.383818221579496e-13,3.8786642776727815e-09,1.5711852623067255,140.73103963156154,2,,,,,,,,,
129,right,RCA,prox,20.0,55,leaky,"[0.7, 0.75)",0.7388750019602945,1,2,129_right_RCA_prox_20mm_55ds_leaky_T5_vox_narrow_A_fixed,T5_vox_narrow,A_fixed,ok,True,2,2,9.341357356059754,9.341357356059754,9.341357356059754,1.0,0.6386743660134463,-0.10020063594684825,0.0,,0.1460238524782692,2.74795626577387,3.2055867397475315,True,23.0,1.193663497886324e-12,3.8786642776727815e-09,1.5711852623067255,140.73103963156154,2,vox,1.0,0.373046875,1.5623368819815937,5.969373175887091,,,,
129,right,RCA,prox,20.0,55,leaky,"[0.7, 0.75)",0.7388750019602945,1,2,129_right_RCA_prox_20mm_55ds_leaky_T5_vox_narrow_B_rederived,T5_vox_narrow,B_rederived,ok,True,2,2,9.341357356059754,9.341357356059754,9.341357356059754,1.0,0.6386743660134463,-0.10020063594684825,0.0,,0.1460238524782692,2.74795626577387,3.2055867397475315,True,23.0,1.193663497886324e-12,3.8786642776727815e-09,1.5711852623067255,140.73103963156154,2,vox,1.0,0.373046875,1.5623368819815937,5.969373175887091,,,,
129,right,RCA,prox,20.0,55,leaky,"[0.7, 0.75)",0.7388750019602945,1,2,129_right_RCA_prox_20mm_55ds_leaky_T5_vox_narrow_C_flowmatched,T5_vox_narrow,C_flowmatched,ok,True,2,2,9.341357356059754,5.681642739284814,5.681642739284814,0.6082245355488004,0.5006199014345913,-0.2382551005257032,0.0,,0.009303181593914203,3.351680497207625,3.2055867397475315,True,23.0,8.974300210001242e-12,3.8786642776727815e-09,1.5711852623067255,140.73103963156154,2,vox,1.0,0.373046875,1.5623368819815937,5.969373175887091,2.0,0.021322965492595332,8.6549187769344e-05,False
129,right,RCA,prox,20.0,55,leaky,"[0.7, 0.75)",0.7388750019602945,1,2,129_right_RCA_prox_20mm_55ds_leaky_T5_vox_wide_A_fixed,T5_vox_wide,A_fixed,ok,True,2,2,9.341357356059754,9.341357356059754,9.341357356059754,1.0,0.8156497719487209,0.07677476998842636,1.0,to_negative,0.11174659032023253,3.5560441061489345,3.2055867397475315,True,24.0,2.4493621385502508e-12,3.8786642776727815e-09,1.5711852623067255,140.73103963156154,2,vox,-1.0,0.373046875,1.5623368819815937,-5.969373175887091,,,,
129,right,RCA,prox,20.0,55,leaky,"[0.7, 0.75)",0.7388750019602945,1,2,129_right_RCA_prox_20mm_55ds_leaky_T5_vox_wide_B_rederived,T5_vox_wide,B_rederived,ok,True,2,2,9.341357356059754,9.341357356059754,9.341357356059754,1.0,0.8156497719487209,0.07677476998842636,1.0,to_negative,0.11174659032023253,3.5560441061489345,3.2055867397475315,True,24.0,2.4493621385502508e-12,3.8786642776727815e-09,1.5711852623067255,140.73103963156154,2,vox,-1.0,0.373046875,1.5623368819815937,-5.969373175887091,,,,
129,right,RCA,prox,20.0,55,leaky,"[0.7, 0.75)",0.7388750019602945,1,2,129_right_RCA_prox_20mm_55ds_leaky_T5_vox_wide_C_flowmatched,T5_vox_wide,C_flowmatched,ok,True,2,2,9.341357356059754,10.99536930357474,10.99536930357474,1.1770633414898775,0.8462477524827093,0.1073727505224148,1.0,to_negative,0.0025057177798065507,3.1702034454862025,3.2055867397475315,True,25.0,4.539484617096382e-13,3.8786642776727815e-09,1.5711852623067255,140.73103963156154,2,vox,-1.0,0.373046875,1.5623368819815937,-5.969373175887091,1.0,0.012487300448197887,6.2786215920386695e-06,False
129,right,RCA,prox,20.0,55,discrete,"[0.7, 0.75)",0.7916226743864442,1,2,129_right_RCA_prox_20mm_55ds_discrete_clean_none,clean,,ok,True,2,2,8.145139674630324,8.145139674630324,8.145139674630324,1.0,0.7916226743864442,0.0,0.0,,0.0,2.726738029321964,2.726738029321964,True,24.0,6.637437402992123e-12,5.413501425464794e-09,1.5711852623067255,140.73103963156154,2,,,,,,,,,
129,right,RCA,prox,20.0,55,discrete,"[0.7, 0.75)",0.7916226743864442,1,2,129_right_RCA_prox_20mm_55ds_discrete_T5_vox_narrow_A_fixed,T5_vox_narrow,A_fixed,ok,True,2,2,8.145139674630324,8.145139674630324,8.145139674630324,1.0,0.6996657929535447,-0.09195688143289948,0.0,,0.12219050409539772,2.392265118384289,2.726738029321964,True,23.0,1.042121001910518e-11,5.413501425464794e-09,1.5711852623067255,140.73103963156154,2,vox,1.0,0.373046875,1.5623368819815937,5.969373175887091,,,,
129,right,RCA,prox,20.0,55,discrete,"[0.7, 0.75)",0.7916226743864442,1,2,129_right_RCA_prox_20mm_55ds_discrete_T5_vox_narrow_B_rederived,T5_vox_narrow,B_rederived,ok,True,2,2,8.145139674630324,8.145139674630324,8.145139674630324,1.0,0.6996657929535447,-0.09195688143289948,0.0,,0.12219050409539772,2.392265118384289,2.726738029321964,True,23.0,1.042121001910518e-11,5.413501425464794e-09,1.5711852623067255,140.73103963156154,2,vox,1.0,0.373046875,1.5623368819815937,5.969373175887091,,,,
129,right,RCA,prox,20.0,55,discrete,"[0.7, 0.75)",0.7916226743864442,1,2,129_right_RCA_prox_20mm_55ds_discrete_T5_vox_narrow_C_flowmatched,T5_vox_narrow,C_flowmatched,ok,True,2,2,8.145139674630324,4.759613632983757,4.759613632983757,0.5843501551985083,0.634680134500954,-0.15694253988549023,0.0,,0.046002404200464385,2.6869452774363505,2.726738029321964,True,23.0,2.5015879591525193e-12,5.413501425464794e-09,1.5711852623067255,140.73103963156154,2,vox,1.0,0.373046875,1.5623368819815937,5.969373175887091,1.0,0.014930519291087409,0.002116221192222903,False
129,right,RCA,prox,20.0,55,discrete,"[0.7, 0.75)",0.7916226743864442,1,2,129_right_RCA_prox_20mm_55ds_discrete_T5_vox_wide_A_fixed,T5_vox_wide,A_fixed,ok,True,2,2,8.145139674630324,8.145139674630324,8.145139674630324,1.0,0.8569795663478603,0.06535689196141614,1.0,to_negative,0.08642669364079288,2.9635014885974655,2.726738029321964,True,25.0,1.0155386878736543e-11,5.413501425464794e-09,1.5711852623067255,140.73103963156154,2,vox,-1.0,0.373046875,1.5623368819815937,-5.969373175887091,,,,
129,right,RCA,prox,20.0,55,discrete,"[0.7, 0.75)",0.7916226743864442,1,2,129_right_RCA_prox_20mm_55ds_discrete_T5_vox_wide_B_rederived,T5_vox_wide,B_rederived,ok,True,2,2,8.145139674630324,8.145139674630324,8.145139674630324,1.0,0.8569795663478603,0.06535689196141614,1.0,to_negative,0.08642669364079288,2.9635014885974655,2.726738029321964,True,25.0,1.0155386878736543e-11,5.413501425464794e-09,1.5711852623067255,140.73103963156154,2,vox,-1.0,0.373046875,1.5623368819815937,-5.969373175887091,,,,
129,right,RCA,prox,20.0,55,discrete,"[0.7, 0.75)",0.7916226743864442,1,2,129_right_RCA_prox_20mm_55ds_discrete_T5_vox_wide_C_flowmatched,T5_vox_wide,C_flowmatched,ok,True,2,2,8.145139674630324,10.043705777779651,10.043705777779651,1.2330919025321068,0.8742861185361849,0.0826634441497407,1.0,to_negative,0.017459917875331316,2.728196325264515,2.726738029321964,True,25.0,7.30497820663274e-12,5.413501425464794e-09,1.5711852623067255,140.73103963156154,2,vox,-1.0,0.373046875,1.5623368819815937,-5.969373175887091,1.0,0.007469573373679468,0.000304848732213314,False
466,right,RCA,mid,10.0,60,leaky,"[0.7, 0.75)",0.7048028953303952,1,3,466_right_RCA_mid_10mm_60ds_leaky_clean_none,clean,,ok,True,3,2,9.892164503712499,9.892164503712499,9.892164503712499,1.0,0.7048028953303952,0.0,0.0,,0.0,2.364178940789143,2.364178940789143,True,26.0,1.848176287769839e-12,2.948270015566084e-09,1.3916035182691848,163.27667960515117,3,,,,,,,,,
466,right,RCA,mid,10.0,60,leaky,"[0.7, 0.75)",0.7048028953303952,1,3,466_right_RCA_mid_10mm_60ds_leaky_T5_vox_narrow_A_fixed,T5_vox_narrow,A_fixed,ok,True,3,2,9.892164503712499,9.892164503712499,9.892164503712499,1.0,0.5709148671176534,-0.13388802821274182,0.0,,0.2062203724379501,2.017646045794543,2.364178940789143,True,26.0,9.792335505209861e-12,2.948270015566084e-09,1.3916035182691848,163.27667960515117,3,vox,1.0,0.37109375,1.2798165396979515,7.248963786785829,,,,
466,right,RCA,mid,10.0,60,leaky,"[0.7, 0.75)",0.7048028953303952,1,3,466_right_RCA_mid_10mm_60ds_leaky_T5_vox_narrow_B_rederived,T5_vox_narrow,B_rederived,ok,True,3,2,9.892164503712499,9.892164503712499,9.892164503712499,1.0,0.5709148671176534,-0.13388802821274182,0.0,,0.2062203724379501,2.017646045794543,2.364178940789143,True,26.0,9.792335505209861e-12,2.948270015566084e-09,1.3916035182691848,163.27667960515117,3,vox,1.0,0.37109375,1.2798165396979515,7.248963786785829,,,,
466,right,RCA,mid,10.0,60,leaky,"[0.7, 0.75)",0.7048028953303952,1,3,466_right_RCA_mid_10mm_60ds_leaky_T5_vox_narrow_C_flowmatched,T5_vox_narrow,C_flowmatched,ok,True,3,2,9.892164503712499,3.432257203318307,3.432257203318307,0.3469672589886866,0.3185749463990108,-0.3862279489313844,0.0,,0.06787013347016543,3.657344708470348,2.364178940789143,True,27.0,1.7146342291645807e-12,2.948270015566084e-09,1.3916035182691848,163.27667960515117,3,vox,1.0,0.37109375,1.2798165396979515,7.248963786785829,1.0,0.042526842008446857,0.0046063550172580695,False
466,right,RCA,mid,10.0,60,leaky,"[0.7, 0.75)",0.7048028953303952,1,3,466_right_RCA_mid_10mm_60ds_leaky_T5_vox_wide_A_fixed,T5_vox_wide,A_fixed,ok,True,3,2,9.892164503712499,9.892164503712499,9.892164503712499,1.0,0.7997370380373514,0.09493414270695621,0.0,,0.14622184318822315,2.6098950455001417,2.364178940789143,True,26.0,7.696626107156861e-13,2.948270015566084e-09,1.3916035182691848,163.27667960515117,3,vox,-1.0,0.37109375,1.2798165396979515,-7.248963786785829,,,,
466,right,RCA,mid,10.0,60,leaky,"[0.7, 0.75)",0.7048028953303952,1,3,466_right_RCA_mid_10mm_60ds_leaky_T5_vox_wide_B_rederived,T5_vox_wide,B_rederived,ok,True,3,2,9.892164503712499,9.892164503712499,9.892164503712499,1.0,0.7997370380373514,0.09493414270695621,0.0,,0.14622184318822315,2.6098950455001417,2.364178940789143,True,26.0,7.696626107156861e-13,2.948270015566084e-09,1.3916035182691848,163.27667960515117,3,vox,-1.0,0.37109375,1.2798165396979515,-7.248963786785829,,,,
466,right,RCA,mid,10.0,60,leaky,"[0.7, 0.75)",0.7048028953303952,1,3,466_right_RCA_mid_10mm_60ds_leaky_T5_vox_wide_C_flowmatched,T5_vox_wide,C_flowmatched,ok,True,3,2,9.892164503712499,12.286913661909855,12.286913661909855,1.2420854563527137,0.8409489946904458,0.13614609936005062,1.0,to_negative,0.0002772336487913462,2.2162096634812105,2.364178940789143,True,26.0,5.078468193736823e-12,2.948270015566084e-09,1.3916035182691848,163.27667960515117,3,vox,-1.0,0.37109375,1.2798165396979515,-7.248963786785829,2.0,0.021380827425361317,7.68584960221635e-08,False
466,right,RCA,mid,10.0,60,discrete,"[0.7, 0.75)",0.6529523508088535,1,2,466_right_RCA_mid_10mm_60ds_discrete_clean_none,clean,,ok,True,2,2,12.749111533245143,12.749111533245143,12.749111533245143,1.0,0.6529523508088535,0.0,0.0,,0.0,1.8774547449239112,1.8774547449239112,True,20.0,1.0413342460942066e-11,5.43341473769969e-09,1.3916035182691848,163.27667960515117,2,,,,,,,,,
466,right,RCA,mid,10.0,60,discrete,"[0.7, 0.75)",0.6529523508088535,1,2,466_right_RCA_mid_10mm_60ds_discrete_T5_vox_narrow_A_fixed,T5_vox_narrow,A_fixed,ok,True,2,2,12.749111533245143,12.749111533245143,12.749111533245143,1.0,0.5160941132932632,-0.13685823751559034,0.0,,0.22909101388393163,1.4473467338917743,1.8774547449239112,True,17.0,1.2956001976202814e-11,5.43341473769969e-09,1.3916035182691848,163.27667960515117,2,vox,1.0,0.37109375,1.2798165396979515,7.248963786785829,,,,
466,right,RCA,mid,10.0,60,discrete,"[0.7, 0.75)",0.6529523508088535,1,2,466_right_RCA_mid_10mm_60ds_discrete_T5_vox_narrow_B_rederived,T5_vox_narrow,B_rederived,ok,True,2,2,12.749111533245143,12.749111533245143,12.749111533245143,1.0,0.5160941132932632,-0.13685823751559034,0.0,,0.22909101388393163,1.4473467338917743,1.8774547449239112,True,17.0,1.2956001976202814e-11,5.43341473769969e-09,1.3916035182691848,163.27667960515117,2,vox,1.0,0.37109375,1.2798165396979515,7.248963786785829,,,,
466,right,RCA,mid,10.0,60,discrete,"[0.7, 0.75)",0.6529523508088535,1,2,466_right_RCA_mid_10mm_60ds_discrete_T5_vox_narrow_C_flowmatched,T5_vox_narrow,C_flowmatched,failed fit: Protocol C optimum at search bound,True,2,2,,,,,,,,,,,,,,,5.43341473769969e-09,1.3916035182691848,163.27667960515117,2,vox,1.0,0.37109375,1.2798165396979515,7.248963786785829,0.0,0.052482692642367754,0.0019201332876545726,True
466,right,RCA,mid,10.0,60,discrete,"[0.7, 0.75)",0.6529523508088535,1,2,466_right_RCA_mid_10mm_60ds_discrete_T5_vox_wide_A_fixed,T5_vox_wide,A_fixed,ok,True,2,2,12.749111533245143,12.749111533245143,12.749111533245143,1.0,0.7584465200627473,0.10549416925389377,0.0,,0.17658978101653985,2.208994067191239,1.8774547449239112,True,23.0,7.131737481764303e-12,5.43341473769969e-09,1.3916035182691848,163.27667960515117,2,vox,-1.0,0.37109375,1.2798165396979515,-7.248963786785829,,,,
466,right,RCA,mid,10.0,60,discrete,"[0.7, 0.75)",0.6529523508088535,1,2,466_right_RCA_mid_10mm_60ds_discrete_T5_vox_wide_B_rederived,T5_vox_wide,B_rederived,ok,True,2,2,12.749111533245143,12.749111533245143,12.749111533245143,1.0,0.7584465200627473,0.10549416925389377,0.0,,0.17658978101653985,2.208994067191239,1.8774547449239112,True,23.0,7.131737481764303e-12,5.43341473769969e-09,1.3916035182691848,163.27667960515117,2,vox,-1.0,0.37109375,1.2798165396979515,-7.248963786785829,,,,
466,right,RCA,mid,10.0,60,discrete,"[0.7, 0.75)",0.6529523508088535,1,2,466_right_RCA_mid_10mm_60ds_discrete_T5_vox_wide_C_flowmatched,T5_vox_wide,C_flowmatched,ok,True,2,2,12.749111533245143,18.334391629251986,18.334391629251986,1.4380917118375207,0.8138044244223781,0.1608520736135246,1.0,to_negative,0.0014043401231046704,1.8774716275107282,1.8774547449239112,True,24.0,6.6569223799908524e-12,5.43341473769969e-09,1.3916035182691848,163.27667960515117,2,vox,-1.0,0.37109375,1.2798165396979515,-7.248963786785829,1.0,0.0311839507594695,1.9721711813616406e-06,False
474,right,RCA,mid,10.0,60,leaky,"[0.7, 0.75)",0.7303494188351938,1,2,474_right_RCA_mid_10mm_60ds_leaky_clean_none,clean,,ok,True,2,2,9.29715164036365,9.29715164036365,9.29715164036365,1.0,0.7303494188351938,0.0,0.0,,0.0,1.7281546733678346,1.7281546733678346,True,27.0,9.482930086961277e-13,1.8965068937350237e-09,1.2378028412281075,100.17781452419835,2,,,,,,,,,
474,right,RCA,mid,10.0,60,leaky,"[0.7, 0.75)",0.7303494188351938,1,2,474_right_RCA_mid_10mm_60ds_leaky_T5_vox_narrow_A_fixed,T5_vox_narrow,A_fixed,ok,True,2,2,9.29715164036365,9.29715164036365,9.29715164036365,1.0,0.5915709890358196,-0.13877842979937416,0.0,,0.20328690309126354,1.5201455114938458,1.7281546733678346,True,27.0,2.499483118173428e-12,1.8965068937350237e-09,1.2378028412281075,100.17781452419835,2,vox,1.0,0.357421875,1.0948299054106125,8.161584581167201,,,,
474,right,RCA,mid,10.0,60,leaky,"[0.7, 0.75)",0.7303494188351938,1,2,474_right_RCA_mid_10mm_60ds_leaky_T5_vox_narrow_B_rederived,T5_vox_narrow,B_rederived,ok,True,2,2,9.29715164036365,9.29715164036365,9.29715164036365,1.0,0.5915709890358196,-0.13877842979937416,0.0,,0.20328690309126354,1.5201455114938458,1.7281546733678346,True,27.0,2.499483118173428e-12,1.8965068937350237e-09,1.2378028412281075,100.17781452419835,2,vox,1.0,0.357421875,1.0948299054106125,8.161584581167201,,,,
474,right,RCA,mid,10.0,60,leaky,"[0.7, 0.75)",0.7303494188351938,1,2,474_right_RCA_mid_10mm_60ds_leaky_T5_vox_narrow_C_flowmatched,T5_vox_narrow,C_flowmatched,ok,True,2,2,9.29715164036365,3.9355398760735953,3.9355398760735953,0.42330597889652793,0.37434947473231445,-0.35599994410287933,0.0,,0.08723555516349286,2.645945335130285,1.7281546733678346,True,27.0,8.067147112756712e-13,1.8965068937350237e-09,1.2378028412281075,100.17781452419835,2,vox,1.0,0.357421875,1.0948299054106125,8.161584581167201,1.0,0.04132556496843677,0.007610042084682808,False
474,right,RCA,mid,10.0,60,leaky,"[0.7, 0.75)",0.7303494188351938,1,2,474_right_RCA_mid_10mm_60ds_leaky_T5_vox_wide_A_fixed,T5_vox_wide,A_fixed,ok,True,2,2,9.29715164036365,9.29715164036365,9.29715164036365,1.0,0.8144901315062627,0.08414071267106893,1.0,to_negative,0.12267265363862152,1.853778079445847,1.7281546733678346,True,27.0,5.014724631383532e-14,1.8965068937350237e-09,1.2378028412281075,100.17781452419835,2,vox,-1.0,0.357421875,1.0948299054106125,-8.161584581167201,,,,
474,right,RCA,mid,10.0,60,leaky,"[0.7, 0.75)",0.7303494188351938,1,2,474_right_RCA_mid_10mm_60ds_leaky_T5_vox_wide_B_rederived,T5_vox_wide,B_rederived,ok,True,2,2,9.29715164036365,9.29715164036365,9.29715164036365,1.0,0.8144901315062627,0.08414071267106893,1.0,to_negative,0.12267265363862152,1.853778079445847,1.7281546733678346,True,27.0,5.014724631383532e-14,1.8965068937350237e-09,1.2378028412281075,100.17781452419835,2,vox,-1.0,0.357421875,1.0948299054106125,-8.161584581167201,,,,
474,right,RCA,mid,10.0,60,leaky,"[0.7, 0.75)",0.7303494188351938,1,2,474_right_RCA_mid_10mm_60ds_leaky_T5_vox_wide_C_flowmatched,T5_vox_wide,C_flowmatched,ok,True,2,2,9.29715164036365,11.200653044630762,11.200653044630762,1.204740277226742,0.846237680385485,0.1158882615502912,1.0,to_negative,0.002501196142746035,1.5989774109101251,1.7281546733678346,True,27.0,3.995387428764516e-12,1.8965068937350237e-09,1.2378028412281075,100.17781452419835,2,vox,-1.0,0.357421875,1.0948299054106125,-8.161584581167201,2.0,0.015048579950741202,6.255982144487642e-06,False
616,right,RCA,mid,20.0,55,leaky,"[0.7, 0.75)",0.7170281141926104,1,2,616_right_RCA_mid_20mm_55ds_leaky_clean_none,clean,,ok,True,2,2,11.051414896696013,11.051414896696013,11.051414896696013,1.0,0.7170281141926104,0.0,0.0,,0.0,3.03116629678325,3.03116629678325,True,27.0,1.0606193248834433e-12,3.887660043062492e-09,1.4844682381860197,148.69389219194224,2,,,,,,,,,
616,right,RCA,mid,20.0,55,leaky,"[0.7, 0.75)",0.7170281141926104,1,2,616_right_RCA_mid_20mm_55ds_leaky_T5_vox_narrow_A_fixed,T5_vox_narrow,A_fixed,ok,True,2,2,11.051414896696013,11.051414896696013,11.051414896696013,1.0,0.6103732302665742,-0.10665488392603617,0.0,,0.16123856165069178,2.750927455058144,3.03116629678325,True,27.0,1.411142991113304e-12,3.887660043062492e-09,1.4844682381860197,148.69389219194224,2,vox,1.0,0.3515625,1.2603718910258208,6.973388221825982,,,,
616,right,RCA,mid,20.0,55,leaky,"[0.7, 0.75)",0.7170281141926104,1,2,616_right_RCA_mid_20mm_55ds_leaky_T5_vox_narrow_B_rederived,T5_vox_narrow,B_rederived,ok,True,2,2,11.051414896696013,11.051414896696013,11.051414896696013,1.0,0.6103732302665742,-0.10665488392603617,0.0,,0.16123856165069178,2.750927455058144,3.03116629678325,True,27.0,1.411142991113304e-12,3.887660043062492e-09,1.4844682381860197,148.69389219194224,2,vox,1.0,0.3515625,1.2603718910258208,6.973388221825982,,,,
616,right,RCA,mid,20.0,55,leaky,"[0.7, 0.75)",0.7170281141926104,1,2,616_right_RCA_mid_20mm_55ds_leaky_T5_vox_narrow_C_flowmatched,T5_vox_narrow,C_flowmatched,ok,True,2,2,11.051414896696013,5.483860586331531,5.483860586331531,0.49621343851374305,0.42378309567997485,-0.2932450185126355,0.0,,0.0049645262718404975,4.405865581649346,3.03116629678325,True,27.0,2.3127819418527645e-13,3.887660043062492e-09,1.4844682381860197,148.69389219194224,2,vox,1.0,0.3515625,1.2603718910258208,6.973388221825982,2.0,0.025997873763183934,2.4646521103794505e-05,False
616,right,RCA,mid,20.0,55,leaky,"[0.7, 0.75)",0.7170281141926104,1,2,616_right_RCA_mid_20mm_55ds_leaky_T5_vox_wide_A_fixed,T5_vox_wide,A_fixed,ok,True,2,2,11.051414896696013,11.051414896696013,11.051414896696013,1.0,0.7928468447357072,0.07581873054309685,0.0,,0.11462112759344151,3.230693336557417,3.03116629678325,True,27.0,3.722998934905966e-14,3.887660043062492e-09,1.4844682381860197,148.69389219194224,2,vox,-1.0,0.3515625,1.2603718910258208,-6.973388221825982,,,,
616,right,RCA,mid,20.0,55,leaky,"[0.7, 0.75)",0.7170281141926104,1,2,616_right_RCA_mid_20mm_55ds_leaky_T5_vox_wide_B_rederived,T5_vox_wide,B_rederived,ok,True,2,2,11.051414896696013,11.051414896696013,11.051414896696013,1.0,0.7928468447357072,0.07581873054309685,0.0,,0.11462112759344151,3.230693336557417,3.03116629678325,True,27.0,3.722998934905966e-14,3.887660043062492e-09,1.4844682381860197,148.69389219194224,2,vox,-1.0,0.3515625,1.2603718910258208,-6.973388221825982,,,,
616,right,RCA,mid,20.0,55,leaky,"[0.7, 0.75)",0.7170281141926104,1,2,616_right_RCA_mid_20mm_55ds_leaky_T5_vox_wide_C_flowmatched,T5_vox_wide,C_flowmatched,ok,True,2,2,11.051414896696013,13.107692167420446,13.107692167420446,1.186064616155094,0.8253664002180966,0.10833828602548623,1.0,to_negative,0.0008203788744832774,2.8171114548040643,3.03116629678325,True,27.0,1.0022976992469033e-12,3.887660043062492e-09,1.4844682381860197,148.69389219194224,2,vox,-1.0,0.3515625,1.2603718910258208,-6.973388221825982,2.0,0.013138002890791999,6.730214976984491e-07,False
616,right,RCA,mid,20.0,55,discrete,"[0.7, 0.75)",0.6264627096539981,1,2,616_right_RCA_mid_20mm_55ds_discrete_clean_none,clean,,ok,True,2,2,9.322548322679273,9.322548322679273,9.322548322679273,1.0,0.6264627096539981,0.0,0.0,,0.0,2.1444401987033777,2.1444401987033777,True,21.0,9.170488385870472e-12,5.434985491941328e-09,1.4844682381860197,148.69389219194224,2,,,,,,,,,
616,right,RCA,mid,20.0,55,discrete,"[0.7, 0.75)",0.6264627096539981,1,2,616_right_RCA_mid_20mm_55ds_discrete_T5_vox_narrow_A_fixed,T5_vox_narrow,A_fixed,ok,True,2,2,9.322548322679273,9.322548322679273,9.322548322679273,1.0,0.5139292957524084,-0.11253341390158966,0.0,,0.197113336369633,1.7217424364964293,2.1444401987033777,True,19.0,1.186195709346705e-11,5.434985491941328e-09,1.4844682381860197,148.69389219194224,2,vox,1.0,0.3515625,1.2603718910258208,6.973388221825982,,,,
616,right,RCA,mid,20.0,55,discrete,"[0.7, 0.75)",0.6264627096539981,1,2,616_right_RCA_mid_20mm_55ds_discrete_T5_vox_narrow_B_rederived,T5_vox_narrow,B_rederived,ok,True,2,2,9.322548322679273,9.322548322679273,9.322548322679273,1.0,0.5139292957524084,-0.11253341390158966,0.0,,0.197113336369633,1.7217424364964293,2.1444401987033777,True,19.0,1.186195709346705e-11,5.434985491941328e-09,1.4844682381860197,148.69389219194224,2,vox,1.0,0.3515625,1.2603718910258208,6.973388221825982,,,,
616,right,RCA,mid,20.0,55,discrete,"[0.7, 0.75)",0.6264627096539981,1,2,616_right_RCA_mid_20mm_55ds_discrete_T5_vox_narrow_C_flowmatched,T5_vox_narrow,C_flowmatched,ok,True,2,2,9.322548322679273,0.8530578786711983,0.8530578786711983,0.09150479559284623,0.33843444309872517,-0.2880282665552729,0.0,,0.05595703293222934,2.079156624475866,2.1444401987033777,True,15.0,8.362547151863616e-12,5.434985491941328e-09,1.4844682381860197,148.69389219194224,2,vox,1.0,0.3515625,1.2603718910258208,6.973388221825982,1.0,0.03885366737476808,0.0031311895345785988,False
616,right,RCA,mid,20.0,55,discrete,"[0.7, 0.75)",0.6264627096539981,1,2,616_right_RCA_mid_20mm_55ds_discrete_T5_vox_wide_A_fixed,T5_vox_wide,A_fixed,ok,True,2,2,9.322548322679273,9.322548322679273,9.322548322679273,1.0,0.7164828224310236,0.09002011277702548,0.0,,0.15767907641496803,2.4825735486610605,2.1444401987033777,True,23.0,8.769132864401033e-12,5.434985491941328e-09,1.4844682381860197,148.69389219194224,2,vox,-1.0,0.3515625,1.2603718910258208,-6.973388221825982,,,,
616,right,RCA,mid,20.0,55,discrete,"[0.7, 0.75)",0.6264627096539981,1,2,616_right_RCA_mid_20mm_55ds_discrete_T5_vox_wide_B_rederived,T5_vox_wide,B_rederived,ok,True,2,2,9.322548322679273,9.322548322679273,9.322548322679273,1.0,0.7164828224310236,0.09002011277702548,0.0,,0.15767907641496803,2.4825735486610605,2.1444401987033777,True,23.0,8.769132864401033e-12,5.434985491941328e-09,1.4844682381860197,148.69389219194224,2,vox,-1.0,0.3515625,1.2603718910258208,-6.973388221825982,,,,
616,right,RCA,mid,20.0,55,discrete,"[0.7, 0.75)",0.6264627096539981,1,2,616_right_RCA_mid_20mm_55ds_discrete_T5_vox_wide_C_flowmatched,T5_vox_wide,C_flowmatched,ok,True,2,2,9.322548322679273,13.746104057796007,13.746104057796007,1.4745007032417738,0.7720538269619696,0.14559111730797147,0.0,,0.007263475850229461,2.1445395107529723,2.1444401987033777,True,24.0,1.4075417810432167e-11,5.434985491941328e-09,1.4844682381860197,148.69389219194224,2,vox,-1.0,0.3515625,1.2603718910258208,-6.973388221825982,1.0,0.02486269113907733,5.275808142686659e-05,False
806,right,RCA,prox,20.0,60,leaky,"[0.7, 0.75)",0.7069482592961224,1,2,806_right_RCA_prox_20mm_60ds_leaky_clean_none,clean,,ok,True,2,2,10.13289387012514,10.13289387012514,10.13289387012514,1.0,0.7069482592961224,0.0,0.0,,0.0,1.1672184093184104,1.1672184093184104,True,26.0,2.3000587592601463e-12,1.4465822078100181e-09,1.0987913423657765,76.81672845946412,2,,,,,,,,,
806,right,RCA,prox,20.0,60,leaky,"[0.7, 0.75)",0.7069482592961224,1,2,806_right_RCA_prox_20mm_60ds_leaky_T5_vox_narrow_A_fixed,T5_vox_narrow,A_fixed,ok,True,2,2,10.13289387012514,10.13289387012514,10.13289387012514,1.0,0.5440109853166709,-0.16293727397945146,0.0,,0.25013678084464785,0.9601824978239234,1.1672184093184104,True,27.0,2.9505989296300968e-12,1.4465822078100181e-09,1.0987913423657765,76.81672845946412,2,vox,1.0,0.33984375000000006,1.0078698171769491,8.429753133988696,,,,
806,right,RCA,prox,20.0,60,leaky,"[0.7, 0.75)",0.7069482592961224,1,2,806_right_RCA_prox_20mm_60ds_leaky_T5_vox_narrow_B_rederived,T5_vox_narrow,B_rederived,ok,True,2,2,10.13289387012514,10.13289387012514,10.13289387012514,1.0,0.5440109853166709,-0.16293727397945146,0.0,,0.25013678084464785,0.9601824978239234,1.1672184093184104,True,27.0,2.9505989296300968e-12,1.4465822078100181e-09,1.0987913423657765,76.81672845946412,2,vox,1.0,0.33984375000000006,1.0078698171769491,8.429753133988696,,,,
806,right,RCA,prox,20.0,60,leaky,"[0.7, 0.75)",0.7069482592961224,1,2,806_right_RCA_prox_20mm_60ds_leaky_T5_vox_narrow_C_flowmatched,T5_vox_narrow,C_flowmatched,ok,True,2,2,10.13289387012514,4.845384280934559,4.845384280934559,0.47818366036776816,0.36147619531324693,-0.34547206398287544,0.0,,0.16587705973470546,1.4776243929563204,1.1672184093184104,True,27.0,1.549610188881657e-12,1.4465822078100181e-09,1.0987913423657765,76.81672845946412,2,vox,1.0,0.33984375000000006,1.0078698171769491,8.429753133988696,1.0,0.0625684091313234,0.02751519894623104,False
806,right,RCA,prox,20.0,60,leaky,"[0.7, 0.75)",0.7069482592961224,1,2,806_right_RCA_prox_20mm_60ds_leaky_T5_vox_wide_A_fixed,T5_vox_wide,A_fixed,ok,True,2,2,10.13289387012514,10.13289387012514,10.13289387012514,1.0,0.8134967561707208,0.10654849687459844,1.0,to_negative,0.16357029524996844,1.302627435600666,1.1672184093184104,True,27.0,3.991882192160618e-12,1.4465822078100181e-09,1.0987913423657765,76.81672845946412,2,vox,-1.0,0.33984375000000006,1.0078698171769491,-8.429753133988696,,,,
806,right,RCA,prox,20.0,60,leaky,"[0.7, 0.75)",0.7069482592961224,1,2,806_right_RCA_prox_20mm_60ds_leaky_T5_vox_wide_B_rederived,T5_vox_wide,B_rederived,ok,True,2,2,10.13289387012514,10.13289387012514,10.13289387012514,1.0,0.8134967561707208,0.10654849687459844,1.0,to_negative,0.16357029524996844,1.302627435600666,1.1672184093184104,True,27.0,3.991882192160618e-12,1.4465822078100181e-09,1.0987913423657765,76.81672845946412,2,vox,-1.0,0.33984375000000006,1.0078698171769491,-8.429753133988696,,,,
806,right,RCA,prox,20.0,60,leaky,"[0.7, 0.75)",0.7069482592961224,1,2,806_right_RCA_prox_20mm_60ds_leaky_T5_vox_wide_C_flowmatched,T5_vox_wide,C_flowmatched,ok,True,2,2,10.13289387012514,12.814588270448693,12.814588270448693,1.2646523722339584,0.8521346739158637,0.14518641461974136,1.0,to_negative,0.0007278757776088153,1.0786321762359883,1.1672184093184104,True,27.0,1.3257562723487767e-12,1.4465822078100181e-09,1.0987913423657765,76.81672845946412,2,vox,-1.0,0.33984375000000006,1.0078698171769491,-8.429753133988696,2.0,0.026755241488161847,5.298031476296376e-07,False
806,right,RCA,prox,20.0,60,discrete,"[0.7, 0.75)",0.650675590205358,1,1,806_right_RCA_prox_20mm_60ds_discrete_clean_none,clean,,ok,True,1,0,12.734553117123259,12.734553117123259,12.734553117123259,1.0,0.650675590205358,0.0,0.0,,0.0,0.9341127260703235,0.9341127260703235,True,23.0,8.970302188220422e-13,2.7051918882229474e-09,1.0987913423657765,76.81672845946412,1,,,,,,,,,
806,right,RCA,prox,20.0,60,discrete,"[0.7, 0.75)",0.650675590205358,1,1,806_right_RCA_prox_20mm_60ds_discrete_T5_vox_narrow_A_fixed,T5_vox_narrow,A_fixed,ok,True,1,0,12.734553117123259,12.734553117123259,12.734553117123259,1.0,0.4868027894187385,-0.16387280078661953,0.0,,,0.6768945855950321,0.9341127260703235,True,20.0,7.143651966705103e-13,2.7051918882229474e-09,1.0987913423657765,76.81672845946412,1,vox,1.0,0.33984375000000006,1.0078698171769491,8.429753133988696,,,,
806,right,RCA,prox,20.0,60,discrete,"[0.7, 0.75)",0.650675590205358,1,1,806_right_RCA_prox_20mm_60ds_discrete_T5_vox_narrow_B_rederived,T5_vox_narrow,B_rederived,ok,True,1,0,12.734553117123259,12.734553117123259,12.734553117123259,1.0,0.4868027894187385,-0.16387280078661953,0.0,,,0.6768945855950321,0.9341127260703235,True,20.0,7.143651966705103e-13,2.7051918882229474e-09,1.0987913423657765,76.81672845946412,1,vox,1.0,0.33984375000000006,1.0078698171769491,8.429753133988696,,,,
806,right,RCA,prox,20.0,60,discrete,"[0.7, 0.75)",0.650675590205358,1,1,806_right_RCA_prox_20mm_60ds_discrete_T5_vox_narrow_C_flowmatched,T5_vox_narrow,C_flowmatched,skipped: fewer than 2 shared territories to match,True,1,0,,,,,,,,,,,,,,,2.7051918882229474e-09,1.0987913423657765,76.81672845946412,1,vox,1.0,0.33984375000000006,1.0078698171769491,8.429753133988696,,,,
806,right,RCA,prox,20.0,60,discrete,"[0.7, 0.75)",0.650675590205358,1,1,806_right_RCA_prox_20mm_60ds_discrete_T5_vox_wide_A_fixed,T5_vox_wide,A_fixed,ok,True,1,0,12.734553117123259,12.734553117123259,12.734553117123259,1.0,0.7681437318588064,0.11746814165344832,0.0,,,1.1184931529389899,0.9341127260703235,True,25.0,1.7167952136138296e-12,2.7051918882229474e-09,1.0987913423657765,76.81672845946412,1,vox,-1.0,0.33984375000000006,1.0078698171769491,-8.429753133988696,,,,
806,right,RCA,prox,20.0,60,discrete,"[0.7, 0.75)",0.650675590205358,1,1,806_right_RCA_prox_20mm_60ds_discrete_T5_vox_wide_B_rederived,T5_vox_wide,B_rederived,ok,True,1,0,12.734553117123259,12.734553117123259,12.734553117123259,1.0,0.7681437318588064,0.11746814165344832,0.0,,,1.1184931529389899,0.9341127260703235,True,25.0,1.7167952136138296e-12,2.7051918882229474e-09,1.0987913423657765,76.81672845946412,1,vox,-1.0,0.33984375000000006,1.0078698171769491,-8.429753133988696,,,,
806,right,RCA,prox,20.0,60,discrete,"[0.7, 0.75)",0.650675590205358,1,1,806_right_RCA_prox_20mm_60ds_discrete_T5_vox_wide_C_flowmatched,T5_vox_wide,C_flowmatched,skipped: fewer than 2 shared territories to match,True,1,0,,,,,,,,,,,,,,,2.7051918882229474e-09,1.0987913423657765,76.81672845946412,1,vox,-1.0,0.33984375000000006,1.0078698171769491,-8.429753133988696,,,,
878,right,RCA,mid,20.0,55,leaky,"[0.7, 0.75)",0.7297769911303444,1,2,878_right_RCA_mid_20mm_55ds_leaky_clean_none,clean,,ok,True,2,2,10.434494110598912,10.434494110598912,10.434494110598912,1.0,0.7297769911303444,0.0,0.0,,0.0,2.8022046882715768,2.8022046882715768,True,27.0,3.813183481683415e-13,3.3587955597207886e-09,1.443809873309368,149.62787206330702,2,,,,,,,,,
878,right,RCA,mid,20.0,55,leaky,"[0.7, 0.75)",0.7297769911303444,1,2,878_right_RCA_mid_20mm_55ds_leaky_T5_vox_narrow_A_fixed,T5_vox_narrow,A_fixed,ok,True,2,2,10.434494110598912,10.434494110598912,10.434494110598912,1.0,0.6358558787252995,-0.09392111240504497,0.0,,0.13930306491213804,2.554821921603863,2.8022046882715768,True,27.0,7.050258756216968e-13,3.3587955597207886e-09,1.443809873309368,149.62787206330702,2,vox,1.0,0.318359375,1.2728725339172349,6.252774070398405,,,,
878,right,RCA,mid,20.0,55,leaky,"[0.7, 0.75)",0.7297769911303444,1,2,878_right_RCA_mid_20mm_55ds_leaky_T5_vox_narrow_B_rederived,T5_vox_narrow,B_rederived,ok,True,2,2,10.434494110598912,10.434494110598912,10.434494110598912,1.0,0.6358558787252995,-0.09392111240504497,0.0,,0.13930306491213804,2.554821921603863,2.8022046882715768,True,27.0,7.050258756216968e-13,3.3587955597207886e-09,1.443809873309368,149.62787206330702,2,vox,1.0,0.318359375,1.2728725339172349,6.252774070398405,,,,
878,right,RCA,mid,20.0,55,leaky,"[0.7, 0.75)",0.7297769911303444,1,2,878_right_RCA_mid_20mm_55ds_leaky_T5_vox_narrow_C_flowmatched,T5_vox_narrow,C_flowmatched,ok,True,2,2,10.434494110598912,7.148438713956722,7.148438713956722,0.685077650932367,0.5299262176445663,-0.19985077348577818,0.0,,0.004206639434106907,3.279747629250617,2.8022046882715768,True,27.0,4.407234604266592e-13,3.3587955597207886e-09,1.443809873309368,149.62787206330702,2,vox,1.0,0.318359375,1.2728725339172349,6.252774070398405,2.0,0.019405343893915347,1.769581532858328e-05,False
878,right,RCA,mid,20.0,55,leaky,"[0.7, 0.75)",0.7297769911303444,1,2,878_right_RCA_mid_20mm_55ds_leaky_T5_vox_wide_A_fixed,T5_vox_wide,A_fixed,ok,True,2,2,10.434494110598912,10.434494110598912,10.434494110598912,1.0,0.7974334154566566,0.06765642432631214,0.0,,0.1003474834178804,2.980382266676977,2.8022046882715768,True,27.0,5.988152727316713e-13,3.3587955597207886e-09,1.443809873309368,149.62787206330702,2,vox,-1.0,0.318359375,1.2728725339172349,-6.252774070398405,,,,
878,right,RCA,mid,20.0,55,leaky,"[0.7, 0.75)",0.7297769911303444,1,2,878_right_RCA_mid_20mm_55ds_leaky_T5_vox_wide_B_rederived,T5_vox_wide,B_rederived,ok,True,2,2,10.434494110598912,10.434494110598912,10.434494110598912,1.0,0.7974334154566566,0.06765642432631214,0.0,,0.1003474834178804,2.980382266676977,2.8022046882715768,True,27.0,5.988152727316713e-13,3.3587955597207886e-09,1.443809873309368,149.62787206330702,2,vox,-1.0,0.318359375,1.2728725339172349,-6.252774070398405,,,,
878,right,RCA,mid,20.0,55,leaky,"[0.7, 0.75)",0.7297769911303444,1,2,878_right_RCA_mid_20mm_55ds_leaky_T5_vox_wide_C_flowmatched,T5_vox_wide,C_flowmatched,ok,True,2,2,10.434494110598912,11.975382843202084,11.975382843202084,1.147672586353564,0.8233959213725873,0.09361893024224288,1.0,to_negative,0.0012630366277786476,2.6679548744027684,2.8022046882715768,True,27.0,1.4256618378888008e-12,3.3587955597207886e-09,1.443809873309368,149.62787206330702,2,vox,-1.0,0.318359375,1.2728725339172349,-6.252774070398405,1.0,0.010069617428301782,1.5952615231104578e-06,False
878,right,RCA,mid,20.0,55,discrete,"[0.7, 0.75)",0.6553257368595935,1,2,878_right_RCA_mid_20mm_55ds_discrete_clean_none,clean,,ok,True,2,2,12.709727194876194,12.709727194876194,12.709727194876194,1.0,0.6553257368595935,0.0,0.0,,0.0,2.126936453043192,2.126936453043192,True,22.0,7.915036578827847e-13,5.4295443103081296e-09,1.443809873309368,149.62787206330702,2,,,,,,,,,
878,right,RCA,mid,20.0,55,discrete,"[0.7, 0.75)",0.6553257368595935,1,2,878_right_RCA_mid_20mm_55ds_discrete_T5_vox_narrow_A_fixed,T5_vox_narrow,A_fixed,ok,True,2,2,12.709727194876194,12.709727194876194,12.709727194876194,1.0,0.5546232849726178,-0.10070245188697569,0.0,,0.1679017314065644,1.769820139988157,2.126936453043192,True,20.0,2.2910501620427195e-12,5.4295443103081296e-09,1.443809873309368,149.62787206330702,2,vox,1.0,0.318359375,1.2728725339172349,6.252774070398405,,,,
878,right,RCA,mid,20.0,55,discrete,"[0.7, 0.75)",0.6553257368595935,1,2,878_right_RCA_mid_20mm_55ds_discrete_T5_vox_narrow_B_rederived,T5_vox_narrow,B_rederived,ok,True,2,2,12.709727194876194,12.709727194876194,12.709727194876194,1.0,0.5546232849726178,-0.10070245188697569,0.0,,0.1679017314065644,1.769820139988157,2.126936453043192,True,20.0,2.2910501620427195e-12,5.4295443103081296e-09,1.443809873309368,149.62787206330702,2,vox,1.0,0.318359375,1.2728725339172349,6.252774070398405,,,,
878,right,RCA,mid,20.0,55,discrete,"[0.7, 0.75)",0.6553257368595935,1,2,878_right_RCA_mid_20mm_55ds_discrete_T5_vox_narrow_C_flowmatched,T5_vox_narrow,C_flowmatched,ok,True,2,2,12.709727194876194,7.10635164387496,7.10635164387496,0.55912700051814,0.44699683770950666,-0.20832889915008684,0.0,,0.08732044259376852,2.026137138087268,2.126936453043192,True,18.0,1.8643078779190995e-12,5.4295443103081296e-09,1.443809873309368,149.62787206330702,2,vox,1.0,0.318359375,1.2728725339172349,6.252774070398405,1.0,0.02819099140932209,0.007624859694771624,False
878,right,RCA,mid,20.0,55,discrete,"[0.7, 0.75)",0.6553257368595935,1,2,878_right_RCA_mid_20mm_55ds_discrete_T5_vox_wide_A_fixed,T5_vox_wide,A_fixed,ok,True,2,2,12.709727194876194,12.709727194876194,12.709727194876194,1.0,0.7349709790622188,0.07964524220262525,0.0,,0.13279293416934124,2.409378585433842,2.126936453043192,True,24.0,5.067688410815755e-13,5.4295443103081296e-09,1.443809873309368,149.62787206330702,2,vox,-1.0,0.318359375,1.2728725339172349,-6.252774070398405,,,,
878,right,RCA,mid,20.0,55,discrete,"[0.7, 0.75)",0.6553257368595935,1,2,878_right_RCA_mid_20mm_55ds_discrete_T5_vox_wide_B_rederived,T5_vox_wide,B_rederived,ok,True,2,2,12.709727194876194,12.709727194876194,12.709727194876194,1.0,0.7349709790622188,0.07964524220262525,0.0,,0.13279293416934124,2.409378585433842,2.126936453043192,True,24.0,5.067688410815755e-13,5.4295443103081296e-09,1.443809873309368,149.62787206330702,2,vox,-1.0,0.318359375,1.2728725339172349,-6.252774070398405,,,,
878,right,RCA,mid,20.0,55,discrete,"[0.7, 0.75)",0.6553257368595935,1,2,878_right_RCA_mid_20mm_55ds_discrete_T5_vox_wide_C_flowmatched,T5_vox_wide,C_flowmatched,ok,True,2,2,12.709727194876194,16.40417161285137,16.40417161285137,1.2906784985490922,0.778264678584115,0.12293894172452147,0.0,,0.026339959093752353,2.1272027473666593,2.126936453043192,True,25.0,3.775845970621273e-12,5.4295443103081296e-09,1.443809873309368,149.62787206330702,2,vox,-1.0,0.318359375,1.2728725339172349,-6.252774070398405,1.0,0.017633963365303,0.0006937934450605472,False
901,right,RCA,mid,20.0,55,leaky,"[0.7, 0.75)",0.7490815001951179,1,2,901_right_RCA_mid_20mm_55ds_leaky_clean_none,clean,,ok,True,2,2,10.041767841029543,10.041767841029543,10.041767841029543,1.0,0.7490815001951179,0.0,0.0,,0.0,1.5318787267953025,1.5318787267953025,True,26.0,1.494727862338906e-12,1.8277653410962607e-09,1.1807649280456272,130.87168868289132,2,,,,,,,,,
901,right,RCA,mid,20.0,55,leaky,"[0.7, 0.75)",0.7490815001951179,1,2,901_right_RCA_mid_20mm_55ds_leaky_T5_vox_narrow_A_fixed,T5_vox_narrow,A_fixed,ok,True,2,2,10.041767841029543,10.041767841029543,10.041767841029543,1.0,0.6226930860788643,-0.12638841411625357,0.0,,0.18224035465891905,1.3282205773815532,1.5318787267953025,True,26.0,2.1971051429431103e-12,1.8277653410962607e-09,1.1807649280456272,130.87168868289132,2,vox,1.0,0.365234375,1.0852474619493644,8.413619653713624,,,,
901,right,RCA,mid,20.0,55,leaky,"[0.7, 0.75)",0.7490815001951179,1,2,901_right_RCA_mid_20mm_55ds_leaky_T5_vox_narrow_B_rederived,T5_vox_narrow,B_rederived,ok,True,2,2,10.041767841029543,10.041767841029543,10.041767841029543,1.0,0.6226930860788643,-0.12638841411625357,0.0,,0.18224035465891905,1.3282205773815532,1.5318787267953025,True,26.0,2.1971051429431103e-12,1.8277653410962607e-09,1.1807649280456272,130.87168868289132,2,vox,1.0,0.365234375,1.0852474619493644,8.413619653713624,,,,
901,right,RCA,mid,20.0,55,leaky,"[0.7, 0.75)",0.7490815001951179,1,2,901_right_RCA_mid_20mm_55ds_leaky_T5_vox_narrow_C_flowmatched,T5_vox_narrow,C_flowmatched,ok,True,2,2,10.041767841029543,5.499528978219487,5.499528978219487,0.5476654176119294,0.46593365513067314,-0.28314784506444474,0.0,,0.008619814527519616,1.8934944006930292,1.5318787267953025,True,27.0,9.13051431355857e-12,1.8277653410962607e-09,1.1807649280456272,130.87168868289132,2,vox,1.0,0.365234375,1.0852474619493644,8.413619653713624,2.0,0.0332115468662086,7.430120248883824e-05,False
901,right,RCA,mid,20.0,55,leaky,"[0.7, 0.75)",0.7490815001951179,1,2,901_right_RCA_mid_20mm_55ds_leaky_T5_vox_wide_A_fixed,T5_vox_wide,A_fixed,ok,True,2,2,10.041767841029543,10.041767841029543,10.041767841029543,1.0,0.8267989895094624,0.07771748931434452,1.0,to_negative,0.11206140147326843,1.6571061164629668,1.5318787267953025,True,27.0,4.452388663441077e-12,1.8277653410962607e-09,1.1807649280456272,130.87168868289132,2,vox,-1.0,0.365234375,1.0852474619493644,-8.413619653713624,,,,
901,right,RCA,mid,20.0,55,leaky,"[0.7, 0.75)",0.7490815001951179,1,2,901_right_RCA_mid_20mm_55ds_leaky_T5_vox_wide_B_rederived,T5_vox_wide,B_rederived,ok,True,2,2,10.041767841029543,10.041767841029543,10.041767841029543,1.0,0.8267989895094624,0.07771748931434452,1.0,to_negative,0.11206140147326843,1.6571061164629668,1.5318787267953025,True,27.0,4.452388663441077e-12,1.8277653410962607e-09,1.1807649280456272,130.87168868289132,2,vox,-1.0,0.365234375,1.0852474619493644,-8.413619653713624,,,,
901,right,RCA,mid,20.0,55,leaky,"[0.7, 0.75)",0.7490815001951179,1,2,901_right_RCA_mid_20mm_55ds_leaky_T5_vox_wide_C_flowmatched,T5_vox_wide,C_flowmatched,ok,True,2,2,10.041767841029543,11.658736950352392,11.658736950352392,1.1610243469995485,0.8496873187341007,0.10060581853898287,1.0,to_negative,0.0015638318442397804,1.470654540815798,1.5318787267953025,True,27.0,4.71492337052459e-12,1.8277653410962607e-09,1.1807649280456272,130.87168868289132,2,vox,-1.0,0.365234375,1.0852474619493644,-8.413619653713624,1.0,0.012557757700153048,2.4455700370583927e-06,False
901,right,RCA,mid,20.0,55,discrete,"[0.7, 0.75)",0.7072307234329582,1,2,901_right_RCA_mid_20mm_55ds_discrete_clean_none,clean,,ok,True,2,2,23.55120012596927,23.55120012596927,23.55120012596927,1.0,0.7072307234329582,0.0,0.0,,0.0,1.2735242385700019,1.2735242385700019,True,24.0,1.3191946195655501e-11,5.404257613259935e-09,1.1807649280456272,130.87168868289132,2,,,,,,,,,
901,right,RCA,mid,20.0,55,discrete,"[0.7, 0.75)",0.7072307234329582,1,2,901_right_RCA_mid_20mm_55ds_discrete_T5_vox_narrow_A_fixed,T5_vox_narrow,A_fixed,ok,True,2,2,23.55120012596927,23.55120012596927,23.55120012596927,1.0,0.5730594486277933,-0.1341712748051649,0.0,,0.20588673839173866,1.0113224868339694,1.2735242385700019,True,21.0,1.9093413418275513e-11,5.404257613259935e-09,1.1807649280456272,130.87168868289132,2,vox,1.0,0.365234375,1.0852474619493644,8.413619653713624,,,,
901,right,RCA,mid,20.0,55,discrete,"[0.7, 0.75)",0.7072307234329582,1,2,901_right_RCA_mid_20mm_55ds_discrete_T5_vox_narrow_B_rederived,T5_vox_narrow,B_rederived,ok,True,2,2,23.55120012596927,23.55120012596927,23.55120012596927,1.0,0.5730594486277933,-0.1341712748051649,0.0,,0.20588673839173866,1.0113224868339694,1.2735242385700019,True,21.0,1.9093413418275513e-11,5.404257613259935e-09,1.1807649280456272,130.87168868289132,2,vox,1.0,0.365234375,1.0852474619493644,8.413619653713624,,,,
901,right,RCA,mid,20.0,55,discrete,"[0.7, 0.75)",0.7072307234329582,1,2,901_right_RCA_mid_20mm_55ds_discrete_T5_vox_narrow_C_flowmatched,T5_vox_narrow,C_flowmatched,ok,True,2,2,23.55120012596927,7.994216971757082,7.994216971757082,0.339439898136744,0.39927347678639596,-0.30795724664656227,0.0,,0.02692547747291055,1.2660909232595094,1.2735242385700019,True,18.0,1.1962143142257893e-11,5.404257613259935e-09,1.1807649280456272,130.87168868289132,2,vox,1.0,0.365234375,1.0852474619493644,8.413619653713624,1.0,0.042389349045588234,0.0007249813371442136,False
901,right,RCA,mid,20.0,55,discrete,"[0.7, 0.75)",0.7072307234329582,1,2,901_right_RCA_mid_20mm_55ds_discrete_T5_vox_wide_A_fixed,T5_vox_wide,A_fixed,ok,True,2,2,23.55120012596927,23.55120012596927,23.55120012596927,1.0,0.7960854792636017,0.0888547558306435,0.0,,0.13634823023877465,1.4471670146608155,1.2735242385700019,True,26.0,1.015883253286075e-11,5.404257613259935e-09,1.1807649280456272,130.87168868289132,2,vox,-1.0,0.365234375,1.0852474619493644,-8.413619653713624,,,,
901,right,RCA,mid,20.0,55,discrete,"[0.7, 0.75)",0.7072307234329582,1,2,901_right_RCA_mid_20mm_55ds_discrete_T5_vox_wide_B_rederived,T5_vox_wide,B_rederived,ok,True,2,2,23.55120012596927,23.55120012596927,23.55120012596927,1.0,0.7960854792636017,0.0888547558306435,0.0,,0.13634823023877465,1.4471670146608155,1.2735242385700019,True,26.0,1.015883253286075e-11,5.404257613259935e-09,1.1807649280456272,130.87168868289132,2,vox,-1.0,0.365234375,1.0852474619493644,-8.413619653713624,,,,
901,right,RCA,mid,20.0,55,discrete,"[0.7, 0.75)",0.7072307234329582,1,2,901_right_RCA_mid_20mm_55ds_discrete_T5_vox_wide_C_flowmatched,T5_vox_wide,C_flowmatched,ok,True,2,2,23.55120012596927,29.66468735311089,29.66468735311089,1.259582832061303,0.8273592036635309,0.12012848023057265,1.0,to_negative,0.004272499674475747,1.2735191746784846,1.2735242385700019,True,26.0,1.1166067350601195e-11,5.404257613259935e-09,1.1807649280456272,130.87168868289132,2,vox,-1.0,0.365234375,1.0852474619493644,-8.413619653713624,1.0,0.018590839889245904,1.825425346839536e-05,False
928,right,RCA,mid,20.0,55,leaky,"[0.7, 0.75)",0.702136866086884,1,3,928_right_RCA_mid_20mm_55ds_leaky_clean_none,clean,,ok,True,3,2,12.252851719832012,12.252851719832012,12.252851719832012,1.0,0.702136866086884,0.0,0.0,,0.0,3.5705632184066762,3.5705632184066762,True,27.0,4.819260511833132e-13,5.115767332362526e-09,1.5778425422025486,132.52433783179936,3,,,,,,,,,
928,right,RCA,mid,20.0,55,leaky,"[0.7, 0.75)",0.702136866086884,1,3,928_right_RCA_mid_20mm_55ds_leaky_T5_vox_narrow_A_fixed,T5_vox_narrow,A_fixed,ok,True,3,2,12.252851719832012,12.252851719832012,12.252851719832012,1.0,0.58545617606169,-0.11668069002519399,0.0,,0.1799608351049015,3.165772116228882,3.5705632184066762,True,27.0,2.70997813212305e-12,5.115767332362526e-09,1.5778425422025486,132.52433783179936,3,vox,1.0,0.388671875,1.3560909631279876,7.165298744110081,,,,
928,right,RCA,mid,20.0,55,leaky,"[0.7, 0.75)",0.702136866086884,1,3,928_right_RCA_mid_20mm_55ds_leaky_T5_vox_narrow_B_rederived,T5_vox_narrow,B_rederived,ok,True,3,2,12.252851719832012,12.252851719832012,12.252851719832012,1.0,0.58545617606169,-0.11668069002519399,0.0,,0.1799608351049015,3.165772116228882,3.5705632184066762,True,27.0,2.70997813212305e-12,5.115767332362526e-09,1.5778425422025486,132.52433783179936,3,vox,1.0,0.388671875,1.3560909631279876,7.165298744110081,,,,
928,right,RCA,mid,20.0,55,leaky,"[0.7, 0.75)",0.702136866086884,1,3,928_right_RCA_mid_20mm_55ds_leaky_T5_vox_narrow_C_flowmatched,T5_vox_narrow,C_flowmatched,ok,True,3,2,12.252851719832012,6.1362135159528375,6.1362135159528375,0.5007988063726413,0.3976848801041178,-0.3044519859827662,0.0,,0.014160725342087215,4.93216754827274,3.5705632184066762,True,27.0,9.14548119029936e-12,5.115767332362526e-09,1.5778425422025486,132.52433783179936,3,vox,1.0,0.388671875,1.3560909631279876,7.165298744110081,2.0,0.03238590217165354,0.00020052614221403108,False
928,right,RCA,mid,20.0,55,leaky,"[0.7, 0.75)",0.702136866086884,1,3,928_right_RCA_mid_20mm_55ds_leaky_T5_vox_wide_A_fixed,T5_vox_wide,A_fixed,ok,True,3,2,12.252851719832012,12.252851719832012,12.252851719832012,1.0,0.786615018796438,0.08447815270955406,0.0,,0.1301597362157881,3.8635053075104944,3.5705632184066762,True,27.0,2.353316724621314e-12,5.115767332362526e-09,1.5778425422025486,132.52433783179936,3,vox,-1.0,0.388671875,1.3560909631279876,-7.165298744110081,,,,
928,right,RCA,mid,20.0,55,leaky,"[0.7, 0.75)",0.702136866086884,1,3,928_right_RCA_mid_20mm_55ds_leaky_T5_vox_wide_B_rederived,T5_vox_wide,B_rederived,ok,True,3,2,12.252851719832012,12.252851719832012,12.252851719832012,1.0,0.786615018796438,0.08447815270955406,0.0,,0.1301597362157881,3.8635053075104944,3.5705632184066762,True,27.0,2.353316724621314e-12,5.115767332362526e-09,1.5778425422025486,132.52433783179936,3,vox,-1.0,0.388671875,1.3560909631279876,-7.165298744110081,,,,
928,right,RCA,mid,20.0,55,leaky,"[0.7, 0.75)",0.702136866086884,1,3,928_right_RCA_mid_20mm_55ds_leaky_T5_vox_wide_C_flowmatched,T5_vox_wide,C_flowmatched,ok,True,3,2,12.252851719832012,14.67177822654543,14.67177822654543,1.1974174308172059,0.8221870570293947,0.12005019094251068,1.0,to_negative,0.002487859846771123,3.3436044752251406,3.5705632184066762,True,27.0,4.053901960854459e-12,5.115767332362526e-09,1.5778425422025486,132.52433783179936,3,vox,-1.0,0.388671875,1.3560909631279876,-7.165298744110081,1.0,0.01694155693176354,6.189446617176036e-06,False
997,right,RCA,prox,10.0,60,leaky,"[0.7, 0.75)",0.708354401290521,1,3,997_right_RCA_prox_10mm_60ds_leaky_clean_none,clean,,ok,True,3,2,9.991316138943533,9.991316138943533,9.991316138943533,1.0,0.708354401290521,0.0,0.0,,0.0,2.6787419207343195,2.6787419207343195,True,25.0,5.75288489219098e-12,3.5578716686651146e-09,1.4908804020451811,132.38545608465782,3,,,,,,,,,
997,right,RCA,prox,10.0,60,leaky,"[0.7, 0.75)",0.708354401290521,1,3,997_right_RCA_prox_10mm_60ds_leaky_T5_vox_narrow_A_fixed,T5_vox_narrow,A_fixed,ok,True,3,2,9.991316138943533,9.991316138943533,9.991316138943533,1.0,0.6022371220295188,-0.10611727926100212,0.0,,0.1601301988330195,2.3167691983404457,2.6787419207343195,True,26.0,1.2099299688566143e-11,3.5578716686651146e-09,1.4908804020451811,132.38545608465782,3,vox,1.0,0.318359375,1.432224958521239,5.5570769994244404,,,,
997,right,RCA,prox,10.0,60,leaky,"[0.7, 0.75)",0.708354401290521,1,3,997_right_RCA_prox_10mm_60ds_leaky_T5_vox_narrow_B_rederived,T5_vox_narrow,B_rederived,ok,True,3,2,9.991316138943533,9.991316138943533,9.991316138943533,1.0,0.6022371220295188,-0.10611727926100212,0.0,,0.1601301988330195,2.3167691983404457,2.6787419207343195,True,26.0,1.2099299688566143e-11,3.5578716686651146e-09,1.4908804020451811,132.38545608465782,3,vox,1.0,0.318359375,1.432224958521239,5.5570769994244404,,,,
997,right,RCA,prox,10.0,60,leaky,"[0.7, 0.75)",0.708354401290521,1,3,997_right_RCA_prox_10mm_60ds_leaky_T5_vox_narrow_C_flowmatched,T5_vox_narrow,C_flowmatched,ok,True,3,2,9.991316138943533,3.7948474158384995,3.7948474158384995,0.3798145672767953,0.3618707007060987,-0.34648370058442224,0.0,,0.021946531886795687,3.564429313667854,2.6787419207343195,True,26.0,6.144289017102386e-12,3.5578716686651146e-09,1.4908804020451811,132.38545608465782,3,vox,1.0,0.318359375,1.432224958521239,5.5570769994244404,1.0,0.025641680578302354,0.0004816502618581398,False
997,right,RCA,prox,10.0,60,leaky,"[0.7, 0.75)",0.708354401290521,1,3,997_right_RCA_prox_10mm_60ds_leaky_T5_vox_wide_A_fixed,T5_vox_wide,A_fixed,ok,True,3,2,9.991316138943533,9.991316138943533,9.991316138943533,1.0,0.7921446337891195,0.08379023249859852,0.0,,0.12579838264976176,2.963485159122514,2.6787419207343195,True,25.0,2.5409686557432918e-12,3.5578716686651146e-09,1.4908804020451811,132.38545608465782,3,vox,-1.0,0.318359375,1.432224958521239,-5.5570769994244404,,,,
997,right,RCA,prox,10.0,60,leaky,"[0.7, 0.75)",0.708354401290521,1,3,997_right_RCA_prox_10mm_60ds_leaky_T5_vox_wide_B_rederived,T5_vox_wide,B_rederived,ok,True,3,2,9.991316138943533,9.991316138943533,9.991316138943533,1.0,0.7921446337891195,0.08379023249859852,0.0,,0.12579838264976176,2.963485159122514,2.6787419207343195,True,25.0,2.5409686557432918e-12,3.5578716686651146e-09,1.4908804020451811,132.38545608465782,3,vox,-1.0,0.318359375,1.432224958521239,-5.5570769994244404,,,,
997,right,RCA,prox,10.0,60,leaky,"[0.7, 0.75)",0.708354401290521,1,3,997_right_RCA_prox_10mm_60ds_leaky_T5_vox_wide_C_flowmatched,T5_vox_wide,C_flowmatched,ok,True,3,2,9.991316138943533,12.273542917530573,12.273542917530573,1.22842103551218,0.8341670336818714,0.12581263239135043,1.0,to_negative,0.002096880771900521,2.572465718856177,2.6787419207343195,True,25.0,3.125255726416028e-12,3.5578716686651146e-09,1.4908804020451811,132.38545608465782,3,vox,-1.0,0.318359375,1.432224958521239,-5.5570769994244404,2.0,0.01582523307729588,4.3969089715661245e-06,False
997,right,RCA,prox,10.0,60,discrete,"[0.7, 0.75)",0.7156800028729542,1,3,997_right_RCA_prox_10mm_60ds_discrete_clean_none,clean,,ok,True,3,2,19.041367220478826,19.041367220478826,19.041367220478826,1.0,0.7156800028729542,0.0,0.0,,0.0,2.2226728239561724,2.2226728239561724,True,22.0,1.996136601796824e-12,9.484596158001951e-09,1.4908804020451811,132.38545608465782,3,,,,,,,,,
997,right,RCA,prox,10.0,60,discrete,"[0.7, 0.75)",0.7156800028729542,1,3,997_right_RCA_prox_10mm_60ds_discrete_T5_vox_narrow_A_fixed,T5_vox_narrow,A_fixed,ok,True,3,2,19.041367220478826,19.041367220478826,19.041367220478826,1.0,0.6093856209280296,-0.10629438194492458,0.0,,0.15621802886749347,1.8739852874060616,2.2226728239561724,True,21.0,2.5451867514878e-12,9.484596158001951e-09,1.4908804020451811,132.38545608465782,3,vox,1.0,0.318359375,1.432224958521239,5.5570769994244404,,,,
997,right,RCA,prox,10.0,60,discrete,"[0.7, 0.75)",0.7156800028729542,1,3,997_right_RCA_prox_10mm_60ds_discrete_T5_vox_narrow_B_rederived,T5_vox_narrow,B_rederived,ok,True,3,2,19.041367220478826,19.041367220478826,19.041367220478826,1.0,0.6093856209280296,-0.10629438194492458,0.0,,0.15621802886749347,1.8739852874060616,2.2226728239561724,True,21.0,2.5451867514878e-12,9.484596158001951e-09,1.4908804020451811,132.38545608465782,3,vox,1.0,0.318359375,1.432224958521239,5.5570769994244404,,,,
997,right,RCA,prox,10.0,60,discrete,"[0.7, 0.75)",0.7156800028729542,1,3,997_right_RCA_prox_10mm_60ds_discrete_T5_vox_narrow_C_flowmatched,T5_vox_narrow,C_flowmatched,ok,True,3,2,19.041367220478826,7.204146472997431,7.204146472997431,0.378341869550703,0.46951950101106216,-0.24616050186189203,0.0,,0.031138566861527665,2.218158825131498,2.2226728239561724,True,21.0,2.06874320258746e-12,9.484596158001951e-09,1.4908804020451811,132.38545608465782,3,vox,1.0,0.318359375,1.432224958521239,5.5570769994244404,1.0,0.024404072543245028,0.0009696103461898287,False
997,right,RCA,prox,10.0,60,discrete,"[0.7, 0.75)",0.7156800028729542,1,3,997_right_RCA_prox_10mm_60ds_discrete_T5_vox_wide_A_fixed,T5_vox_wide,A_fixed,ok,True,3,2,19.041367220478826,19.041367220478826,19.041367220478826,1.0,0.7986566120706302,0.08297660919767602,0.0,,0.12076866092246566,2.492591990588306,2.2226728239561724,True,23.0,3.5645433082399265e-12,9.484596158001951e-09,1.4908804020451811,132.38545608465782,3,vox,-1.0,0.318359375,1.432224958521239,-5.5570769994244404,,,,
997,right,RCA,prox,10.0,60,discrete,"[0.7, 0.75)",0.7156800028729542,1,3,997_right_RCA_prox_10mm_60ds_discrete_T5_vox_wide_B_rederived,T5_vox_wide,B_rederived,ok,True,3,2,19.041367220478826,19.041367220478826,19.041367220478826,1.0,0.7986566120706302,0.08297660919767602,0.0,,0.12076866092246566,2.492591990588306,2.2226728239561724,True,23.0,3.5645433082399265e-12,9.484596158001951e-09,1.4908804020451811,132.38545608465782,3,vox,-1.0,0.318359375,1.432224958521239,-5.5570769994244404,,,,
997,right,RCA,prox,10.0,60,discrete,"[0.7, 0.75)",0.7156800028729542,1,3,997_right_RCA_prox_10mm_60ds_discrete_T5_vox_wide_C_flowmatched,T5_vox_wide,C_flowmatched,ok,True,3,2,19.041367220478826,25.046227474760492,25.046227474760492,1.315358670664336,0.8349976713842799,0.11931766851132575,1.0,to_negative,0.0035148253767845676,2.2195374514823905,2.2226728239561724,True,24.0,7.269973135356415e-13,9.484596158001951e-09,1.4908804020451811,132.38545608465782,3,vox,-1.0,0.318359375,1.432224958521239,-5.5570769994244404,1.0,0.014585069461005485,1.2353997429288779e-05,False
151,left,LAD,prox,20.0,55,leaky,"[0.75, 0.8)",0.7842221615032631,1,7,151_left_LAD_prox_20mm_55ds_leaky_clean_none,clean,,ok,True,7,2,14.306455416997071,14.306455416997071,14.306455416997071,1.0,0.7842221615032631,0.0,0.0,,0.0,15.041131241565514,15.041131241565514,True,28.0,1.0127589659829236e-12,2.10505857972349e-08,2.426839061230081,459.54163960282256,7,,,,,,,,,
151,left,LAD,prox,20.0,55,leaky,"[0.75, 0.8)",0.7842221615032631,1,7,151_left_LAD_prox_20mm_55ds_leaky_T5_vox_narrow_A_fixed,T5_vox_narrow,A_fixed,ok,True,7,2,14.306455416997071,14.306455416997071,14.306455416997071,1.0,0.6981572932083113,-0.08606486829495175,0.0,,0.07122555389968095,14.582840819003069,15.041131241565514,True,28.0,7.52190660454118e-13,2.10505857972349e-08,2.426839061230081,459.54163960282256,7,vox,1.0,0.412109375,1.8185269856572797,5.665428369365785,,,,
151,left,LAD,prox,20.0,55,leaky,"[0.75, 0.8)",0.7842221615032631,1,7,151_left_LAD_prox_20mm_55ds_leaky_T5_vox_narrow_B_rederived,T5_vox_narrow,B_rederived,ok,True,7,2,14.306455416997071,14.306455416997071,14.306455416997071,1.0,0.6981572932083113,-0.08606486829495175,0.0,,0.07122555389968095,14.582840819003069,15.041131241565514,True,28.0,7.52190660454118e-13,2.10505857972349e-08,2.426839061230081,459.54163960282256,7,vox,1.0,0.412109375,1.8185269856572797,5.665428369365785,,,,
151,left,LAD,prox,20.0,55,leaky,"[0.75, 0.8)",0.7842221615032631,1,7,151_left_LAD_prox_20mm_55ds_leaky_T5_vox_narrow_C_flowmatched,T5_vox_narrow,C_flowmatched,ok,True,7,2,14.306455416997071,13.687008164776719,13.687008164776719,0.9567015564537107,0.6855451709992638,-0.09867699050399925,0.0,,0.06205602197498449,15.153046166956635,15.041131241565514,True,28.0,5.326458758765739e-12,2.10505857972349e-08,2.426839061230081,459.54163960282256,7,vox,1.0,0.412109375,1.8185269856572797,5.665428369365785,1.0,0.005073079528316357,0.0038509498633597585,False
151,left,LAD,prox,20.0,55,leaky,"[0.75, 0.8)",0.7842221615032631,1,7,151_left_LAD_prox_20mm_55ds_leaky_T5_vox_wide_A_fixed,T5_vox_wide,A_fixed,ok,True,7,2,14.306455416997071,14.306455416997071,14.306455416997071,1.0,0.8469673247602364,0.06274516325697332,1.0,to_negative,0.05192285986424331,15.375221298706746,15.041131241565514,True,28.0,1.9572652624246796e-12,2.10505857972349e-08,2.426839061230081,459.54163960282256,7,vox,-1.0,0.412109375,1.8185269856572797,-5.665428369365785,,,,
151,left,LAD,prox,20.0,55,leaky,"[0.75, 0.8)",0.7842221615032631,1,7,151_left_LAD_prox_20mm_55ds_leaky_T5_vox_wide_B_rederived,T5_vox_wide,B_rederived,ok,True,7,2,14.306455416997071,14.306455416997071,14.306455416997071,1.0,0.8469673247602364,0.06274516325697332,1.0,to_negative,0.05192285986424331,15.375221298706746,15.041131241565514,True,28.0,1.9572652624246796e-12,2.10505857972349e-08,2.426839061230081,459.54163960282256,7,vox,-1.0,0.412109375,1.8185269856572797,-5.665428369365785,,,,
151,left,LAD,prox,20.0,55,leaky,"[0.75, 0.8)",0.7842221615032631,1,7,151_left_LAD_prox_20mm_55ds_leaky_T5_vox_wide_C_flowmatched,T5_vox_wide,C_flowmatched,ok,True,7,2,14.306455416997071,14.883803335660534,14.883803335660534,1.0403557626145141,0.8541395873644526,0.06991742586118954,1.0,to_negative,0.038902513934866476,14.831839262018,15.041131241565514,True,28.0,4.04320985012824e-12,2.10505857972349e-08,2.426839061230081,459.54163960282256,7,vox,-1.0,0.412109375,1.8185269856572797,-5.665428369365785,1.0,0.0026959833764818486,0.0015134055904524803,False
151,left,LAD,prox,20.0,55,discrete,"[0.75, 0.8)",0.7467833046203249,1,7,151_left_LAD_prox_20mm_55ds_discrete_clean_none,clean,,ok,True,7,2,11.069942025538607,11.069942025538607,11.069942025538607,1.0,0.7467833046203249,0.0,0.0,,0.0,12.552815002152121,12.552815002152121,True,27.0,6.27271116185972e-13,2.5725261923324312e-08,2.426839061230081,459.54163960282256,7,,,,,,,,,
151,left,LAD,prox,20.0,55,discrete,"[0.75, 0.8)",0.7467833046203249,1,7,151_left_LAD_prox_20mm_55ds_discrete_T5_vox_narrow_A_fixed,T5_vox_narrow,A_fixed,ok,True,7,2,11.069942025538607,11.069942025538607,11.069942025538607,1.0,0.6526846539722435,-0.09409865064808143,0.0,,0.06729463840399803,12.019106307373153,12.552815002152121,True,27.0,8.916354156953619e-13,2.5725261923324312e-08,2.426839061230081,459.54163960282256,7,vox,1.0,0.412109375,1.8185269856572797,5.665428369365785,,,,
151,left,LAD,prox,20.0,55,discrete,"[0.75, 0.8)",0.7467833046203249,1,7,151_left_LAD_prox_20mm_55ds_discrete_T5_vox_narrow_B_rederived,T5_vox_narrow,B_rederived,ok,True,7,2,11.069942025538607,11.069942025538607,11.069942025538607,1.0,0.6526846539722435,-0.09409865064808143,0.0,,0.06729463840399803,12.019106307373153,12.552815002152121,True,27.0,8.916354156953619e-13,2.5725261923324312e-08,2.426839061230081,459.54163960282256,7,vox,1.0,0.412109375,1.8185269856572797,5.665428369365785,,,,
151,left,LAD,prox,20.0,55,discrete,"[0.75, 0.8)",0.7467833046203249,1,7,151_left_LAD_prox_20mm_55ds_discrete_T5_vox_narrow_C_flowmatched,T5_vox_narrow,C_flowmatched,ok,True,7,2,11.069942025538607,10.330292363274124,10.330292363274124,0.9331839624310503,0.6406061299496955,-0.10617717467062948,0.0,,0.059961417853762425,12.391427730478457,12.552815002152121,True,27.0,2.436494246556569e-12,2.5725261923324312e-08,2.426839061230081,459.54163960282256,7,vox,1.0,0.412109375,1.8185269856572797,5.665428369365785,1.0,0.004528568357924846,0.003595371631033499,False
151,left,LAD,prox,20.0,55,discrete,"[0.75, 0.8)",0.7467833046203249,1,7,151_left_LAD_prox_20mm_55ds_discrete_T5_vox_wide_A_fixed,T5_vox_wide,A_fixed,ok,True,7,2,11.069942025538607,11.069942025538607,11.069942025538607,1.0,0.8176214708054038,0.07083816618507888,1.0,to_negative,0.04989244056176791,12.948508177001216,12.552815002152121,True,27.0,2.6792874499057726e-12,2.5725261923324312e-08,2.426839061230081,459.54163960282256,7,vox,-1.0,0.412109375,1.8185269856572797,-5.665428369365785,,,,
151,left,LAD,prox,20.0,55,discrete,"[0.75, 0.8)",0.7467833046203249,1,7,151_left_LAD_prox_20mm_55ds_discrete_T5_vox_wide_B_rederived,T5_vox_wide,B_rederived,ok,True,7,2,11.069942025538607,11.069942025538607,11.069942025538607,1.0,0.8176214708054038,0.07083816618507888,1.0,to_negative,0.04989244056176791,12.948508177001216,12.552815002152121,True,27.0,2.6792874499057726e-12,2.5725261923324312e-08,2.426839061230081,459.54163960282256,7,vox,-1.0,0.412109375,1.8185269856572797,-5.665428369365785,,,,
151,left,LAD,prox,20.0,55,discrete,"[0.75, 0.8)",0.7467833046203249,1,7,151_left_LAD_prox_20mm_55ds_discrete_T5_vox_wide_C_flowmatched,T5_vox_wide,C_flowmatched,ok,True,7,2,11.069942025538607,11.792119058598441,11.792119058598441,1.0652376526809044,0.8252071420199376,0.07842383739961267,1.0,to_negative,0.03915092358034801,12.556044426162236,12.552815002152121,True,27.0,2.94625565845432e-12,2.5725261923324312e-08,2.426839061230081,459.54163960282256,7,vox,-1.0,0.412109375,1.8185269856572797,-5.665428369365785,1.0,0.002489255625209544,0.0015327948171942499,False
211,left,LAD,prox,10.0,65,leaky,"[0.75, 0.8)",0.7998570175727138,1,5,211_left_LAD_prox_10mm_65ds_leaky_clean_none,clean,,ok,True,5,2,15.974469365680608,15.974469365680608,15.974469365680608,1.0,0.7998570175727138,0.0,0.0,,0.0,3.086397858906853,3.086397858906853,True,28.0,4.1602453845583276e-12,4.83602368948721e-09,1.423944259020643,259.31535638098273,5,,,,,,,,,
211,left,LAD,prox,10.0,65,leaky,"[0.75, 0.8)",0.7998570175727138,1,5,211_left_LAD_prox_10mm_65ds_leaky_T5_vox_narrow_A_fixed,T5_vox_narrow,A_fixed,ok,True,5,2,15.974469365680608,15.974469365680608,15.974469365680608,1.0,0.6421884470261312,-0.15766857054658256,0.0,,0.053824249805034134,2.969073643685802,3.086397858906853,True,28.0,3.85662879120859e-12,4.83602368948721e-09,1.423944259020643,259.31535638098273,5,vox,1.0,0.33789062500000006,1.0269103784930005,8.225903449721127,,,,
211,left,LAD,prox,10.0,65,leaky,"[0.75, 0.8)",0.7998570175727138,1,5,211_left_LAD_prox_10mm_65ds_leaky_T5_vox_narrow_B_rederived,T5_vox_narrow,B_rederived,ok,True,5,2,15.974469365680608,15.974469365680608,15.974469365680608,1.0,0.6421884470261312,-0.15766857054658256,0.0,,0.053824249805034134,2.969073643685802,3.086397858906853,True,28.0,3.85662879120859e-12,4.83602368948721e-09,1.423944259020643,259.31535638098273,5,vox,1.0,0.33789062500000006,1.0269103784930005,8.225903449721127,,,,
211,left,LAD,prox,10.0,65,leaky,"[0.75, 0.8)",0.7998570175727138,1,5,211_left_LAD_prox_10mm_65ds_leaky_T5_vox_narrow_C_flowmatched,T5_vox_narrow,C_flowmatched,ok,True,5,2,15.974469365680608,15.353874568712156,15.353874568712156,0.9611508349503156,0.6314254410063902,-0.16843157656632357,0.0,,0.04187074896903097,3.0742844743125857,3.086397858906853,True,28.0,4.86117206450873e-12,4.83602368948721e-09,1.423944259020643,259.31535638098273,5,vox,1.0,0.33789062500000006,1.0269103784930005,8.225903449721127,1.0,0.002897049867074717,0.0017531596192276084,False
211,left,LAD,prox,10.0,65,leaky,"[0.75, 0.8)",0.7998570175727138,1,5,211_left_LAD_prox_10mm_65ds_leaky_T5_vox_wide_A_fixed,T5_vox_wide,A_fixed,ok,True,5,2,15.974469365680608,15.974469365680608,15.974469365680608,1.0,0.8816045209431216,0.08174750337040781,1.0,to_negative,0.027919128318606882,3.147254997159059,3.086397858906853,True,28.0,3.3330885310341835e-12,4.83602368948721e-09,1.423944259020643,259.31535638098273,5,vox,-1.0,0.33789062500000006,1.0269103784930005,-8.225903449721127,,,,
211,left,LAD,prox,10.0,65,leaky,"[0.75, 0.8)",0.7998570175727138,1,5,211_left_LAD_prox_10mm_65ds_leaky_T5_vox_wide_B_rederived,T5_vox_wide,B_rederived,ok,True,5,2,15.974469365680608,15.974469365680608,15.974469365680608,1.0,0.8816045209431216,0.08174750337040781,1.0,to_negative,0.027919128318606882,3.147254997159059,3.086397858906853,True,28.0,3.3330885310341835e-12,4.83602368948721e-09,1.423944259020643,259.31535638098273,5,vox,-1.0,0.33789062500000006,1.0269103784930005,-8.225903449721127,,,,
211,left,LAD,prox,10.0,65,leaky,"[0.75, 0.8)",0.7998570175727138,1,5,211_left_LAD_prox_10mm_65ds_leaky_T5_vox_wide_C_flowmatched,T5_vox_wide,C_flowmatched,ok,True,5,2,15.974469365680608,16.32358618545612,16.32358618545612,1.021854673966545,0.8843755696369062,0.08451855206419245,1.0,to_negative,0.01973707763397984,3.0855268489498155,3.086397858906853,True,28.0,5.365867909767608e-12,4.83602368948721e-09,1.423944259020643,259.31535638098273,5,vox,-1.0,0.33789062500000006,1.0269103784930005,-8.225903449721127,1.0,0.0007794777260708368,0.0003895522335297473,False
211,left,LAD,prox,10.0,65,discrete,"[0.75, 0.8)",0.6909481162036066,1,5,211_left_LAD_prox_10mm_65ds_discrete_clean_none,clean,,ok,True,5,2,52.24991515884331,52.24991515884331,52.24991515884331,1.0,0.6909481162036066,0.0,0.0,,0.0,2.7473815090010274,2.7473815090010274,True,27.0,5.682841916608041e-12,1.890270558749101e-08,1.423944259020643,259.31535638098273,5,,,,,,,,,
211,left,LAD,prox,10.0,65,discrete,"[0.75, 0.8)",0.6909481162036066,1,5,211_left_LAD_prox_10mm_65ds_discrete_T5_vox_narrow_A_fixed,T5_vox_narrow,A_fixed,ok,True,5,2,52.24991515884331,52.24991515884331,52.24991515884331,1.0,0.5117564273714115,-0.17919168883219516,0.0,,0.10425349959763244,2.5380411565966434,2.7473815090010274,True,27.0,3.808582839148299e-12,1.890270558749101e-08,1.423944259020643,259.31535638098273,5,vox,1.0,0.33789062500000006,1.0269103784930005,8.225903449721127,,,,
211,left,LAD,prox,10.0,65,discrete,"[0.75, 0.8)",0.6909481162036066,1,5,211_left_LAD_prox_10mm_65ds_discrete_T5_vox_narrow_B_rederived,T5_vox_narrow,B_rederived,ok,True,5,2,52.24991515884331,52.24991515884331,52.24991515884331,1.0,0.5117564273714115,-0.17919168883219516,0.0,,0.10425349959763244,2.5380411565966434,2.7473815090010274,True,27.0,3.808582839148299e-12,1.890270558749101e-08,1.423944259020643,259.31535638098273,5,vox,1.0,0.33789062500000006,1.0269103784930005,8.225903449721127,,,,
211,left,LAD,prox,10.0,65,discrete,"[0.75, 0.8)",0.6909481162036066,1,5,211_left_LAD_prox_10mm_65ds_discrete_T5_vox_narrow_C_flowmatched,T5_vox_narrow,C_flowmatched,ok,True,5,2,52.24991515884331,47.82482553972365,47.82482553972365,0.915309152069107,0.4918467899130288,-0.1991013262905778,0.0,,0.08813532332826116,2.6853572936135834,2.7473815090010274,True,27.0,1.809286606667025e-12,1.890270558749101e-08,1.423944259020643,259.31535638098273,5,vox,1.0,0.33789062500000006,1.0269103784930005,8.225903449721127,1.0,0.01086879217835355,0.007767835218177135,False
211,left,LAD,prox,10.0,65,discrete,"[0.75, 0.8)",0.6909481162036066,1,5,211_left_LAD_prox_10mm_65ds_discrete_T5_vox_wide_A_fixed,T5_vox_wide,A_fixed,ok,True,5,2,52.24991515884331,52.24991515884331,52.24991515884331,1.0,0.8084642935085196,0.11751617730491293,1.0,to_negative,0.06843035411600402,2.8847892051627,2.7473815090010274,True,27.0,3.3913155676258157e-12,1.890270558749101e-08,1.423944259020643,259.31535638098273,5,vox,-1.0,0.33789062500000006,1.0269103784930005,-8.225903449721127,,,,
211,left,LAD,prox,10.0,65,discrete,"[0.75, 0.8)",0.6909481162036066,1,5,211_left_LAD_prox_10mm_65ds_discrete_T5_vox_wide_B_rederived,T5_vox_wide,B_rederived,ok,True,5,2,52.24991515884331,52.24991515884331,52.24991515884331,1.0,0.8084642935085196,0.11751617730491293,1.0,to_negative,0.06843035411600402,2.8847892051627,2.7473815090010274,True,27.0,3.3913155676258157e-12,1.890270558749101e-08,1.423944259020643,259.31535638098273,5,vox,-1.0,0.33789062500000006,1.0269103784930005,-8.225903449721127,,,,
211,left,LAD,prox,10.0,65,discrete,"[0.75, 0.8)",0.6909481162036066,1,5,211_left_LAD_prox_10mm_65ds_discrete_T5_vox_wide_C_flowmatched,T5_vox_wide,C_flowmatched,ok,True,5,2,52.24991515884331,55.886817921738604,55.886817921738604,1.0696059075280575,0.8192896786042457,0.1283415624006391,1.0,to_negative,0.04897961952051193,2.7531193424324507,2.7473815090010274,True,27.0,4.424655387504911e-12,1.890270558749101e-08,1.423944259020643,259.31535638098273,5,vox,-1.0,0.33789062500000006,1.0269103784930005,-8.225903449721127,1.0,0.004682713364441709,0.002399003128374113,False
273,left,LAD,prox,20.0,60,leaky,"[0.75, 0.8)",0.7524023253517054,1,7,273_left_LAD_prox_20mm_60ds_leaky_clean_none,clean,,ok,True,7,2,12.435863260717936,12.435863260717936,12.435863260717936,1.0,0.7524023253517054,0.0,0.0,,0.0,5.6350230817572164,5.6350230817572164,True,27.0,2.5502576963065614e-12,7.157269862674642e-09,1.7675924085280244,335.2096852617251,7,,,,,,,,,
273,left,LAD,prox,20.0,60,leaky,"[0.75, 0.8)",0.7524023253517054,1,7,273_left_LAD_prox_20mm_60ds_leaky_T5_vox_narrow_A_fixed,T5_vox_narrow,A_fixed,ok,True,7,2,12.435863260717936,12.435863260717936,12.435863260717936,1.0,0.6217206105612475,-0.13068171479045787,0.0,,0.13164390589723687,5.368252174706003,5.6350230817572164,True,27.0,8.693356001756523e-12,7.157269862674642e-09,1.7675924085280244,335.2096852617251,7,vox,1.0,0.375,1.3014405985874697,7.203555821276238,,,,
273,left,LAD,prox,20.0,60,leaky,"[0.75, 0.8)",0.7524023253517054,1,7,273_left_LAD_prox_20mm_60ds_leaky_T5_vox_narrow_B_rederived,T5_vox_narrow,B_rederived,ok,True,7,2,12.435863260717936,12.435863260717936,12.435863260717936,1.0,0.6217206105612475,-0.13068171479045787,0.0,,0.13164390589723687,5.368252174706003,5.6350230817572164,True,27.0,8.693356001756523e-12,7.157269862674642e-09,1.7675924085280244,335.2096852617251,7,vox,1.0,0.375,1.3014405985874697,7.203555821276238,,,,
273,left,LAD,prox,20.0,60,leaky,"[0.75, 0.8)",0.7524023253517054,1,7,273_left_LAD_prox_20mm_60ds_leaky_T5_vox_narrow_C_flowmatched,T5_vox_narrow,C_flowmatched,ok,True,7,2,12.435863260717936,11.651792443304963,11.651792443304963,0.9369508331689627,0.603357504462142,-0.1490448208895634,0.0,,0.12228205271182131,5.6647046496200835,5.6350230817572164,True,27.0,5.722443251052131e-12,7.157269862674642e-09,1.7675924085280244,335.2096852617251,7,vox,1.0,0.375,1.3014405985874697,7.203555821276238,1.0,0.01733011795988056,0.014952900415416647,False
273,left,LAD,prox,20.0,60,leaky,"[0.75, 0.8)",0.7524023253517054,1,7,273_left_LAD_prox_20mm_60ds_leaky_T5_vox_wide_A_fixed,T5_vox_wide,A_fixed,ok,True,7,2,12.435863260717936,12.435863260717936,12.435863260717936,1.0,0.8386902164520895,0.08628789110038415,1.0,to_negative,0.086906853547158,5.811136209048679,5.6350230817572164,True,27.0,6.251221912907475e-12,7.157269862674642e-09,1.7675924085280244,335.2096852617251,7,vox,-1.0,0.375,1.3014405985874697,-7.203555821276238,,,,
273,left,LAD,prox,20.0,60,leaky,"[0.75, 0.8)",0.7524023253517054,1,7,273_left_LAD_prox_20mm_60ds_leaky_T5_vox_wide_B_rederived,T5_vox_wide,B_rederived,ok,True,7,2,12.435863260717936,12.435863260717936,12.435863260717936,1.0,0.8386902164520895,0.08628789110038415,1.0,to_negative,0.086906853547158,5.811136209048679,5.6350230817572164,True,27.0,6.251221912907475e-12,7.157269862674642e-09,1.7675924085280244,335.2096852617251,7,vox,-1.0,0.375,1.3014405985874697,-7.203555821276238,,,,
273,left,LAD,prox,20.0,60,leaky,"[0.75, 0.8)",0.7524023253517054,1,7,273_left_LAD_prox_20mm_60ds_leaky_T5_vox_wide_C_flowmatched,T5_vox_wide,C_flowmatched,ok,True,7,2,12.435863260717936,13.316998109854575,13.316998109854575,1.0708543372232102,0.8503084852601911,0.09790615990848572,1.0,to_negative,0.06422308885404372,5.471419695504122,5.6350230817572164,True,27.0,8.676816122645268e-12,7.157269862674642e-09,1.7675924085280244,335.2096852617251,7,vox,-1.0,0.375,1.3014405985874697,-7.203555821276238,1.0,0.00755280119346717,0.004124605141954394,False
273,left,LAD,prox,20.0,60,discrete,"[0.75, 0.8)",0.7346222171900014,1,7,273_left_LAD_prox_20mm_60ds_discrete_clean_none,clean,,ok,True,7,2,32.386125448831024,32.386125448831024,32.386125448831024,1.0,0.7346222171900014,0.0,0.0,,0.0,5.175972546873544,5.175972546873544,True,27.0,2.2720764712676566e-12,2.1426513421776262e-08,1.7675924085280244,335.2096852617251,7,,,,,,,,,
273,left,LAD,prox,20.0,60,discrete,"[0.75, 0.8)",0.7346222171900014,1,7,273_left_LAD_prox_20mm_60ds_discrete_T5_vox_narrow_A_fixed,T5_vox_narrow,A_fixed,ok,True,7,2,32.386125448831024,32.386125448831024,32.386125448831024,1.0,0.6008462831512733,-0.13377593403872812,0.0,,0.13660864599468098,4.890529288100165,5.175972546873544,True,27.0,7.468324701475005e-13,2.1426513421776262e-08,1.7675924085280244,335.2096852617251,7,vox,1.0,0.375,1.3014405985874697,7.203555821276238,,,,
273,left,LAD,prox,20.0,60,discrete,"[0.75, 0.8)",0.7346222171900014,1,7,273_left_LAD_prox_20mm_60ds_discrete_T5_vox_narrow_B_rederived,T5_vox_narrow,B_rederived,ok,True,7,2,32.386125448831024,32.386125448831024,32.386125448831024,1.0,0.6008462831512733,-0.13377593403872812,0.0,,0.13660864599468098,4.890529288100165,5.175972546873544,True,27.0,7.468324701475005e-13,2.1426513421776262e-08,1.7675924085280244,335.2096852617251,7,vox,1.0,0.375,1.3014405985874697,7.203555821276238,,,,
273,left,LAD,prox,20.0,60,discrete,"[0.75, 0.8)",0.7346222171900014,1,7,273_left_LAD_prox_20mm_60ds_discrete_T5_vox_narrow_C_flowmatched,T5_vox_narrow,C_flowmatched,ok,True,7,2,32.386125448831024,29.92689938089906,29.92689938089906,0.9240654436475441,0.5832004305053982,-0.15142178668460327,0.0,,0.12826133517137708,5.146989996475091,5.175972546873544,True,27.0,3.946848777229442e-12,2.1426513421776262e-08,1.7675924085280244,335.2096852617251,7,vox,1.0,0.375,1.3014405985874697,7.203555821276238,1.0,0.018661922160500066,0.01645097009994433,False
273,left,LAD,prox,20.0,60,discrete,"[0.75, 0.8)",0.7346222171900014,1,7,273_left_LAD_prox_20mm_60ds_discrete_T5_vox_wide_A_fixed,T5_vox_wide,A_fixed,ok,True,7,2,32.386125448831024,32.386125448831024,32.386125448831024,1.0,0.8247853472168128,0.09016313002681142,1.0,to_negative,0.09139084506979317,5.366933373482397,5.175972546873544,True,27.0,6.523039565935895e-12,2.1426513421776262e-08,1.7675924085280244,335.2096852617251,7,vox,-1.0,0.375,1.3014405985874697,-7.203555821276238,,,,
273,left,LAD,prox,20.0,60,discrete,"[0.75, 0.8)",0.7346222171900014,1,7,273_left_LAD_prox_20mm_60ds_discrete_T5_vox_wide_B_rederived,T5_vox_wide,B_rederived,ok,True,7,2,32.386125448831024,32.386125448831024,32.386125448831024,1.0,0.8247853472168128,0.09016313002681142,1.0,to_negative,0.09139084506979317,5.366933373482397,5.175972546873544,True,27.0,6.523039565935895e-12,2.1426513421776262e-08,1.7675924085280244,335.2096852617251,7,vox,-1.0,0.375,1.3014405985874697,-7.203555821276238,,,,
273,left,LAD,prox,20.0,60,discrete,"[0.75, 0.8)",0.7346222171900014,1,7,273_left_LAD_prox_20mm_60ds_discrete_T5_vox_wide_C_flowmatched,T5_vox_wide,C_flowmatched,ok,True,7,2,32.386125448831024,35.35946708545582,35.35946708545582,1.0918091187327295,0.8372384569432632,0.10261623975326173,1.0,to_negative,0.0690616406132982,5.045200400390686,5.175972546873544,True,27.0,4.406914704667907e-12,2.1426513421776262e-08,1.7675924085280244,335.2096852617251,7,vox,-1.0,0.375,1.3014405985874697,-7.203555821276238,1.0,0.008352286562570938,0.004769510204200359,False
280,left,LAD,prox,20.0,70,leaky,"[0.75, 0.8)",0.7578752793480465,1,6,280_left_LAD_prox_20mm_70ds_leaky_clean_none,clean,,ok,True,6,2,27.994786882034997,27.994786882034997,27.994786882034997,1.0,0.7578752793480465,0.0,0.0,,0.0,2.7096860512387093,2.7096860512387093,True,28.0,1.6753502047715643e-12,7.223773475988808e-09,1.3659230584244235,172.50067639977587,6,,,,,,,,,
280,left,LAD,prox,20.0,70,leaky,"[0.75, 0.8)",0.7578752793480465,1,6,280_left_LAD_prox_20mm_70ds_leaky_T5_vox_narrow_A_fixed,T5_vox_narrow,A_fixed,ok,True,6,2,27.994786882034997,27.994786882034997,27.994786882034997,1.0,0.5795124365109647,-0.17836284283708181,0.0,,0.04575300037633541,2.5884673864312333,2.7096860512387093,True,28.0,9.126539133835844e-13,7.223773475988808e-09,1.3659230584244235,172.50067639977587,6,vox,1.0,0.3359375,1.1584701752474225,7.249593195790551,,,,
280,left,LAD,prox,20.0,70,leaky,"[0.75, 0.8)",0.7578752793480465,1,6,280_left_LAD_prox_20mm_70ds_leaky_T5_vox_narrow_B_rederived,T5_vox_narrow,B_rederived,ok,True,6,2,27.994786882034997,27.994786882034997,27.994786882034997,1.0,0.5795124365109647,-0.17836284283708181,0.0,,0.04575300037633541,2.5884673864312333,2.7096860512387093,True,28.0,9.126539133835844e-13,7.223773475988808e-09,1.3659230584244235,172.50067639977587,6,vox,1.0,0.3359375,1.1584701752474225,7.249593195790551,,,,
280,left,LAD,prox,20.0,70,leaky,"[0.75, 0.8)",0.7578752793480465,1,6,280_left_LAD_prox_20mm_70ds_leaky_T5_vox_narrow_C_flowmatched,T5_vox_narrow,C_flowmatched,ok,True,6,2,27.994786882034997,27.118556297872146,27.118556297872146,0.9687002230859935,0.5704610190894287,-0.18741426025861785,0.0,,0.03529046363403062,2.664191205852544,2.7096860512387093,True,28.0,4.688391482280446e-12,7.223773475988808e-09,1.3659230584244235,172.50067639977587,6,vox,1.0,0.3359375,1.1584701752474225,7.249593195790551,1.0,0.0020933370434369483,0.001245416823504838,False
280,left,LAD,prox,20.0,70,leaky,"[0.75, 0.8)",0.7578752793480465,1,6,280_left_LAD_prox_20mm_70ds_leaky_T5_vox_wide_A_fixed,T5_vox_wide,A_fixed,ok,True,6,2,27.994786882034997,27.994786882034997,27.994786882034997,1.0,0.8544974524323892,0.09662217308434262,1.0,to_negative,0.024656377082607987,2.7750110153817067,2.7096860512387093,True,28.0,1.467116288335809e-12,7.223773475988808e-09,1.3659230584244235,172.50067639977587,6,vox,-1.0,0.3359375,1.1584701752474225,-7.249593195790551,,,,
280,left,LAD,prox,20.0,70,leaky,"[0.75, 0.8)",0.7578752793480465,1,6,280_left_LAD_prox_20mm_70ds_leaky_T5_vox_wide_B_rederived,T5_vox_wide,B_rederived,ok,True,6,2,27.994786882034997,27.994786882034997,27.994786882034997,1.0,0.8544974524323892,0.09662217308434262,1.0,to_negative,0.024656377082607987,2.7750110153817067,2.7096860512387093,True,28.0,1.467116288335809e-12,7.223773475988808e-09,1.3659230584244235,172.50067639977587,6,vox,-1.0,0.3359375,1.1584701752474225,-7.249593195790551,,,,
280,left,LAD,prox,20.0,70,leaky,"[0.75, 0.8)",0.7578752793480465,1,6,280_left_LAD_prox_20mm_70ds_leaky_T5_vox_wide_C_flowmatched,T5_vox_wide,C_flowmatched,ok,True,6,2,27.994786882034997,28.50063522762695,28.50063522762695,1.0180693765494093,0.8572503679963689,0.09937508864832234,1.0,to_negative,0.017643269909557,2.728453898715398,2.7096860512387093,True,28.0,6.383510817652745e-12,7.223773475988808e-09,1.3659230584244235,172.50067639977587,6,vox,-1.0,0.3359375,1.1584701752474225,-7.249593195790551,1.0,0.0006079369308397564,0.0003112849731014794,False
280,left,LAD,prox,20.0,70,discrete,"[0.75, 0.8)",0.7051171674229083,1,6,280_left_LAD_prox_20mm_70ds_discrete_clean_none,clean,,ok,True,6,2,65.38027078022765,65.38027078022765,65.38027078022765,1.0,0.7051171674229083,0.0,0.0,,0.0,2.5223402353826705,2.5223402353826705,True,28.0,1.569083104066362e-12,1.7699300452416392e-08,1.3659230584244235,172.50067639977587,6,,,,,,,,,
280,left,LAD,prox,20.0,70,discrete,"[0.75, 0.8)",0.7051171674229083,1,6,280_left_LAD_prox_20mm_70ds_discrete_T5_vox_narrow_A_fixed,T5_vox_narrow,A_fixed,ok,True,6,2,65.38027078022765,65.38027078022765,65.38027078022765,1.0,0.5172820978820784,-0.18783506954082996,0.0,,0.07856224579183956,2.3603060646098712,2.5223402353826705,True,28.0,5.535862674870742e-12,1.7699300452416392e-08,1.3659230584244235,172.50067639977587,6,vox,1.0,0.3359375,1.1584701752474225,7.249593195790551,,,,
280,left,LAD,prox,20.0,70,discrete,"[0.75, 0.8)",0.7051171674229083,1,6,280_left_LAD_prox_20mm_70ds_discrete_T5_vox_narrow_B_rederived,T5_vox_narrow,B_rederived,ok,True,6,2,65.38027078022765,65.38027078022765,65.38027078022765,1.0,0.5172820978820784,-0.18783506954082996,0.0,,0.07856224579183956,2.3603060646098712,2.5223402353826705,True,28.0,5.535862674870742e-12,1.7699300452416392e-08,1.3659230584244235,172.50067639977587,6,vox,1.0,0.3359375,1.1584701752474225,7.249593195790551,,,,
280,left,LAD,prox,20.0,70,discrete,"[0.75, 0.8)",0.7051171674229083,1,6,280_left_LAD_prox_20mm_70ds_discrete_T5_vox_narrow_C_flowmatched,T5_vox_narrow,C_flowmatched,ok,True,6,2,65.38027078022765,61.822931143503055,61.822931143503055,0.9455900137109802,0.5032477202520931,-0.20186944717081523,0.0,,0.06412460196707981,2.469790945006326,2.5223402353826705,True,28.0,3.2316870697559502e-12,1.7699300452416392e-08,1.3659230584244235,172.50067639977587,6,vox,1.0,0.3359375,1.1584701752474225,7.249593195790551,1.0,0.006172026463857411,0.004111964577436416,False
280,left,LAD,prox,20.0,70,discrete,"[0.75, 0.8)",0.7051171674229083,1,6,280_left_LAD_prox_20mm_70ds_discrete_T5_vox_wide_A_fixed,T5_vox_wide,A_fixed,ok,True,6,2,65.38027078022765,65.38027078022765,65.38027078022765,1.0,0.818850847416633,0.11373367999372475,1.0,to_negative,0.04720692723525331,2.619704245695583,2.5223402353826705,True,28.0,4.506918012282244e-12,1.7699300452416392e-08,1.3659230584244235,172.50067639977587,6,vox,-1.0,0.3359375,1.1584701752474225,-7.249593195790551,,,,
280,left,LAD,prox,20.0,70,discrete,"[0.75, 0.8)",0.7051171674229083,1,6,280_left_LAD_prox_20mm_70ds_discrete_T5_vox_wide_B_rederived,T5_vox_wide,B_rederived,ok,True,6,2,65.38027078022765,65.38027078022765,65.38027078022765,1.0,0.818850847416633,0.11373367999372475,1.0,to_negative,0.04720692723525331,2.619704245695583,2.5223402353826705,True,28.0,4.506918012282244e-12,1.7699300452416392e-08,1.3659230584244235,172.50067639977587,6,vox,-1.0,0.3359375,1.1584701752474225,-7.249593195790551,,,,
280,left,LAD,prox,20.0,70,discrete,"[0.75, 0.8)",0.7051171674229083,1,6,280_left_LAD_prox_20mm_70ds_discrete_T5_vox_wide_C_flowmatched,T5_vox_wide,C_flowmatched,ok,True,6,2,65.38027078022765,67.85880174872236,67.85880174872236,1.0379094631899914,0.8249894595964409,0.11987229217353257,1.0,to_negative,0.03432387345206547,2.538140007921241,2.5223402353826705,True,28.0,5.156003606671418e-12,1.7699300452416392e-08,1.3659230584244235,172.50067639977587,6,vox,-1.0,0.3359375,1.1584701752474225,-7.249593195790551,1.0,0.0022284939789945007,0.001178128288753405,False
502,left,LAD,prox,10.0,80,leaky,"[0.75, 0.8)",0.7708169168272124,1,5,502_left_LAD_prox_10mm_80ds_leaky_clean_none,clean,,ok,True,5,2,39.2028047753558,39.2028047753558,39.2028047753558,1.0,0.7708169168272124,0.0,0.0,,0.0,0.5488911417648988,0.5488911417648988,True,28.0,1.9208236479842792e-11,2.1512455720585398e-09,0.8123573920727817,113.12595697439679,5,,,,,,,,,
502,left,LAD,prox,10.0,80,leaky,"[0.75, 0.8)",0.7708169168272124,1,5,502_left_LAD_prox_10mm_80ds_leaky_T5_vox_narrow_A_fixed,T5_vox_narrow,A_fixed,ok,True,5,2,39.2028047753558,39.2028047753558,39.2028047753558,1.0,0.5142094354673226,-0.25660748135988987,0.0,,0.25370343209884966,0.48260207293756113,0.5488911417648988,True,28.0,1.4386203086588354e-11,2.1512455720585398e-09,0.8123573920727817,113.12595697439679,5,vox,1.0,0.318359375,1.07442272229668,7.407684340467894,,,,
502,left,LAD,prox,10.0,80,leaky,"[0.75, 0.8)",0.7708169168272124,1,5,502_left_LAD_prox_10mm_80ds_leaky_T5_vox_narrow_B_rederived,T5_vox_narrow,B_rederived,ok,True,5,2,39.2028047753558,39.2028047753558,39.2028047753558,1.0,0.5142094354673226,-0.25660748135988987,0.0,,0.25370343209884966,0.48260207293756113,0.5488911417648988,True,28.0,1.4386203086588354e-11,2.1512455720585398e-09,0.8123573920727817,113.12595697439679,5,vox,1.0,0.318359375,1.07442272229668,7.407684340467894,,,,
502,left,LAD,prox,10.0,80,leaky,"[0.75, 0.8)",0.7708169168272124,1,5,502_left_LAD_prox_10mm_80ds_leaky_T5_vox_narrow_C_flowmatched,T5_vox_narrow,C_flowmatched,ok,True,5,2,39.2028047753558,36.209521171006315,36.209521171006315,0.9236461875240324,0.4928643262142147,-0.2779525906129977,0.0,,0.24617680234809017,0.5154875160234244,0.5488911417648988,True,28.0,2.306207798307243e-11,2.1512455720585398e-09,0.8123573920727817,113.12595697439679,5,vox,1.0,0.318359375,1.07442272229668,7.407684340467894,1.0,0.0643654314587356,0.06060301801433065,False
502,left,LAD,prox,10.0,80,leaky,"[0.75, 0.8)",0.7708169168272124,1,5,502_left_LAD_prox_10mm_80ds_leaky_T5_vox_wide_A_fixed,T5_vox_wide,A_fixed,ok,True,5,2,39.2028047753558,39.2028047753558,39.2028047753558,1.0,0.8988073834839503,0.12799046665673786,1.0,to_negative,0.12655081861132006,0.5819570559913455,0.5488911417648988,True,28.0,2.3542922177884674e-11,2.1512455720585398e-09,0.8123573920727817,113.12595697439679,5,vox,-1.0,0.318359375,1.07442272229668,-7.407684340467894,,,,
502,left,LAD,prox,10.0,80,leaky,"[0.75, 0.8)",0.7708169168272124,1,5,502_left_LAD_prox_10mm_80ds_leaky_T5_vox_wide_B_rederived,T5_vox_wide,B_rederived,ok,True,5,2,39.2028047753558,39.2028047753558,39.2028047753558,1.0,0.8988073834839503,0.12799046665673786,1.0,to_negative,0.12655081861132006,0.5819570559913455,0.5488911417648988,True,28.0,2.3542922177884674e-11,2.1512455720585398e-09,0.8123573920727817,113.12595697439679,5,vox,-1.0,0.318359375,1.07442272229668,-7.407684340467894,,,,
502,left,LAD,prox,10.0,80,leaky,"[0.75, 0.8)",0.7708169168272124,1,5,502_left_LAD_prox_10mm_80ds_leaky_T5_vox_wide_C_flowmatched,T5_vox_wide,C_flowmatched,ok,True,5,2,39.2028047753558,43.191532066821495,43.191532066821495,1.1017459672674528,0.9096704427979267,0.13885352597071432,1.0,to_negative,0.08754229343570774,0.531856771760038,0.5488911417648988,True,28.0,2.1621480933873548e-11,2.1512455720585398e-09,0.8123573920727817,113.12595697439679,5,vox,-1.0,0.318359375,1.07442272229668,-7.407684340467894,1.0,0.01601510969119523,0.007663653139983559,False
502,left,LAD,prox,10.0,80,discrete,"[0.75, 0.8)",0.7513132773644484,1,5,502_left_LAD_prox_10mm_80ds_discrete_clean_none,clean,,ok,True,5,2,260.4287752481991,260.4287752481991,260.4287752481991,1.0,0.7513132773644484,0.0,0.0,,0.0,0.5369914816472802,0.5369914816472802,True,27.0,6.8327619611643416e-12,1.4340564729524314e-08,0.8123573920727817,113.12595697439679,5,,,,,,,,,
502,left,LAD,prox,10.0,80,discrete,"[0.75, 0.8)",0.7513132773644484,1,5,502_left_LAD_prox_10mm_80ds_discrete_T5_vox_narrow_A_fixed,T5_vox_narrow,A_fixed,ok,True,5,2,260.4287752481991,260.4287752481991,260.4287752481991,1.0,0.4909814005114811,-0.2603318768529673,0.0,,0.2646022018788129,0.46362558753159344,0.5369914816472802,True,28.0,9.586487054315253e-12,1.4340564729524314e-08,0.8123573920727817,113.12595697439679,5,vox,1.0,0.318359375,1.07442272229668,7.407684340467894,,,,
502,left,LAD,prox,10.0,80,discrete,"[0.75, 0.8)",0.7513132773644484,1,5,502_left_LAD_prox_10mm_80ds_discrete_T5_vox_narrow_B_rederived,T5_vox_narrow,B_rederived,ok,True,5,2,260.4287752481991,260.4287752481991,260.4287752481991,1.0,0.4909814005114811,-0.2603318768529673,0.0,,0.2646022018788129,0.46362558753159344,0.5369914816472802,True,28.0,9.586487054315253e-12,1.4340564729524314e-08,0.8123573920727817,113.12595697439679,5,vox,1.0,0.318359375,1.07442272229668,7.407684340467894,,,,
502,left,LAD,prox,10.0,80,discrete,"[0.75, 0.8)",0.7513132773644484,1,5,502_left_LAD_prox_10mm_80ds_discrete_T5_vox_narrow_C_flowmatched,T5_vox_narrow,C_flowmatched,ok,True,5,2,260.4287752481991,241.15672167499218,241.15672167499218,0.9259987551112973,0.4707241846233489,-0.2805890927410995,0.0,,0.2580054149649777,0.4933504220383361,0.5369914816472802,True,28.0,2.6952312940763175e-11,1.4340564729524314e-08,0.8123573920727817,113.12595697439679,5,vox,1.0,0.318359375,1.07442272229668,7.407684340467894,1.0,0.07001432523911606,0.06656679415125034,False
502,left,LAD,prox,10.0,80,discrete,"[0.75, 0.8)",0.7513132773644484,1,5,502_left_LAD_prox_10mm_80ds_discrete_T5_vox_wide_A_fixed,T5_vox_wide,A_fixed,ok,True,5,2,260.4287752481991,260.4287752481991,260.4287752481991,1.0,0.8889766733734694,0.137663396009021,1.0,to_negative,0.13993285341017037,0.5757904743688972,0.5369914816472802,True,28.0,2.119088478942244e-12,1.4340564729524314e-08,0.8123573920727817,113.12595697439679,5,vox,-1.0,0.318359375,1.07442272229668,-7.407684340467894,,,,
502,left,LAD,prox,10.0,80,discrete,"[0.75, 0.8)",0.7513132773644484,1,5,502_left_LAD_prox_10mm_80ds_discrete_T5_vox_wide_B_rederived,T5_vox_wide,B_rederived,ok,True,5,2,260.4287752481991,260.4287752481991,260.4287752481991,1.0,0.8889766733734694,0.137663396009021,1.0,to_negative,0.13993285341017037,0.5757904743688972,0.5369914816472802,True,28.0,2.119088478942244e-12,1.4340564729524314e-08,0.8123573920727817,113.12595697439679,5,vox,-1.0,0.318359375,1.07442272229668,-7.407684340467894,,,,
502,left,LAD,prox,10.0,80,discrete,"[0.75, 0.8)",0.7513132773644484,1,5,502_left_LAD_prox_10mm_80ds_discrete_T5_vox_wide_C_flowmatched,T5_vox_wide,C_flowmatched,ok,True,5,2,260.4287752481991,290.2456591294891,290.2456591294891,1.1144915105977569,0.9021278799747178,0.15081460261026935,1.0,to_negative,0.09679375826190435,0.5214300112269178,0.5369914816472802,True,28.0,1.0219366274370132e-11,1.4340564729524314e-08,0.8123573920727817,113.12595697439679,5,vox,-1.0,0.318359375,1.07442272229668,-7.407684340467894,1.0,0.019581203463512227,0.009369031638463976,False
759,left,LAD,prox,20.0,60,leaky,"[0.75, 0.8)",0.7655685116816449,1,4,759_left_LAD_prox_20mm_60ds_leaky_clean_none,clean,,ok,True,4,2,17.879818308689003,17.879818308689003,17.879818308689003,1.0,0.7655685116816449,0.0,0.0,,0.0,1.4975294152996432,1.4975294152996432,True,27.0,2.8597759333233735e-12,2.8392183690994402e-09,1.15012130810167,167.84123416666463,4,,,,,,,,,
759,left,LAD,prox,20.0,60,leaky,"[0.75, 0.8)",0.7655685116816449,1,4,759_left_LAD_prox_20mm_60ds_leaky_T5_vox_narrow_A_fixed,T5_vox_narrow,A_fixed,ok,True,4,2,17.879818308689003,17.879818308689003,17.879818308689003,1.0,0.6348234870638699,-0.13074502461777493,0.0,,0.09715673183128742,1.3700496374506699,1.4975294152996432,True,27.0,2.4153474999951508e-12,2.8392183690994402e-09,1.15012130810167,167.84123416666463,4,vox,1.0,0.318359375,1.027656704456594,7.744789033618542,,,,
759,left,LAD,prox,20.0,60,leaky,"[0.75, 0.8)",0.7655685116816449,1,4,759_left_LAD_prox_20mm_60ds_leaky_T5_vox_narrow_B_rederived,T5_vox_narrow,B_rederived,ok,True,4,2,17.879818308689003,17.879818308689003,17.879818308689003,1.0,0.6348234870638699,-0.13074502461777493,0.0,,0.09715673183128742,1.3700496374506699,1.4975294152996432,True,27.0,2.4153474999951508e-12,2.8392183690994402e-09,1.15012130810167,167.84123416666463,4,vox,1.0,0.318359375,1.027656704456594,7.744789033618542,,,,
759,left,LAD,prox,20.0,60,leaky,"[0.75, 0.8)",0.7655685116816449,1,4,759_left_LAD_prox_20mm_60ds_leaky_T5_vox_narrow_C_flowmatched,T5_vox_narrow,C_flowmatched,ok,True,4,2,17.879818308689003,16.786387311784225,16.786387311784225,0.9388455196788321,0.6178099534371628,-0.14775855824448203,0.0,,0.08333941485098037,1.4375798562384778,1.4975294152996432,True,27.0,2.0365959981139342e-12,2.8392183690994402e-09,1.15012130810167,167.84123416666463,4,vox,1.0,0.318359375,1.027656704456594,7.744789033618542,1.0,0.009439430540136698,0.0069454580677038085,False
759,left,LAD,prox,20.0,60,leaky,"[0.75, 0.8)",0.7655685116816449,1,4,759_left_LAD_prox_20mm_60ds_leaky_T5_vox_wide_A_fixed,T5_vox_wide,A_fixed,ok,True,4,2,17.879818308689003,17.879818308689003,17.879818308689003,1.0,0.843389362216728,0.07782085053508314,1.0,to_negative,0.0578185682438995,1.5733934145967052,1.4975294152996432,True,27.0,2.5959132876548583e-12,2.8392183690994402e-09,1.15012130810167,167.84123416666463,4,vox,-1.0,0.318359375,1.027656704456594,-7.744789033618542,,,,
759,left,LAD,prox,20.0,60,leaky,"[0.75, 0.8)",0.7655685116816449,1,4,759_left_LAD_prox_20mm_60ds_leaky_T5_vox_wide_B_rederived,T5_vox_wide,B_rederived,ok,True,4,2,17.879818308689003,17.879818308689003,17.879818308689003,1.0,0.843389362216728,0.07782085053508314,1.0,to_negative,0.0578185682438995,1.5733934145967052,1.4975294152996432,True,27.0,2.5959132876548583e-12,2.8392183690994402e-09,1.15012130810167,167.84123416666463,4,vox,-1.0,0.318359375,1.027656704456594,-7.744789033618542,,,,
759,left,LAD,prox,20.0,60,leaky,"[0.75, 0.8)",0.7655685116816449,1,4,759_left_LAD_prox_20mm_60ds_leaky_T5_vox_wide_C_flowmatched,T5_vox_wide,C_flowmatched,ok,True,4,2,17.879818308689003,18.706429150307603,18.706429150307603,1.0462315012013792,0.8503131723867273,0.08474466070508246,1.0,to_negative,0.04145384011539209,1.5130471459307993,1.4975294152996432,True,27.0,1.8928889034331467e-12,2.8392183690994402e-09,1.15012130810167,167.84123416666463,4,vox,-1.0,0.318359375,1.027656704456594,-7.744789033618542,1.0,0.003342986833774463,0.0017184208603124908,False
759,left,LAD,prox,20.0,60,discrete,"[0.75, 0.8)",0.7963890195357136,1,4,759_left_LAD_prox_20mm_60ds_discrete_clean_none,clean,,ok,True,4,2,75.99485173060388,75.99485173060388,75.99485173060388,1.0,0.7963890195357136,0.0,0.0,,0.0,1.4942533611812245,1.4942533611812245,True,27.0,1.382430619719981e-12,1.2793190175805445e-08,1.15012130810167,167.84123416666463,4,,,,,,,,,
759,left,LAD,prox,20.0,60,discrete,"[0.75, 0.8)",0.7963890195357136,1,4,759_left_LAD_prox_20mm_60ds_discrete_T5_vox_narrow_A_fixed,T5_vox_narrow,A_fixed,ok,True,4,2,75.99485173060388,75.99485173060388,75.99485173060388,1.0,0.6764266000108731,-0.11996241952484055,0.0,,0.11419923984464052,1.3945651710542033,1.4942533611812245,True,27.0,7.299205985428209e-13,1.2793190175805445e-08,1.15012130810167,167.84123416666463,4,vox,1.0,0.318359375,1.027656704456594,7.744789033618542,,,,
759,left,LAD,prox,20.0,60,discrete,"[0.75, 0.8)",0.7963890195357136,1,4,759_left_LAD_prox_20mm_60ds_discrete_T5_vox_narrow_B_rederived,T5_vox_narrow,B_rederived,ok,True,4,2,75.99485173060388,75.99485173060388,75.99485173060388,1.0,0.6764266000108731,-0.11996241952484055,0.0,,0.11419923984464052,1.3945651710542033,1.4942533611812245,True,27.0,7.299205985428209e-13,1.2793190175805445e-08,1.15012130810167,167.84123416666463,4,vox,1.0,0.318359375,1.027656704456594,7.744789033618542,,,,
759,left,LAD,prox,20.0,60,discrete,"[0.75, 0.8)",0.7963890195357136,1,4,759_left_LAD_prox_20mm_60ds_discrete_T5_vox_narrow_C_flowmatched,T5_vox_narrow,C_flowmatched,ok,True,4,2,75.99485173060388,70.7046530575375,70.7046530575375,0.9303874071388448,0.6593974026847408,-0.13699161685097283,0.0,,0.10215801567980735,1.4693519933234964,1.4942533611812245,True,27.0,1.0929814471218932e-12,1.2793190175805445e-08,1.15012130810167,167.84123416666463,4,vox,1.0,0.318359375,1.027656704456594,7.744789033618542,1.0,0.01304146638109373,0.010436260167635766,False
759,left,LAD,prox,20.0,60,discrete,"[0.75, 0.8)",0.7963890195357136,1,4,759_left_LAD_prox_20mm_60ds_discrete_T5_vox_wide_A_fixed,T5_vox_wide,A_fixed,ok,True,4,2,75.99485173060388,75.99485173060388,75.99485173060388,1.0,0.863835020483496,0.06744600094778241,1.0,to_negative,0.06415544461792025,1.5502567125997464,1.4942533611812245,True,28.0,1.6720666685506707e-12,1.2793190175805445e-08,1.15012130810167,167.84123416666463,4,vox,-1.0,0.318359375,1.027656704456594,-7.744789033618542,,,,
759,left,LAD,prox,20.0,60,discrete,"[0.75, 0.8)",0.7963890195357136,1,4,759_left_LAD_prox_20mm_60ds_discrete_T5_vox_wide_B_rederived,T5_vox_wide,B_rederived,ok,True,4,2,75.99485173060388,75.99485173060388,75.99485173060388,1.0,0.863835020483496,0.06744600094778241,1.0,to_negative,0.06415544461792025,1.5502567125997464,1.4942533611812245,True,28.0,1.6720666685506707e-12,1.2793190175805445e-08,1.15012130810167,167.84123416666463,4,vox,-1.0,0.318359375,1.027656704456594,-7.744789033618542,,,,
759,left,LAD,prox,20.0,60,discrete,"[0.75, 0.8)",0.7963890195357136,1,4,759_left_LAD_prox_20mm_60ds_discrete_T5_vox_wide_C_flowmatched,T5_vox_wide,C_flowmatched,ok,True,4,2,75.99485173060388,80.24448402363616,80.24448402363616,1.0559200024245972,0.8705229482673944,0.07413392873168079,1.0,to_negative,0.046307748691014054,1.4834676248791556,1.4942533611812245,True,28.0,2.8774625519958834e-12,1.2793190175805445e-08,1.15012130810167,167.84123416666463,4,vox,-1.0,0.318359375,1.027656704456594,-7.744789033618542,1.0,0.004115921074123031,0.002144407588830114,False
806,left,LAD,prox,20.0,55,leaky,"[0.75, 0.8)",0.7795821814504666,1,5,806_left_LAD_prox_20mm_55ds_leaky_clean_none,clean,,ok,True,5,2,13.237702256623395,13.237702256623395,13.237702256623395,1.0,0.7795821814504666,0.0,0.0,,0.0,7.602656669083571,7.602656669083571,True,27.0,9.419948684725206e-13,1.0178744849989467e-08,1.9553309511565757,290.6595818048363,5,,,,,,,,,
806,left,LAD,prox,20.0,55,leaky,"[0.75, 0.8)",0.7795821814504666,1,5,806_left_LAD_prox_20mm_55ds_leaky_T5_vox_narrow_A_fixed,T5_vox_narrow,A_fixed,ok,True,5,2,13.237702256623395,13.237702256623395,13.237702256623395,1.0,0.6948683020669347,-0.08471387938353192,0.0,,0.046028747153867275,7.34325037074749,7.602656669083571,True,27.0,1.606920013949967e-12,1.0178744849989467e-08,1.9553309511565757,290.6595818048363,5,vox,1.0,0.33984375000000006,1.4497888794449987,5.860228251476474,,,,
806,left,LAD,prox,20.0,55,leaky,"[0.75, 0.8)",0.7795821814504666,1,5,806_left_LAD_prox_20mm_55ds_leaky_T5_vox_narrow_B_rederived,T5_vox_narrow,B_rederived,ok,True,5,2,13.237702256623395,13.237702256623395,13.237702256623395,1.0,0.6948683020669347,-0.08471387938353192,0.0,,0.046028747153867275,7.34325037074749,7.602656669083571,True,27.0,1.606920013949967e-12,1.0178744849989467e-08,1.9553309511565757,290.6595818048363,5,vox,1.0,0.33984375000000006,1.4497888794449987,5.860228251476474,,,,
806,left,LAD,prox,20.0,55,leaky,"[0.75, 0.8)",0.7795821814504666,1,5,806_left_LAD_prox_20mm_55ds_leaky_T5_vox_narrow_C_flowmatched,T5_vox_narrow,C_flowmatched,ok,True,5,2,13.237702256623395,12.754861687162837,12.754861687162837,0.9635253490295892,0.6844889649671831,-0.0950932164832835,0.0,,0.03532645592046315,7.5715832971730475,7.602656669083571,True,27.0,3.420089332323254e-12,1.0178744849989467e-08,1.9553309511565757,290.6595818048363,5,vox,1.0,0.33984375000000006,1.4497888794449987,5.860228251476474,1.0,0.002118645564554645,0.001247958487900426,False
806,left,LAD,prox,20.0,55,leaky,"[0.75, 0.8)",0.7795821814504666,1,5,806_left_LAD_prox_20mm_55ds_leaky_T5_vox_wide_A_fixed,T5_vox_wide,A_fixed,ok,True,5,2,13.237702256623395,13.237702256623395,13.237702256623395,1.0,0.8254591473919377,0.04587696594147106,1.0,to_negative,0.023540083209363308,7.735322583737953,7.602656669083571,True,27.0,1.477181376053082e-12,1.0178744849989467e-08,1.9553309511565757,290.6595818048363,5,vox,-1.0,0.33984375000000006,1.4497888794449987,-5.860228251476474,,,,
806,left,LAD,prox,20.0,55,leaky,"[0.75, 0.8)",0.7795821814504666,1,5,806_left_LAD_prox_20mm_55ds_leaky_T5_vox_wide_B_rederived,T5_vox_wide,B_rederived,ok,True,5,2,13.237702256623395,13.237702256623395,13.237702256623395,1.0,0.8254591473919377,0.04587696594147106,1.0,to_negative,0.023540083209363308,7.735322583737953,7.602656669083571,True,27.0,1.477181376053082e-12,1.0178744849989467e-08,1.9553309511565757,290.6595818048363,5,vox,-1.0,0.33984375000000006,1.4497888794449987,-5.860228251476474,,,,
806,left,LAD,prox,20.0,55,leaky,"[0.75, 0.8)",0.7795821814504666,1,5,806_left_LAD_prox_20mm_55ds_leaky_T5_vox_wide_C_flowmatched,T5_vox_wide,C_flowmatched,ok,True,5,2,13.237702256623395,13.500954585944925,13.500954585944925,1.019886557668255,0.8293032575413037,0.04972107609083709,1.0,to_negative,0.01648040834409709,7.604515524029369,7.602656669083571,True,27.0,1.335512434090974e-12,1.0178744849989467e-08,1.9553309511565757,290.6595818048363,5,vox,-1.0,0.33984375000000006,1.4497888794449987,-5.860228251476474,1.0,0.0005541355175037484,0.00027160385918818494,False
806,left,LAD,prox,20.0,55,discrete,"[0.75, 0.8)",0.7498801443475253,1,5,806_left_LAD_prox_20mm_55ds_discrete_clean_none,clean,,ok,True,5,2,13.21756456354074,13.21756456354074,13.21756456354074,1.0,0.7498801443475253,0.0,0.0,,0.0,5.855557909007387,5.855557909007387,True,25.0,1.8936723852476988e-12,1.6208342919861586e-08,1.9553309511565757,290.6595818048363,5,,,,,,,,,
806,left,LAD,prox,20.0,55,discrete,"[0.75, 0.8)",0.7498801443475253,1,5,806_left_LAD_prox_20mm_55ds_discrete_T5_vox_narrow_A_fixed,T5_vox_narrow,A_fixed,ok,True,5,2,13.21756456354074,13.21756456354074,13.21756456354074,1.0,0.6632973459509557,-0.08658279839656957,0.0,,0.08817675495449265,5.560024830821348,5.855557909007387,True,25.0,1.899721885001149e-12,1.6208342919861586e-08,1.9553309511565757,290.6595818048363,5,vox,1.0,0.33984375000000006,1.4497888794449987,5.860228251476474,,,,
806,left,LAD,prox,20.0,55,discrete,"[0.75, 0.8)",0.7498801443475253,1,5,806_left_LAD_prox_20mm_55ds_discrete_T5_vox_narrow_B_rederived,T5_vox_narrow,B_rederived,ok,True,5,2,13.21756456354074,13.21756456354074,13.21756456354074,1.0,0.6632973459509557,-0.08658279839656957,0.0,,0.08817675495449265,5.560024830821348,5.855557909007387,True,25.0,1.899721885001149e-12,1.6208342919861586e-08,1.9553309511565757,290.6595818048363,5,vox,1.0,0.33984375000000006,1.4497888794449987,5.860228251476474,,,,
806,left,LAD,prox,20.0,55,discrete,"[0.75, 0.8)",0.7498801443475253,1,5,806_left_LAD_prox_20mm_55ds_discrete_T5_vox_narrow_C_flowmatched,T5_vox_narrow,C_flowmatched,ok,True,5,2,13.21756456354074,11.082903973535142,11.082903973535142,0.8384981908169501,0.6271772073434019,-0.12270293700412338,0.0,,0.06487974851758696,5.912086476024482,5.855557909007387,True,25.0,3.246100266592449e-12,1.6208342919861586e-08,1.9553309511565757,290.6595818048363,5,vox,1.0,0.33984375000000006,1.4497888794449987,5.860228251476474,1.0,0.007775140114304643,0.004209381767705328,False
806,left,LAD,prox,20.0,55,discrete,"[0.75, 0.8)",0.7498801443475253,1,5,806_left_LAD_prox_20mm_55ds_discrete_T5_vox_wide_A_fixed,T5_vox_wide,A_fixed,ok,True,5,2,13.21756456354074,13.21756456354074,13.21756456354074,1.0,0.8014904668778551,0.05161032253032982,1.0,to_negative,0.05256044904024119,6.031719429610276,5.855557909007387,True,25.0,2.103497462868883e-12,1.6208342919861586e-08,1.9553309511565757,290.6595818048363,5,vox,-1.0,0.33984375000000006,1.4497888794449987,-5.860228251476474,,,,
806,left,LAD,prox,20.0,55,discrete,"[0.75, 0.8)",0.7498801443475253,1,5,806_left_LAD_prox_20mm_55ds_discrete_T5_vox_wide_B_rederived,T5_vox_wide,B_rederived,ok,True,5,2,13.21756456354074,13.21756456354074,13.21756456354074,1.0,0.8014904668778551,0.05161032253032982,1.0,to_negative,0.05256044904024119,6.031719429610276,5.855557909007387,True,25.0,2.103497462868883e-12,1.6208342919861586e-08,1.9553309511565757,290.6595818048363,5,vox,-1.0,0.33984375000000006,1.4497888794449987,-5.860228251476474,,,,
806,left,LAD,prox,20.0,55,discrete,"[0.75, 0.8)",0.7498801443475253,1,5,806_left_LAD_prox_20mm_55ds_discrete_T5_vox_wide_C_flowmatched,T5_vox_wide,C_flowmatched,ok,True,5,2,13.21756456354074,14.503163553718085,14.503163553718085,1.0972644380889605,0.8154069515204575,0.06552680717293224,1.0,to_negative,0.02906455775252516,5.7911054816651415,5.855557909007387,True,25.0,1.676775831154647e-12,1.6208342919861586e-08,1.9553309511565757,290.6595818048363,5,vox,-1.0,0.33984375000000006,1.4497888794449987,-5.860228251476474,1.0,0.002762600803311791,0.0008447485173498704,False
869,left,LAD,prox,20.0,55,leaky,"[0.75, 0.8)",0.7609640552303482,1,7,869_left_LAD_prox_20mm_55ds_leaky_clean_none,clean,,ok,True,7,2,13.233357163958024,13.233357163958024,13.233357163958024,1.0,0.7609640552303482,0.0,0.0,,0.0,6.704269426191387,6.704269426191387,True,28.0,2.1264675729680544e-12,8.513140880009202e-09,1.8450042893482805,184.75219980797928,7,,,,,,,,,
869,left,LAD,prox,20.0,55,leaky,"[0.75, 0.8)",0.7609640552303482,1,7,869_left_LAD_prox_20mm_55ds_leaky_T5_vox_narrow_A_fixed,T5_vox_narrow,A_fixed,ok,True,7,2,13.233357163958024,13.233357163958024,13.233357163958024,1.0,0.6325679363361966,-0.1283961188941516,0.0,,0.0454999988681302,6.501159679587165,6.704269426191387,True,28.0,2.7642223687218222e-12,8.513140880009202e-09,1.8450042893482805,184.75219980797928,7,vox,1.0,0.361328125,1.0838491169416904,8.334373284806555,,,,
869,left,LAD,prox,20.0,55,leaky,"[0.75, 0.8)",0.7609640552303482,1,7,869_left_LAD_prox_20mm_55ds_leaky_T5_vox_narrow_B_rederived,T5_vox_narrow,B_rederived,ok,True,7,2,13.233357163958024,13.233357163958024,13.233357163958024,1.0,0.6325679363361966,-0.1283961188941516,0.0,,0.0454999988681302,6.501159679587165,6.704269426191387,True,28.0,2.7642223687218222e-12,8.513140880009202e-09,1.8450042893482805,184.75219980797928,7,vox,1.0,0.361328125,1.0838491169416904,8.334373284806555,,,,
869,left,LAD,prox,20.0,55,leaky,"[0.75, 0.8)",0.7609640552303482,1,7,869_left_LAD_prox_20mm_55ds_leaky_T5_vox_narrow_C_flowmatched,T5_vox_narrow,C_flowmatched,ok,True,7,2,13.233357163958024,12.814552119816552,12.814552119816552,0.9683523206581232,0.6236936578336485,-0.13727039739669966,0.0,,0.03544868857759001,6.693130247400379,6.704269426191387,True,28.0,3.686097198580359e-12,8.513140880009202e-09,1.8450042893482805,184.75219980797928,7,vox,1.0,0.361328125,1.0838491169416904,8.334373284806555,1.0,0.0020702498969998495,0.0012566095218709602,False
869,left,LAD,prox,20.0,55,leaky,"[0.75, 0.8)",0.7609640552303482,1,7,869_left_LAD_prox_20mm_55ds_leaky_T5_vox_wide_A_fixed,T5_vox_wide,A_fixed,ok,True,7,2,13.233357163958024,13.233357163958024,13.233357163958024,1.0,0.8406140724285492,0.07965001719820108,1.0,to_negative,0.028195114416133118,6.830131023699563,6.704269426191387,True,28.0,2.9566215385062358e-12,8.513140880009202e-09,1.8450042893482805,184.75219980797928,7,vox,-1.0,0.361328125,1.0838491169416904,-8.334373284806555,,,,
869,left,LAD,prox,20.0,55,leaky,"[0.75, 0.8)",0.7609640552303482,1,7,869_left_LAD_prox_20mm_55ds_leaky_T5_vox_wide_B_rederived,T5_vox_wide,B_rederived,ok,True,7,2,13.233357163958024,13.233357163958024,13.233357163958024,1.0,0.8406140724285492,0.07965001719820108,1.0,to_negative,0.028195114416133118,6.830131023699563,6.704269426191387,True,28.0,2.9566215385062358e-12,8.513140880009202e-09,1.8450042893482805,184.75219980797928,7,vox,-1.0,0.361328125,1.0838491169416904,-8.334373284806555,,,,
869,left,LAD,prox,20.0,55,leaky,"[0.75, 0.8)",0.7609640552303482,1,7,869_left_LAD_prox_20mm_55ds_leaky_T5_vox_wide_C_flowmatched,T5_vox_wide,C_flowmatched,ok,True,7,2,13.233357163958024,13.513531587208185,13.513531587208185,1.0211718326482744,0.8439802153182833,0.08301616008793511,1.0,to_negative,0.020221173459594406,6.69763001514858,6.704269426191387,True,28.0,3.931370669743252e-12,8.513140880009202e-09,1.8450042893482805,184.75219980797928,7,vox,-1.0,0.361328125,1.0838491169416904,-8.334373284806555,1.0,0.0007949644769388375,0.0004088958560830052,False
890,left,LAD,prox,20.0,75,leaky,"[0.75, 0.8)",0.764044513868616,1,3,890_left_LAD_prox_20mm_75ds_leaky_clean_none,clean,,ok,True,3,2,19.61693301402243,19.61693301402243,19.61693301402243,1.0,0.764044513868616,0.0,0.0,,0.0,0.6476635424706133,0.6476635424706133,True,27.0,1.2955023815695156e-11,1.420813232621365e-09,0.8848956232943009,61.4318777588072,3,,,,,,,,,
890,left,LAD,prox,20.0,75,leaky,"[0.75, 0.8)",0.764044513868616,1,3,890_left_LAD_prox_20mm_75ds_leaky_T5_vox_narrow_A_fixed,T5_vox_narrow,A_fixed,ok,True,3,2,19.61693301402243,19.61693301402243,19.61693301402243,1.0,0.5864129354986197,-0.17763157836999632,0.0,,0.17728647075045809,0.5361837221207343,0.6476635424706133,True,27.0,1.5955413068922052e-12,1.420813232621365e-09,0.8848956232943009,61.4318777588072,3,vox,1.0,0.318359375,1.316580740506983,6.045192771037492,,,,
890,left,LAD,prox,20.0,75,leaky,"[0.75, 0.8)",0.764044513868616,1,3,890_left_LAD_prox_20mm_75ds_leaky_T5_vox_narrow_B_rederived,T5_vox_narrow,B_rederived,ok,True,3,2,19.61693301402243,19.61693301402243,19.61693301402243,1.0,0.5864129354986197,-0.17763157836999632,0.0,,0.17728647075045809,0.5361837221207343,0.6476635424706133,True,27.0,1.5955413068922052e-12,1.420813232621365e-09,0.8848956232943009,61.4318777588072,3,vox,1.0,0.318359375,1.316580740506983,6.045192771037492,,,,
890,left,LAD,prox,20.0,75,leaky,"[0.75, 0.8)",0.764044513868616,1,3,890_left_LAD_prox_20mm_75ds_leaky_T5_vox_narrow_C_flowmatched,T5_vox_narrow,C_flowmatched,ok,True,3,2,19.61693301402243,18.21681704024819,18.21681704024819,0.928627172617992,0.566064150307896,-0.19798036356072002,0.0,,0.16787072590678231,0.5622657559274424,0.6476635424706133,True,27.0,7.419710305108105e-12,1.420813232621365e-09,0.8848956232943009,61.4318777588072,3,vox,1.0,0.318359375,1.316580740506983,6.045192771037492,1.0,0.03143049271115303,0.02818058061647004,False
890,left,LAD,prox,20.0,75,leaky,"[0.75, 0.8)",0.764044513868616,1,3,890_left_LAD_prox_20mm_75ds_leaky_T5_vox_wide_A_fixed,T5_vox_wide,A_fixed,ok,True,3,2,19.61693301402243,19.61693301402243,19.61693301402243,1.0,0.8622665739572279,0.0982220600886119,1.0,to_negative,0.09803123151155807,0.7093067351718186,0.6476635424706133,True,27.0,1.6598965416538395e-13,1.420813232621365e-09,0.8848956232943009,61.4318777588072,3,vox,-1.0,0.318359375,1.316580740506983,-6.045192771037492,,,,
890,left,LAD,prox,20.0,75,leaky,"[0.75, 0.8)",0.764044513868616,1,3,890_left_LAD_prox_20mm_75ds_leaky_T5_vox_wide_B_rederived,T5_vox_wide,B_rederived,ok,True,3,2,19.61693301402243,19.61693301402243,19.61693301402243,1.0,0.8622665739572279,0.0982220600886119,1.0,to_negative,0.09803123151155807,0.7093067351718186,0.6476635424706133,True,27.0,1.6598965416538395e-13,1.420813232621365e-09,0.8848956232943009,61.4318777588072,3,vox,-1.0,0.318359375,1.316580740506983,-6.045192771037492,,,,
890,left,LAD,prox,20.0,75,leaky,"[0.75, 0.8)",0.764044513868616,1,3,890_left_LAD_prox_20mm_75ds_leaky_T5_vox_wide_C_flowmatched,T5_vox_wide,C_flowmatched,ok,True,3,2,19.61693301402243,21.153439261202557,21.153439261202557,1.0783255081761156,0.8732001350953137,0.10915562122669764,1.0,to_negative,0.07107783210500619,0.665608758062906,0.6476635424706133,True,27.0,5.420188717306386e-12,1.420813232621365e-09,0.8848956232943009,61.4318777588072,3,vox,-1.0,0.318359375,1.316580740506983,-6.045192771037492,1.0,0.009610122351672695,0.005052058216747448,False
890,left,LAD,prox,20.0,75,discrete,"[0.75, 0.8)",0.7897919685281661,1,3,890_left_LAD_prox_20mm_75ds_discrete_clean_none,clean,,ok,True,3,2,121.29690781621565,121.29690781621565,121.29690781621565,1.0,0.7897919685281661,0.0,0.0,,0.0,0.6699464846881772,0.6699464846881772,True,27.0,7.3196762444284e-12,9.159183505522767e-09,0.8848956232943009,61.4318777588072,3,,,,,,,,,
890,left,LAD,prox,20.0,75,discrete,"[0.75, 0.8)",0.7897919685281661,1,3,890_left_LAD_prox_20mm_75ds_discrete_T5_vox_narrow_A_fixed,T5_vox_narrow,A_fixed,ok,True,3,2,121.29690781621565,121.29690781621565,121.29690781621565,1.0,0.6199978066880134,-0.16979416184015272,0.0,,0.16352146737010215,0.5757988252499261,0.6699464846881772,True,27.0,2.971351450035803e-12,9.159183505522767e-09,0.8848956232943009,61.4318777588072,3,vox,1.0,0.318359375,1.316580740506983,6.045192771037492,,,,
890,left,LAD,prox,20.0,75,discrete,"[0.75, 0.8)",0.7897919685281661,1,3,890_left_LAD_prox_20mm_75ds_discrete_T5_vox_narrow_B_rederived,T5_vox_narrow,B_rederived,ok,True,3,2,121.29690781621565,121.29690781621565,121.29690781621565,1.0,0.6199978066880134,-0.16979416184015272,0.0,,0.16352146737010215,0.5757988252499261,0.6699464846881772,True,27.0,2.971351450035803e-12,9.159183505522767e-09,0.8848956232943009,61.4318777588072,3,vox,1.0,0.318359375,1.316580740506983,6.045192771037492,,,,
890,left,LAD,prox,20.0,75,discrete,"[0.75, 0.8)",0.7897919685281661,1,3,890_left_LAD_prox_20mm_75ds_discrete_T5_vox_narrow_C_flowmatched,T5_vox_narrow,C_flowmatched,ok,True,3,2,121.29690781621565,112.40089816225259,112.40089816225259,0.926659221458127,0.6005104440524105,-0.18928152447575564,0.0,,0.15330870119022222,0.6059744974213265,0.6699464846881772,True,27.0,2.2101012079329823e-12,9.159183505522767e-09,0.8848956232943009,61.4318777588072,3,vox,1.0,0.318359375,1.316580740506983,6.045192771037492,1.0,0.02673927029087138,0.023503557860632844,False
890,left,LAD,prox,20.0,75,discrete,"[0.75, 0.8)",0.7897919685281661,1,3,890_left_LAD_prox_20mm_75ds_discrete_T5_vox_wide_A_fixed,T5_vox_wide,A_fixed,ok,True,3,2,121.29690781621565,121.29690781621565,121.29690781621565,1.0,0.8783915152783797,0.08859954675021353,1.0,to_negative,0.08532641956541452,0.7190732618675678,0.6699464846881772,True,27.0,1.3212191022047439e-12,9.159183505522767e-09,0.8848956232943009,61.4318777588072,3,vox,-1.0,0.318359375,1.316580740506983,-6.045192771037492,,,,
890,left,LAD,prox,20.0,75,discrete,"[0.75, 0.8)",0.7897919685281661,1,3,890_left_LAD_prox_20mm_75ds_discrete_T5_vox_wide_B_rederived,T5_vox_wide,B_rederived,ok,True,3,2,121.29690781621565,121.29690781621565,121.29690781621565,1.0,0.8783915152783797,0.08859954675021353,1.0,to_negative,0.08532641956541452,0.7190732618675678,0.6699464846881772,True,27.0,1.3212191022047439e-12,9.159183505522767e-09,0.8848956232943009,61.4318777588072,3,vox,-1.0,0.318359375,1.316580740506983,-6.045192771037492,,,,
890,left,LAD,prox,20.0,75,discrete,"[0.75, 0.8)",0.7897919685281661,1,3,890_left_LAD_prox_20mm_75ds_discrete_T5_vox_wide_C_flowmatched,T5_vox_wide,C_flowmatched,ok,True,3,2,121.29690781621565,129.76195820384473,129.76195820384473,1.0697878498308877,0.8866632663645417,0.0968712978363756,1.0,to_negative,0.06219314523507896,0.6799400026574908,0.6699464846881772,True,27.0,3.5235942611772647e-12,9.159183505522767e-09,0.8848956232943009,61.4318777588072,3,vox,-1.0,0.318359375,1.316580740506983,-6.045192771037492,1.0,0.007280597875853154,0.003867987314231625,False
43,left,LCX,mid,20.0,55,leaky,"[0.75, 0.8)",0.7799141825222162,1,8,43_left_LCX_mid_20mm_55ds_leaky_clean_none,clean,,ok,True,8,2,16.1115292482845,16.1115292482845,16.1115292482845,1.0,0.7799141825222162,0.0,0.0,,0.0,7.636028358101421,7.636028358101421,True,28.0,9.242341942110809e-13,1.1976308868130129e-08,1.9307917695943682,328.00377382627545,8,,,,,,,,,
43,left,LCX,mid,20.0,55,leaky,"[0.75, 0.8)",0.7799141825222162,1,8,43_left_LCX_mid_20mm_55ds_leaky_T5_vox_narrow_A_fixed,T5_vox_narrow,A_fixed,ok,True,8,2,16.1115292482845,16.1115292482845,16.1115292482845,1.0,0.6865825013618589,-0.09333168116035728,0.0,,0.061964646567354446,7.418910456901981,7.636028358101421,True,28.0,4.347218730703283e-12,1.1976308868130129e-08,1.9307917695943682,328.00377382627545,8,vox,1.0,0.34765625,1.311381320386538,6.627672756111968,,,,
43,left,LCX,mid,20.0,55,leaky,"[0.75, 0.8)",0.7799141825222162,1,8,43_left_LCX_mid_20mm_55ds_leaky_T5_vox_narrow_B_rederived,T5_vox_narrow,B_rederived,ok,True,8,2,16.1115292482845,16.1115292482845,16.1115292482845,1.0,0.6865825013618589,-0.09333168116035728,0.0,,0.061964646567354446,7.418910456901981,7.636028358101421,True,28.0,4.347218730703283e-12,1.1976308868130129e-08,1.9307917695943682,328.00377382627545,8,vox,1.0,0.34765625,1.311381320386538,6.627672756111968,,,,
43,left,LCX,mid,20.0,55,leaky,"[0.75, 0.8)",0.7799141825222162,1,8,43_left_LCX_mid_20mm_55ds_leaky_T5_vox_narrow_C_flowmatched,T5_vox_narrow,C_flowmatched,ok,True,8,2,16.1115292482845,15.463814492880688,15.463814492880688,0.9597980585565594,0.6752903264199408,-0.10462385610227543,0.0,,0.05178012776189852,7.691714835475511,7.636028358101421,True,28.0,4.696075423404507e-12,1.1976308868130129e-08,1.9307917695943682,328.00377382627545,8,vox,1.0,0.34765625,1.311381320386538,6.627672756111968,1.0,0.0038396174242171515,0.0026811816310385334,False
43,left,LCX,mid,20.0,55,leaky,"[0.75, 0.8)",0.7799141825222162,1,8,43_left_LCX_mid_20mm_55ds_leaky_T5_vox_wide_A_fixed,T5_vox_wide,A_fixed,ok,True,8,2,16.1115292482845,16.1115292482845,16.1115292482845,1.0,0.8419041610956096,0.06198997857339339,1.0,to_negative,0.041138090778323366,7.78017209838727,7.636028358101421,True,28.0,2.253841669864008e-12,1.1976308868130129e-08,1.9307917695943682,328.00377382627545,8,vox,-1.0,0.34765625,1.311381320386538,-6.627672756111968,,,,
43,left,LCX,mid,20.0,55,leaky,"[0.75, 0.8)",0.7799141825222162,1,8,43_left_LCX_mid_20mm_55ds_leaky_T5_vox_wide_B_rederived,T5_vox_wide,B_rederived,ok,True,8,2,16.1115292482845,16.1115292482845,16.1115292482845,1.0,0.8419041610956096,0.06198997857339339,1.0,to_negative,0.041138090778323366,7.78017209838727,7.636028358101421,True,28.0,2.253841669864008e-12,1.1976308868130129e-08,1.9307917695943682,328.00377382627545,8,vox,-1.0,0.34765625,1.311381320386538,-6.627672756111968,,,,
43,left,LCX,mid,20.0,55,leaky,"[0.75, 0.8)",0.7799141825222162,1,8,43_left_LCX_mid_20mm_55ds_leaky_T5_vox_wide_C_flowmatched,T5_vox_wide,C_flowmatched,ok,True,8,2,16.1115292482845,16.616411870998704,16.616411870998704,1.0313367288066686,0.8470780418040457,0.06716385928182944,1.0,to_negative,0.030280144232784172,7.562885396698871,7.636028358101421,True,28.0,3.9183847352194505e-12,1.1976308868130129e-08,1.9307917695943682,328.00377382627545,8,vox,-1.0,0.34765625,1.311381320386538,-6.627672756111968,1.0,0.001692342512885574,0.0009168871347582125,False
196,left,LCX,prox,10.0,60,leaky,"[0.75, 0.8)",0.7922742552736767,1,3,196_left_LCX_prox_10mm_60ds_leaky_clean_none,clean,,ok,True,3,2,16.385309601070883,16.385309601070883,16.385309601070883,1.0,0.7922742552736767,0.0,0.0,,0.0,1.0365700738794503,1.0365700738794503,True,24.0,1.2177165150777387e-11,1.9777525329711207e-09,1.045849415564303,79.0926012462781,3,,,,,,,,,
196,left,LCX,prox,10.0,60,leaky,"[0.75, 0.8)",0.7922742552736767,1,3,196_left_LCX_prox_10mm_60ds_leaky_T5_vox_narrow_A_fixed,T5_vox_narrow,A_fixed,ok,True,3,2,16.385309601070883,16.385309601070883,16.385309601070883,1.0,0.6715010289916277,-0.120773226282049,0.0,,0.16393397687375402,0.8666410193645251,1.0365700738794503,True,21.0,7.030866586098308e-12,1.9777525329711207e-09,1.045849415564303,79.0926012462781,3,vox,1.0,0.318359375,1.1209662578242217,7.1001105692942685,,,,
196,left,LCX,prox,10.0,60,leaky,"[0.75, 0.8)",0.7922742552736767,1,3,196_left_LCX_prox_10mm_60ds_leaky_T5_vox_narrow_B_rederived,T5_vox_narrow,B_rederived,ok,True,3,2,16.385309601070883,16.385309601070883,16.385309601070883,1.0,0.6715010289916277,-0.120773226282049,0.0,,0.16393397687375402,0.8666410193645251,1.0365700738794503,True,21.0,7.030866586098308e-12,1.9777525329711207e-09,1.045849415564303,79.0926012462781,3,vox,1.0,0.318359375,1.1209662578242217,7.1001105692942685,,,,
196,left,LCX,prox,10.0,60,leaky,"[0.75, 0.8)",0.7922742552736767,1,3,196_left_LCX_prox_10mm_60ds_leaky_T5_vox_narrow_C_flowmatched,T5_vox_narrow,C_flowmatched,ok,True,3,2,16.385309601070883,11.002788552951804,11.002788552951804,0.6715032441152472,0.5564035667784374,-0.2358706884952393,0.0,,0.002420158872614498,1.0354556472072358,1.0365700738794503,True,18.0,1.0661987991520598e-11,1.9777525329711207e-09,1.045849415564303,79.0926012462781,3,vox,1.0,0.318359375,1.1209662578242217,7.1001105692942685,1.0,0.026874348773644516,5.857168968694678e-06,False
196,left,LCX,prox,10.0,60,leaky,"[0.75, 0.8)",0.7922742552736767,1,3,196_left_LCX_prox_10mm_60ds_leaky_T5_vox_wide_A_fixed,T5_vox_wide,A_fixed,ok,True,3,2,16.385309601070883,16.385309601070883,16.385309601070883,1.0,0.8681297064586008,0.0758554511849241,1.0,to_negative,0.10296392804192797,1.143299400376997,1.0365700738794503,True,26.0,1.1991304957619845e-11,1.9777525329711207e-09,1.045849415564303,79.0926012462781,3,vox,-1.0,0.318359375,1.1209662578242217,-7.1001105692942685,,,,
196,left,LCX,prox,10.0,60,leaky,"[0.75, 0.8)",0.7922742552736767,1,3,196_left_LCX_prox_10mm_60ds_leaky_T5_vox_wide_B_rederived,T5_vox_wide,B_rederived,ok,True,3,2,16.385309601070883,16.385309601070883,16.385309601070883,1.0,0.8681297064586008,0.0758554511849241,1.0,to_negative,0.10296392804192797,1.143299400376997,1.0365700738794503,True,26.0,1.1991304957619845e-11,1.9777525329711207e-09,1.045849415564303,79.0926012462781,3,vox,-1.0,0.318359375,1.1209662578242217,-7.1001105692942685,,,,
196,left,LCX,prox,10.0,60,leaky,"[0.75, 0.8)",0.7922742552736767,1,3,196_left_LCX_prox_10mm_60ds_leaky_T5_vox_wide_C_flowmatched,T5_vox_wide,C_flowmatched,ok,True,3,2,16.385309601070883,18.530845273267765,18.530845273267765,1.1309426385240018,0.8862586664804976,0.09398441120682088,1.0,to_negative,0.000600189611919229,1.0368367337281763,1.0365700738794503,True,26.0,6.827163920737373e-12,1.9777525329711207e-09,1.045849415564303,79.0926012462781,3,vox,-1.0,0.318359375,1.1209662578242217,-7.1001105692942685,1.0,0.010601570477823322,3.6022757025575473e-07,False
196,left,LCX,prox,10.0,60,discrete,"[0.75, 0.8)",0.7989051171381054,1,3,196_left_LCX_prox_10mm_60ds_discrete_clean_none,clean,,ok,True,3,2,65.08139944834468,65.08139944834468,65.08139944834468,1.0,0.7989051171381054,0.0,0.0,,0.0,1.0161187684227886,1.0161187684227886,True,24.0,7.207691271958651e-12,8.150693739450455e-09,1.045849415564303,79.0926012462781,3,,,,,,,,,
196,left,LCX,prox,10.0,60,discrete,"[0.75, 0.8)",0.7989051171381054,1,3,196_left_LCX_prox_10mm_60ds_discrete_T5_vox_narrow_A_fixed,T5_vox_narrow,A_fixed,ok,True,3,2,65.08139944834468,65.08139944834468,65.08139944834468,1.0,0.6798733761477503,-0.11903174099035507,0.0,,0.16012889109255235,0.8534087968158948,1.0161187684227886,True,21.0,8.413543944644004e-12,8.150693739450455e-09,1.045849415564303,79.0926012462781,3,vox,1.0,0.318359375,1.1209662578242217,7.1001105692942685,,,,
196,left,LCX,prox,10.0,60,discrete,"[0.75, 0.8)",0.7989051171381054,1,3,196_left_LCX_prox_10mm_60ds_discrete_T5_vox_narrow_B_rederived,T5_vox_narrow,B_rederived,ok,True,3,2,65.08139944834468,65.08139944834468,65.08139944834468,1.0,0.6798733761477503,-0.11903174099035507,0.0,,0.16012889109255235,0.8534087968158948,1.0161187684227886,True,21.0,8.413543944644004e-12,8.150693739450455e-09,1.045849415564303,79.0926012462781,3,vox,1.0,0.318359375,1.1209662578242217,7.1001105692942685,,,,
196,left,LCX,prox,10.0,60,discrete,"[0.75, 0.8)",0.7989051171381054,1,3,196_left_LCX_prox_10mm_60ds_discrete_T5_vox_narrow_C_flowmatched,T5_vox_narrow,C_flowmatched,ok,True,3,2,65.08139944834468,43.548696574079564,43.548696574079564,0.6691419813220874,0.573169617986697,-0.22573549915140845,0.0,,0.009197158341263568,1.0124201046827528,1.0161187684227886,True,19.0,9.890360671081697e-12,8.150693739450455e-09,1.045849415564303,79.0926012462781,3,vox,1.0,0.318359375,1.1209662578242217,7.1001105692942685,1.0,0.025641261762530492,8.458772155427402e-05,False
196,left,LCX,prox,10.0,60,discrete,"[0.75, 0.8)",0.7989051171381054,1,3,196_left_LCX_prox_10mm_60ds_discrete_T5_vox_wide_A_fixed,T5_vox_wide,A_fixed,ok,True,3,2,65.08139944834468,65.08139944834468,65.08139944834468,1.0,0.8727751242007441,0.07387000706263869,1.0,to_negative,0.09937452159838679,1.1170950849232106,1.0161187684227886,True,26.0,6.073550943940757e-12,8.150693739450455e-09,1.045849415564303,79.0926012462781,3,vox,-1.0,0.318359375,1.1209662578242217,-7.1001105692942685,,,,
196,left,LCX,prox,10.0,60,discrete,"[0.75, 0.8)",0.7989051171381054,1,3,196_left_LCX_prox_10mm_60ds_discrete_T5_vox_wide_B_rederived,T5_vox_wide,B_rederived,ok,True,3,2,65.08139944834468,65.08139944834468,65.08139944834468,1.0,0.8727751242007441,0.07387000706263869,1.0,to_negative,0.09937452159838679,1.1170950849232106,1.0161187684227886,True,26.0,6.073550943940757e-12,8.150693739450455e-09,1.045849415564303,79.0926012462781,3,vox,-1.0,0.318359375,1.1209662578242217,-7.1001105692942685,,,,
196,left,LCX,prox,10.0,60,discrete,"[0.75, 0.8)",0.7989051171381054,1,3,196_left_LCX_prox_10mm_60ds_discrete_T5_vox_wide_C_flowmatched,T5_vox_wide,C_flowmatched,ok,True,3,2,65.08139944834468,73.74372108376542,73.74372108376542,1.133099805917604,0.8895810817576736,0.09067596461956817,1.0,to_negative,0.002300635527814649,1.0169055486221903,1.0161187684227886,True,26.0,1.27795575615227e-11,8.150693739450455e-09,1.045849415564303,79.0926012462781,3,vox,-1.0,0.318359375,1.1209662578242217,-7.1001105692942685,1.0,0.009875295542908242,5.292923831842988e-06,False
569,left,LCX,prox,10.0,75,leaky,"[0.75, 0.8)",0.7877139765579301,1,6,569_left_LCX_prox_10mm_75ds_leaky_clean_none,clean,,ok,True,6,2,24.00295729764289,24.00295729764289,24.00295729764289,1.0,0.7877139765579301,0.0,0.0,,0.0,5.093036493409709,5.093036493409709,True,28.0,8.571719083100378e-13,1.1183630628805125e-08,1.6647806570033692,245.32657611142918,6,,,,,,,,,
569,left,LCX,prox,10.0,75,leaky,"[0.75, 0.8)",0.7877139765579301,1,6,569_left_LCX_prox_10mm_75ds_leaky_T5_vox_narrow_A_fixed,T5_vox_narrow,A_fixed,ok,True,6,2,24.00295729764289,24.00295729764289,24.00295729764289,1.0,0.5010475989659711,-0.286666377591959,0.0,,0.04016150707954815,4.974726166692315,5.093036493409709,True,28.0,1.003044373715315e-12,1.1183630628805125e-08,1.6647806570033692,245.32657611142918,6,vox,1.0,0.392578125,1.082834401101255,9.063669490938402,,,,
569,left,LCX,prox,10.0,75,leaky,"[0.75, 0.8)",0.7877139765579301,1,6,569_left_LCX_prox_10mm_75ds_leaky_T5_vox_narrow_B_rederived,T5_vox_narrow,B_rederived,ok,True,6,2,24.00295729764289,24.00295729764289,24.00295729764289,1.0,0.5010475989659711,-0.286666377591959,0.0,,0.04016150707954815,4.974726166692315,5.093036493409709,True,28.0,1.003044373715315e-12,1.1183630628805125e-08,1.6647806570033692,245.32657611142918,6,vox,1.0,0.392578125,1.082834401101255,9.063669490938402,,,,
569,left,LCX,prox,10.0,75,leaky,"[0.75, 0.8)",0.7877139765579301,1,6,569_left_LCX_prox_10mm_75ds_leaky_T5_vox_narrow_C_flowmatched,T5_vox_narrow,C_flowmatched,ok,True,6,2,24.00295729764289,23.33020319664335,23.33020319664335,0.9719720327517474,0.49343910781598715,-0.2942748687419429,0.0,,0.029903917883978382,5.112356537122801,5.093036493409709,True,28.0,4.484057306650977e-12,1.1183630628805125e-08,1.6647806570033692,245.32657611142918,6,vox,1.0,0.392578125,1.082834401101255,9.063669490938402,1.0,0.0016129466509005965,0.0008942443048117222,False
569,left,LCX,prox,10.0,75,leaky,"[0.75, 0.8)",0.7877139765579301,1,6,569_left_LCX_prox_10mm_75ds_leaky_T5_vox_wide_A_fixed,T5_vox_wide,A_fixed,ok,True,6,2,24.00295729764289,24.00295729764289,24.00295729764289,1.0,0.9049680681728588,0.11725409161492872,1.0,to_negative,0.016410526694304255,5.141379668640967,5.093036493409709,True,28.0,1.1871753909059002e-12,1.1183630628805125e-08,1.6647806570033692,245.32657611142918,6,vox,-1.0,0.392578125,1.082834401101255,-9.063669490938402,,,,
569,left,LCX,prox,10.0,75,leaky,"[0.75, 0.8)",0.7877139765579301,1,6,569_left_LCX_prox_10mm_75ds_leaky_T5_vox_wide_B_rederived,T5_vox_wide,B_rederived,ok,True,6,2,24.00295729764289,24.00295729764289,24.00295729764289,1.0,0.9049680681728588,0.11725409161492872,1.0,to_negative,0.016410526694304255,5.141379668640967,5.093036493409709,True,28.0,1.1871753909059002e-12,1.1183630628805125e-08,1.6647806570033692,245.32657611142918,6,vox,-1.0,0.392578125,1.082834401101255,-9.063669490938402,,,,
569,left,LCX,prox,10.0,75,leaky,"[0.75, 0.8)",0.7877139765579301,1,6,569_left_LCX_prox_10mm_75ds_leaky_T5_vox_wide_C_flowmatched,T5_vox_wide,C_flowmatched,ok,True,6,2,24.00295729764289,24.290715019892392,24.290715019892392,1.011988427870834,0.9062579328467408,0.11854395628881076,1.0,to_negative,0.011565310562746458,5.082130652772173,5.093036493409709,True,28.0,1.7515231014062807e-12,1.1183630628805125e-08,1.6647806570033692,245.32657611142918,6,vox,-1.0,0.392578125,1.082834401101255,-9.063669490938402,1.0,0.00026930538638447255,0.0001337564084127748,False
569,left,LCX,prox,10.0,75,discrete,"[0.75, 0.8)",0.4953447404317976,1,6,569_left_LCX_prox_10mm_75ds_discrete_clean_none,clean,,ok,True,6,2,45.41157672988339,45.41157672988339,45.41157672988339,1.0,0.4953447404317976,0.0,0.0,,0.0,4.254873116238852,4.254873116238852,True,27.0,3.4597002514953794e-12,2.456002854088168e-08,1.6647806570033692,245.32657611142918,6,,,,,,,,,
569,left,LCX,prox,10.0,75,discrete,"[0.75, 0.8)",0.4953447404317976,1,6,569_left_LCX_prox_10mm_75ds_discrete_T5_vox_narrow_A_fixed,T5_vox_narrow,A_fixed,ok,True,6,2,45.41157672988339,45.41157672988339,45.41157672988339,1.0,0.2512228049719275,-0.2441219354598701,0.0,,0.12639549806255612,3.9654595188140243,4.254873116238852,True,27.0,1.7453478415749478e-12,2.456002854088168e-08,1.6647806570033692,245.32657611142918,6,vox,1.0,0.392578125,1.082834401101255,9.063669490938402,,,,
569,left,LCX,prox,10.0,75,discrete,"[0.75, 0.8)",0.4953447404317976,1,6,569_left_LCX_prox_10mm_75ds_discrete_T5_vox_narrow_B_rederived,T5_vox_narrow,B_rederived,ok,True,6,2,45.41157672988339,45.41157672988339,45.41157672988339,1.0,0.2512228049719275,-0.2441219354598701,0.0,,0.12639549806255612,3.9654595188140243,4.254873116238852,True,27.0,1.7453478415749478e-12,2.456002854088168e-08,1.6647806570033692,245.32657611142918,6,vox,1.0,0.392578125,1.082834401101255,9.063669490938402,,,,
569,left,LCX,prox,10.0,75,discrete,"[0.75, 0.8)",0.4953447404317976,1,6,569_left_LCX_prox_10mm_75ds_discrete_T5_vox_narrow_C_flowmatched,T5_vox_narrow,C_flowmatched,ok,True,6,2,45.41157672988339,40.72154798763571,40.72154798763571,0.8967217374955981,0.2377445617244015,-0.2576001787073961,0.0,,0.09998053420528885,4.302671410791783,4.254873116238852,True,27.0,2.536568211552843e-12,2.456002854088168e-08,1.6647806570033692,245.32657611142918,6,vox,1.0,0.392578125,1.082834401101255,9.063669490938402,1.0,0.015975821930481627,0.009996107219974933,False
569,left,LCX,prox,10.0,75,discrete,"[0.75, 0.8)",0.4953447404317976,1,6,569_left_LCX_prox_10mm_75ds_discrete_T5_vox_wide_A_fixed,T5_vox_wide,A_fixed,ok,True,6,2,45.41157672988339,45.41157672988339,45.41157672988339,1.0,0.7036155471545469,0.20827080672274928,0.0,,0.10447741667345392,4.494099868335801,4.254873116238852,True,27.0,1.1779791449760926e-12,2.456002854088168e-08,1.6647806570033692,245.32657611142918,6,vox,-1.0,0.392578125,1.082834401101255,-9.063669490938402,,,,
569,left,LCX,prox,10.0,75,discrete,"[0.75, 0.8)",0.4953447404317976,1,6,569_left_LCX_prox_10mm_75ds_discrete_T5_vox_wide_B_rederived,T5_vox_wide,B_rederived,ok,True,6,2,45.41157672988339,45.41157672988339,45.41157672988339,1.0,0.7036155471545469,0.20827080672274928,0.0,,0.10447741667345392,4.494099868335801,4.254873116238852,True,27.0,1.1779791449760926e-12,2.456002854088168e-08,1.6647806570033692,245.32657611142918,6,vox,-1.0,0.392578125,1.082834401101255,-9.063669490938402,,,,
569,left,LCX,prox,10.0,75,discrete,"[0.75, 0.8)",0.4953447404317976,1,6,569_left_LCX_prox_10mm_75ds_discrete_T5_vox_wide_C_flowmatched,T5_vox_wide,C_flowmatched,ok,True,6,2,45.41157672988339,50.11566679826331,50.11566679826331,1.103587904387481,0.7231153261333809,0.22777058570158332,0.0,,0.07352527072417028,4.17770170109184,4.254873116238852,True,27.0,3.659046215555138e-12,2.456002854088168e-08,1.6647806570033692,245.32657611142918,6,vox,-1.0,0.392578125,1.082834401101255,-9.063669490938402,1.0,0.010915530594758508,0.0054059654350625316,False
669,left,LCX,prox,20.0,50,leaky,"[0.75, 0.8)",0.7673925359308024,1,6,669_left_LCX_prox_20mm_50ds_leaky_clean_none,clean,,ok,True,6,2,15.24517388402984,15.24517388402984,15.24517388402984,1.0,0.7673925359308024,0.0,0.0,,0.0,5.6664926186909295,5.6664926186909295,True,28.0,2.2003602267929412e-13,8.537542426235641e-09,1.7531607694882088,296.80131826703604,6,,,,,,,,,
669,left,LCX,prox,20.0,50,leaky,"[0.75, 0.8)",0.7673925359308024,1,6,669_left_LCX_prox_20mm_50ds_leaky_T5_vox_narrow_A_fixed,T5_vox_narrow,A_fixed,ok,True,6,2,15.24517388402984,15.24517388402984,15.24517388402984,1.0,0.6399418703776796,-0.1274506655531228,0.0,,0.12654093745847994,5.40362599057113,5.6664926186909295,True,28.0,1.3872613678816531e-13,8.537542426235641e-09,1.7531607694882088,296.80131826703604,6,vox,1.0,0.390625,1.0839448790770174,9.009337272127215,,,,
669,left,LCX,prox,20.0,50,leaky,"[0.75, 0.8)",0.7673925359308024,1,6,669_left_LCX_prox_20mm_50ds_leaky_T5_vox_narrow_B_rederived,T5_vox_narrow,B_rederived,ok,True,6,2,15.24517388402984,15.24517388402984,15.24517388402984,1.0,0.6399418703776796,-0.1274506655531228,0.0,,0.12654093745847994,5.40362599057113,5.6664926186909295,True,28.0,1.3872613678816531e-13,8.537542426235641e-09,1.7531607694882088,296.80131826703604,6,vox,1.0,0.390625,1.0839448790770174,9.009337272127215,,,,
669,left,LCX,prox,20.0,50,leaky,"[0.75, 0.8)",0.7673925359308024,1,6,669_left_LCX_prox_20mm_50ds_leaky_T5_vox_narrow_C_flowmatched,T5_vox_narrow,C_flowmatched,ok,True,6,2,15.24517388402984,14.236404477495928,14.236404477495928,0.9338302459383127,0.6211317480195444,-0.14626078791125796,0.0,,0.11585232915022253,5.732270299205386,5.6664926186909295,True,28.0,1.821951110905093e-13,8.537542426235641e-09,1.7531607694882088,296.80131826703604,6,vox,1.0,0.390625,1.0839448790770174,9.009337272127215,1.0,0.01601260885287093,0.013421762169531502,False
669,left,LCX,prox,20.0,50,leaky,"[0.75, 0.8)",0.7673925359308024,1,6,669_left_LCX_prox_20mm_50ds_leaky_T5_vox_wide_A_fixed,T5_vox_wide,A_fixed,ok,True,6,2,15.24517388402984,15.24517388402984,15.24517388402984,1.0,0.8469096230249642,0.07951708709416183,1.0,to_negative,0.07893566733485353,5.830467636846223,5.6664926186909295,True,28.0,7.573290907459893e-13,8.537542426235641e-09,1.7531607694882088,296.80131826703604,6,vox,-1.0,0.390625,1.0839448790770174,-9.009337272127215,,,,
669,left,LCX,prox,20.0,50,leaky,"[0.75, 0.8)",0.7673925359308024,1,6,669_left_LCX_prox_20mm_50ds_leaky_T5_vox_wide_B_rederived,T5_vox_wide,B_rederived,ok,True,6,2,15.24517388402984,15.24517388402984,15.24517388402984,1.0,0.8469096230249642,0.07951708709416183,1.0,to_negative,0.07893566733485353,5.830467636846223,5.6664926186909295,True,28.0,7.573290907459893e-13,8.537542426235641e-09,1.7531607694882088,296.80131826703604,6,vox,-1.0,0.390625,1.0839448790770174,-9.009337272127215,,,,
669,left,LCX,prox,20.0,50,leaky,"[0.75, 0.8)",0.7673925359308024,1,6,669_left_LCX_prox_20mm_50ds_leaky_T5_vox_wide_C_flowmatched,T5_vox_wide,C_flowmatched,ok,True,6,2,15.24517388402984,16.2400766528887,16.2400766528887,1.0652601784949842,0.856470559596749,0.08907802366594664,1.0,to_negative,0.05702847268141576,5.502343786157143,5.6664926186909295,True,28.0,1.3300449678714693e-13,8.537542426235641e-09,1.7531607694882088,296.80131826703604,6,vox,-1.0,0.390625,1.0839448790770174,-9.009337272127215,1.0,0.006230839577598663,0.003252246696374984,False
675,left,LCX,prox,10.0,65,leaky,"[0.75, 0.8)",0.796829818106905,1,6,675_left_LCX_prox_10mm_65ds_leaky_clean_none,clean,,ok,True,6,3,16.21612342213432,16.21612342213432,16.21612342213432,1.0,0.796829818106905,0.0,0.0,,0.0,4.360197798281432,4.360197798281432,True,28.0,3.844694629614561e-12,6.731249364482839e-09,1.5919825724486614,185.43218217646674,6,,,,,,,,,
675,left,LCX,prox,10.0,65,leaky,"[0.75, 0.8)",0.796829818106905,1,6,675_left_LCX_prox_10mm_65ds_leaky_T5_vox_narrow_A_fixed,T5_vox_narrow,A_fixed,ok,True,6,3,16.21612342213432,16.21612342213432,16.21612342213432,1.0,0.6212836325531443,-0.17554618555376067,0.0,,0.09107385998561188,4.22499903947399,4.360197798281432,True,28.0,3.960907394901251e-12,6.731249364482839e-09,1.5919825724486614,185.43218217646674,6,vox,1.0,0.357421875,1.0231763018081603,8.733144873673359,,,,
675,left,LCX,prox,10.0,65,leaky,"[0.75, 0.8)",0.796829818106905,1,6,675_left_LCX_prox_10mm_65ds_leaky_T5_vox_narrow_B_rederived,T5_vox_narrow,B_rederived,ok,True,6,3,16.21612342213432,16.21612342213432,16.21612342213432,1.0,0.6212836325531443,-0.17554618555376067,0.0,,0.09107385998561188,4.22499903947399,4.360197798281432,True,28.0,3.960907394901251e-12,6.731249364482839e-09,1.5919825724486614,185.43218217646674,6,vox,1.0,0.357421875,1.0231763018081603,8.733144873673359,,,,
675,left,LCX,prox,10.0,65,leaky,"[0.75, 0.8)",0.796829818106905,1,6,675_left_LCX_prox_10mm_65ds_leaky_T5_vox_narrow_C_flowmatched,T5_vox_narrow,C_flowmatched,ok,True,6,3,16.21612342213432,15.57210510691412,15.57210510691412,0.9602853099686488,0.6095965093113432,-0.18723330879556177,0.0,,0.08404687905682044,4.382608636612774,4.360197798281432,True,28.0,4.519265361772087e-12,6.731249364482839e-09,1.5919825724486614,185.43218217646674,6,vox,1.0,0.357421875,1.0231763018081603,8.733144873673359,1.0,0.008294447972678835,0.007063877879191802,False
675,left,LCX,prox,10.0,65,leaky,"[0.75, 0.8)",0.796829818106905,1,6,675_left_LCX_prox_10mm_65ds_leaky_T5_vox_wide_A_fixed,T5_vox_wide,A_fixed,ok,True,6,3,16.21612342213432,16.21612342213432,16.21612342213432,1.0,0.8866198363595044,0.08979001825259936,1.0,to_negative,0.04658709115808353,4.4293561369097425,4.360197798281432,True,28.0,2.7697987763500717e-12,6.731249364482839e-09,1.5919825724486614,185.43218217646674,6,vox,-1.0,0.357421875,1.0231763018081603,-8.733144873673359,,,,
675,left,LCX,prox,10.0,65,leaky,"[0.75, 0.8)",0.796829818106905,1,6,675_left_LCX_prox_10mm_65ds_leaky_T5_vox_wide_B_rederived,T5_vox_wide,B_rederived,ok,True,6,3,16.21612342213432,16.21612342213432,16.21612342213432,1.0,0.8866198363595044,0.08979001825259936,1.0,to_negative,0.04658709115808353,4.4293561369097425,4.360197798281432,True,28.0,2.7697987763500717e-12,6.731249364482839e-09,1.5919825724486614,185.43218217646674,6,vox,-1.0,0.357421875,1.0231763018081603,-8.733144873673359,,,,
675,left,LCX,prox,10.0,65,leaky,"[0.75, 0.8)",0.796829818106905,1,6,675_left_LCX_prox_10mm_65ds_leaky_T5_vox_wide_C_flowmatched,T5_vox_wide,C_flowmatched,ok,True,6,3,16.21612342213432,16.685470054460996,16.685470054460996,1.0289432079485803,0.8903378309987257,0.09350801289182065,1.0,to_negative,0.03816676478996794,4.312622504015231,4.360197798281432,True,28.0,6.023828996881208e-13,6.731249364482839e-09,1.5919825724486614,185.43218217646674,6,vox,-1.0,0.357421875,1.0231763018081603,-8.733144873673359,1.0,0.0021703570625715846,0.0014567019345327363,False
675,left,LCX,prox,10.0,65,discrete,"[0.75, 0.8)",0.7199461273165436,1,5,675_left_LCX_prox_10mm_65ds_discrete_clean_none,clean,,ok,True,5,3,33.44053653942374,33.44053653942374,33.44053653942374,1.0,0.7199461273165436,0.0,0.0,,0.0,3.938411617710229,3.938411617710229,True,27.0,6.667160244705346e-12,1.520689606870658e-08,1.5919825724486614,185.43218217646674,5,,,,,,,,,
675,left,LCX,prox,10.0,65,discrete,"[0.75, 0.8)",0.7199461273165436,1,5,675_left_LCX_prox_10mm_65ds_discrete_T5_vox_narrow_A_fixed,T5_vox_narrow,A_fixed,ok,True,5,3,33.44053653942374,33.44053653942374,33.44053653942374,1.0,0.5287997942731903,-0.19114633304335327,0.0,,0.16610491605322078,3.735369688521791,3.938411617710229,True,27.0,3.2470918007068354e-12,1.520689606870658e-08,1.5919825724486614,185.43218217646674,5,vox,1.0,0.357421875,1.0231763018081603,8.733144873673359,,,,
675,left,LCX,prox,10.0,65,discrete,"[0.75, 0.8)",0.7199461273165436,1,5,675_left_LCX_prox_10mm_65ds_discrete_T5_vox_narrow_B_rederived,T5_vox_narrow,B_rederived,ok,True,5,3,33.44053653942374,33.44053653942374,33.44053653942374,1.0,0.5287997942731903,-0.19114633304335327,0.0,,0.16610491605322078,3.735369688521791,3.938411617710229,True,27.0,3.2470918007068354e-12,1.520689606870658e-08,1.5919825724486614,185.43218217646674,5,vox,1.0,0.357421875,1.0231763018081603,8.733144873673359,,,,
675,left,LCX,prox,10.0,65,discrete,"[0.75, 0.8)",0.7199461273165436,1,5,675_left_LCX_prox_10mm_65ds_discrete_T5_vox_narrow_C_flowmatched,T5_vox_narrow,C_flowmatched,ok,True,5,3,33.44053653942374,32.15029544251152,32.15029544251152,0.961416854200556,0.5197854823719759,-0.20016064494456776,0.0,,0.16365525888131244,3.8479642690614915,3.938411617710229,True,27.0,4.631208849979695e-12,1.520689606870658e-08,1.5919825724486614,185.43218217646674,5,vox,1.0,0.357421875,1.0231763018081603,8.733144873673359,1.0,0.027590843137047526,0.026783043759509392,False
675,left,LCX,prox,10.0,65,discrete,"[0.75, 0.8)",0.7199461273165436,1,5,675_left_LCX_prox_10mm_65ds_discrete_T5_vox_wide_A_fixed,T5_vox_wide,A_fixed,ok,True,5,3,33.44053653942374,33.44053653942374,33.44053653942374,1.0,0.8362647317799337,0.11631860446339004,1.0,to_negative,0.10108010822173985,4.061969064987823,3.938411617710229,True,27.0,5.647763431084684e-12,1.520689606870658e-08,1.5919825724486614,185.43218217646674,5,vox,-1.0,0.357421875,1.0231763018081603,-8.733144873673359,,,,
675,left,LCX,prox,10.0,65,discrete,"[0.75, 0.8)",0.7199461273165436,1,5,675_left_LCX_prox_10mm_65ds_discrete_T5_vox_wide_B_rederived,T5_vox_wide,B_rederived,ok,True,5,3,33.44053653942374,33.44053653942374,33.44053653942374,1.0,0.8362647317799337,0.11631860446339004,1.0,to_negative,0.10108010822173985,4.061969064987823,3.938411617710229,True,27.0,5.647763431084684e-12,1.520689606870658e-08,1.5919825724486614,185.43218217646674,5,vox,-1.0,0.357421875,1.0231763018081603,-8.733144873673359,,,,
675,left,LCX,prox,10.0,65,discrete,"[0.75, 0.8)",0.7199461273165436,1,5,675_left_LCX_prox_10mm_65ds_discrete_T5_vox_wide_C_flowmatched,T5_vox_wide,C_flowmatched,ok,True,5,3,33.44053653942374,35.778562450954226,35.778562450954226,1.069915921019214,0.8459433247937913,0.1259971974772477,1.0,to_negative,0.08655800786401893,3.8515216579990383,3.938411617710229,True,27.0,1.840964021775603e-12,1.520689606870658e-08,1.5919825724486614,185.43218217646674,5,vox,-1.0,0.357421875,1.0231763018081603,-8.733144873673359,1.0,0.010217188278118641,0.007492288725387563,False
686,left,LCX,mid,10.0,70,leaky,"[0.75, 0.8)",0.7776319810568159,1,6,686_left_LCX_mid_10mm_70ds_leaky_clean_none,clean,,ok,True,6,2,23.795563008469745,23.795563008469745,23.795563008469745,1.0,0.7776319810568159,0.0,0.0,,0.0,3.0075092277028492,3.0075092277028492,True,28.0,1.342293147242459e-12,7.002600754446584e-09,1.421129208409341,199.23820373501488,6,,,,,,,,,
686,left,LCX,mid,10.0,70,leaky,"[0.75, 0.8)",0.7776319810568159,1,6,686_left_LCX_mid_10mm_70ds_leaky_T5_vox_narrow_A_fixed,T5_vox_narrow,A_fixed,ok,True,6,2,23.795563008469745,23.795563008469745,23.795563008469745,1.0,0.646260343867424,-0.13137163718939182,0.0,,0.10087372495084074,2.861227778975452,3.0075092277028492,True,28.0,3.518118906553671e-12,7.002600754446584e-09,1.421129208409341,199.23820373501488,6,vox,1.0,0.318359375,1.3423648100012227,5.929077040534719,,,,
686,left,LCX,mid,10.0,70,leaky,"[0.75, 0.8)",0.7776319810568159,1,6,686_left_LCX_mid_10mm_70ds_leaky_T5_vox_narrow_B_rederived,T5_vox_narrow,B_rederived,ok,True,6,2,23.795563008469745,23.795563008469745,23.795563008469745,1.0,0.646260343867424,-0.13137163718939182,0.0,,0.10087372495084074,2.861227778975452,3.0075092277028492,True,28.0,3.518118906553671e-12,7.002600754446584e-09,1.421129208409341,199.23820373501488,6,vox,1.0,0.318359375,1.3423648100012227,5.929077040534719,,,,
686,left,LCX,mid,10.0,70,leaky,"[0.75, 0.8)",0.7776319810568159,1,6,686_left_LCX_mid_10mm_70ds_leaky_T5_vox_narrow_C_flowmatched,T5_vox_narrow,C_flowmatched,ok,True,6,2,23.795563008469745,22.42707767121329,22.42707767121329,0.9424898945753307,0.6286710598517703,-0.14896092120504556,0.0,,0.08892330445162823,3.0101240443416617,3.0075092277028492,True,28.0,6.619388185078709e-12,7.002600754446584e-09,1.421129208409341,199.23820373501488,6,vox,1.0,0.318359375,1.3423648100012227,5.929077040534719,1.0,0.01017550838545787,0.007907354074596966,False
686,left,LCX,mid,10.0,70,leaky,"[0.75, 0.8)",0.7776319810568159,1,6,686_left_LCX_mid_10mm_70ds_leaky_T5_vox_wide_A_fixed,T5_vox_wide,A_fixed,ok,True,6,2,23.795563008469745,23.795563008469745,23.795563008469745,1.0,0.8572020237023412,0.07957004264552536,1.0,to_negative,0.06107975655576587,3.096083682948471,3.0075092277028492,True,28.0,1.9242394084256657e-12,7.002600754446584e-09,1.421129208409341,199.23820373501488,6,vox,-1.0,0.318359375,1.3423648100012227,-5.929077040534719,,,,
686,left,LCX,mid,10.0,70,leaky,"[0.75, 0.8)",0.7776319810568159,1,6,686_left_LCX_mid_10mm_70ds_leaky_T5_vox_wide_B_rederived,T5_vox_wide,B_rederived,ok,True,6,2,23.795563008469745,23.795563008469745,23.795563008469745,1.0,0.8572020237023412,0.07957004264552536,1.0,to_negative,0.06107975655576587,3.096083682948471,3.0075092277028492,True,28.0,1.9242394084256657e-12,7.002600754446584e-09,1.421129208409341,199.23820373501488,6,vox,-1.0,0.318359375,1.3423648100012227,-5.929077040534719,,,,
686,left,LCX,mid,10.0,70,leaky,"[0.75, 0.8)",0.7776319810568159,1,6,686_left_LCX_mid_10mm_70ds_leaky_T5_vox_wide_C_flowmatched,T5_vox_wide,C_flowmatched,ok,True,6,2,23.795563008469745,24.915574446653245,24.915574446653245,1.0470680789433242,0.8649128289232204,0.08728084786640455,1.0,to_negative,0.044730608042476964,2.9685246695444176,3.0075092277028492,True,28.0,2.6520742135059744e-12,7.002600754446584e-09,1.421129208409341,199.23820373501488,6,vox,-1.0,0.318359375,1.3423648100012227,-5.929077040534719,1.0,0.003730736660911624,0.002000827295849705,False
686,left,LCX,mid,10.0,70,discrete,"[0.75, 0.8)",0.7701986458633258,1,6,686_left_LCX_mid_10mm_70ds_discrete_clean_none,clean,,ok,True,6,2,54.44095944065626,54.44095944065626,54.44095944065626,1.0,0.7701986458633258,0.0,0.0,,0.0,2.8671274740357573,2.8671274740357573,True,27.0,4.998660714366278e-13,1.7152643200334922e-08,1.421129208409341,199.23820373501488,6,,,,,,,,,
686,left,LCX,mid,10.0,70,discrete,"[0.75, 0.8)",0.7701986458633258,1,6,686_left_LCX_mid_10mm_70ds_discrete_T5_vox_narrow_A_fixed,T5_vox_narrow,A_fixed,ok,True,6,2,54.44095944065626,54.44095944065626,54.44095944065626,1.0,0.6372269882022531,-0.13297165766107266,0.0,,0.07895313701544303,2.716899672320161,2.8671274740357573,True,28.0,4.190582919389089e-12,1.7152643200334922e-08,1.421129208409341,199.23820373501488,6,vox,1.0,0.318359375,1.3423648100012227,5.929077040534719,,,,
686,left,LCX,mid,10.0,70,discrete,"[0.75, 0.8)",0.7701986458633258,1,6,686_left_LCX_mid_10mm_70ds_discrete_T5_vox_narrow_B_rederived,T5_vox_narrow,B_rederived,ok,True,6,2,54.44095944065626,54.44095944065626,54.44095944065626,1.0,0.6372269882022531,-0.13297165766107266,0.0,,0.07895313701544303,2.716899672320161,2.8671274740357573,True,28.0,4.190582919389089e-12,1.7152643200334922e-08,1.421129208409341,199.23820373501488,6,vox,1.0,0.318359375,1.3423648100012227,5.929077040534719,,,,
686,left,LCX,mid,10.0,70,discrete,"[0.75, 0.8)",0.7701986458633258,1,6,686_left_LCX_mid_10mm_70ds_discrete_T5_vox_narrow_C_flowmatched,T5_vox_narrow,C_flowmatched,ok,True,6,2,54.44095944065626,51.17233143451229,51.17233143451229,0.9399601322289891,0.6200420458683835,-0.15015659999494224,0.0,,0.06442214421845248,2.846696940056274,2.8671274740357573,True,28.0,1.644555496442123e-12,1.7152643200334922e-08,1.421129208409341,199.23820373501488,6,vox,1.0,0.318359375,1.3423648100012227,5.929077040534719,1.0,0.00623359784457932,0.00415021266570309,False
686,left,LCX,mid,10.0,70,discrete,"[0.75, 0.8)",0.7701986458633258,1,6,686_left_LCX_mid_10mm_70ds_discrete_T5_vox_wide_A_fixed,T5_vox_wide,A_fixed,ok,True,6,2,54.44095944065626,54.44095944065626,54.44095944065626,1.0,0.8514540413780162,0.08125539551469041,1.0,to_negative,0.04807951282361502,2.958610596196352,2.8671274740357573,True,27.0,8.260731808199599e-12,1.7152643200334922e-08,1.421129208409341,199.23820373501488,6,vox,-1.0,0.318359375,1.3423648100012227,-5.929077040534719,,,,
686,left,LCX,mid,10.0,70,discrete,"[0.75, 0.8)",0.7701986458633258,1,6,686_left_LCX_mid_10mm_70ds_discrete_T5_vox_wide_B_rederived,T5_vox_wide,B_rederived,ok,True,6,2,54.44095944065626,54.44095944065626,54.44095944065626,1.0,0.8514540413780162,0.08125539551469041,1.0,to_negative,0.04807951282361502,2.958610596196352,2.8671274740357573,True,27.0,8.260731808199599e-12,1.7152643200334922e-08,1.421129208409341,199.23820373501488,6,vox,-1.0,0.318359375,1.3423648100012227,-5.929077040534719,,,,
686,left,LCX,mid,10.0,70,discrete,"[0.75, 0.8)",0.7701986458633258,1,6,686_left_LCX_mid_10mm_70ds_discrete_T5_vox_wide_C_flowmatched,T5_vox_wide,C_flowmatched,ok,True,6,2,54.44095944065626,56.75198650346102,56.75198650346102,1.0424501530933508,0.8581216511584066,0.08792300529508079,1.0,to_negative,0.03356486557229349,2.859909650600132,2.8671274740357573,True,27.0,1.0785202521272935e-12,1.7152643200334922e-08,1.421129208409341,199.23820373501488,6,vox,-1.0,0.318359375,1.3423648100012227,-5.929077040534719,1.0,0.002311639553356161,0.0011266002008861326,False
725,left,LCX,prox,10.0,60,leaky,"[0.75, 0.8)",0.7923966503300754,1,5,725_left_LCX_prox_10mm_60ds_leaky_clean_none,clean,,ok,True,5,2,14.227445524501874,14.227445524501874,14.227445524501874,1.0,0.7923966503300754,0.0,0.0,,0.0,3.850811103697263,3.850811103697263,True,28.0,2.445979851991283e-12,5.32561888415707e-09,1.5334945312177028,350.5780711424912,5,,,,,,,,,
725,left,LCX,prox,10.0,60,leaky,"[0.75, 0.8)",0.7923966503300754,1,5,725_left_LCX_prox_10mm_60ds_leaky_T5_vox_narrow_A_fixed,T5_vox_narrow,A_fixed,ok,True,5,2,14.227445524501874,14.227445524501874,14.227445524501874,1.0,0.6527209196190008,-0.13967573071107464,0.0,,0.0939071772512045,3.6954819332803224,3.850811103697263,True,28.0,9.681733624459217e-13,5.32561888415707e-09,1.5334945312177028,350.5780711424912,5,vox,1.0,0.34179687500000006,1.032968778548757,8.272197623441215,,,,
725,left,LCX,prox,10.0,60,leaky,"[0.75, 0.8)",0.7923966503300754,1,5,725_left_LCX_prox_10mm_60ds_leaky_T5_vox_narrow_B_rederived,T5_vox_narrow,B_rederived,ok,True,5,2,14.227445524501874,14.227445524501874,14.227445524501874,1.0,0.6527209196190008,-0.13967573071107464,0.0,,0.0939071772512045,3.6954819332803224,3.850811103697263,True,28.0,9.681733624459217e-13,5.32561888415707e-09,1.5334945312177028,350.5780711424912,5,vox,1.0,0.34179687500000006,1.032968778548757,8.272197623441215,,,,
725,left,LCX,prox,10.0,60,leaky,"[0.75, 0.8)",0.7923966503300754,1,5,725_left_LCX_prox_10mm_60ds_leaky_T5_vox_narrow_C_flowmatched,T5_vox_narrow,C_flowmatched,ok,True,5,2,14.227445524501874,13.413821502325463,13.413821502325463,0.9428130636117901,0.635969047119382,-0.1564276032106935,0.0,,0.08074613873585365,3.891360588025867,3.850811103697263,True,28.0,2.390453317374476e-12,5.32561888415707e-09,1.5334945312177028,350.5780711424912,5,vox,1.0,0.34179687500000006,1.032968778548757,8.272197623441215,1.0,0.008818557939289139,0.006519938920749726,False
725,left,LCX,prox,10.0,60,leaky,"[0.75, 0.8)",0.7923966503300754,1,5,725_left_LCX_prox_10mm_60ds_leaky_T5_vox_wide_A_fixed,T5_vox_wide,A_fixed,ok,True,5,2,14.227445524501874,14.227445524501874,14.227445524501874,1.0,0.8716591643454471,0.07926251401537165,1.0,to_negative,0.05327175770277289,3.9389263913000194,3.850811103697263,True,28.0,9.726330578030322e-13,5.32561888415707e-09,1.5334945312177028,350.5780711424912,5,vox,-1.0,0.34179687500000006,1.032968778548757,-8.272197623441215,,,,
725,left,LCX,prox,10.0,60,leaky,"[0.75, 0.8)",0.7923966503300754,1,5,725_left_LCX_prox_10mm_60ds_leaky_T5_vox_wide_B_rederived,T5_vox_wide,B_rederived,ok,True,5,2,14.227445524501874,14.227445524501874,14.227445524501874,1.0,0.8716591643454471,0.07926251401537165,1.0,to_negative,0.05327175770277289,3.9389263913000194,3.850811103697263,True,28.0,9.726330578030322e-13,5.32561888415707e-09,1.5334945312177028,350.5780711424912,5,vox,-1.0,0.34179687500000006,1.032968778548757,-8.272197623441215,,,,
725,left,LCX,prox,10.0,60,leaky,"[0.75, 0.8)",0.7923966503300754,1,5,725_left_LCX_prox_10mm_60ds_leaky_T5_vox_wide_C_flowmatched,T5_vox_wide,C_flowmatched,ok,True,5,2,14.227445524501874,14.81286157854156,14.81286157854156,1.0411469545275367,0.8774092701691714,0.08501261983909592,1.0,to_negative,0.03850727503928253,3.7948626563762757,3.850811103697263,True,28.0,1.4894480693605116e-12,5.32561888415707e-09,1.5334945312177028,350.5780711424912,5,vox,-1.0,0.34179687500000006,1.032968778548757,-8.272197623441215,1.0,0.002837880168742943,0.0014828102309509515,False
725,left,LCX,prox,10.0,60,discrete,"[0.75, 0.8)",0.6442653330710628,1,5,725_left_LCX_prox_10mm_60ds_discrete_clean_none,clean,,ok,True,5,2,56.10529079871169,56.10529079871169,56.10529079871169,1.0,0.6442653330710628,0.0,0.0,,0.0,3.3799968468774177,3.3799968468774177,True,27.0,3.714167758130834e-12,2.4075049384859638e-08,1.5334945312177028,350.5780711424912,5,,,,,,,,,
725,left,LCX,prox,10.0,60,discrete,"[0.75, 0.8)",0.6442653330710628,1,5,725_left_LCX_prox_10mm_60ds_discrete_T5_vox_narrow_A_fixed,T5_vox_narrow,A_fixed,ok,True,5,2,56.10529079871169,56.10529079871169,56.10529079871169,1.0,0.48498440002030907,-0.15928093305075375,0.0,,0.1904038069162712,3.065507785867093,3.3799968468774177,True,28.0,3.0309914584927064e-12,2.4075049384859638e-08,1.5334945312177028,350.5780711424912,5,vox,1.0,0.34179687500000006,1.032968778548757,8.272197623441215,,,,
725,left,LCX,prox,10.0,60,discrete,"[0.75, 0.8)",0.6442653330710628,1,5,725_left_LCX_prox_10mm_60ds_discrete_T5_vox_narrow_B_rederived,T5_vox_narrow,B_rederived,ok,True,5,2,56.10529079871169,56.10529079871169,56.10529079871169,1.0,0.48498440002030907,-0.15928093305075375,0.0,,0.1904038069162712,3.065507785867093,3.3799968468774177,True,28.0,3.0309914584927064e-12,2.4075049384859638e-08,1.5334945312177028,350.5780711424912,5,vox,1.0,0.34179687500000006,1.032968778548757,8.272197623441215,,,,
725,left,LCX,prox,10.0,60,discrete,"[0.75, 0.8)",0.6442653330710628,1,5,725_left_LCX_prox_10mm_60ds_discrete_T5_vox_narrow_C_flowmatched,T5_vox_narrow,C_flowmatched,ok,True,5,2,56.10529079871169,52.10066332571828,52.10066332571828,0.9286229976534518,0.4662022135615702,-0.1780631195094926,0.0,,0.18461409136532936,3.2190392523808984,3.3799968468774177,True,28.0,3.269549409291559e-12,2.4075049384859638e-08,1.5334945312177028,350.5780711424912,5,vox,1.0,0.34179687500000006,1.032968778548757,8.272197623441215,1.0,0.03625360968820869,0.034082362730646173,False
725,left,LCX,prox,10.0,60,discrete,"[0.75, 0.8)",0.6442653330710628,1,5,725_left_LCX_prox_10mm_60ds_discrete_T5_vox_wide_A_fixed,T5_vox_wide,A_fixed,ok,True,5,2,56.10529079871169,56.10529079871169,56.10529079871169,1.0,0.763691019762575,0.11942568669151221,0.0,,0.1423313428365577,3.6150848479243103,3.3799968468774177,True,27.0,2.0808639135772068e-12,2.4075049384859638e-08,1.5334945312177028,350.5780711424912,5,vox,-1.0,0.34179687500000006,1.032968778548757,-8.272197623441215,,,,
725,left,LCX,prox,10.0,60,discrete,"[0.75, 0.8)",0.6442653330710628,1,5,725_left_LCX_prox_10mm_60ds_discrete_T5_vox_wide_B_rederived,T5_vox_wide,B_rederived,ok,True,5,2,56.10529079871169,56.10529079871169,56.10529079871169,1.0,0.763691019762575,0.11942568669151221,0.0,,0.1423313428365577,3.6150848479243103,3.3799968468774177,True,27.0,2.0808639135772068e-12,2.4075049384859638e-08,1.5334945312177028,350.5780711424912,5,vox,-1.0,0.34179687500000006,1.032968778548757,-8.272197623441215,,,,
725,left,LCX,prox,10.0,60,discrete,"[0.75, 0.8)",0.6442653330710628,1,5,725_left_LCX_prox_10mm_60ds_discrete_T5_vox_wide_C_flowmatched,T5_vox_wide,C_flowmatched,ok,True,5,2,56.10529079871169,64.00539484616134,64.00539484616134,1.1408085393549203,0.7909448923178275,0.14667955924676468,0.0,,0.10570511879554002,3.2818124113461686,3.3799968468774177,True,27.0,5.41750086062198e-12,2.4075049384859638e-08,1.5334945312177028,350.5780711424912,5,vox,-1.0,0.34179687500000006,1.032968778548757,-8.272197623441215,1.0,0.020258211153657727,0.01117357213957923,False
808,left,LCX,prox,20.0,55,leaky,"[0.75, 0.8)",0.7607359334254022,1,4,808_left_LCX_prox_20mm_55ds_leaky_clean_none,clean,,ok,True,4,2,10.958136310029865,10.958136310029865,10.958136310029865,1.0,0.7607359334254022,0.0,0.0,,0.0,5.497341576227252,5.497341576227252,True,28.0,1.1952021683107427e-12,6.090687068570458e-09,1.7491005308259808,225.74503373605035,4,,,,,,,,,
808,left,LCX,prox,20.0,55,leaky,"[0.75, 0.8)",0.7607359334254022,1,4,808_left_LCX_prox_20mm_55ds_leaky_T5_vox_narrow_A_fixed,T5_vox_narrow,A_fixed,ok,True,4,2,10.958136310029865,10.958136310029865,10.958136310029865,1.0,0.641821509575639,-0.11891442384976325,0.0,,0.08770177608521193,5.2334885646899,5.497341576227252,True,28.0,2.4361455584506812e-12,6.090687068570458e-09,1.7491005308259808,225.74503373605035,4,vox,1.0,0.4140625,1.2625017956088895,8.199245764246667,,,,
808,left,LCX,prox,20.0,55,leaky,"[0.75, 0.8)",0.7607359334254022,1,4,808_left_LCX_prox_20mm_55ds_leaky_T5_vox_narrow_B_rederived,T5_vox_narrow,B_rederived,ok,True,4,2,10.958136310029865,10.958136310029865,10.958136310029865,1.0,0.641821509575639,-0.11891442384976325,0.0,,0.08770177608521193,5.2334885646899,5.497341576227252,True,28.0,2.4361455584506812e-12,6.090687068570458e-09,1.7491005308259808,225.74503373605035,4,vox,1.0,0.4140625,1.2625017956088895,8.199245764246667,,,,
808,left,LCX,prox,20.0,55,leaky,"[0.75, 0.8)",0.7607359334254022,1,4,808_left_LCX_prox_20mm_55ds_leaky_T5_vox_narrow_C_flowmatched,T5_vox_narrow,C_flowmatched,ok,True,4,2,10.958136310029865,10.36812848070515,10.36812848070515,0.9461580133124748,0.625913342242728,-0.13482259118267426,0.0,,0.07571519099257373,5.479936676006876,5.497341576227252,True,28.0,1.6164914096854718e-12,6.090687068570458e-09,1.7491005308259808,225.74503373605035,4,vox,1.0,0.4140625,1.2625017956088895,8.199245764246667,1.0,0.007691601528500652,0.005732790147041919,False
808,left,LCX,prox,20.0,55,leaky,"[0.75, 0.8)",0.7607359334254022,1,4,808_left_LCX_prox_20mm_55ds_leaky_T5_vox_wide_A_fixed,T5_vox_wide,A_fixed,ok,True,4,2,10.958136310029865,10.958136310029865,10.958136310029865,1.0,0.8326570771766839,0.07192114375128167,1.0,to_negative,0.053021190201626565,5.656857167928697,5.497341576227252,True,28.0,1.2188478488974483e-13,6.090687068570458e-09,1.7491005308259808,225.74503373605035,4,vox,-1.0,0.4140625,1.2625017956088895,-8.199245764246667,,,,
808,left,LCX,prox,20.0,55,leaky,"[0.75, 0.8)",0.7607359334254022,1,4,808_left_LCX_prox_20mm_55ds_leaky_T5_vox_wide_B_rederived,T5_vox_wide,B_rederived,ok,True,4,2,10.958136310029865,10.958136310029865,10.958136310029865,1.0,0.8326570771766839,0.07192114375128167,1.0,to_negative,0.053021190201626565,5.656857167928697,5.497341576227252,True,28.0,1.2188478488974483e-13,6.090687068570458e-09,1.7491005308259808,225.74503373605035,4,vox,-1.0,0.4140625,1.2625017956088895,-8.199245764246667,,,,
808,left,LCX,prox,20.0,55,leaky,"[0.75, 0.8)",0.7607359334254022,1,4,808_left_LCX_prox_20mm_55ds_leaky_T5_vox_wide_C_flowmatched,T5_vox_wide,C_flowmatched,ok,True,4,2,10.958136310029865,11.411605889831279,11.411605889831279,1.0413819984504444,0.8398982813092045,0.07916234788380228,1.0,to_negative,0.039005827281030504,5.45702226578763,5.497341576227252,True,28.0,1.3417120985503984e-12,6.090687068570458e-09,1.7491005308259808,225.74503373605035,4,vox,-1.0,0.4140625,1.2625017956088895,-8.199245764246667,1.0,0.002811246610397061,0.0015214545618775833,False
95,right,RCA,prox,20.0,55,leaky,"[0.75, 0.8)",0.7506531891261196,1,2,95_right_RCA_prox_20mm_55ds_leaky_clean_none,clean,,ok,True,2,2,9.522587627775739,9.522587627775739,9.522587627775739,1.0,0.7506531891261196,0.0,0.0,,0.0,2.850896620132087,2.850896620132087,True,26.0,4.4960332773244616e-12,3.1274174355838003e-09,1.4623857652449332,103.39443570332662,2,,,,,,,,,
95,right,RCA,prox,20.0,55,leaky,"[0.75, 0.8)",0.7506531891261196,1,2,95_right_RCA_prox_20mm_55ds_leaky_T5_vox_narrow_A_fixed,T5_vox_narrow,A_fixed,ok,True,2,2,9.522587627775739,9.522587627775739,9.522587627775739,1.0,0.651315266254976,-0.09933792287114351,0.0,,0.1429121868259563,2.551710075177189,2.850896620132087,True,26.0,3.9627853582149904e-12,3.1274174355838003e-09,1.4623857652449332,103.39443570332662,2,vox,1.0,0.34179687500000006,1.3554131707579653,6.304293081512234,,,,
95,right,RCA,prox,20.0,55,leaky,"[0.75, 0.8)",0.7506531891261196,1,2,95_right_RCA_prox_20mm_55ds_leaky_T5_vox_narrow_B_rederived,T5_vox_narrow,B_rederived,ok,True,2,2,9.522587627775739,9.522587627775739,9.522587627775739,1.0,0.651315266254976,-0.09933792287114351,0.0,,0.1429121868259563,2.551710075177189,2.850896620132087,True,26.0,3.9627853582149904e-12,3.1274174355838003e-09,1.4623857652449332,103.39443570332662,2,vox,1.0,0.34179687500000006,1.3554131707579653,6.304293081512234,,,,
95,right,RCA,prox,20.0,55,leaky,"[0.75, 0.8)",0.7506531891261196,1,2,95_right_RCA_prox_20mm_55ds_leaky_T5_vox_narrow_C_flowmatched,T5_vox_narrow,C_flowmatched,ok,True,2,2,9.522587627775739,5.5730595930777325,5.5730595930777325,0.5852463438427264,0.4988819299840518,-0.25177125914206777,0.0,,0.004202900647678741,3.5165650141586866,2.850896620132087,True,27.0,2.5940431326385104e-12,3.1274174355838003e-09,1.4623857652449332,103.39443570332662,2,vox,1.0,0.34179687500000006,1.3554131707579653,6.304293081512234,2.0,0.020423893143377038,1.766437385425838e-05,False
95,right,RCA,prox,20.0,55,leaky,"[0.75, 0.8)",0.7506531891261196,1,2,95_right_RCA_prox_20mm_55ds_leaky_T5_vox_wide_A_fixed,T5_vox_wide,A_fixed,ok,True,2,2,9.522587627775739,9.522587627775739,9.522587627775739,1.0,0.8223527865147559,0.0716995973886363,1.0,to_negative,0.10315039776554077,3.066884737958243,2.850896620132087,True,26.0,2.9074179819624594e-12,3.1274174355838003e-09,1.4623857652449332,103.39443570332662,2,vox,-1.0,0.34179687500000006,1.3554131707579653,-6.304293081512234,,,,
95,right,RCA,prox,20.0,55,leaky,"[0.75, 0.8)",0.7506531891261196,1,2,95_right_RCA_prox_20mm_55ds_leaky_T5_vox_wide_B_rederived,T5_vox_wide,B_rederived,ok,True,2,2,9.522587627775739,9.522587627775739,9.522587627775739,1.0,0.8223527865147559,0.0716995973886363,1.0,to_negative,0.10315039776554077,3.066884737958243,2.850896620132087,True,26.0,2.9074179819624594e-12,3.1274174355838003e-09,1.4623857652449332,103.39443570332662,2,vox,-1.0,0.34179687500000006,1.3554131707579653,-6.304293081512234,,,,
95,right,RCA,prox,20.0,55,leaky,"[0.75, 0.8)",0.7506531891261196,1,2,95_right_RCA_prox_20mm_55ds_leaky_T5_vox_wide_C_flowmatched,T5_vox_wide,C_flowmatched,ok,True,2,2,9.522587627775739,11.067213217864994,11.067213217864994,1.1622064979043985,0.8492007615708781,0.09854757244475854,1.0,to_negative,0.0008590717202014334,2.719523197592667,2.850896620132087,True,27.0,5.668640610852142e-13,3.1274174355838003e-09,1.4623857652449332,103.39443570332662,2,vox,-1.0,0.34179687500000006,1.3554131707579653,-6.304293081512234,2.0,0.010640004559189278,7.380042204498499e-07,False
95,right,RCA,prox,20.0,55,discrete,"[0.75, 0.8)",0.7137505532318151,1,1,95_right_RCA_prox_20mm_55ds_discrete_clean_none,clean,,ok,True,1,0,3.2054761536093967,3.2054761536093967,3.2054761536093967,1.0,0.7137505532318151,0.0,0.0,,0.0,2.3008518805973646,2.3008518805973646,True,22.0,2.2601884213066424e-12,2.702593331002148e-09,1.4623857652449332,103.39443570332662,1,,,,,,,,,
95,right,RCA,prox,20.0,55,discrete,"[0.75, 0.8)",0.7137505532318151,1,1,95_right_RCA_prox_20mm_55ds_discrete_T5_vox_narrow_A_fixed,T5_vox_narrow,A_fixed,ok,True,1,0,3.2054761536093967,3.2054761536093967,3.2054761536093967,1.0,0.6100466651555404,-0.10370388807627473,0.0,,,1.9383342577891973,2.3008518805973646,True,20.0,5.123053837196197e-12,2.702593331002148e-09,1.4623857652449332,103.39443570332662,1,vox,1.0,0.34179687500000006,1.3554131707579653,6.304293081512234,,,,
95,right,RCA,prox,20.0,55,discrete,"[0.75, 0.8)",0.7137505532318151,1,1,95_right_RCA_prox_20mm_55ds_discrete_T5_vox_narrow_B_rederived,T5_vox_narrow,B_rederived,ok,True,1,0,3.2054761536093967,3.2054761536093967,3.2054761536093967,1.0,0.6100466651555404,-0.10370388807627473,0.0,,,1.9383342577891973,2.3008518805973646,True,20.0,5.123053837196197e-12,2.702593331002148e-09,1.4623857652449332,103.39443570332662,1,vox,1.0,0.34179687500000006,1.3554131707579653,6.304293081512234,,,,
95,right,RCA,prox,20.0,55,discrete,"[0.75, 0.8)",0.7137505532318151,1,1,95_right_RCA_prox_20mm_55ds_discrete_T5_vox_narrow_C_flowmatched,T5_vox_narrow,C_flowmatched,skipped: fewer than 2 shared territories to match,True,1,0,,,,,,,,,,,,,,,2.702593331002148e-09,1.4623857652449332,103.39443570332662,1,vox,1.0,0.34179687500000006,1.3554131707579653,6.304293081512234,,,,
95,right,RCA,prox,20.0,55,discrete,"[0.75, 0.8)",0.7137505532318151,1,1,95_right_RCA_prox_20mm_55ds_discrete_T5_vox_wide_A_fixed,T5_vox_wide,A_fixed,ok,True,1,0,3.2054761536093967,3.2054761536093967,3.2054761536093967,1.0,0.7923936951290684,0.0786431418972533,0.0,,,2.5757646671896035,2.3008518805973646,True,24.0,3.3118199501919506e-12,2.702593331002148e-09,1.4623857652449332,103.39443570332662,1,vox,-1.0,0.34179687500000006,1.3554131707579653,-6.304293081512234,,,,
95,right,RCA,prox,20.0,55,discrete,"[0.75, 0.8)",0.7137505532318151,1,1,95_right_RCA_prox_20mm_55ds_discrete_T5_vox_wide_B_rederived,T5_vox_wide,B_rederived,ok,True,1,0,3.2054761536093967,3.2054761536093967,3.2054761536093967,1.0,0.7923936951290684,0.0786431418972533,0.0,,,2.5757646671896035,2.3008518805973646,True,24.0,3.3118199501919506e-12,2.702593331002148e-09,1.4623857652449332,103.39443570332662,1,vox,-1.0,0.34179687500000006,1.3554131707579653,-6.304293081512234,,,,
95,right,RCA,prox,20.0,55,discrete,"[0.75, 0.8)",0.7137505532318151,1,1,95_right_RCA_prox_20mm_55ds_discrete_T5_vox_wide_C_flowmatched,T5_vox_wide,C_flowmatched,skipped: fewer than 2 shared territories to match,True,1,0,,,,,,,,,,,,,,,2.702593331002148e-09,1.4623857652449332,103.39443570332662,1,vox,-1.0,0.34179687500000006,1.3554131707579653,-6.304293081512234,,,,
280,right,RCA,prox,10.0,55,leaky,"[0.75, 0.8)",0.7865579627748858,1,2,280_right_RCA_prox_10mm_55ds_leaky_clean_none,clean,,ok,True,2,2,9.98788816629481,9.98788816629481,9.98788816629481,1.0,0.7865579627748858,0.0,0.0,,0.0,2.4623046004428004,2.4623046004428004,True,25.0,4.0113847799968185e-12,2.924171831741301e-09,1.3954514210297257,143.60890659807646,2,,,,,,,,,
280,right,RCA,prox,10.0,55,leaky,"[0.75, 0.8)",0.7865579627748858,1,2,280_right_RCA_prox_10mm_55ds_leaky_T5_vox_narrow_A_fixed,T5_vox_narrow,A_fixed,ok,True,2,2,9.98788816629481,9.98788816629481,9.98788816629481,1.0,0.691633484907014,-0.09492447786787173,0.0,,0.12954197798942552,2.1843476987599715,2.4623046004428004,True,25.0,5.198884193338437e-12,2.924171831741301e-09,1.3954514210297257,143.60890659807646,2,vox,1.0,0.3359375,1.3456999718509464,6.240943505741736,,,,
280,right,RCA,prox,10.0,55,leaky,"[0.75, 0.8)",0.7865579627748858,1,2,280_right_RCA_prox_10mm_55ds_leaky_T5_vox_narrow_B_rederived,T5_vox_narrow,B_rederived,ok,True,2,2,9.98788816629481,9.98788816629481,9.98788816629481,1.0,0.691633484907014,-0.09492447786787173,0.0,,0.12954197798942552,2.1843476987599715,2.4623046004428004,True,25.0,5.198884193338437e-12,2.924171831741301e-09,1.3954514210297257,143.60890659807646,2,vox,1.0,0.3359375,1.3456999718509464,6.240943505741736,,,,
280,right,RCA,prox,10.0,55,leaky,"[0.75, 0.8)",0.7865579627748858,1,2,280_right_RCA_prox_10mm_55ds_leaky_T5_vox_narrow_C_flowmatched,T5_vox_narrow,C_flowmatched,ok,True,2,2,9.98788816629481,7.0271664994240215,7.0271664994240215,0.7035688007739155,0.5939400880549232,-0.1926178747199626,0.0,,0.0014516849920556331,2.6305839892634633,2.4623046004428004,True,26.0,1.7823992309931842e-12,2.924171831741301e-09,1.3954514210297257,143.60890659807646,2,vox,1.0,0.3359375,1.3456999718509464,6.240943505741736,2.0,0.016781124061412807,2.1073893161595634e-06,False
280,right,RCA,prox,10.0,55,leaky,"[0.75, 0.8)",0.7865579627748858,1,2,280_right_RCA_prox_10mm_55ds_leaky_T5_vox_wide_A_fixed,T5_vox_wide,A_fixed,ok,True,2,2,9.98788816629481,9.98788816629481,9.98788816629481,1.0,0.8530810101219607,0.06652304734707493,1.0,to_negative,0.09072833939600128,2.657022024346166,2.4623046004428004,True,26.0,4.617518640073751e-12,2.924171831741301e-09,1.3954514210297257,143.60890659807646,2,vox,-1.0,0.3359375,1.3456999718509464,-6.240943505741736,,,,
280,right,RCA,prox,10.0,55,leaky,"[0.75, 0.8)",0.7865579627748858,1,2,280_right_RCA_prox_10mm_55ds_leaky_T5_vox_wide_B_rederived,T5_vox_wide,B_rederived,ok,True,2,2,9.98788816629481,9.98788816629481,9.98788816629481,1.0,0.8530810101219607,0.06652304734707493,1.0,to_negative,0.09072833939600128,2.657022024346166,2.4623046004428004,True,26.0,4.617518640073751e-12,2.924171831741301e-09,1.3954514210297257,143.60890659807646,2,vox,-1.0,0.3359375,1.3456999718509464,-6.240943505741736,,,,
280,right,RCA,prox,10.0,55,leaky,"[0.75, 0.8)",0.7865579627748858,1,2,280_right_RCA_prox_10mm_55ds_leaky_T5_vox_wide_C_flowmatched,T5_vox_wide,C_flowmatched,ok,True,2,2,9.98788816629481,11.319302571942771,11.319302571942771,1.133302894814237,0.8731406731669764,0.08658271039209064,1.0,to_negative,0.0004296264587018035,2.4152385742859717,2.4623046004428004,True,26.0,6.327570333441606e-12,2.924171831741301e-09,1.3954514210297257,143.60890659807646,2,vox,-1.0,0.3359375,1.3456999718509464,-6.240943505741736,1.0,0.008231631569555998,1.8457889401665247e-07,False
280,right,RCA,prox,10.0,55,discrete,"[0.75, 0.8)",0.7955566350178593,1,2,280_right_RCA_prox_10mm_55ds_discrete_clean_none,clean,,ok,True,2,2,14.701620169975223,14.701620169975223,14.701620169975223,1.0,0.7955566350178593,0.0,0.0,,0.0,2.0945086487056193,2.0945086487056193,True,24.0,7.24534715690302e-12,5.4181485610485856e-09,1.3954514210297257,143.60890659807646,2,,,,,,,,,
280,right,RCA,prox,10.0,55,discrete,"[0.75, 0.8)",0.7955566350178593,1,2,280_right_RCA_prox_10mm_55ds_discrete_T5_vox_narrow_A_fixed,T5_vox_narrow,A_fixed,ok,True,2,2,14.701620169975223,14.701620169975223,14.701620169975223,1.0,0.7018628968727472,-0.09369373814511217,0.0,,0.12402155575208618,1.8345617261366511,2.0945086487056193,True,23.0,6.952523698862993e-12,5.4181485610485856e-09,1.3954514210297257,143.60890659807646,2,vox,1.0,0.3359375,1.3456999718509464,6.240943505741736,,,,
280,right,RCA,prox,10.0,55,discrete,"[0.75, 0.8)",0.7955566350178593,1,2,280_right_RCA_prox_10mm_55ds_discrete_T5_vox_narrow_B_rederived,T5_vox_narrow,B_rederived,ok,True,2,2,14.701620169975223,14.701620169975223,14.701620169975223,1.0,0.7018628968727472,-0.09369373814511217,0.0,,0.12402155575208618,1.8345617261366511,2.0945086487056193,True,23.0,6.952523698862993e-12,5.4181485610485856e-09,1.3954514210297257,143.60890659807646,2,vox,1.0,0.3359375,1.3456999718509464,6.240943505741736,,,,
280,right,RCA,prox,10.0,55,discrete,"[0.75, 0.8)",0.7955566350178593,1,2,280_right_RCA_prox_10mm_55ds_discrete_T5_vox_narrow_C_flowmatched,T5_vox_narrow,C_flowmatched,ok,True,2,2,14.701620169975223,9.42761693610827,9.42761693610827,0.6412638081455861,0.6243716828632645,-0.17118495215459484,0.0,,0.011605372066335053,2.0917120069064654,2.0945086487056193,True,23.0,6.373261709233917e-12,5.4181485610485856e-09,1.3954514210297257,143.60890659807646,2,vox,1.0,0.3359375,1.3456999718509464,6.240943505741736,1.0,0.01538134629116782,0.00013468466079806992,False
280,right,RCA,prox,10.0,55,discrete,"[0.75, 0.8)",0.7955566350178593,1,2,280_right_RCA_prox_10mm_55ds_discrete_T5_vox_wide_A_fixed,T5_vox_wide,A_fixed,ok,True,2,2,14.701620169975223,14.701620169975223,14.701620169975223,1.0,0.8601116038963319,0.06455496887847256,1.0,to_negative,0.08506512045648335,2.2728186335413567,2.0945086487056193,True,25.0,6.111385035552551e-12,5.4181485610485856e-09,1.3954514210297257,143.60890659807646,2,vox,-1.0,0.3359375,1.3456999718509464,-6.240943505741736,,,,
280,right,RCA,prox,10.0,55,discrete,"[0.75, 0.8)",0.7955566350178593,1,2,280_right_RCA_prox_10mm_55ds_discrete_T5_vox_wide_B_rederived,T5_vox_wide,B_rederived,ok,True,2,2,14.701620169975223,14.701620169975223,14.701620169975223,1.0,0.8601116038963319,0.06455496887847256,1.0,to_negative,0.08506512045648335,2.2728186335413567,2.0945086487056193,True,25.0,6.111385035552551e-12,5.4181485610485856e-09,1.3954514210297257,143.60890659807646,2,vox,-1.0,0.3359375,1.3456999718509464,-6.240943505741736,,,,
280,right,RCA,prox,10.0,55,discrete,"[0.75, 0.8)",0.7955566350178593,1,2,280_right_RCA_prox_10mm_55ds_discrete_T5_vox_wide_C_flowmatched,T5_vox_wide,C_flowmatched,ok,True,2,2,14.701620169975223,17.2283059193535,17.2283059193535,1.1718644421611752,0.8771826125426605,0.08162597752480116,1.0,to_negative,0.0037350303311000223,2.094668093985708,2.0945086487056193,True,25.0,7.565061225084746e-12,5.4181485610485856e-09,1.3954514210297257,143.60890659807646,2,vox,-1.0,0.3359375,1.3456999718509464,-6.240943505741736,1.0,0.007236074718276021,1.395045157423714e-05,False
509,right,RCA,mid,10.0,50,leaky,"[0.75, 0.8)",0.7839878309074712,1,3,509_right_RCA_mid_10mm_50ds_leaky_clean_none,clean,,ok,True,3,2,10.959052736543114,10.959052736543114,10.959052736543114,1.0,0.7839878309074712,0.0,0.0,,0.0,7.994198359773034,7.994198359773034,True,27.0,2.915484145843867e-12,9.774660585399373e-09,2.035652268167428,244.94099254669308,3,,,,,,,,,
509,right,RCA,mid,10.0,50,leaky,"[0.75, 0.8)",0.7839878309074712,1,3,509_right_RCA_mid_10mm_50ds_leaky_T5_vox_narrow_A_fixed,T5_vox_narrow,A_fixed,ok,True,3,2,10.959052736543114,10.959052736543114,10.959052736543114,1.0,0.7107753086461251,-0.073212522261346,0.0,,0.09955445498977615,7.463526122889688,7.994198359773034,True,27.0,2.8517678571968797e-12,9.774660585399373e-09,2.035652268167428,244.94099254669308,3,vox,1.0,0.373046875,1.8012300829979795,5.177668285151809,,,,
509,right,RCA,mid,10.0,50,leaky,"[0.75, 0.8)",0.7839878309074712,1,3,509_right_RCA_mid_10mm_50ds_leaky_T5_vox_narrow_B_rederived,T5_vox_narrow,B_rederived,ok,True,3,2,10.959052736543114,10.959052736543114,10.959052736543114,1.0,0.7107753086461251,-0.073212522261346,0.0,,0.09955445498977615,7.463526122889688,7.994198359773034,True,27.0,2.8517678571968797e-12,9.774660585399373e-09,2.035652268167428,244.94099254669308,3,vox,1.0,0.373046875,1.8012300829979795,5.177668285151809,,,,
509,right,RCA,mid,10.0,50,leaky,"[0.75, 0.8)",0.7839878309074712,1,3,509_right_RCA_mid_10mm_50ds_leaky_T5_vox_narrow_C_flowmatched,T5_vox_narrow,C_flowmatched,ok,True,3,2,10.959052736543114,8.633969920341622,8.633969920341622,0.7878390703926015,0.6436693796655355,-0.14031845124193565,0.0,,0.00408764789148591,8.75232636661337,7.994198359773034,True,27.0,8.621568024124613e-12,9.774660585399373e-09,2.035652268167428,244.94099254669308,3,vox,1.0,0.373046875,1.8012300829979795,5.177668285151809,2.0,0.009911089508311367,1.6708865284769207e-05,False
509,right,RCA,mid,10.0,50,leaky,"[0.75, 0.8)",0.7839878309074712,1,3,509_right_RCA_mid_10mm_50ds_leaky_T5_vox_wide_A_fixed,T5_vox_wide,A_fixed,ok,True,3,2,10.959052736543114,10.959052736543114,10.959052736543114,1.0,0.8404921740844801,0.05650434317700892,1.0,to_negative,0.07670174138952406,8.403216371805033,7.994198359773034,True,27.0,2.1072967792086807e-12,9.774660585399373e-09,2.035652268167428,244.94099254669308,3,vox,-1.0,0.373046875,1.8012300829979795,-5.177668285151809,,,,
509,right,RCA,mid,10.0,50,leaky,"[0.75, 0.8)",0.7839878309074712,1,3,509_right_RCA_mid_10mm_50ds_leaky_T5_vox_wide_B_rederived,T5_vox_wide,B_rederived,ok,True,3,2,10.959052736543114,10.959052736543114,10.959052736543114,1.0,0.8404921740844801,0.05650434317700892,1.0,to_negative,0.07670174138952406,8.403216371805033,7.994198359773034,True,27.0,2.1072967792086807e-12,9.774660585399373e-09,2.035652268167428,244.94099254669308,3,vox,-1.0,0.373046875,1.8012300829979795,-5.177668285151809,,,,
509,right,RCA,mid,10.0,50,leaky,"[0.75, 0.8)",0.7839878309074712,1,3,509_right_RCA_mid_10mm_50ds_leaky_T5_vox_wide_C_flowmatched,T5_vox_wide,C_flowmatched,ok,True,3,2,10.959052736543114,12.223860491910234,12.223860491910234,1.1154121424335883,0.8601493568736237,0.07616152596615255,1.0,to_negative,0.001696711089775884,7.702239842577742,7.994198359773034,True,27.0,9.714952025617817e-13,9.774660585399373e-09,2.035652268167428,244.94099254669308,3,vox,-1.0,0.373046875,1.8012300829979795,-5.177668285151809,1.0,0.0058831571321854275,2.878828522168468e-06,False
509,right,RCA,mid,10.0,50,discrete,"[0.75, 0.8)",0.8227617078661829,0,3,509_right_RCA_mid_10mm_50ds_discrete_clean_none,clean,,ok,True,3,2,4.509112818463622,4.509112818463622,4.509112818463622,1.0,0.8227617078661829,0.0,0.0,,0.0,4.795854772675441,4.795854772675441,True,22.0,5.1983894255054426e-12,8.113543190553246e-09,2.035652268167428,244.94099254669308,3,,,,,,,,,
509,right,RCA,mid,10.0,50,discrete,"[0.75, 0.8)",0.8227617078661829,0,3,509_right_RCA_mid_10mm_50ds_discrete_T5_vox_narrow_A_fixed,T5_vox_narrow,A_fixed,ok,True,3,2,4.509112818463622,4.509112818463622,4.509112818463622,1.0,0.7533744412575611,-0.06938726660862171,1.0,to_positive,0.07965486109550428,4.419934390838597,4.795854772675441,True,22.0,6.6834191242121655e-12,8.113543190553246e-09,2.035652268167428,244.94099254669308,3,vox,1.0,0.373046875,1.8012300829979795,5.177668285151809,,,,
509,right,RCA,mid,10.0,50,discrete,"[0.75, 0.8)",0.8227617078661829,0,3,509_right_RCA_mid_10mm_50ds_discrete_T5_vox_narrow_B_rederived,T5_vox_narrow,B_rederived,ok,True,3,2,4.509112818463622,4.509112818463622,4.509112818463622,1.0,0.7533744412575611,-0.06938726660862171,1.0,to_positive,0.07965486109550428,4.419934390838597,4.795854772675441,True,22.0,6.6834191242121655e-12,8.113543190553246e-09,2.035652268167428,244.94099254669308,3,vox,1.0,0.373046875,1.8012300829979795,5.177668285151809,,,,
509,right,RCA,mid,10.0,50,discrete,"[0.75, 0.8)",0.8227617078661829,0,3,509_right_RCA_mid_10mm_50ds_discrete_T5_vox_narrow_C_flowmatched,T5_vox_narrow,C_flowmatched,ok,True,3,2,4.509112818463622,2.4985512363941713,2.4985512363941713,0.5541114930997659,0.7170498821071413,-0.10571182575904159,1.0,to_positive,0.012307761155564022,4.767404309169192,4.795854772675441,True,21.0,4.188433244515958e-12,8.113543190553246e-09,2.035652268167428,244.94099254669308,3,vox,1.0,0.373046875,1.8012300829979795,5.177668285151809,1.0,0.006344896896144082,0.00015148098466241064,False
509,right,RCA,mid,10.0,50,discrete,"[0.75, 0.8)",0.8227617078661829,0,3,509_right_RCA_mid_10mm_50ds_discrete_T5_vox_wide_A_fixed,T5_vox_wide,A_fixed,ok,True,3,2,4.509112818463622,4.509112818463622,4.509112818463622,1.0,0.8727885081894495,0.050026800323266674,0.0,,0.056490549561213285,5.061948129337272,4.795854772675441,True,23.0,5.297775169731369e-12,8.113543190553246e-09,2.035652268167428,244.94099254669308,3,vox,-1.0,0.373046875,1.8012300829979795,-5.177668285151809,,,,
509,right,RCA,mid,10.0,50,discrete,"[0.75, 0.8)",0.8227617078661829,0,3,509_right_RCA_mid_10mm_50ds_discrete_T5_vox_wide_B_rederived,T5_vox_wide,B_rederived,ok,True,3,2,4.509112818463622,4.509112818463622,4.509112818463622,1.0,0.8727885081894495,0.050026800323266674,0.0,,0.056490549561213285,5.061948129337272,4.795854772675441,True,23.0,5.297775169731369e-12,8.113543190553246e-09,2.035652268167428,244.94099254669308,3,vox,-1.0,0.373046875,1.8012300829979795,-5.177668285151809,,,,
509,right,RCA,mid,10.0,50,discrete,"[0.75, 0.8)",0.8227617078661829,0,3,509_right_RCA_mid_10mm_50ds_discrete_T5_vox_wide_C_flowmatched,T5_vox_wide,C_flowmatched,ok,True,3,2,4.509112818463622,5.673343696002661,5.673343696002661,1.2581951094174937,0.8833239126218542,0.06056220475567131,0.0,,0.005850008017689916,4.807128103583144,4.795854772675441,True,23.0,7.074219374561227e-12,8.113543190553246e-09,2.035652268167428,244.94099254669308,3,vox,-1.0,0.373046875,1.8012300829979795,-5.177668285151809,1.0,0.0031911821897278947,3.4222593807036296e-05,False
773,right,RCA,prox,20.0,55,leaky,"[0.75, 0.8)",0.7571395273781031,1,2,773_right_RCA_prox_20mm_55ds_leaky_clean_none,clean,,ok,True,2,2,10.821667898140994,10.821667898140994,10.821667898140994,1.0,0.7571395273781031,0.0,0.0,,0.0,1.3166639772539148,1.3166639772539148,True,26.0,1.6526825971457843e-12,1.7395112268339968e-09,1.1305993434982433,85.8191590134567,2,,,,,,,,,
773,right,RCA,prox,20.0,55,leaky,"[0.75, 0.8)",0.7571395273781031,1,2,773_right_RCA_prox_20mm_55ds_leaky_T5_vox_narrow_A_fixed,T5_vox_narrow,A_fixed,ok,True,2,2,10.821667898140994,10.821667898140994,10.821667898140994,1.0,0.6387140591453583,-0.1184254682327448,0.0,,0.16879728298992216,1.1500736890240337,1.3166639772539148,True,26.0,4.1170528639513906e-13,1.7395112268339968e-09,1.1305993434982433,85.8191590134567,2,vox,1.0,0.33789062500000006,1.0419118495408013,8.107466700491926,,,,
773,right,RCA,prox,20.0,55,leaky,"[0.75, 0.8)",0.7571395273781031,1,2,773_right_RCA_prox_20mm_55ds_leaky_T5_vox_narrow_B_rederived,T5_vox_narrow,B_rederived,ok,True,2,2,10.821667898140994,10.821667898140994,10.821667898140994,1.0,0.6387140591453583,-0.1184254682327448,0.0,,0.16879728298992216,1.1500736890240337,1.3166639772539148,True,26.0,4.1170528639513906e-13,1.7395112268339968e-09,1.1305993434982433,85.8191590134567,2,vox,1.0,0.33789062500000006,1.0419118495408013,8.107466700491926,,,,
773,right,RCA,prox,20.0,55,leaky,"[0.75, 0.8)",0.7571395273781031,1,2,773_right_RCA_prox_20mm_55ds_leaky_T5_vox_narrow_C_flowmatched,T5_vox_narrow,C_flowmatched,ok,True,2,2,10.821667898140994,5.895342835709223,5.895342835709223,0.5447721082553233,0.4837748834889732,-0.2733646438891299,0.0,,0.08685619625841329,1.6337993145825238,1.3166639772539148,True,27.0,2.5850898550082746e-12,1.7395112268339968e-09,1.1305993434982433,85.8191590134567,2,vox,1.0,0.33789062500000006,1.0419118495408013,8.107466700491926,1.0,0.028492522744779862,0.007543998828480006,False
773,right,RCA,prox,20.0,55,leaky,"[0.75, 0.8)",0.7571395273781031,1,2,773_right_RCA_prox_20mm_55ds_leaky_T5_vox_wide_A_fixed,T5_vox_wide,A_fixed,ok,True,2,2,10.821667898140994,10.821667898140994,10.821667898140994,1.0,0.8300607543531874,0.0729212269750843,1.0,to_negative,0.10393798875628228,1.4192311519647092,1.3166639772539148,True,27.0,1.4725170288293803e-12,1.7395112268339968e-09,1.1305993434982433,85.8191590134567,2,vox,-1.0,0.33789062500000006,1.0419118495408013,-8.107466700491926,,,,
773,right,RCA,prox,20.0,55,leaky,"[0.75, 0.8)",0.7571395273781031,1,2,773_right_RCA_prox_20mm_55ds_leaky_T5_vox_wide_B_rederived,T5_vox_wide,B_rederived,ok,True,2,2,10.821667898140994,10.821667898140994,10.821667898140994,1.0,0.8300607543531874,0.0729212269750843,1.0,to_negative,0.10393798875628228,1.4192311519647092,1.3166639772539148,True,27.0,1.4725170288293803e-12,1.7395112268339968e-09,1.1305993434982433,85.8191590134567,2,vox,-1.0,0.33789062500000006,1.0419118495408013,-8.107466700491926,,,,
773,right,RCA,prox,20.0,55,leaky,"[0.75, 0.8)",0.7571395273781031,1,2,773_right_RCA_prox_20mm_55ds_leaky_T5_vox_wide_C_flowmatched,T5_vox_wide,C_flowmatched,ok,True,2,2,10.821667898140994,12.874330714937756,12.874330714937756,1.1896808177923646,0.8559213255778043,0.09878179819970123,1.0,to_negative,0.00481977760639382,1.238698238424974,1.3166639772539148,True,27.0,2.169725812361911e-12,1.7395112268339968e-09,1.1305993434982433,85.8191590134567,2,vox,-1.0,0.33789062500000006,1.0419118495408013,-8.107466700491926,2.0,0.010803105506701063,2.323025617509534e-05,False
773,right,RCA,prox,20.0,55,discrete,"[0.75, 0.8)",0.743449683712022,1,1,773_right_RCA_prox_20mm_55ds_discrete_clean_none,clean,,ok,True,1,0,10.713946801982933,10.713946801982933,10.713946801982933,1.0,0.743449683712022,0.0,0.0,,0.0,1.0338817321074358,1.0338817321074358,True,24.0,1.8206327750844408e-12,2.6987416087227596e-09,1.1305993434982433,85.8191590134567,1,,,,,,,,,
773,right,RCA,prox,20.0,55,discrete,"[0.75, 0.8)",0.743449683712022,1,1,773_right_RCA_prox_20mm_55ds_discrete_T5_vox_narrow_A_fixed,T5_vox_narrow,A_fixed,ok,True,1,0,10.713946801982933,10.713946801982933,10.713946801982933,1.0,0.6232543896210049,-0.12019529409101715,0.0,,,0.8532322487643955,1.0338817321074358,True,22.0,2.1845118994649824e-12,2.6987416087227596e-09,1.1305993434982433,85.8191590134567,1,vox,1.0,0.33789062500000006,1.0419118495408013,8.107466700491926,,,,
773,right,RCA,prox,20.0,55,discrete,"[0.75, 0.8)",0.743449683712022,1,1,773_right_RCA_prox_20mm_55ds_discrete_T5_vox_narrow_B_rederived,T5_vox_narrow,B_rederived,ok,True,1,0,10.713946801982933,10.713946801982933,10.713946801982933,1.0,0.6232543896210049,-0.12019529409101715,0.0,,,0.8532322487643955,1.0338817321074358,True,22.0,2.1845118994649824e-12,2.6987416087227596e-09,1.1305993434982433,85.8191590134567,1,vox,1.0,0.33789062500000006,1.0419118495408013,8.107466700491926,,,,
773,right,RCA,prox,20.0,55,discrete,"[0.75, 0.8)",0.743449683712022,1,1,773_right_RCA_prox_20mm_55ds_discrete_T5_vox_narrow_C_flowmatched,T5_vox_narrow,C_flowmatched,skipped: fewer than 2 shared territories to match,True,1,0,,,,,,,,,,,,,,,2.6987416087227596e-09,1.1305993434982433,85.8191590134567,1,vox,1.0,0.33789062500000006,1.0419118495408013,8.107466700491926,,,,
773,right,RCA,prox,20.0,55,discrete,"[0.75, 0.8)",0.743449683712022,1,1,773_right_RCA_prox_20mm_55ds_discrete_T5_vox_wide_A_fixed,T5_vox_wide,A_fixed,ok,True,1,0,10.713946801982933,10.713946801982933,10.713946801982933,1.0,0.8190171581996106,0.0755674744875886,1.0,to_negative,,1.1474571039804515,1.0338817321074358,True,26.0,1.2750260145410324e-12,2.6987416087227596e-09,1.1305993434982433,85.8191590134567,1,vox,-1.0,0.33789062500000006,1.0419118495408013,-8.107466700491926,,,,
773,right,RCA,prox,20.0,55,discrete,"[0.75, 0.8)",0.743449683712022,1,1,773_right_RCA_prox_20mm_55ds_discrete_T5_vox_wide_B_rederived,T5_vox_wide,B_rederived,ok,True,1,0,10.713946801982933,10.713946801982933,10.713946801982933,1.0,0.8190171581996106,0.0755674744875886,1.0,to_negative,,1.1474571039804515,1.0338817321074358,True,26.0,1.2750260145410324e-12,2.6987416087227596e-09,1.1305993434982433,85.8191590134567,1,vox,-1.0,0.33789062500000006,1.0419118495408013,-8.107466700491926,,,,
773,right,RCA,prox,20.0,55,discrete,"[0.75, 0.8)",0.743449683712022,1,1,773_right_RCA_prox_20mm_55ds_discrete_T5_vox_wide_C_flowmatched,T5_vox_wide,C_flowmatched,skipped: fewer than 2 shared territories to match,True,1,0,,,,,,,,,,,,,,,2.6987416087227596e-09,1.1305993434982433,85.8191590134567,1,vox,-1.0,0.33789062500000006,1.0419118495408013,-8.107466700491926,,,,
928,right,RCA,mid,10.0,50,leaky,"[0.75, 0.8)",0.7924084974224455,1,3,928_right_RCA_mid_10mm_50ds_leaky_clean_none,clean,,ok,True,3,2,12.252851719832012,12.252851719832012,12.252851719832012,1.0,0.7924084974224455,0.0,0.0,,0.0,3.8537835213803273,3.8537835213803273,True,27.0,1.106655541434734e-12,5.115767332362526e-09,1.5778425422025486,132.52433783179936,3,,,,,,,,,
928,right,RCA,mid,10.0,50,leaky,"[0.75, 0.8)",0.7924084974224455,1,3,928_right_RCA_mid_10mm_50ds_leaky_T5_vox_narrow_A_fixed,T5_vox_narrow,A_fixed,ok,True,3,2,12.252851719832012,12.252851719832012,12.252851719832012,1.0,0.7018307449183484,-0.09057775250409705,0.0,,0.12252084343480078,3.5431817976813442,3.8537835213803273,True,27.0,2.166002891418048e-12,5.115767332362526e-09,1.5778425422025486,132.52433783179936,3,vox,1.0,0.388671875,1.3560909631279876,7.165298744110081,,,,
928,right,RCA,mid,10.0,50,leaky,"[0.75, 0.8)",0.7924084974224455,1,3,928_right_RCA_mid_10mm_50ds_leaky_T5_vox_narrow_B_rederived,T5_vox_narrow,B_rederived,ok,True,3,2,12.252851719832012,12.252851719832012,12.252851719832012,1.0,0.7018307449183484,-0.09057775250409705,0.0,,0.12252084343480078,3.5431817976813442,3.8537835213803273,True,27.0,2.166002891418048e-12,5.115767332362526e-09,1.5778425422025486,132.52433783179936,3,vox,1.0,0.388671875,1.3560909631279876,7.165298744110081,,,,
928,right,RCA,mid,10.0,50,leaky,"[0.75, 0.8)",0.7924084974224455,1,3,928_right_RCA_mid_10mm_50ds_leaky_T5_vox_narrow_C_flowmatched,T5_vox_narrow,C_flowmatched,ok,True,3,2,12.252851719832012,9.200627476653565,9.200627476653565,0.7508968268800454,0.6217230354640485,-0.17068546195839696,0.0,,0.004984745559364476,4.311231167201263,3.8537835213803273,True,27.0,4.448108946634482e-12,5.115767332362526e-09,1.5778425422025486,132.52433783179936,3,vox,1.0,0.388671875,1.3560909631279876,7.165298744110081,2.0,0.015011357075974965,2.4847688291603862e-05,False
928,right,RCA,mid,10.0,50,leaky,"[0.75, 0.8)",0.7924084974224455,1,3,928_right_RCA_mid_10mm_50ds_leaky_T5_vox_wide_A_fixed,T5_vox_wide,A_fixed,ok,True,3,2,12.252851719832012,12.252851719832012,12.252851719832012,1.0,0.8516329374497431,0.05922444002729765,1.0,to_negative,0.08005048908635247,4.056808940012578,3.8537835213803273,True,27.0,2.570240732280606e-12,5.115767332362526e-09,1.5778425422025486,132.52433783179936,3,vox,-1.0,0.388671875,1.3560909631279876,-7.165298744110081,,,,
928,right,RCA,mid,10.0,50,leaky,"[0.75, 0.8)",0.7924084974224455,1,3,928_right_RCA_mid_10mm_50ds_leaky_T5_vox_wide_B_rederived,T5_vox_wide,B_rederived,ok,True,3,2,12.252851719832012,12.252851719832012,12.252851719832012,1.0,0.8516329374497431,0.05922444002729765,1.0,to_negative,0.08005048908635247,4.056808940012578,3.8537835213803273,True,27.0,2.570240732280606e-12,5.115767332362526e-09,1.5778425422025486,132.52433783179936,3,vox,-1.0,0.388671875,1.3560909631279876,-7.165298744110081,,,,
928,right,RCA,mid,10.0,50,leaky,"[0.75, 0.8)",0.7924084974224455,1,3,928_right_RCA_mid_10mm_50ds_leaky_T5_vox_wide_C_flowmatched,T5_vox_wide,C_flowmatched,ok,True,3,2,12.252851719832012,13.60012810066059,13.60012810066059,1.1099561483020257,0.8676915645967912,0.07528306717434574,1.0,to_negative,0.0015277071740411028,3.7168189142968746,3.8537835213803273,True,27.0,2.3647203643352483e-12,5.115767332362526e-09,1.5778425422025486,132.52433783179936,3,vox,-1.0,0.388671875,1.3560909631279876,-7.165298744110081,1.0,0.006408080802964236,2.3338892096166526e-06,False
928,right,RCA,mid,10.0,50,discrete,"[0.75, 0.8)",0.7151688616044012,1,3,928_right_RCA_mid_10mm_50ds_discrete_clean_none,clean,,ok,True,3,2,16.509957309541893,16.509957309541893,16.509957309541893,1.0,0.7151688616044012,0.0,0.0,,0.0,3.1036682134924964,3.1036682134924964,True,23.0,5.343646281242329e-13,8.23398832347021e-09,1.5778425422025486,132.52433783179936,3,,,,,,,,,
928,right,RCA,mid,10.0,50,discrete,"[0.75, 0.8)",0.7151688616044012,1,3,928_right_RCA_mid_10mm_50ds_discrete_T5_vox_narrow_A_fixed,T5_vox_narrow,A_fixed,ok,True,3,2,16.509957309541893,16.509957309541893,16.509957309541893,1.0,0.6107231311471659,-0.10444573045723526,0.0,,0.15566689911175147,2.6168603468866016,3.1036682134924964,True,22.0,1.6232697459511745e-12,8.23398832347021e-09,1.5778425422025486,132.52433783179936,3,vox,1.0,0.388671875,1.3560909631279876,7.165298744110081,,,,
928,right,RCA,mid,10.0,50,discrete,"[0.75, 0.8)",0.7151688616044012,1,3,928_right_RCA_mid_10mm_50ds_discrete_T5_vox_narrow_B_rederived,T5_vox_narrow,B_rederived,ok,True,3,2,16.509957309541893,16.509957309541893,16.509957309541893,1.0,0.6107231311471659,-0.10444573045723526,0.0,,0.15566689911175147,2.6168603468866016,3.1036682134924964,True,22.0,1.6232697459511745e-12,8.23398832347021e-09,1.5778425422025486,132.52433783179936,3,vox,1.0,0.388671875,1.3560909631279876,7.165298744110081,,,,
928,right,RCA,mid,10.0,50,discrete,"[0.75, 0.8)",0.7151688616044012,1,3,928_right_RCA_mid_10mm_50ds_discrete_T5_vox_narrow_C_flowmatched,T5_vox_narrow,C_flowmatched,ok,True,3,2,16.509957309541893,9.681660340024521,9.681660340024521,0.5864134084967638,0.4906719347959354,-0.22449692680846578,0.0,,0.06230995037520912,3.0603948158141794,3.1036682134924964,True,22.0,1.7496169933367102e-12,8.23398832347021e-09,1.5778425422025486,132.52433783179936,3,vox,1.0,0.388671875,1.3560909631279876,7.165298744110081,1.0,0.024232183479068206,0.003882529915761023,False
928,right,RCA,mid,10.0,50,discrete,"[0.75, 0.8)",0.7151688616044012,1,3,928_right_RCA_mid_10mm_50ds_discrete_T5_vox_wide_A_fixed,T5_vox_wide,A_fixed,ok,True,3,2,16.509957309541893,16.509957309541893,16.509957309541893,1.0,0.7917046908602281,0.07653582925582691,0.0,,0.11349412344568315,3.4593815651106263,3.1036682134924964,True,25.0,5.498128631551251e-13,8.23398832347021e-09,1.5778425422025486,132.52433783179936,3,vox,-1.0,0.388671875,1.3560909631279876,-7.165298744110081,,,,
928,right,RCA,mid,10.0,50,discrete,"[0.75, 0.8)",0.7151688616044012,1,3,928_right_RCA_mid_10mm_50ds_discrete_T5_vox_wide_B_rederived,T5_vox_wide,B_rederived,ok,True,3,2,16.509957309541893,16.509957309541893,16.509957309541893,1.0,0.7917046908602281,0.07653582925582691,0.0,,0.11349412344568315,3.4593815651106263,3.1036682134924964,True,25.0,5.498128631551251e-13,8.23398832347021e-09,1.5778425422025486,132.52433783179936,3,vox,-1.0,0.388671875,1.3560909631279876,-7.165298744110081,,,,
928,right,RCA,mid,10.0,50,discrete,"[0.75, 0.8)",0.7151688616044012,1,3,928_right_RCA_mid_10mm_50ds_discrete_T5_vox_wide_C_flowmatched,T5_vox_wide,C_flowmatched,ok,True,3,2,16.509957309541893,20.045503816414147,20.045503816414147,1.2141463142868876,0.8237576853122434,0.10858882370784217,1.0,to_negative,0.016083006332497596,3.0891838915370164,3.1036682134924964,True,25.0,2.0001016613718986e-12,8.23398832347021e-09,1.5778425422025486,132.52433783179936,3,vox,-1.0,0.388671875,1.3560909631279876,-7.165298744110081,1.0,0.012880916056703964,0.0002586630926911578,False
932,right,RCA,prox,10.0,60,leaky,"[0.75, 0.8)",0.7537025528510526,1,2,932_right_RCA_prox_10mm_60ds_leaky_clean_none,clean,,ok,True,2,2,9.355022661206768,9.355022661206768,9.355022661206768,1.0,0.7537025528510526,0.0,0.0,,0.0,1.2872251362983305,1.2872251362983305,True,26.0,2.91935075265868e-12,1.4407054901824695e-09,1.1253216000990882,110.3174513411177,2,,,,,,,,,
932,right,RCA,prox,10.0,60,leaky,"[0.75, 0.8)",0.7537025528510526,1,2,932_right_RCA_prox_10mm_60ds_leaky_T5_vox_narrow_A_fixed,T5_vox_narrow,A_fixed,ok,True,2,2,9.355022661206768,9.355022661206768,9.355022661206768,1.0,0.617973528791439,-0.13572902405961362,0.0,,0.19441324618651296,1.0876092833218414,1.2872251362983305,True,26.0,3.254226701055796e-12,1.4407054901824695e-09,1.1253216000990882,110.3174513411177,2,vox,1.0,0.318359375,1.0657281454782566,7.468118777540893,,,,
932,right,RCA,prox,10.0,60,leaky,"[0.75, 0.8)",0.7537025528510526,1,2,932_right_RCA_prox_10mm_60ds_leaky_T5_vox_narrow_B_rederived,T5_vox_narrow,B_rederived,ok,True,2,2,9.355022661206768,9.355022661206768,9.355022661206768,1.0,0.617973528791439,-0.13572902405961362,0.0,,0.19441324618651296,1.0876092833218414,1.2872251362983305,True,26.0,3.254226701055796e-12,1.4407054901824695e-09,1.1253216000990882,110.3174513411177,2,vox,1.0,0.318359375,1.0657281454782566,7.468118777540893,,,,
932,right,RCA,prox,10.0,60,leaky,"[0.75, 0.8)",0.7537025528510526,1,2,932_right_RCA_prox_10mm_60ds_leaky_T5_vox_narrow_C_flowmatched,T5_vox_narrow,C_flowmatched,ok,True,2,2,9.355022661206768,3.859400853086124,3.859400853086124,0.41254853065083585,0.3852441600418932,-0.3684583928091594,0.0,,0.04063880241358902,1.717064873035136,1.2872251362983305,True,27.0,1.477195300180775e-12,1.4407054901824695e-09,1.1253216000990882,110.3174513411177,2,vox,1.0,0.318359375,1.0657281454782566,7.468118777540893,1.0,0.037796510292777696,0.001651512261610729,False
932,right,RCA,prox,10.0,60,leaky,"[0.75, 0.8)",0.7537025528510526,1,2,932_right_RCA_prox_10mm_60ds_leaky_T5_vox_wide_A_fixed,T5_vox_wide,A_fixed,ok,True,2,2,9.355022661206768,9.355022661206768,9.355022661206768,1.0,0.8425595598181184,0.08885700696706578,1.0,to_negative,0.12727549829964846,1.4179105333788988,1.2872251362983305,True,26.0,6.176920523848762e-13,1.4407054901824695e-09,1.1253216000990882,110.3174513411177,2,vox,-1.0,0.318359375,1.0657281454782566,-7.468118777540893,,,,
932,right,RCA,prox,10.0,60,leaky,"[0.75, 0.8)",0.7537025528510526,1,2,932_right_RCA_prox_10mm_60ds_leaky_T5_vox_wide_B_rederived,T5_vox_wide,B_rederived,ok,True,2,2,9.355022661206768,9.355022661206768,9.355022661206768,1.0,0.8425595598181184,0.08885700696706578,1.0,to_negative,0.12727549829964846,1.4179105333788988,1.2872251362983305,True,26.0,6.176920523848762e-13,1.4407054901824695e-09,1.1253216000990882,110.3174513411177,2,vox,-1.0,0.318359375,1.0657281454782566,-7.468118777540893,,,,
932,right,RCA,prox,10.0,60,leaky,"[0.75, 0.8)",0.7537025528510526,1,2,932_right_RCA_prox_10mm_60ds_leaky_T5_vox_wide_C_flowmatched,T5_vox_wide,C_flowmatched,ok,True,2,2,9.355022661206768,11.139378483032946,11.139378483032946,1.1907377337764784,0.870738593522554,0.11703604067150142,1.0,to_negative,0.0038411965887954593,1.2356621829367505,1.2872251362983305,True,26.0,9.401482890722545e-13,1.4407054901824695e-09,1.1253216000990882,110.3174513411177,2,vox,-1.0,0.318359375,1.0657281454782566,-7.468118777540893,2.0,0.01619905246742382,1.4754791233773873e-05,False
932,right,RCA,prox,10.0,60,discrete,"[0.75, 0.8)",0.7124939904474474,1,2,932_right_RCA_prox_10mm_60ds_discrete_clean_none,clean,,ok,True,2,2,31.589005091015935,31.589005091015935,31.589005091015935,1.0,0.7124939904474474,0.0,0.0,,0.0,1.1299152687554712,1.1299152687554712,True,22.0,1.1044113873395743e-12,6.198740078477392e-09,1.1253216000990882,110.3174513411177,2,,,,,,,,,
932,right,RCA,prox,10.0,60,discrete,"[0.75, 0.8)",0.7124939904474474,1,2,932_right_RCA_prox_10mm_60ds_discrete_T5_vox_narrow_A_fixed,T5_vox_narrow,A_fixed,ok,True,2,2,31.589005091015935,31.589005091015935,31.589005091015935,1.0,0.5716551006224596,-0.14083888982498782,0.0,,0.21438674059014062,0.8876764171447468,1.1299152687554712,True,19.0,2.1016555473314873e-13,6.198740078477392e-09,1.1253216000990882,110.3174513411177,2,vox,1.0,0.318359375,1.0657281454782566,7.468118777540893,,,,
932,right,RCA,prox,10.0,60,discrete,"[0.75, 0.8)",0.7124939904474474,1,2,932_right_RCA_prox_10mm_60ds_discrete_T5_vox_narrow_B_rederived,T5_vox_narrow,B_rederived,ok,True,2,2,31.589005091015935,31.589005091015935,31.589005091015935,1.0,0.5716551006224596,-0.14083888982498782,0.0,,0.21438674059014062,0.8876764171447468,1.1299152687554712,True,19.0,2.1016555473314873e-13,6.198740078477392e-09,1.1253216000990882,110.3174513411177,2,vox,1.0,0.318359375,1.0657281454782566,7.468118777540893,,,,
932,right,RCA,prox,10.0,60,discrete,"[0.75, 0.8)",0.7124939904474474,1,2,932_right_RCA_prox_10mm_60ds_discrete_T5_vox_narrow_C_flowmatched,T5_vox_narrow,C_flowmatched,ok,True,2,2,31.589005091015935,16.221490824748727,16.221490824748727,0.5135169904215248,0.43992270464752253,-0.2725712857999249,0.0,,0.11310686591555828,1.0384911917440065,1.1299152687554712,True,16.0,5.901141407943224e-13,6.198740078477392e-09,1.1253216000990882,110.3174513411177,2,vox,1.0,0.318359375,1.0657281454782566,7.468118777540893,1.0,0.04596167454086424,0.012793163117240079,False
932,right,RCA,prox,10.0,60,discrete,"[0.75, 0.8)",0.7124939904474474,1,2,932_right_RCA_prox_10mm_60ds_discrete_T5_vox_wide_A_fixed,T5_vox_wide,A_fixed,ok,True,2,2,31.589005091015935,31.589005091015935,31.589005091015935,1.0,0.8113051218672025,0.09881113141975506,1.0,to_negative,0.15041155483018018,1.2998675811524842,1.1299152687554712,True,24.0,3.3031133877692852e-12,6.198740078477392e-09,1.1253216000990882,110.3174513411177,2,vox,-1.0,0.318359375,1.0657281454782566,-7.468118777540893,,,,
932,right,RCA,prox,10.0,60,discrete,"[0.75, 0.8)",0.7124939904474474,1,2,932_right_RCA_prox_10mm_60ds_discrete_T5_vox_wide_B_rederived,T5_vox_wide,B_rederived,ok,True,2,2,31.589005091015935,31.589005091015935,31.589005091015935,1.0,0.8113051218672025,0.09881113141975506,1.0,to_negative,0.15041155483018018,1.2998675811524842,1.1299152687554712,True,24.0,3.3031133877692852e-12,6.198740078477392e-09,1.1253216000990882,110.3174513411177,2,vox,-1.0,0.318359375,1.0657281454782566,-7.468118777540893,,,,
932,right,RCA,prox,10.0,60,discrete,"[0.75, 0.8)",0.7124939904474474,1,2,932_right_RCA_prox_10mm_60ds_discrete_T5_vox_wide_C_flowmatched,T5_vox_wide,C_flowmatched,ok,True,2,2,31.589005091015935,40.23494050411426,40.23494050411426,1.2737007825408617,0.8473191696446841,0.1348251791972367,1.0,to_negative,0.02228947493445838,1.132971398966302,1.1299152687554712,True,25.0,6.336086007581299e-13,6.198740078477392e-09,1.1253216000990882,110.3174513411177,2,vox,-1.0,0.318359375,1.0657281454782566,-7.468118777540893,1.0,0.0226236358264323,0.0004968206928538483,False
935,right,RCA,prox,10.0,55,leaky,"[0.75, 0.8)",0.7854378246675997,1,2,935_right_RCA_prox_10mm_55ds_leaky_clean_none,clean,,ok,True,2,2,10.7979963282679,10.7979963282679,10.7979963282679,1.0,0.7854378246675997,0.0,0.0,,0.0,2.640862846179542,2.640862846179542,True,26.0,6.300956625931282e-13,3.3756155189806267e-09,1.4239318318421053,156.50697757375556,2,,,,,,,,,
935,right,RCA,prox,10.0,55,leaky,"[0.75, 0.8)",0.7854378246675997,1,2,935_right_RCA_prox_10mm_55ds_leaky_T5_vox_narrow_A_fixed,T5_vox_narrow,A_fixed,ok,True,2,2,10.7979963282679,10.7979963282679,10.7979963282679,1.0,0.6725130277215549,-0.11292479694604485,0.0,,0.15471645459118893,2.3080599154751904,2.640862846179542,True,26.0,1.8962329396730143e-12,3.3756155189806267e-09,1.4239318318421053,156.50697757375556,2,vox,1.0,0.3828125,1.3427547054306948,7.127372156130541,,,,
935,right,RCA,prox,10.0,55,leaky,"[0.75, 0.8)",0.7854378246675997,1,2,935_right_RCA_prox_10mm_55ds_leaky_T5_vox_narrow_B_rederived,T5_vox_narrow,B_rederived,ok,True,2,2,10.7979963282679,10.7979963282679,10.7979963282679,1.0,0.6725130277215549,-0.11292479694604485,0.0,,0.15471645459118893,2.3080599154751904,2.640862846179542,True,26.0,1.8962329396730143e-12,3.3756155189806267e-09,1.4239318318421053,156.50697757375556,2,vox,1.0,0.3828125,1.3427547054306948,7.127372156130541,,,,
935,right,RCA,prox,10.0,55,leaky,"[0.75, 0.8)",0.7854378246675997,1,2,935_right_RCA_prox_10mm_55ds_leaky_T5_vox_narrow_C_flowmatched,T5_vox_narrow,C_flowmatched,ok,True,2,2,10.7979963282679,5.880802913589891,5.880802913589891,0.5446198289764771,0.5060257749056228,-0.27941204976197687,0.0,,0.002874877431133744,3.185615696142788,2.640862846179542,True,26.0,6.16725542848068e-12,3.3756155189806267e-09,1.4239318318421053,156.50697757375556,2,vox,1.0,0.3828125,1.3427547054306948,7.127372156130541,2.0,0.023937181321267428,8.264920244042155e-06,False
935,right,RCA,prox,10.0,55,leaky,"[0.75, 0.8)",0.7854378246675997,1,2,935_right_RCA_prox_10mm_55ds_leaky_T5_vox_wide_A_fixed,T5_vox_wide,A_fixed,ok,True,2,2,10.7979963282679,10.7979963282679,10.7979963282679,1.0,0.861541784354178,0.07610395968657835,1.0,to_negative,0.10426881554364989,2.8651469439003465,2.640862846179542,True,26.0,5.339433669511651e-12,3.3756155189806267e-09,1.4239318318421053,156.50697757375556,2,vox,-1.0,0.3828125,1.3427547054306948,-7.127372156130541,,,,
935,right,RCA,prox,10.0,55,leaky,"[0.75, 0.8)",0.7854378246675997,1,2,935_right_RCA_prox_10mm_55ds_leaky_T5_vox_wide_B_rederived,T5_vox_wide,B_rederived,ok,True,2,2,10.7979963282679,10.7979963282679,10.7979963282679,1.0,0.861541784354178,0.07610395968657835,1.0,to_negative,0.10426881554364989,2.8651469439003465,2.640862846179542,True,26.0,5.339433669511651e-12,3.3756155189806267e-09,1.4239318318421053,156.50697757375556,2,vox,-1.0,0.3828125,1.3427547054306948,-7.127372156130541,,,,
935,right,RCA,prox,10.0,55,leaky,"[0.75, 0.8)",0.7854378246675997,1,2,935_right_RCA_prox_10mm_55ds_leaky_T5_vox_wide_C_flowmatched,T5_vox_wide,C_flowmatched,ok,True,2,2,10.7979963282679,0.4776134750328751,0.4776134750328751,0.04423167599923502,0.2264984155073262,-0.5589394091602735,0.0,,0.015066504805742127,17.090957949958998,2.640862846179542,True,27.0,1.3121584159978964e-12,3.3756155189806267e-09,1.4239318318421053,156.50697757375556,2,vox,-1.0,0.3828125,1.3427547054306948,-7.127372156130541,2.0,0.010871985894875685,0.0002269995670614506,False
935,right,RCA,prox,10.0,55,discrete,"[0.75, 0.8)",0.786972466842501,1,2,935_right_RCA_prox_10mm_55ds_discrete_clean_none,clean,,ok,True,2,2,10.833123415466424,10.833123415466424,10.833123415466424,1.0,0.786972466842501,0.0,0.0,,0.0,2.142104288785329,2.142104288785329,True,23.0,7.678086608302682e-12,5.423794308571471e-09,1.4239318318421053,156.50697757375556,2,,,,,,,,,
935,right,RCA,prox,10.0,55,discrete,"[0.75, 0.8)",0.786972466842501,1,2,935_right_RCA_prox_10mm_55ds_discrete_T5_vox_narrow_A_fixed,T5_vox_narrow,A_fixed,ok,True,2,2,10.833123415466424,10.833123415466424,10.833123415466424,1.0,0.6747573972000432,-0.11221506964245775,0.0,,0.15342148631081012,1.8134594649691957,2.142104288785329,True,20.0,6.535517879039168e-12,5.423794308571471e-09,1.4239318318421053,156.50697757375556,2,vox,1.0,0.3828125,1.3427547054306948,7.127372156130541,,,,
935,right,RCA,prox,10.0,55,discrete,"[0.75, 0.8)",0.786972466842501,1,2,935_right_RCA_prox_10mm_55ds_discrete_T5_vox_narrow_B_rederived,T5_vox_narrow,B_rederived,ok,True,2,2,10.833123415466424,10.833123415466424,10.833123415466424,1.0,0.6747573972000432,-0.11221506964245775,0.0,,0.15342148631081012,1.8134594649691957,2.142104288785329,True,20.0,6.535517879039168e-12,5.423794308571471e-09,1.4239318318421053,156.50697757375556,2,vox,1.0,0.3828125,1.3427547054306948,7.127372156130541,,,,
935,right,RCA,prox,10.0,55,discrete,"[0.75, 0.8)",0.786972466842501,1,2,935_right_RCA_prox_10mm_55ds_discrete_T5_vox_narrow_C_flowmatched,T5_vox_narrow,C_flowmatched,ok,True,2,2,10.833123415466424,4.706253699023704,4.706253699023704,0.43443183637182575,0.5752566145786566,-0.21171585226384437,0.0,,0.04472081152575785,2.108943650360151,2.142104288785329,True,18.0,5.461681032241223e-12,5.423794308571471e-09,1.4239318318421053,156.50697757375556,2,vox,1.0,0.3828125,1.3427547054306948,7.127372156130541,1.0,0.023538152461818094,0.0019999509835223563,False
935,right,RCA,prox,10.0,55,discrete,"[0.75, 0.8)",0.786972466842501,1,2,935_right_RCA_prox_10mm_55ds_discrete_T5_vox_wide_A_fixed,T5_vox_wide,A_fixed,ok,True,2,2,10.833123415466424,10.833123415466424,10.833123415466424,1.0,0.8623174863402598,0.07534501949775885,1.0,to_negative,0.10301241102722238,2.3627676162489637,2.142104288785329,True,25.0,5.941823261719829e-12,5.423794308571471e-09,1.4239318318421053,156.50697757375556,2,vox,-1.0,0.3828125,1.3427547054306948,-7.127372156130541,,,,
935,right,RCA,prox,10.0,55,discrete,"[0.75, 0.8)",0.786972466842501,1,2,935_right_RCA_prox_10mm_55ds_discrete_T5_vox_wide_B_rederived,T5_vox_wide,B_rederived,ok,True,2,2,10.833123415466424,10.833123415466424,10.833123415466424,1.0,0.8623174863402598,0.07534501949775885,1.0,to_negative,0.10301241102722238,2.3627676162489637,2.142104288785329,True,25.0,5.941823261719829e-12,5.423794308571471e-09,1.4239318318421053,156.50697757375556,2,vox,-1.0,0.3828125,1.3427547054306948,-7.127372156130541,,,,
935,right,RCA,prox,10.0,55,discrete,"[0.75, 0.8)",0.786972466842501,1,2,935_right_RCA_prox_10mm_55ds_discrete_T5_vox_wide_C_flowmatched,T5_vox_wide,C_flowmatched,ok,True,2,2,10.833123415466424,13.708816637532472,13.708816637532472,1.2654537488200703,0.8822521288840002,0.09527966204149918,1.0,to_negative,0.010987868966699704,2.1424385624012285,2.142104288785329,True,26.0,4.785428610879345e-12,5.423794308571471e-09,1.4239318318421053,156.50697757375556,2,vox,-1.0,0.3828125,1.3427547054306948,-7.127372156130541,1.0,0.010611556825641407,0.00012073326442936242,False
980,right,RCA,mid,20.0,50,leaky,"[0.75, 0.8)",0.7844880796500561,1,2,980_right_RCA_mid_20mm_50ds_leaky_clean_none,clean,,ok,True,2,2,9.30132481122459,9.30132481122459,9.30132481122459,1.0,0.7844880796500561,0.0,0.0,,0.0,5.012279968260162,5.012279968260162,True,23.0,4.597584035394484e-12,5.6463483988949015e-09,1.7806937075276852,220.37725127483594,2,,,,,,,,,
980,right,RCA,mid,20.0,50,leaky,"[0.75, 0.8)",0.7844880796500561,1,2,980_right_RCA_mid_20mm_50ds_leaky_T5_vox_narrow_A_fixed,T5_vox_narrow,A_fixed,ok,True,2,2,9.30132481122459,9.30132481122459,9.30132481122459,1.0,0.7161665083053746,-0.06832157134468142,0.0,,0.09301361228451202,4.54415023700723,5.012279968260162,True,21.0,2.33877003067555e-12,5.6463483988949015e-09,1.7806937075276852,220.37725127483594,2,vox,1.0,0.357421875,1.7998491930122842,4.964608651486621,,,,
980,right,RCA,mid,20.0,50,leaky,"[0.75, 0.8)",0.7844880796500561,1,2,980_right_RCA_mid_20mm_50ds_leaky_T5_vox_narrow_B_rederived,T5_vox_narrow,B_rederived,ok,True,2,2,9.30132481122459,9.30132481122459,9.30132481122459,1.0,0.7161665083053746,-0.06832157134468142,0.0,,0.09301361228451202,4.54415023700723,5.012279968260162,True,21.0,2.33877003067555e-12,5.6463483988949015e-09,1.7806937075276852,220.37725127483594,2,vox,1.0,0.357421875,1.7998491930122842,4.964608651486621,,,,
980,right,RCA,mid,20.0,50,leaky,"[0.75, 0.8)",0.7844880796500561,1,2,980_right_RCA_mid_20mm_50ds_leaky_T5_vox_narrow_C_flowmatched,T5_vox_narrow,C_flowmatched,ok,True,2,2,9.30132481122459,7.523967437295657,7.523967437295657,0.8089135246858528,0.6578011717693295,-0.12668690788072656,0.0,,0.00569130890917082,5.060040901976045,5.012279968260162,True,21.0,5.379954909292319e-12,5.6463483988949015e-09,1.7806937075276852,220.37725127483594,2,vox,1.0,0.357421875,1.7998491930122842,4.964608651486621,1.0,0.008651532070213524,3.239099709960715e-05,False
980,right,RCA,mid,20.0,50,leaky,"[0.75, 0.8)",0.7844880796500561,1,2,980_right_RCA_mid_20mm_50ds_leaky_T5_vox_wide_A_fixed,T5_vox_wide,A_fixed,ok,True,2,2,9.30132481122459,9.30132481122459,9.30132481122459,1.0,0.8374681307167946,0.05298005106673853,1.0,to_negative,0.07202953742217742,5.375063799983058,5.012279968260162,True,24.0,1.890712683482776e-12,5.6463483988949015e-09,1.7806937075276852,220.37725127483594,2,vox,-1.0,0.357421875,1.7998491930122842,-4.964608651486621,,,,
980,right,RCA,mid,20.0,50,leaky,"[0.75, 0.8)",0.7844880796500561,1,2,980_right_RCA_mid_20mm_50ds_leaky_T5_vox_wide_B_rederived,T5_vox_wide,B_rederived,ok,True,2,2,9.30132481122459,9.30132481122459,9.30132481122459,1.0,0.8374681307167946,0.05298005106673853,1.0,to_negative,0.07202953742217742,5.375063799983058,5.012279968260162,True,24.0,1.890712683482776e-12,5.6463483988949015e-09,1.7806937075276852,220.37725127483594,2,vox,-1.0,0.357421875,1.7998491930122842,-4.964608651486621,,,,
980,right,RCA,mid,20.0,50,leaky,"[0.75, 0.8)",0.7844880796500561,1,2,980_right_RCA_mid_20mm_50ds_leaky_T5_vox_wide_C_flowmatched,T5_vox_wide,C_flowmatched,ok,True,2,2,9.30132481122459,10.303290252993946,10.303290252993946,1.1077228741179117,0.8556836183640141,0.071195538713958,1.0,to_negative,0.0024923862895542704,4.991619925998492,5.012279968260162,True,25.0,7.383085460921867e-12,5.6463483988949015e-09,1.7806937075276852,220.37725127483594,2,vox,-1.0,0.357421875,1.7998491930122842,-4.964608651486621,1.0,0.005188254261252858,6.211989416358102e-06,False
980,right,RCA,mid,20.0,50,discrete,"[0.75, 0.8)",0.8904796327467854,0,2,980_right_RCA_mid_20mm_50ds_discrete_clean_none,clean,,ok,True,2,2,6.077770334878447,6.077770334878447,6.077770334878447,1.0,0.8904796327467854,0.0,0.0,,0.0,3.3114028196431455,3.3114028196431455,True,21.0,1.2467979789904264e-11,6.5909641366875854e-09,1.7806937075276852,220.37725127483594,2,,,,,,,,,
980,right,RCA,mid,20.0,50,discrete,"[0.75, 0.8)",0.8904796327467854,0,2,980_right_RCA_mid_20mm_50ds_discrete_T5_vox_narrow_A_fixed,T5_vox_narrow,A_fixed,ok,True,2,2,6.077770334878447,6.077770334878447,6.077770334878447,1.0,0.8461546297261685,-0.04432500302061693,0.0,,0.04472026287169824,3.1633666554814024,3.3114028196431455,True,20.0,1.3344644837688616e-11,6.5909641366875854e-09,1.7806937075276852,220.37725127483594,2,vox,1.0,0.357421875,1.7998491930122842,4.964608651486621,,,,
980,right,RCA,mid,20.0,50,discrete,"[0.75, 0.8)",0.8904796327467854,0,2,980_right_RCA_mid_20mm_50ds_discrete_T5_vox_narrow_B_rederived,T5_vox_narrow,B_rederived,ok,True,2,2,6.077770334878447,6.077770334878447,6.077770334878447,1.0,0.8461546297261685,-0.04432500302061693,0.0,,0.04472026287169824,3.1633666554814024,3.3114028196431455,True,20.0,1.3344644837688616e-11,6.5909641366875854e-09,1.7806937075276852,220.37725127483594,2,vox,1.0,0.357421875,1.7998491930122842,4.964608651486621,,,,
980,right,RCA,mid,20.0,50,discrete,"[0.75, 0.8)",0.8904796327467854,0,2,980_right_RCA_mid_20mm_50ds_discrete_T5_vox_narrow_C_flowmatched,T5_vox_narrow,C_flowmatched,ok,True,2,2,6.077770334878447,4.89593540793431,4.89593540793431,0.8055479457389249,0.8349677098963878,-0.05551192285039763,0.0,,0.013361195835576722,3.30031946323891,3.3114028196431455,True,19.0,6.748402560171283e-12,6.5909641366875854e-09,1.7806937075276852,220.37725127483594,2,vox,1.0,0.357421875,1.7998491930122842,4.964608651486621,1.0,0.001999901911313792,0.00017852155415663275,False
980,right,RCA,mid,20.0,50,discrete,"[0.75, 0.8)",0.8904796327467854,0,2,980_right_RCA_mid_20mm_50ds_discrete_T5_vox_wide_A_fixed,T5_vox_wide,A_fixed,ok,True,2,2,6.077770334878447,6.077770334878447,6.077770334878447,1.0,0.9200982448089559,0.029618612062170424,0.0,,0.029521219924629985,3.4091242318407047,3.3114028196431455,True,21.0,1.0847788453034806e-12,6.5909641366875854e-09,1.7806937075276852,220.37725127483594,2,vox,-1.0,0.357421875,1.7998491930122842,-4.964608651486621,,,,
980,right,RCA,mid,20.0,50,discrete,"[0.75, 0.8)",0.8904796327467854,0,2,980_right_RCA_mid_20mm_50ds_discrete_T5_vox_wide_B_rederived,T5_vox_wide,B_rederived,ok,True,2,2,6.077770334878447,6.077770334878447,6.077770334878447,1.0,0.9200982448089559,0.029618612062170424,0.0,,0.029521219924629985,3.4091242318407047,3.3114028196431455,True,21.0,1.0847788453034806e-12,6.5909641366875854e-09,1.7806937075276852,220.37725127483594,2,vox,-1.0,0.357421875,1.7998491930122842,-4.964608651486621,,,,
980,right,RCA,mid,20.0,50,discrete,"[0.75, 0.8)",0.8904796327467854,0,2,980_right_RCA_mid_20mm_50ds_discrete_T5_vox_wide_C_flowmatched,T5_vox_wide,C_flowmatched,ok,True,2,2,6.077770334878447,6.79218259748757,6.79218259748757,1.117545123169484,0.9233578700026652,0.032878237255879794,0.0,,0.007298071134893528,3.315744837506778,3.3114028196431455,True,21.0,1.8487482420054706e-12,6.5909641366875854e-09,1.7806937075276852,220.37725127483594,2,vox,-1.0,0.357421875,1.7998491930122842,-4.964608651486621,1.0,0.0008715024258383703,5.326184228996611e-05,False
45,left,LAD,prox,10.0,55,leaky,"[0.8, 0.85)",0.8100179216519049,0,9,45_left_LAD_prox_10mm_55ds_leaky_clean_none,clean,,ok,True,9,2,13.100898032725956,13.100898032725956,13.100898032725956,1.0,0.8100179216519049,0.0,0.0,,0.0,5.785929577777037,5.785929577777037,True,28.0,2.4019078315399506e-12,7.594804953901334e-09,1.7578668570521276,304.3767329059062,9,,,,,,,,,
45,left,LAD,prox,10.0,55,leaky,"[0.8, 0.85)",0.8100179216519049,0,9,45_left_LAD_prox_10mm_55ds_leaky_T5_vox_narrow_A_fixed,T5_vox_narrow,A_fixed,ok,True,9,2,13.100898032725956,13.100898032725956,13.100898032725956,1.0,0.6887786583153451,-0.12123926333655977,1.0,to_positive,0.1078176789877164,5.550051222261352,5.785929577777037,True,28.0,3.955683665012918e-12,7.594804953901334e-09,1.7578668570521276,304.3767329059062,9,vox,1.0,0.40039062500000006,1.1936437028768438,8.385890698267081,,,,
45,left,LAD,prox,10.0,55,leaky,"[0.8, 0.85)",0.8100179216519049,0,9,45_left_LAD_prox_10mm_55ds_leaky_T5_vox_narrow_B_rederived,T5_vox_narrow,B_rederived,ok,True,9,2,13.100898032725956,13.100898032725956,13.100898032725956,1.0,0.6887786583153451,-0.12123926333655977,1.0,to_positive,0.1078176789877164,5.550051222261352,5.785929577777037,True,28.0,3.955683665012918e-12,7.594804953901334e-09,1.7578668570521276,304.3767329059062,9,vox,1.0,0.40039062500000006,1.1936437028768438,8.385890698267081,,,,
45,left,LAD,prox,10.0,55,leaky,"[0.8, 0.85)",0.8100179216519049,0,9,45_left_LAD_prox_10mm_55ds_leaky_T5_vox_narrow_C_flowmatched,T5_vox_narrow,C_flowmatched,ok,True,9,2,13.100898032725956,12.302603159496812,12.302603159496812,0.9390656372383779,0.6712212904474835,-0.13879663120442143,1.0,to_positive,0.09658981692995083,5.849912378647496,5.785929577777037,True,28.0,2.1930518251761823e-12,7.594804953901334e-09,1.7578668570521276,304.3767329059062,9,vox,1.0,0.40039062500000006,1.1936437028768438,8.385890698267081,1.0,0.01162465190229826,0.009329592734561416,False
45,left,LAD,prox,10.0,55,leaky,"[0.8, 0.85)",0.8100179216519049,0,9,45_left_LAD_prox_10mm_55ds_leaky_T5_vox_wide_A_fixed,T5_vox_wide,A_fixed,ok,True,9,2,13.100898032725956,13.100898032725956,13.100898032725956,1.0,0.8801522996799861,0.0701343780280812,0.0,,0.06234631230172834,5.922327854540215,5.785929577777037,True,28.0,1.033345872471533e-12,7.594804953901334e-09,1.7578668570521276,304.3767329059062,9,vox,-1.0,0.40039062500000006,1.1936437028768438,-8.385890698267081,,,,
45,left,LAD,prox,10.0,55,leaky,"[0.8, 0.85)",0.8100179216519049,0,9,45_left_LAD_prox_10mm_55ds_leaky_T5_vox_wide_B_rederived,T5_vox_wide,B_rederived,ok,True,9,2,13.100898032725956,13.100898032725956,13.100898032725956,1.0,0.8801522996799861,0.0701343780280812,0.0,,0.06234631230172834,5.922327854540215,5.785929577777037,True,28.0,1.033345872471533e-12,7.594804953901334e-09,1.7578668570521276,304.3767329059062,9,vox,-1.0,0.40039062500000006,1.1936437028768438,-8.385890698267081,,,,
45,left,LAD,prox,10.0,55,leaky,"[0.8, 0.85)",0.8100179216519049,0,9,45_left_LAD_prox_10mm_55ds_leaky_T5_vox_wide_C_flowmatched,T5_vox_wide,C_flowmatched,ok,True,9,2,13.100898032725956,13.759928518771412,13.759928518771412,1.0503042222295909,0.8867779871416259,0.07676006548972103,0.0,,0.045024100252974125,5.66767880435016,5.785929577777037,True,28.0,2.002177749673476e-12,7.594804953901334e-09,1.7578668570521276,304.3767329059062,9,vox,-1.0,0.40039062500000006,1.1936437028768438,-8.385890698267081,1.0,0.0038870626576246424,0.002027169603589865,False
45,left,LAD,prox,10.0,55,discrete,"[0.8, 0.85)",0.7465455636764098,1,9,45_left_LAD_prox_10mm_55ds_discrete_clean_none,clean,,ok,True,9,2,39.97592556169734,39.97592556169734,39.97592556169734,1.0,0.7465455636764098,0.0,0.0,,0.0,5.417092490327058,5.417092490327058,True,28.0,2.016301156819413e-12,2.6658173413466972e-08,1.7578668570521276,304.3767329059062,9,,,,,,,,,
45,left,LAD,prox,10.0,55,discrete,"[0.8, 0.85)",0.7465455636764098,1,9,45_left_LAD_prox_10mm_55ds_discrete_T5_vox_narrow_A_fixed,T5_vox_narrow,A_fixed,ok,True,9,2,39.97592556169734,39.97592556169734,39.97592556169734,1.0,0.6110988791744378,-0.13544668450197195,0.0,,0.13806458022039886,5.077221286540377,5.417092490327058,True,28.0,2.6642754775158845e-13,2.6658173413466972e-08,1.7578668570521276,304.3767329059062,9,vox,1.0,0.40039062500000006,1.1936437028768438,8.385890698267081,,,,
45,left,LAD,prox,10.0,55,discrete,"[0.8, 0.85)",0.7465455636764098,1,9,45_left_LAD_prox_10mm_55ds_discrete_T5_vox_narrow_B_rederived,T5_vox_narrow,B_rederived,ok,True,9,2,39.97592556169734,39.97592556169734,39.97592556169734,1.0,0.6110988791744378,-0.13544668450197195,0.0,,0.13806458022039886,5.077221286540377,5.417092490327058,True,28.0,2.6642754775158845e-13,2.6658173413466972e-08,1.7578668570521276,304.3767329059062,9,vox,1.0,0.40039062500000006,1.1936437028768438,8.385890698267081,,,,
45,left,LAD,prox,10.0,55,discrete,"[0.8, 0.85)",0.7465455636764098,1,9,45_left_LAD_prox_10mm_55ds_discrete_T5_vox_narrow_C_flowmatched,T5_vox_narrow,C_flowmatched,ok,True,9,2,39.97592556169734,37.12534273894546,37.12534273894546,0.9286925122383373,0.5927412153234968,-0.153804348352913,0.0,,0.1297868924157095,5.338215659214455,5.417092490327058,True,28.0,3.2140888407097284e-12,2.6658173413466972e-08,1.7578668570521276,304.3767329059062,9,vox,1.0,0.40039062500000006,1.1936437028768438,8.385890698267081,1.0,0.01906182831143495,0.016844637442926958,False
45,left,LAD,prox,10.0,55,discrete,"[0.8, 0.85)",0.7465455636764098,1,9,45_left_LAD_prox_10mm_55ds_discrete_T5_vox_wide_A_fixed,T5_vox_wide,A_fixed,ok,True,9,2,39.97592556169734,39.97592556169734,39.97592556169734,1.0,0.8344311639592773,0.08788560028286752,1.0,to_negative,0.08944671283768217,5.637281925722028,5.417092490327058,True,28.0,2.844337732757656e-12,2.6658173413466972e-08,1.7578668570521276,304.3767329059062,9,vox,-1.0,0.40039062500000006,1.1936437028768438,-8.385890698267081,,,,
45,left,LAD,prox,10.0,55,discrete,"[0.8, 0.85)",0.7465455636764098,1,9,45_left_LAD_prox_10mm_55ds_discrete_T5_vox_wide_B_rederived,T5_vox_wide,B_rederived,ok,True,9,2,39.97592556169734,39.97592556169734,39.97592556169734,1.0,0.8344311639592773,0.08788560028286752,1.0,to_negative,0.08944671283768217,5.637281925722028,5.417092490327058,True,28.0,2.844337732757656e-12,2.6658173413466972e-08,1.7578668570521276,304.3767329059062,9,vox,-1.0,0.40039062500000006,1.1936437028768438,-8.385890698267081,,,,
45,left,LAD,prox,10.0,55,discrete,"[0.8, 0.85)",0.7465455636764098,1,9,45_left_LAD_prox_10mm_55ds_discrete_T5_vox_wide_C_flowmatched,T5_vox_wide,C_flowmatched,ok,True,9,2,39.97592556169734,43.3576611399467,43.3576611399467,1.084594303464722,0.8465621997219447,0.1000166360455349,1.0,to_negative,0.06671392929491042,5.30552943396198,5.417092490327058,True,28.0,1.6645210658040844e-12,2.6658173413466972e-08,1.7578668570521276,304.3767329059062,9,vox,-1.0,0.40039062500000006,1.1936437028768438,-8.385890698267081,1.0,0.008000714437466775,0.004450748361966307,False
129,left,LAD,mid,10.0,60,leaky,"[0.8, 0.85)",0.843053543620009,0,6,129_left_LAD_mid_10mm_60ds_leaky_clean_none,clean,,ok,True,6,2,22.360366498980515,22.360366498980515,22.360366498980515,1.0,0.843053543620009,0.0,0.0,,0.0,5.96775907061835,5.96775907061835,True,28.0,1.6797988679050244e-12,1.2393149568099433e-08,1.7632029536413552,238.13195116943126,6,,,,,,,,,
129,left,LAD,mid,10.0,60,leaky,"[0.8, 0.85)",0.843053543620009,0,6,129_left_LAD_mid_10mm_60ds_leaky_T5_vox_narrow_A_fixed,T5_vox_narrow,A_fixed,ok,True,6,2,22.360366498980515,22.360366498980515,22.360366498980515,1.0,0.7347853186372918,-0.10826822498271715,1.0,to_positive,0.02441491042757493,5.833929028401217,5.96775907061835,True,28.0,2.4068282453004977e-12,1.2393149568099433e-08,1.7632029536413552,238.13195116943126,6,vox,1.0,0.373046875,1.2154435391708596,7.673060553155802,,,,
129,left,LAD,mid,10.0,60,leaky,"[0.8, 0.85)",0.843053543620009,0,6,129_left_LAD_mid_10mm_60ds_leaky_T5_vox_narrow_B_rederived,T5_vox_narrow,B_rederived,ok,True,6,2,22.360366498980515,22.360366498980515,22.360366498980515,1.0,0.7347853186372918,-0.10826822498271715,1.0,to_positive,0.02441491042757493,5.833929028401217,5.96775907061835,True,28.0,2.4068282453004977e-12,1.2393149568099433e-08,1.7632029536413552,238.13195116943126,6,vox,1.0,0.373046875,1.2154435391708596,7.673060553155802,,,,
129,left,LAD,mid,10.0,60,leaky,"[0.8, 0.85)",0.843053543620009,0,6,129_left_LAD_mid_10mm_60ds_leaky_T5_vox_narrow_C_flowmatched,T5_vox_narrow,C_flowmatched,ok,True,6,2,22.360366498980515,21.977938912342427,21.977938912342427,0.9828970787819813,0.7302486229288906,-0.11280492069111836,1.0,to_positive,0.01838498991437296,5.9277211176508136,5.96775907061835,True,28.0,8.094346440708099e-12,1.2393149568099433e-08,1.7632029536413552,238.13195116943126,6,vox,1.0,0.373046875,1.2154435391708596,7.673060553155802,1.0,0.0005960878511865069,0.00033800785415159546,False
129,left,LAD,mid,10.0,60,leaky,"[0.8, 0.85)",0.843053543620009,0,6,129_left_LAD_mid_10mm_60ds_leaky_T5_vox_wide_A_fixed,T5_vox_wide,A_fixed,ok,True,6,2,22.360366498980515,22.360366498980515,22.360366498980515,1.0,0.9007368610458595,0.05768331742585053,0.0,,0.013006136941750849,6.039052056155994,5.96775907061835,True,28.0,3.9165994595159215e-12,1.2393149568099433e-08,1.7632029536413552,238.13195116943126,6,vox,-1.0,0.373046875,1.2154435391708596,-7.673060553155802,,,,
129,left,LAD,mid,10.0,60,leaky,"[0.8, 0.85)",0.843053543620009,0,6,129_left_LAD_mid_10mm_60ds_leaky_T5_vox_wide_B_rederived,T5_vox_wide,B_rederived,ok,True,6,2,22.360366498980515,22.360366498980515,22.360366498980515,1.0,0.9007368610458595,0.05768331742585053,0.0,,0.013006136941750849,6.039052056155994,5.96775907061835,True,28.0,3.9165994595159215e-12,1.2393149568099433e-08,1.7632029536413552,238.13195116943126,6,vox,-1.0,0.373046875,1.2154435391708596,-7.673060553155802,,,,
129,left,LAD,mid,10.0,60,leaky,"[0.8, 0.85)",0.843053543620009,0,6,129_left_LAD_mid_10mm_60ds_leaky_T5_vox_wide_C_flowmatched,T5_vox_wide,C_flowmatched,ok,True,6,2,22.360366498980515,22.571547192099978,22.571547192099978,1.0094444200245596,0.9018489259330256,0.05879538231301662,0.0,,0.009314861525242442,5.985014274028184,5.96775907061835,True,28.0,1.7710517998157076e-12,1.2393149568099433e-08,1.7632029536413552,238.13195116943126,6,vox,-1.0,0.373046875,1.2154435391708596,-7.673060553155802,1.0,0.00016915959814757612,8.676664523444197e-05,False
129,left,LAD,mid,10.0,60,discrete,"[0.8, 0.85)",0.7597393813038535,1,6,129_left_LAD_mid_10mm_60ds_discrete_clean_none,clean,,ok,True,6,2,29.649411456568085,29.649411456568085,29.649411456568085,1.0,0.7597393813038535,0.0,0.0,,0.0,5.430740009352566,5.430740009352566,True,27.0,6.5808455352222544e-12,1.8328337064876674e-08,1.7632029536413552,238.13195116943126,6,,,,,,,,,
129,left,LAD,mid,10.0,60,discrete,"[0.8, 0.85)",0.7597393813038535,1,6,129_left_LAD_mid_10mm_60ds_discrete_T5_vox_narrow_A_fixed,T5_vox_narrow,A_fixed,ok,True,6,2,29.649411456568085,29.649411456568085,29.649411456568085,1.0,0.6242331572643494,-0.1355062240395042,0.0,,0.058924534271166125,5.182006361355167,5.430740009352566,True,27.0,7.545972212926564e-12,1.8328337064876674e-08,1.7632029536413552,238.13195116943126,6,vox,1.0,0.373046875,1.2154435391708596,7.673060553155802,,,,
129,left,LAD,mid,10.0,60,discrete,"[0.8, 0.85)",0.7597393813038535,1,6,129_left_LAD_mid_10mm_60ds_discrete_T5_vox_narrow_B_rederived,T5_vox_narrow,B_rederived,ok,True,6,2,29.649411456568085,29.649411456568085,29.649411456568085,1.0,0.6242331572643494,-0.1355062240395042,0.0,,0.058924534271166125,5.182006361355167,5.430740009352566,True,27.0,7.545972212926564e-12,1.8328337064876674e-08,1.7632029536413552,238.13195116943126,6,vox,1.0,0.373046875,1.2154435391708596,7.673060553155802,,,,
129,left,LAD,mid,10.0,60,discrete,"[0.8, 0.85)",0.7597393813038535,1,6,129_left_LAD_mid_10mm_60ds_discrete_T5_vox_narrow_C_flowmatched,T5_vox_narrow,C_flowmatched,ok,True,6,2,29.649411456568085,28.367723394205676,28.367723394205676,0.9567718885671681,0.6130184445570185,-0.14672093674683506,0.0,,0.04886526644520943,5.353094816620095,5.430740009352566,True,27.0,8.650089660991158e-12,1.8328337064876674e-08,1.7632029536413552,238.13195116943126,6,vox,1.0,0.373046875,1.2154435391708596,7.673060553155802,1.0,0.0034721007390738313,0.0023878142647613104,False
129,left,LAD,mid,10.0,60,discrete,"[0.8, 0.85)",0.7597393813038535,1,6,129_left_LAD_mid_10mm_60ds_discrete_T5_vox_wide_A_fixed,T5_vox_wide,A_fixed,ok,True,6,2,29.649411456568085,29.649411456568085,29.649411456568085,1.0,0.8452406698272615,0.08550128852340799,1.0,to_negative,0.03710829618609859,5.587382433356921,5.430740009352566,True,27.0,6.7080357090461745e-12,1.8328337064876674e-08,1.7632029536413552,238.13195116943126,6,vox,-1.0,0.373046875,1.2154435391708596,-7.673060553155802,,,,
129,left,LAD,mid,10.0,60,discrete,"[0.8, 0.85)",0.7597393813038535,1,6,129_left_LAD_mid_10mm_60ds_discrete_T5_vox_wide_B_rederived,T5_vox_wide,B_rederived,ok,True,6,2,29.649411456568085,29.649411456568085,29.649411456568085,1.0,0.8452406698272615,0.08550128852340799,1.0,to_negative,0.03710829618609859,5.587382433356921,5.430740009352566,True,27.0,6.7080357090461745e-12,1.8328337064876674e-08,1.7632029536413552,238.13195116943126,6,vox,-1.0,0.373046875,1.2154435391708596,-7.673060553155802,,,,
129,left,LAD,mid,10.0,60,discrete,"[0.8, 0.85)",0.7597393813038535,1,6,129_left_LAD_mid_10mm_60ds_discrete_T5_vox_wide_C_flowmatched,T5_vox_wide,C_flowmatched,ok,True,6,2,29.649411456568085,30.580461421400493,30.580461421400493,1.0314019712059463,0.8498796604438926,0.09014027914003908,1.0,to_negative,0.027706800956702995,5.4539117011503455,5.430740009352566,True,27.0,9.568800671126474e-12,1.8328337064876674e-08,1.7632029536413552,238.13195116943126,6,vox,-1.0,0.373046875,1.2154435391708596,-7.673060553155802,1.0,0.0013770256458352191,0.0007676668192543579,False
211,left,LAD,mid,20.0,60,leaky,"[0.8, 0.85)",0.8104742607107499,0,5,211_left_LAD_mid_20mm_60ds_leaky_clean_none,clean,,ok,True,5,2,15.974469365680608,15.974469365680608,15.974469365680608,1.0,0.8104742607107499,0.0,0.0,,0.0,3.1119640218158398,3.1119640218158398,True,28.0,2.3559056671489567e-12,4.83602368948721e-09,1.423944259020643,259.31535638098273,5,,,,,,,,,
211,left,LAD,mid,20.0,60,leaky,"[0.8, 0.85)",0.8104742607107499,0,5,211_left_LAD_mid_20mm_60ds_leaky_T5_vox_narrow_A_fixed,T5_vox_narrow,A_fixed,ok,True,5,2,15.974469365680608,15.974469365680608,15.974469365680608,1.0,0.6879268335127007,-0.12254742719804923,1.0,to_positive,0.03916976869024957,3.025167039147183,3.1119640218158398,True,28.0,2.8969727209632717e-12,4.83602368948721e-09,1.423944259020643,259.31535638098273,5,vox,1.0,0.33789062500000006,1.0060336474357927,8.39660347994387,,,,
211,left,LAD,mid,20.0,60,leaky,"[0.8, 0.85)",0.8104742607107499,0,5,211_left_LAD_mid_20mm_60ds_leaky_T5_vox_narrow_B_rederived,T5_vox_narrow,B_rederived,ok,True,5,2,15.974469365680608,15.974469365680608,15.974469365680608,1.0,0.6879268335127007,-0.12254742719804923,1.0,to_positive,0.03916976869024957,3.025167039147183,3.1119640218158398,True,28.0,2.8969727209632717e-12,4.83602368948721e-09,1.423944259020643,259.31535638098273,5,vox,1.0,0.33789062500000006,1.0060336474357927,8.39660347994387,,,,
211,left,LAD,mid,20.0,60,leaky,"[0.8, 0.85)",0.8104742607107499,0,5,211_left_LAD_mid_20mm_60ds_leaky_T5_vox_narrow_C_flowmatched,T5_vox_narrow,C_flowmatched,ok,True,5,2,15.974469365680608,15.513401690801048,15.513401690801048,0.971137214994439,0.6807507962381769,-0.129723464472573,1.0,to_positive,0.0297573933225023,3.105209884013692,3.1119640218158398,True,28.0,2.4873262091884675e-12,4.83602368948721e-09,1.423944259020643,259.31535638098273,5,vox,1.0,0.33789062500000006,1.0060336474357927,8.39660347994387,1.0,0.0015342707792476559,0.0008855024573501044,False
211,left,LAD,mid,20.0,60,leaky,"[0.8, 0.85)",0.8104742607107499,0,5,211_left_LAD_mid_20mm_60ds_leaky_T5_vox_wide_A_fixed,T5_vox_wide,A_fixed,ok,True,5,2,15.974469365680608,15.974469365680608,15.974469365680608,1.0,0.8735051321035272,0.0630308713927773,0.0,,0.0201473777521195,3.1566089521491087,3.1119640218158398,True,28.0,2.3844368698813006e-12,4.83602368948721e-09,1.423944259020643,259.31535638098273,5,vox,-1.0,0.33789062500000006,1.0060336474357927,-8.39660347994387,,,,
211,left,LAD,mid,20.0,60,leaky,"[0.8, 0.85)",0.8104742607107499,0,5,211_left_LAD_mid_20mm_60ds_leaky_T5_vox_wide_B_rederived,T5_vox_wide,B_rederived,ok,True,5,2,15.974469365680608,15.974469365680608,15.974469365680608,1.0,0.8735051321035272,0.0630308713927773,0.0,,0.0201473777521195,3.1566089521491087,3.1119640218158398,True,28.0,2.3844368698813006e-12,4.83602368948721e-09,1.423944259020643,259.31535638098273,5,vox,-1.0,0.33789062500000006,1.0060336474357927,-8.39660347994387,,,,
211,left,LAD,mid,20.0,60,leaky,"[0.8, 0.85)",0.8104742607107499,0,5,211_left_LAD_mid_20mm_60ds_leaky_T5_vox_wide_C_flowmatched,T5_vox_wide,C_flowmatched,ok,True,5,2,15.974469365680608,16.224937101326965,16.224937101326965,1.0156792523064622,0.8754006673002368,0.0649264065894869,0.0,,0.014230616107024174,3.111663018656137,3.1119640218158398,True,28.0,2.78854280159825e-12,4.83602368948721e-09,1.423944259020643,259.31535638098273,5,vox,-1.0,0.33789062500000006,1.0060336474357927,-8.39660347994387,1.0,0.00040591683028659976,0.00020251043478549587,False
211,left,LAD,mid,20.0,60,discrete,"[0.8, 0.85)",0.6978817230085326,1,5,211_left_LAD_mid_20mm_60ds_discrete_clean_none,clean,,ok,True,5,2,52.24991515884331,52.24991515884331,52.24991515884331,1.0,0.6978817230085326,0.0,0.0,,0.0,2.782683342634156,2.782683342634156,True,27.0,1.6032447763047313e-12,1.890270558749101e-08,1.423944259020643,259.31535638098273,5,,,,,,,,,
211,left,LAD,mid,20.0,60,discrete,"[0.8, 0.85)",0.6978817230085326,1,5,211_left_LAD_mid_20mm_60ds_discrete_T5_vox_narrow_A_fixed,T5_vox_narrow,A_fixed,ok,True,5,2,52.24991515884331,52.24991515884331,52.24991515884331,1.0,0.5462672557803634,-0.15161446722816918,0.0,,0.08896021324353545,2.5996108791778427,2.782683342634156,True,27.0,3.8757557864877004e-13,1.890270558749101e-08,1.423944259020643,259.31535638098273,5,vox,1.0,0.33789062500000006,1.0060336474357927,8.39660347994387,,,,
211,left,LAD,mid,20.0,60,discrete,"[0.8, 0.85)",0.6978817230085326,1,5,211_left_LAD_mid_20mm_60ds_discrete_T5_vox_narrow_B_rederived,T5_vox_narrow,B_rederived,ok,True,5,2,52.24991515884331,52.24991515884331,52.24991515884331,1.0,0.5462672557803634,-0.15161446722816918,0.0,,0.08896021324353545,2.5996108791778427,2.782683342634156,True,27.0,3.8757557864877004e-13,1.890270558749101e-08,1.423944259020643,259.31535638098273,5,vox,1.0,0.33789062500000006,1.0060336474357927,8.39660347994387,,,,
211,left,LAD,mid,20.0,60,discrete,"[0.8, 0.85)",0.6978817230085326,1,5,211_left_LAD_mid_20mm_60ds_discrete_T5_vox_narrow_C_flowmatched,T5_vox_narrow,C_flowmatched,ok,True,5,2,52.24991515884331,48.355936231518655,48.355936231518655,0.9254739665033581,0.5287272656478357,-0.1691544573606969,0.0,,0.07397720176178388,2.732552849171856,2.782683342634156,True,27.0,2.5075720050173205e-12,1.890270558749101e-08,1.423944259020643,259.31535638098273,5,vox,1.0,0.33789062500000006,1.0060336474357927,8.39660347994387,1.0,0.0079139195403353,0.00547262638050368,False
211,left,LAD,mid,20.0,60,discrete,"[0.8, 0.85)",0.6978817230085326,1,5,211_left_LAD_mid_20mm_60ds_discrete_T5_vox_wide_A_fixed,T5_vox_wide,A_fixed,ok,True,5,2,52.24991515884331,52.24991515884331,52.24991515884331,1.0,0.7940322073818885,0.09615048437335594,0.0,,0.05641651656941257,2.898783670119942,2.782683342634156,True,27.0,8.028274226082202e-13,1.890270558749101e-08,1.423944259020643,259.31535638098273,5,vox,-1.0,0.33789062500000006,1.0060336474357927,-8.39660347994387,,,,
211,left,LAD,mid,20.0,60,discrete,"[0.8, 0.85)",0.6978817230085326,1,5,211_left_LAD_mid_20mm_60ds_discrete_T5_vox_wide_B_rederived,T5_vox_wide,B_rederived,ok,True,5,2,52.24991515884331,52.24991515884331,52.24991515884331,1.0,0.7940322073818885,0.09615048437335594,0.0,,0.05641651656941257,2.898783670119942,2.782683342634156,True,27.0,8.028274226082202e-13,1.890270558749101e-08,1.423944259020643,259.31535638098273,5,vox,-1.0,0.33789062500000006,1.0060336474357927,-8.39660347994387,,,,
211,left,LAD,mid,20.0,60,discrete,"[0.8, 0.85)",0.6978817230085326,1,5,211_left_LAD_mid_20mm_60ds_discrete_T5_vox_wide_C_flowmatched,T5_vox_wide,C_flowmatched,ok,True,5,2,52.24991515884331,55.21858909815772,55.21858909815772,1.056816818367828,0.8027197956622346,0.10483807265370204,1.0,to_negative,0.04025981309911653,2.7886007024490165,2.782683342634156,True,27.0,1.7837623645373162e-12,1.890270558749101e-08,1.423944259020643,259.31535638098273,5,vox,-1.0,0.33789062500000006,1.0060336474357927,-8.39660347994387,1.0,0.0031828233418268034,0.0016208525507757953,False
335,left,LAD,mid,20.0,50,leaky,"[0.8, 0.85)",0.835843191674507,0,4,335_left_LAD_mid_20mm_50ds_leaky_clean_none,clean,,ok,True,4,2,14.119717848160219,14.119717848160219,14.119717848160219,1.0,0.835843191674507,0.0,0.0,,0.0,12.61433608510902,12.61433608510902,True,28.0,1.444094278188367e-12,1.6475295699489253e-08,2.25770169776871,247.34729239972998,4,,,,,,,,,
335,left,LAD,mid,20.0,50,leaky,"[0.8, 0.85)",0.835843191674507,0,4,335_left_LAD_mid_20mm_50ds_leaky_T5_vox_narrow_A_fixed,T5_vox_narrow,A_fixed,ok,True,4,2,14.119717848160219,14.119717848160219,14.119717848160219,1.0,0.7766933747699136,-0.05914981690459342,1.0,to_positive,0.0057456857197715466,12.56201769668215,12.61433608510902,True,28.0,1.0071060561816959e-12,1.6475295699489253e-08,2.25770169776871,247.34729239972998,4,vox,1.0,0.34375,1.052578487238555,8.164474292597168,,,,
335,left,LAD,mid,20.0,50,leaky,"[0.8, 0.85)",0.835843191674507,0,4,335_left_LAD_mid_20mm_50ds_leaky_T5_vox_narrow_B_rederived,T5_vox_narrow,B_rederived,ok,True,4,2,14.119717848160219,14.119717848160219,14.119717848160219,1.0,0.7766933747699136,-0.05914981690459342,1.0,to_positive,0.0057456857197715466,12.56201769668215,12.61433608510902,True,28.0,1.0071060561816959e-12,1.6475295699489253e-08,2.25770169776871,247.34729239972998,4,vox,1.0,0.34375,1.052578487238555,8.164474292597168,,,,
335,left,LAD,mid,20.0,50,leaky,"[0.8, 0.85)",0.835843191674507,0,4,335_left_LAD_mid_20mm_50ds_leaky_T5_vox_narrow_C_flowmatched,T5_vox_narrow,C_flowmatched,ok,True,4,2,14.119717848160219,14.059715229505393,14.059715229505393,0.9957504378416001,0.7757360972965808,-0.06010709437792627,1.0,to_positive,0.004140265750704787,12.612589780767982,12.61433608510902,True,28.0,4.742007584899378e-12,1.6475295699489253e-08,2.25770169776871,247.34729239972998,4,vox,1.0,0.34375,1.052578487238555,8.164474292597168,1.0,3.301290439038667e-05,1.7141800486459078e-05,False
335,left,LAD,mid,20.0,50,leaky,"[0.8, 0.85)",0.835843191674507,0,4,335_left_LAD_mid_20mm_50ds_leaky_T5_vox_wide_A_fixed,T5_vox_wide,A_fixed,ok,True,4,2,14.119717848160219,14.119717848160219,14.119717848160219,1.0,0.8669266466395015,0.031083454964994428,0.0,,0.0030173131911661174,12.641810780200382,12.61433608510902,True,28.0,2.3487056917159145e-12,1.6475295699489253e-08,2.25770169776871,247.34729239972998,4,vox,-1.0,0.34375,1.052578487238555,-8.164474292597168,,,,
335,left,LAD,mid,20.0,50,leaky,"[0.8, 0.85)",0.835843191674507,0,4,335_left_LAD_mid_20mm_50ds_leaky_T5_vox_wide_B_rederived,T5_vox_wide,B_rederived,ok,True,4,2,14.119717848160219,14.119717848160219,14.119717848160219,1.0,0.8669266466395015,0.031083454964994428,0.0,,0.0030173131911661174,12.641810780200382,12.61433608510902,True,28.0,2.3487056917159145e-12,1.6475295699489253e-08,2.25770169776871,247.34729239972998,4,vox,-1.0,0.34375,1.052578487238555,-8.164474292597168,,,,
335,left,LAD,mid,20.0,50,leaky,"[0.8, 0.85)",0.835843191674507,0,4,335_left_LAD_mid_20mm_50ds_leaky_T5_vox_wide_C_flowmatched,T5_vox_wide,C_flowmatched,ok,True,4,2,14.119717848160219,14.15144565236995,14.15144565236995,1.002247056531223,0.8672601542170368,0.03141696254252979,0.0,,0.0021503172744136412,12.614931531373694,12.61433608510902,True,28.0,1.591342830517995e-12,1.6475295699489253e-08,2.25770169776871,247.34729239972998,4,vox,-1.0,0.34375,1.052578487238555,-8.164474292597168,1.0,9.10417889358506e-06,4.62386438064171e-06,False
621,left,LAD,mid,10.0,70,leaky,"[0.8, 0.85)",0.8199099876226582,0,9,621_left_LAD_mid_10mm_70ds_leaky_clean_none,clean,,ok,True,9,2,26.61125744240012,26.61125744240012,26.61125744240012,1.0,0.8199099876226582,0.0,0.0,,0.0,7.8797095498667975,7.8797095498667975,True,28.0,9.145713137816622e-13,1.919867015808447e-08,1.921811050586459,430.0624682128764,9,,,,,,,,,
621,left,LAD,mid,10.0,70,leaky,"[0.8, 0.85)",0.8199099876226582,0,9,621_left_LAD_mid_10mm_70ds_leaky_T5_vox_narrow_A_fixed,T5_vox_narrow,A_fixed,ok,True,9,2,26.61125744240012,26.61125744240012,26.61125744240012,1.0,0.6187379113945753,-0.20117207622808286,1.0,to_positive,0.016063772691174955,7.7887515863877566,7.8797095498667975,True,28.0,1.963604401294902e-12,1.919867015808447e-08,1.921811050586459,430.0624682128764,9,vox,1.0,0.3671875,1.0231329683463528,8.972135376339937,,,,
621,left,LAD,mid,10.0,70,leaky,"[0.8, 0.85)",0.8199099876226582,0,9,621_left_LAD_mid_10mm_70ds_leaky_T5_vox_narrow_B_rederived,T5_vox_narrow,B_rederived,ok,True,9,2,26.61125744240012,26.61125744240012,26.61125744240012,1.0,0.6187379113945753,-0.20117207622808286,1.0,to_positive,0.016063772691174955,7.7887515863877566,7.8797095498667975,True,28.0,1.963604401294902e-12,1.919867015808447e-08,1.921811050586459,430.0624682128764,9,vox,1.0,0.3671875,1.0231329683463528,8.972135376339937,,,,
621,left,LAD,mid,10.0,70,leaky,"[0.8, 0.85)",0.8199099876226582,0,9,621_left_LAD_mid_10mm_70ds_leaky_T5_vox_narrow_C_flowmatched,T5_vox_narrow,C_flowmatched,ok,True,9,2,26.61125744240012,26.302151026416784,26.302151026416784,0.9883843739194814,0.6155099357352628,-0.2044000518873954,1.0,to_positive,0.011605894879344741,7.876496268328056,7.8797095498667975,True,28.0,9.771021399069657e-13,1.919867015808447e-08,1.921811050586459,430.0624682128764,9,vox,1.0,0.3671875,1.0231329683463528,8.972135376339937,1.0,0.00025804479307373827,0.0001346967959504005,False
621,left,LAD,mid,10.0,70,leaky,"[0.8, 0.85)",0.8199099876226582,0,9,621_left_LAD_mid_10mm_70ds_leaky_T5_vox_wide_A_fixed,T5_vox_wide,A_fixed,ok,True,9,2,26.61125744240012,26.61125744240012,26.61125744240012,1.0,0.9021453420467629,0.08223535442410468,0.0,,0.006559317622983747,7.916850399943933,7.8797095498667975,True,28.0,1.330755952900613e-12,1.919867015808447e-08,1.921811050586459,430.0624682128764,9,vox,-1.0,0.3671875,1.0231329683463528,-8.972135376339937,,,,
621,left,LAD,mid,10.0,70,leaky,"[0.8, 0.85)",0.8199099876226582,0,9,621_left_LAD_mid_10mm_70ds_leaky_T5_vox_wide_B_rederived,T5_vox_wide,B_rederived,ok,True,9,2,26.61125744240012,26.61125744240012,26.61125744240012,1.0,0.9021453420467629,0.08223535442410468,0.0,,0.006559317622983747,7.916850399943933,7.8797095498667975,True,28.0,1.330755952900613e-12,1.919867015808447e-08,1.921811050586459,430.0624682128764,9,vox,-1.0,0.3671875,1.0231329683463528,-8.972135376339937,,,,
621,left,LAD,mid,10.0,70,leaky,"[0.8, 0.85)",0.8199099876226582,0,9,621_left_LAD_mid_10mm_70ds_leaky_T5_vox_wide_C_flowmatched,T5_vox_wide,C_flowmatched,ok,True,9,2,26.61125744240012,26.739628486742408,26.739628486742408,1.0048239375617687,0.902667994168406,0.08275800654574783,0.0,,0.004620594227956887,7.880050202209415,7.8797095498667975,True,28.0,4.7523835131795406e-12,1.919867015808447e-08,1.921811050586459,430.0624682128764,9,vox,-1.0,0.3671875,1.0231329683463528,-8.972135376339937,1.0,4.302464767918515e-05,2.1349891019428502e-05,False
621,left,LAD,mid,10.0,70,discrete,"[0.8, 0.85)",0.5460483070903973,1,9,621_left_LAD_mid_10mm_70ds_discrete_clean_none,clean,,ok,True,9,2,39.43050892321542,39.43050892321542,39.43050892321542,1.0,0.5460483070903973,0.0,0.0,,0.0,6.7828006512213,6.7828006512213,True,28.0,3.4430534803559815e-12,3.3088508390458864e-08,1.921811050586459,430.0624682128764,9,,,,,,,,,
621,left,LAD,mid,10.0,70,discrete,"[0.8, 0.85)",0.5460483070903973,1,9,621_left_LAD_mid_10mm_70ds_discrete_T5_vox_narrow_A_fixed,T5_vox_narrow,A_fixed,ok,True,9,2,39.43050892321542,39.43050892321542,39.43050892321542,1.0,0.32715503655520034,-0.21889327053519697,0.0,,0.062219708427058325,6.507751393258308,6.7828006512213,True,28.0,5.376938356967978e-12,3.3088508390458864e-08,1.921811050586459,430.0624682128764,9,vox,1.0,0.3671875,1.0231329683463528,8.972135376339937,,,,
621,left,LAD,mid,10.0,70,discrete,"[0.8, 0.85)",0.5460483070903973,1,9,621_left_LAD_mid_10mm_70ds_discrete_T5_vox_narrow_B_rederived,T5_vox_narrow,B_rederived,ok,True,9,2,39.43050892321542,39.43050892321542,39.43050892321542,1.0,0.32715503655520034,-0.21889327053519697,0.0,,0.062219708427058325,6.507751393258308,6.7828006512213,True,28.0,5.376938356967978e-12,3.3088508390458864e-08,1.921811050586459,430.0624682128764,9,vox,1.0,0.3671875,1.0231329683463528,8.972135376339937,,,,
621,left,LAD,mid,10.0,70,discrete,"[0.8, 0.85)",0.5460483070903973,1,9,621_left_LAD_mid_10mm_70ds_discrete_T5_vox_narrow_C_flowmatched,T5_vox_narrow,C_flowmatched,ok,True,9,2,39.43050892321542,37.359066383663375,37.359066383663375,0.947465995339146,0.319573835611223,-0.22647447147917432,0.0,,0.04717054109913764,6.784062716530394,6.7828006512213,True,28.0,2.3557886058234727e-12,3.3088508390458864e-08,1.921811050586459,430.0624682128764,9,vox,1.0,0.3671875,1.0231329683463528,8.972135376339937,1.0,0.003871292116748153,0.002225059947585433,False
621,left,LAD,mid,10.0,70,discrete,"[0.8, 0.85)",0.5460483070903973,1,9,621_left_LAD_mid_10mm_70ds_discrete_T5_vox_wide_A_fixed,T5_vox_wide,A_fixed,ok,True,9,2,39.43050892321542,39.43050892321542,39.43050892321542,1.0,0.7152689648117662,0.16922065772136885,0.0,,0.0456352971150324,6.984536640418505,6.7828006512213,True,28.0,5.870928040127071e-12,3.3088508390458864e-08,1.921811050586459,430.0624682128764,9,vox,-1.0,0.3671875,1.0231329683463528,-8.972135376339937,,,,
621,left,LAD,mid,10.0,70,discrete,"[0.8, 0.85)",0.5460483070903973,1,9,621_left_LAD_mid_10mm_70ds_discrete_T5_vox_wide_B_rederived,T5_vox_wide,B_rederived,ok,True,9,2,39.43050892321542,39.43050892321542,39.43050892321542,1.0,0.7152689648117662,0.16922065772136885,0.0,,0.0456352971150324,6.984536640418505,6.7828006512213,True,28.0,5.870928040127071e-12,3.3088508390458864e-08,1.921811050586459,430.0624682128764,9,vox,-1.0,0.3671875,1.0231329683463528,-8.972135376339937,,,,
621,left,LAD,mid,10.0,70,discrete,"[0.8, 0.85)",0.5460483070903973,1,9,621_left_LAD_mid_10mm_70ds_discrete_T5_vox_wide_C_flowmatched,T5_vox_wide,C_flowmatched,ok,True,9,2,39.43050892321542,41.08446658604556,41.08446658604556,1.0419461403871544,0.7218019611782789,0.17575365408788157,0.0,,0.03298400414255488,6.770255383237859,6.7828006512213,True,28.0,2.8134945935739587e-12,3.3088508390458864e-08,1.921811050586459,430.0624682128764,9,vox,-1.0,0.3671875,1.0231329683463528,-8.972135376339937,1.0,0.002082580342777284,0.0010879445292760778,False
625,left,LAD,prox,20.0,50,leaky,"[0.8, 0.85)",0.8421277096652561,0,5,625_left_LAD_prox_20mm_50ds_leaky_clean_none,clean,,ok,True,5,2,11.860957572422164,11.860957572422164,11.860957572422164,1.0,0.8421277096652561,0.0,0.0,,0.0,4.963135574612387,4.963135574612387,True,28.0,3.2009905270303645e-12,5.667608294707375e-09,1.6654993013474249,191.09336039862913,5,,,,,,,,,
625,left,LAD,prox,20.0,50,leaky,"[0.8, 0.85)",0.8421277096652561,0,5,625_left_LAD_prox_20mm_50ds_leaky_T5_vox_narrow_A_fixed,T5_vox_narrow,A_fixed,ok,True,5,2,11.860957572422164,11.860957572422164,11.860957572422164,1.0,0.766425648502237,-0.07570206116301903,1.0,to_positive,0.044867829979500735,4.847403821195942,4.963135574612387,True,28.0,3.006043715173842e-12,5.667608294707375e-09,1.6654993013474249,191.09336039862913,5,vox,1.0,0.353515625,1.1490918441386073,7.691196025871316,,,,
625,left,LAD,prox,20.0,50,leaky,"[0.8, 0.85)",0.8421277096652561,0,5,625_left_LAD_prox_20mm_50ds_leaky_T5_vox_narrow_B_rederived,T5_vox_narrow,B_rederived,ok,True,5,2,11.860957572422164,11.860957572422164,11.860957572422164,1.0,0.766425648502237,-0.07570206116301903,1.0,to_positive,0.044867829979500735,4.847403821195942,4.963135574612387,True,28.0,3.006043715173842e-12,5.667608294707375e-09,1.6654993013474249,191.09336039862913,5,vox,1.0,0.353515625,1.1490918441386073,7.691196025871316,,,,
625,left,LAD,prox,20.0,50,leaky,"[0.8, 0.85)",0.8421277096652561,0,5,625_left_LAD_prox_20mm_50ds_leaky_T5_vox_narrow_C_flowmatched,T5_vox_narrow,C_flowmatched,ok,True,5,2,11.860957572422164,11.501244890238377,11.501244890238377,0.9696725428796615,0.7596349937311981,-0.08249271593405794,1.0,to_positive,0.03642271243419133,4.982564000311661,4.963135574612387,True,28.0,3.307508547958209e-12,5.667608294707375e-09,1.6654993013474249,191.09336039862913,5,vox,1.0,0.353515625,1.1490918441386073,7.691196025871316,1.0,0.0020131221670693852,0.0013266139810637957,False
625,left,LAD,prox,20.0,50,leaky,"[0.8, 0.85)",0.8421277096652561,0,5,625_left_LAD_prox_20mm_50ds_leaky_T5_vox_wide_A_fixed,T5_vox_wide,A_fixed,ok,True,5,2,11.860957572422164,11.860957572422164,11.860957572422164,1.0,0.8858753138174597,0.04374760415220358,0.0,,0.026067370042325406,5.030373558775672,4.963135574612387,True,28.0,3.0942189992214735e-12,5.667608294707375e-09,1.6654993013474249,191.09336039862913,5,vox,-1.0,0.353515625,1.1490918441386073,-7.691196025871316,,,,
625,left,LAD,prox,20.0,50,leaky,"[0.8, 0.85)",0.8421277096652561,0,5,625_left_LAD_prox_20mm_50ds_leaky_T5_vox_wide_B_rederived,T5_vox_wide,B_rederived,ok,True,5,2,11.860957572422164,11.860957572422164,11.860957572422164,1.0,0.8858753138174597,0.04374760415220358,0.0,,0.026067370042325406,5.030373558775672,4.963135574612387,True,28.0,3.0942189992214735e-12,5.667608294707375e-09,1.6654993013474249,191.09336039862913,5,vox,-1.0,0.353515625,1.1490918441386073,-7.691196025871316,,,,
625,left,LAD,prox,20.0,50,leaky,"[0.8, 0.85)",0.8421277096652561,0,5,625_left_LAD_prox_20mm_50ds_leaky_T5_vox_wide_C_flowmatched,T5_vox_wide,C_flowmatched,ok,True,5,2,11.860957572422164,12.092829805148007,12.092829805148007,1.0195492000801831,0.8880632046968546,0.04593549503159855,0.0,,0.019205267139018715,4.940750861462813,4.963135574612387,True,28.0,7.783289804246422e-13,5.667608294707375e-09,1.6654993013474249,191.09336039862913,5,vox,-1.0,0.353515625,1.1490918441386073,-7.691196025871316,1.0,0.0006795077809235241,0.00036884228588107205,False
625,left,LAD,prox,20.0,50,discrete,"[0.8, 0.85)",0.7858627817876414,1,5,625_left_LAD_prox_20mm_50ds_discrete_clean_none,clean,,ok,True,5,2,26.804279472178973,26.804279472178973,26.804279472178973,1.0,0.7858627817876414,0.0,0.0,,0.0,4.383815140562846,4.383815140562846,True,27.0,4.5232384713825506e-13,1.5894296652519995e-08,1.6654993013474249,191.09336039862913,5,,,,,,,,,
625,left,LAD,prox,20.0,50,discrete,"[0.8, 0.85)",0.7858627817876414,1,5,625_left_LAD_prox_20mm_50ds_discrete_T5_vox_narrow_A_fixed,T5_vox_narrow,A_fixed,ok,True,5,2,26.804279472178973,26.804279472178973,26.804279472178973,1.0,0.6933693512241423,-0.09249343056349901,0.0,,0.05989895459961728,4.1940279431246825,4.383815140562846,True,27.0,1.0075868428056574e-12,1.5894296652519995e-08,1.6654993013474249,191.09336039862913,5,vox,1.0,0.353515625,1.1490918441386073,7.691196025871316,,,,
625,left,LAD,prox,20.0,50,discrete,"[0.8, 0.85)",0.7858627817876414,1,5,625_left_LAD_prox_20mm_50ds_discrete_T5_vox_narrow_B_rederived,T5_vox_narrow,B_rederived,ok,True,5,2,26.804279472178973,26.804279472178973,26.804279472178973,1.0,0.6933693512241423,-0.09249343056349901,0.0,,0.05989895459961728,4.1940279431246825,4.383815140562846,True,27.0,1.0075868428056574e-12,1.5894296652519995e-08,1.6654993013474249,191.09336039862913,5,vox,1.0,0.353515625,1.1490918441386073,7.691196025871316,,,,
625,left,LAD,prox,20.0,50,discrete,"[0.8, 0.85)",0.7858627817876414,1,5,625_left_LAD_prox_20mm_50ds_discrete_T5_vox_narrow_C_flowmatched,T5_vox_narrow,C_flowmatched,ok,True,5,2,26.804279472178973,25.526772007007285,25.526772007007285,0.9523394215279074,0.6843214349826109,-0.10154134680503046,0.0,,0.05119918956746808,4.324447445734383,4.383815140562846,True,27.0,1.9250181462666758e-12,1.5894296652519995e-08,1.6654993013474249,191.09336039862913,5,vox,1.0,0.353515625,1.1490918441386073,7.691196025871316,1.0,0.003587884762127012,0.002621357012365532,False
625,left,LAD,prox,20.0,50,discrete,"[0.8, 0.85)",0.7858627817876414,1,5,625_left_LAD_prox_20mm_50ds_discrete_T5_vox_wide_A_fixed,T5_vox_wide,A_fixed,ok,True,5,2,26.804279472178973,26.804279472178973,26.804279472178973,1.0,0.8439484913745058,0.05808570958686443,1.0,to_negative,0.03779745300462532,4.5035747039114415,4.383815140562846,True,27.0,8.593381459052177e-13,1.5894296652519995e-08,1.6654993013474249,191.09336039862913,5,vox,-1.0,0.353515625,1.1490918441386073,-7.691196025871316,,,,
625,left,LAD,prox,20.0,50,discrete,"[0.8, 0.85)",0.7858627817876414,1,5,625_left_LAD_prox_20mm_50ds_discrete_T5_vox_wide_B_rederived,T5_vox_wide,B_rederived,ok,True,5,2,26.804279472178973,26.804279472178973,26.804279472178973,1.0,0.8439484913745058,0.05808570958686443,1.0,to_negative,0.03779745300462532,4.5035747039114415,4.383815140562846,True,27.0,8.593381459052177e-13,1.5894296652519995e-08,1.6654993013474249,191.09336039862913,5,vox,-1.0,0.353515625,1.1490918441386073,-7.691196025871316,,,,
625,left,LAD,prox,20.0,50,discrete,"[0.8, 0.85)",0.7858627817876414,1,5,625_left_LAD_prox_20mm_50ds_discrete_T5_vox_wide_C_flowmatched,T5_vox_wide,C_flowmatched,ok,True,5,2,26.804279472178973,27.772010683955155,27.772010683955155,1.0361036084846311,0.8478097318203375,0.061946950032696124,1.0,to_negative,0.028929669945355493,4.397130296333303,4.383815140562846,True,27.0,7.691840656181569e-13,1.5894296652519995e-08,1.6654993013474249,191.09336039862913,5,vox,-1.0,0.353515625,1.1490918441386073,-7.691196025871316,1.0,0.0014286474536368598,0.0008369258031472049,False
645,left,LAD,prox,20.0,70,leaky,"[0.8, 0.85)",0.8192757564293915,0,7,645_left_LAD_prox_20mm_70ds_leaky_clean_none,clean,,ok,True,7,3,38.99576487180198,38.99576487180198,38.99576487180198,1.0,0.8192757564293915,0.0,0.0,,0.0,2.6673344733642748,2.6673344733642748,True,28.0,1.1359043579214638e-12,9.98489726759146e-09,1.363434995628352,199.90918926820902,7,,,,,,,,,
645,left,LAD,prox,20.0,70,leaky,"[0.8, 0.85)",0.8192757564293915,0,7,645_left_LAD_prox_20mm_70ds_leaky_T5_vox_narrow_A_fixed,T5_vox_narrow,A_fixed,ok,True,7,3,38.99576487180198,38.99576487180198,38.99576487180198,1.0,0.7158578095883268,-0.10341794684106476,1.0,to_positive,0.07343203413354446,2.5509041673262867,2.6673344733642748,True,28.0,1.4814502020811053e-12,9.98489726759146e-09,1.363434995628352,199.90918926820902,7,vox,1.0,0.318359375,1.5434536630757931,5.156607266809257,,,,
645,left,LAD,prox,20.0,70,leaky,"[0.8, 0.85)",0.8192757564293915,0,7,645_left_LAD_prox_20mm_70ds_leaky_T5_vox_narrow_B_rederived,T5_vox_narrow,B_rederived,ok,True,7,3,38.99576487180198,38.99576487180198,38.99576487180198,1.0,0.7158578095883268,-0.10341794684106476,1.0,to_positive,0.07343203413354446,2.5509041673262867,2.6673344733642748,True,28.0,1.4814502020811053e-12,9.98489726759146e-09,1.363434995628352,199.90918926820902,7,vox,1.0,0.318359375,1.5434536630757931,5.156607266809257,,,,
645,left,LAD,prox,20.0,70,leaky,"[0.8, 0.85)",0.8192757564293915,0,7,645_left_LAD_prox_20mm_70ds_leaky_T5_vox_narrow_C_flowmatched,T5_vox_narrow,C_flowmatched,ok,True,7,3,38.99576487180198,37.843160224222224,37.843160224222224,0.9704428249742266,0.7077752603294688,-0.11150049609992274,1.0,to_positive,0.06852773610389608,2.618189788778393,2.6673344733642748,True,28.0,4.214637826352546e-12,9.98489726759146e-09,1.363434995628352,199.90918926820902,7,vox,1.0,0.318359375,1.5434536630757931,5.156607266809257,1.0,0.005392263636990039,0.004696050615525222,False
645,left,LAD,prox,20.0,70,leaky,"[0.8, 0.85)",0.8192757564293915,0,7,645_left_LAD_prox_20mm_70ds_leaky_T5_vox_wide_A_fixed,T5_vox_wide,A_fixed,ok,True,7,3,38.99576487180198,38.99576487180198,38.99576487180198,1.0,0.8815327854775002,0.0622570290481087,0.0,,0.044131594234968166,2.7373074089728013,2.6673344733642748,True,28.0,3.3464410237793094e-12,9.98489726759146e-09,1.363434995628352,199.90918926820902,7,vox,-1.0,0.318359375,1.5434536630757931,-5.156607266809257,,,,
645,left,LAD,prox,20.0,70,leaky,"[0.8, 0.85)",0.8192757564293915,0,7,645_left_LAD_prox_20mm_70ds_leaky_T5_vox_wide_B_rederived,T5_vox_wide,B_rederived,ok,True,7,3,38.99576487180198,38.99576487180198,38.99576487180198,1.0,0.8815327854775002,0.0622570290481087,0.0,,0.044131594234968166,2.7373074089728013,2.6673344733642748,True,28.0,3.3464410237793094e-12,9.98489726759146e-09,1.363434995628352,199.90918926820902,7,vox,-1.0,0.318359375,1.5434536630757931,-5.156607266809257,,,,
645,left,LAD,prox,20.0,70,leaky,"[0.8, 0.85)",0.8192757564293915,0,7,645_left_LAD_prox_20mm_70ds_leaky_T5_vox_wide_C_flowmatched,T5_vox_wide,C_flowmatched,ok,True,7,3,38.99576487180198,40.00776853354134,40.00776853354134,1.025951630005625,0.8851616322485644,0.06588587581917282,0.0,,0.0369858043392023,2.672856892623893,2.6673344733642748,True,28.0,8.009690979316094e-13,9.98489726759146e-09,1.363434995628352,199.90918926820902,7,vox,-1.0,0.318359375,1.5434536630757931,-5.156607266809257,1.0,0.0019475976097198752,0.0013679497226177558,False
645,left,LAD,prox,20.0,70,discrete,"[0.8, 0.85)",0.7920301768773684,1,7,645_left_LAD_prox_20mm_70ds_discrete_clean_none,clean,,ok,True,7,3,71.44915615861889,71.44915615861889,71.44915615861889,1.0,0.7920301768773684,0.0,0.0,,0.0,2.5601600787633534,2.5601600787633534,True,27.0,4.763104434874562e-12,1.899335581741441e-08,1.363434995628352,199.90918926820902,7,,,,,,,,,
645,left,LAD,prox,20.0,70,discrete,"[0.8, 0.85)",0.7920301768773684,1,7,645_left_LAD_prox_20mm_70ds_discrete_T5_vox_narrow_A_fixed,T5_vox_narrow,A_fixed,ok,True,7,3,71.44915615861889,71.44915615861889,71.44915615861889,1.0,0.6837397033224573,-0.10829047355491117,0.0,,0.0845241650762292,2.4239503273031255,2.5601600787633534,True,27.0,4.186329477880235e-12,1.899335581741441e-08,1.363434995628352,199.90918926820902,7,vox,1.0,0.318359375,1.5434536630757931,5.156607266809257,,,,
645,left,LAD,prox,20.0,70,discrete,"[0.8, 0.85)",0.7920301768773684,1,7,645_left_LAD_prox_20mm_70ds_discrete_T5_vox_narrow_B_rederived,T5_vox_narrow,B_rederived,ok,True,7,3,71.44915615861889,71.44915615861889,71.44915615861889,1.0,0.6837397033224573,-0.10829047355491117,0.0,,0.0845241650762292,2.4239503273031255,2.5601600787633534,True,27.0,4.186329477880235e-12,1.899335581741441e-08,1.363434995628352,199.90918926820902,7,vox,1.0,0.318359375,1.5434536630757931,5.156607266809257,,,,
645,left,LAD,prox,20.0,70,discrete,"[0.8, 0.85)",0.7920301768773684,1,7,645_left_LAD_prox_20mm_70ds_discrete_T5_vox_narrow_C_flowmatched,T5_vox_narrow,C_flowmatched,ok,True,7,3,71.44915615861889,69.19068769735566,69.19068769735566,0.9683905509499737,0.6754089008318743,-0.1166212760454941,0.0,,0.08029877683467271,2.486967664111554,2.5601600787633534,True,27.0,2.820073981850942e-12,1.899335581741441e-08,1.363434995628352,199.90918926820902,7,vox,1.0,0.318359375,1.5434536630757931,5.156607266809257,1.0,0.007144334481833644,0.0064478935611445715,False
645,left,LAD,prox,20.0,70,discrete,"[0.8, 0.85)",0.7920301768773684,1,7,645_left_LAD_prox_20mm_70ds_discrete_T5_vox_wide_A_fixed,T5_vox_wide,A_fixed,ok,True,7,3,71.44915615861889,71.44915615861889,71.44915615861889,1.0,0.8595203978968451,0.06749022101947666,1.0,to_negative,0.05258179335357385,2.644895052037523,2.5601600787633534,True,27.0,5.4742276721859025e-12,1.899335581741441e-08,1.363434995628352,199.90918926820902,7,vox,-1.0,0.318359375,1.5434536630757931,-5.156607266809257,,,,
645,left,LAD,prox,20.0,70,discrete,"[0.8, 0.85)",0.7920301768773684,1,7,645_left_LAD_prox_20mm_70ds_discrete_T5_vox_wide_B_rederived,T5_vox_wide,B_rederived,ok,True,7,3,71.44915615861889,71.44915615861889,71.44915615861889,1.0,0.8595203978968451,0.06749022101947666,1.0,to_negative,0.05258179335357385,2.644895052037523,2.5601600787633534,True,27.0,5.4742276721859025e-12,1.899335581741441e-08,1.363434995628352,199.90918926820902,7,vox,-1.0,0.318359375,1.5434536630757931,-5.156607266809257,,,,
645,left,LAD,prox,20.0,70,discrete,"[0.8, 0.85)",0.7920301768773684,1,7,645_left_LAD_prox_20mm_70ds_discrete_T5_vox_wide_C_flowmatched,T5_vox_wide,C_flowmatched,ok,True,7,3,71.44915615861889,73.7379671615353,73.7379671615353,1.0320341222482066,0.8642489695120849,0.07221879263471642,1.0,to_negative,0.04476193438240583,2.5737988397362437,2.5601600787633534,True,27.0,3.164116070629291e-12,1.899335581741441e-08,1.363434995628352,199.90918926820902,7,vox,-1.0,0.318359375,1.5434536630757931,-5.156607266809257,1.0,0.002764844992277943,0.0020036307696548053,False
687,left,LAD,mid,20.0,55,leaky,"[0.8, 0.85)",0.8451651095064802,0,6,687_left_LAD_mid_20mm_55ds_leaky_clean_none,clean,,ok,True,6,2,17.47647625823605,17.47647625823605,17.47647625823605,1.0,0.8451651095064802,0.0,0.0,,0.0,4.724357518833331,4.724357518833331,True,28.0,5.62613938062075e-13,7.882050978230969e-09,1.630022434630535,273.51968102855795,6,,,,,,,,,
687,left,LAD,mid,20.0,55,leaky,"[0.8, 0.85)",0.8451651095064802,0,6,687_left_LAD_mid_20mm_55ds_leaky_T5_vox_narrow_A_fixed,T5_vox_narrow,A_fixed,ok,True,6,2,17.47647625823605,17.47647625823605,17.47647625823605,1.0,0.7670687193244021,-0.07809639018207803,1.0,to_positive,0.01733917846921064,4.6582036600463415,4.724357518833331,True,28.0,2.630815132877488e-12,7.882050978230969e-09,1.630022434630535,273.51968102855795,6,vox,1.0,0.349609375,1.0957733472450377,7.97631590234828,,,,
687,left,LAD,mid,20.0,55,leaky,"[0.8, 0.85)",0.8451651095064802,0,6,687_left_LAD_mid_20mm_55ds_leaky_T5_vox_narrow_B_rederived,T5_vox_narrow,B_rederived,ok,True,6,2,17.47647625823605,17.47647625823605,17.47647625823605,1.0,0.7670687193244021,-0.07809639018207803,1.0,to_positive,0.01733917846921064,4.6582036600463415,4.724357518833331,True,28.0,2.630815132877488e-12,7.882050978230969e-09,1.630022434630535,273.51968102855795,6,vox,1.0,0.349609375,1.0957733472450377,7.97631590234828,,,,
687,left,LAD,mid,20.0,55,leaky,"[0.8, 0.85)",0.8451651095064802,0,6,687_left_LAD_mid_20mm_55ds_leaky_T5_vox_narrow_C_flowmatched,T5_vox_narrow,C_flowmatched,ok,True,6,2,17.47647625823605,17.253753943994074,17.253753943994074,0.9872558797922999,0.7643430958201262,-0.080822013686354,1.0,to_positive,0.012806988174307475,4.713014436604178,4.724357518833331,True,28.0,1.4327447425297149e-12,7.882050978230969e-09,1.630022434630535,273.51968102855795,6,vox,1.0,0.349609375,1.0957733472450377,7.97631590234828,1.0,0.0003006471099871378,0.00016401894609685148,False
687,left,LAD,mid,20.0,55,leaky,"[0.8, 0.85)",0.8451651095064802,0,6,687_left_LAD_mid_20mm_55ds_leaky_T5_vox_wide_A_fixed,T5_vox_wide,A_fixed,ok,True,6,2,17.47647625823605,17.47647625823605,17.47647625823605,1.0,0.8858825133147261,0.040717403808245956,0.0,,0.00909115884449445,4.759042855261823,4.724357518833331,True,28.0,6.334446549362297e-13,7.882050978230969e-09,1.630022434630535,273.51968102855795,6,vox,-1.0,0.349609375,1.0957733472450377,-7.97631590234828,,,,
687,left,LAD,mid,20.0,55,leaky,"[0.8, 0.85)",0.8451651095064802,0,6,687_left_LAD_mid_20mm_55ds_leaky_T5_vox_wide_B_rederived,T5_vox_wide,B_rederived,ok,True,6,2,17.47647625823605,17.47647625823605,17.47647625823605,1.0,0.8858825133147261,0.040717403808245956,0.0,,0.00909115884449445,4.759042855261823,4.724357518833331,True,28.0,6.334446549362297e-13,7.882050978230969e-09,1.630022434630535,273.51968102855795,6,vox,-1.0,0.349609375,1.0957733472450377,-7.97631590234828,,,,
687,left,LAD,mid,20.0,55,leaky,"[0.8, 0.85)",0.8451651095064802,0,6,687_left_LAD_mid_20mm_55ds_leaky_T5_vox_wide_C_flowmatched,T5_vox_wide,C_flowmatched,ok,True,6,2,17.47647625823605,17.59598109003878,17.59598109003878,1.0068380393185046,0.8866383878434189,0.0414732783369387,0.0,,0.006480983037262761,4.728945123351519,4.724357518833331,True,28.0,1.1044334447823928e-12,7.882050978230969e-09,1.630022434630535,273.51968102855795,6,vox,-1.0,0.349609375,1.0957733472450377,-7.97631590234828,1.0,8.264916913582968e-05,4.2003141129287636e-05,False
698,left,LAD,prox,10.0,60,leaky,"[0.8, 0.85)",0.8130150361607137,0,5,698_left_LAD_prox_10mm_60ds_leaky_clean_none,clean,,ok,True,5,2,23.387251868657945,23.387251868657945,23.387251868657945,1.0,0.8130150361607137,0.0,0.0,,0.0,4.180544102232681,4.180544102232681,True,27.0,1.1316548766398181e-11,9.750285056556489e-09,1.5990016957705064,227.8543698286447,5,,,,,,,,,
698,left,LAD,prox,10.0,60,leaky,"[0.8, 0.85)",0.8130150361607137,0,5,698_left_LAD_prox_10mm_60ds_leaky_T5_vox_narrow_A_fixed,T5_vox_narrow,A_fixed,ok,True,5,2,23.387251868657945,23.387251868657945,23.387251868657945,1.0,0.7097808292310365,-0.10323420692967722,1.0,to_positive,0.050539362055835174,3.9386182875969284,4.180544102232681,True,27.0,1.4099013647480323e-11,9.750285056556489e-09,1.5990016957705064,227.8543698286447,5,vox,1.0,0.373046875,1.4587809313461757,6.39312707933036,,,,
698,left,LAD,prox,10.0,60,leaky,"[0.8, 0.85)",0.8130150361607137,0,5,698_left_LAD_prox_10mm_60ds_leaky_T5_vox_narrow_B_rederived,T5_vox_narrow,B_rederived,ok,True,5,2,23.387251868657945,23.387251868657945,23.387251868657945,1.0,0.7097808292310365,-0.10323420692967722,1.0,to_positive,0.050539362055835174,3.9386182875969284,4.180544102232681,True,27.0,1.4099013647480323e-11,9.750285056556489e-09,1.5990016957705064,227.8543698286447,5,vox,1.0,0.373046875,1.4587809313461757,6.39312707933036,,,,
698,left,LAD,prox,10.0,60,leaky,"[0.8, 0.85)",0.8130150361607137,0,5,698_left_LAD_prox_10mm_60ds_leaky_T5_vox_narrow_C_flowmatched,T5_vox_narrow,C_flowmatched,ok,True,5,2,23.387251868657945,22.59732638794247,22.59732638794247,0.966224099986109,0.699958133657781,-0.11305690250293265,1.0,to_positive,0.04092487492639261,4.0489590192783576,4.180544102232681,True,27.0,7.120880787953211e-12,9.750285056556489e-09,1.5990016957705064,227.8543698286447,5,vox,1.0,0.373046875,1.4587809313461757,6.39312707933036,1.0,0.002554227117010792,0.0016748453877408781,False
698,left,LAD,prox,10.0,60,leaky,"[0.8, 0.85)",0.8130150361607137,0,5,698_left_LAD_prox_10mm_60ds_leaky_T5_vox_wide_A_fixed,T5_vox_wide,A_fixed,ok,True,5,2,23.387251868657945,23.387251868657945,23.387251868657945,1.0,0.879138262180201,0.06612322601948728,0.0,,0.032361115645677084,4.33545284950917,4.180544102232681,True,27.0,1.371952358536789e-11,9.750285056556489e-09,1.5990016957705064,227.8543698286447,5,vox,-1.0,0.373046875,1.4587809313461757,-6.39312707933036,,,,
698,left,LAD,prox,10.0,60,leaky,"[0.8, 0.85)",0.8130150361607137,0,5,698_left_LAD_prox_10mm_60ds_leaky_T5_vox_wide_B_rederived,T5_vox_wide,B_rederived,ok,True,5,2,23.387251868657945,23.387251868657945,23.387251868657945,1.0,0.879138262180201,0.06612322601948728,0.0,,0.032361115645677084,4.33545284950917,4.180544102232681,True,27.0,1.371952358536789e-11,9.750285056556489e-09,1.5990016957705064,227.8543698286447,5,vox,-1.0,0.373046875,1.4587809313461757,-6.39312707933036,,,,
698,left,LAD,prox,10.0,60,leaky,"[0.8, 0.85)",0.8130150361607137,0,5,698_left_LAD_prox_10mm_60ds_leaky_T5_vox_wide_C_flowmatched,T5_vox_wide,C_flowmatched,ok,True,5,2,23.387251868657945,23.952714932428275,23.952714932428275,1.0241782603166012,0.8828345437921128,0.0698195076313991,0.0,,0.023558312881466346,4.244014522353147,4.180544102232681,True,27.0,8.763687428033136e-13,9.750285056556489e-09,1.5990016957705064,227.8543698286447,5,vox,-1.0,0.373046875,1.4587809313461757,-6.39312707933036,1.0,0.0010472418058328863,0.0005549941058210631,False
698,left,LAD,prox,10.0,60,discrete,"[0.8, 0.85)",0.7356721732339864,1,5,698_left_LAD_prox_10mm_60ds_discrete_clean_none,clean,,ok,True,5,2,39.46052790911947,39.46052790911947,39.46052790911947,1.0,0.7356721732339864,0.0,0.0,,0.0,3.5860472312036933,3.5860472312036933,True,26.0,1.3354883455253031e-12,1.8113700290908056e-08,1.5990016957705064,227.8543698286447,5,,,,,,,,,
698,left,LAD,prox,10.0,60,discrete,"[0.8, 0.85)",0.7356721732339864,1,5,698_left_LAD_prox_10mm_60ds_discrete_T5_vox_narrow_A_fixed,T5_vox_narrow,A_fixed,ok,True,5,2,39.46052790911947,39.46052790911947,39.46052790911947,1.0,0.6168289538400981,-0.11884321939388831,0.0,,0.09206386740530413,3.20594618155329,3.5860472312036933,True,26.0,1.808760106538473e-12,1.8113700290908056e-08,1.5990016957705064,227.8543698286447,5,vox,1.0,0.373046875,1.4587809313461757,6.39312707933036,,,,
698,left,LAD,prox,10.0,60,discrete,"[0.8, 0.85)",0.7356721732339864,1,5,698_left_LAD_prox_10mm_60ds_discrete_T5_vox_narrow_B_rederived,T5_vox_narrow,B_rederived,ok,True,5,2,39.46052790911947,39.46052790911947,39.46052790911947,1.0,0.6168289538400981,-0.11884321939388831,0.0,,0.09206386740530413,3.20594618155329,3.5860472312036933,True,26.0,1.808760106538473e-12,1.8113700290908056e-08,1.5990016957705064,227.8543698286447,5,vox,1.0,0.373046875,1.4587809313461757,6.39312707933036,,,,
698,left,LAD,prox,10.0,60,discrete,"[0.8, 0.85)",0.7356721732339864,1,5,698_left_LAD_prox_10mm_60ds_discrete_T5_vox_narrow_C_flowmatched,T5_vox_narrow,C_flowmatched,ok,True,5,2,39.46052790911947,37.20000654943263,37.20000654943263,0.9427143659888942,0.6014021988148517,-0.13426997441913469,0.0,,0.08207533315294051,3.3179116783140494,3.5860472312036933,True,26.0,8.96798943808603e-12,1.8113700290908056e-08,1.5990016957705064,227.8543698286447,5,vox,1.0,0.373046875,1.4587809313461757,6.39312707933036,1.0,0.00847575568162142,0.006736360312166176,False
698,left,LAD,prox,10.0,60,discrete,"[0.8, 0.85)",0.7356721732339864,1,5,698_left_LAD_prox_10mm_60ds_discrete_T5_vox_wide_A_fixed,T5_vox_wide,A_fixed,ok,True,5,2,39.46052790911947,39.46052790911947,39.46052790911947,1.0,0.8221366317156635,0.08646445848167716,1.0,to_negative,0.06686382299762404,3.862105689568274,3.5860472312036933,True,26.0,2.2688544912206327e-12,1.8113700290908056e-08,1.5990016957705064,227.8543698286447,5,vox,-1.0,0.373046875,1.4587809313461757,-6.39312707933036,,,,
698,left,LAD,prox,10.0,60,discrete,"[0.8, 0.85)",0.7356721732339864,1,5,698_left_LAD_prox_10mm_60ds_discrete_T5_vox_wide_B_rederived,T5_vox_wide,B_rederived,ok,True,5,2,39.46052790911947,39.46052790911947,39.46052790911947,1.0,0.8221366317156635,0.08646445848167716,1.0,to_negative,0.06686382299762404,3.862105689568274,3.5860472312036933,True,26.0,2.2688544912206327e-12,1.8113700290908056e-08,1.5990016957705064,227.8543698286447,5,vox,-1.0,0.373046875,1.4587809313461757,-6.39312707933036,,,,
698,left,LAD,prox,10.0,60,discrete,"[0.8, 0.85)",0.7356721732339864,1,5,698_left_LAD_prox_10mm_60ds_discrete_T5_vox_wide_C_flowmatched,T5_vox_wide,C_flowmatched,ok,True,5,2,39.46052790911947,41.72597368723638,41.72597368723638,1.0574104275374725,0.8321379541949787,0.09646578096099234,1.0,to_negative,0.05094083104202227,3.7135668334640823,3.5860472312036933,True,26.0,1.9674030424616652e-12,1.8113700290908056e-08,1.5990016957705064,227.8543698286447,5,vox,-1.0,0.373046875,1.4587809313461757,-6.39312707933036,1.0,0.004470770825857597,0.00259496826725186,False
3,left,LCX,prox,20.0,65,leaky,"[0.8, 0.85)",0.8101883002547834,0,6,3_left_LCX_prox_20mm_65ds_leaky_clean_none,clean,,ok,True,6,2,18.81624962968749,18.81624962968749,18.81624962968749,1.0,0.8101883002547834,0.0,0.0,,0.0,2.743784719421768,2.743784719421768,True,28.0,5.831526161792207e-12,5.046613436378008e-09,1.3715239444999106,295.46932795733807,6,,,,,,,,,
3,left,LCX,prox,20.0,65,leaky,"[0.8, 0.85)",0.8101883002547834,0,6,3_left_LCX_prox_20mm_65ds_leaky_T5_vox_narrow_A_fixed,T5_vox_narrow,A_fixed,ok,True,6,2,18.81624962968749,18.81624962968749,18.81624962968749,1.0,0.6822936477448698,-0.1278946525099136,1.0,to_positive,0.06025166534448662,2.6499590079168924,2.743784719421768,True,28.0,4.615601872259485e-12,5.046613436378008e-09,1.3715239444999106,295.46932795733807,6,vox,1.0,0.361328125,1.1749327814894515,7.68827227166876,,,,
3,left,LCX,prox,20.0,65,leaky,"[0.8, 0.85)",0.8101883002547834,0,6,3_left_LCX_prox_20mm_65ds_leaky_T5_vox_narrow_B_rederived,T5_vox_narrow,B_rederived,ok,True,6,2,18.81624962968749,18.81624962968749,18.81624962968749,1.0,0.6822936477448698,-0.1278946525099136,1.0,to_positive,0.06025166534448662,2.6499590079168924,2.743784719421768,True,28.0,4.615601872259485e-12,5.046613436378008e-09,1.3715239444999106,295.46932795733807,6,vox,1.0,0.361328125,1.1749327814894515,7.68827227166876,,,,
3,left,LCX,prox,20.0,65,leaky,"[0.8, 0.85)",0.8101883002547834,0,6,3_left_LCX_prox_20mm_65ds_leaky_T5_vox_narrow_C_flowmatched,T5_vox_narrow,C_flowmatched,ok,True,6,2,18.81624962968749,18.01678754331806,18.01678754331806,0.9575121449755815,0.6713066958242474,-0.138881604430536,1.0,to_positive,0.047568005023039255,2.752811330316242,2.743784719421768,True,28.0,5.1236236083003475e-12,5.046613436378008e-09,1.3715239444999106,295.46932795733807,6,vox,1.0,0.361328125,1.1749327814894515,7.68827227166876,1.0,0.00363026317678401,0.002262715101871888,False
3,left,LCX,prox,20.0,65,leaky,"[0.8, 0.85)",0.8101883002547834,0,6,3_left_LCX_prox_20mm_65ds_leaky_T5_vox_wide_A_fixed,T5_vox_wide,A_fixed,ok,True,6,2,18.81624962968749,18.81624962968749,18.81624962968749,1.0,0.8744761320198213,0.06428783176503794,0.0,,0.030245441616297178,2.790883833772364,2.743784719421768,True,28.0,4.476471684111776e-12,5.046613436378008e-09,1.3715239444999106,295.46932795733807,6,vox,-1.0,0.361328125,1.1749327814894515,-7.68827227166876,,,,
3,left,LCX,prox,20.0,65,leaky,"[0.8, 0.85)",0.8101883002547834,0,6,3_left_LCX_prox_20mm_65ds_leaky_T5_vox_wide_B_rederived,T5_vox_wide,B_rederived,ok,True,6,2,18.81624962968749,18.81624962968749,18.81624962968749,1.0,0.8744761320198213,0.06428783176503794,0.0,,0.030245441616297178,2.790883833772364,2.743784719421768,True,28.0,4.476471684111776e-12,5.046613436378008e-09,1.3715239444999106,295.46932795733807,6,vox,-1.0,0.361328125,1.1749327814894515,-7.68827227166876,,,,
3,left,LCX,prox,20.0,65,leaky,"[0.8, 0.85)",0.8101883002547834,0,6,3_left_LCX_prox_20mm_65ds_leaky_T5_vox_wide_C_flowmatched,T5_vox_wide,C_flowmatched,ok,True,6,2,18.81624962968749,19.258275863341126,19.258275863341126,1.0234917288170022,0.8773947085085148,0.06720640825373136,0.0,,0.021341183107381992,2.732099671098869,2.743784719421768,True,28.0,3.007446321142285e-12,5.046613436378008e-09,1.3715239444999106,295.46932795733807,6,vox,-1.0,0.361328125,1.1749327814894515,-7.68827227166876,1.0,0.0009147867385648412,0.00045544609642280656,False
3,left,LCX,prox,20.0,65,discrete,"[0.8, 0.85)",0.7422816424466211,1,6,3_left_LCX_prox_20mm_65ds_discrete_clean_none,clean,,ok,True,6,2,79.87632889555573,79.87632889555573,79.87632889555573,1.0,0.7422816424466211,0.0,0.0,,0.0,2.498949777962906,2.498949777962906,True,27.0,5.972905582844095e-12,2.2853256204906536e-08,1.3715239444999106,295.46932795733807,6,,,,,,,,,
3,left,LCX,prox,20.0,65,discrete,"[0.8, 0.85)",0.7422816424466211,1,6,3_left_LCX_prox_20mm_65ds_discrete_T5_vox_narrow_A_fixed,T5_vox_narrow,A_fixed,ok,True,6,2,79.87632889555573,79.87632889555573,79.87632889555573,1.0,0.5924662332473866,-0.14981540919923453,0.0,,0.1021609474556867,2.3457770971820717,2.498949777962906,True,27.0,6.500133204606353e-12,2.2853256204906536e-08,1.3715239444999106,295.46932795733807,6,vox,1.0,0.361328125,1.1749327814894515,7.68827227166876,,,,
3,left,LCX,prox,20.0,65,discrete,"[0.8, 0.85)",0.7422816424466211,1,6,3_left_LCX_prox_20mm_65ds_discrete_T5_vox_narrow_B_rederived,T5_vox_narrow,B_rederived,ok,True,6,2,79.87632889555573,79.87632889555573,79.87632889555573,1.0,0.5924662332473866,-0.14981540919923453,0.0,,0.1021609474556867,2.3457770971820717,2.498949777962906,True,27.0,6.500133204606353e-12,2.2853256204906536e-08,1.3715239444999106,295.46932795733807,6,vox,1.0,0.361328125,1.1749327814894515,7.68827227166876,,,,
3,left,LCX,prox,20.0,65,discrete,"[0.8, 0.85)",0.7422816424466211,1,6,3_left_LCX_prox_20mm_65ds_discrete_T5_vox_narrow_C_flowmatched,T5_vox_narrow,C_flowmatched,ok,True,6,2,79.87632889555573,73.93160631778971,73.93160631778971,0.9255759164202553,0.5732589971486108,-0.16902264529801025,0.0,,0.08613198828587229,2.4833098649830347,2.498949777962906,True,27.0,7.23964196292328e-12,2.2853256204906536e-08,1.3715239444999106,295.46932795733807,6,vox,1.0,0.361328125,1.1749327814894515,7.68827227166876,1.0,0.01043685918504358,0.007418719406077642,False
3,left,LCX,prox,20.0,65,discrete,"[0.8, 0.85)",0.7422816424466211,1,6,3_left_LCX_prox_20mm_65ds_discrete_T5_vox_wide_A_fixed,T5_vox_wide,A_fixed,ok,True,6,2,79.87632889555573,79.87632889555573,79.87632889555573,1.0,0.8278392064349648,0.08555756398834369,1.0,to_negative,0.05808271521954216,2.5860347678745956,2.498949777962906,True,27.0,6.819407913965724e-12,2.2853256204906536e-08,1.3715239444999106,295.46932795733807,6,vox,-1.0,0.361328125,1.1749327814894515,-7.68827227166876,,,,
3,left,LCX,prox,20.0,65,discrete,"[0.8, 0.85)",0.7422816424466211,1,6,3_left_LCX_prox_20mm_65ds_discrete_T5_vox_wide_B_rederived,T5_vox_wide,B_rederived,ok,True,6,2,79.87632889555573,79.87632889555573,79.87632889555573,1.0,0.8278392064349648,0.08555756398834369,1.0,to_negative,0.05808271521954216,2.5860347678745956,2.498949777962906,True,27.0,6.819407913965724e-12,2.2853256204906536e-08,1.3715239444999106,295.46932795733807,6,vox,-1.0,0.361328125,1.1749327814894515,-7.68827227166876,,,,
3,left,LCX,prox,20.0,65,discrete,"[0.8, 0.85)",0.7422816424466211,1,6,3_left_LCX_prox_20mm_65ds_discrete_T5_vox_wide_C_flowmatched,T5_vox_wide,C_flowmatched,ok,True,6,2,79.87632889555573,84.05489693005141,84.05489693005141,1.0523129704666256,0.8354091626671846,0.09312752022056348,1.0,to_negative,0.04096659590716923,2.4830512603233283,2.498949777962906,True,27.0,5.33606095417462e-12,2.2853256204906536e-08,1.3715239444999106,295.46932795733807,6,vox,-1.0,0.361328125,1.1749327814894515,-7.68827227166876,1.0,0.0033736018072744347,0.0016782619802212947,False
368,left,LCX,prox,10.0,60,leaky,"[0.8, 0.85)",0.8172847389156394,0,6,368_left_LCX_prox_10mm_60ds_leaky_clean_none,clean,,ok,True,6,2,16.84744213324687,16.84744213324687,16.84744213324687,1.0,0.8172847389156394,0.0,0.0,,0.0,6.46111235749189,6.46111235749189,True,28.0,1.6141983148534484e-12,1.041153101887422e-08,1.820327008926476,300.77617629792906,6,,,,,,,,,
368,left,LCX,prox,10.0,60,leaky,"[0.8, 0.85)",0.8172847389156394,0,6,368_left_LCX_prox_10mm_60ds_leaky_T5_vox_narrow_A_fixed,T5_vox_narrow,A_fixed,ok,True,6,2,16.84744213324687,16.84744213324687,16.84744213324687,1.0,0.7178206901255825,-0.09946404879005688,1.0,to_positive,0.07746513175873679,6.275272598130201,6.46111235749189,True,28.0,1.4068909790249074e-12,1.041153101887422e-08,1.820327008926476,300.77617629792906,6,vox,1.0,0.345703125,1.3454777615030487,6.42342695827635,,,,
368,left,LCX,prox,10.0,60,leaky,"[0.8, 0.85)",0.8172847389156394,0,6,368_left_LCX_prox_10mm_60ds_leaky_T5_vox_narrow_B_rederived,T5_vox_narrow,B_rederived,ok,True,6,2,16.84744213324687,16.84744213324687,16.84744213324687,1.0,0.7178206901255825,-0.09946404879005688,1.0,to_positive,0.07746513175873679,6.275272598130201,6.46111235749189,True,28.0,1.4068909790249074e-12,1.041153101887422e-08,1.820327008926476,300.77617629792906,6,vox,1.0,0.345703125,1.3454777615030487,6.42342695827635,,,,
368,left,LCX,prox,10.0,60,leaky,"[0.8, 0.85)",0.8172847389156394,0,6,368_left_LCX_prox_10mm_60ds_leaky_T5_vox_narrow_C_flowmatched,T5_vox_narrow,C_flowmatched,ok,True,6,2,16.84744213324687,16.060846151730093,16.060846151730093,0.9533106583601495,0.7046124122112862,-0.11267232670435312,1.0,to_positive,0.06696035598677273,6.547730088519087,6.46111235749189,True,28.0,2.7884159748857098e-12,1.041153101887422e-08,1.820327008926476,300.77617629792906,6,vox,1.0,0.345703125,1.3454777615030487,6.42342695827635,1.0,0.006000846638398451,0.004483689273875331,False
368,left,LCX,prox,10.0,60,leaky,"[0.8, 0.85)",0.8172847389156394,0,6,368_left_LCX_prox_10mm_60ds_leaky_T5_vox_wide_A_fixed,T5_vox_wide,A_fixed,ok,True,6,2,16.84744213324687,16.84744213324687,16.84744213324687,1.0,0.8795300378894014,0.062245298973762075,0.0,,0.04847716281481779,6.5774096393131,6.46111235749189,True,28.0,9.219296352092205e-13,1.041153101887422e-08,1.820327008926476,300.77617629792906,6,vox,-1.0,0.345703125,1.3454777615030487,-6.42342695827635,,,,
368,left,LCX,prox,10.0,60,leaky,"[0.8, 0.85)",0.8172847389156394,0,6,368_left_LCX_prox_10mm_60ds_leaky_T5_vox_wide_B_rederived,T5_vox_wide,B_rederived,ok,True,6,2,16.84744213324687,16.84744213324687,16.84744213324687,1.0,0.8795300378894014,0.062245298973762075,0.0,,0.04847716281481779,6.5774096393131,6.46111235749189,True,28.0,9.219296352092205e-13,1.041153101887422e-08,1.820327008926476,300.77617629792906,6,vox,-1.0,0.345703125,1.3454777615030487,-6.42342695827635,,,,
368,left,LCX,prox,10.0,60,leaky,"[0.8, 0.85)",0.8172847389156394,0,6,368_left_LCX_prox_10mm_60ds_leaky_T5_vox_wide_C_flowmatched,T5_vox_wide,C_flowmatched,ok,True,6,2,16.84744213324687,17.46932082365634,17.46932082365634,1.036912350580641,0.8848337332449778,0.06754899432933847,0.0,,0.03565710388808368,6.359179149499802,6.46111235749189,True,28.0,1.1247278993827213e-12,1.041153101887422e-08,1.820327008926476,300.77617629792906,6,vox,-1.0,0.345703125,1.3454777615030487,-6.42342695827635,1.0,0.0023500353145743526,0.0012714290576855921,False
368,left,LCX,prox,10.0,60,discrete,"[0.8, 0.85)",0.6918313404438345,1,6,368_left_LCX_prox_10mm_60ds_discrete_clean_none,clean,,ok,True,6,2,25.956594408938667,25.956594408938667,25.956594408938667,1.0,0.6918313404438345,0.0,0.0,,0.0,5.38603376600046,5.38603376600046,True,27.0,6.592535934892102e-12,1.9503021144182335e-08,1.820327008926476,300.77617629792906,6,,,,,,,,,
368,left,LCX,prox,10.0,60,discrete,"[0.8, 0.85)",0.6918313404438345,1,6,368_left_LCX_prox_10mm_60ds_discrete_T5_vox_narrow_A_fixed,T5_vox_narrow,A_fixed,ok,True,6,2,25.956594408938667,25.956594408938667,25.956594408938667,1.0,0.5716462246402015,-0.120185115803633,0.0,,0.13356454019984812,5.01866098585432,5.38603376600046,True,27.0,7.97604841892496e-12,1.9503021144182335e-08,1.820327008926476,300.77617629792906,6,vox,1.0,0.345703125,1.3454777615030487,6.42342695827635,,,,
368,left,LCX,prox,10.0,60,discrete,"[0.8, 0.85)",0.6918313404438345,1,6,368_left_LCX_prox_10mm_60ds_discrete_T5_vox_narrow_B_rederived,T5_vox_narrow,B_rederived,ok,True,6,2,25.956594408938667,25.956594408938667,25.956594408938667,1.0,0.5716462246402015,-0.120185115803633,0.0,,0.13356454019984812,5.01866098585432,5.38603376600046,True,27.0,7.97604841892496e-12,1.9503021144182335e-08,1.820327008926476,300.77617629792906,6,vox,1.0,0.345703125,1.3454777615030487,6.42342695827635,,,,
368,left,LCX,prox,10.0,60,discrete,"[0.8, 0.85)",0.6918313404438345,1,6,368_left_LCX_prox_10mm_60ds_discrete_T5_vox_narrow_C_flowmatched,T5_vox_narrow,C_flowmatched,ok,True,6,2,25.956594408938667,23.991306024831964,23.991306024831964,0.9242855841123011,0.552354916753184,-0.1394764236906505,0.0,,0.12587394358961262,5.2559390813267886,5.38603376600046,True,27.0,8.598225385719398e-12,1.9503021144182335e-08,1.820327008926476,300.77617629792906,6,vox,1.0,0.345703125,1.3454777615030487,6.42342695827635,1.0,0.017839486398796848,0.01584424967480098,False
368,left,LCX,prox,10.0,60,discrete,"[0.8, 0.85)",0.6918313404438345,1,6,368_left_LCX_prox_10mm_60ds_discrete_T5_vox_wide_A_fixed,T5_vox_wide,A_fixed,ok,True,6,2,25.956594408938667,25.956594408938667,25.956594408938667,1.0,0.7832041788653556,0.09137283842152111,0.0,,0.10154478006683898,5.665335332498116,5.38603376600046,True,27.0,1.0302390921441804e-11,1.9503021144182335e-08,1.820327008926476,300.77617629792906,6,vox,-1.0,0.345703125,1.3454777615030487,-6.42342695827635,,,,
368,left,LCX,prox,10.0,60,discrete,"[0.8, 0.85)",0.6918313404438345,1,6,368_left_LCX_prox_10mm_60ds_discrete_T5_vox_wide_B_rederived,T5_vox_wide,B_rederived,ok,True,6,2,25.956594408938667,25.956594408938667,25.956594408938667,1.0,0.7832041788653556,0.09137283842152111,0.0,,0.10154478006683898,5.665335332498116,5.38603376600046,True,27.0,1.0302390921441804e-11,1.9503021144182335e-08,1.820327008926476,300.77617629792906,6,vox,-1.0,0.345703125,1.3454777615030487,-6.42342695827635,,,,
368,left,LCX,prox,10.0,60,discrete,"[0.8, 0.85)",0.6918313404438345,1,6,368_left_LCX_prox_10mm_60ds_discrete_T5_vox_wide_C_flowmatched,T5_vox_wide,C_flowmatched,ok,True,6,2,25.956594408938667,28.794980290576,28.794980290576,1.1093512437309525,0.8027497307689463,0.11091839032511175,1.0,to_negative,0.07588483314157837,5.291371116719107,5.38603376600046,True,27.0,7.424425017085778e-12,1.9503021144182335e-08,1.820327008926476,300.77617629792906,6,vox,-1.0,0.345703125,1.3454777615030487,-6.42342695827635,1.0,0.010311342358822698,0.005758507900925192,False
616,left,LCX,prox,10.0,70,leaky,"[0.8, 0.85)",0.8167810582689187,0,7,616_left_LCX_prox_10mm_70ds_leaky_clean_none,clean,,ok,True,7,3,33.053259322549515,33.053259322549515,33.053259322549515,1.0,0.8167810582689187,0.0,0.0,,0.0,3.393753935765709,3.393753935765709,True,28.0,1.625677408075282e-12,1.0385829695403683e-08,1.46017920705176,235.12869999932306,7,,,,,,,,,
616,left,LCX,prox,10.0,70,leaky,"[0.8, 0.85)",0.8167810582689187,0,7,616_left_LCX_prox_10mm_70ds_leaky_T5_vox_narrow_A_fixed,T5_vox_narrow,A_fixed,ok,True,7,3,33.053259322549515,33.053259322549515,33.053259322549515,1.0,0.6334945389079255,-0.18328651936099316,1.0,to_positive,0.09383180389639353,3.2938664142297114,3.393753935765709,True,28.0,6.521698172856807e-12,1.0385829695403683e-08,1.46017920705176,235.12869999932306,7,vox,1.0,0.3515625,1.090171428689585,8.062092134046006,,,,
616,left,LCX,prox,10.0,70,leaky,"[0.8, 0.85)",0.8167810582689187,0,7,616_left_LCX_prox_10mm_70ds_leaky_T5_vox_narrow_B_rederived,T5_vox_narrow,B_rederived,ok,True,7,3,33.053259322549515,33.053259322549515,33.053259322549515,1.0,0.6334945389079255,-0.18328651936099316,1.0,to_positive,0.09383180389639353,3.2938664142297114,3.393753935765709,True,28.0,6.521698172856807e-12,1.0385829695403683e-08,1.46017920705176,235.12869999932306,7,vox,1.0,0.3515625,1.090171428689585,8.062092134046006,,,,
616,left,LCX,prox,10.0,70,leaky,"[0.8, 0.85)",0.8167810582689187,0,7,616_left_LCX_prox_10mm_70ds_leaky_T5_vox_narrow_C_flowmatched,T5_vox_narrow,C_flowmatched,ok,True,7,3,33.053259322549515,31.739906703413926,31.739906703413926,0.9602655639397233,0.6219774009861617,-0.19480365728275695,1.0,to_positive,0.08666099315742266,3.4207427606105822,3.393753935765709,True,28.0,1.599851334987023e-12,1.0385829695403683e-08,1.46017920705176,235.12869999932306,7,vox,1.0,0.3515625,1.090171428689585,8.062092134046006,1.0,0.008804407422451253,0.007510127735030858,False
616,left,LCX,prox,10.0,70,leaky,"[0.8, 0.85)",0.8167810582689187,0,7,616_left_LCX_prox_10mm_70ds_leaky_T5_vox_wide_A_fixed,T5_vox_wide,A_fixed,ok,True,7,3,33.053259322549515,33.053259322549515,33.053259322549515,1.0,0.9014503652131727,0.08466930694425401,0.0,,0.04334714165497323,3.439898615515301,3.393753935765709,True,28.0,3.6837169658926443e-13,1.0385829695403683e-08,1.46017920705176,235.12869999932306,7,vox,-1.0,0.3515625,1.090171428689585,-8.062092134046006,,,,
616,left,LCX,prox,10.0,70,leaky,"[0.8, 0.85)",0.8167810582689187,0,7,616_left_LCX_prox_10mm_70ds_leaky_T5_vox_wide_B_rederived,T5_vox_wide,B_rederived,ok,True,7,3,33.053259322549515,33.053259322549515,33.053259322549515,1.0,0.9014503652131727,0.08466930694425401,0.0,,0.04334714165497323,3.439898615515301,3.393753935765709,True,28.0,3.6837169658926443e-13,1.0385829695403683e-08,1.46017920705176,235.12869999932306,7,vox,-1.0,0.3515625,1.090171428689585,-8.062092134046006,,,,
616,left,LCX,prox,10.0,70,leaky,"[0.8, 0.85)",0.8167810582689187,0,7,616_left_LCX_prox_10mm_70ds_leaky_T5_vox_wide_C_flowmatched,T5_vox_wide,C_flowmatched,ok,True,7,3,33.053259322549515,33.920084613219345,33.920084613219345,1.0262251078542945,0.904403471428926,0.0876224131600073,0.0,,0.03552976935593573,3.3552703608181433,3.393753935765709,True,28.0,3.3934126471453723e-12,1.0385829695403683e-08,1.46017920705176,235.12869999932306,7,vox,-1.0,0.3515625,1.090171428689585,-8.062092134046006,1.0,0.0018789746896563152,0.0012623645104859896,False
616,left,LCX,prox,10.0,70,discrete,"[0.8, 0.85)",0.6654429825665122,1,7,616_left_LCX_prox_10mm_70ds_discrete_clean_none,clean,,ok,True,7,3,65.15403856031566,65.15403856031566,65.15403856031566,1.0,0.6654429825665122,0.0,0.0,,0.0,3.061715851197381,3.061715851197381,True,28.0,2.6786928997941946e-12,2.2436308798567392e-08,1.46017920705176,235.12869999932306,7,,,,,,,,,
616,left,LCX,prox,10.0,70,discrete,"[0.8, 0.85)",0.6654429825665122,1,7,616_left_LCX_prox_10mm_70ds_discrete_T5_vox_narrow_A_fixed,T5_vox_narrow,A_fixed,ok,True,7,3,65.15403856031566,65.15403856031566,65.15403856031566,1.0,0.4575571033617755,-0.20788587920473672,0.0,,0.1967953822652202,2.8508986662496643,3.061715851197381,True,28.0,5.722503670063012e-12,2.2436308798567392e-08,1.46017920705176,235.12869999932306,7,vox,1.0,0.3515625,1.090171428689585,8.062092134046006,,,,
616,left,LCX,prox,10.0,70,discrete,"[0.8, 0.85)",0.6654429825665122,1,7,616_left_LCX_prox_10mm_70ds_discrete_T5_vox_narrow_B_rederived,T5_vox_narrow,B_rederived,ok,True,7,3,65.15403856031566,65.15403856031566,65.15403856031566,1.0,0.4575571033617755,-0.20788587920473672,0.0,,0.1967953822652202,2.8508986662496643,3.061715851197381,True,28.0,5.722503670063012e-12,2.2436308798567392e-08,1.46017920705176,235.12869999932306,7,vox,1.0,0.3515625,1.090171428689585,8.062092134046006,,,,
616,left,LCX,prox,10.0,70,discrete,"[0.8, 0.85)",0.6654429825665122,1,7,616_left_LCX_prox_10mm_70ds_discrete_T5_vox_narrow_C_flowmatched,T5_vox_narrow,C_flowmatched,ok,True,7,3,65.15403856031566,62.69668356933877,62.69668356933877,0.9622839190743023,0.4480341855906735,-0.21740879697583876,0.0,,0.1946546228860461,2.936721166573172,3.061715851197381,True,28.0,1.7268191181830887e-12,2.2436308798567392e-08,1.46017920705176,235.12869999932306,7,vox,1.0,0.3515625,1.090171428689585,8.062092134046006,1.0,0.03872842248091414,0.03789042221090882,False
616,left,LCX,prox,10.0,70,discrete,"[0.8, 0.85)",0.6654429825665122,1,7,616_left_LCX_prox_10mm_70ds_discrete_T5_vox_wide_A_fixed,T5_vox_wide,A_fixed,ok,True,7,3,65.15403856031566,65.15403856031566,65.15403856031566,1.0,0.8008351900669486,0.13539220750043635,1.0,to_negative,0.12816917307129708,3.19901716258445,3.061715851197381,True,27.0,2.427230187538949e-12,2.2436308798567392e-08,1.46017920705176,235.12869999932306,7,vox,-1.0,0.3515625,1.090171428689585,-8.062092134046006,,,,
616,left,LCX,prox,10.0,70,discrete,"[0.8, 0.85)",0.6654429825665122,1,7,616_left_LCX_prox_10mm_70ds_discrete_T5_vox_wide_B_rederived,T5_vox_wide,B_rederived,ok,True,7,3,65.15403856031566,65.15403856031566,65.15403856031566,1.0,0.8008351900669486,0.13539220750043635,1.0,to_negative,0.12816917307129708,3.19901716258445,3.061715851197381,True,27.0,2.427230187538949e-12,2.2436308798567392e-08,1.46017920705176,235.12869999932306,7,vox,-1.0,0.3515625,1.090171428689585,-8.062092134046006,,,,
616,left,LCX,prox,10.0,70,discrete,"[0.8, 0.85)",0.6654429825665122,1,7,616_left_LCX_prox_10mm_70ds_discrete_T5_vox_wide_C_flowmatched,T5_vox_wide,C_flowmatched,ok,True,7,3,65.15403856031566,71.01450139350928,71.01450139350928,1.089947806194214,0.8170040137765108,0.15156103120999853,1.0,to_negative,0.1072015400434021,2.982661838874339,3.061715851197381,True,28.0,1.107827741037537e-12,2.2436308798567392e-08,1.46017920705176,235.12869999932306,7,vox,-1.0,0.3515625,1.090171428689585,-8.062092134046006,1.0,0.016427336925780106,0.011492170187677142,False
687,left,LCX,prox,10.0,50,leaky,"[0.8, 0.85)",0.8246221574064541,0,6,687_left_LCX_prox_10mm_50ds_leaky_clean_none,clean,,ok,True,6,2,17.47647625823605,17.47647625823605,17.47647625823605,1.0,0.8246221574064541,0.0,0.0,,0.0,4.608082134996137,4.608082134996137,True,28.0,1.0955352395514238e-13,7.882050978230969e-09,1.630022434630535,273.51968102855795,6,,,,,,,,,
687,left,LCX,prox,10.0,50,leaky,"[0.8, 0.85)",0.8246221574064541,0,6,687_left_LCX_prox_10mm_50ds_leaky_T5_vox_narrow_A_fixed,T5_vox_narrow,A_fixed,ok,True,6,2,17.47647625823605,17.47647625823605,17.47647625823605,1.0,0.7242110880919572,-0.10041106931449684,1.0,to_positive,0.061614561582997746,4.448867523829917,4.608082134996137,True,28.0,7.092136845212328e-13,7.882050978230969e-09,1.630022434630535,273.51968102855795,6,vox,1.0,0.349609375,1.0290392520783114,8.493586962156867,,,,
687,left,LCX,prox,10.0,50,leaky,"[0.8, 0.85)",0.8246221574064541,0,6,687_left_LCX_prox_10mm_50ds_leaky_T5_vox_narrow_B_rederived,T5_vox_narrow,B_rederived,ok,True,6,2,17.47647625823605,17.47647625823605,17.47647625823605,1.0,0.7242110880919572,-0.10041106931449684,1.0,to_positive,0.061614561582997746,4.448867523829917,4.608082134996137,True,28.0,7.092136845212328e-13,7.882050978230969e-09,1.630022434630535,273.51968102855795,6,vox,1.0,0.349609375,1.0290392520783114,8.493586962156867,,,,
687,left,LCX,prox,10.0,50,leaky,"[0.8, 0.85)",0.8246221574064541,0,6,687_left_LCX_prox_10mm_50ds_leaky_T5_vox_narrow_C_flowmatched,T5_vox_narrow,C_flowmatched,ok,True,6,2,17.47647625823605,16.743777583600565,16.743777583600565,0.9580751483417493,0.7128728888249702,-0.11174926858148382,1.0,to_positive,0.050248929537069456,4.615546452214296,4.608082134996137,True,28.0,5.747764036753966e-13,7.882050978230969e-09,1.630022434630535,273.51968102855795,6,vox,1.0,0.349609375,1.0290392520783114,8.493586962156867,1.0,0.003796354199065022,0.0025249549196213715,False
687,left,LCX,prox,10.0,50,leaky,"[0.8, 0.85)",0.8246221574064541,0,6,687_left_LCX_prox_10mm_50ds_leaky_T5_vox_wide_A_fixed,T5_vox_wide,A_fixed,ok,True,6,2,17.47647625823605,17.47647625823605,17.47647625823605,1.0,0.882115193324303,0.057493035917848934,0.0,,0.035271878794878975,4.699226148914095,4.608082134996137,True,28.0,6.059986641262232e-13,7.882050978230969e-09,1.630022434630535,273.51968102855795,6,vox,-1.0,0.349609375,1.0290392520783114,-8.493586962156867,,,,
687,left,LCX,prox,10.0,50,leaky,"[0.8, 0.85)",0.8246221574064541,0,6,687_left_LCX_prox_10mm_50ds_leaky_T5_vox_wide_B_rederived,T5_vox_wide,B_rederived,ok,True,6,2,17.47647625823605,17.47647625823605,17.47647625823605,1.0,0.882115193324303,0.057493035917848934,0.0,,0.035271878794878975,4.699226148914095,4.608082134996137,True,28.0,6.059986641262232e-13,7.882050978230969e-09,1.630022434630535,273.51968102855795,6,vox,-1.0,0.349609375,1.0290392520783114,-8.493586962156867,,,,
687,left,LCX,prox,10.0,50,leaky,"[0.8, 0.85)",0.8246221574064541,0,6,687_left_LCX_prox_10mm_50ds_leaky_T5_vox_wide_C_flowmatched,T5_vox_wide,C_flowmatched,ok,True,6,2,17.47647625823605,17.953995878455288,17.953995878455288,1.0273235641535117,0.8855936880199007,0.06097153061344662,0.0,,0.025155704438208325,4.585023510915453,4.608082134996137,True,28.0,1.9914870991748186e-12,7.882050978230969e-09,1.630022434630535,273.51968102855795,6,vox,-1.0,0.349609375,1.0290392520783114,-8.493586962156867,1.0,0.0012441054337206333,0.000632809465782494,False
687,left,LCX,prox,10.0,50,discrete,"[0.8, 0.85)",0.7477812346061264,1,6,687_left_LCX_prox_10mm_50ds_discrete_clean_none,clean,,ok,True,6,2,44.45663037590036,44.45663037590036,44.45663037590036,1.0,0.7477812346061264,0.0,0.0,,0.0,4.2654923604808515,4.2654923604808515,True,27.0,9.275578437980883e-13,2.3082180230188627e-08,1.630022434630535,273.51968102855795,6,,,,,,,,,
687,left,LCX,prox,10.0,50,discrete,"[0.8, 0.85)",0.7477812346061264,1,6,687_left_LCX_prox_10mm_50ds_discrete_T5_vox_narrow_A_fixed,T5_vox_narrow,A_fixed,ok,True,6,2,44.45663037590036,44.45663037590036,44.45663037590036,1.0,0.6264677923423029,-0.12131344226382357,0.0,,0.1234606837074616,3.9921158019045917,4.2654923604808515,True,27.0,1.328648911731442e-12,2.3082180230188627e-08,1.630022434630535,273.51968102855795,6,vox,1.0,0.349609375,1.0290392520783114,8.493586962156867,,,,
687,left,LCX,prox,10.0,50,discrete,"[0.8, 0.85)",0.7477812346061264,1,6,687_left_LCX_prox_10mm_50ds_discrete_T5_vox_narrow_B_rederived,T5_vox_narrow,B_rederived,ok,True,6,2,44.45663037590036,44.45663037590036,44.45663037590036,1.0,0.6264677923423029,-0.12131344226382357,0.0,,0.1234606837074616,3.9921158019045917,4.2654923604808515,True,27.0,1.328648911731442e-12,2.3082180230188627e-08,1.630022434630535,273.51968102855795,6,vox,1.0,0.349609375,1.0290392520783114,8.493586962156867,,,,
687,left,LCX,prox,10.0,50,discrete,"[0.8, 0.85)",0.7477812346061264,1,6,687_left_LCX_prox_10mm_50ds_discrete_T5_vox_narrow_C_flowmatched,T5_vox_narrow,C_flowmatched,ok,True,6,2,44.45663037590036,41.079301686572514,41.079301686572514,0.9240309339513353,0.6058014469241267,-0.1419797876819997,0.0,,0.11301542257862048,4.20388626022246,4.2654923604808515,True,27.0,2.2471964929487174e-12,2.3082180230188627e-08,1.630022434630535,273.51968102855795,6,vox,1.0,0.349609375,1.0290392520783114,8.493586962156867,1.0,0.015242540421513875,0.01277248574062416,False
687,left,LCX,prox,10.0,50,discrete,"[0.8, 0.85)",0.7477812346061264,1,6,687_left_LCX_prox_10mm_50ds_discrete_T5_vox_wide_A_fixed,T5_vox_wide,A_fixed,ok,True,6,2,44.45663037590036,44.45663037590036,44.45663037590036,1.0,0.8274932830445749,0.07971204843844848,1.0,to_negative,0.08101923328054451,4.444891649588134,4.2654923604808515,True,27.0,6.542035975597869e-13,2.3082180230188627e-08,1.630022434630535,273.51968102855795,6,vox,-1.0,0.349609375,1.0290392520783114,-8.493586962156867,,,,
687,left,LCX,prox,10.0,50,discrete,"[0.8, 0.85)",0.7477812346061264,1,6,687_left_LCX_prox_10mm_50ds_discrete_T5_vox_wide_B_rederived,T5_vox_wide,B_rederived,ok,True,6,2,44.45663037590036,44.45663037590036,44.45663037590036,1.0,0.8274932830445749,0.07971204843844848,1.0,to_negative,0.08101923328054451,4.444891649588134,4.2654923604808515,True,27.0,6.542035975597869e-13,2.3082180230188627e-08,1.630022434630535,273.51968102855795,6,vox,-1.0,0.349609375,1.0290392520783114,-8.493586962156867,,,,
687,left,LCX,prox,10.0,50,discrete,"[0.8, 0.85)",0.7477812346061264,1,6,687_left_LCX_prox_10mm_50ds_discrete_T5_vox_wide_C_flowmatched,T5_vox_wide,C_flowmatched,ok,True,6,2,44.45663037590036,47.96273433675401,47.96273433675401,1.078865715444648,0.8395137749497051,0.0917325403435787,1.0,to_negative,0.05791745934847479,4.201342487909729,4.2654923604808515,True,27.0,2.5798024379722763e-12,2.3082180230188627e-08,1.630022434630535,273.51968102855795,6,vox,-1.0,0.349609375,1.0290392520783114,-8.493586962156867,1.0,0.006564116161367293,0.00335443209738223,False
751,left,LCX,prox,10.0,65,leaky,"[0.8, 0.85)",0.8034768394519428,0,6,751_left_LCX_prox_10mm_65ds_leaky_clean_none,clean,,ok,True,6,2,20.55980304681025,20.55980304681025,20.55980304681025,1.0,0.8034768394519428,0.0,0.0,,0.0,4.970739238144861,4.970739238144861,True,28.0,2.8661922282075926e-13,9.553198531700238e-09,1.6585736505532331,225.46219372880356,6,,,,,,,,,
751,left,LCX,prox,10.0,65,leaky,"[0.8, 0.85)",0.8034768394519428,0,6,751_left_LCX_prox_10mm_65ds_leaky_T5_vox_narrow_A_fixed,T5_vox_narrow,A_fixed,ok,True,6,2,20.55980304681025,20.55980304681025,20.55980304681025,1.0,0.6341987899894442,-0.16927804946249858,1.0,to_positive,0.054728257335420936,4.848701117703173,4.970739238144861,True,28.0,6.505558125779526e-13,9.553198531700238e-09,1.6585736505532331,225.46219372880356,6,vox,1.0,0.345703125,1.0041726351197209,8.606665649646589,,,,
751,left,LCX,prox,10.0,65,leaky,"[0.8, 0.85)",0.8034768394519428,0,6,751_left_LCX_prox_10mm_65ds_leaky_T5_vox_narrow_B_rederived,T5_vox_narrow,B_rederived,ok,True,6,2,20.55980304681025,20.55980304681025,20.55980304681025,1.0,0.6341987899894442,-0.16927804946249858,1.0,to_positive,0.054728257335420936,4.848701117703173,4.970739238144861,True,28.0,6.505558125779526e-13,9.553198531700238e-09,1.6585736505532331,225.46219372880356,6,vox,1.0,0.345703125,1.0041726351197209,8.606665649646589,,,,
751,left,LCX,prox,10.0,65,leaky,"[0.8, 0.85)",0.8034768394519428,0,6,751_left_LCX_prox_10mm_65ds_leaky_T5_vox_narrow_C_flowmatched,T5_vox_narrow,C_flowmatched,ok,True,6,2,20.55980304681025,19.792140725429245,19.792140725429245,0.962661980777092,0.6235127539476079,-0.17996408550433496,1.0,to_positive,0.0428264386999153,5.023575550734377,4.970739238144861,True,28.0,2.7455021509780094e-12,9.553198531700238e-09,1.6585736505532331,225.46219372880356,6,vox,1.0,0.345703125,1.0041726351197209,8.606665649646589,1.0,0.002995182150972056,0.0018341038517176028,False
751,left,LCX,prox,10.0,65,leaky,"[0.8, 0.85)",0.8034768394519428,0,6,751_left_LCX_prox_10mm_65ds_leaky_T5_vox_wide_A_fixed,T5_vox_wide,A_fixed,ok,True,6,2,20.55980304681025,20.55980304681025,20.55980304681025,1.0,0.8888499250533856,0.08537308560144274,0.0,,0.027614114180349595,5.032315739138464,4.970739238144861,True,28.0,3.1472234392177374e-12,9.553198531700238e-09,1.6585736505532331,225.46219372880356,6,vox,-1.0,0.345703125,1.0041726351197209,-8.606665649646589,,,,
751,left,LCX,prox,10.0,65,leaky,"[0.8, 0.85)",0.8034768394519428,0,6,751_left_LCX_prox_10mm_65ds_leaky_T5_vox_wide_B_rederived,T5_vox_wide,B_rederived,ok,True,6,2,20.55980304681025,20.55980304681025,20.55980304681025,1.0,0.8888499250533856,0.08537308560144274,0.0,,0.027614114180349595,5.032315739138464,4.970739238144861,True,28.0,3.1472234392177374e-12,9.553198531700238e-09,1.6585736505532331,225.46219372880356,6,vox,-1.0,0.345703125,1.0041726351197209,-8.606665649646589,,,,
751,left,LCX,prox,10.0,65,leaky,"[0.8, 0.85)",0.8034768394519428,0,6,751_left_LCX_prox_10mm_65ds_leaky_T5_vox_wide_C_flowmatched,T5_vox_wide,C_flowmatched,ok,True,6,2,20.55980304681025,20.98148447469826,20.98148447469826,1.0205099935504214,0.8913899404694707,0.08791310101752792,0.0,,0.019668385783364054,4.935716822441087,4.970739238144861,True,28.0,3.1643712709388256e-12,9.553198531700238e-09,1.6585736505532331,225.46219372880356,6,vox,-1.0,0.345703125,1.0041726351197209,-8.606665649646589,1.0,0.0007625393019653847,0.00038684539932323726,False
751,left,LCX,prox,10.0,65,discrete,"[0.8, 0.85)",0.47401394764202115,1,6,751_left_LCX_prox_10mm_65ds_discrete_clean_none,clean,,ok,True,6,2,29.735900447064683,29.735900447064683,29.735900447064683,1.0,0.47401394764202115,0.0,0.0,,0.0,3.608331123761315,3.608331123761315,True,28.0,7.731283288863077e-13,1.900260963376702e-08,1.6585736505532331,225.46219372880356,6,,,,,,,,,
751,left,LCX,prox,10.0,65,discrete,"[0.8, 0.85)",0.47401394764202115,1,6,751_left_LCX_prox_10mm_65ds_discrete_T5_vox_narrow_A_fixed,T5_vox_narrow,A_fixed,ok,True,6,2,29.735900447064683,29.735900447064683,29.735900447064683,1.0,0.3122326425252336,-0.16178130511678757,0.0,,0.27337533088051796,3.2133005768834795,3.608331123761315,True,28.0,1.3995956263165944e-12,1.900260963376702e-08,1.6585736505532331,225.46219372880356,6,vox,1.0,0.345703125,1.0041726351197209,8.606665649646589,,,,
751,left,LCX,prox,10.0,65,discrete,"[0.8, 0.85)",0.47401394764202115,1,6,751_left_LCX_prox_10mm_65ds_discrete_T5_vox_narrow_B_rederived,T5_vox_narrow,B_rederived,ok,True,6,2,29.735900447064683,29.735900447064683,29.735900447064683,1.0,0.3122326425252336,-0.16178130511678757,0.0,,0.27337533088051796,3.2133005768834795,3.608331123761315,True,28.0,1.3995956263165944e-12,1.900260963376702e-08,1.6585736505532331,225.46219372880356,6,vox,1.0,0.345703125,1.0041726351197209,8.606665649646589,,,,
751,left,LCX,prox,10.0,65,discrete,"[0.8, 0.85)",0.47401394764202115,1,6,751_left_LCX_prox_10mm_65ds_discrete_T5_vox_narrow_C_flowmatched,T5_vox_narrow,C_flowmatched,ok,True,6,2,29.735900447064683,27.8758507218116,27.8758507218116,0.9374476744511466,0.3027913281576423,-0.17122261948437884,0.0,,0.2715670751759232,3.3283385027309773,3.608331123761315,True,28.0,1.4750311479008665e-12,1.900260963376702e-08,1.6585736505532331,225.46219372880356,6,vox,1.0,0.345703125,1.0041726351197209,8.606665649646589,1.0,0.07473407153403266,0.07374867631960552,False
751,left,LCX,prox,10.0,65,discrete,"[0.8, 0.85)",0.47401394764202115,1,6,751_left_LCX_prox_10mm_65ds_discrete_T5_vox_wide_A_fixed,T5_vox_wide,A_fixed,ok,True,6,2,29.735900447064683,29.735900447064683,29.735900447064683,1.0,0.6254362853100806,0.1514223376680594,0.0,,0.255869406195922,3.978065404191433,3.608331123761315,True,27.0,7.918712265312852e-13,1.900260963376702e-08,1.6585736505532331,225.46219372880356,6,vox,-1.0,0.345703125,1.0041726351197209,-8.606665649646589,,,,
751,left,LCX,prox,10.0,65,discrete,"[0.8, 0.85)",0.47401394764202115,1,6,751_left_LCX_prox_10mm_65ds_discrete_T5_vox_wide_B_rederived,T5_vox_wide,B_rederived,ok,True,6,2,29.735900447064683,29.735900447064683,29.735900447064683,1.0,0.6254362853100806,0.1514223376680594,0.0,,0.255869406195922,3.978065404191433,3.608331123761315,True,27.0,7.918712265312852e-13,1.900260963376702e-08,1.6585736505532331,225.46219372880356,6,vox,-1.0,0.345703125,1.0041726351197209,-8.606665649646589,,,,
751,left,LCX,prox,10.0,65,discrete,"[0.8, 0.85)",0.47401394764202115,1,6,751_left_LCX_prox_10mm_65ds_discrete_T5_vox_wide_C_flowmatched,T5_vox_wide,C_flowmatched,ok,True,6,2,29.735900447064683,40.354985224558874,40.354985224558874,1.35711327445416,0.6904042575091927,0.2163903098671715,0.0,,0.19970096275703936,3.3350224915484885,3.608331123761315,True,27.0,1.756279858713609e-13,1.900260963376702e-08,1.6585736505532331,225.46219372880356,6,vox,-1.0,0.345703125,1.0041726351197209,-8.606665649646589,1.0,0.06546915302705375,0.03988047452608842,False
812,left,LCX,prox,10.0,70,leaky,"[0.8, 0.85)",0.8341140953630313,0,6,812_left_LCX_prox_10mm_70ds_leaky_clean_none,clean,,ok,True,6,2,38.987609158053004,38.987609158053004,38.987609158053004,1.0,0.8341140953630313,0.0,0.0,,0.0,5.910106608211762,5.910106608211762,True,28.0,5.0022771022335435e-12,2.126532318273002e-08,1.7542221457078615,338.0257852768424,6,,,,,,,,,
812,left,LCX,prox,10.0,70,leaky,"[0.8, 0.85)",0.8341140953630313,0,6,812_left_LCX_prox_10mm_70ds_leaky_T5_vox_narrow_A_fixed,T5_vox_narrow,A_fixed,ok,True,6,2,38.987609158053004,38.987609158053004,38.987609158053004,1.0,0.6581743888729404,-0.17593970649009083,1.0,to_positive,0.03209753656085452,5.755484564493759,5.910106608211762,True,28.0,2.398866139858982e-12,2.126532318273002e-08,1.7542221457078615,338.0257852768424,6,vox,1.0,0.4453125,1.3632238467171165,8.16653297755154,,,,
812,left,LCX,prox,10.0,70,leaky,"[0.8, 0.85)",0.8341140953630313,0,6,812_left_LCX_prox_10mm_70ds_leaky_T5_vox_narrow_B_rederived,T5_vox_narrow,B_rederived,ok,True,6,2,38.987609158053004,38.987609158053004,38.987609158053004,1.0,0.6581743888729404,-0.17593970649009083,1.0,to_positive,0.03209753656085452,5.755484564493759,5.910106608211762,True,28.0,2.398866139858982e-12,2.126532318273002e-08,1.7542221457078615,338.0257852768424,6,vox,1.0,0.4453125,1.3632238467171165,8.16653297755154,,,,
812,left,LCX,prox,10.0,70,leaky,"[0.8, 0.85)",0.8341140953630313,0,6,812_left_LCX_prox_10mm_70ds_leaky_T5_vox_narrow_C_flowmatched,T5_vox_narrow,C_flowmatched,ok,True,6,2,38.987609158053004,38.113553146719156,38.113553146719156,0.9775811846325203,0.6514786042105591,-0.18263549115247213,1.0,to_positive,0.02422568082914961,5.878599289120787,5.910106608211762,True,28.0,8.193106057748922e-12,2.126532318273002e-08,1.7542221457078615,338.0257852768424,6,vox,1.0,0.4453125,1.3632238467171165,8.16653297755154,1.0,0.0010302518532753927,0.0005868836116358269,False
812,left,LCX,prox,10.0,70,leaky,"[0.8, 0.85)",0.8341140953630313,0,6,812_left_LCX_prox_10mm_70ds_leaky_T5_vox_wide_A_fixed,T5_vox_wide,A_fixed,ok,True,6,2,38.987609158053004,38.987609158053004,38.987609158053004,1.0,0.9111129801817655,0.07699888481873418,0.0,,0.014049407412144069,5.977786197220451,5.910106608211762,True,28.0,1.1043278832539459e-11,2.126532318273002e-08,1.7542221457078615,338.0257852768424,6,vox,-1.0,0.4453125,1.3632238467171165,-8.16653297755154,,,,
812,left,LCX,prox,10.0,70,leaky,"[0.8, 0.85)",0.8341140953630313,0,6,812_left_LCX_prox_10mm_70ds_leaky_T5_vox_wide_B_rederived,T5_vox_wide,B_rederived,ok,True,6,2,38.987609158053004,38.987609158053004,38.987609158053004,1.0,0.9111129801817655,0.07699888481873418,0.0,,0.014049407412144069,5.977786197220451,5.910106608211762,True,28.0,1.1043278832539459e-11,2.126532318273002e-08,1.7542221457078615,338.0257852768424,6,vox,-1.0,0.4453125,1.3632238467171165,-8.16653297755154,,,,
812,left,LCX,prox,10.0,70,leaky,"[0.8, 0.85)",0.8341140953630313,0,6,812_left_LCX_prox_10mm_70ds_leaky_T5_vox_wide_C_flowmatched,T5_vox_wide,C_flowmatched,ok,True,6,2,38.987609158053004,39.386953916389146,39.386953916389146,1.010242863488172,0.9122652267001072,0.07815113133707596,0.0,,0.010012741459333422,5.919438327467995,5.910106608211762,True,28.0,5.172828797143763e-12,2.126532318273002e-08,1.7542221457078615,338.0257852768424,6,vox,-1.0,0.4453125,1.3632238467171165,-8.16653297755154,1.0,0.00019738584863240868,0.0001002549915314544,False
812,left,LCX,prox,10.0,70,discrete,"[0.8, 0.85)",0.6525439955319663,1,6,812_left_LCX_prox_10mm_70ds_discrete_clean_none,clean,,ok,True,6,2,28.10394771026571,28.10394771026571,28.10394771026571,1.0,0.6525439955319663,0.0,0.0,,0.0,5.001059227951347,5.001059227951347,True,27.0,3.30780994702457e-13,1.7549118920335193e-08,1.7542221457078615,338.0257852768424,6,,,,,,,,,
812,left,LCX,prox,10.0,70,discrete,"[0.8, 0.85)",0.6525439955319663,1,6,812_left_LCX_prox_10mm_70ds_discrete_T5_vox_narrow_A_fixed,T5_vox_narrow,A_fixed,ok,True,6,2,28.10394771026571,28.10394771026571,28.10394771026571,1.0,0.44793922759182236,-0.20460476794014393,0.0,,0.08613362832931293,4.633334581759706,5.001059227951347,True,27.0,8.547047635817403e-12,1.7549118920335193e-08,1.7542221457078615,338.0257852768424,6,vox,1.0,0.4453125,1.3632238467171165,8.16653297755154,,,,
812,left,LCX,prox,10.0,70,discrete,"[0.8, 0.85)",0.6525439955319663,1,6,812_left_LCX_prox_10mm_70ds_discrete_T5_vox_narrow_B_rederived,T5_vox_narrow,B_rederived,ok,True,6,2,28.10394771026571,28.10394771026571,28.10394771026571,1.0,0.44793922759182236,-0.20460476794014393,0.0,,0.08613362832931293,4.633334581759706,5.001059227951347,True,27.0,8.547047635817403e-12,1.7549118920335193e-08,1.7542221457078615,338.0257852768424,6,vox,1.0,0.4453125,1.3632238467171165,8.16653297755154,,,,
812,left,LCX,prox,10.0,70,discrete,"[0.8, 0.85)",0.6525439955319663,1,6,812_left_LCX_prox_10mm_70ds_discrete_T5_vox_narrow_C_flowmatched,T5_vox_narrow,C_flowmatched,ok,True,6,2,28.10394771026571,26.10279292022649,26.10279292022649,0.9287945305524374,0.4319708139825745,-0.22057318154939182,0.0,,0.06930488003116872,4.87850338864748,5.001059227951347,True,27.0,8.073068277482984e-12,1.7549118920335193e-08,1.7542221457078615,338.0257852768424,6,vox,1.0,0.4453125,1.3632238467171165,8.16653297755154,1.0,0.007419001929172219,0.004803166396134689,False
812,left,LCX,prox,10.0,70,discrete,"[0.8, 0.85)",0.6525439955319663,1,6,812_left_LCX_prox_10mm_70ds_discrete_T5_vox_wide_A_fixed,T5_vox_wide,A_fixed,ok,True,6,2,28.10394771026571,28.10394771026571,28.10394771026571,1.0,0.7882113489640077,0.1356673534320414,0.0,,0.05711264703515992,5.244886484388782,5.001059227951347,True,27.0,1.4961073507920328e-12,1.7549118920335193e-08,1.7542221457078615,338.0257852768424,6,vox,-1.0,0.4453125,1.3632238467171165,-8.16653297755154,,,,
812,left,LCX,prox,10.0,70,discrete,"[0.8, 0.85)",0.6525439955319663,1,6,812_left_LCX_prox_10mm_70ds_discrete_T5_vox_wide_B_rederived,T5_vox_wide,B_rederived,ok,True,6,2,28.10394771026571,28.10394771026571,28.10394771026571,1.0,0.7882113489640077,0.1356673534320414,0.0,,0.05711264703515992,5.244886484388782,5.001059227951347,True,27.0,1.4961073507920328e-12,1.7549118920335193e-08,1.7542221457078615,338.0257852768424,6,vox,-1.0,0.4453125,1.3632238467171165,-8.16653297755154,,,,
812,left,LCX,prox,10.0,70,discrete,"[0.8, 0.85)",0.6525439955319663,1,6,812_left_LCX_prox_10mm_70ds_discrete_T5_vox_wide_C_flowmatched,T5_vox_wide,C_flowmatched,ok,True,6,2,28.10394771026571,29.63875943775584,29.63875943775584,1.0546119621098462,0.7980106043470809,0.14546660881511464,0.0,,0.040895679744485144,5.04541497557477,5.001059227951347,True,27.0,8.438071040934684e-12,1.7549118920335193e-08,1.7542221457078615,338.0257852768424,6,vox,-1.0,0.4453125,1.3632238467171165,-8.16653297755154,1.0,0.003261854451362761,0.0016724566217634928,False
907,left,LCX,prox,10.0,65,leaky,"[0.8, 0.85)",0.8032264093073476,0,8,907_left_LCX_prox_10mm_65ds_leaky_clean_none,clean,,ok,True,8,2,34.33578942669921,34.33578942669921,34.33578942669921,1.0,0.8032264093073476,0.0,0.0,,0.0,4.075756458412828,4.075756458412828,True,27.0,2.169664468317748e-13,1.3594374405575936e-08,1.575011416168633,187.5953136932309,8,,,,,,,,,
907,left,LCX,prox,10.0,65,leaky,"[0.8, 0.85)",0.8032264093073476,0,8,907_left_LCX_prox_10mm_65ds_leaky_T5_vox_narrow_A_fixed,T5_vox_narrow,A_fixed,ok,True,8,2,34.33578942669921,34.33578942669921,34.33578942669921,1.0,0.6929896714523645,-0.11023673785498311,1.0,to_positive,0.1024680439406503,3.910417931964726,4.075756458412828,True,28.0,2.601261256611036e-12,1.3594374405575936e-08,1.575011416168633,187.5953136932309,8,vox,1.0,0.318359375,1.3458230317880253,5.913841706532471,,,,
907,left,LCX,prox,10.0,65,leaky,"[0.8, 0.85)",0.8032264093073476,0,8,907_left_LCX_prox_10mm_65ds_leaky_T5_vox_narrow_B_rederived,T5_vox_narrow,B_rederived,ok,True,8,2,34.33578942669921,34.33578942669921,34.33578942669921,1.0,0.6929896714523645,-0.11023673785498311,1.0,to_positive,0.1024680439406503,3.910417931964726,4.075756458412828,True,28.0,2.601261256611036e-12,1.3594374405575936e-08,1.575011416168633,187.5953136932309,8,vox,1.0,0.318359375,1.3458230317880253,5.913841706532471,,,,
907,left,LCX,prox,10.0,65,leaky,"[0.8, 0.85)",0.8032264093073476,0,8,907_left_LCX_prox_10mm_65ds_leaky_T5_vox_narrow_C_flowmatched,T5_vox_narrow,C_flowmatched,ok,True,8,2,34.33578942669921,32.4907272200513,32.4907272200513,0.9462641681622964,0.6769485653069134,-0.12627784400043418,1.0,to_positive,0.09273063124720717,4.100140620949979,4.075756458412828,True,27.0,1.5136579396377666e-12,1.3594374405575936e-08,1.575011416168633,187.5953136932309,8,vox,1.0,0.318359375,1.3458230317880253,5.913841706532471,1.0,0.010499700029023042,0.008598969971505513,False
907,left,LCX,prox,10.0,65,leaky,"[0.8, 0.85)",0.8032264093073476,0,8,907_left_LCX_prox_10mm_65ds_leaky_T5_vox_wide_A_fixed,T5_vox_wide,A_fixed,ok,True,8,2,34.33578942669921,34.33578942669921,34.33578942669921,1.0,0.873446161902387,0.07021975259503943,0.0,,0.06527134934483732,4.181075816015613,4.075756458412828,True,27.0,2.7855756597701305e-13,1.3594374405575936e-08,1.575011416168633,187.5953136932309,8,vox,-1.0,0.318359375,1.3458230317880253,-5.913841706532471,,,,
907,left,LCX,prox,10.0,65,leaky,"[0.8, 0.85)",0.8032264093073476,0,8,907_left_LCX_prox_10mm_65ds_leaky_T5_vox_wide_B_rederived,T5_vox_wide,B_rederived,ok,True,8,2,34.33578942669921,34.33578942669921,34.33578942669921,1.0,0.873446161902387,0.07021975259503943,0.0,,0.06527134934483732,4.181075816015613,4.075756458412828,True,27.0,2.7855756597701305e-13,1.3594374405575936e-08,1.575011416168633,187.5953136932309,8,vox,-1.0,0.318359375,1.3458230317880253,-5.913841706532471,,,,
907,left,LCX,prox,10.0,65,leaky,"[0.8, 0.85)",0.8032264093073476,0,8,907_left_LCX_prox_10mm_65ds_leaky_T5_vox_wide_C_flowmatched,T5_vox_wide,C_flowmatched,ok,True,8,2,34.33578942669921,36.06496343039298,36.06496343039298,1.050360688732241,0.8812274929015492,0.07800108359420166,0.0,,0.048298155220062845,3.997176146078096,4.075756458412828,True,28.0,1.0742455838540011e-11,1.3594374405575936e-08,1.575011416168633,187.5953136932309,8,vox,-1.0,0.318359375,1.3458230317880253,-5.913841706532471,1.0,0.004260349045295794,0.0023327117976612837,False
907,left,LCX,prox,10.0,65,discrete,"[0.8, 0.85)",0.7427050841464896,1,7,907_left_LCX_prox_10mm_65ds_discrete_clean_none,clean,,ok,True,7,2,45.87615753062338,45.87615753062338,45.87615753062338,1.0,0.7427050841464896,0.0,0.0,,0.0,3.4424600699120886,3.4424600699120886,True,26.0,1.1347912602481492e-11,1.9755046050513397e-08,1.575011416168633,187.5953136932309,7,,,,,,,,,
907,left,LCX,prox,10.0,65,discrete,"[0.8, 0.85)",0.7427050841464896,1,7,907_left_LCX_prox_10mm_65ds_discrete_T5_vox_narrow_A_fixed,T5_vox_narrow,A_fixed,ok,True,7,2,45.87615753062338,45.87615753062338,45.87615753062338,1.0,0.6201896175922529,-0.12251546655423673,0.0,,0.1260741105424847,3.2071351875507434,3.4424600699120886,True,26.0,9.037938620121597e-12,1.9755046050513397e-08,1.575011416168633,187.5953136932309,7,vox,1.0,0.318359375,1.3458230317880253,5.913841706532471,,,,
907,left,LCX,prox,10.0,65,discrete,"[0.8, 0.85)",0.7427050841464896,1,7,907_left_LCX_prox_10mm_65ds_discrete_T5_vox_narrow_B_rederived,T5_vox_narrow,B_rederived,ok,True,7,2,45.87615753062338,45.87615753062338,45.87615753062338,1.0,0.6201896175922529,-0.12251546655423673,0.0,,0.1260741105424847,3.2071351875507434,3.4424600699120886,True,26.0,9.037938620121597e-12,1.9755046050513397e-08,1.575011416168633,187.5953136932309,7,vox,1.0,0.318359375,1.3458230317880253,5.913841706532471,,,,
907,left,LCX,prox,10.0,65,discrete,"[0.8, 0.85)",0.7427050841464896,1,7,907_left_LCX_prox_10mm_65ds_discrete_T5_vox_narrow_C_flowmatched,T5_vox_narrow,C_flowmatched,ok,True,7,2,45.87615753062338,42.25895219495479,42.25895219495479,0.9211528268631908,0.5974147914919086,-0.14529029265458104,0.0,,0.11566911867530309,3.376939258054789,3.4424600699120886,True,26.0,1.8966906265712066e-11,1.9755046050513397e-08,1.575011416168633,187.5953136932309,7,vox,1.0,0.318359375,1.3458230317880253,5.913841706532471,1.0,0.015894681349078656,0.013379345015121351,False
907,left,LCX,prox,10.0,65,discrete,"[0.8, 0.85)",0.7427050841464896,1,7,907_left_LCX_prox_10mm_65ds_discrete_T5_vox_wide_A_fixed,T5_vox_wide,A_fixed,ok,True,7,2,45.87615753062338,45.87615753062338,45.87615753062338,1.0,0.8291224805739177,0.08641739642742807,1.0,to_negative,0.08892751828096003,3.6084485942184448,3.4424600699120886,True,26.0,2.002615347253722e-11,1.9755046050513397e-08,1.575011416168633,187.5953136932309,7,vox,-1.0,0.318359375,1.3458230317880253,-5.913841706532471,,,,
907,left,LCX,prox,10.0,65,discrete,"[0.8, 0.85)",0.7427050841464896,1,7,907_left_LCX_prox_10mm_65ds_discrete_T5_vox_wide_B_rederived,T5_vox_wide,B_rederived,ok,True,7,2,45.87615753062338,45.87615753062338,45.87615753062338,1.0,0.8291224805739177,0.08641739642742807,1.0,to_negative,0.08892751828096003,3.6084485942184448,3.4424600699120886,True,26.0,2.002615347253722e-11,1.9755046050513397e-08,1.575011416168633,187.5953136932309,7,vox,-1.0,0.318359375,1.3458230317880253,-5.913841706532471,,,,
907,left,LCX,prox,10.0,65,discrete,"[0.8, 0.85)",0.7427050841464896,1,7,907_left_LCX_prox_10mm_65ds_discrete_T5_vox_wide_C_flowmatched,T5_vox_wide,C_flowmatched,ok,True,7,2,45.87615753062338,50.013966615676196,50.013966615676196,1.090195197413618,0.844915606131876,0.10221052198538638,1.0,to_negative,0.06274981858517059,3.3902316884673667,3.4424600699120886,True,26.0,1.7084286485139713e-11,1.9755046050513397e-08,1.575011416168633,187.5953136932309,7,vox,-1.0,0.318359375,1.3458230317880253,-5.913841706532471,1.0,0.00790810350761048,0.0039375397324718205,False
935,left,LCX,prox,20.0,55,leaky,"[0.8, 0.85)",0.8498593929847201,0,3,935_left_LCX_prox_20mm_55ds_leaky_clean_none,clean,,ok,True,3,2,15.304555031428219,15.304555031428219,15.304555031428219,1.0,0.8498593929847201,0.0,0.0,,0.0,4.321654206162024,4.321654206162024,True,28.0,4.145344810069426e-12,6.2432838624454555e-09,1.5802876615926238,254.40192107395683,3,,,,,,,,,
935,left,LCX,prox,20.0,55,leaky,"[0.8, 0.85)",0.8498593929847201,0,3,935_left_LCX_prox_20mm_55ds_leaky_T5_vox_narrow_A_fixed,T5_vox_narrow,A_fixed,ok,True,3,2,15.304555031428219,15.304555031428219,15.304555031428219,1.0,0.7428118496286529,-0.10704754335606725,1.0,to_positive,0.06998914130961767,4.229260244882549,4.321654206162024,True,28.0,4.485853991973646e-12,6.2432838624454555e-09,1.5802876615926238,254.40192107395683,3,vox,1.0,0.3828125,1.0436748475776176,9.169821925107053,,,,
935,left,LCX,prox,20.0,55,leaky,"[0.8, 0.85)",0.8498593929847201,0,3,935_left_LCX_prox_20mm_55ds_leaky_T5_vox_narrow_B_rederived,T5_vox_narrow,B_rederived,ok,True,3,2,15.304555031428219,15.304555031428219,15.304555031428219,1.0,0.7428118496286529,-0.10704754335606725,1.0,to_positive,0.06998914130961767,4.229260244882549,4.321654206162024,True,28.0,4.485853991973646e-12,6.2432838624454555e-09,1.5802876615926238,254.40192107395683,3,vox,1.0,0.3828125,1.0436748475776176,9.169821925107053,,,,
935,left,LCX,prox,20.0,55,leaky,"[0.8, 0.85)",0.8498593929847201,0,3,935_left_LCX_prox_20mm_55ds_leaky_T5_vox_narrow_C_flowmatched,T5_vox_narrow,C_flowmatched,ok,True,3,2,15.304555031428219,14.605122815211892,14.605122815211892,0.9542990818890175,0.7318918261208113,-0.11796756686390886,1.0,to_positive,0.05762479980626105,4.414209350008618,4.321654206162024,True,28.0,1.8814599375111652e-12,6.2432838624454555e-09,1.5802876615926238,254.40192107395683,3,vox,1.0,0.3828125,1.0436748475776176,9.169821925107053,1.0,0.004898479901257631,0.003320617552711663,False
935,left,LCX,prox,20.0,55,leaky,"[0.8, 0.85)",0.8498593929847201,0,3,935_left_LCX_prox_20mm_55ds_leaky_T5_vox_wide_A_fixed,T5_vox_wide,A_fixed,ok,True,3,2,15.304555031428219,15.304555031428219,15.304555031428219,1.0,0.9027767504608545,0.05291735747613435,0.0,,0.034593749584232496,4.367322055436539,4.321654206162024,True,28.0,1.5013507044971387e-12,6.2432838624454555e-09,1.5802876615926238,254.40192107395683,3,vox,-1.0,0.3828125,1.0436748475776176,-9.169821925107053,,,,
935,left,LCX,prox,20.0,55,leaky,"[0.8, 0.85)",0.8498593929847201,0,3,935_left_LCX_prox_20mm_55ds_leaky_T5_vox_wide_B_rederived,T5_vox_wide,B_rederived,ok,True,3,2,15.304555031428219,15.304555031428219,15.304555031428219,1.0,0.9027767504608545,0.05291735747613435,0.0,,0.034593749584232496,4.367322055436539,4.321654206162024,True,28.0,1.5013507044971387e-12,6.2432838624454555e-09,1.5802876615926238,254.40192107395683,3,vox,-1.0,0.3828125,1.0436748475776176,-9.169821925107053,,,,
935,left,LCX,prox,20.0,55,leaky,"[0.8, 0.85)",0.8498593929847201,0,3,935_left_LCX_prox_20mm_55ds_leaky_T5_vox_wide_C_flowmatched,T5_vox_wide,C_flowmatched,ok,True,3,2,15.304555031428219,15.704354774052844,15.704354774052844,1.0261229249595056,0.9053256191194963,0.05546622613477614,0.0,,0.024771199410176366,4.262220668537662,4.321654206162024,True,28.0,5.897722978357744e-12,6.2432838624454555e-09,1.5802876615926238,254.40192107395683,3,vox,-1.0,0.3828125,1.0436748475776176,-9.169821925107053,1.0,0.001196727510296586,0.0006136123202187219,False
935,left,LCX,prox,20.0,55,discrete,"[0.8, 0.85)",0.7445888025678334,1,3,935_left_LCX_prox_20mm_55ds_discrete_clean_none,clean,,ok,True,3,2,14.52206919374041,14.52206919374041,14.52206919374041,1.0,0.7445888025678334,0.0,0.0,,0.0,3.8625067151498045,3.8625067151498045,True,27.0,1.7407730344991416e-12,8.562864583549103e-09,1.5802876615926238,254.40192107395683,3,,,,,,,,,
935,left,LCX,prox,20.0,55,discrete,"[0.8, 0.85)",0.7445888025678334,1,3,935_left_LCX_prox_20mm_55ds_discrete_T5_vox_narrow_A_fixed,T5_vox_narrow,A_fixed,ok,True,3,2,14.52206919374041,14.52206919374041,14.52206919374041,1.0,0.6019695094454017,-0.1426192931224317,0.0,,0.14636051780200093,3.649924358512609,3.8625067151498045,True,27.0,5.534604768439621e-12,8.562864583549103e-09,1.5802876615926238,254.40192107395683,3,vox,1.0,0.3828125,1.0436748475776176,9.169821925107053,,,,
935,left,LCX,prox,20.0,55,discrete,"[0.8, 0.85)",0.7445888025678334,1,3,935_left_LCX_prox_20mm_55ds_discrete_T5_vox_narrow_B_rederived,T5_vox_narrow,B_rederived,ok,True,3,2,14.52206919374041,14.52206919374041,14.52206919374041,1.0,0.6019695094454017,-0.1426192931224317,0.0,,0.14636051780200093,3.649924358512609,3.8625067151498045,True,27.0,5.534604768439621e-12,8.562864583549103e-09,1.5802876615926238,254.40192107395683,3,vox,1.0,0.3828125,1.0436748475776176,9.169821925107053,,,,
935,left,LCX,prox,20.0,55,discrete,"[0.8, 0.85)",0.7445888025678334,1,3,935_left_LCX_prox_20mm_55ds_discrete_T5_vox_narrow_C_flowmatched,T5_vox_narrow,C_flowmatched,ok,True,3,2,14.52206919374041,13.005030057544332,13.005030057544332,0.8955356074980015,0.581431036171188,-0.16315776639664548,0.0,,0.13589412927021266,3.8738913250789384,3.8625067151498045,True,27.0,1.3259039454457109e-12,8.562864583549103e-09,1.5802876615926238,254.40192107395683,3,vox,1.0,0.3828125,1.0436748475776176,9.169821925107053,1.0,0.021421401171269835,0.018467214370109272,False
935,left,LCX,prox,20.0,55,discrete,"[0.8, 0.85)",0.7445888025678334,1,3,935_left_LCX_prox_20mm_55ds_discrete_T5_vox_wide_A_fixed,T5_vox_wide,A_fixed,ok,True,3,2,14.52206919374041,14.52206919374041,14.52206919374041,1.0,0.8302055444453532,0.08561674187751978,1.0,to_negative,0.08786266149331992,3.9901234470996916,3.8625067151498045,True,27.0,6.094839738929664e-12,8.562864583549103e-09,1.5802876615926238,254.40192107395683,3,vox,-1.0,0.3828125,1.0436748475776176,-9.169821925107053,,,,
935,left,LCX,prox,20.0,55,discrete,"[0.8, 0.85)",0.7445888025678334,1,3,935_left_LCX_prox_20mm_55ds_discrete_T5_vox_wide_B_rederived,T5_vox_wide,B_rederived,ok,True,3,2,14.52206919374041,14.52206919374041,14.52206919374041,1.0,0.8302055444453532,0.08561674187751978,1.0,to_negative,0.08786266149331992,3.9901234470996916,3.8625067151498045,True,27.0,6.094839738929664e-12,8.562864583549103e-09,1.5802876615926238,254.40192107395683,3,vox,-1.0,0.3828125,1.0436748475776176,-9.169821925107053,,,,
935,left,LCX,prox,20.0,55,discrete,"[0.8, 0.85)",0.7445888025678334,1,3,935_left_LCX_prox_20mm_55ds_discrete_T5_vox_wide_C_flowmatched,T5_vox_wide,C_flowmatched,ok,True,3,2,14.52206919374041,16.087360097767434,16.087360097767434,1.1077870435090424,0.8416493191076518,0.0970605165398184,1.0,to_negative,0.06322438265329741,3.751330259872095,3.8625067151498045,True,28.0,1.3924799534699927e-12,8.562864583549103e-09,1.5802876615926238,254.40192107395683,3,vox,-1.0,0.3828125,1.0436748475776176,-9.169821925107053,1.0,0.007719847284689723,0.003997322561890575,False
69,right,RCA,mid,20.0,50,leaky,"[0.8, 0.85)",0.814104221466519,0,2,69_right_RCA_mid_20mm_50ds_leaky_clean_none,clean,,ok,True,2,2,9.22515807456747,9.22515807456747,9.22515807456747,1.0,0.814104221466519,0.0,0.0,,0.0,5.0149235056571975,5.0149235056571975,True,22.0,3.2736675973547882e-12,6.035838928230433e-09,1.8207313938617786,198.7920845238378,2,,,,,,,,,
69,right,RCA,mid,20.0,50,leaky,"[0.8, 0.85)",0.814104221466519,0,2,69_right_RCA_mid_20mm_50ds_leaky_T5_vox_narrow_A_fixed,T5_vox_narrow,A_fixed,ok,True,2,2,9.22515807456747,9.22515807456747,9.22515807456747,1.0,0.7548353623194771,-0.05926885914704183,1.0,to_positive,0.07241344824162416,4.650406672981997,5.0149235056571975,True,21.0,1.0501197201681481e-11,6.035838928230433e-09,1.8207313938617786,198.7920845238378,2,vox,1.0,0.34375,1.8675268952385347,4.601674022425439,,,,
69,right,RCA,mid,20.0,50,leaky,"[0.8, 0.85)",0.814104221466519,0,2,69_right_RCA_mid_20mm_50ds_leaky_T5_vox_narrow_B_rederived,T5_vox_narrow,B_rederived,ok,True,2,2,9.22515807456747,9.22515807456747,9.22515807456747,1.0,0.7548353623194771,-0.05926885914704183,1.0,to_positive,0.07241344824162416,4.650406672981997,5.0149235056571975,True,21.0,1.0501197201681481e-11,6.035838928230433e-09,1.8207313938617786,198.7920845238378,2,vox,1.0,0.34375,1.8675268952385347,4.601674022425439,,,,
69,right,RCA,mid,20.0,50,leaky,"[0.8, 0.85)",0.814104221466519,0,2,69_right_RCA_mid_20mm_50ds_leaky_T5_vox_narrow_C_flowmatched,T5_vox_narrow,C_flowmatched,ok,True,2,2,9.22515807456747,7.774731255116622,7.774731255116622,0.8427748546174529,0.7176101993964407,-0.09649402207007829,1.0,to_positive,0.0032877173766554784,5.044012406728278,5.0149235056571975,True,20.0,2.156200692178651e-13,6.035838928230433e-09,1.8207313938617786,198.7920845238378,2,vox,1.0,0.34375,1.8675268952385347,4.601674022425439,1.0,0.00524370748624238,1.0809085548762382e-05,False
69,right,RCA,mid,20.0,50,leaky,"[0.8, 0.85)",0.814104221466519,0,2,69_right_RCA_mid_20mm_50ds_leaky_T5_vox_wide_A_fixed,T5_vox_wide,A_fixed,ok,True,2,2,9.22515807456747,9.22515807456747,9.22515807456747,1.0,0.8590230371714618,0.04491881570494283,0.0,,0.05433425121475503,5.288568165319675,5.0149235056571975,True,23.0,1.2440340760570758e-11,6.035838928230433e-09,1.8207313938617786,198.7920845238378,2,vox,-1.0,0.34375,1.8675268952385347,-4.601674022425439,,,,
69,right,RCA,mid,20.0,50,leaky,"[0.8, 0.85)",0.814104221466519,0,2,69_right_RCA_mid_20mm_50ds_leaky_T5_vox_wide_B_rederived,T5_vox_wide,B_rederived,ok,True,2,2,9.22515807456747,9.22515807456747,9.22515807456747,1.0,0.8590230371714618,0.04491881570494283,0.0,,0.05433425121475503,5.288568165319675,5.0149235056571975,True,23.0,1.2440340760570758e-11,6.035838928230433e-09,1.8207313938617786,198.7920845238378,2,vox,-1.0,0.34375,1.8675268952385347,-4.601674022425439,,,,
69,right,RCA,mid,20.0,50,leaky,"[0.8, 0.85)",0.814104221466519,0,2,69_right_RCA_mid_20mm_50ds_leaky_T5_vox_wide_C_flowmatched,T5_vox_wide,C_flowmatched,ok,True,2,2,9.22515807456747,10.081831293030595,10.081831293030595,1.0928627142796454,0.871136042278549,0.057031820812030065,0.0,,0.0015649165247541962,5.001246255254037,5.0149235056571975,True,23.0,8.854200171204783e-12,6.035838928230433e-09,1.8207313938617786,198.7920845238378,2,vox,-1.0,0.34375,1.8675268952385347,-4.601674022425439,1.0,0.0029522108550681086,2.448963729448751e-06,False
69,right,RCA,mid,20.0,50,discrete,"[0.8, 0.85)",0.8450465181348816,0,2,69_right_RCA_mid_20mm_50ds_discrete_clean_none,clean,,ok,True,2,2,10.734185623077943,10.734185623077943,10.734185623077943,1.0,0.8450465181348816,0.0,0.0,,0.0,4.496638569290416,4.496638569290416,True,24.0,9.783950967473666e-12,8.803934375080745e-09,1.8207313938617786,198.7920845238378,2,,,,,,,,,
69,right,RCA,mid,20.0,50,discrete,"[0.8, 0.85)",0.8450465181348816,0,2,69_right_RCA_mid_20mm_50ds_discrete_T5_vox_narrow_A_fixed,T5_vox_narrow,A_fixed,ok,True,2,2,10.734185623077943,10.734185623077943,10.734185623077943,1.0,0.7926131898025138,-0.0524333283323678,1.0,to_positive,0.06000731265063869,4.219818958684549,4.496638569290416,True,23.0,2.272052599207935e-11,8.803934375080745e-09,1.8207313938617786,198.7920845238378,2,vox,1.0,0.34375,1.8675268952385347,4.601674022425439,,,,
69,right,RCA,mid,20.0,50,discrete,"[0.8, 0.85)",0.8450465181348816,0,2,69_right_RCA_mid_20mm_50ds_discrete_T5_vox_narrow_B_rederived,T5_vox_narrow,B_rederived,ok,True,2,2,10.734185623077943,10.734185623077943,10.734185623077943,1.0,0.7926131898025138,-0.0524333283323678,1.0,to_positive,0.06000731265063869,4.219818958684549,4.496638569290416,True,23.0,2.272052599207935e-11,8.803934375080745e-09,1.8207313938617786,198.7920845238378,2,vox,1.0,0.34375,1.8675268952385347,4.601674022425439,,,,
69,right,RCA,mid,20.0,50,discrete,"[0.8, 0.85)",0.8450465181348816,0,2,69_right_RCA_mid_20mm_50ds_discrete_T5_vox_narrow_C_flowmatched,T5_vox_narrow,C_flowmatched,ok,True,2,2,10.734185623077943,8.953276478872677,8.953276478872677,0.8340899620390015,0.7680969197937305,-0.07694959834115112,1.0,to_positive,0.018975438641717322,4.503198352720647,4.496638569290416,True,23.0,5.0515022989644985e-12,8.803934375080745e-09,1.8207313938617786,198.7920845238378,2,vox,1.0,0.34375,1.8675268952385347,4.601674022425439,1.0,0.003600877571551502,0.00036006727164557896,False
69,right,RCA,mid,20.0,50,discrete,"[0.8, 0.85)",0.8450465181348816,0,2,69_right_RCA_mid_20mm_50ds_discrete_T5_vox_wide_A_fixed,T5_vox_wide,A_fixed,ok,True,2,2,10.734185623077943,10.734185623077943,10.734185623077943,1.0,0.8833863803222163,0.03833986218733465,0.0,,0.04343337364345926,4.6974649725873086,4.496638569290416,True,25.0,8.891613222408224e-12,8.803934375080745e-09,1.8207313938617786,198.7920845238378,2,vox,-1.0,0.34375,1.8675268952385347,-4.601674022425439,,,,
69,right,RCA,mid,20.0,50,discrete,"[0.8, 0.85)",0.8450465181348816,0,2,69_right_RCA_mid_20mm_50ds_discrete_T5_vox_wide_B_rederived,T5_vox_wide,B_rederived,ok,True,2,2,10.734185623077943,10.734185623077943,10.734185623077943,1.0,0.8833863803222163,0.03833986218733465,0.0,,0.04343337364345926,4.6974649725873086,4.496638569290416,True,25.0,8.891613222408224e-12,8.803934375080745e-09,1.8207313938617786,198.7920845238378,2,vox,-1.0,0.34375,1.8675268952385347,-4.601674022425439,,,,
69,right,RCA,mid,20.0,50,discrete,"[0.8, 0.85)",0.8450465181348816,0,2,69_right_RCA_mid_20mm_50ds_discrete_T5_vox_wide_C_flowmatched,T5_vox_wide,C_flowmatched,ok,True,2,2,10.734185623077943,11.848320904409615,11.848320904409615,1.1037931819379327,0.8915763904352003,0.046529872300318686,0.0,,0.009801753461046437,4.4859961423050585,4.496638569290416,True,25.0,1.032036706282955e-11,8.803934375080745e-09,1.8207313938617786,198.7920845238378,2,vox,-1.0,0.34375,1.8675268952385347,-4.601674022425439,1.0,0.0018864579460523417,9.607437091113582e-05,False
100,right,RCA,prox,10.0,55,leaky,"[0.8, 0.85)",0.8271328626112776,0,2,100_right_RCA_prox_10mm_55ds_leaky_clean_none,clean,,ok,True,2,2,10.815370872249057,10.815370872249057,10.815370872249057,1.0,0.8271328626112776,0.0,0.0,,0.0,1.4580280989728038,1.4580280989728038,True,26.0,6.972201649360739e-12,1.9585387411914547e-09,1.1785807082524717,123.21937389066147,2,,,,,,,,,
100,right,RCA,prox,10.0,55,leaky,"[0.8, 0.85)",0.8271328626112776,0,2,100_right_RCA_prox_10mm_55ds_leaky_T5_vox_narrow_A_fixed,T5_vox_narrow,A_fixed,ok,True,2,2,10.815370872249057,10.815370872249057,10.815370872249057,1.0,0.7315532205961465,-0.09557964201513114,1.0,to_positive,0.11695246429741926,1.3169497316657996,1.4580280989728038,True,26.0,5.29753467600879e-12,1.9585387411914547e-09,1.1785807082524717,123.21937389066147,2,vox,1.0,0.318359375,1.1094079848288896,7.174082469063498,,,,
100,right,RCA,prox,10.0,55,leaky,"[0.8, 0.85)",0.8271328626112776,0,2,100_right_RCA_prox_10mm_55ds_leaky_T5_vox_narrow_B_rederived,T5_vox_narrow,B_rederived,ok,True,2,2,10.815370872249057,10.815370872249057,10.815370872249057,1.0,0.7315532205961465,-0.09557964201513114,1.0,to_positive,0.11695246429741926,1.3169497316657996,1.4580280989728038,True,26.0,5.29753467600879e-12,1.9585387411914547e-09,1.1785807082524717,123.21937389066147,2,vox,1.0,0.318359375,1.1094079848288896,7.174082469063498,,,,
100,right,RCA,prox,10.0,55,leaky,"[0.8, 0.85)",0.8271328626112776,0,2,100_right_RCA_prox_10mm_55ds_leaky_T5_vox_narrow_C_flowmatched,T5_vox_narrow,C_flowmatched,ok,True,2,2,10.815370872249057,6.100438414373106,6.100438414373106,0.5640526327234971,0.5981017281064344,-0.22903113450484325,1.0,to_positive,0.03183607797793979,1.817237832426885,1.4580280989728038,True,26.0,3.5627127153147315e-12,1.9585387411914547e-09,1.1785807082524717,123.21937389066147,2,vox,1.0,0.318359375,1.1094079848288896,7.174082469063498,1.0,0.013677878905239126,0.0010135358610174627,False
100,right,RCA,prox,10.0,55,leaky,"[0.8, 0.85)",0.8271328626112776,0,2,100_right_RCA_prox_10mm_55ds_leaky_T5_vox_wide_A_fixed,T5_vox_wide,A_fixed,ok,True,2,2,10.815370872249057,10.815370872249057,10.815370872249057,1.0,0.8847098543258929,0.05757699171461528,0.0,,0.06961891434710321,1.54250332204315,1.4580280989728038,True,26.0,6.314019844616133e-12,1.9585387411914547e-09,1.1785807082524717,123.21937389066147,2,vox,-1.0,0.318359375,1.1094079848288896,-7.174082469063498,,,,
100,right,RCA,prox,10.0,55,leaky,"[0.8, 0.85)",0.8271328626112776,0,2,100_right_RCA_prox_10mm_55ds_leaky_T5_vox_wide_B_rederived,T5_vox_wide,B_rederived,ok,True,2,2,10.815370872249057,10.815370872249057,10.815370872249057,1.0,0.8847098543258929,0.05757699171461528,0.0,,0.06961891434710321,1.54250332204315,1.4580280989728038,True,26.0,6.314019844616133e-12,1.9585387411914547e-09,1.1785807082524717,123.21937389066147,2,vox,-1.0,0.318359375,1.1094079848288896,-7.174082469063498,,,,
100,right,RCA,prox,10.0,55,leaky,"[0.8, 0.85)",0.8271328626112776,0,2,100_right_RCA_prox_10mm_55ds_leaky_T5_vox_wide_C_flowmatched,T5_vox_wide,C_flowmatched,ok,True,2,2,10.815370872249057,12.358473675379551,12.358473675379551,1.1426768273929386,0.8990361217990225,0.07190325918774487,0.0,,0.003429025920993936,1.3954494283472942,1.4580280989728038,True,27.0,3.860649618205571e-12,1.9585387411914547e-09,1.1785807082524717,123.21937389066147,2,vox,-1.0,0.318359375,1.1094079848288896,-7.174082469063498,2.0,0.004846793234869294,1.1758218766848312e-05,False
100,right,RCA,prox,10.0,55,discrete,"[0.8, 0.85)",0.8686092238222227,0,2,100_right_RCA_prox_10mm_55ds_discrete_clean_none,clean,,ok,True,2,2,23.97285163576467,23.97285163576467,23.97285163576467,1.0,0.8686092238222227,0.0,0.0,,0.0,0.9742080339106268,0.9742080339106268,True,21.0,2.0584417627667865e-13,6.714650715346916e-09,1.1785807082524717,123.21937389066147,2,,,,,,,,,
100,right,RCA,prox,10.0,55,discrete,"[0.8, 0.85)",0.8686092238222227,0,2,100_right_RCA_prox_10mm_55ds_discrete_T5_vox_narrow_A_fixed,T5_vox_narrow,A_fixed,ok,True,2,2,23.97285163576467,23.97285163576467,23.97285163576467,1.0,0.7879078723389247,-0.08070135148329804,1.0,to_positive,0.08594437136000244,0.8904803368651714,0.9742080339106268,True,20.0,3.4138892481305557e-12,6.714650715346916e-09,1.1785807082524717,123.21937389066147,2,vox,1.0,0.318359375,1.1094079848288896,7.174082469063498,,,,
100,right,RCA,prox,10.0,55,discrete,"[0.8, 0.85)",0.8686092238222227,0,2,100_right_RCA_prox_10mm_55ds_discrete_T5_vox_narrow_B_rederived,T5_vox_narrow,B_rederived,ok,True,2,2,23.97285163576467,23.97285163576467,23.97285163576467,1.0,0.7879078723389247,-0.08070135148329804,1.0,to_positive,0.08594437136000244,0.8904803368651714,0.9742080339106268,True,20.0,3.4138892481305557e-12,6.714650715346916e-09,1.1785807082524717,123.21937389066147,2,vox,1.0,0.318359375,1.1094079848288896,7.174082469063498,,,,
100,right,RCA,prox,10.0,55,discrete,"[0.8, 0.85)",0.8686092238222227,0,2,100_right_RCA_prox_10mm_55ds_discrete_T5_vox_narrow_C_flowmatched,T5_vox_narrow,C_flowmatched,ok,True,2,2,23.97285163576467,17.82297407840479,17.82297407840479,0.7434649139451984,0.766539396914589,-0.10206982690763367,1.0,to_positive,0.04545688094701972,0.9452111287035021,0.9742080339106268,True,19.0,2.1012030463487304e-12,6.714650715346916e-09,1.1785807082524717,123.21937389066147,2,vox,1.0,0.318359375,1.1094079848288896,7.174082469063498,1.0,0.007386434968466008,0.002066328025431524,False
100,right,RCA,prox,10.0,55,discrete,"[0.8, 0.85)",0.8686092238222227,0,2,100_right_RCA_prox_10mm_55ds_discrete_T5_vox_wide_A_fixed,T5_vox_wide,A_fixed,ok,True,2,2,23.97285163576467,23.97285163576467,23.97285163576467,1.0,0.9127553553335384,0.044146131511315634,0.0,,0.04612047905902268,1.0191389751394335,0.9742080339106268,True,22.0,1.8712802937225884e-12,6.714650715346916e-09,1.1785807082524717,123.21937389066147,2,vox,-1.0,0.318359375,1.1094079848288896,-7.174082469063498,,,,
100,right,RCA,prox,10.0,55,discrete,"[0.8, 0.85)",0.8686092238222227,0,2,100_right_RCA_prox_10mm_55ds_discrete_T5_vox_wide_B_rederived,T5_vox_wide,B_rederived,ok,True,2,2,23.97285163576467,23.97285163576467,23.97285163576467,1.0,0.9127553553335384,0.044146131511315634,0.0,,0.04612047905902268,1.0191389751394335,0.9742080339106268,True,22.0,1.8712802937225884e-12,6.714650715346916e-09,1.1785807082524717,123.21937389066147,2,vox,-1.0,0.318359375,1.1094079848288896,-7.174082469063498,,,,
100,right,RCA,prox,10.0,55,discrete,"[0.8, 0.85)",0.8686092238222227,0,2,100_right_RCA_prox_10mm_55ds_discrete_T5_vox_wide_C_flowmatched,T5_vox_wide,C_flowmatched,ok,True,2,2,23.97285163576467,27.491427999227497,27.491427999227497,1.1467733758554417,0.9173830395684405,0.04877381574621775,0.0,,0.01564156007056505,0.979603371960594,0.9742080339106268,True,22.0,2.9195558409319083e-12,6.714650715346916e-09,1.1785807082524717,123.21937389066147,2,vox,-1.0,0.318359375,1.1094079848288896,-7.174082469063498,1.0,0.0021270985886337494,0.0002446584014410949,False
129,right,RCA,mid,10.0,50,leaky,"[0.8, 0.85)",0.8135223225864842,0,2,129_right_RCA_mid_10mm_50ds_leaky_clean_none,clean,,ok,True,2,2,9.341357356059754,9.341357356059754,9.341357356059754,1.0,0.8135223225864842,0.0,0.0,,0.0,3.61489883010041,3.61489883010041,True,25.0,2.452012267324344e-12,3.8786642776727815e-09,1.5711852623067255,140.73103963156154,2,,,,,,,,,
129,right,RCA,mid,10.0,50,leaky,"[0.8, 0.85)",0.8135223225864842,0,2,129_right_RCA_mid_10mm_50ds_leaky_T5_vox_narrow_A_fixed,T5_vox_narrow,A_fixed,ok,True,2,2,9.341357356059754,9.341357356059754,9.341357356059754,1.0,0.7383019889653271,-0.0752203336211571,1.0,to_positive,0.09874530201252327,3.274627190696403,3.61489883010041,True,24.0,6.517981583377846e-12,3.8786642776727815e-09,1.5711852623067255,140.73103963156154,2,vox,1.0,0.373046875,1.55105561474087,6.012790119429788,,,,
129,right,RCA,mid,10.0,50,leaky,"[0.8, 0.85)",0.8135223225864842,0,2,129_right_RCA_mid_10mm_50ds_leaky_T5_vox_narrow_B_rederived,T5_vox_narrow,B_rederived,ok,True,2,2,9.341357356059754,9.341357356059754,9.341357356059754,1.0,0.7383019889653271,-0.0752203336211571,1.0,to_positive,0.09874530201252327,3.274627190696403,3.61489883010041,True,24.0,6.517981583377846e-12,3.8786642776727815e-09,1.5711852623067255,140.73103963156154,2,vox,1.0,0.373046875,1.55105561474087,6.012790119429788,,,,
129,right,RCA,mid,10.0,50,leaky,"[0.8, 0.85)",0.8135223225864842,0,2,129_right_RCA_mid_10mm_50ds_leaky_T5_vox_narrow_C_flowmatched,T5_vox_narrow,C_flowmatched,ok,True,2,2,9.341357356059754,7.50557736159196,7.50557736159196,0.8034782393506313,0.679063221513867,-0.13445910107261716,1.0,to_positive,0.003903756185429369,3.697732527841775,3.61489883010041,True,24.0,1.0493270800996916e-11,3.8786642776727815e-09,1.5711852623067255,140.73103963156154,2,vox,1.0,0.373046875,1.55105561474087,6.012790119429788,2.0,0.009750634669544431,1.5239312355278055e-05,False
129,right,RCA,mid,10.0,50,leaky,"[0.8, 0.85)",0.8135223225864842,0,2,129_right_RCA_mid_10mm_50ds_leaky_T5_vox_wide_A_fixed,T5_vox_wide,A_fixed,ok,True,2,2,9.341357356059754,9.341357356059754,9.341357356059754,1.0,0.8658492657879541,0.05232694320146991,0.0,,0.06862996887483744,3.851514050796534,3.61489883010041,True,26.0,4.629799442613935e-12,3.8786642776727815e-09,1.5711852623067255,140.73103963156154,2,vox,-1.0,0.373046875,1.55105561474087,-6.012790119429788,,,,
129,right,RCA,mid,10.0,50,leaky,"[0.8, 0.85)",0.8135223225864842,0,2,129_right_RCA_mid_10mm_50ds_leaky_T5_vox_wide_B_rederived,T5_vox_wide,B_rederived,ok,True,2,2,9.341357356059754,9.341357356059754,9.341357356059754,1.0,0.8658492657879541,0.05232694320146991,0.0,,0.06862996887483744,3.851514050796534,3.61489883010041,True,26.0,4.629799442613935e-12,3.8786642776727815e-09,1.5711852623067255,140.73103963156154,2,vox,-1.0,0.373046875,1.55105561474087,-6.012790119429788,,,,
129,right,RCA,mid,10.0,50,leaky,"[0.8, 0.85)",0.8135223225864842,0,2,129_right_RCA_mid_10mm_50ds_leaky_T5_vox_wide_C_flowmatched,T5_vox_wide,C_flowmatched,ok,True,2,2,9.341357356059754,10.248716196572156,10.248716196572156,1.0971335113225056,0.8798865945677469,0.06636427198126271,0.0,,0.0015030934480416674,3.5845731033158748,3.61489883010041,True,26.0,4.320736945277489e-13,3.8786642776727815e-09,1.5711852623067255,140.73103963156154,2,vox,-1.0,0.373046875,1.55105561474087,-6.012790119429788,1.0,0.004710072627761155,2.259289913545789e-06,False
129,right,RCA,mid,10.0,50,discrete,"[0.8, 0.85)",0.8528780651494898,0,2,129_right_RCA_mid_10mm_50ds_discrete_clean_none,clean,,ok,True,2,2,8.145139674630324,8.145139674630324,8.145139674630324,1.0,0.8528780651494898,0.0,0.0,,0.0,2.985736576720824,2.985736576720824,True,25.0,2.501889691166195e-12,5.413501425464794e-09,1.5711852623067255,140.73103963156154,2,,,,,,,,,
129,right,RCA,mid,10.0,50,discrete,"[0.8, 0.85)",0.8528780651494898,0,2,129_right_RCA_mid_10mm_50ds_discrete_T5_vox_narrow_A_fixed,T5_vox_narrow,A_fixed,ok,True,2,2,8.145139674630324,8.145139674630324,8.145139674630324,1.0,0.7880578744708252,-0.06482019067866462,1.0,to_positive,0.07926261091636382,2.748033293011331,2.985736576720824,True,24.0,5.8673581970292195e-12,5.413501425464794e-09,1.5711852623067255,140.73103963156154,2,vox,1.0,0.373046875,1.55105561474087,6.012790119429788,,,,
129,right,RCA,mid,10.0,50,discrete,"[0.8, 0.85)",0.8528780651494898,0,2,129_right_RCA_mid_10mm_50ds_discrete_T5_vox_narrow_B_rederived,T5_vox_narrow,B_rederived,ok,True,2,2,8.145139674630324,8.145139674630324,8.145139674630324,1.0,0.7880578744708252,-0.06482019067866462,1.0,to_positive,0.07926261091636382,2.748033293011331,2.985736576720824,True,24.0,5.8673581970292195e-12,5.413501425464794e-09,1.5711852623067255,140.73103963156154,2,vox,1.0,0.373046875,1.55105561474087,6.012790119429788,,,,
129,right,RCA,mid,10.0,50,discrete,"[0.8, 0.85)",0.8528780651494898,0,2,129_right_RCA_mid_10mm_50ds_discrete_T5_vox_narrow_C_flowmatched,T5_vox_narrow,C_flowmatched,ok,True,2,2,8.145139674630324,6.2048964368387,6.2048964368387,0.7617912871605012,0.7570398040359432,-0.09583826111354665,1.0,to_positive,0.023095669922053384,2.9730648712778978,2.985736576720824,True,24.0,4.1225359275465614e-13,5.413501425464794e-09,1.5711852623067255,140.73103963156154,2,vox,1.0,0.373046875,1.55105561474087,6.012790119429788,1.0,0.006282561489278877,0.0005334099691484414,False
129,right,RCA,mid,10.0,50,discrete,"[0.8, 0.85)",0.8528780651494898,0,2,129_right_RCA_mid_10mm_50ds_discrete_T5_vox_wide_A_fixed,T5_vox_wide,A_fixed,ok,True,2,2,8.145139674630324,8.145139674630324,8.145139674630324,1.0,0.8952679473732421,0.042389882223752284,0.0,,0.05166455234195299,3.14075805376036,2.985736576720824,True,26.0,3.657274327120772e-12,5.413501425464794e-09,1.5711852623067255,140.73103963156154,2,vox,-1.0,0.373046875,1.55105561474087,-6.012790119429788,,,,
129,right,RCA,mid,10.0,50,discrete,"[0.8, 0.85)",0.8528780651494898,0,2,129_right_RCA_mid_10mm_50ds_discrete_T5_vox_wide_B_rederived,T5_vox_wide,B_rederived,ok,True,2,2,8.145139674630324,8.145139674630324,8.145139674630324,1.0,0.8952679473732421,0.042389882223752284,0.0,,0.05166455234195299,3.14075805376036,2.985736576720824,True,26.0,3.657274327120772e-12,5.413501425464794e-09,1.5711852623067255,140.73103963156154,2,vox,-1.0,0.373046875,1.55105561474087,-6.012790119429788,,,,
129,right,RCA,mid,10.0,50,discrete,"[0.8, 0.85)",0.8528780651494898,0,2,129_right_RCA_mid_10mm_50ds_discrete_T5_vox_wide_C_flowmatched,T5_vox_wide,C_flowmatched,ok,True,2,2,8.145139674630324,9.19252320460495,9.19252320460495,1.1285900023589421,0.9029860057043051,0.05010794055481527,0.0,,0.010168188203352569,2.9868338257818365,2.985736576720824,True,26.0,2.2112845211556232e-12,5.413501425464794e-09,1.5711852623067255,140.73103963156154,2,vox,-1.0,0.373046875,1.55105561474087,-6.012790119429788,1.0,0.0026692259686943998,0.00010339205133879834,False
218,right,RCA,prox,10.0,50,leaky,"[0.8, 0.85)",0.8495653694680038,0,2,218_right_RCA_prox_10mm_50ds_leaky_clean_none,clean,,ok,True,2,2,9.442768058137167,9.442768058137167,9.442768058137167,1.0,0.8495653694680038,0.0,0.0,,0.0,2.4120034087491606,2.4120034087491606,True,26.0,3.7487827252403353e-13,2.5055326143662993e-09,1.3582092590390267,92.14031304199632,2,,,,,,,,,
218,right,RCA,prox,10.0,50,leaky,"[0.8, 0.85)",0.8495653694680038,0,2,218_right_RCA_prox_10mm_50ds_leaky_T5_vox_narrow_A_fixed,T5_vox_narrow,A_fixed,ok,True,2,2,9.442768058137167,9.442768058137167,9.442768058137167,1.0,0.7757716127976607,-0.07379375667034305,1.0,to_positive,0.09113625950161676,2.224680611202704,2.4120034087491606,True,26.0,1.7832127400619716e-12,2.5055326143662993e-09,1.3582092590390267,92.14031304199632,2,vox,1.0,0.345703125,1.3008416596337473,6.643835597511015,,,,
218,right,RCA,prox,10.0,50,leaky,"[0.8, 0.85)",0.8495653694680038,0,2,218_right_RCA_prox_10mm_50ds_leaky_T5_vox_narrow_B_rederived,T5_vox_narrow,B_rederived,ok,True,2,2,9.442768058137167,9.442768058137167,9.442768058137167,1.0,0.7757716127976607,-0.07379375667034305,1.0,to_positive,0.09113625950161676,2.224680611202704,2.4120034087491606,True,26.0,1.7832127400619716e-12,2.5055326143662993e-09,1.3582092590390267,92.14031304199632,2,vox,1.0,0.345703125,1.3008416596337473,6.643835597511015,,,,
218,right,RCA,prox,10.0,50,leaky,"[0.8, 0.85)",0.8495653694680038,0,2,218_right_RCA_prox_10mm_50ds_leaky_T5_vox_narrow_C_flowmatched,T5_vox_narrow,C_flowmatched,ok,True,2,2,9.442768058137167,7.802917132095757,7.802917132095757,0.8263379005027777,0.7303386475838489,-0.11922672188415484,1.0,to_positive,0.001104150691299606,2.5141276150844267,2.4120034087491606,True,26.0,1.0531784374151692e-12,2.5055326143662993e-09,1.3582092590390267,92.14031304199632,2,vox,1.0,0.345703125,1.3008416596337473,6.643835597511015,2.0,0.008305817795946031,1.2191487490973978e-06,False
218,right,RCA,prox,10.0,50,leaky,"[0.8, 0.85)",0.8495653694680038,0,2,218_right_RCA_prox_10mm_50ds_leaky_T5_vox_wide_A_fixed,T5_vox_wide,A_fixed,ok,True,2,2,9.442768058137167,9.442768058137167,9.442768058137167,1.0,0.896183258793628,0.04661788932562427,0.0,,0.05739186976182275,2.5300483906714204,2.4120034087491606,True,26.0,5.91739960307506e-13,2.5055326143662993e-09,1.3582092590390267,92.14031304199632,2,vox,-1.0,0.345703125,1.3008416596337473,-6.643835597511015,,,,
218,right,RCA,prox,10.0,50,leaky,"[0.8, 0.85)",0.8495653694680038,0,2,218_right_RCA_prox_10mm_50ds_leaky_T5_vox_wide_B_rederived,T5_vox_wide,B_rederived,ok,True,2,2,9.442768058137167,9.442768058137167,9.442768058137167,1.0,0.896183258793628,0.04661788932562427,0.0,,0.05739186976182275,2.5300483906714204,2.4120034087491606,True,26.0,5.91739960307506e-13,2.5055326143662993e-09,1.3582092590390267,92.14031304199632,2,vox,-1.0,0.345703125,1.3008416596337473,-6.643835597511015,,,,
218,right,RCA,prox,10.0,50,leaky,"[0.8, 0.85)",0.8495653694680038,0,2,218_right_RCA_prox_10mm_50ds_leaky_T5_vox_wide_C_flowmatched,T5_vox_wide,C_flowmatched,ok,True,2,2,9.442768058137167,10.205383790247708,10.205383790247708,1.080761883318035,0.9050537202601868,0.05548835079218306,0.0,,0.0004103401743427847,2.375677219793913,2.4120034087491606,True,26.0,5.5499605531866885e-12,2.5055326143662993e-09,1.3582092590390267,92.14031304199632,2,vox,-1.0,0.345703125,1.3008416596337473,-6.643835597511015,1.0,0.003293826714758024,1.6837905867966697e-07,False
218,right,RCA,prox,10.0,50,discrete,"[0.8, 0.85)",0.8458885573852009,0,2,218_right_RCA_prox_10mm_50ds_discrete_clean_none,clean,,ok,True,2,2,18.989584453781386,18.989584453781386,18.989584453781386,1.0,0.8458885573852009,0.0,0.0,,0.0,2.0714387552144027,2.0714387552144027,True,24.0,8.799752818675952e-12,6.215062579687923e-09,1.3582092590390267,92.14031304199632,2,,,,,,,,,
218,right,RCA,prox,10.0,50,discrete,"[0.8, 0.85)",0.8458885573852009,0,2,218_right_RCA_prox_10mm_50ds_discrete_T5_vox_narrow_A_fixed,T5_vox_narrow,A_fixed,ok,True,2,2,18.989584453781386,18.989584453781386,18.989584453781386,1.0,0.7708941648922429,-0.07499439249295792,1.0,to_positive,0.09174004892120981,1.8814048624719932,2.0714387552144027,True,22.0,9.730003584665683e-12,6.215062579687923e-09,1.3582092590390267,92.14031304199632,2,vox,1.0,0.345703125,1.3008416596337473,6.643835597511015,,,,
218,right,RCA,prox,10.0,50,discrete,"[0.8, 0.85)",0.8458885573852009,0,2,218_right_RCA_prox_10mm_50ds_discrete_T5_vox_narrow_B_rederived,T5_vox_narrow,B_rederived,ok,True,2,2,18.989584453781386,18.989584453781386,18.989584453781386,1.0,0.7708941648922429,-0.07499439249295792,1.0,to_positive,0.09174004892120981,1.8814048624719932,2.0714387552144027,True,22.0,9.730003584665683e-12,6.215062579687923e-09,1.3582092590390267,92.14031304199632,2,vox,1.0,0.345703125,1.3008416596337473,6.643835597511015,,,,
218,right,RCA,prox,10.0,50,discrete,"[0.8, 0.85)",0.8458885573852009,0,2,218_right_RCA_prox_10mm_50ds_discrete_T5_vox_narrow_C_flowmatched,T5_vox_narrow,C_flowmatched,ok,True,2,2,18.989584453781386,14.824450206876074,14.824450206876074,0.7806621699888798,0.730258846920055,-0.11562971046514581,1.0,to_positive,0.0007645563813974949,2.0716340535130153,2.0714387552144027,True,21.0,8.718375479335099e-12,6.215062579687923e-09,1.3582092590390267,92.14031304199632,2,vox,1.0,0.345703125,1.3008416596337473,6.643835597511015,1.0,0.00841623657606597,5.845464603356316e-07,False
218,right,RCA,prox,10.0,50,discrete,"[0.8, 0.85)",0.8458885573852009,0,2,218_right_RCA_prox_10mm_50ds_discrete_T5_vox_wide_A_fixed,T5_vox_wide,A_fixed,ok,True,2,2,18.989584453781386,18.989584453781386,18.989584453781386,1.0,0.8933251268283635,0.04743656944316266,0.0,,0.05771356706399428,2.190988874746456,2.0714387552144027,True,25.0,2.394977523036315e-12,6.215062579687923e-09,1.3582092590390267,92.14031304199632,2,vox,-1.0,0.345703125,1.3008416596337473,-6.643835597511015,,,,
218,right,RCA,prox,10.0,50,discrete,"[0.8, 0.85)",0.8458885573852009,0,2,218_right_RCA_prox_10mm_50ds_discrete_T5_vox_wide_B_rederived,T5_vox_wide,B_rederived,ok,True,2,2,18.989584453781386,18.989584453781386,18.989584453781386,1.0,0.8933251268283635,0.04743656944316266,0.0,,0.05771356706399428,2.190988874746456,2.0714387552144027,True,25.0,2.394977523036315e-12,6.215062579687923e-09,1.3582092590390267,92.14031304199632,2,vox,-1.0,0.345703125,1.3008416596337473,-6.643835597511015,,,,
218,right,RCA,prox,10.0,50,discrete,"[0.8, 0.85)",0.8458885573852009,0,2,218_right_RCA_prox_10mm_50ds_discrete_T5_vox_wide_C_flowmatched,T5_vox_wide,C_flowmatched,ok,True,2,2,18.989584453781386,21.003127607827768,21.003127607827768,1.1060340819435586,0.9017869022235389,0.055898344838338,0.0,,0.00028549703117482244,2.0713626228562916,2.0714387552144027,True,25.0,5.317462431775017e-12,6.215062579687923e-09,1.3582092590390267,92.14031304199632,2,vox,-1.0,0.345703125,1.3008416596337473,-6.643835597511015,1.0,0.0033308558232501657,8.150855480963754e-08,False
251,right,RCA,mid,10.0,55,leaky,"[0.8, 0.85)",0.804739231503726,0,2,251_right_RCA_mid_10mm_55ds_leaky_clean_none,clean,,ok,True,2,2,9.043460016544108,9.043460016544108,9.043460016544108,1.0,0.804739231503726,0.0,0.0,,0.0,1.2400466195200022,1.2400466195200022,True,26.0,4.431045286801829e-12,1.293200646990085e-09,1.0894867956897625,93.2822631643645,2,,,,,,,,,
251,right,RCA,mid,10.0,55,leaky,"[0.8, 0.85)",0.804739231503726,0,2,251_right_RCA_mid_10mm_55ds_leaky_T5_vox_narrow_A_fixed,T5_vox_narrow,A_fixed,ok,True,2,2,9.043460016544108,9.043460016544108,9.043460016544108,1.0,0.7028084733599479,-0.10193075814377806,1.0,to_positive,0.13605576498291852,1.096573154475946,1.2400466195200022,True,26.0,3.187072313512399e-12,1.293200646990085e-09,1.0894867956897625,93.2822631643645,2,vox,1.0,0.318359375,1.046175417361157,7.6076958442356775,,,,
251,right,RCA,mid,10.0,55,leaky,"[0.8, 0.85)",0.804739231503726,0,2,251_right_RCA_mid_10mm_55ds_leaky_T5_vox_narrow_B_rederived,T5_vox_narrow,B_rederived,ok,True,2,2,9.043460016544108,9.043460016544108,9.043460016544108,1.0,0.7028084733599479,-0.10193075814377806,1.0,to_positive,0.13605576498291852,1.096573154475946,1.2400466195200022,True,26.0,3.187072313512399e-12,1.293200646990085e-09,1.0894867956897625,93.2822631643645,2,vox,1.0,0.318359375,1.046175417361157,7.6076958442356775,,,,
251,right,RCA,mid,10.0,55,leaky,"[0.8, 0.85)",0.804739231503726,0,2,251_right_RCA_mid_10mm_55ds_leaky_T5_vox_narrow_C_flowmatched,T5_vox_narrow,C_flowmatched,ok,True,2,2,9.043460016544108,6.538756275813277,6.538756275813277,0.723037008385206,0.616695313906563,-0.188043917597163,1.0,to_positive,0.007413438192379503,1.3197813434447114,1.2400466195200022,True,26.0,6.608593386471757e-12,1.293200646990085e-09,1.0894867956897625,93.2822631643645,2,vox,1.0,0.318359375,1.046175417361157,7.6076958442356775,2.0,0.01851117118508716,5.4959065832231065e-05,False
251,right,RCA,mid,10.0,55,leaky,"[0.8, 0.85)",0.804739231503726,0,2,251_right_RCA_mid_10mm_55ds_leaky_T5_vox_wide_A_fixed,T5_vox_wide,A_fixed,ok,True,2,2,9.043460016544108,9.043460016544108,9.043460016544108,1.0,0.8655225606958357,0.060783329192109714,0.0,,0.08113274640582509,1.325603195530525,1.2400466195200022,True,27.0,3.628283975901126e-12,1.293200646990085e-09,1.0894867956897625,93.2822631643645,2,vox,-1.0,0.318359375,1.046175417361157,-7.6076958442356775,,,,
251,right,RCA,mid,10.0,55,leaky,"[0.8, 0.85)",0.804739231503726,0,2,251_right_RCA_mid_10mm_55ds_leaky_T5_vox_wide_B_rederived,T5_vox_wide,B_rederived,ok,True,2,2,9.043460016544108,9.043460016544108,9.043460016544108,1.0,0.8655225606958357,0.060783329192109714,0.0,,0.08113274640582509,1.325603195530525,1.2400466195200022,True,27.0,3.628283975901126e-12,1.293200646990085e-09,1.0894867956897625,93.2822631643645,2,vox,-1.0,0.318359375,1.046175417361157,-7.6076958442356775,,,,
251,right,RCA,mid,10.0,55,leaky,"[0.8, 0.85)",0.804739231503726,0,2,251_right_RCA_mid_10mm_55ds_leaky_T5_vox_wide_C_flowmatched,T5_vox_wide,C_flowmatched,ok,True,2,2,9.043460016544108,10.042077692832468,10.042077692832468,1.1104242927443133,0.8796162628245209,0.07487703132079493,0.0,,0.0019599486906014684,1.2192028964216752,1.2400466195200022,True,27.0,6.792851842860571e-13,1.293200646990085e-09,1.0894867956897625,93.2822631643645,2,vox,-1.0,0.318359375,1.046175417361157,-7.6076958442356775,1.0,0.006582522539351923,3.841398869790411e-06,False
251,right,RCA,mid,10.0,55,discrete,"[0.8, 0.85)",0.7836725131552631,1,2,251_right_RCA_mid_10mm_55ds_discrete_clean_none,clean,,ok,True,2,2,44.1705592303227,44.1705592303227,44.1705592303227,1.0,0.7836725131552631,0.0,0.0,,0.0,1.1400330911063272,1.1400330911063272,True,24.0,3.6205892479530127e-12,7.0073244147183906e-09,1.0894867956897625,93.2822631643645,2,,,,,,,,,
251,right,RCA,mid,10.0,55,discrete,"[0.8, 0.85)",0.7836725131552631,1,2,251_right_RCA_mid_10mm_55ds_discrete_T5_vox_narrow_A_fixed,T5_vox_narrow,A_fixed,ok,True,2,2,44.1705592303227,44.1705592303227,44.1705592303227,1.0,0.6752307217287895,-0.10844179142647359,0.0,,0.14893457746662947,0.9702427443805335,1.1400330911063272,True,21.0,4.05513781245357e-13,7.0073244147183906e-09,1.0894867956897625,93.2822631643645,2,vox,1.0,0.318359375,1.046175417361157,7.6076958442356775,,,,
251,right,RCA,mid,10.0,55,discrete,"[0.8, 0.85)",0.7836725131552631,1,2,251_right_RCA_mid_10mm_55ds_discrete_T5_vox_narrow_B_rederived,T5_vox_narrow,B_rederived,ok,True,2,2,44.1705592303227,44.1705592303227,44.1705592303227,1.0,0.6752307217287895,-0.10844179142647359,0.0,,0.14893457746662947,0.9702427443805335,1.1400330911063272,True,21.0,4.05513781245357e-13,7.0073244147183906e-09,1.0894867956897625,93.2822631643645,2,vox,1.0,0.318359375,1.046175417361157,7.6076958442356775,,,,
251,right,RCA,mid,10.0,55,discrete,"[0.8, 0.85)",0.7836725131552631,1,2,251_right_RCA_mid_10mm_55ds_discrete_T5_vox_narrow_C_flowmatched,T5_vox_narrow,C_flowmatched,ok,True,2,2,44.1705592303227,29.711262845595225,29.711262845595225,0.6726485551307828,0.5824987718439228,-0.20117374131134025,0.0,,0.02199989663239716,1.1307433165690965,1.1400330911063272,True,19.0,3.3364643343793894e-12,7.0073244147183906e-09,1.0894867956897625,93.2822631643645,2,vox,1.0,0.318359375,1.046175417361157,7.6076958442356775,1.0,0.022181508365163458,0.00048399545183616,False
251,right,RCA,mid,10.0,55,discrete,"[0.8, 0.85)",0.7836725131552631,1,2,251_right_RCA_mid_10mm_55ds_discrete_T5_vox_wide_A_fixed,T5_vox_wide,A_fixed,ok,True,2,2,44.1705592303227,44.1705592303227,44.1705592303227,1.0,0.8509515112154592,0.0672789980601961,1.0,to_negative,0.09240136128961907,1.2453737006322882,1.1400330911063272,True,26.0,2.389174417250739e-12,7.0073244147183906e-09,1.0894867956897625,93.2822631643645,2,vox,-1.0,0.318359375,1.046175417361157,-7.6076958442356775,,,,
251,right,RCA,mid,10.0,55,discrete,"[0.8, 0.85)",0.7836725131552631,1,2,251_right_RCA_mid_10mm_55ds_discrete_T5_vox_wide_B_rederived,T5_vox_wide,B_rederived,ok,True,2,2,44.1705592303227,44.1705592303227,44.1705592303227,1.0,0.8509515112154592,0.0672789980601961,1.0,to_negative,0.09240136128961907,1.2453737006322882,1.1400330911063272,True,26.0,2.389174417250739e-12,7.0073244147183906e-09,1.0894867956897625,93.2822631643645,2,vox,-1.0,0.318359375,1.046175417361157,-7.6076958442356775,,,,
251,right,RCA,mid,10.0,55,discrete,"[0.8, 0.85)",0.7836725131552631,1,2,251_right_RCA_mid_10mm_55ds_discrete_T5_vox_wide_C_flowmatched,T5_vox_wide,C_flowmatched,ok,True,2,2,44.1705592303227,50.291585445417,50.291585445417,1.1385770595109936,0.8679711112411712,0.08429859808590812,1.0,to_negative,0.005865187359861271,1.1415664197120752,1.1400330911063272,True,26.0,2.8175284446196553e-12,7.0073244147183906e-09,1.0894867956897625,93.2822631643645,2,vox,-1.0,0.318359375,1.046175417361157,-7.6076958442356775,1.0,0.008538011568174714,3.440042276627642e-05,False
454,right,RCA,mid,10.0,50,leaky,"[0.8, 0.85)",0.8304327834157059,0,2,454_right_RCA_mid_10mm_50ds_leaky_clean_none,clean,,ok,True,2,2,10.530672205492172,10.530672205492172,10.530672205492172,1.0,0.8304327834157059,0.0,0.0,,0.0,2.2442968660643063,2.2442968660643063,True,26.0,1.7887618675651296e-12,2.6419681484200622e-09,1.316727826680838,184.25385713568716,2,,,,,,,,,
454,right,RCA,mid,10.0,50,leaky,"[0.8, 0.85)",0.8304327834157059,0,2,454_right_RCA_mid_10mm_50ds_leaky_T5_vox_narrow_A_fixed,T5_vox_narrow,A_fixed,ok,True,2,2,10.530672205492172,10.530672205492172,10.530672205492172,1.0,0.7493445602441885,-0.08108822317151743,1.0,to_positive,0.10422280821477371,2.054382415683575,2.2442968660643063,True,26.0,2.523308999153133e-13,2.6419681484200622e-09,1.316727826680838,184.25385713568716,2,vox,1.0,0.361328125,1.2360533963133655,7.308101051250938,,,,
454,right,RCA,mid,10.0,50,leaky,"[0.8, 0.85)",0.8304327834157059,0,2,454_right_RCA_mid_10mm_50ds_leaky_T5_vox_narrow_B_rederived,T5_vox_narrow,B_rederived,ok,True,2,2,10.530672205492172,10.530672205492172,10.530672205492172,1.0,0.7493445602441885,-0.08108822317151743,1.0,to_positive,0.10422280821477371,2.054382415683575,2.2442968660643063,True,26.0,2.523308999153133e-13,2.6419681484200622e-09,1.316727826680838,184.25385713568716,2,vox,1.0,0.361328125,1.2360533963133655,7.308101051250938,,,,
454,right,RCA,mid,10.0,50,leaky,"[0.8, 0.85)",0.8304327834157059,0,2,454_right_RCA_mid_10mm_50ds_leaky_T5_vox_narrow_C_flowmatched,T5_vox_narrow,C_flowmatched,ok,True,2,2,10.530672205492172,8.531387585885431,8.531387585885431,0.8101465338020841,0.697171597625331,-0.13326118579037494,1.0,to_positive,0.003774403592507576,2.3497491187072925,2.2442968660643063,True,26.0,2.2778607090805215e-12,2.6419681484200622e-09,1.316727826680838,184.25385713568716,2,vox,1.0,0.361328125,1.2360533963133655,7.308101051250938,1.0,0.010862393752173502,1.4246122479134096e-05,False
454,right,RCA,mid,10.0,50,leaky,"[0.8, 0.85)",0.8304327834157059,0,2,454_right_RCA_mid_10mm_50ds_leaky_T5_vox_wide_A_fixed,T5_vox_wide,A_fixed,ok,True,2,2,10.530672205492172,10.530672205492172,10.530672205492172,1.0,0.8798758063936521,0.04944302297794623,0.0,,0.06350136031296624,2.3600318939178915,2.2442968660643063,True,27.0,4.910032896070519e-12,2.6419681484200622e-09,1.316727826680838,184.25385713568716,2,vox,-1.0,0.361328125,1.2360533963133655,-7.308101051250938,,,,
454,right,RCA,mid,10.0,50,leaky,"[0.8, 0.85)",0.8304327834157059,0,2,454_right_RCA_mid_10mm_50ds_leaky_T5_vox_wide_B_rederived,T5_vox_wide,B_rederived,ok,True,2,2,10.530672205492172,10.530672205492172,10.530672205492172,1.0,0.8798758063936521,0.04944302297794623,0.0,,0.06350136031296624,2.3600318939178915,2.2442968660643063,True,27.0,4.910032896070519e-12,2.6419681484200622e-09,1.316727826680838,184.25385713568716,2,vox,-1.0,0.361328125,1.2360533963133655,-7.308101051250938,,,,
454,right,RCA,mid,10.0,50,leaky,"[0.8, 0.85)",0.8304327834157059,0,2,454_right_RCA_mid_10mm_50ds_leaky_T5_vox_wide_C_flowmatched,T5_vox_wide,C_flowmatched,ok,True,2,2,10.530672205492172,11.424120983132987,11.424120983132987,1.0848425209907155,0.8899143847284042,0.05948160131269831,0.0,,0.001302182036156748,2.209004282120325,2.2442968660643063,True,27.0,8.160489017324644e-12,2.6419681484200622e-09,1.316727826680838,184.25385713568716,2,vox,-1.0,0.361328125,1.2360533963133655,-7.308101051250938,1.0,0.004032422761597165,1.6956780552893342e-06,False
454,right,RCA,mid,10.0,50,discrete,"[0.8, 0.85)",0.8207466461299402,0,2,454_right_RCA_mid_10mm_50ds_discrete_clean_none,clean,,ok,True,2,2,16.54099330337692,16.54099330337692,16.54099330337692,1.0,0.8207466461299402,0.0,0.0,,0.0,1.912683350737904,1.912683350737904,True,24.0,6.444361762070683e-12,5.667279315171822e-09,1.316727826680838,184.25385713568716,2,,,,,,,,,
454,right,RCA,mid,10.0,50,discrete,"[0.8, 0.85)",0.8207466461299402,0,2,454_right_RCA_mid_10mm_50ds_discrete_T5_vox_narrow_A_fixed,T5_vox_narrow,A_fixed,ok,True,2,2,16.54099330337692,16.54099330337692,16.54099330337692,1.0,0.7347922707552279,-0.08595437537471229,1.0,to_positive,0.10887592883459492,1.7046567522347822,1.912683350737904,True,23.0,4.497135085450445e-12,5.667279315171822e-09,1.316727826680838,184.25385713568716,2,vox,1.0,0.361328125,1.2360533963133655,7.308101051250938,,,,
454,right,RCA,mid,10.0,50,discrete,"[0.8, 0.85)",0.8207466461299402,0,2,454_right_RCA_mid_10mm_50ds_discrete_T5_vox_narrow_B_rederived,T5_vox_narrow,B_rederived,ok,True,2,2,16.54099330337692,16.54099330337692,16.54099330337692,1.0,0.7347922707552279,-0.08595437537471229,1.0,to_positive,0.10887592883459492,1.7046567522347822,1.912683350737904,True,23.0,4.497135085450445e-12,5.667279315171822e-09,1.316727826680838,184.25385713568716,2,vox,1.0,0.361328125,1.2360533963133655,7.308101051250938,,,,
454,right,RCA,mid,10.0,50,discrete,"[0.8, 0.85)",0.8207466461299402,0,2,454_right_RCA_mid_10mm_50ds_discrete_T5_vox_narrow_C_flowmatched,T5_vox_narrow,C_flowmatched,ok,True,2,2,16.54099330337692,11.690418697082434,11.690418697082434,0.7067543334713631,0.6808884492908133,-0.13985819683912692,1.0,to_positive,0.02131824520553482,1.9062366281462095,1.912683350737904,True,23.0,7.917286381500969e-12,5.667279315171822e-09,1.316727826680838,184.25385713568716,2,vox,1.0,0.361328125,1.2360533963133655,7.308101051250938,1.0,0.011853967879595778,0.0004544675786433084,False
454,right,RCA,mid,10.0,50,discrete,"[0.8, 0.85)",0.8207466461299402,0,2,454_right_RCA_mid_10mm_50ds_discrete_T5_vox_wide_A_fixed,T5_vox_wide,A_fixed,ok,True,2,2,16.54099330337692,16.54099330337692,16.54099330337692,1.0,0.8739082432182089,0.05316159708826873,0.0,,0.06694130562110576,2.040558436603385,1.912683350737904,True,25.0,6.039061960725594e-12,5.667279315171822e-09,1.316727826680838,184.25385713568716,2,vox,-1.0,0.361328125,1.2360533963133655,-7.308101051250938,,,,
454,right,RCA,mid,10.0,50,discrete,"[0.8, 0.85)",0.8207466461299402,0,2,454_right_RCA_mid_10mm_50ds_discrete_T5_vox_wide_B_rederived,T5_vox_wide,B_rederived,ok,True,2,2,16.54099330337692,16.54099330337692,16.54099330337692,1.0,0.8739082432182089,0.05316159708826873,0.0,,0.06694130562110576,2.040558436603385,1.912683350737904,True,25.0,6.039061960725594e-12,5.667279315171822e-09,1.316727826680838,184.25385713568716,2,vox,-1.0,0.361328125,1.2360533963133655,-7.308101051250938,,,,
454,right,RCA,mid,10.0,50,discrete,"[0.8, 0.85)",0.8207466461299402,0,2,454_right_RCA_mid_10mm_50ds_discrete_T5_vox_wide_C_flowmatched,T5_vox_wide,C_flowmatched,ok,True,2,2,16.54099330337692,18.795186196428013,18.795186196428013,1.1362791733064115,0.8847579269423045,0.06401128081236429,0.0,,0.007366787191012059,1.9130728346588437,1.912683350737904,True,26.0,9.302175214104026e-12,5.667279315171822e-09,1.316727826680838,184.25385713568716,2,vox,-1.0,0.361328125,1.2360533963133655,-7.308101051250938,1.0,0.004481138398258285,5.426955351765934e-05,False
616,right,RCA,mid,20.0,40,leaky,"[0.8, 0.85)",0.8480542535600885,0,2,616_right_RCA_mid_20mm_40ds_leaky_clean_none,clean,,ok,True,2,2,11.051414896696013,11.051414896696013,11.051414896696013,1.0,0.8480542535600885,0.0,0.0,,0.0,3.37566028383804,3.37566028383804,True,27.0,7.502616671517738e-14,3.887660043062492e-09,1.4844682381860197,148.69389219194224,2,,,,,,,,,
616,right,RCA,mid,20.0,40,leaky,"[0.8, 0.85)",0.8480542535600885,0,2,616_right_RCA_mid_20mm_40ds_leaky_T5_vox_narrow_A_fixed,T5_vox_narrow,A_fixed,ok,True,2,2,11.051414896696013,11.051414896696013,11.051414896696013,1.0,0.8019169726568075,-0.04613728090328095,0.0,,0.058217484797572244,3.254589686111129,3.37566028383804,True,27.0,2.0026851793136558e-13,3.887660043062492e-09,1.4844682381860197,148.69389219194224,2,vox,1.0,0.3515625,1.2603718910258208,6.973388221825982,,,,
616,right,RCA,mid,20.0,40,leaky,"[0.8, 0.85)",0.8480542535600885,0,2,616_right_RCA_mid_20mm_40ds_leaky_T5_vox_narrow_B_rederived,T5_vox_narrow,B_rederived,ok,True,2,2,11.051414896696013,11.051414896696013,11.051414896696013,1.0,0.8019169726568075,-0.04613728090328095,0.0,,0.058217484797572244,3.254589686111129,3.37566028383804,True,27.0,2.0026851793136558e-13,3.887660043062492e-09,1.4844682381860197,148.69389219194224,2,vox,1.0,0.3515625,1.2603718910258208,6.973388221825982,,,,
616,right,RCA,mid,20.0,40,leaky,"[0.8, 0.85)",0.8480542535600885,0,2,616_right_RCA_mid_20mm_40ds_leaky_T5_vox_narrow_C_flowmatched,T5_vox_narrow,C_flowmatched,ok,True,2,2,11.051414896696013,10.001492614152493,10.001492614152493,0.9049965735285705,0.7817896588232618,-0.06626459473682667,1.0,to_positive,0.000540283235979256,3.5206532100825587,3.37566028383804,True,27.0,1.20114414480145e-12,3.887660043062492e-09,1.4844682381860197,148.69389219194224,2,vox,1.0,0.3515625,1.2603718910258208,6.973388221825982,2.0,0.0033892755361555555,2.919059750802165e-07,False
616,right,RCA,mid,20.0,40,leaky,"[0.8, 0.85)",0.8480542535600885,0,2,616_right_RCA_mid_20mm_40ds_leaky_T5_vox_wide_A_fixed,T5_vox_wide,A_fixed,ok,True,2,2,11.051414896696013,11.051414896696013,11.051414896696013,1.0,0.8901297916700216,0.04207553810993314,0.0,,0.053092248878075864,3.4892726167009047,3.37566028383804,True,28.0,5.381843869334306e-13,3.887660043062492e-09,1.4844682381860197,148.69389219194224,2,vox,-1.0,0.3515625,1.2603718910258208,-6.973388221825982,,,,
616,right,RCA,mid,20.0,40,leaky,"[0.8, 0.85)",0.8480542535600885,0,2,616_right_RCA_mid_20mm_40ds_leaky_T5_vox_wide_B_rederived,T5_vox_wide,B_rederived,ok,True,2,2,11.051414896696013,11.051414896696013,11.051414896696013,1.0,0.8901297916700216,0.04207553810993314,0.0,,0.053092248878075864,3.4892726167009047,3.37566028383804,True,28.0,5.381843869334306e-13,3.887660043062492e-09,1.4844682381860197,148.69389219194224,2,vox,-1.0,0.3515625,1.2603718910258208,-6.973388221825982,,,,
616,right,RCA,mid,20.0,40,leaky,"[0.8, 0.85)",0.8480542535600885,0,2,616_right_RCA_mid_20mm_40ds_leaky_T5_vox_wide_C_flowmatched,T5_vox_wide,C_flowmatched,ok,True,2,2,11.051414896696013,11.829416798967529,11.829416798967529,1.0703983978109546,0.897161131509884,0.04910687794979551,0.0,,0.00034201846916087023,3.287398760910876,3.37566028383804,True,28.0,2.835038946129157e-12,3.887660043062492e-09,1.4844682381860197,148.69389219194224,2,vox,-1.0,0.3515625,1.2603718910258208,-6.973388221825982,1.0,0.0028187868909315475,1.1697663324714512e-07,False
616,right,RCA,mid,20.0,40,discrete,"[0.8, 0.85)",0.7895217807063338,1,2,616_right_RCA_mid_20mm_40ds_discrete_clean_none,clean,,ok,True,2,2,9.322548322679273,9.322548322679273,9.322548322679273,1.0,0.7895217807063338,0.0,0.0,,0.0,2.756922323362797,2.756922323362797,True,25.0,7.757620960321491e-12,5.434985491941328e-09,1.4844682381860197,148.69389219194224,2,,,,,,,,,
616,right,RCA,mid,20.0,40,discrete,"[0.8, 0.85)",0.7895217807063338,1,2,616_right_RCA_mid_20mm_40ds_discrete_T5_vox_narrow_A_fixed,T5_vox_narrow,A_fixed,ok,True,2,2,9.322548322679273,9.322548322679273,9.322548322679273,1.0,0.7279639987985189,-0.06155778190781491,0.0,,0.08387004714711042,2.525699118123815,2.756922323362797,True,23.0,8.699051862975003e-12,5.434985491941328e-09,1.4844682381860197,148.69389219194224,2,vox,1.0,0.3515625,1.2603718910258208,6.973388221825982,,,,
616,right,RCA,mid,20.0,40,discrete,"[0.8, 0.85)",0.7895217807063338,1,2,616_right_RCA_mid_20mm_40ds_discrete_T5_vox_narrow_B_rederived,T5_vox_narrow,B_rederived,ok,True,2,2,9.322548322679273,9.322548322679273,9.322548322679273,1.0,0.7279639987985189,-0.06155778190781491,0.0,,0.08387004714711042,2.525699118123815,2.756922323362797,True,23.0,8.699051862975003e-12,5.434985491941328e-09,1.4844682381860197,148.69389219194224,2,vox,1.0,0.3515625,1.2603718910258208,6.973388221825982,,,,
616,right,RCA,mid,20.0,40,discrete,"[0.8, 0.85)",0.7895217807063338,1,2,616_right_RCA_mid_20mm_40ds_discrete_T5_vox_narrow_C_flowmatched,T5_vox_narrow,C_flowmatched,ok,True,2,2,9.322548322679273,6.970155651478822,6.970155651478822,0.7476663472499566,0.6897239270271348,-0.09979785367919902,0.0,,0.006169694402694592,2.755862332990739,2.756922323362797,True,23.0,5.863906150440307e-12,5.434985491941328e-09,1.4844682381860197,148.69389219194224,2,vox,1.0,0.3515625,1.2603718910258208,6.973388221825982,1.0,0.007034184808458525,3.806512902264098e-05,False
616,right,RCA,mid,20.0,40,discrete,"[0.8, 0.85)",0.7895217807063338,1,2,616_right_RCA_mid_20mm_40ds_discrete_T5_vox_wide_A_fixed,T5_vox_wide,A_fixed,ok,True,2,2,9.322548322679273,9.322548322679273,9.322548322679273,1.0,0.8492103211712684,0.05968854046493455,1.0,to_negative,0.08132327949109877,2.9811242879980258,2.756922323362797,True,27.0,6.800416420476948e-12,5.434985491941328e-09,1.4844682381860197,148.69389219194224,2,vox,-1.0,0.3515625,1.2603718910258208,-6.973388221825982,,,,
616,right,RCA,mid,20.0,40,discrete,"[0.8, 0.85)",0.7895217807063338,1,2,616_right_RCA_mid_20mm_40ds_discrete_T5_vox_wide_B_rederived,T5_vox_wide,B_rederived,ok,True,2,2,9.322548322679273,9.322548322679273,9.322548322679273,1.0,0.8492103211712684,0.05968854046493455,1.0,to_negative,0.08132327949109877,2.9811242879980258,2.756922323362797,True,27.0,6.800416420476948e-12,5.434985491941328e-09,1.4844682381860197,148.69389219194224,2,vox,-1.0,0.3515625,1.2603718910258208,-6.973388221825982,,,,
616,right,RCA,mid,20.0,40,discrete,"[0.8, 0.85)",0.7895217807063338,1,2,616_right_RCA_mid_20mm_40ds_discrete_T5_vox_wide_C_flowmatched,T5_vox_wide,C_flowmatched,ok,True,2,2,9.322548322679273,11.060150829780097,11.060150829780097,1.1863870743231977,0.8630637738278052,0.07354199312147136,1.0,to_negative,0.0033471291888354485,2.757014396773762,2.756922323362797,True,27.0,5.338706806051472e-12,5.434985491941328e-09,1.4844682381860197,148.69389219194224,2,vox,-1.0,0.3515625,1.2603718910258208,-6.973388221825982,1.0,0.006613475787187367,1.1203273806754248e-05,False
727,right,RCA,mid,20.0,50,leaky,"[0.8, 0.85)",0.8106023459690286,0,3,727_right_RCA_mid_20mm_50ds_leaky_clean_none,clean,,ok,True,3,2,9.418943891325503,9.418943891325503,9.418943891325503,1.0,0.8106023459690286,0.0,0.0,,0.0,2.535966580607076,2.535966580607076,True,26.0,3.4905498688243897e-12,2.7076593479746093e-09,1.3786856718156153,149.6026092954903,3,,,,,,,,,
727,right,RCA,mid,20.0,50,leaky,"[0.8, 0.85)",0.8106023459690286,0,3,727_right_RCA_mid_20mm_50ds_leaky_T5_vox_narrow_A_fixed,T5_vox_narrow,A_fixed,ok,True,3,2,9.418943891325503,9.418943891325503,9.418943891325503,1.0,0.7389280773646668,-0.07167426860436177,1.0,to_positive,0.09465716329543378,2.354468443369936,2.535966580607076,True,26.0,2.2763528595356417e-12,2.7076593479746093e-09,1.3786856718156153,149.6026092954903,3,vox,1.0,0.318359375,1.2815989878713667,6.2101987051497565,,,,
727,right,RCA,mid,20.0,50,leaky,"[0.8, 0.85)",0.8106023459690286,0,3,727_right_RCA_mid_20mm_50ds_leaky_T5_vox_narrow_B_rederived,T5_vox_narrow,B_rederived,ok,True,3,2,9.418943891325503,9.418943891325503,9.418943891325503,1.0,0.7389280773646668,-0.07167426860436177,1.0,to_positive,0.09465716329543378,2.354468443369936,2.535966580607076,True,26.0,2.2763528595356417e-12,2.7076593479746093e-09,1.3786856718156153,149.6026092954903,3,vox,1.0,0.318359375,1.2815989878713667,6.2101987051497565,,,,
727,right,RCA,mid,20.0,50,leaky,"[0.8, 0.85)",0.8106023459690286,0,3,727_right_RCA_mid_20mm_50ds_leaky_T5_vox_narrow_C_flowmatched,T5_vox_narrow,C_flowmatched,ok,True,3,2,9.418943891325503,7.745705064768964,7.745705064768964,0.8223538810866545,0.69200418390689,-0.11859816206213858,1.0,to_positive,0.0031678647371779153,2.682026772206475,2.535966580607076,True,26.0,1.975758845115271e-12,2.7076593479746093e-09,1.3786856718156153,149.6026092954903,3,vox,1.0,0.318359375,1.2815989878713667,6.2101987051497565,2.0,0.008959978563138416,1.0035366993055302e-05,False
727,right,RCA,mid,20.0,50,leaky,"[0.8, 0.85)",0.8106023459690286,0,3,727_right_RCA_mid_20mm_50ds_leaky_T5_vox_wide_A_fixed,T5_vox_wide,A_fixed,ok,True,3,2,9.418943891325503,9.418943891325503,9.418943891325503,1.0,0.85904406117009,0.04844171520106144,0.0,,0.0639434173655099,2.6585853684898515,2.535966580607076,True,27.0,6.895681369190695e-12,2.7076593479746093e-09,1.3786856718156153,149.6026092954903,3,vox,-1.0,0.318359375,1.2815989878713667,-6.2101987051497565,,,,
727,right,RCA,mid,20.0,50,leaky,"[0.8, 0.85)",0.8106023459690286,0,3,727_right_RCA_mid_20mm_50ds_leaky_T5_vox_wide_B_rederived,T5_vox_wide,B_rederived,ok,True,3,2,9.418943891325503,9.418943891325503,9.418943891325503,1.0,0.85904406117009,0.04844171520106144,0.0,,0.0639434173655099,2.6585853684898515,2.535966580607076,True,27.0,6.895681369190695e-12,2.7076593479746093e-09,1.3786856718156153,149.6026092954903,3,vox,-1.0,0.318359375,1.2815989878713667,-6.2101987051497565,,,,
727,right,RCA,mid,20.0,50,leaky,"[0.8, 0.85)",0.8106023459690286,0,3,727_right_RCA_mid_20mm_50ds_leaky_T5_vox_wide_C_flowmatched,T5_vox_wide,C_flowmatched,ok,True,3,2,9.418943891325503,10.27038130219115,10.27038130219115,1.090396271672219,0.8708735205813115,0.06027117461228293,0.0,,0.0012663814506917552,2.4797816575419116,2.535966580607076,True,27.0,8.100978097188417e-12,2.7076593479746093e-09,1.3786856718156153,149.6026092954903,3,vox,-1.0,0.318359375,1.2815989878713667,-6.2101987051497565,1.0,0.004088760624379794,1.6037219786561544e-06,False
727,right,RCA,mid,20.0,50,discrete,"[0.8, 0.85)",0.7824752308915868,1,3,727_right_RCA_mid_20mm_50ds_discrete_clean_none,clean,,ok,True,3,2,22.84882529499503,22.84882529499503,22.84882529499503,1.0,0.7824752308915868,0.0,0.0,,0.0,2.1252981604830317,2.1252981604830317,True,24.0,8.452601425938256e-12,8.113728081372942e-09,1.3786856718156153,149.6026092954903,3,,,,,,,,,
727,right,RCA,mid,20.0,50,discrete,"[0.8, 0.85)",0.7824752308915868,1,3,727_right_RCA_mid_20mm_50ds_discrete_T5_vox_narrow_A_fixed,T5_vox_narrow,A_fixed,ok,True,3,2,22.84882529499503,22.84882529499503,22.84882529499503,1.0,0.7037238562075856,-0.07875137468400117,0.0,,0.10689026080214313,1.8992562686925958,2.1252981604830317,True,23.0,8.091774812108128e-12,8.113728081372942e-09,1.3786856718156153,149.6026092954903,3,vox,1.0,0.318359375,1.2815989878713667,6.2101987051497565,,,,
727,right,RCA,mid,20.0,50,discrete,"[0.8, 0.85)",0.7824752308915868,1,3,727_right_RCA_mid_20mm_50ds_discrete_T5_vox_narrow_B_rederived,T5_vox_narrow,B_rederived,ok,True,3,2,22.84882529499503,22.84882529499503,22.84882529499503,1.0,0.7037238562075856,-0.07875137468400117,0.0,,0.10689026080214313,1.8992562686925958,2.1252981604830317,True,23.0,8.091774812108128e-12,8.113728081372942e-09,1.3786856718156153,149.6026092954903,3,vox,1.0,0.318359375,1.2815989878713667,6.2101987051497565,,,,
727,right,RCA,mid,20.0,50,discrete,"[0.8, 0.85)",0.7824752308915868,1,3,727_right_RCA_mid_20mm_50ds_discrete_T5_vox_narrow_C_flowmatched,T5_vox_narrow,C_flowmatched,ok,True,3,2,22.84882529499503,16.68560622952515,16.68560622952515,0.7302610096625004,0.6472112651423739,-0.13526396574921284,0.0,,0.001359952788072484,2.1242633165099387,2.1252981604830317,True,23.0,6.069251580044118e-12,8.113728081372942e-09,1.3786856718156153,149.6026092954903,3,vox,1.0,0.318359375,1.2815989878713667,6.2101987051497565,1.0,0.011425527854350175,1.8494715857861228e-06,False
727,right,RCA,mid,20.0,50,discrete,"[0.8, 0.85)",0.7824752308915868,1,3,727_right_RCA_mid_20mm_50ds_discrete_T5_vox_wide_A_fixed,T5_vox_wide,A_fixed,ok,True,3,2,22.84882529499503,22.84882529499503,22.84882529499503,1.0,0.837607731724385,0.05513250083279819,1.0,to_negative,0.07463892986247546,2.282978802638807,2.1252981604830317,True,25.0,6.81973594563617e-12,8.113728081372942e-09,1.3786856718156153,149.6026092954903,3,vox,-1.0,0.318359375,1.2815989878713667,-6.2101987051497565,,,,
727,right,RCA,mid,20.0,50,discrete,"[0.8, 0.85)",0.7824752308915868,1,3,727_right_RCA_mid_20mm_50ds_discrete_T5_vox_wide_B_rederived,T5_vox_wide,B_rederived,ok,True,3,2,22.84882529499503,22.84882529499503,22.84882529499503,1.0,0.837607731724385,0.05513250083279819,1.0,to_negative,0.07463892986247546,2.282978802638807,2.1252981604830317,True,25.0,6.81973594563617e-12,8.113728081372942e-09,1.3786856718156153,149.6026092954903,3,vox,-1.0,0.318359375,1.2815989878713667,-6.2101987051497565,,,,
727,right,RCA,mid,20.0,50,discrete,"[0.8, 0.85)",0.7824752308915868,1,3,727_right_RCA_mid_20mm_50ds_discrete_T5_vox_wide_C_flowmatched,T5_vox_wide,C_flowmatched,ok,True,3,2,22.84882529499503,26.053183555275982,26.053183555275982,1.1402417069109831,0.852744466735744,0.07026923584415723,1.0,to_negative,0.0005780737760836591,2.125722345559008,2.1252981604830317,True,26.0,4.8597192602765924e-12,8.113728081372942e-09,1.3786856718156153,149.6026092954903,3,vox,-1.0,0.318359375,1.2815989878713667,-6.2101987051497565,1.0,0.005570969851015532,3.3416929059562033e-07,False
43,left,LAD,mid,10.0,50,leaky,"[0.85, 0.9)",0.8949533271476932,0,8,43_left_LAD_mid_10mm_50ds_leaky_clean_none,clean,,ok,True,8,2,16.1115292482845,16.1115292482845,16.1115292482845,1.0,0.8949533271476932,0.0,0.0,,0.0,7.940231713053886,7.940231713053886,True,28.0,7.695613808658451e-13,1.1976308868130129e-08,1.9307917695943682,328.00377382627545,8,,,,,,,,,
43,left,LAD,mid,10.0,50,leaky,"[0.85, 0.9)",0.8949533271476932,0,8,43_left_LAD_mid_10mm_50ds_leaky_T5_vox_narrow_A_fixed,T5_vox_narrow,A_fixed,ok,True,8,2,16.1115292482845,16.1115292482845,16.1115292482845,1.0,0.8527311130298514,-0.04222221411784177,0.0,,0.01011290252855126,7.882947098830822,7.940231713053886,True,28.0,2.4982428242583757e-12,1.1976308868130129e-08,1.9307917695943682,328.00377382627545,8,vox,1.0,0.34765625,1.2422786647872055,6.996341880739602,,,,
43,left,LAD,mid,10.0,50,leaky,"[0.85, 0.9)",0.8949533271476932,0,8,43_left_LAD_mid_10mm_50ds_leaky_T5_vox_narrow_B_rederived,T5_vox_narrow,B_rederived,ok,True,8,2,16.1115292482845,16.1115292482845,16.1115292482845,1.0,0.8527311130298514,-0.04222221411784177,0.0,,0.01011290252855126,7.882947098830822,7.940231713053886,True,28.0,2.4982428242583757e-12,1.1976308868130129e-08,1.9307917695943682,328.00377382627545,8,vox,1.0,0.34765625,1.2422786647872055,6.996341880739602,,,,
43,left,LAD,mid,10.0,50,leaky,"[0.85, 0.9)",0.8949533271476932,0,8,43_left_LAD_mid_10mm_50ds_leaky_T5_vox_narrow_C_flowmatched,T5_vox_narrow,C_flowmatched,ok,True,8,2,16.1115292482845,15.989521329395133,15.989521329395133,0.9924272912267246,0.8514555785003523,-0.043497748647340906,0.0,,0.0073031300618068605,7.938964689027661,7.940231713053886,True,28.0,8.118493222617941e-12,1.1976308868130129e-08,1.9307917695943682,328.00377382627545,8,vox,1.0,0.34765625,1.2422786647872055,6.996341880739602,1.0,0.00010227079755197847,5.333570869966708e-05,False
43,left,LAD,mid,10.0,50,leaky,"[0.85, 0.9)",0.8949533271476932,0,8,43_left_LAD_mid_10mm_50ds_leaky_T5_vox_wide_A_fixed,T5_vox_wide,A_fixed,ok,True,8,2,16.1115292482845,16.1115292482845,16.1115292482845,1.0,0.9178442877791166,0.022890960631423485,0.0,,0.0054819597982760605,7.971284316532513,7.940231713053886,True,28.0,3.952891953999023e-13,1.1976308868130129e-08,1.9307917695943682,328.00377382627545,8,vox,-1.0,0.34765625,1.2422786647872055,-6.996341880739602,,,,
43,left,LAD,mid,10.0,50,leaky,"[0.85, 0.9)",0.8949533271476932,0,8,43_left_LAD_mid_10mm_50ds_leaky_T5_vox_wide_B_rederived,T5_vox_wide,B_rederived,ok,True,8,2,16.1115292482845,16.1115292482845,16.1115292482845,1.0,0.9178442877791166,0.022890960631423485,0.0,,0.0054819597982760605,7.971284316532513,7.940231713053886,True,28.0,3.952891953999023e-13,1.1976308868130129e-08,1.9307917695943682,328.00377382627545,8,vox,-1.0,0.34765625,1.2422786647872055,-6.996341880739602,,,,
43,left,LAD,mid,10.0,50,leaky,"[0.85, 0.9)",0.8949533271476932,0,8,43_left_LAD_mid_10mm_50ds_leaky_T5_vox_wide_C_flowmatched,T5_vox_wide,C_flowmatched,ok,True,8,2,16.1115292482845,16.178466868218802,16.178466868218802,1.0041546409966904,0.9182089174846365,0.023255590336943355,0.0,,0.0038587053783257267,7.940096047487291,7.940231713053886,True,28.0,3.3791298589792235e-12,1.1976308868130129e-08,1.9307917695943682,328.00377382627545,8,vox,-1.0,0.34765625,1.2422786647872055,-6.996341880739602,1.0,3.005188322991491e-05,1.488960719671989e-05,False
43,left,LAD,mid,10.0,50,discrete,"[0.85, 0.9)",0.9005946655927253,0,8,43_left_LAD_mid_10mm_50ds_discrete_clean_none,clean,,ok,True,8,2,28.198293576527455,28.198293576527455,28.198293576527455,1.0,0.9005946655927253,0.0,0.0,,0.0,7.339234278029025,7.339234278029025,True,28.0,1.252216120859034e-12,2.4466151443310324e-08,1.9307917695943682,328.00377382627545,8,,,,,,,,,
43,left,LAD,mid,10.0,50,discrete,"[0.85, 0.9)",0.9005946655927253,0,8,43_left_LAD_mid_10mm_50ds_discrete_T5_vox_narrow_A_fixed,T5_vox_narrow,A_fixed,ok,True,8,2,28.198293576527455,28.198293576527455,28.198293576527455,1.0,0.8599177337321614,-0.04067693186056387,0.0,,0.01137026101228745,7.290130287318516,7.339234278029025,True,28.0,1.2065065750044206e-12,2.4466151443310324e-08,1.9307917695943682,328.00377382627545,8,vox,1.0,0.34765625,1.2422786647872055,6.996341880739602,,,,
43,left,LAD,mid,10.0,50,discrete,"[0.85, 0.9)",0.9005946655927253,0,8,43_left_LAD_mid_10mm_50ds_discrete_T5_vox_narrow_B_rederived,T5_vox_narrow,B_rederived,ok,True,8,2,28.198293576527455,28.198293576527455,28.198293576527455,1.0,0.8599177337321614,-0.04067693186056387,0.0,,0.01137026101228745,7.290130287318516,7.339234278029025,True,28.0,1.2065065750044206e-12,2.4466151443310324e-08,1.9307917695943682,328.00377382627545,8,vox,1.0,0.34765625,1.2422786647872055,6.996341880739602,,,,
43,left,LAD,mid,10.0,50,discrete,"[0.85, 0.9)",0.9005946655927253,0,8,43_left_LAD_mid_10mm_50ds_discrete_T5_vox_narrow_C_flowmatched,T5_vox_narrow,C_flowmatched,ok,True,8,2,28.198293576527455,27.903780786280993,27.903780786280993,0.9895556520309577,0.8588347592133775,-0.04175990637934779,0.0,,0.008266278627513958,7.347655424225327,7.339234278029025,True,28.0,1.8556517099316743e-12,2.4466151443310324e-08,1.9307917695943682,328.00377382627545,8,vox,1.0,0.34765625,1.2422786647872055,6.996341880739602,1.0,0.00012928283548754402,6.833136234769403e-05,False
43,left,LAD,mid,10.0,50,discrete,"[0.85, 0.9)",0.9005946655927253,0,8,43_left_LAD_mid_10mm_50ds_discrete_T5_vox_wide_A_fixed,T5_vox_wide,A_fixed,ok,True,8,2,28.198293576527455,28.198293576527455,28.198293576527455,1.0,0.9223280811469983,0.021733415554272995,0.0,,0.006040729012558375,7.365321973014026,7.339234278029025,True,28.0,2.112832183572265e-12,2.4466151443310324e-08,1.9307917695943682,328.00377382627545,8,vox,-1.0,0.34765625,1.2422786647872055,-6.996341880739602,,,,
43,left,LAD,mid,10.0,50,discrete,"[0.85, 0.9)",0.9005946655927253,0,8,43_left_LAD_mid_10mm_50ds_discrete_T5_vox_wide_B_rederived,T5_vox_wide,B_rederived,ok,True,8,2,28.198293576527455,28.198293576527455,28.198293576527455,1.0,0.9223280811469983,0.021733415554272995,0.0,,0.006040729012558375,7.365321973014026,7.339234278029025,True,28.0,2.112832183572265e-12,2.4466151443310324e-08,1.9307917695943682,328.00377382627545,8,vox,-1.0,0.34765625,1.2422786647872055,-6.996341880739602,,,,
43,left,LAD,mid,10.0,50,discrete,"[0.85, 0.9)",0.9005946655927253,0,8,43_left_LAD_mid_10mm_50ds_discrete_T5_vox_wide_C_flowmatched,T5_vox_wide,C_flowmatched,ok,True,8,2,28.198293576527455,28.356982145178545,28.356982145178545,1.0056275947415196,0.92263232103201,0.02203765543928471,0.0,,0.0043009805561077885,7.3341657433373735,7.339234278029025,True,28.0,1.4296678342163628e-12,2.4466151443310324e-08,1.9307917695943682,328.00377382627545,8,vox,-1.0,0.34765625,1.2422786647872055,-6.996341880739602,1.0,3.6490407003164486e-05,1.8498433744017264e-05,False
335,left,LAD,mid,10.0,50,leaky,"[0.85, 0.9)",0.8602116775367892,0,4,335_left_LAD_mid_10mm_50ds_leaky_clean_none,clean,,ok,True,4,2,14.119717848160219,14.119717848160219,14.119717848160219,1.0,0.8602116775367892,0.0,0.0,,0.0,12.632177040360393,12.632177040360393,True,28.0,1.196772654016211e-12,1.6475295699489253e-08,2.25770169776871,247.34729239972998,4,,,,,,,,,
335,left,LAD,mid,10.0,50,leaky,"[0.85, 0.9)",0.8602116775367892,0,4,335_left_LAD_mid_10mm_50ds_leaky_T5_vox_narrow_A_fixed,T5_vox_narrow,A_fixed,ok,True,4,2,14.119717848160219,14.119717848160219,14.119717848160219,1.0,0.8119439837662539,-0.0482676937705353,0.0,,0.004648977781394264,12.589727628213707,12.632177040360393,True,28.0,2.1388212825883646e-12,1.6475295699489253e-08,2.25770169776871,247.34729239972998,4,vox,1.0,0.34375,1.052578487238555,8.164474292597168,,,,
335,left,LAD,mid,10.0,50,leaky,"[0.85, 0.9)",0.8602116775367892,0,4,335_left_LAD_mid_10mm_50ds_leaky_T5_vox_narrow_B_rederived,T5_vox_narrow,B_rederived,ok,True,4,2,14.119717848160219,14.119717848160219,14.119717848160219,1.0,0.8119439837662539,-0.0482676937705353,0.0,,0.004648977781394264,12.589727628213707,12.632177040360393,True,28.0,2.1388212825883646e-12,1.6475295699489253e-08,2.25770169776871,247.34729239972998,4,vox,1.0,0.34375,1.052578487238555,8.164474292597168,,,,
335,left,LAD,mid,10.0,50,leaky,"[0.85, 0.9)",0.8602116775367892,0,4,335_left_LAD_mid_10mm_50ds_leaky_T5_vox_narrow_C_flowmatched,T5_vox_narrow,C_flowmatched,ok,True,4,2,14.119717848160219,14.071125053173724,14.071125053173724,0.9965585151552566,0.811216958683538,-0.04899471885325113,0.0,,0.003345304440710396,12.630767297108719,12.632177040360393,True,28.0,5.921627843272065e-12,1.6475295699489253e-08,2.25770169776871,247.34729239972998,4,vox,1.0,0.34375,1.052578487238555,8.164474292597168,1.0,2.1612994411897534e-05,1.1191061801036695e-05,False
335,left,LAD,mid,10.0,50,leaky,"[0.85, 0.9)",0.8602116775367892,0,4,335_left_LAD_mid_10mm_50ds_leaky_T5_vox_wide_A_fixed,T5_vox_wide,A_fixed,ok,True,4,2,14.119717848160219,14.119717848160219,14.119717848160219,1.0,0.8840135471872361,0.02380186965044695,0.0,,0.002290977817020554,12.653095759744879,12.632177040360393,True,28.0,3.6135693083309934e-13,1.6475295699489253e-08,2.25770169776871,247.34729239972998,4,vox,-1.0,0.34375,1.052578487238555,-8.164474292597168,,,,
335,left,LAD,mid,10.0,50,leaky,"[0.85, 0.9)",0.8602116775367892,0,4,335_left_LAD_mid_10mm_50ds_leaky_T5_vox_wide_B_rederived,T5_vox_wide,B_rederived,ok,True,4,2,14.119717848160219,14.119717848160219,14.119717848160219,1.0,0.8840135471872361,0.02380186965044695,0.0,,0.002290977817020554,12.653095759744879,12.632177040360393,True,28.0,3.6135693083309934e-13,1.6475295699489253e-08,2.25770169776871,247.34729239972998,4,vox,-1.0,0.34375,1.052578487238555,-8.164474292597168,,,,
335,left,LAD,mid,10.0,50,leaky,"[0.85, 0.9)",0.8602116775367892,0,4,335_left_LAD_mid_10mm_50ds_leaky_T5_vox_wide_C_flowmatched,T5_vox_wide,C_flowmatched,ok,True,4,2,14.119717848160219,14.143795519547782,14.143795519547782,1.0017052515954277,0.8842468178563827,0.02403514031959353,0.0,,0.00163267362879734,12.63265834353615,12.632177040360393,True,28.0,4.595946851226787e-12,1.6475295699489253e-08,2.25770169776871,247.34729239972998,4,vox,-1.0,0.34375,1.052578487238555,-8.164474292597168,1.0,5.248579358080263e-06,2.6656231781702743e-06,False
543,left,LAD,prox,10.0,50,leaky,"[0.85, 0.9)",0.8914270439690968,0,6,543_left_LAD_prox_10mm_50ds_leaky_clean_none,clean,,ok,True,6,2,11.835037665129375,11.835037665129375,11.835037665129375,1.0,0.8914270439690968,0.0,0.0,,0.0,9.225647787125178,9.225647787125178,True,28.0,4.448699470571171e-12,1.0341312445449515e-08,2.0415202045695446,208.71294486807813,6,,,,,,,,,
543,left,LAD,prox,10.0,50,leaky,"[0.85, 0.9)",0.8914270439690968,0,6,543_left_LAD_prox_10mm_50ds_leaky_T5_vox_narrow_A_fixed,T5_vox_narrow,A_fixed,ok,True,6,2,11.835037665129375,11.835037665129375,11.835037665129375,1.0,0.8283478899430442,-0.06307915402605258,0.0,,0.009847158515700737,9.163756688644895,9.225647787125178,True,28.0,2.1022947255052707e-12,1.0341312445449515e-08,2.0415202045695446,208.71294486807813,6,vox,1.0,0.3515625,1.039004356529609,8.459119968809807,,,,
543,left,LAD,prox,10.0,50,leaky,"[0.85, 0.9)",0.8914270439690968,0,6,543_left_LAD_prox_10mm_50ds_leaky_T5_vox_narrow_B_rederived,T5_vox_narrow,B_rederived,ok,True,6,2,11.835037665129375,11.835037665129375,11.835037665129375,1.0,0.8283478899430442,-0.06307915402605258,0.0,,0.009847158515700737,9.163756688644895,9.225647787125178,True,28.0,2.1022947255052707e-12,1.0341312445449515e-08,2.0415202045695446,208.71294486807813,6,vox,1.0,0.3515625,1.039004356529609,8.459119968809807,,,,
543,left,LAD,prox,10.0,50,leaky,"[0.85, 0.9)",0.8914270439690968,0,6,543_left_LAD_prox_10mm_50ds_leaky_T5_vox_narrow_C_flowmatched,T5_vox_narrow,C_flowmatched,ok,True,6,2,11.835037665129375,11.745148138903716,11.745148138903716,0.9924047959314477,0.8270437978685626,-0.06438324610053414,0.0,,0.006991834414504242,9.228040302092074,9.225647787125178,True,28.0,3.83861759317893e-12,1.0341312445449515e-08,2.0415202045695446,208.71294486807813,6,vox,1.0,0.3515625,1.039004356529609,8.459119968809807,1.0,9.696653083333755e-05,4.888574847984588e-05,False
543,left,LAD,prox,10.0,50,leaky,"[0.85, 0.9)",0.8914270439690968,0,6,543_left_LAD_prox_10mm_50ds_leaky_T5_vox_wide_A_fixed,T5_vox_wide,A_fixed,ok,True,6,2,11.835037665129375,11.835037665129375,11.835037665129375,1.0,0.9227296030991803,0.03130255913008351,0.0,,0.004877155696372546,9.256301556195897,9.225647787125178,True,28.0,3.2591770337490394e-12,1.0341312445449515e-08,2.0415202045695446,208.71294486807813,6,vox,-1.0,0.3515625,1.039004356529609,-8.459119968809807,,,,
543,left,LAD,prox,10.0,50,leaky,"[0.85, 0.9)",0.8914270439690968,0,6,543_left_LAD_prox_10mm_50ds_leaky_T5_vox_wide_B_rederived,T5_vox_wide,B_rederived,ok,True,6,2,11.835037665129375,11.835037665129375,11.835037665129375,1.0,0.9227296030991803,0.03130255913008351,0.0,,0.004877155696372546,9.256301556195897,9.225647787125178,True,28.0,3.2591770337490394e-12,1.0341312445449515e-08,2.0415202045695446,208.71294486807813,6,vox,-1.0,0.3515625,1.039004356529609,-8.459119968809807,,,,
543,left,LAD,prox,10.0,50,leaky,"[0.85, 0.9)",0.8914270439690968,0,6,543_left_LAD_prox_10mm_50ds_leaky_T5_vox_wide_C_flowmatched,T5_vox_wide,C_flowmatched,ok,True,6,2,11.835037665129375,11.879983870662683,11.879983870662683,1.0037977239114106,0.9230140718756433,0.03158702790654655,0.0,,0.003390594632742008,9.223841202476612,9.225647787125178,True,28.0,2.2739148885476674e-12,1.0341312445449515e-08,2.0415202045695446,208.71294486807813,6,vox,-1.0,0.3515625,1.039004356529609,-8.459119968809807,1.0,2.3786647686659174e-05,1.149613196357891e-05,False
543,left,LAD,prox,10.0,50,discrete,"[0.85, 0.9)",0.8826176878653837,0,6,543_left_LAD_prox_10mm_50ds_discrete_clean_none,clean,,ok,True,6,2,13.369656335510225,13.369656335510225,13.369656335510225,1.0,0.8826176878653837,0.0,0.0,,0.0,8.273492830236947,8.273492830236947,True,27.0,7.320107356272163e-13,1.7152952040762646e-08,2.0415202045695446,208.71294486807813,6,,,,,,,,,
543,left,LAD,prox,10.0,50,discrete,"[0.85, 0.9)",0.8826176878653837,0,6,543_left_LAD_prox_10mm_50ds_discrete_T5_vox_narrow_A_fixed,T5_vox_narrow,A_fixed,ok,True,6,2,13.369656335510225,13.369656335510225,13.369656335510225,1.0,0.8178562323486996,-0.06476145551668411,0.0,,0.011079796353025256,8.210274055724717,8.273492830236947,True,27.0,1.3046554327268892e-12,1.7152952040762646e-08,2.0415202045695446,208.71294486807813,6,vox,1.0,0.3515625,1.039004356529609,8.459119968809807,,,,
543,left,LAD,prox,10.0,50,discrete,"[0.85, 0.9)",0.8826176878653837,0,6,543_left_LAD_prox_10mm_50ds_discrete_T5_vox_narrow_B_rederived,T5_vox_narrow,B_rederived,ok,True,6,2,13.369656335510225,13.369656335510225,13.369656335510225,1.0,0.8178562323486996,-0.06476145551668411,0.0,,0.011079796353025256,8.210274055724717,8.273492830236947,True,27.0,1.3046554327268892e-12,1.7152952040762646e-08,2.0415202045695446,208.71294486807813,6,vox,1.0,0.3515625,1.039004356529609,8.459119968809807,,,,
543,left,LAD,prox,10.0,50,discrete,"[0.85, 0.9)",0.8826176878653837,0,6,543_left_LAD_prox_10mm_50ds_discrete_T5_vox_narrow_C_flowmatched,T5_vox_narrow,C_flowmatched,ok,True,6,2,13.369656335510225,13.163298720523194,13.163298720523194,0.984565226673857,0.8165459189867192,-0.0660717688786645,0.0,,0.007021578728657246,8.280751486392267,8.273492830236947,True,27.0,1.3813158067258324e-12,1.7152952040762646e-08,2.0415202045695446,208.71294486807813,6,vox,1.0,0.3515625,1.039004356529609,8.459119968809807,1.0,0.00012276188722451178,4.930256784273191e-05,False
543,left,LAD,prox,10.0,50,discrete,"[0.85, 0.9)",0.8826176878653837,0,6,543_left_LAD_prox_10mm_50ds_discrete_T5_vox_wide_A_fixed,T5_vox_wide,A_fixed,ok,True,6,2,13.369656335510225,13.369656335510225,13.369656335510225,1.0,0.9147645956211445,0.03214690775576079,0.0,,0.005466408507406333,8.304682902068636,8.273492830236947,True,27.0,2.243881561685255e-13,1.7152952040762646e-08,2.0415202045695446,208.71294486807813,6,vox,-1.0,0.3515625,1.039004356529609,-8.459119968809807,,,,
543,left,LAD,prox,10.0,50,discrete,"[0.85, 0.9)",0.8826176878653837,0,6,543_left_LAD_prox_10mm_50ds_discrete_T5_vox_wide_B_rederived,T5_vox_wide,B_rederived,ok,True,6,2,13.369656335510225,13.369656335510225,13.369656335510225,1.0,0.9147645956211445,0.03214690775576079,0.0,,0.005466408507406333,8.304682902068636,8.273492830236947,True,27.0,2.243881561685255e-13,1.7152952040762646e-08,2.0415202045695446,208.71294486807813,6,vox,-1.0,0.3515625,1.039004356529609,-8.459119968809807,,,,
543,left,LAD,prox,10.0,50,discrete,"[0.85, 0.9)",0.8826176878653837,0,6,543_left_LAD_prox_10mm_50ds_discrete_T5_vox_wide_C_flowmatched,T5_vox_wide,C_flowmatched,ok,True,6,2,13.369656335510225,13.471752093937873,13.471752093937873,1.0076363786671523,0.9150658624301178,0.032448174564734034,0.0,,0.0034080858454519866,8.269664547110722,8.273492830236947,True,27.0,1.1783146667802807e-12,1.7152952040762646e-08,2.0415202045695446,208.71294486807813,6,vox,-1.0,0.3515625,1.039004356529609,-8.459119968809807,1.0,2.9881621969844328e-05,1.1615049129970181e-05,False
580,left,LAD,prox,20.0,55,leaky,"[0.85, 0.9)",0.8864036097865019,0,6,580_left_LAD_prox_20mm_55ds_leaky_clean_none,clean,,ok,True,6,2,15.465505984726162,15.465505984726162,15.465505984726162,1.0,0.8864036097865019,0.0,0.0,,0.0,3.5306533318715494,3.5306533318715494,True,28.0,4.486764542004106e-12,5.351505595529971e-09,1.4855224124772297,255.6198262731552,6,,,,,,,,,
580,left,LAD,prox,20.0,55,leaky,"[0.85, 0.9)",0.8864036097865019,0,6,580_left_LAD_prox_20mm_55ds_leaky_T5_vox_narrow_A_fixed,T5_vox_narrow,A_fixed,ok,True,6,2,15.465505984726162,15.465505984726162,15.465505984726162,1.0,0.8280517752537419,-0.05835183453276005,0.0,,0.022625909039708302,3.4650124166368133,3.5306533318715494,True,28.0,3.267115374738438e-12,5.351505595529971e-09,1.4855224124772297,255.6198262731552,6,vox,1.0,0.345703125,1.285240676496873,6.724482256939391,,,,
580,left,LAD,prox,20.0,55,leaky,"[0.85, 0.9)",0.8864036097865019,0,6,580_left_LAD_prox_20mm_55ds_leaky_T5_vox_narrow_B_rederived,T5_vox_narrow,B_rederived,ok,True,6,2,15.465505984726162,15.465505984726162,15.465505984726162,1.0,0.8280517752537419,-0.05835183453276005,0.0,,0.022625909039708302,3.4650124166368133,3.5306533318715494,True,28.0,3.267115374738438e-12,5.351505595529971e-09,1.4855224124772297,255.6198262731552,6,vox,1.0,0.345703125,1.285240676496873,6.724482256939391,,,,
580,left,LAD,prox,20.0,55,leaky,"[0.85, 0.9)",0.8864036097865019,0,6,580_left_LAD_prox_20mm_55ds_leaky_T5_vox_narrow_C_flowmatched,T5_vox_narrow,C_flowmatched,ok,True,6,2,15.465505984726162,15.197367486973837,15.197367486973837,0.9826621580944626,0.824965112357372,-0.06143849742912988,0.0,,0.016749117645001362,3.518357837378001,3.5306533318715494,True,28.0,7.654540499502085e-13,5.351505595529971e-09,1.4855224124772297,255.6198262731552,6,vox,1.0,0.345703125,1.285240676496873,6.724482256939391,1.0,0.0005119317598731538,0.0002805329418860959,False
580,left,LAD,prox,20.0,55,leaky,"[0.85, 0.9)",0.8864036097865019,0,6,580_left_LAD_prox_20mm_55ds_leaky_T5_vox_wide_A_fixed,T5_vox_wide,A_fixed,ok,True,6,2,15.465505984726162,15.465505984726162,15.465505984726162,1.0,0.9195705124471275,0.03316690266062561,0.0,,0.012859320963889068,3.567960014047808,3.5306533318715494,True,28.0,7.793835006242329e-13,5.351505595529971e-09,1.4855224124772297,255.6198262731552,6,vox,-1.0,0.345703125,1.285240676496873,-6.724482256939391,,,,
580,left,LAD,prox,20.0,55,leaky,"[0.85, 0.9)",0.8864036097865019,0,6,580_left_LAD_prox_20mm_55ds_leaky_T5_vox_wide_B_rederived,T5_vox_wide,B_rederived,ok,True,6,2,15.465505984726162,15.465505984726162,15.465505984726162,1.0,0.9195705124471275,0.03316690266062561,0.0,,0.012859320963889068,3.567960014047808,3.5306533318715494,True,28.0,7.793835006242329e-13,5.351505595529971e-09,1.4855224124772297,255.6198262731552,6,vox,-1.0,0.345703125,1.285240676496873,-6.724482256939391,,,,
580,left,LAD,prox,20.0,55,leaky,"[0.85, 0.9)",0.8864036097865019,0,6,580_left_LAD_prox_20mm_55ds_leaky_T5_vox_wide_C_flowmatched,T5_vox_wide,C_flowmatched,ok,True,6,2,15.465505984726162,15.622549890158352,15.622549890158352,1.010154462814685,0.920427659768911,0.034024049982409155,0.0,,0.009014788822881174,3.5354566163617105,3.5306533318715494,True,28.0,5.302915376690501e-12,5.351505595529971e-09,1.4855224124772297,255.6198262731552,6,vox,-1.0,0.345703125,1.285240676496873,-6.724482256939391,1.0,0.00016536213565231686,8.126641752114334e-05,False
580,left,LAD,prox,20.0,55,discrete,"[0.85, 0.9)",0.8524146890708636,0,5,580_left_LAD_prox_20mm_55ds_discrete_clean_none,clean,,ok,True,5,2,37.242822753177165,37.242822753177165,37.242822753177165,1.0,0.8524146890708636,0.0,0.0,,0.0,3.2666711166272084,3.2666711166272084,True,27.0,9.814332667402701e-14,1.4158858745048945e-08,1.4855224124772297,255.6198262731552,5,,,,,,,,,
580,left,LAD,prox,20.0,55,discrete,"[0.85, 0.9)",0.8524146890708636,0,5,580_left_LAD_prox_20mm_55ds_discrete_T5_vox_narrow_A_fixed,T5_vox_narrow,A_fixed,ok,True,5,2,37.242822753177165,37.242822753177165,37.242822753177165,1.0,0.7783027539926358,-0.07411193507822778,1.0,to_positive,0.04057294907036705,3.1590989044781246,3.2666711166272084,True,27.0,3.658429633978347e-12,1.4158858745048945e-08,1.4855224124772297,255.6198262731552,5,vox,1.0,0.345703125,1.285240676496873,6.724482256939391,,,,
580,left,LAD,prox,20.0,55,discrete,"[0.85, 0.9)",0.8524146890708636,0,5,580_left_LAD_prox_20mm_55ds_discrete_T5_vox_narrow_B_rederived,T5_vox_narrow,B_rederived,ok,True,5,2,37.242822753177165,37.242822753177165,37.242822753177165,1.0,0.7783027539926358,-0.07411193507822778,1.0,to_positive,0.04057294907036705,3.1590989044781246,3.2666711166272084,True,27.0,3.658429633978347e-12,1.4158858745048945e-08,1.4855224124772297,255.6198262731552,5,vox,1.0,0.345703125,1.285240676496873,6.724482256939391,,,,
580,left,LAD,prox,20.0,55,discrete,"[0.85, 0.9)",0.8524146890708636,0,5,580_left_LAD_prox_20mm_55ds_discrete_T5_vox_narrow_C_flowmatched,T5_vox_narrow,C_flowmatched,ok,True,5,2,37.242822753177165,36.10070766187698,36.10070766187698,0.9693332833853806,0.7724875561245601,-0.07992713294630349,1.0,to_positive,0.033563570153482374,3.2298031774822142,3.2666711166272084,True,27.0,2.404356437125398e-12,1.4158858745048945e-08,1.4855224124772297,255.6198262731552,5,vox,1.0,0.345703125,1.285240676496873,6.724482256939391,1.0,0.0016461641962665986,0.0011265132414477327,False
580,left,LAD,prox,20.0,55,discrete,"[0.85, 0.9)",0.8524146890708636,0,5,580_left_LAD_prox_20mm_55ds_discrete_T5_vox_wide_A_fixed,T5_vox_wide,A_fixed,ok,True,5,2,37.242822753177165,37.242822753177165,37.242822753177165,1.0,0.8967731643220217,0.0443584752511581,0.0,,0.024260731388714426,3.3309942825897347,3.2666711166272084,True,27.0,1.4638107265313282e-12,1.4158858745048945e-08,1.4855224124772297,255.6198262731552,5,vox,-1.0,0.345703125,1.285240676496873,-6.724482256939391,,,,
580,left,LAD,prox,20.0,55,discrete,"[0.85, 0.9)",0.8524146890708636,0,5,580_left_LAD_prox_20mm_55ds_discrete_T5_vox_wide_B_rederived,T5_vox_wide,B_rederived,ok,True,5,2,37.242822753177165,37.242822753177165,37.242822753177165,1.0,0.8967731643220217,0.0443584752511581,0.0,,0.024260731388714426,3.3309942825897347,3.2666711166272084,True,27.0,1.4638107265313282e-12,1.4158858745048945e-08,1.4855224124772297,255.6198262731552,5,vox,-1.0,0.345703125,1.285240676496873,-6.724482256939391,,,,
580,left,LAD,prox,20.0,55,discrete,"[0.85, 0.9)",0.8524146890708636,0,5,580_left_LAD_prox_20mm_55ds_discrete_T5_vox_wide_C_flowmatched,T5_vox_wide,C_flowmatched,ok,True,5,2,37.242822753177165,38.007553323918636,38.007553323918636,1.0205336361266073,0.8986996912860601,0.04628500221519649,0.0,,0.018384174726678467,3.279869354649632,3.2666711166272084,True,27.0,2.807199659828462e-12,1.4158858745048945e-08,1.4855224124772297,255.6198262731552,5,vox,-1.0,0.345703125,1.285240676496873,-6.724482256939391,1.0,0.0005885830875153534,0.0003379778803810433,False
754,left,LAD,prox,20.0,60,leaky,"[0.85, 0.9)",0.8570250815517833,0,6,754_left_LAD_prox_20mm_60ds_leaky_clean_none,clean,,ok,True,6,2,20.61042958413189,20.61042958413189,20.61042958413189,1.0,0.8570250815517833,0.0,0.0,,0.0,6.313821941268572,6.313821941268572,True,28.0,1.0944392870084971e-12,1.2130698054569936e-08,1.7967065991263973,298.98352816446317,6,,,,,,,,,
754,left,LAD,prox,20.0,60,leaky,"[0.85, 0.9)",0.8570250815517833,0,6,754_left_LAD_prox_20mm_60ds_leaky_T5_vox_narrow_A_fixed,T5_vox_narrow,A_fixed,ok,True,6,2,20.61042958413189,20.61042958413189,20.61042958413189,1.0,0.7852730844480497,-0.07175199710373359,1.0,to_positive,0.015205491945390646,6.238749277174501,6.313821941268572,True,28.0,2.2544554147442224e-12,1.2130698054569936e-08,1.7967065991263973,298.98352816446317,6,vox,1.0,0.294921875,1.2388776730904818,5.951392163366163,,,,
754,left,LAD,prox,20.0,60,leaky,"[0.85, 0.9)",0.8570250815517833,0,6,754_left_LAD_prox_20mm_60ds_leaky_T5_vox_narrow_B_rederived,T5_vox_narrow,B_rederived,ok,True,6,2,20.61042958413189,20.61042958413189,20.61042958413189,1.0,0.7852730844480497,-0.07175199710373359,1.0,to_positive,0.015205491945390646,6.238749277174501,6.313821941268572,True,28.0,2.2544554147442224e-12,1.2130698054569936e-08,1.7967065991263973,298.98352816446317,6,vox,1.0,0.294921875,1.2388776730904818,5.951392163366163,,,,
754,left,LAD,prox,20.0,60,leaky,"[0.85, 0.9)",0.8570250815517833,0,6,754_left_LAD_prox_20mm_60ds_leaky_T5_vox_narrow_C_flowmatched,T5_vox_narrow,C_flowmatched,ok,True,6,2,20.61042958413189,20.381112826313885,20.381112826313885,0.9888737516662652,0.7829017301572315,-0.07412335139455173,1.0,to_positive,0.011082449289980412,6.304226208796352,6.313821941268572,True,28.0,4.854947697368642e-12,1.2130698054569936e-08,1.7967065991263973,298.98352816446317,6,vox,1.0,0.294921875,1.2388776730904818,5.951392163366163,1.0,0.00023120698530133978,0.00012282068226498736,False
754,left,LAD,prox,20.0,60,leaky,"[0.85, 0.9)",0.8570250815517833,0,6,754_left_LAD_prox_20mm_60ds_leaky_T5_vox_wide_A_fixed,T5_vox_wide,A_fixed,ok,True,6,2,20.61042958413189,20.61042958413189,20.61042958413189,1.0,0.8997011471207738,0.04267606556899051,0.0,,0.009034990907114186,6.358429563278741,6.313821941268572,True,28.0,2.5670371482693154e-13,1.2130698054569936e-08,1.7967065991263973,298.98352816446317,6,vox,-1.0,0.294921875,1.2388776730904818,-5.951392163366163,,,,
754,left,LAD,prox,20.0,60,leaky,"[0.85, 0.9)",0.8570250815517833,0,6,754_left_LAD_prox_20mm_60ds_leaky_T5_vox_wide_B_rederived,T5_vox_wide,B_rederived,ok,True,6,2,20.61042958413189,20.61042958413189,20.61042958413189,1.0,0.8997011471207738,0.04267606556899051,0.0,,0.009034990907114186,6.358429563278741,6.313821941268572,True,28.0,2.5670371482693154e-13,1.2130698054569936e-08,1.7967065991263973,298.98352816446317,6,vox,-1.0,0.294921875,1.2388776730904818,-5.951392163366163,,,,
754,left,LAD,prox,20.0,60,leaky,"[0.85, 0.9)",0.8570250815517833,0,6,754_left_LAD_prox_20mm_60ds_leaky_T5_vox_wide_C_flowmatched,T5_vox_wide,C_flowmatched,ok,True,6,2,20.61042958413189,20.74932447267139,20.74932447267139,1.0067390583962614,0.9004396899861576,0.04341460843437439,0.0,,0.006371747802701763,6.317971505956967,6.313821941268572,True,28.0,1.6968889466008776e-12,1.2130698054569936e-08,1.7967065991263973,298.98352816446317,6,vox,-1.0,0.294921875,1.2388776730904818,-5.951392163366163,1.0,8.163106069163602e-05,4.059917006123474e-05,False
754,left,LAD,prox,20.0,60,discrete,"[0.85, 0.9)",0.8687499515087181,0,6,754_left_LAD_prox_20mm_60ds_discrete_clean_none,clean,,ok,True,6,2,25.57259795187784,25.57259795187784,25.57259795187784,1.0,0.8687499515087181,0.0,0.0,,0.0,5.681941849012786,5.681941849012786,True,27.0,7.894988382252062e-13,1.795234289607302e-08,1.7967065991263973,298.98352816446317,6,,,,,,,,,
754,left,LAD,prox,20.0,60,discrete,"[0.85, 0.9)",0.8687499515087181,0,6,754_left_LAD_prox_20mm_60ds_discrete_T5_vox_narrow_A_fixed,T5_vox_narrow,A_fixed,ok,True,6,2,25.57259795187784,25.57259795187784,25.57259795187784,1.0,0.8045100256585139,-0.06423992585020422,0.0,,0.02435658381857877,5.622991638430171,5.681941849012786,True,27.0,2.0149261160268436e-12,1.795234289607302e-08,1.7967065991263973,298.98352816446317,6,vox,1.0,0.294921875,1.2388776730904818,5.951392163366163,,,,
754,left,LAD,prox,20.0,60,discrete,"[0.85, 0.9)",0.8687499515087181,0,6,754_left_LAD_prox_20mm_60ds_discrete_T5_vox_narrow_B_rederived,T5_vox_narrow,B_rederived,ok,True,6,2,25.57259795187784,25.57259795187784,25.57259795187784,1.0,0.8045100256585139,-0.06423992585020422,0.0,,0.02435658381857877,5.622991638430171,5.681941849012786,True,27.0,2.0149261160268436e-12,1.795234289607302e-08,1.7967065991263973,298.98352816446317,6,vox,1.0,0.294921875,1.2388776730904818,5.951392163366163,,,,
754,left,LAD,prox,20.0,60,discrete,"[0.85, 0.9)",0.8687499515087181,0,6,754_left_LAD_prox_20mm_60ds_discrete_T5_vox_narrow_C_flowmatched,T5_vox_narrow,C_flowmatched,ok,True,6,2,25.57259795187784,24.99511577922241,24.99511577922241,0.9774179309531974,0.801484097234581,-0.06726585427413712,0.0,,0.018822049566707535,5.713669787319774,5.681941849012786,True,27.0,5.360454047894055e-12,1.795234289607302e-08,1.7967065991263973,298.98352816446317,6,vox,1.0,0.294921875,1.2388776730904818,5.951392163366163,1.0,0.0005932431753114531,0.0003542695498915953,False
754,left,LAD,prox,20.0,60,discrete,"[0.85, 0.9)",0.8687499515087181,0,6,754_left_LAD_prox_20mm_60ds_discrete_T5_vox_wide_A_fixed,T5_vox_wide,A_fixed,ok,True,6,2,25.57259795187784,25.57259795187784,25.57259795187784,1.0,0.9058825305162809,0.03713257900756273,0.0,,0.014031264773991345,5.715901702312994,5.681941849012786,True,27.0,2.5401052196210293e-12,1.795234289607302e-08,1.7967065991263973,298.98352816446317,6,vox,-1.0,0.294921875,1.2388776730904818,-5.951392163366163,,,,
754,left,LAD,prox,20.0,60,discrete,"[0.85, 0.9)",0.8687499515087181,0,6,754_left_LAD_prox_20mm_60ds_discrete_T5_vox_wide_B_rederived,T5_vox_wide,B_rederived,ok,True,6,2,25.57259795187784,25.57259795187784,25.57259795187784,1.0,0.9058825305162809,0.03713257900756273,0.0,,0.014031264773991345,5.715901702312994,5.681941849012786,True,27.0,2.5401052196210293e-12,1.795234289607302e-08,1.7967065991263973,298.98352816446317,6,vox,-1.0,0.294921875,1.2388776730904818,-5.951392163366163,,,,
754,left,LAD,prox,20.0,60,discrete,"[0.85, 0.9)",0.8687499515087181,0,6,754_left_LAD_prox_20mm_60ds_discrete_T5_vox_wide_C_flowmatched,T5_vox_wide,C_flowmatched,ok,True,6,2,25.57259795187784,25.92030918039058,25.92030918039058,1.0135970240163732,0.9068096876637952,0.03805973615507707,0.0,,0.010347915591565929,5.6611400711029845,5.681941849012786,True,27.0,6.6417350668542395e-12,1.795234289607302e-08,1.7967065991263973,298.98352816446317,6,vox,-1.0,0.294921875,1.2388776730904818,-5.951392163366163,1.0,0.0001968763911578504,0.00010707935709017326,False
757,left,LAD,prox,10.0,40,leaky,"[0.85, 0.9)",0.8766107808808754,0,6,757_left_LAD_prox_10mm_40ds_leaky_clean_none,clean,,ok,True,6,2,16.855889962900807,16.855889962900807,16.855889962900807,1.0,0.8766107808808754,0.0,0.0,,0.0,5.557354302295341,5.557354302295341,True,27.0,3.308506743659469e-12,9.427932336168874e-09,1.752943395189078,300.5886150067936,6,,,,,,,,,
757,left,LAD,prox,10.0,40,leaky,"[0.85, 0.9)",0.8766107808808754,0,6,757_left_LAD_prox_10mm_40ds_leaky_T5_vox_narrow_A_fixed,T5_vox_narrow,A_fixed,ok,True,6,2,16.855889962900807,16.855889962900807,16.855889962900807,1.0,0.8243657328291368,-0.052245048051738574,0.0,,0.04341964312650593,5.2928372551710305,5.557354302295341,True,26.0,3.4773748036380826e-12,9.427932336168874e-09,1.752943395189078,300.5886150067936,6,vox,1.0,0.359375,1.4943168448504671,6.01236279371464,,,,
757,left,LAD,prox,10.0,40,leaky,"[0.85, 0.9)",0.8766107808808754,0,6,757_left_LAD_prox_10mm_40ds_leaky_T5_vox_narrow_B_rederived,T5_vox_narrow,B_rederived,ok,True,6,2,16.855889962900807,16.855889962900807,16.855889962900807,1.0,0.8243657328291368,-0.052245048051738574,0.0,,0.04341964312650593,5.2928372551710305,5.557354302295341,True,26.0,3.4773748036380826e-12,9.427932336168874e-09,1.752943395189078,300.5886150067936,6,vox,1.0,0.359375,1.4943168448504671,6.01236279371464,,,,
757,left,LAD,prox,10.0,40,leaky,"[0.85, 0.9)",0.8766107808808754,0,6,757_left_LAD_prox_10mm_40ds_leaky_T5_vox_narrow_C_flowmatched,T5_vox_narrow,C_flowmatched,ok,True,6,2,16.855889962900807,16.35449155319753,16.35449155319753,0.9702538156806412,0.8178864909283139,-0.058724289952561515,0.0,,0.035411827126055166,5.417087262482766,5.557354302295341,True,26.0,6.873725040241127e-13,9.427932336168874e-09,1.752943395189078,300.5886150067936,6,vox,1.0,0.359375,1.4943168448504671,6.01236279371464,1.0,0.0018852654092331338,0.0012539975004056164,False
757,left,LAD,prox,10.0,40,leaky,"[0.85, 0.9)",0.8766107808808754,0,6,757_left_LAD_prox_10mm_40ds_leaky_T5_vox_wide_A_fixed,T5_vox_wide,A_fixed,ok,True,6,2,16.855889962900807,16.855889962900807,16.855889962900807,1.0,0.911745202619606,0.035134421738730603,0.0,,0.029198192070672063,5.735232769088918,5.557354302295341,True,27.0,3.8648832731193595e-12,9.427932336168874e-09,1.752943395189078,300.5886150067936,6,vox,-1.0,0.359375,1.4943168448504671,-6.01236279371464,,,,
757,left,LAD,prox,10.0,40,leaky,"[0.85, 0.9)",0.8766107808808754,0,6,757_left_LAD_prox_10mm_40ds_leaky_T5_vox_wide_B_rederived,T5_vox_wide,B_rederived,ok,True,6,2,16.855889962900807,16.855889962900807,16.855889962900807,1.0,0.911745202619606,0.035134421738730603,0.0,,0.029198192070672063,5.735232769088918,5.557354302295341,True,27.0,3.8648832731193595e-12,9.427932336168874e-09,1.752943395189078,300.5886150067936,6,vox,-1.0,0.359375,1.4943168448504671,-6.01236279371464,,,,
757,left,LAD,prox,10.0,40,leaky,"[0.85, 0.9)",0.8766107808808754,0,6,757_left_LAD_prox_10mm_40ds_leaky_T5_vox_wide_C_flowmatched,T5_vox_wide,C_flowmatched,ok,True,6,2,16.855889962900807,17.233491624107874,17.233491624107874,1.0224017635401128,0.914199333586732,0.03758855270585659,0.0,,0.021164375005163657,5.624750267081799,5.557354302295341,True,27.0,1.641283906621194e-12,9.427932336168874e-09,1.752943395189078,300.5886150067936,6,vox,-1.0,0.359375,1.4943168448504671,-6.01236279371464,1.0,0.0008525344201958569,0.00044793076935919617,False
757,left,LAD,prox,10.0,40,discrete,"[0.85, 0.9)",0.8915995310802276,0,6,757_left_LAD_prox_10mm_40ds_discrete_clean_none,clean,,ok,True,6,2,29.401135644235225,29.401135644235225,29.401135644235225,1.0,0.8915995310802276,0.0,0.0,,0.0,5.420142747049474,5.420142747049474,True,27.0,1.275985585083749e-12,1.8692203174460453e-08,1.752943395189078,300.5886150067936,6,,,,,,,,,
757,left,LAD,prox,10.0,40,discrete,"[0.85, 0.9)",0.8915995310802276,0,6,757_left_LAD_prox_10mm_40ds_discrete_T5_vox_narrow_A_fixed,T5_vox_narrow,A_fixed,ok,True,6,2,29.401135644235225,29.401135644235225,29.401135644235225,1.0,0.8449849583455205,-0.04661457273470715,0.0,,0.03926378483940632,5.207938068737897,5.420142747049474,True,27.0,3.267165933977377e-12,1.8692203174460453e-08,1.752943395189078,300.5886150067936,6,vox,1.0,0.359375,1.4943168448504671,6.01236279371464,,,,
757,left,LAD,prox,10.0,40,discrete,"[0.85, 0.9)",0.8915995310802276,0,6,757_left_LAD_prox_10mm_40ds_discrete_T5_vox_narrow_B_rederived,T5_vox_narrow,B_rederived,ok,True,6,2,29.401135644235225,29.401135644235225,29.401135644235225,1.0,0.8449849583455205,-0.04661457273470715,0.0,,0.03926378483940632,5.207938068737897,5.420142747049474,True,27.0,3.267165933977377e-12,1.8692203174460453e-08,1.752943395189078,300.5886150067936,6,vox,1.0,0.359375,1.4943168448504671,6.01236279371464,,,,
757,left,LAD,prox,10.0,40,discrete,"[0.85, 0.9)",0.8915995310802276,0,6,757_left_LAD_prox_10mm_40ds_discrete_T5_vox_narrow_C_flowmatched,T5_vox_narrow,C_flowmatched,ok,True,6,2,29.401135644235225,28.404443872172283,28.404443872172283,0.9661002287760825,0.8391989163232804,-0.05240061475694724,0.0,,0.03101588740017725,5.330341842236614,5.420142747049474,True,27.0,3.665526447008618e-12,1.8692203174460453e-08,1.752943395189078,300.5886150067936,6,vox,1.0,0.359375,1.4943168448504671,6.01236279371464,1.0,0.0015416447999151933,0.000961985271220474,False
757,left,LAD,prox,10.0,40,discrete,"[0.85, 0.9)",0.8915995310802276,0,6,757_left_LAD_prox_10mm_40ds_discrete_T5_vox_wide_A_fixed,T5_vox_wide,A_fixed,ok,True,6,2,29.401135644235225,29.401135644235225,29.401135644235225,1.0,0.9221921506615082,0.030592619581280567,0.0,,0.02575840568981133,5.559356381599971,5.420142747049474,True,27.0,2.240326325840398e-12,1.8692203174460453e-08,1.752943395189078,300.5886150067936,6,vox,-1.0,0.359375,1.4943168448504671,-6.01236279371464,,,,
757,left,LAD,prox,10.0,40,discrete,"[0.85, 0.9)",0.8915995310802276,0,6,757_left_LAD_prox_10mm_40ds_discrete_T5_vox_wide_B_rederived,T5_vox_wide,B_rederived,ok,True,6,2,29.401135644235225,29.401135644235225,29.401135644235225,1.0,0.9221921506615082,0.030592619581280567,0.0,,0.02575840568981133,5.559356381599971,5.420142747049474,True,27.0,2.240326325840398e-12,1.8692203174460453e-08,1.752943395189078,300.5886150067936,6,vox,-1.0,0.359375,1.4943168448504671,-6.01236279371464,,,,
757,left,LAD,prox,10.0,40,discrete,"[0.85, 0.9)",0.8915995310802276,0,6,757_left_LAD_prox_10mm_40ds_discrete_T5_vox_wide_C_flowmatched,T5_vox_wide,C_flowmatched,ok,True,6,2,29.401135644235225,30.110391621401067,30.110391621401067,1.0241234211408738,0.9241924621119606,0.032592931031733,0.0,,0.01813619104698982,5.459908424146758,5.420142747049474,True,27.0,2.677351608877789e-12,1.8692203174460453e-08,1.752943395189078,300.5886150067936,6,vox,-1.0,0.359375,1.4943168448504671,-6.01236279371464,1.0,0.0006634954636809047,0.00032892142569291373,False
759,left,LAD,prox,20.0,50,leaky,"[0.85, 0.9)",0.8588427232514189,0,4,759_left_LAD_prox_20mm_50ds_leaky_clean_none,clean,,ok,True,4,2,17.879818308689003,17.879818308689003,17.879818308689003,1.0,0.8588427232514189,0.0,0.0,,0.0,1.588456425867396,1.588456425867396,True,28.0,2.0380539696820046e-12,2.8392183690994402e-09,1.15012130810167,167.84123416666463,4,,,,,,,,,
759,left,LAD,prox,20.0,50,leaky,"[0.85, 0.9)",0.8588427232514189,0,4,759_left_LAD_prox_20mm_50ds_leaky_T5_vox_narrow_A_fixed,T5_vox_narrow,A_fixed,ok,True,4,2,17.879818308689003,17.879818308689003,17.879818308689003,1.0,0.7928781037211885,-0.06596461953023036,1.0,to_positive,0.04463318969570489,1.5241537343443998,1.588456425867396,True,27.0,5.271887024800262e-12,2.8392183690994402e-09,1.15012130810167,167.84123416666463,4,vox,1.0,0.318359375,1.027656704456594,7.744789033618542,,,,
759,left,LAD,prox,20.0,50,leaky,"[0.85, 0.9)",0.8588427232514189,0,4,759_left_LAD_prox_20mm_50ds_leaky_T5_vox_narrow_B_rederived,T5_vox_narrow,B_rederived,ok,True,4,2,17.879818308689003,17.879818308689003,17.879818308689003,1.0,0.7928781037211885,-0.06596461953023036,1.0,to_positive,0.04463318969570489,1.5241537343443998,1.588456425867396,True,27.0,5.271887024800262e-12,2.8392183690994402e-09,1.15012130810167,167.84123416666463,4,vox,1.0,0.318359375,1.027656704456594,7.744789033618542,,,,
759,left,LAD,prox,20.0,50,leaky,"[0.85, 0.9)",0.8588427232514189,0,4,759_left_LAD_prox_20mm_50ds_leaky_T5_vox_narrow_C_flowmatched,T5_vox_narrow,C_flowmatched,ok,True,4,2,17.879818308689003,17.306575232316458,17.306575232316458,0.9679390994653471,0.7863840299288319,-0.07245869332258692,1.0,to_positive,0.03514648715331953,1.5659545439956775,1.588456425867396,True,27.0,2.9054722524493874e-12,2.8392183690994402e-09,1.15012130810167,167.84123416666463,4,vox,1.0,0.318359375,1.027656704456594,7.744789033618542,1.0,0.0019921216224127775,0.0012352755592184546,False
759,left,LAD,prox,20.0,50,leaky,"[0.85, 0.9)",0.8588427232514189,0,4,759_left_LAD_prox_20mm_50ds_leaky_T5_vox_wide_A_fixed,T5_vox_wide,A_fixed,ok,True,4,2,17.879818308689003,17.879818308689003,17.879818308689003,1.0,0.8957231295366267,0.036880406285207834,0.0,,0.024950023643993447,1.6244017321477147,1.588456425867396,True,28.0,2.2747951810610753e-13,2.8392183690994402e-09,1.15012130810167,167.84123416666463,4,vox,-1.0,0.318359375,1.027656704456594,-7.744789033618542,,,,
759,left,LAD,prox,20.0,50,leaky,"[0.85, 0.9)",0.8588427232514189,0,4,759_left_LAD_prox_20mm_50ds_leaky_T5_vox_wide_B_rederived,T5_vox_wide,B_rederived,ok,True,4,2,17.879818308689003,17.879818308689003,17.879818308689003,1.0,0.8957231295366267,0.036880406285207834,0.0,,0.024950023643993447,1.6244017321477147,1.588456425867396,True,28.0,2.2747951810610753e-13,2.8392183690994402e-09,1.15012130810167,167.84123416666463,4,vox,-1.0,0.318359375,1.027656704456594,-7.744789033618542,,,,
759,left,LAD,prox,20.0,50,leaky,"[0.85, 0.9)",0.8588427232514189,0,4,759_left_LAD_prox_20mm_50ds_leaky_T5_vox_wide_C_flowmatched,T5_vox_wide,C_flowmatched,ok,True,4,2,17.879818308689003,18.227435368572085,18.227435368572085,1.0194418675783832,0.8977134014767564,0.03887067822533752,0.0,,0.01774853225595103,1.5965544596483305,1.588456425867396,True,28.0,2.0466833013576205e-12,2.8392183690994402e-09,1.15012130810167,167.84123416666463,4,vox,-1.0,0.318359375,1.027656704456594,-7.744789033618542,1.0,0.000622503679835832,0.00031501039724053415,False
759,left,LAD,prox,20.0,50,discrete,"[0.85, 0.9)",0.8768912628738184,0,4,759_left_LAD_prox_20mm_50ds_discrete_clean_none,clean,,ok,True,4,2,75.99485173060388,75.99485173060388,75.99485173060388,1.0,0.8768912628738184,0.0,0.0,,0.0,1.5610942418630884,1.5610942418630884,True,28.0,2.207795641001423e-12,1.2793190175805445e-08,1.15012130810167,167.84123416666463,4,,,,,,,,,
759,left,LAD,prox,20.0,50,discrete,"[0.85, 0.9)",0.8768912628738184,0,4,759_left_LAD_prox_20mm_50ds_discrete_T5_vox_narrow_A_fixed,T5_vox_narrow,A_fixed,ok,True,4,2,75.99485173060388,75.99485173060388,75.99485173060388,1.0,0.8203911004405874,-0.05650016243323097,0.0,,0.04848506248116144,1.5141869476728103,1.5610942418630884,True,27.0,1.2800421668761268e-12,1.2793190175805445e-08,1.15012130810167,167.84123416666463,4,vox,1.0,0.318359375,1.027656704456594,7.744789033618542,,,,
759,left,LAD,prox,20.0,50,discrete,"[0.85, 0.9)",0.8768912628738184,0,4,759_left_LAD_prox_20mm_50ds_discrete_T5_vox_narrow_B_rederived,T5_vox_narrow,B_rederived,ok,True,4,2,75.99485173060388,75.99485173060388,75.99485173060388,1.0,0.8203911004405874,-0.05650016243323097,0.0,,0.04848506248116144,1.5141869476728103,1.5610942418630884,True,27.0,1.2800421668761268e-12,1.2793190175805445e-08,1.15012130810167,167.84123416666463,4,vox,1.0,0.318359375,1.027656704456594,7.744789033618542,,,,
759,left,LAD,prox,20.0,50,discrete,"[0.85, 0.9)",0.8768912628738184,0,4,759_left_LAD_prox_20mm_50ds_discrete_T5_vox_narrow_C_flowmatched,T5_vox_narrow,C_flowmatched,ok,True,4,2,75.99485173060388,73.1712888538914,73.1712888538914,0.9628453400143235,0.8142367621812281,-0.06265450069259026,0.0,,0.038843873166384,1.5595806681741768,1.5610942418630884,True,27.0,2.5186996562932e-13,1.2793190175805445e-08,1.15012130810167,167.84123416666463,4,vox,1.0,0.318359375,1.027656704456594,7.744789033618542,1.0,0.0023508012838021285,0.001508846482566127,False
759,left,LAD,prox,20.0,50,discrete,"[0.85, 0.9)",0.8768912628738184,0,4,759_left_LAD_prox_20mm_50ds_discrete_T5_vox_wide_A_fixed,T5_vox_wide,A_fixed,ok,True,4,2,75.99485173060388,75.99485173060388,75.99485173060388,1.0,0.9076661183826813,0.03077485550886294,0.0,,0.02639955205917388,1.5866347174553406,1.5610942418630884,True,28.0,2.1359540319398352e-12,1.2793190175805445e-08,1.15012130810167,167.84123416666463,4,vox,-1.0,0.318359375,1.027656704456594,-7.744789033618542,,,,
759,left,LAD,prox,20.0,50,discrete,"[0.85, 0.9)",0.8768912628738184,0,4,759_left_LAD_prox_20mm_50ds_discrete_T5_vox_wide_B_rederived,T5_vox_wide,B_rederived,ok,True,4,2,75.99485173060388,75.99485173060388,75.99485173060388,1.0,0.9076661183826813,0.03077485550886294,0.0,,0.02639955205917388,1.5866347174553406,1.5610942418630884,True,28.0,2.1359540319398352e-12,1.2793190175805445e-08,1.15012130810167,167.84123416666463,4,vox,-1.0,0.318359375,1.027656704456594,-7.744789033618542,,,,
759,left,LAD,prox,20.0,50,discrete,"[0.85, 0.9)",0.8768912628738184,0,4,759_left_LAD_prox_20mm_50ds_discrete_T5_vox_wide_C_flowmatched,T5_vox_wide,C_flowmatched,ok,True,4,2,75.99485173060388,77.69150960445978,77.69150960445978,1.0223259580776658,0.9095046201972078,0.032613357323389436,0.0,,0.018904931460014776,1.5578149921670739,1.5610942418630884,True,28.0,2.84738547827394e-12,1.2793190175805445e-08,1.15012130810167,167.84123416666463,4,vox,-1.0,0.318359375,1.027656704456594,-7.744789033618542,1.0,0.0006969363489250319,0.00035739643350785635,False
825,left,LAD,prox,10.0,65,leaky,"[0.85, 0.9)",0.8812508429832854,0,5,825_left_LAD_prox_10mm_65ds_leaky_clean_none,clean,,ok,True,5,2,28.475616826142264,28.475616826142264,28.475616826142264,1.0,0.8812508429832854,0.0,0.0,,0.0,3.416303480334356,3.416303480334356,True,28.0,1.9556640141946223e-11,9.091985874883802e-09,1.466225930018795,248.11861060953538,5,,,,,,,,,
825,left,LAD,prox,10.0,65,leaky,"[0.85, 0.9)",0.8812508429832854,0,5,825_left_LAD_prox_10mm_65ds_leaky_T5_vox_narrow_A_fixed,T5_vox_narrow,A_fixed,ok,True,5,2,28.475616826142264,28.475616826142264,28.475616826142264,1.0,0.7883964832466304,-0.09285435973665501,1.0,to_positive,0.021285563733213653,3.3284912332054075,3.416303480334356,True,28.0,1.0583295476037072e-11,9.091985874883802e-09,1.466225930018795,248.11861060953538,5,vox,1.0,0.349609375,1.3251989356479719,6.595413065832532,,,,
825,left,LAD,prox,10.0,65,leaky,"[0.85, 0.9)",0.8812508429832854,0,5,825_left_LAD_prox_10mm_65ds_leaky_T5_vox_narrow_B_rederived,T5_vox_narrow,B_rederived,ok,True,5,2,28.475616826142264,28.475616826142264,28.475616826142264,1.0,0.7883964832466304,-0.09285435973665501,1.0,to_positive,0.021285563733213653,3.3284912332054075,3.416303480334356,True,28.0,1.0583295476037072e-11,9.091985874883802e-09,1.466225930018795,248.11861060953538,5,vox,1.0,0.349609375,1.3251989356479719,6.595413065832532,,,,
825,left,LAD,prox,10.0,65,leaky,"[0.85, 0.9)",0.8812508429832854,0,5,825_left_LAD_prox_10mm_65ds_leaky_T5_vox_narrow_C_flowmatched,T5_vox_narrow,C_flowmatched,ok,True,5,2,28.475616826142264,28.040382280871977,28.040382280871977,0.9847155358239433,0.7847995319461528,-0.09645131103713256,1.0,to_positive,0.015801906716831245,3.375399794350922,3.416303480334356,True,28.0,1.3469240000396317e-11,9.091985874883802e-09,1.466225930018795,248.11861060953538,5,vox,1.0,0.349609375,1.3251989356479719,6.595413065832532,1.0,0.00045307522344070034,0.0002497002558874364,False
825,left,LAD,prox,10.0,65,leaky,"[0.85, 0.9)",0.8812508429832854,0,5,825_left_LAD_prox_10mm_65ds_leaky_T5_vox_wide_A_fixed,T5_vox_wide,A_fixed,ok,True,5,2,28.475616826142264,28.475616826142264,28.475616826142264,1.0,0.9286611880432196,0.047410345059934245,0.0,,0.0108647616321545,3.46112536733111,3.416303480334356,True,28.0,8.877738866272477e-12,9.091985874883802e-09,1.466225930018795,248.11861060953538,5,vox,-1.0,0.349609375,1.3251989356479719,-6.595413065832532,,,,
825,left,LAD,prox,10.0,65,leaky,"[0.85, 0.9)",0.8812508429832854,0,5,825_left_LAD_prox_10mm_65ds_leaky_T5_vox_wide_B_rederived,T5_vox_wide,B_rederived,ok,True,5,2,28.475616826142264,28.475616826142264,28.475616826142264,1.0,0.9286611880432196,0.047410345059934245,0.0,,0.0108647616321545,3.46112536733111,3.416303480334356,True,28.0,8.877738866272477e-12,9.091985874883802e-09,1.466225930018795,248.11861060953538,5,vox,-1.0,0.349609375,1.3251989356479719,-6.595413065832532,,,,
825,left,LAD,prox,10.0,65,leaky,"[0.85, 0.9)",0.8812508429832854,0,5,825_left_LAD_prox_10mm_65ds_leaky_T5_vox_wide_C_flowmatched,T5_vox_wide,C_flowmatched,ok,True,5,2,28.475616826142264,28.704166171752554,28.704166171752554,1.008026142050081,0.9293965247997763,0.048145681816490926,0.0,,0.007698868039993241,3.4349520285693216,3.416303480334356,True,28.0,6.505476499273432e-12,9.091985874883802e-09,1.466225930018795,248.11861060953538,5,vox,-1.0,0.349609375,1.3251989356479719,-6.595413065832532,1.0,0.00011804304532353652,5.927256909722937e-05,False
825,left,LAD,prox,10.0,65,discrete,"[0.85, 0.9)",0.835931810059997,0,5,825_left_LAD_prox_10mm_65ds_discrete_clean_none,clean,,ok,True,5,2,68.46349083316437,68.46349083316437,68.46349083316437,1.0,0.835931810059997,0.0,0.0,,0.0,3.1467923519516816,3.1467923519516816,True,28.0,1.0399381573556953e-11,2.288729824668096e-08,1.466225930018795,248.11861060953538,5,,,,,,,,,
825,left,LAD,prox,10.0,65,discrete,"[0.85, 0.9)",0.835931810059997,0,5,825_left_LAD_prox_10mm_65ds_discrete_T5_vox_narrow_A_fixed,T5_vox_narrow,A_fixed,ok,True,5,2,68.46349083316437,68.46349083316437,68.46349083316437,1.0,0.7201864786450235,-0.11574533141497345,1.0,to_positive,0.03556983338067002,3.01167460635873,3.1467923519516816,True,28.0,1.2585648289046215e-11,2.288729824668096e-08,1.466225930018795,248.11861060953538,5,vox,1.0,0.349609375,1.3251989356479719,6.595413065832532,,,,
825,left,LAD,prox,10.0,65,discrete,"[0.85, 0.9)",0.835931810059997,0,5,825_left_LAD_prox_10mm_65ds_discrete_T5_vox_narrow_B_rederived,T5_vox_narrow,B_rederived,ok,True,5,2,68.46349083316437,68.46349083316437,68.46349083316437,1.0,0.7201864786450235,-0.11574533141497345,1.0,to_positive,0.03556983338067002,3.01167460635873,3.1467923519516816,True,28.0,1.2585648289046215e-11,2.288729824668096e-08,1.466225930018795,248.11861060953538,5,vox,1.0,0.349609375,1.3251989356479719,6.595413065832532,,,,
825,left,LAD,prox,10.0,65,discrete,"[0.85, 0.9)",0.835931810059997,0,5,825_left_LAD_prox_10mm_65ds_discrete_T5_vox_narrow_C_flowmatched,T5_vox_narrow,C_flowmatched,ok,True,5,2,68.46349083316437,66.57989602422111,66.57989602422111,0.9724876019901861,0.7140398236831247,-0.12189198637687226,1.0,to_positive,0.027109196088436933,3.0797624583858165,3.1467923519516816,True,28.0,1.473483450828668e-11,2.288729824668096e-08,1.466225930018795,248.11861060953538,5,vox,1.0,0.349609375,1.3251989356479719,6.595413065832532,1.0,0.001265213046728627,0.0007349085125613244,False
825,left,LAD,prox,10.0,65,discrete,"[0.85, 0.9)",0.835931810059997,0,5,825_left_LAD_prox_10mm_65ds_discrete_T5_vox_wide_A_fixed,T5_vox_wide,A_fixed,ok,True,5,2,68.46349083316437,68.46349083316437,68.46349083316437,1.0,0.900380842515487,0.06444903245549005,0.0,,0.019565784018894982,3.221116136361608,3.1467923519516816,True,28.0,1.3488138621599022e-11,2.288729824668096e-08,1.466225930018795,248.11861060953538,5,vox,-1.0,0.349609375,1.3251989356479719,-6.595413065832532,,,,
825,left,LAD,prox,10.0,65,discrete,"[0.85, 0.9)",0.835931810059997,0,5,825_left_LAD_prox_10mm_65ds_discrete_T5_vox_wide_B_rederived,T5_vox_wide,B_rederived,ok,True,5,2,68.46349083316437,68.46349083316437,68.46349083316437,1.0,0.900380842515487,0.06444903245549005,0.0,,0.019565784018894982,3.221116136361608,3.1467923519516816,True,28.0,1.3488138621599022e-11,2.288729824668096e-08,1.466225930018795,248.11861060953538,5,vox,-1.0,0.349609375,1.3251989356479719,-6.595413065832532,,,,
825,left,LAD,prox,10.0,65,discrete,"[0.85, 0.9)",0.835931810059997,0,5,825_left_LAD_prox_10mm_65ds_discrete_T5_vox_wide_C_flowmatched,T5_vox_wide,C_flowmatched,ok,True,5,2,68.46349083316437,69.55485016205445,69.55485016205445,1.0159407490855172,0.9019562837857333,0.06602447372573639,0.0,,0.014032052580124443,3.1786044455311275,3.1467923519516816,True,28.0,4.6163577485678614e-12,2.288729824668096e-08,1.466225930018795,248.11861060953538,5,vox,-1.0,0.349609375,1.3251989356479719,-6.595413065832532,1.0,0.00038281990427404633,0.00019689849961137705,False
928,left,LAD,mid,20.0,55,leaky,"[0.85, 0.9)",0.8593300920694007,0,5,928_left_LAD_mid_20mm_55ds_leaky_clean_none,clean,,ok,True,5,2,18.805484078083754,18.805484078083754,18.805484078083754,1.0,0.8593300920694007,0.0,0.0,,0.0,6.058714808057038,6.058714808057038,True,28.0,3.3190882617584713e-12,1.0588796743148463e-08,1.7645866189142574,310.9730651918262,5,,,,,,,,,
928,left,LAD,mid,20.0,55,leaky,"[0.85, 0.9)",0.8593300920694007,0,5,928_left_LAD_mid_20mm_55ds_leaky_T5_vox_narrow_A_fixed,T5_vox_narrow,A_fixed,ok,True,5,2,18.805484078083754,18.805484078083754,18.805484078083754,1.0,0.7680435253033507,-0.09128656676604996,1.0,to_positive,0.010885836955794427,6.004191027549954,6.058714808057038,True,28.0,2.8640765785518195e-12,1.0588796743148463e-08,1.7645866189142574,310.9730651918262,5,vox,1.0,0.388671875,1.0011937489042446,9.705211289657509,,,,
928,left,LAD,mid,20.0,55,leaky,"[0.85, 0.9)",0.8593300920694007,0,5,928_left_LAD_mid_20mm_55ds_leaky_T5_vox_narrow_B_rederived,T5_vox_narrow,B_rederived,ok,True,5,2,18.805484078083754,18.805484078083754,18.805484078083754,1.0,0.7680435253033507,-0.09128656676604996,1.0,to_positive,0.010885836955794427,6.004191027549954,6.058714808057038,True,28.0,2.8640765785518195e-12,1.0588796743148463e-08,1.7645866189142574,310.9730651918262,5,vox,1.0,0.388671875,1.0011937489042446,9.705211289657509,,,,
928,left,LAD,mid,20.0,55,leaky,"[0.85, 0.9)",0.8593300920694007,0,5,928_left_LAD_mid_20mm_55ds_leaky_T5_vox_narrow_C_flowmatched,T5_vox_narrow,C_flowmatched,ok,True,5,2,18.805484078083754,18.65614641260122,18.65614641260122,0.9920588236462057,0.7663568079275571,-0.09297328414184358,1.0,to_positive,0.007950702648370573,6.049435353296718,6.058714808057038,True,28.0,2.643549539784098e-13,1.0588796743148463e-08,1.7645866189142574,310.9730651918262,5,vox,1.0,0.388671875,1.0011937489042446,9.705211289657509,1.0,0.0001185014462281397,6.321367260280684e-05,False
928,left,LAD,mid,20.0,55,leaky,"[0.85, 0.9)",0.8593300920694007,0,5,928_left_LAD_mid_20mm_55ds_leaky_T5_vox_wide_A_fixed,T5_vox_wide,A_fixed,ok,True,5,2,18.805484078083754,18.805484078083754,18.805484078083754,1.0,0.8996990019315901,0.04036890986218944,0.0,,0.0048088628312817,6.08280091025029,6.058714808057038,True,28.0,5.219247245547628e-12,1.0588796743148463e-08,1.7645866189142574,310.9730651918262,5,vox,-1.0,0.388671875,1.0011937489042446,-9.705211289657509,,,,
928,left,LAD,mid,20.0,55,leaky,"[0.85, 0.9)",0.8593300920694007,0,5,928_left_LAD_mid_20mm_55ds_leaky_T5_vox_wide_B_rederived,T5_vox_wide,B_rederived,ok,True,5,2,18.805484078083754,18.805484078083754,18.805484078083754,1.0,0.8996990019315901,0.04036890986218944,0.0,,0.0048088628312817,6.08280091025029,6.058714808057038,True,28.0,5.219247245547628e-12,1.0588796743148463e-08,1.7645866189142574,310.9730651918262,5,vox,-1.0,0.388671875,1.0011937489042446,-9.705211289657509,,,,
928,left,LAD,mid,20.0,55,leaky,"[0.85, 0.9)",0.8593300920694007,0,5,928_left_LAD_mid_20mm_55ds_leaky_T5_vox_wide_C_flowmatched,T5_vox_wide,C_flowmatched,ok,True,5,2,18.805484078083754,18.872336060618647,18.872336060618647,1.0035549195254592,0.9000461108013811,0.040716018731980386,0.0,,0.003438801588000012,6.06226408941842,6.058714808057038,True,28.0,7.403880004724658e-13,1.0588796743148463e-08,1.7645866189142574,310.9730651918262,5,vox,-1.0,0.388671875,1.0011937489042446,-9.705211289657509,1.0,2.312516173008265e-05,1.1825356361631403e-05,False
928,left,LAD,mid,20.0,55,discrete,"[0.85, 0.9)",0.771870822282411,1,5,928_left_LAD_mid_20mm_55ds_discrete_clean_none,clean,,ok,True,5,2,25.15945313919205,25.15945313919205,25.15945313919205,1.0,0.771870822282411,0.0,0.0,,0.0,5.364190602031753,5.364190602031753,True,27.0,1.5398903421692845e-12,1.710687579565468e-08,1.7645866189142574,310.9730651918262,5,,,,,,,,,
928,left,LAD,mid,20.0,55,discrete,"[0.85, 0.9)",0.771870822282411,1,5,928_left_LAD_mid_20mm_55ds_discrete_T5_vox_narrow_A_fixed,T5_vox_narrow,A_fixed,ok,True,5,2,25.15945313919205,25.15945313919205,25.15945313919205,1.0,0.640114370596379,-0.131756451686032,0.0,,0.03165117243363292,5.228513213805489,5.364190602031753,True,27.0,1.4147690607035718e-12,1.710687579565468e-08,1.7645866189142574,310.9730651918262,5,vox,1.0,0.388671875,1.0011937489042446,9.705211289657509,,,,
928,left,LAD,mid,20.0,55,discrete,"[0.85, 0.9)",0.771870822282411,1,5,928_left_LAD_mid_20mm_55ds_discrete_T5_vox_narrow_B_rederived,T5_vox_narrow,B_rederived,ok,True,5,2,25.15945313919205,25.15945313919205,25.15945313919205,1.0,0.640114370596379,-0.131756451686032,0.0,,0.03165117243363292,5.228513213805489,5.364190602031753,True,27.0,1.4147690607035718e-12,1.710687579565468e-08,1.7645866189142574,310.9730651918262,5,vox,1.0,0.388671875,1.0011937489042446,9.705211289657509,,,,
928,left,LAD,mid,20.0,55,discrete,"[0.85, 0.9)",0.771870822282411,1,5,928_left_LAD_mid_20mm_55ds_discrete_T5_vox_narrow_C_flowmatched,T5_vox_narrow,C_flowmatched,ok,True,5,2,25.15945313919205,24.473616129020176,24.473616129020176,0.9727403848415325,0.6345381012633519,-0.13733272101905913,0.0,,0.025292010957745935,5.327660739177441,5.364190602031753,True,27.0,2.797389968423634e-12,1.710687579565468e-08,1.7645866189142574,310.9730651918262,5,vox,1.0,0.388671875,1.0011937489042446,9.705211289657509,1.0,0.0010017967164235642,0.0006396858182867404,False
928,left,LAD,mid,20.0,55,discrete,"[0.85, 0.9)",0.771870822282411,1,5,928_left_LAD_mid_20mm_55ds_discrete_T5_vox_wide_A_fixed,T5_vox_wide,A_fixed,ok,True,5,2,25.15945313919205,25.15945313919205,25.15945313919205,1.0,0.8406259791448485,0.0687551568624375,1.0,to_negative,0.016516692541381096,5.434991822219833,5.364190602031753,True,27.0,7.320183513410495e-13,1.710687579565468e-08,1.7645866189142574,310.9730651918262,5,vox,-1.0,0.388671875,1.0011937489042446,-9.705211289657509,,,,
928,left,LAD,mid,20.0,55,discrete,"[0.85, 0.9)",0.771870822282411,1,5,928_left_LAD_mid_20mm_55ds_discrete_T5_vox_wide_B_rederived,T5_vox_wide,B_rederived,ok,True,5,2,25.15945313919205,25.15945313919205,25.15945313919205,1.0,0.8406259791448485,0.0687551568624375,1.0,to_negative,0.016516692541381096,5.434991822219833,5.364190602031753,True,27.0,7.320183513410495e-13,1.710687579565468e-08,1.7645866189142574,310.9730651918262,5,vox,-1.0,0.388671875,1.0011937489042446,-9.705211289657509,,,,
928,left,LAD,mid,20.0,55,discrete,"[0.85, 0.9)",0.771870822282411,1,5,928_left_LAD_mid_20mm_55ds_discrete_T5_vox_wide_C_flowmatched,T5_vox_wide,C_flowmatched,ok,True,5,2,25.15945313919205,25.54110967417778,25.54110967417778,1.015169508370244,0.8423511876620849,0.07048036537967395,1.0,to_negative,0.012536664811534811,5.377919707538748,5.364190602031753,True,27.0,1.4387804939373547e-12,1.710687579565468e-08,1.7645866189142574,310.9730651918262,5,vox,-1.0,0.388671875,1.0011937489042446,-9.705211289657509,1.0,0.00027280113250651393,0.00015716796459677517,False
69,left,LCX,prox,10.0,50,leaky,"[0.85, 0.9)",0.8986175094405734,0,4,69_left_LCX_prox_10mm_50ds_leaky_clean_none,clean,,ok,True,4,2,14.815121452661637,14.815121452661637,14.815121452661637,1.0,0.8986175094405734,0.0,0.0,,0.0,6.31950084960743,6.31950084960743,True,28.0,4.513085296724226e-12,8.781831611452138e-09,1.7999506957440146,205.92763668720465,4,,,,,,,,,
69,left,LCX,prox,10.0,50,leaky,"[0.85, 0.9)",0.8986175094405734,0,4,69_left_LCX_prox_10mm_50ds_leaky_T5_vox_narrow_A_fixed,T5_vox_narrow,A_fixed,ok,True,4,2,14.815121452661637,14.815121452661637,14.815121452661637,1.0,0.8508909809710512,-0.04772652846952219,0.0,,0.03260032762358117,6.194249029972678,6.31950084960743,True,28.0,5.679159033193328e-12,8.781831611452138e-09,1.7999506957440146,205.92763668720465,4,vox,1.0,0.34375,1.4874405923099683,5.777541667498842,,,,
69,left,LCX,prox,10.0,50,leaky,"[0.85, 0.9)",0.8986175094405734,0,4,69_left_LCX_prox_10mm_50ds_leaky_T5_vox_narrow_B_rederived,T5_vox_narrow,B_rederived,ok,True,4,2,14.815121452661637,14.815121452661637,14.815121452661637,1.0,0.8508909809710512,-0.04772652846952219,0.0,,0.03260032762358117,6.194249029972678,6.31950084960743,True,28.0,5.679159033193328e-12,8.781831611452138e-09,1.7999506957440146,205.92763668720465,4,vox,1.0,0.34375,1.4874405923099683,5.777541667498842,,,,
69,left,LCX,prox,10.0,50,leaky,"[0.85, 0.9)",0.8986175094405734,0,4,69_left_LCX_prox_10mm_50ds_leaky_T5_vox_narrow_C_flowmatched,T5_vox_narrow,C_flowmatched,ok,True,4,2,14.815121452661637,14.484252955623765,14.484252955623765,0.9776668387029368,0.8465680450088695,-0.052049464431703885,0.0,,0.025763176363993737,6.321296965754482,6.31950084960743,True,28.0,2.9117483395496645e-13,8.781831611452138e-09,1.7999506957440146,205.92763668720465,4,vox,1.0,0.34375,1.4874405923099683,5.777541667498842,1.0,0.0010627813611648297,0.0006637412563622455,False
69,left,LCX,prox,10.0,50,leaky,"[0.85, 0.9)",0.8986175094405734,0,4,69_left_LCX_prox_10mm_50ds_leaky_T5_vox_wide_A_fixed,T5_vox_wide,A_fixed,ok,True,4,2,14.815121452661637,14.815121452661637,14.815121452661637,1.0,0.9285686705702261,0.02995116112965268,0.0,,0.020455598688803377,6.398092113690724,6.31950084960743,True,28.0,3.689266537852255e-12,8.781831611452138e-09,1.7999506957440146,205.92763668720465,4,vox,-1.0,0.34375,1.4874405923099683,-5.777541667498842,,,,
69,left,LCX,prox,10.0,50,leaky,"[0.85, 0.9)",0.8986175094405734,0,4,69_left_LCX_prox_10mm_50ds_leaky_T5_vox_wide_B_rederived,T5_vox_wide,B_rederived,ok,True,4,2,14.815121452661637,14.815121452661637,14.815121452661637,1.0,0.9285686705702261,0.02995116112965268,0.0,,0.020455598688803377,6.398092113690724,6.31950084960743,True,28.0,3.689266537852255e-12,8.781831611452138e-09,1.7999506957440146,205.92763668720465,4,vox,-1.0,0.34375,1.4874405923099683,-5.777541667498842,,,,
69,left,LCX,prox,10.0,50,leaky,"[0.85, 0.9)",0.8986175094405734,0,4,69_left_LCX_prox_10mm_50ds_leaky_T5_vox_wide_C_flowmatched,T5_vox_wide,C_flowmatched,ok,True,4,2,14.815121452661637,15.038072990187908,15.038072990187908,1.0150489172997104,0.9299653733513181,0.03134786391074473,0.0,,0.014825991575031656,6.308679387993623,6.31950084960743,True,28.0,1.702476399676468e-13,8.781831611452138e-09,1.7999506957440146,205.92763668720465,4,vox,-1.0,0.34375,1.4874405923099683,-5.777541667498842,1.0,0.00041843151771737443,0.00021981002618290965,False
69,left,LCX,prox,10.0,50,discrete,"[0.85, 0.9)",0.868849932183716,0,4,69_left_LCX_prox_10mm_50ds_discrete_clean_none,clean,,ok,True,4,2,14.719814474662787,14.719814474662787,14.719814474662787,1.0,0.868849932183716,0.0,0.0,,0.0,5.799180844866261,5.799180844866261,True,27.0,2.8914194387798616e-12,1.127308018609495e-08,1.7999506957440146,205.92763668720465,4,,,,,,,,,
69,left,LCX,prox,10.0,50,discrete,"[0.85, 0.9)",0.868849932183716,0,4,69_left_LCX_prox_10mm_50ds_discrete_T5_vox_narrow_A_fixed,T5_vox_narrow,A_fixed,ok,True,4,2,14.719814474662787,14.719814474662787,14.719814474662787,1.0,0.8129325617170157,-0.05591737046670031,0.0,,0.04776066218908572,5.62963453652546,5.799180844866261,True,27.0,2.607917437535848e-12,1.127308018609495e-08,1.7999506957440146,205.92763668720465,4,vox,1.0,0.34375,1.4874405923099683,5.777541667498842,,,,
69,left,LCX,prox,10.0,50,discrete,"[0.85, 0.9)",0.868849932183716,0,4,69_left_LCX_prox_10mm_50ds_discrete_T5_vox_narrow_B_rederived,T5_vox_narrow,B_rederived,ok,True,4,2,14.719814474662787,14.719814474662787,14.719814474662787,1.0,0.8129325617170157,-0.05591737046670031,0.0,,0.04776066218908572,5.62963453652546,5.799180844866261,True,27.0,2.607917437535848e-12,1.127308018609495e-08,1.7999506957440146,205.92763668720465,4,vox,1.0,0.34375,1.4874405923099683,5.777541667498842,,,,
69,left,LCX,prox,10.0,50,discrete,"[0.85, 0.9)",0.868849932183716,0,4,69_left_LCX_prox_10mm_50ds_discrete_T5_vox_narrow_C_flowmatched,T5_vox_narrow,C_flowmatched,ok,True,4,2,14.719814474662787,14.1291807959562,14.1291807959562,0.9598749237143414,0.8065621352919224,-0.062287796891793534,0.0,,0.04054626506761823,5.7753443966331135,5.799180844866261,True,27.0,1.0237121054255637e-13,1.127308018609495e-08,1.7999506957440146,205.92763668720465,4,vox,1.0,0.34375,1.4874405923099683,5.777541667498842,1.0,0.0022810808527399624,0.0016439996109335585,False
69,left,LCX,prox,10.0,50,discrete,"[0.85, 0.9)",0.868849932183716,0,4,69_left_LCX_prox_10mm_50ds_discrete_T5_vox_wide_A_fixed,T5_vox_wide,A_fixed,ok,True,4,2,14.719814474662787,14.719814474662787,14.719814474662787,1.0,0.9051209480502416,0.03627101586652559,0.0,,0.03091743672400957,5.908935128420444,5.799180844866261,True,27.0,5.108916172551227e-13,1.127308018609495e-08,1.7999506957440146,205.92763668720465,4,vox,-1.0,0.34375,1.4874405923099683,-5.777541667498842,,,,
69,left,LCX,prox,10.0,50,discrete,"[0.85, 0.9)",0.868849932183716,0,4,69_left_LCX_prox_10mm_50ds_discrete_T5_vox_wide_B_rederived,T5_vox_wide,B_rederived,ok,True,4,2,14.719814474662787,14.719814474662787,14.719814474662787,1.0,0.9051209480502416,0.03627101586652559,0.0,,0.03091743672400957,5.908935128420444,5.799180844866261,True,27.0,5.108916172551227e-13,1.127308018609495e-08,1.7999506957440146,205.92763668720465,4,vox,-1.0,0.34375,1.4874405923099683,-5.777541667498842,,,,
69,left,LCX,prox,10.0,50,discrete,"[0.85, 0.9)",0.868849932183716,0,4,69_left_LCX_prox_10mm_50ds_discrete_T5_vox_wide_C_flowmatched,T5_vox_wide,C_flowmatched,ok,True,4,2,14.719814474662787,15.16832342140867,15.16832342140867,1.0304697418243893,0.9076058779690117,0.03875594578529573,0.0,,0.02349177345231235,5.791169715960994,5.799180844866261,True,27.0,3.671343623453463e-12,1.127308018609495e-08,1.7999506957440146,205.92763668720465,4,vox,-1.0,0.34375,1.4874405923099683,-5.777541667498842,1.0,0.0009558878935831356,0.0005518634199347674,False
324,left,LCX,mid,10.0,55,leaky,"[0.85, 0.9)",0.8659183617194717,0,6,324_left_LCX_mid_10mm_55ds_leaky_clean_none,clean,,ok,True,6,2,14.238011832493541,14.238011832493541,14.238011832493541,1.0,0.8659183617194717,0.0,0.0,,0.0,7.050742403685715,7.050742403685715,True,28.0,3.3965448099766257e-12,9.417878541022206e-09,1.8639310584777176,214.71376310420814,6,,,,,,,,,
324,left,LCX,mid,10.0,55,leaky,"[0.85, 0.9)",0.8659183617194717,0,6,324_left_LCX_mid_10mm_55ds_leaky_T5_vox_narrow_A_fixed,T5_vox_narrow,A_fixed,ok,True,6,2,14.238011832493541,14.238011832493541,14.238011832493541,1.0,0.7821315626939164,-0.0837867990255553,1.0,to_positive,0.014377918157883739,6.967050235508997,7.050742403685715,True,28.0,2.4073458381425132e-12,9.417878541022206e-09,1.8639310584777176,214.71376310420814,6,vox,1.0,0.357421875,1.0720746232227645,8.334818007480528,,,,
324,left,LCX,mid,10.0,55,leaky,"[0.85, 0.9)",0.8659183617194717,0,6,324_left_LCX_mid_10mm_55ds_leaky_T5_vox_narrow_B_rederived,T5_vox_narrow,B_rederived,ok,True,6,2,14.238011832493541,14.238011832493541,14.238011832493541,1.0,0.7821315626939164,-0.0837867990255553,1.0,to_positive,0.014377918157883739,6.967050235508997,7.050742403685715,True,28.0,2.4073458381425132e-12,9.417878541022206e-09,1.8639310584777176,214.71376310420814,6,vox,1.0,0.357421875,1.0720746232227645,8.334818007480528,,,,
324,left,LCX,mid,10.0,55,leaky,"[0.85, 0.9)",0.8659183617194717,0,6,324_left_LCX_mid_10mm_55ds_leaky_T5_vox_narrow_C_flowmatched,T5_vox_narrow,C_flowmatched,ok,True,6,2,14.238011832493541,14.079186567394292,14.079186567394292,0.9888449829254402,0.7795680154462724,-0.08635034627319926,1.0,to_positive,0.010121438329644832,7.039220748804376,7.050742403685715,True,28.0,4.821643106198181e-13,9.417878541022206e-09,1.8639310584777176,214.71376310420814,6,vox,1.0,0.357421875,1.0720746232227645,8.334818007480528,1.0,0.00020672453055480295,0.00010244351386080358,False
324,left,LCX,mid,10.0,55,leaky,"[0.85, 0.9)",0.8659183617194717,0,6,324_left_LCX_mid_10mm_55ds_leaky_T5_vox_wide_A_fixed,T5_vox_wide,A_fixed,ok,True,6,2,14.238011832493541,14.238011832493541,14.238011832493541,1.0,0.9074089924390942,0.04149063071962256,0.0,,0.007118763908293683,7.092179889925049,7.050742403685715,True,28.0,1.5969247415489543e-12,9.417878541022206e-09,1.8639310584777176,214.71376310420814,6,vox,-1.0,0.357421875,1.0720746232227645,-8.334818007480528,,,,
324,left,LCX,mid,10.0,55,leaky,"[0.85, 0.9)",0.8659183617194717,0,6,324_left_LCX_mid_10mm_55ds_leaky_T5_vox_wide_B_rederived,T5_vox_wide,B_rederived,ok,True,6,2,14.238011832493541,14.238011832493541,14.238011832493541,1.0,0.9074089924390942,0.04149063071962256,0.0,,0.007118763908293683,7.092179889925049,7.050742403685715,True,28.0,1.5969247415489543e-12,9.417878541022206e-09,1.8639310584777176,214.71376310420814,6,vox,-1.0,0.357421875,1.0720746232227645,-8.334818007480528,,,,
324,left,LCX,mid,10.0,55,leaky,"[0.85, 0.9)",0.8659183617194717,0,6,324_left_LCX_mid_10mm_55ds_leaky_T5_vox_wide_C_flowmatched,T5_vox_wide,C_flowmatched,ok,True,6,2,14.238011832493541,14.31758860567846,14.31758860567846,1.005589036876856,0.9079768913269137,0.04205852960744205,0.0,,0.00485075715127736,7.055207880318544,7.050742403685715,True,28.0,1.4243660933448353e-12,9.417878541022206e-09,1.8639310584777176,214.71376310420814,6,vox,-1.0,0.357421875,1.0720746232227645,-8.334818007480528,1.0,5.0676799582024744e-05,2.352984494066845e-05,False
324,left,LCX,mid,10.0,55,discrete,"[0.85, 0.9)",0.7595931586707444,1,6,324_left_LCX_mid_10mm_55ds_discrete_clean_none,clean,,ok,True,6,2,23.445863577022383,23.445863577022383,23.445863577022383,1.0,0.7595931586707444,0.0,0.0,,0.0,6.484587517338967,6.484587517338967,True,27.0,3.2988709036169754e-12,1.804503709460821e-08,1.8639310584777176,214.71376310420814,6,,,,,,,,,
324,left,LCX,mid,10.0,55,discrete,"[0.85, 0.9)",0.7595931586707444,1,6,324_left_LCX_mid_10mm_55ds_discrete_T5_vox_narrow_A_fixed,T5_vox_narrow,A_fixed,ok,True,6,2,23.445863577022383,23.445863577022383,23.445863577022383,1.0,0.6385135467434763,-0.12107961192726813,0.0,,0.039989511059126175,6.2786127003644205,6.484587517338967,True,27.0,3.315355743724445e-12,1.804503709460821e-08,1.8639310584777176,214.71376310420814,6,vox,1.0,0.357421875,1.0720746232227645,8.334818007480528,,,,
324,left,LCX,mid,10.0,55,discrete,"[0.85, 0.9)",0.7595931586707444,1,6,324_left_LCX_mid_10mm_55ds_discrete_T5_vox_narrow_B_rederived,T5_vox_narrow,B_rederived,ok,True,6,2,23.445863577022383,23.445863577022383,23.445863577022383,1.0,0.6385135467434763,-0.12107961192726813,0.0,,0.039989511059126175,6.2786127003644205,6.484587517338967,True,27.0,3.315355743724445e-12,1.804503709460821e-08,1.8639310584777176,214.71376310420814,6,vox,1.0,0.357421875,1.0720746232227645,8.334818007480528,,,,
324,left,LCX,mid,10.0,55,discrete,"[0.85, 0.9)",0.7595931586707444,1,6,324_left_LCX_mid_10mm_55ds_discrete_T5_vox_narrow_C_flowmatched,T5_vox_narrow,C_flowmatched,ok,True,6,2,23.445863577022383,22.500417534871517,22.500417534871517,0.9596753585533343,0.6288931851216831,-0.13069997354906127,0.0,,0.0273051483275652,6.469427411791375,6.484587517338967,True,27.0,1.6836106158160092e-12,1.804503709460821e-08,1.8639310584777176,214.71376310420814,6,vox,1.0,0.357421875,1.0720746232227645,8.334818007480528,1.0,0.0015991609947479744,0.0007455711251903366,False
324,left,LCX,mid,10.0,55,discrete,"[0.85, 0.9)",0.7595931586707444,1,6,324_left_LCX_mid_10mm_55ds_discrete_T5_vox_wide_A_fixed,T5_vox_wide,A_fixed,ok,True,6,2,23.445863577022383,23.445863577022383,23.445863577022383,1.0,0.8328418963832568,0.07324873771251239,1.0,to_negative,0.02419219189920361,6.609194749574047,6.484587517338967,True,27.0,2.7345452328711898e-12,1.804503709460821e-08,1.8639310584777176,214.71376310420814,6,vox,-1.0,0.357421875,1.0720746232227645,-8.334818007480528,,,,
324,left,LCX,mid,10.0,55,discrete,"[0.85, 0.9)",0.7595931586707444,1,6,324_left_LCX_mid_10mm_55ds_discrete_T5_vox_wide_B_rederived,T5_vox_wide,B_rederived,ok,True,6,2,23.445863577022383,23.445863577022383,23.445863577022383,1.0,0.8328418963832568,0.07324873771251239,1.0,to_negative,0.02419219189920361,6.609194749574047,6.484587517338967,True,27.0,2.7345452328711898e-12,1.804503709460821e-08,1.8639310584777176,214.71376310420814,6,vox,-1.0,0.357421875,1.0720746232227645,-8.334818007480528,,,,
324,left,LCX,mid,10.0,55,discrete,"[0.85, 0.9)",0.7595931586707444,1,6,324_left_LCX_mid_10mm_55ds_discrete_T5_vox_wide_C_flowmatched,T5_vox_wide,C_flowmatched,ok,True,6,2,23.445863577022383,24.029904852658508,24.029904852658508,1.0249102053211852,0.8363314585803413,0.07673829990959691,1.0,to_negative,0.015326158828278839,6.487118674951839,6.484587517338967,True,27.0,4.97660292177252e-12,1.804503709460821e-08,1.8639310584777176,214.71376310420814,6,vox,-1.0,0.357421875,1.0720746232227645,-8.334818007480528,1.0,0.0005852621488878928,0.00023489114442962937,False
466,left,LCX,mid,10.0,65,leaky,"[0.85, 0.9)",0.8711517319137335,0,5,466_left_LCX_mid_10mm_65ds_leaky_clean_none,clean,,ok,True,5,2,21.594116040029938,21.594116040029938,21.594116040029938,1.0,0.8711517319137335,0.0,0.0,,0.0,2.419213852865912,2.419213852865912,True,28.0,6.3532359184348635e-12,4.957834875956145e-09,1.3051609545477092,186.39558125009776,5,,,,,,,,,
466,left,LCX,mid,10.0,65,leaky,"[0.85, 0.9)",0.8711517319137335,0,5,466_left_LCX_mid_10mm_65ds_leaky_T5_vox_narrow_A_fixed,T5_vox_narrow,A_fixed,ok,True,5,2,21.594116040029938,21.594116040029938,21.594116040029938,1.0,0.7429022871728943,-0.1282494447408392,1.0,to_positive,0.0454594790424835,2.3520109960937123,2.419213852865912,True,28.0,3.867450805149851e-12,4.957834875956145e-09,1.3051609545477092,186.39558125009776,5,vox,1.0,0.37109375,1.0658159286663325,8.704452148326254,,,,
466,left,LCX,mid,10.0,65,leaky,"[0.85, 0.9)",0.8711517319137335,0,5,466_left_LCX_mid_10mm_65ds_leaky_T5_vox_narrow_B_rederived,T5_vox_narrow,B_rederived,ok,True,5,2,21.594116040029938,21.594116040029938,21.594116040029938,1.0,0.7429022871728943,-0.1282494447408392,1.0,to_positive,0.0454594790424835,2.3520109960937123,2.419213852865912,True,28.0,3.867450805149851e-12,4.957834875956145e-09,1.3051609545477092,186.39558125009776,5,vox,1.0,0.37109375,1.0658159286663325,8.704452148326254,,,,
466,left,LCX,mid,10.0,65,leaky,"[0.85, 0.9)",0.8711517319137335,0,5,466_left_LCX_mid_10mm_65ds_leaky_T5_vox_narrow_C_flowmatched,T5_vox_narrow,C_flowmatched,ok,True,5,2,21.594116040029938,20.911273390661236,20.911273390661236,0.9683783004544901,0.7353607773526682,-0.13579095456106527,1.0,to_positive,0.03549589164727253,2.421139323549201,2.419213852865912,True,28.0,2.880131131011851e-12,4.957834875956145e-09,1.3051609545477092,186.39558125009776,5,vox,1.0,0.37109375,1.0658159286663325,8.704452148326254,1.0,0.0020665642348139967,0.0012599583238349118,False
466,left,LCX,mid,10.0,65,leaky,"[0.85, 0.9)",0.8711517319137335,0,5,466_left_LCX_mid_10mm_65ds_leaky_T5_vox_wide_A_fixed,T5_vox_wide,A_fixed,ok,True,5,2,21.594116040029938,21.594116040029938,21.594116040029938,1.0,0.9231739366626064,0.05202220474887287,0.0,,0.01829085485382556,2.44625326740544,2.419213852865912,True,28.0,3.697161865786816e-12,4.957834875956145e-09,1.3051609545477092,186.39558125009776,5,vox,-1.0,0.37109375,1.0658159286663325,-8.704452148326254,,,,
466,left,LCX,mid,10.0,65,leaky,"[0.85, 0.9)",0.8711517319137335,0,5,466_left_LCX_mid_10mm_65ds_leaky_T5_vox_wide_B_rederived,T5_vox_wide,B_rederived,ok,True,5,2,21.594116040029938,21.594116040029938,21.594116040029938,1.0,0.9231739366626064,0.05202220474887287,0.0,,0.01829085485382556,2.44625326740544,2.419213852865912,True,28.0,3.697161865786816e-12,4.957834875956145e-09,1.3051609545477092,186.39558125009776,5,vox,-1.0,0.37109375,1.0658159286663325,-8.704452148326254,,,,
466,left,LCX,mid,10.0,65,leaky,"[0.85, 0.9)",0.8711517319137335,0,5,466_left_LCX_mid_10mm_65ds_leaky_T5_vox_wide_C_flowmatched,T5_vox_wide,C_flowmatched,ok,True,5,2,21.594116040029938,21.888966604291745,21.888966604291745,1.0136542085684466,0.9242590773293129,0.05310734541557938,0.0,,0.01317076246179174,2.4154805939108566,2.419213852865912,True,28.0,1.0238117412484256e-11,4.957834875956145e-09,1.3051609545477092,186.39558125009776,5,vox,-1.0,0.37109375,1.0658159286663325,-8.704452148326254,1.0,0.0003345553712837141,0.00017346898382494238,False
466,left,LCX,mid,10.0,65,discrete,"[0.85, 0.9)",0.6908828297906422,1,4,466_left_LCX_mid_10mm_65ds_discrete_clean_none,clean,,ok,True,4,2,78.97220456051487,78.97220456051487,78.97220456051487,1.0,0.6908828297906422,0.0,0.0,,0.0,1.8996034952761935,1.8996034952761935,True,27.0,3.849342083015276e-12,1.9083835059959852e-08,1.3051609545477092,164.3676863537653,4,,,,,,,,,
466,left,LCX,mid,10.0,65,discrete,"[0.85, 0.9)",0.6908828297906422,1,4,466_left_LCX_mid_10mm_65ds_discrete_T5_vox_narrow_A_fixed,T5_vox_narrow,A_fixed,ok,True,4,2,78.97220456051487,78.97220456051487,78.97220456051487,1.0,0.48990083691062586,-0.20098199288001634,0.0,,0.13806503546331217,1.6701977960655114,1.8996034952761935,True,27.0,1.0273876090686312e-11,1.9083835059959852e-08,1.3051609545477092,164.3676863537653,4,vox,1.0,0.37109375,1.0658159286663325,8.704452148326254,,,,
466,left,LCX,mid,10.0,65,discrete,"[0.85, 0.9)",0.6908828297906422,1,4,466_left_LCX_mid_10mm_65ds_discrete_T5_vox_narrow_B_rederived,T5_vox_narrow,B_rederived,ok,True,4,2,78.97220456051487,78.97220456051487,78.97220456051487,1.0,0.48990083691062586,-0.20098199288001634,0.0,,0.13806503546331217,1.6701977960655114,1.8996034952761935,True,27.0,1.0273876090686312e-11,1.9083835059959852e-08,1.3051609545477092,164.3676863537653,4,vox,1.0,0.37109375,1.0658159286663325,8.704452148326254,,,,
466,left,LCX,mid,10.0,65,discrete,"[0.85, 0.9)",0.6908828297906422,1,4,466_left_LCX_mid_10mm_65ds_discrete_T5_vox_narrow_C_flowmatched,T5_vox_narrow,C_flowmatched,ok,True,4,2,78.97220456051487,73.3684901139279,73.3684901139279,0.9290419397841053,0.47360201789427975,-0.21728081189636245,0.0,,0.12661208441081592,1.7573336473665442,1.8996034952761935,True,27.0,6.6824332410248404e-12,1.9083835059959852e-08,1.3051609545477092,164.3676863537653,4,vox,1.0,0.37109375,1.0658159286663325,8.704452148326254,1.0,0.019061954017485647,0.016030619918851578,False
466,left,LCX,mid,10.0,65,discrete,"[0.85, 0.9)",0.6908828297906422,1,4,466_left_LCX_mid_10mm_65ds_discrete_T5_vox_wide_A_fixed,T5_vox_wide,A_fixed,ok,True,4,2,78.97220456051487,78.97220456051487,78.97220456051487,1.0,0.8139943757993142,0.12311154600867202,1.0,to_negative,0.07922467638394678,2.0312414021649006,1.8996034952761935,True,27.0,9.064594031667732e-12,1.9083835059959852e-08,1.3051609545477092,164.3676863537653,4,vox,-1.0,0.37109375,1.0658159286663325,-8.704452148326254,,,,
466,left,LCX,mid,10.0,65,discrete,"[0.85, 0.9)",0.6908828297906422,1,4,466_left_LCX_mid_10mm_65ds_discrete_T5_vox_wide_B_rederived,T5_vox_wide,B_rederived,ok,True,4,2,78.97220456051487,78.97220456051487,78.97220456051487,1.0,0.8139943757993142,0.12311154600867202,1.0,to_negative,0.07922467638394678,2.0312414021649006,1.8996034952761935,True,27.0,9.064594031667732e-12,1.9083835059959852e-08,1.3051609545477092,164.3676863537653,4,vox,-1.0,0.37109375,1.0658159286663325,-8.704452148326254,,,,
466,left,LCX,mid,10.0,65,discrete,"[0.85, 0.9)",0.6908828297906422,1,4,466_left_LCX_mid_10mm_65ds_discrete_T5_vox_wide_C_flowmatched,T5_vox_wide,C_flowmatched,ok,True,4,2,78.97220456051487,83.85713904749299,83.85713904749299,1.0618563773692666,0.8219945033901407,0.1311116735994985,1.0,to_negative,0.06378667150263892,1.944994383323439,1.8996034952761935,True,27.0,1.0508247055114432e-11,1.9083835059959852e-08,1.3051609545477092,164.3676863537653,4,vox,-1.0,0.37109375,1.0658159286663325,-8.704452148326254,1.0,0.006276549348141095,0.004068739461385568,False
544,left,LCX,prox,20.0,40,leaky,"[0.85, 0.9)",0.8869108057524346,0,4,544_left_LCX_prox_20mm_40ds_leaky_clean_none,clean,,ok,True,4,2,9.721808509520992,9.721808509520992,9.721808509520992,1.0,0.8869108057524346,0.0,0.0,,0.0,8.257318974647376,8.257318974647376,True,28.0,5.2434617416120576e-12,7.521604381341566e-09,1.9593115363956801,189.07085690053543,4,,,,,,,,,
544,left,LCX,prox,20.0,40,leaky,"[0.85, 0.9)",0.8869108057524346,0,4,544_left_LCX_prox_20mm_40ds_leaky_T5_vox_narrow_A_fixed,T5_vox_narrow,A_fixed,ok,True,4,2,9.721808509520992,9.721808509520992,9.721808509520992,1.0,0.8377440702963926,-0.049166735456042,0.0,,0.04073395496088639,8.153004071122966,8.257318974647376,True,28.0,5.633031211500726e-13,7.521604381341566e-09,1.9593115363956801,189.07085690053543,4,vox,1.0,0.37109375,1.209607618536655,7.669713391209816,,,,
544,left,LCX,prox,20.0,40,leaky,"[0.85, 0.9)",0.8869108057524346,0,4,544_left_LCX_prox_20mm_40ds_leaky_T5_vox_narrow_B_rederived,T5_vox_narrow,B_rederived,ok,True,4,2,9.721808509520992,9.721808509520992,9.721808509520992,1.0,0.8377440702963926,-0.049166735456042,0.0,,0.04073395496088639,8.153004071122966,8.257318974647376,True,28.0,5.633031211500726e-13,7.521604381341566e-09,1.9593115363956801,189.07085690053543,4,vox,1.0,0.37109375,1.209607618536655,7.669713391209816,,,,
544,left,LCX,prox,20.0,40,leaky,"[0.85, 0.9)",0.8869108057524346,0,4,544_left_LCX_prox_20mm_40ds_leaky_T5_vox_narrow_C_flowmatched,T5_vox_narrow,C_flowmatched,ok,True,4,2,9.721808509520992,9.448398820957554,9.448398820957554,0.9718766638639635,0.8328189971564252,-0.05409180859600948,0.0,,0.03258593745574996,8.37091324062437,8.257318974647376,True,28.0,2.820504250024377e-12,7.521604381341566e-09,1.9593115363956801,189.07085690053543,4,vox,1.0,0.37109375,1.209607618536655,7.669713391209816,1.0,0.0016592550867555206,0.0010618433198700482,False
544,left,LCX,prox,20.0,40,leaky,"[0.85, 0.9)",0.8869108057524346,0,4,544_left_LCX_prox_20mm_40ds_leaky_T5_vox_wide_A_fixed,T5_vox_wide,A_fixed,ok,True,4,2,9.721808509520992,9.721808509520992,9.721808509520992,1.0,0.9046571144535958,0.017746308701161118,0.0,,0.014642899075569942,8.294817729792769,8.257318974647376,True,28.0,4.082186035000901e-12,7.521604381341566e-09,1.9593115363956801,189.07085690053543,4,vox,-1.0,0.37109375,1.209607618536655,-7.669713391209816,,,,
544,left,LCX,prox,20.0,40,leaky,"[0.85, 0.9)",0.8869108057524346,0,4,544_left_LCX_prox_20mm_40ds_leaky_T5_vox_wide_B_rederived,T5_vox_wide,B_rederived,ok,True,4,2,9.721808509520992,9.721808509520992,9.721808509520992,1.0,0.9046571144535958,0.017746308701161118,0.0,,0.014642899075569942,8.294817729792769,8.257318974647376,True,28.0,4.082186035000901e-12,7.521604381341566e-09,1.9593115363956801,189.07085690053543,4,vox,-1.0,0.37109375,1.209607618536655,-7.669713391209816,,,,
544,left,LCX,prox,20.0,40,leaky,"[0.85, 0.9)",0.8869108057524346,0,4,544_left_LCX_prox_20mm_40ds_leaky_T5_vox_wide_C_flowmatched,T5_vox_wide,C_flowmatched,ok,True,4,2,9.721808509520992,9.828241360257149,9.828241360257149,1.010947844799856,0.905792120639626,0.01888131488719136,0.0,,0.01079096439587583,8.210040413219382,8.257318974647376,True,28.0,6.040212768027596e-12,7.521604381341566e-09,1.9593115363956801,189.07085690053543,4,vox,-1.0,0.37109375,1.209607618536655,-7.669713391209816,1.0,0.00021441449333732706,0.00011644491259305982,False
544,left,LCX,prox,20.0,40,discrete,"[0.85, 0.9)",0.7638557319232953,1,4,544_left_LCX_prox_20mm_40ds_discrete_clean_none,clean,,ok,True,4,2,13.073616878864561,13.073616878864561,13.073616878864561,1.0,0.7638557319232953,0.0,0.0,,0.0,7.048051407438653,7.048051407438653,True,27.0,3.3698397568359837e-12,1.4250557818905674e-08,1.9593115363956801,189.07085690053543,4,,,,,,,,,
544,left,LCX,prox,20.0,40,discrete,"[0.85, 0.9)",0.7638557319232953,1,4,544_left_LCX_prox_20mm_40ds_discrete_T5_vox_narrow_A_fixed,T5_vox_narrow,A_fixed,ok,True,4,2,13.073616878864561,13.073616878864561,13.073616878864561,1.0,0.675679251862779,-0.08817648006051626,0.0,,0.0880280092041016,6.664286914333623,7.048051407438653,True,27.0,4.84175929210151e-12,1.4250557818905674e-08,1.9593115363956801,189.07085690053543,4,vox,1.0,0.37109375,1.209607618536655,7.669713391209816,,,,
544,left,LCX,prox,20.0,40,discrete,"[0.85, 0.9)",0.7638557319232953,1,4,544_left_LCX_prox_20mm_40ds_discrete_T5_vox_narrow_B_rederived,T5_vox_narrow,B_rederived,ok,True,4,2,13.073616878864561,13.073616878864561,13.073616878864561,1.0,0.675679251862779,-0.08817648006051626,0.0,,0.0880280092041016,6.664286914333623,7.048051407438653,True,27.0,4.84175929210151e-12,1.4250557818905674e-08,1.9593115363956801,189.07085690053543,4,vox,1.0,0.37109375,1.209607618536655,7.669713391209816,,,,
544,left,LCX,prox,20.0,40,discrete,"[0.85, 0.9)",0.7638557319232953,1,4,544_left_LCX_prox_20mm_40ds_discrete_T5_vox_narrow_C_flowmatched,T5_vox_narrow,C_flowmatched,ok,True,4,2,13.073616878864561,11.937742414527847,11.937742414527847,0.9131170452016975,0.656855657960433,-0.10700007396286226,0.0,,0.07518302008042625,6.98366069711355,7.048051407438653,True,27.0,2.5602644886486396e-12,1.4250557818905674e-08,1.9593115363956801,189.07085690053543,4,vox,1.0,0.37109375,1.209607618536655,7.669713391209816,1.0,0.007748930404437395,0.005652486508413778,False
544,left,LCX,prox,20.0,40,discrete,"[0.85, 0.9)",0.7638557319232953,1,4,544_left_LCX_prox_20mm_40ds_discrete_T5_vox_wide_A_fixed,T5_vox_wide,A_fixed,ok,True,4,2,13.073616878864561,13.073616878864561,13.073616878864561,1.0,0.7946385739827267,0.030782842059431492,0.0,,0.030731010154983956,7.1820254744285945,7.048051407438653,True,27.0,5.746641742620204e-12,1.4250557818905674e-08,1.9593115363956801,189.07085690053543,4,vox,-1.0,0.37109375,1.209607618536655,-7.669713391209816,,,,
544,left,LCX,prox,20.0,40,discrete,"[0.85, 0.9)",0.7638557319232953,1,4,544_left_LCX_prox_20mm_40ds_discrete_T5_vox_wide_B_rederived,T5_vox_wide,B_rederived,ok,True,4,2,13.073616878864561,13.073616878864561,13.073616878864561,1.0,0.7946385739827267,0.030782842059431492,0.0,,0.030731010154983956,7.1820254744285945,7.048051407438653,True,27.0,5.746641742620204e-12,1.4250557818905674e-08,1.9593115363956801,189.07085690053543,4,vox,-1.0,0.37109375,1.209607618536655,-7.669713391209816,,,,
544,left,LCX,prox,20.0,40,discrete,"[0.85, 0.9)",0.7638557319232953,1,4,544_left_LCX_prox_20mm_40ds_discrete_T5_vox_wide_C_flowmatched,T5_vox_wide,C_flowmatched,ok,True,4,2,13.073616878864561,13.559473376755703,13.559473376755703,1.0371631280305147,0.8003497878730815,0.036494055949786275,1.0,to_negative,0.02230497491807134,7.032498505286022,7.048051407438653,True,27.0,3.4141487417058293e-12,1.4250557818905674e-08,1.9593115363956801,189.07085690053543,4,vox,-1.0,0.37109375,1.209607618536655,-7.669713391209816,1.0,0.000944394985145727,0.0004975119060957916,False
645,left,LCX,prox,10.0,70,leaky,"[0.85, 0.9)",0.861282830690288,0,7,645_left_LCX_prox_10mm_70ds_leaky_clean_none,clean,,ok,True,7,3,38.99576487180198,38.99576487180198,38.99576487180198,1.0,0.861282830690288,0.0,0.0,,0.0,2.7873881781065815,2.7873881781065815,True,28.0,7.765210668420628e-12,9.98489726759146e-09,1.363434995628352,199.90918926820902,7,,,,,,,,,
645,left,LCX,prox,10.0,70,leaky,"[0.85, 0.9)",0.861282830690288,0,7,645_left_LCX_prox_10mm_70ds_leaky_T5_vox_narrow_A_fixed,T5_vox_narrow,A_fixed,ok,True,7,3,38.99576487180198,38.99576487180198,38.99576487180198,1.0,0.7230521746500156,-0.1382306560402724,1.0,to_positive,0.03120418343839921,2.724209620096679,2.7873881781065815,True,28.0,5.557992797964976e-12,9.98489726759146e-09,1.363434995628352,199.90918926820902,7,vox,1.0,0.318359375,1.0988615114059355,7.242936705296829,,,,
645,left,LCX,prox,10.0,70,leaky,"[0.85, 0.9)",0.861282830690288,0,7,645_left_LCX_prox_10mm_70ds_leaky_T5_vox_narrow_B_rederived,T5_vox_narrow,B_rederived,ok,True,7,3,38.99576487180198,38.99576487180198,38.99576487180198,1.0,0.7230521746500156,-0.1382306560402724,1.0,to_positive,0.03120418343839921,2.724209620096679,2.7873881781065815,True,28.0,5.557992797964976e-12,9.98489726759146e-09,1.363434995628352,199.90918926820902,7,vox,1.0,0.318359375,1.0988615114059355,7.242936705296829,,,,
645,left,LCX,prox,10.0,70,leaky,"[0.85, 0.9)",0.861282830690288,0,7,645_left_LCX_prox_10mm_70ds_leaky_T5_vox_narrow_C_flowmatched,T5_vox_narrow,C_flowmatched,ok,True,7,3,38.99576487180198,38.3354549295119,38.3354549295119,0.9830671370478091,0.7185884710087042,-0.14269435968158384,1.0,to_positive,0.026776760013438008,2.768163039441876,2.7873881781065815,True,28.0,4.686863984611965e-12,9.98489726759146e-09,1.363434995628352,199.90918926820902,7,vox,1.0,0.318359375,1.0988615114059355,7.242936705296829,1.0,0.0009737010640572674,0.0007169948768172527,False
645,left,LCX,prox,10.0,70,leaky,"[0.85, 0.9)",0.861282830690288,0,7,645_left_LCX_prox_10mm_70ds_leaky_T5_vox_wide_A_fixed,T5_vox_wide,A_fixed,ok,True,7,3,38.99576487180198,38.99576487180198,38.99576487180198,1.0,0.9234615699714364,0.062178739281148365,0.0,,0.014036226412968785,2.815807077255899,2.7873881781065815,True,28.0,2.738757044318606e-12,9.98489726759146e-09,1.363434995628352,199.90918926820902,7,vox,-1.0,0.318359375,1.0988615114059355,-7.242936705296829,,,,
645,left,LCX,prox,10.0,70,leaky,"[0.85, 0.9)",0.861282830690288,0,7,645_left_LCX_prox_10mm_70ds_leaky_T5_vox_wide_B_rederived,T5_vox_wide,B_rederived,ok,True,7,3,38.99576487180198,38.99576487180198,38.99576487180198,1.0,0.9234615699714364,0.062178739281148365,0.0,,0.014036226412968785,2.815807077255899,2.7873881781065815,True,28.0,2.738757044318606e-12,9.98489726759146e-09,1.363434995628352,199.90918926820902,7,vox,-1.0,0.318359375,1.0988615114059355,-7.242936705296829,,,,
645,left,LCX,prox,10.0,70,leaky,"[0.85, 0.9)",0.861282830690288,0,7,645_left_LCX_prox_10mm_70ds_leaky_T5_vox_wide_C_flowmatched,T5_vox_wide,C_flowmatched,ok,True,7,3,38.99576487180198,39.32124474236336,39.32124474236336,1.00834654408322,0.9242401948525694,0.06295736416228137,0.0,,0.011483883142764039,2.793279863577175,2.7873881781065815,True,28.0,3.2237397260754907e-12,9.98489726759146e-09,1.363434995628352,199.90918926820902,7,vox,-1.0,0.318359375,1.0988615114059355,-7.242936705296829,1.0,0.00019701565191612255,0.00013187957203666007,False
645,left,LCX,prox,10.0,70,discrete,"[0.85, 0.9)",0.7222675987733052,1,7,645_left_LCX_prox_10mm_70ds_discrete_clean_none,clean,,ok,True,7,3,71.44915615861889,71.44915615861889,71.44915615861889,1.0,0.7222675987733052,0.0,0.0,,0.0,2.556073832329165,2.556073832329165,True,28.0,3.714609375580963e-12,1.899335581741441e-08,1.363434995628352,199.90918926820902,7,,,,,,,,,
645,left,LCX,prox,10.0,70,discrete,"[0.85, 0.9)",0.7222675987733052,1,7,645_left_LCX_prox_10mm_70ds_discrete_T5_vox_narrow_A_fixed,T5_vox_narrow,A_fixed,ok,True,7,3,71.44915615861889,71.44915615861889,71.44915615861889,1.0,0.5378516928961953,-0.18441590587710988,0.0,,0.09446309993300751,2.3933928445254407,2.556073832329165,True,28.0,1.1300176679182985e-12,1.899335581741441e-08,1.363434995628352,199.90918926820902,7,vox,1.0,0.318359375,1.0988615114059355,7.242936705296829,,,,
645,left,LCX,prox,10.0,70,discrete,"[0.85, 0.9)",0.7222675987733052,1,7,645_left_LCX_prox_10mm_70ds_discrete_T5_vox_narrow_B_rederived,T5_vox_narrow,B_rederived,ok,True,7,3,71.44915615861889,71.44915615861889,71.44915615861889,1.0,0.5378516928961953,-0.18441590587710988,0.0,,0.09446309993300751,2.3933928445254407,2.556073832329165,True,28.0,1.1300176679182985e-12,1.899335581741441e-08,1.363434995628352,199.90918926820902,7,vox,1.0,0.318359375,1.0988615114059355,7.242936705296829,,,,
645,left,LCX,prox,10.0,70,discrete,"[0.85, 0.9)",0.7222675987733052,1,7,645_left_LCX_prox_10mm_70ds_discrete_T5_vox_narrow_C_flowmatched,T5_vox_narrow,C_flowmatched,ok,True,7,3,71.44915615861889,68.30908717083678,68.30908717083678,0.956051699465686,0.5249459049891756,-0.19732169378412956,0.0,,0.08698687202662363,2.482385464549921,2.556073832329165,True,28.0,1.0930556039677693e-11,1.899335581741441e-08,1.363434995628352,199.90918926820902,7,vox,1.0,0.318359375,1.0988615114059355,7.242936705296829,1.0,0.008923277248953365,0.007566715904976197,False
645,left,LCX,prox,10.0,70,discrete,"[0.85, 0.9)",0.7222675987733052,1,7,645_left_LCX_prox_10mm_70ds_discrete_T5_vox_wide_A_fixed,T5_vox_wide,A_fixed,ok,True,7,3,71.44915615861889,71.44915615861889,71.44915615861889,1.0,0.8372472034414082,0.11497960466810309,1.0,to_negative,0.05889584047281466,2.657502150311354,2.556073832329165,True,28.0,8.270795922301208e-12,1.899335581741441e-08,1.363434995628352,199.90918926820902,7,vox,-1.0,0.318359375,1.0988615114059355,-7.242936705296829,,,,
645,left,LCX,prox,10.0,70,discrete,"[0.85, 0.9)",0.7222675987733052,1,7,645_left_LCX_prox_10mm_70ds_discrete_T5_vox_wide_B_rederived,T5_vox_wide,B_rederived,ok,True,7,3,71.44915615861889,71.44915615861889,71.44915615861889,1.0,0.8372472034414082,0.11497960466810309,1.0,to_negative,0.05889584047281466,2.657502150311354,2.556073832329165,True,28.0,8.270795922301208e-12,1.899335581741441e-08,1.363434995628352,199.90918926820902,7,vox,-1.0,0.318359375,1.0988615114059355,-7.242936705296829,,,,
645,left,LCX,prox,10.0,70,discrete,"[0.85, 0.9)",0.7222675987733052,1,7,645_left_LCX_prox_10mm_70ds_discrete_T5_vox_wide_C_flowmatched,T5_vox_wide,C_flowmatched,ok,True,7,3,71.44915615861889,74.23761180120565,74.23761180120565,1.0390271319145647,0.844232542103817,0.12196494333051189,1.0,to_negative,0.04816760331790935,2.57078657907596,2.556073832329165,True,28.0,2.7235144290043257e-12,1.899335581741441e-08,1.363434995628352,199.90918926820902,7,vox,-1.0,0.318359375,1.0988615114059355,-7.242936705296829,1.0,0.0034687200249992334,0.002320118009391472,False
789,left,LCX,prox,20.0,40,leaky,"[0.85, 0.9)",0.8858963384718134,0,5,789_left_LCX_prox_20mm_40ds_leaky_clean_none,clean,,ok,True,5,2,14.601007858413626,14.601007858413626,14.601007858413626,1.0,0.8858963384718134,0.0,0.0,,0.0,3.8383401049120196,3.8383401049120196,True,28.0,5.51030187915687e-13,5.551714507959866e-09,1.5366779202300955,262.918313763692,5,,,,,,,,,
789,left,LCX,prox,20.0,40,leaky,"[0.85, 0.9)",0.8858963384718134,0,5,789_left_LCX_prox_20mm_40ds_leaky_T5_vox_narrow_A_fixed,T5_vox_narrow,A_fixed,ok,True,5,2,14.601007858413626,14.601007858413626,14.601007858413626,1.0,0.8511934110632525,-0.034702927408560846,0.0,,0.021826783435667935,3.8052278736215808,3.8383401049120196,True,27.0,2.0132800835788744e-12,5.551714507959866e-09,1.5366779202300955,262.918313763692,5,vox,1.0,0.3671875,1.0580721562491349,8.675861514532228,,,,
789,left,LCX,prox,20.0,40,leaky,"[0.85, 0.9)",0.8858963384718134,0,5,789_left_LCX_prox_20mm_40ds_leaky_T5_vox_narrow_B_rederived,T5_vox_narrow,B_rederived,ok,True,5,2,14.601007858413626,14.601007858413626,14.601007858413626,1.0,0.8511934110632525,-0.034702927408560846,0.0,,0.021826783435667935,3.8052278736215808,3.8383401049120196,True,27.0,2.0132800835788744e-12,5.551714507959866e-09,1.5366779202300955,262.918313763692,5,vox,1.0,0.3671875,1.0580721562491349,8.675861514532228,,,,
789,left,LCX,prox,20.0,40,leaky,"[0.85, 0.9)",0.8858963384718134,0,5,789_left_LCX_prox_20mm_40ds_leaky_T5_vox_narrow_C_flowmatched,T5_vox_narrow,C_flowmatched,ok,True,5,2,14.601007858413626,14.352654193765765,14.352654193765765,0.9829906492033871,0.8485596448951032,-0.03733669357671021,0.0,,0.016115809056340726,3.8627254264955813,3.8383401049120196,True,27.0,2.184943363706492e-12,5.551714507959866e-09,1.5366779202300955,262.918313763692,5,vox,1.0,0.3671875,1.0580721562491349,8.675861514532228,1.0,0.00047640847514754815,0.0002597193015404338,False
789,left,LCX,prox,20.0,40,leaky,"[0.85, 0.9)",0.8858963384718134,0,5,789_left_LCX_prox_20mm_40ds_leaky_T5_vox_wide_A_fixed,T5_vox_wide,A_fixed,ok,True,5,2,14.601007858413626,14.601007858413626,14.601007858413626,1.0,0.9030699888039803,0.01717365033216689,0.0,,0.010709599896223691,3.8545870589919153,3.8383401049120196,True,28.0,2.013099901763802e-12,5.551714507959866e-09,1.5366779202300955,262.918313763692,5,vox,-1.0,0.3671875,1.0580721562491349,-8.675861514532228,,,,
789,left,LCX,prox,20.0,40,leaky,"[0.85, 0.9)",0.8858963384718134,0,5,789_left_LCX_prox_20mm_40ds_leaky_T5_vox_wide_B_rederived,T5_vox_wide,B_rederived,ok,True,5,2,14.601007858413626,14.601007858413626,14.601007858413626,1.0,0.9030699888039803,0.01717365033216689,0.0,,0.010709599896223691,3.8545870589919153,3.8383401049120196,True,28.0,2.013099901763802e-12,5.551714507959866e-09,1.5366779202300955,262.918313763692,5,vox,-1.0,0.3671875,1.0580721562491349,-8.675861514532228,,,,
789,left,LCX,prox,20.0,40,leaky,"[0.85, 0.9)",0.8858963384718134,0,5,789_left_LCX_prox_20mm_40ds_leaky_T5_vox_wide_C_flowmatched,T5_vox_wide,C_flowmatched,ok,True,5,2,14.601007858413626,14.726289694861132,14.726289694861132,1.0085803553879547,0.9039355173889964,0.018039178917182985,0.0,,0.007514021116729852,3.825412315188521,3.8383401049120196,True,28.0,3.3884308732858164e-12,5.551714507959866e-09,1.5366779202300955,262.918313763692,5,vox,-1.0,0.3671875,1.0580721562491349,-8.675861514532228,1.0,0.00011469552993719451,5.646051334266213e-05,False
789,left,LCX,prox,20.0,40,discrete,"[0.85, 0.9)",0.9117999658711776,0,5,789_left_LCX_prox_20mm_40ds_discrete_clean_none,clean,,ok,True,5,2,36.5448878991759,36.5448878991759,36.5448878991759,1.0,0.9117999658711776,0.0,0.0,,0.0,3.305413293509844,3.305413293509844,True,27.0,2.263511808882653e-12,1.666131288388479e-08,1.5366779202300955,262.918313763692,5,,,,,,,,,
789,left,LCX,prox,20.0,40,discrete,"[0.85, 0.9)",0.9117999658711776,0,5,789_left_LCX_prox_20mm_40ds_discrete_T5_vox_narrow_A_fixed,T5_vox_narrow,A_fixed,ok,True,5,2,36.5448878991759,36.5448878991759,36.5448878991759,1.0,0.8854486503056244,-0.026351315565553257,0.0,,0.021761542522922207,3.2858718480339477,3.305413293509844,True,27.0,2.052188766012343e-12,1.666131288388479e-08,1.5366779202300955,262.918313763692,5,vox,1.0,0.3671875,1.0580721562491349,8.675861514532228,,,,
789,left,LCX,prox,20.0,40,discrete,"[0.85, 0.9)",0.9117999658711776,0,5,789_left_LCX_prox_20mm_40ds_discrete_T5_vox_narrow_B_rederived,T5_vox_narrow,B_rederived,ok,True,5,2,36.5448878991759,36.5448878991759,36.5448878991759,1.0,0.8854486503056244,-0.026351315565553257,0.0,,0.021761542522922207,3.2858718480339477,3.305413293509844,True,27.0,2.052188766012343e-12,1.666131288388479e-08,1.5366779202300955,262.918313763692,5,vox,1.0,0.3671875,1.0580721562491349,8.675861514532228,,,,
789,left,LCX,prox,20.0,40,discrete,"[0.85, 0.9)",0.9117999658711776,0,5,789_left_LCX_prox_20mm_40ds_discrete_T5_vox_narrow_C_flowmatched,T5_vox_narrow,C_flowmatched,ok,True,5,2,36.5448878991759,35.63986563642668,35.63986563642668,0.9752353252458703,0.8830045597410641,-0.028795406130113554,0.0,,0.014579390519697871,3.337523188320489,3.305413293509844,True,27.0,7.395466245557707e-13,1.666131288388479e-08,1.5366779202300955,262.918313763692,5,vox,1.0,0.3671875,1.0580721562491349,8.675861514532228,1.0,0.0004735647329769514,0.00021255862792585618,False
789,left,LCX,prox,20.0,40,discrete,"[0.85, 0.9)",0.9117999658711776,0,5,789_left_LCX_prox_20mm_40ds_discrete_T5_vox_wide_A_fixed,T5_vox_wide,A_fixed,ok,True,5,2,36.5448878991759,36.5448878991759,36.5448878991759,1.0,0.9249396413773469,0.013139675506169235,0.0,,0.010851056242484397,3.315157332656507,3.305413293509844,True,27.0,3.039848030947799e-12,1.666131288388479e-08,1.5366779202300955,262.918313763692,5,vox,-1.0,0.3671875,1.0580721562491349,-8.675861514532228,,,,
789,left,LCX,prox,20.0,40,discrete,"[0.85, 0.9)",0.9117999658711776,0,5,789_left_LCX_prox_20mm_40ds_discrete_T5_vox_wide_B_rederived,T5_vox_wide,B_rederived,ok,True,5,2,36.5448878991759,36.5448878991759,36.5448878991759,1.0,0.9249396413773469,0.013139675506169235,0.0,,0.010851056242484397,3.315157332656507,3.305413293509844,True,27.0,3.039848030947799e-12,1.666131288388479e-08,1.5366779202300955,262.918313763692,5,vox,-1.0,0.3671875,1.0580721562491349,-8.675861514532228,,,,
789,left,LCX,prox,20.0,40,discrete,"[0.85, 0.9)",0.9117999658711776,0,5,789_left_LCX_prox_20mm_40ds_discrete_T5_vox_wide_C_flowmatched,T5_vox_wide,C_flowmatched,ok,True,5,2,36.5448878991759,36.99897728331578,36.99897728331578,1.0124255240676254,0.9257152350977931,0.013915269226615457,0.0,,0.006840604132258576,3.2892562199081583,3.305413293509844,True,27.0,2.323300691468077e-12,1.666131288388479e-08,1.5366779202300955,262.918313763692,5,vox,-1.0,0.3671875,1.0580721562491349,-8.675861514532228,1.0,0.0001177454215775596,4.67938648942731e-05,False
812,left,LCX,prox,10.0,65,leaky,"[0.85, 0.9)",0.8890047906305223,0,6,812_left_LCX_prox_10mm_65ds_leaky_clean_none,clean,,ok,True,6,2,38.987609158053004,38.987609158053004,38.987609158053004,1.0,0.8890047906305223,0.0,0.0,,0.0,5.9583544095133165,5.9583544095133165,True,28.0,5.8313569667651615e-12,2.126532318273002e-08,1.7542221457078615,338.0257852768424,6,,,,,,,,,
812,left,LCX,prox,10.0,65,leaky,"[0.85, 0.9)",0.8890047906305223,0,6,812_left_LCX_prox_10mm_65ds_leaky_T5_vox_narrow_A_fixed,T5_vox_narrow,A_fixed,ok,True,6,2,38.987609158053004,38.987609158053004,38.987609158053004,1.0,0.7810570192544115,-0.10794777137611078,1.0,to_positive,0.019421246954730274,5.863472237027422,5.9583544095133165,True,28.0,7.306605660828491e-12,2.126532318273002e-08,1.7542221457078615,338.0257852768424,6,vox,1.0,0.4453125,1.3632238467171165,8.16653297755154,,,,
812,left,LCX,prox,10.0,65,leaky,"[0.85, 0.9)",0.8890047906305223,0,6,812_left_LCX_prox_10mm_65ds_leaky_T5_vox_narrow_B_rederived,T5_vox_narrow,B_rederived,ok,True,6,2,38.987609158053004,38.987609158053004,38.987609158053004,1.0,0.7810570192544115,-0.10794777137611078,1.0,to_positive,0.019421246954730274,5.863472237027422,5.9583544095133165,True,28.0,7.306605660828491e-12,2.126532318273002e-08,1.7542221457078615,338.0257852768424,6,vox,1.0,0.4453125,1.3632238467171165,8.16653297755154,,,,
812,left,LCX,prox,10.0,65,leaky,"[0.85, 0.9)",0.8890047906305223,0,6,812_left_LCX_prox_10mm_65ds_leaky_T5_vox_narrow_C_flowmatched,T5_vox_narrow,C_flowmatched,ok,True,6,2,38.987609158053004,38.45154193397035,38.45154193397035,0.9862503180969759,0.7777074233201899,-0.11129736731033235,1.0,to_positive,0.014416163889613002,5.940485352490155,5.9583544095133165,True,28.0,1.6218927910308627e-11,2.126532318273002e-08,1.7542221457078615,338.0257852768424,6,vox,1.0,0.4453125,1.3632238467171165,8.16653297755154,1.0,0.0003771848332766199,0.00020782578129218188,False
812,left,LCX,prox,10.0,65,leaky,"[0.85, 0.9)",0.8890047906305223,0,6,812_left_LCX_prox_10mm_65ds_leaky_T5_vox_wide_A_fixed,T5_vox_wide,A_fixed,ok,True,6,2,38.987609158053004,38.987609158053004,38.987609158053004,1.0,0.9337136810653431,0.04470889043482085,0.0,,0.008043083130980828,5.997648755643566,5.9583544095133165,True,28.0,5.9825381812958896e-12,2.126532318273002e-08,1.7542221457078615,338.0257852768424,6,vox,-1.0,0.4453125,1.3632238467171165,-8.16653297755154,,,,
812,left,LCX,prox,10.0,65,leaky,"[0.85, 0.9)",0.8890047906305223,0,6,812_left_LCX_prox_10mm_65ds_leaky_T5_vox_wide_B_rederived,T5_vox_wide,B_rederived,ok,True,6,2,38.987609158053004,38.987609158053004,38.987609158053004,1.0,0.9337136810653431,0.04470889043482085,0.0,,0.008043083130980828,5.997648755643566,5.9583544095133165,True,28.0,5.9825381812958896e-12,2.126532318273002e-08,1.7542221457078615,338.0257852768424,6,vox,-1.0,0.4453125,1.3632238467171165,-8.16653297755154,,,,
812,left,LCX,prox,10.0,65,leaky,"[0.85, 0.9)",0.8890047906305223,0,6,812_left_LCX_prox_10mm_65ds_leaky_T5_vox_wide_C_flowmatched,T5_vox_wide,C_flowmatched,ok,True,6,2,38.987609158053004,39.21522433257899,39.21522433257899,1.0058381413849526,0.9341967610585763,0.04519197042805401,0.0,,0.005733423441651888,5.963984301493031,5.9583544095133165,True,28.0,3.0552348631724175e-12,2.126532318273002e-08,1.7542221457078615,338.0257852768424,6,vox,-1.0,0.4453125,1.3632238467171165,-8.16653297755154,1.0,6.469118625186836e-05,3.2872144361283384e-05,False
812,left,LCX,prox,10.0,65,discrete,"[0.85, 0.9)",0.744265943994465,1,6,812_left_LCX_prox_10mm_65ds_discrete_clean_none,clean,,ok,True,6,2,28.10394771026571,28.10394771026571,28.10394771026571,1.0,0.744265943994465,0.0,0.0,,0.0,5.165905899448467,5.165905899448467,True,27.0,3.6538184326257334e-12,1.7549118920335193e-08,1.7542221457078615,338.0257852768424,6,,,,,,,,,
812,left,LCX,prox,10.0,65,discrete,"[0.85, 0.9)",0.744265943994465,1,6,812_left_LCX_prox_10mm_65ds_discrete_T5_vox_narrow_A_fixed,T5_vox_narrow,A_fixed,ok,True,6,2,28.10394771026571,28.10394771026571,28.10394771026571,1.0,0.5800952663445491,-0.16417067764991589,0.0,,0.06553351732192338,4.870851210629458,5.165905899448467,True,27.0,2.592998170206207e-12,1.7549118920335193e-08,1.7542221457078615,338.0257852768424,6,vox,1.0,0.4453125,1.3632238467171165,8.16653297755154,,,,
812,left,LCX,prox,10.0,65,discrete,"[0.85, 0.9)",0.744265943994465,1,6,812_left_LCX_prox_10mm_65ds_discrete_T5_vox_narrow_B_rederived,T5_vox_narrow,B_rederived,ok,True,6,2,28.10394771026571,28.10394771026571,28.10394771026571,1.0,0.5800952663445491,-0.16417067764991589,0.0,,0.06553351732192338,4.870851210629458,5.165905899448467,True,27.0,2.592998170206207e-12,1.7549118920335193e-08,1.7542221457078615,338.0257852768424,6,vox,1.0,0.4453125,1.3632238467171165,8.16653297755154,,,,
812,left,LCX,prox,10.0,65,discrete,"[0.85, 0.9)",0.744265943994465,1,6,812_left_LCX_prox_10mm_65ds_discrete_T5_vox_narrow_C_flowmatched,T5_vox_narrow,C_flowmatched,ok,True,6,2,28.10394771026571,26.55124955700613,26.55124955700613,0.9447515996945719,0.5664949950983549,-0.17777094889611011,0.0,,0.052219678349536544,5.066995033232118,5.165905899448467,True,27.0,2.2621000745157272e-12,1.7549118920335193e-08,1.7542221457078615,338.0257852768424,6,vox,1.0,0.4453125,1.3632238467171165,8.16653297755154,1.0,0.0042946418925828315,0.0027268948069290554,False
812,left,LCX,prox,10.0,65,discrete,"[0.85, 0.9)",0.744265943994465,1,6,812_left_LCX_prox_10mm_65ds_discrete_T5_vox_wide_A_fixed,T5_vox_wide,A_fixed,ok,True,6,2,28.10394771026571,28.10394771026571,28.10394771026571,1.0,0.8388128051790412,0.09454686118457623,1.0,to_negative,0.03774113531066079,5.335829607641423,5.165905899448467,True,27.0,1.5266446743499585e-12,1.7549118920335193e-08,1.7542221457078615,338.0257852768424,6,vox,-1.0,0.4453125,1.3632238467171165,-8.16653297755154,,,,
812,left,LCX,prox,10.0,65,discrete,"[0.85, 0.9)",0.744265943994465,1,6,812_left_LCX_prox_10mm_65ds_discrete_T5_vox_wide_B_rederived,T5_vox_wide,B_rederived,ok,True,6,2,28.10394771026571,28.10394771026571,28.10394771026571,1.0,0.8388128051790412,0.09454686118457623,1.0,to_negative,0.03774113531066079,5.335829607641423,5.165905899448467,True,27.0,1.5266446743499585e-12,1.7549118920335193e-08,1.7542221457078615,338.0257852768424,6,vox,-1.0,0.4453125,1.3632238467171165,-8.16653297755154,,,,
812,left,LCX,prox,10.0,65,discrete,"[0.85, 0.9)",0.744265943994465,1,6,812_left_LCX_prox_10mm_65ds_discrete_T5_vox_wide_C_flowmatched,T5_vox_wide,C_flowmatched,ok,True,6,2,28.10394771026571,29.103050170985778,29.103050170985778,1.035550253331674,0.8440581613245637,0.09979221733009869,1.0,to_negative,0.027005225029419606,5.1996741846472485,5.165905899448467,True,27.0,1.0790572723150585e-12,1.7549118920335193e-08,1.7542221457078615,338.0257852768424,6,vox,-1.0,0.4453125,1.3632238467171165,-8.16653297755154,1.0,0.0014243932945376067,0.0007292821788895912,False
908,left,LCX,prox,20.0,60,leaky,"[0.85, 0.9)",0.8720003653138018,0,7,908_left_LCX_prox_20mm_60ds_leaky_clean_none,clean,,ok,True,7,2,35.026266856301184,35.026266856301184,35.026266856301184,1.0,0.8720003653138018,0.0,0.0,,0.0,1.6138734650652036,1.6138734650652036,True,27.0,7.627305716607586e-13,5.515565178453101e-09,1.1551326475278139,339.7428881249133,7,,,,,,,,,
908,left,LCX,prox,20.0,60,leaky,"[0.85, 0.9)",0.8720003653138018,0,7,908_left_LCX_prox_20mm_60ds_leaky_T5_vox_narrow_A_fixed,T5_vox_narrow,A_fixed,ok,True,7,2,35.026266856301184,35.026266856301184,35.026266856301184,1.0,0.7962602018824333,-0.07574016343136847,1.0,to_positive,0.06312383029917541,1.5352844629676745,1.6138734650652036,True,27.0,3.587085388831035e-12,5.515565178453101e-09,1.1551326475278139,339.7428881249133,7,vox,1.0,0.349609375,1.3096358160160797,6.673789971312671,,,,
908,left,LCX,prox,20.0,60,leaky,"[0.85, 0.9)",0.8720003653138018,0,7,908_left_LCX_prox_20mm_60ds_leaky_T5_vox_narrow_B_rederived,T5_vox_narrow,B_rederived,ok,True,7,2,35.026266856301184,35.026266856301184,35.026266856301184,1.0,0.7962602018824333,-0.07574016343136847,1.0,to_positive,0.06312383029917541,1.5352844629676745,1.6138734650652036,True,27.0,3.587085388831035e-12,5.515565178453101e-09,1.1551326475278139,339.7428881249133,7,vox,1.0,0.349609375,1.3096358160160797,6.673789971312671,,,,
908,left,LCX,prox,20.0,60,leaky,"[0.85, 0.9)",0.8720003653138018,0,7,908_left_LCX_prox_20mm_60ds_leaky_T5_vox_narrow_C_flowmatched,T5_vox_narrow,C_flowmatched,ok,True,7,2,35.026266856301184,33.61940686962844,33.61940686962844,0.9598341441169129,0.787596281859374,-0.08440408345442774,1.0,to_positive,0.05269455971903433,1.5887311425984239,1.6138734650652036,True,27.0,6.307971214719484e-12,5.515565178453101e-09,1.1551326475278139,339.7428881249133,7,vox,1.0,0.349609375,1.3096358160160797,6.673789971312671,1.0,0.003984617951639095,0.0027767166239828747,False
908,left,LCX,prox,20.0,60,leaky,"[0.85, 0.9)",0.8720003653138018,0,7,908_left_LCX_prox_20mm_60ds_leaky_T5_vox_wide_A_fixed,T5_vox_wide,A_fixed,ok,True,7,2,35.026266856301184,35.026266856301184,35.026266856301184,1.0,0.9135668797330782,0.04156651441927639,0.0,,0.03464335172004351,1.65700434651639,1.6138734650652036,True,28.0,7.283084043428775e-13,5.515565178453101e-09,1.1551326475278139,339.7428881249133,7,vox,-1.0,0.349609375,1.3096358160160797,-6.673789971312671,,,,
908,left,LCX,prox,20.0,60,leaky,"[0.85, 0.9)",0.8720003653138018,0,7,908_left_LCX_prox_20mm_60ds_leaky_T5_vox_wide_B_rederived,T5_vox_wide,B_rederived,ok,True,7,2,35.026266856301184,35.026266856301184,35.026266856301184,1.0,0.9135668797330782,0.04156651441927639,0.0,,0.03464335172004351,1.65700434651639,1.6138734650652036,True,28.0,7.283084043428775e-13,5.515565178453101e-09,1.1551326475278139,339.7428881249133,7,vox,-1.0,0.349609375,1.3096358160160797,-6.673789971312671,,,,
908,left,LCX,prox,20.0,60,leaky,"[0.85, 0.9)",0.8720003653138018,0,7,908_left_LCX_prox_20mm_60ds_leaky_T5_vox_wide_C_flowmatched,T5_vox_wide,C_flowmatched,ok,True,7,2,35.026266856301184,35.93064519410434,35.93064519410434,1.0258200036422227,0.9160447560740338,0.04404439076023203,0.0,,0.02518802311807511,1.6186658558916969,1.6138734650652036,True,28.0,2.5864955912934994e-12,5.515565178453101e-09,1.1551326475278139,339.7428881249133,7,vox,-1.0,0.349609375,1.3096358160160797,-6.673789971312671,1.0,0.0012001618183986415,0.0006344365085966861,False
908,left,LCX,prox,20.0,60,discrete,"[0.85, 0.9)",0.873984120979118,0,7,908_left_LCX_prox_20mm_60ds_discrete_clean_none,clean,,ok,True,7,2,148.6427277535523,148.6427277535523,148.6427277535523,1.0,0.873984120979118,0.0,0.0,,0.0,1.5981403752153232,1.5981403752153232,True,27.0,4.13607807214379e-12,2.4113727678871293e-08,1.1551326475278139,339.7428881249133,7,,,,,,,,,
908,left,LCX,prox,20.0,60,discrete,"[0.85, 0.9)",0.873984120979118,0,7,908_left_LCX_prox_20mm_60ds_discrete_T5_vox_narrow_A_fixed,T5_vox_narrow,A_fixed,ok,True,7,2,148.6427277535523,148.6427277535523,148.6427277535523,1.0,0.7985415894668285,-0.07544253151228952,1.0,to_positive,0.06517114974009591,1.5202074770439615,1.5981403752153232,True,27.0,3.1054564609178817e-12,2.4113727678871293e-08,1.1551326475278139,339.7428881249133,7,vox,1.0,0.349609375,1.3096358160160797,6.673789971312671,,,,
908,left,LCX,prox,20.0,60,discrete,"[0.85, 0.9)",0.873984120979118,0,7,908_left_LCX_prox_20mm_60ds_discrete_T5_vox_narrow_B_rederived,T5_vox_narrow,B_rederived,ok,True,7,2,148.6427277535523,148.6427277535523,148.6427277535523,1.0,0.7985415894668285,-0.07544253151228952,1.0,to_positive,0.06517114974009591,1.5202074770439615,1.5981403752153232,True,27.0,3.1054564609178817e-12,2.4113727678871293e-08,1.1551326475278139,339.7428881249133,7,vox,1.0,0.349609375,1.3096358160160797,6.673789971312671,,,,
908,left,LCX,prox,20.0,60,discrete,"[0.85, 0.9)",0.873984120979118,0,7,908_left_LCX_prox_20mm_60ds_discrete_T5_vox_narrow_C_flowmatched,T5_vox_narrow,C_flowmatched,ok,True,7,2,148.6427277535523,142.15605117622147,142.15605117622147,0.956360619349736,0.7894755920137545,-0.08450852896536354,1.0,to_positive,0.054320089181260835,1.5754251417963165,1.5981403752153232,True,27.0,5.5895808974153245e-12,2.4113727678871293e-08,1.1551326475278139,339.7428881249133,7,vox,1.0,0.349609375,1.3096358160160797,6.673789971312671,1.0,0.004247278758446004,0.00295067208866013,False
908,left,LCX,prox,20.0,60,discrete,"[0.85, 0.9)",0.873984120979118,0,7,908_left_LCX_prox_20mm_60ds_discrete_T5_vox_wide_A_fixed,T5_vox_wide,A_fixed,ok,True,7,2,148.6427277535523,148.6427277535523,148.6427277535523,1.0,0.9153744584786564,0.041390337499538354,0.0,,0.03575425440615129,1.6408959914410228,1.5981403752153232,True,28.0,5.158143337290741e-13,2.4113727678871293e-08,1.1551326475278139,339.7428881249133,7,vox,-1.0,0.349609375,1.3096358160160797,-6.673789971312671,,,,
908,left,LCX,prox,20.0,60,discrete,"[0.85, 0.9)",0.873984120979118,0,7,908_left_LCX_prox_20mm_60ds_discrete_T5_vox_wide_B_rederived,T5_vox_wide,B_rederived,ok,True,7,2,148.6427277535523,148.6427277535523,148.6427277535523,1.0,0.9153744584786564,0.041390337499538354,0.0,,0.03575425440615129,1.6408959914410228,1.5981403752153232,True,28.0,5.158143337290741e-13,2.4113727678871293e-08,1.1551326475278139,339.7428881249133,7,vox,-1.0,0.349609375,1.3096358160160797,-6.673789971312671,,,,
908,left,LCX,prox,20.0,60,discrete,"[0.85, 0.9)",0.873984120979118,0,7,908_left_LCX_prox_20mm_60ds_discrete_T5_vox_wide_C_flowmatched,T5_vox_wide,C_flowmatched,ok,True,7,2,148.6427277535523,152.81696130445007,152.81696130445007,1.0280823260847218,0.9179370182968908,0.04395289731777274,0.0,,0.025755555100918603,1.6012526476686115,1.5981403752153232,True,28.0,2.4313309892014573e-12,2.4113727678871293e-08,1.1551326475278139,339.7428881249133,7,vox,-1.0,0.349609375,1.3096358160160797,-6.673789971312671,1.0,0.0012783667081397892,0.0006633486185564542,False
43,right,RCA,prox,20.0,40,leaky,"[0.85, 0.9)",0.893025232941482,0,3,43_right_RCA_prox_20mm_40ds_leaky_clean_none,clean,,ok,True,3,2,10.359356572489158,10.359356572489158,10.359356572489158,1.0,0.893025232941482,0.0,0.0,,0.0,2.5272968081688783,2.5272968081688783,True,27.0,1.3116241148903472e-12,2.6656898504239376e-09,1.3397480143281342,120.4469255122952,3,,,,,,,,,
43,right,RCA,prox,20.0,40,leaky,"[0.85, 0.9)",0.893025232941482,0,3,43_right_RCA_prox_20mm_40ds_leaky_T5_vox_narrow_A_fixed,T5_vox_narrow,A_fixed,ok,True,3,2,10.359356572489158,10.359356572489158,10.359356572489158,1.0,0.8475891876883579,-0.04543604525312406,0.0,,0.05425395865657701,2.4165043452294905,2.5272968081688783,True,26.0,1.3649246288837144e-12,2.6656898504239376e-09,1.3397480143281342,120.4469255122952,3,vox,1.0,0.34765625,1.2519738959503874,6.942162514820052,,,,
43,right,RCA,prox,20.0,40,leaky,"[0.85, 0.9)",0.893025232941482,0,3,43_right_RCA_prox_20mm_40ds_leaky_T5_vox_narrow_B_rederived,T5_vox_narrow,B_rederived,ok,True,3,2,10.359356572489158,10.359356572489158,10.359356572489158,1.0,0.8475891876883579,-0.04543604525312406,0.0,,0.05425395865657701,2.4165043452294905,2.5272968081688783,True,26.0,1.3649246288837144e-12,2.6656898504239376e-09,1.3397480143281342,120.4469255122952,3,vox,1.0,0.34765625,1.2519738959503874,6.942162514820052,,,,
43,right,RCA,prox,20.0,40,leaky,"[0.85, 0.9)",0.893025232941482,0,3,43_right_RCA_prox_20mm_40ds_leaky_T5_vox_narrow_C_flowmatched,T5_vox_narrow,C_flowmatched,ok,True,3,2,10.359356572489158,9.528479933980602,9.528479933980602,0.919794570956745,0.8333819756406673,-0.059643257300814656,0.0,,0.00012112810604346114,2.5806016795951736,2.5272968081688783,True,26.0,1.2674632244429072e-12,2.6656898504239376e-09,1.3397480143281342,120.4469255122952,3,vox,1.0,0.34765625,1.2519738959503874,6.942162514820052,2.0,0.002943492029909568,1.4672018073675968e-08,False
43,right,RCA,prox,20.0,40,leaky,"[0.85, 0.9)",0.893025232941482,0,3,43_right_RCA_prox_20mm_40ds_leaky_T5_vox_wide_A_fixed,T5_vox_wide,A_fixed,ok,True,3,2,10.359356572489158,10.359356572489158,10.359356572489158,1.0,0.9209528210921034,0.027927588150621463,0.0,,0.03334758129725953,2.5953878689924292,2.5272968081688783,True,28.0,7.656588325957641e-12,2.6656898504239376e-09,1.3397480143281342,120.4469255122952,3,vox,-1.0,0.34765625,1.2519738959503874,-6.942162514820052,,,,
43,right,RCA,prox,20.0,40,leaky,"[0.85, 0.9)",0.893025232941482,0,3,43_right_RCA_prox_20mm_40ds_leaky_T5_vox_wide_B_rederived,T5_vox_wide,B_rederived,ok,True,3,2,10.359356572489158,10.359356572489158,10.359356572489158,1.0,0.9209528210921034,0.027927588150621463,0.0,,0.03334758129725953,2.5953878689924292,2.5272968081688783,True,28.0,7.656588325957641e-12,2.6656898504239376e-09,1.3397480143281342,120.4469255122952,3,vox,-1.0,0.34765625,1.2519738959503874,-6.942162514820052,,,,
43,right,RCA,prox,20.0,40,leaky,"[0.85, 0.9)",0.893025232941482,0,3,43_right_RCA_prox_20mm_40ds_leaky_T5_vox_wide_C_flowmatched,T5_vox_wide,C_flowmatched,ok,True,3,2,10.359356572489158,10.795315429211943,10.795315429211943,1.042083584407215,0.9243257608443802,0.03130052790289828,0.0,,5.575636416886998e-05,2.502602727576669,2.5272968081688783,True,28.0,2.373964124059979e-12,2.6656898504239376e-09,1.3397480143281342,120.4469255122952,3,vox,-1.0,0.34765625,1.2519738959503874,-6.942162514820052,1.0,0.0011120611783773334,3.1087721453316483e-09,False
43,right,RCA,prox,20.0,40,discrete,"[0.85, 0.9)",0.8632136861418095,0,3,43_right_RCA_prox_20mm_40ds_discrete_clean_none,clean,,ok,True,3,2,24.08263329348872,24.08263329348872,24.08263329348872,1.0,0.8632136861418095,0.0,0.0,,0.0,2.4005935906511504,2.4005935906511504,True,26.0,6.783761944267263e-12,8.10706606713025e-09,1.3397480143281342,120.4469255122952,3,,,,,,,,,
43,right,RCA,prox,20.0,40,discrete,"[0.85, 0.9)",0.8632136861418095,0,3,43_right_RCA_prox_20mm_40ds_discrete_T5_vox_narrow_A_fixed,T5_vox_narrow,A_fixed,ok,True,3,2,24.08263329348872,24.08263329348872,24.08263329348872,1.0,0.8082199569577413,-0.054993729184068196,0.0,,0.0680903554380603,2.23713631981052,2.4005935906511504,True,25.0,2.7009125352496716e-12,8.10706606713025e-09,1.3397480143281342,120.4469255122952,3,vox,1.0,0.34765625,1.2519738959503874,6.942162514820052,,,,
43,right,RCA,prox,20.0,40,discrete,"[0.85, 0.9)",0.8632136861418095,0,3,43_right_RCA_prox_20mm_40ds_discrete_T5_vox_narrow_B_rederived,T5_vox_narrow,B_rederived,ok,True,3,2,24.08263329348872,24.08263329348872,24.08263329348872,1.0,0.8082199569577413,-0.054993729184068196,0.0,,0.0680903554380603,2.23713631981052,2.4005935906511504,True,25.0,2.7009125352496716e-12,8.10706606713025e-09,1.3397480143281342,120.4469255122952,3,vox,1.0,0.34765625,1.2519738959503874,6.942162514820052,,,,
43,right,RCA,prox,20.0,40,discrete,"[0.85, 0.9)",0.8632136861418095,0,3,43_right_RCA_prox_20mm_40ds_discrete_T5_vox_narrow_C_flowmatched,T5_vox_narrow,C_flowmatched,ok,True,3,2,24.08263329348872,21.01802913269477,21.01802913269477,0.8727463013098932,0.7872432202395497,-0.07597046590225975,1.0,to_positive,0.0010389156782270124,2.399738255364357,2.4005935906511504,True,24.0,2.150462959704449e-12,8.10706606713025e-09,1.3397480143281342,120.4469255122952,3,vox,1.0,0.34765625,1.2519738959503874,6.942162514820052,1.0,0.004636296503681387,1.079345786465893e-06,False
43,right,RCA,prox,20.0,40,discrete,"[0.85, 0.9)",0.8632136861418095,0,3,43_right_RCA_prox_20mm_40ds_discrete_T5_vox_wide_A_fixed,T5_vox_wide,A_fixed,ok,True,3,2,24.08263329348872,24.08263329348872,24.08263329348872,1.0,0.898186748110048,0.03497306196823846,0.0,,0.04330181377961952,2.504543647307231,2.4005935906511504,True,27.0,6.4548568952579505e-12,8.10706606713025e-09,1.3397480143281342,120.4469255122952,3,vox,-1.0,0.34765625,1.2519738959503874,-6.942162514820052,,,,
43,right,RCA,prox,20.0,40,discrete,"[0.85, 0.9)",0.8632136861418095,0,3,43_right_RCA_prox_20mm_40ds_discrete_T5_vox_wide_B_rederived,T5_vox_wide,B_rederived,ok,True,3,2,24.08263329348872,24.08263329348872,24.08263329348872,1.0,0.898186748110048,0.03497306196823846,0.0,,0.04330181377961952,2.504543647307231,2.4005935906511504,True,27.0,6.4548568952579505e-12,8.10706606713025e-09,1.3397480143281342,120.4469255122952,3,vox,-1.0,0.34765625,1.2519738959503874,-6.942162514820052,,,,
43,right,RCA,prox,20.0,40,discrete,"[0.85, 0.9)",0.8632136861418095,0,3,43_right_RCA_prox_20mm_40ds_discrete_T5_vox_wide_C_flowmatched,T5_vox_wide,C_flowmatched,ok,True,3,2,24.08263329348872,25.7059591841646,25.7059591841646,1.06740649458441,0.9034415993541169,0.04022791321230745,0.0,,0.0004626362543681888,2.400966684000397,2.4005935906511504,True,27.0,5.4833884980185806e-12,8.10706606713025e-09,1.3397480143281342,120.4469255122952,3,vox,-1.0,0.34765625,1.2519738959503874,-6.942162514820052,1.0,0.0018750470766048474,2.1403230385582749e-07,False
109,right,RCA,prox,20.0,40,leaky,"[0.85, 0.9)",0.8951746856100623,0,2,109_right_RCA_prox_20mm_40ds_leaky_clean_none,clean,,ok,True,2,2,9.96465929788192,9.96465929788192,9.96465929788192,1.0,0.8951746856100623,0.0,0.0,,0.0,1.1854004557242543,1.1854004557242543,True,27.0,2.2544186951189798e-13,1.3154156767169315e-09,1.053710944869396,128.0163803663324,2,,,,,,,,,
109,right,RCA,prox,20.0,40,leaky,"[0.85, 0.9)",0.8951746856100623,0,2,109_right_RCA_prox_20mm_40ds_leaky_T5_vox_narrow_A_fixed,T5_vox_narrow,A_fixed,ok,True,2,2,9.96465929788192,9.96465929788192,9.96465929788192,1.0,0.843482154013587,-0.051692531596475355,0.0,,0.060261587529367854,1.1233521787839285,1.1854004557242543,True,27.0,6.18298544184444e-14,1.3154156767169315e-09,1.053710944869396,128.0163803663324,2,vox,1.0,0.359375,1.0082297308494494,8.911039542972537,,,,
109,right,RCA,prox,20.0,40,leaky,"[0.85, 0.9)",0.8951746856100623,0,2,109_right_RCA_prox_20mm_40ds_leaky_T5_vox_narrow_B_rederived,T5_vox_narrow,B_rederived,ok,True,2,2,9.96465929788192,9.96465929788192,9.96465929788192,1.0,0.843482154013587,-0.051692531596475355,0.0,,0.060261587529367854,1.1233521787839285,1.1854004557242543,True,27.0,6.18298544184444e-14,1.3154156767169315e-09,1.053710944869396,128.0163803663324,2,vox,1.0,0.359375,1.0082297308494494,8.911039542972537,,,,
109,right,RCA,prox,20.0,40,leaky,"[0.85, 0.9)",0.8951746856100623,0,2,109_right_RCA_prox_20mm_40ds_leaky_T5_vox_narrow_C_flowmatched,T5_vox_narrow,C_flowmatched,ok,True,2,2,9.96465929788192,8.899430152693508,8.899430152693508,0.8930992908693993,0.8268441936635766,-0.06833049194648566,0.0,,0.00031899375721369415,1.2191207573110314,1.1854004557242543,True,26.0,1.0725821084434373e-12,1.3154156767169315e-09,1.053710944869396,128.0163803663324,2,vox,1.0,0.359375,1.0082297308494494,8.911039542972537,2.0,0.003631458931559663,1.0175701714130925e-07,False
109,right,RCA,prox,20.0,40,leaky,"[0.85, 0.9)",0.8951746856100623,0,2,109_right_RCA_prox_20mm_40ds_leaky_T5_vox_wide_A_fixed,T5_vox_wide,A_fixed,ok,True,2,2,9.96465929788192,9.96465929788192,9.96465929788192,1.0,0.9228916352900873,0.027716949680025027,0.0,,0.032244251617712966,1.2186318598554333,1.1854004557242543,True,27.0,3.862844686273189e-13,1.3154156767169315e-09,1.053710944869396,128.0163803663324,2,vox,-1.0,0.359375,1.0082297308494494,-8.911039542972537,,,,
109,right,RCA,prox,20.0,40,leaky,"[0.85, 0.9)",0.8951746856100623,0,2,109_right_RCA_prox_20mm_40ds_leaky_T5_vox_wide_B_rederived,T5_vox_wide,B_rederived,ok,True,2,2,9.96465929788192,9.96465929788192,9.96465929788192,1.0,0.9228916352900873,0.027716949680025027,0.0,,0.032244251617712966,1.2186318598554333,1.1854004557242543,True,27.0,3.862844686273189e-13,1.3154156767169315e-09,1.053710944869396,128.0163803663324,2,vox,-1.0,0.359375,1.0082297308494494,-8.911039542972537,,,,
109,right,RCA,prox,20.0,40,leaky,"[0.85, 0.9)",0.8951746856100623,0,2,109_right_RCA_prox_20mm_40ds_leaky_T5_vox_wide_C_flowmatched,T5_vox_wide,C_flowmatched,ok,True,2,2,9.96465929788192,10.445228466988974,10.445228466988974,1.048227355772134,0.9260283621755123,0.030853676565450017,0.0,,0.00011720329041171555,1.1724482276817283,1.1854004557242543,True,28.0,8.546560546926343e-13,1.3154156767169315e-09,1.053710944869396,128.0163803663324,2,vox,-1.0,0.359375,1.0082297308494494,-8.911039542972537,2.0,0.001039691762386385,1.3736611283332932e-08,False
109,right,RCA,prox,20.0,40,discrete,"[0.85, 0.9)",0.9002600960951628,0,1,109_right_RCA_prox_20mm_40ds_discrete_clean_none,clean,,ok,True,1,0,11.854934523406799,11.854934523406799,11.854934523406799,1.0,0.9002600960951628,0.0,0.0,,0.0,0.9658394518152501,0.9658394518152501,True,25.0,4.080202749736557e-12,2.6936421412819093e-09,1.053710944869396,128.0163803663324,1,,,,,,,,,
109,right,RCA,prox,20.0,40,discrete,"[0.85, 0.9)",0.9002600960951628,0,1,109_right_RCA_prox_20mm_40ds_discrete_T5_vox_narrow_A_fixed,T5_vox_narrow,A_fixed,ok,True,1,0,11.854934523406799,11.854934523406799,11.854934523406799,1.0,0.8516497730726904,-0.04861032302247237,0.0,,,0.9136171710861359,0.9658394518152501,True,25.0,1.8355821338727865e-12,2.6936421412819093e-09,1.053710944869396,128.0163803663324,1,vox,1.0,0.359375,1.0082297308494494,8.911039542972537,,,,
109,right,RCA,prox,20.0,40,discrete,"[0.85, 0.9)",0.9002600960951628,0,1,109_right_RCA_prox_20mm_40ds_discrete_T5_vox_narrow_B_rederived,T5_vox_narrow,B_rederived,ok,True,1,0,11.854934523406799,11.854934523406799,11.854934523406799,1.0,0.8516497730726904,-0.04861032302247237,0.0,,,0.9136171710861359,0.9658394518152501,True,25.0,1.8355821338727865e-12,2.6936421412819093e-09,1.053710944869396,128.0163803663324,1,vox,1.0,0.359375,1.0082297308494494,8.911039542972537,,,,
109,right,RCA,prox,20.0,40,discrete,"[0.85, 0.9)",0.9002600960951628,0,1,109_right_RCA_prox_20mm_40ds_discrete_T5_vox_narrow_C_flowmatched,T5_vox_narrow,C_flowmatched,skipped: fewer than 2 shared territories to match,True,1,0,,,,,,,,,,,,,,,2.6936421412819093e-09,1.053710944869396,128.0163803663324,1,vox,1.0,0.359375,1.0082297308494494,8.911039542972537,,,,
109,right,RCA,prox,20.0,40,discrete,"[0.85, 0.9)",0.9002600960951628,0,1,109_right_RCA_prox_20mm_40ds_discrete_T5_vox_wide_A_fixed,T5_vox_wide,A_fixed,ok,True,1,0,11.854934523406799,11.854934523406799,11.854934523406799,1.0,0.9260209041095031,0.02576080801434033,0.0,,,0.9933691674479991,0.9658394518152501,True,26.0,2.3753727316457994e-12,2.6936421412819093e-09,1.053710944869396,128.0163803663324,1,vox,-1.0,0.359375,1.0082297308494494,-8.911039542972537,,,,
109,right,RCA,prox,20.0,40,discrete,"[0.85, 0.9)",0.9002600960951628,0,1,109_right_RCA_prox_20mm_40ds_discrete_T5_vox_wide_B_rederived,T5_vox_wide,B_rederived,ok,True,1,0,11.854934523406799,11.854934523406799,11.854934523406799,1.0,0.9260209041095031,0.02576080801434033,0.0,,,0.9933691674479991,0.9658394518152501,True,26.0,2.3753727316457994e-12,2.6936421412819093e-09,1.053710944869396,128.0163803663324,1,vox,-1.0,0.359375,1.0082297308494494,-8.911039542972537,,,,
109,right,RCA,prox,20.0,40,discrete,"[0.85, 0.9)",0.9002600960951628,0,1,109_right_RCA_prox_20mm_40ds_discrete_T5_vox_wide_C_flowmatched,T5_vox_wide,C_flowmatched,skipped: fewer than 2 shared territories to match,True,1,0,,,,,,,,,,,,,,,2.6936421412819093e-09,1.053710944869396,128.0163803663324,1,vox,-1.0,0.359375,1.0082297308494494,-8.911039542972537,,,,
244,right,RCA,prox,20.0,40,leaky,"[0.85, 0.9)",0.8856854746156096,0,2,244_right_RCA_prox_20mm_40ds_leaky_clean_none,clean,,ok,True,2,2,11.77634369722197,11.77634369722197,11.77634369722197,1.0,0.8856854746156096,0.0,0.0,,0.0,4.702201151168607,4.702201151168607,True,26.0,6.012920092183169e-12,5.723675045004197e-09,1.6585607619835927,162.65012112398767,2,,,,,,,,,
244,right,RCA,prox,20.0,40,leaky,"[0.85, 0.9)",0.8856854746156096,0,2,244_right_RCA_prox_20mm_40ds_leaky_T5_vox_narrow_A_fixed,T5_vox_narrow,A_fixed,ok,True,2,2,11.77634369722197,11.77634369722197,11.77634369722197,1.0,0.8355050066541018,-0.05018046796150788,0.0,,0.06038894549726219,4.456014549902882,4.702201151168607,True,26.0,5.259722872995848e-13,5.723675045004197e-09,1.6585607619835927,162.65012112398767,2,vox,1.0,0.396484375,1.5758449996857093,6.2900281290208735,,,,
244,right,RCA,prox,20.0,40,leaky,"[0.85, 0.9)",0.8856854746156096,0,2,244_right_RCA_prox_20mm_40ds_leaky_T5_vox_narrow_B_rederived,T5_vox_narrow,B_rederived,ok,True,2,2,11.77634369722197,11.77634369722197,11.77634369722197,1.0,0.8355050066541018,-0.05018046796150788,0.0,,0.06038894549726219,4.456014549902882,4.702201151168607,True,26.0,5.259722872995848e-13,5.723675045004197e-09,1.6585607619835927,162.65012112398767,2,vox,1.0,0.396484375,1.5758449996857093,6.2900281290208735,,,,
244,right,RCA,prox,20.0,40,leaky,"[0.85, 0.9)",0.8856854746156096,0,2,244_right_RCA_prox_20mm_40ds_leaky_T5_vox_narrow_C_flowmatched,T5_vox_narrow,C_flowmatched,ok,True,2,2,11.77634369722197,10.73088647455196,10.73088647455196,0.9112239546034452,0.817408036489754,-0.06827743812585563,0.0,,0.000982910013640658,4.773212591572291,4.702201151168607,True,26.0,7.690922461492336e-12,5.723675045004197e-09,1.6585607619835927,162.65012112398767,2,vox,1.0,0.396484375,1.5758449996857093,6.2900281290208735,1.0,0.003646824738271303,9.661120949150785e-07,False
244,right,RCA,prox,20.0,40,leaky,"[0.85, 0.9)",0.8856854746156096,0,2,244_right_RCA_prox_20mm_40ds_leaky_T5_vox_wide_A_fixed,T5_vox_wide,A_fixed,ok,True,2,2,11.77634369722197,11.77634369722197,11.77634369722197,1.0,0.9184998411866886,0.032814366571078946,0.0,,0.039485846569092445,4.863164579037384,4.702201151168607,True,27.0,3.049076076625166e-12,5.723675045004197e-09,1.6585607619835927,162.65012112398767,2,vox,-1.0,0.396484375,1.5758449996857093,-6.2900281290208735,,,,
244,right,RCA,prox,20.0,40,leaky,"[0.85, 0.9)",0.8856854746156096,0,2,244_right_RCA_prox_20mm_40ds_leaky_T5_vox_wide_B_rederived,T5_vox_wide,B_rederived,ok,True,2,2,11.77634369722197,11.77634369722197,11.77634369722197,1.0,0.9184998411866886,0.032814366571078946,0.0,,0.039485846569092445,4.863164579037384,4.702201151168607,True,27.0,3.049076076625166e-12,5.723675045004197e-09,1.6585607619835927,162.65012112398767,2,vox,-1.0,0.396484375,1.5758449996857093,-6.2900281290208735,,,,
244,right,RCA,prox,20.0,40,leaky,"[0.85, 0.9)",0.8856854746156096,0,2,244_right_RCA_prox_20mm_40ds_leaky_T5_vox_wide_C_flowmatched,T5_vox_wide,C_flowmatched,ok,True,2,2,11.77634369722197,12.346343638053886,12.346343638053886,1.0484021149082443,0.9229059813838074,0.03722050676819777,0.0,,0.0004705732326860041,4.6685178418393285,4.702201151168607,True,27.0,5.437609598855004e-12,5.723675045004197e-09,1.6585607619835927,162.65012112398767,2,vox,-1.0,0.396484375,1.5758449996857093,-6.2900281290208735,1.0,0.0015591320792779097,2.2143916732055618e-07,False
244,right,RCA,prox,20.0,40,discrete,"[0.85, 0.9)",0.8846946184889608,0,2,244_right_RCA_prox_20mm_40ds_discrete_clean_none,clean,,ok,True,2,2,8.55218476606023,8.55218476606023,8.55218476606023,1.0,0.8846946184889608,0.0,0.0,,0.0,4.071483358080321,4.071483358080321,True,26.0,9.347670379272962e-12,5.48996720132914e-09,1.6585607619835927,162.65012112398767,2,,,,,,,,,
244,right,RCA,prox,20.0,40,discrete,"[0.85, 0.9)",0.8846946184889608,0,2,244_right_RCA_prox_20mm_40ds_discrete_T5_vox_narrow_A_fixed,T5_vox_narrow,A_fixed,ok,True,2,2,8.55218476606023,8.55218476606023,8.55218476606023,1.0,0.8346330644400736,-0.050061554048887236,0.0,,0.05925039225777853,3.829200464616959,4.071483358080321,True,25.0,2.3064899899159678e-12,5.48996720132914e-09,1.6585607619835927,162.65012112398767,2,vox,1.0,0.396484375,1.5758449996857093,6.2900281290208735,,,,
244,right,RCA,prox,20.0,40,discrete,"[0.85, 0.9)",0.8846946184889608,0,2,244_right_RCA_prox_20mm_40ds_discrete_T5_vox_narrow_B_rederived,T5_vox_narrow,B_rederived,ok,True,2,2,8.55218476606023,8.55218476606023,8.55218476606023,1.0,0.8346330644400736,-0.050061554048887236,0.0,,0.05925039225777853,3.829200464616959,4.071483358080321,True,25.0,2.3064899899159678e-12,5.48996720132914e-09,1.6585607619835927,162.65012112398767,2,vox,1.0,0.396484375,1.5758449996857093,6.2900281290208735,,,,
244,right,RCA,prox,20.0,40,discrete,"[0.85, 0.9)",0.8846946184889608,0,2,244_right_RCA_prox_20mm_40ds_discrete_T5_vox_narrow_C_flowmatched,T5_vox_narrow,C_flowmatched,ok,True,2,2,8.55218476606023,7.569781247280878,7.569781247280878,0.8851283565951393,0.8184243283827357,-0.0662702901062251,0.0,,0.01893228376660337,4.059347858312072,4.071483358080321,True,25.0,8.805341298355003e-12,5.48996720132914e-09,1.6585607619835927,162.65012112398767,2,vox,1.0,0.396484375,1.5758449996857093,6.2900281290208735,1.0,0.0035106089827006215,0.0003584313686191935,False
244,right,RCA,prox,20.0,40,discrete,"[0.85, 0.9)",0.8846946184889608,0,2,244_right_RCA_prox_20mm_40ds_discrete_T5_vox_wide_A_fixed,T5_vox_wide,A_fixed,ok,True,2,2,8.55218476606023,8.55218476606023,8.55218476606023,1.0,0.9173655733723189,0.03267095488335814,0.0,,0.03859704111044638,4.229375946359983,4.071483358080321,True,27.0,7.51687435983486e-12,5.48996720132914e-09,1.6585607619835927,162.65012112398767,2,vox,-1.0,0.396484375,1.5758449996857093,-6.2900281290208735,,,,
244,right,RCA,prox,20.0,40,discrete,"[0.85, 0.9)",0.8846946184889608,0,2,244_right_RCA_prox_20mm_40ds_discrete_T5_vox_wide_B_rederived,T5_vox_wide,B_rederived,ok,True,2,2,8.55218476606023,8.55218476606023,8.55218476606023,1.0,0.9173655733723189,0.03267095488335814,0.0,,0.03859704111044638,4.229375946359983,4.071483358080321,True,27.0,7.51687435983486e-12,5.48996720132914e-09,1.6585607619835927,162.65012112398767,2,vox,-1.0,0.396484375,1.5758449996857093,-6.2900281290208735,,,,
244,right,RCA,prox,20.0,40,discrete,"[0.85, 0.9)",0.8846946184889608,0,2,244_right_RCA_prox_20mm_40ds_discrete_T5_vox_wide_C_flowmatched,T5_vox_wide,C_flowmatched,ok,True,2,2,8.55218476606023,9.116793769255125,9.116793769255125,1.066019270939465,0.921565435742386,0.036870817253425225,0.0,,0.009360511192442987,4.0729528943881395,4.071483358080321,True,27.0,5.7849712738483486e-12,5.48996720132914e-09,1.6585607619835927,162.65012112398767,2,vox,-1.0,0.396484375,1.5758449996857093,-6.2900281290208735,1.0,0.0014897315824814877,8.761916978385043e-05,False
341,right,RCA,mid,20.0,40,leaky,"[0.85, 0.9)",0.8756854465187985,0,3,341_right_RCA_mid_20mm_40ds_leaky_clean_none,clean,,ok,True,3,2,9.81033239171809,9.81033239171809,9.81033239171809,1.0,0.8756854465187985,0.0,0.0,,0.0,5.189974924013528,5.189974924013528,True,27.0,4.133018496297457e-12,5.255668275876732e-09,1.7120109870264288,161.41418177414067,3,,,,,,,,,
341,right,RCA,mid,20.0,40,leaky,"[0.85, 0.9)",0.8756854465187985,0,3,341_right_RCA_mid_20mm_40ds_leaky_T5_vox_narrow_A_fixed,T5_vox_narrow,A_fixed,ok,True,3,2,9.81033239171809,9.81033239171809,9.81033239171809,1.0,0.839154947956969,-0.03653049856182955,0.0,,0.044420788715177045,5.008560791072221,5.189974924013528,True,26.0,1.0599748360784598e-11,5.255668275876732e-09,1.7120109870264288,161.41418177414067,3,vox,1.0,0.318359375,1.5947158952521863,4.990847836091442,,,,
341,right,RCA,mid,20.0,40,leaky,"[0.85, 0.9)",0.8756854465187985,0,3,341_right_RCA_mid_20mm_40ds_leaky_T5_vox_narrow_B_rederived,T5_vox_narrow,B_rederived,ok,True,3,2,9.81033239171809,9.81033239171809,9.81033239171809,1.0,0.839154947956969,-0.03653049856182955,0.0,,0.044420788715177045,5.008560791072221,5.189974924013528,True,26.0,1.0599748360784598e-11,5.255668275876732e-09,1.7120109870264288,161.41418177414067,3,vox,1.0,0.318359375,1.5947158952521863,4.990847836091442,,,,
341,right,RCA,mid,20.0,40,leaky,"[0.85, 0.9)",0.8756854465187985,0,3,341_right_RCA_mid_20mm_40ds_leaky_T5_vox_narrow_C_flowmatched,T5_vox_narrow,C_flowmatched,ok,True,3,2,9.81033239171809,9.186495004278118,9.186495004278118,0.9364101681237001,0.8270808519534293,-0.04860459456536925,0.0,,7.569698723707581e-05,5.270178990784149,5.189974924013528,True,26.0,7.973893426696477e-12,5.255668275876732e-09,1.7120109870264288,161.41418177414067,3,vox,1.0,0.318359375,1.5947158952521863,4.990847836091442,1.0,0.0019732064700784006,5.730033876770017e-09,False
341,right,RCA,mid,20.0,40,leaky,"[0.85, 0.9)",0.8756854465187985,0,3,341_right_RCA_mid_20mm_40ds_leaky_T5_vox_wide_A_fixed,T5_vox_wide,A_fixed,ok,True,3,2,9.81033239171809,9.81033239171809,9.81033239171809,1.0,0.9016665117733007,0.025981065254502167,0.0,,0.0315860029667207,5.3189818065247465,5.189974924013528,True,27.0,5.193051116677893e-12,5.255668275876732e-09,1.7120109870264288,161.41418177414067,3,vox,-1.0,0.318359375,1.5947158952521863,-4.990847836091442,,,,
341,right,RCA,mid,20.0,40,leaky,"[0.85, 0.9)",0.8756854465187985,0,3,341_right_RCA_mid_20mm_40ds_leaky_T5_vox_wide_B_rederived,T5_vox_wide,B_rederived,ok,True,3,2,9.81033239171809,9.81033239171809,9.81033239171809,1.0,0.9016665117733007,0.025981065254502167,0.0,,0.0315860029667207,5.3189818065247465,5.189974924013528,True,27.0,5.193051116677893e-12,5.255668275876732e-09,1.7120109870264288,161.41418177414067,3,vox,-1.0,0.318359375,1.5947158952521863,-4.990847836091442,,,,
341,right,RCA,mid,20.0,40,leaky,"[0.85, 0.9)",0.8756854465187985,0,3,341_right_RCA_mid_20mm_40ds_leaky_T5_vox_wide_C_flowmatched,T5_vox_wide,C_flowmatched,ok,True,3,2,9.81033239171809,10.197394350995607,10.197394350995607,1.0394545203793784,0.9058367742186139,0.030151327699815322,0.0,,4.470844489433216e-05,5.1451232331069345,5.189974924013528,True,27.0,6.126807218566941e-12,5.255668275876732e-09,1.7120109870264288,161.41418177414067,3,vox,-1.0,0.318359375,1.5947158952521863,-4.990847836091442,1.0,0.0009976755834136888,1.9988450448695356e-09,False
341,right,RCA,mid,20.0,40,discrete,"[0.85, 0.9)",0.8695698303830288,0,3,341_right_RCA_mid_20mm_40ds_discrete_clean_none,clean,,ok,True,3,2,10.505717007469801,10.505717007469801,10.505717007469801,1.0,0.8695698303830288,0.0,0.0,,0.0,4.2602956289674445,4.2602956289674445,True,26.0,2.2800703718926223e-12,8.144578725184408e-09,1.7120109870264288,161.41418177414067,3,,,,,,,,,
341,right,RCA,mid,20.0,40,discrete,"[0.85, 0.9)",0.8695698303830288,0,3,341_right_RCA_mid_20mm_40ds_discrete_T5_vox_narrow_A_fixed,T5_vox_narrow,A_fixed,ok,True,3,2,10.505717007469801,10.505717007469801,10.505717007469801,1.0,0.8309565463996215,-0.038613283983407354,0.0,,0.04644218039313989,4.061414943269606,4.2602956289674445,True,25.0,2.7929835754476333e-12,8.144578725184408e-09,1.7120109870264288,161.41418177414067,3,vox,1.0,0.318359375,1.5947158952521863,4.990847836091442,,,,
341,right,RCA,mid,20.0,40,discrete,"[0.85, 0.9)",0.8695698303830288,0,3,341_right_RCA_mid_20mm_40ds_discrete_T5_vox_narrow_B_rederived,T5_vox_narrow,B_rederived,ok,True,3,2,10.505717007469801,10.505717007469801,10.505717007469801,1.0,0.8309565463996215,-0.038613283983407354,0.0,,0.04644218039313989,4.061414943269606,4.2602956289674445,True,25.0,2.7929835754476333e-12,8.144578725184408e-09,1.7120109870264288,161.41418177414067,3,vox,1.0,0.318359375,1.5947158952521863,4.990847836091442,,,,
341,right,RCA,mid,20.0,40,discrete,"[0.85, 0.9)",0.8695698303830288,0,3,341_right_RCA_mid_20mm_40ds_discrete_T5_vox_narrow_C_flowmatched,T5_vox_narrow,C_flowmatched,ok,True,3,2,10.505717007469801,9.380442653858818,9.380442653858818,0.8928893332258152,0.8185515092081012,-0.05101832117492766,0.0,,0.00601239978520657,4.251174506633197,4.2602956289674445,True,25.0,9.743168871592291e-14,8.144578725184408e-09,1.7120109870264288,161.41418177414067,3,vox,1.0,0.318359375,1.5947158952521863,4.990847836091442,1.0,0.002156876119668947,3.614895117715201e-05,False
341,right,RCA,mid,20.0,40,discrete,"[0.85, 0.9)",0.8695698303830288,0,3,341_right_RCA_mid_20mm_40ds_discrete_T5_vox_wide_A_fixed,T5_vox_wide,A_fixed,ok,True,3,2,10.505717007469801,10.505717007469801,10.505717007469801,1.0,0.897209424921889,0.027639594538860224,0.0,,0.033188993213753105,4.402476954365294,4.2602956289674445,True,26.0,5.258077135999478e-12,8.144578725184408e-09,1.7120109870264288,161.41418177414067,3,vox,-1.0,0.318359375,1.5947158952521863,-4.990847836091442,,,,
341,right,RCA,mid,20.0,40,discrete,"[0.85, 0.9)",0.8695698303830288,0,3,341_right_RCA_mid_20mm_40ds_discrete_T5_vox_wide_B_rederived,T5_vox_wide,B_rederived,ok,True,3,2,10.505717007469801,10.505717007469801,10.505717007469801,1.0,0.897209424921889,0.027639594538860224,0.0,,0.033188993213753105,4.402476954365294,4.2602956289674445,True,26.0,5.258077135999478e-12,8.144578725184408e-09,1.7120109870264288,161.41418177414067,3,vox,-1.0,0.318359375,1.5947158952521863,-4.990847836091442,,,,
341,right,RCA,mid,20.0,40,discrete,"[0.85, 0.9)",0.8695698303830288,0,3,341_right_RCA_mid_20mm_40ds_discrete_T5_vox_wide_C_flowmatched,T5_vox_wide,C_flowmatched,ok,True,3,2,10.505717007469801,11.214558598458781,11.214558598458781,1.0674719860134227,0.9015746978621321,0.03200486747910325,0.0,,0.0034036361426751337,4.264934782882473,4.2602956289674445,True,26.0,5.786723652423233e-12,8.144578725184408e-09,1.7120109870264288,161.41418177414067,3,vox,-1.0,0.318359375,1.5947158952521863,-4.990847836091442,1.0,0.0011015092705425498,1.1584738991724464e-05,False
363,right,RCA,prox,10.0,50,leaky,"[0.85, 0.9)",0.8554482721519934,0,2,363_right_RCA_prox_10mm_50ds_leaky_clean_none,clean,,ok,True,2,2,10.419849751409055,10.419849751409055,10.419849751409055,1.0,0.8554482721519934,0.0,0.0,,0.0,1.3830547074807396,1.3830547074807396,True,26.0,3.1736450546247897e-12,1.561075218252071e-09,1.110597384309996,110.46809865547866,2,,,,,,,,,
363,right,RCA,prox,10.0,50,leaky,"[0.85, 0.9)",0.8554482721519934,0,2,363_right_RCA_prox_10mm_50ds_leaky_T5_vox_narrow_A_fixed,T5_vox_narrow,A_fixed,ok,True,2,2,10.419849751409055,10.419849751409055,10.419849751409055,1.0,0.7587582091626728,-0.09669006298932059,1.0,to_positive,0.12087878909662904,1.241961763661445,1.3830547074807396,True,26.0,3.0028992646003316e-12,1.561075218252071e-09,1.110597384309996,110.46809865547866,2,vox,1.0,0.3828125,1.0542863577891388,9.077526640930033,,,,
363,right,RCA,prox,10.0,50,leaky,"[0.85, 0.9)",0.8554482721519934,0,2,363_right_RCA_prox_10mm_50ds_leaky_T5_vox_narrow_B_rederived,T5_vox_narrow,B_rederived,ok,True,2,2,10.419849751409055,10.419849751409055,10.419849751409055,1.0,0.7587582091626728,-0.09669006298932059,1.0,to_positive,0.12087878909662904,1.241961763661445,1.3830547074807396,True,26.0,3.0028992646003316e-12,1.561075218252071e-09,1.110597384309996,110.46809865547866,2,vox,1.0,0.3828125,1.0542863577891388,9.077526640930033,,,,
363,right,RCA,prox,10.0,50,leaky,"[0.85, 0.9)",0.8554482721519934,0,2,363_right_RCA_prox_10mm_50ds_leaky_T5_vox_narrow_C_flowmatched,T5_vox_narrow,C_flowmatched,ok,True,2,2,10.419849751409055,8.015107233985407,8.015107233985407,0.7692152406421734,0.6941025471043453,-0.1613457250476481,1.0,to_positive,0.00838008228049605,1.4682780794209935,1.3830547074807396,True,26.0,1.177429718236866e-12,1.561075218252071e-09,1.110597384309996,110.46809865547866,2,vox,1.0,0.3828125,1.0542863577891388,9.077526640930033,2.0,0.014611681653467323,7.02257790278839e-05,False
363,right,RCA,prox,10.0,50,leaky,"[0.85, 0.9)",0.8554482721519934,0,2,363_right_RCA_prox_10mm_50ds_leaky_T5_vox_wide_A_fixed,T5_vox_wide,A_fixed,ok,True,2,2,10.419849751409055,10.419849751409055,10.419849751409055,1.0,0.9056057366840164,0.05015746453202308,0.0,,0.06270523970439526,1.456241383634666,1.3830547074807396,True,27.0,2.9548173952535753e-12,1.561075218252071e-09,1.110597384309996,110.46809865547866,2,vox,-1.0,0.3828125,1.0542863577891388,-9.077526640930033,,,,
363,right,RCA,prox,10.0,50,leaky,"[0.85, 0.9)",0.8554482721519934,0,2,363_right_RCA_prox_10mm_50ds_leaky_T5_vox_wide_B_rederived,T5_vox_wide,B_rederived,ok,True,2,2,10.419849751409055,10.419849751409055,10.419849751409055,1.0,0.9056057366840164,0.05015746453202308,0.0,,0.06270523970439526,1.456241383634666,1.3830547074807396,True,27.0,2.9548173952535753e-12,1.561075218252071e-09,1.110597384309996,110.46809865547866,2,vox,-1.0,0.3828125,1.0542863577891388,-9.077526640930033,,,,
363,right,RCA,prox,10.0,50,leaky,"[0.85, 0.9)",0.8554482721519934,0,2,363_right_RCA_prox_10mm_50ds_leaky_T5_vox_wide_C_flowmatched,T5_vox_wide,C_flowmatched,ok,True,2,2,10.419849751409055,11.284207513799313,11.284207513799313,1.082952996733314,0.913354973679161,0.05790670152716759,0.0,,0.0021772247644873677,1.3611265444817695,1.3830547074807396,True,27.0,2.8484357854441023e-12,1.561075218252071e-09,1.110597384309996,110.46809865547866,2,vox,-1.0,0.3828125,1.0542863577891388,-9.077526640930033,1.0,0.003931947086385668,4.7403076750970735e-06,False
363,right,RCA,prox,10.0,50,discrete,"[0.85, 0.9)",0.8286520686111436,0,1,363_right_RCA_prox_10mm_50ds_discrete_clean_none,clean,,ok,True,1,0,13.766927785034712,13.766927785034712,13.766927785034712,1.0,0.8286520686111436,0.0,0.0,,0.0,1.3033061065813425,1.3033061065813425,True,25.0,6.268391389415961e-13,2.6979972200301483e-09,1.110597384309996,110.46809865547866,1,,,,,,,,,
363,right,RCA,prox,10.0,50,discrete,"[0.85, 0.9)",0.8286520686111436,0,1,363_right_RCA_prox_10mm_50ds_discrete_T5_vox_narrow_A_fixed,T5_vox_narrow,A_fixed,ok,True,1,0,13.766927785034712,13.766927785034712,13.766927785034712,1.0,0.7211912189742762,-0.10746084963686742,1.0,to_positive,,1.122145825575659,1.3033061065813425,True,22.0,1.2720826846439712e-12,2.6979972200301483e-09,1.110597384309996,110.46809865547866,1,vox,1.0,0.3828125,1.0542863577891388,9.077526640930033,,,,
363,right,RCA,prox,10.0,50,discrete,"[0.85, 0.9)",0.8286520686111436,0,1,363_right_RCA_prox_10mm_50ds_discrete_T5_vox_narrow_B_rederived,T5_vox_narrow,B_rederived,ok,True,1,0,13.766927785034712,13.766927785034712,13.766927785034712,1.0,0.7211912189742762,-0.10746084963686742,1.0,to_positive,,1.122145825575659,1.3033061065813425,True,22.0,1.2720826846439712e-12,2.6979972200301483e-09,1.110597384309996,110.46809865547866,1,vox,1.0,0.3828125,1.0542863577891388,9.077526640930033,,,,
363,right,RCA,prox,10.0,50,discrete,"[0.85, 0.9)",0.8286520686111436,0,1,363_right_RCA_prox_10mm_50ds_discrete_T5_vox_narrow_C_flowmatched,T5_vox_narrow,C_flowmatched,skipped: fewer than 2 shared territories to match,True,1,0,,,,,,,,,,,,,,,2.6979972200301483e-09,1.110597384309996,110.46809865547866,1,vox,1.0,0.3828125,1.0542863577891388,9.077526640930033,,,,
363,right,RCA,prox,10.0,50,discrete,"[0.85, 0.9)",0.8286520686111436,0,1,363_right_RCA_prox_10mm_50ds_discrete_T5_vox_wide_A_fixed,T5_vox_wide,A_fixed,ok,True,1,0,13.766927785034712,13.766927785034712,13.766927785034712,1.0,0.8873787662554462,0.058726697644302606,0.0,,,1.4023090930999644,1.3033061065813425,True,27.0,1.0508564604170477e-12,2.6979972200301483e-09,1.110597384309996,110.46809865547866,1,vox,-1.0,0.3828125,1.0542863577891388,-9.077526640930033,,,,
363,right,RCA,prox,10.0,50,discrete,"[0.85, 0.9)",0.8286520686111436,0,1,363_right_RCA_prox_10mm_50ds_discrete_T5_vox_wide_B_rederived,T5_vox_wide,B_rederived,ok,True,1,0,13.766927785034712,13.766927785034712,13.766927785034712,1.0,0.8873787662554462,0.058726697644302606,0.0,,,1.4023090930999644,1.3033061065813425,True,27.0,1.0508564604170477e-12,2.6979972200301483e-09,1.110597384309996,110.46809865547866,1,vox,-1.0,0.3828125,1.0542863577891388,-9.077526640930033,,,,
363,right,RCA,prox,10.0,50,discrete,"[0.85, 0.9)",0.8286520686111436,0,1,363_right_RCA_prox_10mm_50ds_discrete_T5_vox_wide_C_flowmatched,T5_vox_wide,C_flowmatched,skipped: fewer than 2 shared territories to match,True,1,0,,,,,,,,,,,,,,,2.6979972200301483e-09,1.110597384309996,110.46809865547866,1,vox,-1.0,0.3828125,1.0542863577891388,-9.077526640930033,,,,
725,right,RCA,prox,20.0,40,leaky,"[0.85, 0.9)",0.8914666842462036,0,2,725_right_RCA_prox_20mm_40ds_leaky_clean_none,clean,,ok,True,2,2,10.683247743846849,10.683247743846849,10.683247743846849,1.0,0.8914666842462036,0.0,0.0,,0.0,1.5671654099333612,1.5671654099333612,True,27.0,2.3342293785759728e-12,1.7981502288335505e-09,1.1515809751608483,136.06739791182102,2,,,,,,,,,
725,right,RCA,prox,20.0,40,leaky,"[0.85, 0.9)",0.8914666842462036,0,2,725_right_RCA_prox_20mm_40ds_leaky_T5_vox_narrow_A_fixed,T5_vox_narrow,A_fixed,ok,True,2,2,10.683247743846849,10.683247743846849,10.683247743846849,1.0,0.8438714797355982,-0.04759520451060539,0.0,,0.05623736650107042,1.4925562640700234,1.5671654099333612,True,27.0,1.6403728241119697e-12,1.7981502288335505e-09,1.1515809751608483,136.06739791182102,2,vox,1.0,0.34179687500000006,1.0894576095096267,7.843280730166397,,,,
725,right,RCA,prox,20.0,40,leaky,"[0.85, 0.9)",0.8914666842462036,0,2,725_right_RCA_prox_20mm_40ds_leaky_T5_vox_narrow_B_rederived,T5_vox_narrow,B_rederived,ok,True,2,2,10.683247743846849,10.683247743846849,10.683247743846849,1.0,0.8438714797355982,-0.04759520451060539,0.0,,0.05623736650107042,1.4925562640700234,1.5671654099333612,True,27.0,1.6403728241119697e-12,1.7981502288335505e-09,1.1515809751608483,136.06739791182102,2,vox,1.0,0.34179687500000006,1.0894576095096267,7.843280730166397,,,,
725,right,RCA,prox,20.0,40,leaky,"[0.85, 0.9)",0.8914666842462036,0,2,725_right_RCA_prox_20mm_40ds_leaky_T5_vox_narrow_C_flowmatched,T5_vox_narrow,C_flowmatched,ok,True,2,2,10.683247743846849,9.692220928636399,9.692220928636399,0.9072354363605164,0.8287349549846814,-0.06273172926152215,0.0,,0.00045507009088203943,1.605685905417362,1.5671654099333612,True,26.0,9.582417977864126e-13,1.7981502288335505e-09,1.1515809751608483,136.06739791182102,2,vox,1.0,0.34179687500000006,1.0894576095096267,7.843280730166397,2.0,0.003162641390975717,2.0708878761538762e-07,False
725,right,RCA,prox,20.0,40,leaky,"[0.85, 0.9)",0.8914666842462036,0,2,725_right_RCA_prox_20mm_40ds_leaky_T5_vox_wide_A_fixed,T5_vox_wide,A_fixed,ok,True,2,2,10.683247743846849,10.683247743846849,10.683247743846849,1.0,0.9190550267913369,0.027588342545133315,0.0,,0.032560028663616035,1.6103831958924912,1.5671654099333612,True,28.0,1.419626043335824e-12,1.7981502288335505e-09,1.1515809751608483,136.06739791182102,2,vox,-1.0,0.34179687500000006,1.0894576095096267,-7.843280730166397,,,,
725,right,RCA,prox,20.0,40,leaky,"[0.85, 0.9)",0.8914666842462036,0,2,725_right_RCA_prox_20mm_40ds_leaky_T5_vox_wide_B_rederived,T5_vox_wide,B_rederived,ok,True,2,2,10.683247743846849,10.683247743846849,10.683247743846849,1.0,0.9190550267913369,0.027588342545133315,0.0,,0.032560028663616035,1.6103831958924912,1.5671654099333612,True,28.0,1.419626043335824e-12,1.7981502288335505e-09,1.1515809751608483,136.06739791182102,2,vox,-1.0,0.34179687500000006,1.0894576095096267,-7.843280730166397,,,,
725,right,RCA,prox,20.0,40,leaky,"[0.85, 0.9)",0.8914666842462036,0,2,725_right_RCA_prox_20mm_40ds_leaky_T5_vox_wide_C_flowmatched,T5_vox_wide,C_flowmatched,ok,True,2,2,10.683247743846849,11.171427375405546,11.171427375405546,1.0456958074233438,0.9223853370843236,0.03091865283812001,0.0,,0.00019504974471489168,1.5507021956734002,1.5671654099333612,True,28.0,1.081526317717771e-12,1.7981502288335505e-09,1.1515809751608483,136.06739791182102,2,vox,-1.0,0.34179687500000006,1.0894576095096267,-7.843280730166397,2.0,0.001060155466575498,3.804440291334442e-08,False
725,right,RCA,prox,20.0,40,discrete,"[0.85, 0.9)",0.8897172172516314,0,2,725_right_RCA_prox_20mm_40ds_discrete_clean_none,clean,,ok,True,2,2,32.525490835874635,32.525490835874635,32.525490835874635,1.0,0.8897172172516314,0.0,0.0,,0.0,1.3177751975828078,1.3177751975828078,True,25.0,5.764566857190395e-12,7.231663477404614e-09,1.1515809751608483,136.06739791182102,2,,,,,,,,,
725,right,RCA,prox,20.0,40,discrete,"[0.85, 0.9)",0.8897172172516314,0,2,725_right_RCA_prox_20mm_40ds_discrete_T5_vox_narrow_A_fixed,T5_vox_narrow,A_fixed,ok,True,2,2,32.525490835874635,32.525490835874635,32.525490835874635,1.0,0.8419866713033793,-0.0477305459482521,0.0,,0.05403249918065398,1.2465725102907634,1.3177751975828078,True,24.0,9.456795289559236e-13,7.231663477404614e-09,1.1515809751608483,136.06739791182102,2,vox,1.0,0.34179687500000006,1.0894576095096267,7.843280730166397,,,,
725,right,RCA,prox,20.0,40,discrete,"[0.85, 0.9)",0.8897172172516314,0,2,725_right_RCA_prox_20mm_40ds_discrete_T5_vox_narrow_B_rederived,T5_vox_narrow,B_rederived,ok,True,2,2,32.525490835874635,32.525490835874635,32.525490835874635,1.0,0.8419866713033793,-0.0477305459482521,0.0,,0.05403249918065398,1.2465725102907634,1.3177751975828078,True,24.0,9.456795289559236e-13,7.231663477404614e-09,1.1515809751608483,136.06739791182102,2,vox,1.0,0.34179687500000006,1.0894576095096267,7.843280730166397,,,,
725,right,RCA,prox,20.0,40,discrete,"[0.85, 0.9)",0.8897172172516314,0,2,725_right_RCA_prox_20mm_40ds_discrete_T5_vox_narrow_C_flowmatched,T5_vox_narrow,C_flowmatched,ok,True,2,2,32.525490835874635,28.729710192165133,28.729710192165133,0.8832982824805561,0.830193581088032,-0.05952363616359946,0.0,,0.006403324752175106,1.3150447649615706,1.3177751975828078,True,24.0,2.5838456290192686e-12,7.231663477404614e-09,1.1515809751608483,136.06739791182102,2,vox,1.0,0.34179687500000006,1.0894576095096267,7.843280730166397,1.0,0.0029195109677073736,4.1002567881818384e-05,False
725,right,RCA,prox,20.0,40,discrete,"[0.85, 0.9)",0.8897172172516314,0,2,725_right_RCA_prox_20mm_40ds_discrete_T5_vox_wide_A_fixed,T5_vox_wide,A_fixed,ok,True,2,2,32.525490835874635,32.525490835874635,32.525490835874635,1.0,0.9172479791006672,0.0275307618490358,0.0,,0.031010409715744567,1.3586399463663328,1.3177751975828078,True,26.0,7.855366805567563e-13,7.231663477404614e-09,1.1515809751608483,136.06739791182102,2,vox,-1.0,0.34179687500000006,1.0894576095096267,-7.843280730166397,,,,
725,right,RCA,prox,20.0,40,discrete,"[0.85, 0.9)",0.8897172172516314,0,2,725_right_RCA_prox_20mm_40ds_discrete_T5_vox_wide_B_rederived,T5_vox_wide,B_rederived,ok,True,2,2,32.525490835874635,32.525490835874635,32.525490835874635,1.0,0.9172479791006672,0.0275307618490358,0.0,,0.031010409715744567,1.3586399463663328,1.3177751975828078,True,26.0,7.855366805567563e-13,7.231663477404614e-09,1.1515809751608483,136.06739791182102,2,vox,-1.0,0.34179687500000006,1.0894576095096267,-7.843280730166397,,,,
725,right,RCA,prox,20.0,40,discrete,"[0.85, 0.9)",0.8897172172516314,0,2,725_right_RCA_prox_20mm_40ds_discrete_T5_vox_wide_C_flowmatched,T5_vox_wide,C_flowmatched,ok,True,2,2,32.525490835874635,34.47090065185952,34.47090065185952,1.059811851135515,0.9200252388147484,0.03030802156311696,0.0,,0.002749383091382112,1.3187737002257458,1.3177751975828078,True,26.0,3.6228272812614045e-12,7.231663477404614e-09,1.1515809751608483,136.06739791182102,2,vox,-1.0,0.34179687500000006,1.0894576095096267,-7.843280730166397,1.0,0.0009616455107383451,7.5591073831778595e-06,False
799,right,RCA,mid,10.0,40,leaky,"[0.85, 0.9)",0.8799709918819413,0,3,799_right_RCA_mid_10mm_40ds_leaky_clean_none,clean,,ok,True,3,2,12.073820760605026,12.073820760605026,12.073820760605026,1.0,0.8799709918819413,0.0,0.0,,0.0,2.7072162315211887,2.7072162315211887,True,27.0,5.983510993574824e-12,3.41376496418566e-09,1.3716086265447773,142.22132348411466,3,,,,,,,,,
799,right,RCA,mid,10.0,40,leaky,"[0.85, 0.9)",0.8799709918819413,0,3,799_right_RCA_mid_10mm_40ds_leaky_T5_vox_narrow_A_fixed,T5_vox_narrow,A_fixed,ok,True,3,2,12.073820760605026,12.073820760605026,12.073820760605026,1.0,0.8361261885262335,-0.04384480335570773,0.0,,0.05279883449637701,2.6065062850705782,2.7072162315211887,True,27.0,6.3279529229919916e-12,3.41376496418566e-09,1.3716086265447773,142.22132348411466,3,vox,1.0,0.36328125,1.1985369437565627,7.57759808515729,,,,
799,right,RCA,mid,10.0,40,leaky,"[0.85, 0.9)",0.8799709918819413,0,3,799_right_RCA_mid_10mm_40ds_leaky_T5_vox_narrow_B_rederived,T5_vox_narrow,B_rederived,ok,True,3,2,12.073820760605026,12.073820760605026,12.073820760605026,1.0,0.8361261885262335,-0.04384480335570773,0.0,,0.05279883449637701,2.6065062850705782,2.7072162315211887,True,27.0,6.3279529229919916e-12,3.41376496418566e-09,1.3716086265447773,142.22132348411466,3,vox,1.0,0.36328125,1.1985369437565627,7.57759808515729,,,,
799,right,RCA,mid,10.0,40,leaky,"[0.85, 0.9)",0.8799709918819413,0,3,799_right_RCA_mid_10mm_40ds_leaky_T5_vox_narrow_C_flowmatched,T5_vox_narrow,C_flowmatched,ok,True,3,2,12.073820760605026,11.114403987749617,11.114403987749617,0.9205374345140327,0.8216638354472874,-0.058307156434653895,0.0,,0.0033653939919182836,2.780242354230674,2.7072162315211887,True,27.0,1.0002038712935696e-12,3.41376496418566e-09,1.3716086265447773,142.22132348411466,3,vox,1.0,0.36328125,1.1985369437565627,7.57759808515729,1.0,0.0027877169241758114,1.132587672083968e-05,False
799,right,RCA,mid,10.0,40,leaky,"[0.85, 0.9)",0.8799709918819413,0,3,799_right_RCA_mid_10mm_40ds_leaky_T5_vox_wide_A_fixed,T5_vox_wide,A_fixed,ok,True,3,2,12.073820760605026,12.073820760605026,12.073820760605026,1.0,0.9046141213886264,0.024643129506685124,0.0,,0.029657305051236593,2.763791958244714,2.7072162315211887,True,28.0,4.793574381922221e-12,3.41376496418566e-09,1.3716086265447773,142.22132348411466,3,vox,-1.0,0.36328125,1.1985369437565627,-7.57759808515729,,,,
799,right,RCA,mid,10.0,40,leaky,"[0.85, 0.9)",0.8799709918819413,0,3,799_right_RCA_mid_10mm_40ds_leaky_T5_vox_wide_B_rederived,T5_vox_wide,B_rederived,ok,True,3,2,12.073820760605026,12.073820760605026,12.073820760605026,1.0,0.9046141213886264,0.024643129506685124,0.0,,0.029657305051236593,2.763791958244714,2.7072162315211887,True,28.0,4.793574381922221e-12,3.41376496418566e-09,1.3716086265447773,142.22132348411466,3,vox,-1.0,0.36328125,1.1985369437565627,-7.57759808515729,,,,
799,right,RCA,mid,10.0,40,leaky,"[0.85, 0.9)",0.8799709918819413,0,3,799_right_RCA_mid_10mm_40ds_leaky_T5_vox_wide_C_flowmatched,T5_vox_wide,C_flowmatched,ok,True,3,2,12.073820760605026,12.536186169262992,12.536186169262992,1.0382948710127113,0.9080342014107499,0.028063209528808586,0.0,,0.001452058037659994,2.675931154289109,2.7072162315211887,True,28.0,1.8963770345387047e-12,3.41376496418566e-09,1.3716086265447773,142.22132348411466,3,vox,-1.0,0.36328125,1.1985369437565627,-7.57759808515729,1.0,0.0008795557429021035,2.1084725447329924e-06,False
799,right,RCA,mid,10.0,40,discrete,"[0.85, 0.9)",0.8474231487530296,0,3,799_right_RCA_mid_10mm_40ds_discrete_clean_none,clean,,ok,True,3,2,21.801562306169302,21.801562306169302,21.801562306169302,1.0,0.8474231487530296,0.0,0.0,,0.0,2.3480018712987913,2.3480018712987913,True,25.0,2.824643394910307e-13,8.187008154359334e-09,1.3716086265447773,142.22132348411466,3,,,,,,,,,
799,right,RCA,mid,10.0,40,discrete,"[0.85, 0.9)",0.8474231487530296,0,3,799_right_RCA_mid_10mm_40ds_discrete_T5_vox_narrow_A_fixed,T5_vox_narrow,A_fixed,ok,True,3,2,21.801562306169302,21.801562306169302,21.801562306169302,1.0,0.7895724035350316,-0.057850745217998045,1.0,to_positive,0.0704406906787421,2.1832280678978133,2.3480018712987913,True,24.0,1.042870690285632e-12,8.187008154359334e-09,1.3716086265447773,142.22132348411466,3,vox,1.0,0.36328125,1.1985369437565627,7.57759808515729,,,,
799,right,RCA,mid,10.0,40,discrete,"[0.85, 0.9)",0.8474231487530296,0,3,799_right_RCA_mid_10mm_40ds_discrete_T5_vox_narrow_B_rederived,T5_vox_narrow,B_rederived,ok,True,3,2,21.801562306169302,21.801562306169302,21.801562306169302,1.0,0.7895724035350316,-0.057850745217998045,1.0,to_positive,0.0704406906787421,2.1832280678978133,2.3480018712987913,True,24.0,1.042870690285632e-12,8.187008154359334e-09,1.3716086265447773,142.22132348411466,3,vox,1.0,0.36328125,1.1985369437565627,7.57759808515729,,,,
799,right,RCA,mid,10.0,40,discrete,"[0.85, 0.9)",0.8474231487530296,0,3,799_right_RCA_mid_10mm_40ds_discrete_T5_vox_narrow_C_flowmatched,T5_vox_narrow,C_flowmatched,ok,True,3,2,21.801562306169302,18.71974138034312,18.71974138034312,0.8586421980889827,0.7672331134533977,-0.08019003529963187,1.0,to_positive,0.014729200144731693,2.332232690506237,2.3480018712987913,True,23.0,1.1280539651473603e-12,8.187008154359334e-09,1.3716086265447773,142.22132348411466,3,vox,1.0,0.36328125,1.1985369437565627,7.57759808515729,1.0,0.0049618909032982245,0.00021694933690356413,False
799,right,RCA,mid,10.0,40,discrete,"[0.85, 0.9)",0.8474231487530296,0,3,799_right_RCA_mid_10mm_40ds_discrete_T5_vox_wide_A_fixed,T5_vox_wide,A_fixed,ok,True,3,2,21.801562306169302,21.801562306169302,21.801562306169302,1.0,0.8814605721340572,0.034037423381027554,0.0,,0.04127067850814631,2.4445000618753316,2.3480018712987913,True,26.0,1.822272921602219e-12,8.187008154359334e-09,1.3716086265447773,142.22132348411466,3,vox,-1.0,0.36328125,1.1985369437565627,-7.57759808515729,,,,
799,right,RCA,mid,10.0,40,discrete,"[0.85, 0.9)",0.8474231487530296,0,3,799_right_RCA_mid_10mm_40ds_discrete_T5_vox_wide_B_rederived,T5_vox_wide,B_rederived,ok,True,3,2,21.801562306169302,21.801562306169302,21.801562306169302,1.0,0.8814605721340572,0.034037423381027554,0.0,,0.04127067850814631,2.4445000618753316,2.3480018712987913,True,26.0,1.822272921602219e-12,8.187008154359334e-09,1.3716086265447773,142.22132348411466,3,vox,-1.0,0.36328125,1.1985369437565627,-7.57759808515729,,,,
799,right,RCA,mid,10.0,40,discrete,"[0.85, 0.9)",0.8474231487530296,0,3,799_right_RCA_mid_10mm_40ds_discrete_T5_vox_wide_C_flowmatched,T5_vox_wide,C_flowmatched,ok,True,3,2,21.801562306169302,23.341959312143292,23.341959312143292,1.0706553495727273,0.8868767767005518,0.03945362794752216,0.0,,0.006219366404758712,2.353432123794138,2.3480018712987913,True,26.0,2.1936752546709758e-13,8.187008154359334e-09,1.3716086265447773,142.22132348411466,3,vox,-1.0,0.36328125,1.1985369437565627,-7.57759808515729,1.0,0.0017032689045227696,3.868051847664131e-05,False
825,right,RCA,mid,10.0,40,leaky,"[0.85, 0.9)",0.88541283529412,0,3,825_right_RCA_mid_10mm_40ds_leaky_clean_none,clean,,ok,True,3,2,10.522229239315331,10.522229239315331,10.522229239315331,1.0,0.88541283529412,0.0,0.0,,0.0,4.039388987002113,4.039388987002113,True,27.0,2.91536643377752e-12,4.121526710698703e-09,1.551278369201645,127.47266563490284,3,,,,,,,,,
825,right,RCA,mid,10.0,40,leaky,"[0.85, 0.9)",0.88541283529412,0,3,825_right_RCA_mid_10mm_40ds_leaky_T5_vox_narrow_A_fixed,T5_vox_narrow,A_fixed,ok,True,3,2,10.522229239315331,10.522229239315331,10.522229239315331,1.0,0.8433075556624524,-0.04210527963166755,0.0,,0.050737977071135684,3.935018914376848,4.039388987002113,True,27.0,4.0304367652324475e-12,4.121526710698703e-09,1.551278369201645,127.47266563490284,3,vox,1.0,0.349609375,1.2351942637062352,7.07599980975841,,,,
825,right,RCA,mid,10.0,40,leaky,"[0.85, 0.9)",0.88541283529412,0,3,825_right_RCA_mid_10mm_40ds_leaky_T5_vox_narrow_B_rederived,T5_vox_narrow,B_rederived,ok,True,3,2,10.522229239315331,10.522229239315331,10.522229239315331,1.0,0.8433075556624524,-0.04210527963166755,0.0,,0.050737977071135684,3.935018914376848,4.039388987002113,True,27.0,4.0304367652324475e-12,4.121526710698703e-09,1.551278369201645,127.47266563490284,3,vox,1.0,0.349609375,1.2351942637062352,7.07599980975841,,,,
825,right,RCA,mid,10.0,40,leaky,"[0.85, 0.9)",0.88541283529412,0,3,825_right_RCA_mid_10mm_40ds_leaky_T5_vox_narrow_C_flowmatched,T5_vox_narrow,C_flowmatched,ok,True,3,2,10.522229239315331,9.766298040215785,9.766298040215785,0.9281586456722422,0.8298410771007106,-0.055571758193409315,0.0,,6.320253023987614e-05,4.196070404752094,4.039388987002113,True,27.0,1.207344865279323e-12,4.121526710698703e-09,1.551278369201645,127.47266563490284,3,vox,1.0,0.349609375,1.2351942637062352,7.07599980975841,1.0,0.0025743423172710908,3.994559828722459e-09,False
825,right,RCA,mid,10.0,40,leaky,"[0.85, 0.9)",0.88541283529412,0,3,825_right_RCA_mid_10mm_40ds_leaky_T5_vox_wide_A_fixed,T5_vox_wide,A_fixed,ok,True,3,2,10.522229239315331,10.522229239315331,10.522229239315331,1.0,0.9101372297811025,0.024724394486982493,0.0,,0.029793550156861574,4.100669002016681,4.039388987002113,True,28.0,3.3223061692953356e-12,4.121526710698703e-09,1.551278369201645,127.47266563490284,3,vox,-1.0,0.349609375,1.2351942637062352,-7.07599980975841,,,,
825,right,RCA,mid,10.0,40,leaky,"[0.85, 0.9)",0.88541283529412,0,3,825_right_RCA_mid_10mm_40ds_leaky_T5_vox_wide_B_rederived,T5_vox_wide,B_rederived,ok,True,3,2,10.522229239315331,10.522229239315331,10.522229239315331,1.0,0.9101372297811025,0.024724394486982493,0.0,,0.029793550156861574,4.100669002016681,4.039388987002113,True,28.0,3.3223061692953356e-12,4.121526710698703e-09,1.551278369201645,127.47266563490284,3,vox,-1.0,0.349609375,1.2351942637062352,-7.07599980975841,,,,
825,right,RCA,mid,10.0,40,leaky,"[0.85, 0.9)",0.88541283529412,0,3,825_right_RCA_mid_10mm_40ds_leaky_T5_vox_wide_C_flowmatched,T5_vox_wide,C_flowmatched,ok,True,3,2,10.522229239315331,10.903740049796907,10.903740049796907,1.0362576030045132,0.913459250476726,0.028046415182606088,0.0,,2.87237796990264e-05,3.9685110379349373,4.039388987002113,True,28.0,3.4150156132918372e-12,4.121526710698703e-09,1.551278369201645,127.47266563490284,3,vox,-1.0,0.349609375,1.2351942637062352,-7.07599980975841,1.0,0.0008876556309494264,8.250555201982013e-10,False
52,left,LAD,prox,10.0,50,leaky,"[0.9, 0.95)",0.9031251858308986,0,8,52_left_LAD_prox_10mm_50ds_leaky_clean_none,clean,,ok,True,8,2,16.424286822627042,16.424286822627042,16.424286822627042,1.0,0.9031251858308986,0.0,0.0,,0.0,6.351052698121597,6.351052698121597,True,28.0,2.0058683390349614e-13,9.842018134292856e-09,1.7993717157459777,264.53027787357377,8,,,,,,,,,
52,left,LAD,prox,10.0,50,leaky,"[0.9, 0.95)",0.9031251858308986,0,8,52_left_LAD_prox_10mm_50ds_leaky_T5_vox_narrow_A_fixed,T5_vox_narrow,A_fixed,ok,True,8,2,16.424286822627042,16.424286822627042,16.424286822627042,1.0,0.8508600772979492,-0.05226510853294941,0.0,,0.020477386973567335,6.255251430969225,6.351052698121597,True,28.0,2.857859599902941e-12,9.842018134292856e-09,1.7993717157459777,264.53027787357377,8,vox,1.0,0.36328125,1.3231833980654801,6.8637735806526186,,,,
52,left,LAD,prox,10.0,50,leaky,"[0.9, 0.95)",0.9031251858308986,0,8,52_left_LAD_prox_10mm_50ds_leaky_T5_vox_narrow_B_rederived,T5_vox_narrow,B_rederived,ok,True,8,2,16.424286822627042,16.424286822627042,16.424286822627042,1.0,0.8508600772979492,-0.05226510853294941,0.0,,0.020477386973567335,6.255251430969225,6.351052698121597,True,28.0,2.857859599902941e-12,9.842018134292856e-09,1.7993717157459777,264.53027787357377,8,vox,1.0,0.36328125,1.3231833980654801,6.8637735806526186,,,,
52,left,LAD,prox,10.0,50,leaky,"[0.9, 0.95)",0.9031251858308986,0,8,52_left_LAD_prox_10mm_50ds_leaky_T5_vox_narrow_C_flowmatched,T5_vox_narrow,C_flowmatched,ok,True,8,2,16.424286822627042,16.177340981336826,16.177340981336826,0.98496459274262,0.8480960949233376,-0.05502909090756103,0.0,,0.015319494092451084,6.341842708490409,6.351052698121597,True,28.0,2.13967271639317e-12,9.842018134292856e-09,1.7993717157459777,264.53027787357377,8,vox,1.0,0.36328125,1.3231833980654801,6.8637735806526186,1.0,0.0004193233772652251,0.00023468689924864366,False
52,left,LAD,prox,10.0,50,leaky,"[0.9, 0.95)",0.9031251858308986,0,8,52_left_LAD_prox_10mm_50ds_leaky_T5_vox_wide_A_fixed,T5_vox_wide,A_fixed,ok,True,8,2,16.424286822627042,16.424286822627042,16.424286822627042,1.0,0.9326035561796828,0.0294783703487842,0.0,,0.011543233968402495,6.4050564849543,6.351052698121597,True,28.0,1.6527906974203331e-12,9.842018134292856e-09,1.7993717157459777,264.53027787357377,8,vox,-1.0,0.36328125,1.3231833980654801,-6.8637735806526186,,,,
52,left,LAD,prox,10.0,50,leaky,"[0.9, 0.95)",0.9031251858308986,0,8,52_left_LAD_prox_10mm_50ds_leaky_T5_vox_wide_B_rederived,T5_vox_wide,B_rederived,ok,True,8,2,16.424286822627042,16.424286822627042,16.424286822627042,1.0,0.9326035561796828,0.0294783703487842,0.0,,0.011543233968402495,6.4050564849543,6.351052698121597,True,28.0,1.6527906974203331e-12,9.842018134292856e-09,1.7993717157459777,264.53027787357377,8,vox,-1.0,0.36328125,1.3231833980654801,-6.8637735806526186,,,,
52,left,LAD,prox,10.0,50,leaky,"[0.9, 0.95)",0.9031251858308986,0,8,52_left_LAD_prox_10mm_50ds_leaky_T5_vox_wide_C_flowmatched,T5_vox_wide,C_flowmatched,ok,True,8,2,16.424286822627042,16.56781198177042,16.56781198177042,1.0087385930782484,0.9333139877643092,0.03018880193341056,0.0,,0.00819001698454755,6.35299101230013,6.351052698121597,True,28.0,3.2736076461731233e-12,9.842018134292856e-09,1.7993717157459777,264.53027787357377,8,vox,-1.0,0.36328125,1.3231833980654801,-6.8637735806526186,1.0,0.00013324625044928122,6.707637820717736e-05,False
52,left,LAD,prox,10.0,50,discrete,"[0.9, 0.95)",0.7979981056339079,1,8,52_left_LAD_prox_10mm_50ds_discrete_clean_none,clean,,ok,True,8,2,39.864534941404266,39.864534941404266,39.864534941404266,1.0,0.7979981056339079,0.0,0.0,,0.0,5.6832189745663735,5.6832189745663735,True,27.0,4.907921915011609e-13,2.7173309335035535e-08,1.7993717157459777,264.53027787357377,8,,,,,,,,,
52,left,LAD,prox,10.0,50,discrete,"[0.9, 0.95)",0.7979981056339079,1,8,52_left_LAD_prox_10mm_50ds_discrete_T5_vox_narrow_A_fixed,T5_vox_narrow,A_fixed,ok,True,8,2,39.864534941404266,39.864534941404266,39.864534941404266,1.0,0.7082683764679045,-0.08972972916600341,0.0,,0.0676009179579952,5.382185272906028,5.6832189745663735,True,27.0,1.211646632407691e-12,2.7173309335035535e-08,1.7993717157459777,264.53027787357377,8,vox,1.0,0.36328125,1.3231833980654801,6.8637735806526186,,,,
52,left,LAD,prox,10.0,50,discrete,"[0.9, 0.95)",0.7979981056339079,1,8,52_left_LAD_prox_10mm_50ds_discrete_T5_vox_narrow_B_rederived,T5_vox_narrow,B_rederived,ok,True,8,2,39.864534941404266,39.864534941404266,39.864534941404266,1.0,0.7082683764679045,-0.08972972916600341,0.0,,0.0676009179579952,5.382185272906028,5.6832189745663735,True,27.0,1.211646632407691e-12,2.7173309335035535e-08,1.7993717157459777,264.53027787357377,8,vox,1.0,0.36328125,1.3231833980654801,6.8637735806526186,,,,
52,left,LAD,prox,10.0,50,discrete,"[0.9, 0.95)",0.7979981056339079,1,8,52_left_LAD_prox_10mm_50ds_discrete_T5_vox_narrow_C_flowmatched,T5_vox_narrow,C_flowmatched,ok,True,8,2,39.864534941404266,37.91812186662158,37.91812186662158,0.951174318786268,0.6964433757415001,-0.10155472989240788,0.0,,0.058091576949845375,5.565496229640639,5.6832189745663735,True,27.0,5.631163467778099e-13,2.7173309335035535e-08,1.7993717157459777,264.53027787357377,8,vox,1.0,0.36328125,1.3231833980654801,6.8637735806526186,1.0,0.004569884108763597,0.0033746313125198064,False
52,left,LAD,prox,10.0,50,discrete,"[0.9, 0.95)",0.7979981056339079,1,8,52_left_LAD_prox_10mm_50ds_discrete_T5_vox_wide_A_fixed,T5_vox_wide,A_fixed,ok,True,8,2,39.864534941404266,39.864534941404266,39.864534941404266,1.0,0.8584404701318566,0.06044236449794871,1.0,to_negative,0.04550737382680464,5.885867896648974,5.6832189745663735,True,27.0,2.0866893295685254e-14,2.7173309335035535e-08,1.7993717157459777,264.53027787357377,8,vox,-1.0,0.36328125,1.3231833980654801,-6.8637735806526186,,,,
52,left,LAD,prox,10.0,50,discrete,"[0.9, 0.95)",0.7979981056339079,1,8,52_left_LAD_prox_10mm_50ds_discrete_T5_vox_wide_B_rederived,T5_vox_wide,B_rederived,ok,True,8,2,39.864534941404266,39.864534941404266,39.864534941404266,1.0,0.8584404701318566,0.06044236449794871,1.0,to_negative,0.04550737382680464,5.885867896648974,5.6832189745663735,True,27.0,2.0866893295685254e-14,2.7173309335035535e-08,1.7993717157459777,264.53027787357377,8,vox,-1.0,0.36328125,1.3231833980654801,-6.8637735806526186,,,,
52,left,LAD,prox,10.0,50,discrete,"[0.9, 0.95)",0.7979981056339079,1,8,52_left_LAD_prox_10mm_50ds_discrete_T5_vox_wide_C_flowmatched,T5_vox_wide,C_flowmatched,ok,True,8,2,39.864534941404266,41.48183079889132,41.48183079889132,1.040569791165613,0.8639284818032199,0.06593037616931197,1.0,to_negative,0.0339011910400729,5.713975242063635,5.6832189745663735,True,27.0,9.540650453640808e-13,2.7173309335035535e-08,1.7993717157459777,264.53027787357377,8,vox,-1.0,0.36328125,1.3231833980654801,-6.8637735806526186,1.0,0.002070921072612544,0.0011492907539355193,False
138,left,LAD,prox,20.0,55,leaky,"[0.9, 0.95)",0.9008575369965407,0,5,138_left_LAD_prox_20mm_55ds_leaky_clean_none,clean,,ok,True,5,2,22.098619132513775,22.098619132513775,22.098619132513775,1.0,0.9008575369965407,0.0,0.0,,0.0,3.152005648708102,3.152005648708102,True,28.0,1.4348744659509249e-12,6.567134950721083e-09,1.4285227711531252,276.0866137054759,5,,,,,,,,,
138,left,LAD,prox,20.0,55,leaky,"[0.9, 0.95)",0.9008575369965407,0,5,138_left_LAD_prox_20mm_55ds_leaky_T5_vox_narrow_A_fixed,T5_vox_narrow,A_fixed,ok,True,5,2,22.098619132513775,22.098619132513775,22.098619132513775,1.0,0.8331162540770303,-0.06774128291951043,0.0,,0.04729430770070457,3.065497776129277,3.152005648708102,True,28.0,5.954517454055524e-14,6.567134950721083e-09,1.4285227711531252,276.0866137054759,5,vox,1.0,0.40429687500000006,1.3421527714583394,7.53075364439892,,,,
138,left,LAD,prox,20.0,55,leaky,"[0.9, 0.95)",0.9008575369965407,0,5,138_left_LAD_prox_20mm_55ds_leaky_T5_vox_narrow_B_rederived,T5_vox_narrow,B_rederived,ok,True,5,2,22.098619132513775,22.098619132513775,22.098619132513775,1.0,0.8331162540770303,-0.06774128291951043,0.0,,0.04729430770070457,3.065497776129277,3.152005648708102,True,28.0,5.954517454055524e-14,6.567134950721083e-09,1.4285227711531252,276.0866137054759,5,vox,1.0,0.40429687500000006,1.3421527714583394,7.53075364439892,,,,
138,left,LAD,prox,20.0,55,leaky,"[0.9, 0.95)",0.9008575369965407,0,5,138_left_LAD_prox_20mm_55ds_leaky_T5_vox_narrow_C_flowmatched,T5_vox_narrow,C_flowmatched,ok,True,5,2,22.098619132513775,21.39187134332712,21.39187134332712,0.9680184637352832,0.827088884370926,-0.07376865262561472,0.0,,0.03782473278418053,3.1560262778060024,3.152005648708102,True,28.0,3.2489454904396775e-12,6.567134950721083e-09,1.4285227711531252,276.0866137054759,5,vox,1.0,0.40429687500000006,1.3421527714583394,7.53075364439892,1.0,0.002236751540888924,0.0014307104101946618,False
138,left,LAD,prox,20.0,55,leaky,"[0.9, 0.95)",0.9008575369965407,0,5,138_left_LAD_prox_20mm_55ds_leaky_T5_vox_wide_A_fixed,T5_vox_wide,A_fixed,ok,True,5,2,22.098619132513775,22.098619132513775,22.098619132513775,1.0,0.9361015203024727,0.035243983305932036,0.0,,0.024603348728146304,3.197008598512282,3.152005648708102,True,28.0,1.2954508779010377e-12,6.567134950721083e-09,1.4285227711531252,276.0866137054759,5,vox,-1.0,0.40429687500000006,1.3421527714583394,-7.53075364439892,,,,
138,left,LAD,prox,20.0,55,leaky,"[0.9, 0.95)",0.9008575369965407,0,5,138_left_LAD_prox_20mm_55ds_leaky_T5_vox_wide_B_rederived,T5_vox_wide,B_rederived,ok,True,5,2,22.098619132513775,22.098619132513775,22.098619132513775,1.0,0.9361015203024727,0.035243983305932036,0.0,,0.024603348728146304,3.197008598512282,3.152005648708102,True,28.0,1.2954508779010377e-12,6.567134950721083e-09,1.4285227711531252,276.0866137054759,5,vox,-1.0,0.40429687500000006,1.3421527714583394,-7.53075364439892,,,,
138,left,LAD,prox,20.0,55,leaky,"[0.9, 0.95)",0.9008575369965407,0,5,138_left_LAD_prox_20mm_55ds_leaky_T5_vox_wide_C_flowmatched,T5_vox_wide,C_flowmatched,ok,True,5,2,22.098619132513775,22.502685158369157,22.502685158369157,1.0182846730572808,0.9374236480693903,0.03656611107284957,0.0,,0.017651288681312393,3.142772696975706,3.152005648708102,True,28.0,9.914209511471486e-13,6.567134950721083e-09,1.4285227711531252,276.0866137054759,5,vox,-1.0,0.40429687500000006,1.3421527714583394,-7.53075364439892,1.0,0.0006053247686387784,0.000311567992111027,False
138,left,LAD,prox,20.0,55,discrete,"[0.9, 0.95)",0.8616549956735753,0,5,138_left_LAD_prox_20mm_55ds_discrete_clean_none,clean,,ok,True,5,2,59.460454092401534,59.460454092401534,59.460454092401534,1.0,0.8616549956735753,0.0,0.0,,0.0,2.957860152655621,2.957860152655621,True,27.0,1.4770799552558684e-12,1.9291341318476996e-08,1.4285227711531252,276.0866137054759,5,,,,,,,,,
138,left,LAD,prox,20.0,55,discrete,"[0.9, 0.95)",0.8616549956735753,0,5,138_left_LAD_prox_20mm_55ds_discrete_T5_vox_narrow_A_fixed,T5_vox_narrow,A_fixed,ok,True,5,2,59.460454092401534,59.460454092401534,59.460454092401534,1.0,0.7741326449569208,-0.08752235071665448,1.0,to_positive,0.07568410039014602,2.8120855783997416,2.957860152655621,True,27.0,2.3107452009192247e-12,1.9291341318476996e-08,1.4285227711531252,276.0866137054759,5,vox,1.0,0.40429687500000006,1.3421527714583394,7.53075364439892,,,,
138,left,LAD,prox,20.0,55,discrete,"[0.9, 0.95)",0.8616549956735753,0,5,138_left_LAD_prox_20mm_55ds_discrete_T5_vox_narrow_B_rederived,T5_vox_narrow,B_rederived,ok,True,5,2,59.460454092401534,59.460454092401534,59.460454092401534,1.0,0.7741326449569208,-0.08752235071665448,1.0,to_positive,0.07568410039014602,2.8120855783997416,2.957860152655621,True,27.0,2.3107452009192247e-12,1.9291341318476996e-08,1.4285227711531252,276.0866137054759,5,vox,1.0,0.40429687500000006,1.3421527714583394,7.53075364439892,,,,
138,left,LAD,prox,20.0,55,discrete,"[0.9, 0.95)",0.8616549956735753,0,5,138_left_LAD_prox_20mm_55ds_discrete_T5_vox_narrow_C_flowmatched,T5_vox_narrow,C_flowmatched,ok,True,5,2,59.460454092401534,56.53980859778279,56.53980859778279,0.9508808747057319,0.7641127602997875,-0.09754223537378781,1.0,to_positive,0.06581336114760229,2.9194102871681986,2.957860152655621,True,27.0,6.301660365708593e-12,1.9291341318476996e-08,1.4285227711531252,276.0866137054759,5,vox,1.0,0.40429687500000006,1.3421527714583394,7.53075364439892,1.0,0.0057280830518657,0.004331398505544728,False
138,left,LAD,prox,20.0,55,discrete,"[0.9, 0.95)",0.8616549956735753,0,5,138_left_LAD_prox_20mm_55ds_discrete_T5_vox_wide_A_fixed,T5_vox_wide,A_fixed,ok,True,5,2,59.460454092401534,59.460454092401534,59.460454092401534,1.0,0.9103575955974416,0.048702599923866274,0.0,,0.04200549810880215,3.038766625132098,2.957860152655621,True,27.0,3.1871400188504624e-12,1.9291341318476996e-08,1.4285227711531252,276.0866137054759,5,vox,-1.0,0.40429687500000006,1.3421527714583394,-7.53075364439892,,,,
138,left,LAD,prox,20.0,55,discrete,"[0.9, 0.95)",0.8616549956735753,0,5,138_left_LAD_prox_20mm_55ds_discrete_T5_vox_wide_B_rederived,T5_vox_wide,B_rederived,ok,True,5,2,59.460454092401534,59.460454092401534,59.460454092401534,1.0,0.9103575955974416,0.048702599923866274,0.0,,0.04200549810880215,3.038766625132098,2.957860152655621,True,27.0,3.1871400188504624e-12,1.9291341318476996e-08,1.4285227711531252,276.0866137054759,5,vox,-1.0,0.40429687500000006,1.3421527714583394,-7.53075364439892,,,,
138,left,LAD,prox,20.0,55,discrete,"[0.9, 0.95)",0.8616549956735753,0,5,138_left_LAD_prox_20mm_55ds_discrete_T5_vox_wide_C_flowmatched,T5_vox_wide,C_flowmatched,ok,True,5,2,59.460454092401534,61.51535843692685,61.51535843692685,1.034559176782135,0.9133218915926766,0.05166689591910134,0.0,,0.03138525420965139,2.955697252176502,2.957860152655621,True,27.0,7.942463699848198e-13,1.9291341318476996e-08,1.4285227711531252,276.0866137054759,5,vox,-1.0,0.40429687500000006,1.3421527714583394,-7.53075364439892,1.0,0.0017644618713685812,0.0009850341818044403,False
280,left,LAD,prox,10.0,50,leaky,"[0.9, 0.95)",0.9402320634602145,0,6,280_left_LAD_prox_10mm_50ds_leaky_clean_none,clean,,ok,True,6,2,27.994786882034997,27.994786882034997,27.994786882034997,1.0,0.9402320634602145,0.0,0.0,,0.0,2.8282204675949663,2.8282204675949663,True,28.0,1.6777612017473528e-12,7.223773475988808e-09,1.3659230584244235,172.50067639977587,6,,,,,,,,,
280,left,LAD,prox,10.0,50,leaky,"[0.9, 0.95)",0.9402320634602145,0,6,280_left_LAD_prox_10mm_50ds_leaky_T5_vox_narrow_A_fixed,T5_vox_narrow,A_fixed,ok,True,6,2,27.994786882034997,27.994786882034997,27.994786882034997,1.0,0.9183371605563794,-0.02189490290383511,0.0,,0.005290690516365647,2.813316371080859,2.8282204675949663,True,28.0,1.318278241891466e-12,7.223773475988808e-09,1.3659230584244235,172.50067639977587,6,vox,1.0,0.3359375,1.1584701752474225,7.249593195790551,,,,
280,left,LAD,prox,10.0,50,leaky,"[0.9, 0.95)",0.9402320634602145,0,6,280_left_LAD_prox_10mm_50ds_leaky_T5_vox_narrow_B_rederived,T5_vox_narrow,B_rederived,ok,True,6,2,27.994786882034997,27.994786882034997,27.994786882034997,1.0,0.9183371605563794,-0.02189490290383511,0.0,,0.005290690516365647,2.813316371080859,2.8282204675949663,True,28.0,1.318278241891466e-12,7.223773475988808e-09,1.3659230584244235,172.50067639977587,6,vox,1.0,0.3359375,1.1584701752474225,7.249593195790551,,,,
280,left,LAD,prox,10.0,50,leaky,"[0.9, 0.95)",0.9402320634602145,0,6,280_left_LAD_prox_10mm_50ds_leaky_T5_vox_narrow_C_flowmatched,T5_vox_narrow,C_flowmatched,ok,True,6,2,27.994786882034997,27.888687728979093,27.888687728979093,0.9962100389082086,0.9179701647731902,-0.02226189868702433,0.0,,0.0038281103254025127,2.823563257783993,2.8282204675949663,True,28.0,7.72377145538875e-12,7.223773475988808e-09,1.3659230584244235,172.50067639977587,6,vox,1.0,0.3359375,1.1584701752474225,7.249593195790551,1.0,2.7991406139961394e-05,1.4654428663453331e-05,False
280,left,LAD,prox,10.0,50,leaky,"[0.9, 0.95)",0.9402320634602145,0,6,280_left_LAD_prox_10mm_50ds_leaky_T5_vox_wide_A_fixed,T5_vox_wide,A_fixed,ok,True,6,2,27.994786882034997,27.994786882034997,27.994786882034997,1.0,0.9512660143694479,0.011033950909233425,0.0,,0.002660681748722416,2.8357157193759988,2.8282204675949663,True,28.0,2.1902298045266905e-12,7.223773475988808e-09,1.3659230584244235,172.50067639977587,6,vox,-1.0,0.3359375,1.1584701752474225,-7.249593195790551,,,,
280,left,LAD,prox,10.0,50,leaky,"[0.9, 0.95)",0.9402320634602145,0,6,280_left_LAD_prox_10mm_50ds_leaky_T5_vox_wide_B_rederived,T5_vox_wide,B_rederived,ok,True,6,2,27.994786882034997,27.994786882034997,27.994786882034997,1.0,0.9512660143694479,0.011033950909233425,0.0,,0.002660681748722416,2.8357157193759988,2.8282204675949663,True,28.0,2.1902298045266905e-12,7.223773475988808e-09,1.3659230584244235,172.50067639977587,6,vox,-1.0,0.3359375,1.1584701752474225,-7.249593195790551,,,,
280,left,LAD,prox,10.0,50,leaky,"[0.9, 0.95)",0.9402320634602145,0,6,280_left_LAD_prox_10mm_50ds_leaky_T5_vox_wide_C_flowmatched,T5_vox_wide,C_flowmatched,ok,True,6,2,27.994786882034997,28.04849979943147,28.04849979943147,1.0019186757028304,0.9513658771965166,0.011133813736302067,0.0,,0.0018994897702208527,2.8304567715744606,2.8282204675949663,True,28.0,4.345505485405406e-12,7.223773475988808e-09,1.3659230584244235,172.50067639977587,6,vox,-1.0,0.3359375,1.1584701752474225,-7.249593195790551,1.0,7.079227367984574e-06,3.6080613871736676e-06,False
280,left,LAD,prox,10.0,50,discrete,"[0.9, 0.95)",0.9258982595311649,0,6,280_left_LAD_prox_10mm_50ds_discrete_clean_none,clean,,ok,True,6,2,65.38027078022765,65.38027078022765,65.38027078022765,1.0,0.9258982595311649,0.0,0.0,,0.0,2.7023551216733748,2.7023551216733748,True,28.0,1.8759533669941255e-13,1.7699300452416392e-08,1.3659230584244235,172.50067639977587,6,,,,,,,,,
280,left,LAD,prox,10.0,50,discrete,"[0.9, 0.95)",0.9258982595311649,0,6,280_left_LAD_prox_10mm_50ds_discrete_T5_vox_narrow_A_fixed,T5_vox_narrow,A_fixed,ok,True,6,2,65.38027078022765,65.38027078022765,65.38027078022765,1.0,0.8958709878686988,-0.030027271662466104,0.0,,0.011175113928399047,2.6764616219388517,2.7023551216733748,True,28.0,1.2913758646639537e-12,1.7699300452416392e-08,1.3659230584244235,172.50067639977587,6,vox,1.0,0.3359375,1.1584701752474225,7.249593195790551,,,,
280,left,LAD,prox,10.0,50,discrete,"[0.9, 0.95)",0.9258982595311649,0,6,280_left_LAD_prox_10mm_50ds_discrete_T5_vox_narrow_B_rederived,T5_vox_narrow,B_rederived,ok,True,6,2,65.38027078022765,65.38027078022765,65.38027078022765,1.0,0.8958709878686988,-0.030027271662466104,0.0,,0.011175113928399047,2.6764616219388517,2.7023551216733748,True,28.0,1.2913758646639537e-12,1.7699300452416392e-08,1.3659230584244235,172.50067639977587,6,vox,1.0,0.3359375,1.1584701752474225,7.249593195790551,,,,
280,left,LAD,prox,10.0,50,discrete,"[0.9, 0.95)",0.9258982595311649,0,6,280_left_LAD_prox_10mm_50ds_discrete_T5_vox_narrow_C_flowmatched,T5_vox_narrow,C_flowmatched,ok,True,6,2,65.38027078022765,64.82136490340683,64.82136490340683,0.9914514597423503,0.8949279931135854,-0.030970266417579495,0.0,,0.008315646774908437,2.6963863443325056,2.7023551216733748,True,28.0,1.009948344808396e-13,1.7699300452416392e-08,1.3659230584244235,172.50067639977587,6,vox,1.0,0.3359375,1.1584701752474225,7.249593195790551,1.0,0.00012488317131269838,6.914998128504508e-05,False
280,left,LAD,prox,10.0,50,discrete,"[0.9, 0.95)",0.9258982595311649,0,6,280_left_LAD_prox_10mm_50ds_discrete_T5_vox_wide_A_fixed,T5_vox_wide,A_fixed,ok,True,6,2,65.38027078022765,65.38027078022765,65.38027078022765,1.0,0.941240765726077,0.015342506194912064,0.0,,0.005698713758773153,2.7155594293985943,2.7023551216733748,True,28.0,1.1909044440736601e-12,1.7699300452416392e-08,1.3659230584244235,172.50067639977587,6,vox,-1.0,0.3359375,1.1584701752474225,-7.249593195790551,,,,
280,left,LAD,prox,10.0,50,discrete,"[0.9, 0.95)",0.9258982595311649,0,6,280_left_LAD_prox_10mm_50ds_discrete_T5_vox_wide_B_rederived,T5_vox_wide,B_rederived,ok,True,6,2,65.38027078022765,65.38027078022765,65.38027078022765,1.0,0.941240765726077,0.015342506194912064,0.0,,0.005698713758773153,2.7155594293985943,2.7023551216733748,True,28.0,1.1909044440736601e-12,1.7699300452416392e-08,1.3659230584244235,172.50067639977587,6,vox,-1.0,0.3359375,1.1584701752474225,-7.249593195790551,,,,
280,left,LAD,prox,10.0,50,discrete,"[0.9, 0.95)",0.9258982595311649,0,6,280_left_LAD_prox_10mm_50ds_discrete_T5_vox_wide_C_flowmatched,T5_vox_wide,C_flowmatched,ok,True,6,2,65.38027078022765,65.67017741236278,65.67017741236278,1.0044341607747334,0.9414905464505761,0.015592286919411169,0.0,,0.004127299751511925,2.704988585339105,2.7023551216733748,True,28.0,1.8745967233359633e-12,1.7699300452416392e-08,1.3659230584244235,172.50067639977587,6,vox,-1.0,0.3359375,1.1584701752474225,-7.249593195790551,1.0,3.2475338504430436e-05,1.7034603238830395e-05,False
284,left,LAD,prox,20.0,60,leaky,"[0.9, 0.95)",0.9010858086008632,0,6,284_left_LAD_prox_20mm_60ds_leaky_clean_none,clean,,ok,True,6,2,34.54229724841044,34.54229724841044,34.54229724841044,1.0,0.9010858086008632,0.0,0.0,,0.0,1.28183019827613,1.28183019827613,True,28.0,5.3115075921806294e-12,4.1503810766964046e-09,1.0545449206959168,191.9374258702895,6,,,,,,,,,
284,left,LAD,prox,20.0,60,leaky,"[0.9, 0.95)",0.9010858086008632,0,6,284_left_LAD_prox_20mm_60ds_leaky_T5_vox_narrow_A_fixed,T5_vox_narrow,A_fixed,ok,True,6,2,34.54229724841044,34.54229724841044,34.54229724841044,1.0,0.8210943942619272,-0.07999141433893597,0.0,,0.03288921578821342,1.2422311144996772,1.28183019827613,True,28.0,3.4836442889012382e-12,4.1503810766964046e-09,1.0545449206959168,191.9374258702895,6,vox,1.0,0.365234375,1.1116688142506153,8.213650736577678,,,,
284,left,LAD,prox,20.0,60,leaky,"[0.9, 0.95)",0.9010858086008632,0,6,284_left_LAD_prox_20mm_60ds_leaky_T5_vox_narrow_B_rederived,T5_vox_narrow,B_rederived,ok,True,6,2,34.54229724841044,34.54229724841044,34.54229724841044,1.0,0.8210943942619272,-0.07999141433893597,0.0,,0.03288921578821342,1.2422311144996772,1.28183019827613,True,28.0,3.4836442889012382e-12,4.1503810766964046e-09,1.0545449206959168,191.9374258702895,6,vox,1.0,0.365234375,1.1116688142506153,8.213650736577678,,,,
284,left,LAD,prox,20.0,60,leaky,"[0.9, 0.95)",0.9010858086008632,0,6,284_left_LAD_prox_20mm_60ds_leaky_T5_vox_narrow_C_flowmatched,T5_vox_narrow,C_flowmatched,ok,True,6,2,34.54229724841044,33.73292648427097,33.73292648427097,0.9765687047876725,0.8167012456580127,-0.08438456294285046,0.0,,0.024887917610190796,1.2690725613006508,1.28183019827613,True,28.0,2.689626364389875e-12,4.1503810766964046e-09,1.0545449206959168,191.9374258702895,6,vox,1.0,0.365234375,1.1116688142506153,8.213650736577678,1.0,0.0010817005151636666,0.0006194084429716452,False
284,left,LAD,prox,20.0,60,leaky,"[0.9, 0.95)",0.9010858086008632,0,6,284_left_LAD_prox_20mm_60ds_leaky_T5_vox_wide_A_fixed,T5_vox_wide,A_fixed,ok,True,6,2,34.54229724841044,34.54229724841044,34.54229724841044,1.0,0.936774029689549,0.035688221088685856,0.0,,0.014434217363584544,1.2992092013653342,1.28183019827613,True,28.0,2.402637054593292e-12,4.1503810766964046e-09,1.0545449206959168,191.9374258702895,6,vox,-1.0,0.365234375,1.1116688142506153,-8.213650736577678,,,,
284,left,LAD,prox,20.0,60,leaky,"[0.9, 0.95)",0.9010858086008632,0,6,284_left_LAD_prox_20mm_60ds_leaky_T5_vox_wide_B_rederived,T5_vox_wide,B_rederived,ok,True,6,2,34.54229724841044,34.54229724841044,34.54229724841044,1.0,0.936774029689549,0.035688221088685856,0.0,,0.014434217363584544,1.2992092013653342,1.28183019827613,True,28.0,2.402637054593292e-12,4.1503810766964046e-09,1.0545449206959168,191.9374258702895,6,vox,-1.0,0.365234375,1.1116688142506153,-8.213650736577678,,,,
284,left,LAD,prox,20.0,60,leaky,"[0.9, 0.95)",0.9010858086008632,0,6,284_left_LAD_prox_20mm_60ds_leaky_T5_vox_wide_C_flowmatched,T5_vox_wide,C_flowmatched,ok,True,6,2,34.54229724841044,34.91387250978884,34.91387250978884,1.0107571091380003,0.9374969589504656,0.036411150349602406,0.0,,0.01017352483219487,1.2860496136553485,1.28183019827613,True,28.0,9.237308544789326e-13,4.1503810766964046e-09,1.0545449206959168,191.9374258702895,6,vox,-1.0,0.365234375,1.1116688142506153,-8.213650736577678,1.0,0.00020834663089920553,0.00010350060751128567,False
284,left,LAD,prox,20.0,60,discrete,"[0.9, 0.95)",0.899487683403889,0,5,284_left_LAD_prox_20mm_60ds_discrete_clean_none,clean,,ok,True,5,2,131.80288957373534,131.80288957373534,131.80288957373534,1.0,0.899487683403889,0.0,0.0,,0.0,1.2677855347300773,1.2677855347300773,True,28.0,1.351773910953431e-12,1.6690675586993276e-08,1.0545449206959168,190.21948529599337,5,,,,,,,,,
284,left,LAD,prox,20.0,60,discrete,"[0.9, 0.95)",0.899487683403889,0,5,284_left_LAD_prox_20mm_60ds_discrete_T5_vox_narrow_A_fixed,T5_vox_narrow,A_fixed,ok,True,5,2,131.80288957373534,131.80288957373534,131.80288957373534,1.0,0.820522420264285,-0.07896526313960395,0.0,,0.04125717472546426,1.2292322714679722,1.2677855347300773,True,28.0,2.0110647222184368e-12,1.6690675586993276e-08,1.0545449206959168,190.21948529599337,5,vox,1.0,0.365234375,1.1116688142506153,8.213650736577678,,,,
284,left,LAD,prox,20.0,60,discrete,"[0.9, 0.95)",0.899487683403889,0,5,284_left_LAD_prox_20mm_60ds_discrete_T5_vox_narrow_B_rederived,T5_vox_narrow,B_rederived,ok,True,5,2,131.80288957373534,131.80288957373534,131.80288957373534,1.0,0.820522420264285,-0.07896526313960395,0.0,,0.04125717472546426,1.2292322714679722,1.2677855347300773,True,28.0,2.0110647222184368e-12,1.6690675586993276e-08,1.0545449206959168,190.21948529599337,5,vox,1.0,0.365234375,1.1116688142506153,8.213650736577678,,,,
284,left,LAD,prox,20.0,60,discrete,"[0.9, 0.95)",0.899487683403889,0,5,284_left_LAD_prox_20mm_60ds_discrete_T5_vox_narrow_C_flowmatched,T5_vox_narrow,C_flowmatched,ok,True,5,2,131.80288957373534,127.71866957850393,127.71866957850393,0.9690126672606328,0.8150323952600841,-0.08445528814380487,0.0,,0.031695875730887765,1.2623881581040166,1.2677855347300773,True,28.0,9.762709910919954e-14,1.6690675586993276e-08,1.0545449206959168,190.21948529599337,5,vox,1.0,0.365234375,1.1116688142506153,8.213650736577678,1.0,0.0017021544663274866,0.0010046285383478802,False
284,left,LAD,prox,20.0,60,discrete,"[0.9, 0.95)",0.899487683403889,0,5,284_left_LAD_prox_20mm_60ds_discrete_T5_vox_wide_A_fixed,T5_vox_wide,A_fixed,ok,True,5,2,131.80288957373534,131.80288957373534,131.80288957373534,1.0,0.9347556988616206,0.035268015457731616,0.0,,0.01812991845623666,1.2847272551426754,1.2677855347300773,True,28.0,1.9957300050071916e-12,1.6690675586993276e-08,1.0545449206959168,190.21948529599337,5,vox,-1.0,0.365234375,1.1116688142506153,-8.213650736577678,,,,
284,left,LAD,prox,20.0,60,discrete,"[0.9, 0.95)",0.899487683403889,0,5,284_left_LAD_prox_20mm_60ds_discrete_T5_vox_wide_B_rederived,T5_vox_wide,B_rederived,ok,True,5,2,131.80288957373534,131.80288957373534,131.80288957373534,1.0,0.9347556988616206,0.035268015457731616,0.0,,0.01812991845623666,1.2847272551426754,1.2677855347300773,True,28.0,1.9957300050071916e-12,1.6690675586993276e-08,1.0545449206959168,190.21948529599337,5,vox,-1.0,0.365234375,1.1116688142506153,-8.213650736577678,,,,
284,left,LAD,prox,20.0,60,discrete,"[0.9, 0.95)",0.899487683403889,0,5,284_left_LAD_prox_20mm_60ds_discrete_T5_vox_wide_C_flowmatched,T5_vox_wide,C_flowmatched,ok,True,5,2,131.80288957373534,133.70837250050423,133.70837250050423,1.0144570648862967,0.9356881958651595,0.03620051246127054,0.0,,0.012732716911683603,1.268356872876708,1.2677855347300773,True,28.0,3.335756412104452e-13,1.6690675586993276e-08,1.0545449206959168,190.21948529599337,5,vox,-1.0,0.365234375,1.1116688142506153,-8.213650736577678,1.0,0.00032869394322979073,0.00016212207995307365,False
328,left,LAD,mid,20.0,60,leaky,"[0.9, 0.95)",0.9116362758505024,0,5,328_left_LAD_mid_20mm_60ds_leaky_clean_none,clean,,ok,True,5,2,35.62133292488755,35.62133292488755,35.62133292488755,1.0,0.9116362758505024,0.0,0.0,,0.0,1.2628388695122899,1.2628388695122899,True,28.0,1.0898640304771179e-11,4.22798457835634e-09,1.0474807937180834,279.5697648075753,5,,,,,,,,,
328,left,LAD,mid,20.0,60,leaky,"[0.9, 0.95)",0.9116362758505024,0,5,328_left_LAD_mid_20mm_60ds_leaky_T5_vox_narrow_A_fixed,T5_vox_narrow,A_fixed,ok,True,5,2,35.62133292488755,35.62133292488755,35.62133292488755,1.0,0.8587393641088905,-0.05289691174161193,0.0,,0.03311790755366807,1.2336059392933376,1.2628388695122899,True,28.0,9.803040827508568e-12,4.22798457835634e-09,1.0474807937180834,279.5697648075753,5,vox,1.0,0.353515625,1.2127746545498086,7.28733123820162,,,,
328,left,LAD,mid,20.0,60,leaky,"[0.9, 0.95)",0.9116362758505024,0,5,328_left_LAD_mid_20mm_60ds_leaky_T5_vox_narrow_B_rederived,T5_vox_narrow,B_rederived,ok,True,5,2,35.62133292488755,35.62133292488755,35.62133292488755,1.0,0.8587393641088905,-0.05289691174161193,0.0,,0.03311790755366807,1.2336059392933376,1.2628388695122899,True,28.0,9.803040827508568e-12,4.22798457835634e-09,1.0474807937180834,279.5697648075753,5,vox,1.0,0.353515625,1.2127746545498086,7.28733123820162,,,,
328,left,LAD,mid,20.0,60,leaky,"[0.9, 0.95)",0.9116362758505024,0,5,328_left_LAD_mid_20mm_60ds_leaky_T5_vox_narrow_C_flowmatched,T5_vox_narrow,C_flowmatched,ok,True,5,2,35.62133292488755,34.799438560002926,34.799438560002926,0.9769269059465658,0.8551903877257648,-0.05644588812473761,0.0,,0.02559814652786429,1.259989988051596,1.2628388695122899,True,28.0,9.87994475004501e-12,4.22798457835634e-09,1.0474807937180834,279.5697648075753,5,vox,1.0,0.353515625,1.2127746545498086,7.28733123820162,1.0,0.0010967958007333046,0.0006552651056620105,False
328,left,LAD,mid,20.0,60,leaky,"[0.9, 0.95)",0.9116362758505024,0,5,328_left_LAD_mid_20mm_60ds_leaky_T5_vox_wide_A_fixed,T5_vox_wide,A_fixed,ok,True,5,2,35.62133292488755,35.62133292488755,35.62133292488755,1.0,0.9366471222951653,0.025010846444662893,0.0,,0.015658651440060255,1.2766606444477637,1.2628388695122899,True,28.0,8.037507011672636e-12,4.22798457835634e-09,1.0474807937180834,279.5697648075753,5,vox,-1.0,0.353515625,1.2127746545498086,-7.28733123820162,,,,
328,left,LAD,mid,20.0,60,leaky,"[0.9, 0.95)",0.9116362758505024,0,5,328_left_LAD_mid_20mm_60ds_leaky_T5_vox_wide_B_rederived,T5_vox_wide,B_rederived,ok,True,5,2,35.62133292488755,35.62133292488755,35.62133292488755,1.0,0.9366471222951653,0.025010846444662893,0.0,,0.015658651440060255,1.2766606444477637,1.2628388695122899,True,28.0,8.037507011672636e-12,4.22798457835634e-09,1.0474807937180834,279.5697648075753,5,vox,-1.0,0.353515625,1.2127746545498086,-7.28733123820162,,,,
328,left,LAD,mid,20.0,60,leaky,"[0.9, 0.95)",0.9116362758505024,0,5,328_left_LAD_mid_20mm_60ds_leaky_T5_vox_wide_C_flowmatched,T5_vox_wide,C_flowmatched,ok,True,5,2,35.62133292488755,36.03199983257282,36.03199983257282,1.0115286788552025,0.9374066170146578,0.02577034116415533,0.0,,0.011234595426967399,1.2628825253686615,1.2628388695122899,True,28.0,1.2050047114182984e-11,4.22798457835634e-09,1.0474807937180834,279.5697648075753,5,vox,-1.0,0.353515625,1.2127746545498086,-7.28733123820162,1.0,0.00024519336492130107,0.00012621613440763678,False
328,left,LAD,mid,20.0,60,discrete,"[0.9, 0.95)",0.9016375398089309,0,5,328_left_LAD_mid_20mm_60ds_discrete_clean_none,clean,,ok,True,5,2,153.0100420437035,153.0100420437035,153.0100420437035,1.0,0.9016375398089309,0.0,0.0,,0.0,1.2462593949774523,1.2462593949774523,True,28.0,7.437351983801647e-12,1.890207171775754e-08,1.0474807937180834,279.5697648075753,5,,,,,,,,,
328,left,LAD,mid,20.0,60,discrete,"[0.9, 0.95)",0.9016375398089309,0,5,328_left_LAD_mid_20mm_60ds_discrete_T5_vox_narrow_A_fixed,T5_vox_narrow,A_fixed,ok,True,5,2,153.0100420437035,153.0100420437035,153.0100420437035,1.0,0.8490916097706126,-0.05254593003831831,0.0,,0.03073976335209808,1.2168649823478055,1.2462593949774523,True,28.0,3.816073633843493e-12,1.890207171775754e-08,1.0474807937180834,279.5697648075753,5,vox,1.0,0.353515625,1.2127746545498086,7.28733123820162,,,,
328,left,LAD,mid,20.0,60,discrete,"[0.9, 0.95)",0.9016375398089309,0,5,328_left_LAD_mid_20mm_60ds_discrete_T5_vox_narrow_B_rederived,T5_vox_narrow,B_rederived,ok,True,5,2,153.0100420437035,153.0100420437035,153.0100420437035,1.0,0.8490916097706126,-0.05254593003831831,0.0,,0.03073976335209808,1.2168649823478055,1.2462593949774523,True,28.0,3.816073633843493e-12,1.890207171775754e-08,1.0474807937180834,279.5697648075753,5,vox,1.0,0.353515625,1.2127746545498086,7.28733123820162,,,,
328,left,LAD,mid,20.0,60,discrete,"[0.9, 0.95)",0.9016375398089309,0,5,328_left_LAD_mid_20mm_60ds_discrete_T5_vox_narrow_C_flowmatched,T5_vox_narrow,C_flowmatched,ok,True,5,2,153.0100420437035,149.59817386626506,149.59817386626506,0.9777016715251675,0.8457762551153793,-0.05586128469355156,0.0,,0.02378848154319093,1.2407795033199072,1.2462593949774523,True,28.0,3.4093844115783264e-12,1.890207171775754e-08,1.0474807937180834,279.5697648075753,5,vox,1.0,0.353515625,1.2127746545498086,7.28733123820162,1.0,0.0009449330509429921,0.0005658918541307355,False
328,left,LAD,mid,20.0,60,discrete,"[0.9, 0.95)",0.9016375398089309,0,5,328_left_LAD_mid_20mm_60ds_discrete_T5_vox_wide_A_fixed,T5_vox_wide,A_fixed,ok,True,5,2,153.0100420437035,153.0100420437035,153.0100420437035,1.0,0.926490090081007,0.024852550272076113,0.0,,0.01453552361524362,1.2601587595759343,1.2462593949774523,True,28.0,8.848194622057789e-12,1.890207171775754e-08,1.0474807937180834,279.5697648075753,5,vox,-1.0,0.353515625,1.2127746545498086,-7.28733123820162,,,,
328,left,LAD,mid,20.0,60,discrete,"[0.9, 0.95)",0.9016375398089309,0,5,328_left_LAD_mid_20mm_60ds_discrete_T5_vox_wide_B_rederived,T5_vox_wide,B_rederived,ok,True,5,2,153.0100420437035,153.0100420437035,153.0100420437035,1.0,0.926490090081007,0.024852550272076113,0.0,,0.01453552361524362,1.2601587595759343,1.2462593949774523,True,28.0,8.848194622057789e-12,1.890207171775754e-08,1.0474807937180834,279.5697648075753,5,vox,-1.0,0.353515625,1.2127746545498086,-7.28733123820162,,,,
328,left,LAD,mid,20.0,60,discrete,"[0.9, 0.95)",0.9016375398089309,0,5,328_left_LAD_mid_20mm_60ds_discrete_T5_vox_wide_C_flowmatched,T5_vox_wide,C_flowmatched,ok,True,5,2,153.0100420437035,154.71010826260573,154.71010826260573,1.0111108146641556,0.9272601056297448,0.025622565820813903,0.0,,0.010530891715199097,1.2476904707644993,1.2462593949774523,True,28.0,2.543935604199846e-12,1.890207171775754e-08,1.0474807937180834,279.5697648075753,5,vox,-1.0,0.353515625,1.2127746545498086,-7.28733123820162,1.0,0.00021128144676930494,0.00011089968031724896,False
546,left,LAD,prox,10.0,50,leaky,"[0.9, 0.95)",0.9279320856058655,0,5,546_left_LAD_prox_10mm_50ds_leaky_clean_none,clean,,ok,True,5,2,28.787843746112905,28.787843746112905,28.787843746112905,1.0,0.9279320856058655,0.0,0.0,,0.0,1.3351579325455099,1.3351579325455099,True,28.0,4.6207001590925345e-12,3.6317741295978597e-09,1.0704246996272062,186.2453070789544,5,,,,,,,,,
546,left,LAD,prox,10.0,50,leaky,"[0.9, 0.95)",0.9279320856058655,0,5,546_left_LAD_prox_10mm_50ds_leaky_T5_vox_narrow_A_fixed,T5_vox_narrow,A_fixed,ok,True,5,2,28.787843746112905,28.787843746112905,28.787843746112905,1.0,0.8909624722418479,-0.036969613364017606,0.0,,0.019565420656450005,1.3105489896509293,1.3351579325455099,True,28.0,2.190698857799402e-12,3.6317741295978597e-09,1.0704246996272062,186.2453070789544,5,vox,1.0,0.318359375,1.0190524507971195,7.810181280437874,,,,
546,left,LAD,prox,10.0,50,leaky,"[0.9, 0.95)",0.9279320856058655,0,5,546_left_LAD_prox_10mm_50ds_leaky_T5_vox_narrow_B_rederived,T5_vox_narrow,B_rederived,ok,True,5,2,28.787843746112905,28.787843746112905,28.787843746112905,1.0,0.8909624722418479,-0.036969613364017606,0.0,,0.019565420656450005,1.3105489896509293,1.3351579325455099,True,28.0,2.190698857799402e-12,3.6317741295978597e-09,1.0704246996272062,186.2453070789544,5,vox,1.0,0.318359375,1.0190524507971195,7.810181280437874,,,,
546,left,LAD,prox,10.0,50,leaky,"[0.9, 0.95)",0.9279320856058655,0,5,546_left_LAD_prox_10mm_50ds_leaky_T5_vox_narrow_C_flowmatched,T5_vox_narrow,C_flowmatched,ok,True,5,2,28.787843746112905,28.378122552375167,28.378122552375167,0.9857675622616556,0.8891440131785743,-0.03878807242729121,0.0,,0.014593033950965157,1.3276083301523405,1.3351579325455099,True,28.0,3.853765183189008e-12,3.6317741295978597e-09,1.0704246996272062,186.2453070789544,5,vox,1.0,0.318359375,1.0190524507971195,7.810181280437874,1.0,0.00038280568546384053,0.00021295663989402176,False
546,left,LAD,prox,10.0,50,leaky,"[0.9, 0.95)",0.9279320856058655,0,5,546_left_LAD_prox_10mm_50ds_leaky_T5_vox_wide_A_fixed,T5_vox_wide,A_fixed,ok,True,5,2,28.787843746112905,28.787843746112905,28.787843746112905,1.0,0.9464051275001129,0.018473041894247366,0.0,,0.009776334340843188,1.34745438441706,1.3351579325455099,True,28.0,3.3893465679984112e-12,3.6317741295978597e-09,1.0704246996272062,186.2453070789544,5,vox,-1.0,0.318359375,1.0190524507971195,-7.810181280437874,,,,
546,left,LAD,prox,10.0,50,leaky,"[0.9, 0.95)",0.9279320856058655,0,5,546_left_LAD_prox_10mm_50ds_leaky_T5_vox_wide_B_rederived,T5_vox_wide,B_rederived,ok,True,5,2,28.787843746112905,28.787843746112905,28.787843746112905,1.0,0.9464051275001129,0.018473041894247366,0.0,,0.009776334340843188,1.34745438441706,1.3351579325455099,True,28.0,3.3893465679984112e-12,3.6317741295978597e-09,1.0704246996272062,186.2453070789544,5,vox,-1.0,0.318359375,1.0190524507971195,-7.810181280437874,,,,
546,left,LAD,prox,10.0,50,leaky,"[0.9, 0.95)",0.9279320856058655,0,5,546_left_LAD_prox_10mm_50ds_leaky_T5_vox_wide_C_flowmatched,T5_vox_wide,C_flowmatched,ok,True,5,2,28.787843746112905,28.998342903742596,28.998342903742596,1.0073120849024377,0.9468218521763255,0.018889766570460043,0.0,,0.00694398988912024,1.3382670440754052,1.3351579325455099,True,28.0,2.7833214619166164e-13,3.6317741295978597e-09,1.0704246996272062,186.2453070789544,5,vox,-1.0,0.318359375,1.0190524507971195,-7.810181280437874,1.0,9.557671314394983e-05,4.8218995580204125e-05,False
546,left,LAD,prox,10.0,50,discrete,"[0.9, 0.95)",0.9341968636440194,0,5,546_left_LAD_prox_10mm_50ds_discrete_clean_none,clean,,ok,True,5,2,107.61810184412728,107.61810184412728,107.61810184412728,1.0,0.9341968636440194,0.0,0.0,,0.0,1.3217120946258951,1.3217120946258951,True,28.0,9.961534123547157e-12,1.400592659914856e-08,1.0704246996272062,186.2453070789544,5,,,,,,,,,
546,left,LAD,prox,10.0,50,discrete,"[0.9, 0.95)",0.9341968636440194,0,5,546_left_LAD_prox_10mm_50ds_discrete_T5_vox_narrow_A_fixed,T5_vox_narrow,A_fixed,ok,True,5,2,107.61810184412728,107.61810184412728,107.61810184412728,1.0,0.9007796500584695,-0.03341721358554994,0.0,,0.018080386243706035,1.3011976024280996,1.3217120946258951,True,28.0,8.456186610348583e-12,1.400592659914856e-08,1.0704246996272062,186.2453070789544,5,vox,1.0,0.318359375,1.0190524507971195,7.810181280437874,,,,
546,left,LAD,prox,10.0,50,discrete,"[0.9, 0.95)",0.9341968636440194,0,5,546_left_LAD_prox_10mm_50ds_discrete_T5_vox_narrow_B_rederived,T5_vox_narrow,B_rederived,ok,True,5,2,107.61810184412728,107.61810184412728,107.61810184412728,1.0,0.9007796500584695,-0.03341721358554994,0.0,,0.018080386243706035,1.3011976024280996,1.3217120946258951,True,28.0,8.456186610348583e-12,1.400592659914856e-08,1.0704246996272062,186.2453070789544,5,vox,1.0,0.318359375,1.0190524507971195,7.810181280437874,,,,
546,left,LAD,prox,10.0,50,discrete,"[0.9, 0.95)",0.9341968636440194,0,5,546_left_LAD_prox_10mm_50ds_discrete_T5_vox_narrow_C_flowmatched,T5_vox_narrow,C_flowmatched,ok,True,5,2,107.61810184412728,106.13327219201247,106.13327219201247,0.9862027890599165,0.8992362795648131,-0.034960584079206325,0.0,,0.013425878044452243,1.317009046589413,1.3217120946258951,True,28.0,9.567000987027098e-12,1.400592659914856e-08,1.0704246996272062,186.2453070789544,5,vox,1.0,0.318359375,1.0190524507971195,7.810181280437874,1.0,0.00032690036672159437,0.0001802542012645048,False
546,left,LAD,prox,10.0,50,discrete,"[0.9, 0.95)",0.9341968636440194,0,5,546_left_LAD_prox_10mm_50ds_discrete_T5_vox_wide_A_fixed,T5_vox_wide,A_fixed,ok,True,5,2,107.61810184412728,107.61810184412728,107.61810184412728,1.0,0.9507779222295324,0.016581058585512953,0.0,,0.00897118314299407,1.331891040150806,1.3217120946258951,True,28.0,8.52698712914214e-12,1.400592659914856e-08,1.0704246996272062,186.2453070789544,5,vox,-1.0,0.318359375,1.0190524507971195,-7.810181280437874,,,,
546,left,LAD,prox,10.0,50,discrete,"[0.9, 0.95)",0.9341968636440194,0,5,546_left_LAD_prox_10mm_50ds_discrete_T5_vox_wide_B_rederived,T5_vox_wide,B_rederived,ok,True,5,2,107.61810184412728,107.61810184412728,107.61810184412728,1.0,0.9507779222295324,0.016581058585512953,0.0,,0.00897118314299407,1.331891040150806,1.3217120946258951,True,28.0,8.52698712914214e-12,1.400592659914856e-08,1.0704246996272062,186.2453070789544,5,vox,-1.0,0.318359375,1.0190524507971195,-7.810181280437874,,,,
546,left,LAD,prox,10.0,50,discrete,"[0.9, 0.95)",0.9341968636440194,0,5,546_left_LAD_prox_10mm_50ds_discrete_T5_vox_wide_C_flowmatched,T5_vox_wide,C_flowmatched,ok,True,5,2,107.61810184412728,108.37352652902479,108.37352652902479,1.0070194946013047,0.9511289660211226,0.016932102377103186,0.0,,0.0063652305654098825,1.323534485789584,1.3217120946258951,True,28.0,3.5545977817726024e-12,1.400592659914856e-08,1.0704246996272062,186.2453070789544,5,vox,-1.0,0.318359375,1.0190524507971195,-7.810181280437874,1.0,8.048212698514097e-05,4.051616015082822e-05,False
675,left,LAD,prox,10.0,50,leaky,"[0.9, 0.95)",0.9399868994091823,0,6,675_left_LAD_prox_10mm_50ds_leaky_clean_none,clean,,ok,True,6,3,16.21612342213432,16.21612342213432,16.21612342213432,1.0,0.9399868994091823,0.0,0.0,,0.0,4.4452671444270635,4.4452671444270635,True,28.0,2.896316549705309e-12,6.731249364482839e-09,1.5919825724486614,185.43218217646674,6,,,,,,,,,
675,left,LAD,prox,10.0,50,leaky,"[0.9, 0.95)",0.9399868994091823,0,6,675_left_LAD_prox_10mm_50ds_leaky_T5_vox_narrow_A_fixed,T5_vox_narrow,A_fixed,ok,True,6,3,16.21612342213432,16.21612342213432,16.21612342213432,1.0,0.9238071197038115,-0.016179779705370878,0.0,,0.007118249381987525,4.415973743040459,4.4452671444270635,True,28.0,1.9560899812216604e-12,6.731249364482839e-09,1.5919825724486614,185.43218217646674,6,vox,1.0,0.357421875,1.7036206787292976,5.245033114803981,,,,
675,left,LAD,prox,10.0,50,leaky,"[0.9, 0.95)",0.9399868994091823,0,6,675_left_LAD_prox_10mm_50ds_leaky_T5_vox_narrow_B_rederived,T5_vox_narrow,B_rederived,ok,True,6,3,16.21612342213432,16.21612342213432,16.21612342213432,1.0,0.9238071197038115,-0.016179779705370878,0.0,,0.007118249381987525,4.415973743040459,4.4452671444270635,True,28.0,1.9560899812216604e-12,6.731249364482839e-09,1.5919825724486614,185.43218217646674,6,vox,1.0,0.357421875,1.7036206787292976,5.245033114803981,,,,
675,left,LAD,prox,10.0,50,leaky,"[0.9, 0.95)",0.9399868994091823,0,6,675_left_LAD_prox_10mm_50ds_leaky_T5_vox_narrow_C_flowmatched,T5_vox_narrow,C_flowmatched,ok,True,6,3,16.21612342213432,16.150027368380282,16.150027368380282,0.9959240533613712,0.9234153499120182,-0.016571549497164106,0.0,,0.006002509566828397,4.432714273203596,4.4452671444270635,True,28.0,3.175861721669756e-12,6.731249364482839e-09,1.5919825724486614,185.43218217646674,6,vox,1.0,0.357421875,1.7036206787292976,5.245033114803981,1.0,5.066947426416579e-05,3.603012109986643e-05,False
675,left,LAD,prox,10.0,50,leaky,"[0.9, 0.95)",0.9399868994091823,0,6,675_left_LAD_prox_10mm_50ds_leaky_T5_vox_wide_A_fixed,T5_vox_wide,A_fixed,ok,True,6,3,16.21612342213432,16.21612342213432,16.21612342213432,1.0,0.9496825912220789,0.009695691812896534,0.0,,0.004265776702425625,4.462821897343373,4.4452671444270635,True,28.0,2.652231856256147e-12,6.731249364482839e-09,1.5919825724486614,185.43218217646674,6,vox,-1.0,0.357421875,1.7036206787292976,-5.245033114803981,,,,
675,left,LAD,prox,10.0,50,leaky,"[0.9, 0.95)",0.9399868994091823,0,6,675_left_LAD_prox_10mm_50ds_leaky_T5_vox_wide_B_rederived,T5_vox_wide,B_rederived,ok,True,6,3,16.21612342213432,16.21612342213432,16.21612342213432,1.0,0.9496825912220789,0.009695691812896534,0.0,,0.004265776702425625,4.462821897343373,4.4452671444270635,True,28.0,2.652231856256147e-12,6.731249364482839e-09,1.5919825724486614,185.43218217646674,6,vox,-1.0,0.357421875,1.7036206787292976,-5.245033114803981,,,,
675,left,LAD,prox,10.0,50,leaky,"[0.9, 0.95)",0.9399868994091823,0,6,675_left_LAD_prox_10mm_50ds_leaky_T5_vox_wide_C_flowmatched,T5_vox_wide,C_flowmatched,ok,True,6,3,16.21612342213432,16.25689510141011,16.25689510141011,1.0025142679427401,0.9498247984025858,0.009837898993403482,0.0,,0.00353768792351055,4.452265883344774,4.4452671444270635,True,28.0,6.481736102263972e-13,6.731249364482839e-09,1.5919825724486614,185.43218217646674,6,vox,-1.0,0.357421875,1.7036206787292976,-5.245033114803981,1.0,1.819685087495724e-05,1.2515235844152387e-05,False
675,left,LAD,prox,10.0,50,discrete,"[0.9, 0.95)",0.9290118051910995,0,5,675_left_LAD_prox_10mm_50ds_discrete_clean_none,clean,,ok,True,5,3,33.44053653942374,33.44053653942374,33.44053653942374,1.0,0.9290118051910995,0.0,0.0,,0.0,4.141716139221451,4.141716139221451,True,27.0,4.599896373686529e-12,1.520689606870658e-08,1.5919825724486614,185.43218217646674,5,,,,,,,,,
675,left,LAD,prox,10.0,50,discrete,"[0.9, 0.95)",0.9290118051910995,0,5,675_left_LAD_prox_10mm_50ds_discrete_T5_vox_narrow_A_fixed,T5_vox_narrow,A_fixed,ok,True,5,3,33.44053653942374,33.44053653942374,33.44053653942374,1.0,0.9127867627507406,-0.01622504244035894,0.0,,0.007370061747845098,4.111683558124534,4.141716139221451,True,27.0,6.8567155565034945e-12,1.520689606870658e-08,1.5919825724486614,185.43218217646674,5,vox,1.0,0.357421875,1.7036206787292976,5.245033114803981,,,,
675,left,LAD,prox,10.0,50,discrete,"[0.9, 0.95)",0.9290118051910995,0,5,675_left_LAD_prox_10mm_50ds_discrete_T5_vox_narrow_B_rederived,T5_vox_narrow,B_rederived,ok,True,5,3,33.44053653942374,33.44053653942374,33.44053653942374,1.0,0.9127867627507406,-0.01622504244035894,0.0,,0.007370061747845098,4.111683558124534,4.141716139221451,True,27.0,6.8567155565034945e-12,1.520689606870658e-08,1.5919825724486614,185.43218217646674,5,vox,1.0,0.357421875,1.7036206787292976,5.245033114803981,,,,
675,left,LAD,prox,10.0,50,discrete,"[0.9, 0.95)",0.9290118051910995,0,5,675_left_LAD_prox_10mm_50ds_discrete_T5_vox_narrow_C_flowmatched,T5_vox_narrow,C_flowmatched,ok,True,5,3,33.44053653942374,33.270291042137174,33.270291042137174,0.994909008200695,0.9123178221163669,-0.016693983074732577,0.0,,0.006157520296102429,4.128153600790668,4.141716139221451,True,27.0,4.379457010207442e-12,1.520689606870658e-08,1.5919825724486614,185.43218217646674,5,vox,1.0,0.357421875,1.7036206787292976,5.245033114803981,1.0,5.4317810167049545e-05,3.7915056196913346e-05,False
675,left,LAD,prox,10.0,50,discrete,"[0.9, 0.95)",0.9290118051910995,0,5,675_left_LAD_prox_10mm_50ds_discrete_T5_vox_wide_A_fixed,T5_vox_wide,A_fixed,ok,True,5,3,33.44053653942374,33.44053653942374,33.44053653942374,1.0,0.9387405486569051,0.009728743465805656,0.0,,0.0044193510502736275,4.159724742489837,4.141716139221451,True,28.0,4.886848279530269e-12,1.520689606870658e-08,1.5919825724486614,185.43218217646674,5,vox,-1.0,0.357421875,1.7036206787292976,-5.245033114803981,,,,
675,left,LAD,prox,10.0,50,discrete,"[0.9, 0.95)",0.9290118051910995,0,5,675_left_LAD_prox_10mm_50ds_discrete_T5_vox_wide_B_rederived,T5_vox_wide,B_rederived,ok,True,5,3,33.44053653942374,33.44053653942374,33.44053653942374,1.0,0.9387405486569051,0.009728743465805656,0.0,,0.0044193510502736275,4.159724742489837,4.141716139221451,True,28.0,4.886848279530269e-12,1.520689606870658e-08,1.5919825724486614,185.43218217646674,5,vox,-1.0,0.357421875,1.7036206787292976,-5.245033114803981,,,,
675,left,LAD,prox,10.0,50,discrete,"[0.9, 0.95)",0.9290118051910995,0,5,675_left_LAD_prox_10mm_50ds_discrete_T5_vox_wide_C_flowmatched,T5_vox_wide,C_flowmatched,ok,True,5,3,33.44053653942374,33.54557927686338,33.54557927686338,1.0031411797868675,0.938920457198124,0.00990865200702451,0.0,,0.0036252886674803192,4.149297231984137,4.141716139221451,True,28.0,4.936895009230883e-12,1.520689606870658e-08,1.5919825724486614,185.43218217646674,5,vox,-1.0,0.357421875,1.7036206787292976,-5.245033114803981,1.0,1.953066370555461e-05,1.3142717922561229e-05,False
954,left,LAD,prox,10.0,40,leaky,"[0.9, 0.95)",0.9296459696445225,0,4,954_left_LAD_prox_10mm_40ds_leaky_clean_none,clean,,ok,True,4,2,12.15124301207484,12.15124301207484,12.15124301207484,1.0,0.9296459696445225,0.0,0.0,,0.0,2.011905994940242,2.011905994940242,True,28.0,6.40524919749528e-12,2.4091131201187323e-09,1.2285778062917587,150.2827417745337,4,,,,,,,,,
954,left,LAD,prox,10.0,40,leaky,"[0.9, 0.95)",0.9296459696445225,0,4,954_left_LAD_prox_10mm_40ds_leaky_T5_vox_narrow_A_fixed,T5_vox_narrow,A_fixed,ok,True,4,2,12.15124301207484,12.15124301207484,12.15124301207484,1.0,0.9078951948281868,-0.021750774816335694,0.0,,0.017533542257289942,1.9809511428487963,2.011905994940242,True,27.0,6.334731252142898e-12,2.4091131201187323e-09,1.2285778062917587,150.2827417745337,4,vox,1.0,0.318359375,1.1777133098856407,6.757998154723105,,,,
954,left,LAD,prox,10.0,40,leaky,"[0.9, 0.95)",0.9296459696445225,0,4,954_left_LAD_prox_10mm_40ds_leaky_T5_vox_narrow_B_rederived,T5_vox_narrow,B_rederived,ok,True,4,2,12.15124301207484,12.15124301207484,12.15124301207484,1.0,0.9078951948281868,-0.021750774816335694,0.0,,0.017533542257289942,1.9809511428487963,2.011905994940242,True,27.0,6.334731252142898e-12,2.4091131201187323e-09,1.2285778062917587,150.2827417745337,4,vox,1.0,0.318359375,1.1777133098856407,6.757998154723105,,,,
954,left,LAD,prox,10.0,40,leaky,"[0.9, 0.95)",0.9296459696445225,0,4,954_left_LAD_prox_10mm_40ds_leaky_T5_vox_narrow_C_flowmatched,T5_vox_narrow,C_flowmatched,ok,True,4,2,12.15124301207484,11.989821054101428,11.989821054101428,0.9867156012094397,0.9064749895321295,-0.023170980112393047,0.0,,0.013136550036322516,2.0039355782346675,2.011905994940242,True,27.0,2.978025189381276e-12,2.4091131201187323e-09,1.2285778062917587,150.2827417745337,4,vox,1.0,0.318359375,1.1777133098856407,6.757998154723105,1.0,0.0003074251040881721,0.0001725689468568051,False
954,left,LAD,prox,10.0,40,leaky,"[0.9, 0.95)",0.9296459696445225,0,4,954_left_LAD_prox_10mm_40ds_leaky_T5_vox_wide_A_fixed,T5_vox_wide,A_fixed,ok,True,4,2,12.15124301207484,12.15124301207484,12.15124301207484,1.0,0.9421092302973523,0.012463260652829766,0.0,,0.010045373257631158,2.029640748066799,2.011905994940242,True,28.0,7.182274516379951e-12,2.4091131201187323e-09,1.2285778062917587,150.2827417745337,4,vox,-1.0,0.318359375,1.1777133098856407,-6.757998154723105,,,,
954,left,LAD,prox,10.0,40,leaky,"[0.9, 0.95)",0.9296459696445225,0,4,954_left_LAD_prox_10mm_40ds_leaky_T5_vox_wide_B_rederived,T5_vox_wide,B_rederived,ok,True,4,2,12.15124301207484,12.15124301207484,12.15124301207484,1.0,0.9421092302973523,0.012463260652829766,0.0,,0.010045373257631158,2.029640748066799,2.011905994940242,True,28.0,7.182274516379951e-12,2.4091131201187323e-09,1.2285778062917587,150.2827417745337,4,vox,-1.0,0.318359375,1.1777133098856407,-6.757998154723105,,,,
954,left,LAD,prox,10.0,40,leaky,"[0.9, 0.95)",0.9296459696445225,0,4,954_left_LAD_prox_10mm_40ds_leaky_T5_vox_wide_C_flowmatched,T5_vox_wide,C_flowmatched,ok,True,4,2,12.15124301207484,12.246339086701765,12.246339086701765,1.007826036771088,0.9425729936424129,0.012927023997890363,0.0,,0.007162583348758383,2.015480839359698,2.011905994940242,True,28.0,8.317644230698461e-12,2.4091131201187323e-09,1.2285778062917587,150.2827417745337,4,vox,-1.0,0.318359375,1.1777133098856407,-6.757998154723105,1.0,0.00010090952388513122,5.1302600227910856e-05,False
954,left,LAD,prox,10.0,40,discrete,"[0.9, 0.95)",0.9395968985122669,0,4,954_left_LAD_prox_10mm_40ds_discrete_clean_none,clean,,ok,True,4,2,71.49655937430728,71.49655937430728,71.49655937430728,1.0,0.9395968985122669,0.0,0.0,,0.0,1.989048914827959,1.989048914827959,True,28.0,4.405399874293009e-12,1.5075170932606862e-08,1.2285778062917587,150.2827417745337,4,,,,,,,,,
954,left,LAD,prox,10.0,40,discrete,"[0.9, 0.95)",0.9395968985122669,0,4,954_left_LAD_prox_10mm_40ds_discrete_T5_vox_narrow_A_fixed,T5_vox_narrow,A_fixed,ok,True,4,2,71.49655937430728,71.49655937430728,71.49655937430728,1.0,0.9217733519294358,-0.01782354658283114,0.0,,0.01414824887199041,1.9671587033456426,1.989048914827959,True,28.0,4.933235157990902e-12,1.5075170932606862e-08,1.2285778062917587,150.2827417745337,4,vox,1.0,0.318359375,1.1777133098856407,6.757998154723105,,,,
954,left,LAD,prox,10.0,40,discrete,"[0.9, 0.95)",0.9395968985122669,0,4,954_left_LAD_prox_10mm_40ds_discrete_T5_vox_narrow_B_rederived,T5_vox_narrow,B_rederived,ok,True,4,2,71.49655937430728,71.49655937430728,71.49655937430728,1.0,0.9217733519294358,-0.01782354658283114,0.0,,0.01414824887199041,1.9671587033456426,1.989048914827959,True,28.0,4.933235157990902e-12,1.5075170932606862e-08,1.2285778062917587,150.2827417745337,4,vox,1.0,0.318359375,1.1777133098856407,6.757998154723105,,,,
954,left,LAD,prox,10.0,40,discrete,"[0.9, 0.95)",0.9395968985122669,0,4,954_left_LAD_prox_10mm_40ds_discrete_T5_vox_narrow_C_flowmatched,T5_vox_narrow,C_flowmatched,ok,True,4,2,71.49655937430728,70.63381358137582,70.63381358137582,0.9879330446040807,0.920742478460062,-0.018854420052204945,0.0,,0.010229655150237315,1.9865539384037474,1.989048914827959,True,28.0,5.7235530068739726e-12,1.5075170932606862e-08,1.2285778062917587,150.2827417745337,4,vox,1.0,0.318359375,1.1777133098856407,6.757998154723105,1.0,0.00020017294614377794,0.0001046458444927768,False
954,left,LAD,prox,10.0,40,discrete,"[0.9, 0.95)",0.9395968985122669,0,4,954_left_LAD_prox_10mm_40ds_discrete_T5_vox_wide_A_fixed,T5_vox_wide,A_fixed,ok,True,4,2,71.49655937430728,71.49655937430728,71.49655937430728,1.0,0.9497381851996219,0.010141286687355033,0.0,,0.008048188679942427,2.00150109557599,1.989048914827959,True,28.0,5.224389712784614e-12,1.5075170932606862e-08,1.2285778062917587,150.2827417745337,4,vox,-1.0,0.318359375,1.1777133098856407,-6.757998154723105,,,,
954,left,LAD,prox,10.0,40,discrete,"[0.9, 0.95)",0.9395968985122669,0,4,954_left_LAD_prox_10mm_40ds_discrete_T5_vox_wide_B_rederived,T5_vox_wide,B_rederived,ok,True,4,2,71.49655937430728,71.49655937430728,71.49655937430728,1.0,0.9497381851996219,0.010141286687355033,0.0,,0.008048188679942427,2.00150109557599,1.989048914827959,True,28.0,5.224389712784614e-12,1.5075170932606862e-08,1.2285778062917587,150.2827417745337,4,vox,-1.0,0.318359375,1.1777133098856407,-6.757998154723105,,,,
954,left,LAD,prox,10.0,40,discrete,"[0.9, 0.95)",0.9395968985122669,0,4,954_left_LAD_prox_10mm_40ds_discrete_T5_vox_wide_C_flowmatched,T5_vox_wide,C_flowmatched,ok,True,4,2,71.49655937430728,71.99534858988393,71.99534858988393,1.0069764086543707,0.9500754140996402,0.010478515587373338,0.0,,0.005581460689847266,1.9899438831062661,1.989048914827959,True,28.0,2.8121009911598116e-12,1.5075170932606862e-08,1.2285778062917587,150.2827417745337,4,vox,-1.0,0.318359375,1.1777133098856407,-6.757998154723105,1.0,6.477334102795342e-05,3.1152703432310314e-05,False
52,left,LCX,prox,20.0,40,leaky,"[0.9, 0.95)",0.9045843522444732,0,8,52_left_LCX_prox_20mm_40ds_leaky_clean_none,clean,,ok,True,8,2,16.424286822627042,16.424286822627042,16.424286822627042,1.0,0.9045843522444732,0.0,0.0,,0.0,6.358688403970854,6.358688403970854,True,28.0,2.318631538966653e-12,9.842018134292856e-09,1.7993717157459777,264.53027787357377,8,,,,,,,,,
52,left,LCX,prox,20.0,40,leaky,"[0.9, 0.95)",0.9045843522444732,0,8,52_left_LCX_prox_20mm_40ds_leaky_T5_vox_narrow_A_fixed,T5_vox_narrow,A_fixed,ok,True,8,2,16.424286822627042,16.424286822627042,16.424286822627042,1.0,0.8644489741723158,-0.04013537807215739,0.0,,0.028792521195346234,6.272214739819396,6.358688403970854,True,28.0,4.939550923700142e-12,9.842018134292856e-09,1.7993717157459777,264.53027787357377,8,vox,1.0,0.36328125,1.2664497924021378,7.171252507984279,,,,
52,left,LCX,prox,20.0,40,leaky,"[0.9, 0.95)",0.9045843522444732,0,8,52_left_LCX_prox_20mm_40ds_leaky_T5_vox_narrow_B_rederived,T5_vox_narrow,B_rederived,ok,True,8,2,16.424286822627042,16.424286822627042,16.424286822627042,1.0,0.8644489741723158,-0.04013537807215739,0.0,,0.028792521195346234,6.272214739819396,6.358688403970854,True,28.0,4.939550923700142e-12,9.842018134292856e-09,1.7993717157459777,264.53027787357377,8,vox,1.0,0.36328125,1.2664497924021378,7.171252507984279,,,,
52,left,LCX,prox,20.0,40,leaky,"[0.9, 0.95)",0.9045843522444732,0,8,52_left_LCX_prox_20mm_40ds_leaky_T5_vox_narrow_C_flowmatched,T5_vox_narrow,C_flowmatched,ok,True,8,2,16.424286822627042,16.088011060989967,16.088011060989967,0.9795257008557715,0.8613052924927453,-0.043279059751727855,0.0,,0.022278841099378104,6.391898895232427,6.358688403970854,True,28.0,1.778505788566074e-12,9.842018134292856e-09,1.7993717157459777,264.53027787357377,8,vox,1.0,0.36328125,1.2664497924021378,7.171252507984279,1.0,0.000829009276784462,0.000496346760731339,False
52,left,LCX,prox,20.0,40,leaky,"[0.9, 0.95)",0.9045843522444732,0,8,52_left_LCX_prox_20mm_40ds_leaky_T5_vox_wide_A_fixed,T5_vox_wide,A_fixed,ok,True,8,2,16.424286822627042,16.424286822627042,16.424286822627042,1.0,0.9283995833177475,0.023815231073274323,0.0,,0.017085799094651587,6.410002828381591,6.358688403970854,True,28.0,4.531954624171054e-12,9.842018134292856e-09,1.7993717157459777,264.53027787357377,8,vox,-1.0,0.36328125,1.2664497924021378,-7.171252507984279,,,,
52,left,LCX,prox,20.0,40,leaky,"[0.9, 0.95)",0.9045843522444732,0,8,52_left_LCX_prox_20mm_40ds_leaky_T5_vox_wide_B_rederived,T5_vox_wide,B_rederived,ok,True,8,2,16.424286822627042,16.424286822627042,16.424286822627042,1.0,0.9283995833177475,0.023815231073274323,0.0,,0.017085799094651587,6.410002828381591,6.358688403970854,True,28.0,4.531954624171054e-12,9.842018134292856e-09,1.7993717157459777,264.53027787357377,8,vox,-1.0,0.36328125,1.2664497924021378,-7.171252507984279,,,,
52,left,LCX,prox,20.0,40,leaky,"[0.9, 0.95)",0.9045843522444732,0,8,52_left_LCX_prox_20mm_40ds_leaky_T5_vox_wide_C_flowmatched,T5_vox_wide,C_flowmatched,ok,True,8,2,16.424286822627042,16.634844626433814,16.634844626433814,1.0128199054291172,0.9293639283970774,0.024779576152604177,0.0,,0.01227940649654955,6.333614387606498,6.358688403970854,True,28.0,5.957943678102485e-13,9.842018134292856e-09,1.7993717157459777,264.53027787357377,8,vox,-1.0,0.36328125,1.2664497924021378,-7.171252507984279,1.0,0.000291924530702797,0.00015078382390750327,False
52,left,LCX,prox,20.0,40,discrete,"[0.9, 0.95)",0.8696437120247386,0,8,52_left_LCX_prox_20mm_40ds_discrete_clean_none,clean,,ok,True,8,2,39.864534941404266,39.864534941404266,39.864534941404266,1.0,0.8696437120247386,0.0,0.0,,0.0,5.9688127873955565,5.9688127873955565,True,27.0,1.1267637033953174e-13,2.7173309335035535e-08,1.7993717157459777,264.53027787357377,8,,,,,,,,,
52,left,LCX,prox,20.0,40,discrete,"[0.9, 0.95)",0.8696437120247386,0,8,52_left_LCX_prox_20mm_40ds_discrete_T5_vox_narrow_A_fixed,T5_vox_narrow,A_fixed,ok,True,8,2,39.864534941404266,39.864534941404266,39.864534941404266,1.0,0.8160467906776314,-0.05359692134710714,0.0,,0.04638641150448441,5.817346923068392,5.9688127873955565,True,27.0,8.762489746593459e-13,2.7173309335035535e-08,1.7993717157459777,264.53027787357377,8,vox,1.0,0.36328125,1.2664497924021378,7.171252507984279,,,,
52,left,LCX,prox,20.0,40,discrete,"[0.9, 0.95)",0.8696437120247386,0,8,52_left_LCX_prox_20mm_40ds_discrete_T5_vox_narrow_B_rederived,T5_vox_narrow,B_rederived,ok,True,8,2,39.864534941404266,39.864534941404266,39.864534941404266,1.0,0.8160467906776314,-0.05359692134710714,0.0,,0.04638641150448441,5.817346923068392,5.9688127873955565,True,27.0,8.762489746593459e-13,2.7173309335035535e-08,1.7993717157459777,264.53027787357377,8,vox,1.0,0.36328125,1.2664497924021378,7.171252507984279,,,,
52,left,LCX,prox,20.0,40,discrete,"[0.9, 0.95)",0.8696437120247386,0,8,52_left_LCX_prox_20mm_40ds_discrete_T5_vox_narrow_C_flowmatched,T5_vox_narrow,C_flowmatched,ok,True,8,2,39.864534941404266,38.324960615152904,38.324960615152904,0.9613798498210417,0.8092153063788838,-0.06042840564585472,0.0,,0.03704022521011275,5.986716162885653,5.9688127873955565,True,27.0,5.157142929010605e-13,2.7173309335035535e-08,1.7993717157459777,264.53027787357377,8,vox,1.0,0.36328125,1.2664497924021378,7.171252507984279,1.0,0.0021516991722633633,0.001371978283615872,False
52,left,LCX,prox,20.0,40,discrete,"[0.9, 0.95)",0.8696437120247386,0,8,52_left_LCX_prox_20mm_40ds_discrete_T5_vox_wide_A_fixed,T5_vox_wide,A_fixed,ok,True,8,2,39.864534941404266,39.864534941404266,39.864534941404266,1.0,0.9027910976544604,0.03314738562972186,0.0,,0.028676561152330752,6.062450556715663,5.9688127873955565,True,28.0,1.118022750127116e-12,2.7173309335035535e-08,1.7993717157459777,264.53027787357377,8,vox,-1.0,0.36328125,1.2664497924021378,-7.171252507984279,,,,
52,left,LCX,prox,20.0,40,discrete,"[0.9, 0.95)",0.8696437120247386,0,8,52_left_LCX_prox_20mm_40ds_discrete_T5_vox_wide_B_rederived,T5_vox_wide,B_rederived,ok,True,8,2,39.864534941404266,39.864534941404266,39.864534941404266,1.0,0.9027910976544604,0.03314738562972186,0.0,,0.028676561152330752,6.062450556715663,5.9688127873955565,True,28.0,1.118022750127116e-12,2.7173309335035535e-08,1.7993717157459777,264.53027787357377,8,vox,-1.0,0.36328125,1.2664497924021378,-7.171252507984279,,,,
52,left,LCX,prox,20.0,40,discrete,"[0.9, 0.95)",0.8696437120247386,0,8,52_left_LCX_prox_20mm_40ds_discrete_T5_vox_wide_C_flowmatched,T5_vox_wide,C_flowmatched,ok,True,8,2,39.864534941404266,40.91256174099124,40.91256174099124,1.0262897033949459,0.9051311411095131,0.035487429084774536,0.0,,0.02025599867731511,5.941299307193477,5.9688127873955565,True,28.0,1.0400259321624679e-12,2.7173309335035535e-08,1.7993717157459777,264.53027787357377,8,vox,-1.0,0.36328125,1.2664497924021378,-7.171252507984279,1.0,0.0008223451595233653,0.00041030548241539146,False
368,left,LCX,prox,10.0,50,leaky,"[0.9, 0.95)",0.9024408615626267,0,6,368_left_LCX_prox_10mm_50ds_leaky_clean_none,clean,,ok,True,6,2,16.84744213324687,16.84744213324687,16.84744213324687,1.0,0.9024408615626267,0.0,0.0,,0.0,6.620213756673753,6.620213756673753,True,28.0,1.974981632675658e-12,1.041153101887422e-08,1.820327008926476,300.77617629792906,6,,,,,,,,,
368,left,LCX,prox,10.0,50,leaky,"[0.9, 0.95)",0.9024408615626267,0,6,368_left_LCX_prox_10mm_50ds_leaky_T5_vox_narrow_A_fixed,T5_vox_narrow,A_fixed,ok,True,6,2,16.84744213324687,16.84744213324687,16.84744213324687,1.0,0.8557911986772915,-0.04664966288533523,0.0,,0.03321494703658831,6.533057275641983,6.620213756673753,True,28.0,9.346712050915255e-13,1.041153101887422e-08,1.820327008926476,300.77617629792906,6,vox,1.0,0.345703125,1.3454777615030487,6.42342695827635,,,,
368,left,LCX,prox,10.0,50,leaky,"[0.9, 0.95)",0.9024408615626267,0,6,368_left_LCX_prox_10mm_50ds_leaky_T5_vox_narrow_B_rederived,T5_vox_narrow,B_rederived,ok,True,6,2,16.84744213324687,16.84744213324687,16.84744213324687,1.0,0.8557911986772915,-0.04664966288533523,0.0,,0.03321494703658831,6.533057275641983,6.620213756673753,True,28.0,9.346712050915255e-13,1.041153101887422e-08,1.820327008926476,300.77617629792906,6,vox,1.0,0.345703125,1.3454777615030487,6.42342695827635,,,,
368,left,LCX,prox,10.0,50,leaky,"[0.9, 0.95)",0.9024408615626267,0,6,368_left_LCX_prox_10mm_50ds_leaky_T5_vox_narrow_C_flowmatched,T5_vox_narrow,C_flowmatched,ok,True,6,2,16.84744213324687,16.45831249804712,16.45831249804712,0.976902746890471,0.8516526414144362,-0.05078822014819051,0.0,,0.026176375868794052,6.675178666197404,6.620213756673753,True,28.0,5.245753528188371e-13,1.041153101887422e-08,1.820327008926476,300.77617629792906,6,vox,1.0,0.345703125,1.3454777615030487,6.42342695827635,1.0,0.0011032327066433666,0.0006852026536243836,False
368,left,LCX,prox,10.0,50,leaky,"[0.9, 0.95)",0.9024408615626267,0,6,368_left_LCX_prox_10mm_50ds_leaky_T5_vox_wide_A_fixed,T5_vox_wide,A_fixed,ok,True,6,2,16.84744213324687,16.84744213324687,16.84744213324687,1.0,0.9296483060691381,0.027207444506511358,0.0,,0.0193705400123355,6.6710423218950305,6.620213756673753,True,28.0,9.850457076596946e-13,1.041153101887422e-08,1.820327008926476,300.77617629792906,6,vox,-1.0,0.345703125,1.3454777615030487,-6.42342695827635,,,,
368,left,LCX,prox,10.0,50,leaky,"[0.9, 0.95)",0.9024408615626267,0,6,368_left_LCX_prox_10mm_50ds_leaky_T5_vox_wide_B_rederived,T5_vox_wide,B_rederived,ok,True,6,2,16.84744213324687,16.84744213324687,16.84744213324687,1.0,0.9296483060691381,0.027207444506511358,0.0,,0.0193705400123355,6.6710423218950305,6.620213756673753,True,28.0,9.850457076596946e-13,1.041153101887422e-08,1.820327008926476,300.77617629792906,6,vox,-1.0,0.345703125,1.3454777615030487,-6.42342695827635,,,,
368,left,LCX,prox,10.0,50,leaky,"[0.9, 0.95)",0.9024408615626267,0,6,368_left_LCX_prox_10mm_50ds_leaky_T5_vox_wide_C_flowmatched,T5_vox_wide,C_flowmatched,ok,True,6,2,16.84744213324687,17.0906563736819,17.0906563736819,1.0144362710084678,0.9308535382011426,0.028412676638515877,0.0,,0.01399946985456582,6.580956087634378,6.620213756673753,True,28.0,2.140442471468077e-13,1.041153101887422e-08,1.820327008926476,300.77617629792906,6,vox,-1.0,0.345703125,1.3454777615030487,-6.42342695827635,1.0,0.0003752178203694905,0.00019598515620889714,False
368,left,LCX,prox,10.0,50,discrete,"[0.9, 0.95)",0.821464457269958,0,6,368_left_LCX_prox_10mm_50ds_discrete_clean_none,clean,,ok,True,6,2,25.956594408938667,25.956594408938667,25.956594408938667,1.0,0.821464457269958,0.0,0.0,,0.0,5.782286445915157,5.782286445915157,True,27.0,7.671552743473093e-12,1.9503021144182335e-08,1.820327008926476,300.77617629792906,6,,,,,,,,,
368,left,LCX,prox,10.0,50,discrete,"[0.9, 0.95)",0.821464457269958,0,6,368_left_LCX_prox_10mm_50ds_discrete_T5_vox_narrow_A_fixed,T5_vox_narrow,A_fixed,ok,True,6,2,25.956594408938667,25.956594408938667,25.956594408938667,1.0,0.7464210571968216,-0.07504340007313637,1.0,to_positive,0.06928219916318845,5.552899476509303,5.782286445915157,True,27.0,4.16842938496142e-12,1.9503021144182335e-08,1.820327008926476,300.77617629792906,6,vox,1.0,0.345703125,1.3454777615030487,6.42342695827635,,,,
368,left,LCX,prox,10.0,50,discrete,"[0.9, 0.95)",0.821464457269958,0,6,368_left_LCX_prox_10mm_50ds_discrete_T5_vox_narrow_B_rederived,T5_vox_narrow,B_rederived,ok,True,6,2,25.956594408938667,25.956594408938667,25.956594408938667,1.0,0.7464210571968216,-0.07504340007313637,1.0,to_positive,0.06928219916318845,5.552899476509303,5.782286445915157,True,27.0,4.16842938496142e-12,1.9503021144182335e-08,1.820327008926476,300.77617629792906,6,vox,1.0,0.345703125,1.3454777615030487,6.42342695827635,,,,
368,left,LCX,prox,10.0,50,discrete,"[0.9, 0.95)",0.821464457269958,0,6,368_left_LCX_prox_10mm_50ds_discrete_T5_vox_narrow_C_flowmatched,T5_vox_narrow,C_flowmatched,ok,True,6,2,25.956594408938667,24.46032788901573,24.46032788901573,0.9423550525793296,0.733735125470699,-0.08772933179925901,1.0,to_positive,0.05899752056847681,5.763361039435346,5.782286445915157,True,27.0,6.098166996642993e-12,1.9503021144182335e-08,1.820327008926476,300.77617629792906,6,vox,1.0,0.345703125,1.3454777615030487,6.42342695827635,1.0,0.00480002312088771,0.0034807074332278446,False
368,left,LCX,prox,10.0,50,discrete,"[0.9, 0.95)",0.821464457269958,0,6,368_left_LCX_prox_10mm_50ds_discrete_T5_vox_wide_A_fixed,T5_vox_wide,A_fixed,ok,True,6,2,25.956594408938667,25.956594408938667,25.956594408938667,1.0,0.8710782937140233,0.04961383644406536,0.0,,0.04580490349151226,5.933942248520999,5.782286445915157,True,27.0,8.410316806119066e-12,1.9503021144182335e-08,1.820327008926476,300.77617629792906,6,vox,-1.0,0.345703125,1.3454777615030487,-6.42342695827635,,,,
368,left,LCX,prox,10.0,50,discrete,"[0.9, 0.95)",0.821464457269958,0,6,368_left_LCX_prox_10mm_50ds_discrete_T5_vox_wide_B_rederived,T5_vox_wide,B_rederived,ok,True,6,2,25.956594408938667,25.956594408938667,25.956594408938667,1.0,0.8710782937140233,0.04961383644406536,0.0,,0.04580490349151226,5.933942248520999,5.782286445915157,True,27.0,8.410316806119066e-12,1.9503021144182335e-08,1.820327008926476,300.77617629792906,6,vox,-1.0,0.345703125,1.3454777615030487,-6.42342695827635,,,,
368,left,LCX,prox,10.0,50,discrete,"[0.9, 0.95)",0.821464457269958,0,6,368_left_LCX_prox_10mm_50ds_discrete_T5_vox_wide_C_flowmatched,T5_vox_wide,C_flowmatched,ok,True,6,2,25.956594408938667,27.17557997111143,27.17557997111143,1.046962461367928,0.8766583615627387,0.055193904292780704,0.0,,0.03273291024387949,5.747867819858551,5.782286445915157,True,27.0,1.0532451459130658e-11,1.9503021144182335e-08,1.820327008926476,300.77617629792906,6,vox,-1.0,0.345703125,1.3454777615030487,-6.42342695827635,1.0,0.002098089183866752,0.001071443413033871,False
466,left,LCX,prox,10.0,60,leaky,"[0.9, 0.95)",0.9031627495994095,0,5,466_left_LCX_prox_10mm_60ds_leaky_clean_none,clean,,ok,True,5,2,21.594116040029938,21.594116040029938,21.594116040029938,1.0,0.9031627495994095,0.0,0.0,,0.0,2.4328550067538517,2.4328550067538517,True,28.0,7.591197508355128e-12,4.957834875956145e-09,1.3051609545477092,186.39558125009776,5,,,,,,,,,
466,left,LCX,prox,10.0,60,leaky,"[0.9, 0.95)",0.9031627495994095,0,5,466_left_LCX_prox_10mm_60ds_leaky_T5_vox_narrow_A_fixed,T5_vox_narrow,A_fixed,ok,True,5,2,21.594116040029938,21.594116040029938,21.594116040029938,1.0,0.8128944756126332,-0.09026827398677628,0.0,,0.031247199275184528,2.3860594078404964,2.4328550067538517,True,28.0,3.6750587842179695e-12,4.957834875956145e-09,1.3051609545477092,186.39558125009776,5,vox,1.0,0.37109375,1.0362284169200893,8.952991057294504,,,,
466,left,LCX,prox,10.0,60,leaky,"[0.9, 0.95)",0.9031627495994095,0,5,466_left_LCX_prox_10mm_60ds_leaky_T5_vox_narrow_B_rederived,T5_vox_narrow,B_rederived,ok,True,5,2,21.594116040029938,21.594116040029938,21.594116040029938,1.0,0.8128944756126332,-0.09026827398677628,0.0,,0.031247199275184528,2.3860594078404964,2.4328550067538517,True,28.0,3.6750587842179695e-12,4.957834875956145e-09,1.3051609545477092,186.39558125009776,5,vox,1.0,0.37109375,1.0362284169200893,8.952991057294504,,,,
466,left,LCX,prox,10.0,60,leaky,"[0.9, 0.95)",0.9031627495994095,0,5,466_left_LCX_prox_10mm_60ds_leaky_T5_vox_narrow_C_flowmatched,T5_vox_narrow,C_flowmatched,ok,True,5,2,21.594116040029938,21.11517636956917,21.11517636956917,0.9778208253779438,0.8087055292527463,-0.09445722034666315,0.0,,0.023896858768481376,2.4353074285920875,2.4328550067538517,True,28.0,3.3697916793271806e-12,4.957834875956145e-09,1.3051609545477092,186.39558125009776,5,vox,1.0,0.37109375,1.0362284169200893,8.952991057294504,1.0,0.0009763874625430925,0.0005710598590007453,False
466,left,LCX,prox,10.0,60,leaky,"[0.9, 0.95)",0.9031627495994095,0,5,466_left_LCX_prox_10mm_60ds_leaky_T5_vox_wide_A_fixed,T5_vox_wide,A_fixed,ok,True,5,2,21.594116040029938,21.594116040029938,21.594116040029938,1.0,0.9402028961071672,0.037040146507757776,0.0,,0.012749944664783514,2.4519492395303146,2.4328550067538517,True,28.0,7.468173270065242e-12,4.957834875956145e-09,1.3051609545477092,186.39558125009776,5,vox,-1.0,0.37109375,1.0362284169200893,-8.952991057294504,,,,
466,left,LCX,prox,10.0,60,leaky,"[0.9, 0.95)",0.9031627495994095,0,5,466_left_LCX_prox_10mm_60ds_leaky_T5_vox_wide_B_rederived,T5_vox_wide,B_rederived,ok,True,5,2,21.594116040029938,21.594116040029938,21.594116040029938,1.0,0.9402028961071672,0.037040146507757776,0.0,,0.012749944664783514,2.4519492395303146,2.4328550067538517,True,28.0,7.468173270065242e-12,4.957834875956145e-09,1.3051609545477092,186.39558125009776,5,vox,-1.0,0.37109375,1.0362284169200893,-8.952991057294504,,,,
466,left,LCX,prox,10.0,60,leaky,"[0.9, 0.95)",0.9031627495994095,0,5,466_left_LCX_prox_10mm_60ds_leaky_T5_vox_wide_C_flowmatched,T5_vox_wide,C_flowmatched,ok,True,5,2,21.594116040029938,21.798787193114286,21.798787193114286,1.0094780982330993,0.940781854908733,0.03761910530932355,0.0,,0.00918600649696421,2.430394893729571,2.4328550067538517,True,28.0,7.295497834784039e-12,4.957834875956145e-09,1.3051609545477092,186.39558125009776,5,vox,-1.0,0.37109375,1.0362284169200893,-8.952991057294504,1.0,0.0001625610889550416,8.438271536226867e-05,False
466,left,LCX,prox,10.0,60,discrete,"[0.9, 0.95)",0.7630484948344332,1,4,466_left_LCX_prox_10mm_60ds_discrete_clean_none,clean,,ok,True,4,2,78.97220456051487,78.97220456051487,78.97220456051487,1.0,0.7630484948344332,0.0,0.0,,0.0,1.9655880650871262,1.9655880650871262,True,27.0,1.279692874027944e-11,1.9083835059959852e-08,1.3051609545477092,164.3676863537653,4,,,,,,,,,
466,left,LCX,prox,10.0,60,discrete,"[0.9, 0.95)",0.7630484948344332,1,4,466_left_LCX_prox_10mm_60ds_discrete_T5_vox_narrow_A_fixed,T5_vox_narrow,A_fixed,ok,True,4,2,78.97220456051487,78.97220456051487,78.97220456051487,1.0,0.5906736204554057,-0.17237487437902743,0.0,,0.10709416704620653,1.7776495739004772,1.9655880650871262,True,27.0,1.0378437288776245e-11,1.9083835059959852e-08,1.3051609545477092,164.3676863537653,4,vox,1.0,0.37109375,1.0362284169200893,8.952991057294504,,,,
466,left,LCX,prox,10.0,60,discrete,"[0.9, 0.95)",0.7630484948344332,1,4,466_left_LCX_prox_10mm_60ds_discrete_T5_vox_narrow_B_rederived,T5_vox_narrow,B_rederived,ok,True,4,2,78.97220456051487,78.97220456051487,78.97220456051487,1.0,0.5906736204554057,-0.17237487437902743,0.0,,0.10709416704620653,1.7776495739004772,1.9655880650871262,True,27.0,1.0378437288776245e-11,1.9083835059959852e-08,1.3051609545477092,164.3676863537653,4,vox,1.0,0.37109375,1.0362284169200893,8.952991057294504,,,,
466,left,LCX,prox,10.0,60,discrete,"[0.9, 0.95)",0.7630484948344332,1,4,466_left_LCX_prox_10mm_60ds_discrete_T5_vox_narrow_C_flowmatched,T5_vox_narrow,C_flowmatched,ok,True,4,2,78.97220456051487,74.32052727658538,74.32052727658538,0.9410972846735588,0.5775005102035896,-0.18554798463084354,0.0,,0.09681498578043361,1.85352299419972,1.9655880650871262,True,27.0,1.2564585085354469e-11,1.9083835059959852e-08,1.3051609545477092,164.3676863537653,4,vox,1.0,0.37109375,1.0362284169200893,8.952991057294504,1.0,0.011469160615320788,0.009373141471665562,False
466,left,LCX,prox,10.0,60,discrete,"[0.9, 0.95)",0.7630484948344332,1,4,466_left_LCX_prox_10mm_60ds_discrete_T5_vox_wide_A_fixed,T5_vox_wide,A_fixed,ok,True,4,2,78.97220456051487,78.97220456051487,78.97220456051487,1.0,0.8591190150853949,0.09607052025096174,1.0,to_negative,0.05677212519305252,2.065216904301366,1.9655880650871262,True,27.0,1.0229975961792446e-11,1.9083835059959852e-08,1.3051609545477092,164.3676863537653,4,vox,-1.0,0.37109375,1.0362284169200893,-8.952991057294504,,,,
466,left,LCX,prox,10.0,60,discrete,"[0.9, 0.95)",0.7630484948344332,1,4,466_left_LCX_prox_10mm_60ds_discrete_T5_vox_wide_B_rederived,T5_vox_wide,B_rederived,ok,True,4,2,78.97220456051487,78.97220456051487,78.97220456051487,1.0,0.8591190150853949,0.09607052025096174,1.0,to_negative,0.05677212519305252,2.065216904301366,1.9655880650871262,True,27.0,1.0229975961792446e-11,1.9083835059959852e-08,1.3051609545477092,164.3676863537653,4,vox,-1.0,0.37109375,1.0362284169200893,-8.952991057294504,,,,
466,left,LCX,prox,10.0,60,discrete,"[0.9, 0.95)",0.7630484948344332,1,4,466_left_LCX_prox_10mm_60ds_discrete_T5_vox_wide_C_flowmatched,T5_vox_wide,C_flowmatched,ok,True,4,2,78.97220456051487,82.39220775887382,82.39220775887382,1.0433064166992865,0.8634788690612607,0.10043037422682755,1.0,to_negative,0.045874575262711666,2.0023044738980538,1.9655880650871262,True,27.0,9.66536759576336e-12,1.9083835059959852e-08,1.3051609545477092,164.3676863537653,4,vox,-1.0,0.37109375,1.0362284169200893,-8.952991057294504,1.0,0.003223074198935628,0.0021044766555341973,False
569,left,LCX,prox,20.0,55,leaky,"[0.9, 0.95)",0.935120732338616,0,6,569_left_LCX_prox_20mm_55ds_leaky_clean_none,clean,,ok,True,6,2,24.00295729764289,24.00295729764289,24.00295729764289,1.0,0.935120732338616,0.0,0.0,,0.0,5.154162949940387,5.154162949940387,True,28.0,1.0642630859162675e-12,1.1183630628805125e-08,1.6647806570033692,245.32657611142918,6,,,,,,,,,
569,left,LCX,prox,20.0,55,leaky,"[0.9, 0.95)",0.935120732338616,0,6,569_left_LCX_prox_20mm_55ds_leaky_T5_vox_narrow_A_fixed,T5_vox_narrow,A_fixed,ok,True,6,2,24.00295729764289,24.00295729764289,24.00295729764289,1.0,0.885678425557821,-0.04944230678079509,0.0,,0.00672693599166452,5.133764799314724,5.154162949940387,True,28.0,3.6133368531696873e-13,1.1183630628805125e-08,1.6647806570033692,245.32657611142918,6,vox,1.0,0.392578125,1.082834401101255,9.063669490938402,,,,
569,left,LCX,prox,20.0,55,leaky,"[0.9, 0.95)",0.935120732338616,0,6,569_left_LCX_prox_20mm_55ds_leaky_T5_vox_narrow_B_rederived,T5_vox_narrow,B_rederived,ok,True,6,2,24.00295729764289,24.00295729764289,24.00295729764289,1.0,0.885678425557821,-0.04944230678079509,0.0,,0.00672693599166452,5.133764799314724,5.154162949940387,True,28.0,3.6133368531696873e-13,1.1183630628805125e-08,1.6647806570033692,245.32657611142918,6,vox,1.0,0.392578125,1.082834401101255,9.063669490938402,,,,
569,left,LCX,prox,20.0,55,leaky,"[0.9, 0.95)",0.935120732338616,0,6,569_left_LCX_prox_20mm_55ds_leaky_T5_vox_narrow_C_flowmatched,T5_vox_narrow,C_flowmatched,ok,True,6,2,24.00295729764289,23.88697781070716,23.88697781070716,0.9951681167658821,0.8851152143357558,-0.05000551800286024,0.0,,0.004821451392056199,5.15798944409177,5.154162949940387,True,28.0,2.5076036399005557e-12,1.1183630628805125e-08,1.6647806570033692,245.32657611142918,6,vox,1.0,0.392578125,1.082834401101255,9.063669490938402,1.0,4.525166783595153e-05,2.3246393525960662e-05,False
569,left,LCX,prox,20.0,55,leaky,"[0.9, 0.95)",0.935120732338616,0,6,569_left_LCX_prox_20mm_55ds_leaky_T5_vox_wide_A_fixed,T5_vox_wide,A_fixed,ok,True,6,2,24.00295729764289,24.00295729764289,24.00295729764289,1.0,0.9566332882292394,0.021512555890623397,0.0,,0.0029263995922864557,5.163036698648351,5.154162949940387,True,28.0,1.4368122841341083e-12,1.1183630628805125e-08,1.6647806570033692,245.32657611142918,6,vox,-1.0,0.392578125,1.082834401101255,-9.063669490938402,,,,
569,left,LCX,prox,20.0,55,leaky,"[0.9, 0.95)",0.935120732338616,0,6,569_left_LCX_prox_20mm_55ds_leaky_T5_vox_wide_B_rederived,T5_vox_wide,B_rederived,ok,True,6,2,24.00295729764289,24.00295729764289,24.00295729764289,1.0,0.9566332882292394,0.021512555890623397,0.0,,0.0029263995922864557,5.163036698648351,5.154162949940387,True,28.0,1.4368122841341083e-12,1.1183630628805125e-08,1.6647806570033692,245.32657611142918,6,vox,-1.0,0.392578125,1.082834401101255,-9.063669490938402,,,,
569,left,LCX,prox,20.0,55,leaky,"[0.9, 0.95)",0.935120732338616,0,6,569_left_LCX_prox_20mm_55ds_leaky_T5_vox_wide_C_flowmatched,T5_vox_wide,C_flowmatched,ok,True,6,2,24.00295729764289,24.05377778227589,24.05377778227589,1.002117259302794,0.9567250815881143,0.021604349249498278,0.0,,0.0020687969241773127,5.15237187836498,5.154162949940387,True,28.0,2.0238878054269617e-12,1.1183630628805125e-08,1.6647806570033692,245.32657611142918,6,vox,-1.0,0.392578125,1.082834401101255,-9.063669490938402,1.0,8.563814573734334e-06,4.27992071348551e-06,False
569,left,LCX,prox,20.0,55,discrete,"[0.9, 0.95)",0.8112293179245647,0,6,569_left_LCX_prox_20mm_55ds_discrete_clean_none,clean,,ok,True,6,2,45.41157672988339,45.41157672988339,45.41157672988339,1.0,0.8112293179245647,0.0,0.0,,0.0,4.617511218296817,4.617511218296817,True,27.0,2.0374601165828203e-12,2.456002854088168e-08,1.6647806570033692,245.32657611142918,6,,,,,,,,,
569,left,LCX,prox,20.0,55,discrete,"[0.9, 0.95)",0.8112293179245647,0,6,569_left_LCX_prox_20mm_55ds_discrete_T5_vox_narrow_A_fixed,T5_vox_narrow,A_fixed,ok,True,6,2,45.41157672988339,45.41157672988339,45.41157672988339,1.0,0.6856898955335067,-0.12553942239105798,1.0,to_positive,0.050565085302989386,4.475797883763274,4.617511218296817,True,27.0,4.717747514628224e-12,2.456002854088168e-08,1.6647806570033692,245.32657611142918,6,vox,1.0,0.392578125,1.082834401101255,9.063669490938402,,,,
569,left,LCX,prox,20.0,55,discrete,"[0.9, 0.95)",0.8112293179245647,0,6,569_left_LCX_prox_20mm_55ds_discrete_T5_vox_narrow_B_rederived,T5_vox_narrow,B_rederived,ok,True,6,2,45.41157672988339,45.41157672988339,45.41157672988339,1.0,0.6856898955335067,-0.12553942239105798,1.0,to_positive,0.050565085302989386,4.475797883763274,4.617511218296817,True,27.0,4.717747514628224e-12,2.456002854088168e-08,1.6647806570033692,245.32657611142918,6,vox,1.0,0.392578125,1.082834401101255,9.063669490938402,,,,
569,left,LCX,prox,20.0,55,discrete,"[0.9, 0.95)",0.8112293179245647,0,6,569_left_LCX_prox_20mm_55ds_discrete_T5_vox_narrow_C_flowmatched,T5_vox_narrow,C_flowmatched,ok,True,6,2,45.41157672988339,43.42634089986105,43.42634089986105,0.9562834859967339,0.6771857490255632,-0.1340435688990015,1.0,to_positive,0.03919203131713608,4.624427626521209,4.617511218296817,True,27.0,3.900680279063472e-12,2.456002854088168e-08,1.6647806570033692,245.32657611142918,6,vox,1.0,0.392578125,1.082834401101255,9.063669490938402,1.0,0.002556827851698593,0.0015360153187633755,False
569,left,LCX,prox,20.0,55,discrete,"[0.9, 0.95)",0.8112293179245647,0,6,569_left_LCX_prox_20mm_55ds_discrete_T5_vox_wide_A_fixed,T5_vox_wide,A_fixed,ok,True,6,2,45.41157672988339,45.41157672988339,45.41157672988339,1.0,0.8785282060191066,0.06729888809454199,0.0,,0.02677110739946017,4.692539725573962,4.617511218296817,True,27.0,4.195507751535048e-12,2.456002854088168e-08,1.6647806570033692,245.32657611142918,6,vox,-1.0,0.392578125,1.082834401101255,-9.063669490938402,,,,
569,left,LCX,prox,20.0,55,discrete,"[0.9, 0.95)",0.8112293179245647,0,6,569_left_LCX_prox_20mm_55ds_discrete_T5_vox_wide_B_rederived,T5_vox_wide,B_rederived,ok,True,6,2,45.41157672988339,45.41157672988339,45.41157672988339,1.0,0.8785282060191066,0.06729888809454199,0.0,,0.02677110739946017,4.692539725573962,4.617511218296817,True,27.0,4.195507751535048e-12,2.456002854088168e-08,1.6647806570033692,245.32657611142918,6,vox,-1.0,0.392578125,1.082834401101255,-9.063669490938402,,,,
569,left,LCX,prox,20.0,55,discrete,"[0.9, 0.95)",0.8112293179245647,0,6,569_left_LCX_prox_20mm_55ds_discrete_T5_vox_wide_C_flowmatched,T5_vox_wide,C_flowmatched,ok,True,6,2,45.41157672988339,46.54600353178554,46.54600353178554,1.0249810044837229,0.8807373904990585,0.06950807257449387,0.0,,0.019084043203089426,4.6057147771986005,4.617511218296817,True,27.0,3.693446837811987e-12,2.456002854088168e-08,1.6647806570033692,245.32657611142918,6,vox,-1.0,0.392578125,1.082834401101255,-9.063669490938402,1.0,0.000716692191393431,0.00036420070497738367,False
616,left,LCX,prox,10.0,55,leaky,"[0.9, 0.95)",0.9349852999782516,0,7,616_left_LCX_prox_10mm_55ds_leaky_clean_none,clean,,ok,True,7,3,33.053259322549515,33.053259322549515,33.053259322549515,1.0,0.9349852999782516,0.0,0.0,,0.0,3.4581730222763567,3.4581730222763567,True,28.0,3.3196249754388754e-12,1.0385829695403683e-08,1.46017920705176,235.12869999932306,7,,,,,,,,,
616,left,LCX,prox,10.0,55,leaky,"[0.9, 0.95)",0.9349852999782516,0,7,616_left_LCX_prox_10mm_55ds_leaky_T5_vox_narrow_A_fixed,T5_vox_narrow,A_fixed,ok,True,7,3,33.053259322549515,33.053259322549515,33.053259322549515,1.0,0.8934300535548501,-0.04155524642340158,0.0,,0.019254299552000597,3.435527752762498,3.4581730222763567,True,28.0,5.5613285788125175e-12,1.0385829695403683e-08,1.46017920705176,235.12869999932306,7,vox,1.0,0.3515625,1.090171428689585,8.062092134046006,,,,
616,left,LCX,prox,10.0,55,leaky,"[0.9, 0.95)",0.9349852999782516,0,7,616_left_LCX_prox_10mm_55ds_leaky_T5_vox_narrow_B_rederived,T5_vox_narrow,B_rederived,ok,True,7,3,33.053259322549515,33.053259322549515,33.053259322549515,1.0,0.8934300535548501,-0.04155524642340158,0.0,,0.019254299552000597,3.435527752762498,3.4581730222763567,True,28.0,5.5613285788125175e-12,1.0385829695403683e-08,1.46017920705176,235.12869999932306,7,vox,1.0,0.3515625,1.090171428689585,8.062092134046006,,,,
616,left,LCX,prox,10.0,55,leaky,"[0.9, 0.95)",0.9349852999782516,0,7,616_left_LCX_prox_10mm_55ds_leaky_T5_vox_narrow_C_flowmatched,T5_vox_narrow,C_flowmatched,ok,True,7,3,33.053259322549515,32.69971492453151,32.69971492453151,0.9893037961984945,0.8920797610260756,-0.04290553895217608,0.0,,0.016362604222393187,3.471178163035404,3.4581730222763567,True,28.0,6.483093141774505e-12,1.0385829695403683e-08,1.46017920705176,235.12869999932306,7,vox,1.0,0.3515625,1.090171428689585,8.062092134046006,1.0,0.0003707280512381704,0.0002677348169386793,False
616,left,LCX,prox,10.0,55,leaky,"[0.9, 0.95)",0.9349852999782516,0,7,616_left_LCX_prox_10mm_55ds_leaky_T5_vox_wide_A_fixed,T5_vox_wide,A_fixed,ok,True,7,3,33.053259322549515,33.053259322549515,33.053259322549515,1.0,0.9540316709031018,0.019046370924850176,0.0,,0.008823258309492007,3.4685501882595062,3.4581730222763567,True,28.0,2.675740438895733e-12,1.0385829695403683e-08,1.46017920705176,235.12869999932306,7,vox,-1.0,0.3515625,1.090171428689585,-8.062092134046006,,,,
616,left,LCX,prox,10.0,55,leaky,"[0.9, 0.95)",0.9349852999782516,0,7,616_left_LCX_prox_10mm_55ds_leaky_T5_vox_wide_B_rederived,T5_vox_wide,B_rederived,ok,True,7,3,33.053259322549515,33.053259322549515,33.053259322549515,1.0,0.9540316709031018,0.019046370924850176,0.0,,0.008823258309492007,3.4685501882595062,3.4581730222763567,True,28.0,2.675740438895733e-12,1.0385829695403683e-08,1.46017920705176,235.12869999932306,7,vox,-1.0,0.3515625,1.090171428689585,-8.062092134046006,,,,
616,left,LCX,prox,10.0,55,leaky,"[0.9, 0.95)",0.9349852999782516,0,7,616_left_LCX_prox_10mm_55ds_leaky_T5_vox_wide_C_flowmatched,T5_vox_wide,C_flowmatched,ok,True,7,3,33.053259322549515,33.2259446935264,33.2259446935264,1.005224458177989,0.9542930011681333,0.019307701189881676,0.0,,0.007230792763804918,3.451021625143643,3.4581730222763567,True,28.0,8.241522480091981e-12,1.0385829695403683e-08,1.46017920705176,235.12869999932306,7,vox,-1.0,0.3515625,1.090171428689585,-8.062092134046006,1.0,7.784988719601974e-05,5.2284363993093576e-05,False
616,left,LCX,prox,10.0,55,discrete,"[0.9, 0.95)",0.8668312121090362,0,7,616_left_LCX_prox_10mm_55ds_discrete_clean_none,clean,,ok,True,7,3,65.15403856031566,65.15403856031566,65.15403856031566,1.0,0.8668312121090362,0.0,0.0,,0.0,3.265943764018282,3.265943764018282,True,28.0,4.082867659590289e-12,2.2436308798567392e-08,1.46017920705176,235.12869999932306,7,,,,,,,,,
616,left,LCX,prox,10.0,55,discrete,"[0.9, 0.95)",0.8668312121090362,0,7,616_left_LCX_prox_10mm_55ds_discrete_T5_vox_narrow_A_fixed,T5_vox_narrow,A_fixed,ok,True,7,3,65.15403856031566,65.15403856031566,65.15403856031566,1.0,0.7862603461345034,-0.08057086597453289,1.0,to_positive,0.05733889911404054,3.184236805468634,3.265943764018282,True,27.0,1.4649068915095737e-12,2.2436308798567392e-08,1.46017920705176,235.12869999932306,7,vox,1.0,0.3515625,1.090171428689585,8.062092134046006,,,,
616,left,LCX,prox,10.0,55,discrete,"[0.9, 0.95)",0.8668312121090362,0,7,616_left_LCX_prox_10mm_55ds_discrete_T5_vox_narrow_B_rederived,T5_vox_narrow,B_rederived,ok,True,7,3,65.15403856031566,65.15403856031566,65.15403856031566,1.0,0.7862603461345034,-0.08057086597453289,1.0,to_positive,0.05733889911404054,3.184236805468634,3.265943764018282,True,27.0,1.4649068915095737e-12,2.2436308798567392e-08,1.46017920705176,235.12869999932306,7,vox,1.0,0.3515625,1.090171428689585,8.062092134046006,,,,
616,left,LCX,prox,10.0,55,discrete,"[0.9, 0.95)",0.8668312121090362,0,7,616_left_LCX_prox_10mm_55ds_discrete_T5_vox_narrow_C_flowmatched,T5_vox_narrow,C_flowmatched,ok,True,7,3,65.15403856031566,63.25690653708306,63.25690653708306,0.9708823571776546,0.7802140841712818,-0.08661712793775445,1.0,to_positive,0.05222511660500447,3.2603993545894543,3.265943764018282,True,27.0,7.854878613009221e-13,2.2436308798567392e-08,1.46017920705176,235.12869999932306,7,vox,1.0,0.3515625,1.090171428689585,8.062092134046006,1.0,0.003287749351610119,0.0027274628044063136,False
616,left,LCX,prox,10.0,55,discrete,"[0.9, 0.95)",0.8668312121090362,0,7,616_left_LCX_prox_10mm_55ds_discrete_T5_vox_wide_A_fixed,T5_vox_wide,A_fixed,ok,True,7,3,65.15403856031566,65.15403856031566,65.15403856031566,1.0,0.9080990063572968,0.04126779424826055,0.0,,0.029368554780226243,3.3077934563154248,3.265943764018282,True,28.0,2.0046588504249012e-12,2.2436308798567392e-08,1.46017920705176,235.12869999932306,7,vox,-1.0,0.3515625,1.090171428689585,-8.062092134046006,,,,
616,left,LCX,prox,10.0,55,discrete,"[0.9, 0.95)",0.8668312121090362,0,7,616_left_LCX_prox_10mm_55ds_discrete_T5_vox_wide_B_rederived,T5_vox_wide,B_rederived,ok,True,7,3,65.15403856031566,65.15403856031566,65.15403856031566,1.0,0.9080990063572968,0.04126779424826055,0.0,,0.029368554780226243,3.3077934563154248,3.265943764018282,True,28.0,2.0046588504249012e-12,2.2436308798567392e-08,1.46017920705176,235.12869999932306,7,vox,-1.0,0.3515625,1.090171428689585,-8.062092134046006,,,,
616,left,LCX,prox,10.0,55,discrete,"[0.9, 0.95)",0.8668312121090362,0,7,616_left_LCX_prox_10mm_55ds_discrete_T5_vox_wide_C_flowmatched,T5_vox_wide,C_flowmatched,ok,True,7,3,65.15403856031566,66.41784065271447,66.41784065271447,1.0193971413027432,0.9098632682525744,0.04303205614353811,0.0,,0.02430394710470783,3.254748522557586,3.265943764018282,True,28.0,2.6150747166778215e-12,2.2436308798567392e-08,1.46017920705176,235.12869999932306,7,vox,-1.0,0.3515625,1.090171428689585,-8.062092134046006,1.0,0.0008625120098791496,0.000590681844868436,False
661,left,LCX,prox,20.0,55,leaky,"[0.9, 0.95)",0.9032081148307186,0,6,661_left_LCX_prox_20mm_55ds_leaky_clean_none,clean,,ok,True,6,2,38.007505025709165,38.007505025709165,38.007505025709165,1.0,0.9032081148307186,0.0,0.0,,0.0,1.9217054582572475,1.9217054582572475,True,28.0,3.722535482895308e-12,6.8012728998694925e-09,1.2080884391023592,153.46087401555903,6,,,,,,,,,
661,left,LCX,prox,20.0,55,leaky,"[0.9, 0.95)",0.9032081148307186,0,6,661_left_LCX_prox_20mm_55ds_leaky_T5_vox_narrow_A_fixed,T5_vox_narrow,A_fixed,ok,True,6,2,38.007505025709165,38.007505025709165,38.007505025709165,1.0,0.8454766239205277,-0.05773149091019092,0.0,,0.02472298109616011,1.8767444928908503,1.9217054582572475,True,28.0,6.108313599195104e-12,6.8012728998694925e-09,1.2080884391023592,153.46087401555903,6,vox,1.0,0.318359375,1.1301664537714469,7.04231164218359,,,,
661,left,LCX,prox,20.0,55,leaky,"[0.9, 0.95)",0.9032081148307186,0,6,661_left_LCX_prox_20mm_55ds_leaky_T5_vox_narrow_B_rederived,T5_vox_narrow,B_rederived,ok,True,6,2,38.007505025709165,38.007505025709165,38.007505025709165,1.0,0.8454766239205277,-0.05773149091019092,0.0,,0.02472298109616011,1.8767444928908503,1.9217054582572475,True,28.0,6.108313599195104e-12,6.8012728998694925e-09,1.2080884391023592,153.46087401555903,6,vox,1.0,0.318359375,1.1301664537714469,7.04231164218359,,,,
661,left,LCX,prox,20.0,55,leaky,"[0.9, 0.95)",0.9032081148307186,0,6,661_left_LCX_prox_20mm_55ds_leaky_T5_vox_narrow_C_flowmatched,T5_vox_narrow,C_flowmatched,ok,True,6,2,38.007505025709165,37.34071516337033,37.34071516337033,0.9824563632396337,0.8425054839150344,-0.060702630915684175,0.0,,0.018577530889998903,1.9073585468823748,1.9217054582572475,True,28.0,1.4366211265556273e-12,6.8012728998694925e-09,1.2080884391023592,153.46087401555903,6,vox,1.0,0.318359375,1.1301664537714469,7.04231164218359,1.0,0.0006112257942810901,0.0003451246539688635,False
661,left,LCX,prox,20.0,55,leaky,"[0.9, 0.95)",0.9032081148307186,0,6,661_left_LCX_prox_20mm_55ds_leaky_T5_vox_wide_A_fixed,T5_vox_wide,A_fixed,ok,True,6,2,38.007505025709165,38.007505025709165,38.007505025709165,1.0,0.9345945326353928,0.031386417804674216,0.0,,0.013440446865978409,1.9461481200767305,1.9217054582572475,True,28.0,5.749244675330538e-12,6.8012728998694925e-09,1.2080884391023592,153.46087401555903,6,vox,-1.0,0.318359375,1.1301664537714469,-7.04231164218359,,,,
661,left,LCX,prox,20.0,55,leaky,"[0.9, 0.95)",0.9032081148307186,0,6,661_left_LCX_prox_20mm_55ds_leaky_T5_vox_wide_B_rederived,T5_vox_wide,B_rederived,ok,True,6,2,38.007505025709165,38.007505025709165,38.007505025709165,1.0,0.9345945326353928,0.031386417804674216,0.0,,0.013440446865978409,1.9461481200767305,1.9217054582572475,True,28.0,5.749244675330538e-12,6.8012728998694925e-09,1.2080884391023592,153.46087401555903,6,vox,-1.0,0.318359375,1.1301664537714469,-7.04231164218359,,,,
661,left,LCX,prox,20.0,55,leaky,"[0.9, 0.95)",0.9032081148307186,0,6,661_left_LCX_prox_20mm_55ds_leaky_T5_vox_wide_C_flowmatched,T5_vox_wide,C_flowmatched,ok,True,6,2,38.007505025709165,38.38337234632014,38.38337234632014,1.0098892921373483,0.9353098479206298,0.032101733089911155,0.0,,0.009535153706322493,1.9279382508023264,1.9217054582572475,True,28.0,5.316092804067657e-12,6.8012728998694925e-09,1.2080884391023592,153.46087401555903,6,vox,-1.0,0.318359375,1.1301664537714469,-7.04231164218359,1.0,0.00018064561195718884,9.091915620319558e-05,False
661,left,LCX,prox,20.0,55,discrete,"[0.9, 0.95)",0.8688919523436168,0,6,661_left_LCX_prox_20mm_55ds_discrete_clean_none,clean,,ok,True,6,2,131.08564708855388,131.08564708855388,131.08564708855388,1.0,0.8688919523436168,0.0,0.0,,0.0,1.85248134375087,1.85248134375087,True,27.0,3.1973815347147015e-12,2.3965784769526605e-08,1.2080884391023592,153.46087401555903,6,,,,,,,,,
661,left,LCX,prox,20.0,55,discrete,"[0.9, 0.95)",0.8688919523436168,0,6,661_left_LCX_prox_20mm_55ds_discrete_T5_vox_narrow_A_fixed,T5_vox_narrow,A_fixed,ok,True,6,2,131.08564708855388,131.08564708855388,131.08564708855388,1.0,0.7948796098641967,-0.07401234247942012,1.0,to_positive,0.04992481668482821,1.77695271448981,1.85248134375087,True,27.0,2.9436012364762978e-12,2.3965784769526605e-08,1.2080884391023592,153.46087401555903,6,vox,1.0,0.318359375,1.1301664537714469,7.04231164218359,,,,
661,left,LCX,prox,20.0,55,discrete,"[0.9, 0.95)",0.8688919523436168,0,6,661_left_LCX_prox_20mm_55ds_discrete_T5_vox_narrow_B_rederived,T5_vox_narrow,B_rederived,ok,True,6,2,131.08564708855388,131.08564708855388,131.08564708855388,1.0,0.7948796098641967,-0.07401234247942012,1.0,to_positive,0.04992481668482821,1.77695271448981,1.85248134375087,True,27.0,2.9436012364762978e-12,2.3965784769526605e-08,1.2080884391023592,153.46087401555903,6,vox,1.0,0.318359375,1.1301664537714469,7.04231164218359,,,,
661,left,LCX,prox,20.0,55,discrete,"[0.9, 0.95)",0.8688919523436168,0,6,661_left_LCX_prox_20mm_55ds_discrete_T5_vox_narrow_C_flowmatched,T5_vox_narrow,C_flowmatched,ok,True,6,2,131.08564708855388,126.42860683719493,126.42860683719493,0.9644733015795931,0.7873288142069448,-0.08156313813667204,1.0,to_positive,0.03960737924066873,1.8314459816424797,1.85248134375087,True,27.0,2.0642267583793575e-12,2.3965784769526605e-08,1.2080884391023592,153.46087401555903,6,vox,1.0,0.318359375,1.1301664537714469,7.04231164218359,1.0,0.0024924873210137016,0.0015687444903141564,False
661,left,LCX,prox,20.0,55,discrete,"[0.9, 0.95)",0.8688919523436168,0,6,661_left_LCX_prox_20mm_55ds_discrete_T5_vox_wide_A_fixed,T5_vox_wide,A_fixed,ok,True,6,2,131.08564708855388,131.08564708855388,131.08564708855388,1.0,0.911227906679208,0.04233595433559123,0.0,,0.028554654045064885,1.8956801779253996,1.85248134375087,True,28.0,7.085491064101662e-13,2.3965784769526605e-08,1.2080884391023592,153.46087401555903,6,vox,-1.0,0.318359375,1.1301664537714469,-7.04231164218359,,,,
661,left,LCX,prox,20.0,55,discrete,"[0.9, 0.95)",0.8688919523436168,0,6,661_left_LCX_prox_20mm_55ds_discrete_T5_vox_wide_B_rederived,T5_vox_wide,B_rederived,ok,True,6,2,131.08564708855388,131.08564708855388,131.08564708855388,1.0,0.911227906679208,0.04233595433559123,0.0,,0.028554654045064885,1.8956801779253996,1.85248134375087,True,28.0,7.085491064101662e-13,2.3965784769526605e-08,1.2080884391023592,153.46087401555903,6,vox,-1.0,0.318359375,1.1301664537714469,-7.04231164218359,,,,
661,left,LCX,prox,20.0,55,discrete,"[0.9, 0.95)",0.8688919523436168,0,6,661_left_LCX_prox_20mm_55ds_discrete_T5_vox_wide_C_flowmatched,T5_vox_wide,C_flowmatched,ok,True,6,2,131.08564708855388,134.0094308846452,134.0094308846452,1.022304377794437,0.9133641956074292,0.04447224326381238,0.0,,0.020156223261800492,1.8581648437682068,1.85248134375087,True,28.0,5.04049296039355e-12,2.3965784769526605e-08,1.2080884391023592,153.46087401555903,6,vox,-1.0,0.318359375,1.1301664537714469,-7.04231164218359,1.0,0.0008153682676333404,0.00040627333617954727,False
683,left,LCX,prox,10.0,55,leaky,"[0.9, 0.95)",0.9127225633019916,0,4,683_left_LCX_prox_10mm_55ds_leaky_clean_none,clean,,ok,True,4,2,18.885134350970112,18.885134350970112,18.885134350970112,1.0,0.9127225633019916,0.0,0.0,,0.0,5.3358401468745145,5.3358401468745145,True,28.0,9.974048255570153e-12,9.096890131476959e-09,1.686581111873738,122.77047192159401,4,,,,,,,,,
683,left,LCX,prox,10.0,55,leaky,"[0.9, 0.95)",0.9127225633019916,0,4,683_left_LCX_prox_10mm_55ds_leaky_T5_vox_narrow_A_fixed,T5_vox_narrow,A_fixed,ok,True,4,2,18.885134350970112,18.885134350970112,18.885134350970112,1.0,0.853224339584494,-0.05949822371749769,0.0,,0.0080480242620532,5.2967413085246475,5.3358401468745145,True,28.0,5.118746797210463e-12,9.096890131476959e-09,1.686581111873738,122.77047192159401,4,vox,1.0,0.318359375,1.0126155263348144,7.8598285015515525,,,,
683,left,LCX,prox,10.0,55,leaky,"[0.9, 0.95)",0.9127225633019916,0,4,683_left_LCX_prox_10mm_55ds_leaky_T5_vox_narrow_B_rederived,T5_vox_narrow,B_rederived,ok,True,4,2,18.885134350970112,18.885134350970112,18.885134350970112,1.0,0.853224339584494,-0.05949822371749769,0.0,,0.0080480242620532,5.2967413085246475,5.3358401468745145,True,28.0,5.118746797210463e-12,9.096890131476959e-09,1.686581111873738,122.77047192159401,4,vox,1.0,0.318359375,1.0126155263348144,7.8598285015515525,,,,
683,left,LCX,prox,10.0,55,leaky,"[0.9, 0.95)",0.9127225633019916,0,4,683_left_LCX_prox_10mm_55ds_leaky_T5_vox_narrow_C_flowmatched,T5_vox_narrow,C_flowmatched,ok,True,4,2,18.885134350970112,18.77641016793681,18.77641016793681,0.9942428694965721,0.852225135757356,-0.06049742754463561,0.0,,0.005799752508937864,5.326357049769904,5.3358401468745145,True,28.0,2.834650802364093e-12,9.096890131476959e-09,1.686581111873738,122.77047192159401,4,vox,1.0,0.318359375,1.0126155263348144,7.8598285015515525,1.0,6.477069452259694e-05,3.3637129164931046e-05,False
683,left,LCX,prox,10.0,55,leaky,"[0.9, 0.95)",0.9127225633019916,0,4,683_left_LCX_prox_10mm_55ds_leaky_T5_vox_wide_A_fixed,T5_vox_wide,A_fixed,ok,True,4,2,18.885134350970112,18.885134350970112,18.885134350970112,1.0,0.9416089191017442,0.028886355799752517,0.0,,0.003906310757868146,5.354817750283652,5.3358401468745145,True,28.0,7.876329972275758e-12,9.096890131476959e-09,1.686581111873738,122.77047192159401,4,vox,-1.0,0.318359375,1.0126155263348144,-7.8598285015515525,,,,
683,left,LCX,prox,10.0,55,leaky,"[0.9, 0.95)",0.9127225633019916,0,4,683_left_LCX_prox_10mm_55ds_leaky_T5_vox_wide_B_rederived,T5_vox_wide,B_rederived,ok,True,4,2,18.885134350970112,18.885134350970112,18.885134350970112,1.0,0.9416089191017442,0.028886355799752517,0.0,,0.003906310757868146,5.354817750283652,5.3358401468745145,True,28.0,7.876329972275758e-12,9.096890131476959e-09,1.686581111873738,122.77047192159401,4,vox,-1.0,0.318359375,1.0126155263348144,-7.8598285015515525,,,,
683,left,LCX,prox,10.0,55,leaky,"[0.9, 0.95)",0.9127225633019916,0,4,683_left_LCX_prox_10mm_55ds_leaky_T5_vox_wide_C_flowmatched,T5_vox_wide,C_flowmatched,ok,True,4,2,18.885134350970112,18.938398073446596,18.938398073446596,1.0028204047419842,0.941800580020703,0.029078016718711353,0.0,,0.002762443475868001,5.340072992680644,5.3358401468745145,True,28.0,5.503735481539956e-12,9.096890131476959e-09,1.686581111873738,122.77047192159401,4,vox,-1.0,0.318359375,1.0126155263348144,-7.8598285015515525,1.0,1.525926373703641e-05,7.631093957365683e-06,False
683,left,LCX,prox,10.0,55,discrete,"[0.9, 0.95)",0.6954152088249904,1,4,683_left_LCX_prox_10mm_55ds_discrete_clean_none,clean,,ok,True,4,2,28.795270137457937,28.795270137457937,28.795270137457937,1.0,0.6954152088249904,0.0,0.0,,0.0,4.684723367248008,4.684723367248008,True,27.0,9.302363167899609e-12,1.4813300089064187e-08,1.686581111873738,122.77047192159401,4,,,,,,,,,
683,left,LCX,prox,10.0,55,discrete,"[0.9, 0.95)",0.6954152088249904,1,4,683_left_LCX_prox_10mm_55ds_discrete_T5_vox_narrow_A_fixed,T5_vox_narrow,A_fixed,ok,True,4,2,28.795270137457937,28.795270137457937,28.795270137457937,1.0,0.5683917554227761,-0.12702345340221433,0.0,,0.08216939781740908,4.427511485867598,4.684723367248008,True,27.0,9.32087750758031e-12,1.4813300089064187e-08,1.686581111873738,122.77047192159401,4,vox,1.0,0.318359375,1.0126155263348144,7.8598285015515525,,,,
683,left,LCX,prox,10.0,55,discrete,"[0.9, 0.95)",0.6954152088249904,1,4,683_left_LCX_prox_10mm_55ds_discrete_T5_vox_narrow_B_rederived,T5_vox_narrow,B_rederived,ok,True,4,2,28.795270137457937,28.795270137457937,28.795270137457937,1.0,0.5683917554227761,-0.12702345340221433,0.0,,0.08216939781740908,4.427511485867598,4.684723367248008,True,27.0,9.32087750758031e-12,1.4813300089064187e-08,1.686581111873738,122.77047192159401,4,vox,1.0,0.318359375,1.0126155263348144,7.8598285015515525,,,,
683,left,LCX,prox,10.0,55,discrete,"[0.9, 0.95)",0.6954152088249904,1,4,683_left_LCX_prox_10mm_55ds_discrete_T5_vox_narrow_C_flowmatched,T5_vox_narrow,C_flowmatched,ok,True,4,2,28.795270137457937,27.143711982889343,27.143711982889343,0.942644811224737,0.5511713084284777,-0.1442439003965127,0.0,,0.06989240242576136,4.625311070295417,4.684723367248008,True,27.0,6.64340489980962e-12,1.4813300089064187e-08,1.686581111873738,122.77047192159401,4,vox,1.0,0.318359375,1.0126155263348144,7.8598285015515525,1.0,0.0067518099376756326,0.004884947916844573,False
683,left,LCX,prox,10.0,55,discrete,"[0.9, 0.95)",0.6954152088249904,1,4,683_left_LCX_prox_10mm_55ds_discrete_T5_vox_wide_A_fixed,T5_vox_wide,A_fixed,ok,True,4,2,28.795270137457937,28.795270137457937,28.795270137457937,1.0,0.7848669242074293,0.0894517153824389,0.0,,0.05786485237986127,4.865855611303297,4.684723367248008,True,27.0,8.662761691745484e-12,1.4813300089064187e-08,1.686581111873738,122.77047192159401,4,vox,-1.0,0.318359375,1.0126155263348144,-7.8598285015515525,,,,
683,left,LCX,prox,10.0,55,discrete,"[0.9, 0.95)",0.6954152088249904,1,4,683_left_LCX_prox_10mm_55ds_discrete_T5_vox_wide_B_rederived,T5_vox_wide,B_rederived,ok,True,4,2,28.795270137457937,28.795270137457937,28.795270137457937,1.0,0.7848669242074293,0.0894517153824389,0.0,,0.05786485237986127,4.865855611303297,4.684723367248008,True,27.0,8.662761691745484e-12,1.4813300089064187e-08,1.686581111873738,122.77047192159401,4,vox,-1.0,0.318359375,1.0126155263348144,-7.8598285015515525,,,,
683,left,LCX,prox,10.0,55,discrete,"[0.9, 0.95)",0.6954152088249904,1,4,683_left_LCX_prox_10mm_55ds_discrete_T5_vox_wide_C_flowmatched,T5_vox_wide,C_flowmatched,ok,True,4,2,28.795270137457937,30.23273962483114,30.23273962483114,1.0499203334614073,0.7950991689076723,0.09968396008268188,0.0,,0.04209672953788874,4.679027095291497,4.684723367248008,True,27.0,7.015723825124664e-12,1.4813300089064187e-08,1.686581111873738,122.77047192159401,4,vox,-1.0,0.318359375,1.0126155263348144,-7.8598285015515525,1.0,0.0033483411409431364,0.001772134637786154,False
847,left,LCX,prox,20.0,40,leaky,"[0.9, 0.95)",0.9034562748978548,0,4,847_left_LCX_prox_20mm_40ds_leaky_clean_none,clean,,ok,True,4,2,13.147447141683255,13.147447141683255,13.147447141683255,1.0,0.9034562748978548,0.0,0.0,,0.0,8.873352178249725,8.873352178249725,True,28.0,5.3431692146545935e-12,1.141425629287953e-08,2.034603617465009,292.9064621769661,4,,,,,,,,,
847,left,LCX,prox,20.0,40,leaky,"[0.9, 0.95)",0.9034562748978548,0,4,847_left_LCX_prox_20mm_40ds_leaky_T5_vox_narrow_A_fixed,T5_vox_narrow,A_fixed,ok,True,4,2,13.147447141683255,13.147447141683255,13.147447141683255,1.0,0.8657983725951391,-0.03765790230271571,0.0,,0.025339511027681925,8.788855375329595,8.873352178249725,True,27.0,7.504397860048977e-12,1.141425629287953e-08,2.034603617465009,292.9064621769661,4,vox,1.0,0.40234375000000006,1.363859812280401,7.375093583248728,,,,
847,left,LCX,prox,20.0,40,leaky,"[0.9, 0.95)",0.9034562748978548,0,4,847_left_LCX_prox_20mm_40ds_leaky_T5_vox_narrow_B_rederived,T5_vox_narrow,B_rederived,ok,True,4,2,13.147447141683255,13.147447141683255,13.147447141683255,1.0,0.8657983725951391,-0.03765790230271571,0.0,,0.025339511027681925,8.788855375329595,8.873352178249725,True,27.0,7.504397860048977e-12,1.141425629287953e-08,2.034603617465009,292.9064621769661,4,vox,1.0,0.40234375000000006,1.363859812280401,7.375093583248728,,,,
847,left,LCX,prox,20.0,40,leaky,"[0.9, 0.95)",0.9034562748978548,0,4,847_left_LCX_prox_20mm_40ds_leaky_T5_vox_narrow_C_flowmatched,T5_vox_narrow,C_flowmatched,ok,True,4,2,13.147447141683255,12.879022565734658,12.879022565734658,0.9795835211919148,0.8628091347841782,-0.04064714011367665,0.0,,0.01849975719362929,8.948673136975396,8.873352178249725,True,27.0,2.82771108956022e-12,1.141425629287953e-08,2.034603617465009,292.9064621769661,4,vox,1.0,0.40234375000000006,1.363859812280401,7.375093583248728,1.0,0.0006420908191220139,0.00034224101622323854,False
847,left,LCX,prox,20.0,40,leaky,"[0.9, 0.95)",0.9034562748978548,0,4,847_left_LCX_prox_20mm_40ds_leaky_T5_vox_wide_A_fixed,T5_vox_wide,A_fixed,ok,True,4,2,13.147447141683255,13.147447141683255,13.147447141683255,1.0,0.9119201621832994,0.00846388728544456,0.0,,0.005725705801031227,8.892445042121132,8.873352178249725,True,28.0,1.0385826387845257e-11,1.141425629287953e-08,2.034603617465009,292.9064621769661,4,vox,-1.0,0.40234375000000006,1.363859812280401,-7.375093583248728,,,,
847,left,LCX,prox,20.0,40,leaky,"[0.9, 0.95)",0.9034562748978548,0,4,847_left_LCX_prox_20mm_40ds_leaky_T5_vox_wide_B_rederived,T5_vox_wide,B_rederived,ok,True,4,2,13.147447141683255,13.147447141683255,13.147447141683255,1.0,0.9119201621832994,0.00846388728544456,0.0,,0.005725705801031227,8.892445042121132,8.873352178249725,True,28.0,1.0385826387845257e-11,1.141425629287953e-08,2.034603617465009,292.9064621769661,4,vox,-1.0,0.40234375000000006,1.363859812280401,-7.375093583248728,,,,
847,left,LCX,prox,20.0,40,leaky,"[0.9, 0.95)",0.9034562748978548,0,4,847_left_LCX_prox_20mm_40ds_leaky_T5_vox_wide_C_flowmatched,T5_vox_wide,C_flowmatched,ok,True,4,2,13.147447141683255,13.209542664490947,13.209542664490947,1.0047230098846203,0.9123800793484559,0.008923804450601036,0.0,,0.003974491967193953,8.85532468787438,8.873352178249725,True,28.0,2.7469452602407018e-12,1.141425629287953e-08,2.034603617465009,292.9064621769661,4,vox,-1.0,0.40234375000000006,1.363859812280401,-7.375093583248728,1.0,3.278370691996264e-05,1.5796586397289256e-05,False
42,right,RCA,prox,10.0,40,leaky,"[0.9, 0.95)",0.9051238212641193,0,3,42_right_RCA_prox_10mm_40ds_leaky_clean_none,clean,,ok,True,3,2,14.697727481512715,14.697727481512715,14.697727481512715,1.0,0.9051238212641193,0.0,0.0,,0.0,1.8191415457052345,1.8191415457052345,True,27.0,8.140941030541367e-12,2.893009652255292e-09,1.2018222208823057,159.2631331882086,3,,,,,,,,,
42,right,RCA,prox,10.0,40,leaky,"[0.9, 0.95)",0.9051238212641193,0,3,42_right_RCA_prox_10mm_40ds_leaky_T5_vox_narrow_A_fixed,T5_vox_narrow,A_fixed,ok,True,3,2,14.697727481512715,14.697727481512715,14.697727481512715,1.0,0.8654439411253136,-0.039679880138805634,0.0,,0.046563909814241834,1.7402050991845657,1.8191415457052345,True,26.0,4.193900842607413e-12,2.893009652255292e-09,1.2018222208823057,159.2631331882086,3,vox,1.0,0.33984375000000006,1.1630241354475572,7.305174063933349,,,,
42,right,RCA,prox,10.0,40,leaky,"[0.9, 0.95)",0.9051238212641193,0,3,42_right_RCA_prox_10mm_40ds_leaky_T5_vox_narrow_B_rederived,T5_vox_narrow,B_rederived,ok,True,3,2,14.697727481512715,14.697727481512715,14.697727481512715,1.0,0.8654439411253136,-0.039679880138805634,0.0,,0.046563909814241834,1.7402050991845657,1.8191415457052345,True,26.0,4.193900842607413e-12,2.893009652255292e-09,1.2018222208823057,159.2631331882086,3,vox,1.0,0.33984375000000006,1.1630241354475572,7.305174063933349,,,,
42,right,RCA,prox,10.0,40,leaky,"[0.9, 0.95)",0.9051238212641193,0,3,42_right_RCA_prox_10mm_40ds_leaky_T5_vox_narrow_C_flowmatched,T5_vox_narrow,C_flowmatched,ok,True,3,2,14.697727481512715,13.696965984179544,13.696965984179544,0.9319104604033541,0.8549954620372962,-0.05012835922682313,0.0,,0.0005353811913051135,1.8321640859555357,1.8191415457052345,True,26.0,6.447761337357427e-12,2.893009652255292e-09,1.2018222208823057,159.2631331882086,3,vox,1.0,0.33984375000000006,1.1630241354475572,7.305174063933349,1.0,0.0021681976971888468,2.866330200032826e-07,False
42,right,RCA,prox,10.0,40,leaky,"[0.9, 0.95)",0.9051238212641193,0,3,42_right_RCA_prox_10mm_40ds_leaky_T5_vox_wide_A_fixed,T5_vox_wide,A_fixed,ok,True,3,2,14.697727481512715,14.697727481512715,14.697727481512715,1.0,0.9277582624960486,0.02263444123192937,0.0,,0.02655517941506131,1.8641605109660977,1.8191415457052345,True,27.0,6.171017005899166e-12,2.893009652255292e-09,1.2018222208823057,159.2631331882086,3,vox,-1.0,0.33984375000000006,1.1630241354475572,-7.305174063933349,,,,
42,right,RCA,prox,10.0,40,leaky,"[0.9, 0.95)",0.9051238212641193,0,3,42_right_RCA_prox_10mm_40ds_leaky_T5_vox_wide_B_rederived,T5_vox_wide,B_rederived,ok,True,3,2,14.697727481512715,14.697727481512715,14.697727481512715,1.0,0.9277582624960486,0.02263444123192937,0.0,,0.02655517941506131,1.8641605109660977,1.8191415457052345,True,27.0,6.171017005899166e-12,2.893009652255292e-09,1.2018222208823057,159.2631331882086,3,vox,-1.0,0.33984375000000006,1.1630241354475572,-7.305174063933349,,,,
42,right,RCA,prox,10.0,40,leaky,"[0.9, 0.95)",0.9051238212641193,0,3,42_right_RCA_prox_10mm_40ds_leaky_T5_vox_wide_C_flowmatched,T5_vox_wide,C_flowmatched,ok,True,3,2,14.697727481512715,15.196959178765375,15.196959178765375,1.0339665909495608,0.9301297020053998,0.025005880741280517,0.0,,0.00024243992647090013,1.813281378100338,1.8191415457052345,True,27.0,2.7184464011374395e-12,2.893009652255292e-09,1.2018222208823057,159.2631331882086,3,vox,-1.0,0.33984375000000006,1.1630241354475572,-7.305174063933349,1.0,0.0007051775537660959,5.877711794721546e-08,False
42,right,RCA,prox,10.0,40,discrete,"[0.9, 0.95)",0.900132245633064,0,3,42_right_RCA_prox_10mm_40ds_discrete_clean_none,clean,,ok,True,3,2,38.464118946696516,38.464118946696516,38.464118946696516,1.0,0.900132245633064,0.0,0.0,,0.0,1.7492763444301367,1.7492763444301367,True,27.0,1.6563923496399106e-12,8.677875745730273e-09,1.2018222208823057,159.2631331882086,3,,,,,,,,,
42,right,RCA,prox,10.0,40,discrete,"[0.9, 0.95)",0.900132245633064,0,3,42_right_RCA_prox_10mm_40ds_discrete_T5_vox_narrow_A_fixed,T5_vox_narrow,A_fixed,ok,True,3,2,38.464118946696516,38.464118946696516,38.464118946696516,1.0,0.8586400175297779,-0.04149222810328612,0.0,,0.048460512315767375,1.6640182464707274,1.7492763444301367,True,25.0,1.1529498727553408e-12,8.677875745730273e-09,1.2018222208823057,159.2631331882086,3,vox,1.0,0.33984375000000006,1.1630241354475572,7.305174063933349,,,,
42,right,RCA,prox,10.0,40,discrete,"[0.9, 0.95)",0.900132245633064,0,3,42_right_RCA_prox_10mm_40ds_discrete_T5_vox_narrow_B_rederived,T5_vox_narrow,B_rederived,ok,True,3,2,38.464118946696516,38.464118946696516,38.464118946696516,1.0,0.8586400175297779,-0.04149222810328612,0.0,,0.048460512315767375,1.6640182464707274,1.7492763444301367,True,25.0,1.1529498727553408e-12,8.677875745730273e-09,1.2018222208823057,159.2631331882086,3,vox,1.0,0.33984375000000006,1.1630241354475572,7.305174063933349,,,,
42,right,RCA,prox,10.0,40,discrete,"[0.9, 0.95)",0.900132245633064,0,3,42_right_RCA_prox_10mm_40ds_discrete_T5_vox_narrow_C_flowmatched,T5_vox_narrow,C_flowmatched,ok,True,3,2,38.464118946696516,35.2993673212878,35.2993673212878,0.9177219779869539,0.8474784975450366,-0.052653748088027474,0.0,,0.0022633300311561085,1.7505449534814181,1.7492763444301367,True,25.0,3.580987207398102e-12,8.677875745730273e-09,1.2018222208823057,159.2631331882086,3,vox,1.0,0.33984375000000006,1.1630241354475572,7.305174063933349,1.0,0.0023484212539066416,5.122662829933111e-06,False
42,right,RCA,prox,10.0,40,discrete,"[0.9, 0.95)",0.900132245633064,0,3,42_right_RCA_prox_10mm_40ds_discrete_T5_vox_wide_A_fixed,T5_vox_wide,A_fixed,ok,True,3,2,38.464118946696516,38.464118946696516,38.464118946696516,1.0,0.9239212746689353,0.023789029035871212,0.0,,0.027755252120024984,1.7981281917457437,1.7492763444301367,True,27.0,1.3524239276878867e-12,8.677875745730273e-09,1.2018222208823057,159.2631331882086,3,vox,-1.0,0.33984375000000006,1.1630241354475572,-7.305174063933349,,,,
42,right,RCA,prox,10.0,40,discrete,"[0.9, 0.95)",0.900132245633064,0,3,42_right_RCA_prox_10mm_40ds_discrete_T5_vox_wide_B_rederived,T5_vox_wide,B_rederived,ok,True,3,2,38.464118946696516,38.464118946696516,38.464118946696516,1.0,0.9239212746689353,0.023789029035871212,0.0,,0.027755252120024984,1.7981281917457437,1.7492763444301367,True,27.0,1.3524239276878867e-12,8.677875745730273e-09,1.2018222208823057,159.2631331882086,3,vox,-1.0,0.33984375000000006,1.1630241354475572,-7.305174063933349,,,,
42,right,RCA,prox,10.0,40,discrete,"[0.9, 0.95)",0.900132245633064,0,3,42_right_RCA_prox_10mm_40ds_discrete_T5_vox_wide_C_flowmatched,T5_vox_wide,C_flowmatched,ok,True,3,2,38.464118946696516,40.04877970584467,40.04877970584467,1.0411984156284504,0.9264823988772823,0.0263501532442183,0.0,,0.0010170105429313735,1.7486761452234574,1.7492763444301367,True,27.0,9.870560612278986e-13,8.677875745730273e-09,1.2018222208823057,159.2631331882086,3,vox,-1.0,0.33984375000000006,1.1630241354475572,-7.305174063933349,1.0,0.0007703540202461513,1.0343104444335671e-06,False
211,right,RCA,mid,10.0,40,leaky,"[0.9, 0.95)",0.9029348121510768,0,2,211_right_RCA_mid_10mm_40ds_leaky_clean_none,clean,,ok,True,2,2,9.019180842427124,9.019180842427124,9.019180842427124,1.0,0.9029348121510768,0.0,0.0,,0.0,1.8192761094862449,1.8192761094862449,True,27.0,5.5006882699965415e-12,1.7690484497702522e-09,1.2094276941486983,137.63408599927027,2,,,,,,,,,
211,right,RCA,mid,10.0,40,leaky,"[0.9, 0.95)",0.9029348121510768,0,2,211_right_RCA_mid_10mm_40ds_leaky_T5_vox_narrow_A_fixed,T5_vox_narrow,A_fixed,ok,True,2,2,9.019180842427124,9.019180842427124,9.019180842427124,1.0,0.8681492371298138,-0.034785575021263004,0.0,,0.04043138464054275,1.75806416863932,1.8192761094862449,True,26.0,4.721144994706796e-12,1.7690484497702522e-09,1.2094276941486983,137.63408599927027,2,vox,1.0,0.33789062500000006,1.1504252244484234,7.342733317630514,,,,
211,right,RCA,mid,10.0,40,leaky,"[0.9, 0.95)",0.9029348121510768,0,2,211_right_RCA_mid_10mm_40ds_leaky_T5_vox_narrow_B_rederived,T5_vox_narrow,B_rederived,ok,True,2,2,9.019180842427124,9.019180842427124,9.019180842427124,1.0,0.8681492371298138,-0.034785575021263004,0.0,,0.04043138464054275,1.75806416863932,1.8192761094862449,True,26.0,4.721144994706796e-12,1.7690484497702522e-09,1.2094276941486983,137.63408599927027,2,vox,1.0,0.33789062500000006,1.1504252244484234,7.342733317630514,,,,
211,right,RCA,mid,10.0,40,leaky,"[0.9, 0.95)",0.9029348121510768,0,2,211_right_RCA_mid_10mm_40ds_leaky_T5_vox_narrow_C_flowmatched,T5_vox_narrow,C_flowmatched,ok,True,2,2,9.019180842427124,8.4713553132902,8.4713553132902,0.9392599462514492,0.8595060173428842,-0.04342879480819262,0.0,,0.0008693452866568892,1.8429780341388013,1.8192761094862449,True,26.0,4.012998550146536e-12,1.7690484497702522e-09,1.2094276941486983,137.63408599927027,2,vox,1.0,0.33789062500000006,1.1504252244484234,7.342733317630514,1.0,0.0016346968639515166,7.557612274325489e-07,False
211,right,RCA,mid,10.0,40,leaky,"[0.9, 0.95)",0.9029348121510768,0,2,211_right_RCA_mid_10mm_40ds_leaky_T5_vox_wide_A_fixed,T5_vox_wide,A_fixed,ok,True,2,2,9.019180842427124,9.019180842427124,9.019180842427124,1.0,0.922437872287869,0.01950306013679215,0.0,,0.02264600778614976,1.8535663978052077,1.8192761094862449,True,27.0,3.823164577949483e-12,1.7690484497702522e-09,1.2094276941486983,137.63408599927027,2,vox,-1.0,0.33789062500000006,1.1504252244484234,-7.342733317630514,,,,
211,right,RCA,mid,10.0,40,leaky,"[0.9, 0.95)",0.9029348121510768,0,2,211_right_RCA_mid_10mm_40ds_leaky_T5_vox_wide_B_rederived,T5_vox_wide,B_rederived,ok,True,2,2,9.019180842427124,9.019180842427124,9.019180842427124,1.0,0.922437872287869,0.01950306013679215,0.0,,0.02264600778614976,1.8535663978052077,1.8192761094862449,True,27.0,3.823164577949483e-12,1.7690484497702522e-09,1.2094276941486983,137.63408599927027,2,vox,-1.0,0.33789062500000006,1.1504252244484234,-7.342733317630514,,,,
211,right,RCA,mid,10.0,40,leaky,"[0.9, 0.95)",0.9029348121510768,0,2,211_right_RCA_mid_10mm_40ds_leaky_T5_vox_wide_C_flowmatched,T5_vox_wide,C_flowmatched,ok,True,2,2,9.019180842427124,9.292202461223848,9.292202461223848,1.0302712212524228,0.9245816850433861,0.021646872892309266,0.0,,0.000396226595542843,1.808500385976953,1.8192761094862449,True,27.0,4.731978876368383e-12,1.7690484497702522e-09,1.2094276941486983,137.63408599927027,2,vox,-1.0,0.33789062500000006,1.1504252244484234,-7.342733317630514,1.0,0.0005128416686503556,1.5699551501547172e-07,False
211,right,RCA,mid,10.0,40,discrete,"[0.9, 0.95)",0.8938428583339704,0,2,211_right_RCA_mid_10mm_40ds_discrete_clean_none,clean,,ok,True,2,2,28.95448732984633,28.95448732984633,28.95448732984633,1.0,0.8938428583339704,0.0,0.0,,0.0,1.6618305241775508,1.6618305241775508,True,26.0,8.630728998647683e-12,6.796380201368273e-09,1.2094276941486983,137.63408599927027,2,,,,,,,,,
211,right,RCA,mid,10.0,40,discrete,"[0.9, 0.95)",0.8938428583339704,0,2,211_right_RCA_mid_10mm_40ds_discrete_T5_vox_narrow_A_fixed,T5_vox_narrow,A_fixed,ok,True,2,2,28.95448732984633,28.95448732984633,28.95448732984633,1.0,0.8541088477467391,-0.03973401058723125,0.0,,0.04616608794786393,1.5851103100465536,1.6618305241775508,True,25.0,6.9705693101789335e-12,6.796380201368273e-09,1.2094276941486983,137.63408599927027,2,vox,1.0,0.33789062500000006,1.1504252244484234,7.342733317630514,,,,
211,right,RCA,mid,10.0,40,discrete,"[0.9, 0.95)",0.8938428583339704,0,2,211_right_RCA_mid_10mm_40ds_discrete_T5_vox_narrow_B_rederived,T5_vox_narrow,B_rederived,ok,True,2,2,28.95448732984633,28.95448732984633,28.95448732984633,1.0,0.8541088477467391,-0.03973401058723125,0.0,,0.04616608794786393,1.5851103100465536,1.6618305241775508,True,25.0,6.9705693101789335e-12,6.796380201368273e-09,1.2094276941486983,137.63408599927027,2,vox,1.0,0.33789062500000006,1.1504252244484234,7.342733317630514,,,,
211,right,RCA,mid,10.0,40,discrete,"[0.9, 0.95)",0.8938428583339704,0,2,211_right_RCA_mid_10mm_40ds_discrete_T5_vox_narrow_C_flowmatched,T5_vox_narrow,C_flowmatched,ok,True,2,2,28.95448732984633,26.528961572525017,26.528961572525017,0.9162297114885858,0.8438237021090611,-0.05001915622490927,0.0,,0.003230691730444838,1.6608152048466907,1.6618305241775508,True,25.0,5.907194902203801e-12,6.796380201368273e-09,1.2094276941486983,137.63408599927027,2,vox,1.0,0.33789062500000006,1.1504252244484234,7.342733317630514,1.0,0.002131307676409907,1.043736905716466e-05,False
211,right,RCA,mid,10.0,40,discrete,"[0.9, 0.95)",0.8938428583339704,0,2,211_right_RCA_mid_10mm_40ds_discrete_T5_vox_wide_A_fixed,T5_vox_wide,A_fixed,ok,True,2,2,28.95448732984633,28.95448732984633,28.95448732984633,1.0,0.9164030445077279,0.022560186173757546,0.0,,0.026160592666447647,1.705304995600634,1.6618305241775508,True,27.0,8.9774401225407e-12,6.796380201368273e-09,1.2094276941486983,137.63408599927027,2,vox,-1.0,0.33789062500000006,1.1504252244484234,-7.342733317630514,,,,
211,right,RCA,mid,10.0,40,discrete,"[0.9, 0.95)",0.8938428583339704,0,2,211_right_RCA_mid_10mm_40ds_discrete_T5_vox_wide_B_rederived,T5_vox_wide,B_rederived,ok,True,2,2,28.95448732984633,28.95448732984633,28.95448732984633,1.0,0.9164030445077279,0.022560186173757546,0.0,,0.026160592666447647,1.705304995600634,1.6618305241775508,True,27.0,8.9774401225407e-12,6.796380201368273e-09,1.2094276941486983,137.63408599927027,2,vox,-1.0,0.33789062500000006,1.1504252244484234,-7.342733317630514,,,,
211,right,RCA,mid,10.0,40,discrete,"[0.9, 0.95)",0.8938428583339704,0,2,211_right_RCA_mid_10mm_40ds_discrete_T5_vox_wide_C_flowmatched,T5_vox_wide,C_flowmatched,ok,True,2,2,28.95448732984633,30.17227162425543,30.17227162425543,1.0420585686956303,0.9189181230477825,0.025075264713812162,0.0,,0.0014547745658059074,1.6622357301010993,1.6618305241775508,True,27.0,7.739799743581655e-12,6.796380201368273e-09,1.2094276941486983,137.63408599927027,2,vox,-1.0,0.33789062500000006,1.1504252244484234,-7.342733317630514,1.0,0.0006843766086597944,2.1163690373157663e-06,False
280,right,RCA,prox,10.0,40,leaky,"[0.9, 0.95)",0.9091587676434629,0,2,280_right_RCA_prox_10mm_40ds_leaky_clean_none,clean,,ok,True,2,2,9.98788816629481,9.98788816629481,9.98788816629481,1.0,0.9091587676434629,0.0,0.0,,0.0,2.8211141434917573,2.8211141434917573,True,27.0,4.453273435482491e-12,2.924171831741301e-09,1.3954514210297257,143.60890659807646,2,,,,,,,,,
280,right,RCA,prox,10.0,40,leaky,"[0.9, 0.95)",0.9091587676434629,0,2,280_right_RCA_prox_10mm_40ds_leaky_T5_vox_narrow_A_fixed,T5_vox_narrow,A_fixed,ok,True,2,2,9.98788816629481,9.98788816629481,9.98788816629481,1.0,0.8730113283798417,-0.036147439263621184,0.0,,0.04221640845430068,2.715346841848399,2.8211141434917573,True,26.0,5.8172656521916706e-12,2.924171831741301e-09,1.3954514210297257,143.60890659807646,2,vox,1.0,0.3359375,1.3456999718509464,6.240943505741736,,,,
280,right,RCA,prox,10.0,40,leaky,"[0.9, 0.95)",0.9091587676434629,0,2,280_right_RCA_prox_10mm_40ds_leaky_T5_vox_narrow_B_rederived,T5_vox_narrow,B_rederived,ok,True,2,2,9.98788816629481,9.98788816629481,9.98788816629481,1.0,0.8730113283798417,-0.036147439263621184,0.0,,0.04221640845430068,2.715346841848399,2.8211141434917573,True,26.0,5.8172656521916706e-12,2.924171831741301e-09,1.3954514210297257,143.60890659807646,2,vox,1.0,0.3359375,1.3456999718509464,6.240943505741736,,,,
280,right,RCA,prox,10.0,40,leaky,"[0.9, 0.95)",0.9091587676434629,0,2,280_right_RCA_prox_10mm_40ds_leaky_T5_vox_narrow_C_flowmatched,T5_vox_narrow,C_flowmatched,ok,True,2,2,9.98788816629481,9.386605569914948,9.386605569914948,0.9397988257008169,0.8635117210131255,-0.04564704663033747,0.0,,0.0002566216123628179,2.847635091324036,2.8211141434917573,True,26.0,5.0745203007873865e-12,2.924171831741301e-09,1.3954514210297257,143.60890659807646,2,vox,1.0,0.3359375,1.3456999718509464,6.240943505741736,1.0,0.00178222514278035,6.585465193169238e-08,False
280,right,RCA,prox,10.0,40,leaky,"[0.9, 0.95)",0.9091587676434629,0,2,280_right_RCA_prox_10mm_40ds_leaky_T5_vox_wide_A_fixed,T5_vox_wide,A_fixed,ok,True,2,2,9.98788816629481,9.98788816629481,9.98788816629481,1.0,0.9315461705307722,0.022387402887309227,0.0,,0.026140468419166264,2.88660806355472,2.8211141434917573,True,27.0,4.027400653329081e-12,2.924171831741301e-09,1.3954514210297257,143.60890659807646,2,vox,-1.0,0.3359375,1.3456999718509464,-6.240943505741736,,,,
280,right,RCA,prox,10.0,40,leaky,"[0.9, 0.95)",0.9091587676434629,0,2,280_right_RCA_prox_10mm_40ds_leaky_T5_vox_wide_B_rederived,T5_vox_wide,B_rederived,ok,True,2,2,9.98788816629481,9.98788816629481,9.98788816629481,1.0,0.9315461705307722,0.022387402887309227,0.0,,0.026140468419166264,2.88660806355472,2.8211141434917573,True,27.0,4.027400653329081e-12,2.924171831741301e-09,1.3954514210297257,143.60890659807646,2,vox,-1.0,0.3359375,1.3456999718509464,-6.240943505741736,,,,
280,right,RCA,prox,10.0,40,leaky,"[0.9, 0.95)",0.9091587676434629,0,2,280_right_RCA_prox_10mm_40ds_leaky_T5_vox_wide_C_flowmatched,T5_vox_wide,C_flowmatched,ok,True,2,2,9.98788816629481,10.31463845928397,10.31463845928397,1.0327146527422897,0.9339624437250456,0.024803676081582626,0.0,,0.00012827290536898583,2.807991085324399,2.8211141434917573,True,27.0,2.759502137303673e-12,2.924171831741301e-09,1.3954514210297257,143.60890659807646,2,vox,-1.0,0.3359375,1.3456999718509464,-6.240943505741736,1.0,0.0006833240891734288,1.6453938251800796e-08,False
280,right,RCA,prox,10.0,40,discrete,"[0.9, 0.95)",0.9136696493379316,0,2,280_right_RCA_prox_10mm_40ds_discrete_clean_none,clean,,ok,True,2,2,14.701620169975223,14.701620169975223,14.701620169975223,1.0,0.9136696493379316,0.0,0.0,,0.0,2.4202751589184883,2.4202751589184883,True,26.0,8.173813595821843e-12,5.4181485610485856e-09,1.3954514210297257,143.60890659807646,2,,,,,,,,,
280,right,RCA,prox,10.0,40,discrete,"[0.9, 0.95)",0.9136696493379316,0,2,280_right_RCA_prox_10mm_40ds_discrete_T5_vox_narrow_A_fixed,T5_vox_narrow,A_fixed,ok,True,2,2,14.701620169975223,14.701620169975223,14.701620169975223,1.0,0.8792420430011724,-0.03442760633675923,0.0,,0.03910756918411007,2.3255380340055916,2.4202751589184883,True,25.0,3.0757483294172353e-12,5.4181485610485856e-09,1.3954514210297257,143.60890659807646,2,vox,1.0,0.3359375,1.3456999718509464,6.240943505741736,,,,
280,right,RCA,prox,10.0,40,discrete,"[0.9, 0.95)",0.9136696493379316,0,2,280_right_RCA_prox_10mm_40ds_discrete_T5_vox_narrow_B_rederived,T5_vox_narrow,B_rederived,ok,True,2,2,14.701620169975223,14.701620169975223,14.701620169975223,1.0,0.8792420430011724,-0.03442760633675923,0.0,,0.03910756918411007,2.3255380340055916,2.4202751589184883,True,25.0,3.0757483294172353e-12,5.4181485610485856e-09,1.3954514210297257,143.60890659807646,2,vox,1.0,0.3359375,1.3456999718509464,6.240943505741736,,,,
280,right,RCA,prox,10.0,40,discrete,"[0.9, 0.95)",0.9136696493379316,0,2,280_right_RCA_prox_10mm_40ds_discrete_T5_vox_narrow_C_flowmatched,T5_vox_narrow,C_flowmatched,ok,True,2,2,14.701620169975223,13.573310362761461,13.573310362761461,0.9232526895560746,0.8714633539519423,-0.0422062953859893,0.0,,0.0021750036319819134,2.420042704993462,2.4202751589184883,True,25.0,7.457958490919851e-12,5.4181485610485856e-09,1.3954514210297257,143.60890659807646,2,vox,1.0,0.3359375,1.3456999718509464,6.240943505741736,1.0,0.0015294019674899557,4.730640799134514e-06,False
280,right,RCA,prox,10.0,40,discrete,"[0.9, 0.95)",0.9136696493379316,0,2,280_right_RCA_prox_10mm_40ds_discrete_T5_vox_wide_A_fixed,T5_vox_wide,A_fixed,ok,True,2,2,14.701620169975223,14.701620169975223,14.701620169975223,1.0,0.9348165665044582,0.021146917166526613,0.0,,0.023984881134798304,2.4783796259746267,2.4202751589184883,True,27.0,2.8021627767404464e-12,5.4181485610485856e-09,1.3954514210297257,143.60890659807646,2,vox,-1.0,0.3359375,1.3456999718509464,-6.240943505741736,,,,
280,right,RCA,prox,10.0,40,discrete,"[0.9, 0.95)",0.9136696493379316,0,2,280_right_RCA_prox_10mm_40ds_discrete_T5_vox_wide_B_rederived,T5_vox_wide,B_rederived,ok,True,2,2,14.701620169975223,14.701620169975223,14.701620169975223,1.0,0.9348165665044582,0.021146917166526613,0.0,,0.023984881134798304,2.4783796259746267,2.4202751589184883,True,27.0,2.8021627767404464e-12,5.4181485610485856e-09,1.3954514210297257,143.60890659807646,2,vox,-1.0,0.3359375,1.3456999718509464,-6.240943505741736,,,,
280,right,RCA,prox,10.0,40,discrete,"[0.9, 0.95)",0.9136696493379316,0,2,280_right_RCA_prox_10mm_40ds_discrete_T5_vox_wide_C_flowmatched,T5_vox_wide,C_flowmatched,ok,True,2,2,14.701620169975223,15.321071279871559,15.321071279871559,1.0421348873616954,0.9368194414930469,0.023149792155115256,0.0,,0.001099840473419123,2.4203488255236456,2.4202751589184883,True,27.0,4.825817131394752e-12,5.4181485610485856e-09,1.3954514210297257,143.60890659807646,2,vox,-1.0,0.3359375,1.3456999718509464,-6.240943505741736,1.0,0.0005752745230504035,1.2096490669708007e-06,False
341,right,RCA,prox,10.0,40,leaky,"[0.9, 0.95)",0.900321311653144,0,3,341_right_RCA_prox_10mm_40ds_leaky_clean_none,clean,,ok,True,3,2,9.81033239171809,9.81033239171809,9.81033239171809,1.0,0.900321311653144,0.0,0.0,,0.0,5.176582327369694,5.176582327369694,True,26.0,2.9371195977752786e-13,5.255668275876732e-09,1.7120109870264288,161.41418177414067,3,,,,,,,,,
341,right,RCA,prox,10.0,40,leaky,"[0.9, 0.95)",0.900321311653144,0,3,341_right_RCA_prox_10mm_40ds_leaky_T5_vox_narrow_A_fixed,T5_vox_narrow,A_fixed,ok,True,3,2,9.81033239171809,9.81033239171809,9.81033239171809,1.0,0.8656915913747834,-0.03462972027836064,0.0,,0.040881437890373455,4.985353390133819,5.176582327369694,True,26.0,3.917653207181246e-12,5.255668275876732e-09,1.7120109870264288,161.41418177414067,3,vox,1.0,0.318359375,1.6607403768214244,4.792431427622123,,,,
341,right,RCA,prox,10.0,40,leaky,"[0.9, 0.95)",0.900321311653144,0,3,341_right_RCA_prox_10mm_40ds_leaky_T5_vox_narrow_B_rederived,T5_vox_narrow,B_rederived,ok,True,3,2,9.81033239171809,9.81033239171809,9.81033239171809,1.0,0.8656915913747834,-0.03462972027836064,0.0,,0.040881437890373455,4.985353390133819,5.176582327369694,True,26.0,3.917653207181246e-12,5.255668275876732e-09,1.7120109870264288,161.41418177414067,3,vox,1.0,0.318359375,1.6607403768214244,4.792431427622123,,,,
341,right,RCA,prox,10.0,40,leaky,"[0.9, 0.95)",0.900321311653144,0,3,341_right_RCA_prox_10mm_40ds_leaky_T5_vox_narrow_C_flowmatched,T5_vox_narrow,C_flowmatched,ok,True,3,2,9.81033239171809,9.237565776363743,9.237565776363743,0.941615982773644,0.8553424617418658,-0.04497884991127821,0.0,,6.799973150209842e-05,5.216346067226005,5.176582327369694,True,25.0,1.2716342687105083e-11,5.255668275876732e-09,1.7120109870264288,161.41418177414067,3,vox,1.0,0.318359375,1.6607403768214244,4.792431427622123,1.0,0.0016712919639844624,4.623963484357477e-09,False
341,right,RCA,prox,10.0,40,leaky,"[0.9, 0.95)",0.900321311653144,0,3,341_right_RCA_prox_10mm_40ds_leaky_T5_vox_wide_A_fixed,T5_vox_wide,A_fixed,ok,True,3,2,9.81033239171809,9.81033239171809,9.81033239171809,1.0,0.9248928742306275,0.024571562577483497,0.0,,0.02900179177350233,5.312255278539772,5.176582327369694,True,27.0,4.1512505754105026e-12,5.255668275876732e-09,1.7120109870264288,161.41418177414067,3,vox,-1.0,0.318359375,1.6607403768214244,-4.792431427622123,,,,
341,right,RCA,prox,10.0,40,leaky,"[0.9, 0.95)",0.900321311653144,0,3,341_right_RCA_prox_10mm_40ds_leaky_T5_vox_wide_B_rederived,T5_vox_wide,B_rederived,ok,True,3,2,9.81033239171809,9.81033239171809,9.81033239171809,1.0,0.9248928742306275,0.024571562577483497,0.0,,0.02900179177350233,5.312255278539772,5.176582327369694,True,27.0,4.1512505754105026e-12,5.255668275876732e-09,1.7120109870264288,161.41418177414067,3,vox,-1.0,0.318359375,1.6607403768214244,-4.792431427622123,,,,
341,right,RCA,prox,10.0,40,leaky,"[0.9, 0.95)",0.900321311653144,0,3,341_right_RCA_prox_10mm_40ds_leaky_T5_vox_wide_C_flowmatched,T5_vox_wide,C_flowmatched,ok,True,3,2,9.81033239171809,10.165512632266294,10.165512632266294,1.0362047101327625,0.9282095592116557,0.027888247558511714,0.0,,4.033241217663931e-05,5.154163647668483,5.176582327369694,True,27.0,1.1706728020743873e-11,5.255668275876732e-09,1.7120109870264288,161.41418177414067,3,vox,-1.0,0.318359375,1.6607403768214244,-4.792431427622123,1.0,0.0008411039260735876,1.626703471986323e-09,False
341,right,RCA,prox,10.0,40,discrete,"[0.9, 0.95)",0.9101698763834742,0,3,341_right_RCA_prox_10mm_40ds_discrete_clean_none,clean,,ok,True,3,2,10.505717007469801,10.505717007469801,10.505717007469801,1.0,0.9101698763834742,0.0,0.0,,0.0,4.364811066690443,4.364811066690443,True,26.0,6.724160833979809e-13,8.144578725184408e-09,1.7120109870264288,161.41418177414067,3,,,,,,,,,
341,right,RCA,prox,10.0,40,discrete,"[0.9, 0.95)",0.9101698763834742,0,3,341_right_RCA_prox_10mm_40ds_discrete_T5_vox_narrow_A_fixed,T5_vox_narrow,A_fixed,ok,True,3,2,10.505717007469801,10.505717007469801,10.505717007469801,1.0,0.8788086705853897,-0.031361205798084546,0.0,,0.035917273056855006,4.207200884599785,4.364811066690443,True,25.0,1.2925343168846335e-13,8.144578725184408e-09,1.7120109870264288,161.41418177414067,3,vox,1.0,0.318359375,1.6607403768214244,4.792431427622123,,,,
341,right,RCA,prox,10.0,40,discrete,"[0.9, 0.95)",0.9101698763834742,0,3,341_right_RCA_prox_10mm_40ds_discrete_T5_vox_narrow_B_rederived,T5_vox_narrow,B_rederived,ok,True,3,2,10.505717007469801,10.505717007469801,10.505717007469801,1.0,0.8788086705853897,-0.031361205798084546,0.0,,0.035917273056855006,4.207200884599785,4.364811066690443,True,25.0,1.2925343168846335e-13,8.144578725184408e-09,1.7120109870264288,161.41418177414067,3,vox,1.0,0.318359375,1.6607403768214244,4.792431427622123,,,,
341,right,RCA,prox,10.0,40,discrete,"[0.9, 0.95)",0.9101698763834742,0,3,341_right_RCA_prox_10mm_40ds_discrete_T5_vox_narrow_C_flowmatched,T5_vox_narrow,C_flowmatched,ok,True,3,2,10.505717007469801,9.670407214906167,9.670407214906167,0.9204899777930711,0.87139482367332,-0.038775052710154245,0.0,,0.0043495217616832905,4.35824652269657,4.364811066690443,True,25.0,3.421368645810045e-12,8.144578725184408e-09,1.7120109870264288,161.41418177414067,3,vox,1.0,0.318359375,1.6607403768214244,4.792431427622123,1.0,0.0012900505038406823,1.8918339555356513e-05,False
341,right,RCA,prox,10.0,40,discrete,"[0.9, 0.95)",0.9101698763834742,0,3,341_right_RCA_prox_10mm_40ds_discrete_T5_vox_wide_A_fixed,T5_vox_wide,A_fixed,ok,True,3,2,10.505717007469801,10.505717007469801,10.505717007469801,1.0,0.9321007312181402,0.021930854834665947,0.0,,0.02508526622394435,4.474922233400736,4.364811066690443,True,26.0,3.911562020980178e-12,8.144578725184408e-09,1.7120109870264288,161.41418177414067,3,vox,-1.0,0.318359375,1.6607403768214244,-4.792431427622123,,,,
341,right,RCA,prox,10.0,40,discrete,"[0.9, 0.95)",0.9101698763834742,0,3,341_right_RCA_prox_10mm_40ds_discrete_T5_vox_wide_B_rederived,T5_vox_wide,B_rederived,ok,True,3,2,10.505717007469801,10.505717007469801,10.505717007469801,1.0,0.9321007312181402,0.021930854834665947,0.0,,0.02508526622394435,4.474922233400736,4.364811066690443,True,26.0,3.911562020980178e-12,8.144578725184408e-09,1.7120109870264288,161.41418177414067,3,vox,-1.0,0.318359375,1.6607403768214244,-4.792431427622123,,,,
341,right,RCA,prox,10.0,40,discrete,"[0.9, 0.95)",0.9101698763834742,0,3,341_right_RCA_prox_10mm_40ds_discrete_T5_vox_wide_C_flowmatched,T5_vox_wide,C_flowmatched,ok,True,3,2,10.505717007469801,11.031774777999686,11.031774777999686,1.0500734761992776,0.9345132452207282,0.024343368837253965,0.0,,0.0025316711744850138,4.368338516989613,4.364811066690443,True,27.0,3.874177383533841e-12,8.144578725184408e-09,1.7120109870264288,161.41418177414067,3,vox,-1.0,0.318359375,1.6607403768214244,-4.792431427622123,1.0,0.0006292705815261633,6.409358935718329e-06,False
507,right,RCA,prox,10.0,40,leaky,"[0.9, 0.95)",0.9067729512812396,0,2,507_right_RCA_prox_10mm_40ds_leaky_clean_none,clean,,ok,True,2,2,9.479788294958711,9.479788294958711,9.479788294958711,1.0,0.9067729512812396,0.0,0.0,,0.0,1.8292409927312838,1.8292409927312838,True,27.0,5.968734974501977e-13,1.804998321317048e-09,1.2028447927290193,130.80492889571295,2,,,,,,,,,
507,right,RCA,prox,10.0,40,leaky,"[0.9, 0.95)",0.9067729512812396,0,2,507_right_RCA_prox_10mm_40ds_leaky_T5_vox_narrow_A_fixed,T5_vox_narrow,A_fixed,ok,True,2,2,9.479788294958711,9.479788294958711,9.479788294958711,1.0,0.8657386432553504,-0.041034308025889144,0.0,,0.0482066135301753,1.7522370951296156,1.8292409927312838,True,26.0,1.3889315678015543e-12,1.804998321317048e-09,1.2028447927290193,130.80492889571295,2,vox,1.0,0.36328125,1.1565407846543656,7.852754844883557,,,,
507,right,RCA,prox,10.0,40,leaky,"[0.9, 0.95)",0.9067729512812396,0,2,507_right_RCA_prox_10mm_40ds_leaky_T5_vox_narrow_B_rederived,T5_vox_narrow,B_rederived,ok,True,2,2,9.479788294958711,9.479788294958711,9.479788294958711,1.0,0.8657386432553504,-0.041034308025889144,0.0,,0.0482066135301753,1.7522370951296156,1.8292409927312838,True,26.0,1.3889315678015543e-12,1.804998321317048e-09,1.2028447927290193,130.80492889571295,2,vox,1.0,0.36328125,1.1565407846543656,7.852754844883557,,,,
507,right,RCA,prox,10.0,40,leaky,"[0.9, 0.95)",0.9067729512812396,0,2,507_right_RCA_prox_10mm_40ds_leaky_T5_vox_narrow_C_flowmatched,T5_vox_narrow,C_flowmatched,ok,True,2,2,9.479788294958711,8.818974058140391,8.818974058140391,0.9302923001804021,0.8547749580383213,-0.05199799324291832,0.0,,0.0003458796403212786,1.852312765889265,1.8292409927312838,True,26.0,1.9918146805146415e-12,1.804998321317048e-09,1.2028447927290193,130.80492889571295,2,vox,1.0,0.36328125,1.1565407846543656,7.852754844883557,1.0,0.0023238775880476802,1.1963272558877705e-07,False
507,right,RCA,prox,10.0,40,leaky,"[0.9, 0.95)",0.9067729512812396,0,2,507_right_RCA_prox_10mm_40ds_leaky_T5_vox_wide_A_fixed,T5_vox_wide,A_fixed,ok,True,2,2,9.479788294958711,9.479788294958711,9.479788294958711,1.0,0.9291568853584896,0.022383934077250034,0.0,,0.026296377623021554,1.8712421889756863,1.8292409927312838,True,28.0,3.2767920375557282e-12,1.804998321317048e-09,1.2028447927290193,130.80492889571295,2,vox,-1.0,0.36328125,1.1565407846543656,-7.852754844883557,,,,
507,right,RCA,prox,10.0,40,leaky,"[0.9, 0.95)",0.9067729512812396,0,2,507_right_RCA_prox_10mm_40ds_leaky_T5_vox_wide_B_rederived,T5_vox_wide,B_rederived,ok,True,2,2,9.479788294958711,9.479788294958711,9.479788294958711,1.0,0.9291568853584896,0.022383934077250034,0.0,,0.026296377623021554,1.8712421889756863,1.8292409927312838,True,28.0,3.2767920375557282e-12,1.804998321317048e-09,1.2028447927290193,130.80492889571295,2,vox,-1.0,0.36328125,1.1565407846543656,-7.852754844883557,,,,
507,right,RCA,prox,10.0,40,leaky,"[0.9, 0.95)",0.9067729512812396,0,2,507_right_RCA_prox_10mm_40ds_leaky_T5_vox_wide_C_flowmatched,T5_vox_wide,C_flowmatched,ok,True,2,2,9.479788294958711,9.793414450409148,9.793414450409148,1.0330836666064813,0.9314511317682126,0.02467818048697301,0.0,,0.00014900606776819915,1.81937381629426,1.8292409927312838,True,28.0,4.974655960523711e-12,1.804998321317048e-09,1.2028447927290193,130.80492889571295,2,vox,-1.0,0.36328125,1.1565407846543656,-7.852754844883557,1.0,0.0006914994760925487,2.2202808231741156e-08,False
507,right,RCA,prox,10.0,40,discrete,"[0.9, 0.95)",0.8993199590858534,0,2,507_right_RCA_prox_10mm_40ds_discrete_clean_none,clean,,ok,True,2,2,25.03599893325257,25.03599893325257,25.03599893325257,1.0,0.8993199590858534,0.0,0.0,,0.0,1.6790969195940577,1.6790969195940577,True,27.0,2.90769273113439e-12,6.045929885315668e-09,1.2028447927290193,130.80492889571295,2,,,,,,,,,
507,right,RCA,prox,10.0,40,discrete,"[0.9, 0.95)",0.8993199590858534,0,2,507_right_RCA_prox_10mm_40ds_discrete_T5_vox_narrow_A_fixed,T5_vox_narrow,A_fixed,ok,True,2,2,25.03599893325257,25.03599893325257,25.03599893325257,1.0,0.8555350019873598,-0.043784957098493615,0.0,,0.05189239664001088,1.5919645562540468,1.6790969195940577,True,26.0,8.303980861800208e-12,6.045929885315668e-09,1.2028447927290193,130.80492889571295,2,vox,1.0,0.36328125,1.1565407846543656,7.852754844883557,,,,
507,right,RCA,prox,10.0,40,discrete,"[0.9, 0.95)",0.8993199590858534,0,2,507_right_RCA_prox_10mm_40ds_discrete_T5_vox_narrow_B_rederived,T5_vox_narrow,B_rederived,ok,True,2,2,25.03599893325257,25.03599893325257,25.03599893325257,1.0,0.8555350019873598,-0.043784957098493615,0.0,,0.05189239664001088,1.5919645562540468,1.6790969195940577,True,26.0,8.303980861800208e-12,6.045929885315668e-09,1.2028447927290193,130.80492889571295,2,vox,1.0,0.36328125,1.1565407846543656,7.852754844883557,,,,
507,right,RCA,prox,10.0,40,discrete,"[0.9, 0.95)",0.8993199590858534,0,2,507_right_RCA_prox_10mm_40ds_discrete_T5_vox_narrow_C_flowmatched,T5_vox_narrow,C_flowmatched,ok,True,2,2,25.03599893325257,22.648220749635268,22.648220749635268,0.904626206847857,0.8437190689126712,-0.05560089017318215,0.0,,0.002697112930271395,1.6785313751337922,1.6790969195940577,True,25.0,3.040127856011501e-12,6.045929885315668e-09,1.2028447927290193,130.80492889571295,2,vox,1.0,0.36328125,1.1565407846543656,7.852754844883557,1.0,0.002692820829044212,7.27441815863715e-06,False
507,right,RCA,prox,10.0,40,discrete,"[0.9, 0.95)",0.8993199590858534,0,2,507_right_RCA_prox_10mm_40ds_discrete_T5_vox_wide_A_fixed,T5_vox_wide,A_fixed,ok,True,2,2,25.03599893325257,25.03599893325257,25.03599893325257,1.0,0.9234100200986707,0.0240900610128173,0.0,,0.028550696037802643,1.7270363053691373,1.6790969195940577,True,27.0,6.232697402042702e-12,6.045929885315668e-09,1.2028447927290193,130.80492889571295,2,vox,-1.0,0.36328125,1.1565407846543656,-7.852754844883557,,,,
507,right,RCA,prox,10.0,40,discrete,"[0.9, 0.95)",0.8993199590858534,0,2,507_right_RCA_prox_10mm_40ds_discrete_T5_vox_wide_B_rederived,T5_vox_wide,B_rederived,ok,True,2,2,25.03599893325257,25.03599893325257,25.03599893325257,1.0,0.9234100200986707,0.0240900610128173,0.0,,0.028550696037802643,1.7270363053691373,1.6790969195940577,True,27.0,6.232697402042702e-12,6.045929885315668e-09,1.2028447927290193,130.80492889571295,2,vox,-1.0,0.36328125,1.1565407846543656,-7.852754844883557,,,,
507,right,RCA,prox,10.0,40,discrete,"[0.9, 0.95)",0.8993199590858534,0,2,507_right_RCA_prox_10mm_40ds_discrete_T5_vox_wide_C_flowmatched,T5_vox_wide,C_flowmatched,ok,True,2,2,25.03599893325257,26.18037398357179,26.18037398357179,1.0457091827400293,0.9259453479185916,0.02662538883273824,0.0,,0.0011564087593407876,1.6793065333440638,1.6790969195940577,True,28.0,4.007414151205836e-12,6.045929885315668e-09,1.2028447927290193,130.80492889571295,2,vox,-1.0,0.36328125,1.1565407846543656,-7.852754844883557,1.0,0.0008151422442429996,1.3372812186800996e-06,False
625,right,RCA,prox,10.0,40,leaky,"[0.9, 0.95)",0.904223016989003,0,3,625_right_RCA_prox_10mm_40ds_leaky_clean_none,clean,,ok,True,3,2,10.585219684849314,10.585219684849314,10.585219684849314,1.0,0.904223016989003,0.0,0.0,,0.0,4.787621846534259,4.787621846534259,True,26.0,5.353288906176608e-12,5.405898419587971e-09,1.684588715060454,182.29537828948517,3,,,,,,,,,
625,right,RCA,prox,10.0,40,leaky,"[0.9, 0.95)",0.904223016989003,0,3,625_right_RCA_prox_10mm_40ds_leaky_T5_vox_narrow_A_fixed,T5_vox_narrow,A_fixed,ok,True,3,2,10.585219684849314,10.585219684849314,10.585219684849314,1.0,0.8670581465022777,-0.03716487048672523,0.0,,0.04280392609926702,4.6064501682246615,4.787621846534259,True,26.0,7.947283188442692e-12,5.405898419587971e-09,1.684588715060454,182.29537828948517,3,vox,1.0,0.353515625,1.617784935231135,5.462957672885809,,,,
625,right,RCA,prox,10.0,40,leaky,"[0.9, 0.95)",0.904223016989003,0,3,625_right_RCA_prox_10mm_40ds_leaky_T5_vox_narrow_B_rederived,T5_vox_narrow,B_rederived,ok,True,3,2,10.585219684849314,10.585219684849314,10.585219684849314,1.0,0.8670581465022777,-0.03716487048672523,0.0,,0.04280392609926702,4.6064501682246615,4.787621846534259,True,26.0,7.947283188442692e-12,5.405898419587971e-09,1.684588715060454,182.29537828948517,3,vox,1.0,0.353515625,1.617784935231135,5.462957672885809,,,,
625,right,RCA,prox,10.0,40,leaky,"[0.9, 0.95)",0.904223016989003,0,3,625_right_RCA_prox_10mm_40ds_leaky_T5_vox_narrow_C_flowmatched,T5_vox_narrow,C_flowmatched,ok,True,3,2,10.585219684849314,9.879188349832615,9.879188349832615,0.933300266216747,0.8559392967194154,-0.048283720269587604,0.0,,0.0003407105396781139,4.844862655447569,4.787621846534259,True,26.0,6.650227578986476e-12,5.405898419587971e-09,1.684588715060454,182.29537828948517,3,vox,1.0,0.353515625,1.617784935231135,5.462957672885809,1.0,0.0018321760895115124,1.1608367184775162e-07,False
625,right,RCA,prox,10.0,40,leaky,"[0.9, 0.95)",0.904223016989003,0,3,625_right_RCA_prox_10mm_40ds_leaky_T5_vox_wide_A_fixed,T5_vox_wide,A_fixed,ok,True,3,2,10.585219684849314,10.585219684849314,10.585219684849314,1.0,0.9289829395559446,0.024759922566941595,0.0,,0.02846888613104345,4.908181736464751,4.787621846534259,True,27.0,1.0479487405068608e-11,5.405898419587971e-09,1.684588715060454,182.29537828948517,3,vox,-1.0,0.353515625,1.617784935231135,-5.462957672885809,,,,
625,right,RCA,prox,10.0,40,leaky,"[0.9, 0.95)",0.904223016989003,0,3,625_right_RCA_prox_10mm_40ds_leaky_T5_vox_wide_B_rederived,T5_vox_wide,B_rederived,ok,True,3,2,10.585219684849314,10.585219684849314,10.585219684849314,1.0,0.9289829395559446,0.024759922566941595,0.0,,0.02846888613104345,4.908181736464751,4.787621846534259,True,27.0,1.0479487405068608e-11,5.405898419587971e-09,1.684588715060454,182.29537828948517,3,vox,-1.0,0.353515625,1.617784935231135,-5.462957672885809,,,,
625,right,RCA,prox,10.0,40,leaky,"[0.9, 0.95)",0.904223016989003,0,3,625_right_RCA_prox_10mm_40ds_leaky_T5_vox_wide_C_flowmatched,T5_vox_wide,C_flowmatched,ok,True,3,2,10.585219684849314,10.992128987223662,10.992128987223662,1.0384412713660314,0.932048708388931,0.027825691399927965,0.0,,0.00017536646969066596,4.7579591480637635,4.787621846534259,True,27.0,9.345570278205727e-12,5.405898419587971e-09,1.684588715060454,182.29537828948517,3,vox,-1.0,0.353515625,1.617784935231135,-5.462957672885809,1.0,0.000810477477542318,3.075339869176727e-08,False
625,right,RCA,prox,10.0,40,discrete,"[0.9, 0.95)",0.9181254272771593,0,3,625_right_RCA_prox_10mm_40ds_discrete_clean_none,clean,,ok,True,3,2,9.94651126670444,9.94651126670444,9.94651126670444,1.0,0.9181254272771593,0.0,0.0,,0.0,3.7741359401570227,3.7741359401570227,True,25.0,2.768355875370801e-13,8.118814715261294e-09,1.684588715060454,182.29537828948517,3,,,,,,,,,
625,right,RCA,prox,10.0,40,discrete,"[0.9, 0.95)",0.9181254272771593,0,3,625_right_RCA_prox_10mm_40ds_discrete_T5_vox_narrow_A_fixed,T5_vox_narrow,A_fixed,ok,True,3,2,9.94651126670444,9.94651126670444,9.94651126670444,1.0,0.8863447533982642,-0.03178067387889505,0.0,,0.03425082838432674,3.6439134045643145,3.7741359401570227,True,25.0,2.4267931170532893e-13,8.118814715261294e-09,1.684588715060454,182.29537828948517,3,vox,1.0,0.353515625,1.617784935231135,5.462957672885809,,,,
625,right,RCA,prox,10.0,40,discrete,"[0.9, 0.95)",0.9181254272771593,0,3,625_right_RCA_prox_10mm_40ds_discrete_T5_vox_narrow_B_rederived,T5_vox_narrow,B_rederived,ok,True,3,2,9.94651126670444,9.94651126670444,9.94651126670444,1.0,0.8863447533982642,-0.03178067387889505,0.0,,0.03425082838432674,3.6439134045643145,3.7741359401570227,True,25.0,2.4267931170532893e-13,8.118814715261294e-09,1.684588715060454,182.29537828948517,3,vox,1.0,0.353515625,1.617784935231135,5.462957672885809,,,,
625,right,RCA,prox,10.0,40,discrete,"[0.9, 0.95)",0.9181254272771593,0,3,625_right_RCA_prox_10mm_40ds_discrete_T5_vox_narrow_C_flowmatched,T5_vox_narrow,C_flowmatched,ok,True,3,2,9.94651126670444,8.981828452684915,8.981828452684915,0.90301294713768,0.8797265783697659,-0.038398848907393424,0.0,,0.002521791169049318,3.7709751502495834,3.7741359401570227,True,25.0,1.188234902762137e-13,8.118814715261294e-09,1.684588715060454,182.29537828948517,3,vox,1.0,0.353515625,1.617784935231135,5.462957672885809,1.0,0.0011731192450126022,6.359430700295126e-06,False
625,right,RCA,prox,10.0,40,discrete,"[0.9, 0.95)",0.9181254272771593,0,3,625_right_RCA_prox_10mm_40ds_discrete_T5_vox_wide_A_fixed,T5_vox_wide,A_fixed,ok,True,3,2,9.94651126670444,9.94651126670444,9.94651126670444,1.0,0.9387687519252415,0.020643324648082162,0.0,,0.022158908583138105,3.85841615662249,3.7741359401570227,True,26.0,1.441644741993865e-12,8.118814715261294e-09,1.684588715060454,182.29537828948517,3,vox,-1.0,0.353515625,1.617784935231135,-5.462957672885809,,,,
625,right,RCA,prox,10.0,40,discrete,"[0.9, 0.95)",0.9181254272771593,0,3,625_right_RCA_prox_10mm_40ds_discrete_T5_vox_wide_B_rederived,T5_vox_wide,B_rederived,ok,True,3,2,9.94651126670444,9.94651126670444,9.94651126670444,1.0,0.9387687519252415,0.020643324648082162,0.0,,0.022158908583138105,3.85841615662249,3.7741359401570227,True,26.0,1.441644741993865e-12,8.118814715261294e-09,1.684588715060454,182.29537828948517,3,vox,-1.0,0.353515625,1.617784935231135,-5.462957672885809,,,,
625,right,RCA,prox,10.0,40,discrete,"[0.9, 0.95)",0.9181254272771593,0,3,625_right_RCA_prox_10mm_40ds_discrete_T5_vox_wide_C_flowmatched,T5_vox_wide,C_flowmatched,ok,True,3,2,9.94651126670444,10.512714189380501,10.512714189380501,1.0569247756820428,0.9406309400224493,0.02250551274529,0.0,,0.0013768693025509164,3.775789710055144,3.7741359401570227,True,26.0,3.2429529252913123e-12,8.118814715261294e-09,1.684588715060454,182.29537828948517,3,vox,-1.0,0.353515625,1.617784935231135,-5.462957672885809,1.0,0.0004910172295958716,1.895769076307047e-06,False
645,right,RCA,prox,10.0,40,leaky,"[0.9, 0.95)",0.9101182736288309,0,3,645_right_RCA_prox_10mm_40ds_leaky_clean_none,clean,,ok,True,3,2,11.05129359308475,11.05129359308475,11.05129359308475,1.0,0.9101182736288309,0.0,0.0,,0.0,3.2043482063413724,3.2043482063413724,True,27.0,3.2771379036783945e-12,3.6262578958174456e-09,1.450638954177079,146.60327593505852,3,,,,,,,,,
645,right,RCA,prox,10.0,40,leaky,"[0.9, 0.95)",0.9101182736288309,0,3,645_right_RCA_prox_10mm_40ds_leaky_T5_vox_narrow_A_fixed,T5_vox_narrow,A_fixed,ok,True,3,2,11.05129359308475,11.05129359308475,11.05129359308475,1.0,0.8743423167843406,-0.03577595684449031,0.0,,0.041864635664257306,3.0881345065029637,3.2043482063413724,True,26.0,4.9887189862422626e-12,3.6262578958174456e-09,1.450638954177079,146.60327593505852,3,vox,1.0,0.318359375,1.3812857573415307,5.762011468443815,,,,
645,right,RCA,prox,10.0,40,leaky,"[0.9, 0.95)",0.9101182736288309,0,3,645_right_RCA_prox_10mm_40ds_leaky_T5_vox_narrow_B_rederived,T5_vox_narrow,B_rederived,ok,True,3,2,11.05129359308475,11.05129359308475,11.05129359308475,1.0,0.8743423167843406,-0.03577595684449031,0.0,,0.041864635664257306,3.0881345065029637,3.2043482063413724,True,26.0,4.9887189862422626e-12,3.6262578958174456e-09,1.450638954177079,146.60327593505852,3,vox,1.0,0.318359375,1.3812857573415307,5.762011468443815,,,,
645,right,RCA,prox,10.0,40,leaky,"[0.9, 0.95)",0.9101182736288309,0,3,645_right_RCA_prox_10mm_40ds_leaky_T5_vox_narrow_C_flowmatched,T5_vox_narrow,C_flowmatched,ok,True,3,2,11.05129359308475,10.398304219353632,10.398304219353632,0.9409128561981449,0.8648303559879259,-0.04528791764090501,0.0,,0.00037189036406448927,3.237829001764686,3.2043482063413724,True,26.0,4.899473240867919e-12,3.6262578958174456e-09,1.450638954177079,146.60327593505852,3,vox,1.0,0.318359375,1.3812857573415307,5.762011468443815,1.0,0.0017526477193010046,1.3830244288401838e-07,False
645,right,RCA,prox,10.0,40,leaky,"[0.9, 0.95)",0.9101182736288309,0,3,645_right_RCA_prox_10mm_40ds_leaky_T5_vox_wide_A_fixed,T5_vox_wide,A_fixed,ok,True,3,2,11.05129359308475,11.05129359308475,11.05129359308475,1.0,0.9333498470477033,0.023231573418872387,0.0,,0.02718533458972635,3.279811073098983,3.2043482063413724,True,27.0,3.614430633071954e-12,3.6262578958174456e-09,1.450638954177079,146.60327593505852,3,vox,-1.0,0.318359375,1.3812857573415307,-5.762011468443815,,,,
645,right,RCA,prox,10.0,40,leaky,"[0.9, 0.95)",0.9101182736288309,0,3,645_right_RCA_prox_10mm_40ds_leaky_T5_vox_wide_B_rederived,T5_vox_wide,B_rederived,ok,True,3,2,11.05129359308475,11.05129359308475,11.05129359308475,1.0,0.9333498470477033,0.023231573418872387,0.0,,0.02718533458972635,3.279811073098983,3.2043482063413724,True,27.0,3.614430633071954e-12,3.6262578958174456e-09,1.450638954177079,146.60327593505852,3,vox,-1.0,0.318359375,1.3812857573415307,-5.762011468443815,,,,
645,right,RCA,prox,10.0,40,leaky,"[0.9, 0.95)",0.9101182736288309,0,3,645_right_RCA_prox_10mm_40ds_leaky_T5_vox_wide_C_flowmatched,T5_vox_wide,C_flowmatched,ok,True,3,2,11.05129359308475,11.42307085312349,11.42307085312349,1.033641062641877,0.9359034136077463,0.025785139978915406,0.0,,0.00019398552721681492,3.1869914266874155,3.2043482063413724,True,27.0,3.0362505240533273e-12,3.6262578958174456e-09,1.450638954177079,146.60327593505852,3,vox,-1.0,0.318359375,1.3812857573415307,-5.762011468443815,1.0,0.0007390424167553718,3.7630384769585645e-08,False
645,right,RCA,prox,10.0,40,discrete,"[0.9, 0.95)",0.8961584112380869,0,2,645_right_RCA_prox_10mm_40ds_discrete_clean_none,clean,,ok,True,2,2,13.104595179016183,13.104595179016183,13.104595179016183,1.0,0.8961584112380869,0.0,0.0,,0.0,3.048398817820278,3.048398817820278,True,26.0,5.186286606621301e-13,5.519736526935075e-09,1.450638954177079,146.60327593505852,2,,,,,,,,,
645,right,RCA,prox,10.0,40,discrete,"[0.9, 0.95)",0.8961584112380869,0,2,645_right_RCA_prox_10mm_40ds_discrete_T5_vox_narrow_A_fixed,T5_vox_narrow,A_fixed,ok,True,2,2,13.104595179016183,13.104595179016183,13.104595179016183,1.0,0.8553747124062039,-0.04078369883188304,0.0,,0.04851720233413806,2.900499035593405,3.048398817820278,True,25.0,3.777555018895699e-12,5.519736526935075e-09,1.450638954177079,146.60327593505852,2,vox,1.0,0.318359375,1.3812857573415307,5.762011468443815,,,,
645,right,RCA,prox,10.0,40,discrete,"[0.9, 0.95)",0.8961584112380869,0,2,645_right_RCA_prox_10mm_40ds_discrete_T5_vox_narrow_B_rederived,T5_vox_narrow,B_rederived,ok,True,2,2,13.104595179016183,13.104595179016183,13.104595179016183,1.0,0.8553747124062039,-0.04078369883188304,0.0,,0.04851720233413806,2.900499035593405,3.048398817820278,True,25.0,3.777555018895699e-12,5.519736526935075e-09,1.450638954177079,146.60327593505852,2,vox,1.0,0.318359375,1.3812857573415307,5.762011468443815,,,,
645,right,RCA,prox,10.0,40,discrete,"[0.9, 0.95)",0.8961584112380869,0,2,645_right_RCA_prox_10mm_40ds_discrete_T5_vox_narrow_C_flowmatched,T5_vox_narrow,C_flowmatched,ok,True,2,2,13.104595179016183,11.96222582480348,11.96222582480348,0.91282681085472,0.8431935696037776,-0.05296484163430937,0.0,,0.005220828889074819,3.0478805297478577,3.048398817820278,True,24.0,7.010250528506544e-13,5.519736526935075e-09,1.450638954177079,146.60327593505852,2,vox,1.0,0.318359375,1.3812857573415307,5.762011468443815,1.0,0.002353918922331692,2.725705428899821e-05,False
645,right,RCA,prox,10.0,40,discrete,"[0.9, 0.95)",0.8961584112380869,0,2,645_right_RCA_prox_10mm_40ds_discrete_T5_vox_wide_A_fixed,T5_vox_wide,A_fixed,ok,True,2,2,13.104595179016183,13.104595179016183,13.104595179016183,1.0,0.9231437830867021,0.02698537184861516,0.0,,0.03210240325291626,3.1462597459507946,3.048398817820278,True,27.0,1.1141628903091668e-12,5.519736526935075e-09,1.450638954177079,146.60327593505852,2,vox,-1.0,0.318359375,1.3812857573415307,-5.762011468443815,,,,
645,right,RCA,prox,10.0,40,discrete,"[0.9, 0.95)",0.8961584112380869,0,2,645_right_RCA_prox_10mm_40ds_discrete_T5_vox_wide_B_rederived,T5_vox_wide,B_rederived,ok,True,2,2,13.104595179016183,13.104595179016183,13.104595179016183,1.0,0.9231437830867021,0.02698537184861516,0.0,,0.03210240325291626,3.1462597459507946,3.048398817820278,True,27.0,1.1141628903091668e-12,5.519736526935075e-09,1.450638954177079,146.60327593505852,2,vox,-1.0,0.318359375,1.3812857573415307,-5.762011468443815,,,,
645,right,RCA,prox,10.0,40,discrete,"[0.9, 0.95)",0.8961584112380869,0,2,645_right_RCA_prox_10mm_40ds_discrete_T5_vox_wide_C_flowmatched,T5_vox_wide,C_flowmatched,ok,True,2,2,13.104595179016183,13.76112471242952,13.76112471242952,1.0500991846329302,0.9264955298468102,0.030337118608723235,0.0,,0.002665693404833556,3.0483653080308346,3.048398817820278,True,27.0,4.0584910197617194e-12,5.519736526935075e-09,1.450638954177079,146.60327593505852,2,vox,-1.0,0.318359375,1.3812857573415307,-5.762011468443815,1.0,0.0010305642946128483,7.105921328573115e-06,False
812,right,RCA,prox,20.0,40,leaky,"[0.9, 0.95)",0.9023555461488701,0,3,812_right_RCA_prox_20mm_40ds_leaky_clean_none,clean,,ok,True,3,2,9.536861586777645,9.536861586777645,9.536861586777645,1.0,0.9023555461488701,0.0,0.0,,0.0,4.927272160170248,4.927272160170248,True,26.0,7.056613542256696e-12,5.593110484729966e-09,1.7560581308540546,231.10718294641347,3,,,,,,,,,
812,right,RCA,prox,20.0,40,leaky,"[0.9, 0.95)",0.9023555461488701,0,3,812_right_RCA_prox_20mm_40ds_leaky_T5_vox_narrow_A_fixed,T5_vox_narrow,A_fixed,ok,True,3,2,9.536861586777645,9.536861586777645,9.536861586777645,1.0,0.8558752950342841,-0.04648025111458609,0.0,,0.050174716802644785,4.692921668221623,4.927272160170248,True,25.0,4.986080489335587e-12,5.593110484729966e-09,1.7560581308540546,231.10718294641347,3,vox,1.0,0.4453125,1.7213105424453092,6.467637434082421,,,,
812,right,RCA,prox,20.0,40,leaky,"[0.9, 0.95)",0.9023555461488701,0,3,812_right_RCA_prox_20mm_40ds_leaky_T5_vox_narrow_B_rederived,T5_vox_narrow,B_rederived,ok,True,3,2,9.536861586777645,9.536861586777645,9.536861586777645,1.0,0.8558752950342841,-0.04648025111458609,0.0,,0.050174716802644785,4.692921668221623,4.927272160170248,True,25.0,4.986080489335587e-12,5.593110484729966e-09,1.7560581308540546,231.10718294641347,3,vox,1.0,0.4453125,1.7213105424453092,6.467637434082421,,,,
812,right,RCA,prox,20.0,40,leaky,"[0.9, 0.95)",0.9023555461488701,0,3,812_right_RCA_prox_20mm_40ds_leaky_T5_vox_narrow_C_flowmatched,T5_vox_narrow,C_flowmatched,ok,True,3,2,9.536861586777645,8.616014584671692,8.616014584671692,0.9034433923857448,0.8409076758229661,-0.06144787032590404,0.0,,0.002510192552445555,5.002892589627793,4.927272160170248,True,25.0,2.1282096219816485e-13,5.593110484729966e-09,1.7560581308540546,231.10718294641347,3,vox,1.0,0.4453125,1.7213105424453092,6.467637434082421,2.0,0.002517502206225605,6.30106665035313e-06,False
812,right,RCA,prox,20.0,40,leaky,"[0.9, 0.95)",0.9023555461488701,0,3,812_right_RCA_prox_20mm_40ds_leaky_T5_vox_wide_A_fixed,T5_vox_wide,A_fixed,ok,True,3,2,9.536861586777645,9.536861586777645,9.536861586777645,1.0,0.9313713395904346,0.029015793441564464,0.0,,0.031095452940596374,5.07280526101975,4.927272160170248,True,26.0,1.0750200806873444e-11,5.593110484729966e-09,1.7560581308540546,231.10718294641347,3,vox,-1.0,0.4453125,1.7213105424453092,-6.467637434082421,,,,
812,right,RCA,prox,20.0,40,leaky,"[0.9, 0.95)",0.9023555461488701,0,3,812_right_RCA_prox_20mm_40ds_leaky_T5_vox_wide_B_rederived,T5_vox_wide,B_rederived,ok,True,3,2,9.536861586777645,9.536861586777645,9.536861586777645,1.0,0.9313713395904346,0.029015793441564464,0.0,,0.031095452940596374,5.07280526101975,4.927272160170248,True,26.0,1.0750200806873444e-11,5.593110484729966e-09,1.7560581308540546,231.10718294641347,3,vox,-1.0,0.4453125,1.7213105424453092,-6.467637434082421,,,,
812,right,RCA,prox,20.0,40,leaky,"[0.9, 0.95)",0.9023555461488701,0,3,812_right_RCA_prox_20mm_40ds_leaky_T5_vox_wide_C_flowmatched,T5_vox_wide,C_flowmatched,ok,True,3,2,9.536861586777645,10.021201064059174,10.021201064059174,1.0507860445361856,0.9346384075567175,0.03228286140784731,0.0,,0.0011790514996961384,4.892870195324701,4.927272160170248,True,26.0,7.066066016039982e-12,5.593110484729966e-09,1.7560581308540546,231.10718294641347,3,vox,-1.0,0.4453125,1.7213105424453092,-6.467637434082421,1.0,0.0009669271935808438,1.3901624389357128e-06,False
812,right,RCA,prox,20.0,40,discrete,"[0.9, 0.95)",0.9232591442646167,0,3,812_right_RCA_prox_20mm_40ds_discrete_clean_none,clean,,ok,True,3,2,12.101055525953836,12.101055525953836,12.101055525953836,1.0,0.9232591442646167,0.0,0.0,,0.0,3.8561884626461,3.8561884626461,True,25.0,9.7024024306883e-12,9.171823290159111e-09,1.7560581308540546,231.10718294641347,3,,,,,,,,,
812,right,RCA,prox,20.0,40,discrete,"[0.9, 0.95)",0.9232591442646167,0,3,812_right_RCA_prox_20mm_40ds_discrete_T5_vox_narrow_A_fixed,T5_vox_narrow,A_fixed,ok,True,3,2,12.101055525953836,12.101055525953836,12.101055525953836,1.0,0.8863675174799045,-0.03689162678471225,0.0,,0.036200917269904216,3.712376170989011,3.8561884626461,True,25.0,1.4473281258386439e-11,9.171823290159111e-09,1.7560581308540546,231.10718294641347,3,vox,1.0,0.4453125,1.7213105424453092,6.467637434082421,,,,
812,right,RCA,prox,20.0,40,discrete,"[0.9, 0.95)",0.9232591442646167,0,3,812_right_RCA_prox_20mm_40ds_discrete_T5_vox_narrow_B_rederived,T5_vox_narrow,B_rederived,ok,True,3,2,12.101055525953836,12.101055525953836,12.101055525953836,1.0,0.8863675174799045,-0.03689162678471225,0.0,,0.036200917269904216,3.712376170989011,3.8561884626461,True,25.0,1.4473281258386439e-11,9.171823290159111e-09,1.7560581308540546,231.10718294641347,3,vox,1.0,0.4453125,1.7213105424453092,6.467637434082421,,,,
812,right,RCA,prox,20.0,40,discrete,"[0.9, 0.95)",0.9232591442646167,0,3,812_right_RCA_prox_20mm_40ds_discrete_T5_vox_narrow_C_flowmatched,T5_vox_narrow,C_flowmatched,ok,True,3,2,12.101055525953836,10.995763187443504,10.995763187443504,0.9086614935251105,0.8792711926418791,-0.04398795162273761,0.0,,0.011753091548040074,3.8568108957571994,3.8561884626461,True,25.0,1.0610722412826474e-11,9.171823290159111e-09,1.7560581308540546,231.10718294641347,3,vox,1.0,0.4453125,1.7213105424453092,6.467637434082421,1.0,0.0013105064111824495,0.00013813516093661102,False
812,right,RCA,prox,20.0,40,discrete,"[0.9, 0.95)",0.9232591442646167,0,3,812_right_RCA_prox_20mm_40ds_discrete_T5_vox_wide_A_fixed,T5_vox_wide,A_fixed,ok,True,3,2,12.101055525953836,12.101055525953836,12.101055525953836,1.0,0.9454504414091071,0.022191297144490307,0.0,,0.02159385569899737,3.942085369365375,3.8561884626461,True,25.0,6.220679807324175e-12,9.171823290159111e-09,1.7560581308540546,231.10718294641347,3,vox,-1.0,0.4453125,1.7213105424453092,-6.467637434082421,,,,
812,right,RCA,prox,20.0,40,discrete,"[0.9, 0.95)",0.9232591442646167,0,3,812_right_RCA_prox_20mm_40ds_discrete_T5_vox_wide_B_rederived,T5_vox_wide,B_rederived,ok,True,3,2,12.101055525953836,12.101055525953836,12.101055525953836,1.0,0.9454504414091071,0.022191297144490307,0.0,,0.02159385569899737,3.942085369365375,3.8561884626461,True,25.0,6.220679807324175e-12,9.171823290159111e-09,1.7560581308540546,231.10718294641347,3,vox,-1.0,0.4453125,1.7213105424453092,-6.467637434082421,,,,
812,right,RCA,prox,20.0,40,discrete,"[0.9, 0.95)",0.9232591442646167,0,3,812_right_RCA_prox_20mm_40ds_discrete_T5_vox_wide_C_flowmatched,T5_vox_wide,C_flowmatched,ok,True,3,2,12.101055525953836,12.721744952515571,12.721744952515571,1.051292172425001,0.9470966787904445,0.023837534525827708,0.0,,0.005803558598914104,3.8536009068106294,3.8561884626461,True,25.0,8.219312480866562e-12,9.171823290159111e-09,1.7560581308540546,231.10718294641347,3,vox,-1.0,0.4453125,1.7213105424453092,-6.467637434082421,1.0,0.0004662946039491212,3.368129241102984e-05,False
980,right,RCA,prox,10.0,40,leaky,"[0.9, 0.95)",0.9006565389313332,0,2,980_right_RCA_prox_10mm_40ds_leaky_clean_none,clean,,ok,True,2,2,9.30132481122459,9.30132481122459,9.30132481122459,1.0,0.9006565389313332,0.0,0.0,,0.0,5.697770542012299,5.697770542012299,True,25.0,6.783820829050868e-12,5.6463483988949015e-09,1.7806937075276852,220.37725127483594,2,,,,,,,,,
980,right,RCA,prox,10.0,40,leaky,"[0.9, 0.95)",0.9006565389313332,0,2,980_right_RCA_prox_10mm_40ds_leaky_T5_vox_narrow_A_fixed,T5_vox_narrow,A_fixed,ok,True,2,2,9.30132481122459,9.30132481122459,9.30132481122459,1.0,0.862070624613527,-0.038585914317806225,0.0,,0.045249049309047225,5.4386903739458035,5.697770542012299,True,24.0,7.979912656790696e-12,5.6463483988949015e-09,1.7806937075276852,220.37725127483594,2,vox,1.0,0.357421875,1.78919635219126,4.994167836334162,,,,
980,right,RCA,prox,10.0,40,leaky,"[0.9, 0.95)",0.9006565389313332,0,2,980_right_RCA_prox_10mm_40ds_leaky_T5_vox_narrow_B_rederived,T5_vox_narrow,B_rederived,ok,True,2,2,9.30132481122459,9.30132481122459,9.30132481122459,1.0,0.862070624613527,-0.038585914317806225,0.0,,0.045249049309047225,5.4386903739458035,5.697770542012299,True,24.0,7.979912656790696e-12,5.6463483988949015e-09,1.7806937075276852,220.37725127483594,2,vox,1.0,0.357421875,1.78919635219126,4.994167836334162,,,,
980,right,RCA,prox,10.0,40,leaky,"[0.9, 0.95)",0.9006565389313332,0,2,980_right_RCA_prox_10mm_40ds_leaky_T5_vox_narrow_C_flowmatched,T5_vox_narrow,C_flowmatched,ok,True,2,2,9.30132481122459,8.667746115676106,8.667746115676106,0.9318829620073155,0.8494802000109587,-0.05117633892037454,0.0,,0.0017937990175953434,5.7152867729057055,5.697770542012299,True,24.0,4.803317648145738e-12,5.6463483988949015e-09,1.7806937075276852,220.37725127483594,2,vox,1.0,0.357421875,1.78919635219126,4.994167836334162,1.0,0.002047476463372587,3.217714915526019e-06,False
980,right,RCA,prox,10.0,40,leaky,"[0.9, 0.95)",0.9006565389313332,0,2,980_right_RCA_prox_10mm_40ds_leaky_T5_vox_wide_A_fixed,T5_vox_wide,A_fixed,ok,True,2,2,9.30132481122459,9.30132481122459,9.30132481122459,1.0,0.9277837895667668,0.02712725063543353,0.0,,0.03178916229380928,5.879854109138558,5.697770542012299,True,26.0,6.582531262414005e-12,5.6463483988949015e-09,1.7806937075276852,220.37725127483594,2,vox,-1.0,0.357421875,1.78919635219126,-4.994167836334162,,,,
980,right,RCA,prox,10.0,40,leaky,"[0.9, 0.95)",0.9006565389313332,0,2,980_right_RCA_prox_10mm_40ds_leaky_T5_vox_wide_B_rederived,T5_vox_wide,B_rederived,ok,True,2,2,9.30132481122459,9.30132481122459,9.30132481122459,1.0,0.9277837895667668,0.02712725063543353,0.0,,0.03178916229380928,5.879854109138558,5.697770542012299,True,26.0,6.582531262414005e-12,5.6463483988949015e-09,1.7806937075276852,220.37725127483594,2,vox,-1.0,0.357421875,1.78919635219126,-4.994167836334162,,,,
980,right,RCA,prox,10.0,40,leaky,"[0.9, 0.95)",0.9006565389313332,0,2,980_right_RCA_prox_10mm_40ds_leaky_T5_vox_wide_C_flowmatched,T5_vox_wide,C_flowmatched,ok,True,2,2,9.30132481122459,9.683425896832999,9.683425896832999,1.041080286234849,0.9314911751972055,0.03083463626587224,0.0,,0.0009896806060945898,5.688167404276166,5.697770542012299,True,26.0,4.988531756587766e-13,5.6463483988949015e-09,1.7806937075276852,220.37725127483594,2,vox,-1.0,0.357421875,1.78919635219126,-4.994167836334162,1.0,0.0010105508393421455,9.794677020797548e-07,False
980,right,RCA,prox,10.0,40,discrete,"[0.9, 0.95)",0.9552745930373066,0,2,980_right_RCA_prox_10mm_40ds_discrete_clean_none,clean,,ok,True,2,2,6.077770334878447,6.077770334878447,6.077770334878447,1.0,0.9552745930373066,0.0,0.0,,0.0,3.4920166832942208,3.4920166832942208,True,21.0,6.429851688061135e-12,6.5909641366875854e-09,1.7806937075276852,220.37725127483594,2,,,,,,,,,
980,right,RCA,prox,10.0,40,discrete,"[0.9, 0.95)",0.9552745930373066,0,2,980_right_RCA_prox_10mm_40ds_discrete_T5_vox_narrow_A_fixed,T5_vox_narrow,A_fixed,ok,True,2,2,6.077770334878447,6.077770334878447,6.077770334878447,1.0,0.9372060788638217,-0.018068514173484873,0.0,,0.016752621244781142,3.433536943396174,3.4920166832942208,True,21.0,5.053649844761796e-12,6.5909641366875854e-09,1.7806937075276852,220.37725127483594,2,vox,1.0,0.357421875,1.78919635219126,4.994167836334162,,,,
980,right,RCA,prox,10.0,40,discrete,"[0.9, 0.95)",0.9552745930373066,0,2,980_right_RCA_prox_10mm_40ds_discrete_T5_vox_narrow_B_rederived,T5_vox_narrow,B_rederived,ok,True,2,2,6.077770334878447,6.077770334878447,6.077770334878447,1.0,0.9372060788638217,-0.018068514173484873,0.0,,0.016752621244781142,3.433536943396174,3.4920166832942208,True,21.0,5.053649844761796e-12,6.5909641366875854e-09,1.7806937075276852,220.37725127483594,2,vox,1.0,0.357421875,1.78919635219126,4.994167836334162,,,,
980,right,RCA,prox,10.0,40,discrete,"[0.9, 0.95)",0.9552745930373066,0,2,980_right_RCA_prox_10mm_40ds_discrete_T5_vox_narrow_C_flowmatched,T5_vox_narrow,C_flowmatched,ok,True,2,2,6.077770334878447,5.672988593728659,5.672988593728659,0.933399631962585,0.9355068025670709,-0.01976779047023569,0.0,,0.004269801310453445,3.4890784456765895,3.4920166832942208,True,21.0,4.009174865289845e-12,6.5909641366875854e-09,1.7806937075276852,220.37725127483594,2,vox,1.0,0.357421875,1.78919635219126,4.994167836334162,1.0,0.00028065031857109243,1.823120323074996e-05,False
980,right,RCA,prox,10.0,40,discrete,"[0.9, 0.95)",0.9552745930373066,0,2,980_right_RCA_prox_10mm_40ds_discrete_T5_vox_wide_A_fixed,T5_vox_wide,A_fixed,ok,True,2,2,6.077770334878447,6.077770334878447,6.077770334878447,1.0,0.9669438789654772,0.011669285928170625,0.0,,0.010769472393318135,3.52961030162489,3.4920166832942208,True,21.0,4.9526900908541306e-12,6.5909641366875854e-09,1.7806937075276852,220.37725127483594,2,vox,-1.0,0.357421875,1.78919635219126,-4.994167836334162,,,,
980,right,RCA,prox,10.0,40,discrete,"[0.9, 0.95)",0.9552745930373066,0,2,980_right_RCA_prox_10mm_40ds_discrete_T5_vox_wide_B_rederived,T5_vox_wide,B_rederived,ok,True,2,2,6.077770334878447,6.077770334878447,6.077770334878447,1.0,0.9669438789654772,0.011669285928170625,0.0,,0.010769472393318135,3.52961030162489,3.4920166832942208,True,21.0,4.9526900908541306e-12,6.5909641366875854e-09,1.7806937075276852,220.37725127483594,2,vox,-1.0,0.357421875,1.78919635219126,-4.994167836334162,,,,
980,right,RCA,prox,10.0,40,discrete,"[0.9, 0.95)",0.9552745930373066,0,2,980_right_RCA_prox_10mm_40ds_discrete_T5_vox_wide_C_flowmatched,T5_vox_wide,C_flowmatched,ok,True,2,2,6.077770334878447,6.328489322186708,6.328489322186708,1.041251803456518,0.9674376307916819,0.012163037754375328,0.0,,0.002558121466340658,3.4935721742486043,3.4920166832942208,True,21.0,1.0044291536620325e-11,6.5909641366875854e-09,1.7806937075276852,220.37725127483594,2,vox,-1.0,0.357421875,1.78919635219126,-4.994167836334162,1.0,0.00011598153563044145,6.543985436552878e-06,False
