epoch,elapsed_s,host_busy_cores,owned_ledger_cores,host_minus_owned_raw_cores,host_nonowned_cores,forks_delta,owned_new_seen,nonowned_new_seen,cpu0_busy_cores,cpu1_busy_cores,cpu2_busy_cores,cpu3_busy_cores,cpu4_busy_cores,cpu5_busy_cores,cpu6_busy_cores,cpu7_busy_cores,cpu8_busy_cores,cpu9_busy_cores,cpu10_busy_cores,cpu11_busy_cores,cpu12_busy_cores,cpu13_busy_cores,cpu14_busy_cores,cpu15_busy_cores,cpu16_busy_cores,cpu17_busy_cores,cpu18_busy_cores,cpu19_busy_cores,cpu20_busy_cores,cpu21_busy_cores,cpu22_busy_cores,cpu23_busy_cores,cpu24_busy_cores,cpu25_busy_cores,cpu26_busy_cores,cpu27_busy_cores,cpu28_busy_cores,cpu29_busy_cores,cpu30_busy_cores,cpu31_busy_cores
1791268986,5.0,10.9640,10.7880,0.1760,0.1760,56,16,0,0.184,0.546,0.292,0.400,0.052,0.636,0.160,0.530,0.656,0.024,0.660,0.010,0.038,0.642,0.090,0.642,0.526,0.152,0.674,0.010,0.384,0.290,0.500,0.174,0.026,0.646,0.256,0.416,0.636,0.024,0.656,0.030
1791268991,10.0,16.2041,15.9601,0.2439,0.2439,7,1,2,0.242,0.790,0.848,0.148,0.050,0.998,0.010,0.996,0.810,0.202,0.098,0.900,0.022,0.996,0.550,0.548,0.778,0.220,0.996,0.006,0.028,0.974,0.006,0.998,0.122,0.882,0.950,0.050,0.150,0.852,0.998,0.002
1791268996,15.0,16.3247,16.0048,0.3200,0.3200,12,1,2,0.442,0.584,1.000,0.000,0.618,0.412,1.000,0.014,1.000,0.026,0.210,0.804,0.038,1.002,0.796,0.310,0.612,0.402,0.774,0.238,0.838,0.176,0.008,1.000,0.998,0.004,0.004,1.000,0.000,1.000,0.946,0.060
1791269001,20.0,16.2340,16.0081,0.2259,0.2259,6,1,0,0.324,0.690,1.002,0.002,0.040,1.000,0.206,0.800,0.610,0.414,0.004,1.000,0.020,1.000,0.130,0.982,0.004,0.998,0.004,1.000,0.440,0.568,0.838,0.166,0.164,0.840,0.250,0.750,0.000,1.000,0.000,0.998
1791269006,25.0,16.2160,16.0061,0.2099,0.2099,6,1,0,0.786,0.236,1.000,0.006,0.016,1.000,0.012,0.994,0.808,0.206,0.006,1.000,0.030,1.000,1.000,0.098,0.004,1.000,0.034,0.966,0.636,0.366,1.000,0.006,0.000,1.000,0.276,0.724,0.456,0.546,0.002,1.000
1791269011,30.0,16.2021,16.0081,0.1940,0.1940,6,1,0,0.738,0.274,0.408,0.596,0.416,0.610,0.004,1.000,0.596,0.416,0.812,0.194,0.018,1.000,1.002,0.098,0.010,1.000,0.774,0.230,1.002,0.004,1.002,0.002,0.250,0.754,0.002,1.002,1.002,0.000,0.806,0.196
1791269016,35.0,16.1687,16.0147,0.1540,0.1540,6,1,0,0.428,0.590,0.000,1.000,0.204,0.810,0.000,1.000,0.008,1.000,0.962,0.044,0.236,0.784,0.796,0.272,0.016,1.000,0.436,0.568,0.404,0.594,0.998,0.000,1.000,0.004,0.000,1.000,0.998,0.002,0.002,0.998
1791269021,40.0,16.1584,16.0065,0.1520,0.1520,6,1,0,0.444,0.578,0.904,0.096,1.000,0.026,0.106,0.896,0.614,0.392,0.000,0.998,0.396,0.614,0.582,0.492,0.214,0.796,1.002,0.008,0.210,0.794,1.000,0.002,1.000,0.000,0.852,0.150,1.000,0.002,0.000,1.000
1791269026,45.0,16.1662,15.9962,0.1700,0.1700,6,1,0,0.660,0.364,0.994,0.010,0.810,0.206,0.008,0.998,1.000,0.002,0.214,0.788,0.202,0.810,1.000,0.070,0.002,1.000,1.000,0.002,1.000,0.008,1.000,0.004,1.000,0.010,0.354,0.650,0.604,0.400,0.662,0.342
1791269031,50.0,16.1502,16.0082,0.1420,0.1420,6,1,0,0.326,0.688,0.010,0.990,0.018,0.998,0.032,0.968,0.396,0.604,1.000,0.002,0.034,0.986,1.000,0.076,0.230,0.774,0.170,0.830,0.998,0.000,1.002,0.002,1.000,0.018,0.004,1.000,1.000,0.000,1.000,0.000
1791269036,55.0,16.2022,16.0202,0.1820,0.1820,13,1,0,0.308,0.708,0.012,0.992,0.016,1.000,0.006,0.996,0.000,1.000,1.002,0.000,0.790,0.228,0.382,0.646,1.002,0.068,0.002,0.998,0.830,0.190,0.962,0.040,0.406,0.608,0.850,0.154,1.000,0.004,0.604,0.398
1791269041,60.0,16.1643,15.9983,0.1660,0.1660,7,1,0,0.492,0.520,0.004,1.000,0.804,0.212,0.802,0.202,0.000,1.000,0.972,0.030,0.034,0.980,0.004,1.000,0.998,0.076,0.004,1.002,0.040,0.960,0.588,0.412,0.166,0.848,0.750,0.254,1.002,0.002,0.942,0.060
1791269046,65.0,16.2128,16.0168,0.1960,0.1960,13,1,0,0.608,0.408,0.204,0.806,0.994,0.028,0.004,1.002,0.614,0.390,1.000,0.002,0.448,0.570,0.244,0.756,1.002,0.048,0.274,0.768,0.568,0.432,0.762,0.246,0.032,1.000,0.650,0.354,0.520,0.482,0.726,0.280
1791269051,70.0,16.1481,15.9981,0.1500,0.1500,8,1,2,0.350,0.668,1.002,0.002,0.804,0.198,0.396,0.602,1.000,0.002,0.594,0.406,1.000,0.016,0.194,0.806,0.814,0.272,0.998,0.002,0.530,0.472,0.046,0.960,0.214,0.792,0.560,0.448,0.746,0.254,0.004,1.000
1791269056,75.0,16.1481,16.0182,0.1300,0.1300,11,1,0,0.018,0.998,0.094,0.914,0.012,1.002,0.002,1.002,0.998,0.004,0.000,1.002,1.002,0.016,0.784,0.220,0.442,0.620,0.574,0.428,0.238,0.764,1.000,0.004,0.142,0.858,0.004,0.998,0.002,1.002,0.002,1.002
1791269061,80.0,16.2196,16.0117,0.2079,0.2079,13,1,0,0.014,1.000,0.296,0.710,0.250,0.768,0.002,1.000,1.002,0.000,0.806,0.192,0.602,0.414,0.984,0.016,1.000,0.132,0.436,0.568,0.998,0.006,0.566,0.438,0.002,1.000,0.012,1.002,0.002,1.000,0.002,1.000
1791269066,85.0,16.0540,15.9880,0.0660,0.0660,6,1,0,0.006,1.000,0.308,0.700,0.598,0.402,0.372,0.626,0.998,0.008,0.608,0.394,0.818,0.198,0.978,0.024,0.574,0.432,0.604,0.396,1.002,0.002,0.000,1.000,0.814,0.194,0.718,0.286,0.262,0.740,0.004,0.998
1791269071,90.0,16.0557,16.0057,0.0500,0.0500,6,1,0,0.000,1.002,0.008,1.000,1.000,0.000,0.004,1.002,0.982,0.016,0.602,0.400,1.002,0.016,0.110,0.890,0.230,0.772,0.834,0.180,1.000,0.000,0.118,0.888,0.002,1.002,1.000,0.000,1.000,0.000,0.000,1.002
1791269076,95.0,16.0583,16.0023,0.0560,0.0560,13,1,0,0.020,1.000,0.402,0.604,1.000,0.000,0.998,0.002,1.000,0.000,0.212,0.786,0.590,0.422,0.602,0.400,0.578,0.430,1.000,0.010,1.000,0.000,0.998,0.002,0.000,0.998,1.000,0.002,1.000,0.000,0.062,0.934
1791269081,100.0,16.0382,16.0062,0.0320,0.0320,6,1,0,0.076,0.934,0.676,0.326,1.000,0.000,0.602,0.398,0.596,0.404,1.000,0.004,0.010,1.000,0.988,0.012,0.430,0.568,0.794,0.218,0.966,0.034,1.000,0.004,0.000,1.002,1.000,0.000,0.998,0.000,1.000,0.002
1791269086,105.0,16.0460,16.0040,0.0420,0.0420,7,1,0,0.020,0.988,1.000,0.012,0.204,0.798,0.002,1.000,0.000,1.000,0.998,0.000,0.412,0.602,0.176,0.822,0.376,0.628,1.000,0.006,0.038,0.964,1.000,0.002,0.004,0.998,1.000,0.000,0.946,0.056,0.940,0.060
1791269091,110.0,16.0624,16.0044,0.0580,0.0580,6,1,0,0.014,1.000,1.000,0.006,0.404,0.594,0.808,0.196,0.390,0.610,0.606,0.398,0.626,0.388,0.628,0.374,0.004,1.000,1.002,0.006,1.000,0.002,0.682,0.320,0.000,1.002,1.002,0.002,0.256,0.746,0.122,0.882
1791269096,115.0,16.0358,16.0278,0.0080,0.0080,6,1,0,0.008,1.000,0.202,0.802,0.602,0.398,0.810,0.192,0.000,1.000,0.998,0.000,1.000,0.014,0.998,0.002,0.628,0.372,1.000,0.010,0.566,0.436,0.846,0.156,0.000,1.000,0.998,0.000,0.344,0.654,0.998,0.000
1791269101,120.0,16.0423,15.9983,0.0440,0.0440,6,1,0,0.008,1.000,0.410,0.592,0.000,1.002,0.412,0.592,0.010,0.990,1.000,0.000,1.000,0.012,1.000,0.000,0.972,0.034,0.766,0.244,0.000,1.000,1.000,0.000,0.002,1.000,0.952,0.048,0.458,0.542,1.002,0.000
1791269106,125.0,16.1982,16.0002,0.1980,0.1980,21,1,0,0.020,1.000,0.416,0.606,0.054,0.952,1.000,0.006,0.604,0.412,0.990,0.014,0.182,0.826,0.976,0.044,0.240,0.770,0.914,0.102,0.044,0.964,1.000,0.012,0.034,1.000,0.002,1.000,1.002,0.002,1.000,0.008
1791269111,130.0,16.0520,16.0220,0.0300,0.0300,8,1,2,0.206,0.808,0.006,0.998,0.406,0.596,0.794,0.206,0.404,0.598,0.812,0.188,0.820,0.182,0.412,0.602,1.000,0.000,0.732,0.274,0.606,0.398,0.208,0.794,0.270,0.732,0.004,1.000,0.942,0.064,0.342,0.660
1791269116,135.0,16.0638,15.9999,0.0640,0.0640,12,1,0,0.108,0.908,0.014,1.000,1.000,0.000,0.580,0.424,0.802,0.198,1.000,0.000,0.998,0.000,0.014,0.998,1.000,0.000,1.000,0.012,0.562,0.438,1.000,0.006,0.002,1.000,0.000,1.000,0.000,1.000,0.000,1.000
1791269121,140.0,16.0559,16.0099,0.0460,0.0460,8,1,0,0.016,0.998,0.996,0.004,1.000,0.002,0.254,0.746,1.000,0.000,1.000,0.000,1.002,0.000,0.014,1.000,0.968,0.032,1.000,0.004,0.240,0.760,0.160,0.846,0.260,0.752,0.254,0.746,0.000,1.000,0.000,1.000
1791269126,145.0,16.0960,16.0100,0.0860,0.0860,13,1,5,0.012,1.002,0.380,0.630,1.000,0.000,0.678,0.328,1.002,0.000,1.002,0.002,0.404,0.600,0.828,0.188,0.960,0.050,0.436,0.578,0.828,0.174,0.004,1.000,0.740,0.264,1.000,0.010,0.010,0.994,0.062,0.938
1791269131,150.0,16.1862,16.0082,0.1780,0.1780,17,1,1,0.036,1.000,0.794,0.206,0.604,0.400,0.086,1.002,1.000,0.000,1.000,0.000,0.782,0.218,0.190,0.824,1.000,0.010,1.000,0.006,0.002,0.998,0.048,0.962,0.010,1.000,1.002,0.014,0.858,0.142,0.738,0.264
1791269136,155.0,16.7040,16.0101,0.6938,0.6938,24,1,1,0.414,0.632,0.644,0.536,0.026,1.000,0.442,0.624,0.206,0.812,1.000,0.004,0.234,0.806,0.242,0.774,1.000,0.206,0.826,0.194,0.084,0.938,0.620,0.388,0.658,0.374,0.746,0.272,1.000,0.002,0.466,0.536
1791269141,160.0,16.8963,16.0244,0.8718,0.8718,26,1,0,0.026,1.000,1.000,0.086,0.062,1.002,0.026,0.996,0.056,1.002,1.000,0.020,0.394,0.634,0.486,0.534,0.634,0.730,0.826,0.222,0.624,0.394,1.002,0.052,0.574,0.468,0.010,1.002,0.180,0.856,1.000,0.000
1791269146,165.0,16.0621,15.9901,0.0720,0.0720,6,1,0,0.016,1.000,0.660,0.340,0.002,1.000,1.000,0.006,0.814,0.186,1.002,0.000,0.000,1.002,0.606,0.408,0.372,0.626,0.774,0.238,0.172,0.826,1.002,0.004,0.850,0.150,0.068,0.942,0.002,1.000,0.136,0.864
1791269151,170.0,16.0478,15.9998,0.0480,0.0480,6,1,0,0.038,0.960,0.998,0.000,0.000,1.002,1.000,0.002,1.000,0.002,1.000,0.000,0.220,0.780,1.000,0.014,0.060,0.942,1.000,0.018,0.178,0.826,0.998,0.008,1.002,0.002,0.634,0.368,0.462,0.538,0.000,1.000
1791269156,175.0,16.0564,16.0004,0.0560,0.0560,6,1,0,0.188,0.824,0.406,0.598,0.000,1.000,1.000,0.004,1.000,0.000,1.000,0.000,0.778,0.222,1.000,0.014,0.000,0.998,0.702,0.306,0.644,0.358,0.158,0.846,0.998,0.006,0.998,0.000,1.000,0.002,0.372,0.632
1791269161,180.0,16.0595,16.0215,0.0380,0.0380,6,1,0,0.998,0.006,0.604,0.408,0.404,0.596,1.002,0.002,0.592,0.410,1.000,0.000,0.796,0.206,1.000,0.016,0.000,1.002,0.960,0.044,0.962,0.040,0.000,0.998,0.166,0.854,1.002,0.000,1.002,0.000,0.000,0.998
1791269166,185.0,16.0906,16.0086,0.0820,0.0820,20,1,0,0.322,0.692,0.796,0.206,0.534,0.468,0.998,0.004,0.326,0.680,1.000,0.006,0.780,0.224,1.000,0.018,0.004,0.998,0.716,0.300,0.002,1.000,0.650,0.352,0.260,0.752,1.000,0.006,1.000,0.002,0.432,0.570
1791269171,190.0,16.0513,16.0413,0.0100,0.0100,8,1,2,0.004,1.000,0.620,0.388,0.798,0.202,0.796,0.208,0.016,0.984,1.000,0.002,0.024,0.976,1.000,0.014,0.234,0.766,0.998,0.008,0.002,1.000,1.000,0.004,0.754,0.248,1.000,0.006,1.000,0.002,1.000,0.000
1791269176,195.0,16.1004,15.9764,0.1240,0.1240,8,1,0,0.262,0.750,0.890,0.132,0.616,0.394,1.000,0.004,0.590,0.408,1.000,0.000,0.068,0.934,1.000,0.016,0.392,0.610,0.898,0.110,0.000,1.002,1.002,0.000,0.124,0.880,1.000,0.016,1.000,0.002,1.000,0.002
1791269181,200.0,16.0378,16.0118,0.0260,0.0260,9,1,0,0.006,1.000,0.206,0.794,0.962,0.038,1.000,0.000,0.000,1.000,1.002,0.002,0.306,0.692,0.186,0.830,1.002,0.000,1.000,0.006,0.002,0.998,0.352,0.646,0.354,0.652,1.000,0.006,0.742,0.256,0.136,0.864
1791269186,205.0,16.0578,16.0038,0.0540,0.0540,6,1,0,0.416,0.598,0.822,0.178,0.996,0.004,0.398,0.606,0.000,1.000,0.602,0.396,0.226,0.776,0.042,0.972,0.970,0.028,1.002,0.004,0.840,0.158,0.246,0.754,0.002,0.998,1.000,0.018,0.000,1.002,0.002,1.000
1791269191,210.0,16.0480,16.0060,0.0420,0.0420,6,1,0,0.200,0.806,1.000,0.000,0.608,0.394,0.000,1.002,0.004,0.998,1.000,0.000,0.382,0.618,0.978,0.038,0.000,1.002,1.000,0.006,1.002,0.002,1.002,0.000,0.002,1.000,1.002,0.004,0.000,1.000,0.000,1.002
1791269196,215.0,16.0476,16.0116,0.0360,0.0360,13,1,0,0.012,0.990,0.252,0.750,0.598,0.404,0.002,0.998,0.418,0.584,0.982,0.020,0.000,1.000,0.014,1.000,0.094,0.908,0.730,0.278,0.960,0.040,0.956,0.046,0.002,1.002,0.998,0.014,0.174,0.834,0.466,0.534
1791269201,220.0,16.0441,15.9941,0.0500,0.0500,6,1,0,0.014,0.998,0.404,0.596,0.602,0.398,0.008,0.992,0.604,0.400,0.624,0.376,0.026,0.974,0.286,0.728,0.034,0.966,0.564,0.440,0.050,0.954,0.000,0.998,0.002,1.000,1.002,0.008,1.000,0.000,1.002,0.000
1791269206,225.1,16.0564,16.0064,0.0500,0.0500,6,1,0,0.014,1.000,0.432,0.570,0.492,0.510,1.000,0.000,0.788,0.216,1.000,0.000,1.002,0.000,0.012,1.002,1.000,0.000,1.000,0.004,1.000,0.004,0.200,0.800,0.000,1.000,1.000,0.002,0.144,0.860,1.000,0.000
1791269211,230.1,16.0460,16.0081,0.0380,0.0380,6,1,0,0.022,0.992,0.910,0.092,0.090,0.910,0.590,0.410,0.000,1.000,1.000,0.002,0.974,0.024,0.012,1.000,1.000,0.000,1.002,0.004,0.958,0.046,1.002,0.000,0.002,1.000,1.000,0.000,0.006,1.002,1.000,0.002
1791269216,235.1,16.0562,16.0222,0.0340,0.0340,6,1,0,0.010,1.002,0.202,0.798,0.204,0.798,0.410,0.588,0.002,1.002,1.000,0.000,0.628,0.372,0.044,0.970,0.966,0.038,1.000,0.004,0.002,1.000,0.296,0.704,0.456,0.546,1.000,0.000,0.014,1.000,0.998,0.002
1791269221,240.1,16.0577,16.0057,0.0520,0.0520,6,1,0,0.202,0.806,0.800,0.208,0.808,0.190,1.002,0.000,0.004,0.998,1.002,0.002,0.576,0.426,0.340,0.678,0.436,0.562,1.002,0.004,0.184,0.820,0.244,0.758,1.002,0.002,1.000,0.018,0.870,0.132,0.400,0.604
1791269226,245.1,16.1104,16.0064,0.1040,0.1040,20,1,0,0.034,0.996,0.400,0.598,1.000,0.004,1.000,0.002,0.824,0.184,0.982,0.022,0.002,1.000,0.438,0.572,1.000,0.002,0.800,0.212,0.004,1.002,0.000,1.000,0.998,0.002,1.000,0.008,0.338,0.672,0.336,0.666
1791269231,250.1,16.0463,16.0103,0.0360,0.0360,8,1,2,0.012,0.998,1.000,0.002,1.002,0.000,1.000,0.000,0.986,0.016,0.018,0.980,0.800,0.200,0.574,0.434,1.000,0.000,1.000,0.008,0.554,0.452,0.000,1.000,1.000,0.004,1.000,0.012,0.222,0.776,0.672,0.328
1791269236,255.1,16.0579,16.0019,0.0560,0.0560,8,1,0,0.018,1.002,0.992,0.008,0.750,0.252,0.406,0.594,0.418,0.582,0.384,0.614,0.000,1.000,0.014,1.002,1.002,0.002,0.850,0.152,1.002,0.002,0.000,1.000,1.000,0.004,1.002,0.008,1.000,0.000,0.354,0.646
1791269241,260.1,16.0559,15.9979,0.0580,0.0580,9,1,0,0.012,1.000,1.002,0.000,1.002,0.000,1.000,0.002,1.002,0.002,0.772,0.232,0.000,1.002,0.006,1.000,0.766,0.234,0.476,0.532,0.160,0.844,0.848,0.156,0.266,0.734,0.998,0.012,1.002,0.002,0.132,0.868
1791269246,265.1,16.0478,16.0178,0.0300,0.0300,6,1,0,0.008,1.000,0.604,0.398,0.994,0.004,0.604,0.398,0.604,0.398,0.982,0.018,0.626,0.372,0.444,0.570,0.404,0.598,1.002,0.002,0.252,0.750,0.380,0.630,0.256,0.744,1.002,0.006,0.456,0.542,0.602,0.398
1791269251,270.1,16.0519,15.9999,0.0520,0.0520,6,1,0,0.222,0.794,0.006,0.996,0.084,0.918,0.992,0.008,1.000,0.002,0.000,1.002,1.000,0.000,0.974,0.042,0.000,0.998,0.358,0.640,0.158,0.846,0.004,1.000,0.752,0.250,0.338,0.664,0.010,1.000,0.000,1.000
1791269256,275.1,16.0738,16.0099,0.0640,0.0640,13,1,0,0.024,1.002,0.004,1.002,0.010,0.992,0.612,0.390,0.986,0.018,0.022,0.978,1.002,0.004,0.144,0.868,0.000,1.002,0.002,1.002,0.052,0.952,0.006,1.000,0.456,0.544,0.002,1.000,0.006,1.002,0.004,1.002
1791269261,280.1,16.0920,16.0140,0.0780,0.0780,6,1,0,0.042,1.000,0.268,0.730,0.604,0.396,0.998,0.002,0.476,0.526,1.002,0.000,1.000,0.002,0.564,0.452,0.000,1.000,0.740,0.258,0.554,0.448,0.004,1.000,1.002,0.004,0.002,1.000,0.014,1.000,0.000,0.998
1791269266,285.1,16.0703,16.0124,0.0580,0.0580,6,1,0,0.230,0.800,0.000,1.000,1.000,0.000,0.604,0.398,0.416,0.584,0.990,0.006,1.000,0.002,0.998,0.014,0.344,0.654,0.162,0.838,0.184,0.822,0.008,1.000,1.000,0.000,0.002,1.000,0.550,0.464,0.002,1.000
1791269271,290.1,16.0554,16.0194,0.0360,0.0360,8,1,0,0.176,0.828,0.002,1.000,1.002,0.002,1.002,0.002,1.000,0.000,0.378,0.624,1.000,0.000,0.382,0.636,0.000,1.000,0.512,0.490,1.000,0.004,0.004,1.000,0.748,0.252,0.464,0.540,1.000,0.008,0.954,0.046
1791269276,295.1,16.0562,15.9982,0.0580,0.0580,7,1,0,0.118,0.892,0.000,1.000,0.998,0.000,0.998,0.000,1.000,0.006,0.000,1.002,1.002,0.004,0.244,0.768,0.000,1.002,0.000,0.998,1.000,0.000,0.010,1.000,0.006,1.002,1.000,0.000,1.002,0.014,1.002,0.000
1791269281,300.1,16.0440,16.0120,0.0320,0.0320,6,1,0,0.008,1.000,0.004,1.000,0.798,0.204,0.802,0.200,1.000,0.002,0.028,0.974,0.998,0.004,1.000,0.016,0.000,1.000,0.002,1.002,1.000,0.004,0.336,0.668,0.002,0.998,1.000,0.000,0.998,0.004,0.398,0.602
1791269286,305.1,16.1124,16.0104,0.1020,0.1020,19,1,0,0.038,0.992,0.768,0.246,0.216,0.790,1.000,0.002,0.584,0.418,0.178,0.820,0.776,0.232,0.380,0.636,0.242,0.762,0.640,0.358,0.758,0.248,0.360,0.656,0.006,1.000,0.940,0.060,0.470,0.536,1.000,0.004
1791269291,310.1,16.0721,16.0162,0.0560,0.0560,8,1,2,0.024,1.000,0.806,0.198,0.990,0.008,1.000,0.002,0.418,0.582,0.000,1.000,0.360,0.648,0.106,0.906,0.206,0.794,1.000,0.000,0.000,1.002,0.004,1.002,0.334,0.674,0.004,1.000,0.000,1.002,0.134,0.866
1791269296,315.1,16.0779,16.0019,0.0760,0.0760,8,1,0,0.106,0.932,0.410,0.592,0.810,0.190,1.000,0.000,1.002,0.000,0.824,0.176,0.060,0.938,0.080,0.932,1.000,0.000,0.160,0.844,0.004,1.002,0.006,1.000,0.458,0.546,0.012,1.000,0.000,0.998,0.002,1.000
1791269301,320.1,16.0478,16.0018,0.0460,0.0460,9,1,0,0.410,0.600,1.000,0.000,0.804,0.198,1.002,0.000,0.782,0.218,0.578,0.424,0.202,0.802,1.000,0.014,1.000,0.000,0.440,0.558,0.152,0.850,0.004,0.998,0.998,0.000,0.266,0.746,0.666,0.336,0.472,0.526
1791269306,325.1,16.0637,16.0157,0.0480,0.0480,6,1,0,0.412,0.602,0.412,0.588,1.000,0.000,0.388,0.612,0.402,0.598,0.790,0.212,0.034,0.974,0.810,0.200,1.000,0.000,0.358,0.644,0.004,1.002,0.006,1.002,0.338,0.666,0.744,0.270,1.002,0.000,0.732,0.272
1791269311,330.1,16.0438,16.0038,0.0400,0.0400,7,1,0,0.006,1.000,0.996,0.004,0.188,0.812,0.020,0.984,0.822,0.178,0.578,0.420,1.000,0.000,1.000,0.012,1.000,0.004,0.004,0.998,0.446,0.554,0.004,1.000,0.998,0.002,0.010,1.000,0.998,0.000,0.002,1.002
1791269316,335.1,16.0440,16.0080,0.0360,0.0360,14,1,0,0.210,0.796,0.002,1.000,0.002,1.000,1.000,0.000,0.382,0.620,0.004,1.000,1.000,0.000,1.000,0.012,0.406,0.596,0.202,0.796,0.342,0.662,0.006,1.000,1.000,0.000,0.010,1.000,0.318,0.684,0.874,0.124
1791269321,340.1,16.0816,15.9977,0.0840,0.0840,8,1,0,0.382,0.632,0.004,1.000,0.972,0.028,0.790,0.212,0.000,1.002,0.826,0.174,0.372,0.636,0.772,0.244,0.162,0.840,0.650,0.354,1.002,0.010,0.004,1.000,0.942,0.064,0.018,1.000,0.070,0.928,1.000,0.002
1791269326,345.1,16.0521,16.0201,0.0320,0.0320,6,1,0,0.212,0.796,0.798,0.202,0.972,0.030,0.900,0.100,0.622,0.376,0.376,0.624,0.004,0.998,0.012,1.002,0.004,1.000,0.800,0.198,0.998,0.004,0.080,0.930,0.000,0.998,0.870,0.138,0.320,0.686,0.928,0.076
1791269331,350.1,16.0536,16.0136,0.0400,0.0400,6,1,0,0.158,0.866,0.004,0.996,0.548,0.454,0.160,0.838,1.000,0.000,0.000,1.000,0.002,1.002,0.644,0.370,0.240,0.760,1.000,0.002,0.558,0.446,0.060,0.944,0.066,0.940,0.940,0.070,0.670,0.330,0.274,0.726
1791269336,355.1,16.0597,16.0017,0.0580,0.0580,6,1,0,0.010,1.002,0.284,0.720,0.814,0.186,0.220,0.782,0.278,0.724,0.002,1.000,0.002,1.000,0.772,0.238,0.700,0.300,0.802,0.198,0.254,0.750,0.398,0.608,0.800,0.200,0.006,1.002,1.000,0.000,0.130,0.872
1791269341,360.1,16.0563,16.0043,0.0520,0.0520,6,1,0,0.286,0.726,0.800,0.198,0.778,0.220,0.984,0.016,0.820,0.180,0.882,0.122,0.038,0.966,0.654,0.362,0.162,0.842,1.000,0.002,0.354,0.650,0.006,1.002,1.000,0.000,0.012,1.000,0.934,0.068,0.980,0.018
1791269346,365.1,16.0821,16.0121,0.0700,0.0700,20,1,0,0.028,0.998,1.002,0.000,0.216,0.786,0.002,1.000,0.384,0.616,0.778,0.222,0.034,0.968,0.838,0.172,0.042,0.958,1.000,0.006,0.454,0.552,0.208,0.798,1.000,0.006,0.870,0.136,0.002,1.000,0.128,0.876
1791269351,370.1,16.0481,16.0081,0.0400,0.0400,10,1,2,0.012,0.994,0.996,0.006,1.000,0.000,0.000,1.000,0.000,1.000,0.428,0.572,1.002,0.002,0.376,0.640,1.002,0.000,1.000,0.002,1.000,0.000,0.006,1.002,0.308,0.696,0.738,0.272,0.268,0.734,0.210,0.796
1791269356,375.1,16.0904,16.0064,0.0840,0.0840,10,1,0,0.034,1.002,0.700,0.302,1.000,0.000,0.616,0.384,0.820,0.182,1.000,0.000,0.972,0.030,0.244,0.764,1.000,0.000,1.000,0.000,1.000,0.004,0.322,0.686,0.062,0.940,0.478,0.534,1.002,0.002,0.000,0.998
1791269361,380.1,16.0518,16.0118,0.0400,0.0400,6,1,0,0.008,0.998,0.602,0.398,1.002,0.000,1.000,0.002,0.998,0.000,1.000,0.002,0.022,0.980,0.178,0.838,1.000,0.000,1.000,0.004,0.550,0.452,0.150,0.860,0.998,0.004,1.000,0.014,0.932,0.068,0.374,0.626
1791269366,385.1,16.0313,16.0153,0.0160,0.0160,6,1,0,0.110,0.900,0.604,0.396,0.998,0.000,1.000,0.000,0.210,0.794,0.404,0.596,0.832,0.172,0.244,0.768,0.602,0.398,0.956,0.042,0.002,1.002,0.100,0.902,0.498,0.504,0.536,0.468,0.068,0.932,1.000,0.002
1791269371,390.1,16.0661,15.9981,0.0680,0.0680,6,1,0,0.562,0.450,0.800,0.200,1.002,0.002,0.988,0.014,0.576,0.424,0.974,0.028,0.770,0.234,1.002,0.014,1.002,0.000,0.254,0.750,0.000,1.000,0.310,0.694,0.000,1.002,0.472,0.548,0.134,0.870,0.804,0.200
1791269376,395.1,16.0440,16.0140,0.0300,0.0300,13,1,0,0.650,0.354,0.418,0.586,0.404,0.594,0.998,0.000,0.000,0.998,0.030,0.972,0.970,0.032,1.000,0.012,1.000,0.000,0.952,0.048,0.106,0.902,0.064,0.940,0.004,1.000,1.000,0.006,0.672,0.324,0.602,0.396
1791269381,400.1,16.0482,15.9982,0.0500,0.0500,6,1,0,0.602,0.408,0.196,0.804,1.000,0.002,0.786,0.216,0.000,1.002,1.000,0.000,1.000,0.002,0.370,0.640,0.998,0.000,0.248,0.754,0.550,0.454,0.068,0.938,0.002,0.998,1.000,0.016,0.532,0.472,0.728,0.272
1791269386,405.1,16.0323,16.0003,0.0320,0.0320,6,1,0,0.206,0.800,0.200,0.800,0.604,0.396,0.020,0.980,0.000,1.000,0.998,0.000,0.772,0.230,0.012,1.000,1.002,0.000,1.000,0.002,0.002,0.998,0.140,0.866,0.402,0.600,0.142,0.864,0.274,0.726,0.600,0.402
1791269391,410.1,16.0682,16.0142,0.0540,0.0540,8,1,0,0.010,1.000,0.998,0.002,0.998,0.004,0.584,0.416,0.000,1.000,0.974,0.026,0.828,0.174,0.014,1.000,1.000,0.000,0.954,0.044,0.458,0.550,0.064,0.940,0.468,0.538,0.018,1.000,0.998,0.002,0.000,0.998
1791269396,415.1,16.0381,16.0021,0.0360,0.0360,6,1,0,0.104,0.902,0.812,0.188,0.990,0.010,0.000,1.000,0.000,1.000,0.002,1.002,0.826,0.176,0.012,1.002,1.000,0.000,0.000,1.000,0.998,0.002,0.306,0.702,0.984,0.016,0.932,0.076,1.000,0.000,0.674,0.326
1791269401,420.1,16.0579,16.0099,0.0480,0.0480,6,1,0,0.300,0.718,0.212,0.788,0.216,0.784,0.222,0.780,0.002,1.002,0.000,1.000,0.566,0.436,0.060,0.952,0.156,0.842,0.250,0.752,1.000,0.002,0.376,0.630,0.606,0.398,0.534,0.474,0.742,0.262,0.924,0.080
1791269406,425.1,16.0923,16.0163,0.0760,0.0760,20,1,0,0.428,0.592,0.018,0.982,1.002,0.002,1.002,0.000,0.002,0.998,0.206,0.796,0.038,0.968,0.414,0.604,0.846,0.156,1.002,0.006,0.950,0.058,0.064,0.940,0.904,0.100,0.012,1.000,0.000,1.002,0.002,1.000
1791269411,430.1,16.0459,16.0059,0.0400,0.0400,8,1,2,0.352,0.656,0.602,0.398,0.998,0.000,0.780,0.220,0.000,1.002,0.676,0.326,0.762,0.240,0.014,1.000,0.160,0.840,1.000,0.000,0.054,0.950,0.144,0.862,0.662,0.338,0.016,1.000,0.002,1.000,0.278,0.722
1791269416,435.1,16.0580,16.0020,0.0560,0.0560,9,1,0,0.430,0.594,1.002,0.002,1.000,0.000,0.000,1.000,0.738,0.264,0.770,0.226,0.232,0.766,0.216,0.798,0.002,1.000,0.150,0.848,0.004,1.000,0.218,0.788,1.000,0.004,0.474,0.534,0.472,0.528,0.926,0.076
1791269421,440.1,16.0695,16.0135,0.0560,0.0560,6,1,0,0.008,1.000,0.790,0.220,0.188,0.814,0.000,1.000,0.664,0.336,0.756,0.248,0.568,0.434,0.388,0.632,0.044,0.958,0.000,1.002,0.058,0.942,0.006,1.000,0.636,0.366,0.410,0.600,1.002,0.002,0.078,0.922
1791269426,445.1,16.0479,16.0059,0.0420,0.0420,6,1,0,0.020,1.000,0.790,0.208,0.004,0.998,0.220,0.780,1.000,0.000,1.000,0.000,0.834,0.166,1.000,0.016,0.960,0.040,0.000,1.000,1.000,0.002,0.036,0.968,0.144,0.858,0.282,0.728,1.000,0.000,0.920,0.080
1791269431,450.1,16.0481,16.0081,0.0400,0.0400,6,1,0,0.054,0.956,0.788,0.212,0.598,0.400,0.582,0.420,1.002,0.000,0.172,0.828,0.602,0.398,0.964,0.052,0.002,1.000,0.000,1.000,0.740,0.262,0.258,0.742,0.004,1.000,0.008,1.000,0.268,0.736,0.000,1.000
1791269436,455.1,16.0401,16.0042,0.0360,0.0360,13,1,0,0.210,0.794,0.002,1.002,0.016,0.986,0.516,0.484,0.998,0.000,0.000,1.000,1.000,0.000,0.252,0.764,0.440,0.560,0.404,0.596,0.746,0.258,1.000,0.000,0.004,1.000,0.008,1.002,0.002,1.002,0.882,0.120
1791269441,460.1,16.0682,16.0042,0.0640,0.0640,6,1,0,0.018,0.994,0.000,1.000,0.616,0.386,1.002,0.000,0.598,0.404,0.404,0.600,1.002,0.000,0.620,0.398,0.000,1.000,0.250,0.752,0.002,1.000,0.744,0.256,0.146,0.858,0.284,0.730,0.006,1.000,1.002,0.002
1791269446,465.1,16.0641,16.0021,0.0620,0.0620,7,1,0,0.222,0.800,0.404,0.594,1.000,0.000,0.976,0.022,0.826,0.174,0.000,0.998,0.166,0.834,0.766,0.246,0.000,0.998,1.000,0.000,0.260,0.744,0.662,0.342,0.004,1.000,0.144,0.870,0.010,1.000,1.000,0.000
1791269451,470.1,16.0462,16.0102,0.0360,0.0360,6,1,0,0.204,0.806,0.258,0.746,0.780,0.218,0.826,0.176,0.574,0.426,0.028,0.970,0.000,1.000,0.648,0.368,0.848,0.152,1.000,0.000,0.948,0.054,1.000,0.002,0.000,1.000,0.012,0.998,0.004,1.000,0.998,0.000
1791269456,475.1,16.0512,16.0212,0.0300,0.0300,6,1,0,0.010,1.002,0.996,0.004,0.786,0.216,1.000,0.000,0.000,1.000,0.208,0.796,0.000,1.000,0.178,0.840,0.560,0.444,1.002,0.000,0.000,1.002,0.546,0.456,0.000,1.002,0.012,1.002,0.400,0.604,1.002,0.000
1791269461,480.1,16.0440,15.9861,0.0580,0.0580,6,1,0,0.014,0.998,0.992,0.008,0.804,0.194,1.002,0.000,0.386,0.614,0.032,0.968,0.080,0.922,0.214,0.798,0.000,1.000,0.748,0.252,0.002,1.000,0.000,1.000,0.264,0.738,0.010,1.000,0.040,0.966,1.000,0.002
1791269466,485.1,16.0864,16.0144,0.0720,0.0720,21,1,0,0.014,1.000,0.408,0.608,0.006,1.000,0.998,0.000,0.976,0.026,0.174,0.830,0.634,0.366,0.452,0.560,0.002,0.998,0.648,0.350,0.006,1.000,0.802,0.202,0.142,0.858,0.276,0.736,0.006,1.002,1.000,0.002
1791269471,490.1,16.0628,16.0028,0.0600,0.0600,8,1,2,0.038,0.988,0.000,1.000,0.000,1.000,1.000,0.000,0.004,1.000,0.000,1.000,0.568,0.434,1.002,0.012,0.002,1.000,1.002,0.000,0.806,0.196,0.000,1.000,0.208,0.796,0.606,0.398,0.008,0.998,0.324,0.678
1791269476,495.1,16.0614,16.0074,0.0540,0.0540,9,1,0,0.226,0.784,0.616,0.386,0.604,0.400,1.002,0.002,0.392,0.608,0.000,1.000,0.000,1.000,1.000,0.012,0.046,0.956,1.000,0.000,0.750,0.254,0.660,0.342,0.000,1.000,0.798,0.214,0.234,0.776,0.544,0.454
1791269481,500.1,16.0416,16.0096,0.0320,0.0320,6,1,0,0.022,1.000,0.192,0.810,0.364,0.638,1.000,0.000,1.000,0.000,0.636,0.366,0.806,0.194,0.764,0.248,0.224,0.778,0.748,0.252,0.146,0.854,0.998,0.000,0.002,1.000,1.002,0.004,0.308,0.694,0.526,0.476
1791269486,505.1,16.0440,16.0080,0.0360,0.0360,6,1,0,0.008,1.000,0.004,1.000,0.186,0.812,1.000,0.000,0.998,0.000,1.000,0.000,0.000,1.000,0.012,1.000,0.052,0.950,0.000,1.000,0.002,1.000,1.002,0.000,0.004,0.998,0.538,0.470,0.460,0.548,0.080,0.920
1791269491,510.1,16.0595,16.0035,0.0560,0.0560,6,1,0,0.016,1.000,0.416,0.586,0.002,1.002,1.000,0.000,1.002,0.000,0.770,0.230,0.166,0.834,0.014,1.000,0.994,0.008,0.000,1.000,0.002,1.000,0.738,0.264,0.002,1.002,0.004,1.002,0.334,0.672,1.002,0.000
1791269496,515.1,16.0493,16.0193,0.0300,0.0300,13,1,0,0.006,1.000,1.002,0.000,0.418,0.580,1.000,0.002,1.000,0.000,0.438,0.564,1.002,0.000,0.452,0.562,0.756,0.244,0.000,1.000,0.004,1.000,0.266,0.736,0.002,1.000,0.016,1.000,0.594,0.414,0.998,0.002
1791269501,520.1,16.0582,16.0162,0.0420,0.0420,6,1,0,0.026,0.998,0.190,0.810,0.186,0.818,0.604,0.396,0.722,0.280,0.972,0.028,1.000,0.002,1.002,0.012,1.002,0.002,0.000,1.000,0.002,1.000,1.000,0.002,0.104,0.898,0.876,0.136,0.002,1.000,0.524,0.476
1791269506,525.1,16.0639,15.9759,0.0880,0.0880,6,1,0,0.008,1.002,0.276,0.726,0.222,0.778,0.778,0.224,0.230,0.770,0.758,0.242,0.962,0.038,0.998,0.014,0.554,0.450,0.104,0.898,0.464,0.540,0.206,0.798,0.000,1.000,1.000,0.016,0.652,0.350,0.000,1.000
1791269511,530.1,16.0483,16.0143,0.0340,0.0340,8,1,0,0.218,0.794,0.000,1.000,0.582,0.418,0.808,0.192,0.974,0.028,0.896,0.104,0.444,0.558,0.368,0.644,0.450,0.552,0.000,1.000,0.742,0.260,0.250,0.758,0.870,0.130,0.998,0.010,1.000,0.000,0.000,1.000
1791269516,535.1,16.0490,16.0450,0.0040,0.0040,6,1,0,0.214,0.796,0.220,0.780,0.000,0.998,0.828,0.176,0.000,1.000,1.000,0.002,0.998,0.000,0.254,0.758,1.000,0.002,0.052,0.946,0.260,0.742,0.198,0.814,1.000,0.002,1.002,0.012,1.000,0.002,0.006,1.002
1791269521,540.1,16.0841,15.9742,0.1100,0.1100,6,1,0,0.004,1.000,0.406,0.596,0.002,1.002,1.000,0.000,0.230,0.772,1.002,0.000,1.002,0.000,1.002,0.016,1.002,0.006,0.748,0.254,0.540,0.460,0.016,1.000,1.002,0.004,1.002,0.010,1.002,0.010,0.126,0.874
1791269526,545.1,16.1728,16.0048,0.1680,0.1680,20,1,0,0.024,1.000,0.926,0.082,0.004,1.000,1.000,0.006,1.000,0.006,1.000,0.004,0.998,0.002,1.000,0.016,0.998,0.004,0.654,0.350,0.862,0.170,0.032,1.002,0.730,0.272,0.998,0.022,0.724,0.282,1.000,0.002
1791269531,550.1,16.1004,16.0084,0.0920,0.0920,8,1,2,0.010,1.000,0.780,0.222,0.424,0.576,0.774,0.224,0.774,0.226,1.000,0.000,1.000,0.000,1.000,0.016,0.758,0.246,0.770,0.232,1.000,0.044,0.014,0.998,0.002,1.000,0.930,0.074,0.014,1.000,0.122,0.878
1791269536,555.1,16.0560,16.0001,0.0560,0.0560,9,1,0,0.012,1.000,0.984,0.016,0.384,0.618,0.054,0.946,0.002,1.002,1.000,0.000,1.002,0.000,1.002,0.012,0.254,0.746,0.000,1.000,0.346,0.664,0.200,0.806,0.976,0.026,0.702,0.296,0.086,0.920,0.086,0.912
1791269541,560.1,16.0880,16.0020,0.0860,0.0860,6,1,0,0.584,0.428,0.998,0.004,0.710,0.302,0.402,0.604,0.204,0.794,0.766,0.236,1.000,0.002,0.810,0.200,0.098,0.906,0.000,1.000,0.000,1.000,0.618,0.402,0.340,0.666,0.000,1.002,1.000,0.012,0.612,0.398
1791269546,565.1,16.0917,16.0197,0.0720,0.0720,6,1,0,0.196,0.810,0.998,0.002,0.820,0.184,1.000,0.000,0.430,0.572,0.000,1.000,0.602,0.398,0.562,0.452,1.000,0.002,0.652,0.346,0.000,1.002,0.562,0.476,0.004,1.000,0.282,0.722,1.002,0.020,0.998,0.000
1791269551,570.1,16.1997,16.0018,0.1979,0.1979,6,1,0,0.032,0.994,0.204,0.800,0.286,0.726,0.998,0.000,0.864,0.134,0.000,1.000,0.810,0.192,0.014,1.000,1.000,0.000,1.000,0.000,0.000,0.998,0.938,0.152,0.688,0.334,0.218,0.802,0.922,0.092,1.002,0.002
1791269556,575.1,16.3240,16.0001,0.3239,0.3239,13,1,0,0.478,0.544,0.586,0.418,1.000,0.032,0.978,0.040,0.608,0.410,0.012,1.000,1.000,0.010,0.452,0.560,0.754,0.256,0.946,0.056,0.260,0.740,0.946,0.196,1.000,0.016,0.202,0.806,0.204,0.796,0.132,0.882
1791269561,580.1,16.1943,16.0164,0.1780,0.1780,6,1,0,0.016,1.000,0.216,0.784,1.000,0.020,0.026,0.998,1.002,0.002,0.642,0.360,0.998,0.006,0.498,0.520,0.456,0.546,0.000,1.000,0.000,1.000,0.318,0.758,1.002,0.006,1.000,0.008,0.302,0.718,0.208,0.796
1791269566,585.1,17.4337,15.9921,1.4416,1.4416,137,1,11,0.208,0.950,0.256,0.772,0.692,0.370,0.170,1.000,0.914,0.132,0.814,0.240,0.962,0.372,0.714,0.430,0.954,0.076,0.656,0.370,0.664,0.370,1.000,0.086,0.982,0.160,0.422,0.618,0.694,0.330,0.062,0.998
1791269571,590.1,17.0241,16.0104,1.0138,1.0138,49,1,0,0.140,1.000,0.236,0.808,0.862,0.194,0.016,1.000,0.218,0.798,0.040,0.998,0.016,0.998,0.878,0.336,0.964,0.092,0.268,0.756,1.000,0.050,0.772,0.270,0.934,0.292,0.998,0.038,0.882,0.138,0.888,0.140
1791269576,595.1,16.3523,15.9944,0.3579,0.3579,11,1,2,0.068,1.000,0.034,1.002,1.002,0.014,0.440,0.572,0.186,0.818,0.796,0.212,0.012,1.002,1.002,0.004,0.752,0.270,0.006,1.002,0.806,0.262,0.806,0.198,0.734,0.272,1.002,0.074,0.746,0.262,0.720,0.292
1791269581,600.1,16.3159,16.0260,0.2899,0.2899,19,1,0,0.260,0.778,0.058,1.000,0.992,0.040,0.522,0.488,0.998,0.018,0.174,0.834,0.612,0.402,0.368,0.656,0.214,0.796,0.040,1.000,0.476,0.546,0.066,0.936,0.810,0.202,1.000,0.014,1.000,0.008,0.010,0.998
1791269586,605.1,16.2805,16.0045,0.2760,0.2760,21,1,0,0.280,0.756,0.028,1.000,0.948,0.080,0.230,0.776,0.998,0.012,0.750,0.256,0.142,0.872,0.654,0.350,0.028,1.000,0.016,1.000,0.342,0.708,1.000,0.004,1.000,0.022,1.000,0.014,1.000,0.010,0.214,0.790
1791269591,610.1,16.3062,16.0042,0.3019,0.3019,20,1,3,0.136,0.910,0.036,0.988,1.000,0.032,0.676,0.334,0.696,0.310,0.164,0.840,0.060,0.958,1.000,0.004,0.020,1.000,0.126,0.944,0.672,0.366,1.000,0.000,0.940,0.074,0.928,0.080,0.998,0.008,1.000,0.012
1791269596,615.1,16.2586,16.0387,0.2200,0.2200,20,1,0,0.076,0.990,0.210,0.800,0.904,0.110,0.006,1.000,1.002,0.014,0.838,0.162,1.000,0.004,1.000,0.000,0.066,0.952,1.000,0.002,1.000,0.044,0.338,0.670,1.000,0.044,0.582,0.422,0.646,0.366,0.726,0.286
1791269601,620.1,16.1923,15.9863,0.2060,0.2060,12,1,0,0.026,1.000,1.000,0.016,0.738,0.276,0.008,1.002,0.292,0.716,0.966,0.036,1.000,0.002,0.782,0.218,0.996,0.018,1.002,0.008,1.000,0.056,0.286,0.730,0.928,0.078,1.000,0.008,0.522,0.486,0.006,1.002
1791269606,625.1,16.0837,16.0177,0.0660,0.0660,6,1,0,0.254,0.762,0.630,0.376,0.378,0.632,0.406,0.598,0.376,0.632,0.002,1.000,1.000,0.000,0.246,0.754,1.000,0.016,0.998,0.002,0.216,0.802,0.538,0.462,0.270,0.728,1.000,0.006,0.008,1.002,0.000,1.000
1791269611,630.1,16.1919,15.9959,0.1960,0.1960,14,1,0,0.022,1.000,0.784,0.232,0.704,0.304,0.106,0.894,0.840,0.172,0.638,0.360,0.560,0.440,0.554,0.450,0.170,0.852,1.000,0.012,0.804,0.260,0.000,1.002,1.002,0.010,1.000,0.002,0.006,1.000,0.002,1.000
1791269616,635.1,16.0869,16.0310,0.0560,0.0560,15,1,0,0.016,1.000,0.624,0.376,1.000,0.014,0.006,1.000,0.998,0.004,0.762,0.238,0.244,0.758,0.002,1.000,0.606,0.406,0.802,0.204,1.000,0.008,0.012,1.000,1.000,0.002,0.922,0.078,0.358,0.642,0.136,0.866
1791269621,640.1,16.1977,15.9758,0.2219,0.2219,17,1,0,0.030,1.002,1.000,0.018,1.000,0.010,0.600,0.408,1.000,0.004,0.242,0.762,1.000,0.000,0.004,0.998,0.018,1.002,0.544,0.460,1.000,0.026,0.054,1.000,1.000,0.016,0.002,1.002,0.002,1.002,0.998,0.004
1791269626,645.2,16.1039,16.0199,0.0840,0.0840,6,1,0,0.218,0.796,0.984,0.028,0.842,0.168,0.784,0.218,0.194,0.808,1.000,0.002,0.958,0.046,0.050,0.950,0.014,1.000,0.000,1.000,0.808,0.202,0.022,1.002,0.932,0.068,0.000,1.000,0.010,1.002,1.004,0.000
1791269631,650.2,16.0917,16.0077,0.0840,0.0840,6,1,0,0.010,1.000,0.624,0.380,0.826,0.178,0.010,0.994,0.634,0.366,1.002,0.006,0.000,1.002,1.000,0.000,0.466,0.552,0.464,0.540,0.074,0.936,0.682,0.348,0.000,1.002,0.002,1.000,0.002,1.000,1.000,0.004
1791269636,655.2,16.1581,15.9961,0.1620,0.1620,6,1,0,0.122,0.900,1.000,0.014,1.000,0.022,0.038,0.966,1.000,0.002,1.000,0.002,0.648,0.352,0.552,0.450,1.000,0.016,0.244,0.758,0.348,0.662,1.000,0.056,0.002,0.998,0.280,0.724,0.808,0.194,0.998,0.006
1791269641,660.2,16.1920,16.0120,0.1800,0.1800,14,1,0,0.036,1.000,1.000,0.030,0.982,0.030,1.000,0.004,0.164,0.838,1.000,0.002,0.604,0.398,0.000,1.002,0.156,0.860,0.002,1.000,0.008,1.000,0.158,0.886,0.414,0.602,0.524,0.476,0.002,1.000,0.316,0.692
1791269646,665.2,16.2126,16.0166,0.1960,0.1960,36,1,0,0.222,0.814,0.588,0.426,0.760,0.266,0.182,0.836,0.458,0.548,1.002,0.008,1.002,0.002,0.454,0.548,0.018,0.998,0.004,1.002,0.158,0.858,0.012,1.000,0.034,1.000,0.884,0.122,0.298,0.712,0.556,0.446
1791269651,670.2,16.2003,16.0024,0.1980,0.1980,15,1,2,0.028,1.000,0.998,0.008,0.994,0.018,0.048,0.970,1.002,0.008,0.958,0.044,0.998,0.002,1.002,0.006,0.660,0.356,0.004,1.000,1.000,0.010,0.680,0.328,0.062,1.000,0.730,0.284,0.776,0.228,1.002,0.006
1791269656,675.2,16.1660,16.0081,0.1580,0.1580,28,1,5,0.226,0.804,0.958,0.056,0.970,0.036,0.944,0.064,0.798,0.200,0.040,0.964,0.758,0.250,0.594,0.406,1.002,0.014,0.002,0.998,1.000,0.018,1.000,0.002,0.490,0.546,0.004,1.000,0.686,0.318,0.860,0.164
1791269661,680.2,16.3458,16.0119,0.3339,0.3339,30,1,0,0.228,0.824,0.228,0.782,0.530,0.498,0.926,0.094,0.900,0.106,0.966,0.046,0.852,0.164,0.012,1.000,0.748,0.272,0.216,0.800,1.002,0.010,0.134,0.868,0.560,0.494,0.612,0.414,0.132,0.882,1.000,0.040
1791269666,685.2,16.1405,16.0045,0.1360,0.1360,11,1,0,0.156,0.858,1.000,0.010,0.034,0.970,0.968,0.036,0.002,1.002,0.560,0.440,0.808,0.198,0.054,0.950,0.070,0.946,0.006,1.000,0.936,0.076,0.000,1.000,0.040,1.000,0.006,1.000,0.800,0.208,1.000,0.006
1791269671,690.2,16.1819,15.9940,0.1880,0.1880,12,1,0,0.016,1.000,0.700,0.308,1.000,0.004,0.218,0.788,0.016,0.998,0.254,0.760,1.000,0.008,1.000,0.000,1.002,0.014,0.270,0.738,0.096,0.912,0.002,1.002,0.070,1.000,0.406,0.594,0.626,0.386,1.000,0.002
1791269676,695.2,16.3049,16.0110,0.2939,0.2939,18,1,0,0.124,0.902,0.402,0.614,1.000,0.024,0.628,0.388,0.844,0.178,0.562,0.444,1.000,0.008,1.000,0.014,0.360,0.660,1.000,0.020,0.612,0.400,0.158,0.870,0.068,1.000,0.000,1.002,0.490,0.518,1.002,0.018
1791269681,700.2,16.1343,16.0183,0.1160,0.1160,11,1,0,0.024,1.002,1.000,0.000,0.572,0.430,1.002,0.002,0.998,0.004,0.648,0.356,0.758,0.252,1.002,0.002,0.016,1.000,0.802,0.200,1.000,0.008,1.000,0.004,0.044,1.000,0.002,1.000,0.998,0.008,0.516,0.486
1791269686,705.2,16.1300,16.0021,0.1280,0.1280,17,1,0,0.070,0.954,1.000,0.006,0.002,1.000,0.406,0.594,0.372,0.636,1.002,0.004,0.008,1.000,0.998,0.002,0.266,0.748,0.144,0.862,0.792,0.220,0.736,0.278,0.880,0.154,0.006,1.000,1.002,0.000,0.002,1.000
1791269691,710.2,16.0578,16.0178,0.0400,0.0400,7,1,0,0.006,1.000,0.406,0.596,0.002,1.002,1.000,0.000,0.022,0.980,1.002,0.000,0.250,0.756,0.750,0.252,0.158,0.856,0.270,0.736,0.982,0.022,0.872,0.132,1.000,0.004,0.000,1.000,1.000,0.000,0.000,1.000
1791269696,715.2,16.1159,16.0000,0.1160,0.1160,6,1,0,0.006,1.000,0.778,0.224,0.030,0.970,0.772,0.230,0.716,0.300,0.204,0.800,0.410,0.600,0.432,0.568,0.412,0.602,0.342,0.658,0.138,0.862,0.334,0.680,1.000,0.048,0.000,1.000,1.000,0.002,0.388,0.612
1791269701,720.2,16.3920,16.0001,0.3919,0.3919,44,1,0,0.258,0.802,0.978,0.038,0.672,0.352,0.254,0.764,0.774,0.250,0.014,1.000,0.998,0.020,0.072,0.948,0.912,0.120,0.970,0.048,0.968,0.046,0.968,0.060,0.328,0.692,0.030,1.000,0.116,0.922,0.138,0.882
1791269706,725.2,16.1270,16.0090,0.1180,0.1180,20,1,0,0.008,0.998,0.232,0.776,0.000,1.002,0.998,0.052,0.954,0.052,0.002,1.002,1.000,0.006,0.946,0.056,0.094,0.924,0.428,0.580,1.000,0.006,0.926,0.076,0.000,1.000,0.884,0.120,0.092,0.914,1.000,0.004
1791269711,730.2,16.1121,15.9982,0.1140,0.1140,16,1,2,0.014,1.002,0.924,0.078,0.832,0.172,1.000,0.004,1.000,0.004,0.002,1.000,0.756,0.256,0.010,0.994,0.374,0.642,0.384,0.624,0.338,0.672,0.016,1.000,0.084,0.922,1.002,0.008,0.422,0.582,0.998,0.002
1791269716,735.2,16.7381,16.0203,0.7178,0.7178,44,1,0,0.152,0.898,0.970,0.054,0.574,0.446,0.872,0.266,1.002,0.024,0.462,0.558,0.220,0.802,0.068,0.946,0.748,0.326,0.482,0.536,0.438,0.594,0.468,0.552,0.726,0.290,1.000,0.112,0.032,0.998,1.002,0.124
1791269721,740.2,16.1841,15.9961,0.1880,0.1880,10,1,0,0.024,0.998,0.188,0.822,0.214,0.794,1.000,0.002,0.922,0.084,0.998,0.006,0.416,0.600,0.076,0.940,0.018,1.000,1.000,0.002,0.532,0.466,0.998,0.018,0.506,0.502,0.718,0.288,0.040,1.000,1.000,0.012
1791269726,745.2,16.1361,16.0081,0.1280,0.1280,6,1,0,0.026,1.000,0.428,0.576,0.030,0.972,0.904,0.098,1.000,0.016,0.960,0.050,0.000,0.998,0.426,0.576,0.024,1.000,1.000,0.004,0.002,1.002,1.002,0.006,0.004,1.000,0.058,0.942,0.036,1.000,0.112,0.890
1791269731,750.2,16.1361,16.0001,0.1360,0.1360,6,1,0,0.018,0.994,0.976,0.028,0.832,0.170,1.000,0.002,0.966,0.046,0.008,1.000,0.850,0.152,0.950,0.050,0.022,1.002,0.940,0.070,0.002,1.000,1.000,0.016,0.806,0.196,0.004,1.002,0.126,0.916,0.698,0.306
1791269736,755.2,16.1765,16.0205,0.1560,0.1560,13,1,0,0.018,1.000,0.190,0.826,0.808,0.194,1.000,0.004,0.892,0.120,0.008,1.000,0.406,0.596,0.056,0.944,0.024,0.998,0.004,1.000,0.004,1.002,0.900,0.112,0.002,0.998,0.602,0.398,0.998,0.056,1.000,0.012
1791269741,760.2,16.4700,16.0041,0.4659,0.4659,41,1,0,0.042,0.998,0.428,0.596,0.926,0.088,0.414,0.604,0.808,0.214,0.024,0.998,0.302,0.722,0.094,0.918,0.296,0.748,0.488,0.530,0.102,0.998,0.020,1.000,0.014,1.002,0.100,0.916,1.002,0.058,0.910,0.120
1791269746,765.2,17.1177,16.0000,1.1177,1.1177,71,1,3,0.052,1.000,0.406,0.628,0.038,1.002,0.584,0.446,1.002,0.044,0.278,0.756,0.716,0.846,1.002,0.034,0.746,0.298,0.366,0.662,0.032,1.000,0.044,1.000,0.030,1.000,0.540,0.492,0.406,0.634,0.894,0.140
1791269751,770.2,17.0937,16.0199,1.0737,1.0737,6,1,0,0.034,1.002,0.022,0.982,0.632,0.370,0.004,0.998,0.954,0.054,1.000,0.008,1.000,1.000,1.002,0.012,0.978,0.040,0.204,0.796,0.270,0.734,0.408,0.600,0.000,1.000,0.002,1.000,0.000,0.998,1.000,0.000
1791269756,775.2,17.0760,15.9982,1.0777,1.0777,6,1,0,0.026,0.990,0.052,0.950,0.974,0.028,0.000,1.000,0.814,0.198,0.360,0.642,1.000,1.002,0.948,0.058,1.000,0.014,0.384,0.624,0.254,0.748,0.016,1.002,0.000,1.000,0.000,1.000,0.402,0.598,1.000,0.000
1791269761,780.2,17.0876,16.0199,1.0677,1.0677,6,1,0,0.014,1.002,0.996,0.004,0.934,0.070,0.002,1.002,0.942,0.072,0.652,0.350,1.002,1.002,0.224,0.782,1.000,0.014,0.464,0.540,0.878,0.132,0.276,0.726,0.000,1.002,0.000,1.000,0.000,1.002,1.000,0.000
1791269766,785.2,17.1463,16.0025,1.1439,1.1439,21,1,0,0.232,0.800,0.976,0.028,0.354,0.670,0.238,0.764,1.000,0.004,0.998,0.008,1.000,1.000,1.000,0.002,0.548,0.468,0.340,0.664,0.998,0.018,1.000,0.018,0.004,0.998,0.008,1.000,0.002,0.998,1.002,0.008
1791269771,790.2,16.7542,16.0144,0.7398,0.7398,16,1,2,0.090,0.942,0.036,1.000,0.582,0.446,0.988,0.018,1.000,0.004,0.956,0.048,0.534,1.000,0.624,0.398,0.082,0.936,0.800,0.200,0.734,0.304,1.000,0.016,0.088,0.926,0.486,0.514,0.000,1.002,0.518,0.496
1791269776,795.2,16.0798,16.0158,0.0640,0.0640,9,1,0,0.018,0.998,0.188,0.816,1.000,0.020,1.000,0.002,0.564,0.438,0.648,0.354,0.002,1.000,1.000,0.000,0.554,0.458,0.002,1.000,0.000,1.000,0.798,0.210,1.002,0.010,0.604,0.398,0.002,0.998,0.402,0.594
1791269781,800.2,16.0943,16.0003,0.0940,0.0940,6,1,0,0.012,1.000,0.426,0.578,1.000,0.008,0.170,0.834,0.000,1.000,0.558,0.444,0.000,1.000,0.746,0.256,0.014,1.002,0.266,0.736,0.674,0.344,0.010,1.002,1.000,0.014,1.002,0.000,0.892,0.106,0.098,0.910
1791269786,805.2,16.1084,16.0444,0.0640,0.0640,8,1,0,0.018,0.994,1.000,0.004,1.000,0.016,0.006,1.000,0.052,0.956,0.054,0.948,0.004,1.000,0.056,0.944,0.014,1.000,1.000,0.000,1.000,0.024,0.600,0.410,1.000,0.002,0.998,0.008,0.312,0.692,0.708,0.294
1791269791,810.2,16.0577,15.9777,0.0800,0.0800,6,1,0,0.008,1.000,0.176,0.824,1.000,0.006,0.002,1.000,1.000,0.002,0.002,0.996,0.004,0.998,0.588,0.414,0.078,0.934,0.334,0.666,0.732,0.274,0.000,1.000,1.000,0.008,0.330,0.686,0.000,0.998,0.894,0.102
1791269796,815.2,16.1482,16.0142,0.1340,0.1340,20,1,0,0.166,0.876,0.014,1.002,0.976,0.048,0.002,1.002,0.980,0.022,0.004,1.002,0.006,1.000,1.000,0.002,1.002,0.016,0.246,0.756,0.002,1.000,0.002,1.000,1.002,0.006,0.290,0.718,0.294,0.714,0.112,0.894
1791269801,820.2,16.1376,16.0077,0.1300,0.1300,13,1,0,0.144,0.870,0.040,0.998,0.754,0.258,0.098,0.904,0.998,0.006,0.850,0.158,0.254,0.748,0.898,0.106,1.000,0.016,0.672,0.332,0.278,0.726,0.280,0.720,0.998,0.016,0.316,0.682,1.002,0.010,0.158,0.846
1791269806,825.2,16.1101,16.0021,0.1080,0.1080,6,1,0,0.024,1.000,0.028,1.002,0.768,0.238,0.640,0.362,0.562,0.440,0.410,0.598,1.002,0.002,1.000,0.000,0.738,0.274,0.336,0.664,0.440,0.566,0.606,0.398,0.924,0.088,0.000,1.000,0.516,0.488,0.700,0.302
1791269811,830.2,17.0295,16.0198,1.0097,1.0097,40,1,3,0.324,0.730,0.836,0.188,0.898,0.144,0.226,0.788,0.016,1.002,0.756,0.266,0.966,0.052,1.000,0.014,0.410,0.618,0.016,1.002,1.000,0.018,0.998,0.014,0.016,1.000,0.660,1.000,0.028,1.000,1.000,0.034
1791269816,835.2,16.3079,15.9959,0.3119,0.3119,13,1,0,0.192,0.828,0.808,0.196,1.000,0.042,0.446,0.562,0.842,0.162,0.002,1.000,1.000,0.008,0.604,0.400,0.014,1.002,0.268,0.732,0.932,0.078,0.928,0.074,0.000,1.002,0.874,0.312,0.010,1.000,1.002,0.006
1791269821,840.2,16.0998,15.9918,0.1080,0.1080,6,1,0,0.170,0.832,0.578,0.428,0.692,0.332,0.362,0.640,1.002,0.016,0.446,0.558,0.776,0.222,1.000,0.000,0.276,0.734,0.810,0.192,0.648,0.354,0.000,1.000,0.684,0.314,0.516,0.486,0.010,1.000,0.998,0.020
1791269826,845.2,16.9944,16.0165,0.9779,0.9779,57,1,3,0.346,0.676,0.254,0.772,1.002,0.034,0.016,0.998,0.998,0.038,1.002,0.022,1.000,0.018,1.000,0.026,1.000,0.028,1.000,0.016,1.000,0.022,0.026,1.000,1.000,0.020,0.108,0.910,0.636,1.000,0.802,0.224
1791269831,850.2,16.3340,16.0241,0.3099,0.3099,16,1,2,0.024,0.998,0.530,0.488,0.998,0.026,0.052,0.960,1.000,0.008,0.998,0.016,1.002,0.012,0.804,0.198,0.174,0.854,0.140,0.868,1.000,0.000,0.604,0.402,1.002,0.012,0.124,0.886,0.650,0.504,0.998,0.010
1791269836,855.2,16.1040,16.0040,0.1000,0.1000,9,1,0,0.028,1.002,0.708,0.296,1.000,0.016,0.996,0.012,1.002,0.002,0.152,0.852,0.352,0.658,0.162,0.856,0.474,0.542,0.272,0.732,0.330,0.672,0.000,1.000,0.522,0.480,0.000,0.998,1.000,0.000,0.108,0.894
1791269841,860.2,16.9410,16.0013,0.9397,0.9397,39,1,2,0.036,1.000,0.902,0.112,1.002,0.034,0.980,0.040,1.000,0.018,0.466,0.554,0.308,0.708,0.032,1.000,0.160,0.866,0.998,0.024,0.672,0.340,0.026,0.990,0.754,0.876,0.888,0.126,0.616,0.400,0.228,0.794
1791269846,865.2,16.2238,16.0139,0.2099,0.2099,6,1,0,0.046,1.002,0.972,0.030,0.802,0.206,1.000,0.000,0.758,0.250,0.602,0.400,0.604,0.412,0.800,0.202,0.472,0.542,0.784,0.244,0.998,0.000,0.278,0.724,0.604,0.478,1.002,0.000,1.002,0.000,0.014,0.994
1791269851,870.2,16.1403,16.0043,0.1360,0.1360,26,1,0,0.338,0.686,0.552,0.452,0.998,0.002,0.372,0.636,0.070,0.930,0.454,0.546,0.038,0.966,0.002,1.000,1.000,0.018,0.020,1.000,1.002,0.022,1.000,0.014,1.000,0.002,0.406,0.594,0.312,0.690,0.570,0.446
1791269856,875.2,16.4288,16.0110,0.4179,0.4179,48,1,2,0.172,0.856,0.798,0.230,0.186,0.830,0.448,0.580,0.446,0.624,0.336,0.688,0.026,1.000,0.460,0.554,0.164,0.866,0.302,0.718,0.546,0.484,1.002,0.052,0.736,0.282,0.998,0.016,0.016,1.000,0.724,0.292
1791269861,880.2,17.1931,16.0195,1.1737,1.1737,368,1,1,0.088,0.942,0.218,0.798,0.082,1.000,1.000,0.008,1.002,0.870,1.002,0.010,0.008,1.000,0.508,0.508,0.868,0.158,0.312,0.706,0.020,1.000,1.000,0.020,0.498,0.526,1.002,0.010,0.018,1.000,0.010,1.000
1791269866,885.2,16.1936,15.9956,0.1979,0.1979,157,1,0,0.180,0.824,0.640,0.370,0.010,1.002,0.998,0.016,0.998,0.006,1.000,0.020,0.010,1.002,0.998,0.008,1.000,0.032,0.020,1.000,0.688,0.334,0.594,0.408,1.000,0.010,1.000,0.024,0.408,0.598,0.006,1.002
1791269871,890.2,16.0911,16.0111,0.0800,0.0800,6,1,0,0.006,1.002,1.002,0.000,0.238,0.766,1.002,0.010,0.556,0.446,0.606,0.400,0.856,0.144,0.946,0.058,1.000,0.012,0.024,0.980,1.002,0.016,0.004,1.002,0.316,0.690,0.902,0.118,0.004,1.000,0.000,1.002
1791269876,895.2,16.6917,16.0059,0.6858,0.6858,514,1,5,0.024,1.002,1.000,0.054,0.344,0.680,1.000,0.334,0.028,1.002,1.000,0.022,1.000,0.016,0.458,0.554,1.000,0.026,0.948,0.068,0.312,0.726,0.016,1.000,0.886,0.142,1.000,0.028,0.336,0.674,0.314,0.698
1791269881,900.2,17.2979,15.9982,1.2997,1.2997,45,1,4,0.030,1.000,0.998,0.938,0.424,0.596,1.000,0.068,0.014,0.996,1.002,0.020,1.000,0.018,0.742,0.276,1.002,0.034,0.934,0.088,0.030,1.000,0.018,1.000,0.320,0.696,1.000,0.020,1.000,0.014,1.002,0.014
1791269886,905.2,17.4323,16.0184,1.4139,1.4139,54,1,1,0.164,1.000,1.000,0.020,0.058,0.964,1.000,0.020,0.070,0.954,0.726,0.294,0.748,0.272,0.482,0.534,0.998,0.032,0.558,0.470,0.018,1.002,0.026,1.000,0.306,0.716,1.000,0.972,0.206,0.816,0.998,0.014
1791269891,910.2,17.3555,16.0079,1.3477,1.3477,54,1,3,0.152,0.908,1.002,0.022,0.914,0.108,1.002,0.066,1.000,0.016,0.018,0.998,0.226,0.792,1.000,0.018,0.846,0.180,1.000,0.020,0.020,1.000,0.102,0.918,1.000,0.032,1.000,0.074,1.002,0.034,1.000,0.890
1791269896,915.2,17.0901,16.0444,1.0456,1.0456,8,1,0,0.016,1.000,0.846,0.160,1.002,0.002,0.208,0.794,0.954,0.048,0.004,1.002,1.002,0.000,0.148,0.858,1.002,0.016,1.000,0.010,0.002,1.000,1.000,0.004,1.002,0.004,1.000,0.000,0.608,0.398,1.002,1.000
1791269901,920.2,17.0954,15.9677,1.1277,1.1277,14,1,4,0.036,1.002,0.210,0.804,0.768,0.234,1.000,0.224,0.204,0.794,0.268,0.734,1.000,0.006,0.000,1.000,0.212,0.804,1.000,0.006,0.004,1.000,1.000,0.004,0.980,0.022,1.000,0.008,1.002,0.006,1.000,0.772
1791269906,925.2,16.2516,16.0157,0.2359,0.2359,17,1,0,0.030,1.000,0.602,0.412,0.088,0.918,1.000,0.118,0.004,1.002,1.000,0.004,1.000,0.000,0.064,0.938,0.154,0.862,0.970,0.044,0.004,1.000,0.722,0.282,0.120,0.882,1.002,0.006,0.708,0.316,0.604,0.402
1791269911,930.2,16.0518,16.0058,0.0460,0.0460,6,1,0,0.008,1.000,0.572,0.428,0.020,0.980,0.602,0.396,0.452,0.550,1.000,0.002,0.398,0.602,0.538,0.462,0.012,1.000,0.998,0.006,0.000,1.000,0.220,0.780,0.000,1.000,0.998,0.014,0.004,1.000,1.000,0.002
1791269916,935.2,16.4338,15.9839,0.4499,0.4499,53,1,0,0.082,0.974,0.022,1.002,0.540,0.476,0.960,0.056,0.698,0.320,0.948,0.074,0.484,0.548,0.016,0.998,0.094,0.934,0.938,0.086,0.404,0.616,0.164,0.854,0.098,0.922,0.890,0.134,0.056,1.000,1.002,0.066
1791269921,940.2,16.1898,16.0179,0.1720,0.1720,36,1,0,0.022,1.002,0.006,1.000,0.242,0.764,0.646,0.368,0.540,0.472,0.014,1.002,1.000,0.006,0.352,0.660,0.540,0.474,0.350,0.658,0.002,1.000,0.222,0.782,1.000,0.004,0.894,0.108,0.008,1.002,1.000,0.040
1791269926,945.2,16.0822,16.0082,0.0740,0.0740,10,1,0,0.016,0.996,0.636,0.368,0.764,0.236,0.998,0.002,0.004,1.000,0.004,0.998,0.608,0.402,0.000,1.000,0.012,1.000,0.924,0.082,0.002,1.000,0.464,0.540,1.000,0.000,1.000,0.002,0.600,0.404,1.000,0.028
1791269931,950.2,16.1982,16.0042,0.1940,0.1940,21,1,0,0.050,0.988,0.570,0.436,0.002,1.002,0.406,0.598,0.854,0.150,0.004,1.002,0.744,0.280,0.264,0.738,0.138,0.878,0.820,0.192,0.484,0.518,1.000,0.004,1.000,0.006,1.000,0.004,1.000,0.000,0.998,0.072
1791269936,955.2,16.6051,15.9613,0.6438,0.6438,26,1,0,0.214,0.864,0.368,0.694,0.254,0.786,0.816,0.282,0.766,0.272,0.300,0.736,0.070,1.002,1.002,0.006,0.412,0.598,0.522,0.490,1.000,0.000,1.000,0.010,0.118,0.888,0.908,0.094,1.000,0.002,1.002,0.136
1791269941,960.2,16.0735,16.0055,0.0680,0.0680,6,1,0,0.152,0.856,1.000,0.000,0.004,1.000,0.008,1.000,1.000,0.000,0.750,0.256,0.014,1.002,0.998,0.002,0.346,0.670,0.624,0.388,1.002,0.002,1.000,0.000,0.288,0.714,0.082,0.924,1.000,0.000,1.000,0.000
1791269946,965.2,16.1554,16.0174,0.1380,0.1380,27,1,0,0.018,0.992,0.450,0.560,0.008,1.002,0.466,0.570,0.208,0.792,0.266,0.744,0.408,0.596,0.740,0.270,0.030,1.000,1.000,0.008,0.998,0.006,1.000,0.008,1.000,0.002,0.998,0.012,0.106,0.898,0.098,0.902
1791269951,970.2,16.1080,16.0020,0.1060,0.1060,9,1,2,0.006,1.002,0.768,0.234,0.200,0.802,0.998,0.032,0.894,0.106,1.000,0.010,0.260,0.742,0.000,1.000,0.014,1.000,0.998,0.012,0.922,0.080,1.000,0.004,0.348,0.654,1.002,0.006,0.898,0.112,0.502,0.500
1791269956,975.2,16.1060,16.0021,0.1040,0.1040,9,1,0,0.008,1.000,0.440,0.562,0.844,0.158,0.960,0.048,1.000,0.000,0.998,0.006,1.000,0.024,0.466,0.538,0.296,0.730,1.002,0.008,0.000,1.000,0.786,0.220,0.112,0.888,0.106,0.894,1.002,0.012,0.704,0.298
1791269961,980.2,16.1019,16.0060,0.0960,0.0960,6,1,0,0.006,0.998,0.802,0.198,0.998,0.000,0.798,0.202,1.000,0.000,0.748,0.262,1.000,0.042,0.544,0.464,0.140,0.872,1.000,0.008,0.002,0.998,0.004,1.000,0.002,1.000,0.806,0.200,0.304,0.700,0.000,1.000
1791269966,985.2,16.1660,16.0120,0.1540,0.1540,16,1,0,0.022,1.000,0.968,0.036,1.002,0.000,0.756,0.250,0.406,0.592,0.004,1.002,1.002,0.066,0.264,0.746,0.024,1.000,1.000,0.008,0.184,0.822,0.286,0.718,0.890,0.110,0.982,0.020,0.028,0.988,0.508,0.496
1791269971,990.2,16.1734,16.0414,0.1320,0.1320,11,1,0,0.020,1.000,0.252,0.762,1.002,0.006,0.004,0.998,1.000,0.004,0.460,0.542,0.740,0.316,1.000,0.008,0.024,1.000,0.564,0.448,0.002,1.002,1.000,0.002,0.908,0.096,0.108,0.894,0.004,1.002,1.000,0.010
1791269976,995.2,16.0938,15.9698,0.1240,0.1240,13,1,0,0.102,0.898,0.370,0.632,0.998,0.000,0.000,1.000,1.002,0.000,0.802,0.210,0.610,0.408,0.348,0.664,0.488,0.538,1.002,0.008,0.006,1.000,1.000,0.004,0.490,0.510,0.000,1.000,0.592,0.412,1.000,0.000
1791269981,1000.2,16.1719,16.0160,0.1560,0.1560,16,1,0,0.028,1.000,0.446,0.566,0.164,0.838,0.008,1.002,1.000,0.018,1.000,0.000,0.866,0.164,0.680,0.338,0.736,0.284,0.742,0.272,0.020,1.000,1.000,0.002,0.314,0.686,0.890,0.110,1.000,0.004,0.700,0.304
1791269986,1005.2,16.2894,16.0155,0.2739,0.2739,8,1,2,0.042,1.002,0.610,0.404,0.794,0.210,0.052,1.000,0.428,0.690,1.002,0.006,0.994,0.008,1.002,0.002,0.016,1.002,1.000,0.008,0.680,0.320,0.720,0.298,0.000,1.000,1.002,0.000,1.000,0.000,0.000,1.002
1791269991,1010.2,16.7120,15.9942,0.7178,0.7178,6,1,0,0.072,0.998,1.000,0.016,0.002,0.998,0.132,0.952,0.486,1.000,1.000,0.002,1.000,0.000,0.902,0.100,0.014,0.998,0.706,0.304,0.924,0.082,0.020,1.002,0.002,1.002,0.998,0.000,0.504,0.498,0.506,0.496
1791269996,1015.2,16.9665,16.0208,0.9457,0.9457,13,1,0,0.016,1.002,0.998,0.008,0.004,1.000,0.560,0.452,0.804,0.948,1.000,0.140,0.762,0.236,0.206,0.796,0.874,0.140,1.000,0.012,0.480,0.520,0.008,0.998,0.006,1.000,1.002,0.000,0.404,0.596,0.602,0.398
1791270001,1020.2,16.9400,16.0002,0.9398,0.9398,6,1,0,0.018,1.000,1.000,0.010,0.600,0.400,0.452,0.554,0.948,0.054,0.800,0.616,1.002,0.234,0.002,1.002,1.000,0.018,1.000,0.010,0.922,0.080,0.492,0.512,0.596,0.598,1.000,0.010,0.000,1.000,1.000,0.000
1791270006,1025.2,16.7789,16.0230,0.7560,0.7560,21,1,1,0.076,1.000,1.000,0.016,0.008,1.000,0.758,0.258,0.002,1.000,1.000,0.142,0.574,0.460,0.000,1.000,0.732,0.282,0.654,0.356,0.286,0.716,1.000,0.008,0.436,1.000,1.000,0.010,0.286,0.722,1.000,0.004
1791270011,1030.2,16.6578,16.0060,0.6518,0.6518,16,1,2,0.106,0.992,0.534,0.478,0.446,0.554,0.302,0.752,0.002,1.000,1.000,0.002,0.052,1.000,0.204,0.804,0.016,1.002,1.002,0.372,1.000,0.018,1.002,0.004,0.004,0.998,1.000,0.016,0.304,0.696,0.860,0.144
1791270016,1035.2,17.0041,15.9963,1.0078,1.0078,8,1,0,0.074,0.978,0.002,1.000,0.266,0.736,0.010,0.996,0.460,0.546,0.146,0.858,0.864,0.136,0.798,0.998,0.020,1.000,0.998,0.086,1.002,0.002,1.000,0.002,0.002,1.002,0.936,0.070,0.808,0.196,1.000,0.002
1791270021,1040.2,17.0549,16.0312,1.0237,1.0237,9,1,0,0.152,0.928,0.340,0.662,0.608,0.392,0.850,0.170,1.000,0.002,0.662,0.348,1.000,0.002,0.894,1.002,0.876,0.140,1.002,0.008,1.000,0.004,0.898,0.106,0.000,1.000,1.004,0.004,0.002,1.000,0.968,0.044
1791270026,1045.2,16.8543,15.9825,0.8718,0.8718,14,1,0,0.098,1.002,0.450,0.556,0.646,0.356,1.000,0.018,0.160,0.850,1.002,0.004,0.606,0.404,0.026,1.000,1.002,0.016,0.808,0.202,1.000,0.084,1.000,0.448,0.002,1.000,0.998,0.010,0.002,1.002,1.000,0.106
1791270031,1050.2,16.2344,16.0044,0.2299,0.2299,16,1,4,0.070,0.996,0.990,0.036,0.956,0.044,0.018,0.996,0.854,0.176,1.000,0.022,0.544,0.470,0.674,0.336,0.732,0.282,0.992,0.014,0.520,0.482,0.712,0.288,0.006,1.000,1.002,0.002,0.010,0.998,0.998,0.016
1791270036,1055.3,16.2820,16.0160,0.2659,0.2659,13,1,0,0.104,0.992,1.002,0.018,0.006,1.002,0.000,1.000,0.576,0.434,0.140,0.858,0.264,0.738,0.998,0.014,0.066,0.948,0.980,0.030,0.482,0.520,0.000,1.002,0.040,1.000,0.998,0.004,0.056,1.002,0.700,0.306
1791270041,1060.3,16.2998,16.0039,0.2959,0.2959,13,1,0,0.102,1.002,1.000,0.040,0.998,0.024,0.050,0.954,0.458,0.574,0.012,1.000,1.000,0.000,0.934,0.102,0.014,1.000,0.756,0.254,1.002,0.012,0.000,1.000,0.006,1.000,1.002,0.006,0.012,0.998,0.906,0.098
1791270046,1065.3,16.2617,16.0078,0.2539,0.2539,6,1,0,0.102,0.998,1.000,0.028,0.998,0.060,0.058,0.944,1.000,0.002,0.070,0.936,1.000,0.004,0.470,0.528,0.084,0.928,0.886,0.124,0.998,0.028,0.002,0.998,0.002,1.002,0.906,0.098,0.106,0.900,0.420,0.580
1791270051,1070.3,16.2555,16.0155,0.2399,0.2399,7,1,1,0.082,1.002,1.002,0.004,1.002,0.022,0.404,0.608,0.344,0.652,1.000,0.004,1.002,0.008,0.732,0.270,1.002,0.012,1.000,0.008,1.000,0.006,0.292,0.712,0.006,0.998,0.002,1.000,1.000,0.018,0.062,1.002
1791270056,1075.3,16.3983,16.0044,0.3939,0.3939,41,0,10,0.088,1.000,0.890,0.152,0.972,0.152,1.002,0.016,0.010,1.000,1.002,0.004,0.146,0.864,0.006,1.000,1.000,0.018,1.000,0.010,0.606,0.404,1.000,0.012,0.074,0.932,0.004,1.000,0.604,0.404,0.036,1.000
1791270061,1080.3,16.2720,16.0080,0.2639,0.2639,23,0,1,0.036,1.000,0.596,0.414,0.998,0.010,1.000,0.016,0.664,0.342,0.998,0.004,0.064,0.998,0.012,1.002,1.000,0.014,0.926,0.088,0.920,0.080,0.370,0.682,0.006,0.998,0.006,1.000,1.000,0.018,0.000,1.000
1791270066,1085.3,16.1041,16.0061,0.0980,0.0980,21,1,0,0.350,0.670,0.006,1.002,1.000,0.004,0.998,0.000,0.348,0.656,1.002,0.004,0.150,0.866,0.000,0.998,1.000,0.018,0.884,0.128,0.706,0.298,0.000,1.002,0.012,1.000,0.006,1.000,1.002,0.012,0.584,0.418
1791270071,1090.3,16.1863,16.0103,0.1760,0.1760,18,1,2,0.040,1.000,0.404,0.600,0.558,0.444,0.556,0.452,0.008,1.002,1.000,0.004,0.000,1.000,0.058,1.000,1.000,0.020,0.922,0.092,0.324,0.682,0.002,1.000,0.268,0.734,0.076,0.926,0.696,0.310,0.784,0.220
1791270076,1095.3,16.0740,16.0040,0.0700,0.0700,8,1,0,0.024,1.000,0.966,0.040,0.000,1.000,0.006,1.000,0.856,0.144,1.000,0.000,0.068,0.932,0.006,1.000,0.140,0.878,0.002,1.000,0.000,1.000,0.000,1.000,0.460,0.542,0.002,0.998,0.708,0.294,0.336,0.670
1791270081,1100.3,16.3799,15.9960,0.3839,0.3839,76,1,3,0.184,0.908,0.326,0.702,0.672,0.338,0.200,0.848,0.954,0.058,0.308,0.700,0.942,0.074,0.292,0.730,0.232,0.794,0.018,1.000,0.008,1.000,0.888,0.116,0.606,0.398,0.250,0.760,0.900,0.106,0.456,0.624
1791270086,1105.3,16.4396,16.0017,0.4379,0.4379,31,1,0,0.094,0.974,0.290,0.724,0.370,0.652,1.002,0.070,0.956,0.066,0.014,1.000,0.508,0.538,1.000,0.014,0.298,0.746,0.024,1.000,0.010,1.002,0.124,0.894,1.002,0.018,0.116,0.898,0.018,0.998,0.136,0.884
1791270091,1110.3,16.0784,16.0164,0.0620,0.0620,6,1,0,0.014,1.000,0.760,0.244,0.202,0.800,0.350,0.650,1.000,0.002,0.462,0.538,1.000,0.000,1.000,0.002,0.334,0.678,0.296,0.716,0.088,0.914,0.498,0.510,0.504,0.498,0.902,0.102,0.000,1.000,0.044,0.972
1791270096,1115.3,16.1317,16.0077,0.1240,0.1240,16,1,0,0.030,0.998,0.046,0.956,0.850,0.148,0.314,0.692,0.344,0.658,1.000,0.008,0.732,0.272,0.332,0.670,0.714,0.322,1.000,0.010,1.000,0.014,1.000,0.018,0.000,0.998,0.000,1.002,0.000,1.000,0.010,1.000
1791270101,1120.3,16.1520,15.9960,0.1560,0.1560,20,1,0,0.020,1.000,0.212,0.796,1.000,0.002,0.052,0.948,0.800,0.202,0.540,0.506,0.006,0.998,0.002,0.998,1.000,0.016,1.000,0.012,1.000,0.006,1.000,0.012,0.002,1.002,0.004,0.998,0.004,1.000,0.012,1.000
1791270106,1125.3,16.1639,16.0240,0.1400,0.1400,17,1,0,0.248,0.804,1.000,0.004,0.754,0.250,0.674,0.332,0.460,0.544,0.002,1.002,0.472,0.534,0.002,1.000,1.000,0.018,0.530,0.502,1.002,0.018,1.002,0.004,0.900,0.102,0.004,1.002,0.002,1.002,0.398,0.618
1791270111,1130.3,16.0796,15.9956,0.0840,0.0840,6,1,0,0.010,1.000,0.200,0.798,0.050,0.952,0.656,0.342,1.000,0.000,0.000,1.002,0.538,0.468,0.002,1.000,0.726,0.290,0.492,0.530,1.000,0.008,1.000,0.002,1.000,0.000,0.000,1.000,0.510,0.490,0.350,0.660
1791270116,1135.3,16.1597,15.9997,0.1600,0.1600,13,1,0,0.020,1.000,0.918,0.090,0.130,0.876,0.816,0.194,0.150,0.858,0.064,0.934,0.074,0.932,0.000,1.002,0.000,1.000,1.000,0.036,1.000,0.026,1.000,0.002,0.216,0.802,0.008,1.000,0.406,0.602,0.104,0.916
1791270121,1140.3,16.1803,16.0063,0.1740,0.1740,25,1,2,0.046,0.992,0.688,0.320,0.756,0.250,1.000,0.010,0.468,0.538,1.000,0.004,0.138,0.866,0.476,0.526,0.078,0.924,1.002,0.020,0.612,0.408,0.320,0.702,0.902,0.096,0.002,1.000,1.000,0.018,0.060,0.948
1791270126,1145.3,16.2766,16.0127,0.2640,0.2640,36,1,0,0.048,1.000,1.000,0.034,0.652,0.358,0.746,0.298,1.000,0.010,0.908,0.098,0.274,0.730,0.532,0.478,1.000,0.006,0.726,0.290,0.998,0.024,0.018,1.000,0.026,1.002,0.506,0.502,1.000,0.006,0.582,0.438
1791270131,1150.3,16.1338,16.0138,0.1200,0.1200,8,1,2,0.220,0.794,0.956,0.058,1.002,0.008,0.000,1.000,0.208,0.790,0.272,0.734,1.000,0.000,0.000,0.998,1.000,0.000,0.022,1.000,1.000,0.000,0.004,1.000,0.150,0.900,0.802,0.196,1.000,0.002,0.124,0.886
1791270136,1155.3,16.1041,15.9981,0.1060,0.1060,8,1,0,0.146,0.866,0.044,0.956,0.810,0.202,0.986,0.018,1.000,0.006,0.698,0.302,1.000,0.000,0.672,0.330,1.002,0.000,0.490,0.522,1.002,0.000,0.296,0.704,1.000,0.016,0.014,1.002,1.000,0.006,0.380,0.632
1791270141,1160.3,16.1024,16.0164,0.0860,0.0860,9,1,2,0.068,0.960,1.002,0.000,0.792,0.226,1.000,0.002,0.564,0.438,0.072,0.932,0.934,0.066,0.128,0.872,1.000,0.000,0.136,0.876,0.510,0.494,0.710,0.292,0.104,0.898,0.132,0.898,1.000,0.002,0.002,1.002
1791270146,1165.3,16.1101,16.0021,0.1080,0.1080,6,1,0,0.386,0.626,0.554,0.460,0.100,0.912,0.604,0.398,0.036,0.966,0.210,0.790,0.000,1.002,0.076,0.926,0.998,0.000,0.016,1.002,0.690,0.312,0.404,0.596,0.006,1.000,0.902,0.128,1.002,0.002,0.210,0.800
1791270151,1170.3,16.0979,16.0079,0.0900,0.0900,6,1,0,0.026,0.992,0.288,0.714,0.018,1.000,1.000,0.000,0.002,1.000,0.738,0.262,0.004,0.998,0.528,0.472,0.522,0.480,0.016,1.000,0.318,0.684,0.000,1.002,0.006,1.002,0.036,0.994,0.998,0.002,0.104,0.902
1791270156,1175.3,16.2520,16.0100,0.2419,0.2419,31,1,0,0.038,1.000,0.632,0.400,0.690,0.328,0.606,0.398,0.474,0.546,0.014,1.002,0.010,1.002,0.010,1.000,0.008,1.002,0.034,1.000,0.306,0.712,0.504,0.506,0.160,0.842,0.014,1.000,0.694,0.312,0.136,0.884
1791270161,1180.3,16.1183,16.0203,0.0980,0.0980,6,1,0,0.038,1.000,0.016,1.000,0.206,0.798,0.944,0.056,0.614,0.404,0.404,0.596,0.204,0.792,0.002,1.000,0.800,0.200,0.016,1.000,0.998,0.002,1.000,0.000,0.892,0.112,0.008,1.000,0.770,0.230,0.022,0.990
1791270166,1185.3,16.6163,15.9984,0.6179,0.6179,89,1,5,0.074,0.994,0.104,0.952,0.998,0.020,0.060,0.970,0.220,0.824,0.664,0.354,0.078,0.952,0.034,1.000,0.032,1.000,0.100,1.000,0.572,0.500,1.000,0.020,1.000,0.008,0.018,0.998,1.000,0.018,0.154,0.904
1791270171,1190.3,16.3784,15.9965,0.3819,0.3819,69,1,0,0.050,1.002,0.220,0.852,1.002,0.020,0.608,0.404,0.804,0.208,0.162,0.864,0.542,0.480,0.024,1.000,0.004,1.000,0.310,0.712,0.030,1.002,1.002,0.018,1.000,0.018,0.004,1.002,0.694,0.320,0.236,0.784
1791270176,1195.3,16.2878,16.0319,0.2559,0.2559,36,1,0,0.058,0.992,0.060,0.998,1.000,0.012,0.406,0.610,1.000,0.010,0.018,1.000,0.012,1.000,0.020,1.000,0.008,1.000,1.000,0.008,0.510,0.518,1.000,0.014,0.114,0.898,0.008,1.000,0.010,1.000,0.228,0.780
1791270181,1200.3,16.2739,15.9920,0.2819,0.2819,50,1,1,0.088,1.000,0.232,0.822,0.800,0.214,0.482,0.524,0.998,0.008,0.312,0.700,0.026,1.000,0.374,0.642,0.486,0.520,0.406,0.598,0.854,0.164,1.000,0.002,0.008,1.000,0.906,0.096,0.000,1.002,0.032,0.984
1791270186,1205.3,16.2478,16.0098,0.2380,0.2380,23,1,0,0.068,1.000,0.086,0.938,0.998,0.016,1.000,0.000,0.740,0.266,0.998,0.010,0.014,1.000,0.088,0.924,0.408,0.602,1.002,0.020,1.000,0.032,0.618,0.398,0.104,0.900,1.000,0.006,0.000,0.998,0.320,0.692
1791270191,1210.3,16.4019,16.0120,0.3899,0.3899,46,1,2,0.356,0.710,0.032,1.002,1.000,0.048,0.548,0.468,0.004,1.000,1.002,0.014,0.022,0.992,1.000,0.016,0.528,0.478,1.000,0.020,1.002,0.106,1.000,0.012,0.122,0.886,1.002,0.012,0.004,1.000,0.034,0.988
1791270196,1215.3,16.1682,15.9922,0.1760,0.1760,13,1,0,0.078,0.954,0.014,0.998,1.000,0.040,0.600,0.404,0.004,1.002,1.002,0.002,0.168,0.840,1.000,0.000,0.000,1.002,0.998,0.022,0.114,0.886,1.000,0.014,0.308,0.698,0.998,0.012,0.000,1.002,0.340,0.670
1791270201,1220.3,16.2901,16.0121,0.2779,0.2779,61,1,0,0.156,0.882,0.306,0.716,0.126,0.882,0.062,0.968,0.690,0.330,1.000,0.022,0.734,0.300,0.330,0.678,0.018,0.998,0.520,0.496,0.218,0.794,0.124,0.894,0.702,0.310,1.002,0.024,0.020,0.992,0.354,0.658
1791270206,1225.3,16.3176,15.9997,0.3179,0.3179,41,1,0,0.092,0.954,0.552,0.482,0.652,0.368,0.082,0.942,0.736,0.270,1.000,0.012,0.010,1.000,0.046,0.998,0.008,1.002,0.492,0.522,0.692,0.318,0.900,0.126,0.006,1.000,1.000,0.008,0.014,1.000,0.182,0.844
1791270211,1230.3,16.1699,16.0079,0.1620,0.1620,25,1,0,0.200,0.836,0.698,0.306,0.388,0.616,0.990,0.022,0.698,0.304,1.002,0.008,0.028,1.002,0.014,1.002,0.010,1.000,1.000,0.002,1.000,0.006,0.912,0.104,0.302,0.700,0.894,0.106,0.010,1.000,0.178,0.840
1791270216,1235.3,16.1844,16.0105,0.1740,0.1740,21,1,0,0.014,1.000,1.002,0.006,0.068,0.944,0.284,0.738,1.000,0.006,1.000,0.004,0.098,0.924,0.880,0.136,0.406,0.598,1.000,0.020,1.000,0.006,0.014,1.002,0.800,0.204,0.974,0.036,0.514,0.496,0.294,0.728
1791270221,1240.3,16.2840,15.9941,0.2899,0.2899,50,1,0,0.060,0.978,0.358,0.646,0.998,0.024,0.026,0.996,0.998,0.016,0.998,0.014,1.000,0.010,0.762,0.296,0.792,0.216,1.000,0.010,0.910,0.106,0.020,1.000,0.006,1.000,0.998,0.016,1.000,0.012,0.024,0.988
1791270226,1245.3,16.1919,16.0200,0.1720,0.1720,12,1,0,0.072,0.952,0.002,1.002,1.000,0.000,0.004,1.000,1.002,0.024,0.380,0.624,0.534,0.472,0.038,1.002,0.418,0.596,0.916,0.090,0.890,0.114,0.414,0.602,0.004,1.000,0.604,0.402,1.002,0.010,0.040,0.978
1791270231,1250.3,16.4261,16.0042,0.4219,0.4219,34,1,2,0.258,0.842,0.068,1.000,0.502,0.510,0.060,0.938,1.002,0.012,1.002,0.022,0.044,0.968,0.884,0.154,1.000,0.054,0.094,0.914,1.002,0.010,0.714,0.308,0.006,1.000,0.138,0.870,0.398,0.608,0.054,1.000
1791270236,1255.3,16.9077,16.0139,0.8938,0.8938,6,1,0,0.050,1.002,0.616,1.000,0.010,1.002,0.006,0.998,0.998,0.020,0.800,0.206,0.208,0.800,0.324,0.682,1.000,0.146,1.000,0.000,0.470,0.534,1.000,0.016,0.004,0.998,1.000,0.008,1.000,0.008,0.014,1.002
1791270241,1260.3,17.0752,16.0074,1.0678,1.0678,29,1,0,0.094,0.942,0.198,0.948,0.010,0.998,0.856,0.158,0.504,0.512,1.002,0.010,0.484,0.526,0.012,1.002,1.000,0.746,1.000,0.012,0.998,0.010,0.906,0.118,0.002,1.002,0.898,0.114,0.890,0.110,0.016,1.000
1791270246,1265.3,17.0739,16.0200,1.0539,1.0539,53,1,0,0.140,0.922,1.000,0.010,0.020,1.000,0.018,0.998,0.466,0.544,0.928,0.092,0.402,0.606,0.006,0.998,1.002,0.230,0.998,0.582,0.520,0.492,0.124,0.902,0.010,1.000,0.016,1.000,0.028,1.000,0.398,0.618
1791270251,1270.3,16.7177,15.9919,0.7258,0.7258,16,1,3,0.138,0.992,1.000,0.054,0.008,1.000,0.064,0.938,0.940,0.106,0.736,0.266,0.710,0.292,0.002,1.000,0.536,0.726,0.312,0.796,0.304,0.702,1.000,0.014,0.000,1.000,0.078,0.938,0.026,1.000,0.044,1.000
1791270256,1275.3,16.8716,16.0178,0.8538,0.8538,9,1,0,0.112,1.000,0.998,0.016,0.796,0.870,0.944,0.062,0.998,0.006,0.412,0.594,0.474,0.526,0.002,1.002,0.000,1.000,0.000,0.998,0.266,0.754,0.118,0.896,0.008,1.000,0.004,1.000,0.002,1.002,0.138,0.880
1791270261,1280.3,17.1773,16.0036,1.1737,1.1737,27,1,0,0.094,1.000,0.438,0.610,0.888,1.000,0.532,0.478,1.002,0.016,0.008,1.000,0.136,0.872,0.010,1.000,0.004,1.002,0.492,0.514,0.014,1.000,0.510,0.508,0.006,1.002,0.014,1.000,0.518,0.490,0.220,0.796
1791270266,1285.3,16.9983,16.0105,0.9878,0.9878,6,1,0,0.080,1.002,0.194,0.822,0.350,1.000,0.998,0.486,0.232,0.770,0.004,1.000,0.676,0.334,0.002,1.000,0.004,1.000,0.998,0.000,0.498,0.504,1.000,0.016,0.000,1.000,0.002,1.000,1.000,0.008,0.020,1.002
1791270271,1290.3,16.7976,16.0138,0.7838,0.7838,38,1,3,0.168,0.992,0.074,0.998,0.874,0.280,0.634,0.604,0.282,0.756,0.006,1.000,0.142,0.882,0.096,0.918,0.014,1.000,0.914,0.096,0.606,0.398,0.314,0.706,0.010,0.998,0.004,1.002,1.000,0.018,0.242,0.784
1791270276,1295.3,16.4983,15.9944,0.5039,0.5039,30,1,0,0.188,1.002,0.644,0.372,0.998,0.006,1.000,0.004,1.000,0.050,0.028,1.000,0.072,0.966,1.002,0.024,0.050,0.960,0.022,1.002,0.514,0.496,0.608,0.414,0.904,0.110,0.024,1.000,1.002,0.024,0.016,1.000
1791270281,1300.3,16.3976,16.0157,0.3819,0.3819,15,1,1,0.164,0.998,0.852,0.154,0.172,0.834,1.000,0.000,0.138,0.864,0.776,0.230,0.808,0.204,0.920,0.090,0.032,1.000,0.016,0.998,0.028,0.998,0.512,0.502,1.000,0.006,0.010,0.998,0.618,0.466,0.060,0.948
1791270286,1305.3,16.5920,16.0061,0.5859,0.5859,92,1,13,0.138,1.000,0.270,0.752,0.024,0.998,1.002,0.038,0.372,0.736,1.000,0.048,0.082,0.926,0.010,1.002,0.006,1.002,0.032,1.002,0.032,1.000,0.900,0.126,1.000,0.020,0.140,0.890,1.000,0.036,0.020,0.998
1791270291,1310.3,16.3279,16.0040,0.3239,0.3239,28,1,0,0.144,0.876,1.000,0.030,0.072,0.946,0.998,0.016,0.148,0.860,1.000,0.016,0.404,0.606,0.008,0.998,0.890,0.114,0.010,0.996,0.352,0.708,0.004,1.002,0.700,0.366,1.000,0.018,1.000,0.030,0.014,1.002
1791270296,1315.3,16.1737,15.9997,0.1740,0.1740,16,1,2,0.154,0.870,0.942,0.066,0.240,0.768,1.000,0.002,0.070,0.934,1.000,0.014,0.308,0.690,0.028,0.994,0.324,0.686,0.602,0.398,1.000,0.008,0.904,0.096,0.000,0.998,1.000,0.014,0.504,0.518,0.036,0.998
1791270301,1320.3,16.2681,16.0142,0.2539,0.2539,33,1,2,0.048,0.994,0.766,0.248,0.072,0.942,0.940,0.066,0.934,0.088,0.616,0.400,0.292,0.724,0.032,1.000,0.886,0.140,0.698,0.314,0.708,0.308,0.398,0.608,0.114,0.896,1.000,0.018,0.212,0.790,0.024,1.000
1791270306,1325.3,16.1083,16.0143,0.0940,0.0940,17,1,0,0.022,1.002,0.682,0.322,0.146,0.856,0.664,0.338,0.000,1.000,0.332,0.674,1.000,0.012,0.004,1.000,1.000,0.018,1.000,0.000,0.002,1.000,0.702,0.300,0.502,0.508,1.000,0.016,0.000,1.000,0.356,0.662
1791270311,1330.3,16.2423,16.0003,0.2419,0.2419,24,1,2,0.056,1.000,0.706,0.302,0.002,1.002,1.002,0.004,0.070,0.928,0.872,0.134,0.746,0.264,0.612,0.398,1.000,0.052,0.912,0.106,0.108,0.904,0.146,0.866,0.326,0.694,1.002,0.018,0.002,1.002,0.158,0.854
1791270316,1335.3,16.3562,16.0183,0.3379,0.3379,43,1,5,0.026,0.996,0.186,0.824,0.014,0.998,0.948,0.072,1.000,0.026,1.000,0.014,1.000,0.100,0.020,1.000,0.728,0.316,0.854,0.150,0.706,0.300,0.010,1.000,1.000,0.016,0.998,0.016,0.516,0.490,0.020,1.000
1791270321,1340.3,16.2943,15.9964,0.2979,0.2979,23,1,0,0.084,1.002,0.604,0.400,0.604,0.398,1.000,0.014,1.000,0.010,0.516,0.492,0.134,0.872,0.010,1.000,0.016,1.002,0.222,0.808,0.014,1.000,0.028,1.000,0.414,0.602,1.002,0.024,1.000,0.010,0.208,0.816
1791270326,1345.3,16.1530,16.0171,0.1360,0.1360,9,1,2,0.130,0.884,0.802,0.200,0.004,1.002,0.340,0.660,0.966,0.038,0.874,0.136,0.004,1.000,0.500,0.516,0.050,1.000,0.692,0.312,0.898,0.108,0.714,0.292,0.384,0.620,0.988,0.030,0.496,0.516,0.014,0.994
1791270331,1350.3,16.2084,16.0044,0.2040,0.2040,26,1,0,0.054,0.974,1.000,0.008,0.006,1.000,0.120,0.882,0.542,0.466,0.332,0.682,0.486,0.528,1.000,0.008,0.034,0.998,0.716,0.300,0.434,0.570,0.702,0.302,0.502,0.508,0.998,0.022,0.916,0.094,0.036,0.982
1791270336,1355.3,16.2960,15.9961,0.2999,0.2999,17,1,0,0.148,0.886,0.552,0.460,0.468,0.548,0.470,0.540,0.864,0.136,0.682,0.328,0.524,0.478,1.000,0.008,0.082,1.002,0.130,0.908,1.002,0.012,0.014,1.002,0.006,1.000,1.000,0.018,0.904,0.114,0.234,0.786
1791270341,1360.3,16.2080,16.0081,0.2000,0.2000,27,1,0,0.030,1.000,0.078,0.944,1.000,0.006,0.936,0.066,0.934,0.076,1.000,0.012,0.004,1.000,1.000,0.012,0.770,0.260,0.706,0.300,1.000,0.006,0.004,0.998,0.518,0.490,1.002,0.008,1.000,0.026,0.020,1.000
1791270346,1365.3,16.2222,16.0182,0.2040,0.2040,25,1,0,0.054,1.000,0.356,0.656,0.996,0.008,0.006,1.000,0.672,0.334,1.000,0.012,0.018,1.002,0.924,0.106,1.000,0.026,0.010,1.000,1.000,0.006,0.006,1.002,1.000,0.004,1.000,0.012,0.730,0.290,0.088,0.924
1791270351,1370.3,16.0882,16.0022,0.0860,0.0860,6,1,0,0.386,0.638,0.578,0.426,0.424,0.574,0.464,0.538,0.532,0.468,0.130,0.872,0.878,0.124,0.072,0.926,1.000,0.014,0.016,1.000,1.000,0.002,0.614,0.386,1.000,0.000,0.888,0.122,0.998,0.008,0.130,0.876
1791270356,1375.3,16.3588,15.9989,0.3599,0.3599,27,1,0,0.202,0.894,0.402,0.604,1.000,0.006,0.144,0.862,0.868,0.136,0.012,1.002,1.000,0.010,0.016,1.000,1.000,0.034,0.316,0.732,1.002,0.004,0.994,0.030,0.994,0.070,0.124,0.878,1.000,0.010,1.002,0.018
1791270361,1380.3,16.1920,16.0201,0.1720,0.1720,19,1,0,0.334,0.694,1.000,0.004,1.002,0.000,0.192,0.810,1.002,0.002,0.678,0.328,1.000,0.010,0.000,0.998,1.000,0.062,0.522,0.496,0.500,0.498,0.998,0.020,1.000,0.002,1.002,0.004,1.000,0.012,0.998,0.010
1791270366,1385.3,16.1618,16.0118,0.1500,0.1500,20,1,0,0.428,0.608,1.000,0.006,0.940,0.068,0.002,1.002,0.936,0.064,1.002,0.010,1.002,0.010,0.602,0.410,0.916,0.100,0.508,0.510,0.006,1.002,0.872,0.142,0.494,0.510,0.292,0.712,0.086,0.920,0.488,0.532
1791270371,1390.3,16.2183,16.0124,0.2060,0.2060,35,1,2,0.250,0.794,1.000,0.018,0.464,0.538,0.002,0.996,0.010,1.000,1.000,0.012,0.998,0.012,0.014,1.000,0.036,1.000,1.000,0.014,0.302,0.704,1.002,0.010,0.066,0.944,0.912,0.092,0.006,0.998,0.730,0.286
1791270376,1395.3,16.1018,16.0038,0.0980,0.0980,9,1,0,0.512,0.516,0.144,0.852,0.160,0.842,0.000,1.002,0.868,0.130,0.328,0.672,0.724,0.280,0.008,1.002,0.014,1.000,0.406,0.600,0.908,0.118,1.000,0.006,0.108,0.894,1.000,0.002,0.000,1.002,0.612,0.404
1791270381,1400.3,16.1600,16.0180,0.1420,0.1420,17,1,0,0.018,1.000,0.458,0.548,0.098,0.936,0.004,1.002,0.336,0.666,0.744,0.260,0.002,1.000,0.298,0.710,0.018,1.002,1.002,0.024,0.002,1.002,0.898,0.120,1.002,0.000,1.000,0.002,0.720,0.284,1.000,0.016
1791270386,1405.3,16.0962,16.0022,0.0940,0.0940,8,1,0,0.208,0.798,0.750,0.250,0.998,0.000,0.450,0.550,0.272,0.730,0.328,0.674,0.004,1.000,0.208,0.806,0.290,0.708,0.998,0.018,0.024,1.000,0.526,0.482,0.998,0.000,0.090,0.912,0.052,0.948,0.680,0.334
1791270391,1410.3,16.0822,16.0102,0.0720,0.0720,6,1,0,0.016,0.998,0.800,0.200,1.000,0.000,0.138,0.862,0.134,0.870,0.676,0.330,0.088,0.920,1.000,0.010,1.000,0.000,0.928,0.096,0.900,0.100,0.998,0.006,0.998,0.004,0.004,1.000,0.000,1.000,0.012,1.000
1791270396,1415.3,17.0123,15.9885,1.0238,1.0238,20,1,3,0.074,0.940,0.462,0.542,0.942,0.060,0.072,0.932,0.002,1.000,0.998,0.010,0.118,0.904,1.000,0.008,1.000,0.890,0.472,0.546,1.000,0.008,1.000,0.002,0.696,0.308,0.006,1.000,0.002,1.002,0.014,0.998
1791270401,1420.3,17.0412,16.0415,0.9997,0.9997,13,1,0,0.016,0.998,1.000,0.000,0.468,0.540,1.000,0.002,0.066,0.936,1.002,0.004,0.322,0.680,0.436,0.572,1.000,0.134,0.998,0.832,1.002,0.016,1.002,0.002,0.000,1.000,0.006,1.002,0.006,1.000,0.862,0.152
1791270406,1425.3,17.0378,15.9700,1.0677,1.0677,8,1,0,0.062,0.962,1.000,0.002,0.302,0.696,1.000,0.002,0.272,0.730,0.524,0.482,0.936,0.090,0.404,0.596,1.000,0.006,1.000,0.938,0.998,0.008,0.298,0.706,0.004,1.000,0.004,0.998,0.000,1.000,1.000,0.014
1791270411,1430.3,16.8815,16.0138,0.8678,0.8678,6,1,0,0.042,1.000,0.944,0.062,0.220,0.782,0.140,0.866,0.998,0.004,0.002,1.002,1.002,0.008,0.660,1.004,0.718,0.302,0.398,0.692,1.002,0.018,0.004,1.000,0.008,1.002,0.734,0.270,0.924,0.080,1.002,0.006
1791270416,1435.3,16.1820,16.0100,0.1720,0.1720,9,1,0,0.200,0.830,0.004,1.000,0.002,1.002,0.008,0.998,0.132,0.872,0.406,0.602,0.718,0.290,0.694,0.322,0.014,1.002,0.024,0.998,0.348,0.704,0.002,1.000,0.912,0.098,1.000,0.012,1.000,0.000,0.406,0.596
1791270421,1440.3,16.0681,16.0181,0.0500,0.0500,6,1,0,0.010,0.996,0.000,1.000,0.284,0.716,0.002,1.000,0.000,1.000,0.004,1.000,0.008,0.998,1.002,0.010,0.496,0.506,0.024,1.002,0.086,0.918,0.004,0.998,0.690,0.308,1.000,0.004,0.998,0.000,1.000,0.000
1791270426,1445.3,16.4422,15.9942,0.4479,0.4479,23,1,0,0.042,0.996,0.486,0.526,0.012,0.992,0.070,0.934,0.076,0.926,0.004,0.998,0.006,1.000,0.116,0.890,1.002,0.006,0.050,1.000,0.044,1.000,0.006,1.000,0.002,1.000,0.736,0.508,1.002,0.010,0.998,0.004
1791270431,1450.3,16.2838,16.0139,0.2699,0.2699,18,1,2,0.026,0.998,0.146,0.858,0.782,0.226,0.612,0.398,1.000,0.006,0.002,1.002,0.020,1.002,0.012,1.002,0.512,0.502,0.176,0.842,0.038,1.004,0.050,1.004,0.008,1.002,0.012,1.000,1.000,0.012,0.520,0.528
1791270436,1455.3,17.2403,16.0045,1.2357,1.2357,177,1,5,0.106,1.000,0.860,0.218,1.000,0.040,0.484,0.562,1.000,0.040,0.288,0.730,0.496,0.810,0.122,0.998,0.066,0.998,0.286,0.740,0.716,0.348,0.562,0.498,0.070,0.968,0.082,1.000,1.000,0.096,0.046,1.002
1791270441,1460.3,17.0582,16.0104,1.0478,1.0478,6,1,0,0.042,1.000,1.002,0.012,0.404,0.600,1.000,0.002,1.000,0.006,1.000,0.012,1.000,0.798,0.506,0.602,0.016,1.000,0.282,0.728,1.000,0.016,0.282,0.722,0.000,1.000,0.322,0.684,1.000,0.008,0.018,1.000
1791270446,1465.3,17.1120,16.0043,1.1077,1.1077,43,1,1,0.024,1.000,0.890,0.120,1.002,0.008,0.732,0.282,0.944,0.070,1.000,0.026,0.606,0.406,1.000,0.888,0.302,0.702,0.750,0.268,1.002,0.016,0.000,1.000,0.132,0.888,1.000,0.006,0.078,0.936,0.860,0.170
1791270451,1470.3,16.2923,16.0084,0.2839,0.2839,31,1,0,0.044,1.002,0.844,0.174,0.606,0.398,0.318,0.700,1.002,0.006,0.328,0.680,0.916,0.150,1.000,0.016,1.002,0.008,0.106,0.902,1.000,0.020,0.002,1.002,0.294,0.712,0.998,0.006,0.136,0.878,1.000,0.048
1791270456,1475.3,16.1104,16.0044,0.1060,0.1060,13,1,0,0.056,0.954,0.062,0.940,1.000,0.000,0.596,0.408,1.000,0.008,0.010,1.000,0.094,0.914,0.752,0.252,0.808,0.210,0.124,0.886,0.998,0.014,0.000,1.000,0.316,0.684,1.002,0.000,1.000,0.000,0.876,0.152
1791270461,1480.3,16.3139,16.0100,0.3039,0.3039,67,1,2,0.050,1.000,0.748,0.304,0.350,0.676,0.738,0.272,0.602,0.410,0.496,0.510,0.526,0.490,0.406,0.606,1.000,0.024,0.028,1.000,0.806,0.218,0.006,0.998,1.000,0.006,1.000,0.024,1.000,0.004,0.020,1.000
1791270466,1485.4,16.0984,16.0064,0.0920,0.0920,6,1,0,0.026,0.998,0.658,0.342,0.664,0.334,0.408,0.604,0.610,0.396,0.870,0.136,0.002,1.002,0.406,0.596,0.322,0.694,0.360,0.646,1.000,0.014,0.002,1.000,1.000,0.002,0.488,0.512,1.002,0.000,0.212,0.796
1791270471,1490.4,16.4282,16.0063,0.4219,0.4219,76,1,0,0.098,0.962,0.378,0.666,0.968,0.066,0.030,1.000,0.936,0.076,0.018,1.002,0.030,1.000,0.332,0.692,0.312,0.714,0.026,1.000,0.898,0.126,0.016,1.002,0.754,0.260,0.010,1.000,1.000,0.018,0.038,1.000
1791270476,1495.4,16.2443,16.0184,0.2259,0.2259,33,1,0,0.060,0.998,0.544,0.462,0.864,0.184,0.036,1.000,0.928,0.074,0.010,0.998,0.606,0.402,0.492,0.512,0.506,0.506,0.308,0.708,0.018,1.002,0.516,0.492,0.014,1.002,0.008,1.000,1.000,0.004,0.334,0.674
1791270481,1500.4,16.3058,15.9879,0.3179,0.3179,44,1,0,0.060,0.994,1.002,0.018,0.474,0.538,0.802,0.254,0.216,0.798,0.682,0.326,0.106,0.912,0.124,0.886,0.904,0.102,0.704,0.320,0.024,0.998,0.998,0.014,0.012,1.000,0.328,0.682,1.000,0.016,0.874,0.132
1791270486,1505.4,16.2543,16.0183,0.2360,0.2360,57,1,0,0.038,1.000,0.928,0.088,0.808,0.214,0.030,1.000,0.804,0.212,0.732,0.286,1.000,0.012,0.892,0.124,0.298,0.708,0.468,0.540,0.516,0.506,1.000,0.010,0.006,1.000,0.192,0.816,0.604,0.400,0.258,0.766
1791270491,1510.4,16.1359,16.0179,0.1180,0.1180,10,1,3,0.034,1.000,0.916,0.092,0.330,0.690,0.874,0.130,0.800,0.202,0.078,0.932,0.122,0.884,0.912,0.092,0.710,0.304,0.006,1.002,1.000,0.016,0.938,0.068,0.518,0.486,0.002,0.998,0.874,0.126,1.000,0.004
1791270496,1515.4,16.3544,16.0005,0.3539,0.3539,28,1,0,0.218,0.860,0.744,0.272,0.214,0.796,0.734,0.318,1.000,0.032,1.000,0.006,0.492,0.520,0.692,0.326,0.010,0.998,0.008,0.998,0.998,0.016,1.000,0.078,0.608,0.396,0.908,0.096,0.338,0.670,0.922,0.094
1791270501,1520.4,16.2062,16.0103,0.1960,0.1960,13,1,0,0.558,0.484,0.004,1.000,1.000,0.016,0.844,0.162,0.644,0.416,1.000,0.010,0.722,0.280,0.114,0.890,0.410,0.606,0.606,0.394,0.114,0.902,0.300,0.710,0.524,0.486,0.410,0.600,0.478,0.528,0.072,0.928
1791270506,1525.4,16.1917,16.0097,0.1820,0.1820,15,1,0,0.200,0.832,0.870,0.136,0.802,0.200,0.338,0.668,0.552,0.498,0.330,0.678,0.296,0.714,0.006,1.000,0.002,0.998,0.700,0.304,0.322,0.696,0.520,0.488,1.000,0.012,0.886,0.138,0.002,1.000,0.692,0.314
1791270511,1530.4,16.2198,15.9879,0.2319,0.2319,38,1,0,0.448,0.588,1.000,0.008,0.354,0.650,0.008,1.002,0.478,0.550,0.024,1.002,1.000,0.008,0.408,0.596,0.008,1.002,0.998,0.004,0.704,0.324,0.294,0.718,0.888,0.126,0.010,1.000,0.926,0.086,0.010,0.998
1791270516,1535.4,16.2798,16.0299,0.2499,0.2499,38,1,0,0.406,0.644,0.974,0.050,0.006,1.000,0.002,1.000,1.000,0.014,0.042,1.000,0.514,0.492,0.002,1.002,0.506,0.500,0.114,0.900,0.018,1.002,0.708,0.298,0.026,1.002,0.540,0.498,0.804,0.208,0.628,0.384
1791270521,1540.4,16.1179,16.0000,0.1180,0.1180,10,1,1,0.398,0.618,0.538,0.464,0.214,0.788,0.674,0.326,1.000,0.034,0.576,0.430,0.002,0.998,0.496,0.508,0.308,0.694,0.704,0.296,0.316,0.694,0.010,1.000,0.526,0.480,0.682,0.332,1.002,0.012,1.000,0.000
1791270526,1545.4,16.2302,16.0142,0.2159,0.2159,18,1,0,0.364,0.682,0.662,0.340,0.074,0.934,0.530,0.468,0.734,0.298,0.678,0.350,0.016,1.002,0.998,0.006,0.370,0.644,1.000,0.008,1.000,0.014,0.004,1.000,0.998,0.016,0.018,1.000,1.000,0.008,1.000,0.022
1791270531,1550.4,16.1078,16.0058,0.1020,0.1020,6,1,0,0.474,0.548,0.960,0.050,1.000,0.000,0.404,0.600,0.676,0.326,0.028,1.002,0.002,0.998,1.004,0.008,1.002,0.000,1.000,0.000,1.004,0.014,0.912,0.088,0.996,0.006,0.012,1.000,1.000,0.004,0.670,0.328
1791270536,1555.4,16.4514,16.0215,0.4299,0.4299,37,1,0,0.458,0.654,0.162,0.864,1.002,0.008,0.412,0.604,0.998,0.022,0.648,0.414,0.488,0.534,0.914,0.140,0.964,0.052,1.000,0.010,0.998,0.014,1.002,0.006,0.998,0.034,0.526,0.486,0.112,0.922,0.006,1.000
1791270541,1560.4,16.1803,15.9924,0.1880,0.1880,16,1,0,0.324,0.706,0.006,0.998,0.342,0.660,0.008,1.000,1.000,0.004,0.052,1.000,1.000,0.002,0.094,0.910,0.704,0.300,0.304,0.702,1.000,0.012,0.102,0.910,0.606,0.400,0.282,0.720,0.032,1.000,0.736,0.274
1791270546,1565.4,16.2387,16.0127,0.2260,0.2260,52,1,0,0.584,0.448,0.672,0.340,0.160,0.850,0.008,1.000,1.002,0.012,0.102,0.916,0.520,0.490,0.618,0.400,0.104,0.900,0.016,0.998,0.540,0.476,0.016,1.002,1.002,0.010,0.024,0.986,0.022,1.000,0.998,0.014
1791270551,1570.4,16.1877,16.0038,0.1840,0.1840,14,1,3,0.514,0.530,0.140,0.864,0.932,0.076,0.002,1.002,1.000,0.004,1.002,0.008,0.684,0.318,0.914,0.092,1.002,0.002,0.540,0.508,0.654,0.360,0.256,0.742,0.494,0.530,0.000,1.002,0.684,0.320,1.000,0.028
1791270556,1575.4,16.3281,16.0061,0.3219,0.3219,38,1,0,0.210,0.856,0.734,0.310,0.198,0.806,0.006,0.998,1.000,0.008,0.916,0.088,1.000,0.004,0.690,0.312,0.706,0.304,1.000,0.058,0.412,0.606,0.518,0.490,0.018,0.998,0.048,1.000,0.012,0.998,1.000,0.020
1791270561,1580.4,16.1559,16.0079,0.1480,0.1480,8,1,0,0.144,0.894,0.868,0.150,0.680,0.322,0.000,1.000,0.124,0.880,0.002,1.000,0.512,0.490,0.928,0.082,0.004,0.998,1.000,0.024,0.912,0.114,1.000,0.012,0.000,1.000,0.004,1.000,0.802,0.208,1.000,0.002
1791270566,1585.4,16.2398,16.0079,0.2319,0.2319,32,1,0,0.338,0.704,0.216,0.796,1.000,0.006,0.876,0.130,0.186,0.824,0.008,1.000,0.020,1.002,0.188,0.822,0.806,0.206,1.002,0.010,1.002,0.062,0.296,0.714,0.522,0.488,0.926,0.076,0.452,0.558,0.356,0.656
1791270571,1590.4,16.2257,16.0118,0.2139,0.2139,23,1,0,0.760,0.276,0.976,0.044,1.002,0.010,0.718,0.286,1.000,0.004,0.612,0.406,0.804,0.206,0.388,0.624,0.698,0.320,1.000,0.014,0.438,0.602,0.120,0.884,0.492,0.518,0.290,0.724,1.002,0.012,1.002,0.010
1791270576,1595.4,16.1499,16.0000,0.1500,0.1500,15,1,0,0.220,0.800,0.072,0.952,1.000,0.008,0.214,0.788,0.320,0.678,0.406,0.596,0.890,0.108,0.000,1.000,1.000,0.004,0.998,0.058,1.000,0.022,0.998,0.000,0.718,0.284,0.128,0.876,0.998,0.002,0.468,0.532
1791270581,1600.4,16.2915,16.0116,0.2799,0.2799,41,1,3,0.482,0.570,0.790,0.246,0.408,0.598,0.006,0.998,0.684,0.322,0.938,0.074,0.514,0.492,0.008,1.002,0.710,0.304,0.232,0.810,0.710,0.322,1.000,0.018,1.002,0.010,1.000,0.012,0.930,0.088,0.344,0.690
1791270586,1605.4,16.6859,15.9960,0.6899,0.6899,14,1,2,0.148,0.974,1.002,0.026,1.000,0.004,0.282,0.726,1.002,0.002,0.408,0.602,0.198,0.800,0.378,0.992,0.712,0.310,0.998,0.008,0.028,1.000,1.000,0.018,1.000,0.006,0.288,0.722,0.928,0.086,0.668,0.356
1791270591,1610.4,17.0297,16.0059,1.0237,1.0237,26,1,0,0.078,0.954,0.736,0.280,0.998,0.010,0.528,0.476,0.986,0.022,0.718,0.286,0.496,0.510,0.896,0.998,1.002,0.006,1.000,0.004,0.124,0.890,0.892,0.114,0.998,0.014,0.334,0.674,0.998,0.004,0.012,0.998
1791270596,1615.4,17.0017,16.0080,0.9937,0.9937,6,1,0,0.060,0.982,0.002,0.998,0.334,0.670,0.476,0.524,1.000,0.014,0.002,1.000,0.602,0.398,0.876,1.000,1.000,0.014,1.000,0.000,1.000,0.016,0.004,0.998,1.002,0.004,0.684,0.328,1.002,0.004,0.012,1.002
1791270601,1620.4,16.8417,16.0319,0.8098,0.8098,6,1,0,0.074,0.972,0.092,0.912,0.030,0.970,0.326,0.676,1.000,0.004,0.006,1.000,1.002,0.004,0.576,1.000,0.508,0.622,0.210,0.792,1.000,0.016,0.002,1.000,0.998,0.016,0.012,1.000,0.476,0.530,0.206,0.800
1791270606,1625.4,16.7789,15.9929,0.7859,0.7859,35,1,1,0.200,0.952,0.678,0.342,0.114,1.000,0.064,0.976,0.816,0.344,0.016,1.000,0.936,0.104,0.022,1.002,1.002,0.026,1.000,0.054,0.300,0.720,0.006,1.000,0.752,0.268,0.330,0.680,0.058,1.000,0.028,1.000
1791270611,1630.4,17.1013,16.0316,1.0697,1.0697,39,1,3,0.122,0.948,0.344,0.662,0.664,0.358,0.582,0.422,1.002,0.868,0.028,1.000,0.012,1.000,0.896,0.122,0.498,0.508,1.000,0.010,0.414,0.606,0.128,0.882,0.486,0.526,0.998,0.004,0.014,1.000,0.740,0.266
1791270616,1635.4,17.0934,15.9877,1.1057,1.1057,26,1,0,0.100,0.948,0.016,1.000,0.530,0.480,0.004,1.002,1.000,0.604,0.314,0.998,0.700,0.306,0.504,0.504,0.618,0.402,1.000,0.002,0.732,0.298,0.998,0.006,0.010,1.000,1.002,0.004,0.010,1.000,0.998,0.004
1791270621,1640.4,16.8542,15.9984,0.8558,0.8558,6,1,0,0.102,0.946,0.076,0.930,0.572,0.436,0.022,0.980,1.002,0.412,0.322,1.002,1.000,0.002,1.000,0.002,0.940,0.070,1.000,0.002,0.110,0.912,1.002,0.004,0.000,1.000,1.000,0.002,0.932,0.068,1.002,0.012
1791270626,1645.4,16.5541,16.0143,0.5399,0.5399,50,1,3,0.206,0.988,1.000,0.030,0.372,0.642,0.042,1.000,0.998,0.046,0.686,0.328,1.000,0.004,1.002,0.006,1.000,0.020,1.002,0.016,0.028,1.000,0.134,0.918,0.922,0.094,0.278,0.722,0.550,0.512,0.756,0.254
1791270631,1650.4,16.4296,16.0237,0.4059,0.4059,8,1,1,0.178,0.998,0.402,0.608,1.000,0.004,0.094,0.912,1.000,0.000,0.518,0.490,1.000,0.004,0.546,0.460,0.958,0.050,0.998,0.020,0.014,1.000,0.898,0.120,0.282,0.718,0.058,1.002,0.072,1.000,0.168,0.866
1791270636,1655.4,16.4880,15.9941,0.4939,0.4939,36,1,1,0.158,1.002,0.538,0.466,1.000,0.014,0.990,0.168,0.308,0.740,0.002,1.002,1.002,0.004,0.010,0.998,0.200,0.802,1.000,0.024,0.026,1.000,1.000,0.010,0.924,0.086,0.006,1.000,0.344,0.664,0.736,0.266
1791270641,1660.4,16.3239,16.0040,0.3199,0.3199,70,1,13,0.234,0.850,0.878,0.154,1.000,0.020,0.088,0.996,1.000,0.008,0.004,1.000,0.998,0.004,0.008,1.002,0.502,0.504,1.002,0.010,0.144,0.888,1.000,0.014,0.878,0.126,0.738,0.272,0.870,0.132,1.000,0.010
1791270646,1665.4,16.1363,15.9983,0.1380,0.1380,9,1,2,0.054,1.000,0.998,0.002,0.928,0.086,0.006,1.000,0.800,0.198,0.164,0.842,1.002,0.006,0.006,0.998,0.000,1.000,0.220,0.796,0.550,0.468,0.998,0.000,0.008,1.000,0.998,0.000,0.000,1.000,0.666,0.336
1791270651,1670.4,16.2933,16.0214,0.2719,0.2719,10,1,0,0.146,0.972,0.576,0.438,0.676,0.338,0.042,1.000,0.232,0.810,0.692,0.314,0.972,0.032,0.006,1.000,0.000,1.000,0.296,0.712,1.000,0.024,0.290,0.714,0.522,0.488,0.276,0.728,0.848,0.154,0.338,0.664
1791270656,1675.4,16.0764,15.9984,0.0780,0.0780,9,1,2,0.346,0.664,0.998,0.008,1.000,0.000,0.226,0.778,0.930,0.072,1.002,0.000,0.908,0.096,0.000,1.002,0.002,1.000,0.018,0.998,1.002,0.020,0.320,0.682,0.724,0.280,0.000,1.000,1.000,0.004,0.502,0.504
1791270661,1680.4,16.8749,16.0192,0.8557,0.8557,10,1,2,0.024,0.998,1.002,0.014,0.414,0.592,0.000,0.998,0.998,0.004,0.802,0.200,0.776,0.994,0.896,0.106,0.706,0.296,0.014,1.002,0.998,0.026,1.000,0.004,0.998,0.002,0.000,1.000,0.608,0.398,0.542,0.464
1791270666,1685.4,17.2216,16.0258,1.1958,1.1958,46,1,0,0.234,0.808,0.342,0.676,0.874,0.134,0.082,0.922,1.000,0.010,0.062,0.954,1.000,1.002,0.998,0.010,1.000,0.010,0.026,1.000,1.002,0.022,1.000,0.022,1.000,0.002,0.014,1.002,1.000,0.012,0.998,0.012
1791270671,1690.4,17.0835,15.9818,1.1017,1.1017,18,1,4,0.022,1.002,0.678,0.334,0.456,0.544,0.926,0.078,1.002,0.000,0.966,1.002,1.002,0.038,1.000,0.004,1.000,0.002,0.004,1.000,1.000,0.016,0.760,0.244,1.002,0.002,0.002,1.000,1.002,0.002,1.002,0.004
1791270676,1695.4,17.0001,16.0003,0.9998,0.9998,13,1,0,0.036,0.998,1.000,0.026,0.802,0.202,0.496,0.506,1.000,0.002,0.878,1.000,0.908,0.094,0.502,0.502,1.000,0.008,0.010,1.002,1.000,0.020,0.000,1.000,0.998,0.000,0.002,1.000,0.998,0.000,0.264,0.736
1791270681,1700.4,16.0977,16.0217,0.0760,0.0760,9,1,0,0.032,1.000,0.552,0.468,0.980,0.024,0.710,0.290,1.000,0.004,0.000,1.000,0.008,1.000,0.896,0.102,1.002,0.000,0.854,0.148,0.106,0.916,0.800,0.206,0.880,0.122,0.000,1.000,1.000,0.000,0.002,1.000
1791270686,1705.4,16.2200,15.9940,0.2259,0.2259,27,1,2,0.098,0.932,0.030,1.002,1.000,0.006,0.920,0.090,1.000,0.008,0.660,0.352,0.008,1.002,1.002,0.016,1.000,0.004,0.894,0.128,0.348,0.686,0.006,1.002,0.008,1.000,0.008,1.000,0.966,0.040,0.740,0.264
1791270691,1710.4,16.2443,16.0103,0.2339,0.2339,36,1,0,0.362,0.666,0.036,1.000,1.002,0.040,0.686,0.324,1.000,0.018,0.528,0.488,0.608,0.398,0.310,0.696,0.708,0.306,0.712,0.296,1.000,0.030,0.924,0.090,0.524,0.484,0.006,1.002,0.402,0.606,0.466,0.538
1791270696,1715.4,16.2717,16.0038,0.2679,0.2679,37,1,0,0.076,0.968,0.274,0.734,1.000,0.050,0.980,0.042,1.002,0.014,0.018,1.000,1.000,0.030,0.704,0.322,0.308,0.702,1.000,0.002,1.000,0.020,0.998,0.014,0.280,0.724,0.534,0.472,1.002,0.004,0.000,1.000
1791270701,1720.4,16.2052,16.0312,0.1739,0.1739,13,1,1,0.146,0.904,0.892,0.112,0.998,0.034,1.000,0.000,1.000,0.004,0.298,0.712,1.002,0.022,0.680,0.328,0.478,0.530,0.098,0.906,1.000,0.028,0.688,0.324,0.002,1.000,1.000,0.012,1.000,0.000,0.402,0.598
1791270706,1725.4,16.2643,15.9884,0.2759,0.2759,25,1,1,0.074,0.996,0.606,0.406,0.540,0.512,0.724,0.292,1.000,0.008,1.000,0.010,0.804,0.210,0.312,0.698,0.018,1.000,0.094,0.912,1.002,0.018,1.000,0.020,0.014,1.000,1.000,0.004,0.266,0.740,0.004,1.000
1791270711,1730.4,16.1698,16.0118,0.1580,0.1580,6,1,0,0.040,1.000,0.128,0.870,0.688,0.362,0.630,0.368,1.000,0.002,1.000,0.004,0.198,0.802,0.106,0.898,0.116,0.892,0.006,0.998,0.906,0.108,0.690,0.336,0.130,0.874,1.000,0.006,0.738,0.264,0.002,0.998
1791270716,1735.4,16.1374,16.0155,0.1220,0.1220,9,1,2,0.444,0.594,0.678,0.326,0.334,0.686,0.002,1.002,0.120,0.884,1.002,0.006,1.002,0.000,0.106,0.900,1.002,0.000,0.910,0.098,0.890,0.124,0.868,0.148,1.002,0.002,1.002,0.002,1.002,0.002,0.018,0.996
1791270721,1740.4,16.2060,16.0020,0.2039,0.2039,6,1,0,0.074,0.998,0.532,0.472,0.678,0.334,0.002,1.002,0.008,1.000,0.706,0.310,0.606,0.398,0.506,0.506,1.000,0.006,0.310,0.716,0.134,0.884,0.862,0.160,0.874,0.128,1.000,0.000,0.866,0.134,0.010,0.998
1791270726,1745.4,16.1783,16.0083,0.1700,0.1700,22,1,1,0.032,0.994,0.246,0.772,0.910,0.106,0.488,0.516,0.008,1.000,0.610,0.392,1.000,0.012,0.304,0.700,0.898,0.118,0.414,0.602,1.000,0.014,0.586,0.426,0.006,1.002,1.000,0.020,0.342,0.662,0.000,1.000
1791270731,1750.4,16.1663,16.0164,0.1500,0.1500,19,1,4,0.038,0.996,0.870,0.132,0.912,0.106,0.690,0.312,0.306,0.712,0.298,0.708,0.318,0.690,0.778,0.236,0.016,1.000,0.718,0.294,1.000,0.020,0.764,0.240,0.526,0.476,1.000,0.008,0.666,0.336,0.144,0.858
1791270736,1755.4,16.3358,16.0119,0.3239,0.3239,38,1,0,0.046,1.002,0.534,0.482,0.806,0.210,0.340,0.672,1.002,0.006,0.904,0.102,0.302,0.704,0.302,0.708,0.088,1.000,0.764,0.252,1.000,0.042,0.484,0.528,1.000,0.008,1.000,0.026,0.538,0.468,0.582,0.432
1791270741,1760.4,16.1420,16.0020,0.1400,0.1400,7,1,0,0.004,1.000,0.874,0.134,1.000,0.002,0.028,1.000,0.118,0.890,0.646,0.362,0.708,0.308,0.004,1.000,0.004,1.000,0.010,0.998,0.888,0.134,0.004,1.002,1.000,0.006,0.874,0.138,1.002,0.016,0.000,1.000
1791270746,1765.4,16.1743,16.0004,0.1740,0.1740,12,1,0,0.248,0.790,0.606,0.396,1.000,0.050,0.006,1.000,0.298,0.712,0.690,0.308,0.234,0.770,0.002,1.000,0.506,0.498,0.016,1.000,0.874,0.136,0.006,1.000,0.478,0.526,0.018,0.998,0.424,0.578,0.002,1.000
1791270751,1770.4,16.0874,16.0194,0.0680,0.0680,6,1,0,0.004,1.000,0.852,0.148,0.338,0.680,0.520,0.484,1.000,0.002,0.404,0.602,0.002,1.002,0.002,1.002,0.496,0.508,0.222,0.792,0.688,0.330,0.810,0.198,0.000,1.000,0.006,1.002,0.538,0.464,0.426,0.578
1791270756,1775.4,16.0760,16.0021,0.0740,0.0740,13,1,0,0.150,0.852,0.602,0.400,0.490,0.530,0.410,0.588,0.114,0.888,0.998,0.004,0.000,1.000,0.700,0.298,0.002,1.000,0.034,0.982,0.132,0.880,0.006,1.000,0.000,1.000,0.012,0.998,1.000,0.000,0.260,0.742
1791270761,1780.4,16.5879,16.0000,0.5879,0.5879,79,1,2,0.258,0.852,1.000,0.078,0.606,0.430,0.016,1.002,0.412,0.606,1.002,0.018,0.022,0.998,0.540,0.484,0.318,0.696,0.014,1.000,1.000,0.032,0.922,0.102,0.034,1.000,0.292,0.730,1.002,0.060,0.942,0.130
1791270766,1785.4,16.4595,15.9957,0.4639,0.4639,46,1,0,0.552,0.522,0.740,0.304,0.364,0.654,0.030,1.002,0.514,0.512,1.000,0.042,0.896,0.122,0.330,0.700,1.000,0.014,0.070,0.958,0.294,0.728,0.246,0.766,0.144,0.870,1.002,0.038,0.998,0.028,0.608,0.410
1791270771,1790.4,16.5041,16.0162,0.4879,0.4879,35,1,1,0.464,0.570,0.018,1.000,0.024,1.000,0.086,0.922,1.000,0.038,1.000,0.014,0.988,0.038,0.034,0.992,0.806,0.216,0.038,1.000,0.028,1.002,0.042,0.996,0.998,0.138,0.512,0.502,0.084,0.940,0.264,0.746
1791270776,1795.4,16.7050,16.0192,0.6858,0.6858,32,1,0,0.448,0.644,0.670,0.340,0.588,0.448,0.526,0.530,0.086,0.948,0.196,0.850,0.904,0.140,0.014,1.000,0.896,0.134,0.116,0.910,0.140,1.000,0.726,0.284,1.002,0.086,0.998,0.040,0.018,1.000,0.692,0.342
1791270781,1800.4,16.0579,15.9899,0.0680,0.0680,6,1,0,0.184,0.822,0.002,1.002,0.524,0.482,0.484,0.522,0.802,0.204,1.000,0.000,0.104,0.898,0.136,0.872,0.426,0.572,0.108,0.898,0.014,1.000,1.002,0.000,0.998,0.004,0.334,0.666,0.002,1.002,1.000,0.000
1791270786,1805.4,16.1165,16.0165,0.1000,0.1000,20,1,0,0.014,0.994,0.478,0.526,0.018,0.998,0.064,0.940,0.012,1.000,1.000,0.006,1.000,0.000,0.008,1.002,0.008,1.000,0.008,1.002,0.020,1.000,0.680,0.322,1.002,0.002,0.998,0.004,0.006,0.998,0.998,0.008
1791270791,1810.4,16.1080,16.0100,0.0980,0.0980,15,1,2,0.020,1.000,0.996,0.010,0.798,0.206,0.222,0.784,0.012,0.998,0.840,0.160,1.000,0.002,0.052,0.950,0.008,0.998,0.008,0.998,0.738,0.280,0.142,0.880,1.000,0.002,0.868,0.134,0.942,0.062,0.660,0.344
1791270796,1815.4,16.1059,16.0080,0.0980,0.0980,9,1,0,0.014,1.000,0.124,0.874,1.000,0.000,0.020,1.000,0.030,1.002,0.312,0.692,0.968,0.034,0.780,0.224,0.006,1.000,0.006,1.000,1.000,0.002,0.486,0.530,0.998,0.000,0.000,0.998,0.998,0.002,0.946,0.056
1791270801,1820.4,16.1383,16.0083,0.1300,0.1300,8,1,0,0.138,0.874,0.004,1.002,0.528,0.476,0.040,1.002,0.026,1.000,0.700,0.308,0.302,0.700,0.860,0.148,0.712,0.290,0.720,0.284,1.002,0.014,0.012,1.002,0.072,0.930,0.140,0.868,1.000,0.000,0.468,0.538
1791270806,1825.4,16.0944,16.0084,0.0860,0.0860,6,1,0,0.008,1.000,0.082,0.918,0.000,1.000,0.888,0.118,0.100,0.908,1.000,0.004,0.032,1.000,1.000,0.006,1.000,0.000,0.288,0.712,0.682,0.328,0.012,1.000,0.932,0.070,0.998,0.002,0.050,0.950,0.944,0.058
1791270811,1830.4,16.8695,16.0257,0.8438,0.8438,46,1,2,0.036,0.998,0.338,0.678,0.018,1.000,0.998,0.028,0.342,0.690,1.000,0.020,0.544,0.994,1.000,0.028,1.000,0.014,0.018,1.000,0.920,0.104,0.926,0.106,0.874,0.142,1.002,0.018,0.014,1.000,0.610,0.406
1791270816,1835.4,17.0700,15.9823,1.0877,1.0877,13,1,0,0.010,1.002,0.002,0.998,0.000,1.000,1.000,0.004,0.004,1.000,0.998,0.008,1.000,1.000,1.000,0.008,1.000,0.004,0.000,1.000,0.686,0.324,1.002,0.014,0.000,1.000,0.998,0.004,0.942,0.062,0.076,0.930
1791270821,1840.4,16.9939,16.0181,0.9758,0.9758,13,1,0,0.028,1.002,0.880,0.132,0.002,1.000,0.916,0.104,0.502,0.500,1.004,0.012,1.000,0.860,1.000,0.014,1.000,0.014,0.002,1.002,0.008,1.000,1.000,0.014,0.000,1.002,1.000,0.002,1.000,0.000,1.000,0.000
1791270826,1845.4,16.0762,16.0062,0.0700,0.0700,6,1,0,0.022,0.992,0.130,0.874,0.002,1.000,0.688,0.320,1.000,0.000,0.216,0.798,0.210,0.792,0.776,0.232,0.334,0.666,0.000,1.000,0.330,0.684,0.678,0.334,0.004,1.000,0.870,0.134,1.000,0.000,1.000,0.000
1791270831,1850.4,16.3262,16.0223,0.3039,0.3039,39,1,2,0.026,1.000,0.414,0.598,0.022,0.998,0.948,0.088,1.000,0.012,0.520,0.508,0.032,0.998,0.974,0.048,0.016,0.998,0.014,0.998,1.000,0.022,0.028,1.000,0.012,0.998,0.016,1.000,0.672,0.340,0.672,0.344
1791270836,1855.4,17.0238,15.9941,1.0297,1.0297,6,1,0,0.098,0.928,0.684,0.338,0.006,1.002,1.000,0.012,1.000,0.008,0.010,1.002,0.066,0.956,1.000,0.008,0.006,1.002,0.124,0.884,0.624,0.390,0.148,0.870,0.004,1.002,0.002,1.002,0.748,0.256,0.848,1.000
1791270841,1860.4,16.0838,16.0099,0.0740,0.0740,13,1,0,0.708,0.300,0.926,0.076,0.102,0.900,0.998,0.016,1.000,0.000,0.702,0.298,0.012,1.002,1.000,0.004,0.000,1.000,1.000,0.004,0.010,1.000,1.000,0.014,0.532,0.468,0.534,0.466,0.460,0.540,0.230,0.782
1791270846,1865.4,16.1262,16.0102,0.1160,0.1160,20,1,0,0.058,0.954,0.000,1.002,0.106,0.896,0.412,0.608,0.804,0.198,0.108,0.898,0.328,0.702,0.306,0.704,0.000,1.000,1.002,0.002,0.530,0.484,0.088,0.930,1.002,0.002,0.666,0.338,0.008,1.000,0.222,0.780
1791270851,1870.4,16.9716,15.9998,0.9717,0.9717,42,1,4,0.240,0.794,0.022,1.000,0.692,0.334,0.782,0.238,0.048,0.974,0.598,1.000,1.000,0.020,0.028,1.000,0.026,1.000,1.000,0.024,0.998,0.036,0.040,1.000,1.000,0.030,0.768,0.248,0.020,1.000,0.024,1.002
1791270856,1875.4,16.2778,16.0199,0.2579,0.2579,9,1,0,0.032,1.000,0.682,0.324,1.002,0.000,0.516,0.490,0.058,0.960,0.150,1.002,1.002,0.006,0.510,0.494,0.000,1.000,1.000,0.000,0.102,0.916,0.014,1.000,0.270,0.734,1.000,0.000,0.000,1.002,0.008,0.998
1791270861,1880.4,16.2999,15.9999,0.2999,0.2999,474,1,2,0.042,1.002,0.732,0.280,0.460,0.554,0.018,1.000,0.012,1.000,0.228,0.792,0.802,0.212,0.510,0.504,0.910,0.100,0.302,0.714,0.048,1.002,0.532,0.490,0.538,0.480,1.000,0.012,0.216,0.802,0.012,1.000
1791270866,1885.4,17.3518,16.0241,1.3277,1.3277,89,1,1,0.260,0.816,0.100,0.918,0.800,0.918,0.706,0.312,0.116,0.906,0.118,0.898,0.998,0.046,0.016,1.002,0.960,0.076,0.020,1.002,0.026,1.000,0.294,0.740,0.484,0.744,0.270,0.756,0.042,1.000,0.230,0.794
1791270871,1890.4,16.7080,15.9981,0.7098,0.7098,15,1,0,0.030,1.000,0.324,0.680,0.826,0.182,0.514,0.488,0.310,0.690,0.300,0.700,1.002,0.008,0.006,0.998,0.492,0.514,0.000,1.000,0.926,0.092,0.014,1.002,0.180,1.002,0.000,1.000,0.420,1.000,0.008,1.002
1791270876,1895.4,16.0920,16.0060,0.0860,0.0860,20,1,0,0.104,0.902,0.002,1.000,0.294,0.716,0.404,0.598,0.006,1.000,0.000,1.000,0.298,0.704,0.008,1.000,0.002,1.000,0.720,0.282,0.478,0.532,0.152,0.874,0.002,1.000,0.940,0.064,0.946,0.058,0.308,0.700
1791270881,1900.4,17.4535,16.0019,1.4516,1.4516,83,1,4,0.096,1.000,0.296,0.734,1.000,0.050,0.034,1.000,0.034,1.000,0.030,1.000,0.030,0.998,0.908,0.126,0.730,0.302,1.000,0.032,0.924,0.106,0.998,0.064,0.932,0.098,0.998,0.846,1.000,0.034,0.368,0.668
1791270886,1905.5,17.3521,16.0104,1.3417,1.3417,43,1,3,0.812,1.000,0.046,0.998,1.000,0.024,0.024,1.000,0.212,1.002,0.016,1.002,0.018,1.002,0.652,0.366,1.000,0.034,0.494,0.520,1.000,0.018,1.002,0.044,1.002,0.016,1.002,0.016,1.002,0.018,0.044,0.982
1791270891,1910.5,16.8058,16.0180,0.7878,0.7878,6,1,0,0.214,0.838,0.566,0.442,0.718,0.284,0.006,1.000,0.660,1.000,0.004,1.000,0.904,0.096,0.000,1.000,1.000,0.024,0.002,1.000,1.000,0.002,1.000,0.018,1.000,0.026,1.000,0.002,1.000,0.004,0.034,0.966
1791270896,1915.5,16.0578,16.0039,0.0540,0.0540,7,1,0,0.128,0.874,0.686,0.312,0.382,0.630,0.002,0.998,0.300,0.702,0.012,0.998,1.000,0.000,0.204,0.796,0.886,0.118,0.002,1.000,0.676,0.324,0.874,0.138,1.000,0.014,0.998,0.000,0.656,0.344,0.054,0.954
1791270901,1920.5,16.1141,15.9941,0.1200,0.1200,6,1,0,0.090,0.916,0.528,0.482,0.090,0.910,0.404,0.598,0.904,0.096,0.708,0.298,1.000,0.010,0.040,0.968,0.522,0.506,0.002,1.000,0.130,0.872,0.014,1.000,0.286,0.736,1.002,0.000,0.548,0.458,0.002,1.002
1791270906,1925.5,16.6537,16.0818,0.5719,0.5719,56,1,2,0.178,0.858,0.992,0.032,0.330,0.696,0.496,0.526,0.094,0.934,1.000,0.028,0.354,0.674,0.516,0.502,1.002,0.024,0.526,0.740,0.144,0.874,0.028,1.000,0.048,0.998,0.606,0.412,0.998,0.024,0.286,0.732
1791270911,1930.5,17.3414,15.9698,1.3716,1.3716,46,1,2,0.042,1.000,0.724,0.296,0.506,0.510,0.246,0.772,0.510,0.506,1.002,0.018,0.014,1.000,1.002,0.016,0.500,0.532,1.000,1.000,0.544,0.470,0.026,1.000,0.754,0.278,0.998,0.030,0.856,0.166,0.024,1.000
1791270916,1935.5,17.1258,15.9841,1.1417,1.1417,9,1,0,0.258,0.796,0.004,1.000,1.000,0.002,1.002,0.000,0.912,0.092,0.898,0.104,0.000,1.000,1.000,0.004,0.014,1.000,1.000,1.000,1.000,0.004,0.014,1.000,0.674,0.336,1.000,0.008,0.004,0.998,0.008,1.000
1791270921,1940.5,17.1018,16.0241,1.0777,1.0777,7,1,0,0.018,0.998,0.072,0.936,0.606,0.404,0.106,0.896,0.510,0.494,0.500,0.506,0.000,1.000,0.398,0.600,0.018,1.002,1.002,1.002,0.080,0.922,0.014,1.002,0.008,1.000,1.002,0.014,0.004,1.002,0.004,1.002
1791270926,1945.5,17.1220,15.9943,1.1277,1.1277,14,1,5,0.266,0.766,0.484,0.534,0.602,0.398,0.096,0.908,0.898,0.102,0.390,0.614,0.000,1.000,1.000,0.002,0.722,0.284,1.000,1.000,0.354,0.650,0.018,1.000,0.008,1.000,0.998,0.012,0.002,1.000,0.322,0.686
1791270931,1950.5,17.2488,16.0072,1.2416,1.2416,19,1,1,0.014,1.000,0.726,0.280,0.602,0.536,0.838,0.162,0.206,0.800,0.504,0.502,0.504,0.496,0.994,0.006,0.994,0.022,0.998,0.998,0.994,0.006,0.026,0.994,0.006,1.000,0.996,0.024,0.000,0.998,0.018,1.000
1791270936,1955.5,16.9973,16.0336,0.9637,0.9637,26,1,1,0.138,0.988,0.250,0.816,1.000,0.166,0.310,0.706,0.804,0.214,0.378,0.658,1.000,0.032,1.002,0.192,1.000,0.028,0.804,0.334,1.002,0.024,0.042,1.002,0.032,1.000,1.002,0.024,0.020,1.002,0.440,0.604
1791270941,1960.5,17.1460,15.9902,1.1557,1.1557,33,1,0,0.092,1.000,0.318,0.788,0.728,0.368,0.404,0.606,0.904,0.164,0.998,0.044,0.698,0.300,1.002,0.470,0.882,0.132,0.998,0.008,0.998,0.022,0.022,1.000,0.040,1.000,1.000,0.046,0.242,0.802,0.062,1.000
1791270946,1965.5,16.1493,15.9973,0.1520,0.1520,6,1,0,0.214,0.798,1.000,0.002,0.688,0.312,0.038,1.000,0.000,1.002,0.502,0.506,0.602,0.400,0.088,0.914,0.722,0.280,1.002,0.014,0.608,0.404,0.932,0.094,0.160,0.864,1.000,0.000,0.146,0.856,0.014,1.000
1791270951,1970.5,16.1078,16.0179,0.0900,0.0900,6,1,0,0.018,1.000,1.000,0.010,1.002,0.004,0.894,0.108,0.902,0.100,0.008,1.002,0.402,0.600,0.008,0.998,0.688,0.318,0.090,0.924,1.000,0.000,1.000,0.020,1.000,0.000,1.000,0.000,1.000,0.004,0.278,0.738
1791270956,1975.5,16.1942,16.0023,0.1920,0.1920,19,1,0,0.288,0.744,1.002,0.016,0.998,0.004,1.000,0.010,0.900,0.104,0.210,0.796,0.506,0.496,0.002,1.002,0.518,0.480,0.524,0.474,0.756,0.246,1.000,0.030,1.000,0.024,1.000,0.008,1.000,0.002,0.058,1.000
1791270961,1980.5,16.1658,16.0138,0.1520,0.1520,12,1,0,0.142,0.878,0.524,0.486,0.718,0.282,1.000,0.016,0.700,0.300,0.004,1.000,0.100,0.908,0.516,0.488,1.000,0.004,0.884,0.120,0.680,0.324,1.000,0.026,0.468,0.534,0.262,0.740,1.000,0.000,0.334,0.730
1791270966,1985.5,16.1485,16.0065,0.1420,0.1420,21,1,0,0.038,0.968,0.026,1.000,0.692,0.312,0.122,0.878,0.998,0.004,0.008,1.000,0.002,0.998,0.206,0.802,1.002,0.002,0.004,1.000,0.000,0.998,0.676,0.354,0.018,1.000,0.144,0.858,0.998,0.006,0.034,1.000
1791270971,1990.5,16.1182,16.0002,0.1180,0.1180,8,1,2,0.006,1.002,0.884,0.118,0.790,0.214,0.710,0.294,1.002,0.002,0.806,0.200,0.712,0.292,1.000,0.006,0.294,0.716,0.726,0.278,0.004,1.002,0.016,1.000,0.940,0.062,1.002,0.000,0.768,0.240,0.040,1.002
1791270976,1995.5,16.1319,16.0160,0.1160,0.1160,9,1,0,0.060,0.998,0.324,0.678,0.996,0.006,0.294,0.704,0.980,0.020,0.818,0.188,0.692,0.308,1.000,0.008,0.420,0.604,0.876,0.124,0.002,1.000,0.150,0.864,1.000,0.002,0.858,0.142,0.368,0.642,0.752,0.248
1791270981,2000.5,16.2439,15.9999,0.2439,0.2439,26,1,0,0.054,1.000,0.488,0.536,0.416,0.604,1.000,0.004,1.000,0.002,0.834,0.174,0.004,1.000,0.998,0.068,0.004,1.000,0.002,1.000,0.004,1.000,0.478,0.540,1.000,0.008,0.542,0.464,0.334,0.684,0.040,0.970
1791270986,2005.5,16.1011,16.0092,0.0920,0.0920,6,1,0,0.334,0.676,1.000,0.000,0.310,0.690,1.002,0.002,0.504,0.498,0.410,0.596,0.000,1.002,1.002,0.018,0.318,0.680,0.724,0.278,0.282,0.718,0.014,1.002,1.002,0.016,0.062,0.940,0.160,0.854,0.008,1.002
1791270991,2010.5,16.1939,16.0139,0.1800,0.1800,10,1,0,0.048,1.000,0.972,0.042,0.000,1.000,0.922,0.078,0.404,0.600,0.406,0.602,0.118,0.888,1.000,0.044,0.956,0.068,0.200,0.800,1.000,0.006,0.014,1.000,0.864,0.146,0.012,1.000,0.508,0.506,0.002,1.000
1791270996,2015.5,16.1839,15.9939,0.1900,0.1900,26,1,0,0.042,1.000,1.000,0.018,0.010,1.002,0.008,1.000,0.304,0.698,0.306,0.698,0.712,0.294,0.872,0.136,0.998,0.024,1.002,0.004,0.406,0.596,0.026,1.000,0.006,1.000,0.008,1.000,0.232,0.778,0.556,0.448
1791271001,2020.5,16.1277,16.0198,0.1080,0.1080,6,1,0,0.026,1.000,0.332,0.684,0.996,0.004,0.894,0.106,0.892,0.110,0.002,1.004,0.490,0.510,0.286,0.716,0.886,0.134,0.472,0.528,1.000,0.002,0.618,0.406,0.002,1.000,0.016,1.000,0.014,1.002,1.000,0.000
1791271006,2025.5,16.0955,16.0035,0.0920,0.0920,6,1,0,0.396,0.630,0.890,0.116,0.136,0.864,0.514,0.494,0.500,0.498,0.006,0.998,1.000,0.000,0.876,0.126,0.028,1.000,0.126,0.872,0.276,0.722,0.016,1.002,0.538,0.464,0.006,1.000,0.204,0.802,1.000,0.000
1791271011,2030.5,16.1161,15.9942,0.1220,0.1220,6,1,0,0.018,0.998,0.916,0.098,0.996,0.004,0.896,0.104,0.000,1.000,0.008,1.000,1.000,0.006,0.488,0.514,0.226,0.800,1.002,0.002,0.330,0.674,0.074,0.942,0.460,0.540,0.018,1.002,0.008,0.998,1.000,0.000
1791271016,2035.5,16.3554,16.0295,0.3259,0.3259,19,1,0,0.098,1.000,0.002,1.000,0.998,0.012,0.988,0.014,0.504,0.534,0.004,1.000,0.538,0.460,0.014,1.000,0.048,1.002,0.676,0.340,0.278,0.726,0.022,1.002,0.386,0.662,0.022,0.998,0.158,0.852,1.000,0.006
1791271021,2040.5,16.1919,15.9920,0.1999,0.1999,19,1,0,0.058,0.998,0.000,1.002,1.000,0.008,1.000,0.002,0.506,0.498,0.112,0.896,1.000,0.006,0.002,1.000,0.920,0.124,0.328,0.692,0.002,1.002,0.014,1.000,0.464,0.548,0.006,1.002,0.306,0.706,1.000,0.006
1791271026,2045.5,16.1383,16.0143,0.1240,0.1240,23,1,0,0.064,0.962,0.650,0.354,1.000,0.012,0.014,0.996,0.004,1.002,0.950,0.054,0.846,0.152,0.404,0.598,1.000,0.012,1.000,0.008,0.010,0.998,0.016,0.998,0.002,1.000,0.358,0.660,0.282,0.726,1.000,0.004
1791271031,2050.5,16.3681,16.0042,0.3639,0.3639,10,1,4,0.232,0.880,0.024,0.998,0.454,0.690,0.000,1.000,0.302,0.698,0.722,0.280,1.002,0.002,0.918,0.106,0.880,0.148,1.002,0.000,0.006,1.002,0.936,0.078,0.346,0.662,1.002,0.008,0.556,0.448,1.002,0.000
1791271036,2055.5,16.9197,16.0199,0.8998,0.8998,9,1,0,0.066,1.000,0.122,0.916,0.710,0.294,0.002,1.000,1.002,0.000,1.002,0.002,0.892,0.108,1.000,0.356,0.326,0.678,0.998,0.016,0.010,1.000,1.002,0.022,0.662,0.460,1.000,0.256,1.000,0.008,1.000,0.002
1791271041,2060.5,16.9755,16.0158,0.9597,0.9597,6,1,0,0.110,0.984,0.318,0.682,0.186,1.002,0.500,0.502,0.502,0.502,0.294,0.704,0.992,0.008,1.000,0.012,1.000,0.002,1.002,0.010,0.008,1.000,1.000,0.020,0.942,0.060,1.000,0.394,0.252,0.994,1.000,0.000
1791271046,2065.5,16.9377,15.9880,0.9498,0.9498,7,1,0,0.068,0.964,0.808,0.194,0.200,0.800,1.000,0.004,0.002,1.000,1.002,0.000,1.002,0.000,0.916,0.088,0.478,0.520,0.998,0.016,0.008,1.000,1.000,0.014,1.000,0.002,0.858,0.148,0.744,1.000,0.942,0.160
1791271051,2070.5,16.7139,16.0240,0.6898,0.6898,8,1,1,0.126,0.978,0.688,0.314,0.892,0.122,0.160,0.892,0.110,0.914,0.522,0.502,1.000,0.000,1.002,0.012,0.002,1.000,0.410,0.618,0.146,0.870,0.280,0.740,0.062,0.940,0.006,1.002,0.348,1.000,0.056,1.000
1791271056,2075.5,16.7961,16.0042,0.7918,0.7918,13,1,0,0.142,0.956,0.316,0.688,1.000,0.010,0.302,0.704,0.998,0.044,0.004,1.000,0.892,0.146,0.586,0.420,0.120,0.880,0.138,0.878,0.478,0.534,0.530,1.002,0.034,1.000,0.554,0.454,0.000,1.002,0.002,1.000
1791271061,2080.5,16.9799,15.9942,0.9858,0.9858,13,1,0,0.034,1.000,0.290,0.716,0.912,0.090,0.706,0.296,1.000,0.000,0.000,1.000,0.116,0.884,0.798,0.204,1.000,0.000,0.800,0.200,0.014,0.998,0.230,1.000,0.020,1.000,1.000,0.658,0.010,1.000,0.998,0.004
1791271066,2085.5,17.0279,16.0081,1.0198,1.0198,7,1,0,0.096,1.002,1.000,0.010,0.740,0.260,0.000,1.000,0.306,0.698,0.000,1.002,0.692,0.310,0.676,0.334,1.000,0.004,0.276,0.726,0.010,1.002,0.198,1.000,0.946,0.062,0.858,0.798,0.312,0.706,1.004,0.000
1791271071,2090.5,16.7011,16.0293,0.6718,0.6718,14,0,3,0.098,0.980,0.714,0.306,0.682,0.696,0.002,1.000,0.998,0.012,0.002,1.000,0.116,0.886,0.690,0.326,1.002,0.008,0.004,1.000,0.736,0.282,0.704,0.398,0.282,0.748,0.502,0.514,0.998,0.008,0.658,0.364
1791271076,2095.5,16.4536,15.9878,0.4659,0.4659,5,1,0,0.232,0.994,0.242,0.808,0.670,0.334,0.812,0.220,0.540,0.498,0.036,1.000,1.000,0.004,0.966,0.040,1.000,0.000,0.000,1.000,1.000,0.004,0.010,1.000,0.016,1.000,1.000,0.000,1.002,0.026,0.006,1.000
1791271081,2100.5,16.3840,16.0060,0.3779,0.3779,7,1,1,0.168,0.976,0.524,0.528,0.908,0.108,0.062,1.002,0.480,0.522,0.712,0.286,1.000,0.036,1.000,0.012,0.876,0.124,0.058,0.956,1.000,0.000,0.008,1.000,0.016,1.000,1.000,0.000,1.000,0.016,0.396,0.608
1791271086,2105.5,16.5622,16.0183,0.5439,0.5439,63,1,13,0.184,0.998,1.002,0.046,0.670,0.336,0.806,0.200,0.014,1.000,1.002,0.012,1.000,0.030,0.960,0.066,0.020,1.000,0.014,0.998,1.002,0.008,0.122,1.002,0.166,0.858,0.066,0.946,1.000,0.028,1.000,0.006
1791271091,2110.5,16.2901,16.0221,0.2679,0.2679,29,1,0,0.104,0.930,1.000,0.012,1.000,0.004,0.004,1.000,0.908,0.096,1.000,0.004,1.000,0.004,0.684,0.326,0.002,1.002,0.064,1.002,0.666,0.336,0.010,0.998,0.278,0.740,0.946,0.120,1.000,0.018,1.000,0.032
1791271096,2115.5,16.1042,15.9882,0.1160,0.1160,10,1,2,0.358,0.650,0.998,0.012,0.788,0.214,0.000,1.000,0.462,0.540,0.498,0.514,1.000,0.004,0.748,0.258,0.000,0.998,0.004,1.000,0.004,1.000,0.000,1.000,0.122,0.892,0.654,0.348,1.000,0.020,1.000,0.028
1791271101,2120.5,16.1440,16.0160,0.1280,0.1280,7,1,0,0.528,0.492,0.714,0.298,0.696,0.306,0.006,1.002,1.002,0.000,0.688,0.320,0.570,0.428,0.690,0.316,0.126,0.878,0.530,0.474,0.028,1.002,0.342,0.660,0.014,1.000,0.002,0.998,0.604,0.402,0.930,0.096
1791271106,2125.5,16.6543,16.0144,0.6399,0.6399,138,1,3,0.368,0.684,0.150,0.916,0.042,1.000,0.226,0.794,0.328,0.702,1.002,0.074,1.002,0.040,0.912,0.118,1.000,0.054,0.878,0.140,0.024,1.000,0.602,0.432,0.354,0.682,0.040,1.000,1.000,0.054,1.000,0.046
1791271111,2130.5,16.1884,16.0084,0.1800,0.1800,27,1,0,0.032,1.000,0.912,0.098,0.012,1.000,0.004,1.000,0.002,1.002,0.998,0.012,0.998,0.008,1.002,0.012,0.998,0.014,0.140,0.872,0.016,0.998,0.866,0.136,1.000,0.014,0.148,0.854,0.998,0.014,1.000,0.030
1791271116,2135.5,16.1599,15.9939,0.1660,0.1660,22,1,4,0.172,0.854,0.002,1.002,0.042,0.972,0.004,1.000,0.008,1.000,0.094,0.910,1.000,0.002,0.954,0.058,0.082,0.928,0.408,0.598,0.024,1.004,0.004,1.002,0.942,0.072,1.000,0.002,1.002,0.016,0.848,0.164
1791271121,2140.5,16.3503,16.0184,0.3319,0.3319,72,1,3,0.054,1.000,0.010,1.000,0.018,1.002,0.898,0.116,0.018,1.002,0.614,0.396,1.002,0.014,1.000,0.016,0.012,0.996,0.990,0.018,0.348,0.662,0.034,0.998,1.002,0.022,0.094,0.946,1.000,0.038,0.290,0.742
1791271126,2145.5,16.2260,16.0000,0.2259,0.2259,26,1,0,0.034,0.988,0.270,0.742,0.104,0.904,0.604,0.408,0.008,0.998,0.694,0.310,1.000,0.008,0.858,0.160,0.142,0.872,0.682,0.326,0.270,0.736,0.016,1.002,1.000,0.018,0.008,0.998,1.000,0.048,0.652,0.364
1791271131,2150.5,16.2084,16.0044,0.2040,0.2040,7,1,0,0.346,0.694,0.022,0.986,0.592,0.410,1.000,0.018,0.120,0.892,0.118,0.890,0.088,0.916,0.884,0.126,0.878,0.130,0.004,1.002,0.742,0.268,0.404,0.596,1.000,0.014,0.760,0.254,0.846,0.174,0.960,0.086
1791271136,2155.5,16.4051,16.0092,0.3959,0.3959,193,1,2,0.462,0.592,0.694,0.354,0.882,0.160,1.000,0.012,0.806,0.206,0.802,0.218,0.010,1.002,0.688,0.328,0.998,0.016,0.174,0.880,1.000,0.026,0.010,1.002,0.088,0.950,1.000,0.010,0.008,1.000,1.000,0.022
1791271141,2160.5,16.3801,16.0081,0.3719,0.3719,353,1,3,0.070,1.000,0.718,0.324,0.998,0.016,0.298,0.718,0.106,0.916,1.000,0.018,0.544,0.486,0.880,0.152,0.478,0.530,0.604,0.416,1.002,0.018,0.752,0.258,0.366,0.668,0.856,0.156,0.022,1.000,0.846,0.170
1791271146,2165.5,16.2326,16.0066,0.2260,0.2260,36,1,0,0.040,1.000,0.022,1.000,1.000,0.016,0.038,0.964,0.128,0.892,1.000,0.008,1.002,0.004,0.878,0.140,0.008,1.000,1.000,0.000,0.920,0.086,1.000,0.010,1.000,0.022,0.034,1.002,0.562,0.448,0.368,0.642
1791271151,2170.5,16.2322,16.0082,0.2239,0.2239,14,1,2,0.076,1.000,0.894,0.132,0.508,0.496,0.408,0.598,0.606,0.400,1.000,0.008,0.802,0.204,0.976,0.044,0.134,0.872,0.484,0.528,1.000,0.002,0.530,0.468,1.000,0.022,0.418,0.596,1.002,0.030,0.844,0.156
1791271156,2175.5,16.2579,16.0120,0.2459,0.2459,38,1,2,0.316,0.736,0.322,0.700,0.704,0.314,0.508,0.494,0.102,0.908,0.888,0.118,0.726,0.282,1.000,0.012,1.000,0.004,0.602,0.408,1.002,0.006,0.946,0.062,1.002,0.022,0.038,1.000,0.998,0.030,0.212,0.800
1791271161,2180.5,16.0979,16.0039,0.0940,0.0940,8,1,1,0.214,0.800,0.422,0.578,0.680,0.320,0.296,0.706,0.424,0.580,0.422,0.578,0.318,0.680,0.880,0.136,1.000,0.016,0.008,1.000,1.000,0.006,0.998,0.014,0.532,0.482,0.754,0.246,0.848,0.164,0.000,0.998
1791271166,2185.5,16.1602,16.0062,0.1540,0.1540,24,1,0,0.208,0.814,0.998,0.006,0.904,0.106,0.106,0.896,0.298,0.704,0.802,0.204,0.176,0.828,0.324,0.686,0.604,0.406,0.732,0.290,1.000,0.004,0.066,0.942,1.002,0.014,0.456,0.562,0.368,0.648,0.764,0.256
1791271171,2190.5,16.1240,16.0121,0.1120,0.1120,8,1,1,0.226,0.790,1.002,0.002,0.082,0.920,0.872,0.128,0.608,0.396,0.970,0.030,1.002,0.002,0.756,0.254,0.876,0.128,0.070,0.934,0.862,0.142,0.746,0.256,1.000,0.020,0.024,1.000,0.256,0.754,1.000,0.010
1791271176,2195.5,16.1760,16.0060,0.1700,0.1700,33,1,0,0.224,0.808,1.000,0.006,0.782,0.222,0.710,0.304,0.010,1.000,1.002,0.004,0.888,0.128,0.750,0.266,0.330,0.674,0.406,0.604,0.020,0.994,1.000,0.002,1.000,0.024,0.010,1.000,0.558,0.452,1.002,0.012
1791271181,2200.5,16.1057,16.0097,0.0960,0.0960,15,1,1,0.052,0.962,0.314,0.692,1.000,0.006,0.066,0.944,0.004,1.000,0.290,0.714,0.918,0.080,0.896,0.114,0.480,0.524,0.004,1.000,0.000,1.000,0.998,0.000,1.000,0.014,0.000,1.002,1.000,0.014,1.000,0.024
1791271186,2205.5,16.2359,16.0099,0.2259,0.2259,45,1,1,0.062,1.000,0.900,0.112,0.510,0.498,0.314,0.702,0.004,1.000,0.120,0.894,1.000,0.006,0.940,0.066,0.330,0.676,0.008,1.000,0.006,1.000,0.866,0.146,0.270,0.746,0.008,1.000,1.000,0.028,0.254,0.766
1791271191,2210.5,16.0957,16.0118,0.0840,0.0840,6,1,0,0.034,0.992,0.304,0.696,0.900,0.100,0.002,1.000,0.914,0.090,0.998,0.002,1.000,0.002,1.002,0.008,1.000,0.000,0.736,0.268,0.174,0.830,0.284,0.720,0.162,0.854,0.008,1.000,1.002,0.000,0.020,1.000
1791271196,2215.5,16.1424,16.0064,0.1360,0.1360,25,1,0,0.038,0.982,0.606,0.410,1.000,0.012,0.110,0.892,0.998,0.004,0.886,0.126,1.000,0.008,0.908,0.098,0.874,0.130,0.276,0.730,0.406,0.598,0.800,0.208,1.000,0.020,0.010,1.000,0.998,0.004,0.762,0.242
1791271201,2220.5,16.0879,16.0019,0.0860,0.0860,10,1,2,0.462,0.552,0.014,1.000,0.336,0.664,1.000,0.004,0.504,0.514,0.432,0.572,1.002,0.000,1.002,0.008,0.000,1.000,0.002,1.002,0.000,1.000,1.000,0.000,1.000,0.010,0.760,0.244,1.000,0.002,0.432,0.578
1791271206,2225.5,16.1487,16.0147,0.1340,0.1340,23,1,0,0.036,0.998,0.698,0.320,0.902,0.102,1.002,0.002,0.008,1.000,0.324,0.686,1.000,0.006,1.000,0.010,0.528,0.474,0.338,0.664,0.012,1.002,1.002,0.004,0.460,0.556,1.000,0.000,1.002,0.006,1.000,0.012
1791271211,2230.5,16.0893,16.0093,0.0800,0.0800,15,1,2,0.022,0.992,1.000,0.006,0.098,0.902,0.502,0.500,0.014,1.000,1.000,0.002,0.368,0.636,1.000,0.012,0.860,0.140,0.766,0.234,0.002,1.000,0.602,0.396,0.360,0.654,1.000,0.002,1.000,0.004,1.000,0.016
1791271216,2235.5,16.1199,16.0060,0.1140,0.1140,11,1,1,0.532,0.490,0.600,0.414,0.006,1.002,0.294,0.708,0.002,1.000,1.000,0.010,0.998,0.004,1.000,0.008,1.000,0.002,0.012,1.000,0.942,0.072,1.000,0.002,1.000,0.014,1.000,0.004,0.316,0.682,0.606,0.398
1791271221,2240.5,16.1188,16.0168,0.1020,0.1020,9,1,1,0.424,0.602,1.000,0.008,0.002,1.000,0.700,0.302,0.154,0.866,0.384,0.616,1.002,0.022,1.002,0.002,1.002,0.000,0.372,0.638,0.592,0.416,0.604,0.398,1.000,0.016,1.000,0.000,0.000,1.000,0.040,0.962
1791271226,2245.5,16.0844,16.0084,0.0760,0.0760,6,1,0,0.200,0.820,1.000,0.004,0.604,0.398,1.002,0.002,0.406,0.596,0.008,1.000,0.486,0.524,0.634,0.372,0.074,0.926,0.826,0.182,0.756,0.246,0.202,0.800,1.000,0.016,1.002,0.000,0.002,1.000,0.764,0.236
1791271231,2250.5,16.0880,16.0041,0.0840,0.0840,8,1,1,0.056,0.954,0.904,0.108,0.800,0.200,0.998,0.004,1.000,0.000,0.326,0.682,0.530,0.488,1.000,0.006,0.934,0.074,0.490,0.514,0.998,0.000,0.460,0.542,1.000,0.012,0.404,0.596,0.004,1.000,1.000,0.000
1791271236,2255.5,16.1963,16.0224,0.1740,0.1740,27,1,4,0.822,0.228,0.300,0.706,1.000,0.006,0.998,0.012,0.294,0.714,0.886,0.124,0.984,0.042,1.000,0.008,0.084,0.928,0.950,0.082,0.866,0.136,0.010,1.002,1.000,0.014,0.254,0.750,0.962,0.046,1.002,0.002
1791271241,2260.5,16.2980,15.9941,0.3039,0.3039,16,1,1,0.072,0.982,1.002,0.028,0.954,0.062,0.112,0.904,0.174,0.834,0.848,0.158,1.002,0.016,1.000,0.022,0.006,1.002,1.002,0.012,0.462,0.550,0.034,1.002,1.002,0.014,0.022,1.002,1.000,0.018,1.000,0.008
1791271246,2265.5,16.1099,16.0139,0.0960,0.0960,8,1,1,0.218,0.796,0.998,0.010,1.000,0.008,0.978,0.036,0.816,0.184,0.408,0.592,0.878,0.122,1.002,0.006,0.932,0.068,0.998,0.038,0.602,0.400,0.944,0.054,0.998,0.004,0.012,1.000,1.000,0.002,1.000,0.000
1791271251,2270.5,16.1783,15.9903,0.1880,0.1880,24,1,0,0.034,1.002,0.906,0.130,0.502,0.504,0.110,0.902,1.002,0.008,0.998,0.006,0.998,0.008,0.998,0.006,0.872,0.132,1.000,0.010,1.002,0.006,1.000,0.008,1.000,0.010,0.380,0.642,0.840,0.162,1.000,0.016
1791271256,2275.5,16.1860,16.0180,0.1680,0.1680,29,1,0,0.352,0.692,0.254,0.752,0.772,0.230,0.794,0.226,0.888,0.126,1.000,0.008,0.282,0.718,1.002,0.014,0.004,1.002,0.956,0.062,0.658,0.344,0.662,0.350,0.858,0.168,1.002,0.002,0.002,1.002,1.002,0.006
1791271261,2280.5,16.1286,16.0026,0.1260,0.1260,22,1,2,0.012,1.000,0.214,0.804,0.900,0.106,0.714,0.296,0.768,0.238,1.000,0.008,0.010,1.000,0.078,0.926,0.004,1.000,1.000,0.018,0.346,0.658,0.150,0.854,0.020,1.000,1.000,0.004,0.002,1.000,0.836,0.168
1791271266,2285.5,16.1143,16.0083,0.1060,0.1060,22,1,0,0.078,0.944,0.008,1.000,0.946,0.056,1.000,0.010,1.000,0.004,0.092,0.920,0.524,0.480,0.946,0.052,0.022,1.000,0.998,0.014,0.056,0.948,0.256,0.746,0.948,0.068,0.370,0.628,0.002,1.000,0.002,0.998
1791271271,2290.5,16.1899,16.0060,0.1840,0.1840,34,1,2,0.028,1.002,0.316,0.704,0.510,0.500,1.002,0.026,0.096,0.910,0.524,0.490,0.490,0.522,1.002,0.008,0.218,0.798,0.914,0.102,0.002,1.000,0.350,0.652,1.000,0.016,0.004,1.000,0.006,1.000,0.208,0.796
1791271276,2295.5,16.0820,16.0140,0.0680,0.0680,11,1,1,0.006,1.000,0.608,0.406,0.500,0.498,0.992,0.016,0.910,0.094,0.606,0.396,0.594,0.406,1.000,0.002,0.932,0.068,0.892,0.134,0.002,1.000,1.000,0.002,1.000,0.012,0.002,1.000,0.002,1.002,1.000,0.002
1791271281,2300.5,16.0743,16.0063,0.0680,0.0680,8,1,1,0.014,1.000,1.000,0.006,0.104,0.902,1.000,0.014,0.090,0.914,0.484,0.516,0.004,1.002,1.000,0.000,0.272,0.728,1.000,0.014,0.000,1.000,0.056,0.946,1.000,0.014,0.000,1.000,0.004,0.998,1.000,0.002
1791271286,2305.5,16.0822,16.0102,0.0720,0.0720,8,1,0,0.188,0.814,0.112,0.896,0.308,0.692,0.496,0.510,0.716,0.284,0.522,0.482,0.008,0.998,1.000,0.002,0.530,0.470,1.000,0.018,0.146,0.858,0.456,0.546,1.000,0.014,0.000,1.000,0.002,1.000,1.000,0.002
1791271292,2310.5,16.1438,16.0139,0.1300,0.1300,22,1,1,0.332,0.680,0.010,1.002,1.000,0.012,0.508,0.494,1.002,0.020,1.000,0.010,0.412,0.598,1.000,0.002,1.002,0.004,0.852,0.160,0.618,0.388,0.856,0.148,1.000,0.016,0.004,1.002,0.010,0.994,0.838,0.182
1791271297,2315.5,16.1882,16.0063,0.1820,0.1820,39,1,0,0.038,1.000,0.018,1.000,1.000,0.010,0.304,0.716,0.888,0.122,0.686,0.316,0.730,0.278,1.000,0.008,0.160,0.862,0.700,0.308,0.016,1.000,0.002,1.000,1.000,0.026,0.000,1.000,0.004,1.000,0.004,1.000
1791271302,2320.5,16.2258,16.0119,0.2139,0.2139,25,1,4,0.066,1.000,0.188,0.822,1.000,0.020,0.010,0.998,0.298,0.706,0.016,1.000,0.406,0.596,0.476,0.534,0.004,1.000,0.770,0.238,0.008,1.000,0.148,0.854,0.664,0.362,0.166,0.840,0.402,0.610,0.230,0.796
1791271307,2325.6,16.1499,16.0019,0.1480,0.1480,9,1,1,0.036,1.000,0.270,0.738,0.260,0.746,0.318,0.696,0.004,1.002,0.228,0.782,1.002,0.006,0.004,1.004,0.004,1.000,0.824,0.204,0.402,0.598,1.002,0.002,0.762,0.254,1.002,0.000,0.000,1.002,0.858,0.144
1791271312,2330.6,16.0654,15.9994,0.0660,0.0660,6,1,0,0.014,1.002,0.338,0.662,1.000,0.000,0.156,0.846,0.714,0.286,1.000,0.002,0.286,0.724,0.000,0.998,0.006,1.000,1.000,0.010,0.004,1.000,0.454,0.548,1.000,0.016,1.000,0.002,0.000,0.998,1.000,0.000
1791271317,2335.6,16.0877,16.0117,0.0760,0.0760,7,1,0,0.128,0.884,0.702,0.300,0.998,0.002,0.008,1.002,1.000,0.002,0.690,0.308,0.010,1.000,0.002,1.000,0.416,0.598,1.000,0.016,0.710,0.292,0.804,0.194,0.652,0.360,0.958,0.050,0.966,0.036,1.000,0.002
1791271322,2340.6,16.0784,16.0024,0.0760,0.0760,11,1,2,0.208,0.796,0.530,0.472,1.002,0.002,0.010,1.000,0.998,0.002,1.000,0.002,0.048,0.968,0.002,1.000,0.006,1.000,1.002,0.012,1.000,0.000,0.004,1.000,0.018,1.002,0.046,0.954,0.436,0.564,0.438,0.564
1791271327,2345.6,16.1328,16.0128,0.1200,0.1200,22,1,0,0.026,1.000,0.902,0.102,0.568,0.438,0.004,1.000,1.002,0.008,0.084,0.922,0.012,0.998,0.734,0.268,0.360,0.666,1.000,0.008,0.658,0.348,0.002,1.000,0.110,0.906,0.004,0.998,0.006,1.000,0.712,0.290
1791271332,2350.6,16.1182,16.0122,0.1060,0.1060,15,1,2,0.160,0.866,0.314,0.698,0.052,0.956,0.612,0.392,0.886,0.124,0.790,0.212,0.008,1.000,0.892,0.110,0.998,0.012,0.860,0.144,0.944,0.066,0.752,0.250,0.014,1.000,0.000,1.000,0.002,1.000,1.000,0.002
1791271337,2355.6,16.1158,16.0138,0.1020,0.1020,11,1,1,0.018,1.000,0.508,0.500,0.234,0.778,0.410,0.590,0.002,0.998,0.690,0.318,0.612,0.400,0.872,0.136,0.670,0.336,0.002,1.000,1.000,0.022,0.408,0.594,0.014,1.002,0.002,1.002,0.168,0.834,0.638,0.374
1791271342,2360.6,16.1239,16.0039,0.1200,0.1200,8,1,1,0.212,0.798,0.218,0.798,0.026,0.988,0.116,0.890,0.000,1.002,1.000,0.008,0.022,1.000,0.928,0.070,0.002,1.002,0.746,0.258,1.000,0.006,1.000,0.008,0.012,0.998,0.162,0.840,0.608,0.398,0.966,0.036
1791271347,2365.6,16.1056,15.9957,0.1100,0.1100,7,1,0,0.090,0.922,0.508,0.504,0.272,0.738,1.002,0.006,0.000,1.000,0.804,0.204,0.082,0.932,1.000,0.012,0.000,1.000,0.264,0.736,0.658,0.346,0.848,0.164,0.014,1.002,0.246,0.758,1.000,0.000,1.000,0.002
1791271352,2370.6,16.1331,16.0131,0.1200,0.1200,8,1,1,0.010,1.000,1.000,0.010,0.344,0.662,0.998,0.020,0.406,0.598,0.682,0.326,0.418,0.600,1.000,0.018,0.000,1.000,1.000,0.006,0.748,0.254,0.004,1.002,0.014,0.998,0.010,1.000,0.636,0.364,1.002,0.006
1791271357,2375.6,16.1638,16.0159,0.1480,0.1480,20,1,0,0.250,0.778,1.000,0.010,0.822,0.202,0.094,0.918,0.004,1.000,0.218,0.804,0.012,1.000,0.874,0.134,0.544,0.466,1.000,0.008,1.000,0.000,0.362,0.648,0.564,0.450,0.962,0.042,0.610,0.394,0.802,0.200
1791271362,2380.6,16.0954,16.0015,0.0940,0.0940,15,1,0,0.212,0.798,0.700,0.308,0.902,0.108,0.318,0.684,0.004,1.000,0.014,1.000,0.016,1.002,0.336,0.666,0.998,0.006,1.002,0.004,1.000,0.006,0.252,0.752,0.056,0.958,1.002,0.000,0.764,0.236,0.030,0.970
1791271367,2385.6,16.1300,16.0100,0.1200,0.1200,18,1,6,0.026,1.002,0.806,0.200,0.708,0.306,0.296,0.706,0.720,0.286,0.218,0.808,0.728,0.278,1.000,0.012,1.000,0.004,1.000,0.002,0.458,0.540,0.002,1.002,0.010,1.000,1.000,0.014,1.000,0.002,0.574,0.428
1791271372,2390.6,16.1619,16.0080,0.1540,0.1540,20,1,0,0.034,1.000,0.278,0.726,0.890,0.114,0.916,0.086,1.002,0.008,0.716,0.326,1.002,0.008,1.000,0.014,1.002,0.006,0.814,0.188,0.348,0.658,0.550,0.452,0.368,0.648,0.046,0.960,0.836,0.166,0.836,0.166
1791271377,2395.6,16.1442,16.0062,0.1380,0.1380,22,1,2,0.120,0.898,0.006,0.998,0.014,0.998,0.998,0.002,0.998,0.020,0.774,0.240,0.972,0.030,1.000,0.010,0.998,0.022,1.000,0.006,0.408,0.592,1.000,0.014,0.998,0.014,0.002,0.998,0.002,1.000,0.004,1.000
1791271382,2400.6,16.1058,15.9979,0.1080,0.1080,6,1,0,0.338,0.692,0.600,0.400,0.092,0.910,0.288,0.714,0.884,0.126,0.668,0.342,1.000,0.000,0.270,0.732,0.486,0.546,0.658,0.346,0.604,0.398,1.000,0.012,1.002,0.012,0.000,1.002,0.972,0.030,0.970,0.032
1791271387,2405.6,16.2562,16.0262,0.2300,0.2300,27,1,0,0.046,0.998,0.008,1.002,0.974,0.034,0.004,1.002,0.002,1.000,0.856,0.170,1.000,0.006,0.144,0.868,0.052,1.002,0.788,0.230,1.000,0.018,1.000,0.012,1.000,0.014,0.172,0.836,1.000,0.008,1.000,0.000
1791271392,2410.6,16.2443,16.0124,0.2319,0.2319,24,1,2,0.036,1.002,0.120,0.896,0.888,0.112,0.318,0.690,0.326,0.684,0.752,0.266,0.606,0.400,0.750,0.254,0.230,0.832,0.834,0.200,1.000,0.002,1.002,0.020,0.612,0.408,0.412,0.594,0.998,0.002,1.002,0.000
1791271397,2415.6,16.1498,16.0038,0.1460,0.1460,9,1,0,0.182,0.840,0.304,0.702,0.912,0.088,0.998,0.004,0.604,0.398,1.002,0.020,1.000,0.010,0.532,0.468,0.176,0.864,1.000,0.006,0.802,0.204,1.000,0.002,0.848,0.172,0.050,0.964,1.002,0.004,0.858,0.144
1791271402,2420.6,16.2776,16.0257,0.2519,0.2519,10,1,2,0.050,1.000,0.016,1.002,0.696,0.308,0.096,0.912,0.084,0.916,0.690,0.330,0.682,0.334,0.608,0.416,1.000,0.004,1.000,0.040,0.408,0.622,1.000,0.012,0.372,0.650,0.016,1.000,1.000,0.014,0.032,0.972
1791271407,2425.6,16.2062,15.9963,0.2100,0.2100,7,1,0,0.326,0.708,0.338,0.694,0.420,0.596,0.284,0.720,0.402,0.598,0.848,0.180,0.016,1.000,0.998,0.004,0.266,0.736,1.000,0.004,1.000,0.018,0.648,0.354,0.260,0.760,0.016,1.000,1.000,0.010,0.336,0.668
1791271412,2430.6,16.0923,15.9963,0.0960,0.0960,6,1,0,0.286,0.716,0.698,0.304,0.000,1.002,0.488,0.514,0.000,1.000,0.998,0.014,0.602,0.404,0.804,0.198,0.000,1.000,0.400,0.604,0.084,0.950,0.956,0.048,0.016,1.000,0.962,0.040,1.002,0.008,0.036,0.966
1791271417,2435.6,16.5076,16.0197,0.4879,0.4879,22,1,3,0.172,0.990,0.004,1.000,0.012,0.998,0.516,0.502,0.056,1.000,0.968,0.062,0.898,0.108,0.682,0.334,0.004,1.000,0.262,0.740,0.222,0.850,1.000,0.050,0.570,0.486,1.000,0.014,0.036,0.964,0.006,1.000
1791271422,2440.6,16.8818,16.0121,0.8698,0.8698,6,1,0,0.054,1.002,0.666,0.342,0.712,0.294,0.092,0.916,0.528,1.000,0.476,0.618,0.076,0.928,0.624,0.400,0.144,0.862,0.096,1.000,0.512,0.496,1.000,0.022,0.454,0.562,1.000,0.000,0.770,0.234,0.006,1.002
1791271427,2445.6,17.0261,16.0063,1.0198,1.0198,6,1,0,0.034,0.996,1.000,0.008,0.288,0.712,0.136,0.870,0.916,1.000,0.002,1.002,0.732,0.268,0.002,1.000,0.606,0.416,0.588,0.412,1.000,0.008,0.608,0.402,0.010,1.000,1.000,0.002,1.000,0.002,0.292,0.712
1791271432,2450.6,16.9395,16.0238,0.9158,0.9158,6,1,0,0.096,0.994,1.000,0.006,0.316,0.690,0.806,0.196,0.474,1.000,0.000,1.000,0.756,0.570,0.000,1.000,0.998,0.000,1.002,0.008,1.000,0.006,0.652,0.362,0.014,1.000,0.588,0.416,1.000,0.002,0.230,0.772
1791271437,2455.6,16.7101,15.9783,0.7318,0.7318,8,1,1,0.120,0.988,0.118,0.908,0.984,0.028,0.718,0.286,0.464,0.882,0.926,0.136,1.000,0.000,0.338,0.664,0.666,0.338,0.856,0.148,1.000,0.092,0.562,0.456,0.016,1.002,0.570,0.432,1.000,0.004,0.008,1.002
1791271442,2460.6,16.8015,16.0237,0.7778,0.7778,6,1,0,0.064,1.000,0.074,1.000,1.002,0.016,0.884,0.118,1.000,0.000,1.000,0.604,0.604,0.398,1.000,0.000,0.000,1.000,0.000,1.000,0.664,0.344,0.254,0.760,0.964,0.052,0.602,0.398,0.038,0.964,0.832,0.168
1791271447,2465.6,17.0383,16.0144,1.0239,1.0239,20,1,0,0.050,0.998,0.824,0.180,1.000,0.014,0.012,0.998,1.000,0.002,1.000,0.904,0.870,0.132,0.268,0.732,0.000,1.002,0.002,1.000,1.002,0.008,0.020,0.998,1.000,0.016,1.002,0.000,0.000,1.000,1.002,0.008
1791271452,2470.6,16.9560,16.0002,0.9558,0.9558,15,1,2,0.046,1.002,0.698,0.308,1.000,0.010,0.004,1.000,0.480,0.522,0.478,0.672,0.684,1.000,0.010,1.000,0.944,0.054,0.000,1.000,0.998,0.006,0.566,0.450,1.000,0.014,0.998,0.002,0.004,1.000,0.998,0.004
1791271457,2475.6,16.7002,16.0043,0.6958,0.6958,18,1,3,0.102,0.994,0.040,0.986,0.490,0.514,0.006,1.002,0.048,0.958,0.252,0.752,0.012,1.000,0.108,1.002,0.860,0.142,0.036,0.976,0.638,0.374,1.000,0.050,0.608,0.406,1.002,0.008,0.972,0.266,0.328,0.776
1791271462,2480.6,16.3843,16.0043,0.3799,0.3799,6,1,0,0.192,0.994,0.834,0.168,0.002,1.000,0.000,1.000,1.000,0.012,0.432,0.598,0.010,1.000,0.068,1.000,0.010,1.000,0.048,0.950,0.640,0.386,1.000,0.010,1.000,0.024,1.000,0.002,1.000,0.000,0.788,0.214
1791271467,2485.6,16.3920,16.0040,0.3879,0.3879,7,1,1,0.164,0.998,1.000,0.016,0.062,1.002,0.000,0.998,0.998,0.012,0.002,1.000,0.032,1.000,0.022,0.998,0.004,1.000,0.000,1.000,1.000,0.010,1.002,0.020,1.000,0.032,1.000,0.004,0.248,0.770,1.000,0.000
1791271472,2490.6,16.4581,16.0103,0.4479,0.4479,56,1,11,0.126,1.000,1.002,0.022,0.718,0.298,0.046,0.964,0.094,0.922,0.368,0.672,0.338,0.676,0.536,0.470,0.552,0.478,0.002,1.000,1.002,0.014,0.802,0.208,1.002,0.026,1.000,0.106,0.218,0.798,1.002,0.014
1791271477,2495.6,16.2623,16.0123,0.2499,0.2499,34,1,0,0.074,1.000,0.094,0.910,1.000,0.032,0.008,0.998,0.724,0.280,0.872,0.132,1.000,0.012,1.000,0.002,0.998,0.000,0.150,0.856,0.998,0.010,1.000,0.010,1.000,0.012,0.366,0.648,0.246,0.826,1.000,0.002
1791271482,2500.6,16.1265,16.0045,0.1220,0.1220,9,1,2,0.006,1.000,0.414,0.598,1.000,0.034,0.320,0.678,0.684,0.316,0.386,0.618,1.002,0.022,0.730,0.270,1.002,0.008,0.834,0.170,1.000,0.008,1.000,0.006,0.256,0.762,0.002,1.002,0.818,0.186,0.628,0.378
1791271487,2505.6,16.7082,16.0044,0.7038,0.7038,156,1,7,0.126,0.960,0.760,0.306,0.516,0.538,0.880,0.162,0.540,0.480,0.998,0.042,0.872,0.172,0.466,0.584,0.446,0.580,0.998,0.022,0.468,0.570,0.454,0.572,0.792,0.246,0.198,0.830,0.818,0.258,0.434,0.616
1791271492,2510.6,16.1280,16.0161,0.1120,0.1120,6,1,0,0.034,1.002,0.696,0.314,0.212,0.796,0.520,0.490,0.414,0.594,1.000,0.002,0.930,0.072,0.002,0.998,0.590,0.412,0.254,0.748,0.004,1.002,0.410,0.600,1.002,0.008,1.002,0.002,0.740,0.276,1.000,0.002
1791271497,2515.6,16.1420,16.0020,0.1400,0.1400,6,1,0,0.030,1.000,0.402,0.604,0.040,0.968,1.000,0.014,0.286,0.720,1.002,0.016,1.000,0.004,0.000,1.000,0.962,0.038,0.748,0.252,0.756,0.244,0.806,0.202,0.998,0.018,0.998,0.008,0.632,0.384,0.936,0.084
1791271502,2520.6,16.0994,16.0115,0.0880,0.0880,9,1,1,0.010,0.994,0.006,1.002,0.406,0.602,0.604,0.396,0.226,0.794,0.800,0.200,1.000,0.014,0.004,1.000,0.460,0.540,1.002,0.000,0.652,0.348,0.002,1.000,1.002,0.008,1.000,0.012,0.012,1.000,0.026,0.974
1791271507,2525.6,16.2621,16.0242,0.2380,0.2380,79,1,1,0.032,1.002,0.922,0.094,0.012,1.002,0.616,0.406,0.140,0.874,1.002,0.014,1.002,0.008,0.150,0.864,0.010,1.002,0.658,0.350,0.010,1.000,0.016,1.000,0.998,0.026,0.938,0.084,0.024,1.002,0.008,1.000
1791271512,2530.6,16.1837,16.0018,0.1820,0.1820,17,1,2,0.040,1.000,0.998,0.012,0.226,0.784,0.680,0.320,0.086,0.920,0.998,0.006,0.998,0.028,0.866,0.136,0.034,0.972,0.008,0.998,0.954,0.054,0.556,0.444,1.002,0.028,1.000,0.010,0.536,0.470,0.010,1.000
1791271517,2535.6,16.1642,16.0063,0.1580,0.1580,11,1,1,0.240,0.816,0.300,0.712,0.292,0.716,0.002,1.000,0.340,0.674,0.870,0.136,1.000,0.018,0.008,1.000,0.144,0.856,0.948,0.056,1.002,0.002,1.000,0.012,1.000,0.022,1.002,0.012,0.836,0.168,0.774,0.226
1791271522,2540.6,16.1079,16.0000,0.1080,0.1080,6,1,0,0.230,0.800,0.116,0.888,0.006,1.000,0.000,0.998,0.890,0.110,0.566,0.458,0.270,0.734,0.016,1.000,0.658,0.344,0.452,0.546,0.806,0.194,1.000,0.014,0.836,0.170,0.246,0.758,0.232,0.770,1.000,0.000
1791271527,2545.6,16.1279,16.0219,0.1060,0.1060,6,1,0,0.092,0.932,0.794,0.206,0.122,0.886,0.000,1.002,0.404,0.600,0.872,0.140,0.934,0.074,0.346,0.664,0.148,0.854,0.350,0.650,0.848,0.152,1.000,0.008,0.570,0.458,0.016,1.000,0.402,0.598,0.650,0.352
1791271532,2550.6,16.2256,16.0096,0.2159,0.2159,62,1,1,0.048,0.994,1.000,0.020,0.726,0.288,0.526,0.482,0.024,1.000,0.408,0.600,1.000,0.016,0.274,0.736,1.000,0.010,1.000,0.014,0.006,1.000,1.000,0.018,0.042,0.968,0.008,1.000,0.012,1.000,0.624,0.388
1791271537,2555.6,16.0963,16.0023,0.0940,0.0940,15,1,0,0.540,0.482,0.494,0.508,0.032,0.974,0.984,0.016,0.530,0.474,0.532,0.468,1.000,0.004,0.936,0.076,1.000,0.000,1.002,0.002,0.206,0.796,1.000,0.002,0.002,1.000,0.026,1.000,0.010,1.000,0.006,1.000
1791271542,2560.6,16.1199,16.0159,0.1040,0.1040,14,1,0,0.324,0.706,0.716,0.290,0.004,1.000,0.484,0.518,0.084,0.926,1.002,0.002,1.002,0.004,0.322,0.692,1.002,0.000,0.670,0.336,0.754,0.248,0.802,0.200,0.006,1.002,0.370,0.630,0.978,0.032,0.978,0.038
1791271547,2565.6,16.1843,16.0104,0.1740,0.1740,8,1,1,0.288,0.736,0.292,0.716,0.372,0.634,0.124,0.878,0.134,0.872,0.874,0.194,1.000,0.004,0.012,1.000,1.000,0.008,0.746,0.252,0.054,0.954,0.842,0.162,0.004,1.000,1.000,0.004,1.000,0.020,1.000,0.014
1791271552,2570.6,16.0873,15.9974,0.0900,0.0900,6,1,0,0.332,0.690,0.912,0.096,0.382,0.624,0.406,0.592,0.676,0.322,0.462,0.540,1.000,0.014,0.008,1.000,0.856,0.142,1.002,0.002,0.000,1.000,0.506,0.494,0.014,0.998,0.564,0.438,1.000,0.004,0.622,0.384
1791271557,2575.6,16.1040,16.0180,0.0860,0.0860,6,1,0,0.140,0.878,0.690,0.316,0.522,0.492,1.002,0.004,0.010,1.002,0.870,0.148,0.072,0.932,0.010,1.002,0.748,0.256,0.050,0.952,0.356,0.646,0.164,0.838,0.966,0.036,0.574,0.430,1.002,0.018,0.778,0.224
1791271562,2580.6,16.2384,16.0005,0.2379,0.2379,34,1,1,0.174,0.908,0.020,0.998,0.292,0.716,1.000,0.012,0.546,0.476,0.016,1.000,0.774,0.238,0.408,0.596,0.998,0.006,0.754,0.254,0.664,0.350,1.000,0.002,0.048,0.968,0.998,0.014,0.998,0.008,1.000,0.000
1791271567,2585.6,16.1140,16.0200,0.0940,0.0940,21,1,0,0.042,1.000,0.006,1.000,0.436,0.572,0.606,0.400,0.878,0.128,0.006,1.000,1.000,0.004,0.004,1.000,0.260,0.744,0.998,0.002,0.954,0.046,0.998,0.002,0.968,0.034,0.472,0.534,1.002,0.006,0.428,0.584
1791271572,2590.6,16.0779,16.0259,0.0520,0.0520,15,1,2,0.012,1.000,0.526,0.474,0.302,0.702,0.174,0.826,0.806,0.204,0.008,0.998,1.000,0.006,0.542,0.462,0.554,0.454,1.000,0.004,1.000,0.006,1.000,0.000,1.000,0.002,0.374,0.626,1.000,0.004,0.796,0.216
1791271577,2595.6,16.1336,15.9917,0.1420,0.1420,11,1,1,0.418,0.604,0.774,0.250,0.006,1.000,0.524,0.478,0.730,0.280,0.932,0.068,1.002,0.012,0.262,0.740,0.086,0.920,1.002,0.014,1.002,0.004,0.644,0.362,1.000,0.008,0.434,0.568,1.000,0.004,0.404,0.596
1791271582,2600.6,16.0699,15.9960,0.0740,0.0740,6,1,0,0.026,0.986,0.132,0.868,0.048,0.956,0.398,0.602,1.000,0.018,1.000,0.002,0.804,0.206,0.746,0.258,0.008,1.002,1.000,0.004,1.000,0.000,0.000,1.000,0.636,0.366,0.004,1.000,1.000,0.014,1.000,0.002
1791271587,2605.6,16.1958,16.0038,0.1919,0.1919,40,1,0,0.086,0.942,0.732,0.300,0.732,0.280,1.000,0.012,1.000,0.022,1.000,0.004,1.000,0.008,0.858,0.144,0.024,0.998,0.654,0.358,0.050,0.956,0.008,1.000,0.840,0.168,0.384,0.628,0.034,0.974,0.024,0.980
1791271592,2610.6,16.1201,16.0161,0.1040,0.1040,13,1,2,0.224,0.796,0.832,0.186,0.788,0.216,0.912,0.100,0.680,0.334,0.272,0.734,0.604,0.402,0.538,0.466,0.158,0.850,0.000,1.002,0.000,1.002,0.008,1.000,0.434,0.568,1.000,0.002,0.780,0.226,0.016,1.002
1791271597,2615.6,16.1379,16.0019,0.1360,0.1360,20,1,0,0.014,1.000,0.124,0.884,0.602,0.402,1.000,0.008,0.958,0.072,0.338,0.678,0.662,0.344,1.002,0.002,1.000,0.012,0.008,1.000,0.006,1.000,0.004,1.000,0.400,0.606,0.476,0.526,1.000,0.002,0.014,1.000
1791271602,2620.6,16.1001,16.0061,0.0940,0.0940,15,1,1,0.018,1.000,0.996,0.002,0.406,0.596,1.000,0.006,0.486,0.530,0.062,0.946,0.378,0.622,0.760,0.240,0.464,0.550,0.012,1.000,0.960,0.040,0.000,1.000,0.004,1.000,1.002,0.002,1.000,0.002,0.200,0.820
1791271607,2625.6,16.1119,16.0259,0.0860,0.0860,16,1,1,0.062,0.950,0.488,0.520,0.484,0.520,1.000,0.006,0.930,0.072,0.138,0.862,1.000,0.004,0.746,0.254,0.756,0.258,0.358,0.648,0.450,0.562,0.008,1.000,0.372,0.634,1.000,0.004,0.824,0.182,0.620,0.392
1791271612,2630.6,16.1118,15.9878,0.1240,0.1240,6,1,0,0.026,1.000,0.004,1.000,0.002,1.000,0.674,0.344,1.000,0.006,1.002,0.000,0.068,0.940,0.660,0.352,1.000,0.010,0.656,0.354,0.402,0.598,0.366,0.638,0.342,0.660,0.830,0.172,0.920,0.096,0.788,0.220
1791271617,2635.6,16.1239,16.0060,0.1180,0.1180,6,1,0,0.210,0.802,0.516,0.498,0.306,0.696,1.000,0.004,1.000,0.020,0.998,0.000,0.258,0.770,0.012,1.000,0.998,0.010,0.364,0.650,0.762,0.240,0.606,0.398,1.000,0.002,0.574,0.426,0.034,0.972,1.000,0.002
1791271622,2640.6,16.2183,15.9963,0.2219,0.2219,15,1,0,0.220,0.820,1.002,0.016,1.000,0.012,1.000,0.000,0.446,0.562,0.668,0.338,0.544,0.462,0.014,1.002,0.062,0.950,1.000,0.040,0.256,0.758,1.002,0.004,1.000,0.006,1.000,0.004,0.388,0.632,0.622,0.388
1791271627,2645.6,16.1139,16.0300,0.0840,0.0840,20,1,0,0.146,0.878,1.000,0.004,1.002,0.004,0.078,0.926,0.000,1.000,0.404,0.600,0.260,0.742,0.552,0.454,0.954,0.052,0.802,0.208,0.760,0.252,0.754,0.250,0.434,0.572,1.000,0.002,1.000,0.022,0.004,1.000
1791271632,2650.6,16.1615,16.0195,0.1420,0.1420,29,1,2,0.166,0.882,0.684,0.322,0.582,0.420,0.924,0.080,0.004,1.000,0.618,0.384,0.036,0.968,0.998,0.004,0.998,0.006,1.000,0.048,0.998,0.006,0.006,1.000,0.240,0.764,1.002,0.004,0.428,0.578,0.586,0.418
1791271637,2655.6,16.2241,15.9862,0.2379,0.2379,38,1,0,0.090,0.982,0.688,0.320,0.980,0.024,0.476,0.530,0.006,1.000,0.068,0.936,0.008,0.998,1.000,0.010,1.000,0.000,1.002,0.018,1.002,0.044,0.012,1.000,0.436,0.570,0.626,0.384,0.586,0.430,0.220,0.784
1791271642,2660.6,17.0579,16.0141,1.0437,1.0437,1152,1,3,0.202,0.968,0.070,0.998,0.328,0.730,0.726,0.326,0.054,1.002,0.066,1.002,0.192,0.868,0.318,0.768,0.664,0.400,0.998,0.058,0.468,0.582,0.620,0.462,0.780,0.288,0.782,0.250,0.342,0.714,0.048,1.000
1791271647,2665.6,17.1351,16.0254,1.1097,1.1097,1223,1,0,0.164,0.988,0.076,0.998,0.072,0.998,1.000,0.064,0.934,0.140,0.756,0.310,0.820,0.256,0.072,1.000,0.862,0.202,1.002,0.064,0.052,0.998,0.054,1.000,0.256,0.790,1.000,0.060,0.610,0.452,0.086,0.984
1791271652,2670.6,17.0801,15.9804,1.0998,1.0998,1246,1,2,0.156,0.998,0.064,1.000,0.058,1.002,1.000,0.050,1.000,0.076,0.960,0.120,0.312,0.746,0.070,1.002,0.088,0.988,0.998,0.056,0.386,0.668,0.066,1.000,0.048,0.998,1.000,0.042,1.000,0.074,0.068,1.000
1791271657,2675.6,17.0478,16.0000,1.0477,1.0477,1270,1,2,0.122,1.002,0.298,0.782,0.068,1.000,1.002,0.060,1.000,0.048,0.656,0.412,0.064,0.998,0.066,0.994,0.396,0.666,1.002,0.078,1.000,0.068,0.062,1.002,0.054,1.002,0.832,0.226,1.002,0.042,0.058,1.000
1791271662,2680.6,17.1181,16.0263,1.0917,1.0917,1289,1,0,0.144,1.002,0.064,1.002,0.738,0.324,1.000,0.070,0.820,0.262,0.054,0.996,0.570,0.482,0.206,0.866,1.000,0.078,1.000,0.062,1.000,0.064,0.072,0.998,0.782,0.274,0.066,0.998,0.084,0.980,0.984,0.082
1791271667,2685.6,17.0659,16.0062,1.0597,1.0597,1167,1,5,0.140,0.998,0.416,0.668,1.000,0.066,1.000,0.070,1.000,0.064,0.054,1.000,0.998,0.050,1.000,0.036,1.000,0.070,0.552,0.506,1.002,0.058,0.060,1.002,0.630,0.436,0.062,1.000,0.062,1.000,0.822,0.240
1791271672,2690.6,16.2324,15.9944,0.2379,0.2379,74,1,3,0.054,0.998,1.000,0.020,0.920,0.084,1.000,0.008,0.270,0.748,0.160,0.864,0.266,0.742,0.456,0.548,1.000,0.018,0.664,0.346,1.000,0.006,0.006,0.998,0.232,0.774,0.052,0.954,0.042,1.000,0.152,0.852
1791271677,2695.6,16.3983,16.0024,0.3960,0.3960,13,1,1,0.184,0.992,0.490,0.516,0.406,0.594,1.000,0.000,0.018,1.000,1.002,0.006,0.176,0.856,0.038,1.002,1.000,0.024,0.756,0.274,0.998,0.008,0.416,0.600,0.574,0.428,1.000,0.002,0.014,1.000,0.218,0.812
1791271682,2700.6,16.3981,16.0162,0.3819,0.3819,6,1,0,0.194,0.996,0.020,1.000,1.000,0.000,1.000,0.004,0.004,1.000,0.998,0.014,1.000,0.002,0.352,0.650,0.862,0.244,1.002,0.032,0.220,0.794,0.000,0.998,1.000,0.000,1.000,0.000,0.008,1.000,0.390,0.612
1791271687,2705.6,16.4460,16.0080,0.4379,0.4379,21,1,1,0.196,0.994,0.028,1.000,1.002,0.008,1.000,0.016,0.228,0.826,0.708,0.380,1.000,0.016,0.966,0.048,0.646,0.358,0.674,0.332,1.000,0.002,0.002,1.000,1.000,0.004,0.026,0.974,0.982,0.022,1.000,0.008
1791271692,2710.6,16.3080,16.0201,0.2879,0.2879,74,1,5,0.094,0.994,0.530,0.498,0.444,0.568,0.480,0.544,0.028,1.000,0.738,0.268,1.000,0.026,1.000,0.022,0.360,0.648,0.380,0.634,1.000,0.008,0.000,1.000,1.000,0.006,0.008,1.000,1.000,0.004,0.482,0.556
1791271697,2715.6,16.0903,15.9923,0.0980,0.0980,10,1,2,0.018,1.002,1.000,0.008,0.086,0.920,0.448,0.552,0.654,0.348,1.000,0.012,0.458,0.544,1.002,0.008,1.000,0.004,0.656,0.348,0.444,0.560,0.002,1.000,0.230,0.772,0.580,0.422,1.000,0.002,0.818,0.198
1791271702,2720.6,16.1242,16.0202,0.1040,0.1040,9,1,2,0.028,0.998,1.000,0.018,0.010,1.000,0.000,1.000,0.014,1.000,1.000,0.022,0.152,0.854,1.000,0.010,0.808,0.202,0.648,0.358,0.000,1.000,0.000,1.002,0.000,1.002,0.998,0.000,1.002,0.002,0.588,0.412
1791271707,2725.6,16.0958,16.0078,0.0880,0.0880,9,1,0,0.020,1.000,0.806,0.216,0.566,0.432,0.332,0.674,0.744,0.264,0.866,0.144,0.998,0.008,0.854,0.160,0.058,0.950,0.998,0.006,0.730,0.272,0.002,1.000,0.572,0.430,0.226,0.776,0.422,0.574,1.000,0.000
1791271712,2730.6,16.1818,16.0139,0.1680,0.1680,16,1,2,0.024,0.998,1.000,0.064,0.346,0.678,0.874,0.128,0.604,0.400,0.162,0.862,0.266,0.738,0.000,1.000,0.016,1.000,1.002,0.010,0.312,0.686,0.000,1.002,1.000,0.000,0.002,0.998,0.002,1.002,1.002,0.000
1791271717,2735.6,16.0721,16.0001,0.0720,0.0720,16,1,1,0.308,0.710,0.094,0.922,0.480,0.526,0.532,0.474,0.956,0.046,0.498,0.506,0.002,1.000,0.000,1.000,0.158,0.850,0.896,0.110,0.296,0.708,0.000,0.998,1.000,0.000,0.000,1.002,0.004,1.000,1.000,0.002
1791271722,2740.6,16.1183,15.9984,0.1200,0.1200,10,1,1,0.210,0.800,0.624,0.406,0.880,0.122,1.000,0.012,0.274,0.730,0.744,0.282,0.544,0.460,0.002,1.000,0.998,0.022,0.732,0.274,0.002,1.000,0.000,1.000,0.230,0.768,0.782,0.218,0.000,1.000,1.000,0.000
1791271727,2745.7,16.0561,16.0101,0.0460,0.0460,7,1,0,0.068,0.936,0.528,0.492,1.002,0.004,1.000,0.006,0.020,0.980,0.066,0.936,0.998,0.006,0.150,0.850,1.002,0.012,0.814,0.190,0.000,1.000,0.002,1.000,0.000,1.000,1.000,0.000,0.180,0.820,1.000,0.002
1791271732,2750.7,16.0994,16.0295,0.0700,0.0700,8,1,1,0.300,0.712,0.728,0.286,0.608,0.412,0.802,0.204,0.002,1.002,0.936,0.066,0.858,0.158,1.000,0.002,1.000,0.012,0.758,0.246,0.002,1.000,0.002,1.000,0.262,0.740,0.428,0.574,0.622,0.382,1.002,0.000
1791271737,2755.7,16.0722,16.0002,0.0720,0.0720,6,1,0,0.238,0.774,1.002,0.016,0.276,0.728,0.608,0.402,0.022,0.980,1.002,0.006,0.548,0.458,1.000,0.000,1.000,0.012,1.000,0.004,0.000,1.002,0.002,1.002,0.432,0.570,0.000,1.000,0.002,0.998,0.998,0.000
1791271742,2760.7,16.0780,16.0021,0.0760,0.0760,8,1,1,0.008,1.000,0.608,0.406,0.210,0.794,1.000,0.014,0.402,0.596,0.460,0.542,0.272,0.742,0.810,0.192,1.000,0.016,0.980,0.020,0.966,0.034,0.000,0.998,0.176,0.826,0.002,1.000,0.000,1.000,0.616,0.386
1791271747,2765.7,16.1220,16.0160,0.1060,0.1060,20,1,0,0.012,1.000,1.000,0.020,0.154,0.850,1.000,0.020,0.742,0.262,0.002,1.002,0.010,1.000,1.000,0.000,0.646,0.360,1.002,0.012,1.002,0.004,0.372,0.634,0.628,0.378,0.006,1.000,0.786,0.216,0.594,0.408
1791271752,2770.7,16.0960,16.0000,0.0960,0.0960,20,1,3,0.214,0.798,0.880,0.138,0.602,0.398,0.080,0.928,0.998,0.006,0.006,1.000,0.018,0.998,1.000,0.000,0.000,1.000,1.000,0.022,0.856,0.144,0.630,0.372,0.010,1.000,0.178,0.822,0.222,0.780,0.998,0.002
1791271757,2775.7,16.0738,16.0118,0.0620,0.0620,8,1,0,0.024,0.998,0.014,1.000,0.880,0.120,0.972,0.038,1.002,0.000,0.004,0.998,0.610,0.398,1.002,0.002,0.000,1.000,1.000,0.010,1.002,0.004,0.206,0.796,0.774,0.226,1.000,0.000,0.000,1.000,1.002,0.000
1791271762,2780.7,16.0918,16.0038,0.0880,0.0880,8,1,1,0.016,1.002,0.730,0.286,0.470,0.534,1.004,0.010,0.200,0.800,0.746,0.258,0.000,1.002,0.848,0.166,0.956,0.048,1.000,0.014,0.998,0.004,0.000,1.002,1.002,0.000,0.222,0.778,0.188,0.814,1.000,0.000
1791271767,2785.7,16.0680,16.0080,0.0600,0.0600,6,1,0,0.016,1.000,0.688,0.324,0.004,0.996,0.472,0.532,1.000,0.006,0.604,0.398,0.746,0.252,0.008,1.000,0.914,0.084,1.000,0.006,0.838,0.170,0.598,0.406,0.830,0.170,0.000,1.000,1.002,0.000,1.000,0.000
1791271772,2790.7,16.0665,16.0045,0.0620,0.0620,9,1,1,0.008,1.000,0.996,0.016,0.928,0.072,0.336,0.672,0.466,0.542,0.062,0.940,1.000,0.006,0.014,1.000,0.444,0.558,1.000,0.010,0.600,0.400,1.000,0.006,0.000,1.000,0.582,0.420,0.998,0.002,1.000,0.000
1791271777,2795.7,16.0743,15.9963,0.0780,0.0780,13,1,0,0.242,0.784,0.880,0.132,0.998,0.004,0.998,0.008,0.002,1.000,0.004,1.000,0.654,0.346,0.006,1.000,0.756,0.244,1.000,0.006,0.002,0.998,1.000,0.002,0.000,1.000,1.002,0.000,1.000,0.000,0.014,0.986
1791271782,2800.7,16.1099,16.0280,0.0820,0.0820,16,1,1,0.022,0.998,0.882,0.134,0.876,0.126,0.672,0.334,0.744,0.266,0.000,1.000,0.002,1.002,0.568,0.448,0.248,0.758,1.000,0.014,0.006,1.002,0.886,0.118,0.244,0.756,1.000,0.002,0.820,0.184,0.000,1.000
1791271787,2805.7,16.0718,16.0038,0.0680,0.0680,6,1,0,0.356,0.666,0.998,0.016,0.128,0.874,0.736,0.266,1.000,0.006,0.944,0.056,0.190,0.810,1.000,0.000,0.006,1.000,1.002,0.010,0.372,0.632,1.000,0.006,0.630,0.376,0.420,0.580,0.388,0.610,0.000,1.002
1791271792,2810.7,16.0839,16.0020,0.0820,0.0820,8,1,1,0.416,0.602,0.804,0.212,0.872,0.128,1.000,0.006,1.000,0.010,1.000,0.000,0.802,0.198,0.998,0.000,0.008,1.002,1.000,0.024,0.238,0.762,0.668,0.336,0.000,1.002,0.208,0.792,1.000,0.000,0.002,1.000
1791271797,2815.7,16.0898,16.0138,0.0760,0.0760,6,1,0,0.312,0.696,0.604,0.412,0.132,0.872,0.406,0.610,0.672,0.340,1.000,0.002,1.000,0.004,0.252,0.754,0.364,0.640,1.002,0.016,0.168,0.832,0.858,0.144,0.578,0.422,0.000,1.000,1.000,0.000,0.592,0.410
1791271802,2820.7,16.0736,15.9996,0.0740,0.0740,8,1,1,0.096,0.918,0.612,0.406,1.000,0.002,0.670,0.334,0.340,0.668,1.002,0.002,1.000,0.002,0.150,0.848,0.602,0.398,0.998,0.018,1.000,0.000,1.000,0.002,1.000,0.000,0.002,1.002,1.002,0.002,0.414,0.586
1791271807,2825.7,16.1000,16.0220,0.0780,0.0780,21,1,0,0.160,0.854,0.608,0.404,0.662,0.344,0.538,0.468,1.002,0.012,0.604,0.402,1.000,0.014,1.002,0.004,1.002,0.000,0.044,0.958,1.000,0.002,1.000,0.016,1.000,0.006,0.004,1.000,0.998,0.000,0.606,0.398
1791271812,2830.7,16.0841,15.9981,0.0860,0.0860,18,1,3,0.238,0.772,1.000,0.018,0.992,0.006,1.002,0.000,1.000,0.012,0.998,0.000,0.304,0.700,0.406,0.600,1.000,0.000,0.002,1.004,1.002,0.004,1.002,0.014,1.002,0.004,0.004,1.002,1.002,0.000,0.194,0.808
1791271817,2835.7,16.1299,16.0080,0.1220,0.1220,9,1,0,0.472,0.584,0.484,0.530,0.804,0.200,1.000,0.004,0.064,0.938,1.002,0.008,1.000,0.000,0.858,0.140,1.000,0.000,0.562,0.442,0.808,0.214,0.628,0.376,0.024,0.976,0.070,0.934,1.000,0.002,1.000,0.002
1791271822,2840.7,16.0614,16.0075,0.0540,0.0540,8,1,1,0.328,0.682,0.016,1.000,0.808,0.194,1.002,0.000,0.138,0.862,0.802,0.204,0.404,0.598,0.852,0.158,1.000,0.002,0.362,0.638,1.000,0.000,1.002,0.004,0.978,0.032,0.920,0.084,1.000,0.000,0.256,0.740
1791271827,2845.7,16.0657,16.0117,0.0540,0.0540,6,1,0,0.452,0.554,0.012,1.002,0.872,0.130,0.282,0.716,1.000,0.000,0.606,0.398,0.812,0.198,0.006,1.002,1.000,0.000,1.000,0.002,0.976,0.040,0.028,0.974,1.002,0.002,0.208,0.794,1.002,0.000,1.002,0.000
1791271832,2850.7,16.0760,16.0101,0.0660,0.0660,9,1,1,0.818,0.204,0.024,0.994,0.002,1.000,0.002,1.000,1.000,0.002,0.998,0.000,0.606,0.404,0.404,0.596,0.046,0.956,0.840,0.164,0.998,0.002,0.576,0.430,0.998,0.008,0.622,0.382,0.998,0.002,0.998,0.000
1791271837,2855.7,16.0613,16.0233,0.0380,0.0380,14,1,0,0.364,0.642,0.014,1.000,0.010,0.992,0.000,1.000,1.000,0.002,1.002,0.000,0.456,0.550,0.756,0.246,0.002,1.000,0.364,0.640,0.982,0.038,0.998,0.000,0.810,0.196,0.000,1.002,1.002,0.000,0.410,0.594
1791271842,2860.7,16.0981,15.9961,0.1020,0.1020,15,1,1,0.422,0.608,0.142,0.874,0.610,0.392,0.402,0.598,1.002,0.002,0.996,0.008,0.164,0.850,1.000,0.004,0.602,0.398,0.998,0.000,0.636,0.366,0.634,0.376,0.828,0.186,0.986,0.016,0.412,0.588,0.000,1.000
1791271847,2865.7,16.0743,16.0003,0.0740,0.0740,6,1,0,0.256,0.762,0.804,0.212,0.070,0.930,0.138,0.862,1.000,0.002,0.406,0.594,1.000,0.000,0.452,0.554,0.002,1.000,0.604,0.398,0.572,0.428,0.604,0.412,0.010,1.000,0.416,0.582,0.000,1.000,0.000,1.000
1791271852,2870.7,16.0642,16.0042,0.0600,0.0600,8,1,1,0.210,0.804,0.608,0.404,0.734,0.272,0.466,0.534,0.184,0.816,0.998,0.002,1.000,0.006,0.606,0.398,0.000,1.000,0.254,0.744,0.602,0.398,0.178,0.826,0.982,0.034,0.002,1.000,0.000,1.000,0.002,1.000
1791271857,2875.7,16.0720,16.0060,0.0660,0.0660,6,1,0,0.474,0.532,1.000,0.018,0.876,0.124,0.536,0.466,0.546,0.458,1.002,0.000,1.000,0.006,0.562,0.446,0.396,0.606,0.002,1.000,0.834,0.166,0.832,0.186,0.824,0.190,0.984,0.018,0.588,0.412,0.100,0.900
1791271862,2880.7,16.0758,16.0118,0.0640,0.0640,8,1,1,0.380,0.626,1.002,0.014,0.134,0.868,0.264,0.738,1.000,0.002,0.456,0.546,0.414,0.596,1.002,0.002,0.400,0.600,0.000,1.002,0.782,0.220,0.410,0.598,0.020,1.000,1.000,0.000,0.018,0.988,0.002,1.000
1791271867,2885.7,16.1024,16.0124,0.0900,0.0900,20,1,0,0.598,0.424,0.878,0.140,1.000,0.000,0.002,0.998,0.470,0.534,0.950,0.052,0.256,0.754,0.998,0.006,1.000,0.002,0.970,0.034,0.974,0.028,0.778,0.236,0.006,1.000,1.002,0.008,0.002,0.998,0.004,1.000
1791271872,2890.7,16.0862,16.0042,0.0820,0.0820,18,1,3,0.518,0.506,0.216,0.798,1.000,0.002,0.458,0.544,0.738,0.260,1.000,0.002,0.160,0.850,1.002,0.002,0.842,0.158,0.036,0.966,1.000,0.004,0.432,0.576,0.006,1.002,0.816,0.192,0.002,1.002,0.002,1.000
1791271877,2895.7,16.0660,16.0140,0.0520,0.0520,9,1,0,0.616,0.392,0.014,1.000,0.670,0.334,0.650,0.350,0.644,0.358,1.000,0.002,0.998,0.004,0.046,0.952,0.202,0.804,0.364,0.636,0.834,0.164,0.014,1.002,0.104,0.908,0.386,0.618,0.000,1.000,0.000,1.000
1791271882,2900.7,16.0761,16.0021,0.0740,0.0740,8,1,1,0.466,0.542,0.012,1.000,0.740,0.264,0.000,1.002,0.212,0.790,0.606,0.394,1.000,0.000,0.160,0.846,1.000,0.008,1.002,0.000,0.002,1.002,0.006,1.000,1.000,0.006,1.002,0.012,0.000,1.000,0.532,0.470
1791271887,2905.7,16.0618,15.9998,0.0620,0.0620,6,1,0,0.564,0.440,0.010,1.000,0.008,0.996,0.004,0.998,0.480,0.522,0.972,0.028,1.002,0.002,0.842,0.160,0.638,0.366,0.604,0.400,0.374,0.626,0.594,0.422,1.000,0.002,0.620,0.388,0.002,1.000,0.608,0.392
1791271892,2910.7,16.0781,16.0042,0.0740,0.0740,9,1,1,0.432,0.578,0.342,0.674,0.600,0.400,0.206,0.796,0.604,0.398,1.000,0.004,1.000,0.000,0.006,1.000,0.000,0.998,0.234,0.766,0.038,0.972,0.606,0.416,1.000,0.000,0.014,1.000,0.050,0.952,0.394,0.606
1791271897,2915.7,16.0656,16.0256,0.0400,0.0400,13,1,0,0.412,0.594,1.000,0.012,0.404,0.594,0.208,0.796,0.000,1.000,0.052,0.950,1.000,0.002,0.004,1.002,0.002,1.002,0.002,1.002,0.006,1.000,1.002,0.008,1.002,0.000,0.010,1.000,1.000,0.002,1.000,0.000
1791271902,2920.7,16.0697,16.0017,0.0680,0.0680,16,1,1,0.482,0.522,0.290,0.722,0.208,0.796,0.004,1.000,0.000,1.000,0.002,0.998,1.000,0.002,0.406,0.600,0.000,1.000,0.000,1.000,0.574,0.428,0.998,0.028,0.420,0.582,0.410,0.598,1.000,0.004,1.000,0.002
1791271907,2925.7,16.0683,16.0023,0.0660,0.0660,6,1,0,0.024,0.992,0.536,0.478,0.022,0.976,0.000,1.002,0.000,1.002,0.152,0.850,1.000,0.002,0.002,0.998,0.964,0.038,0.000,1.002,1.000,0.000,1.002,0.016,0.004,1.000,0.002,1.002,0.838,0.168,1.000,0.000
1791271912,2930.7,16.1036,16.0316,0.0720,0.0720,8,1,1,0.094,0.920,1.002,0.014,0.284,0.722,0.002,1.000,0.004,1.000,1.000,0.022,1.002,0.000,0.006,1.002,0.602,0.398,0.002,0.998,1.002,0.002,1.000,0.012,0.002,1.000,0.002,1.000,1.002,0.010,0.812,0.190
1791271917,2935.7,16.0725,15.9945,0.0780,0.0780,7,1,0,0.210,0.796,0.286,0.728,0.934,0.064,0.540,0.460,0.006,1.000,1.000,0.006,0.800,0.202,0.964,0.040,0.478,0.524,0.004,1.000,1.000,0.000,1.000,0.008,0.002,1.002,0.102,0.902,1.000,0.020,0.008,0.994
1791271922,2940.7,16.0701,16.0101,0.0600,0.0600,9,1,1,0.364,0.644,0.012,1.000,1.000,0.002,0.800,0.198,0.144,0.856,1.000,0.014,0.096,0.908,1.002,0.000,0.640,0.360,0.000,1.000,0.998,0.000,1.000,0.008,0.008,0.998,0.002,0.998,1.000,0.010,1.000,0.000
1791271927,2945.7,16.1003,16.0503,0.0500,0.0500,21,1,0,0.198,0.820,0.022,1.000,0.472,0.530,1.000,0.000,0.606,0.398,0.058,0.948,0.752,0.254,0.250,0.760,0.964,0.038,0.006,1.002,0.632,0.370,0.632,0.374,0.382,0.620,0.010,1.002,1.000,0.012,0.406,0.596
1791271932,2950.7,16.0863,16.0023,0.0840,0.0840,18,1,3,0.006,1.000,0.084,0.930,0.002,1.000,0.666,0.342,0.858,0.144,0.004,1.000,0.256,0.752,0.764,0.244,1.000,0.002,0.002,1.000,0.360,0.644,0.014,1.000,1.002,0.000,0.206,0.796,1.002,0.014,0.598,0.404
1791271937,2955.7,16.0748,16.0128,0.0620,0.0620,9,1,0,0.016,0.998,0.012,1.000,0.002,1.000,0.606,0.392,0.348,0.654,0.948,0.052,0.162,0.844,0.174,0.826,1.000,0.000,0.000,1.000,0.000,0.998,0.008,1.000,1.000,0.000,0.002,0.998,1.000,0.020,0.806,0.196
1791271942,2960.7,16.0798,16.0038,0.0760,0.0760,9,1,1,0.530,0.484,0.024,0.988,0.436,0.566,0.000,1.002,1.000,0.002,0.060,0.942,1.000,0.024,1.000,0.000,0.604,0.396,0.004,1.000,0.752,0.250,0.008,1.000,1.000,0.004,0.586,0.414,0.998,0.008,0.008,0.998
1791271947,2965.7,16.0597,16.0117,0.0480,0.0480,6,1,0,0.198,0.808,0.016,1.002,1.000,0.000,0.002,1.002,0.062,0.940,0.000,1.000,0.998,0.006,0.840,0.162,0.240,0.758,0.002,1.000,1.000,0.000,0.382,0.624,1.000,0.002,0.016,0.984,1.000,0.010,0.602,0.408
1791271952,2970.7,16.1000,16.0040,0.0960,0.0960,9,1,1,0.008,1.002,0.018,1.000,0.470,0.536,0.942,0.060,0.002,1.000,0.004,1.002,1.004,0.016,0.362,0.642,0.002,1.002,0.002,1.000,0.026,0.974,1.000,0.000,0.020,0.982,0.594,0.420,0.758,0.254,0.004,1.002
1791271957,2975.7,16.0877,16.0157,0.0720,0.0720,13,1,0,0.030,1.000,0.932,0.080,0.338,0.666,1.000,0.000,0.386,0.616,0.948,0.052,0.998,0.010,1.002,0.004,0.162,0.836,0.774,0.232,0.374,0.628,0.998,0.000,0.002,1.000,1.000,0.004,1.002,0.018,0.402,0.598
1791271962,2980.7,16.0754,16.0014,0.0740,0.0740,16,1,1,0.002,0.998,1.000,0.014,0.206,0.792,1.000,0.000,1.000,0.004,0.856,0.146,0.412,0.596,0.042,0.958,0.924,0.076,0.838,0.166,1.000,0.000,1.002,0.006,0.002,1.000,1.000,0.016,0.998,0.016,0.998,0.002
1791271967,2985.7,16.0794,16.0174,0.0620,0.0620,6,1,0,0.216,0.796,1.002,0.014,1.002,0.000,0.060,0.942,0.858,0.140,0.750,0.252,1.002,0.006,0.962,0.042,0.238,0.764,0.004,1.002,1.000,0.002,0.624,0.378,0.002,1.000,0.816,0.192,1.002,0.020,0.606,0.400
1791271972,2990.7,16.0973,16.0134,0.0840,0.0840,8,1,1,0.474,0.550,0.212,0.802,1.000,0.004,0.000,1.000,0.002,1.000,1.000,0.002,0.254,0.764,0.026,0.980,0.610,0.392,0.000,1.000,1.000,0.000,0.002,1.000,0.000,1.000,0.072,0.936,0.916,0.098,0.802,0.200
1791271977,2995.7,16.0559,15.9999,0.0560,0.0560,6,1,0,0.076,0.926,0.690,0.322,0.466,0.536,0.946,0.058,0.746,0.254,1.000,0.000,0.362,0.646,0.002,1.000,0.166,0.834,0.288,0.714,0.232,0.772,0.000,1.000,0.784,0.216,0.390,0.616,1.000,0.010,1.002,0.008
1791271982,3000.7,16.0862,16.0102,0.0760,0.0760,9,1,1,0.104,0.902,0.610,0.408,0.046,0.954,1.002,0.000,0.878,0.124,1.000,0.000,0.850,0.170,0.766,0.240,0.636,0.364,0.002,1.000,0.610,0.392,0.386,0.618,0.418,0.584,1.002,0.010,1.002,0.012,1.000,0.006
1791271987,3005.7,16.1161,16.0181,0.0980,0.0980,20,1,0,0.014,1.000,0.016,1.000,0.002,1.000,0.198,0.800,0.858,0.146,1.002,0.006,0.024,0.998,0.840,0.168,0.564,0.438,0.004,1.000,0.222,0.782,0.998,0.006,0.002,0.998,0.998,0.006,0.998,0.006,1.000,0.012
1791271992,3010.7,16.1500,16.0021,0.1480,0.1480,19,1,3,0.034,1.002,0.350,0.670,0.002,1.000,1.000,0.000,0.952,0.066,0.998,0.000,0.956,0.052,0.012,0.998,0.212,0.792,0.008,1.000,1.000,0.002,1.002,0.000,0.006,1.002,1.000,0.020,1.000,0.008,1.000,0.008
1791271997,3015.7,16.1096,16.0196,0.0900,0.0900,9,1,0,0.030,1.000,0.766,0.256,0.208,0.796,0.862,0.140,0.656,0.342,0.936,0.066,0.464,0.558,0.966,0.038,0.234,0.766,0.000,1.000,0.406,0.598,1.000,0.002,0.000,0.998,1.002,0.008,0.280,0.726,0.806,0.210
1791272002,3020.7,16.0600,16.0000,0.0600,0.0600,8,1,1,0.244,0.756,1.002,0.016,0.008,1.000,0.138,0.860,0.346,0.656,0.252,0.750,0.756,0.248,1.000,0.002,0.002,1.002,0.002,1.002,0.872,0.130,0.424,0.578,0.406,0.598,1.000,0.008,1.002,0.004,0.000,1.000
1791272007,3025.7,16.0740,16.0060,0.0680,0.0680,6,1,0,0.154,0.862,0.990,0.022,0.806,0.200,0.462,0.542,1.002,0.000,0.206,0.794,1.000,0.018,1.000,0.000,0.770,0.232,0.208,0.794,1.000,0.002,0.002,0.998,0.788,0.214,0.820,0.188,0.858,0.142,0.862,0.142
1791272012,3030.7,16.0563,16.0003,0.0560,0.0560,10,1,1,0.478,0.528,0.616,0.402,0.054,0.952,0.942,0.060,0.998,0.000,0.000,1.000,0.248,0.752,0.442,0.564,1.000,0.000,0.380,0.626,0.998,0.002,0.002,1.002,1.000,0.000,0.802,0.208,1.000,0.006,0.998,0.002
1791272017,3035.7,16.0978,16.0038,0.0940,0.0940,16,1,1,0.544,0.466,0.498,0.520,0.744,0.260,1.002,0.014,1.002,0.002,0.556,0.444,0.960,0.042,0.612,0.394,1.002,0.002,1.002,0.016,1.002,0.004,0.778,0.220,1.000,0.000,0.612,0.396,0.606,0.394,0.606,0.394
1791272022,3040.7,16.0741,16.0181,0.0560,0.0560,16,1,1,0.178,0.826,0.330,0.684,0.066,0.936,1.000,0.006,1.000,0.004,0.810,0.198,0.572,0.432,0.004,1.000,0.998,0.002,0.792,0.222,0.606,0.398,0.022,0.980,1.002,0.002,0.010,0.998,1.000,0.004,0.000,1.000
1791272027,3045.7,16.1363,16.0103,0.1260,0.1260,6,1,0,0.072,0.994,0.014,1.000,0.600,0.398,0.056,0.944,0.750,0.266,1.000,0.002,0.156,0.846,0.424,0.578,1.002,0.000,1.000,0.014,1.002,0.002,0.378,0.624,1.000,0.000,0.004,1.000,1.000,0.012,0.000,1.002
1791272032,3050.7,16.0694,16.0074,0.0620,0.0620,8,1,1,0.006,0.998,0.542,0.474,0.862,0.140,0.946,0.054,0.008,0.996,0.458,0.540,0.844,0.168,0.802,0.202,0.034,0.966,0.994,0.014,0.840,0.160,1.004,0.002,1.000,0.004,0.008,1.002,0.020,0.984,0.602,0.400
1791272037,3055.7,16.0581,16.0101,0.0480,0.0480,6,1,0,0.002,0.998,0.406,0.608,0.140,0.860,0.058,0.942,0.528,0.480,0.354,0.652,0.960,0.040,0.244,0.760,0.770,0.232,1.000,0.020,0.770,0.232,1.000,0.000,1.000,0.000,0.200,0.808,0.010,1.000,1.000,0.000
1791272042,3060.7,16.0761,16.0001,0.0760,0.0760,9,1,1,0.036,0.974,0.274,0.736,0.952,0.046,0.000,1.002,0.176,0.826,1.000,0.004,0.978,0.024,0.964,0.038,0.832,0.168,1.000,0.022,0.424,0.578,0.216,0.784,0.810,0.186,1.000,0.012,0.798,0.206,0.602,0.402
1791272047,3065.7,16.0900,16.0160,0.0740,0.0740,22,1,0,0.316,0.692,0.210,0.804,0.006,0.998,0.002,1.000,0.280,0.726,1.000,0.016,1.002,0.000,0.998,0.006,0.566,0.438,0.830,0.176,0.370,0.638,0.000,1.000,0.068,0.936,0.410,0.598,0.428,0.578,0.606,0.394
1791272052,3070.7,16.0946,16.0087,0.0860,0.0860,17,1,3,0.132,0.876,0.546,0.470,0.176,0.826,0.404,0.596,0.008,1.000,1.000,0.010,0.998,0.004,0.630,0.376,1.000,0.000,0.014,1.002,0.824,0.180,0.002,1.002,0.196,0.808,0.014,1.002,0.000,1.000,0.050,0.952
1791272057,3075.7,16.0803,16.0043,0.0760,0.0760,9,1,0,0.014,1.000,0.210,0.806,0.262,0.736,0.002,1.000,0.004,1.000,0.450,0.564,1.000,0.000,0.778,0.234,1.002,0.000,0.008,1.000,0.004,1.000,0.002,0.998,0.616,0.386,0.008,1.000,0.804,0.198,0.404,0.598
1791272062,3080.7,16.0721,16.0042,0.0680,0.0680,5,2,1,0.018,1.000,0.870,0.142,0.750,0.250,0.548,0.454,0.006,1.000,0.354,0.646,0.442,0.560,0.044,0.962,0.632,0.368,0.014,1.000,0.182,0.818,0.982,0.018,0.000,1.000,0.010,1.000,0.404,0.600,0.600,0.400
1791272067,3085.7,16.0623,16.0063,0.0560,0.0560,4,1,0,0.338,0.672,0.012,1.002,0.466,0.536,0.602,0.398,0.002,1.000,0.726,0.274,0.000,1.002,0.576,0.436,0.774,0.230,0.012,1.000,1.000,0.004,1.000,0.002,0.000,1.000,0.794,0.208,0.006,1.000,0.000,1.000
1791272072,3090.7,16.0840,16.0220,0.0620,0.0620,9,1,1,0.040,0.962,0.022,0.992,0.850,0.152,0.654,0.346,0.242,0.766,0.648,0.354,0.002,0.998,1.000,0.010,1.000,0.000,0.020,1.000,1.000,0.000,1.002,0.002,0.000,1.002,1.000,0.004,0.008,1.000,0.406,0.598
1791272077,3095.7,16.0611,16.0031,0.0580,0.0580,14,1,0,0.254,0.752,0.014,1.000,0.460,0.540,0.000,1.002,0.002,0.998,0.448,0.554,0.000,1.000,0.208,0.796,1.000,0.010,0.014,0.998,0.224,0.778,0.998,0.000,0.792,0.210,1.000,0.004,0.010,1.000,0.604,0.396
1791272082,3100.7,16.0971,16.0251,0.0720,0.0720,15,1,1,0.088,0.920,0.412,0.604,0.004,1.000,0.004,1.000,0.004,1.000,0.762,0.242,0.562,0.440,1.000,0.000,1.002,0.012,0.978,0.044,0.548,0.454,0.216,0.786,0.940,0.060,1.000,0.000,0.016,1.000,0.198,0.806
1791272087,3105.7,16.0620,15.9860,0.0760,0.0760,6,1,0,0.016,0.998,0.614,0.400,0.658,0.342,0.000,1.000,0.216,0.790,1.000,0.000,0.406,0.594,1.000,0.002,0.998,0.012,1.000,0.006,1.000,0.002,0.000,1.000,1.000,0.002,1.000,0.000,0.408,0.600,0.008,0.994
1791272092,3110.7,16.0721,16.0101,0.0620,0.0620,9,1,1,0.012,1.002,0.410,0.600,0.004,1.000,0.000,1.000,0.398,0.606,1.000,0.000,0.200,0.804,1.000,0.000,1.000,0.014,1.000,0.002,0.622,0.388,0.188,0.814,0.016,0.988,1.000,0.002,1.000,0.006,0.198,0.802
1791272097,3115.7,16.0697,16.0017,0.0680,0.0680,6,1,0,0.004,1.000,0.344,0.668,0.436,0.570,0.000,1.000,0.154,0.848,1.000,0.000,1.002,0.000,1.000,0.000,1.002,0.012,0.234,0.774,0.584,0.420,1.002,0.002,0.002,1.000,1.002,0.000,0.804,0.204,0.004,1.002
1791272102,3120.7,16.0875,16.0156,0.0720,0.0720,9,1,1,0.014,0.998,0.474,0.552,0.404,0.596,0.404,0.598,0.128,0.878,1.000,0.000,0.998,0.004,1.000,0.000,1.000,0.008,0.014,0.998,0.420,0.582,0.998,0.000,0.002,1.000,1.000,0.002,0.998,0.002,0.162,0.848
1791272107,3125.7,16.1121,16.0121,0.1000,0.1000,19,1,0,0.018,1.000,0.028,1.000,0.608,0.400,0.686,0.316,0.356,0.646,0.604,0.398,0.444,0.556,1.002,0.002,1.000,0.004,0.020,1.000,0.012,1.002,1.002,0.002,0.010,1.000,1.000,0.000,0.828,0.174,1.000,0.012
1791272112,3130.7,16.0717,16.0177,0.0540,0.0540,17,1,3,0.012,0.998,0.544,0.470,0.144,0.858,0.006,0.998,0.894,0.106,1.000,0.002,0.800,0.202,0.998,0.000,0.998,0.014,0.776,0.228,0.602,0.398,0.416,0.584,0.002,1.000,0.806,0.198,1.002,0.010,1.000,0.004
1791272117,3135.7,16.0800,16.0061,0.0740,0.0740,10,1,0,0.436,0.574,0.982,0.032,0.002,1.000,0.006,1.002,1.000,0.000,0.844,0.162,0.208,0.794,0.606,0.398,0.034,0.968,1.002,0.020,0.006,1.000,0.990,0.012,0.192,0.810,0.000,1.000,0.804,0.202,0.798,0.208
1791272122,3140.7,16.0745,16.0025,0.0720,0.0720,8,1,1,0.010,1.000,0.608,0.402,0.950,0.052,0.002,1.000,0.252,0.750,0.960,0.042,0.406,0.594,0.034,0.966,0.000,1.002,0.270,0.738,0.012,1.000,0.616,0.386,1.000,0.006,0.596,0.406,0.606,0.406,0.002,0.998
1791272127,3145.7,16.0663,15.9963,0.0700,0.0700,6,1,0,0.214,0.802,1.000,0.012,0.256,0.748,0.948,0.052,0.000,1.000,1.000,0.000,0.992,0.008,0.000,1.000,0.776,0.224,1.000,0.018,0.042,0.968,0.002,1.000,1.000,0.002,0.602,0.398,1.002,0.004,0.006,1.002
1791272132,3150.7,16.0794,16.0274,0.0520,0.0520,9,1,1,0.012,1.002,0.998,0.014,0.930,0.076,0.604,0.396,0.000,1.000,1.000,0.000,0.640,0.362,0.004,1.002,1.000,0.002,0.650,0.360,0.386,0.626,0.992,0.012,1.002,0.004,0.204,0.798,1.000,0.004,0.604,0.394
1791272137,3155.7,16.0765,16.0045,0.0720,0.0720,14,1,0,0.012,0.998,0.862,0.154,0.540,0.466,0.604,0.398,0.206,0.796,1.000,0.000,0.000,1.002,0.000,1.000,0.432,0.568,0.842,0.174,1.000,0.010,0.014,0.984,0.998,0.004,0.000,1.000,1.000,0.014,1.000,0.004
1791272142,3160.7,16.0720,15.9940,0.0780,0.0780,15,1,1,0.012,1.000,0.352,0.662,1.000,0.002,1.000,0.002,0.558,0.442,1.000,0.000,0.002,1.000,0.002,1.000,0.002,1.000,0.936,0.068,1.000,0.014,0.812,0.192,1.002,0.000,0.002,0.998,0.208,0.802,1.002,0.004
1791272147,3165.8,16.0601,16.0281,0.0320,0.0320,6,1,0,0.466,0.540,1.000,0.012,1.000,0.006,0.606,0.396,0.998,0.004,0.440,0.562,0.368,0.632,0.204,0.794,0.000,1.000,1.002,0.010,1.000,0.004,0.814,0.200,0.602,0.398,0.404,0.600,0.006,0.998,0.792,0.208
1791272152,3170.8,16.0698,15.9899,0.0800,0.0800,9,1,1,0.212,0.802,0.472,0.542,0.854,0.148,0.998,0.000,0.408,0.594,0.364,0.638,0.638,0.362,0.000,1.000,0.576,0.426,0.998,0.004,0.130,0.886,0.800,0.204,0.810,0.192,0.196,0.804,0.002,1.000,0.008,1.002
1791272157,3175.8,16.0738,16.0118,0.0620,0.0620,6,1,0,0.086,0.916,0.744,0.270,0.548,0.458,0.676,0.328,0.998,0.000,0.998,0.004,0.564,0.436,0.736,0.266,1.000,0.000,0.420,0.602,0.390,0.622,0.998,0.004,0.002,1.000,0.406,0.596,0.580,0.422,0.010,1.000
1791272162,3180.8,16.0922,16.0022,0.0900,0.0900,9,1,1,0.010,1.000,0.464,0.540,0.070,0.946,0.398,0.604,0.646,0.356,1.002,0.000,0.434,0.568,1.000,0.002,1.000,0.000,0.826,0.182,1.000,0.002,1.002,0.024,0.002,1.000,0.000,1.000,1.002,0.004,0.614,0.392
1791272167,3185.8,16.1143,16.0303,0.0840,0.0840,20,1,0,0.190,0.820,0.004,1.002,0.016,1.000,1.002,0.004,0.006,0.998,0.474,0.526,0.002,0.998,1.000,0.000,0.626,0.378,0.020,1.002,1.000,0.018,0.216,0.786,0.004,1.002,0.404,0.600,0.794,0.220,0.998,0.014
1791272172,3190.8,16.0759,16.0080,0.0680,0.0680,17,1,3,0.180,0.824,0.008,1.000,0.754,0.262,0.998,0.004,0.000,1.002,0.002,1.000,0.002,1.000,0.234,0.768,0.378,0.624,0.780,0.224,0.104,0.910,0.000,1.000,0.002,0.998,1.000,0.000,0.744,0.260,1.000,0.012
1791272177,3195.8,16.0918,15.9999,0.0920,0.0920,9,1,0,0.594,0.422,0.550,0.458,0.664,0.350,0.604,0.400,0.956,0.046,0.162,0.838,0.000,1.000,0.772,0.228,1.000,0.000,0.606,0.416,0.588,0.428,0.994,0.010,0.602,0.400,0.404,0.598,1.000,0.006,1.002,0.004
1791272182,3200.8,16.2518,16.0079,0.2439,0.2439,30,1,6,0.250,0.786,0.248,0.784,0.380,0.642,0.250,0.750,1.000,0.002,1.002,0.002,0.568,0.436,0.438,0.566,0.230,0.772,0.032,0.976,1.000,0.006,1.000,0.012,0.602,0.400,1.000,0.104,1.000,0.006,0.998,0.010
1791272187,3205.8,16.0703,16.0063,0.0640,0.0640,6,1,0,0.142,0.866,0.622,0.382,1.002,0.014,0.002,1.000,0.644,0.356,0.644,0.356,0.036,0.964,0.168,0.828,0.002,1.000,0.014,0.998,1.000,0.000,0.810,0.200,0.964,0.036,0.606,0.396,1.000,0.006,1.002,0.010
1791272192,3210.8,16.0604,15.9984,0.0620,0.0620,11,1,1,0.304,0.698,0.266,0.738,0.998,0.016,0.352,0.650,0.002,1.002,0.764,0.240,0.000,1.000,1.000,0.002,0.000,1.000,0.588,0.428,0.220,0.784,0.008,1.000,1.002,0.002,0.696,0.302,1.000,0.004,1.000,0.010
1791272197,3215.8,16.0894,16.0174,0.0720,0.0720,13,1,0,0.204,0.802,0.660,0.342,1.002,0.012,0.424,0.576,0.360,0.638,0.998,0.000,0.002,1.002,0.432,0.572,0.000,1.002,1.002,0.016,0.004,1.000,0.016,1.002,0.806,0.194,1.002,0.002,1.000,0.008,1.000,0.008
1791272202,3220.8,16.0578,16.0079,0.0500,0.0500,15,1,1,0.408,0.600,1.000,0.004,0.790,0.222,0.532,0.470,1.002,0.006,0.440,0.562,0.002,0.996,0.772,0.226,0.002,0.998,0.998,0.004,0.256,0.748,0.006,0.998,0.000,1.000,1.000,0.004,0.798,0.206,0.998,0.008
1791272207,3225.8,16.0849,16.0249,0.0600,0.0600,7,1,0,0.504,0.504,0.258,0.742,1.000,0.014,1.002,0.006,0.998,0.004,0.370,0.630,0.002,1.002,0.604,0.400,0.180,0.824,0.224,0.780,0.018,1.000,0.800,0.204,0.004,1.000,0.804,0.206,0.890,0.114,1.002,0.008
1791272212,3230.8,16.0762,15.9922,0.0840,0.0840,8,1,1,0.228,0.794,0.550,0.454,0.266,0.750,1.000,0.002,0.444,0.562,0.048,0.962,0.602,0.398,0.800,0.200,0.220,0.778,0.002,1.000,0.002,1.002,0.000,1.002,0.000,1.002,0.012,1.002,0.998,0.004,1.000,0.000
1791272217,3235.8,16.0744,16.0024,0.0720,0.0720,6,1,0,0.150,0.856,1.002,0.000,0.606,0.408,1.000,0.002,0.352,0.646,0.002,0.998,0.214,0.796,0.708,0.294,0.430,0.574,0.404,0.598,0.014,0.998,0.994,0.004,0.410,0.600,0.010,0.998,0.868,0.140,0.792,0.208
1791272222,3240.8,16.0578,16.0018,0.0560,0.0560,9,1,1,0.470,0.542,0.796,0.204,0.012,0.998,1.000,0.004,0.000,1.002,0.004,1.000,0.372,0.632,0.000,1.000,0.778,0.222,0.000,1.000,0.010,1.000,1.000,0.000,0.998,0.000,0.006,1.002,0.994,0.010,0.004,1.000
1791272227,3245.8,16.1606,16.0166,0.1440,0.1440,21,1,0,0.208,0.834,0.840,0.170,0.212,0.804,1.000,0.006,0.482,0.520,0.096,0.920,1.000,0.006,0.002,1.002,0.508,0.494,0.002,1.000,0.018,1.002,1.000,0.004,0.406,0.598,0.024,1.000,0.860,0.150,0.588,0.420
1791272232,3250.8,16.0819,16.0099,0.0720,0.0720,17,1,3,0.074,0.934,0.256,0.746,0.608,0.408,0.648,0.356,0.596,0.404,0.170,0.838,1.000,0.004,0.000,0.998,1.000,0.000,0.002,1.000,0.004,0.998,1.002,0.004,0.000,1.002,0.016,1.000,1.002,0.002,1.000,0.000
1791272237,3255.8,16.0937,16.0097,0.0840,0.0840,9,1,0,0.388,0.620,0.028,0.972,0.354,0.656,0.002,0.998,1.002,0.002,0.838,0.166,1.000,0.004,0.010,1.002,1.002,0.000,0.802,0.202,0.022,1.002,0.614,0.388,0.204,0.794,0.018,1.000,0.428,0.574,0.604,0.398
1791272242,3260.8,16.0990,16.0290,0.0700,0.0700,8,1,1,0.084,0.942,0.526,0.476,1.004,0.012,0.360,0.644,1.000,0.000,0.000,1.002,0.038,0.968,0.000,1.000,0.820,0.180,0.006,1.002,0.014,1.000,0.000,1.000,0.000,1.002,0.026,0.994,0.796,0.206,0.408,0.596
1791272247,3265.8,16.0658,15.9838,0.0820,0.0820,6,1,0,0.388,0.618,0.658,0.344,0.660,0.358,0.844,0.156,1.000,0.000,0.000,0.998,0.578,0.428,0.004,1.000,0.386,0.614,0.006,0.998,0.006,1.000,0.598,0.406,0.000,1.000,1.000,0.008,0.432,0.574,0.392,0.610
1791272252,3270.8,16.0876,15.9977,0.0900,0.0900,9,1,1,0.078,0.938,0.152,0.850,0.404,0.606,0.000,1.000,1.000,0.002,0.288,0.714,0.024,0.978,0.206,0.796,0.222,0.776,0.984,0.032,0.002,1.000,1.002,0.018,0.000,1.000,1.000,0.018,0.996,0.008,0.002,1.000
1791272257,3275.8,16.0663,16.0043,0.0620,0.0620,14,1,0,0.014,1.000,0.854,0.144,1.000,0.014,0.360,0.642,1.000,0.000,0.000,0.998,0.550,0.450,0.376,0.624,0.000,1.002,1.000,0.014,0.004,1.002,0.946,0.058,0.002,1.000,0.998,0.008,0.806,0.196,0.422,0.588
1791272262,3280.8,16.1019,16.0119,0.0900,0.0900,15,1,1,0.016,1.000,0.546,0.458,0.064,0.948,0.048,0.954,0.642,0.362,0.366,0.636,0.212,0.796,1.000,0.002,0.002,1.000,0.418,0.598,0.012,0.998,1.002,0.000,0.000,1.000,1.002,0.016,1.000,0.002,1.000,0.002
1791272267,3285.8,16.0657,16.0117,0.0540,0.0540,6,1,0,0.194,0.826,1.000,0.000,0.950,0.062,0.158,0.844,0.974,0.024,0.638,0.362,0.004,1.000,0.802,0.198,0.000,1.000,0.784,0.220,0.012,1.002,1.000,0.000,0.004,1.002,1.000,0.008,1.000,0.000,0.388,0.610
1791272272,3290.8,16.1056,16.0056,0.1000,0.1000,9,1,1,0.002,1.000,0.854,0.162,1.002,0.014,0.446,0.556,1.002,0.004,0.568,0.434,0.204,0.806,1.000,0.002,0.002,1.002,0.018,0.984,0.024,1.000,0.606,0.396,0.002,1.000,1.000,0.018,1.000,0.002,0.218,0.786
1791272277,3295.8,16.0643,16.0123,0.0520,0.0520,6,1,0,0.222,0.798,0.674,0.328,0.262,0.752,0.356,0.644,1.000,0.002,1.000,0.000,0.006,1.002,0.028,0.972,0.000,0.998,0.382,0.616,0.014,1.000,0.000,0.998,0.002,1.000,1.002,0.012,0.464,0.536,0.386,0.614
1791272282,3300.8,16.0840,15.9960,0.0880,0.0880,9,1,1,0.006,0.998,1.000,0.004,0.164,0.844,0.976,0.026,0.998,0.002,0.634,0.366,0.028,0.980,0.776,0.224,0.980,0.022,0.208,0.794,0.030,1.000,0.002,1.002,0.000,0.998,0.998,0.020,0.002,1.000,0.604,0.398
1791272287,3305.8,16.1181,16.0141,0.1040,0.1040,22,1,0,0.406,0.612,0.886,0.122,0.998,0.018,0.980,0.022,0.642,0.362,0.972,0.034,0.234,0.782,0.426,0.572,0.826,0.182,1.000,0.004,0.198,0.820,0.396,0.608,0.598,0.402,1.002,0.016,0.414,0.588,0.296,0.706
1791272292,3310.8,16.1135,16.0156,0.0980,0.0980,18,1,3,0.014,1.002,0.174,0.828,0.262,0.754,0.538,0.470,0.964,0.042,0.636,0.364,0.236,0.770,0.004,1.002,0.778,0.220,0.618,0.382,0.046,0.990,1.000,0.006,1.002,0.004,1.000,0.010,0.790,0.212,0.586,0.416
1791272297,3315.8,16.0979,16.0079,0.0900,0.0900,8,1,0,0.554,0.484,0.654,0.348,0.016,1.000,0.508,0.492,1.000,0.000,0.572,0.430,0.002,1.000,0.000,1.002,1.000,0.002,0.198,0.804,0.156,0.852,1.000,0.008,0.998,0.000,1.000,0.016,0.426,0.580,0.250,0.752
1791272302,3320.8,16.0783,16.0043,0.0740,0.0740,9,1,1,0.074,0.944,0.000,1.002,0.012,0.998,0.002,0.998,0.838,0.162,0.632,0.368,0.008,1.000,0.000,0.998,1.000,0.000,0.002,0.998,1.000,0.000,1.000,0.024,1.002,0.000,1.000,0.012,0.390,0.610,1.000,0.004
1791272307,3325.8,16.1001,16.0021,0.0980,0.0980,6,1,0,0.222,0.814,0.206,0.794,0.014,1.002,0.760,0.242,0.000,1.000,0.970,0.030,0.004,1.000,0.978,0.024,1.000,0.002,0.000,1.000,1.000,0.000,1.002,0.010,1.000,0.008,1.002,0.016,0.002,1.002,1.002,0.002
1791272312,3330.8,16.1462,16.0142,0.1320,0.1320,10,1,1,0.228,0.802,0.000,1.000,0.016,0.998,0.138,0.864,0.002,1.000,1.002,0.004,0.008,1.000,1.000,0.000,1.002,0.000,0.392,0.610,1.000,0.004,0.998,0.030,1.000,0.016,1.000,0.008,0.406,0.598,0.598,0.418
1791272317,3335.8,16.1139,16.0040,0.1100,0.1100,19,1,3,0.032,0.992,0.006,1.000,0.012,1.000,0.056,0.946,0.564,0.436,1.000,0.000,0.008,1.000,0.320,0.686,0.998,0.002,0.152,0.852,1.000,0.000,1.002,0.032,0.200,0.800,0.998,0.014,0.808,0.194,0.618,0.390
1791272322,3340.8,16.1058,16.0019,0.1040,0.1040,17,1,1,0.328,0.694,0.002,1.000,0.560,0.454,0.848,0.160,1.000,0.002,1.000,0.002,0.004,1.000,0.002,1.000,0.802,0.200,0.000,1.002,0.210,0.792,1.000,0.016,1.000,0.024,0.800,0.214,0.000,1.000,0.998,0.002
1791272327,3345.8,16.0820,16.0140,0.0680,0.0680,6,1,0,0.344,0.682,0.154,0.846,1.002,0.016,0.402,0.600,0.440,0.564,0.836,0.164,0.776,0.228,0.384,0.626,0.408,0.594,0.390,0.610,0.594,0.408,0.806,0.202,1.000,0.006,0.772,0.226,0.002,1.000,0.212,0.794
1791272332,3350.8,16.0955,16.0055,0.0900,0.0900,8,1,1,0.274,0.740,0.992,0.008,0.998,0.016,0.004,1.000,0.000,1.000,0.766,0.234,1.000,0.004,0.932,0.066,1.000,0.014,0.418,0.582,0.604,0.396,0.016,1.002,1.000,0.022,1.000,0.002,0.852,0.150,0.998,0.002
1791272337,3355.8,16.0780,16.0080,0.0700,0.0700,8,1,1,0.020,1.000,0.690,0.312,1.002,0.016,0.362,0.642,0.368,0.636,1.000,0.002,1.000,0.002,0.422,0.580,0.998,0.008,0.386,0.614,0.810,0.188,0.008,1.000,0.666,0.340,1.000,0.004,1.000,0.002,0.590,0.414
1791272342,3360.8,16.1261,16.0201,0.1060,0.1060,8,1,1,0.054,1.000,0.660,0.342,1.000,0.014,1.000,0.018,1.000,0.000,1.002,0.000,1.000,0.004,0.178,0.824,1.002,0.014,0.216,0.784,0.002,1.002,0.010,1.000,0.860,0.144,1.000,0.000,1.002,0.000,0.216,0.786
1791272347,3365.8,16.1005,16.0085,0.0920,0.0920,21,1,0,0.226,0.798,0.208,0.794,0.764,0.254,0.534,0.476,1.000,0.000,0.432,0.572,0.630,0.372,1.000,0.004,1.000,0.008,0.002,1.002,0.796,0.208,0.802,0.206,1.000,0.002,0.974,0.030,1.000,0.004,0.870,0.136
1791272352,3370.8,16.0897,16.0077,0.0820,0.0820,18,1,3,0.222,0.798,0.996,0.006,0.728,0.290,0.006,0.998,0.208,0.794,0.030,0.968,0.002,1.000,0.028,0.974,1.000,0.010,0.000,0.998,1.000,0.000,0.408,0.610,1.000,0.000,1.002,0.006,1.000,0.000,0.840,0.164
1791272357,3375.8,16.1176,15.9976,0.1200,0.1200,11,1,1,0.150,0.886,0.606,0.412,0.340,0.678,0.320,0.684,0.784,0.220,0.000,1.000,0.980,0.026,0.580,0.426,0.422,0.590,0.012,1.002,1.000,0.000,0.010,1.000,0.402,0.600,1.000,0.000,0.990,0.014,0.382,0.618
1791272362,3380.8,16.0999,16.0199,0.0800,0.0800,8,1,1,0.030,0.998,0.852,0.150,0.306,0.718,0.672,0.336,0.304,0.694,0.002,1.000,0.604,0.400,0.602,0.396,0.590,0.412,0.000,1.000,1.000,0.012,0.216,0.798,0.006,0.996,1.000,0.002,0.862,0.140,0.914,0.088
1791272367,3385.8,16.1004,15.9964,0.1040,0.1040,6,1,0,0.210,0.816,0.250,0.752,0.516,0.504,0.456,0.558,1.000,0.000,0.770,0.234,1.000,0.002,1.002,0.000,0.654,0.346,0.596,0.410,0.406,0.604,0.204,0.802,0.108,0.898,1.000,0.002,1.000,0.002,0.998,0.000
1791272372,3390.8,16.0897,16.0238,0.0660,0.0660,8,1,1,0.102,0.932,0.414,0.588,0.214,0.804,0.606,0.398,0.436,0.566,0.998,0.000,0.826,0.178,0.998,0.000,1.002,0.004,0.210,0.790,1.000,0.002,1.000,0.006,0.414,0.596,1.000,0.002,1.000,0.002,1.000,0.002
1791272377,3395.8,16.0999,16.0079,0.0920,0.0920,16,1,1,0.270,0.748,1.000,0.010,0.016,1.002,0.036,0.980,0.034,0.974,1.002,0.002,0.006,1.002,1.000,0.000,0.618,0.382,0.002,1.000,1.002,0.002,0.804,0.202,0.638,0.374,1.002,0.002,0.988,0.012,0.928,0.072
1791272382,3400.8,16.1063,16.0003,0.1060,0.1060,16,1,1,0.314,0.720,1.002,0.006,0.014,1.000,0.602,0.402,0.572,0.432,1.002,0.004,0.004,0.998,1.002,0.000,0.838,0.162,0.436,0.568,0.404,0.596,0.000,1.000,0.016,1.000,0.194,0.806,0.014,1.000,1.000,0.006
1791272387,3405.8,16.1064,16.0064,0.1000,0.1000,6,1,0,0.418,0.618,0.018,0.980,0.370,0.646,0.020,0.980,0.634,0.368,1.000,0.022,0.002,1.002,0.998,0.002,1.000,0.000,0.402,0.594,0.794,0.208,0.398,0.602,0.010,1.000,0.216,0.788,0.014,1.000,1.000,0.002
1791272392,3410.8,16.1502,16.0182,0.1320,0.1320,8,1,1,0.132,0.946,1.000,0.004,1.002,0.014,0.004,1.000,0.972,0.030,0.998,0.002,0.584,0.422,0.426,0.582,0.934,0.064,0.212,0.792,1.000,0.000,1.000,0.000,0.016,1.000,0.526,0.478,0.024,0.984,1.000,0.002
1791272397,3415.8,16.1183,16.0003,0.1180,0.1180,8,1,1,0.370,0.684,0.802,0.200,1.000,0.016,0.000,1.000,0.636,0.366,1.000,0.020,1.000,0.002,0.582,0.420,1.000,0.004,0.390,0.612,0.012,0.992,0.406,0.600,0.284,0.726,0.002,1.002,0.996,0.002,1.000,0.006
1791272402,3420.8,16.0982,16.0002,0.0980,0.0980,8,1,1,0.280,0.764,1.000,0.010,0.998,0.022,0.568,0.438,0.768,0.230,0.408,0.600,0.802,0.200,1.000,0.000,0.998,0.002,0.014,0.984,0.794,0.206,0.404,0.594,0.002,1.000,0.014,0.984,0.186,0.814,0.386,0.618
1791272407,3425.8,16.1139,16.0259,0.0880,0.0880,21,1,0,0.110,0.916,0.606,0.400,0.460,0.564,0.242,0.766,0.408,0.610,1.002,0.014,1.000,0.004,0.422,0.580,1.002,0.002,0.002,1.002,1.000,0.000,0.602,0.400,0.910,0.092,1.000,0.000,0.004,1.000,0.822,0.180
1791272412,3430.8,16.1147,16.0028,0.1120,0.1120,17,1,3,0.100,0.922,0.848,0.158,0.566,0.444,0.172,0.848,0.644,0.372,0.038,0.972,0.804,0.200,0.002,1.002,0.416,0.590,0.192,0.810,1.002,0.002,1.002,0.000,1.002,0.004,0.592,0.412,0.002,1.000,0.490,0.512
1791272417,3435.8,16.0862,16.0122,0.0740,0.0740,11,1,1,0.224,0.798,0.562,0.446,1.000,0.014,0.174,0.834,0.524,0.484,0.578,0.426,0.720,0.284,0.782,0.232,0.590,0.412,0.214,0.788,1.000,0.002,1.000,0.000,0.998,0.004,0.002,1.000,0.000,1.002,0.002,0.998
1791272422,3440.8,16.0680,15.9980,0.0700,0.0700,9,1,1,0.014,0.998,0.450,0.554,0.784,0.232,1.000,0.008,0.242,0.766,0.436,0.572,0.026,0.972,0.028,0.976,1.000,0.010,0.002,1.000,0.008,0.992,0.828,0.174,0.880,0.122,0.154,0.846,0.000,0.998,0.800,0.204
1791272427,3445.8,16.0756,16.0116,0.0640,0.0640,7,1,0,0.384,0.630,0.608,0.398,0.610,0.406,1.000,0.006,0.012,1.000,0.746,0.254,0.780,0.224,0.000,1.000,1.000,0.002,0.994,0.008,0.180,0.822,1.000,0.000,0.866,0.144,0.610,0.390,0.816,0.186,0.000,1.000
1791272432,3450.8,16.0658,16.0058,0.0600,0.0600,9,1,1,0.098,0.910,0.030,0.974,0.804,0.208,0.248,0.764,0.580,0.436,1.000,0.002,0.758,0.244,0.002,1.000,1.000,0.000,0.998,0.008,0.268,0.732,0.806,0.196,1.000,0.002,1.000,0.000,1.002,0.002,0.622,0.378
1791272437,3455.8,16.0841,15.9981,0.0860,0.0860,16,1,1,0.058,0.948,0.008,1.000,0.630,0.382,0.214,0.798,1.000,0.020,0.824,0.176,0.224,0.778,0.002,0.998,1.000,0.002,1.002,0.008,0.010,0.992,0.002,1.002,1.002,0.006,0.994,0.010,0.986,0.012,0.998,0.002
1791272442,3460.8,16.0977,16.0137,0.0840,0.0840,15,1,1,0.412,0.610,0.184,0.822,0.016,1.002,0.766,0.242,1.000,0.008,0.002,1.000,0.000,1.000,0.000,1.002,1.000,0.016,1.000,0.002,0.206,0.798,0.202,0.800,1.000,0.002,0.000,1.000,0.814,0.188,0.384,0.618
1791272447,3465.8,16.0888,16.0088,0.0800,0.0800,6,1,0,0.206,0.816,0.166,0.844,0.568,0.444,1.000,0.004,1.002,0.014,0.576,0.428,0.002,1.002,0.002,1.000,1.000,0.014,0.394,0.608,0.408,0.596,0.998,0.000,0.996,0.008,0.000,1.000,1.002,0.000,0.094,0.910
1791272452,3470.8,16.0723,16.0043,0.0680,0.0680,8,1,1,0.102,0.912,0.648,0.358,0.054,0.960,0.242,0.762,0.034,0.966,1.000,0.012,0.582,0.420,0.402,0.598,0.214,0.788,0.120,0.884,0.006,0.998,0.406,0.604,0.632,0.370,0.012,0.988,0.998,0.002,0.002,0.998
1791272457,3475.8,16.0678,16.0039,0.0640,0.0640,8,1,1,0.196,0.814,0.976,0.028,0.370,0.644,0.760,0.238,0.000,1.000,0.628,0.376,0.620,0.380,0.782,0.222,0.002,1.002,0.198,0.806,0.000,1.000,0.012,0.998,0.808,0.194,0.994,0.008,0.862,0.144,0.974,0.028
1791272462,3480.8,16.0958,16.0058,0.0900,0.0900,8,1,1,0.016,1.000,0.416,0.594,1.000,0.018,1.000,0.014,0.126,0.872,0.178,0.824,0.380,0.620,0.422,0.578,0.792,0.212,1.000,0.022,0.006,0.998,0.012,1.000,0.004,1.000,0.000,1.002,0.998,0.000,0.808,0.194
1791272467,3485.8,16.1047,16.0227,0.0820,0.0820,22,1,0,0.260,0.760,0.568,0.440,1.000,0.024,0.458,0.546,0.694,0.310,1.000,0.008,0.810,0.192,0.164,0.840,1.000,0.004,0.014,0.992,0.998,0.006,0.808,0.202,0.212,0.792,0.002,1.000,1.000,0.000,0.982,0.016
1791272472,3490.8,16.0862,16.0062,0.0800,0.0800,17,1,3,0.256,0.752,0.602,0.402,1.000,0.018,0.002,1.002,0.998,0.000,1.000,0.014,0.022,0.980,0.000,1.000,0.814,0.188,0.598,0.402,1.000,0.016,1.000,0.010,0.042,0.964,0.006,1.000,1.002,0.004,0.442,0.560
1791272477,3495.8,16.0802,16.0082,0.0720,0.0720,11,1,1,0.018,0.998,0.606,0.400,0.652,0.360,0.204,0.794,0.062,0.940,0.240,0.770,0.980,0.022,0.004,0.998,0.394,0.608,0.606,0.396,1.000,0.002,0.804,0.208,0.214,0.794,0.402,0.598,0.998,0.002,0.780,0.220
1791272482,3500.8,16.1120,16.0200,0.0920,0.0920,10,1,1,0.022,1.000,0.796,0.208,1.002,0.014,0.966,0.038,0.000,1.000,0.976,0.032,1.004,0.002,0.000,1.000,1.000,0.002,0.398,0.604,1.002,0.018,0.016,1.002,0.030,0.974,0.002,1.000,1.002,0.002,0.002,1.002
1791272487,3505.8,16.3000,16.0081,0.2919,0.2919,234,1,0,0.248,0.818,0.998,0.022,1.000,0.022,0.444,0.564,0.774,0.230,1.002,0.030,0.820,0.190,0.018,1.002,0.814,0.192,1.000,0.012,0.412,0.596,0.070,1.000,0.282,0.728,0.008,1.000,0.980,0.028,0.430,0.578
1791272492,3510.8,16.1281,15.9982,0.1300,0.1300,8,1,1,0.066,0.992,0.448,0.556,0.728,0.288,0.968,0.034,1.000,0.016,0.626,0.374,0.012,0.998,0.198,0.820,0.196,0.808,1.000,0.000,0.002,0.998,0.404,0.596,0.248,0.754,0.000,1.000,0.000,0.998,0.180,0.820
1791272497,3515.8,16.1061,16.0001,0.1060,0.1060,16,1,1,0.088,0.954,0.712,0.290,0.372,0.648,0.838,0.166,0.438,0.570,0.002,1.000,0.008,1.000,1.000,0.014,1.002,0.004,0.004,0.996,0.002,1.002,1.000,0.000,0.252,0.750,0.214,0.786,0.618,0.386,0.000,1.000
1791272502,3520.8,16.1023,16.0083,0.0940,0.0940,16,1,1,0.028,0.994,0.362,0.644,0.444,0.564,0.002,1.000,0.016,1.000,0.000,1.000,0.396,0.624,1.000,0.006,0.610,0.390,0.002,1.000,0.000,1.000,1.002,0.002,0.272,0.734,1.002,0.000,0.784,0.218,0.406,0.600
1791272507,3525.8,16.0679,16.0059,0.0620,0.0620,6,1,0,0.608,0.408,0.424,0.576,0.766,0.248,0.602,0.400,0.018,1.000,0.002,1.000,0.998,0.010,0.070,0.936,0.796,0.204,1.000,0.000,0.000,1.000,1.000,0.000,0.280,0.724,1.000,0.000,0.000,0.998,0.424,0.574
1791272512,3530.8,16.1174,16.0114,0.1060,0.1060,8,1,1,0.094,0.952,0.960,0.046,0.840,0.174,0.948,0.052,0.022,1.000,0.582,0.422,1.002,0.014,0.002,1.002,1.000,0.004,0.052,0.952,0.000,1.000,1.002,0.002,0.348,0.656,1.000,0.000,0.000,1.002,0.778,0.226
1791272517,3535.8,16.1139,16.0119,0.1020,0.1020,8,1,1,0.228,0.818,0.044,0.962,0.012,1.000,0.804,0.200,0.212,0.802,0.038,0.978,0.954,0.056,0.002,0.998,1.000,0.000,0.004,1.000,0.000,1.002,0.994,0.006,0.102,0.904,0.586,0.414,0.000,1.000,0.426,0.570
1791272522,3540.8,16.0840,16.0120,0.0720,0.0720,8,1,1,0.026,1.000,0.974,0.030,0.968,0.044,0.236,0.768,0.106,0.898,0.978,0.034,0.422,0.584,0.390,0.610,1.000,0.002,0.396,0.604,0.000,1.000,0.748,0.252,0.002,1.000,0.000,1.000,0.000,1.000,0.178,0.826
1791272527,3545.8,16.1069,16.0049,0.1020,0.1020,22,1,0,0.354,0.668,0.344,0.664,1.000,0.018,0.604,0.400,0.924,0.082,0.620,0.404,0.980,0.032,1.000,0.006,0.016,0.986,1.000,0.004,0.000,0.998,1.000,0.002,0.004,1.000,0.002,1.000,0.000,1.000,0.002,1.000
1791272532,3550.8,16.1238,16.0158,0.1080,0.1080,17,1,3,0.076,0.952,0.258,0.742,0.240,0.776,0.088,0.916,0.720,0.286,1.000,0.030,0.234,0.784,0.820,0.184,0.004,1.002,0.260,0.744,0.608,0.398,0.726,0.276,0.002,1.000,0.002,1.000,0.824,0.178,0.160,0.846
1791272537,3555.8,16.1082,16.0022,0.1060,0.1060,11,1,1,0.064,0.972,0.642,0.356,0.018,1.000,0.000,1.002,0.980,0.022,0.610,0.412,0.984,0.026,0.058,0.942,0.404,0.604,1.000,0.002,0.202,0.798,1.000,0.002,0.000,1.000,0.004,1.000,0.982,0.020,0.178,0.824
1791272542,3560.8,16.0755,16.0055,0.0700,0.0700,9,1,1,0.016,0.992,0.762,0.240,0.018,1.000,0.394,0.608,0.706,0.298,0.778,0.228,1.000,0.006,0.592,0.412,0.008,1.000,0.998,0.012,0.052,0.948,0.320,0.678,0.814,0.188,0.820,0.180,0.604,0.398,0.002,1.002
1791272547,3565.8,16.0860,16.0300,0.0560,0.0560,6,1,0,0.638,0.378,1.002,0.008,0.178,0.840,0.236,0.766,0.844,0.160,1.002,0.004,0.026,0.982,1.000,0.000,0.404,0.598,1.002,0.014,0.404,0.596,0.002,1.000,0.588,0.414,0.184,0.816,0.000,1.000,0.828,0.172
1791272552,3570.8,16.0964,15.9904,0.1060,0.1060,9,1,1,0.028,1.000,0.610,0.396,0.236,0.786,0.002,1.000,0.434,0.570,1.000,0.018,0.008,1.000,0.816,0.184,0.792,0.210,1.000,0.012,1.002,0.002,0.000,1.002,0.000,1.000,0.000,1.000,0.420,0.578,0.998,0.000
1791272557,3575.8,16.0800,16.0000,0.0800,0.0800,16,1,1,0.032,0.982,0.256,0.756,0.416,0.602,0.004,1.002,1.000,0.004,1.000,0.002,0.386,0.618,0.000,1.000,0.998,0.000,1.000,0.016,0.006,0.998,0.000,1.000,0.000,1.000,0.622,0.380,0.182,0.820,1.000,0.002
1791272562,3580.9,16.1083,16.0063,0.1020,0.1020,16,1,1,0.024,1.000,0.356,0.646,0.018,1.000,0.004,0.998,0.672,0.336,1.000,0.004,1.000,0.010,0.790,0.220,0.608,0.398,1.000,0.012,0.252,0.752,0.010,1.002,0.002,1.000,1.000,0.002,0.228,0.774,0.974,0.028
1791272567,3585.9,16.1001,16.0162,0.0840,0.0840,7,1,0,0.034,0.986,0.684,0.320,0.964,0.050,0.554,0.448,0.502,0.504,0.438,0.580,0.222,0.788,0.414,0.590,1.000,0.002,0.808,0.208,0.608,0.392,0.612,0.386,0.816,0.184,0.382,0.618,1.000,0.000,0.000,0.998
1791272572,3590.9,16.0862,16.0002,0.0860,0.0860,8,1,1,0.014,1.000,0.842,0.172,0.226,0.788,0.406,0.596,0.976,0.032,0.406,0.596,0.012,0.998,0.590,0.414,0.404,0.596,0.490,0.520,0.998,0.002,0.802,0.200,0.604,0.398,0.622,0.380,1.000,0.004,0.004,1.000
1791272577,3595.9,16.0863,16.0023,0.0840,0.0840,9,1,1,0.518,0.500,0.556,0.450,0.312,0.706,0.234,0.770,0.826,0.176,0.382,0.622,0.412,0.600,0.222,0.786,0.000,0.998,0.604,0.406,0.598,0.406,0.202,0.802,1.000,0.000,1.000,0.002,0.180,0.818,0.232,0.766
1791272582,3600.9,16.1210,16.0110,0.1100,0.1100,8,1,1,0.042,1.000,0.872,0.130,0.770,0.248,0.002,1.000,0.004,1.000,1.000,0.004,0.586,0.418,0.014,1.002,0.002,1.002,1.002,0.014,0.004,0.996,0.394,0.604,1.000,0.002,1.000,0.000,0.002,1.002,0.214,0.792
1791272587,3605.9,16.1146,16.0286,0.0860,0.0860,22,1,0,0.172,0.850,0.570,0.436,1.000,0.016,0.348,0.658,0.782,0.224,1.000,0.000,1.000,0.018,0.200,0.812,0.006,1.000,1.000,0.016,0.594,0.410,0.004,1.000,1.000,0.002,1.000,0.002,0.002,1.000,0.006,1.000
1791272592,3610.9,16.0680,16.0020,0.0660,0.0660,17,1,3,0.268,0.748,0.506,0.496,0.444,0.570,1.000,0.000,0.826,0.172,0.624,0.378,0.418,0.582,1.002,0.010,0.002,1.000,1.000,0.000,0.010,0.998,0.004,1.000,1.002,0.002,0.390,0.614,0.000,1.000,0.184,0.820
1791272597,3615.9,16.1301,16.0021,0.1280,0.1280,10,1,1,0.200,0.846,0.208,0.796,0.574,0.440,0.034,0.968,0.002,1.002,0.584,0.418,0.224,0.796,0.614,0.386,0.012,1.000,0.800,0.202,0.018,1.000,0.214,0.788,0.998,0.002,0.000,1.002,0.028,0.974,0.344,0.662
1791272602,3620.9,16.1062,16.0123,0.0940,0.0940,12,1,1,0.068,0.958,0.004,1.000,0.958,0.064,0.170,0.830,0.048,0.954,1.000,0.002,0.002,1.000,0.002,1.002,0.004,1.000,0.008,1.002,0.020,1.000,0.568,0.432,1.000,0.000,0.000,1.000,1.000,0.000,0.004,1.002
1791272607,3625.9,16.0714,16.0034,0.0680,0.0680,6,1,0,0.008,1.000,0.292,0.710,1.000,0.012,0.830,0.176,0.370,0.636,1.000,0.004,0.186,0.816,0.162,0.856,0.004,1.002,0.006,1.000,0.808,0.196,0.002,1.000,1.002,0.012,0.422,0.578,1.000,0.000,0.232,0.772
1791272612,3630.9,16.0904,16.0124,0.0780,0.0780,8,1,1,0.034,0.998,0.406,0.596,1.000,0.014,0.002,1.000,0.412,0.592,0.020,0.978,0.768,0.232,0.998,0.006,0.796,0.204,0.200,0.800,1.000,0.008,0.214,0.788,0.186,0.812,1.000,0.016,0.180,0.818,0.376,0.626
1791272617,3635.9,16.1082,16.0242,0.0840,0.0840,20,1,2,0.292,0.730,0.542,0.464,1.002,0.018,0.472,0.532,0.600,0.404,0.190,0.820,0.614,0.388,1.002,0.010,0.206,0.798,0.606,0.398,1.000,0.006,0.596,0.406,0.816,0.184,0.586,0.424,0.428,0.576,0.004,1.000
1791272622,3640.9,16.0821,15.9941,0.0880,0.0880,15,1,1,0.254,0.762,0.006,1.000,0.998,0.016,0.432,0.568,0.426,0.572,0.620,0.382,0.988,0.010,0.936,0.074,0.798,0.204,1.000,0.002,0.998,0.012,0.014,0.990,1.002,0.000,0.566,0.448,1.000,0.002,0.004,1.000
1791272627,3645.9,16.0818,16.0039,0.0780,0.0780,6,1,0,0.020,0.996,0.998,0.004,0.838,0.178,0.576,0.424,0.624,0.382,0.986,0.018,1.002,0.002,1.000,0.024,1.002,0.000,1.000,0.000,1.002,0.008,0.588,0.410,0.800,0.198,0.980,0.020,0.774,0.224,0.110,0.898
1791272632,3650.9,16.1808,16.0409,0.1400,0.1400,16,1,1,0.042,1.000,0.016,0.990,0.776,0.254,0.238,0.770,0.560,0.444,1.002,0.012,0.024,0.990,0.962,0.046,0.998,0.004,1.002,0.000,1.000,0.004,0.612,0.400,1.002,0.004,0.760,0.266,0.008,1.002,0.006,1.000
1791272637,3655.9,16.0674,16.0194,0.0480,0.0480,8,1,1,0.258,0.748,0.766,0.234,0.998,0.020,0.786,0.222,0.430,0.572,0.420,0.580,0.000,0.998,1.000,0.018,0.760,0.246,0.998,0.000,0.402,0.606,0.214,0.786,0.998,0.000,0.380,0.622,0.000,1.000,0.318,0.682
1791272642,3660.9,16.0778,15.9698,0.1080,0.1080,8,1,1,0.022,0.998,0.570,0.434,0.058,0.966,1.000,0.002,0.002,1.002,0.582,0.418,0.990,0.012,0.544,0.468,0.002,1.000,1.000,0.002,0.012,1.000,1.000,0.002,0.386,0.614,0.224,0.776,0.000,1.000,0.170,0.832
1791272647,3665.9,16.0975,16.0155,0.0820,0.0820,20,1,0,0.014,0.998,0.398,0.604,0.556,0.472,1.000,0.002,0.982,0.020,0.210,0.794,1.000,0.004,0.770,0.250,1.000,0.002,1.002,0.002,0.808,0.194,0.594,0.416,0.008,1.000,0.212,0.790,0.630,0.374,0.004,1.000
1791272652,3670.9,16.0840,16.0040,0.0800,0.0800,17,1,3,0.172,0.836,0.164,0.838,0.638,0.376,1.000,0.000,0.422,0.580,0.998,0.002,1.000,0.000,0.814,0.194,0.806,0.196,0.598,0.400,0.396,0.606,0.614,0.400,0.622,0.382,0.004,1.000,0.998,0.012,0.834,0.166
1791272657,3675.9,16.0859,16.0059,0.0800,0.0800,11,1,1,0.052,0.960,0.276,0.726,0.414,0.602,1.000,0.004,0.004,1.000,1.000,0.022,0.760,0.244,0.996,0.010,0.002,1.000,0.002,1.000,0.606,0.392,0.562,0.446,1.000,0.004,0.000,1.000,1.002,0.008,0.956,0.046
1791272662,3680.9,16.0880,16.0000,0.0880,0.0880,8,1,1,0.020,0.998,0.364,0.636,0.012,1.000,0.432,0.570,0.980,0.024,1.000,0.010,0.588,0.412,0.662,0.340,0.800,0.204,0.002,1.000,0.412,0.592,0.328,0.686,0.998,0.002,0.016,1.000,0.176,0.828,0.372,0.628
1791272667,3685.9,16.0901,16.0161,0.0740,0.0740,6,1,0,0.284,0.724,0.000,1.002,0.374,0.630,0.188,0.826,1.000,0.002,1.002,0.022,1.000,0.000,0.852,0.152,0.406,0.600,0.604,0.398,1.000,0.000,0.010,1.002,1.002,0.002,0.012,1.002,0.002,1.002,0.002,1.002
1791272672,3690.9,16.0500,15.9980,0.0520,0.0520,9,1,1,0.168,0.834,0.576,0.426,0.606,0.396,0.432,0.582,0.422,0.580,1.000,0.002,1.002,0.000,0.642,0.360,0.512,0.488,0.600,0.398,0.594,0.408,0.418,0.590,1.000,0.004,0.222,0.776,0.044,0.970,0.236,0.764
1791272677,3695.9,16.0822,16.0142,0.0680,0.0680,16,1,1,0.040,0.968,0.836,0.162,0.998,0.004,0.776,0.238,0.004,0.998,0.802,0.212,0.998,0.000,0.834,0.170,1.000,0.002,0.218,0.784,0.206,0.794,0.594,0.414,0.388,0.614,0.004,1.000,0.784,0.232,0.402,0.602
1791272682,3700.9,16.0762,16.0062,0.0700,0.0700,15,1,1,0.016,0.994,0.634,0.376,1.002,0.002,0.412,0.598,0.956,0.044,1.000,0.002,0.616,0.384,0.830,0.174,0.800,0.200,0.200,0.802,0.808,0.194,0.010,1.000,0.000,1.000,0.002,1.002,0.440,0.576,0.572,0.432
1791272687,3705.9,16.0741,16.0081,0.0660,0.0660,6,1,0,0.200,0.814,0.154,0.844,0.436,0.568,0.662,0.352,1.000,0.004,1.000,0.002,0.004,1.000,0.998,0.008,0.344,0.658,0.602,0.398,0.396,0.604,0.010,1.000,0.528,0.472,0.012,1.000,0.174,0.830,0.742,0.256
1791272692,3710.9,16.0580,16.0020,0.0560,0.0560,8,1,1,0.500,0.514,0.206,0.796,0.174,0.830,0.782,0.232,1.000,0.002,0.216,0.784,0.568,0.432,0.938,0.080,0.808,0.196,0.486,0.514,0.812,0.190,0.010,1.000,0.998,0.000,0.326,0.676,0.006,1.000,0.970,0.030
1791272697,3715.9,16.0675,16.0055,0.0620,0.0620,8,1,1,0.164,0.840,0.330,0.674,0.234,0.770,0.528,0.484,1.002,0.000,0.986,0.014,0.000,1.002,1.000,0.004,0.406,0.596,0.000,1.000,1.002,0.000,0.422,0.588,1.002,0.000,0.802,0.200,0.012,1.002,0.004,1.000
1791272702,3720.9,16.0857,16.0117,0.0740,0.0740,8,1,1,0.260,0.762,1.000,0.000,0.782,0.220,1.002,0.012,0.022,0.984,0.018,0.982,0.994,0.010,0.608,0.416,0.000,1.000,0.404,0.598,0.998,0.000,0.984,0.026,0.998,0.000,0.574,0.426,0.012,0.998,0.232,0.768
1791272707,3725.9,16.0921,16.0061,0.0860,0.0860,22,1,0,0.110,0.904,0.376,0.628,0.878,0.128,0.208,0.806,0.006,0.998,0.034,0.968,1.000,0.004,0.004,1.000,0.006,1.002,0.408,0.596,1.002,0.000,0.008,1.000,1.002,0.004,0.232,0.770,0.014,1.000,0.574,0.428
1791272712,3730.9,16.0763,16.0124,0.0640,0.0640,18,1,3,0.004,1.002,1.000,0.002,1.000,0.004,0.042,0.972,0.008,1.000,0.000,1.000,1.000,0.000,0.802,0.210,0.798,0.204,0.604,0.396,0.258,0.740,0.820,0.186,0.378,0.620,0.214,0.790,0.832,0.170,0.438,0.582
1791272717,3735.9,16.0957,16.0078,0.0880,0.0880,11,1,1,0.018,0.998,0.762,0.242,0.554,0.456,0.582,0.434,0.006,1.000,0.406,0.598,1.000,0.002,0.806,0.202,0.006,1.000,1.002,0.002,1.000,0.002,0.790,0.212,0.220,0.782,0.224,0.774,1.002,0.000,0.874,0.136
1791272722,3740.9,16.1137,16.0038,0.1100,0.1100,8,1,1,0.350,0.682,0.438,0.568,0.998,0.012,0.998,0.026,0.208,0.804,0.004,1.000,0.212,0.792,0.018,1.000,0.806,0.200,0.798,0.202,0.594,0.408,0.130,0.874,0.210,0.794,1.002,0.002,1.000,0.000,0.570,0.432
1791272727,3745.9,16.0905,16.0065,0.0840,0.0840,16,1,5,0.160,0.870,0.566,0.434,0.442,0.572,1.002,0.016,0.208,0.798,0.588,0.412,0.394,0.606,0.004,1.000,1.000,0.004,0.806,0.196,0.000,1.000,0.154,0.848,0.998,0.004,0.928,0.072,0.968,0.032,0.640,0.364
1791272732,3750.9,16.3681,15.9941,0.3740,0.3740,37,1,2,0.634,0.426,1.002,0.008,0.008,1.002,0.998,0.030,0.214,0.796,0.400,0.608,0.788,0.278,0.218,0.804,0.404,0.604,1.000,0.008,0.616,0.398,0.478,0.534,1.002,0.004,1.000,0.000,0.832,0.270,0.998,0.006
1791272737,3755.9,16.8214,16.0256,0.7958,0.7958,8,1,1,0.176,0.890,0.606,0.416,0.912,0.096,0.750,0.288,0.152,0.896,1.000,0.006,0.998,0.010,0.356,1.000,1.000,0.040,1.000,0.032,1.000,0.020,0.788,0.248,0.780,0.224,0.534,0.508,0.608,0.458,1.002,0.034
1791272742,3760.9,16.4118,15.9899,0.4219,0.4219,35,1,1,0.636,0.390,0.604,0.428,0.428,0.584,0.988,0.028,1.000,0.014,1.000,0.016,1.000,0.026,0.708,0.404,1.000,0.082,0.198,0.826,1.002,0.016,0.404,0.610,0.002,1.002,0.228,0.770,0.828,0.174,1.000,0.026
1791272747,3765.9,16.1060,16.0180,0.0880,0.0880,6,1,0,0.264,0.762,0.584,0.418,0.776,0.228,1.000,0.018,1.002,0.022,0.022,0.986,0.880,0.130,0.910,0.088,0.470,0.530,0.408,0.594,0.392,0.620,0.002,1.002,0.420,0.580,1.002,0.002,1.002,0.002,0.406,0.598
1791272752,3770.9,16.0738,16.0038,0.0700,0.0700,8,1,1,0.582,0.422,1.000,0.000,0.430,0.572,0.624,0.392,1.000,0.008,0.000,0.998,0.998,0.010,1.002,0.004,1.000,0.002,0.192,0.810,0.002,0.998,0.012,1.000,1.000,0.000,0.774,0.228,1.000,0.004,1.000,0.000
1791272757,3775.9,16.0636,16.0056,0.0580,0.0580,8,1,1,0.006,0.998,0.236,0.766,0.578,0.428,0.012,1.000,1.000,0.016,0.002,1.002,1.000,0.004,0.004,0.994,1.000,0.000,0.002,1.000,0.612,0.392,0.008,1.000,0.980,0.024,0.000,1.000,1.002,0.008,1.002,0.002
1791272762,3780.9,16.1095,16.0156,0.0940,0.0940,16,1,1,0.024,1.002,0.174,0.828,0.946,0.068,0.012,1.000,0.200,0.802,0.390,0.614,0.850,0.166,0.202,0.804,0.202,0.800,0.000,1.002,0.390,0.614,0.018,1.000,0.002,0.998,0.004,0.998,1.000,0.002,0.998,0.000
1791272767,3785.9,16.0981,16.0141,0.0840,0.0840,14,1,0,0.016,1.000,0.520,0.480,1.000,0.006,0.392,0.626,0.620,0.386,0.616,0.386,0.832,0.176,0.406,0.596,0.614,0.398,0.006,0.998,0.004,1.000,0.818,0.182,0.004,1.002,0.004,1.000,0.998,0.006,1.002,0.002
1791272772,3790.9,16.1200,15.9980,0.1220,0.1220,17,1,3,0.248,0.782,0.170,0.832,1.000,0.012,0.238,0.780,0.010,1.000,0.622,0.384,1.000,0.006,0.044,0.962,0.218,0.806,0.204,0.796,0.602,0.400,0.584,0.420,0.002,1.000,0.432,0.570,0.174,0.830,1.000,0.002
1791272777,3795.9,16.0900,16.0060,0.0840,0.0840,12,1,1,0.018,0.996,1.002,0.000,0.806,0.206,0.104,0.912,0.000,1.000,1.002,0.008,1.000,0.008,0.002,1.000,0.016,1.000,0.608,0.396,0.216,0.784,0.000,0.998,0.426,0.576,1.000,0.002,0.000,0.998,0.838,0.164
1791272782,3800.9,16.0964,16.0164,0.0800,0.0800,8,1,1,0.356,0.658,1.000,0.000,0.830,0.182,0.390,0.626,0.988,0.018,1.000,0.012,1.000,0.004,0.800,0.202,0.008,1.000,0.814,0.204,1.002,0.002,0.678,0.324,0.508,0.494,1.000,0.000,0.832,0.170,1.000,0.002
1791272787,3805.9,16.0596,15.9976,0.0620,0.0620,7,1,0,0.332,0.676,0.576,0.424,0.578,0.424,1.000,0.014,0.594,0.412,0.998,0.010,0.604,0.402,1.000,0.002,0.000,1.002,0.994,0.016,0.392,0.610,1.002,0.000,0.000,1.000,0.998,0.000,0.928,0.070,0.762,0.238
1791272792,3810.9,16.0838,15.9958,0.0880,0.0880,16,1,1,0.222,0.800,0.320,0.682,1.000,0.000,0.828,0.190,0.212,0.792,1.002,0.014,0.796,0.214,0.924,0.076,0.010,1.000,0.402,0.602,0.000,1.000,0.998,0.000,0.002,1.000,1.000,0.000,1.002,0.004,0.000,1.000
1791272797,3815.9,16.0924,16.0124,0.0800,0.0800,8,1,1,0.010,1.002,0.370,0.632,0.828,0.176,0.784,0.228,1.002,0.006,1.000,0.014,1.000,0.010,0.726,0.274,0.214,0.798,0.210,0.792,0.020,0.982,1.002,0.006,0.002,1.000,1.002,0.002,0.170,0.828,0.404,0.600
1791272802,3820.9,16.0863,16.0123,0.0740,0.0740,15,1,1,0.014,0.998,0.720,0.286,0.404,0.598,0.238,0.778,0.226,0.786,1.000,0.006,0.998,0.016,0.604,0.400,1.000,0.000,0.662,0.340,1.002,0.004,1.000,0.012,0.200,0.802,0.570,0.430,0.972,0.028,0.002,1.000
1791272807,3825.9,16.0643,16.0043,0.0600,0.0600,7,1,0,0.036,0.972,0.880,0.120,0.690,0.310,0.588,0.426,0.754,0.254,0.016,0.990,1.000,0.016,0.800,0.204,0.604,0.396,0.214,0.794,0.998,0.006,1.000,0.000,0.226,0.774,0.000,1.000,1.000,0.000,0.000,0.998
1791272812,3830.9,16.0936,16.0216,0.0720,0.0720,8,1,1,0.290,0.722,0.172,0.830,0.780,0.224,1.002,0.012,0.418,0.596,0.396,0.606,0.764,0.242,0.008,0.996,0.602,0.404,1.000,0.010,0.388,0.614,1.000,0.016,0.234,0.772,0.228,0.772,1.002,0.000,0.240,0.762
1791272817,3835.9,16.0684,15.9944,0.0740,0.0740,8,1,1,0.358,0.644,0.802,0.200,0.802,0.206,0.032,0.978,0.804,0.202,0.602,0.398,0.950,0.056,0.802,0.200,0.006,0.998,1.000,0.016,0.604,0.400,1.000,0.000,0.000,1.002,0.976,0.024,0.168,0.834,1.000,0.002
1791272822,3840.9,16.0941,16.0081,0.0860,0.0860,22,1,1,0.068,0.954,0.008,0.996,0.424,0.576,0.588,0.426,0.014,1.002,1.000,0.004,1.000,0.006,0.602,0.398,0.406,0.596,1.002,0.008,0.014,0.986,1.002,0.016,0.000,0.998,0.002,1.002,0.834,0.168,0.424,0.574
1791272827,3845.9,16.1240,16.0120,0.1120,0.1120,14,1,0,0.042,1.000,0.364,0.636,0.002,1.002,1.000,0.014,0.792,0.214,0.210,0.790,1.000,0.008,1.000,0.000,1.002,0.000,0.794,0.224,0.404,0.594,0.606,0.406,0.004,1.000,0.030,0.972,0.568,0.434,0.120,0.888
1791272832,3850.9,16.0977,16.0097,0.0880,0.0880,10,1,3,0.026,1.000,0.376,0.624,0.182,0.822,1.000,0.016,1.002,0.010,0.792,0.214,0.726,0.280,1.000,0.006,0.998,0.002,0.010,1.000,0.482,0.520,1.000,0.014,0.000,1.002,1.002,0.000,0.002,1.000,0.638,0.362
1791272837,3855.9,16.1219,16.0160,0.1060,0.1060,11,1,1,0.206,0.814,0.652,0.354,0.584,0.440,0.894,0.120,0.422,0.588,0.216,0.792,0.208,0.792,0.804,0.200,0.804,0.200,0.024,0.986,0.006,1.000,1.002,0.010,0.360,0.642,0.800,0.202,0.006,1.000,1.000,0.002
1791272842,3860.9,16.1058,15.9938,0.1120,0.1120,9,1,1,0.070,0.968,0.006,0.996,0.398,0.604,1.000,0.014,0.598,0.416,0.196,0.806,1.000,0.002,0.004,0.996,0.792,0.208,1.000,0.000,0.412,0.604,0.214,0.800,0.068,0.932,0.406,0.596,0.238,0.762,1.000,0.000
1791272847,3865.9,16.0918,16.0078,0.0840,0.0840,10,1,0,0.076,0.934,0.012,1.000,0.004,0.998,0.622,0.388,0.224,0.790,0.998,0.002,1.000,0.000,0.992,0.016,0.810,0.188,1.000,0.000,0.010,0.998,0.780,0.242,0.996,0.002,0.972,0.030,0.170,0.834,0.406,0.594
1791272852,3870.9,16.1013,16.0033,0.0980,0.0980,15,1,1,0.254,0.752,0.002,1.002,0.378,0.624,0.986,0.030,0.790,0.220,0.614,0.394,1.000,0.002,0.006,1.000,1.002,0.000,1.002,0.002,0.014,1.002,0.442,0.580,0.732,0.272,0.634,0.368,0.000,1.002,1.002,0.002
1791272857,3875.9,16.0723,16.0083,0.0640,0.0640,8,1,1,0.256,0.750,0.002,1.000,0.678,0.324,0.426,0.588,0.012,0.988,0.994,0.018,1.002,0.002,0.002,1.002,0.998,0.004,0.998,0.000,0.016,1.000,0.228,0.792,0.002,1.000,1.000,0.002,0.434,0.568,1.000,0.000
1791272862,3880.9,16.0624,16.0024,0.0600,0.0600,15,1,1,0.206,0.802,0.778,0.224,0.382,0.618,0.786,0.226,0.002,1.002,1.000,0.000,0.604,0.392,0.806,0.196,0.792,0.212,0.790,0.214,0.816,0.192,0.056,0.954,0.002,1.000,1.000,0.002,0.000,1.002,0.998,0.000
1791272867,3885.9,16.0643,16.0063,0.0580,0.0580,6,1,0,0.196,0.818,0.426,0.574,0.022,0.978,1.000,0.012,0.388,0.612,1.000,0.002,0.000,1.000,1.000,0.000,0.012,0.988,0.954,0.046,1.000,0.008,0.014,1.000,0.016,0.998,0.168,0.832,0.036,0.962,1.002,0.002
1791272872,3890.9,16.0779,16.0179,0.0600,0.0600,12,1,1,0.008,1.000,0.202,0.802,0.780,0.222,1.000,0.016,0.560,0.444,0.908,0.094,0.604,0.398,1.000,0.000,0.604,0.398,0.792,0.212,0.606,0.400,0.012,1.000,0.008,1.000,0.000,1.002,0.578,0.428,0.344,0.658
1791272877,3895.9,16.1104,15.9964,0.1140,0.1140,8,1,1,0.058,0.986,0.768,0.232,1.002,0.002,1.000,0.012,0.004,1.002,0.806,0.194,0.998,0.002,0.400,0.602,0.904,0.100,0.418,0.592,0.786,0.216,0.014,1.000,0.020,1.002,0.432,0.566,0.458,0.544,0.208,0.796
1791272882,3900.9,16.0821,16.0101,0.0720,0.0720,15,1,1,0.030,0.998,0.430,0.574,0.420,0.582,0.410,0.600,0.002,0.998,0.594,0.408,0.968,0.034,0.998,0.000,0.014,0.988,1.000,0.006,0.816,0.188,0.408,0.596,0.632,0.370,1.000,0.002,0.464,0.538,0.000,1.000
1791272887,3905.9,16.0975,16.0115,0.0860,0.0860,14,1,0,0.224,0.796,0.250,0.754,0.002,1.000,1.002,0.014,0.538,0.468,0.808,0.194,1.000,0.000,0.400,0.602,0.042,0.966,1.000,0.008,1.000,0.002,0.026,0.976,0.532,0.492,1.000,0.002,1.002,0.014,0.002,1.000
1791272892,3910.9,16.0969,16.0249,0.0720,0.0720,17,1,3,0.020,1.000,0.004,1.000,0.804,0.202,1.000,0.016,0.006,1.000,0.398,0.602,1.000,0.002,0.240,0.762,0.000,1.000,0.986,0.024,0.584,0.418,0.380,0.622,0.044,0.960,0.604,0.400,1.000,0.012,0.404,0.598
1791272897,3915.9,16.0780,15.9880,0.0900,0.0900,11,1,1,0.242,0.782,0.176,0.824,0.184,0.818,0.624,0.386,0.604,0.400,1.000,0.004,0.402,0.598,0.998,0.000,0.006,1.000,0.004,1.000,0.004,0.998,0.000,1.002,1.000,0.020,1.000,0.004,0.562,0.444,0.446,0.554
1791272902,3920.9,16.0818,16.0018,0.0800,0.0800,9,1,1,0.016,0.996,1.000,0.002,0.460,0.542,0.984,0.026,0.794,0.208,0.408,0.592,0.798,0.202,0.798,0.204,0.016,0.988,0.006,0.998,0.618,0.382,0.802,0.200,1.000,0.016,1.000,0.018,0.604,0.408,1.000,0.002
1791272907,3925.9,16.1041,16.0001,0.1040,0.1040,6,1,0,0.238,0.798,0.226,0.776,0.004,1.000,1.002,0.018,0.410,0.592,0.594,0.404,0.604,0.398,0.002,1.000,1.000,0.000,0.618,0.390,0.184,0.820,0.422,0.576,1.002,0.002,1.000,0.012,0.002,1.000,1.002,0.002
1791272912,3930.9,16.0961,16.0161,0.0800,0.0800,15,1,1,0.184,0.840,0.208,0.794,0.404,0.598,0.430,0.584,1.002,0.000,1.002,0.002,0.038,0.964,0.000,1.000,1.002,0.000,1.000,0.014,0.022,1.000,1.000,0.002,1.000,0.010,0.802,0.200,0.006,1.000,1.000,0.002
1791272917,3935.9,16.1242,16.0042,0.1200,0.1200,12,1,2,0.478,0.544,0.778,0.226,0.604,0.398,0.450,0.564,0.998,0.008,0.406,0.592,0.200,0.798,0.008,0.996,0.910,0.092,1.000,0.034,0.006,1.000,0.180,0.824,0.998,0.016,0.766,0.238,0.008,0.998,0.956,0.044
1791272922,3940.9,16.1518,16.0198,0.1320,0.1320,22,1,5,0.068,0.970,1.002,0.004,0.002,1.002,0.312,0.706,0.012,0.994,0.252,0.752,1.002,0.000,0.892,0.110,0.792,0.210,0.400,0.610,0.604,0.400,0.006,1.002,1.002,0.028,0.406,0.598,0.446,0.570,0.200,0.806
1791272927,3945.9,16.0801,15.9961,0.0840,0.0840,6,1,0,0.092,0.928,0.414,0.600,0.980,0.018,0.392,0.622,0.004,1.000,1.000,0.000,0.602,0.396,1.002,0.002,0.412,0.592,0.016,0.986,0.424,0.576,0.034,0.970,0.960,0.042,0.406,0.598,0.564,0.444,0.960,0.052
1791272932,3950.9,16.0805,16.0046,0.0760,0.0760,8,1,1,0.272,0.748,0.400,0.602,1.000,0.012,0.332,0.682,0.002,1.000,1.000,0.004,0.602,0.400,0.394,0.604,0.388,0.612,0.728,0.270,0.604,0.398,1.000,0.004,0.774,0.248,0.066,0.936,0.000,1.002,0.808,0.194
1791272937,3955.9,16.0824,16.0064,0.0760,0.0760,8,1,1,0.086,0.936,1.000,0.000,0.800,0.208,1.000,0.010,0.002,1.000,0.606,0.396,0.008,0.994,0.002,1.002,0.210,0.790,0.002,1.000,0.582,0.420,0.400,0.602,0.868,0.146,0.638,0.366,0.850,0.158,0.250,0.752
1791272942,3960.9,16.1104,16.0004,0.1100,0.1100,25,1,2,0.012,1.000,1.000,0.002,1.002,0.014,0.226,0.792,0.002,1.000,0.998,0.004,1.002,0.006,0.404,0.596,0.408,0.596,0.416,0.586,0.820,0.182,0.380,0.620,0.998,0.014,0.970,0.038,1.000,0.022,0.204,0.802
1791272947,3965.9,16.0999,16.0219,0.0780,0.0780,13,1,0,0.010,1.000,1.000,0.014,1.000,0.020,0.264,0.752,0.398,0.608,0.404,0.596,0.800,0.200,0.000,1.000,0.998,0.002,0.790,0.214,1.000,0.002,0.028,0.972,1.002,0.012,0.006,1.000,0.564,0.440,0.754,0.250
1791272952,3970.9,16.0819,16.0059,0.0760,0.0760,10,1,3,0.124,0.896,0.224,0.778,0.424,0.590,0.016,1.000,0.810,0.194,0.522,0.480,0.002,1.000,0.000,1.000,0.390,0.610,0.402,0.598,1.000,0.004,0.528,0.470,1.000,0.006,0.010,1.000,0.000,1.000,0.774,0.226
1791272957,3975.9,16.0743,16.0003,0.0740,0.0740,13,1,1,0.440,0.574,0.014,0.994,0.412,0.598,0.802,0.216,0.004,1.000,0.410,0.594,0.002,1.000,0.000,1.000,0.812,0.192,0.002,1.000,1.000,0.000,0.628,0.376,0.704,0.298,0.016,1.000,0.000,0.998,0.604,0.398
1791272962,3980.9,16.1343,16.0123,0.1220,0.1220,11,1,2,0.044,1.000,0.782,0.220,0.404,0.602,1.002,0.024,0.208,0.796,0.000,1.002,0.000,1.002,0.412,0.590,0.374,0.628,0.600,0.400,1.000,0.002,1.000,0.000,1.000,0.010,0.048,0.960,0.642,0.362,0.848,0.170
1791272967,3985.9,16.0663,16.0084,0.0580,0.0580,6,1,0,0.376,0.634,0.848,0.152,0.784,0.222,0.804,0.216,0.054,0.954,0.796,0.204,0.602,0.398,0.396,0.606,0.814,0.186,0.618,0.382,0.780,0.222,0.774,0.230,0.688,0.324,1.000,0.004,1.000,0.000,0.754,0.250
1791272972,3990.9,16.0645,15.9945,0.0700,0.0700,15,1,1,0.046,0.970,1.000,0.002,0.420,0.580,0.020,0.998,0.014,1.000,0.004,0.996,0.402,0.600,0.406,0.592,1.002,0.000,1.000,0.004,0.000,0.998,0.282,0.718,1.002,0.008,0.368,0.632,0.362,0.636,0.146,0.854
1791272977,3995.9,16.0956,16.0116,0.0840,0.0840,10,1,1,0.378,0.634,0.792,0.218,0.004,1.000,0.996,0.014,0.016,1.000,0.004,1.000,1.000,0.000,0.806,0.200,1.002,0.000,1.000,0.004,0.602,0.400,1.002,0.002,0.986,0.028,0.442,0.570,0.332,0.672,1.002,0.002
1791272982,4000.9,16.0880,16.0080,0.0800,0.0800,17,1,2,0.050,0.966,0.010,0.994,0.016,1.000,0.024,0.990,0.996,0.006,0.216,0.802,0.002,1.000,1.000,0.002,0.998,0.000,0.782,0.222,0.002,1.000,0.172,0.828,0.668,0.342,0.604,0.398,0.840,0.162,0.936,0.064
1791272987,4005.9,16.0619,16.0059,0.0560,0.0560,6,1,0,0.026,0.986,0.000,1.000,0.006,1.000,0.030,0.992,1.000,0.002,1.000,0.000,0.606,0.396,1.000,0.002,1.002,0.004,0.000,1.000,0.964,0.038,0.234,0.772,0.860,0.152,0.964,0.036,1.000,0.000,1.000,0.002
1791272992,4011.0,16.1012,16.0152,0.0860,0.0860,8,1,0,0.232,0.776,0.002,1.000,0.014,1.000,0.998,0.020,0.810,0.196,1.000,0.000,1.000,0.004,0.794,0.204,0.998,0.006,0.220,0.796,1.000,0.000,1.000,0.000,1.000,0.014,0.348,0.656,0.964,0.038,0.554,0.448
1791272997,4016.0,16.0663,16.0063,0.0600,0.0600,9,1,2,0.352,0.654,0.380,0.624,0.986,0.016,0.028,0.986,0.006,1.000,1.000,0.000,1.000,0.002,0.808,0.192,0.788,0.214,0.820,0.194,0.580,0.426,1.000,0.000,1.002,0.014,1.000,0.004,0.048,0.952,0.000,0.998
1791273002,4021.0,16.0697,16.0037,0.0660,0.0660,17,1,2,0.008,1.000,0.436,0.566,0.998,0.000,0.016,1.000,0.016,1.000,0.992,0.012,0.998,0.004,1.000,0.000,0.202,0.802,1.000,0.002,0.200,0.798,1.002,0.000,0.826,0.174,0.168,0.834,0.998,0.010,0.846,0.158
1791273007,4026.0,16.0978,16.0078,0.0900,0.0900,14,1,0,0.120,0.904,0.552,0.456,1.002,0.002,0.398,0.616,0.244,0.762,0.606,0.398,0.716,0.286,1.000,0.000,0.818,0.182,0.982,0.022,0.030,0.976,0.774,0.234,1.000,0.010,0.040,0.964,0.958,0.048,0.958,0.050
1791273012,4031.0,16.0976,16.0156,0.0820,0.0820,16,1,2,0.020,0.992,0.786,0.216,0.402,0.598,0.614,0.400,0.020,1.000,0.604,0.398,1.002,0.002,0.592,0.412,0.802,0.206,0.628,0.392,1.002,0.002,0.000,1.000,0.816,0.198,1.000,0.002,0.000,1.002,0.004,1.002
1791273017,4036.0,16.0659,16.0019,0.0640,0.0640,13,1,2,0.052,0.950,0.998,0.008,0.392,0.608,0.214,0.796,0.406,0.598,1.000,0.010,1.000,0.002,0.214,0.788,0.796,0.208,0.604,0.398,0.180,0.822,0.004,1.000,1.000,0.006,1.000,0.002,0.446,0.560,0.000,1.000
1791273022,4041.0,16.0914,16.0195,0.0720,0.0720,11,1,2,0.036,0.976,0.998,0.010,1.000,0.002,0.412,0.600,0.002,1.000,1.000,0.012,0.998,0.000,1.000,0.000,0.406,0.596,1.000,0.002,0.024,0.978,0.022,0.998,1.000,0.006,1.000,0.000,0.998,0.012,0.452,0.546
1791273027,4046.0,16.0783,16.0023,0.0760,0.0760,6,1,0,0.366,0.640,1.002,0.002,0.818,0.186,0.012,1.002,0.006,1.000,1.000,0.002,0.196,0.806,0.792,0.212,1.002,0.002,0.406,0.594,1.000,0.002,0.098,0.914,1.000,0.008,1.000,0.004,0.370,0.642,1.000,0.004
1791273032,4051.0,16.0838,16.0078,0.0760,0.0760,13,1,0,0.306,0.710,0.422,0.576,0.384,0.614,0.014,1.000,0.002,1.000,1.000,0.016,0.000,1.000,0.406,0.596,1.000,0.002,0.980,0.020,0.576,0.424,1.000,0.016,0.980,0.022,0.566,0.438,0.444,0.562,0.550,0.450
1791273037,4056.0,16.0764,15.9965,0.0800,0.0800,10,1,2,0.162,0.846,0.798,0.204,1.000,0.006,0.208,0.810,0.198,0.804,1.000,0.006,0.402,0.600,0.000,1.000,1.000,0.000,0.004,1.000,0.000,1.000,0.782,0.238,1.000,0.006,0.002,1.002,1.002,0.012,0.002,1.000
1791273042,4061.0,16.1023,16.0103,0.0920,0.0920,18,1,2,0.384,0.638,0.824,0.178,1.000,0.002,0.406,0.608,1.002,0.004,1.002,0.016,0.004,0.998,0.418,0.586,0.190,0.812,0.000,1.002,0.004,1.000,0.438,0.572,1.002,0.000,0.002,1.000,0.958,0.056,0.652,0.350
1791273047,4066.0,16.0540,16.0080,0.0460,0.0460,6,1,0,0.030,0.972,0.790,0.208,1.000,0.002,0.614,0.398,0.056,0.950,1.000,0.006,0.680,0.320,0.602,0.400,0.218,0.784,0.424,0.580,0.826,0.174,0.996,0.004,1.000,0.002,0.008,1.000,0.006,1.002,1.000,0.000
1791273052,4071.0,16.0703,16.0003,0.0700,0.0700,6,1,0,0.424,0.582,1.000,0.004,0.220,0.784,0.010,1.000,0.128,0.876,0.562,0.458,1.000,0.000,1.000,0.002,1.000,0.000,1.000,0.000,1.000,0.000,1.002,0.010,1.000,0.002,0.444,0.554,0.652,0.358,1.000,0.000
1791273057,4076.0,16.0875,16.0235,0.0640,0.0640,10,1,2,0.388,0.630,0.602,0.396,0.224,0.780,0.024,0.978,0.290,0.736,0.602,0.410,0.594,0.408,1.002,0.000,1.000,0.000,1.000,0.000,0.178,0.824,1.000,0.014,0.802,0.198,0.964,0.038,1.002,0.004,0.352,0.654
1791273062,4081.0,16.0863,16.0324,0.0540,0.0540,18,1,2,0.202,0.810,0.006,0.998,0.014,0.986,0.992,0.014,0.018,1.000,0.604,0.410,0.788,0.214,0.590,0.410,0.386,0.616,0.382,0.622,0.404,0.598,0.572,0.434,0.694,0.308,0.246,0.768,0.760,0.250,0.000,0.998
1791273067,4086.0,16.0998,15.9778,0.1220,0.1220,14,1,0,0.386,0.642,0.774,0.228,0.206,0.796,1.000,0.004,0.416,0.606,0.418,0.588,0.004,1.000,0.616,0.386,0.836,0.170,0.422,0.576,0.632,0.370,0.232,0.768,0.584,0.416,0.764,0.248,0.008,1.002,0.000,1.002
1791273072,4091.0,16.0855,16.0075,0.0780,0.0780,16,1,2,0.032,0.978,0.422,0.580,0.002,0.998,1.002,0.004,0.418,0.600,0.406,0.594,0.810,0.212,1.002,0.004,0.594,0.410,0.606,0.398,0.374,0.624,0.802,0.198,1.000,0.000,0.014,1.000,0.848,0.160,0.458,0.544
1791273077,4096.0,16.0942,16.0002,0.0940,0.0940,13,1,2,0.022,1.000,0.096,0.904,0.008,0.996,0.354,0.646,0.014,1.002,1.002,0.002,0.214,0.794,1.000,0.000,0.820,0.188,0.406,0.592,0.430,0.574,1.002,0.002,0.964,0.038,0.054,0.958,0.958,0.050,1.002,0.002
1791273082,4101.0,16.1039,16.0099,0.0940,0.0940,10,1,2,0.046,0.994,0.566,0.438,0.590,0.408,0.796,0.206,0.210,0.804,1.000,0.000,0.968,0.044,0.788,0.214,0.610,0.394,1.000,0.002,1.000,0.000,1.000,0.000,0.436,0.570,1.002,0.014,0.004,1.000,0.998,0.012
1791273087,4106.0,16.0636,15.9957,0.0680,0.0680,7,1,0,0.104,0.900,0.488,0.512,1.002,0.002,0.010,0.996,0.016,0.998,0.000,1.000,0.398,0.608,0.814,0.184,1.000,0.004,0.178,0.820,1.000,0.000,0.206,0.794,1.000,0.000,0.998,0.018,0.246,0.756,1.002,0.010
1791273092,4111.0,16.0883,16.0183,0.0700,0.0700,20,1,0,0.014,1.002,0.858,0.142,1.000,0.002,0.396,0.606,0.014,1.002,0.000,1.002,0.616,0.402,1.002,0.000,0.752,0.254,0.024,0.978,1.000,0.002,1.000,0.000,1.000,0.000,0.958,0.052,0.962,0.044,1.000,0.006
1791273097,4116.0,16.1160,16.0120,0.1040,0.1040,11,1,2,0.042,1.000,0.946,0.056,0.014,0.986,0.788,0.216,0.054,0.958,0.608,0.392,1.000,0.006,1.000,0.002,0.962,0.048,0.778,0.222,0.176,0.826,0.368,0.634,1.002,0.002,0.404,0.598,0.266,0.756,0.354,0.658
1791273102,4121.0,16.0920,15.9940,0.0980,0.0980,10,1,2,0.038,0.998,1.000,0.002,0.994,0.006,0.410,0.590,0.214,0.804,1.000,0.000,1.000,0.006,1.000,0.000,0.722,0.282,0.070,0.930,0.002,1.000,0.634,0.364,0.166,0.836,0.002,1.000,0.612,0.404,0.010,1.002
1791273107,4126.0,16.0941,15.9981,0.0960,0.0960,8,1,0,0.314,0.702,0.916,0.086,0.958,0.046,0.004,1.002,1.000,0.014,0.822,0.184,0.794,0.216,1.002,0.002,0.930,0.078,0.006,1.000,0.004,1.002,0.172,0.830,0.002,0.998,0.000,1.002,0.998,0.014,0.858,0.150
1791273112,4131.0,16.0701,16.0141,0.0560,0.0560,7,1,0,0.432,0.584,0.402,0.602,0.192,0.808,0.002,1.000,0.406,0.608,0.002,1.000,0.012,0.994,0.388,0.614,1.000,0.004,0.004,1.002,0.002,0.998,0.002,1.000,0.000,1.000,0.244,0.758,0.802,0.202,0.948,0.056
1791273117,4136.0,16.0702,16.0062,0.0640,0.0640,10,1,2,0.484,0.518,0.602,0.400,0.992,0.010,0.002,1.000,0.016,1.000,0.000,1.000,0.014,0.998,0.218,0.784,1.000,0.006,0.000,1.000,0.008,1.000,0.408,0.598,0.006,1.000,1.000,0.004,1.000,0.000,0.056,0.950
1791273122,4141.0,16.0743,16.0003,0.0740,0.0740,17,1,2,0.466,0.556,1.002,0.000,0.984,0.020,0.002,1.000,0.410,0.604,0.808,0.192,0.604,0.400,1.002,0.000,0.894,0.112,0.000,1.000,0.006,1.000,0.000,1.000,0.640,0.360,1.000,0.000,1.002,0.016,0.998,0.002
1791273127,4146.0,16.1135,16.0155,0.0980,0.0980,15,1,0,0.214,0.802,0.608,0.402,0.700,0.300,0.798,0.204,0.774,0.246,0.408,0.598,0.734,0.284,0.602,0.398,0.722,0.284,0.304,0.700,0.408,0.600,0.436,0.568,1.002,0.000,0.886,0.116,1.000,0.008,1.002,0.012
1791273132,4151.0,16.0801,16.0062,0.0740,0.0740,15,1,2,0.016,1.000,0.816,0.186,0.794,0.206,0.406,0.596,0.012,1.000,0.794,0.202,0.214,0.794,0.790,0.212,1.000,0.006,0.118,0.890,0.410,0.596,0.772,0.232,0.892,0.114,1.000,0.000,0.752,0.250,0.948,0.066
1791273137,4156.0,16.0903,16.0003,0.0900,0.0900,13,1,2,0.020,0.998,0.212,0.788,0.210,0.790,0.002,1.000,0.020,0.992,0.002,1.000,0.810,0.202,0.000,0.998,1.000,0.002,0.628,0.380,0.834,0.166,0.238,0.762,0.958,0.046,0.364,0.646,0.252,0.748,0.272,0.744
1791273142,4161.0,16.1019,16.0059,0.0960,0.0960,11,1,2,0.032,1.000,0.002,1.000,0.394,0.606,0.600,0.402,0.014,1.002,0.406,0.598,0.518,0.496,0.216,0.788,1.002,0.000,1.002,0.012,0.170,0.830,0.604,0.396,0.644,0.356,0.002,1.000,0.998,0.014,0.148,0.854
1791273147,4166.0,16.0944,16.0204,0.0740,0.0740,6,1,0,0.294,0.720,0.284,0.716,0.612,0.390,0.998,0.004,0.020,0.992,0.534,0.468,0.026,1.000,0.782,0.218,0.580,0.422,0.998,0.006,0.000,1.000,0.568,0.434,1.000,0.002,0.206,0.800,0.806,0.214,0.306,0.696
1791273152,4171.0,16.0785,15.9945,0.0840,0.0840,13,1,0,0.048,0.980,0.588,0.412,0.612,0.392,1.002,0.000,0.016,1.000,1.000,0.000,0.010,1.000,0.000,1.000,0.000,1.000,0.578,0.424,0.008,0.998,0.000,1.002,0.360,0.640,0.602,0.398,0.760,0.258,1.000,0.000
1791273157,4176.0,16.0742,16.0022,0.0720,0.0720,10,1,2,0.028,0.986,0.818,0.192,1.000,0.014,0.164,0.840,0.012,1.002,0.406,0.594,0.822,0.180,0.002,1.000,0.002,0.998,0.000,1.002,0.234,0.772,0.002,0.998,0.402,0.598,0.264,0.736,0.010,1.000,0.548,0.450
1791273162,4181.0,16.0976,16.0137,0.0840,0.0840,14,2,2,0.032,0.992,0.750,0.250,0.212,0.794,0.204,0.798,0.470,0.544,0.040,0.966,0.990,0.010,0.818,0.182,0.000,1.002,0.594,0.408,0.774,0.240,0.000,1.002,0.004,1.002,1.002,0.008,0.010,1.000,0.000,1.002
1791273167,4186.0,16.1122,16.0042,0.1080,0.1080,15,1,8,0.208,0.822,1.000,0.004,0.018,1.000,0.002,1.000,0.602,0.414,0.290,0.710,0.004,0.998,0.188,0.814,0.004,1.000,1.002,0.000,0.014,1.000,0.002,1.000,0.442,0.558,1.000,0.004,0.062,0.950,0.060,0.942
1791273172,4191.0,16.0761,16.0001,0.0760,0.0760,6,1,0,0.226,0.794,0.486,0.516,0.004,1.000,0.604,0.396,0.014,1.000,0.250,0.752,0.616,0.384,0.420,0.582,0.002,1.000,0.812,0.190,0.010,1.000,0.042,0.960,0.360,0.644,1.000,0.008,0.810,0.202,1.000,0.000
1791273177,4196.0,16.0878,16.0178,0.0700,0.0700,14,1,4,0.182,0.830,0.002,1.000,0.076,0.940,0.230,0.776,0.012,1.002,0.556,0.448,1.000,0.002,0.716,0.286,0.002,1.000,0.428,0.574,0.838,0.172,1.000,0.002,0.000,1.000,1.002,0.000,1.000,0.024,0.406,0.596
1791273182,4201.0,16.0919,16.0119,0.0800,0.0800,17,1,2,0.558,0.468,0.766,0.234,0.326,0.676,0.004,1.000,0.012,1.000,0.262,0.744,0.602,0.398,0.002,1.000,0.698,0.306,0.952,0.050,1.000,0.008,0.962,0.038,0.442,0.558,0.552,0.448,1.000,0.002,0.800,0.210
1791273187,4206.0,16.0998,16.0079,0.0920,0.0920,12,1,0,0.152,0.864,0.436,0.578,0.596,0.404,0.010,1.000,0.414,0.600,0.874,0.132,1.000,0.002,0.004,1.000,0.380,0.624,0.578,0.422,1.000,0.008,0.440,0.566,0.962,0.044,0.172,0.832,0.950,0.060,0.604,0.402
1791273192,4211.0,16.0619,15.9959,0.0660,0.0660,15,1,2,0.030,0.982,0.998,0.004,0.792,0.212,0.598,0.402,1.000,0.020,1.000,0.002,1.000,0.000,0.008,0.994,0.292,0.708,0.028,0.974,0.972,0.028,0.998,0.000,0.962,0.052,0.130,0.874,0.002,0.998,0.948,0.060
1791273197,4216.0,16.0943,16.0063,0.0880,0.0880,13,1,2,0.034,0.998,0.402,0.602,0.874,0.126,0.404,0.596,0.798,0.226,1.000,0.010,0.792,0.210,0.404,0.596,0.780,0.224,0.898,0.104,0.036,0.964,1.000,0.004,0.762,0.248,0.288,0.716,0.000,1.000,0.886,0.114
1791273202,4221.0,16.0822,16.0122,0.0700,0.0700,11,1,2,0.026,1.002,0.550,0.456,0.606,0.394,0.202,0.798,0.008,1.002,1.002,0.016,0.000,1.000,0.000,1.000,0.966,0.036,0.174,0.824,1.002,0.000,1.002,0.006,0.300,0.706,0.808,0.194,0.256,0.746,1.000,0.000
1791273207,4226.0,16.0857,16.0077,0.0780,0.0780,6,1,0,0.414,0.600,0.412,0.590,0.600,0.402,0.050,0.952,0.012,0.992,1.000,0.034,0.000,1.000,0.416,0.586,0.980,0.020,0.028,0.974,0.966,0.034,0.966,0.038,0.364,0.650,0.004,1.000,1.000,0.000,1.000,0.006
1791273212,4231.0,16.0538,16.0018,0.0520,0.0520,13,1,0,0.346,0.668,0.792,0.210,0.446,0.556,0.000,1.000,0.682,0.322,0.792,0.220,0.006,1.000,0.186,0.816,0.922,0.076,1.000,0.002,0.236,0.766,0.002,1.000,0.000,1.000,0.248,0.754,1.000,0.006,0.578,0.428
1791273217,4236.0,16.0898,16.0119,0.0780,0.0780,14,1,3,0.274,0.746,0.612,0.392,0.004,1.002,0.000,1.000,0.540,0.474,0.002,1.000,0.014,1.002,0.620,0.382,1.002,0.000,1.002,0.000,0.772,0.232,0.002,1.000,0.054,0.956,0.998,0.004,0.606,0.396,0.248,0.758
1791273222,4241.0,16.0735,16.0035,0.0700,0.0700,18,1,2,0.114,0.894,0.598,0.408,0.004,0.998,0.406,0.600,1.000,0.020,0.004,1.000,0.406,0.598,0.586,0.416,0.772,0.232,0.808,0.196,0.602,0.398,0.000,1.002,1.000,0.002,1.002,0.010,1.000,0.000,0.008,0.998
1791273227,4246.0,16.0600,16.0060,0.0540,0.0540,6,1,0,0.210,0.798,0.404,0.596,0.600,0.402,1.000,0.002,1.000,0.024,0.000,1.000,0.602,0.398,0.016,0.992,0.712,0.290,0.998,0.004,0.002,1.002,0.002,0.998,0.556,0.444,0.998,0.008,0.998,0.002,0.062,0.940
1791273232,4251.0,16.0931,16.0072,0.0860,0.0860,7,1,0,0.254,0.752,0.394,0.604,0.000,0.998,1.002,0.000,0.604,0.410,0.022,0.990,0.416,0.590,0.024,1.000,0.206,0.796,1.002,0.000,0.638,0.362,0.240,0.762,0.118,0.886,1.002,0.008,1.000,0.002,0.326,0.678
1791273237,4256.0,16.0663,16.0163,0.0500,0.0500,10,1,2,0.208,0.798,0.024,0.982,0.598,0.406,0.202,0.798,0.014,1.000,1.002,0.002,0.588,0.422,0.006,1.002,0.430,0.572,0.770,0.232,0.566,0.434,0.568,0.436,0.008,1.002,0.552,0.456,1.002,0.002,0.094,0.914
1791273242,4261.0,16.0821,16.0041,0.0780,0.0780,17,1,2,0.204,0.814,0.196,0.806,0.998,0.000,0.198,0.800,0.012,1.000,0.718,0.284,0.016,1.000,0.438,0.580,1.000,0.002,0.002,1.000,0.238,0.764,0.642,0.358,0.446,0.556,0.450,0.556,1.000,0.000,0.288,0.716
1791273247,4266.0,16.1064,16.0024,0.1040,0.1040,13,1,0,0.442,0.588,0.876,0.124,0.012,0.998,1.000,0.004,0.134,0.880,0.974,0.030,0.012,0.998,0.382,0.620,0.574,0.426,0.434,0.568,1.000,0.002,0.760,0.240,1.000,0.004,0.998,0.008,0.944,0.058,0.594,0.412
1791273252,4271.0,16.1042,16.0203,0.0840,0.0840,16,1,2,0.178,0.842,1.002,0.002,0.026,0.992,0.400,0.600,0.016,1.002,0.792,0.216,0.626,0.386,0.002,1.000,0.230,0.772,1.002,0.000,0.638,0.366,0.002,1.002,0.560,0.442,1.002,0.008,0.260,0.744,0.066,0.938
1791273257,4276.0,16.0863,15.9963,0.0900,0.0900,13,1,2,0.214,0.798,0.572,0.442,0.802,0.200,0.002,1.000,0.608,0.408,0.214,0.790,0.592,0.422,0.820,0.182,0.776,0.224,0.998,0.002,0.770,0.232,0.038,0.960,0.002,1.000,0.354,0.648,0.998,0.012,0.116,0.886
1791273262,4281.0,16.0905,16.0105,0.0800,0.0800,10,1,2,0.156,0.866,1.000,0.010,0.002,0.998,0.022,0.998,0.014,1.000,0.694,0.308,0.008,1.000,1.000,0.002,0.426,0.576,1.000,0.002,0.438,0.562,1.002,0.000,0.002,1.000,0.000,1.000,1.002,0.008,0.272,0.734
1791273267,4286.0,16.0720,15.9961,0.0760,0.0760,7,1,0,0.206,0.812,0.404,0.594,0.002,1.000,1.000,0.002,0.014,0.998,1.000,0.000,0.228,0.784,1.000,0.002,1.000,0.002,1.000,0.000,1.000,0.002,0.882,0.120,0.000,1.000,0.650,0.354,0.998,0.010,0.478,0.524
1791273272,4291.0,16.0944,16.0064,0.0880,0.0880,13,1,0,0.036,0.986,1.000,0.004,0.404,0.598,0.604,0.396,0.028,1.002,0.406,0.600,0.786,0.224,0.580,0.424,1.000,0.002,0.970,0.030,0.764,0.236,0.644,0.358,0.000,1.002,0.724,0.286,0.350,0.652,0.020,0.982
1791273277,4296.0,16.0758,16.0138,0.0620,0.0620,10,1,2,0.400,0.614,0.208,0.806,0.004,0.998,0.198,0.804,0.420,0.594,0.786,0.216,0.420,0.594,0.602,0.400,0.378,0.624,0.432,0.570,0.002,1.000,0.000,1.002,0.404,0.596,0.212,0.794,0.456,0.546,0.004,1.000
1791273282,4301.0,16.0920,16.0041,0.0880,0.0880,18,1,2,0.222,0.818,0.208,0.796,0.222,0.782,0.206,0.794,0.998,0.012,0.004,1.000,0.396,0.616,0.818,0.182,0.206,0.794,0.396,0.606,0.000,1.002,0.002,0.998,0.002,1.000,0.004,1.000,0.148,0.854,0.486,0.520
1791273287,4306.0,16.0704,16.0044,0.0660,0.0660,6,1,0,0.022,0.998,0.018,0.984,0.004,1.002,0.404,0.600,0.960,0.054,0.088,0.918,0.034,0.984,1.002,0.000,0.032,0.970,0.830,0.170,0.740,0.260,0.042,0.956,0.002,1.000,0.000,1.000,0.800,0.202,1.000,0.006
1791273292,4311.0,16.0996,16.0096,0.0900,0.0900,6,1,0,0.176,0.852,0.172,0.836,0.000,1.000,1.002,0.010,1.000,0.012,1.000,0.002,1.000,0.022,1.000,0.000,1.002,0.000,0.572,0.432,0.606,0.400,1.002,0.004,0.000,0.998,0.000,1.000,0.256,0.744,0.544,0.458
1791273297,4316.0,16.0580,16.0021,0.0560,0.0560,11,1,2,0.212,0.792,0.368,0.638,0.198,0.800,0.800,0.214,1.000,0.012,1.000,0.004,0.392,0.618,0.178,0.824,0.998,0.000,0.002,1.000,0.768,0.234,1.000,0.000,0.652,0.356,0.002,1.002,1.002,0.000,0.860,0.140
1791273302,4321.0,16.1001,16.0061,0.0940,0.0940,17,1,2,0.380,0.640,0.322,0.686,0.024,0.982,0.608,0.424,1.002,0.014,0.602,0.400,0.628,0.380,0.002,1.000,0.580,0.428,0.004,1.000,0.004,1.000,1.000,0.002,0.356,0.642,0.650,0.348,0.746,0.254,0.544,0.456
1791273307,4326.0,16.1031,16.0151,0.0880,0.0880,13,1,0,0.018,0.990,0.222,0.804,0.000,1.000,1.000,0.010,0.804,0.210,1.002,0.006,0.782,0.220,0.014,1.000,0.434,0.570,0.236,0.764,0.640,0.362,1.002,0.000,0.054,0.948,1.002,0.004,0.402,0.598,0.464,0.542
1791273312,4331.0,16.0818,16.0038,0.0780,0.0780,17,1,2,0.184,0.838,0.636,0.368,1.000,0.000,0.596,0.426,0.798,0.218,0.998,0.002,0.826,0.180,0.004,1.000,0.400,0.602,0.760,0.240,1.000,0.002,0.998,0.000,0.952,0.048,0.550,0.450,0.004,0.998,0.406,0.598
1791273317,4336.0,16.0721,16.0121,0.0600,0.0600,13,1,2,0.278,0.732,0.400,0.610,0.402,0.600,0.002,0.998,0.022,1.000,1.002,0.004,0.998,0.002,0.822,0.176,1.002,0.010,0.002,1.000,1.000,0.000,0.358,0.644,0.682,0.320,0.656,0.344,0.004,1.000,0.740,0.258
1791273322,4341.0,16.0904,16.0004,0.0900,0.0900,10,1,2,0.026,0.990,0.472,0.544,0.798,0.202,0.610,0.396,0.026,1.000,1.000,0.008,0.186,0.820,1.004,0.004,1.000,0.006,0.436,0.568,1.000,0.002,0.000,1.002,1.002,0.002,1.002,0.000,0.856,0.144,0.062,0.938
1791273327,4346.0,16.1084,16.0104,0.0980,0.0980,7,1,0,0.164,0.882,0.392,0.618,1.000,0.002,0.794,0.204,0.816,0.198,0.802,0.216,0.620,0.376,0.998,0.000,1.000,0.012,0.396,0.602,1.002,0.002,0.046,0.954,0.552,0.446,0.346,0.654,1.000,0.000,1.000,0.000
1791273332,4351.0,16.0799,16.0080,0.0720,0.0720,13,1,0,0.462,0.558,0.598,0.406,0.214,0.800,0.810,0.192,0.980,0.032,0.702,0.312,0.384,0.620,0.602,0.398,0.996,0.014,0.168,0.836,0.760,0.240,0.912,0.090,0.002,1.002,0.000,1.000,0.544,0.456,1.000,0.004
1791273337,4356.0,16.0684,15.9905,0.0780,0.0780,11,1,2,0.518,0.492,1.002,0.012,0.942,0.060,1.000,0.002,0.990,0.024,0.360,0.652,0.026,0.978,1.002,0.000,1.002,0.008,0.008,0.998,0.608,0.392,0.000,1.000,0.000,0.998,0.656,0.342,0.062,0.938,1.000,0.000
1791273342,4361.0,16.0879,16.0179,0.0700,0.0700,17,1,2,0.208,0.806,0.610,0.392,0.248,0.764,1.002,0.000,0.014,1.000,0.790,0.222,0.588,0.414,1.000,0.000,0.802,0.212,0.002,1.000,0.302,0.700,0.002,1.000,0.610,0.394,0.952,0.052,0.548,0.456,0.740,0.264
1791273347,4366.0,16.0603,16.0003,0.0600,0.0600,6,1,0,0.508,0.502,0.210,0.790,0.880,0.124,0.396,0.604,0.416,0.594,0.556,0.450,0.432,0.582,0.182,0.820,0.568,0.430,0.638,0.374,1.002,0.000,0.104,0.896,0.002,1.000,0.454,0.544,0.000,0.998,0.994,0.006
1791273352,4371.0,16.0780,15.9961,0.0820,0.0820,6,1,0,0.556,0.456,0.700,0.300,1.000,0.014,0.210,0.792,1.002,0.012,0.006,1.000,0.782,0.226,0.228,0.774,0.000,1.002,1.000,0.022,0.812,0.188,0.556,0.446,0.452,0.550,0.480,0.522,0.662,0.340,0.138,0.862
1791273357,4376.0,16.0703,16.0083,0.0620,0.0620,11,1,2,0.318,0.690,0.606,0.400,0.370,0.632,1.002,0.004,0.326,0.684,0.178,0.828,0.824,0.188,1.000,0.002,0.002,1.002,1.002,0.006,0.606,0.402,0.446,0.554,1.000,0.000,0.254,0.746,0.540,0.460,0.948,0.052
1791273362,4381.0,16.0800,16.0120,0.0680,0.0680,17,1,2,0.282,0.732,0.808,0.204,0.312,0.690,1.000,0.002,0.016,1.002,0.184,0.820,0.386,0.622,0.776,0.226,0.428,0.570,1.000,0.010,0.360,0.642,0.956,0.050,1.000,0.000,1.000,0.002,0.002,0.998,0.540,0.462
1791273367,4386.0,16.0864,16.0144,0.0720,0.0720,12,1,0,0.490,0.524,0.300,0.718,0.002,0.998,0.198,0.802,0.226,0.788,0.418,0.588,0.092,0.916,0.002,0.998,1.000,0.000,0.802,0.208,0.642,0.358,0.598,0.404,1.000,0.008,0.748,0.252,0.260,0.744,0.002,1.002
1791273372,4391.0,16.0681,16.0021,0.0660,0.0660,15,1,2,0.010,1.002,0.688,0.324,0.206,0.796,0.806,0.194,0.208,0.804,0.178,0.826,0.010,1.002,0.000,1.002,1.002,0.000,1.000,0.018,0.406,0.596,1.000,0.002,0.532,0.468,0.000,1.000,1.000,0.000,0.068,0.932
1791273377,4396.0,16.0958,16.0178,0.0780,0.0780,13,1,2,0.122,0.898,1.002,0.008,1.002,0.000,0.786,0.214,0.382,0.632,0.146,0.866,0.008,0.998,0.002,1.000,0.770,0.234,0.170,0.832,1.002,0.006,1.000,0.004,0.144,0.856,0.062,0.944,1.000,0.002,0.140,0.862
1791273382,4401.0,16.0881,16.0001,0.0880,0.0880,10,1,2,0.492,0.514,1.000,0.004,1.002,0.020,0.000,1.002,0.012,1.000,0.358,0.646,0.006,1.002,0.004,1.000,0.406,0.596,0.002,1.000,0.272,0.732,0.998,0.016,0.000,1.000,0.346,0.656,0.998,0.004,0.004,1.000
1791273387,4406.0,16.0859,16.0019,0.0840,0.0840,8,1,0,0.026,0.994,0.894,0.114,0.534,0.468,0.808,0.192,0.014,1.000,0.072,0.938,0.222,0.778,0.040,0.972,0.036,0.966,0.000,0.998,1.000,0.002,1.002,0.022,0.254,0.746,0.260,0.738,1.002,0.000,0.668,0.334
1791273392,4411.0,16.0564,16.0024,0.0540,0.0540,14,1,0,0.004,1.000,0.002,1.002,0.408,0.600,0.606,0.394,0.814,0.198,0.224,0.778,0.998,0.002,0.378,0.628,0.572,0.426,0.000,1.002,0.818,0.180,1.000,0.004,1.000,0.014,0.548,0.454,0.144,0.856,1.000,0.000
1791273397,4416.0,16.1006,16.0066,0.0940,0.0940,10,1,2,0.026,0.994,0.398,0.602,0.984,0.032,0.596,0.406,1.000,0.014,0.060,0.950,1.000,0.000,0.606,0.402,0.010,0.994,0.002,1.000,1.002,0.002,0.758,0.244,1.000,0.014,0.258,0.744,0.066,0.936,0.938,0.064
1791273402,4421.0,16.0922,16.0142,0.0780,0.0780,17,1,2,0.028,1.000,0.402,0.600,1.000,0.004,0.002,1.000,0.594,0.418,0.008,1.000,0.762,0.238,0.232,0.774,0.208,0.796,0.372,0.628,1.000,0.006,0.650,0.352,1.002,0.004,1.000,0.000,1.000,0.002,0.666,0.334
1791273407,4426.0,16.0939,16.0059,0.0880,0.0880,7,1,0,0.018,0.998,0.010,1.000,0.978,0.038,0.810,0.192,0.012,1.000,0.342,0.666,0.780,0.222,1.002,0.000,0.018,0.994,0.002,1.000,1.000,0.004,1.002,0.000,1.000,0.016,1.000,0.004,0.924,0.076,1.000,0.000
1791273412,4431.0,16.0902,16.0062,0.0840,0.0840,6,1,0,0.100,0.926,0.042,0.966,0.408,0.596,0.000,1.002,0.412,0.604,0.282,0.726,0.628,0.372,0.572,0.428,0.636,0.372,0.000,1.002,1.002,0.000,0.354,0.648,1.000,0.010,1.002,0.006,0.342,0.660,0.938,0.066
1791273417,4436.0,16.0762,16.0223,0.0540,0.0540,10,1,2,0.198,0.812,0.118,0.896,0.002,1.000,0.412,0.590,0.818,0.196,0.108,0.896,0.582,0.420,0.402,0.598,0.800,0.202,0.046,0.960,0.998,0.002,0.002,1.000,1.000,0.004,0.348,0.656,0.562,0.442,0.002,1.000
1791273422,4441.0,16.0604,15.9984,0.0620,0.0620,17,1,2,0.028,0.992,0.220,0.780,0.004,1.000,1.000,0.004,1.000,0.014,0.534,0.472,0.000,1.000,0.632,0.370,1.002,0.000,0.374,0.626,0.960,0.044,0.050,0.952,0.952,0.048,0.006,1.000,1.000,0.002,0.534,0.464
1791273427,4446.0,16.1078,16.0018,0.1060,0.1060,13,1,0,0.016,0.998,0.606,0.396,0.004,1.000,1.000,0.026,1.000,0.016,0.216,0.796,0.004,1.000,0.602,0.398,0.368,0.632,0.800,0.200,0.000,0.998,1.000,0.010,0.458,0.548,0.012,1.000,1.000,0.004,1.000,0.002
1791273432,4451.0,16.0603,16.0023,0.0580,0.0580,16,1,2,0.214,0.796,1.000,0.002,0.022,0.984,0.746,0.256,1.000,0.012,0.004,1.000,0.208,0.796,1.000,0.002,0.000,1.002,0.202,0.800,0.046,0.958,0.354,0.648,1.002,0.006,0.468,0.542,0.998,0.000,1.000,0.000
1791273437,4456.1,16.0864,16.0064,0.0800,0.0800,13,1,2,0.012,1.000,0.004,0.998,0.594,0.406,0.012,1.002,0.936,0.078,0.008,0.998,0.424,0.580,0.974,0.028,0.090,0.910,0.172,0.832,1.000,0.000,0.048,0.956,1.000,0.014,1.002,0.004,0.942,0.066,1.002,0.002
1791273442,4461.1,16.0601,16.0041,0.0560,0.0560,10,1,2,0.018,1.000,0.602,0.402,0.998,0.002,0.006,1.000,0.014,1.000,0.136,0.872,0.976,0.024,0.432,0.566,0.000,1.000,0.364,0.636,0.758,0.242,0.752,0.246,0.362,0.644,0.998,0.002,0.440,0.564,1.000,0.000
1791273447,4466.1,16.0838,16.0138,0.0700,0.0700,6,1,0,0.390,0.622,0.600,0.400,0.010,0.992,0.820,0.194,0.228,0.786,0.352,0.656,0.432,0.566,1.000,0.000,0.002,1.000,0.002,1.000,0.000,0.998,0.000,1.002,0.754,0.262,0.746,0.256,1.000,0.010,1.000,0.000
1791273452,4471.1,16.0681,16.0301,0.0380,0.0380,13,1,0,0.414,0.596,0.406,0.596,0.408,0.598,1.002,0.002,0.988,0.026,0.008,1.000,0.804,0.198,1.002,0.000,0.000,1.000,0.000,1.000,0.650,0.354,0.056,0.946,0.656,0.356,0.268,0.740,0.406,0.596,0.934,0.068
1791273457,4476.1,16.0583,15.9843,0.0740,0.0740,10,1,2,0.196,0.814,0.008,0.998,0.394,0.608,0.604,0.402,0.008,1.000,0.420,0.582,1.000,0.000,0.200,0.802,0.636,0.364,0.440,0.562,1.000,0.000,0.456,0.544,1.002,0.012,0.260,0.742,0.540,0.468,0.314,0.688
1791273462,4481.1,16.0596,16.0176,0.0420,0.0420,19,1,2,0.008,1.000,0.226,0.776,0.998,0.004,0.892,0.116,0.214,0.802,1.000,0.004,1.000,0.000,0.600,0.400,0.766,0.238,0.572,0.426,1.000,0.000,0.554,0.448,0.750,0.260,1.000,0.000,0.008,0.998,0.602,0.398
1791273467,4486.1,16.0819,15.9959,0.0860,0.0860,6,1,0,0.068,0.942,0.398,0.602,0.596,0.404,0.408,0.596,0.632,0.392,1.002,0.008,1.002,0.002,0.374,0.630,0.002,0.998,0.002,1.002,1.000,0.002,0.000,1.000,0.460,0.552,1.000,0.002,0.008,1.002,0.004,0.998
1791273472,4491.1,16.0703,16.0143,0.0560,0.0560,6,1,0,0.066,0.952,0.004,1.000,0.204,0.800,0.194,0.808,0.998,0.020,0.384,0.620,0.576,0.426,0.834,0.168,0.006,0.994,0.004,1.002,0.604,0.396,0.000,1.000,1.000,0.010,0.474,0.528,0.008,0.998,0.272,0.730
1791273477,4496.1,16.0838,15.9978,0.0860,0.0860,10,1,2,0.064,0.952,0.004,1.000,0.002,1.000,0.610,0.390,0.788,0.226,0.016,1.000,0.828,0.168,0.774,0.224,0.076,0.924,0.046,0.956,0.556,0.446,0.848,0.152,0.998,0.016,0.458,0.546,0.606,0.400,0.342,0.664
1791273482,4501.1,16.0862,16.0083,0.0780,0.0780,17,1,2,0.026,1.000,0.004,1.000,0.002,1.000,0.592,0.408,0.628,0.390,0.404,0.598,1.000,0.004,0.434,0.568,1.002,0.002,0.064,0.940,0.000,1.000,0.966,0.036,0.746,0.266,1.002,0.000,0.466,0.532,0.278,0.734
1791273487,4506.1,16.1109,16.0509,0.0600,0.0600,13,1,0,0.024,1.002,0.644,0.362,0.208,0.798,0.004,1.004,1.000,0.018,0.450,0.556,0.186,0.830,0.366,0.636,1.000,0.000,0.044,0.960,0.206,0.796,0.954,0.048,0.814,0.200,0.942,0.060,0.136,0.866,0.936,0.072
1791273492,4511.1,16.0819,15.9679,0.1140,0.1140,16,1,2,0.588,0.430,1.000,0.006,0.806,0.198,0.000,0.998,0.998,0.014,0.066,0.940,0.426,0.576,0.008,0.998,1.000,0.000,0.548,0.460,0.002,1.000,0.212,0.790,0.732,0.280,0.968,0.032,0.000,1.002,0.468,0.530
1791273497,4516.1,16.0841,16.0001,0.0840,0.0840,13,1,2,0.022,0.994,0.796,0.204,0.412,0.594,0.004,1.000,1.002,0.014,0.034,0.976,0.374,0.628,0.008,0.998,0.164,0.836,0.006,1.000,0.646,0.354,0.000,1.000,0.998,0.012,1.000,0.004,0.002,0.998,0.736,0.268
1791273502,4521.1,16.1022,16.0022,0.1000,0.1000,10,1,2,0.022,1.002,0.004,1.000,0.602,0.398,0.408,0.598,1.000,0.012,0.460,0.546,0.634,0.374,0.022,1.002,0.000,1.002,0.024,0.980,1.000,0.000,0.656,0.348,0.342,0.672,0.744,0.258,0.006,1.000,0.000,1.002
1791273507,4526.1,16.0540,16.0180,0.0360,0.0360,7,1,0,0.010,0.994,0.116,0.882,1.000,0.000,0.000,1.000,1.002,0.016,1.000,0.002,0.972,0.028,0.040,0.966,0.602,0.398,0.004,1.000,1.000,0.000,1.000,0.002,1.000,0.010,0.000,1.002,0.008,1.002,0.000,0.998
1791273512,4531.1,16.1300,16.0041,0.1260,0.1260,19,1,0,0.014,1.002,1.002,0.010,0.800,0.208,0.010,1.000,0.998,0.016,0.604,0.396,0.812,0.192,0.840,0.164,0.256,0.758,0.004,1.000,0.754,0.250,0.752,0.246,0.946,0.072,0.666,0.338,0.022,1.000,0.002,1.000
1791273517,4536.1,16.1237,16.0117,0.1120,0.1120,18,1,7,0.278,0.728,0.808,0.198,0.612,0.396,0.814,0.188,0.998,0.020,0.776,0.224,0.000,1.002,1.000,0.008,0.086,0.918,0.004,1.002,0.004,1.000,0.856,0.150,0.500,0.510,0.738,0.264,0.018,1.000,0.884,0.138
1791273522,4541.1,16.0916,16.0096,0.0820,0.0820,15,1,1,0.008,1.000,0.722,0.284,0.808,0.196,0.950,0.050,0.804,0.212,0.182,0.840,0.830,0.176,0.594,0.408,0.604,0.396,0.004,1.000,0.448,0.552,0.748,0.252,1.000,0.002,0.004,1.000,0.870,0.142,0.732,0.276
1791273527,4546.1,16.0681,15.9982,0.0700,0.0700,6,1,0,0.018,0.990,0.518,0.484,1.000,0.004,1.002,0.004,1.000,0.020,0.976,0.024,1.002,0.004,1.000,0.000,0.404,0.598,0.004,1.000,1.002,0.002,0.000,1.000,1.000,0.000,0.798,0.202,1.000,0.010,0.474,0.536
1791273532,4551.1,16.0722,16.0082,0.0640,0.0640,6,1,0,0.018,0.998,0.584,0.416,0.194,0.808,0.998,0.012,1.002,0.014,0.626,0.374,0.176,0.826,0.368,0.632,0.640,0.362,0.002,0.998,0.998,0.002,0.002,1.000,0.580,0.422,0.000,0.998,1.002,0.008,0.612,0.402
1791273537,4556.1,16.0582,15.9962,0.0620,0.0620,13,1,3,0.208,0.794,0.256,0.742,0.216,0.788,1.002,0.004,0.192,0.820,0.776,0.224,0.630,0.374,0.636,0.368,0.762,0.238,0.280,0.726,0.356,0.648,0.454,0.546,0.402,0.598,0.264,0.738,0.338,0.670,0.342,0.678
1791273542,4561.1,16.1307,16.0087,0.1220,0.1220,24,1,1,0.054,0.980,0.002,1.000,0.198,0.814,0.592,0.434,0.792,0.224,0.796,0.206,0.804,0.202,1.000,0.002,0.002,1.000,0.052,0.954,0.406,0.596,0.948,0.056,0.664,0.338,0.744,0.260,0.004,1.000,0.606,0.402
1791273547,4566.1,16.0959,16.0200,0.0760,0.0760,12,1,0,0.354,0.674,0.996,0.006,0.810,0.192,0.816,0.188,0.790,0.228,1.000,0.002,0.972,0.032,0.970,0.032,0.002,1.000,0.302,0.702,0.000,1.002,1.002,0.000,0.748,0.254,0.002,0.998,0.006,1.000,0.678,0.338
1791273552,4571.1,16.0922,16.0042,0.0880,0.0880,9,1,2,0.026,0.998,0.602,0.398,0.996,0.014,0.188,0.816,0.030,1.000,0.778,0.224,0.428,0.572,0.604,0.398,0.638,0.364,0.004,1.000,0.002,0.998,0.548,0.454,0.824,0.180,0.000,1.000,0.000,1.000,1.000,0.008
1791273557,4576.1,16.0954,16.0054,0.0900,0.0900,16,1,3,0.120,0.898,0.020,0.998,0.308,0.700,0.802,0.198,0.020,0.996,0.036,0.976,0.234,0.772,0.956,0.046,1.000,0.000,0.170,0.834,0.052,0.950,0.000,1.000,0.942,0.060,0.466,0.540,0.272,0.732,1.000,0.008
1791273562,4581.1,16.0813,16.0133,0.0680,0.0680,8,1,1,0.022,0.998,0.456,0.544,0.978,0.030,0.870,0.132,0.820,0.198,0.836,0.170,0.234,0.772,0.004,1.000,1.002,0.000,0.002,1.000,0.352,0.650,0.000,1.002,0.060,0.938,1.000,0.002,1.000,0.000,0.336,0.672
1791273567,4586.1,16.0858,16.0158,0.0700,0.0700,7,1,0,0.168,0.844,0.996,0.006,0.796,0.220,0.490,0.510,0.388,0.626,0.376,0.626,0.074,0.938,0.002,1.000,1.000,0.002,0.316,0.688,0.002,0.998,0.002,1.000,1.000,0.000,1.000,0.002,0.200,0.800,0.790,0.230
1791273572,4591.1,16.0863,16.0023,0.0840,0.0840,14,1,0,0.008,1.000,0.414,0.586,0.228,0.794,0.000,1.000,0.626,0.386,0.176,0.826,0.324,0.686,0.044,0.962,0.998,0.006,0.756,0.246,0.252,0.752,0.002,1.000,1.000,0.000,1.000,0.000,1.000,0.002,0.998,0.016
1791273577,4596.1,16.1163,16.0003,0.1160,0.1160,13,1,3,0.220,0.798,0.926,0.090,0.780,0.232,0.612,0.392,0.590,0.424,0.406,0.598,0.632,0.374,0.376,0.640,1.002,0.004,0.248,0.756,1.000,0.002,0.258,0.740,1.000,0.004,1.002,0.000,1.000,0.002,0.732,0.286
1791273582,4601.1,16.0761,16.0141,0.0620,0.0620,15,1,1,0.214,0.800,0.588,0.422,0.004,0.998,1.000,0.010,0.014,1.000,0.000,1.000,1.000,0.002,0.438,0.564,0.962,0.038,1.000,0.000,1.000,0.002,0.148,0.858,1.002,0.002,0.336,0.666,0.536,0.470,0.856,0.154
1791273587,4606.1,16.0764,16.0044,0.0720,0.0720,6,1,0,0.210,0.798,0.158,0.842,0.008,1.002,0.186,0.814,0.014,1.000,0.010,1.000,1.000,0.002,0.188,0.832,1.000,0.004,1.000,0.002,0.998,0.002,0.002,0.998,0.998,0.000,0.004,1.000,0.000,1.000,0.552,0.452
1791273592,4611.1,16.0562,16.0062,0.0500,0.0500,6,1,0,0.004,0.996,1.002,0.000,0.006,0.998,0.820,0.182,0.630,0.386,0.232,0.774,0.176,0.830,0.608,0.394,0.358,0.642,1.000,0.002,1.000,0.004,0.002,1.002,0.470,0.534,0.468,0.532,0.002,1.000,1.000,0.006
1791273597,4616.1,16.1020,16.0180,0.0840,0.0840,13,1,3,0.212,0.798,0.398,0.606,0.220,0.786,0.386,0.618,1.002,0.020,1.000,0.000,0.004,1.002,0.022,1.002,0.800,0.204,0.866,0.148,0.954,0.050,0.494,0.506,0.062,0.940,0.736,0.266,0.470,0.528,0.832,0.170
1791273602,4621.1,16.0779,16.0020,0.0760,0.0760,16,1,1,0.022,1.000,0.996,0.004,0.988,0.012,0.000,0.998,0.982,0.040,1.002,0.004,0.240,0.764,0.010,0.998,0.004,1.000,0.360,0.646,0.002,1.000,1.000,0.000,0.740,0.260,0.002,1.000,1.000,0.000,0.574,0.432
1791273607,4626.1,16.1195,16.0115,0.1080,0.1080,13,1,0,0.216,0.794,0.974,0.032,0.008,1.000,0.230,0.776,0.014,1.002,0.602,0.402,0.608,0.412,0.014,1.002,0.650,0.364,0.002,1.000,0.002,1.000,1.000,0.004,0.866,0.138,0.006,1.000,0.928,0.072,0.998,0.004
1791273612,4631.1,16.0981,16.0181,0.0800,0.0800,16,1,2,0.002,1.002,0.806,0.196,0.014,0.988,1.002,0.000,0.234,0.780,0.972,0.036,0.974,0.040,0.642,0.366,0.976,0.042,0.054,0.954,0.660,0.350,1.000,0.002,0.936,0.066,0.066,0.934,0.002,1.002,0.836,0.174
1791273617,4636.1,16.0701,16.0001,0.0700,0.0700,15,1,3,0.208,0.804,0.596,0.408,0.678,0.320,0.784,0.216,0.392,0.618,0.008,1.000,0.016,0.992,1.000,0.006,0.162,0.842,1.000,0.002,0.728,0.272,0.984,0.020,1.002,0.004,0.340,0.664,0.208,0.794,1.000,0.004
1791273622,4641.1,16.0852,16.0212,0.0640,0.0640,8,1,1,0.402,0.614,0.000,1.000,0.418,0.584,0.018,0.982,0.012,1.002,0.440,0.570,0.634,0.366,1.000,0.022,0.842,0.160,0.404,0.598,0.014,1.000,0.908,0.092,0.998,0.000,0.002,1.002,0.800,0.198,0.820,0.186
1791273627,4646.1,16.0776,15.9996,0.0780,0.0780,7,1,0,0.578,0.428,0.000,1.000,0.596,0.404,0.004,0.998,0.038,0.972,1.000,0.008,1.002,0.002,1.002,0.016,0.960,0.044,0.956,0.054,0.610,0.400,1.002,0.000,0.608,0.396,0.866,0.136,0.004,1.000,1.002,0.006
1791273632,4651.1,16.0837,16.0117,0.0720,0.0720,14,1,0,0.204,0.802,0.244,0.756,0.016,0.984,0.000,1.000,1.000,0.012,0.972,0.042,1.000,0.002,0.362,0.646,0.252,0.752,0.054,0.952,0.262,0.758,0.998,0.002,0.032,0.970,0.338,0.664,0.872,0.130,0.998,0.004
1791273637,4656.1,16.0843,16.0063,0.0780,0.0780,12,1,3,0.012,1.000,0.006,0.998,0.866,0.138,0.002,1.000,0.976,0.036,0.040,0.970,0.176,0.826,0.002,0.998,1.000,0.004,0.370,0.646,0.154,0.852,0.344,0.658,0.000,1.000,0.670,0.328,1.000,0.000,1.002,0.006
1791273642,4661.1,16.0783,16.0023,0.0760,0.0760,15,1,1,0.330,0.682,0.212,0.790,1.000,0.000,0.002,1.000,0.012,1.002,1.000,0.010,0.238,0.766,0.014,0.994,0.562,0.448,0.542,0.466,0.016,1.000,0.002,1.000,0.002,1.002,1.000,0.002,1.000,0.002,0.998,0.002
1791273647,4666.1,16.0939,16.0139,0.0800,0.0800,7,1,0,0.426,0.598,0.960,0.042,0.590,0.412,0.818,0.182,0.014,1.000,1.000,0.008,1.000,0.000,0.014,1.002,0.014,0.992,0.070,0.930,0.010,1.000,0.002,1.002,0.408,0.596,1.002,0.002,0.406,0.596,1.002,0.004
1791273652,4671.1,16.0756,16.0037,0.0720,0.0720,6,1,0,0.448,0.560,1.000,0.002,0.816,0.184,1.002,0.000,0.168,0.844,1.002,0.006,1.000,0.000,0.638,0.360,0.004,1.000,0.632,0.378,0.020,1.000,0.000,0.998,0.200,0.802,0.998,0.002,1.000,0.002,0.960,0.044
1791273657,4676.1,16.0763,16.0004,0.0760,0.0760,12,1,3,0.016,1.000,0.228,0.772,1.000,0.000,1.000,0.002,0.018,1.000,0.806,0.202,1.000,0.002,0.962,0.040,0.014,1.002,0.858,0.150,0.006,1.000,0.262,0.740,0.000,1.002,0.938,0.064,0.132,0.870,0.514,0.486
1791273662,4681.1,16.0960,16.0120,0.0840,0.0840,15,1,1,0.020,0.992,0.818,0.184,0.808,0.192,1.000,0.000,0.016,1.000,0.576,0.436,0.572,0.432,0.012,1.002,0.456,0.560,0.998,0.004,0.828,0.176,1.002,0.000,0.000,1.000,0.004,1.002,0.474,0.526,0.746,0.262
1791273667,4686.1,16.1097,16.0057,0.1040,0.1040,13,1,0,0.082,0.960,0.408,0.596,0.400,0.602,0.982,0.018,0.216,0.800,0.630,0.372,0.036,0.966,0.008,1.000,0.958,0.048,1.000,0.010,1.000,0.002,0.344,0.658,0.004,1.000,0.580,0.424,0.728,0.274,1.000,0.004
1791273672,4691.1,16.1002,16.0122,0.0880,0.0880,16,1,2,0.222,0.794,0.996,0.002,0.998,0.002,0.368,0.636,0.246,0.774,0.376,0.624,0.604,0.396,0.414,0.598,0.006,1.000,0.364,0.652,0.914,0.084,0.208,0.796,0.016,1.000,0.998,0.006,0.000,1.000,0.734,0.268
1791273677,4696.1,16.1140,16.0001,0.1140,0.1140,15,1,3,0.038,0.994,1.000,0.002,1.002,0.000,0.224,0.778,1.000,0.018,0.636,0.368,1.000,0.000,0.006,1.002,0.004,1.002,0.016,1.002,1.000,0.004,0.000,0.998,0.010,1.000,1.002,0.000,0.004,1.000,1.002,0.006
1791273682,4701.1,16.0916,16.0116,0.0800,0.0800,8,1,1,0.228,0.804,0.194,0.810,0.998,0.002,0.800,0.198,1.002,0.016,0.802,0.200,1.000,0.000,0.008,1.000,0.654,0.352,0.002,1.000,1.000,0.006,0.062,0.942,0.024,1.002,0.334,0.668,0.074,0.926,1.000,0.004
1791273687,4706.1,16.1041,16.0021,0.1020,0.1020,6,1,0,0.234,0.800,0.800,0.200,0.988,0.018,1.000,0.000,0.608,0.406,0.998,0.000,0.964,0.036,0.004,0.998,0.756,0.246,0.016,0.998,1.000,0.000,1.000,0.004,0.018,0.998,0.004,1.000,0.606,0.398,0.956,0.046
1791273692,4711.1,16.0979,15.9979,0.1000,0.1000,13,1,0,0.446,0.596,0.614,0.386,1.000,0.000,0.604,0.398,0.584,0.428,1.002,0.002,0.038,0.962,0.052,0.960,0.378,0.630,0.252,0.754,0.820,0.184,0.540,0.460,0.008,1.000,0.268,0.732,1.000,0.000,0.892,0.112
1791273697,4716.1,16.1401,16.0301,0.1100,0.1100,12,1,3,0.036,1.000,0.628,0.382,0.582,0.418,0.586,0.416,0.238,0.778,0.998,0.002,1.000,0.002,1.000,0.012,0.600,0.406,0.956,0.048,0.358,0.662,0.000,1.002,0.020,1.002,0.922,0.080,1.000,0.004,1.000,0.004
1791273702,4721.1,16.0721,16.0001,0.0720,0.0720,16,1,1,0.360,0.650,0.378,0.622,0.222,0.778,0.624,0.376,0.998,0.016,0.934,0.070,1.000,0.000,0.606,0.406,1.000,0.002,0.558,0.442,0.462,0.554,0.464,0.536,0.004,1.000,0.332,0.672,1.000,0.004,0.920,0.088
1791273707,4726.1,16.0762,15.9942,0.0820,0.0820,6,1,0,0.388,0.618,0.454,0.554,0.184,0.818,0.406,0.596,1.002,0.014,0.000,1.000,1.000,0.004,0.246,0.756,0.762,0.246,0.000,1.000,1.002,0.012,0.144,0.854,0.666,0.340,0.018,0.998,0.330,0.670,0.944,0.056
1791273712,4731.1,16.1303,16.0183,0.1120,0.1120,6,1,0,0.064,1.000,0.388,0.614,0.356,0.644,0.782,0.218,0.210,0.802,0.034,0.968,0.168,0.832,1.000,0.002,0.606,0.400,0.252,0.752,0.742,0.256,0.014,1.002,0.642,0.358,0.590,0.416,0.880,0.124,1.002,0.004
1791273717,4736.1,16.1244,16.0144,0.1100,0.1100,12,1,3,0.056,1.000,0.250,0.752,0.988,0.016,0.000,1.000,0.582,0.434,1.000,0.000,0.000,1.000,1.000,0.004,0.006,0.998,1.002,0.008,0.460,0.544,0.468,0.536,0.002,1.002,1.000,0.022,1.000,0.002,1.000,0.008
1791273722,4741.1,16.0664,16.0004,0.0660,0.0660,16,1,1,0.146,0.864,0.388,0.612,0.000,0.998,0.022,0.978,0.012,1.000,1.002,0.000,0.802,0.202,0.998,0.004,0.008,1.000,0.950,0.054,1.000,0.006,0.604,0.398,0.006,0.998,0.334,0.674,1.000,0.002,0.810,0.198
1791273727,4746.1,16.1120,16.0100,0.1020,0.1020,14,1,0,0.036,1.000,0.644,0.366,0.004,1.002,0.404,0.594,0.016,1.000,0.998,0.004,0.002,0.998,0.944,0.058,0.006,1.002,0.052,0.952,0.744,0.254,0.542,0.462,0.016,1.002,0.002,0.998,0.924,0.078,0.828,0.182
1791273732,4751.1,16.1099,16.0219,0.0880,0.0880,16,1,2,0.042,0.998,1.000,0.006,0.000,1.000,0.874,0.132,0.000,1.002,1.002,0.012,0.238,0.762,1.002,0.004,0.212,0.796,0.946,0.050,0.860,0.142,0.404,0.598,0.008,1.000,0.484,0.526,0.002,1.000,0.546,0.458
1791273737,4756.1,16.1202,16.0063,0.1140,0.1140,15,1,3,0.210,0.816,0.212,0.798,0.010,1.000,1.000,0.006,0.008,0.998,0.604,0.406,0.562,0.438,0.964,0.036,0.066,0.950,0.006,1.002,0.542,0.460,0.002,0.998,0.078,0.934,1.000,0.010,0.730,0.276,0.894,0.110
1791273742,4761.1,16.0642,16.0022,0.0620,0.0620,8,1,1,0.414,0.602,0.998,0.000,0.012,0.990,1.000,0.004,0.014,1.000,0.968,0.034,0.000,1.002,0.562,0.442,0.802,0.200,0.454,0.552,0.260,0.740,0.282,0.722,0.056,0.948,0.732,0.274,0.876,0.126,1.000,0.002
1791273747,4766.1,16.0895,16.0115,0.0780,0.0780,6,1,0,0.286,0.724,0.802,0.198,0.424,0.576,1.000,0.008,0.016,1.002,0.238,0.764,0.002,1.000,0.004,1.000,1.000,0.002,0.944,0.070,0.744,0.258,1.000,0.002,0.284,0.738,0.000,1.000,0.724,0.276,1.000,0.006
1791273752,4771.1,16.0578,16.0058,0.0520,0.0520,13,1,0,0.392,0.614,0.788,0.214,0.778,0.222,0.184,0.822,0.014,1.000,0.652,0.346,0.402,0.596,0.006,1.000,0.962,0.042,0.950,0.054,0.064,0.942,1.000,0.000,0.936,0.072,0.674,0.332,0.878,0.122,0.888,0.118
1791273757,4776.1,16.0855,16.0195,0.0660,0.0660,13,1,3,0.018,1.002,0.010,0.990,0.422,0.580,0.012,1.002,0.012,1.000,0.856,0.146,0.638,0.364,0.000,1.000,0.754,0.248,0.014,1.002,1.000,0.002,0.340,0.660,0.000,1.000,0.340,0.676,0.326,0.678,0.988,0.014
1791273762,4781.1,16.0842,15.9863,0.0980,0.0980,16,1,1,0.142,0.858,0.000,1.002,0.182,0.818,0.636,0.376,0.444,0.568,0.762,0.252,0.764,0.236,0.002,1.002,0.254,0.752,0.608,0.390,1.002,0.006,0.800,0.204,0.002,1.002,0.018,1.000,0.480,0.520,0.956,0.050
1791273767,4786.1,16.0653,16.0553,0.0100,0.0100,6,1,0,0.336,0.670,0.418,0.582,0.624,0.378,1.000,0.008,0.572,0.432,0.768,0.240,0.642,0.360,0.002,1.000,1.000,0.000,0.456,0.546,0.542,0.476,0.000,1.000,0.002,1.000,0.010,1.000,1.000,0.000,0.962,0.042
1791273772,4791.1,16.0620,15.9700,0.0920,0.0920,6,1,0,0.266,0.738,0.660,0.340,1.000,0.002,0.578,0.430,0.808,0.204,0.336,0.664,1.000,0.002,0.446,0.556,0.754,0.254,0.946,0.054,0.000,1.000,0.006,1.000,0.306,0.696,0.092,0.930,0.524,0.476,0.920,0.084
1791273777,4796.1,16.1122,15.9982,0.1140,0.1140,13,1,3,0.038,0.992,0.520,0.478,0.784,0.218,0.036,0.976,1.002,0.012,0.970,0.034,1.002,0.002,1.000,0.000,0.850,0.152,0.000,1.000,0.014,1.002,0.006,1.002,1.000,0.002,0.340,0.672,0.002,1.000,0.830,0.176
1791273782,4801.1,16.0720,16.0140,0.0580,0.0580,15,1,1,0.252,0.748,0.006,1.000,0.206,0.794,0.998,0.008,0.802,0.212,0.040,0.960,0.998,0.000,0.758,0.244,1.000,0.000,0.336,0.666,0.002,1.000,0.016,1.000,0.336,0.668,0.674,0.338,0.000,1.000,1.000,0.004
1791273787,4806.1,16.1020,16.0120,0.0900,0.0900,13,1,0,0.018,1.000,0.692,0.310,0.384,0.622,0.584,0.430,1.000,0.008,0.568,0.438,0.762,0.242,0.444,0.558,0.404,0.600,0.346,0.658,0.004,1.000,0.670,0.332,0.644,0.366,0.544,0.478,0.882,0.122,1.000,0.000
1791273792,4811.1,16.0782,16.0022,0.0760,0.0760,16,1,2,0.014,0.998,0.368,0.630,0.622,0.378,0.016,1.000,0.808,0.200,0.602,0.402,0.000,1.000,1.000,0.000,1.000,0.000,0.002,1.000,0.016,1.000,1.000,0.002,0.932,0.074,0.824,0.186,0.926,0.078,1.000,0.000
1791273797,4816.1,16.1057,16.0297,0.0760,0.0760,15,1,3,0.472,0.550,0.008,1.002,1.002,0.004,0.430,0.574,0.778,0.240,0.688,0.318,0.000,1.000,0.356,0.648,1.000,0.002,0.410,0.598,0.662,0.346,1.002,0.000,0.588,0.416,1.000,0.020,0.678,0.324,0.722,0.286
1791273802,4821.1,16.0699,16.0000,0.0700,0.0700,8,1,1,0.010,1.000,0.220,0.780,1.002,0.000,1.000,0.000,0.386,0.636,0.364,0.636,0.206,0.794,0.454,0.550,0.406,0.594,0.458,0.544,0.998,0.014,0.914,0.086,0.710,0.296,0.412,0.600,0.922,0.078,0.162,0.838
1791273807,4826.1,16.0920,16.0001,0.0920,0.0920,7,1,0,0.026,1.000,0.690,0.314,1.000,0.002,1.000,0.000,0.022,1.000,0.004,1.000,0.000,1.000,0.752,0.248,0.550,0.452,0.044,0.960,0.988,0.028,0.476,0.528,0.998,0.006,0.536,0.474,0.002,1.000,0.998,0.000
1791273812,4831.1,16.0959,16.0119,0.0840,0.0840,13,1,0,0.508,0.496,0.602,0.402,1.000,0.000,0.574,0.428,0.018,1.000,0.000,1.000,0.000,1.000,0.004,1.000,0.000,1.000,0.534,0.468,0.540,0.458,0.016,1.000,0.688,0.320,0.682,0.326,0.014,1.000,0.328,0.684
1791273817,4836.1,16.0823,16.0103,0.0720,0.0720,15,1,4,0.014,1.000,0.006,1.000,0.380,0.628,0.000,1.000,0.024,1.000,0.436,0.568,0.444,0.558,0.002,1.000,0.852,0.150,0.404,0.600,0.264,0.738,0.006,1.000,0.756,0.250,1.000,0.002,0.014,1.002,0.000,1.000
1791273822,4841.1,16.0902,15.9962,0.0940,0.0940,16,1,1,0.010,0.998,0.008,1.000,0.000,0.998,0.000,1.000,0.438,0.574,1.000,0.010,0.358,0.646,0.004,1.000,0.408,0.598,0.612,0.390,0.998,0.012,0.670,0.334,0.884,0.122,0.524,0.476,0.004,1.000,0.174,0.836
1791273827,4846.1,16.0917,16.0057,0.0860,0.0860,6,1,0,0.194,0.812,0.002,1.000,0.224,0.778,0.590,0.412,1.002,0.014,0.802,0.210,0.446,0.556,0.848,0.154,0.352,0.650,0.344,0.658,1.002,0.010,0.140,0.862,1.000,0.002,0.000,1.002,0.000,1.000,1.002,0.020
1791273832,4851.1,16.0580,16.0020,0.0560,0.0560,6,1,0,0.372,0.630,0.000,1.000,0.602,0.398,0.804,0.196,0.576,0.438,0.964,0.042,0.756,0.244,0.360,0.648,0.048,0.950,0.004,1.000,1.000,0.000,0.018,1.000,0.930,0.074,0.878,0.126,0.884,0.118,0.652,0.358
1791273837,4856.1,16.0864,16.0124,0.0740,0.0740,13,1,3,0.018,1.000,0.002,1.002,0.980,0.020,0.632,0.372,0.442,0.568,0.002,1.000,0.002,0.998,0.010,0.998,0.552,0.450,0.862,0.142,1.000,0.002,0.014,1.000,0.002,0.998,0.128,0.870,0.120,0.878,1.000,0.018
1791273842,4861.1,16.0541,16.0001,0.0540,0.0540,15,1,1,0.002,0.998,0.714,0.288,0.228,0.774,0.772,0.226,0.576,0.438,0.002,1.000,0.446,0.556,0.006,1.000,0.452,0.550,0.998,0.002,1.000,0.000,0.006,1.000,0.002,1.000,0.404,0.600,0.002,1.000,1.000,0.012
1791273847,4866.1,16.1021,16.0061,0.0960,0.0960,13,1,0,0.022,1.002,0.406,0.598,0.974,0.030,0.032,0.972,0.012,1.002,0.642,0.362,1.002,0.000,0.006,1.002,1.000,0.008,1.000,0.002,0.888,0.126,0.674,0.332,0.004,1.002,0.876,0.124,0.486,0.516,0.700,0.308
1791273852,4871.1,16.0662,16.0102,0.0560,0.0560,17,1,2,0.210,0.804,0.610,0.394,0.936,0.068,0.974,0.028,0.010,1.000,0.830,0.170,0.604,0.398,0.012,1.000,1.000,0.010,0.802,0.202,0.408,0.598,0.934,0.066,0.278,0.724,1.002,0.002,1.000,0.004,0.694,0.310
1791273857,4876.1,16.1104,16.0164,0.0940,0.0940,15,1,3,0.090,0.932,1.000,0.002,0.998,0.004,0.002,1.000,0.052,0.966,0.926,0.078,0.358,0.642,0.008,1.000,0.748,0.260,1.000,0.004,0.024,1.000,0.076,0.926,0.514,0.490,0.926,0.072,1.002,0.000,0.878,0.130
1791273862,4881.1,16.0883,15.9943,0.0940,0.0940,8,1,1,0.034,1.000,1.000,0.002,1.000,0.004,0.828,0.170,0.212,0.800,0.254,0.746,0.000,1.002,0.010,1.000,0.000,1.000,1.000,0.012,0.468,0.540,0.068,0.932,0.000,1.000,0.404,0.598,0.998,0.002,0.912,0.090
1791273867,4886.2,16.0878,16.0238,0.0640,0.0640,6,1,0,0.294,0.726,0.596,0.406,1.000,0.002,0.178,0.826,0.050,0.962,0.000,1.000,0.008,0.992,0.654,0.350,0.858,0.154,0.552,0.458,0.540,0.474,1.000,0.000,0.038,0.968,0.002,1.002,0.606,0.398,0.616,0.388
1791273872,4891.2,16.0864,15.9984,0.0880,0.0880,13,1,0,0.694,0.324,0.300,0.700,0.210,0.792,0.002,1.000,0.408,0.606,0.492,0.508,0.034,0.968,0.156,0.846,0.998,0.012,0.464,0.554,0.958,0.048,0.334,0.666,0.002,1.000,0.000,1.000,1.000,0.000,1.000,0.004
1791273877,4896.2,16.1103,16.0083,0.1020,0.1020,13,1,3,0.398,0.634,0.830,0.174,1.000,0.002,0.630,0.374,0.608,0.404,0.646,0.360,0.002,1.000,0.220,0.780,1.002,0.010,1.000,0.008,1.000,0.024,0.608,0.400,0.274,0.728,0.478,0.522,0.540,0.462,1.000,0.006
1791273882,4901.2,16.1001,16.0021,0.0980,0.0980,15,1,1,0.092,0.924,0.900,0.112,0.776,0.224,0.970,0.032,0.766,0.244,0.560,0.440,0.488,0.512,1.000,0.002,0.546,0.456,0.946,0.070,1.000,0.008,0.018,1.002,1.002,0.002,0.726,0.276,1.002,0.002,0.912,0.092
1791273887,4906.2,16.0924,16.0124,0.0800,0.0800,6,1,0,0.378,0.640,0.002,0.998,0.000,1.000,0.004,1.000,0.248,0.766,0.000,1.000,0.002,1.002,0.602,0.396,0.628,0.374,0.784,0.224,1.000,0.002,0.026,1.000,0.998,0.002,0.258,0.744,1.000,0.004,0.920,0.086
1791273892,4911.2,16.0840,16.0080,0.0760,0.0760,7,1,0,0.110,0.916,0.004,1.002,0.014,0.992,0.632,0.372,0.380,0.640,0.000,1.000,0.046,0.952,0.954,0.046,0.004,1.000,0.460,0.548,0.940,0.064,0.276,0.736,1.000,0.004,0.000,1.000,1.000,0.000,0.586,0.418
1791273897,4916.2,16.1081,16.0121,0.0960,0.0960,13,1,3,0.150,0.880,0.038,0.962,0.032,0.972,1.000,0.002,0.012,1.000,0.006,1.002,0.960,0.042,0.452,0.550,0.506,0.498,0.464,0.546,0.006,1.000,0.804,0.212,1.002,0.014,0.000,1.002,1.000,0.002,0.730,0.270
1791273902,4921.2,16.0682,15.9982,0.0700,0.0700,15,1,1,0.088,0.920,0.584,0.418,0.974,0.024,0.998,0.002,0.014,1.002,0.002,0.998,0.800,0.198,1.002,0.000,0.912,0.094,1.000,0.010,0.866,0.140,0.602,0.398,0.334,0.678,0.006,1.000,1.000,0.004,1.000,0.000
1791273907,4926.2,16.1062,16.0082,0.0980,0.0980,14,1,0,0.408,0.612,0.636,0.364,0.830,0.176,0.974,0.030,0.036,0.978,0.000,1.002,0.036,0.968,0.800,0.202,0.688,0.318,0.944,0.070,1.000,0.006,0.916,0.084,0.016,1.000,0.292,0.716,0.916,0.098,0.604,0.398
1791273912,4931.2,16.0760,16.0101,0.0660,0.0660,15,1,2,0.016,0.998,1.000,0.000,0.750,0.252,0.038,0.960,0.838,0.176,0.642,0.356,0.000,1.000,0.998,0.004,1.002,0.006,0.664,0.338,0.998,0.000,0.998,0.000,0.010,1.000,0.128,0.880,0.016,1.000,0.998,0.004
1791273917,4936.2,16.1442,15.9982,0.1460,0.1460,15,1,3,0.056,1.000,0.986,0.022,0.996,0.008,0.004,1.000,1.002,0.016,0.166,0.838,0.448,0.554,0.604,0.398,1.000,0.006,0.350,0.658,0.606,0.400,1.002,0.002,0.244,0.770,0.290,0.720,0.290,0.714,1.000,0.004
1791273922,4941.2,16.0718,16.0138,0.0580,0.0580,8,1,1,0.020,0.994,0.006,0.994,0.966,0.034,0.034,0.966,0.998,0.014,0.770,0.232,0.000,1.000,0.356,0.646,0.858,0.146,0.466,0.538,0.540,0.462,0.534,0.470,0.008,1.000,1.000,0.012,1.000,0.002,0.520,0.492
1791273927,4946.2,16.0684,16.0044,0.0640,0.0640,7,1,0,0.088,0.934,0.910,0.092,0.000,1.000,0.518,0.484,1.002,0.014,0.998,0.002,0.046,0.952,0.608,0.390,0.550,0.454,0.338,0.664,0.670,0.332,0.000,1.000,0.010,1.000,1.000,0.010,0.114,0.884,0.292,0.710
1791273932,4951.2,16.1040,16.0000,0.1040,0.1040,13,1,0,0.016,1.000,0.020,1.000,0.428,0.574,0.630,0.370,0.962,0.050,1.002,0.000,1.000,0.000,0.306,0.696,0.908,0.100,0.004,1.002,1.000,0.004,0.000,1.000,0.210,0.796,1.000,0.014,0.002,1.002,0.918,0.108
1791273937,4956.2,16.1042,16.0203,0.0840,0.0840,12,1,3,0.032,0.998,0.006,1.002,0.778,0.226,0.968,0.036,0.052,0.962,0.758,0.242,1.000,0.000,0.348,0.650,0.840,0.164,0.072,0.934,1.002,0.004,0.474,0.530,0.012,1.000,0.126,0.876,0.888,0.112,0.298,0.706
1791273942,4961.2,16.1064,16.0024,0.1040,0.1040,16,1,1,0.040,0.992,0.216,0.786,0.002,1.000,0.002,1.000,0.998,0.012,0.776,0.230,1.002,0.000,0.000,1.002,0.828,0.180,0.392,0.620,0.734,0.268,0.128,0.870,0.012,1.000,0.302,0.720,1.000,0.000,0.908,0.094
1791273947,4966.2,16.0653,16.0093,0.0560,0.0560,6,1,0,0.008,1.000,0.034,0.972,0.000,1.000,0.430,0.572,1.002,0.014,1.000,0.002,0.998,0.000,0.162,0.838,0.784,0.220,0.266,0.740,0.958,0.042,0.002,1.002,0.282,0.722,0.920,0.092,0.518,0.482,0.598,0.406
1791273952,4971.2,16.1187,16.0287,0.0900,0.0900,6,1,0,0.054,0.982,0.780,0.244,0.436,0.566,0.810,0.194,1.000,0.012,0.998,0.002,0.354,0.646,0.606,0.396,0.602,0.404,0.742,0.262,0.410,0.600,0.672,0.328,0.728,0.276,0.692,0.324,0.690,0.312,0.406,0.596
1791273957,4976.2,16.1101,15.9902,0.1200,0.1200,13,1,3,0.422,0.614,0.632,0.380,1.000,0.004,0.770,0.230,0.570,0.444,1.000,0.002,0.008,1.002,0.000,1.002,0.668,0.334,0.004,1.000,0.544,0.466,0.940,0.062,0.078,0.922,0.526,0.486,1.000,0.000,1.000,0.000
1791273962,4981.2,16.0641,15.9961,0.0680,0.0680,15,1,1,0.214,0.796,0.780,0.224,0.200,0.800,0.634,0.364,0.648,0.366,0.762,0.242,0.002,0.998,0.008,0.992,0.998,0.006,0.662,0.340,0.016,1.000,0.998,0.000,1.000,0.004,0.012,1.000,1.000,0.004,1.000,0.002
1791273967,4986.2,16.1313,16.0294,0.1020,0.1020,15,1,0,0.030,1.000,0.006,1.000,0.970,0.034,0.970,0.034,0.176,0.840,0.006,1.002,0.000,1.002,0.256,0.746,1.002,0.004,1.000,0.002,0.288,0.744,0.402,0.604,0.328,0.676,0.010,1.000,1.000,0.002,1.002,0.002
1791273972,4991.2,16.0800,16.0020,0.0780,0.0780,16,1,2,0.214,0.802,0.628,0.378,0.762,0.240,0.040,0.960,0.410,0.602,0.844,0.154,0.010,0.992,0.662,0.342,0.750,0.256,0.604,0.396,0.150,0.870,0.000,0.998,0.006,1.002,0.686,0.322,1.000,0.002,0.348,0.656
1791273977,4996.2,16.1221,16.0061,0.1160,0.1160,16,1,3,0.052,1.000,0.980,0.024,0.678,0.328,0.808,0.194,0.014,1.000,1.000,0.002,0.254,0.752,1.000,0.002,0.756,0.248,1.000,0.000,0.670,0.342,0.676,0.328,0.280,0.722,0.200,0.812,0.316,0.686,1.000,0.000
1791273982,5001.2,16.0898,15.9998,0.0900,0.0900,8,1,1,0.462,0.554,0.636,0.366,0.000,1.000,0.164,0.834,0.842,0.166,0.802,0.200,1.000,0.002,0.998,0.010,0.760,0.250,0.342,0.662,0.210,0.808,1.000,0.002,0.724,0.282,1.000,0.006,0.642,0.356,1.000,0.000
1791273987,5006.2,16.1240,16.0200,0.1040,0.1040,6,1,0,0.130,0.918,0.604,0.398,0.028,0.976,0.000,1.002,1.002,0.014,0.804,0.200,1.002,0.000,0.152,0.854,0.880,0.130,0.012,1.002,0.976,0.036,1.000,0.000,0.000,1.002,0.126,0.882,1.002,0.000,1.000,0.000
1791273992,5011.2,16.0763,16.0024,0.0740,0.0740,13,1,0,0.592,0.416,0.398,0.610,0.546,0.458,0.438,0.562,0.766,0.252,0.154,0.844,1.000,0.002,0.600,0.398,0.794,0.212,0.014,0.998,0.724,0.282,0.334,0.674,0.006,1.000,0.008,1.000,1.000,0.004,1.000,0.002
1791273997,5016.2,16.1199,15.9940,0.1260,0.1260,13,1,3,0.036,1.002,1.000,0.028,0.402,0.600,1.000,0.002,0.208,0.804,0.006,1.000,1.000,0.000,0.054,0.946,0.726,0.278,0.608,0.404,0.334,0.672,0.000,1.000,0.002,0.998,0.288,0.726,0.114,0.886,0.710,0.290
1791274002,5021.2,16.1131,16.0291,0.0840,0.0840,15,1,1,0.420,0.588,1.000,0.018,0.004,1.000,0.570,0.434,0.828,0.188,0.444,0.562,0.202,0.802,0.960,0.042,0.946,0.064,0.956,0.062,0.072,0.932,0.000,1.000,0.000,1.002,1.000,0.014,0.294,0.710,0.002,1.000
1791274007,5026.2,16.0583,16.0043,0.0540,0.0540,6,1,0,0.006,1.002,1.002,0.010,0.052,0.950,0.434,0.566,0.412,0.596,0.604,0.398,1.000,0.000,0.348,0.654,0.966,0.038,0.662,0.342,0.532,0.468,0.000,1.000,0.002,1.000,1.000,0.012,0.110,0.890,0.896,0.106
1791274012,5031.2,16.0823,16.0003,0.0820,0.0820,6,1,0,0.018,0.998,0.774,0.240,0.000,1.002,1.000,0.002,1.000,0.012,1.002,0.000,1.000,0.002,0.456,0.546,0.508,0.496,0.538,0.476,0.752,0.254,0.404,0.598,0.078,0.920,1.000,0.006,0.892,0.114,0.504,0.494
1791274017,5036.2,16.0762,15.9962,0.0800,0.0800,13,1,3,0.148,0.858,0.830,0.174,0.008,0.998,0.174,0.834,0.408,0.608,0.998,0.000,1.000,0.000,1.000,0.002,0.636,0.368,0.006,1.000,0.018,0.988,0.000,1.000,0.002,1.000,1.000,0.008,0.512,0.492,0.894,0.112
1791274022,5041.2,16.0842,16.0122,0.0720,0.0720,15,1,1,0.008,1.002,0.974,0.024,0.004,1.000,0.248,0.766,0.760,0.250,0.556,0.448,0.552,0.448,1.000,0.002,1.002,0.004,0.016,1.000,0.002,0.998,0.002,1.002,0.000,1.002,1.002,0.012,0.890,0.112,0.906,0.100
1791274027,5046.2,16.1016,16.0177,0.0840,0.0840,14,1,0,0.108,0.904,0.018,1.000,0.008,1.000,0.998,0.004,0.452,0.562,0.848,0.164,0.284,0.718,1.000,0.000,1.000,0.004,0.004,1.002,0.004,1.002,0.078,0.924,0.000,1.000,0.980,0.026,0.908,0.100,0.898,0.104
1791274032,5051.2,16.0811,16.0071,0.0740,0.0740,15,1,2,0.012,1.000,0.604,0.400,0.632,0.374,1.000,0.004,1.000,0.014,0.558,0.450,0.770,0.232,1.000,0.000,0.826,0.178,0.672,0.342,0.470,0.530,0.558,0.442,0.004,0.998,0.006,1.000,0.702,0.308,1.000,0.000
1791274037,5056.2,16.1220,16.0021,0.1200,0.1200,15,1,3,0.056,1.000,0.018,0.984,0.772,0.228,1.002,0.000,0.958,0.058,0.220,0.796,1.000,0.002,0.944,0.056,0.854,0.154,1.002,0.002,0.934,0.072,0.686,0.326,0.000,1.002,0.004,1.002,0.998,0.000,0.998,0.000
1791274042,5061.2,16.1042,16.0102,0.0940,0.0940,9,1,1,0.028,1.002,0.176,0.824,0.000,1.002,0.170,0.828,0.016,1.000,0.852,0.160,1.000,0.006,0.250,0.752,0.954,0.046,1.000,0.004,0.478,0.526,0.742,0.278,0.000,1.000,0.014,0.992,1.002,0.004,0.222,0.782
1791274047,5066.2,16.1999,16.0099,0.1900,0.1900,28,1,6,0.232,0.782,0.010,1.000,0.048,0.956,0.268,0.764,0.254,0.758,1.000,0.014,0.446,0.556,0.152,0.852,1.002,0.008,0.998,0.002,0.730,0.272,0.006,0.998,0.006,1.000,0.294,0.712,0.912,0.164,0.496,0.510
1791274052,5071.2,16.0687,16.0087,0.0600,0.0600,13,1,0,0.020,0.998,0.002,1.000,0.648,0.350,0.784,0.216,0.212,0.804,0.806,0.206,0.152,0.848,0.000,0.998,0.938,0.064,1.000,0.002,0.004,1.002,0.008,1.000,0.002,1.000,1.000,0.002,0.098,0.906,0.846,0.156
1791274057,5076.2,16.1101,15.9962,0.1140,0.1140,15,1,3,0.018,1.000,0.024,0.988,0.612,0.394,0.566,0.434,1.002,0.012,0.362,0.648,0.000,1.000,0.658,0.344,0.876,0.132,0.138,0.864,0.004,1.002,0.294,0.726,0.002,1.002,0.714,0.286,1.002,0.010,0.708,0.296
1791274062,5081.2,16.0923,16.0044,0.0880,0.0880,15,1,1,0.038,1.002,0.028,0.974,0.386,0.616,0.002,1.000,0.998,0.018,0.006,1.000,0.456,0.546,1.000,0.002,0.808,0.198,0.606,0.394,0.602,0.398,0.390,0.614,0.282,0.718,0.000,1.000,1.000,0.010,0.100,0.902
1791274067,5086.2,16.1598,16.0078,0.1520,0.1520,7,1,0,0.022,0.992,0.434,0.568,0.164,0.848,0.446,0.564,0.184,0.836,0.026,1.000,0.750,0.260,1.002,0.002,0.992,0.014,0.002,1.000,0.002,1.000,0.016,1.000,0.122,0.878,0.006,1.000,0.516,0.512,0.730,0.280
1791274072,5091.2,16.0798,16.0138,0.0660,0.0660,6,1,0,0.420,0.598,0.574,0.428,0.834,0.166,0.564,0.438,0.012,1.002,0.056,0.950,0.036,0.968,0.946,0.054,0.782,0.224,0.472,0.528,0.474,0.532,0.004,1.000,0.006,1.002,0.490,0.512,0.006,1.000,0.708,0.292
1791274077,5096.2,13.4870,13.4370,0.0500,0.0500,14,1,3,0.280,0.580,0.360,0.470,0.832,0.004,0.002,0.832,0.050,0.802,0.840,0.000,0.682,0.164,0.004,0.832,0.834,0.020,0.582,0.258,0.326,0.512,0.058,0.798,0.004,0.834,0.844,0.002,0.410,0.430,0.496,0.346
